Crash Severity Description,Reportnumber,Agencyname,CollisionImpact Description,Crash County Description,FunctionalClass Description,ImpairedCrash,Large Vehicle Involved,Motorcycle Crash,Non-Motorist Crash,OffRoad,RoadName,Route Number,RouteType Description,Unrestrained Occupants,WithinDateRange,Work Zone Related,Crashdate,Work Zone Crash,CrashPoint,Latitude,Longitude,AgencyCode,CollisionImpact,Crash County,Crash Severity,Crash Within Interchange,Crashhour,CrashInterchangeApproaches,Crashtime,CrashYear,Dayofweek,FirstHarmEvent,FirstHarmEvent Description,FirstHarmLocation,FirstHarmLocation Description,FunctionalClass,Geometry Description,GovPropertyDamage,GovPropertyDamage Description,IntersectingRoadName,Intersection Geometry,JunctionRelated,JunctionRelated Description,Light,Light Description,LOD Crash Date,LOD Date Level,MilepointDirection,MilepointDistance,MilepointUnits,NonTrafficFatal,OffroadLocation,OffroadLocation Description,RoadID,RouteType,SchoolBusRelated,SchoolBusRelated Description,SecondHarmEvent,SecondHarmEvent Description,SecondHarmLocation,SecondHarmLocation Description,Surface,Surface Description,TrafficControl,Trafficcontrol Description,WZLawEnforcementPresent,WZLocation,WZLocation Description,WZType,WZType Description,WZWorkersPresent
Property Damage Crashes,MSP6582016F,Maryland State Police,Angle,Prince George's,Principal Arterial – Other,No,No,No,No,No,CENTRAL AVE (WB/L),214,MARYLAND ROUTE,No,True,No,5/2/2025,No,Point,38.899113333,-76.799691667,MSP,01,16,03,No,13,,13:14,2025,Friday,12,Motor Vehicle In Transport,05,On Roadway,3,,,,,,09,Through Roadway,01,Daylight,5/2/2025,2025-05-02,S,28.66,F,N,,,29CC899DE5D74EF381251BD2570EBA1C083895955E5B9D95AD51670057D57669,MD,01,No,,,,,01,Dry,,,,,,,,
Property Damage Crashes,DA38190056,Prince George's County Police,Other,Prince George's,Minor Arterial,No,No,No,No,No,BALTIMORE AVE,1,UNITED STATE ROUTE,No,True,No,4/4/2025,No,Point,38.943871653,-76.941043372,PGCOPD,98,16,03,Yes,17,02,17:47,2025,Friday,12,Motor Vehicle In Transport,05,On Roadway,4,Perpendicular,,,TANGLEWOOD DR,03,05,Intersection or Related,01,Daylight,4/4/2025,2025-04-04,W,0,F,N,,,14487D88B849222B9F510B7D71413566CDCE01147283951BEB2F8DE4478A6985,US,01,No,35,"Other Fixed Object (wall, building, tunnel, etc.)",05,On Roadway,01,Dry,05,No Controls,,,,,,
Property Damage Crashes,MSP75140073,Maryland State Police,Front to Rear,Prince George's,Interstate,No,No,No,No,No,CAPITAL BELTWAY,95,INTERSTATE ROUTE,No,True,No,1/15/2025,No,Point,38.988262213,-76.882785510,MSP,03,16,03,No,7,,07:46,2025,Wednesday,12,Motor Vehicle In Transport,05,On Roadway,1,,,,,,06,Non-Junction,01,Daylight,1/15/2025,2025-01-15,S,28.17,F,N,,,C3C2F32F84BD835AB789E0EE319A6AD5BFFEDC8CA9CE113FB8A5433A69EE4F76,IS,01,No,,,,,01,Dry,,,,,,,,
Property Damage Crashes,MSP77650079,Maryland State Police,Front to Rear,Prince George's,Principal Arterial – Other,No,No,No,No,No,BRANCH AVE (SB/L),5,MARYLAND ROUTE,No,True,No,4/4/2025,No,Point,38.6940355,-76.872183333,MSP,03,16,03,No,14,,14:21,2025,Friday,12,Motor Vehicle In Transport,05,On Roadway,3,,,,,,09,Through Roadway,01,Daylight,4/4/2025,2025-04-04,N,30.28,F,N,,,2CFC9C7AB86F2FBACF6A177311808A5784B73DBA609510A86AA4B98905C3E444,MD,01,No,,,,,01,Dry,,,,,,,,
Property Damage Crashes,DA4308004H,Prince George's County Police,Other,Prince George's,Local,No,No,No,No,No,CHERRYFIELD RD,4732,COUNTY ROAD,No,True,No,3/23/2025,No,Point,38.800850236,-76.942088143,PGCOPD,98,16,03,Yes,21,04,21:52,2025,Sunday,12,Motor Vehicle In Transport,05,On Roadway,7,Perpendicular,,,BRINKLEY RD ROBERTS DR,03,05,Intersection or Related,03,Dark - Lighted,3/23/2025,2025-03-23,S,0,F,N,,,8E302F83494BDE24F0433F7FBE50E2CAD0D59BC55F0C2C926CFDD2C4B33DE5DB,CO,01,No,,,,,01,Dry,01,Signalized,,,,,,
Property Damage Crashes,BW02110018,Greenbelt Police Department,"Sideswipe, Same Direction",Prince George's,,No,No,No,No,Yes,,,,No,True,No,4/30/2025,No,Point,38.992832690,-76.877460237,GREENBELT,07,16,03,,15,,15:18,2025,Wednesday,15,Parked Vehicle,02,In Parking Lane Or Zone,,,,,,,,,01,Daylight,4/30/2025,2025-04-30,,,F,N,101,Parking Aisle,,,01,No,12,Motor Vehicle In Transport,02,In Parking Lane Or Zone,,,,,,,,,,
Property Damage Crashes,CNC31850017,New Carrollton Police Department,"Sideswipe, Same Direction",Prince George's,Minor Collector,No,No,No,No,No,LAMONT DR,260,MUNICIPAL ROAD,No,True,No,4/17/2025,No,Point,38.972846378,-76.880946753,NCPD,07,16,03,No,19,,19:24,2025,Thursday,12,Motor Vehicle In Transport,05,On Roadway,6,,,,,,06,Non-Junction,01,Daylight,4/17/2025,2025-04-17,S,13.67,F,N,,,01813467C927A7C221F6B6A9126215C7EC35BBAAEDC4D0236FCB6FE45EA3DDF3,MU,01,No,,,,,01,Dry,,,,,,,,
Property Damage Crashes,MSP7875004N,Maryland State Police,Front to Rear,Prince George's,Interstate,No,No,No,No,No,CAPITAL BELTWAY,95,INTERSTATE ROUTE,No,True,No,5/22/2025,No,Point,38.897183613,-76.848755682,MSP,03,16,03,No,9,,09:29,2025,Thursday,12,Motor Vehicle In Transport,05,On Roadway,1,,,,,,06,Non-Junction,01,Daylight,5/22/2025,2025-05-22,S,45.64,F,N,,,9C81DC9896E5DB0E3836612C85B3CA1DFF00D9A625197AD92E0809DCD196F119,IS,01,No,,,,,09,Wet,,,,,,,,
Property Damage Crashes,DA3133003B,Prince George's County Police,Front to Rear,Prince George's,,No,No,No,No,No,KINGSFORD ES ENT,1759,PRIVATE ROAD,No,True,No,2/25/2025,No,Point,38.907766538,-76.797567295,PGCOPD,03,16,03,No,10,,10:15,2025,Tuesday,12,Motor Vehicle In Transport,02,In Parking Lane Or Zone,,,,,,,03,Driveway Access or Related,01,Daylight,2/25/2025,2025-02-25,N,6.35,F,N,,,B3E3F5551E53C3855207ACB3338A20C808DDCB491A0B44CE25F9B247EF2CF562,PV,01,No,,,,,01,Dry,,,,,,,,
Injury Crashes,RD01270072,Riverdale Park Police Department,Angle,Prince George's,Principal Arterial – Other,No,Yes,No,No,No,EAST WEST HWY,410,MARYLAND ROUTE,No,True,No,4/7/2025,No,Point,38.960370746,-76.919810932,RIVERDALE,01,16,02,Yes,9,04,09:07,2025,Monday,12,Motor Vehicle In Transport,05,On Roadway,3,Perpendicular,,,KENILWORTH AVE,03,05,Intersection or Related,01,Daylight,4/7/2025,2025-04-07,W,0,F,N,,,A787CBE8FD8C9D1CBB7A75724BB6CD061E6379CA5CAC789494D31C9C4D441F3F,MD,01,No,,,,,09,Wet,01,Signalized,,,,,,
Property Damage Crashes,DA4052002B,Prince George's County Police,Single Vehicle,Prince George's,Local,No,Yes,No,No,No,SPRING HOLLY DR,2462,COUNTY ROAD,Yes,True,No,5/12/2025,No,Point,38.863747535,-76.904823629,PGCOPD,101,16,03,No,15,,15:01,2025,Monday,13,Other Non-Fixed Object,08,Outside Road/Right-Of-Way,7,,,,,,06,Non-Junction,01,Daylight,5/12/2025,2025-05-12,S,1.03,F,N,,,B4276A8469B787EF58B302C71DA2E8C720482C874A03505293108B77E8F6DACE,CO,02,"Yes, School Bus Directly Involved",,,,,01,Dry,,,,,,,,
Injury Crashes,DA24510006,Prince George's County Police,Single Vehicle,Prince George's,Principal Arterial – Other,Yes,No,No,No,No,GLENN DALE BLVD,193,MARYLAND ROUTE,No,True,No,4/13/2025,No,Point,38.971429454,-76.797804131,PGCOPD,101,16,02,No,4,,04:40,2025,Sunday,28,Ditch,01,Gore,3,,,,,,06,Non-Junction,04,Dark - Not Lighted,4/13/2025,2025-04-13,N,28.88,F,N,,,B9A6F3B4318FC5AD3E57C292BB2F75F91AAED10FE71BE799D18A41E217A94D48,MD,01,No,40,Tree (standing),07,"On Shoulder, Right Side",01,Dry,,,,,,,,
Property Damage Crashes,HB05150006,Maryland-National Capital Park Police Prince George's County,Front to Rear,Prince George's,,No,Yes,No,No,Yes,,,,No,True,No,1/7/2025,No,Point,38.788546064,-76.971812667,PGPARK,03,16,03,,13,,13:15,2025,Tuesday,12,Motor Vehicle In Transport,04,"Off-Roadway, Location Unknown",,,,,,,,,01,Daylight,1/7/2025,2025-01-07,,,F,N,104,Service Road,,,01,No,,,,,,,,,,,,,,
Injury Crashes,DA3223004K,Prince George's County Police,Single Vehicle,Prince George's,Local,No,No,No,Yes,No,DANVILLE RD,222,COUNTY ROAD,No,True,No,4/17/2025,No,Point,38.698792867,-76.951277258,PGCOPD,101,16,02,No,13,,13:35,2025,Thursday,17,Pedestrian,09,Roadside,7,,,,,,06,Non-Junction,01,Daylight,4/17/2025,2025-04-17,W,6.37,F,N,,,90A8815F50EAE6AEB365E0BD5F4D4AAA813BB8B7E27BB11B012B759DB138BD5A,CO,01,No,,,,,01,Dry,,,,,,,,
Property Damage Crashes,DA4428000Z,Prince George's County Police,"Sideswipe, Opposite Direction",Prince George's,Major Collector,No,No,No,No,No,PRINCESS GARDEN PKWY,300,COUNTY ROAD,No,True,No,4/23/2025,No,Point,38.962014901,-76.863524082,PGCOPD,06,16,03,No,15,,15:11,2025,Wednesday,12,Motor Vehicle In Transport,05,On Roadway,5,,,,,,09,Through Roadway,01,Daylight,4/23/2025,2025-04-23,W,28.84,F,N,,,369B4F34A1FEE0C3A5D2133B83732FC682C0DC7A545FA756591EA16EBDEFE682,CO,01,No,,,,,01,Dry,,,,,,,,
Property Damage Crashes,AM0342008G,Bladensburg Police Department,Single Vehicle,Prince George's,Principal Arterial – Other,Yes,No,No,No,No,ANNAPOLIS RD,450,MARYLAND ROUTE,No,True,No,1/5/2025,No,Point,38.939650704,-76.930047889,BLADENSBURG,101,16,03,No,2,,02:38,2025,Sunday,27,Curb,09,Roadside,3,,101,State,,,06,Non-Junction,03,Dark - Lighted,1/5/2025,2025-01-05,E,84.18,F,N,,,8C66D8B53775034C227DC3BECB0EDE95AC0C10EBA7996961435413C040CD5D43,MD,01,No,,,,,01,Dry,,,,,,,,
Property Damage Crashes,CC03020017,Hyattsville Police Department,"Sideswipe, Same Direction",Prince George's,Local,No,No,No,No,No,43RD ST #1,9436,MUNICIPAL ROAD,No,True,No,4/30/2025,No,Point,38.961119846,-76.942815958,HYATTSVILLE,07,16,03,No,18,,18:30,2025,Wednesday,12,Motor Vehicle In Transport,05,On Roadway,7,,,,,,06,Non-Junction,01,Daylight,4/30/2025,2025-04-30,N,12.8,F,N,,,81C8D7711BA76AF8210C34A5658C8223340E0B044ECCB970C0217FD412B3BB9E,MU,01,No,15,Parked Vehicle,05,On Roadway,01,Dry,,,,,,,,
Property Damage Crashes,DA351500CT,Prince George's County Police,"Sideswipe, Same Direction",Prince George's,Minor Arterial,No,No,No,No,No,,564,MARYLAND ROUTE,No,True,No,2/5/2025,No,Point,38.978448734,-76.835241387,PGCOPD,07,16,03,No,18,,18:34,2025,Wednesday,12,Motor Vehicle In Transport,05,On Roadway,4,,,,,,06,Non-Junction,03,Dark - Lighted,2/5/2025,2025-02-05,N,12.3,F,N,,,A5BE6A44911B9CC86D5CA0E3A831EE6282265DAFD4CDBE64B03B9A236AA63F8F,MD,01,No,12,Motor Vehicle In Transport,05,On Roadway,01,Dry,,,,,,,,
Property Damage Crashes,DA3428006Z,Prince George's County Police,Front to Rear,Prince George's,Minor Arterial,No,No,No,No,No,OLD ALEXANDRIA FERRY RD,558,COUNTY ROAD,No,True,No,5/22/2025,No,Point,38.780638030,-76.876506207,PGCOPD,03,16,03,Yes,17,03,17:28,2025,Thursday,12,Motor Vehicle In Transport,05,On Roadway,4,Perpendicular,,,HIGHLAND MEADOWS DR,03,05,Intersection or Related,01,Daylight,5/22/2025,2025-05-22,N,0,F,N,,,EB573F6759EE812A4B9B70B1DDD2A2670D14CFE82F13AC359DC0212D7EF2DC6B,CO,01,No,,,,,09,Wet,05,No Controls,,,,,,
Property Damage Crashes,DA3476004L,Prince George's County Police,Front to Rear,Prince George's,Principal Arterial – Other,No,No,No,No,No,UNIVERSITY BLVD,193,MARYLAND ROUTE,No,True,No,1/18/2025,No,Point,38.999922820,-76.943631030,PGCOPD,03,16,03,No,18,,18:30,2025,Saturday,12,Motor Vehicle In Transport,05,On Roadway,3,,,,,,09,Through Roadway,03,Dark - Lighted,1/18/2025,2025-01-18,E,33.41,F,N,,,90F4DC6C73A9E2CAABECAB9923F5BC9B4810B82375BD120B08D724C0D59798A4,MD,01,No,,,,,01,Dry,,,,,,,,
Injury Crashes,MSP7764008D,Maryland State Police,Front to Rear,Prince George's,Interstate,No,No,No,No,No,CAPITAL BELTWAY,95,INTERSTATE ROUTE,No,True,No,3/22/2025,No,Point,38.988375,-76.882795,MSP,03,16,02,No,20,,20:24,2025,Saturday,12,Motor Vehicle In Transport,05,On Roadway,1,,,,,,06,Non-Junction,04,Dark - Not Lighted,3/22/2025,2025-03-22,S,41.5,F,N,,,A6C8DC3284FE7E08B3FBF8D7F1B618E6F9CD50ABD48934B19432625DB7D3FC1B,IS,01,No,,,,,01,Dry,,,,,,,,
Property Damage Crashes,DA42780071,Prince George's County Police,Front to Rear,Prince George's,Major Collector,No,No,No,No,No,GLENN DALE RD,953,MARYLAND ROUTE,No,True,No,4/13/2025,No,Point,38.962115875,-76.813548169,PGCOPD,03,16,03,No,16,04,16:40,2025,Sunday,12,Motor Vehicle In Transport,05,On Roadway,5,Perpendicular,,,NO NAME,03,05,Intersection or Related,01,Daylight,4/13/2025,2025-04-13,N,0,F,N,,,E135A515D76E7330D4BCBCE2DF2012B8AACBC857D3BCC989BED6413424C4B847,MD,01,No,,,,,01,Dry,05,No Controls,,,,,,
Property Damage Crashes,DA33720043,Prince George's County Police,Front to Rear,Prince George's,,No,No,No,No,Yes,,,,No,True,No,4/13/2025,No,Point,38.757018569,-76.994289080,PGCOPD,03,16,03,,3,,03:02,2025,Sunday,12,Motor Vehicle In Transport,02,In Parking Lane Or Zone,,,,,,,,,03,Dark - Lighted,4/13/2025,2025-04-13,,,F,N,106,Driveway,,,01,No,,,,,,,,,,,,,,
Injury Crashes,DA44250007,Prince George's County Police,Front to Rear,Prince George's,Minor Arterial,No,No,No,No,No,ARENA DR,202,MARYLAND ROUTE,Yes,True,No,2/14/2025,No,Point,38.907183923,-76.851261330,PGCOPD,03,16,02,No,23,,23:15,2025,Friday,12,Motor Vehicle In Transport,05,On Roadway,4,,,,,,99,Unknown,03,Dark - Lighted,2/14/2025,2025-02-14,N,6.59,F,N,,,127BB72AF775FBC6096E95F58785C856378DDB8928B8AD527F5505C182E9AB15,MD,01,No,,,,,01,Dry,,,,,,,,
Property Damage Crashes,DA419600D0,Prince George's County Police,Angle,Prince George's,,No,No,No,No,No,ALLENTOWN RD (SB/L),126,COUNTY ROAD,No,True,No,1/28/2025,No,Point,38.793585568,-76.927194123,PGCOPD,01,16,03,No,13,,13:12,2025,Tuesday,12,Motor Vehicle In Transport,05,On Roadway,,,,,,,99,Unknown,01,Daylight,1/28/2025,2025-01-28,S,6.44,F,N,,,4A45EA892DF788476DBC8D7F5AA8B1707E342FA85943B9564A0DDD56D3DB2D53,CO,01,No,,,,,01,Dry,,,,,,,,
Property Damage Crashes,DA42160043,Prince George's County Police,Front to Rear,Prince George's,Local,No,No,No,No,No,JOYCETON DR,4639,OTHER PUBLIC ROAD,No,True,No,4/8/2025,No,Point,38.894220750,-76.822756113,PGCOPD,03,16,03,No,17,,17:31,2025,Tuesday,12,Motor Vehicle In Transport,05,On Roadway,7,,,,,,01,Acceleration/Deceleration Lane,01,Daylight,4/8/2025,2025-04-08,E,30.4,F,N,,,BC6A7C703A6E1A157CBB83836BFB9F1A65B9B638FF07161CF21E6CEBDE27C0AB,OP,01,No,,,,,01,Dry,,,,,,,,
Property Damage Crashes,MSP7839004H,Maryland State Police,Front to Rear,Prince George's,Principal Arterial – Other Freeways and Expressways,No,No,No,No,No,PENNSYLVANIA AVE,4,MARYLAND ROUTE,No,True,No,4/20/2025,No,Point,38.837196667,-76.860903333,MSP,03,16,03,No,20,,20:58,2025,Sunday,12,Motor Vehicle In Transport,05,On Roadway,2,,,,,,06,Non-Junction,04,Dark - Not Lighted,4/20/2025,2025-04-20,S,23.44,F,N,,,83DA13C1D1B6FC5AD390BC069D09CFE331B0E2C5A927ACCAB124D760E32437B5,MD,01,No,,,,,01,Dry,,,,,,,,
Property Damage Crashes,CC0292002J,Hyattsville Police Department,Front to Front,Prince George's,Local,No,No,No,No,No,30TH AVE,9300,MUNICIPAL ROAD,No,True,No,1/1/2025,No,Point,38.961768534,-76.966481510,HYATTSVILLE,02,16,03,No,4,,04:29,2025,Wednesday,12,Motor Vehicle In Transport,01,Gore,7,,,,,,99,Unknown,05,Dark - Unknown Lighting,1/1/2025,2025-01-01,N,21.32,F,N,,,753667A38B1BA53385C48A1B79D45A1E4F9C99F416D44765C515B6055F812DAA,MU,01,No,,,,,09,Wet,,,,,,,,
Injury Crashes,DA4399000Z,Prince George's County Police,Front to Rear,Prince George's,Local,No,No,No,No,No,DREXEL ST,676,COUNTY ROAD,No,True,No,3/7/2025,No,Point,38.979123785,-76.975450756,PGCOPD,03,16,02,Yes,15,04,15:30,2025,Friday,12,Motor Vehicle In Transport,05,On Roadway,7,Perpendicular,,,HANNON ST,03,05,Intersection or Related,01,Daylight,3/7/2025,2025-03-07,S,0,F,N,,,6CB191C52BA871DB822CD692EDEDA20557170E467F809F9ACD163F2C8723267C,CO,01,No,,,,,01,Dry,03,Stop - Partial,,,,,,
Property Damage Crashes,DA4243009J,Prince George's County Police,Front to Rear,Prince George's,Minor Arterial,No,No,No,No,No,RITCHIE MARLBORO RD (SB/L),974,COUNTY ROAD,No,True,No,1/25/2025,No,Point,38.867288285,-76.838738723,PGCOPD,03,16,03,No,19,,19:19,2025,Saturday,12,Motor Vehicle In Transport,05,On Roadway,4,,,,,,09,Through Roadway,03,Dark - Lighted,1/25/2025,2025-01-25,E,37.22,F,N,,,05BB56C0C827FB3FD48FCFC02F9B8853097761518C37BFB2B1C9F54084590441,CO,01,No,,,,,01,Dry,,,,,,,,
Injury Crashes,MSP7764007G,Maryland State Police,Front to Rear,Prince George's,Interstate,No,No,No,No,No,CAPITAL BELTWAY (SB/L),95,INTERSTATE ROUTE,No,True,No,2/6/2025,No,Point,39.009305433,-76.901279433,MSP,03,16,02,No,5,,05:22,2025,Thursday,12,Motor Vehicle In Transport,05,On Roadway,1,,,,,,06,Non-Junction,03,Dark - Lighted,2/6/2025,2025-02-06,N,43.56,F,N,,,EB097D571C18003A22390A804EDBA20045AC4CDA12C2C460D317DE336FC73D62,IS,01,No,,,,,09,Wet,,,,,,,,
Property Damage Crashes,DA345600F3,Prince George's County Police,"Sideswipe, Opposite Direction",Prince George's,,No,Yes,No,No,No,,105,COUNTY ROAD,No,True,No,2/26/2025,No,Point,39.006719767,-76.970777076,PGCOPD,06,16,03,No,14,,14:10,2025,Wednesday,12,Motor Vehicle In Transport,05,On Roadway,,,,,,,06,Non-Junction,01,Daylight,2/26/2025,2025-02-26,N,18.56,F,N,,,72888A7EEA4A97CA6EC86834F7AAA56AD27AEDD059BAE725DE1DA6BF10D29DE4,CO,02,"Yes, School Bus Directly Involved",,,,,01,Dry,,,,,,,,
Property Damage Crashes,MSP757700H6,Maryland State Police,Single Vehicle,Prince George's,Interstate,No,No,No,No,No,CAPITAL BELTWAY,95,INTERSTATE ROUTE,No,True,No,1/17/2025,No,Point,38.999086367,-76.891863917,MSP,101,16,03,No,14,,14:04,2025,Friday,28,Ditch,03,Median,1,,,,,,09,Through Roadway,01,Daylight,1/17/2025,2025-01-17,E,28.61,F,N,,,E7FF8716C489A1964264F5252BCA70FACB9233037E297343475155BA64A8230B,IS,01,No,97,Not Applicable,,,01,Dry,,,,,,,,
Property Damage Crashes,MSP77870053,Maryland State Police,Single Vehicle,Prince George's,Interstate,Yes,No,No,No,No,RAMP 3 FR IS 495 EB TO IS 95X NB,95,RAMP,No,True,No,2/22/2025,No,Point,39.0189108,-76.956754333,MSP,101,16,03,Yes,2,,02:30,2025,Saturday,28,Ditch,01,Gore,1,,,,,,04,Entrance/Exit Ramp or Related,04,Dark - Not Lighted,2/22/2025,2025-02-22,N,39.89,F,N,,,1CAF384F04768B5734D2F13C0F0A82E66BD8864A12F1653EDD78DE5997FBF74E,RP,01,No,,,,,01,Dry,,,,,,,,
Property Damage Crashes,DA4427000H,Prince George's County Police,"Sideswipe, Same Direction",Prince George's,Principal Arterial – Other Freeways and Expressways,No,No,No,No,No,INDIAN HEAD HWY,210,MARYLAND ROUTE,No,True,No,3/10/2025,No,Point,38.725527415,-76.990210621,PGCOPD,07,16,03,No,10,,10:08,2025,Monday,12,Motor Vehicle In Transport,05,On Roadway,2,,,,LIVINGSTON RD,,06,Non-Junction,01,Daylight,3/10/2025,2025-03-10,E,84.34,F,N,,,87F6F0896AB43EDF716C6B8BBCC7BE81AA18A3BDC51816331A83A2217E1EA47D,MD,01,No,,,,,01,Dry,,,,,,,,
Property Damage Crashes,DA4356002T,Prince George's County Police,Angle,Prince George's,,No,No,No,No,No,,1048,PRIVATE ROAD,No,True,No,1/4/2025,No,Point,38.854923135,-76.939211767,PGCOPD,01,16,03,No,20,,20:15,2025,Saturday,12,Motor Vehicle In Transport,05,On Roadway,,,,,,,06,Non-Junction,04,Dark - Not Lighted,1/4/2025,2025-01-04,N,24.32,F,N,,,682D49DBF9DFE1CBEC2C9C40B1B81E4966EA546AA90C32455B01B44D07ECC059,PV,01,No,,,,,01,Dry,,,,,,,,
Property Damage Crashes,MSP657700F2,Maryland State Police,Front to Rear,Prince George's,Principal Arterial – Other Freeways and Expressways,No,No,No,No,No,JOHN HANSON HWY (WB/L),50,UNITED STATE ROUTE,No,True,No,4/21/2025,No,Point,38.920566667,-76.908613333,MSP,03,16,03,No,22,,22:18,2025,Monday,12,Motor Vehicle In Transport,05,On Roadway,2,,,,,,06,Non-Junction,03,Dark - Lighted,4/21/2025,2025-04-21,E,35.11,F,N,,,5B10A2F127E1DC78ED7434177CC6E90841A8B8A403D7320E5243FF6186419800,US,01,No,97,Not Applicable,,,01,Dry,,,,,,,,
Property Damage Crashes,CE4447006Y,Laurel Police Department,Front to Rear,Prince George's,Principal Arterial – Other,No,No,No,No,No,SANDY SPRING RD,198,MARYLAND ROUTE,No,True,No,5/24/2025,No,Point,39.101724332,-76.863370126,LAUREL,03,16,03,No,15,,15:27,2025,Saturday,12,Motor Vehicle In Transport,05,On Roadway,3,,,,,,06,Non-Junction,01,Daylight,5/24/2025,2025-05-24,W,131.25,F,N,,,4B51E548DC748C3FD226F5E21178EA9A66A62B393B2AEC0C6E45362B54A3FB21,MD,01,No,,,,,01,Dry,,,,,,,,
Property Damage Crashes,MSP744700P2,Maryland State Police,Single Vehicle,Prince George's,Principal Arterial – Other,No,No,No,No,No,CRAIN HWY (SB/L),301,UNITED STATE ROUTE,No,True,No,4/20/2025,No,Point,38.777847546,-76.799381920,MSP,101,16,03,No,23,,23:31,2025,Sunday,32,Guardrail Face,09,Roadside,3,,101,State,,,06,Non-Junction,04,Dark - Not Lighted,4/20/2025,2025-04-20,N,31.85,F,N,,,3A5F29875EECAA391F80C5CE2772CDA293FDFA1C19B7F7F386DF3FF02F24F5A3,US,01,No,,,,,01,Dry,,,,,,,,
Property Damage Crashes,MSP7871002B,Maryland State Police,Single Vehicle,Prince George's,,Yes,No,No,No,No,,50,UNITED STATE ROUTE,No,True,No,2/21/2025,No,Point,38.955523791,-76.699748868,MSP,101,16,03,No,23,,23:30,2025,Friday,09,Animal (live),05,On Roadway,,,,,,,09,Through Roadway,04,Dark - Not Lighted,2/21/2025,2025-02-21,E,35.17,F,N,,,2D28AE3CE7ED88A1F9D35AFFDAE43E55DAEEF9D6BA9EAE620503D12726C82F05,US,01,No,28,Ditch,03,Median,01,Dry,,,,,,,,
Property Damage Crashes,DA4340003X,Prince George's County Police,Other,Prince George's,Local,No,No,No,No,No,EXECUTIVE PL,5079,COUNTY ROAD,No,True,No,1/13/2025,No,Point,38.990591876,-76.825978628,PGCOPD,98,16,03,No,10,,10:00,2025,Monday,12,Motor Vehicle In Transport,07,"On Shoulder, Right Side",7,,,,,,99,Unknown,01,Daylight,1/13/2025,2025-01-13,N,49.3,F,N,,,E644C1BCCABF65803772E42052EE6348E1F333107BF6C97807202855C8D2644C,CO,01,No,,,,,01,Dry,,,,,,,,
Property Damage Crashes,MSP78430028,Maryland State Police,"Sideswipe, Same Direction",Prince George's,Interstate,No,No,No,No,No,CAPITAL BELTWAY,95,INTERSTATE ROUTE,No,True,No,3/28/2025,No,Point,38.957460282,-76.864979246,MSP,07,16,03,No,19,,19:32,2025,Friday,12,Motor Vehicle In Transport,05,On Roadway,1,,,,,,06,Non-Junction,01,Daylight,3/28/2025,2025-03-28,S,46.46,F,N,,,E6D4BDF24805264E804BDC7412B5A288B3342D89601AE514672CA1AF8DA6E4C2,IS,01,No,,,,,01,Dry,,,,,,,,
Property Damage Crashes,RD0123005M,Riverdale Park Police Department,Single Vehicle,Prince George's,Principal Arterial – Other,No,No,No,No,No,EAST WEST HWY (WB/L),410,MARYLAND ROUTE,No,True,No,1/20/2025,No,Point,38.964064538,-76.937366710,RIVERDALE,101,16,03,No,18,,18:44,2025,Monday,27,Curb,03,Median,3,,,,,,09,Through Roadway,03,Dark - Lighted,1/20/2025,2025-01-20,N,20.37,F,N,,,8C749B07153834309E304507321984EB9F11A20C3BF9308B3016DC0E82495487,MD,01,No,,,,,01,Dry,,,,,,,,
Injury Crashes,DA4434000D,Prince George's County Police,Front to Front,Prince George's,Principal Arterial – Other,No,No,No,No,No,MARTIN LUTHER KING JR HWY (WB/L),704,MARYLAND ROUTE,No,True,No,4/23/2025,No,Point,38.922357114,-76.877135118,PGCOPD,02,16,02,Yes,15,02,15:03,2025,Wednesday,12,Motor Vehicle In Transport,05,On Roadway,3,Perpendicular,,,GOODLAND DR,03,05,Intersection or Related,01,Daylight,4/23/2025,2025-04-23,E,0,F,N,,,F14D855042A963C4AC7FEDBDEF656B75D6DFFDF35079407AF1355329BD0D18AA,MD,01,No,,,,,01,Dry,01,Signalized,,,,,,
Property Damage Crashes,MSP69310142,Maryland State Police,Angle,Prince George's,Principal Arterial – Other,No,No,No,No,No,PENNSYLVANIA AVE (SB/L),4,MARYLAND ROUTE,No,True,No,4/15/2025,No,Point,38.820845,-76.848886667,MSP,01,16,03,No,6,04,06:30,2025,Tuesday,12,Motor Vehicle In Transport,05,On Roadway,3,Perpendicular,,,DOWER HOUSE RD,03,05,Intersection or Related,01,Daylight,4/15/2025,2025-04-15,E,0,F,N,,,0E4BB1BDA20084A9F221110AAE00AD49D506B92461D1AEEB0657DE270DE0328B,MD,01,No,,,,,09,Wet,01,Signalized,,,,,,
Property Damage Crashes,DA4431001D,Prince George's County Police,Single Vehicle,Prince George's,Local,No,No,No,No,No,PARKWOOD ST,40,MUNICIPAL ROAD,No,True,No,5/5/2025,No,Point,38.937862062,-76.949715279,PGCOPD,101,16,03,No,22,,22:20,2025,Monday,40,Tree (standing),04,"Off-Roadway, Location Unknown",7,,,,40TH PL,,06,Non-Junction,03,Dark - Lighted,5/5/2025,2025-05-05,S,25.77,F,N,,,84CBE7CB9CB7F0F482586E8DB1288B46BB4FC7B523AAAA1EAEB7A58BEC805CED,MU,01,No,,,,,01,Dry,,,,,,,,