Crash Severity Description,Reportnumber,Agencyname,CollisionImpact Description,Crash County Description,FunctionalClass Description,ImpairedCrash,Large Vehicle Involved,Motorcycle Crash,Non-Motorist Crash,OffRoad,RoadName,Route Number,RouteType Description,Unrestrained Occupants,WithinDateRange,Work Zone Related,Crashdate,Work Zone Crash,CrashPoint,Latitude,Longitude,AgencyCode,CollisionImpact,Crash County,Crash Severity,Crash Within Interchange,Crashhour,CrashInterchangeApproaches,Crashtime,CrashYear,Dayofweek,FirstHarmEvent,FirstHarmEvent Description,FirstHarmLocation,FirstHarmLocation Description,FunctionalClass,Geometry Description,GovPropertyDamage,GovPropertyDamage Description,IntersectingRoadName,Intersection Geometry,JunctionRelated,JunctionRelated Description,Light,Light Description,LOD Crash Date,LOD Date Level,MilepointDirection,MilepointDistance,MilepointUnits,NonTrafficFatal,OffroadLocation,OffroadLocation Description,RoadID,RouteType,SchoolBusRelated,SchoolBusRelated Description,SecondHarmEvent,SecondHarmEvent Description,SecondHarmLocation,SecondHarmLocation Description,Surface,Surface Description,TrafficControl,Trafficcontrol Description,WZLawEnforcementPresent,WZLocation,WZLocation Description,WZType,WZType Description,WZWorkersPresent
Injury Crashes,DA373600D5,Prince George's County Police,Front to Rear,Prince George's,,No,No,No,No,No,,114,COUNTY ROAD,No,True,No,4/13/2025,No,Point,38.772401762,-77.006007890,PGCOPD,03,16,02,No,21,,21:07,2025,Sunday,12,Motor Vehicle In Transport,05,On Roadway,,,,,,,09,Through Roadway,03,Dark - Lighted,4/13/2025,2025-04-13,N,28.67,F,N,,,422C24665FA1020B1D87B729A8EAC047FA2D5FE3E2C9423EA887D843FBC2535D,CO,01,No,12,Motor Vehicle In Transport,05,On Roadway,01,Dry,,,,,,,,
Injury Crashes,DA44000018,Prince George's County Police,"Sideswipe, Same Direction",Prince George's,Principal Arterial – Other,No,No,No,No,No,OXON HILL RD,414,MARYLAND ROUTE,Yes,True,No,4/15/2025,No,Point,38.803719433,-76.986691016,PGCOPD,07,16,02,No,20,,20:26,2025,Tuesday,12,Motor Vehicle In Transport,05,On Roadway,3,,,,,,09,Through Roadway,03,Dark - Lighted,4/15/2025,2025-04-15,S,2.72,F,N,,,4B11A3879E1E69A5426168B615EC261B04047F01197897D5F8D29B23E5676B6F,MD,01,No,,,,,01,Dry,,,,,,,,
Injury Crashes,DA43410020,Prince George's County Police,Other,Prince George's,,No,No,No,No,No,,127,COUNTY ROAD,No,True,No,4/11/2025,No,Point,38.811883278,-76.895607262,PGCOPD,98,16,02,Yes,20,03,20:27,2025,Friday,12,Motor Vehicle In Transport,05,On Roadway,,Perpendicular,,,ALLENTOWN RD ALLENTOWN RD (SB/L),03,05,Intersection or Related,03,Dark - Lighted,4/11/2025,2025-04-11,E,0,F,N,,,D19EB038454FEC097F451EBA1BE4677DB40CFCAAD9EA97473B81D13D2B990272,CO,01,No,,,,,09,Wet,01,Signalized,,,,,,
Property Damage Crashes,DA43060052,Prince George's County Police,"Sideswipe, Same Direction",Prince George's,Principal Arterial – Other,No,Yes,No,No,No,MARTIN LUTHER KING JR HWY (WB/L),704,MARYLAND ROUTE,No,True,No,3/6/2025,No,Point,38.938167082,-76.858189198,PGCOPD,07,16,03,No,7,,07:37,2025,Thursday,12,Motor Vehicle In Transport,07,"On Shoulder, Right Side",3,,,,,,06,Non-Junction,01,Daylight,3/6/2025,2025-03-06,S,39.29,F,N,,,1F1AB33AFF59020702C94AF2A40D3BF78256E1CD466A039FB93E9159A3C60ED1,MD,01,No,,,,,01,Dry,,,,,,,,
Property Damage Crashes,MSP745000JS,Maryland State Police,"Sideswipe, Same Direction",Prince George's,Interstate,No,No,No,No,No,CAPITAL BELTWAY (WB/L),495,INTERSTATE ROUTE,No,True,No,4/15/2025,No,Point,39.02192,-76.949668675,MSP,07,16,03,No,4,,04:56,2025,Tuesday,12,Motor Vehicle In Transport,06,"On Shoulder, Left Side",1,,,,,,09,Through Roadway,04,Dark - Not Lighted,4/15/2025,2025-04-15,N,70.58,F,N,,,CEF442E0C9AD773D5F73BE6C358F00FAC49321A7522155AA4A84D5C9AD171A69,IS,01,No,15,Parked Vehicle,06,"On Shoulder, Left Side",09,Wet,,,,,,,,
Property Damage Crashes,GD3162004J,Landover Police Department,"Sideswipe, Same Direction",Prince George's,,No,No,No,No,Yes,,,,No,True,No,4/7/2025,No,Point,38.941516962,-76.902603298,LANDOVER,07,16,03,,15,,15:25,2025,Monday,12,Motor Vehicle In Transport,02,In Parking Lane Or Zone,,,,,,,,,01,Daylight,4/7/2025,2025-04-07,,,F,N,102,Parking Lot Way,,,01,No,,,,,,,,,,,,,,
Property Damage Crashes,DA44160004,Prince George's County Police,"Sideswipe, Same Direction",Prince George's,Principal Arterial – Other,No,No,No,No,No,CENTRAL AVE (WB/L),214,MARYLAND ROUTE,No,True,No,1/11/2025,No,Point,38.888673532,-76.877249357,PGCOPD,07,16,03,No,21,,21:39,2025,Saturday,12,Motor Vehicle In Transport,05,On Roadway,3,,,,,,06,Non-Junction,05,Dark - Unknown Lighting,1/11/2025,2025-01-11,E,53.77,F,N,,,683616A66DA57CF1DCD602B2585E1EE7E44B8F6E08CEAB55564B4A77B4898A57,MD,01,No,,,,,06,Slush,,,,,,,,
Property Damage Crashes,MSP60840086,Maryland State Police,Front to Rear,Prince George's,,No,No,No,No,No,NO NAME,1808,LOCAL ROAD,No,True,No,4/11/2025,No,Point,39.015975701,-76.927177537,MSP,03,16,03,No,13,,13:08,2025,Friday,12,Motor Vehicle In Transport,05,On Roadway,,,,,,,09,Through Roadway,01,Daylight,4/11/2025,2025-04-11,N,8.2,F,N,,,21F2EC8AF05E073C3B479716DB0F98ABCADBB877454FCC04526CDE453BC2AF97,LL,01,No,97,Not Applicable,,,09,Wet,,,,,,,,
Property Damage Crashes,MSP7776005R,Maryland State Police,Single Vehicle,Prince George's,Interstate,No,No,No,No,No,CAPITAL BELTWAY (SB/L),95,INTERSTATE ROUTE,No,True,No,3/31/2025,No,Point,38.946231609,-76.858898600,MSP,101,16,03,No,20,,20:38,2025,Monday,32,Guardrail Face,09,Roadside,1,,,,,,06,Non-Junction,04,Dark - Not Lighted,3/31/2025,2025-03-31,S,33.93,F,N,,,E95A0B8854C0A44EE9D21A16B436789E29117ED090D74A766C532EE02CD4A76A,IS,01,No,,,,,09,Wet,,,,,,,,
Property Damage Crashes,MSP78750019,Maryland State Police,Single Vehicle,Prince George's,Interstate,No,No,No,No,No,CAPITAL BELTWAY (SB LOCAL),95,INTERSTATE ROUTE,No,True,No,1/18/2025,No,Point,38.794609067,-77.01936575,MSP,101,16,03,No,12,,12:03,2025,Saturday,25,Concrete Traffic Barrier,01,Gore,1,,,,,,06,Non-Junction,01,Daylight,1/18/2025,2025-01-18,S,67.54,F,N,,,560CEF4EFC22A474D0E50C975F1E49B4E32BE32D216F7A80BBB1B42ED5F45BF4,IS,01,No,,,,,09,Wet,,,,,,,,
Property Damage Crashes,DA4348002D,Prince George's County Police,"Sideswipe, Opposite Direction",Prince George's,Minor Arterial,No,No,No,No,No,RIGGS RD,212,MARYLAND ROUTE,No,True,No,5/23/2025,No,Point,38.971185532,-76.979930872,PGCOPD,06,16,03,No,17,02,17:43,2025,Friday,12,Motor Vehicle In Transport,05,On Roadway,4,Perpendicular,,,SLIGO PKWY,03,05,Intersection or Related,01,Daylight,5/23/2025,2025-05-23,N,0,F,N,,,BF4A360EA2ECE76F40F578DA83194ECC50B7CDB163B172863D7189B3FAC536CD,MD,01,No,12,Motor Vehicle In Transport,05,On Roadway,01,Dry,02,Stop - All Way,,,,,,
Property Damage Crashes,DA44210029,Prince George's County Police,Angle,Prince George's,Minor Collector,No,No,No,No,No,BADEN WESTWOOD RD,189,COUNTY ROAD,No,True,No,5/10/2025,No,Point,38.662843232,-76.753841834,PGCOPD,01,16,03,No,15,,15:45,2025,Saturday,12,Motor Vehicle In Transport,05,On Roadway,6,,,,SUMMERS LA,,09,Through Roadway,01,Daylight,5/10/2025,2025-05-10,S,9.88,F,N,,,943B670DDA79957D6413B28F4901CD2B3EC9627F33860A298215B4218260A9D6,CO,01,No,,,,,01,Dry,,,,,,,,
Property Damage Crashes,DA42870026,Prince George's County Police,Single Vehicle,Prince George's,,No,No,No,No,Yes,,,,No,True,No,2/27/2025,No,Point,39.088769965,-76.851472418,PGCOPD,101,16,03,,7,,07:00,2025,Thursday,13,Other Non-Fixed Object,04,"Off-Roadway, Location Unknown",,,,,,,,,01,Daylight,2/27/2025,2025-02-27,,,F,N,102,Parking Lot Way,,,01,No,,,,,,,,,,,,,,
Property Damage Crashes,DA3764003K,Prince George's County Police,Front to Rear,Prince George's,Minor Arterial,No,No,No,No,No,RIGGS RD (SB/L),212,MARYLAND ROUTE,No,True,No,4/5/2025,No,Point,39.014128130,-76.964886904,PGCOPD,03,16,03,No,21,,21:30,2025,Saturday,12,Motor Vehicle In Transport,05,On Roadway,4,,,,BUCK LODGE TERR,,06,Non-Junction,03,Dark - Lighted,4/5/2025,2025-04-05,N,32.96,F,N,,,478B6E609468D5246C338C402DFE79A77EFE076008D948D71ED2CB1F6D2D2037,MD,01,No,,,,,01,Dry,,,,,,,,
Property Damage Crashes,MSP726800HL,Maryland State Police,"Sideswipe, Opposite Direction",Prince George's,Interstate,No,No,No,No,No,CAPITAL BELTWAY (SB/L),95,INTERSTATE ROUTE,No,True,No,5/8/2025,No,Point,38.80965225,-76.966612617,MSP,06,16,03,No,5,,05:15,2025,Thursday,12,Motor Vehicle In Transport,05,On Roadway,1,,,,,,06,Non-Junction,03,Dark - Lighted,5/8/2025,2025-05-08,S,47.63,F,N,,,78E746D50F5A61923EB4CDD0AD992EBD5BA91E8C55828D63D81F27AAE8C9813A,IS,01,No,,,,,01,Dry,,,,,,,,
Injury Crashes,MSP7416000X,Maryland State Police,Front to Rear,Prince George's,Interstate,No,No,No,No,No,NO NAME,95,INTERSTATE ROUTE,No,True,No,2/21/2025,No,Point,39.029812675,-76.947473631,MSP,03,16,02,No,14,,14:48,2025,Friday,12,Motor Vehicle In Transport,05,On Roadway,1,,,,,,09,Through Roadway,01,Daylight,2/21/2025,2025-02-21,S,8.01,F,N,,,710676ED8FD51A51B0ABCF7EEDB4AECD6135D8DFFD3A21CB8D0260C7F43407D8,IS,01,No,,,,,01,Dry,,,,,,,,
Property Damage Crashes,DA43020030,Prince George's County Police,Rear To Rear,Prince George's,Minor Arterial,No,No,No,No,No,LOTTSFORD RD (EB/L),64,COUNTY ROAD,No,True,No,5/25/2025,No,Point,38.901776987,-76.836136598,PGCOPD,04,16,03,Yes,23,,23:07,2025,Sunday,12,Motor Vehicle In Transport,05,On Roadway,4,,,,ARENA DR,,99,Unknown,03,Dark - Lighted,5/25/2025,2025-05-25,W,1720.85,F,N,,,A2D5AC0BF4B55127C7021D1B53B04348A3747322A5FEB2D664248AC0E3A19538,CO,01,No,,,,,01,Dry,,,,,,,,
Property Damage Crashes,DA4423000W,Prince George's County Police,Single Vehicle,Prince George's,,No,No,No,No,No,,87,COUNTY ROAD,No,True,No,2/18/2025,No,Point,38.888391643,-76.862060764,PGCOPD,101,16,03,No,16,,16:35,2025,Tuesday,30,Fence,05,On Roadway,,,,,,,09,Through Roadway,01,Daylight,2/18/2025,2025-02-18,S,37.74,F,N,,,F8B78165841F12663FA3E4FE7BCA0D452C4B6510BFA792C500E1C631B13D7451,CO,01,No,,,,,01,Dry,,,,,,,,
Property Damage Crashes,MSP745800PC,Maryland State Police,Front to Rear,Prince George's,Principal Arterial – Other,No,No,No,No,No,ST BARNABAS RD (WB/L),414,MARYLAND ROUTE,No,True,No,2/10/2025,No,Point,38.808526667,-76.970615,MSP,03,16,03,No,17,,17:36,2025,Monday,12,Motor Vehicle In Transport,05,On Roadway,3,,,,,,01,Acceleration/Deceleration Lane,03,Dark - Lighted,2/10/2025,2025-02-10,W,8.27,F,N,,,DCD875A632ECBD907DB7B2B37DB592ECA75978F03EA57B72FAE526E66053CC30,MD,01,No,,,,,01,Dry,,,,,,,,
Property Damage Crashes,DA3875008S,Prince George's County Police,Front to Rear,Prince George's,Principal Arterial – Other,No,No,No,No,No,WOODYARD RD (SB/L),223,MARYLAND ROUTE,No,True,No,3/7/2025,No,Point,38.769252085,-76.883035879,PGCOPD,03,16,03,No,14,,14:43,2025,Friday,12,Motor Vehicle In Transport,05,On Roadway,3,,,,,,04,Entrance/Exit Ramp or Related,01,Daylight,3/7/2025,2025-03-07,E,12.12,F,N,,,13B8F38A81616DD4E84B0040DDB285C8EB3127989162071B2E0E12689F01DD3B,MD,01,No,,,,,01,Dry,,,,,,,,
Property Damage Crashes,DA4416000C,Prince George's County Police,Front to Front,Prince George's,Minor Arterial,No,No,No,No,No,RITCHIE MARLBORO RD,221,MARYLAND ROUTE,No,True,No,2/17/2025,No,Point,38.868384901,-76.841674602,PGCOPD,02,16,03,Yes,14,,14:08,2025,Monday,12,Motor Vehicle In Transport,05,On Roadway,4,,,,,,04,Entrance/Exit Ramp or Related,01,Daylight,2/17/2025,2025-02-17,N,54.73,F,N,,,53620BE15080B97D981B713AE8A3B2E890A64F472FEABFFEE4DDE6E11BD68DA9,MD,01,No,,,,,01,Dry,,,,,,,,
Property Damage Crashes,DA4083006G,Prince George's County Police,Front to Front,Prince George's,Minor Arterial,No,No,No,No,No,RIGGS RD (SB/L),212,MARYLAND ROUTE,No,True,No,1/8/2025,No,Point,39.009230965,-76.965573853,PGCOPD,02,16,03,No,19,,19:00,2025,Wednesday,12,Motor Vehicle In Transport,05,On Roadway,4,,,,,,06,Non-Junction,03,Dark - Lighted,1/8/2025,2025-01-08,W,53.06,F,N,,,7164E4A059FF3C1B4F4717296A46D63F0325E3F1702DA9A2C74D48661460FEED,MD,01,No,,,,,01,Dry,,,,,,,,
Injury Crashes,DA4344003G,Prince George's County Police,Single Vehicle,Prince George's,Local,No,No,No,Yes,No,PENN CROSSING DR,5725,COUNTY ROAD,No,True,No,3/12/2025,No,Point,38.857443943,-76.911754055,PGCOPD,101,16,02,No,22,,22:38,2025,Wednesday,17,Pedestrian,05,On Roadway,7,,,,,,06,Non-Junction,04,Dark - Not Lighted,3/12/2025,2025-03-12,E,38.62,F,N,,,7735B99AB64F924B732D6C08E6C050CFEE14EDE201ED17BB6A2E89CCA40B0218,CO,01,No,,,,,01,Dry,,,,,,,,
Property Damage Crashes,MSP77700061,Maryland State Police,"Sideswipe, Same Direction",Prince George's,Principal Arterial – Other,No,No,No,No,No,CENTRAL AVE,214,MARYLAND ROUTE,No,True,No,1/16/2025,No,Point,38.899025,-76.823773333,MSP,07,16,03,No,13,,13:04,2025,Thursday,12,Motor Vehicle In Transport,05,On Roadway,3,,,,,,06,Non-Junction,01,Daylight,1/16/2025,2025-01-16,S,35.69,F,N,,,C7C6D507CBEAC41405B62D00C6760FF0ECA877FB34D47E4B279972B50E38FF6E,MD,01,No,,,,,07,Snow,,,,,,,,
Property Damage Crashes,DA4352002K,Prince George's County Police,Single Vehicle,Prince George's,Local,No,No,No,No,No,FARMINGTON RD,154,COUNTY ROAD,No,True,No,3/4/2025,No,Point,38.685292537,-76.995176908,PGCOPD,101,16,03,No,14,,14:46,2025,Tuesday,36,"Other Post, Pole, Or Support",05,On Roadway,7,,,,INDIAN HEAD HWY (SB/L),,06,Non-Junction,01,Daylight,3/4/2025,2025-03-04,E,9.79,F,N,,,9AEE1D26F68411E62C1AC4D90EEEAAC88AC7B85FB37344AB8A0BBDA35C645F6E,CO,01,No,,,,,01,Dry,,,,,,,,
Property Damage Crashes,DA4151005T,Prince George's County Police,Front to Rear,Prince George's,Local,No,No,No,No,No,WARNER AVE (SB/L),1277,COUNTY ROAD,No,True,No,2/22/2025,No,Point,38.9332047,-76.8979089,PGCOPD,03,16,03,No,4,,04:15,2025,Saturday,12,Motor Vehicle In Transport,07,"On Shoulder, Right Side",7,,,,,,06,Non-Junction,03,Dark - Lighted,2/22/2025,2025-02-22,S,66.8,F,N,,,C85C9387B076E9A8B5C5C169D6066FCC8C86324E82174C55A3BCE2265E44875B,CO,01,No,,,,,01,Dry,,,,,,,,
Property Damage Crashes,MSP7872001H,Maryland State Police,Other,Prince George's,Local,No,No,No,No,No,CROOM STATION RD,108,COUNTY ROAD,No,True,No,1/19/2025,No,Point,38.797475438,-76.761370976,MSP,98,16,03,No,15,03,15:21,2025,Sunday,12,Motor Vehicle In Transport,05,On Roadway,7,Perpendicular,,,CRAIN HWY,03,05,Intersection or Related,01,Daylight,1/19/2025,2025-01-19,S,0,F,N,,,506B61D0AEAB7CC5ED683ECE0BC009C6B8F6962D0F5E784FE842AD2211883F76,CO,01,No,,,,,09,Wet,01,Signalized,,,,,,
Property Damage Crashes,MSP7765007J,Maryland State Police,"Sideswipe, Same Direction",Prince George's,Interstate,No,No,No,No,No,RAMP 12 FR IS 295 SB TO MD 210 SB,95,RAMP,No,True,No,4/13/2025,No,Point,38.798172333,-77.006702333,MSP,07,16,03,No,1,,01:36,2025,Sunday,12,Motor Vehicle In Transport,05,On Roadway,1,,,,,,04,Entrance/Exit Ramp or Related,03,Dark - Lighted,4/13/2025,2025-04-13,N,26.68,F,N,,,4C64ECD1E584107D252D7C234F6EEAC5CF1DD6D3A81646F7DBFCABB21F162C62,RP,01,No,,,,,01,Dry,,,,,,,,
Property Damage Crashes,DA399300CD,Prince George's County Police,Front to Front,Prince George's,Principal Arterial – Other,No,No,No,No,No,WOODYARD RD (SB/L),223,MARYLAND ROUTE,No,True,No,5/26/2025,No,Point,38.766924228,-76.888821220,PGCOPD,02,16,03,No,11,,11:20,2025,Monday,12,Motor Vehicle In Transport,05,On Roadway,3,,,,PINE VIEW LA,,09,Through Roadway,01,Daylight,5/26/2025,2025-05-26,S,16.98,F,N,,,A3CDBC894B3B07711E1B958C7CC6A030681D2DD7CAEBEC7AC6753ED38EDC0EC0,MD,01,No,12,Motor Vehicle In Transport,05,On Roadway,01,Dry,,,,,,,,
Property Damage Crashes,DA34070040,Prince George's County Police,Angle,Prince George's,Principal Arterial – Other,No,No,No,No,No,SILVER HILL RD,458,MARYLAND ROUTE,No,True,No,3/14/2025,No,Point,38.853075971,-76.910144809,PGCOPD,01,16,03,No,17,02,17:30,2025,Friday,12,Motor Vehicle In Transport,05,On Roadway,3,Angled/Skewed,,,PENNSYLVANIA AVE (SB/L),01,05,Intersection or Related,01,Daylight,3/14/2025,2025-03-14,W,0,F,N,,,B6DBF0474AB245493E2A814DD67F9EA8F023EF98BA1B4902ACF25DA014BC7D06,MD,01,No,,,,,01,Dry,01,Signalized,,,,,,
Property Damage Crashes,DA40380081,Prince George's County Police,Front to Rear,Prince George's,,No,No,No,No,Yes,,,,No,True,No,5/17/2025,No,Point,38.9335076,-76.9509247,PGCOPD,03,16,03,,3,,03:30,2025,Saturday,12,Motor Vehicle In Transport,99,Unknown,,,,,,,,,04,Dark - Not Lighted,5/17/2025,2025-05-17,,,F,N,102,Parking Lot Way,,,01,No,,,,,,,,,,,,,,
Injury Crashes,CC02980038,Hyattsville Police Department,Single Vehicle,Prince George's,Major Collector,No,No,No,Yes,No,HAMILTON ST,1204,COUNTY ROAD,No,True,No,1/2/2025,No,Point,38.955900759,-76.963760285,HYATTSVILLE,101,16,02,No,12,,12:30,2025,Thursday,17,Pedestrian,05,On Roadway,5,,,,,,06,Non-Junction,01,Daylight,1/2/2025,2025-01-02,W,122.48,F,N,,,8BE47023F5091FC6976A130BFE51287554F9C8107964C61CF3294B87744FD29E,CO,01,No,,,,,01,Dry,,,,,,,,
Property Damage Crashes,DA3834006Y,Prince George's County Police,Other,Prince George's,,No,No,No,No,No,,680,COUNTY ROAD,No,True,No,4/19/2025,No,Point,38.983566718,-76.971397831,PGCOPD,98,16,03,No,1,,01:41,2025,Saturday,12,Motor Vehicle In Transport,07,"On Shoulder, Right Side",,,,,,,06,Non-Junction,04,Dark - Not Lighted,4/19/2025,2025-04-19,N,9.76,F,N,,,B4164011C2476F62D2952F39CCB2C4AC5DBE1B32E9A9BEDBB38420C6AE8ED96B,CO,01,No,,,,,01,Dry,,,,,,,,
Property Damage Crashes,AZ17500004,Cheverly Police Department,Front to Rear,Prince George's,Major Collector,No,No,No,No,No,CHEVERLY AVE (SB/L),59,MUNICIPAL ROAD,No,True,No,2/15/2025,No,Point,38.934234499,-76.914423669,CHEVERLY,03,16,03,No,10,03,10:56,2025,Saturday,12,Motor Vehicle In Transport,05,On Roadway,5,Perpendicular,,,LANDOVER RD (SB/L),03,05,Intersection or Related,01,Daylight,2/15/2025,2025-02-15,W,0,F,N,,,89DB52F6FCB501757E895065BDCF91B68686234F1BC428CC5E8058A5D62AB1D0,MU,01,No,,,,,01,Dry,01,Signalized,,,,,,
Injury Crashes,DA401800CF,Prince George's County Police,Angle,Prince George's,Minor Arterial,No,No,No,No,No,ANNAPOLIS RD,450,MARYLAND ROUTE,No,True,No,4/9/2025,No,Point,38.938670094,-76.911818346,PGCOPD,01,16,02,No,11,,11:00,2025,Wednesday,12,Motor Vehicle In Transport,05,On Roadway,4,,,,,,06,Non-Junction,01,Daylight,4/9/2025,2025-04-09,S,0.44,F,N,,,0272117E6FC082B4C56AAD0A2B3C6C4D1F241F1A839DEFF65BA8D77B0529EFF2,MD,01,No,,,,,01,Dry,,,,,,,,
Property Damage Crashes,MSP7408006R,Maryland State Police,Front to Front,Prince George's,Principal Arterial – Other Freeways and Expressways,No,No,No,No,No,STEPHANIE ROPER HWY,4,MARYLAND ROUTE,No,True,No,1/19/2025,No,Point,38.813865,-76.744541667,MSP,02,16,03,No,15,,15:19,2025,Sunday,12,Motor Vehicle In Transport,05,On Roadway,2,,,,,,09,Through Roadway,01,Daylight,1/19/2025,2025-01-19,S,17.94,F,N,,,8FCA3D668980D49755B8EE51D081EB75AFF9C44C79803E7A7DD78A6F25C8E723,MD,01,No,,,,,02,Ice/Frost,,,,,,,,
Injury Crashes,CNC3185001D,New Carrollton Police Department,Angle,Prince George's,Minor Arterial,No,No,No,No,No,ANNAPOLIS RD,450,MARYLAND ROUTE,No,True,No,5/24/2025,No,Point,38.952724972,-76.878526870,NCPD,01,16,02,No,6,,06:24,2025,Saturday,12,Motor Vehicle In Transport,05,On Roadway,4,,,,HARKINS RD,,06,Non-Junction,01,Daylight,5/24/2025,2025-05-24,E,6.35,F,N,,,F19B78914A2D2BB46D4562DA47E110A2930A12F745FF11F00A71500804A67790,MD,01,No,,,,,01,Dry,,,,,,,,
Property Damage Crashes,DA2735006C,Prince George's County Police,Single Vehicle,Prince George's,Minor Arterial,No,No,No,No,No,HARRY S TRUMAN DR,202,MARYLAND ROUTE,No,True,No,5/28/2025,No,Point,38.892188069,-76.837869900,PGCOPD,101,16,03,No,19,,19:45,2025,Wednesday,27,Curb,09,Roadside,4,,100,Local,,,06,Non-Junction,101,Dusk,5/28/2025,2025-05-28,S,21.13,F,N,,,BF1AE67D4D4B34D34255F3E41CCC1F97F017EC580E65459FBCC384671CEBC15C,MD,01,No,41,Utility Pole/Light Support,09,Roadside,09,Wet,,,,,,,,
Property Damage Crashes,DA418800FW,Prince George's County Police,Angle,Prince George's,Local,Yes,No,No,No,No,OSBORN RD,419,COUNTY ROAD,No,True,No,2/21/2025,No,Point,38.935093332,-76.911595533,PGCOPD,01,16,03,No,19,,19:00,2025,Friday,12,Motor Vehicle In Transport,05,On Roadway,7,,,,,,06,Non-Junction,03,Dark - Lighted,2/21/2025,2025-02-21,N,52.23,F,N,,,3078B14457FE38082DFA101CA0F43A42B6801B382FAE1B9DD287A53075FAAC32,CO,01,No,,,,,01,Dry,,,,,,,,
Property Damage Crashes,DA3270002Z,Prince George's County Police,Front to Rear,Prince George's,Major Collector,No,No,No,No,No,WOODMORE RD,111,COUNTY ROAD,No,True,No,2/7/2025,No,Point,38.926689765,-76.781827516,PGCOPD,03,16,03,No,8,,08:30,2025,Friday,12,Motor Vehicle In Transport,05,On Roadway,5,,,,,,06,Non-Junction,01,Daylight,2/7/2025,2025-02-07,E,50.64,F,N,,,59A9672169F47C3509EFF94B74FB31FAAA183C5AAC3C87611882AE9E131EF5CF,CO,01,No,,,,,01,Dry,,,,,,,,
Property Damage Crashes,MSP7664008W,Maryland State Police,Single Vehicle,Prince George's,Principal Arterial – Other,No,No,No,No,No,CRAIN HWY (SB/L),301,UNITED STATE ROUTE,No,True,No,2/10/2025,No,Point,38.774758367,-76.800889548,MSP,101,16,03,No,3,,03:51,2025,Monday,28,Ditch,09,Roadside,3,,,,,,09,Through Roadway,04,Dark - Not Lighted,2/10/2025,2025-02-10,S,53.64,F,N,,,01798DAC6077ED44ABE0F2EA66D10156B68EA9A1885B768605349F17C089A417,US,01,No,,,,,01,Dry,,,,,,,,
Property Damage Crashes,DA409400BY,Prince George's County Police,Front to Rear,Prince George's,Principal Arterial – Other,No,No,No,No,No,VETERANS PKWY (WB/L),410,MARYLAND ROUTE,Yes,True,No,3/16/2025,No,Point,38.962905247,-76.899573205,PGCOPD,03,16,03,No,19,,19:30,2025,Sunday,12,Motor Vehicle In Transport,05,On Roadway,3,,,,,,06,Non-Junction,03,Dark - Lighted,3/16/2025,2025-03-16,W,39.6,F,N,,,952A722E91644999845188848012CA60F90B70C47FC9FDFC36554B5AD8ECDE0D,MD,01,No,,,,,01,Dry,,,,,,,,
Property Damage Crashes,DA4326001W,Prince George's County Police,"Sideswipe, Opposite Direction",Prince George's,,No,No,No,No,Yes,,,,No,True,No,1/9/2025,No,Point,38.902447441,-76.906665025,PGCOPD,06,16,03,,15,,15:56,2025,Thursday,12,Motor Vehicle In Transport,02,In Parking Lane Or Zone,,,,,,,,,99,Unknown,1/9/2025,2025-01-09,,,F,N,107,Alley,,,01,No,,,,,,,,,,,,,,
Injury Crashes,DA3790000K,Prince George's County Police,Front to Rear,Prince George's,Major Collector,No,No,No,No,No,ADDISON RD,351,COUNTY ROAD,No,True,No,5/25/2025,No,Point,38.907150806,-76.918886072,PGCOPD,03,16,02,No,5,,05:00,2025,Sunday,12,Motor Vehicle In Transport,07,"On Shoulder, Right Side",5,,,,,,06,Non-Junction,01,Daylight,5/25/2025,2025-05-25,S,7.33,F,N,,,29B4E4677BDD23D4FCE9041254328CAD7CD4F516AD494033FC38B1AB039AB606,CO,01,No,,,,,01,Dry,,,,,,,,
Property Damage Crashes,MSP745300C3,Maryland State Police,Single Vehicle,Prince George's,,No,No,No,No,No,,50,UNITED STATE ROUTE,No,True,No,5/28/2025,No,Point,38.946937617,-76.830796,MSP,101,16,03,No,14,,14:49,2025,Wednesday,35,"Other Fixed Object (wall, building, tunnel, etc.)",09,Roadside,,,,,,,06,Non-Junction,98,Other,5/28/2025,2025-05-28,N,41.44,F,N,,,9191E3AFCA27FC3BC565BD3677B133841AE177BFCD5B339D40714F55FC002973,US,01,No,,,,,09,Wet,,,,,,,,
Property Damage Crashes,DA4122008S,Prince George's County Police,Single Vehicle,Prince George's,Principal Arterial – Other Freeways and Expressways,No,No,No,No,No,INDIAN HEAD HWY (SB/L),210,MARYLAND ROUTE,No,True,No,2/15/2025,No,Point,38.780766092,-76.997551961,PGCOPD,101,16,03,No,3,,03:00,2025,Saturday,31,Guardrail End Terminal,10,Separator/Traffic Island,2,,,,,,99,Unknown,03,Dark - Lighted,2/15/2025,2025-02-15,N,33.02,F,N,,,AE735796C5D0EA2A19333B6C75BC88CD124017AD488FD9BF154F4A63FDB0762E,MD,01,No,,,,,01,Dry,,,,,,,,
Property Damage Crashes,DA4337003B,Prince George's County Police,Front to Front,Prince George's,Minor Arterial,No,No,No,No,No,ADELPHI RD,105,COUNTY ROAD,No,True,No,5/21/2025,No,Point,39.008737099,-76.973938247,PGCOPD,02,16,03,No,5,,05:33,2025,Wednesday,12,Motor Vehicle In Transport,05,On Roadway,4,,,,,,06,Non-Junction,01,Daylight,5/21/2025,2025-05-21,N,39.87,F,N,,,8DCAB99C42799723208D0898952EDBE79A9C4DB8FAABED4041239E7A074A5FAF,CO,01,No,,,,,09,Wet,,,,,,,,