Crash Severity Description,Reportnumber,Agencyname,CollisionImpact Description,Crash County Description,FunctionalClass Description,ImpairedCrash,Large Vehicle Involved,Motorcycle Crash,Non-Motorist Crash,OffRoad,RoadName,Route Number,RouteType Description,Unrestrained Occupants,WithinDateRange,Work Zone Related,Crashdate,Work Zone Crash,CrashPoint,Latitude,Longitude,AgencyCode,CollisionImpact,Crash County,Crash Severity,Crash Within Interchange,Crashhour,CrashInterchangeApproaches,Crashtime,CrashYear,Dayofweek,FirstHarmEvent,FirstHarmEvent Description,FirstHarmLocation,FirstHarmLocation Description,FunctionalClass,Geometry Description,GovPropertyDamage,GovPropertyDamage Description,IntersectingRoadName,Intersection Geometry,JunctionRelated,JunctionRelated Description,Light,Light Description,LOD Crash Date,LOD Date Level,MilepointDirection,MilepointDistance,MilepointUnits,NonTrafficFatal,OffroadLocation,OffroadLocation Description,RoadID,RouteType,SchoolBusRelated,SchoolBusRelated Description,SecondHarmEvent,SecondHarmEvent Description,SecondHarmLocation,SecondHarmLocation Description,Surface,Surface Description,TrafficControl,Trafficcontrol Description,WZLawEnforcementPresent,WZLocation,WZLocation Description,WZType,WZType Description,WZWorkersPresent
Property Damage Crashes,MSP7776005W,Maryland State Police,Single Vehicle,Prince George's,Interstate,No,No,No,No,No,RAMP 5 FR IS 95 SB TO IS 595 EB,95,RAMP,No,True,No,4/6/2025,No,Point,38.945557571,-76.860564818,MSP,101,16,03,Yes,23,,23:57,2025,Sunday,24,Cable Barrier,09,Roadside,1,,,,,,04,Entrance/Exit Ramp or Related,04,Dark - Not Lighted,4/6/2025,2025-04-06,E,421.86,F,N,,,00697EC64CD6E6AB6EB5A8BD2B1A5EA755ECEF1BA8CEAF44067778939E445CBC,RP,01,No,,,,,09,Wet,,,,,,,,
Property Damage Crashes,DA4405001K,Prince George's County Police,Unknown,Prince George's,Local,No,No,No,No,No,FLAGSTAFF ST,3727,COUNTY ROAD,No,True,No,5/24/2025,No,Point,38.920359679,-76.883576845,PGCOPD,99,16,03,No,17,,17:59,2025,Saturday,12,Motor Vehicle In Transport,05,On Roadway,7,,,,,,06,Non-Junction,01,Daylight,5/24/2025,2025-05-24,E,7.07,F,N,,,23EF128CCB9843AD51456F6E1DD91F89717474104CC111E5D6BBD89973955141,CO,01,No,,,,,01,Dry,,,,,,,,
Property Damage Crashes,DA393600G9,Prince George's County Police,"Sideswipe, Same Direction",Prince George's,Minor Arterial,No,No,No,No,No,WALKER MILL RD (EB/L),367,COUNTY ROAD,No,True,No,6/8/2025,No,Point,38.869838892,-76.851706769,PGCOPD,07,16,03,No,12,,12:58,2025,Sunday,12,Motor Vehicle In Transport,05,On Roadway,4,,,,,,06,Non-Junction,01,Daylight,6/8/2025,2025-06-08,E,37.36,F,N,,,CE30AAEB5143D70DF350939CCFF502879C6474A43943FD98DB810B2B14032DE6,CO,01,No,,,,,09,Wet,,,,,,,,
Property Damage Crashes,BW0202002P,Greenbelt Police Department,Front to Rear,Prince George's,Local,No,No,No,No,No,LAKECREST DR,270,MUNICIPAL ROAD,No,True,No,1/11/2025,No,Point,38.998747315,-76.886557147,GREENBELT,03,16,03,No,8,,08:18,2025,Saturday,15,Parked Vehicle,02,In Parking Lane Or Zone,7,,,,,,06,Non-Junction,99,Unknown,1/11/2025,2025-01-11,N,7.46,F,N,,,3CFC39B87B2C65BB31C4DEE765B9909C6A9C536F05F31CF26278A128382E3F2D,MU,01,No,,,,,99,Unknown,,,,,,,,
Injury Crashes,MSP647600HR,Maryland State Police,Single Vehicle,Prince George's,Principal Arterial – Other,No,No,No,No,No,CRAIN HWY,301,UNITED STATE ROUTE,No,True,No,4/4/2025,No,Point,38.856248416,-76.725683325,MSP,101,16,02,No,17,,17:54,2025,Friday,29,Embankment,01,Gore,3,,,,,,09,Through Roadway,01,Daylight,4/4/2025,2025-04-04,E,45.37,F,N,,,475E12E3CDAD254DBBAB5EE525827869747867DF7C542D2A8371ECF0A62FAF98,US,01,No,39,Traffic Signal Support,01,Gore,01,Dry,,,,,,,,
Property Damage Crashes,DA4376001N,Prince George's County Police,"Sideswipe, Same Direction",Prince George's,Major Collector,No,No,No,No,No,BARLOWE RD,1483,COUNTY ROAD,No,True,No,2/7/2025,No,Point,38.920574717,-76.864769751,PGCOPD,07,16,03,No,7,,07:30,2025,Friday,12,Motor Vehicle In Transport,05,On Roadway,5,,,,LANDOVER RD (SB/L),,06,Non-Junction,01,Daylight,2/7/2025,2025-02-07,N,24.96,F,N,,,FE05CE9D9EB407D4DFF85EBD6491E7920323900207D6C44BF99AC207F5D56DEB,CO,01,No,,,,,01,Dry,,,,,,,,
Injury Crashes,DA43400046,Prince George's County Police,Front to Rear,Prince George's,Principal Arterial – Other,No,No,No,No,No,GREENBELT RD (WB/L),193,MARYLAND ROUTE,No,True,No,3/10/2025,No,Point,38.990709612,-76.832290245,PGCOPD,03,16,02,Yes,12,,12:00,2025,Monday,12,Motor Vehicle In Transport,99,Unknown,3,,,,,,99,Unknown,01,Daylight,3/10/2025,2025-03-10,N,123.63,F,N,,,A3BC81619339706FADC39052BD695CA68EF39C2A2ABC2D6A8F5ECC34734F6370,MD,01,No,,,,,01,Dry,,,,,,,,
Property Damage Crashes,DA4374003W,Prince George's County Police,Front to Front,Prince George's,,No,No,No,No,No,,3132,COUNTY ROAD,No,True,No,5/13/2025,No,Point,38.932222421,-76.832754197,PGCOPD,02,16,03,No,18,04,18:07,2025,Tuesday,12,Motor Vehicle In Transport,05,On Roadway,,Perpendicular,,,ARDWICK ARDMORE RD ARDWICK ARDMORE RD (EB/L) NEEDLELEAF LA,03,05,Intersection or Related,01,Daylight,5/13/2025,2025-05-13,N,0,F,N,,,E640E4FEB219D4D757C8E314B688AF6B01465BBC42D475D8EC2681ACD61A4C85,CO,01,No,,,,,09,Wet,02,Stop - All Way,,,,,,
Property Damage Crashes,DA42510069,Prince George's County Police,Other,Prince George's,Minor Arterial,No,No,No,No,No,ANNAPOLIS RD (WB/L),450,MARYLAND ROUTE,No,True,No,2/17/2025,No,Point,38.962909327,-76.861316411,PGCOPD,98,16,03,No,20,,20:30,2025,Monday,12,Motor Vehicle In Transport,05,On Roadway,4,,,,,,09,Through Roadway,03,Dark - Lighted,2/17/2025,2025-02-17,E,30.92,F,N,,,8654100D09C9D32F371267F54F893DEFF16BA6BF191016A1C1E83A59A64E33D0,MD,01,No,,,,,01,Dry,,,,,,,,
Property Damage Crashes,MSP743900LY,Maryland State Police,Front to Rear,Prince George's,Principal Arterial – Other Freeways and Expressways,Yes,No,No,No,No,RAMP 6 FR US 50 EB TO MD 410 SB,50,RAMP,No,True,No,1/23/2025,No,Point,38.941296667,-76.882891667,MSP,03,16,03,No,21,,21:25,2025,Thursday,12,Motor Vehicle In Transport,05,On Roadway,2,,,,,,09,Through Roadway,04,Dark - Not Lighted,1/23/2025,2025-01-23,S,65.07,F,N,,,D05D54E616EE4BBD184356B782AE43AC834C8B8C54827274F7E1F9E190509250,RP,01,No,,,,,01,Dry,,,,,,,,
Property Damage Crashes,DA4426000S,Prince George's County Police,Front to Front,Prince George's,Major Collector,No,No,No,No,No,BELLE HAVEN DR,3191,COUNTY ROAD,No,True,No,3/17/2025,No,Point,38.913087467,-76.881450632,PGCOPD,02,16,03,No,8,,08:35,2025,Monday,12,Motor Vehicle In Transport,05,On Roadway,5,,,,,,06,Non-Junction,01,Daylight,3/17/2025,2025-03-17,N,7.44,F,N,,,936F33371350D577E84B91B5331512A06691DE8DA1B37FBCF79FE324DAB9FAB9,CO,01,No,,,,,01,Dry,,,,,,,,
Injury Crashes,MSP7773001G,Maryland State Police,Single Vehicle,Prince George's,Interstate,No,No,No,No,No,IS 95 SB CD LANE FR MD 198 TO MD 200,95,INTERSTATE ROUTE,No,True,No,3/13/2025,No,Point,39.084300941,-76.898412120,MSP,101,16,02,No,6,,06:25,2025,Thursday,31,Guardrail End Terminal,09,Roadside,1,,,,,,04,Entrance/Exit Ramp or Related,03,Dark - Lighted,3/13/2025,2025-03-13,N,58.03,F,N,,,6148C957F6AF5FD4F9569354CE45C01C19DBA9CEB578B283A913A27B86BB3EFE,IS,01,No,,,,,01,Dry,,,,,,,,
Property Damage Crashes,DJ01820029,Seat Pleasant Police Department,Front to Rear,Prince George's,Principal Arterial – Other,No,No,No,No,No,CENTRAL AVE,214,MARYLAND ROUTE,No,True,No,1/11/2025,No,Point,38.887520363,-76.889515647,SEATPLEASANT,03,16,03,No,20,,20:10,2025,Saturday,12,Motor Vehicle In Transport,05,On Roadway,3,,,,,,06,Non-Junction,03,Dark - Lighted,1/11/2025,2025-01-11,W,34.51,F,N,,,BD98C6139C29B3831C3DD602F84AB1EB43342C54BE54C6A089874238BDA65A43,MD,01,No,,,,,01,Dry,,,,,,,,
Injury Crashes,MSP617100N0,Maryland State Police,Front to Rear,Prince George's,Interstate,No,No,No,No,No,CAPITAL BELTWAY,95,INTERSTATE ROUTE,No,True,No,2/23/2025,No,Point,38.987190984,-76.881739851,MSP,03,16,02,No,18,,18:36,2025,Sunday,12,Motor Vehicle In Transport,05,On Roadway,1,,,,,,06,Non-Junction,03,Dark - Lighted,2/23/2025,2025-02-23,N,43.73,F,N,,,3A4AEDE6642B22D50161BF4166E571C09D9420B92281787CB827AF34061022B0,IS,01,No,,,,,01,Dry,,,,,,,,
Injury Crashes,MSP647600GQ,Maryland State Police,Single Vehicle,Prince George's,Interstate,No,No,No,No,No,RAMP 4 FR MD 5 NB TO IS 95 NB,95,RAMP,No,True,No,1/19/2025,No,Point,38.816455,-76.91553,MSP,101,16,02,No,18,,18:41,2025,Sunday,25,Concrete Traffic Barrier,10,Separator/Traffic Island,1,,,,,,09,Through Roadway,04,Dark - Not Lighted,1/19/2025,2025-01-19,W,32.5,F,N,,,29448CF1C2CE8D15DBC3B27413E87AB24D9E52B3E71548E8123C53C539789675,RP,01,No,,,,,02,Ice/Frost,,,,,,,,
Property Damage Crashes,DA4396001J,Prince George's County Police,Single Vehicle,Prince George's,Local,No,No,No,No,No,LACKAWANNA ST,1587,COUNTY ROAD,No,True,No,4/12/2025,No,Point,39.015449178,-76.969090703,PGCOPD,101,16,03,No,23,,23:00,2025,Saturday,41,Utility Pole/Light Support,09,Roadside,7,,,,,,06,Non-Junction,03,Dark - Lighted,4/12/2025,2025-04-12,W,15.53,F,N,,,89777CE4BFE872A926C586F2220697D96DF69C33733A0B4D006325BF45DB2BD3,CO,01,No,30,Fence,07,"On Shoulder, Right Side",01,Dry,,,,,,,,
Property Damage Crashes,DA418800G5,Prince George's County Police,Single Vehicle,Prince George's,Principal Arterial – Other,No,No,No,No,No,UNIVERSITY BLVD,193,MARYLAND ROUTE,No,True,Yes,4/18/2025,Yes,Point,38.983903645,-76.979224402,PGCOPD,101,16,03,Yes,21,,21:11,2025,Friday,27,Curb,10,Separator/Traffic Island,3,,,,,,10,"Other Location Not Listed Above Within an Interchange Area (median,
shoulder and roadside)",03,Dark - Lighted,4/18/2025,2025-04-18,S,56.14,F,N,,,0DA11AEF159CDBD77CF698A5327D2A52ACC75416E5FBD8261412B52B2AD5D611,MD,01,No,,,,,01,Dry,,,N,04,Activity Area,03,Work on Shoulder or Median,No
Injury Crashes,DA4008008G,Prince George's County Police,Front to Rear,Prince George's,Minor Arterial,No,No,No,No,No,POWDER MILL RD (SB/L),212,MARYLAND ROUTE,No,True,No,5/21/2025,No,Point,39.045296312,-76.940647320,PGCOPD,03,16,02,No,11,,11:18,2025,Wednesday,12,Motor Vehicle In Transport,05,On Roadway,4,,,,,,09,Through Roadway,01,Daylight,5/21/2025,2025-05-21,W,19.55,F,N,,,FC9244A1AB0819487CE15BE9EB74114399243ED9AD9C14412C984DA6D1AD47B2,MD,01,No,,,,,09,Wet,,,,,,,,
Property Damage Crashes,DA3437004F,Prince George's County Police,Front to Front,Prince George's,Minor Arterial,No,No,No,No,No,WOODYARD RD,223,MARYLAND ROUTE,No,True,No,3/18/2025,No,Point,38.770272020,-76.879367496,PGCOPD,02,16,03,Yes,8,02,08:36,2025,Tuesday,12,Motor Vehicle In Transport,05,On Roadway,4,Angled/Skewed,,,TALL CEDAR LA,01,05,Intersection or Related,01,Daylight,3/18/2025,2025-03-18,W,0,F,N,,,903B6344B86CCE436C546A9672CC9FC106704A82F8EF28C9ECD91D2CBFF4A6A0,MD,01,No,,,,,01,Dry,02,Stop - All Way,,,,,,
Injury Crashes,MSP7453009V,Maryland State Police,"Sideswipe, Same Direction",Prince George's,Interstate,No,No,No,No,No,CAPITAL BELTWAY (SB/L),95,INTERSTATE ROUTE,No,True,No,4/4/2025,No,Point,38.98419805,-76.8791039,MSP,07,16,02,No,7,,07:50,2025,Friday,12,Motor Vehicle In Transport,05,On Roadway,1,,,,,,06,Non-Junction,01,Daylight,4/4/2025,2025-04-04,W,18.07,F,N,,,A802B0850413011568FFD4AD27924E77A83AD2A0A7E577E1C3A9A23312DCC2B5,IS,01,No,,,,,09,Wet,,,,,,,,
Injury Crashes,DA4365003G,Prince George's County Police,Angle,Prince George's,Minor Arterial,Yes,No,No,No,No,GOOD LUCK RD,42,COUNTY ROAD,No,True,No,1/19/2025,No,Point,38.979784135,-76.849092771,PGCOPD,01,16,02,No,0,,00:19,2025,Sunday,15,Parked Vehicle,07,"On Shoulder, Right Side",4,,,,,,06,Non-Junction,03,Dark - Lighted,1/19/2025,2025-01-19,W,1.24,F,N,,,373F6F76ED5C225AB9168B9DF5BB8003C9CF13550463E7B9FB54D47C5C3CA198,CO,01,No,15,Parked Vehicle,07,"On Shoulder, Right Side",09,Wet,,,,,,,,
Property Damage Crashes,DA43260020,Prince George's County Police,Front to Rear,Prince George's,,No,No,No,No,No,,880,CROSSOVER,No,True,No,3/2/2025,No,Point,38.868868528,-76.847447403,PGCOPD,03,16,03,No,2,,02:34,2025,Sunday,12,Motor Vehicle In Transport,05,On Roadway,,,,,RITCHIE MARLBORO RD (SB/L),,04,Entrance/Exit Ramp or Related,04,Dark - Not Lighted,3/2/2025,2025-03-02,W,49.11,F,N,,,CA7BB01F5B03142BD232E3B9CE4BB31B8EBBAFCBA6ADF585F35CF26D1CA5F5A4,XO,01,No,,,,,01,Dry,,,,,,,,
Property Damage Crashes,DA4373002K,Prince George's County Police,Other,Prince George's,Principal Arterial – Other,No,No,No,No,No,ST BARNABAS RD,414,MARYLAND ROUTE,No,True,No,5/3/2025,No,Point,38.825136983,-76.946903841,PGCOPD,98,16,03,No,21,,21:20,2025,Saturday,12,Motor Vehicle In Transport,05,On Roadway,3,,,,,,09,Through Roadway,03,Dark - Lighted,5/3/2025,2025-05-03,E,21.18,F,N,,,C85D694BE1E9590185377DFB2B01CBCB1A491A8608112151BFF57903D51ACF08,MD,01,No,,,,,01,Dry,,,,,,,,
Property Damage Crashes,DA4402000W,Prince George's County Police,"Sideswipe, Same Direction",Prince George's,Local,No,Yes,No,No,No,SPAULDING AVE,4140,COUNTY ROAD,Yes,True,No,2/3/2025,No,Point,38.864691483,-76.924766806,PGCOPD,07,16,03,No,14,,14:20,2025,Monday,12,Motor Vehicle In Transport,05,On Roadway,7,,,,,,09,Through Roadway,01,Daylight,2/3/2025,2025-02-03,W,19.67,F,N,,,77B0E4D4686A2F1ECB6B0C88F1BF696F502CA6D2B2E2A8D3157904646F9D9BB2,CO,02,"Yes, School Bus Directly Involved",,,,,01,Dry,,,,,,,,
Property Damage Crashes,BE01120001,District Heights Police Department,Single Vehicle,Prince George's,Local,No,No,No,No,No,DRUID PL,1104,COUNTY ROAD,No,True,No,1/9/2025,No,Point,38.851837585,-76.903777687,DISTHEIGHTS,101,16,03,No,14,,14:30,2025,Thursday,34,Mailbox,07,"On Shoulder, Right Side",7,,100,Local,,,06,Non-Junction,01,Daylight,1/9/2025,2025-01-09,N,10.71,F,N,,,9D2FF678B55FFCC9B0217F6A1D35CF729D1B2E541B70AD3415F2956FBC8BF0F7,CO,01,No,,,,,02,Ice/Frost,,,,,,,,
Property Damage Crashes,MSP757700J8,Maryland State Police,Single Vehicle,Prince George's,Interstate,No,No,No,No,No,CAPITAL BELTWAY (SB/L),95,INTERSTATE ROUTE,No,True,No,3/5/2025,No,Point,39.019439540,-76.931872853,MSP,101,16,03,No,17,,17:18,2025,Wednesday,32,Guardrail Face,03,Median,1,,,,,,09,Through Roadway,01,Daylight,3/5/2025,2025-03-05,W,14.79,F,N,,,495F9E8E7974609001239FD7829773BBF64CB0BDC3ECA250FD1B632BAFA16111,IS,01,No,12,Motor Vehicle In Transport,05,On Roadway,09,Wet,,,,,,,,
Injury Crashes,DS0529000G,University of Maryland Police College Park,Angle,Prince George's,Major Collector,No,No,No,No,No,HARTWICK RD,561,MUNICIPAL ROAD,Yes,True,No,4/4/2025,No,Point,38.980044080,-76.941167805,UMCP,01,16,02,No,13,,13:51,2025,Friday,12,Motor Vehicle In Transport,05,On Roadway,5,,,,,,06,Non-Junction,01,Daylight,4/4/2025,2025-04-04,E,11.24,F,N,,,3BABC1FC30F6348B6B1A61ECC3873B124313180E98E3F72527701A600C49D17D,MU,01,No,,,,,01,Dry,,,,,,,,
Property Damage Crashes,MSP77730024,Maryland State Police,Front to Rear,Prince George's,Interstate,No,No,No,No,No,RAMP 9 FR IS 595 WB TO MD 950 SB,95,RAMP,No,True,No,4/13/2025,No,Point,38.946375035,-76.848775687,MSP,03,16,03,No,16,,16:30,2025,Sunday,12,Motor Vehicle In Transport,05,On Roadway,1,,,,JOHN HANSON HWY (WB/L),,06,Non-Junction,01,Daylight,4/13/2025,2025-04-13,S,26,F,N,,,DA9A4A53CEF278BE249B67B65C224EBD1688C2A9FB553D324CB26F703DC38E44,RP,01,No,,,,,01,Dry,,,,,,,,
Property Damage Crashes,MSP563100JV,Maryland State Police,Single Vehicle,Prince George's,Principal Arterial – Other,No,No,No,No,No,PENNSYLVANIA AVE (SB/L),4,MARYLAND ROUTE,No,True,No,5/5/2025,No,Point,38.811527301,-76.781810726,MSP,101,16,03,No,21,,21:03,2025,Monday,40,Tree (standing),04,"Off-Roadway, Location Unknown",3,,,,,,06,Non-Junction,04,Dark - Not Lighted,5/5/2025,2025-05-05,W,25.88,F,N,,,A786D36366BBDE606E2C40F979B9389D1BFB49B0EDE552511EA8529C36A40929,MD,01,No,97,Not Applicable,,,09,Wet,,,,,,,,
Property Damage Crashes,MSP617100MC,Maryland State Police,"Sideswipe, Same Direction",Prince George's,Interstate,No,Yes,No,No,No,CAPITAL BELTWAY,95,INTERSTATE ROUTE,No,True,No,1/23/2025,No,Point,38.986239875,-76.880721124,MSP,07,16,03,No,12,,12:13,2025,Thursday,12,Motor Vehicle In Transport,05,On Roadway,1,,,,,,06,Non-Junction,01,Daylight,1/23/2025,2025-01-23,N,69.8,F,N,,,74495B692B07B0E8239EE7E5A7627FD386A1362B7F976EC82C0693B2F40DF304,IS,01,No,,,,,01,Dry,,,,,,,,
Property Damage Crashes,AM0391001W,Bladensburg Police Department,Front to Rear,Prince George's,Minor Arterial,No,No,No,No,No,BALTIMORE AVE (SB/L),1,UNITED STATE ROUTE,No,True,No,3/7/2025,No,Point,38.939476799,-76.941989726,BLADENSBURG,03,16,03,Yes,7,,07:48,2025,Friday,12,Motor Vehicle In Transport,05,On Roadway,4,,,,,,04,Entrance/Exit Ramp or Related,01,Daylight,3/7/2025,2025-03-07,N,24.05,F,N,,,462156A9E6E4226A79C85C20BEEB7AD9B426CB57BD23B80E9CDC896867472083,US,01,No,,,,,01,Dry,,,,,,,,
Property Damage Crashes,DA4304005R,Prince George's County Police,Front to Rear,Prince George's,Local,No,No,No,No,No,BRANDON LA,4155,COUNTY ROAD,No,True,No,1/21/2025,No,Point,39.035898151,-76.914842655,PGCOPD,03,16,03,No,4,,04:00,2025,Tuesday,12,Motor Vehicle In Transport,02,In Parking Lane Or Zone,7,,,,,,06,Non-Junction,99,Unknown,1/21/2025,2025-01-21,E,3.88,F,N,,,C86B4DCC9CC380286123C8835EFEB9E4A7F7C27EF68FD03BB0FB3D3CBF23153F,CO,01,No,,,,,99,Unknown,,,,,,,,
Property Damage Crashes,MSP7453009D,Maryland State Police,Front to Rear,Prince George's,Interstate,No,Yes,No,No,No,JOHN HANSON HWY,595,INTERSTATE ROUTE,No,True,No,2/28/2025,No,Point,38.953579267,-76.72546535,MSP,03,16,03,No,5,,05:31,2025,Friday,12,Motor Vehicle In Transport,05,On Roadway,1,,,,,,06,Non-Junction,04,Dark - Not Lighted,2/28/2025,2025-02-28,S,49.19,F,N,,,62527BCD67A38842E26E2B3020D15CA6E08FB993F7F09B057B45AC8F73B70F3A,IS,01,No,,,,,01,Dry,,,,,,,,
Property Damage Crashes,MSP718600J8,Maryland State Police,"Sideswipe, Same Direction",Prince George's,Interstate,No,No,No,No,No,CAPITAL BELTWAY,95,INTERSTATE ROUTE,No,True,No,2/20/2025,No,Point,38.895981229,-76.848312179,MSP,07,16,03,No,8,,08:12,2025,Thursday,12,Motor Vehicle In Transport,05,On Roadway,1,,,,RAMP 2 FR MD 214 WB TO IS 95 NB,,01,Acceleration/Deceleration Lane,01,Daylight,2/20/2025,2025-02-20,N,43.88,F,N,,,5B10DB1E86BF66BF07BC95D4A966BB11224C7A0E789D71453A389078456522A8,IS,01,No,,,,,01,Dry,,,,,,,,
Property Damage Crashes,MSP617100MQ,Maryland State Police,Angle,Prince George's,Local,No,No,No,No,No,HARFORD AVE,1463,COUNTY ROAD,No,True,No,2/14/2025,No,Point,39.035464516,-76.906452090,MSP,01,16,03,No,9,,09:12,2025,Friday,12,Motor Vehicle In Transport,05,On Roadway,7,,,,BALTIMORE AVE,,06,Non-Junction,01,Daylight,2/14/2025,2025-02-14,N,15.25,F,N,,,D0AE7D8B5459ED0028D9FEB4EB264C7B86D3562009C6469106AB15CF7B7F1468,CO,01,No,,,,,01,Dry,,,,,,,,
Property Damage Crashes,CC02800031,Hyattsville Police Department,Front to Rear,Prince George's,Principal Arterial – Other,No,No,No,No,No,RHODE ISLAND AVE,1,UNITED STATE ROUTE,No,True,No,1/12/2025,No,Point,38.945878109,-76.946065456,HYATTSVILLE,03,16,03,No,16,,16:16,2025,Sunday,12,Motor Vehicle In Transport,05,On Roadway,3,,,,,,01,Acceleration/Deceleration Lane,01,Daylight,1/12/2025,2025-01-12,N,30.41,F,N,,,703EB278B29F3697C64AA8D4EF40A1049495A74C0A69D211B2F198BF5AF16ED5,US,01,No,,,,,01,Dry,,,,,,,,
Injury Crashes,DA4414000T,Prince George's County Police,Angle,Prince George's,Major Collector,No,No,No,No,No,BERRY RD,724,COUNTY ROAD,No,True,No,5/14/2025,No,Point,38.687850816,-76.982082967,PGCOPD,01,16,02,Yes,16,04,16:37,2025,Wednesday,12,Motor Vehicle In Transport,05,On Roadway,5,Perpendicular,,,FARMINGTON RD LIVINGSTON RD,03,05,Intersection or Related,01,Daylight,5/14/2025,2025-05-14,N,0,F,N,,,801FBF823D9EC83658B1171D2DA284076F753C0555F3B36A9C528D391F050BFA,CO,01,No,,,,,09,Wet,02,Stop - All Way,,,,,,
Property Damage Crashes,CE36910032,Laurel Police Department,Front to Rear,Prince George's,Local,Yes,No,No,No,No,BOWIE RD,55,MUNICIPAL ROAD,Yes,True,No,4/20/2025,No,Point,39.090128471,-76.846563607,LAUREL,03,16,03,No,1,,01:40,2025,Sunday,12,Motor Vehicle In Transport,02,In Parking Lane Or Zone,7,,,,,,06,Non-Junction,03,Dark - Lighted,4/20/2025,2025-04-20,W,21.42,F,N,,,92454D7D6340429D4C13304BF4667C744E1FD32E0CE64229F28A05165AC0618D,MU,01,No,97,Not Applicable,,,01,Dry,,,,,,,,
Property Damage Crashes,DA44280004,Prince George's County Police,Single Vehicle,Prince George's,Principal Arterial – Other,No,No,No,No,No,MARTIN LUTHER KING JR HWY (WB/L),704,MARYLAND ROUTE,No,True,No,1/10/2025,No,Point,38.947364946,-76.843405342,PGCOPD,101,16,03,No,7,,07:09,2025,Friday,37,Other Traffic Barrier,05,On Roadway,3,,,,,,09,Through Roadway,01,Daylight,1/10/2025,2025-01-10,N,24.09,F,N,,,84AB005A8DFA8F1D927B5D50F91D0F8AFEC66AB7A5B31C3B1C5FD893A1707450,MD,01,No,,,,,01,Dry,,,,,,,,
Injury Crashes,DA4407000X,Prince George's County Police,Front to Rear,Prince George's,,No,No,No,No,No,MARLBORO PIKE (NB/L),3074,COUNTY ROAD,No,True,No,5/9/2025,No,Point,38.871563874,-76.923887478,PGCOPD,03,16,02,No,8,,08:11,2025,Friday,12,Motor Vehicle In Transport,05,On Roadway,,,,,,,06,Non-Junction,98,Other,5/9/2025,2025-05-09,N,27.09,F,N,,,5EF4D0DE78C3831EE881D454CEE5BFDD9BB73CF30DC46B6A3C4225905F304785,CO,01,No,,,,,09,Wet,,,,,,,,
Property Damage Crashes,AM0376002J,Bladensburg Police Department,"Sideswipe, Opposite Direction",Prince George's,Local,No,No,No,No,No,46TH ST,460,MUNICIPAL ROAD,No,True,No,2/13/2025,No,Point,38.941069281,-76.939704341,BLADENSBURG,06,16,03,Yes,9,03,09:47,2025,Thursday,12,Motor Vehicle In Transport,05,On Roadway,7,Perpendicular,,,UPSHUR ST,03,05,Intersection or Related,01,Daylight,2/13/2025,2025-02-13,W,0,F,N,,,7DE0855F62A340EF34FC9AE83576030D4D031DB95DF5AF067F5A1C603AA99604,MU,01,No,,,,,09,Wet,03,Stop - Partial,,,,,,
Property Damage Crashes,MSP647600K3,Maryland State Police,"Sideswipe, Same Direction",Prince George's,Local,No,No,No,No,No,BURCH HILL RD (WB/L),1756,COUNTY ROAD,No,True,No,6/4/2025,No,Point,38.727945,-76.881666667,MSP,07,16,03,No,0,,00:02,2025,Wednesday,12,Motor Vehicle In Transport,05,On Roadway,7,,,,BRANCH AVE (SB/L),,09,Through Roadway,03,Dark - Lighted,6/4/2025,2025-06-04,E,20.32,F,N,,,F72B8B1757EFD2933064BF08B6BC03B8C0A52986671B842A97BD7B013EAD1A7A,CO,01,No,,,,,01,Dry,,,,,,,,
Property Damage Crashes,DA4343002P,Prince George's County Police,Angle,Prince George's,Minor Arterial,No,No,No,No,No,CHERRY LA (WB/L),7,COUNTY ROAD,No,True,No,3/3/2025,No,Point,39.088029493,-76.854206594,PGCOPD,01,16,03,Yes,13,,13:12,2025,Monday,12,Motor Vehicle In Transport,05,On Roadway,4,,,,CHERRY LANE CT,,02,Crossover-Related,01,Daylight,3/3/2025,2025-03-03,N,237.36,F,N,,,FA200FEEB79BB6360B39C76F90ADCFAA246FE8FE53301F61EE96A41A4174EB0D,CO,01,No,,,,,01,Dry,,,,,,,,
Property Damage Crashes,MSP745800R2,Maryland State Police,Front to Rear,Prince George's,Interstate,No,No,No,No,No,CAPITAL BELTWAY,95,INTERSTATE ROUTE,No,True,No,3/25/2025,No,Point,38.895620572,-76.848366244,MSP,03,16,03,No,7,,07:30,2025,Tuesday,12,Motor Vehicle In Transport,05,On Roadway,1,,,,,,01,Acceleration/Deceleration Lane,01,Daylight,3/25/2025,2025-03-25,S,43.48,F,N,,,5C54FEA9947D4F2451F1AD0D3367D9540A6622F149C9A3DFBB8B51BD0883B44E,IS,01,No,,,,,01,Dry,,,,,,,,
Injury Crashes,DA44350006,Prince George's County Police,Single Vehicle,Prince George's,Local,No,No,No,No,No,MONTPELIER DR,70,COUNTY ROAD,No,True,No,5/28/2025,No,Point,39.066798693,-76.849792842,PGCOPD,101,16,02,No,18,,18:36,2025,Wednesday,41,Utility Pole/Light Support,01,Gore,7,,100,Local,,,01,Acceleration/Deceleration Lane,01,Daylight,5/28/2025,2025-05-28,W,7.28,F,N,,,09877347A4FBFBB8C55BAD3FD247DF95096EE207778B324C4AF2FCC98FBFEFC6,CO,01,No,40,Tree (standing),01,Gore,09,Wet,,,,,,,,