Crash Severity Description,Reportnumber,Agencyname,CollisionImpact Description,Crash County Description,FunctionalClass Description,ImpairedCrash,Large Vehicle Involved,Motorcycle Crash,Non-Motorist Crash,OffRoad,RoadName,Route Number,RouteType Description,Unrestrained Occupants,WithinDateRange,Work Zone Related,Crashdate,Work Zone Crash,CrashPoint,Latitude,Longitude,AgencyCode,CollisionImpact,Crash County,Crash Severity,Crash Within Interchange,Crashhour,CrashInterchangeApproaches,Crashtime,CrashYear,Dayofweek,FirstHarmEvent,FirstHarmEvent Description,FirstHarmLocation,FirstHarmLocation Description,FunctionalClass,Geometry Description,GovPropertyDamage,GovPropertyDamage Description,IntersectingRoadName,Intersection Geometry,JunctionRelated,JunctionRelated Description,Light,Light Description,LOD Crash Date,LOD Date Level,MilepointDirection,MilepointDistance,MilepointUnits,NonTrafficFatal,OffroadLocation,OffroadLocation Description,RoadID,RouteType,SchoolBusRelated,SchoolBusRelated Description,SecondHarmEvent,SecondHarmEvent Description,SecondHarmLocation,SecondHarmLocation Description,Surface,Surface Description,TrafficControl,Trafficcontrol Description,WZLawEnforcementPresent,WZLocation,WZLocation Description,WZType,WZType Description,WZWorkersPresent
Property Damage Crashes,MSP744200QM,Maryland State Police,Single Vehicle,Prince George's,,No,No,No,No,No,,50,UNITED STATE ROUTE,No,True,No,1/20/2025,No,Point,38.953521827,-76.724911461,MSP,101,16,03,Yes,18,,18:59,2025,Monday,28,Ditch,03,Median,,,,,,,04,Entrance/Exit Ramp or Related,03,Dark - Lighted,1/20/2025,2025-01-20,N,16.56,F,N,,,D4F3290ADE6BC1A41B6E63B2164D52B6EA99386D59E9DC65905A2E5E8CEDECE6,US,01,No,,,,,01,Dry,,,,,,,,
Property Damage Crashes,CE45870086,Laurel Police Department,Single Vehicle,Prince George's,Local,No,No,No,No,No,SNOWDEN PL,380,MUNICIPAL ROAD,No,True,No,2/27/2025,No,Point,39.107182435,-76.864419536,LAUREL,101,16,03,No,9,,09:37,2025,Thursday,41,Utility Pole/Light Support,09,Roadside,7,,,,,,06,Non-Junction,01,Daylight,2/27/2025,2025-02-27,S,8.36,F,N,,,E906C623B73ADB6841897C80715A713F6E5BAB6C992988C5264332D084F09FFF,MU,01,No,,,,,09,Wet,,,,,,,,
Property Damage Crashes,MSP7664009D,Maryland State Police,"Sideswipe, Same Direction",Prince George's,Principal Arterial – Other,No,No,No,No,No,BRANCH AVE (SB/L),5,MARYLAND ROUTE,No,True,No,3/2/2025,No,Point,38.746800646,-76.879610728,MSP,07,16,03,No,16,,16:20,2025,Sunday,12,Motor Vehicle In Transport,05,On Roadway,3,,,,,,09,Through Roadway,01,Daylight,3/2/2025,2025-03-02,N,13.4,F,N,,,543A40929542592FA8EF0F4DCE6CC4C37FE336F9B45D29FCAE7ED47021FEA5B0,MD,01,No,,,,,01,Dry,,,,,,,,
Property Damage Crashes,MSP546601TM,Maryland State Police,Single Vehicle,Prince George's,Principal Arterial – Other,No,No,No,No,No,CRAIN HWY,301,UNITED STATE ROUTE,No,True,No,5/21/2025,No,Point,38.908351467,-76.717113907,MSP,101,16,03,Yes,11,,11:39,2025,Wednesday,09,Animal (live),05,On Roadway,3,,,,,,09,Through Roadway,01,Daylight,5/21/2025,2025-05-21,W,26.87,F,N,,,AFBA2B9D042B874BDF7CE9F578E481474B53B089561CE266F93FA85D1B195389,US,01,No,,,,,09,Wet,,,,,,,,
Property Damage Crashes,CNC3185000W,New Carrollton Police Department,Single Vehicle,Prince George's,Principal Arterial – Other,No,No,No,No,No,VETERANS PKWY,410,MARYLAND ROUTE,No,True,No,2/1/2025,No,Point,38.952681711,-76.886638853,NCPD,101,16,03,No,9,,09:43,2025,Saturday,32,Guardrail Face,09,Roadside,3,,,,,,06,Non-Junction,01,Daylight,2/1/2025,2025-02-01,S,59.28,F,N,,,9F99ACA10A4FA2F16A67D71440A634E0C4F362A36D92FE69D637E750C4371D09,MD,01,No,,,,,01,Dry,,,,,,,,
Property Damage Crashes,MSP7839006D,Maryland State Police,Single Vehicle,Prince George's,Principal Arterial – Other,Yes,No,No,No,No,RAMP 5 FR MD 202 SB TO MD 214 EB,202,RAMP,No,True,No,6/7/2025,No,Point,38.89668,-76.833503333,MSP,101,16,03,No,17,,17:44,2025,Saturday,28,Ditch,09,Roadside,3,,,,,,06,Non-Junction,01,Daylight,6/7/2025,2025-06-07,N,27.87,F,N,,,C921CFDDA8F675AFE3FF389DA07D72C6C44CC2F9D1A0F96E53C6B8B0D9FB0BBD,RP,01,No,,,,,01,Dry,,,,,,,,
Property Damage Crashes,DA41830070,Prince George's County Police,Front to Rear,Prince George's,Principal Arterial – Other Freeways and Expressways,Yes,No,No,No,No,INDIAN HEAD HWY,210,MARYLAND ROUTE,No,True,No,6/1/2025,No,Point,38.771824023,-76.995485655,PGCOPD,03,16,03,No,21,,21:38,2025,Sunday,12,Motor Vehicle In Transport,05,On Roadway,2,,,,,,06,Non-Junction,03,Dark - Lighted,6/1/2025,2025-06-01,S,10.21,F,N,,,597E82DB1AFA8C8B19964F6D4D6EF0354D42A4EAFB3087ACEA74D7258E1EF5FD,MD,01,No,,,,,01,Dry,,,,,,,,
Property Damage Crashes,DA28840088,Prince George's County Police,Rear To Rear,Prince George's,,No,No,No,No,Yes,,,,No,True,No,3/10/2025,No,Point,39.027592196,-76.917411511,PGCOPD,04,16,03,,9,,09:47,2025,Monday,12,Motor Vehicle In Transport,02,In Parking Lane Or Zone,,,,,,,,,01,Daylight,3/10/2025,2025-03-10,,,F,N,100,Parking Stall,,,01,No,,,,,,,,,,,,,,
Property Damage Crashes,MSP75140076,Maryland State Police,Unknown,Prince George's,Interstate,No,No,No,No,No,NO NAME (SB/L),95,INTERSTATE ROUTE,No,True,No,1/2/2025,No,Point,39.032674003,-76.944571402,MSP,99,16,03,No,17,,17:40,2025,Thursday,12,Motor Vehicle In Transport,05,On Roadway,1,,,,,,06,Non-Junction,05,Dark - Unknown Lighting,1/2/2025,2025-01-02,N,44.71,F,N,,,FFAD89BABC824A372236DD6F6338FC2D8A940B1CF6D01A6DDCCA68AD7525562B,IS,01,No,,,,,01,Dry,,,,,,,,
Property Damage Crashes,DJ0182002P,Seat Pleasant Police Department,"Sideswipe, Same Direction",Prince George's,Principal Arterial – Other,No,Yes,No,No,No,CENTRAL AVE (WB/L),214,MARYLAND ROUTE,No,True,No,5/14/2025,No,Point,38.890599769,-76.854852118,SEATPLEASANT,07,16,03,No,14,,14:00,2025,Wednesday,12,Motor Vehicle In Transport,05,On Roadway,3,,,,,,09,Through Roadway,01,Daylight,5/14/2025,2025-05-14,W,20.06,F,N,,,2AE259902194B39A0F429A814FA9E1EB8ECB26516368BFB1B4D8C4E7E7385FD4,MD,01,No,,,,,01,Dry,,,,,,,,
Injury Crashes,MSP6582016C,Maryland State Police,"Sideswipe, Same Direction",Prince George's,Principal Arterial – Other Freeways and Expressways,No,No,No,No,No,PENNSYLVANIA AVE,4,MARYLAND ROUTE,No,True,Yes,5/2/2025,Yes,Point,38.826763333,-76.853988333,MSP,07,16,02,No,8,,08:52,2025,Friday,12,Motor Vehicle In Transport,09,Roadside,2,,101,State,,,09,Through Roadway,01,Daylight,5/2/2025,2025-05-02,W,13.43,F,N,,,B93BFEF77448E739DFFC65E74CE88F96144CFB23D361136FD34A2E009C111301,MD,01,No,,,,,01,Dry,,,N,04,Activity Area,01,Lane Closure,Yes
Property Damage Crashes,MSP7765006Y,Maryland State Police,Front to Rear,Prince George's,Principal Arterial – Other,No,No,Yes,No,No,BRANCH AVE (SB/L),5,MARYLAND ROUTE,No,True,No,3/12/2025,No,Point,38.755687333,-76.879224167,MSP,03,16,03,No,19,,19:43,2025,Wednesday,12,Motor Vehicle In Transport,05,On Roadway,3,,,,,,09,Through Roadway,04,Dark - Not Lighted,3/12/2025,2025-03-12,N,29.56,F,N,,,30EF5D67395B869200FB3634FF3F05CD5631F67102B72871499CF9749A04B984,MD,01,No,,,,,01,Dry,,,,,,,,
Injury Crashes,DA4251006P,Prince George's County Police,Other,Prince George's,,No,No,No,No,No,,1468,PRIVATE ROAD,No,True,No,3/13/2025,No,Point,38.985006561,-76.812261490,PGCOPD,98,16,02,Yes,15,,15:45,2025,Thursday,12,Motor Vehicle In Transport,05,On Roadway,,,,,GLENN DALE BLVD (WB/L),,09,Through Roadway,01,Daylight,3/13/2025,2025-03-13,E,22.99,F,N,,,3BD2BE7C224CD1267ACC1877557A499534FCAE091C68E733F6911B5124CF52B9,PV,01,No,,,,,01,Dry,,,,,,,,
Injury Crashes,DA4359001K,Prince George's County Police,Front to Rear,Prince George's,Minor Arterial,No,No,No,No,No,CHERRY LA (WB/L),7,COUNTY ROAD,No,True,No,3/20/2025,No,Point,39.087962487,-76.853840138,PGCOPD,03,16,02,No,16,,16:18,2025,Thursday,12,Motor Vehicle In Transport,05,On Roadway,4,,,,,,06,Non-Junction,01,Daylight,3/20/2025,2025-03-20,W,5.72,F,N,,,06C80BFDD21D6406523B124F98B5180AE7BFBEC853D6D5B54D1EBCBD69BC52A6,CO,01,No,,,,,01,Dry,,,,,,,,
Property Damage Crashes,AM03910024,Bladensburg Police Department,Rear To Rear,Prince George's,Local,No,No,No,No,No,EDMONSTON RD,769,MARYLAND ROUTE,No,True,No,4/23/2025,No,Point,38.939923223,-76.934366668,BLADENSBURG,04,16,03,No,15,,15:00,2025,Wednesday,12,Motor Vehicle In Transport,05,On Roadway,7,,,,,,06,Non-Junction,01,Daylight,4/23/2025,2025-04-23,N,8.16,F,N,,,44D2995DAF4E39C02CEAEE097FEEAE80BE9F6A6D08D06FCD0640CE35172D5502,MD,01,No,,,,,01,Dry,,,,,,,,
Property Damage Crashes,DA3546009D,Prince George's County Police,Single Vehicle,Prince George's,Major Collector,No,No,No,No,No,CROOM RD,382,MARYLAND ROUTE,No,True,No,5/5/2025,No,Point,38.719363859,-76.748266598,PGCOPD,101,16,03,No,14,,14:25,2025,Monday,36,"Other Post, Pole, Or Support",08,Outside Road/Right-Of-Way,5,,,,,,06,Non-Junction,01,Daylight,5/5/2025,2025-05-05,S,50.16,F,N,,,71A68DAF3CE2D0F2BA6AC7CD295417DE1CBCE957DEE7A839681A4692FD4957BA,MD,01,No,,,,,09,Wet,,,,,,,,
Property Damage Crashes,DA398700CS,Prince George's County Police,Angle,Prince George's,,No,No,No,No,Yes,,,,No,True,No,5/21/2025,No,Point,38.973140049,-76.846187626,PGCOPD,01,16,03,,14,,14:52,2025,Wednesday,15,Parked Vehicle,04,"Off-Roadway, Location Unknown",,,,,,,,,01,Daylight,5/21/2025,2025-05-21,,,F,N,102,Parking Lot Way,,,01,No,,,,,,,,,,,,,,
Property Damage Crashes,DA349300FM,Prince George's County Police,Unknown,Prince George's,Major Collector,No,No,No,No,No,BERRY RD,724,COUNTY ROAD,No,True,No,5/13/2025,No,Point,38.688273124,-76.981331175,PGCOPD,99,16,03,No,5,04,05:18,2025,Tuesday,12,Motor Vehicle In Transport,99,Unknown,5,Angled/Skewed,,,FARMINGTON RD LIVINGSTON RD,01,05,Intersection or Related,03,Dark - Lighted,5/13/2025,2025-05-13,S,0,F,N,,,801FBF823D9EC83658B1171D2DA284076F753C0555F3B36A9C528D391F050BFA,CO,01,No,,,,,09,Wet,02,Stop - All Way,,,,,,
Injury Crashes,MSP745000K5,Maryland State Police,Single Vehicle,Prince George's,Interstate,No,No,No,No,No,JOHN HANSON HWY,595,INTERSTATE ROUTE,No,True,No,5/9/2025,No,Point,38.952886667,-76.739363333,MSP,101,16,02,No,0,,00:46,2025,Friday,09,Animal (live),05,On Roadway,1,,,,,,09,Through Roadway,04,Dark - Not Lighted,5/9/2025,2025-05-09,N,36.71,F,N,,,D6EC101FB9AC715F00A7607F8126A00D13109AF527AD3CEAE316779EB61450EE,IS,01,No,97,Not Applicable,,,01,Dry,,,,,,,,
Property Damage Crashes,CBPD0053002N,Bowie Police Department,"Sideswipe, Same Direction",Prince George's,Local,No,No,No,No,No,LONDON LA (EB/L),1506,MUNICIPAL ROAD,No,True,No,4/9/2025,No,Point,38.956171629,-76.745191105,BOWIE,07,16,03,Yes,11,04,11:24,2025,Wednesday,12,Motor Vehicle In Transport,05,On Roadway,7,Perpendicular,,,COLLINGTON RD (SB/L) KENHILL DR,03,05,Intersection or Related,01,Daylight,4/9/2025,2025-04-09,N,0,F,N,,,53E318ED4E933E1A18620B82914BF32B1FCAF3AB82AA1B2DD7586804B0C2627B,MU,01,No,,,,,01,Dry,01,Signalized,,,,,,
Property Damage Crashes,DA43940013,Prince George's County Police,Angle,Prince George's,Minor Arterial,No,No,No,No,No,RIGGS RD,212,MARYLAND ROUTE,No,True,No,3/24/2025,No,Point,39.020785280,-76.965168942,PGCOPD,01,16,03,No,18,,18:30,2025,Monday,12,Motor Vehicle In Transport,05,On Roadway,4,,,,,,06,Non-Junction,01,Daylight,3/24/2025,2025-03-24,N,30,F,N,,,A97DA764891EDF5166FD340AA33D03472028B2102E1A0DF389786DFA428D1622,MD,01,No,,,,,01,Dry,,,,,,,,
Property Damage Crashes,CBPD0119002J,Bowie Police Department,Angle,Prince George's,Principal Arterial – Other,No,No,No,No,No,,450,MARYLAND ROUTE,No,True,No,3/20/2025,No,Point,38.981935737,-76.729023771,BOWIE,01,16,03,No,17,,17:20,2025,Thursday,12,Motor Vehicle In Transport,05,On Roadway,3,,,,,,04,Entrance/Exit Ramp or Related,01,Daylight,3/20/2025,2025-03-20,S,33,F,N,,,37064A6017EB56D415FCEBADB9BDFF1EDFF9E5F25279E381FD587E0ED9214FFC,MD,01,No,,,,,01,Dry,,,,,,,,
Property Damage Crashes,DA41510060,Prince George's County Police,"Sideswipe, Opposite Direction",Prince George's,Local,No,No,No,No,No,MARYLAND AVE,587,COUNTY ROAD,No,True,No,3/7/2025,No,Point,38.932568295,-76.899251025,PGCOPD,06,16,03,No,16,02,16:45,2025,Friday,12,Motor Vehicle In Transport,05,On Roadway,7,Angled/Skewed,,,OLD LANDOVER RD,01,05,Intersection or Related,01,Daylight,3/7/2025,2025-03-07,E,0,F,N,,,85C74D9FD5EFBA1FECD234B91B6E51FA781C13DF85D747C5613FD3AAE8E3312E,CO,01,No,,,,,01,Dry,03,Stop - Partial,,,,,,
Injury Crashes,MSP732800KM,Maryland State Police,Single Vehicle,Prince George's,Interstate,Yes,No,No,No,No,NO NAME,95,INTERSTATE ROUTE,No,True,No,2/22/2025,No,Point,39.105284339,-76.885942173,MSP,101,16,02,No,2,,02:12,2025,Saturday,28,Ditch,01,Gore,1,,,,,,06,Non-Junction,04,Dark - Not Lighted,2/22/2025,2025-02-22,S,1.91,F,N,,,6E1128BD1CF0405BF537B2F5EA7622FFCD8C76B576C82E5E4E13213071CB9B3C,IS,01,No,40,Tree (standing),01,Gore,01,Dry,,,,,,,,
Property Damage Crashes,DA43500036,Prince George's County Police,Front to Rear,Prince George's,Principal Arterial – Other,No,No,No,No,No,BRANCH AVE,5,MARYLAND ROUTE,No,True,No,5/29/2025,No,Point,38.839113375,-76.946102048,PGCOPD,03,16,03,No,18,,18:28,2025,Thursday,12,Motor Vehicle In Transport,05,On Roadway,3,,,,,,09,Through Roadway,01,Daylight,5/29/2025,2025-05-29,N,14,F,N,,,9CB0DA0FB4A20D7B5E66B43C07E306846CD845CAB849B93754A3CA7E63975A67,MD,01,No,,,,,01,Dry,,,,,,,,
Property Damage Crashes,DA4418000J,Prince George's County Police,"Sideswipe, Opposite Direction",Prince George's,Local,Yes,No,No,No,No,RUSSELL AVE,480,COUNTY ROAD,No,True,No,1/19/2025,No,Point,38.949421770,-76.974240228,PGCOPD,06,16,03,No,3,,03:30,2025,Sunday,12,Motor Vehicle In Transport,05,On Roadway,7,,,,,,09,Through Roadway,03,Dark - Lighted,1/19/2025,2025-01-19,S,49,F,N,,,4C0898A2AB36CBFB4A94FCF1FBC6E503445B1883E20F1CD682D1F5EAC4BB10C2,CO,01,No,,,,,01,Dry,,,,,,,,
Property Damage Crashes,DA4389002R,Prince George's County Police,"Sideswipe, Same Direction",Prince George's,Principal Arterial – Other,No,Yes,No,No,No,UNIVERSITY BLVD,193,MARYLAND ROUTE,No,True,No,5/1/2025,No,Point,38.985392505,-76.957873548,PGCOPD,07,16,03,No,15,,15:40,2025,Thursday,12,Motor Vehicle In Transport,05,On Roadway,3,,,,,,09,Through Roadway,01,Daylight,5/1/2025,2025-05-01,N,9.94,F,N,,,4A1C2A45469BA293D079F158B23F785C4674BB4B5BA915707B65EE793DCBFCAD,MD,02,"Yes, School Bus Directly Involved",,,,,01,Dry,,,,,,,,
Property Damage Crashes,MSP78390064,Maryland State Police,Front to Rear,Prince George's,Principal Arterial – Other Freeways and Expressways,No,No,No,No,No,BRANCH AVE,5,MARYLAND ROUTE,No,True,No,5/30/2025,No,Point,38.722493333,-76.880138333,MSP,03,16,03,No,5,,05:45,2025,Friday,12,Motor Vehicle In Transport,05,On Roadway,2,,,,,,06,Non-Junction,04,Dark - Not Lighted,5/30/2025,2025-05-30,E,4.12,F,N,,,0A9B63AFE48F6929FD8A833B519A7200F8EFFD253651013EF4943A5F44D7F073,MD,01,No,,,,,09,Wet,,,,,,,,
Property Damage Crashes,DA281000FL,Prince George's County Police,Rear To Side,Prince George's,Minor Arterial,No,No,No,No,No,ANNAPOLIS RD (WB/L),450,MARYLAND ROUTE,No,True,No,2/4/2025,No,Point,38.964792736,-76.840249135,PGCOPD,05,16,03,Yes,16,03,16:19,2025,Tuesday,12,Motor Vehicle In Transport,05,On Roadway,4,Perpendicular,,,SEABROOK RD,03,05,Intersection or Related,01,Daylight,2/4/2025,2025-02-04,N,0,F,N,,,6ECC29C1EF7E0FB50F617144C0B2E5E23E87509A05709E96E5EEE3EA50EE034A,MD,01,No,12,Motor Vehicle In Transport,05,On Roadway,01,Dry,05,No Controls,,,,,,
Property Damage Crashes,MSP65820163,Maryland State Police,"Sideswipe, Same Direction",Prince George's,Interstate,No,No,No,No,No,CAPITAL BELTWAY,95,INTERSTATE ROUTE,No,True,No,3/27/2025,No,Point,38.911764324,-76.849994574,MSP,07,16,03,No,5,,05:40,2025,Thursday,12,Motor Vehicle In Transport,05,On Roadway,1,,102,Federal,,,09,Through Roadway,04,Dark - Not Lighted,3/27/2025,2025-03-27,N,67.28,F,N,,,A65F7A5DD52F13124EBA3417D5F470B8841DDF27726301A1DEDDD95CFD428CD4,IS,01,No,32,Guardrail Face,07,"On Shoulder, Right Side",01,Dry,,,,,,,,
Injury Crashes,DA3057009D,Prince George's County Police,Other,Prince George's,Principal Arterial – Other Freeways and Expressways,No,No,No,No,No,INDIAN HEAD HWY (SB/L),210,MARYLAND ROUTE,Yes,True,No,1/26/2025,No,Point,38.766144924,-76.994491845,PGCOPD,98,16,02,Yes,21,04,21:00,2025,Sunday,12,Motor Vehicle In Transport,05,On Roadway,2,Perpendicular,,,LIVINGSTON RD,03,05,Intersection or Related,04,Dark - Not Lighted,1/26/2025,2025-01-26,S,0,F,N,,,20397AB2F91CE1624917276C107F02062C75878D3CD6C008F49C4BE536E36FC6,MD,01,No,,,,,01,Dry,01,Signalized,,,,,,
Property Damage Crashes,MSP675100L4,Maryland State Police,Single Vehicle,Prince George's,Interstate,No,Yes,No,No,No,RAMP 9 FR IS 595 WB TO MD 950 SB,95,RAMP,No,True,No,4/4/2025,No,Point,38.946426544,-76.849214004,MSP,101,16,03,No,2,,02:09,2025,Friday,27,Curb,10,Separator/Traffic Island,1,,,,,,04,Entrance/Exit Ramp or Related,03,Dark - Lighted,4/4/2025,2025-04-04,S,38.18,F,N,,,EEF99495FC6556BB019629529BDAEF229C238FC6FBA498EFDBA6F6DA35BC0FE3,RP,01,No,07,Overturn/Rollover,05,On Roadway,01,Dry,,,,,,,,
Injury Crashes,DA3381003S,Prince George's County Police,Other,Prince George's,Local,No,No,No,No,No,N ENGLEWOOD DR,540,COUNTY ROAD,No,True,No,4/27/2025,No,Point,38.909652648,-76.921558353,PGCOPD,98,16,02,Yes,0,03,00:09,2025,Sunday,12,Motor Vehicle In Transport,05,On Roadway,7,Perpendicular,,,ADDISON RD,03,05,Intersection or Related,03,Dark - Lighted,4/27/2025,2025-04-27,E,0,F,N,,,72B1F1674AB7EC89E000CA20C0312A484C3DFCF30A4EF3B6C7A142C50D0A1119,CO,01,No,,,,,01,Dry,01,Signalized,,,,,,
Property Damage Crashes,DA35830016,Prince George's County Police,Single Vehicle,Prince George's,Local,No,No,No,No,No,ST GEORGE BLVD (NB/L),6708,COUNTY ROAD,No,True,No,2/9/2025,No,Point,38.783545157,-77.013210783,PGCOPD,101,16,03,No,1,,01:24,2025,Sunday,35,"Other Fixed Object (wall, building, tunnel, etc.)",99,Unknown,7,,,,,,06,Non-Junction,03,Dark - Lighted,2/9/2025,2025-02-09,N,23.62,F,N,,,AF507F38F9223B1C34864D899CBDE3200D963CCA2B9823B7D291125BDEFF00AB,CO,01,No,13,Other Non-Fixed Object,05,On Roadway,09,Wet,,,,,,,,
Injury Crashes,HB0519000F,Maryland-National Capital Park Police Prince George's County,Single Vehicle,Prince George's,,No,No,No,Yes,Yes,,,,No,True,No,1/11/2025,No,Point,38.911380057,-76.867408921,PGPARK,101,16,02,,12,,12:22,2025,Saturday,17,Pedestrian,05,On Roadway,,,,,,,,,01,Daylight,1/11/2025,2025-01-11,,,F,N,103,Private Road,,,01,No,,,,,,,,,,,,,,
Property Damage Crashes,DA3002006V,Prince George's County Police,Front to Front,Prince George's,Major Collector,No,No,No,No,No,WESTPHALIA RD,91,COUNTY ROAD,No,True,No,4/10/2025,No,Point,38.846408269,-76.814635976,PGCOPD,02,16,03,No,12,,12:00,2025,Thursday,12,Motor Vehicle In Transport,05,On Roadway,5,,,,,,09,Through Roadway,01,Daylight,4/10/2025,2025-04-10,W,16.91,F,N,,,5F015BCC9CD0E82FA1CDD4402C305EDBD3E971B1426AAD90904E7F37E539FE84,CO,01,No,12,Motor Vehicle In Transport,05,On Roadway,01,Dry,,,,,,,,
Property Damage Crashes,DA393600G2,Prince George's County Police,"Sideswipe, Same Direction",Prince George's,Minor Arterial,No,Yes,No,No,No,WALKER MILL RD (EB/L),367,COUNTY ROAD,Yes,True,No,3/6/2025,No,Point,38.873166517,-76.857328734,PGCOPD,07,16,03,No,16,,16:42,2025,Thursday,12,Motor Vehicle In Transport,05,On Roadway,4,,,,,,06,Non-Junction,01,Daylight,3/6/2025,2025-03-06,S,19.47,F,N,,,52FED42E65CA8A3594DD523D4322F511E6EEFCD77A8139B424564F633DACBCED,CO,02,"Yes, School Bus Directly Involved",,,,,01,Dry,,,,,,,,
Property Damage Crashes,DA4008008L,Prince George's County Police,Single Vehicle,Prince George's,Major Collector,No,No,No,No,No,SELLMAN RD,6701,COUNTY ROAD,No,True,No,6/5/2025,No,Point,39.034034519,-76.936671615,PGCOPD,101,16,03,No,15,,15:30,2025,Thursday,27,Curb,10,Separator/Traffic Island,5,,,,,,10,"Other Location Not Listed Above Within an Interchange Area (median,
shoulder and roadside)",01,Daylight,6/5/2025,2025-06-05,E,51.34,F,N,,,16FD577FE86296680887FF8DC522EBE8346A9F9CB0F29360DE2AE93024E9A657,CO,01,No,40,Tree (standing),10,Separator/Traffic Island,01,Dry,,,,,,,,
Property Damage Crashes,DA4294003B,Prince George's County Police,Front to Rear,Prince George's,Local,No,No,No,No,No,DORIS DR,2214,COUNTY ROAD,No,True,No,2/9/2025,No,Point,38.761692897,-76.961657884,PGCOPD,03,16,03,No,4,,04:30,2025,Sunday,12,Motor Vehicle In Transport,05,On Roadway,7,,,,,,06,Non-Junction,04,Dark - Not Lighted,2/9/2025,2025-02-09,W,126.77,F,N,,,1CDBB537F32FE135B12C2C971ABCCC246C9E5E0C6B557E747F7E3DBE445208E1,CO,01,No,,,,,09,Wet,,,,,,,,
Property Damage Crashes,MSP6931014M,Maryland State Police,Single Vehicle,Prince George's,Interstate,No,No,No,No,No,CAPITAL BELTWAY (SB/L),95,INTERSTATE ROUTE,No,True,No,4/30/2025,No,Point,38.819074523,-76.914268895,MSP,101,16,03,No,23,,23:58,2025,Wednesday,32,Guardrail Face,09,Roadside,1,,101,State,,,06,Non-Junction,04,Dark - Not Lighted,4/30/2025,2025-04-30,S,21.05,F,N,,,9834DCAF97455E0E4588422867C2A26ABEE9489770802D71F9C76C920A3266C1,IS,01,No,28,Ditch,01,Gore,01,Dry,,,,,,,,
Injury Crashes,MSP745800NW,Maryland State Police,Front to Rear,Prince George's,Interstate,No,No,No,No,No,RAMP 8 FR IS 95 SB TO MD 4 WB,95,RAMP,No,True,No,1/16/2025,No,Point,38.841925319,-76.865487509,MSP,03,16,02,No,13,,13:43,2025,Thursday,12,Motor Vehicle In Transport,05,On Roadway,1,,,,,,01,Acceleration/Deceleration Lane,01,Daylight,1/16/2025,2025-01-16,W,27.41,F,N,,,3982F649D362CD2781430221BF8DDD6AF669DC7A2A7EEFCD73EACFB79B7C52D4,RP,01,No,,,,,01,Dry,,,,,,,,
Property Damage Crashes,DA4426000X,Prince George's County Police,Rear To Side,Prince George's,Local,No,No,No,No,No,MUNCY RD,1228,COUNTY ROAD,No,True,No,3/23/2025,No,Point,38.921635671,-76.876353609,PGCOPD,05,16,03,No,15,,15:39,2025,Sunday,12,Motor Vehicle In Transport,05,On Roadway,7,,,,,,06,Non-Junction,01,Daylight,3/23/2025,2025-03-23,N,21.25,F,N,,,7D1871CA56E25A3E03DAB840446AEC704A54B66F1F1A3B5D40B2EEDC5612E6B9,CO,01,No,,,,,01,Dry,,,,,,,,
Property Damage Crashes,MSP7787005L,Maryland State Police,Front to Rear,Prince George's,Interstate,No,No,No,No,No,RAMP 6 FR MD 450 EB TO RAMP 7 (TO IS 95),95,RAMP,No,True,No,3/11/2025,No,Point,38.959425959,-76.867778991,MSP,03,16,03,Yes,20,,20:35,2025,Tuesday,12,Motor Vehicle In Transport,05,On Roadway,1,,,,RAMP 7 FR MD 450 WB TO IS 95 SB,,04,Entrance/Exit Ramp or Related,04,Dark - Not Lighted,3/11/2025,2025-03-11,S,56.91,F,N,,,B56E372415090E8AC420F66C7815008FED3A1D84758421C560BB36F2568ACD83,RP,01,No,,,,,01,Dry,,,,,,,,
Property Damage Crashes,CBPD0086007Q,Bowie Police Department,"Sideswipe, Opposite Direction",Prince George's,Local,No,No,No,No,No,WINCHESTER LA,3270,MUNICIPAL ROAD,No,True,No,1/20/2025,No,Point,38.990506101,-76.755414613,BOWIE,06,16,03,No,3,,03:00,2025,Monday,12,Motor Vehicle In Transport,05,On Roadway,7,,,,WOODHAVEN LA,,06,Non-Junction,03,Dark - Lighted,1/20/2025,2025-01-20,S,8.4,F,N,,,7B9CB308C4725AF2329D8643FC7D9D6C24C9B034A354D7CFDCE7E883C174F5E2,MU,01,No,15,Parked Vehicle,08,Outside Road/Right-Of-Way,02,Ice/Frost,,,,,,,,
Property Damage Crashes,MSP744700PM,Maryland State Police,Front to Rear,Prince George's,Interstate,No,No,No,No,No,CAPITAL BELTWAY (SB/L),95,INTERSTATE ROUTE,No,True,No,5/27/2025,No,Point,38.793095584,-77.026101900,MSP,03,16,03,No,6,,06:49,2025,Tuesday,12,Motor Vehicle In Transport,05,On Roadway,1,,,,,,06,Non-Junction,01,Daylight,5/27/2025,2025-05-27,W,48.78,F,N,,,F7147A0653E9C2A7A5E2C7FA66CBA025F00C399D3461994B349AFBC8306A1800,IS,01,No,,,,,01,Dry,,,,,,,,