Crash Severity Description,Reportnumber,Agencyname,CollisionImpact Description,Crash County Description,FunctionalClass Description,ImpairedCrash,Large Vehicle Involved,Motorcycle Crash,Non-Motorist Crash,OffRoad,RoadName,Route Number,RouteType Description,Unrestrained Occupants,WithinDateRange,Work Zone Related,Crashdate,Work Zone Crash,CrashPoint,Latitude,Longitude,AgencyCode,CollisionImpact,Crash County,Crash Severity,Crash Within Interchange,Crashhour,CrashInterchangeApproaches,Crashtime,CrashYear,Dayofweek,FirstHarmEvent,FirstHarmEvent Description,FirstHarmLocation,FirstHarmLocation Description,FunctionalClass,Geometry Description,GovPropertyDamage,GovPropertyDamage Description,IntersectingRoadName,Intersection Geometry,JunctionRelated,JunctionRelated Description,Light,Light Description,LOD Crash Date,LOD Date Level,MilepointDirection,MilepointDistance,MilepointUnits,NonTrafficFatal,OffroadLocation,OffroadLocation Description,RoadID,RouteType,SchoolBusRelated,SchoolBusRelated Description,SecondHarmEvent,SecondHarmEvent Description,SecondHarmLocation,SecondHarmLocation Description,Surface,Surface Description,TrafficControl,Trafficcontrol Description,WZLawEnforcementPresent,WZLocation,WZLocation Description,WZType,WZType Description,WZWorkersPresent
Property Damage Crashes,CNC31830020,New Carrollton Police Department,Front to Rear,Prince George's,Interstate,No,No,No,No,No,RAMP 5 FR RAMP 8 (FR IS 95) TO MD 450 EB,95,RAMP,No,True,No,1/11/2025,No,Point,38.958697657,-76.867394967,NCPD,03,16,03,No,0,,00:32,2025,Saturday,12,Motor Vehicle In Transport,05,On Roadway,1,,,,ANNAPOLIS RD,,09,Through Roadway,03,Dark - Lighted,1/11/2025,2025-01-11,N,8.74,F,N,,,60D5E1AD1F40F01C61B59E9A03C3163B5FEAA0E0594AD719D88A1E1D1FAC240B,RP,01,No,,,,,07,Snow,,,,,,,,
Property Damage Crashes,CC0219008M,Hyattsville Police Department,Front to Rear,Prince George's,Minor Arterial,No,No,No,No,No,HAMILTON ST,208,MARYLAND ROUTE,No,True,No,2/7/2025,No,Point,38.954605363,-76.959198094,HYATTSVILLE,03,16,03,No,14,,14:11,2025,Friday,12,Motor Vehicle In Transport,05,On Roadway,4,,,,,,06,Non-Junction,01,Daylight,2/7/2025,2025-02-07,W,33.92,F,N,,,2A22558869213F92AA545142977B096B7AEF5D1E0AAA912A0387EF934A50F4A6,MD,01,No,,,,,01,Dry,,,,,,,,
Injury Crashes,MSP7843002G,Maryland State Police,Single Vehicle,Prince George's,Interstate,Yes,No,No,No,No,CAPITAL BELTWAY,95,INTERSTATE ROUTE,No,True,No,3/9/2025,No,Point,39.018538452,-76.916514671,MSP,101,16,02,No,3,,03:02,2025,Sunday,25,Concrete Traffic Barrier,03,Median,1,,,,,,06,Non-Junction,04,Dark - Not Lighted,3/9/2025,2025-03-09,E,20.23,F,N,,,924CD6B03C087D443A2FB8C9943CDBED5ED1F2F3F5B96BEC9D557EB8619D20DB,IS,01,No,,,,,01,Dry,,,,,,,,
Property Damage Crashes,DA3615000S,Prince George's County Police,Single Vehicle,Prince George's,Local,No,No,No,No,No,CHESSINGTON WAY,6757,COUNTY ROAD,No,True,No,3/31/2025,No,Point,38.927400645,-76.834508557,PGCOPD,101,16,03,Unknown,18,,18:24,2025,Monday,35,"Other Fixed Object (wall, building, tunnel, etc.)",99,Unknown,7,,,,,,99,Unknown,01,Daylight,3/31/2025,2025-03-31,S,46.47,F,N,,,066B8EA929330F4390F264D24B188B5D02EC281192401837F87B59C63AC7E84B,CO,01,No,,,,,01,Dry,,,,,,,,
Property Damage Crashes,DA4413000L,Prince George's County Police,Front to Rear,Prince George's,,No,Yes,No,No,No,,635,SPUR,No,True,No,3/13/2025,No,Point,38.939085694,-76.940604133,PGCOPD,03,16,03,No,16,,16:00,2025,Thursday,12,Motor Vehicle In Transport,05,On Roadway,,,,,,,06,Non-Junction,01,Daylight,3/13/2025,2025-03-13,E,68.71,F,N,,,CE8A2FF71754E51F16432B490A668B830FC0038B86165EA62270ED82C0BE3EE6,SP,02,"Yes, School Bus Directly Involved",,,,,01,Dry,,,,,,,,
Property Damage Crashes,DA4357002D,Prince George's County Police,Front to Rear,Prince George's,Minor Arterial,No,No,No,No,No,,223,MARYLAND ROUTE,No,True,No,1/9/2025,No,Point,38.764881820,-76.899997376,PGCOPD,03,16,03,No,12,,12:08,2025,Thursday,12,Motor Vehicle In Transport,05,On Roadway,4,,,,,,06,Non-Junction,01,Daylight,1/9/2025,2025-01-09,N,12.18,F,N,,,4A5442E19381370C4A97901379D25354D4B082BC334B624A11140F19661121C5,MD,01,No,,,,,01,Dry,,,,,,,,
Injury Crashes,MSP745800PQ,Maryland State Police,Front to Rear,Prince George's,Principal Arterial – Other Freeways and Expressways,No,No,No,No,No,BRANCH AVE,5,MARYLAND ROUTE,No,True,No,2/18/2025,No,Point,38.819006667,-76.918501667,MSP,03,16,02,No,5,,05:25,2025,Tuesday,12,Motor Vehicle In Transport,05,On Roadway,2,,,,,,01,Acceleration/Deceleration Lane,03,Dark - Lighted,2/18/2025,2025-02-18,S,26.54,F,N,,,97AD7B33741BE09C454F6046FF661EF4EBAFD5AFD0FB58A86C692D69DDF3714F,MD,01,No,,,,,01,Dry,,,,,,,,
Property Damage Crashes,DA409400C0,Prince George's County Police,Other,Prince George's,,No,No,No,No,Yes,,,,Yes,True,No,4/7/2025,No,Point,38.941572739,-76.902551946,PGCOPD,98,16,03,,15,,15:20,2025,Monday,12,Motor Vehicle In Transport,05,On Roadway,,,,,,,,,01,Daylight,4/7/2025,2025-04-07,,,F,N,102,Parking Lot Way,,,01,No,,,,,,,,,,,,,,
Property Damage Crashes,MSP77780074,Maryland State Police,Front to Rear,Prince George's,Interstate,No,No,No,No,No,CAPITAL BELTWAY (SB/L),95,INTERSTATE ROUTE,No,True,No,1/10/2025,No,Point,39.020736892,-76.935316885,MSP,03,16,03,No,17,,17:34,2025,Friday,12,Motor Vehicle In Transport,05,On Roadway,1,,,,,,09,Through Roadway,03,Dark - Lighted,1/10/2025,2025-01-10,W,43.61,F,N,,,8365422CC4191CC638A0BA1E0DC93FC7254C2D35B62E2B4A8CE518DEBB267946,IS,01,No,,,,,01,Dry,,,,,,,,
Property Damage Crashes,DA44050017,Prince George's County Police,"Sideswipe, Opposite Direction",Prince George's,Local,No,No,No,No,No,GOODLAND DR,3848,COUNTY ROAD,No,True,No,5/4/2025,No,Point,38.923399829,-76.879542179,PGCOPD,06,16,03,No,12,,12:00,2025,Sunday,15,Parked Vehicle,07,"On Shoulder, Right Side",7,,,,,,99,Unknown,99,Unknown,5/4/2025,2025-05-04,E,7.99,F,N,,,6C4D66B85B7571091F7F4EBAC2A2042F237A0CFCACF9AFF3A0C39749F17E6293,CO,01,No,,,,,99,Unknown,,,,,,,,
Injury Crashes,CNC31600091,New Carrollton Police Department,Rear To Side,Prince George's,Local,No,No,No,No,No,GARRISON RD (SB/L),216,COUNTY ROAD,No,True,No,5/15/2025,No,Point,38.952420207,-76.880565696,NCPD,05,16,02,Yes,17,02,17:51,2025,Thursday,12,Motor Vehicle In Transport,05,On Roadway,7,Perpendicular,,,ANNAPOLIS RD (WB/L),03,05,Intersection or Related,01,Daylight,5/15/2025,2025-05-15,W,0,F,N,,,444E0FF07AA9127B1686274F5ED92D0FB8361DC1E41FCBD82972D140163791A0,CO,01,No,,,,,01,Dry,03,Stop - Partial,,,,,,
Property Damage Crashes,MSP7782005H,Maryland State Police,Front to Rear,Prince George's,Principal Arterial – Other,No,No,No,No,No,PENNSYLVANIA AVE (SB/L),4,MARYLAND ROUTE,No,True,No,1/12/2025,No,Point,38.835466667,-76.859415,MSP,03,16,03,No,3,,03:02,2025,Sunday,12,Motor Vehicle In Transport,07,"On Shoulder, Right Side",3,,,,,,09,Through Roadway,04,Dark - Not Lighted,1/12/2025,2025-01-12,E,46.79,F,N,,,790E542AEE1B3AAA59F5F4051A4264FA846423B5B2D9D42296561E544C03B4E1,MD,01,No,,,,,01,Dry,,,,,,,,
Property Damage Crashes,DA3465007X,Prince George's County Police,Single Vehicle,Prince George's,Local,No,No,No,No,No,DENT RD,186,COUNTY ROAD,No,True,No,3/1/2025,No,Point,38.658253068,-76.833462569,PGCOPD,101,16,03,No,15,,15:46,2025,Saturday,13,Other Non-Fixed Object,07,"On Shoulder, Right Side",7,,,,,,06,Non-Junction,01,Daylight,3/1/2025,2025-03-01,E,145.07,F,N,,,93B4DC8B882295BFD7E4D34C8DA3DA3A3835B6BB4F5DDB9946A63774C579199B,CO,01,No,40,Tree (standing),07,"On Shoulder, Right Side",01,Dry,,,,,,,,
Injury Crashes,MSP738100D0,Maryland State Police,Front to Front,Prince George's,Interstate,No,No,No,No,No,RAMP 8 FR IS 95 SB TO MD 221A WB,95,RAMP,Yes,True,No,5/24/2025,No,Point,38.872313498,-76.844112051,MSP,02,16,02,No,6,,06:57,2025,Saturday,12,Motor Vehicle In Transport,05,On Roadway,1,,,,,,04,Entrance/Exit Ramp or Related,01,Daylight,5/24/2025,2025-05-24,S,25.37,F,N,,,AE199541C01F7420755B711357FF5FC7F441E7BF805657FC065A8EEF90A8C749,RP,01,No,,,,,01,Dry,,,,,,,,
Property Damage Crashes,HB0492000F,Maryland-National Capital Park Police Prince George's County,Front to Rear,Prince George's,,No,No,No,No,No,HAIG DR,1508,PRIVATE ROAD,No,True,No,4/20/2025,No,Point,38.966458599,-76.922013527,PGPARK,03,16,03,No,18,,18:30,2025,Sunday,12,Motor Vehicle In Transport,02,In Parking Lane Or Zone,,,,,,,06,Non-Junction,01,Daylight,4/20/2025,2025-04-20,N,28.89,F,N,,,30041C678080A5B548078DE13767451CB220251D1BD06DA093EB55B70887C81A,PV,01,No,,,,,01,Dry,,,,,,,,
Property Damage Crashes,DA41920082,Prince George's County Police,Angle,Prince George's,,No,No,No,No,No,,38,SPUR,No,True,No,2/9/2025,No,Point,38.819308466,-76.763610984,PGCOPD,01,16,03,No,23,,23:00,2025,Sunday,12,Motor Vehicle In Transport,09,Roadside,,,,,,,09,Through Roadway,03,Dark - Lighted,2/9/2025,2025-02-09,E,34.87,F,N,,,474430401967560E19133232A4B3CF59FB0D2D736697A05F08C63CD32C8AB8C9,SP,01,No,97,Not Applicable,,,01,Dry,,,,,,,,
Property Damage Crashes,CBPD0112005D,Bowie Police Department,Unknown,Prince George's,,No,No,No,No,Yes,,,,No,True,No,4/19/2025,No,Point,38.944622589,-76.738210064,BOWIE,99,16,03,,15,,15:20,2025,Saturday,15,Parked Vehicle,02,In Parking Lane Or Zone,,,,,,,,,01,Daylight,4/19/2025,2025-04-19,,,F,N,102,Parking Lot Way,,,01,No,,,,,,,,,,,,,,
Property Damage Crashes,DA4340004J,Prince George's County Police,"Sideswipe, Same Direction",Prince George's,Local,No,No,No,No,No,FORBES BLVD,4701,COUNTY ROAD,No,True,No,4/22/2025,No,Point,38.990891149,-76.827532122,PGCOPD,07,16,03,No,15,,15:45,2025,Tuesday,12,Motor Vehicle In Transport,99,Unknown,7,,,,,,06,Non-Junction,01,Daylight,4/22/2025,2025-04-22,N,53.96,F,N,,,400FF07B1BC4A7A5C8D5D5B199FEFC1E700C0037AA6C83040CF0394378A8DE78,CO,01,No,,,,,01,Dry,,,,,,,,
Property Damage Crashes,MSP766500BM,Maryland State Police,Front to Rear,Prince George's,Principal Arterial – Other Freeways and Expressways,No,No,No,No,No,JOHN HANSON HWY (WB/L),50,UNITED STATE ROUTE,No,True,No,4/6/2025,No,Point,38.918378065,-76.930242972,MSP,03,16,03,No,15,,15:36,2025,Sunday,12,Motor Vehicle In Transport,05,On Roadway,2,,,,,,06,Non-Junction,01,Daylight,4/6/2025,2025-04-06,N,10.49,F,N,,,9096B2664E4B7CE157E069DB5D63835AD9D0E9D396595DE2157153547CFA8BF6,US,01,No,,,,,01,Dry,,,,,,,,
Injury Crashes,MSP647600HL,Maryland State Police,Front to Rear,Prince George's,Principal Arterial – Other,No,Yes,No,No,No,CRAIN HWY (SB/L),301,UNITED STATE ROUTE,No,True,No,3/29/2025,No,Point,38.664244371,-76.874639043,MSP,03,16,02,No,9,,09:32,2025,Saturday,12,Motor Vehicle In Transport,05,On Roadway,3,,,,MCKENDREE RD,,09,Through Roadway,01,Daylight,3/29/2025,2025-03-29,S,62.88,F,N,,,637807F357CB7C156180928F2396AFCDB8FCC86D87630F643329A9E6041878C0,US,01,No,12,Motor Vehicle In Transport,05,On Roadway,01,Dry,,,,,,,,
Property Damage Crashes,DA4415000G,Prince George's County Police,"Sideswipe, Same Direction",Prince George's,,No,No,No,No,No,,1150,PRIVATE ROAD,No,True,No,3/5/2025,No,Point,38.971669345,-76.903573749,PGCOPD,07,16,03,No,14,,14:37,2025,Wednesday,12,Motor Vehicle In Transport,05,On Roadway,,,,,,,06,Non-Junction,01,Daylight,3/5/2025,2025-03-05,S,14.39,F,N,,,72742C04AD238A6E24B30384E048333495E6D43FB19852E5EDD1C62C3386DE44,PV,01,No,12,Motor Vehicle In Transport,05,On Roadway,09,Wet,,,,,,,,
Property Damage Crashes,CBPD01240019,Bowie Police Department,Angle,Prince George's,Minor Arterial,No,No,No,No,No,COLLINGTON RD,197,MARYLAND ROUTE,No,True,No,5/16/2025,No,Point,38.956189565,-76.744846786,BOWIE,01,16,03,No,20,,20:29,2025,Friday,12,Motor Vehicle In Transport,05,On Roadway,4,,,,,,06,Non-Junction,04,Dark - Not Lighted,5/16/2025,2025-05-16,W,37.29,F,N,,,6A07CDCC86E15046C1160134E1F6496D7565CA982655146741A328A1BC884A9D,MD,01,No,,,,,01,Dry,,,,,,,,
Property Damage Crashes,MSP745800TL,Maryland State Police,Single Vehicle,Prince George's,Interstate,No,No,No,No,No,CAPITAL BELTWAY,95,INTERSTATE ROUTE,No,True,No,6/7/2025,No,Point,38.811323333,-76.962783333,MSP,101,16,03,No,9,,09:57,2025,Saturday,32,Guardrail Face,06,"On Shoulder, Left Side",1,,101,State,,,01,Acceleration/Deceleration Lane,01,Daylight,6/7/2025,2025-06-07,S,27.19,F,N,,,824F4A2CFE631EFD1577DA6612AB65FBAB5DAB68DC0B3CEF9EDC6E37E5B2610E,IS,01,No,,,,,09,Wet,,,,,,,,
Property Damage Crashes,MSP745800QM,Maryland State Police,Other,Prince George's,Principal Arterial – Other,No,No,No,No,No,LARGO RD,202,MARYLAND ROUTE,No,True,No,3/14/2025,No,Point,38.916344409,-76.844737668,MSP,98,16,03,No,0,,00:30,2025,Friday,12,Motor Vehicle In Transport,05,On Roadway,3,,,,ST JOSEPHS DR,,01,Acceleration/Deceleration Lane,03,Dark - Lighted,3/14/2025,2025-03-14,S,50.77,F,N,,,66BC04DB549902947CD833B47306CFDB4E938B93CC874C7FE88BC947332373E0,MD,01,No,,,,,01,Dry,,,,,,,,
Property Damage Crashes,BW0204002P,Greenbelt Police Department,Single Vehicle,Prince George's,Local,No,No,No,No,No,NORTHWAY,350,MUNICIPAL ROAD,Yes,True,No,1/22/2025,No,Point,39.006967910,-76.870695837,GREENBELT,101,16,03,Yes,13,,13:00,2025,Wednesday,07,Overturn/Rollover,04,"Off-Roadway, Location Unknown",7,,,,,,08,Shared-Use Path or Trail,01,Daylight,1/22/2025,2025-01-22,W,14.38,F,N,,,7867944CC6609959E26C3D6F57BBD77859952681DA180781FD40550759B801A7,MU,01,No,,,,,02,Ice/Frost,,,,,,,,
Injury Crashes,DA3522009R,Prince George's County Police,Front to Rear,Prince George's,Principal Arterial – Other,No,No,No,No,No,EAST WEST HWY (WB/L),410,MARYLAND ROUTE,No,True,No,1/27/2025,No,Point,38.968805565,-76.972065290,PGCOPD,03,16,02,No,13,,13:11,2025,Monday,12,Motor Vehicle In Transport,05,On Roadway,3,,,,,,06,Non-Junction,01,Daylight,1/27/2025,2025-01-27,S,2.44,F,N,,,D0DAB95270E696813ECC7BD14059BC07559F7C95B04BF9FCF7CDCFE08339FFE9,MD,01,No,,,,,01,Dry,,,,,,,,
Property Damage Crashes,DA3199005M,Prince George's County Police,"Sideswipe, Opposite Direction",Prince George's,,No,No,No,No,No,,87,COUNTY ROAD,No,True,No,3/4/2025,No,Point,38.881598329,-76.859237256,PGCOPD,06,16,03,No,22,02,22:45,2025,Tuesday,12,Motor Vehicle In Transport,05,On Roadway,,Perpendicular,,,ASHWOOD DR,03,05,Intersection or Related,03,Dark - Lighted,3/4/2025,2025-03-04,N,0,F,N,,,A93DF64FE6CB288F81F116DAED447B1BF6CF077F15B913A525F9EF96D4DE1757,CO,01,No,97,Not Applicable,,,01,Dry,03,Stop - Partial,,,,,,
Property Damage Crashes,DA3088007B,Prince George's County Police,Unknown,Prince George's,Local,No,No,No,No,No,31ST AVE,971,COUNTY ROAD,No,True,No,1/13/2025,No,Point,38.845462434,-76.954815270,PGCOPD,99,16,03,No,9,,09:43,2025,Monday,15,Parked Vehicle,05,On Roadway,7,,,,CURTIS DR,,06,Non-Junction,01,Daylight,1/13/2025,2025-01-13,N,203.24,F,N,,,E1AAB387803BD74D9B0E7605177798F6DAC98789E96DDF41C7D89385201DEBE2,CO,01,No,,,,,01,Dry,,,,,,,,
Injury Crashes,MSP7773001Y,Maryland State Police,Single Vehicle,Prince George's,Principal Arterial – Other,No,No,No,No,No,CRAIN HWY (SB/L),3,MARYLAND ROUTE,No,True,No,3/30/2025,No,Point,38.961176294,-76.717406432,MSP,101,16,02,No,2,,02:15,2025,Sunday,36,"Other Post, Pole, Or Support",09,Roadside,3,,,,,,06,Non-Junction,03,Dark - Lighted,3/30/2025,2025-03-30,E,17.54,F,N,,,EFD2A16C257ABC49635D85A8813B841F0585EBFA1281FC4FDB3708EFE9120592,MD,01,No,,,,,01,Dry,,,,,,,,
Property Damage Crashes,BW02190011,Greenbelt Police Department,Single Vehicle,Prince George's,Principal Arterial – Other,No,No,No,No,No,GREENBELT RD,193,MARYLAND ROUTE,No,True,No,5/18/2025,No,Point,38.994141531,-76.875026495,GREENBELT,101,16,03,No,23,,23:14,2025,Sunday,13,Other Non-Fixed Object,03,Median,3,,100,Local,,,01,Acceleration/Deceleration Lane,03,Dark - Lighted,5/18/2025,2025-05-18,E,44.56,F,N,,,B1255DF36A80E0BC0956E8E499335A7B67E1CD8108537338DC864D69DF4EC2B8,MD,01,No,,,,,01,Dry,,,,,,,,
Property Damage Crashes,MSP718600LF,Maryland State Police,Front to Rear,Prince George's,Principal Arterial – Other,No,No,No,No,No,CRAIN HWY,301,UNITED STATE ROUTE,No,True,No,6/3/2025,No,Point,38.951542615,-76.717168003,MSP,03,16,03,No,12,,12:05,2025,Tuesday,12,Motor Vehicle In Transport,05,On Roadway,3,,,,,,09,Through Roadway,01,Daylight,6/3/2025,2025-06-03,S,51.03,F,N,,,76925C8C54936697755704A50B653DEF6E95B2FAD1FF99D1BABE78B618565111,US,01,No,,,,,01,Dry,,,,,,,,
Property Damage Crashes,DA4363001B,Prince George's County Police,"Sideswipe, Same Direction",Prince George's,Minor Arterial,No,Yes,No,No,No,GOOD LUCK RD,42,COUNTY ROAD,Yes,True,No,5/30/2025,No,Point,38.990652234,-76.835955055,PGCOPD,07,16,03,No,13,,13:35,2025,Friday,12,Motor Vehicle In Transport,05,On Roadway,4,,,,,,09,Through Roadway,01,Daylight,5/30/2025,2025-05-30,S,31.22,F,N,,,8E48BA0AFF1FF918302949BF229638741CE54B87DC1C485C581848209ECC1653,CO,01,No,,,,,01,Dry,,,,,,,,
Property Damage Crashes,DA4420000S,Prince George's County Police,Front to Rear,Prince George's,,No,No,No,No,No,,919,CROSSOVER,No,True,No,3/3/2025,No,Point,38.988130884,-76.986361299,PGCOPD,03,16,03,No,9,,09:20,2025,Monday,12,Motor Vehicle In Transport,05,On Roadway,,,,,UNIVERSITY BLVD (WB/L),,06,Non-Junction,01,Daylight,3/3/2025,2025-03-03,S,20.06,F,N,,,2B4518AD1190D2AE11A302CC42BD33CEDFC7B36E5C2CB77DBDEC672933CC432A,XO,01,No,,,,,01,Dry,,,,,,,,
Injury Crashes,AM0395000D,Bladensburg Police Department,Angle,Prince George's,Minor Arterial,No,No,No,No,No,BALTIMORE AVE,1,UNITED STATE ROUTE,Yes,True,No,5/16/2025,No,Point,38.944028741,-76.940926491,BLADENSBURG,01,16,02,Yes,13,,13:42,2025,Friday,12,Motor Vehicle In Transport,05,On Roadway,4,,,,TANGLEWOOD DR,,99,Unknown,01,Daylight,5/16/2025,2025-05-16,S,69.95,F,N,,,14487D88B849222B9F510B7D71413566CDCE01147283951BEB2F8DE4478A6985,US,01,No,,,,,01,Dry,,,,,,,,
Property Damage Crashes,DA3380009T,Prince George's County Police,Front to Rear,Prince George's,Local,No,No,No,No,No,WOODY TERR,5380,COUNTY ROAD,No,True,No,4/18/2025,No,Point,38.767131865,-76.887037635,PGCOPD,03,16,03,No,15,,15:30,2025,Friday,12,Motor Vehicle In Transport,05,On Roadway,7,,,,,,01,Acceleration/Deceleration Lane,01,Daylight,4/18/2025,2025-04-18,S,19.97,F,N,,,0868C19F06D4EB2256930F835E4E13FD047E8666DE9D63F13642E4A00F16AA0D,CO,01,No,12,Motor Vehicle In Transport,05,On Roadway,01,Dry,,,,,,,,
Property Damage Crashes,DA4424000Z,Prince George's County Police,"Sideswipe, Same Direction",Prince George's,Principal Arterial – Other,No,No,No,No,No,ADDISON RD,366,COUNTY ROAD,No,True,No,5/3/2025,No,Point,38.868202892,-76.892898276,PGCOPD,07,16,03,No,10,,10:50,2025,Saturday,12,Motor Vehicle In Transport,05,On Roadway,3,,,,,,09,Through Roadway,01,Daylight,5/3/2025,2025-05-03,N,24.73,F,N,,,8C959DC1BA343E8B0F9D55DCF23B65597F044CDC39FFFD9873DC17E527162F49,CO,01,No,,,,,01,Dry,,,,,,,,
Property Damage Crashes,DA4225007S,Prince George's County Police,Front to Rear,Prince George's,Major Collector,No,No,No,No,No,ADDISON RD,351,COUNTY ROAD,No,True,No,5/17/2025,No,Point,38.910586802,-76.924214870,PGCOPD,03,16,03,No,3,,03:30,2025,Saturday,15,Parked Vehicle,07,"On Shoulder, Right Side",5,,,,,,06,Non-Junction,03,Dark - Lighted,5/17/2025,2025-05-17,E,29.71,F,N,,,01C43B89DDDB5413E61EA965558904D5245DE39BB109F5CC7459442B840DBCA1,CO,01,No,,,,,09,Wet,,,,,,,,
Property Damage Crashes,AZ1744000S,Cheverly Police Department,"Sideswipe, Same Direction",Prince George's,Local,No,No,No,No,No,KILMER ST,210,MUNICIPAL ROAD,No,True,No,4/15/2025,No,Point,38.929813701,-76.915680306,CHEVERLY,07,16,03,No,10,,10:00,2025,Tuesday,12,Motor Vehicle In Transport,05,On Roadway,7,,,,LAKE AVE #1,,09,Through Roadway,01,Daylight,4/15/2025,2025-04-15,N,8.28,F,N,,,BF9C475FD07AE64009CA8F978D39E3ECAC1EE90AAB552B88DE27C4AA2EDD19F7,MU,01,No,15,Parked Vehicle,05,On Roadway,01,Dry,,,,,,,,
Injury Crashes,DA4421001Z,Prince George's County Police,Angle,Prince George's,Major Collector,No,No,No,No,No,SURRATTS RD,130,COUNTY ROAD,No,True,Yes,4/22/2025,Yes,Point,38.751459070,-76.883442704,PGCOPD,01,16,02,No,15,04,15:58,2025,Tuesday,12,Motor Vehicle In Transport,05,On Roadway,5,Perpendicular,,,STUART LA (NB/L) SUMMIT CREEK DR,03,05,Intersection or Related,01,Daylight,4/22/2025,2025-04-22,S,0,F,N,,,31C6F485D17E023FC3CBF2B035AEA11E2AB15C715EE6E71E34F47AE817D3B175,CO,01,No,,,,,01,Dry,03,Stop - Partial,N,02,Advance Warning Area,03,Work on Shoulder or Median,No
Property Damage Crashes,DA4343003J,Prince George's County Police,Front to Rear,Prince George's,Minor Arterial,No,Yes,No,No,No,POWDER MILL RD (SB/L),212,MARYLAND ROUTE,Yes,True,No,5/16/2025,No,Point,39.036778616,-76.948377684,PGCOPD,03,16,03,No,11,,11:40,2025,Friday,12,Motor Vehicle In Transport,05,On Roadway,4,,,,,,06,Non-Junction,01,Daylight,5/16/2025,2025-05-16,S,37.35,F,N,,,6079A5EABF967825EE64C948E83BDD8F7AE491CC1C9040B5CEC8CDC95F40749A,MD,02,"Yes, School Bus Directly Involved",,,,,01,Dry,,,,,,,,
Injury Crashes,MSP77730030,Maryland State Police,"Sideswipe, Same Direction",Prince George's,Interstate,No,No,No,No,No,CAPITAL BELTWAY,95,INTERSTATE ROUTE,No,True,No,6/3/2025,No,Point,38.977811333,-76.873210317,MSP,07,16,02,No,20,,20:23,2025,Tuesday,12,Motor Vehicle In Transport,05,On Roadway,1,,,,,,06,Non-Junction,101,Dusk,6/3/2025,2025-06-03,E,25.47,F,N,,,5B0F18194A470B201B2088F578468ED7F56063AF6C8F4CC3F14210A242DD3B73,IS,01,No,,,,,01,Dry,,,,,,,,
Property Damage Crashes,DA4380002V,Prince George's County Police,Front to Front,Prince George's,Local,No,No,No,No,No,SERVICE RD E,210,MARYLAND ROUTE,No,True,No,2/25/2025,No,Point,38.739704095,-76.991108930,PGCOPD,02,16,03,No,5,,05:24,2025,Tuesday,12,Motor Vehicle In Transport,05,On Roadway,7,,,,OLD MUSKET LA,,01,Acceleration/Deceleration Lane,03,Dark - Lighted,2/25/2025,2025-02-25,W,19.19,F,N,,,343A94652289A6A4229CB1BDC023B3173662F0D11597D4E0261ACEA2669F3373,MD,01,No,,,,,01,Dry,,,,,,,,
Property Damage Crashes,DA4411000N,Prince George's County Police,Angle,Prince George's,Minor Arterial,No,No,No,No,No,OLD MARLBORO PIKE,4024,COUNTY ROAD,Yes,True,No,3/30/2025,No,Point,38.819229422,-76.763702169,PGCOPD,01,16,03,No,20,,20:00,2025,Sunday,12,Motor Vehicle In Transport,05,On Roadway,4,,,,BROWN STATION RD OLD MARLBORO PIKE,,01,Acceleration/Deceleration Lane,03,Dark - Lighted,3/30/2025,2025-03-30,S,22.58,F,N,,,085BF89241D75FDC5DED4C2F95C030760BDD3F9A17191C2568A3C19D09858787,CO,01,No,,,,,01,Dry,,,,,,,,
Property Damage Crashes,DA3774008J,Prince George's County Police,Front to Rear,Prince George's,Principal Arterial – Other,No,No,No,No,No,,1,UNITED STATE ROUTE,No,True,No,3/10/2025,No,Point,39.008066411,-76.929399507,PGCOPD,03,16,03,Yes,17,,17:04,2025,Monday,12,Motor Vehicle In Transport,05,On Roadway,3,,,,,,01,Acceleration/Deceleration Lane,01,Daylight,3/10/2025,2025-03-10,N,20.65,F,N,,,899FD5F658D29DCDFEDA3D690440EEC3040B9CF6358361886E60FF8D6421FC68,US,01,No,,,,,01,Dry,,,,,,,,
Injury Crashes,DA35460094,Prince George's County Police,Angle,Prince George's,Minor Arterial,No,No,No,No,No,,223,MARYLAND ROUTE,No,True,No,4/11/2025,No,Point,38.794144783,-76.836286241,PGCOPD,01,16,02,No,20,04,20:09,2025,Friday,12,Motor Vehicle In Transport,05,On Roadway,4,Perpendicular,,,DOWER HOUSE RD,03,05,Intersection or Related,03,Dark - Lighted,4/11/2025,2025-04-11,N,0,F,N,,,2291C2E81958D213B6F129F2A2CE51E9EEF29BFCBB4DA0E3D0942FA3053FBB29,MD,01,No,,,,,09,Wet,01,Signalized,,,,,,
Property Damage Crashes,CE4152008P,Laurel Police Department,Rear To Side,Prince George's,Principal Arterial – Other,No,No,No,No,No,LAUREL BOWIE RD,197,MARYLAND ROUTE,No,True,No,4/17/2025,No,Point,39.093438461,-76.843318925,LAUREL,05,16,03,Yes,7,04,07:46,2025,Thursday,12,Motor Vehicle In Transport,05,On Roadway,3,Perpendicular,,,MORRIS DR,03,05,Intersection or Related,01,Daylight,4/17/2025,2025-04-17,S,0,F,N,,,4157DCB6AAE47361441EE33B5A5CC11B58012A959BC48F2E4A7F82FFDE64B590,MD,01,No,,,,,01,Dry,01,Signalized,,,,,,