Crash Severity Description,Reportnumber,Agencyname,CollisionImpact Description,Crash County Description,FunctionalClass Description,ImpairedCrash,Large Vehicle Involved,Motorcycle Crash,Non-Motorist Crash,OffRoad,RoadName,Route Number,RouteType Description,Unrestrained Occupants,WithinDateRange,Work Zone Related,Crashdate,Work Zone Crash,CrashPoint,Latitude,Longitude,AgencyCode,CollisionImpact,Crash County,Crash Severity,Crash Within Interchange,Crashhour,CrashInterchangeApproaches,Crashtime,CrashYear,Dayofweek,FirstHarmEvent,FirstHarmEvent Description,FirstHarmLocation,FirstHarmLocation Description,FunctionalClass,Geometry Description,GovPropertyDamage,GovPropertyDamage Description,IntersectingRoadName,Intersection Geometry,JunctionRelated,JunctionRelated Description,Light,Light Description,LOD Crash Date,LOD Date Level,MilepointDirection,MilepointDistance,MilepointUnits,NonTrafficFatal,OffroadLocation,OffroadLocation Description,RoadID,RouteType,SchoolBusRelated,SchoolBusRelated Description,SecondHarmEvent,SecondHarmEvent Description,SecondHarmLocation,SecondHarmLocation Description,Surface,Surface Description,TrafficControl,Trafficcontrol Description,WZLawEnforcementPresent,WZLocation,WZLocation Description,WZType,WZType Description,WZWorkersPresent
Property Damage Crashes,DA4365003R,Prince George's County Police,Front to Rear,Prince George's,,No,No,No,No,No,,300,COUNTY ROAD,No,True,No,3/1/2025,No,Point,38.962176336,-76.863782301,PGCOPD,03,16,03,No,18,,18:11,2025,Saturday,12,Motor Vehicle In Transport,05,On Roadway,,,,,,,06,Non-Junction,03,Dark - Lighted,3/1/2025,2025-03-01,E,49.59,F,N,,,B3303600F4FFCD2E2750B5D75914CB3359491EA5921A0F29AEA89D95C28E7A2D,CO,01,No,,,,,01,Dry,,,,,,,,
Property Damage Crashes,DA29910039,Prince George's County Police,Single Vehicle,Prince George's,Local,Yes,No,No,No,No,MGM NATIONAL AVE,5591,OTHER PUBLIC ROAD,No,True,No,5/11/2025,No,Point,38.794899256,-77.007582106,PGCOPD,101,16,03,No,1,,01:30,2025,Sunday,27,Curb,09,Roadside,7,,,,,,06,Non-Junction,03,Dark - Lighted,5/11/2025,2025-05-11,E,43.82,F,N,,,3D3071666F3C5CF34A556DF3A1B57FA87F4AB354AD02A2389AED48637D86FF11,OP,01,No,40,Tree (standing),04,"Off-Roadway, Location Unknown",01,Dry,,,,,,,,
Property Damage Crashes,DA406900B5,Prince George's County Police,Front to Rear,Prince George's,Principal Arterial – Other Freeways and Expressways,No,No,No,No,No,KENILWORTH AVE (SB/L),201,MARYLAND ROUTE,No,True,No,5/12/2025,No,Point,38.991149618,-76.905117592,PGCOPD,03,16,03,No,9,,09:43,2025,Monday,12,Motor Vehicle In Transport,05,On Roadway,2,,,,,,09,Through Roadway,01,Daylight,5/12/2025,2025-05-12,S,19.73,F,N,,,2290B6B31DE1829B152B47254D8A7A3FF197C7DE39BA77730AD76876951405BA,MD,01,No,,,,,01,Dry,,,,,,,,
Injury Crashes,BP9424003T,Forest Heights Police Department,Front to Front,Prince George's,Minor Arterial,No,No,No,No,No,INDIAN HEAD HWY,210,MARYLAND ROUTE,No,True,No,4/9/2025,No,Point,38.815392351,-76.998362307,FORESTHEIGHTS,02,16,02,Yes,21,03,21:30,2025,Wednesday,12,Motor Vehicle In Transport,05,On Roadway,4,Perpendicular,,,LIVINGSTON RD,03,05,Intersection or Related,03,Dark - Lighted,4/9/2025,2025-04-09,W,0,F,N,,,5F4ACAFC54044F4791CA3522B94E6AB0EA27077BE634E63C29E06F7A802C7B13,MD,01,No,,,,,01,Dry,01,Signalized,,,,,,
Injury Crashes,BW01910025,Greenbelt Police Department,Front to Rear,Prince George's,Principal Arterial – Other Freeways and Expressways,No,No,No,No,No,RAMP 1 FR MD 201 NB TO MD 193 WB,201,RAMP,No,True,No,3/17/2025,No,Point,38.996270604,-76.899945037,GREENBELT,03,16,02,No,9,03,09:28,2025,Monday,12,Motor Vehicle In Transport,05,On Roadway,2,Perpendicular,,,GREENBELT RD (WB/L),03,05,Intersection or Related,01,Daylight,3/17/2025,2025-03-17,N,0,F,N,,,1A920B60F7E8F97120AA0ECE84E9D937415BFA87AF557A1068BBE36128049CE3,RP,01,No,,,,,01,Dry,01,Signalized,,,,,,
Property Damage Crashes,BP1147000W,Forest Heights Police Department,Front to Front,Prince George's,Local,No,No,No,No,No,BALD EAGLE RD,210,MARYLAND ROUTE,No,True,No,3/16/2025,No,Point,38.806239846,-76.999235562,FORESTHEIGHTS,02,16,03,No,1,,01:51,2025,Sunday,12,Motor Vehicle In Transport,05,On Roadway,7,,,,INDIAN HEAD HWY (SB/L) RAMP 10 FR RAMP 2 TO BALD EAGLE RD,,09,Through Roadway,03,Dark - Lighted,3/16/2025,2025-03-16,E,130.9,F,N,,,A1C288C6A949759912F66FA318F2D74D513B8337A088BEE7ED5AF865466ABA1F,MD,01,No,,,,,01,Dry,,,,,,,,
Property Damage Crashes,DA37790032,Prince George's County Police,"Sideswipe, Same Direction",Prince George's,Minor Arterial,No,No,No,No,No,HARRY S TRUMAN DR (SB/L),3465,COUNTY ROAD,No,True,No,5/24/2025,No,Point,38.887977764,-76.836257824,PGCOPD,07,16,03,No,20,,20:50,2025,Saturday,12,Motor Vehicle In Transport,05,On Roadway,4,,,,,,06,Non-Junction,04,Dark - Not Lighted,5/24/2025,2025-05-24,W,11.7,F,N,,,51FBCE9FA622BE141525CD50AF01210036016456669F61712A4DEEF0AC513266,CO,01,No,,,,,01,Dry,,,,,,,,
Property Damage Crashes,MSP7778007B,Maryland State Police,Single Vehicle,Prince George's,Interstate,Yes,No,No,No,No,CAPITAL BELTWAY,495,INTERSTATE ROUTE,No,True,No,1/19/2025,No,Point,39.018999452,-76.959890760,MSP,101,16,03,No,3,,03:46,2025,Sunday,28,Ditch,01,Gore,1,,,,,,09,Through Roadway,04,Dark - Not Lighted,1/19/2025,2025-01-19,W,11.05,F,N,,,BEC0B5637D9C66FB1A21E6F7C0DD9BA967CAFF2FAE895A6098F003055FBA08BC,IS,01,No,,,,,09,Wet,,,,,,,,
Property Damage Crashes,MSP77760056,Maryland State Police,Front to Rear,Prince George's,Principal Arterial – Other,No,No,No,No,No,BALTIMORE AVE (SB/L),1,UNITED STATE ROUTE,No,True,No,3/7/2025,No,Point,39.066772502,-76.879618333,MSP,03,16,03,No,15,,15:00,2025,Friday,12,Motor Vehicle In Transport,05,On Roadway,3,,,,,,06,Non-Junction,01,Daylight,3/7/2025,2025-03-07,S,29.01,F,N,,,22B1876DD09A202A5ADA724F2DE338FB44482B2BB71DE71FF56D0C749A4BCE68,US,01,No,,,,,01,Dry,,,,,,,,
Property Damage Crashes,DA43460021,Prince George's County Police,Angle,Prince George's,,No,No,No,No,No,MARLBORO PIKE (NB/L),3074,COUNTY ROAD,No,True,No,4/17/2025,No,Point,38.863880552,-76.913923902,PGCOPD,01,16,03,Yes,21,04,21:00,2025,Thursday,12,Motor Vehicle In Transport,05,On Roadway,,Perpendicular,,,BROOKS DR (SB/L),03,05,Intersection or Related,03,Dark - Lighted,4/17/2025,2025-04-17,N,0,F,N,,,FCB6D3730CE24D92192E3379DD2D96924A20D7F637EECDB5F6CD856F8D45D978,CO,01,No,,,,,01,Dry,01,Signalized,,,,,,
Property Damage Crashes,DA3635006G,Prince George's County Police,Other,Prince George's,Local,No,Yes,No,No,No,TANTALLON DR,2917,COUNTY ROAD,No,True,No,3/11/2025,No,Point,38.717963343,-77.005784912,PGCOPD,98,16,03,Yes,16,04,16:50,2025,Tuesday,12,Motor Vehicle In Transport,05,On Roadway,7,Perpendicular,100,Local,FORT WASHINGTON RD,03,05,Intersection or Related,01,Daylight,3/11/2025,2025-03-11,S,0,F,N,,,B2A7C115775595C83F797494EC8B578815EB95519D11792E364FA9359BBE5298,CO,02,"Yes, School Bus Directly Involved",,,,,01,Dry,03,Stop - Partial,,,,,,
Property Damage Crashes,CNC31840027,New Carrollton Police Department,Single Vehicle,Prince George's,Minor Arterial,No,No,No,No,No,ANNAPOLIS RD,450,MARYLAND ROUTE,No,True,No,5/4/2025,No,Point,38.957865400,-76.868997518,NCPD,101,16,03,No,11,,11:38,2025,Sunday,13,Other Non-Fixed Object,05,On Roadway,4,,,,,,09,Through Roadway,01,Daylight,5/4/2025,2025-05-04,E,81.13,F,N,,,D15C80A5EF58A263BD4AC1BB1CB96A56F69777C7F21524A3266017B29F24920C,MD,01,No,,,,,09,Wet,,,,,,,,
Injury Crashes,MSP745000J7,Maryland State Police,Front to Rear,Prince George's,Interstate,No,No,No,No,No,NO NAME (SB/L),95,INTERSTATE ROUTE,No,True,No,2/28/2025,No,Point,39.07993,-76.901446667,MSP,03,16,02,No,23,,23:49,2025,Friday,12,Motor Vehicle In Transport,05,On Roadway,1,,,,,,09,Through Roadway,03,Dark - Lighted,2/28/2025,2025-02-28,E,28.73,F,N,,,AB45EBB5BCAB34B8B1E5BFECA7C730CF1106BF35AE85CC1B6C068AF4316AB339,IS,01,No,97,Not Applicable,,,01,Dry,,,,,,,,
Property Damage Crashes,DA349300FF,Prince George's County Police,Front to Rear,Prince George's,Principal Arterial – Other Freeways and Expressways,No,No,No,No,No,INDIAN HEAD HWY,210,MARYLAND ROUTE,No,True,No,2/17/2025,No,Point,38.742644187,-76.991840740,PGCOPD,03,16,03,No,23,,23:40,2025,Monday,12,Motor Vehicle In Transport,05,On Roadway,2,,,,FORT WASHINGTON RD,,09,Through Roadway,05,Dark - Unknown Lighting,2/17/2025,2025-02-17,E,44.53,F,N,,,046AAE68C22BA6D866D8337C65B4E9E621810D2CCD94E24EDC13F9633E2F4860,MD,01,No,,,,,01,Dry,,,,,,,,
Property Damage Crashes,BW02140017,Greenbelt Police Department,Angle,Prince George's,Local,No,No,No,No,No,EDMONSTON RD,90,MUNICIPAL ROAD,No,True,No,2/15/2025,No,Point,39.003279164,-76.897769203,GREENBELT,01,16,03,No,15,,15:29,2025,Saturday,12,Motor Vehicle In Transport,05,On Roadway,7,,,,,,03,Driveway Access or Related,01,Daylight,2/15/2025,2025-02-15,N,26.21,F,N,,,FCDDD76B3331DF8F3DBA0E17B884955157A982495E76A08A90293C31C689FCAE,MU,01,No,,,,,09,Wet,,,,,,,,
Property Damage Crashes,DA3372003P,Prince George's County Police,"Sideswipe, Same Direction",Prince George's,Local,No,No,No,No,No,CURTIS DR,605,COUNTY ROAD,No,True,No,2/4/2025,No,Point,38.846779742,-76.953149647,PGCOPD,07,16,03,No,7,,07:35,2025,Tuesday,12,Motor Vehicle In Transport,05,On Roadway,7,,,,,,06,Non-Junction,01,Daylight,2/4/2025,2025-02-04,E,13.77,F,N,,,F3D9AC7C3F4E723B8E1AF20AEB136699E28662EBECEB10560501B5E6A7773DAD,CO,01,No,97,Not Applicable,,,01,Dry,,,,,,,,
Property Damage Crashes,MSP7416001Y,Maryland State Police,Front to Rear,Prince George's,Interstate,No,No,No,No,No,CAPITAL BELTWAY,95,INTERSTATE ROUTE,No,True,No,5/3/2025,No,Point,38.992548930,-76.886617397,MSP,03,16,03,No,19,,19:31,2025,Saturday,12,Motor Vehicle In Transport,05,On Roadway,1,,,,,,09,Through Roadway,04,Dark - Not Lighted,5/3/2025,2025-05-03,S,52.59,F,N,,,5CB02E273D68867CE9B5DC687B979B88DD39835458FE5EE066B777553EBD1F7B,IS,01,No,,,,,09,Wet,,,,,,,,
Property Damage Crashes,DA3567009R,Prince George's County Police,"Sideswipe, Opposite Direction",Prince George's,Local,No,No,No,No,No,PRATT ST,80,MUNICIPAL ROAD,No,True,No,3/11/2025,No,Point,38.817012,-76.749278,PGCOPD,06,16,03,No,9,,09:04,2025,Tuesday,12,Motor Vehicle In Transport,05,On Roadway,7,,,,,,06,Non-Junction,01,Daylight,3/11/2025,2025-03-11,N,37.17,F,N,,,D26A6D322EC0DC32EBB67EA3FFBC54E97CA1F663346A0B74F69FA0D3EDE215C0,MU,01,No,,,,,01,Dry,,,,,,,,
Property Damage Crashes,DA380100DY,Prince George's County Police,Angle,Prince George's,,No,No,No,No,Yes,,,,No,True,No,3/12/2025,No,Point,39.003932736,-76.969478290,PGCOPD,01,16,03,,15,,15:00,2025,Wednesday,12,Motor Vehicle In Transport,04,"Off-Roadway, Location Unknown",,,,,,,,,01,Daylight,3/12/2025,2025-03-12,,,F,N,102,Parking Lot Way,,,01,No,,,,,,,,,,,,,,
Property Damage Crashes,DA43410024,Prince George's County Police,Front to Rear,Prince George's,Principal Arterial – Other Freeways and Expressways,No,No,No,No,No,ALLENTOWN RD (SB/L),337,MARYLAND ROUTE,No,True,No,5/6/2025,No,Point,38.808451412,-76.898288203,PGCOPD,03,16,03,No,13,,13:01,2025,Tuesday,12,Motor Vehicle In Transport,05,On Roadway,2,,,,,,01,Acceleration/Deceleration Lane,01,Daylight,5/6/2025,2025-05-06,S,37.87,F,N,,,475326716756DB8A11DECD6C5E7E1C8890B292D8086E824A6C180606E75789A5,MD,01,No,,,,,01,Dry,,,,,,,,
Property Damage Crashes,MSP7664009S,Maryland State Police,"Sideswipe, Same Direction",Prince George's,Principal Arterial – Other,No,No,No,No,No,CRAIN HWY,301,UNITED STATE ROUTE,No,True,No,3/27/2025,No,Point,38.688692531,-76.872141103,MSP,07,16,03,No,18,,18:35,2025,Thursday,12,Motor Vehicle In Transport,05,On Roadway,3,,,,,,09,Through Roadway,01,Daylight,3/27/2025,2025-03-27,N,27.77,F,N,,,ACD6E217DA421F65883E2D755D1CFBFAFEF3D932AB0BF8DF1C8A9A964A88B0D4,US,01,No,,,,,01,Dry,,,,,,,,
Property Damage Crashes,MSP745000KR,Maryland State Police,Single Vehicle,Prince George's,Interstate,No,No,No,No,No,NO NAME,95,INTERSTATE ROUTE,No,True,No,5/25/2025,No,Point,39.078622837,-76.901630503,MSP,101,16,03,No,21,,21:59,2025,Sunday,09,Animal (live),05,On Roadway,1,,,,,,09,Through Roadway,04,Dark - Not Lighted,5/25/2025,2025-05-25,S,10.94,F,N,,,C964B1A61659649FFFFF44E856896679C21845AA0FE06809F9B1FC07EDD28C1B,IS,01,No,97,Not Applicable,,,01,Dry,,,,,,,,
Property Damage Crashes,MSP745300B7,Maryland State Police,Single Vehicle,Prince George's,Interstate,No,No,No,No,No,CAPITAL BELTWAY,95,INTERSTATE ROUTE,No,True,No,4/20/2025,No,Point,38.949220633,-76.860354667,MSP,101,16,03,No,0,,00:27,2025,Sunday,25,Concrete Traffic Barrier,09,Roadside,1,,,,,,06,Non-Junction,04,Dark - Not Lighted,4/20/2025,2025-04-20,N,39.37,F,N,,,10D37F49F25C1DCB901A13B5F2326DBF15876E93B10D83D968FC0BE66C15CEF1,IS,01,No,,,,,01,Dry,,,,,,,,
Injury Crashes,MSP7865001B,Maryland State Police,Front to Rear,Prince George's,,No,No,No,No,No,,50,UNITED STATE ROUTE,No,True,No,2/5/2025,No,Point,38.944444883,-76.78005035,MSP,03,16,02,No,21,,21:41,2025,Wednesday,12,Motor Vehicle In Transport,05,On Roadway,,,,,,,06,Non-Junction,04,Dark - Not Lighted,2/5/2025,2025-02-05,S,25.31,F,N,,,45E3A33D1784883E75EDC15A066D5E323BE1274A47B83818F635EF66D7E54469,US,01,No,,,,,09,Wet,,,,,,,,
Property Damage Crashes,MSP7776004S,Maryland State Police,Front to Rear,Prince George's,Interstate,No,No,No,No,No,CAPITAL BELTWAY,95,INTERSTATE ROUTE,No,True,No,2/18/2025,No,Point,38.988506189,-76.883099747,MSP,03,16,03,No,2,,02:31,2025,Tuesday,12,Motor Vehicle In Transport,05,On Roadway,1,,,,,,06,Non-Junction,04,Dark - Not Lighted,2/18/2025,2025-02-18,N,66.87,F,N,,,361EB685F9161053E9E5F6D0F9083E1146ABF453828D8B1B05AAAF89192A3D5D,IS,01,No,,,,,01,Dry,,,,,,,,
Property Damage Crashes,DA3351001T,Prince George's County Police,Angle,Prince George's,,No,No,No,No,No,RAMP 5 FR RAMP 8 (FR MD 295) TO MD 197,712,LOCAL ROAD,No,True,No,1/29/2025,No,Point,39.061995659,-76.839256329,PGCOPD,01,16,03,No,9,03,09:21,2025,Wednesday,12,Motor Vehicle In Transport,05,On Roadway,,Perpendicular,,,LAUREL BOWIE RD (SB/L),03,05,Intersection or Related,01,Daylight,1/29/2025,2025-01-29,W,0,F,N,,,2C68F6934227F7367E73434F27F1B44C92EB2716018B8E5DD572A596CF1E202A,LL,01,No,,,,,01,Dry,01,Signalized,,,,,,
Property Damage Crashes,DA3745000N,Prince George's County Police,Angle,Prince George's,Local,No,No,No,No,No,AUDREY LA (NB/L),660,COUNTY ROAD,No,True,No,5/2/2025,No,Point,38.818776260,-76.999474690,PGCOPD,01,16,03,No,6,04,06:40,2025,Friday,12,Motor Vehicle In Transport,05,On Roadway,7,Perpendicular,,,INDIAN HEAD HWY,03,05,Intersection or Related,01,Daylight,5/2/2025,2025-05-02,W,0,F,N,,,E05EAFED6AD5002795B5BB140DC4EA74AA1418386630AA5238B6D49BDAFDB830,CO,01,No,,,,,01,Dry,01,Signalized,,,,,,
Property Damage Crashes,DA42870022,Prince George's County Police,Front to Rear,Prince George's,Principal Arterial – Other,No,No,No,No,No,LAUREL BOWIE RD,197,MARYLAND ROUTE,No,True,No,1/24/2025,No,Point,39.069262413,-76.841902296,PGCOPD,03,16,03,No,6,,06:00,2025,Friday,12,Motor Vehicle In Transport,05,On Roadway,3,,,,,,06,Non-Junction,03,Dark - Lighted,1/24/2025,2025-01-24,S,36.7,F,N,,,1D2366A7C3A4C2134D65E144F26B5E8C97D397D97CCB1731A8C6881219AD56CD,MD,01,No,,,,,01,Dry,,,,,,,,
Injury Crashes,MSP78750059,Maryland State Police,Other,Prince George's,Interstate,No,Yes,Yes,No,No,CAPITAL BELTWAY,95,INTERSTATE ROUTE,No,True,Yes,6/1/2025,Yes,Point,38.809436522,-76.965805503,MSP,98,16,02,No,16,,16:25,2025,Sunday,12,Motor Vehicle In Transport,05,On Roadway,1,,,,,,06,Non-Junction,01,Daylight,6/1/2025,2025-06-01,N,28.66,F,N,,,E3BAEFE057867B6A190978E4DC17D47743B53E9438B35189E1601DECA81C4DE5,IS,01,No,,,,,01,Dry,,,N,02,Advance Warning Area,03,Work on Shoulder or Median,No
Property Damage Crashes,MSP7839003R,Maryland State Police,Front to Rear,Prince George's,Principal Arterial – Other,No,No,No,No,No,BRANCH AVE (SB/L),5,MARYLAND ROUTE,No,True,No,3/27/2025,No,Point,38.814758333,-76.914291667,MSP,03,16,03,No,18,,18:47,2025,Thursday,12,Motor Vehicle In Transport,05,On Roadway,3,,,,,,06,Non-Junction,04,Dark - Not Lighted,3/27/2025,2025-03-27,N,23.97,F,N,,,77ED597395C92B1C2162A913D5F9CD3B436ECA24E64EE7770CCBBCE8BD624F5E,MD,01,No,,,,,01,Dry,,,,,,,,
Property Damage Crashes,AM03930013,Bladensburg Police Department,"Sideswipe, Same Direction",Prince George's,,No,No,No,No,Yes,,,,No,True,No,2/1/2025,No,Point,38.941162944,-76.929486607,BLADENSBURG,07,16,03,,2,,02:26,2025,Saturday,12,Motor Vehicle In Transport,02,In Parking Lane Or Zone,,,,,,,,,03,Dark - Lighted,2/1/2025,2025-02-01,,,F,N,100,Parking Stall,,,01,No,,,,,,,,,,,,,,
Property Damage Crashes,BW01960020,Greenbelt Police Department,Single Vehicle,Prince George's,Major Collector,No,No,No,No,No,CHERRYWOOD LA (SB/L),40,MUNICIPAL ROAD,No,True,Yes,3/19/2025,Yes,Point,38.998498252,-76.911933102,GREENBELT,101,16,03,No,12,,12:17,2025,Wednesday,27,Curb,09,Roadside,5,,,,,,06,Non-Junction,01,Daylight,3/19/2025,2025-03-19,S,21.68,F,N,,,21A1AA0997C80BC03C6089989F7206A274980E96341FB236C35F47673DB0DA3A,MU,01,No,,,,,01,Dry,,,N,04,Activity Area,01,Lane Closure,Yes
Property Damage Crashes,MSP7765006N,Maryland State Police,Single Vehicle,Prince George's,,No,No,No,No,No,,602,SPUR,No,True,No,3/5/2025,No,Point,38.838016833,-76.862260167,MSP,101,16,03,No,7,,07:27,2025,Wednesday,27,Curb,09,Roadside,,,101,State,,,09,Through Roadway,01,Daylight,3/5/2025,2025-03-05,S,26.47,F,N,,,325A6D8738C85E0195D69A6F42F6A48EB5B716E06734864085CBDEE34FD3CF36,SP,01,No,28,Ditch,09,Roadside,01,Dry,,,,,,,,
Property Damage Crashes,DA44130010,Prince George's County Police,"Sideswipe, Same Direction",Prince George's,,No,No,No,No,No,GOOD LUCK RD (WB/L),42,COUNTY ROAD,No,True,No,6/1/2025,No,Point,38.976185512,-76.880389550,PGCOPD,07,16,03,No,19,,19:40,2025,Sunday,12,Motor Vehicle In Transport,05,On Roadway,,,,,,,06,Non-Junction,01,Daylight,6/1/2025,2025-06-01,W,2.13,F,N,,,0D5FCF97EF69558F1F6CA3DCB01977D245793CC38E4B73DB67DBFA96AB64D06C,CO,01,No,,,,,01,Dry,,,,,,,,
Property Damage Crashes,MSP745800QG,Maryland State Police,Other,Prince George's,Interstate,No,No,No,No,No,CAPITAL BELTWAY,95,INTERSTATE ROUTE,No,True,No,3/7/2025,No,Point,38.928153333,-76.854228333,MSP,98,16,03,No,21,,21:40,2025,Friday,12,Motor Vehicle In Transport,05,On Roadway,1,,,,,,01,Acceleration/Deceleration Lane,03,Dark - Lighted,3/7/2025,2025-03-07,N,34.54,F,N,,,273C954ED2D932B5C90CDE92FE352398B579D8F9FF568E2CF3F089E15ECE4A56,IS,01,No,,,,,01,Dry,,,,,,,,
Property Damage Crashes,DA384000JS,Prince George's County Police,Front to Rear,Prince George's,Major Collector,No,Yes,Yes,No,No,OXON HILL RD,414,MARYLAND ROUTE,No,True,No,5/31/2025,No,Point,38.796342940,-77.003115844,PGCOPD,03,16,03,No,16,,16:10,2025,Saturday,12,Motor Vehicle In Transport,05,On Roadway,5,,,,,,06,Non-Junction,01,Daylight,5/31/2025,2025-05-31,S,29.23,F,N,,,548AE6FE50BB72D15358D5584F9FE4D4FF72C5C7CA25B8257A13CED00AC6C272,MD,01,No,,,,,09,Wet,,,,,,,,
Injury Crashes,DA4423000B,Prince George's County Police,Front to Rear,Prince George's,Local,Yes,No,No,No,No,WALTERS LA,85,COUNTY ROAD,No,True,No,1/15/2025,No,Point,38.845413784,-76.892110549,PGCOPD,03,16,02,Yes,23,04,23:10,2025,Wednesday,12,Motor Vehicle In Transport,05,On Roadway,7,Perpendicular,,,PENNSYLVANIA AVE (SB/L),03,05,Intersection or Related,03,Dark - Lighted,1/15/2025,2025-01-15,E,0,F,N,,,192676E23A0DEA79A7C60CFF08C890D3D712DDE959E419D6F397D3D7A95F88A3,CO,01,No,,,,,01,Dry,01,Signalized,,,,,,
Property Damage Crashes,MSP7701005C,Maryland State Police,Front to Rear,Prince George's,Principal Arterial – Other,No,No,No,No,No,CRAIN HWY,301,UNITED STATE ROUTE,No,True,No,1/10/2025,No,Point,38.902866305,-76.718545150,MSP,03,16,03,No,18,,18:33,2025,Friday,12,Motor Vehicle In Transport,05,On Roadway,3,,,,,,09,Through Roadway,03,Dark - Lighted,1/10/2025,2025-01-10,S,412.58,F,N,,,74CBC7F0E637D2FB8941AE36B06DF98C9F34DD2ECC8EFC25AAAE35EBD57CEC8C,US,01,No,12,Motor Vehicle In Transport,05,On Roadway,01,Dry,,,,,,,,
Property Damage Crashes,DA4344003R,Prince George's County Police,Unknown,Prince George's,Local,No,No,No,No,No,FOREST PARK DR,4573,COUNTY ROAD,No,True,No,5/30/2025,No,Point,38.866900721,-76.856866696,PGCOPD,99,16,03,No,9,,09:41,2025,Friday,12,Motor Vehicle In Transport,99,Unknown,7,,,,,,99,Unknown,01,Daylight,5/30/2025,2025-05-30,S,47.94,F,N,,,BEC977258760FA1BF495E1155FE778B76A2EB3E88A26C31274293C3FC89CA362,CO,01,No,,,,,01,Dry,,,,,,,,
Injury Crashes,MSP745800TF,Maryland State Police,Single Vehicle,Prince George's,Interstate,No,No,No,No,No,CAPITAL BELTWAY (SB/L),95,INTERSTATE ROUTE,No,True,No,5/28/2025,No,Point,38.817106667,-76.949655,MSP,101,16,02,No,4,,04:56,2025,Wednesday,07,Overturn/Rollover,07,"On Shoulder, Right Side",1,,,,,,01,Acceleration/Deceleration Lane,03,Dark - Lighted,5/28/2025,2025-05-28,S,48.65,F,N,,,D782892FDA6DB298C995F567781B6E6BC6DE9E6D7BB325E7C40737D9D148E212,IS,01,No,07,Overturn/Rollover,07,"On Shoulder, Right Side",09,Wet,,,,,,,,
Property Damage Crashes,CE5049002S,Laurel Police Department,Front to Rear,Prince George's,Local,Yes,No,No,No,No,OLIVE BRANCH WAY,471,MUNICIPAL ROAD,No,True,No,1/26/2025,No,Point,39.089220443,-76.881494724,LAUREL,03,16,03,No,1,,01:45,2025,Sunday,15,Parked Vehicle,05,On Roadway,7,,,,,,06,Non-Junction,03,Dark - Lighted,1/26/2025,2025-01-26,E,17.48,F,N,,,A669B0A5470DE481F4D44A1E1346A78D846D82703AE52C6AB1CA58748E03934E,MU,01,No,,,,,01,Dry,,,,,,,,
Property Damage Crashes,DA401800C5,Prince George's County Police,Front to Rear,Prince George's,Principal Arterial – Other,No,No,No,No,No,VETERANS PKWY (WB/L),410,MARYLAND ROUTE,No,True,No,2/4/2025,No,Point,38.942484191,-76.882641152,PGCOPD,03,16,03,No,13,,13:00,2025,Tuesday,12,Motor Vehicle In Transport,99,Unknown,3,,,,,,06,Non-Junction,01,Daylight,2/4/2025,2025-02-04,N,670.17,F,N,,,5534463D04CB656B8D5198FA30DF51738F418C4765425F75984018831975D85D,MD,01,No,,,,,01,Dry,,,,,,,,
Property Damage Crashes,DA4405000Z,Prince George's County Police,Front to Rear,Prince George's,Local,No,No,No,No,No,ROOSEVELT AVE,1188,COUNTY ROAD,No,True,No,3/5/2025,No,Point,38.911325893,-76.890181099,PGCOPD,03,16,03,No,8,03,08:08,2025,Wednesday,12,Motor Vehicle In Transport,05,On Roadway,7,Perpendicular,,,MARTIN LUTHER KING JR HWY (WB/L),03,05,Intersection or Related,01,Daylight,3/5/2025,2025-03-05,N,0,F,N,,,92A4E5330CC2836A50DDB53313BC178C887E11865704614272C1DC455D2E4989,CO,01,No,,,,,01,Dry,05,No Controls,,,,,,
Property Damage Crashes,DA27350060,Prince George's County Police,"Sideswipe, Same Direction",Prince George's,Principal Arterial – Other,No,No,No,No,No,CENTRAL AVE,214,MARYLAND ROUTE,No,True,No,2/11/2025,No,Point,38.897290079,-76.809793207,PGCOPD,07,16,03,No,21,,21:26,2025,Tuesday,12,Motor Vehicle In Transport,05,On Roadway,3,,,,,,06,Non-Junction,03,Dark - Lighted,2/11/2025,2025-02-11,W,39.82,F,N,,,1276AC47995A97026DD09056FB31F4385797FCD34EFAFD30C3D428A557647F09,MD,01,No,,,,,07,Snow,,,,,,,,
Property Damage Crashes,MSP7787004Z,Maryland State Police,Front to Rear,Prince George's,Interstate,Yes,No,No,No,No,NO NAME (SB/L),95,INTERSTATE ROUTE,No,True,No,2/15/2025,No,Point,39.033830891,-76.942891854,MSP,03,16,03,No,16,,16:10,2025,Saturday,12,Motor Vehicle In Transport,05,On Roadway,1,,,,,,04,Entrance/Exit Ramp or Related,01,Daylight,2/15/2025,2025-02-15,E,43.18,F,N,,,47CEFDD1CDC04A74F5D98AD209ADA80ABA50F977EEF6F8752FDF9315ED041471,IS,01,No,,,,,09,Wet,,,,,,,,
Property Damage Crashes,DA43370031,Prince George's County Police,Front to Front,Prince George's,Major Collector,No,No,No,No,No,CHILLUM RD,501,MARYLAND ROUTE,No,True,No,3/17/2025,No,Point,38.951946121,-76.968913799,PGCOPD,02,16,03,No,18,,18:00,2025,Monday,12,Motor Vehicle In Transport,05,On Roadway,5,,,,,,06,Non-Junction,01,Daylight,3/17/2025,2025-03-17,N,10,F,N,,,E60C73D348CD5E16DA035DF6F04C50E7F42E7813BE3610120B91E3ADF714AEC6,MD,01,No,,,,,01,Dry,,,,,,,,