Crash Severity Description,Reportnumber,Agencyname,CollisionImpact Description,Crash County Description,FunctionalClass Description,ImpairedCrash,Large Vehicle Involved,Motorcycle Crash,Non-Motorist Crash,OffRoad,RoadName,Route Number,RouteType Description,Unrestrained Occupants,WithinDateRange,Work Zone Related,Crashdate,Work Zone Crash,CrashPoint,Latitude,Longitude,AgencyCode,CollisionImpact,Crash County,Crash Severity,Crash Within Interchange,Crashhour,CrashInterchangeApproaches,Crashtime,CrashYear,Dayofweek,FirstHarmEvent,FirstHarmEvent Description,FirstHarmLocation,FirstHarmLocation Description,FunctionalClass,Geometry Description,GovPropertyDamage,GovPropertyDamage Description,IntersectingRoadName,Intersection Geometry,JunctionRelated,JunctionRelated Description,Light,Light Description,LOD Crash Date,LOD Date Level,MilepointDirection,MilepointDistance,MilepointUnits,NonTrafficFatal,OffroadLocation,OffroadLocation Description,RoadID,RouteType,SchoolBusRelated,SchoolBusRelated Description,SecondHarmEvent,SecondHarmEvent Description,SecondHarmLocation,SecondHarmLocation Description,Surface,Surface Description,TrafficControl,Trafficcontrol Description,WZLawEnforcementPresent,WZLocation,WZLocation Description,WZType,WZType Description,WZWorkersPresent
Property Damage Crashes,DA3190000D,Prince George's County Police,Front to Rear,Prince George's,Principal Arterial – Other,No,No,No,No,No,MARTIN LUTHER KING JR HWY,704,MARYLAND ROUTE,No,True,No,2/14/2025,No,Point,38.895571536,-76.908045868,PGCOPD,03,16,03,No,7,,07:30,2025,Friday,12,Motor Vehicle In Transport,05,On Roadway,3,,,,,,06,Non-Junction,01,Daylight,2/14/2025,2025-02-14,E,73.74,F,N,,,448E53AFCA730B96688F50BC04EF5F4369351BAE90A661792978C8C1C8B93E98,MD,01,No,,,,,01,Dry,,,,,,,,
Property Damage Crashes,CC0298003K,Hyattsville Police Department,Angle,Prince George's,Principal Arterial – Other,No,No,Yes,No,No,BALTIMORE AVE,1,UNITED STATE ROUTE,No,True,No,3/31/2025,No,Point,38.954808687,-76.940496059,HYATTSVILLE,01,16,03,Yes,16,,16:00,2025,Monday,12,Motor Vehicle In Transport,05,On Roadway,3,,,,,,02,Crossover-Related,01,Daylight,3/31/2025,2025-03-31,S,66.44,F,N,,,727DCD9DEBC34CECDF13D5ABF6869D300D2ECAAC68CE7BB529DA3EA7E02BDA8C,US,01,No,,,,,01,Dry,,,,,,,,
Property Damage Crashes,DA4138005Z,Prince George's County Police,Other,Prince George's,Principal Arterial – Other,No,No,No,No,No,OXON HILL RD (WB/L),414,MARYLAND ROUTE,No,True,No,4/7/2025,No,Point,38.804555985,-76.979274176,PGCOPD,98,16,03,No,7,04,07:20,2025,Monday,12,Motor Vehicle In Transport,05,On Roadway,3,Angled/Skewed,,,RIVERTOWN MALL E ENT,01,05,Intersection or Related,01,Daylight,4/7/2025,2025-04-07,S,0,F,N,,,20A4399714E2209A75A8C42FD64F789E16E0169EEBD7F9DC26E370C75E437C41,MD,01,No,,,,,09,Wet,01,Signalized,,,,,,
Injury Crashes,DA3829005K,Prince George's County Police,Front to Rear,Prince George's,,No,No,No,No,No,GOOD LUCK RD (WB/L),42,COUNTY ROAD,No,True,No,1/21/2025,No,Point,38.990889550,-76.836105231,PGCOPD,03,16,02,Yes,13,04,13:50,2025,Tuesday,12,Motor Vehicle In Transport,05,On Roadway,,Perpendicular,,,GREENBELT RD (WB/L),03,05,Intersection or Related,01,Daylight,1/21/2025,2025-01-21,E,0,F,N,,,FB9854FF49852995863712F00EA4AB3B9135BB64F40B4DDE332C1BAAECA5C4B6,CO,01,No,,,,,01,Dry,01,Signalized,,,,,,
Property Damage Crashes,DA4430000N,Prince George's County Police,Angle,Prince George's,Interstate,No,No,No,No,No,RAMP 8 FR IS 95 SB TO MD 202F WB,95,RAMP,No,True,No,4/7/2025,No,Point,38.907182900,-76.851061751,PGCOPD,01,16,03,Yes,8,,08:00,2025,Monday,12,Motor Vehicle In Transport,05,On Roadway,1,,,,,,09,Through Roadway,01,Daylight,4/7/2025,2025-04-07,E,5.12,F,N,,,A01215887180BB900D3459411045005BEE0440844B203ADB4349F25C536A906E,RP,01,No,,,,,09,Wet,,,,,,,,
Injury Crashes,MSP7773001S,Maryland State Police,Front to Rear,Prince George's,Interstate,No,No,No,No,No,CAPITAL BELTWAY (SB/L),95,INTERSTATE ROUTE,No,True,No,3/23/2025,No,Point,39.018897326,-76.930161239,MSP,03,16,02,No,17,,17:40,2025,Sunday,12,Motor Vehicle In Transport,05,On Roadway,1,,,,,,06,Non-Junction,01,Daylight,3/23/2025,2025-03-23,S,12.19,F,N,,,7585127814F2FB350C41E50595DDBF899FB9E67F7162D87A5DD1A9B0017FC1A8,IS,01,No,,,,,01,Dry,,,,,,,,
Injury Crashes,MSP647600HF,Maryland State Police,Front to Rear,Prince George's,Interstate,No,Yes,No,No,No,CAPITAL BELTWAY (SB/L),95,INTERSTATE ROUTE,No,True,No,3/11/2025,No,Point,38.940150560,-76.856253170,MSP,03,16,02,No,18,,18:13,2025,Tuesday,12,Motor Vehicle In Transport,05,On Roadway,1,,,,,,09,Through Roadway,01,Daylight,3/11/2025,2025-03-11,E,4.91,F,N,,,A47748EA5F125DC8904C8D0EEDB427588F64D7DD0F955D2754082E7F8FDBCA49,IS,01,No,,,,,01,Dry,,,,,,,,
Property Damage Crashes,MSP7843003Q,Maryland State Police,Front to Rear,Prince George's,Interstate,No,No,No,No,No,CAPITAL BELTWAY,95,INTERSTATE ROUTE,No,True,No,5/30/2025,No,Point,38.984632255,-76.879043781,MSP,03,16,03,No,12,,12:30,2025,Friday,12,Motor Vehicle In Transport,05,On Roadway,1,,,,,,06,Non-Junction,01,Daylight,5/30/2025,2025-05-30,W,33.32,F,N,,,196D5A2177F3DAA37A41A94F0D77AD8CC03AF9564C27A3A4A42F882387EA8FE1,IS,01,No,,,,,01,Dry,,,,,,,,
Property Damage Crashes,DA4083006R,Prince George's County Police,Single Vehicle,Prince George's,Local,No,No,No,No,No,GUILFORD RD,694,COUNTY ROAD,No,True,Yes,4/30/2025,Yes,Point,38.983570323,-76.976061615,PGCOPD,101,16,03,No,20,,20:51,2025,Wednesday,25,Concrete Traffic Barrier,10,Separator/Traffic Island,7,,,,,,06,Non-Junction,03,Dark - Lighted,4/30/2025,2025-04-30,E,11.45,F,N,,,C5ABC5D338399E6563DFFA35440505A87B5A8465D9CDA8E45B6D2E2AC01EB7FA,CO,01,No,,,,,01,Dry,,,N,03,Transition Area,03,Work on Shoulder or Median,No
Property Damage Crashes,DS0489000R,University of Maryland Police College Park,Single Vehicle,Prince George's,,No,No,No,No,Yes,,,,No,True,No,1/27/2025,No,Point,38.989910778,-76.941317393,UMCP,101,16,03,,12,,12:56,2025,Monday,36,"Other Post, Pole, Or Support",02,In Parking Lane Or Zone,,,,,,,,,01,Daylight,1/27/2025,2025-01-27,,,F,N,102,Parking Lot Way,,,01,No,,,,,,,,,,,,,,
Property Damage Crashes,DA3315004X,Prince George's County Police,Angle,Prince George's,Local,No,No,No,No,No,CLAXTON ST (NB/L),3154,COUNTY ROAD,No,True,No,6/7/2025,No,Point,39.073504102,-76.855234803,PGCOPD,01,16,03,No,5,03,05:57,2025,Saturday,12,Motor Vehicle In Transport,05,On Roadway,7,Perpendicular,,,CONTEE RD,03,05,Intersection or Related,100,Dawn,6/7/2025,2025-06-07,W,0,F,N,,,495FB24903C6A3549AED799D60EEF9B5F60AA305487B44E806EDA471652D825D,CO,01,No,,,,,01,Dry,01,Signalized,,,,,,
Property Damage Crashes,DA4368001V,Prince George's County Police,Rear To Side,Prince George's,Principal Arterial – Other Freeways and Expressways,No,No,No,No,No,SUITLAND PKWY,119,GOVERNMENT ROAD,Yes,True,No,5/1/2025,No,Point,38.851555810,-76.959070126,PGCOPD,05,16,03,No,3,,03:28,2025,Thursday,12,Motor Vehicle In Transport,99,Unknown,2,,,,NAYLOR RD (WB/L),,99,Unknown,03,Dark - Lighted,5/1/2025,2025-05-01,E,39.35,F,N,,,A73B90201A322382E6EB1244AC6EFFAB82463FDF572AB297047BE32B6E6E1D8C,GV,01,No,,,,,01,Dry,,,,,,,,
Property Damage Crashes,DA2448000S,Prince George's County Police,Unknown,Prince George's,,No,No,No,No,Yes,,,,No,True,No,5/21/2025,No,Point,38.960585418,-76.842272015,PGCOPD,99,16,03,,14,,14:30,2025,Wednesday,12,Motor Vehicle In Transport,04,"Off-Roadway, Location Unknown",,,,,,,,,01,Daylight,5/21/2025,2025-05-21,,,F,N,100,Parking Stall,,,01,No,,,,,,,,,,,,,,
Property Damage Crashes,DA404800HH,Prince George's County Police,Angle,Prince George's,Major Collector,No,No,No,No,No,OWENS RD,112,COUNTY ROAD,No,True,No,5/23/2025,No,Point,38.820448826,-76.988038564,PGCOPD,01,16,03,Yes,14,03,14:20,2025,Friday,12,Motor Vehicle In Transport,05,On Roadway,5,Perpendicular,,,KENNEBEC ST,03,05,Intersection or Related,01,Daylight,5/23/2025,2025-05-23,E,0,F,N,,,72663E761080FAA2D4ACAAACE680B19790CDACDD16514337CA7CEEEC779EE506,CO,01,No,,,,,01,Dry,03,Stop - Partial,,,,,,
Property Damage Crashes,DA364800C6,Prince George's County Police,Single Vehicle,Prince George's,,Yes,No,No,No,No,,735,SPUR,No,True,No,1/15/2025,No,Point,38.920738028,-76.803669935,PGCOPD,101,16,03,No,12,,12:08,2025,Wednesday,27,Curb,10,Separator/Traffic Island,,,,,,,04,Entrance/Exit Ramp or Related,01,Daylight,1/15/2025,2025-01-15,S,38.1,F,N,,,DE3BEFB3DD6797936FFC1F94578BF4DD8F9B7C279AB9C1E37BE247DBDBC18489,SP,01,No,,,,,01,Dry,,,,,,,,
Property Damage Crashes,DA2889005G,Prince George's County Police,"Sideswipe, Opposite Direction",Prince George's,Local,No,No,No,No,No,14TH AVE,982,COUNTY ROAD,No,True,No,2/2/2025,No,Point,38.990788449,-76.984511919,PGCOPD,06,16,03,No,13,,13:00,2025,Sunday,12,Motor Vehicle In Transport,05,On Roadway,7,,,,,,06,Non-Junction,01,Daylight,2/2/2025,2025-02-02,N,40.63,F,N,,,8C7411EBABC8755D394553B16523E9B4DF27B5843526A5498D38D32D45100730,CO,01,No,,,,,01,Dry,,,,,,,,
Property Damage Crashes,CBPD0128000C,Bowie Police Department,Front to Rear,Prince George's,Principal Arterial – Other,No,No,No,No,No,COLLINGTON RD (SB/L),197,MARYLAND ROUTE,No,True,No,4/9/2025,No,Point,38.942587048,-76.718753213,BOWIE,03,16,03,No,19,,19:46,2025,Wednesday,12,Motor Vehicle In Transport,05,On Roadway,3,,,,,,06,Non-Junction,03,Dark - Lighted,4/9/2025,2025-04-09,W,47.89,F,N,,,46D800472EA699325D2CD02541766C2C26CED388F57A00C067B088570D52DB3F,MD,01,No,,,,,01,Dry,,,,,,,,
Property Damage Crashes,AM03860021,Bladensburg Police Department,Front to Front,Prince George's,,No,No,No,No,No,,560,MUNICIPAL ROAD,No,True,No,2/7/2025,No,Point,38.939112125,-76.921961389,BLADENSBURG,02,16,03,No,19,04,19:00,2025,Friday,12,Motor Vehicle In Transport,05,On Roadway,,Angled/Skewed,,,56TH AVE,01,05,Intersection or Related,03,Dark - Lighted,2/7/2025,2025-02-07,S,0,F,N,,,2F2D5B5C66AE826C2A68DB6255F55161169B6890E1B11648476C7D5E5955A88A,MU,01,No,,,,,01,Dry,01,Signalized,,,,,,
Property Damage Crashes,CE53570013,Laurel Police Department,"Sideswipe, Same Direction",Prince George's,,No,No,No,No,Yes,,,,No,True,No,5/9/2025,No,Point,39.096209382,-76.848804234,LAUREL,07,16,03,,16,,16:00,2025,Friday,12,Motor Vehicle In Transport,02,In Parking Lane Or Zone,,,,,,,,,01,Daylight,5/9/2025,2025-05-09,,,F,N,102,Parking Lot Way,,,01,No,,,,,,,,,,,,,,
Injury Crashes,CE4862004G,Laurel Police Department,Angle,Prince George's,Minor Collector,No,No,No,No,No,FIFTH ST,9050,MUNICIPAL ROAD,No,True,No,1/4/2025,No,Point,39.101010086,-76.854755315,LAUREL,01,16,02,No,11,,11:37,2025,Saturday,12,Motor Vehicle In Transport,05,On Roadway,6,,,,,,06,Non-Junction,01,Daylight,1/4/2025,2025-01-04,N,52.32,F,N,,,D9B8A082FDAA2E23FD4A84746080C5A5B90357D1668916B56003E6634ACE4DF9,MU,01,No,,,,,01,Dry,,,,,,,,
Property Damage Crashes,MSP585801GB,Maryland State Police,"Sideswipe, Same Direction",Prince George's,,No,No,No,No,No,,889,CROSSOVER,No,True,No,3/6/2025,No,Point,38.923583469,-76.717403101,MSP,07,16,03,No,16,,16:54,2025,Thursday,12,Motor Vehicle In Transport,09,Roadside,,,,,CRAIN HWY (SB/L),,09,Through Roadway,01,Daylight,3/6/2025,2025-03-06,S,9.55,F,N,,,FDA496712722F1282826B614DD3B298C492581A0360503AD919E1AB7E1E5BD4F,XO,01,No,,,,,01,Dry,,,,,,,,
Injury Crashes,MSP7657007F,Maryland State Police,Angle,Prince George's,Interstate,No,No,No,No,No,CAPITAL BELTWAY (SB/L),95,INTERSTATE ROUTE,No,True,No,2/16/2025,No,Point,38.8487433,-76.861143283,MSP,01,16,02,No,10,,10:37,2025,Sunday,12,Motor Vehicle In Transport,05,On Roadway,1,,,,,,06,Non-Junction,01,Daylight,2/16/2025,2025-02-16,N,65.59,F,N,,,0C3840E902FC3E02E8A01DE559B3CC5F255E5A40193B91BB2D7494DF58C68F86,IS,01,No,,,,,09,Wet,,,,,,,,
Property Damage Crashes,CE4515009X,Laurel Police Department,Single Vehicle,Prince George's,Minor Arterial,No,No,No,No,No,CHERRY LA (WB/L),83,MUNICIPAL ROAD,No,True,No,4/19/2025,No,Point,39.092411280,-76.862817753,LAUREL,101,16,03,No,1,,01:32,2025,Saturday,41,Utility Pole/Light Support,03,Median,4,,100,Local,,,06,Non-Junction,03,Dark - Lighted,4/19/2025,2025-04-19,W,71.18,F,N,,,AC7D0B21FBD93DE280BFFBB4750E56EF36A632E75CCCE634F91C73CE5A3B5126,MU,01,No,97,Not Applicable,,,01,Dry,,,,,,,,
Property Damage Crashes,DA43100026,Prince George's County Police,Front to Rear,Prince George's,Minor Arterial,No,No,No,No,No,RITCHIE MARLBORO RD,974,COUNTY ROAD,No,True,No,5/28/2025,No,Point,38.836073081,-76.807825312,PGCOPD,03,16,03,No,7,,07:58,2025,Wednesday,12,Motor Vehicle In Transport,05,On Roadway,4,,,,,,06,Non-Junction,01,Daylight,5/28/2025,2025-05-28,S,104.4,F,N,,,F866C1E04A3AA4E12FAE7E57B31FAD45ECD17DB53C376D28629C1121AEA78C71,CO,01,No,,,,,09,Wet,,,,,,,,
Property Damage Crashes,MSP7785004B,Maryland State Police,"Sideswipe, Same Direction",Prince George's,Interstate,No,No,No,No,No,CAPITAL BELTWAY (SB/L),95,INTERSTATE ROUTE,No,True,No,1/12/2025,No,Point,38.870046915,-76.844101114,MSP,07,16,03,No,14,,14:08,2025,Sunday,12,Motor Vehicle In Transport,06,"On Shoulder, Left Side",1,,,,,,06,Non-Junction,01,Daylight,1/12/2025,2025-01-12,N,29.06,F,N,,,BC401256E0E0C1968E9EA15C4A560ADA7436AEEB97189E613F7ED1408211C6C3,IS,01,No,,,,,01,Dry,,,,,,,,
Property Damage Crashes,DA4043009J,Prince George's County Police,Angle,Prince George's,Major Collector,No,No,No,No,No,BRANDYWINE RD,381,MARYLAND ROUTE,No,True,No,2/21/2025,No,Point,38.697323400,-76.852340067,PGCOPD,01,16,03,Yes,7,03,07:10,2025,Friday,12,Motor Vehicle In Transport,05,On Roadway,5,Angled/Skewed,,,MISSOURI AVE,01,05,Intersection or Related,01,Daylight,2/21/2025,2025-02-21,S,0,F,N,,,CC320DF9BF3E0C7A25DB29AE04571D839D94AD28E3DC072336205419345B4E05,MD,01,No,,,,,01,Dry,03,Stop - Partial,,,,,,
Property Damage Crashes,DA4383002Q,Prince George's County Police,Front to Rear,Prince George's,Major Collector,No,No,No,No,No,HANOVER PKWY,205,MUNICIPAL ROAD,No,True,No,2/2/2025,No,Point,38.980218727,-76.866771625,PGCOPD,03,16,03,No,22,,22:40,2025,Sunday,12,Motor Vehicle In Transport,05,On Roadway,5,,,,GOOD LUCK RD GOOD LUCK RD (WB/L) PRINCESS GARDEN PKWY,,06,Non-Junction,03,Dark - Lighted,2/2/2025,2025-02-02,W,42.76,F,N,,,9FA493D4E8323A80F60F6A9A1E44D3A87A00CDB97CAA24B070DA15EC5BC46D31,MU,01,No,,,,,01,Dry,,,,,,,,
Property Damage Crashes,MSP69310156,Maryland State Police,Front to Rear,Prince George's,Principal Arterial – Other,No,No,No,No,No,BRANCH AVE (SB/L),5,MARYLAND ROUTE,No,True,No,5/22/2025,No,Point,38.769890701,-76.885764910,MSP,03,16,03,No,20,,20:41,2025,Thursday,12,Motor Vehicle In Transport,05,On Roadway,3,,,,,,06,Non-Junction,04,Dark - Not Lighted,5/22/2025,2025-05-22,S,61.46,F,N,,,855E207133FDB23B835EB4245DDB37A2473F75F6D001295EDBFA657FB4B355A6,MD,01,No,,,,,01,Dry,,,,,,,,
Property Damage Crashes,BW0212000K,Greenbelt Police Department,Rear To Side,Prince George's,,No,No,No,No,Yes,,,,Yes,True,No,2/17/2025,No,Point,39.003847299,-76.906827102,GREENBELT,05,16,03,,23,,23:11,2025,Monday,12,Motor Vehicle In Transport,02,In Parking Lane Or Zone,,,,,,,,,04,Dark - Not Lighted,2/17/2025,2025-02-17,,,F,N,102,Parking Lot Way,,,01,No,03,Explosion Or Fire,99,Unknown,,,,,,,,,,
Property Damage Crashes,CNC31790046,New Carrollton Police Department,Front to Rear,Prince George's,Local,No,No,No,No,No,FAIRBANKS ST,110,MUNICIPAL ROAD,No,True,No,6/1/2025,No,Point,38.974291870,-76.878334868,NCPD,03,16,03,No,2,,02:12,2025,Sunday,12,Motor Vehicle In Transport,05,On Roadway,7,,,,,,99,Unknown,03,Dark - Lighted,6/1/2025,2025-06-01,E,13.72,F,N,,,4251ABC889077D8BC92F33B62B5AF0A4B24AB24FA8893E9B09BB13C1FA605172,MU,01,No,,,,,01,Dry,,,,,,,,
Property Damage Crashes,DA3433005H,Prince George's County Police,Other,Prince George's,Minor Arterial,No,No,No,No,No,MARLBORO PIKE,725,MARYLAND ROUTE,No,True,No,4/17/2025,No,Point,38.820217249,-76.745505704,PGCOPD,98,16,03,No,8,,08:39,2025,Thursday,12,Motor Vehicle In Transport,05,On Roadway,4,,,,,,09,Through Roadway,01,Daylight,4/17/2025,2025-04-17,E,15.56,F,N,,,AA935317674F3D853F46926147763ED72FDF05E5D3FDD73A5C2403471C5D526F,MD,01,No,,,,,01,Dry,,,,,,,,
Property Damage Crashes,MSP7770007X,Maryland State Police,Front to Rear,Prince George's,Principal Arterial – Other,No,No,No,No,No,LARGO RD (SB/L),202,MARYLAND ROUTE,No,True,No,4/29/2025,No,Point,38.908206667,-76.835105,MSP,03,16,03,No,17,,17:55,2025,Tuesday,12,Motor Vehicle In Transport,05,On Roadway,3,,,,,,06,Non-Junction,01,Daylight,4/29/2025,2025-04-29,S,10.5,F,N,,,B7C0127E3D54E63D5AB746536B539617B9226A1A3DAE3340A0D1E7242A5EAB25,MD,01,No,,,,,01,Dry,,,,,,,,
Property Damage Crashes,AZ1747000T,Cheverly Police Department,Single Vehicle,Prince George's,,No,No,No,No,Yes,,,,No,True,No,3/19/2025,No,Point,38.932412171,-76.900984631,CHEVERLY,101,16,03,,18,,18:34,2025,Wednesday,27,Curb,10,Separator/Traffic Island,,,,,,,,,01,Daylight,3/19/2025,2025-03-19,,,F,N,102,Parking Lot Way,,,01,No,,,,,,,,,,,,,,
Property Damage Crashes,DA38350075,Prince George's County Police,"Sideswipe, Same Direction",Prince George's,Local,No,No,No,No,No,ROLLINGWOOD DR,3823,COUNTY ROAD,No,True,No,5/3/2025,No,Point,38.767588582,-76.946611499,PGCOPD,07,16,03,No,10,,10:43,2025,Saturday,12,Motor Vehicle In Transport,02,In Parking Lane Or Zone,7,,,,,,10,"Other Location Not Listed Above Within an Interchange Area (median,
shoulder and roadside)",99,Unknown,5/3/2025,2025-05-03,E,13.91,F,N,,,BF066A734243F0359B053AE30622C99B0F1C3308A5C449A810AD3591BA4B84D0,CO,01,No,,,,,99,Unknown,,,,,,,,
Property Damage Crashes,CC0301000D,Hyattsville Police Department,Front to Rear,Prince George's,Principal Arterial – Other,No,No,No,No,No,EAST WEST HWY,410,MARYLAND ROUTE,No,True,No,2/15/2025,No,Point,38.966676905,-76.954214376,HYATTSVILLE,03,16,03,No,3,,03:52,2025,Saturday,12,Motor Vehicle In Transport,05,On Roadway,3,,,,,,06,Non-Junction,03,Dark - Lighted,2/15/2025,2025-02-15,W,93.07,F,N,,,128D968700FFF9B1F68D455006626F58F70C67AC6D673AFD315EFFB0A09C49E0,MD,01,No,,,,,01,Dry,,,,,,,,
Injury Crashes,DM8522003V,Takoma Park Police Department,Front to Rear,Prince George's,Principal Arterial – Other,No,No,No,No,No,UNIVERSITY BLVD,193,MARYLAND ROUTE,No,True,Yes,2/19/2025,Yes,Point,38.987851333,-76.986192833,TAKOMA,03,16,02,No,14,,14:55,2025,Wednesday,12,Motor Vehicle In Transport,05,On Roadway,3,,,,,,06,Non-Junction,01,Daylight,2/19/2025,2025-02-19,S,14.74,F,N,,,DDB1027088EDA574A58616F2042DBBEFAE2C535AC9B18CF889937BA288641D6D,MD,01,No,,,,,01,Dry,,,N,04,Activity Area,03,Work on Shoulder or Median,Yes
Property Damage Crashes,DA4356002Y,Prince George's County Police,Front to Front,Prince George's,,No,No,No,No,Yes,,,,No,True,No,2/16/2025,No,Point,38.863057630,-76.915339255,PGCOPD,02,16,03,,5,,05:30,2025,Sunday,15,Parked Vehicle,02,In Parking Lane Or Zone,,,,,,,,,04,Dark - Not Lighted,2/16/2025,2025-02-16,,,F,N,101,Parking Aisle,,,01,No,,,,,,,,,,,,,,
Property Damage Crashes,DA309400BX,Prince George's County Police,Single Vehicle,Prince George's,,No,No,No,No,Yes,,,,No,True,No,3/24/2025,No,Point,38.718592225,-76.803584524,PGCOPD,101,16,03,,16,,16:00,2025,Monday,06,Other Non-Collision,08,Outside Road/Right-Of-Way,,,,,,,,,01,Daylight,3/24/2025,2025-03-24,,,F,N,105,Dirt Road/Trail,,,01,No,,,,,,,,,,,,,,
Property Damage Crashes,CC0271008K,Hyattsville Police Department,"Sideswipe, Opposite Direction",Prince George's,,No,No,No,No,Yes,,,,No,True,No,6/4/2025,No,Point,38.966160681,-76.958499872,HYATTSVILLE,06,16,03,,13,,13:13,2025,Wednesday,15,Parked Vehicle,02,In Parking Lane Or Zone,,,,,,,,,01,Daylight,6/4/2025,2025-06-04,,,F,N,100,Parking Stall,,,01,No,,,,,,,,,,,,,,
Property Damage Crashes,DA3433005P,Prince George's County Police,Unknown,Prince George's,,No,No,No,No,Yes,,,,No,True,No,6/6/2025,No,Point,38.819151430,-76.738093515,PGCOPD,99,16,03,,14,,14:49,2025,Friday,15,Parked Vehicle,02,In Parking Lane Or Zone,,,,,,,,,01,Daylight,6/6/2025,2025-06-06,,,F,N,102,Parking Lot Way,,,01,No,,,,,,,,,,,,,,
Property Damage Crashes,DA3661009C,Prince George's County Police,"Sideswipe, Opposite Direction",Prince George's,Local,No,No,No,No,No,RIDLEY ST,3794,COUNTY ROAD,No,True,No,5/5/2025,No,Point,38.863718125,-76.916604646,PGCOPD,06,16,03,Yes,14,,14:34,2025,Monday,12,Motor Vehicle In Transport,05,On Roadway,7,,,,,,02,Crossover-Related,01,Daylight,5/5/2025,2025-05-05,W,23.35,F,N,,,D8F96F5BBB405C39467544612F45E949D3CA49D6DCF08C372E4044B341B88A0A,CO,01,No,,,,,09,Wet,,,,,,,,
Property Damage Crashes,CC0204001F,Hyattsville Police Department,Rear To Side,Prince George's,Minor Collector,No,No,No,No,No,42ND AVE,9420,MUNICIPAL ROAD,No,True,No,4/22/2025,No,Point,38.960765513,-76.946436093,HYATTSVILLE,05,16,03,No,16,,16:15,2025,Tuesday,12,Motor Vehicle In Transport,05,On Roadway,6,,,,,,06,Non-Junction,01,Daylight,4/22/2025,2025-04-22,N,15.44,F,N,,,0164106548A380F823029B631320C44C99975DB3C4BE1A26D176B60F74851BAF,MU,01,No,12,Motor Vehicle In Transport,05,On Roadway,01,Dry,,,,,,,,
Injury Crashes,MSP69310130,Maryland State Police,Single Vehicle,Prince George's,Principal Arterial – Other,No,Yes,No,No,No,CRAIN HWY,301,UNITED STATE ROUTE,No,True,No,1/30/2025,No,Point,38.705505,-76.858798333,MSP,101,16,02,No,8,,08:28,2025,Thursday,40,Tree (standing),09,Roadside,3,,,,,,06,Non-Junction,01,Daylight,1/30/2025,2025-01-30,N,16.03,F,N,,,2A801CF463442B5FB6409DD2586C1F69D31C17E63BB17E0DF45AFB4613077F4F,US,01,No,,,,,01,Dry,,,,,,,,
Property Damage Crashes,DJ01840016,Seat Pleasant Police Department,Front to Front,Prince George's,Principal Arterial – Other,No,No,No,No,No,E CAPITOL ST (WB/L),214,MARYLAND ROUTE,No,True,No,4/26/2025,No,Point,38.888990987,-76.908514104,SEATPLEASANT,02,16,03,No,22,,22:35,2025,Saturday,12,Motor Vehicle In Transport,05,On Roadway,3,,,,,,06,Non-Junction,03,Dark - Lighted,4/26/2025,2025-04-26,N,24.23,F,N,,,0BB55D51F0E4172AC25A3976C2FDE6E56B8655CE536952F481436BEB1D3757B7,MD,01,No,,,,,01,Dry,,,,,,,,
Injury Crashes,DA1913003F,Prince George's County Police,Angle,Prince George's,Major Collector,No,No,No,No,No,BRANDYWINE RD,381,MARYLAND ROUTE,No,True,No,5/25/2025,No,Point,38.676831141,-76.807256813,PGCOPD,01,16,02,No,1,,01:07,2025,Sunday,12,Motor Vehicle In Transport,05,On Roadway,5,,,,,,06,Non-Junction,03,Dark - Lighted,5/25/2025,2025-05-25,E,70.12,F,N,,,E639BD1A26E03DA7BE721CAF3E9211E6E4C1C8FB6F6827A0E5BE5A55D4D7BC68,MD,01,No,,,,,01,Dry,,,,,,,,
Property Damage Crashes,CE4914009J,Laurel Police Department,Single Vehicle,Prince George's,Local,No,No,No,No,No,TENTH ST,9100,MUNICIPAL ROAD,No,True,No,4/13/2025,No,Point,39.101501199,-76.862843645,LAUREL,101,16,03,No,20,,20:27,2025,Sunday,09,Animal (live),05,On Roadway,7,,,,SANDY SPRING RD,,06,Non-Junction,04,Dark - Not Lighted,4/13/2025,2025-04-13,S,8.59,F,N,,,41717B2DC2037009F0DF2F0879BB7AB24CC62A4505F4AB361881C6B6FC584166,MU,01,No,,,,,01,Dry,,,,,,,,
Property Damage Crashes,DA29630017,Prince George's County Police,Front to Front,Prince George's,Major Collector,No,No,No,No,No,OLD FORT RD,118,COUNTY ROAD,No,True,No,1/27/2025,No,Point,38.712552463,-76.990051722,PGCOPD,02,16,03,No,13,03,13:51,2025,Monday,12,Motor Vehicle In Transport,05,On Roadway,5,Angled/Skewed,,,INDIAN HEAD HWY (SB/L),01,05,Intersection or Related,01,Daylight,1/27/2025,2025-01-27,N,0,F,N,,,DB2FE445188D788CDC62C0A0254B39653563C485A5190707DE1B5FF4F2ADE40A,CO,01,No,,,,,01,Dry,01,Signalized,,,,,,
Injury Crashes,MSP77870070,Maryland State Police,Front to Rear,Prince George's,Interstate,No,Yes,No,No,No,CAPITAL BELTWAY,95,INTERSTATE ROUTE,No,True,No,5/19/2025,No,Point,38.97757765,-76.872849683,MSP,03,16,02,No,9,,09:58,2025,Monday,12,Motor Vehicle In Transport,05,On Roadway,1,,,,,,06,Non-Junction,01,Daylight,5/19/2025,2025-05-19,W,23.94,F,N,,,1DAD9F3C3DE552F051E76D7A9D19189828B23687148803B3978DECAC72A38478,IS,01,No,,,,,01,Dry,,,,,,,,