Crash Severity Description,Reportnumber,Agencyname,CollisionImpact Description,Crash County Description,FunctionalClass Description,ImpairedCrash,Large Vehicle Involved,Motorcycle Crash,Non-Motorist Crash,OffRoad,RoadName,Route Number,RouteType Description,Unrestrained Occupants,WithinDateRange,Work Zone Related,Crashdate,Work Zone Crash,CrashPoint,Latitude,Longitude,AgencyCode,CollisionImpact,Crash County,Crash Severity,Crash Within Interchange,Crashhour,CrashInterchangeApproaches,Crashtime,CrashYear,Dayofweek,FirstHarmEvent,FirstHarmEvent Description,FirstHarmLocation,FirstHarmLocation Description,FunctionalClass,Geometry Description,GovPropertyDamage,GovPropertyDamage Description,IntersectingRoadName,Intersection Geometry,JunctionRelated,JunctionRelated Description,Light,Light Description,LOD Crash Date,LOD Date Level,MilepointDirection,MilepointDistance,MilepointUnits,NonTrafficFatal,OffroadLocation,OffroadLocation Description,RoadID,RouteType,SchoolBusRelated,SchoolBusRelated Description,SecondHarmEvent,SecondHarmEvent Description,SecondHarmLocation,SecondHarmLocation Description,Surface,Surface Description,TrafficControl,Trafficcontrol Description,WZLawEnforcementPresent,WZLocation,WZLocation Description,WZType,WZType Description,WZWorkersPresent
Injury Crashes,AM03620056,Bladensburg Police Department,Angle,Prince George's,Minor Arterial,No,No,No,No,No,BALTIMORE AVE,1,UNITED STATE ROUTE,No,True,No,4/13/2025,No,Point,38.943877764,-76.941041331,BLADENSBURG,01,16,02,No,14,,14:27,2025,Sunday,12,Motor Vehicle In Transport,05,On Roadway,4,,,,TANGLEWOOD DR,,06,Non-Junction,01,Daylight,4/13/2025,2025-04-13,W,6.94,F,N,,,14487D88B849222B9F510B7D71413566CDCE01147283951BEB2F8DE4478A6985,US,01,No,,,,,01,Dry,,,,,,,,
Property Damage Crashes,MSP757700J5,Maryland State Police,Front to Rear,Prince George's,Interstate,No,No,No,No,No,CAPITAL BELTWAY (SB/L),95,INTERSTATE ROUTE,No,True,No,2/28/2025,No,Point,38.986072123,-76.880804844,MSP,03,16,03,No,9,,09:57,2025,Friday,12,Motor Vehicle In Transport,05,On Roadway,1,,,,,,09,Through Roadway,01,Daylight,2/28/2025,2025-02-28,S,1046.17,F,N,,,2AD26BDA21C87609E0489D057742439099E5F52E7499E7E3A2A82D76C73153CA,IS,01,No,97,Not Applicable,,,01,Dry,,,,,,,,
Injury Crashes,AZ1747000L,Cheverly Police Department,Single Vehicle,Prince George's,,No,No,No,No,No,,59,MUNICIPAL ROAD,No,True,No,2/15/2025,No,Point,38.932435410,-76.914006752,CHEVERLY,101,16,02,No,7,,07:37,2025,Saturday,35,"Other Fixed Object (wall, building, tunnel, etc.)",04,"Off-Roadway, Location Unknown",,,,,,,01,Acceleration/Deceleration Lane,01,Daylight,2/15/2025,2025-02-15,W,82.41,F,N,,,BFBB10EEA8428E813F9E10D9FEA5A98DF79F44B91872A0B6069D737A381F12A9,MU,01,No,,,,,01,Dry,,,,,,,,
Property Damage Crashes,MSP78650011,Maryland State Police,Single Vehicle,Prince George's,Interstate,Yes,No,No,No,No,RAMP 2 FR RP 7 (MD198 WB) TO IS 95 NB CD,95,RAMP,No,True,No,1/15/2025,No,Point,39.102275601,-76.886751402,MSP,101,16,03,No,21,,21:49,2025,Wednesday,28,Ditch,09,Roadside,1,,,,,,06,Non-Junction,04,Dark - Not Lighted,1/15/2025,2025-01-15,E,0.98,F,N,,,7C20962486549AA88A944F6EE8112A490242866648881BFDFACFCB2053055407,RP,01,No,,,,,01,Dry,,,,,,,,
Property Damage Crashes,DA3988009Y,Prince George's County Police,Front to Rear,Prince George's,Local,No,No,No,No,No,FORBES BLVD (SB/L),4224,COUNTY ROAD,No,True,No,2/9/2025,No,Point,38.952229428,-76.834698516,PGCOPD,03,16,03,Yes,10,04,10:15,2025,Sunday,12,Motor Vehicle In Transport,05,On Roadway,7,Perpendicular,,,MARTIN LUTHER KING JR HWY,03,05,Intersection or Related,01,Daylight,2/9/2025,2025-02-09,E,0,F,N,,,1EA5F09B86494CD67C3BDE8D03912D671F99149F26355D8600F70CB601992075,CO,01,No,97,Not Applicable,,,01,Dry,01,Signalized,,,,,,
Property Damage Crashes,DA3707004J,Prince George's County Police,"Sideswipe, Same Direction",Prince George's,,No,No,No,No,No,GOOD LUCK RD (WB/L),42,COUNTY ROAD,No,True,No,2/2/2025,No,Point,38.991053995,-76.836017403,PGCOPD,07,16,03,No,16,,16:07,2025,Sunday,12,Motor Vehicle In Transport,05,On Roadway,,,,,,,09,Through Roadway,01,Daylight,2/2/2025,2025-02-02,S,39.14,F,N,,,3B7595DB96C293530BE76709287BA095F70338D0A20971AAC5829F6FFE82E9E3,CO,01,No,,,,,01,Dry,,,,,,,,
Property Damage Crashes,BW01930016,Greenbelt Police Department,Single Vehicle,Prince George's,Local,No,No,No,No,No,GOLDEN TRIANGLE DR,145,MUNICIPAL ROAD,No,True,No,1/19/2025,No,Point,38.997467545,-76.895039129,GREENBELT,101,16,03,No,17,04,17:39,2025,Sunday,25,Concrete Traffic Barrier,03,Median,7,Perpendicular,,,WALKER DR,03,05,Intersection or Related,03,Dark - Lighted,1/19/2025,2025-01-19,N,0,F,N,,,49EA180FDAB81D157DE619A0EACF3AF6E2DF0941ACAF33E557C1955E3BCE0B70,MU,01,No,25,Concrete Traffic Barrier,03,Median,07,Snow,05,No Controls,,,,,,
Property Damage Crashes,DA3476004Y,Prince George's County Police,Front to Rear,Prince George's,,No,No,No,No,No,CHERRY HILL RD (EB/L),14,COUNTY ROAD,No,True,No,5/23/2025,No,Point,39.014729629,-76.928418826,PGCOPD,03,16,03,No,12,,12:30,2025,Friday,12,Motor Vehicle In Transport,05,On Roadway,,,,,,,09,Through Roadway,01,Daylight,5/23/2025,2025-05-23,N,19.44,F,N,,,F37EE0526DD3C211398F9AC3883F0F1FE694AA8A33D3BF4430D9284117148321,CO,01,No,,,,,01,Dry,,,,,,,,
Property Damage Crashes,DA43270041,Prince George's County Police,Front to Rear,Prince George's,Local,No,No,No,No,No,CLOVIS AVE,100,MUNICIPAL ROAD,No,True,No,5/11/2025,No,Point,38.884276446,-76.916853597,PGCOPD,03,16,03,No,7,,07:41,2025,Sunday,15,Parked Vehicle,05,On Roadway,7,,,,,,06,Non-Junction,01,Daylight,5/11/2025,2025-05-11,E,13.62,F,N,,,942A28A2F765F101F5AD4C3E9797499A281B240E9374B7EB9A553FCC1F01F874,MU,01,No,,,,,01,Dry,,,,,,,,
Injury Crashes,AZ1730002H,Cheverly Police Department,Front to Front,Prince George's,Principal Arterial – Other,No,No,No,No,No,LANDOVER RD,202,MARYLAND ROUTE,No,True,No,3/24/2025,No,Point,38.936455996,-76.919923928,CHEVERLY,02,16,02,No,16,04,16:10,2025,Monday,12,Motor Vehicle In Transport,05,On Roadway,3,Perpendicular,,,57TH AVE,03,05,Intersection or Related,01,Daylight,3/24/2025,2025-03-24,E,0,F,N,,,6F30B1A51E8D4166AB9E831B40C406EB494FE32034FD9EA129A2A8FA19F4666E,MD,01,No,,,,,09,Wet,01,Signalized,,,,,,
Property Damage Crashes,DA4289003Y,Prince George's County Police,Unknown,Prince George's,,No,No,No,No,Yes,,,,No,True,No,3/30/2025,No,Point,38.930587338,-76.882616014,PGCOPD,99,16,03,,9,,09:00,2025,Sunday,15,Parked Vehicle,02,In Parking Lane Or Zone,,,,,,,,,99,Unknown,3/30/2025,2025-03-30,,,F,N,102,Parking Lot Way,,,01,No,,,,,,,,,,,,,,
Injury Crashes,DA409900FK,Prince George's County Police,Other,Prince George's,Minor Arterial,No,No,No,No,No,RIGGS RD,212,MARYLAND ROUTE,No,True,No,6/6/2025,No,Point,38.977499123,-76.978159921,PGCOPD,98,16,02,No,22,,22:15,2025,Friday,12,Motor Vehicle In Transport,05,On Roadway,4,,,,CHAPMAN RD,,09,Through Roadway,03,Dark - Lighted,6/6/2025,2025-06-06,S,47.24,F,N,,,E09CE0A120C318E6A4A6A3E6ECECEB1711D7F1362AB8FB4F48961F98C82D5F68,MD,01,No,,,,,01,Dry,,,,,,,,
Property Damage Crashes,DA3943002F,Prince George's County Police,Front to Rear,Prince George's,,No,No,No,No,Yes,,,,No,True,No,3/19/2025,No,Point,38.916480424,-76.843714099,PGCOPD,03,16,03,,12,,12:56,2025,Wednesday,12,Motor Vehicle In Transport,02,In Parking Lane Or Zone,,,,,,,,,01,Daylight,3/19/2025,2025-03-19,,,F,N,102,Parking Lot Way,,,01,No,,,,,,,,,,,,,,
Property Damage Crashes,MSP7778006T,Maryland State Police,Front to Rear,Prince George's,Interstate,No,No,No,No,No,RAMP 7 FR MD 450 WB TO IS 95 SB,95,RAMP,No,True,No,1/2/2025,No,Point,38.959203201,-76.867186755,MSP,03,16,03,No,8,,08:26,2025,Thursday,12,Motor Vehicle In Transport,05,On Roadway,1,,,,,,04,Entrance/Exit Ramp or Related,01,Daylight,1/2/2025,2025-01-02,E,38.47,F,N,,,4A9911DE0F3B1E054068C434AD675E028B79466AB665701BE7ED8EA62547E72D,RP,01,No,,,,,01,Dry,,,,,,,,
Property Damage Crashes,DA43800037,Prince George's County Police,Single Vehicle,Prince George's,Minor Arterial,No,No,No,No,No,LIVINGSTON RD,373,MARYLAND ROUTE,No,True,No,4/12/2025,No,Point,38.669775353,-77.009287068,PGCOPD,101,16,03,No,22,,22:16,2025,Saturday,36,"Other Post, Pole, Or Support",05,On Roadway,4,,,,,,01,Acceleration/Deceleration Lane,03,Dark - Lighted,4/12/2025,2025-04-12,E,33.77,F,N,,,CC6D6886099D2209B7B9E18882DE8F74FB416615DC1F1A65D8E8E270278C55F7,MD,01,No,,,,,09,Wet,,,,,,,,
Injury Crashes,CE49140097,Laurel Police Department,Front to Rear,Prince George's,Principal Arterial – Other,No,No,No,No,No,GORMAN AVE,198,MARYLAND ROUTE,No,True,No,3/11/2025,No,Point,39.097779425,-76.848818374,LAUREL,03,16,02,No,10,,10:08,2025,Tuesday,12,Motor Vehicle In Transport,05,On Roadway,3,,,,,,06,Non-Junction,01,Daylight,3/11/2025,2025-03-11,S,12.05,F,N,,,507E8891962C75DDB0483FAEE5CDF13F039C76F08E416A44265A824FEBB3F486,MD,01,No,,,,,01,Dry,,,,,,,,
Property Damage Crashes,MSP546601R6,Maryland State Police,Front to Front,Prince George's,Principal Arterial – Other,No,No,No,No,No,LARGO RD,202,MARYLAND ROUTE,No,True,No,1/26/2025,No,Point,38.893086322,-76.827761183,MSP,02,16,03,Yes,19,,19:45,2025,Sunday,12,Motor Vehicle In Transport,05,On Roadway,3,,,,,,09,Through Roadway,04,Dark - Not Lighted,1/26/2025,2025-01-26,N,27.95,F,N,,,7AB4E8D814B245C8A408A95B73C00E50E96D4CDB8315136FA0CCE4EF25BDD0E0,MD,01,No,03,Explosion Or Fire,05,On Roadway,01,Dry,,,,,,,,
Property Damage Crashes,DA44270008,Prince George's County Police,Front to Rear,Prince George's,Local,No,No,No,No,No,KILBURNIE CIR,3622,COUNTY ROAD,No,True,No,2/14/2025,No,Point,38.7124532,-77.0051032,PGCOPD,03,16,03,No,7,,07:23,2025,Friday,15,Parked Vehicle,09,Roadside,7,,,,,,06,Non-Junction,01,Daylight,2/14/2025,2025-02-14,N,83.94,F,N,,,277150E407CF80725B219E0891D8BAA474B7CDFF92EF6C17A9BC261A97BD82DA,CO,01,No,,,,,01,Dry,,,,,,,,
Property Damage Crashes,DA44340004,Prince George's County Police,Front to Rear,Prince George's,Minor Arterial,No,No,No,No,No,SHERIFF RD,75,COUNTY ROAD,No,True,No,4/5/2025,No,Point,38.908667246,-76.896667188,PGCOPD,03,16,03,No,0,,00:08,2025,Saturday,12,Motor Vehicle In Transport,05,On Roadway,4,,,,,,06,Non-Junction,03,Dark - Lighted,4/5/2025,2025-04-05,W,58.56,F,N,,,C61541C9FAF2F6BE75CAD2AB7A4E6613C9E4AFD14884FA114DFF368349369358,CO,01,No,,,,,01,Dry,,,,,,,,
Property Damage Crashes,CC02710086,Hyattsville Police Department,"Sideswipe, Same Direction",Prince George's,Principal Arterial – Other,No,No,No,No,No,EAST WEST HWY,410,MARYLAND ROUTE,No,True,No,3/22/2025,No,Point,38.966021624,-76.944226465,HYATTSVILLE,07,16,03,No,23,,23:38,2025,Saturday,12,Motor Vehicle In Transport,05,On Roadway,3,,,,,,06,Non-Junction,03,Dark - Lighted,3/22/2025,2025-03-22,S,3.4,F,N,,,D9638655BDFCB2BE4DB04FFEC79FF7024B38B79D090C1DBB16B40099BFE019A9,MD,01,No,,,,,01,Dry,,,,,,,,
Property Damage Crashes,RD01300051,Riverdale Park Police Department,Single Vehicle,Prince George's,Principal Arterial – Other,No,No,No,No,No,EAST WEST HWY (WB/L),410,MARYLAND ROUTE,No,True,No,6/2/2025,No,Point,38.964667403,-76.939035102,RIVERDALE,101,16,03,Yes,23,04,23:30,2025,Monday,41,Utility Pole/Light Support,09,Roadside,3,Angled/Skewed,101,State,BALTIMORE AVE,01,05,Intersection or Related,04,Dark - Not Lighted,6/2/2025,2025-06-02,W,0,F,N,,,ABC759249A3E1F317E466ECEEE90AB25ADFEFBE7F8A4B719BF4069E7558060B1,MD,01,No,41,Utility Pole/Light Support,09,Roadside,01,Dry,01,Signalized,,,,,,
Property Damage Crashes,MSP77640092,Maryland State Police,Front to Rear,Prince George's,Interstate,No,No,No,No,No,CAPITAL BELTWAY,95,INTERSTATE ROUTE,No,True,No,5/4/2025,No,Point,39.022363066,-76.939239537,MSP,03,16,03,No,9,,09:29,2025,Sunday,12,Motor Vehicle In Transport,05,On Roadway,1,,,,,,06,Non-Junction,01,Daylight,5/4/2025,2025-05-04,W,32.31,F,N,,,E25C9E58189F012667B0A14918B139103786F89375196F99E6C6FE682F6EAC88,IS,01,No,,,,,09,Wet,,,,,,,,
Property Damage Crashes,MSP7764009X,Maryland State Police,Front to Rear,Prince George's,Interstate,No,No,No,No,No,CAPITAL BELTWAY (SB/L),95,INTERSTATE ROUTE,No,True,No,6/5/2025,No,Point,39.010893333,-76.90305,MSP,03,16,03,No,16,,16:18,2025,Thursday,12,Motor Vehicle In Transport,05,On Roadway,1,,,,,,06,Non-Junction,01,Daylight,6/5/2025,2025-06-05,E,38.17,F,N,,,3791415D660B46FB26FF18F967A58F83BC9E242640EF4B5BFEE7AD5FC245D2A9,IS,01,No,,,,,01,Dry,,,,,,,,
Property Damage Crashes,MSP6582015S,Maryland State Police,Single Vehicle,Prince George's,Principal Arterial – Other,No,No,No,No,No,CRAIN HWY,301,UNITED STATE ROUTE,No,True,No,3/2/2025,No,Point,38.692353473,-76.872031593,MSP,101,16,03,No,2,,02:06,2025,Sunday,32,Guardrail Face,06,"On Shoulder, Left Side",3,,101,State,,,09,Through Roadway,04,Dark - Not Lighted,3/2/2025,2025-03-02,S,26.14,F,N,,,0EE41D7DA1FA4909ADBB895E1FBAE7D98F17657C60C770C8543A8EF8A5FFB265,US,01,No,,,,,01,Dry,,,,,,,,
Injury Crashes,CBPD01170071,Bowie Police Department,Front to Rear,Prince George's,,No,No,No,No,No,,1,SPUR,No,True,No,1/9/2025,No,Point,38.970588399,-76.755606373,BOWIE,03,16,02,No,8,,08:04,2025,Thursday,12,Motor Vehicle In Transport,05,On Roadway,,,,,,,06,Non-Junction,01,Daylight,1/9/2025,2025-01-09,N,6.84,F,N,,,FB6B8F755B85C2C79DEE1377FA6CD0B12A39924E718088F69F2C2585726469D8,SP,01,No,,,,,01,Dry,,,,,,,,
Property Damage Crashes,DA4369001Y,Prince George's County Police,Angle,Prince George's,Local,No,No,No,No,No,COLUMBIA PL,2431,COUNTY ROAD,Yes,True,No,2/7/2025,No,Point,38.917947457,-76.892871053,PGCOPD,01,16,03,Yes,18,,18:15,2025,Friday,12,Motor Vehicle In Transport,05,On Roadway,7,,,,COLUMBIA PARK RD,,02,Crossover-Related,03,Dark - Lighted,2/7/2025,2025-02-07,N,16.59,F,N,,,EDC12501A19BF36C842575894BC0029E6D09461A8196C1C0C1602601305122AE,CO,01,No,,,,,01,Dry,,,,,,,,
Property Damage Crashes,DA418800FZ,Prince George's County Police,Angle,Prince George's,Local,No,No,No,No,No,MADISON ST,636,COUNTY ROAD,No,True,No,3/23/2025,No,Point,38.956715314,-76.920056357,PGCOPD,01,16,03,Yes,8,,08:07,2025,Sunday,15,Parked Vehicle,05,On Roadway,7,,,,,,03,Driveway Access or Related,01,Daylight,3/23/2025,2025-03-23,W,48.69,F,N,,,1ED4AF4BD3DC3DA791D8E5D868CD33CE9E7B4D06A8D544E485904F28FE51D969,CO,01,No,,,,,01,Dry,,,,,,,,
Injury Crashes,DM85050027,Takoma Park Police Department,Front to Rear,Prince George's,Principal Arterial – Other,No,No,No,No,No,UNIVERSITY BLVD,193,MARYLAND ROUTE,No,True,Yes,3/30/2025,Yes,Point,38.990083756,-76.988982481,TAKOMA,03,16,02,Yes,17,,17:09,2025,Sunday,12,Motor Vehicle In Transport,05,On Roadway,3,,,,,,01,Acceleration/Deceleration Lane,01,Daylight,3/30/2025,2025-03-30,S,12.15,F,N,,,B3693142B7E49F87EDD2E5ACE1D2AA561F1B817F9A3A2A47814DB70CF8796860,MD,01,No,,,,,01,Dry,,,N,04,Activity Area,05,Other Type of Work Zone,No
Injury Crashes,DA409400BT,Prince George's County Police,Front to Front,Prince George's,Minor Arterial,No,No,No,No,No,ANNAPOLIS RD (WB/L),450,MARYLAND ROUTE,Yes,True,No,2/19/2025,No,Point,38.938860789,-76.913183642,PGCOPD,02,16,02,No,12,,12:00,2025,Wednesday,12,Motor Vehicle In Transport,05,On Roadway,4,,,,,,06,Non-Junction,01,Daylight,2/19/2025,2025-02-19,E,50.1,F,N,,,83AB26B01FB8A882B5B44E11E16C1DF947CBEF6EDE43F6B644F3F6073BF65102,MD,01,No,,,,,01,Dry,,,,,,,,
Property Damage Crashes,DA393600FV,Prince George's County Police,Other,Prince George's,,No,No,No,No,No,,87,COUNTY ROAD,No,True,No,1/31/2025,No,Point,38.848032327,-76.871876768,PGCOPD,98,16,03,No,13,,13:55,2025,Friday,12,Motor Vehicle In Transport,05,On Roadway,,,,,,,06,Non-Junction,01,Daylight,1/31/2025,2025-01-31,W,5.76,F,N,,,41CCB5C931E6847690293BD6DB517398C7A544C28B66064186C9716354ABD210,CO,01,No,,,,,09,Wet,,,,,,,,
Property Damage Crashes,CP0172000C,Mount Rainier Police Department,Rear To Side,Prince George's,Local,No,No,No,No,No,ALLISON ST,10,MUNICIPAL ROAD,No,True,No,2/6/2025,No,Point,38.947990045,-76.962288001,MTRAINIER,05,16,03,Yes,9,04,09:04,2025,Thursday,12,Motor Vehicle In Transport,05,On Roadway,7,Perpendicular,,,34TH ST ARUNDEL RD CHILLUM RD,03,05,Intersection or Related,01,Daylight,2/6/2025,2025-02-06,S,0,F,N,,,CE32BA391C51C0F179CBE24D5B594911C0DBE037F49DCF5992CDED960FCA7C7C,MU,01,No,12,Motor Vehicle In Transport,05,On Roadway,09,Wet,01,Signalized,,,,,,
Injury Crashes,DA4101009F,Prince George's County Police,"Sideswipe, Same Direction",Prince George's,Principal Arterial – Other,No,No,Yes,No,No,BRANCH AVE (SB/L),5,MARYLAND ROUTE,No,True,No,5/9/2025,No,Point,38.836223711,-76.944190061,PGCOPD,07,16,02,No,23,,23:10,2025,Friday,12,Motor Vehicle In Transport,05,On Roadway,3,,,,,,06,Non-Junction,03,Dark - Lighted,5/9/2025,2025-05-09,E,6.48,F,N,,,7CD8D68967F642D58D4A6017803F4039224B7544EF75A9CB10578CE456944299,MD,01,No,,,,,01,Dry,,,,,,,,
Property Damage Crashes,MSP7665009F,Maryland State Police,"Sideswipe, Same Direction",Prince George's,Interstate,No,No,No,No,No,CAPITAL BELTWAY,95,INTERSTATE ROUTE,No,True,No,1/18/2025,No,Point,38.960084580,-76.866240107,MSP,07,16,03,No,20,,20:04,2025,Saturday,12,Motor Vehicle In Transport,05,On Roadway,1,,,,,,06,Non-Junction,03,Dark - Lighted,1/18/2025,2025-01-18,N,38.08,F,N,,,2F5480122A93A4CC87A15ECA8FC43328CE52C1A4B3B7C60921A6D45A701FD86E,IS,01,No,12,Motor Vehicle In Transport,05,On Roadway,01,Dry,,,,,,,,
Property Damage Crashes,DA33720049,Prince George's County Police,"Sideswipe, Same Direction",Prince George's,,No,No,No,No,Yes,,,,No,True,No,4/25/2025,No,Point,38.812318201,-76.970242832,PGCOPD,07,16,03,,7,,07:54,2025,Friday,12,Motor Vehicle In Transport,02,In Parking Lane Or Zone,,,,,,,,,01,Daylight,4/25/2025,2025-04-25,,,F,N,102,Parking Lot Way,,,01,No,,,,,,,,,,,,,,
Property Damage Crashes,MSP7839004J,Maryland State Police,Single Vehicle,Prince George's,Interstate,No,No,No,No,No,CAPITAL BELTWAY (SB/L),95,INTERSTATE ROUTE,No,True,No,4/21/2025,No,Point,38.819341667,-76.929388333,MSP,101,16,03,No,16,,16:30,2025,Monday,32,Guardrail Face,06,"On Shoulder, Left Side",1,,101,State,,,06,Non-Junction,01,Daylight,4/21/2025,2025-04-21,S,58.84,F,N,,,921C4483E5118062C12A9E7BE290EB4194ECD1244D553CAB9C5766EBFE2D101E,IS,01,No,,,,,01,Dry,,,,,,,,
Injury Crashes,DA368800DQ,Prince George's County Police,Angle,Prince George's,Minor Arterial,No,No,No,No,No,MUIRKIRK RD,21,COUNTY ROAD,No,True,No,5/9/2025,No,Point,39.053358377,-76.846852044,PGCOPD,01,16,02,Yes,15,03,15:51,2025,Friday,12,Motor Vehicle In Transport,05,On Roadway,4,Perpendicular,,,TUSCANY DR,03,05,Intersection or Related,01,Daylight,5/9/2025,2025-05-09,W,0,F,N,,,D9A409EA2CC2A3B40DC46A7D660683B667AB2E5EC09F75EBE2319884041FF0B6,CO,01,No,,,,,01,Dry,03,Stop - Partial,,,,,,
Property Damage Crashes,MSP7839001K,Maryland State Police,Front to Rear,Prince George's,Principal Arterial – Other Freeways and Expressways,No,No,No,No,No,PENNSYLVANIA AVE,4,MARYLAND ROUTE,No,True,No,1/24/2025,No,Point,38.825448683,-76.853029309,MSP,03,16,03,No,6,,06:07,2025,Friday,12,Motor Vehicle In Transport,05,On Roadway,2,,,,,,06,Non-Junction,04,Dark - Not Lighted,1/24/2025,2025-01-24,N,9.1,F,N,,,F47869830185475DEB287699FD07376EB077CEE357AC44B29CA356EDDDFCE688,MD,01,No,,,,,01,Dry,,,,,,,,
Property Damage Crashes,MSP744200SC,Maryland State Police,Front to Rear,Prince George's,Interstate,No,No,No,No,No,JOHN HANSON HWY (WB/L),595,INTERSTATE ROUTE,No,True,No,4/11/2025,No,Point,38.946445789,-76.848102474,MSP,03,16,03,Yes,15,,15:26,2025,Friday,12,Motor Vehicle In Transport,05,On Roadway,1,,,,,,09,Through Roadway,01,Daylight,4/11/2025,2025-04-11,S,46.69,F,N,,,FBBD83951BE3F216778E306C61C7EA9B72BE636C8D7F4607DF171FF3A735F8FA,IS,01,No,,,,,09,Wet,,,,,,,,
Property Damage Crashes,MSP7764008F,Maryland State Police,Single Vehicle,Prince George's,Principal Arterial – Other,No,No,No,No,No,CRAIN HWY,3,MARYLAND ROUTE,No,True,No,4/5/2025,No,Point,38.977289139,-76.713654880,MSP,101,16,03,No,10,02,10:22,2025,Saturday,35,"Other Fixed Object (wall, building, tunnel, etc.)",07,"On Shoulder, Right Side",3,Perpendicular,,,,03,05,Intersection or Related,01,Daylight,4/5/2025,2025-04-05,S,0,F,N,,,69E327509078BA73608C2CC24944BFA4B4E53A49A576EE8850E2BE84A9CD12EF,MD,01,No,,,,,01,Dry,03,Stop - Partial,,,,,,
Property Damage Crashes,MSP546601SB,Maryland State Police,Single Vehicle,Prince George's,Interstate,No,No,No,No,No,RAMP 8 FR IS 95 SB TO MD 202 WB,95,RAMP,No,True,No,3/22/2025,No,Point,38.917878333,-76.85344,MSP,101,16,03,Yes,0,,00:30,2025,Saturday,28,Ditch,03,Median,1,,,,,,04,Entrance/Exit Ramp or Related,04,Dark - Not Lighted,3/22/2025,2025-03-22,S,32.65,F,N,,,5776C6CEAE16ED77A76074713E791DD0917E0001755A31A2C0C328F8FAE9DE0F,RP,01,No,,,,,01,Dry,,,,,,,,
Property Damage Crashes,MSP7395008T,Maryland State Police,Front to Rear,Prince George's,Interstate,No,No,No,No,No,JOHN HANSON HWY (WB/L),595,INTERSTATE ROUTE,No,True,No,1/10/2025,No,Point,38.946720016,-76.842434,MSP,03,16,03,No,18,,18:47,2025,Friday,12,Motor Vehicle In Transport,05,On Roadway,1,,,,,,06,Non-Junction,03,Dark - Lighted,1/10/2025,2025-01-10,N,43.11,F,N,,,80CD93540E0C290E8F79FAAD080F7F581A57BF0DA344DEE506DBC1DB282CA5C7,IS,01,No,,,,,01,Dry,,,,,,,,
Property Damage Crashes,MSP7776006J,Maryland State Police,"Sideswipe, Same Direction",Prince George's,Interstate,No,Yes,No,No,No,CAPITAL BELTWAY,95,INTERSTATE ROUTE,No,True,No,5/14/2025,No,Point,39.006811828,-76.898378171,MSP,07,16,03,No,10,,10:08,2025,Wednesday,12,Motor Vehicle In Transport,05,On Roadway,1,,,,,,06,Non-Junction,01,Daylight,5/14/2025,2025-05-14,S,8.61,F,N,,,DFBDA208BB61AB287909800F3ABE4C83F7AE241C86B6CF32827A4EE940E52805,IS,01,No,12,Motor Vehicle In Transport,05,On Roadway,09,Wet,,,,,,,,
Property Damage Crashes,DA3900005B,Prince George's County Police,Front to Front,Prince George's,,No,No,No,No,Yes,,,,Yes,True,No,1/3/2025,No,Point,38.767689155,-76.781784737,PGCOPD,02,16,03,,1,,01:54,2025,Friday,15,Parked Vehicle,04,"Off-Roadway, Location Unknown",,,,,,,,,04,Dark - Not Lighted,1/3/2025,2025-01-03,,,F,N,102,Parking Lot Way,,,01,No,,,,,,,,,,,,,,
Property Damage Crashes,AM03350087,Bladensburg Police Department,Front to Rear,Prince George's,Principal Arterial – Other,No,No,No,No,No,LANDOVER RD,202,MARYLAND ROUTE,No,True,No,1/30/2025,No,Point,38.938596710,-76.925042164,BLADENSBURG,03,16,03,Yes,18,,18:00,2025,Thursday,12,Motor Vehicle In Transport,05,On Roadway,3,,,,,,99,Unknown,03,Dark - Lighted,1/30/2025,2025-01-30,W,23.39,F,N,,,B030410DA3CF367B0A75EFE91EDB9BCC2336624FF334F5488E2553807ECA4AAB,MD,01,No,,,,,01,Dry,,,,,,,,
Property Damage Crashes,AM0388002K,Bladensburg Police Department,Front to Rear,Prince George's,Minor Arterial,No,No,No,No,No,ANNAPOLIS RD,450,MARYLAND ROUTE,No,True,No,1/8/2025,No,Point,38.938821302,-76.923551244,BLADENSBURG,03,16,03,No,17,,17:00,2025,Wednesday,12,Motor Vehicle In Transport,05,On Roadway,4,,,,,,01,Acceleration/Deceleration Lane,01,Daylight,1/8/2025,2025-01-08,W,19.42,F,N,,,6C3CFE5539C31E38BEAABDC563DA8F13C748BF7789BF00BB1DD7661BE9109711,MD,01,No,,,,,02,Ice/Frost,,,,,,,,
Property Damage Crashes,DA4358002H,Prince George's County Police,"Sideswipe, Same Direction",Prince George's,Principal Arterial – Other,No,No,No,No,No,BRANCH AVE (SB/L),5,MARYLAND ROUTE,No,True,No,1/25/2025,No,Point,38.849175784,-76.953950128,PGCOPD,07,16,03,No,10,,10:15,2025,Saturday,12,Motor Vehicle In Transport,05,On Roadway,3,,,,,,06,Non-Junction,01,Daylight,1/25/2025,2025-01-25,S,21.27,F,N,,,58C50D7EB41D427419A74425F7AC8A1ABC834E81803D8EBB6106A962FF3167FB,MD,01,No,,,,,01,Dry,,,,,,,,