Crash Severity Description,Reportnumber,Agencyname,CollisionImpact Description,Crash County Description,FunctionalClass Description,ImpairedCrash,Large Vehicle Involved,Motorcycle Crash,Non-Motorist Crash,OffRoad,RoadName,Route Number,RouteType Description,Unrestrained Occupants,WithinDateRange,Work Zone Related,Crashdate,Work Zone Crash,CrashPoint,Latitude,Longitude,AgencyCode,CollisionImpact,Crash County,Crash Severity,Crash Within Interchange,Crashhour,CrashInterchangeApproaches,Crashtime,CrashYear,Dayofweek,FirstHarmEvent,FirstHarmEvent Description,FirstHarmLocation,FirstHarmLocation Description,FunctionalClass,Geometry Description,GovPropertyDamage,GovPropertyDamage Description,IntersectingRoadName,Intersection Geometry,JunctionRelated,JunctionRelated Description,Light,Light Description,LOD Crash Date,LOD Date Level,MilepointDirection,MilepointDistance,MilepointUnits,NonTrafficFatal,OffroadLocation,OffroadLocation Description,RoadID,RouteType,SchoolBusRelated,SchoolBusRelated Description,SecondHarmEvent,SecondHarmEvent Description,SecondHarmLocation,SecondHarmLocation Description,Surface,Surface Description,TrafficControl,Trafficcontrol Description,WZLawEnforcementPresent,WZLocation,WZLocation Description,WZType,WZType Description,WZWorkersPresent
Property Damage Crashes,DA43900019,Prince George's County Police,Front to Front,Prince George's,Local,No,No,No,No,No,CABIN BRANCH DR,1381,COUNTY ROAD,No,True,No,3/21/2025,No,Point,38.882607938,-76.893506959,PGCOPD,02,16,03,No,9,,09:26,2025,Friday,12,Motor Vehicle In Transport,09,Roadside,7,,,,,,01,Acceleration/Deceleration Lane,01,Daylight,3/21/2025,2025-03-21,N,12.56,F,N,,,F9E074F353065E1FB2556E31D37D1A2F865F323B08C6247BB3BFF338C0F6F432,CO,01,No,,,,,01,Dry,,,,,,,,
Injury Crashes,DA43630011,Prince George's County Police,Angle,Prince George's,Principal Arterial – Other,No,No,No,No,No,ANNAPOLIS RD (WB/L),450,MARYLAND ROUTE,No,True,No,5/3/2025,No,Point,38.957764705,-76.805069567,PGCOPD,01,16,02,No,0,,00:40,2025,Saturday,12,Motor Vehicle In Transport,05,On Roadway,3,,,,,,09,Through Roadway,04,Dark - Not Lighted,5/3/2025,2025-05-03,N,41.08,F,N,,,9A78753DA55DC20199839DDD70C7FEE020FF212F5DF414FC66161569CEAF68E9,MD,01,No,,,,,01,Dry,,,,,,,,
Property Damage Crashes,MSP78750016,Maryland State Police,Front to Rear,Prince George's,Principal Arterial – Other,No,No,No,No,No,PENNSYLVANIA AVE (SB/L),4,MARYLAND ROUTE,No,True,No,1/2/2025,No,Point,38.817836667,-76.8402,MSP,03,16,03,No,15,,15:29,2025,Thursday,12,Motor Vehicle In Transport,05,On Roadway,3,,,,,,01,Acceleration/Deceleration Lane,01,Daylight,1/2/2025,2025-01-02,N,17.58,F,N,,,A3C2125E2533352B630F30A25333AC6D31BC953C44587E69B2EFFFB82B082C34,MD,01,No,,,,,01,Dry,,,,,,,,
Property Damage Crashes,MSP78750047,Maryland State Police,Single Vehicle,Prince George's,Interstate,No,No,No,No,No,CAPITAL BELTWAY (SB LOCAL),95,INTERSTATE ROUTE,No,True,Yes,5/12/2025,Yes,Point,38.806701667,-76.98865,MSP,101,16,03,No,5,,05:16,2025,Monday,25,Concrete Traffic Barrier,10,Separator/Traffic Island,1,,,,,,06,Non-Junction,03,Dark - Lighted,5/12/2025,2025-05-12,S,42.84,F,N,,,D1802A7F3C4644A359C3F8AAEEE4B39D9460D4F165AC3A8C970D2E908ADEB2EC,IS,01,No,,,,,01,Dry,,,N,05,Termination Area,03,Work on Shoulder or Median,No
Property Damage Crashes,DA393200HQ,Prince George's County Police,Front to Rear,Prince George's,Principal Arterial – Other,No,No,No,No,No,UNIVERSITY BLVD,193,MARYLAND ROUTE,No,True,No,5/1/2025,No,Point,39.001222993,-76.937500061,PGCOPD,03,16,03,No,18,,18:37,2025,Thursday,12,Motor Vehicle In Transport,05,On Roadway,3,,,,,,09,Through Roadway,01,Daylight,5/1/2025,2025-05-01,S,45,F,N,,,C99FE86738C4CDA9E5F9B94D8863D08C482F88ED3BE380E2CA3A49EE48626D1B,MD,01,No,,,,,01,Dry,,,,,,,,
Injury Crashes,DA4417000K,Prince George's County Police,Angle,Prince George's,,No,No,No,No,Yes,,,,No,True,No,3/3/2025,No,Point,38.841032503,-76.948173216,PGCOPD,01,16,02,,19,,19:26,2025,Monday,12,Motor Vehicle In Transport,02,In Parking Lane Or Zone,,,,,,,,,04,Dark - Not Lighted,3/3/2025,2025-03-03,,,F,N,102,Parking Lot Way,,,01,No,,,,,,,,,,,,,,
Injury Crashes,MSP78720020,Maryland State Police,Other,Prince George's,Principal Arterial – Other,No,No,No,No,No,CENTRAL AVE (WB/L),214,MARYLAND ROUTE,No,True,No,2/6/2025,No,Point,38.902083333,-76.758146667,MSP,98,16,02,No,5,03,05:46,2025,Thursday,12,Motor Vehicle In Transport,05,On Roadway,3,Perpendicular,,,CHURCH RD CHURCH RD (NB/L),03,05,Intersection or Related,03,Dark - Lighted,2/6/2025,2025-02-06,S,0,F,N,,,31C3053B9672BC8B7D5C530DA32BBCF7788597DABB53D72A22733778DDE9375E,MD,01,No,,,,,09,Wet,01,Signalized,,,,,,
Property Damage Crashes,DA41300081,Prince George's County Police,Angle,Prince George's,Principal Arterial – Other,No,No,No,No,No,BRANCH AVE (SB/L),5,MARYLAND ROUTE,No,True,No,4/10/2025,No,Point,38.742049538,-76.879073297,PGCOPD,01,16,03,No,6,,06:38,2025,Thursday,12,Motor Vehicle In Transport,05,On Roadway,3,,,,,,01,Acceleration/Deceleration Lane,01,Daylight,4/10/2025,2025-04-10,S,21.13,F,N,,,B4F00F7A58542A08CA0BE50D3494617833CB761E5706748723F8F05EB9F9E72C,MD,01,No,,,,,01,Dry,,,,,,,,
Property Damage Crashes,RD0130004V,Riverdale Park Police Department,Front to Rear,Prince George's,Principal Arterial – Other,No,No,No,No,No,KENILWORTH AVE,201,MARYLAND ROUTE,Yes,True,No,5/1/2025,No,Point,38.952849537,-76.923889413,RIVERDALE,03,16,03,No,7,,07:40,2025,Thursday,12,Motor Vehicle In Transport,05,On Roadway,3,,,,,,09,Through Roadway,01,Daylight,5/1/2025,2025-05-01,N,39.04,F,N,,,1629A44AC095C2536DF16CDDAA7A92FF66F80FDC8E033179222A4ADA10B4FD0C,MD,01,No,12,Motor Vehicle In Transport,05,On Roadway,01,Dry,,,,,,,,
Property Damage Crashes,DA4074007G,Prince George's County Police,Rear To Rear,Prince George's,,No,No,No,No,Yes,,,,No,True,No,1/3/2025,No,Point,38.803498115,-76.992209175,PGCOPD,04,16,03,,13,,13:30,2025,Friday,15,Parked Vehicle,02,In Parking Lane Or Zone,,,,,,,,,01,Daylight,1/3/2025,2025-01-03,,,F,N,102,Parking Lot Way,,,01,No,,,,,,,,,,,,,,
Property Damage Crashes,DA4143008R,Prince George's County Police,"Sideswipe, Same Direction",Prince George's,Major Collector,No,No,No,No,No,DONNELL DR,1679,COUNTY ROAD,No,True,No,3/20/2025,No,Point,38.844431992,-76.884865196,PGCOPD,07,16,03,No,19,,19:00,2025,Thursday,12,Motor Vehicle In Transport,05,On Roadway,5,,,,,,06,Non-Junction,01,Daylight,3/20/2025,2025-03-20,S,13.73,F,N,,,50F3B794F0276FEFB9CA896CCDB22B0CE060BF32E2666BF5219CEE718EA210D0,CO,01,No,12,Motor Vehicle In Transport,05,On Roadway,01,Dry,,,,,,,,
Property Damage Crashes,MSP718600K1,Maryland State Police,Front to Rear,Prince George's,Interstate,No,No,No,No,No,CAPITAL BELTWAY (SB/L),95,INTERSTATE ROUTE,No,True,No,3/25/2025,No,Point,38.881861667,-76.843955,MSP,03,16,03,No,14,,14:53,2025,Tuesday,12,Motor Vehicle In Transport,05,On Roadway,1,,,,,,09,Through Roadway,01,Daylight,3/25/2025,2025-03-25,S,57.28,F,N,,,1EE38A7A78071BE652F0DB3E0AD86A15982BE935C145CA73D0C89BEB7CA080F3,IS,01,No,,,,,01,Dry,,,,,,,,
Injury Crashes,DA4372001B,Prince George's County Police,Single Vehicle,Prince George's,Principal Arterial – Other,No,No,No,Yes,No,BRANCH AVE,5,MARYLAND ROUTE,No,True,No,3/19/2025,No,Point,38.847223964,-76.952312632,PGCOPD,101,16,02,No,8,,08:52,2025,Wednesday,17,Pedestrian,05,On Roadway,3,,,,,,06,Non-Junction,99,Unknown,3/19/2025,2025-03-19,S,18.56,F,N,,,8685B6C8A6F125DD1414019D701ECE0CBF655CB7A024924B4DB133A1AA98CF82,MD,01,No,,,,,01,Dry,,,,,,,,
Property Damage Crashes,DA4361001N,Prince George's County Police,"Sideswipe, Same Direction",Prince George's,Minor Arterial,No,No,No,No,No,PALMER RD,3645,COUNTY ROAD,No,True,No,3/17/2025,No,Point,38.766437539,-76.992654658,PGCOPD,07,16,03,No,6,,06:33,2025,Monday,12,Motor Vehicle In Transport,05,On Roadway,4,,,,,,06,Non-Junction,100,Dawn,3/17/2025,2025-03-17,E,20.95,F,N,,,BEA38A8CBA613D52F26DF61CBF0E5837A3E664C2C40858DAAD72F36CDD224353,CO,01,No,,,,,09,Wet,,,,,,,,
Property Damage Crashes,CNC3183001Z,New Carrollton Police Department,Front to Rear,Prince George's,Major Collector,No,No,No,No,No,RIVERDALE RD,302,COUNTY ROAD,No,True,No,1/1/2025,No,Point,38.959549654,-76.877911909,NCPD,03,16,03,No,19,,19:07,2025,Wednesday,12,Motor Vehicle In Transport,05,On Roadway,5,,,,FOUNTAINEBLEAU DR,,09,Through Roadway,03,Dark - Lighted,1/1/2025,2025-01-01,N,128.84,F,N,,,0FD2EAFF62FC9FECFB8B465276F06AB1525A889D64A7D3B2915F5B0698B5B665,CO,01,No,,,,,01,Dry,,,,,,,,
Property Damage Crashes,DA338900BJ,Prince George's County Police,"Sideswipe, Same Direction",Prince George's,Local,No,No,No,No,No,OLD BRANCH AVE,967,MARYLAND ROUTE,No,True,No,1/15/2025,No,Point,38.828241095,-76.928367918,PGCOPD,07,16,03,Yes,0,,00:00,2025,Wednesday,12,Motor Vehicle In Transport,05,On Roadway,7,,,,BRANCH AVE,,09,Through Roadway,03,Dark - Lighted,1/15/2025,2025-01-15,S,12.6,F,N,,,D16232EFC9C67A987CD89B565D4CB21716A13BE0E03264A7149238A05A374EC4,MD,01,No,,,,,01,Dry,,,,,,,,
Property Damage Crashes,DA4356003C,Prince George's County Police,Front to Rear,Prince George's,Principal Arterial – Other Freeways and Expressways,No,No,No,No,No,SUITLAND PKWY,119,GOVERNMENT ROAD,No,True,No,4/11/2025,No,Point,38.830811721,-76.876726637,PGCOPD,03,16,03,No,12,,12:00,2025,Friday,12,Motor Vehicle In Transport,05,On Roadway,2,,,,,,06,Non-Junction,01,Daylight,4/11/2025,2025-04-11,E,41.98,F,N,,,0CF0F9B8A053111C48559B5B0603AA202D83B57677FB93EDBF8A2764354B3E1C,GV,01,No,,,,,09,Wet,,,,,,,,
Property Damage Crashes,DA384400FL,Prince George's County Police,"Sideswipe, Same Direction",Prince George's,Local,Yes,No,No,No,No,RED TOP RD,438,COUNTY ROAD,No,True,No,5/3/2025,No,Point,38.969015333,-76.985849455,PGCOPD,07,16,03,No,23,,23:15,2025,Saturday,15,Parked Vehicle,09,Roadside,7,,,,,,06,Non-Junction,03,Dark - Lighted,5/3/2025,2025-05-03,E,19.98,F,N,,,E70806512B7853D309C6D893A224BC19BD024FBD0D479276E574E65F9D2ADC0B,CO,01,No,15,Parked Vehicle,09,Roadside,01,Dry,,,,,,,,
Property Damage Crashes,AL1454001K,Berwyn Heights Police Department,Unknown,Prince George's,Local,No,No,No,No,No,BERWYN RD,10,MUNICIPAL ROAD,No,True,No,5/26/2025,No,Point,38.988417990,-76.912600856,BERWYNHEIGHTS,99,16,03,No,9,,09:15,2025,Monday,13,Other Non-Fixed Object,99,Unknown,7,,,,,,06,Non-Junction,99,Unknown,5/26/2025,2025-05-26,W,10.37,F,N,,,4131FB50FC4A5D39B57A27D206592747DB6C4B788826DBA9B5F2472CF11AD6EB,MU,01,No,06,Other Non-Collision,99,Unknown,01,Dry,,,,,,,,
Property Damage Crashes,DA43180045,Prince George's County Police,Front to Rear,Prince George's,Minor Arterial,No,Yes,No,No,No,TEMPLE HILL RD,123,COUNTY ROAD,No,True,No,3/25/2025,No,Point,38.794776423,-76.928360404,PGCOPD,03,16,03,No,7,,07:09,2025,Tuesday,12,Motor Vehicle In Transport,05,On Roadway,4,,,,,,09,Through Roadway,01,Daylight,3/25/2025,2025-03-25,N,32.99,F,N,,,FAF28D7C53F1F2EF896CCC2C00F57E6AD82FC6F557F38B88F69DEAAB8676DED8,CO,01,No,,,,,01,Dry,,,,,,,,
Property Damage Crashes,DA3795006P,Prince George's County Police,Front to Rear,Prince George's,,Yes,Yes,No,No,No,,114,COUNTY ROAD,No,True,No,1/11/2025,No,Point,38.780405229,-77.006728133,PGCOPD,03,16,03,No,18,,18:46,2025,Saturday,12,Motor Vehicle In Transport,05,On Roadway,,,,,,,06,Non-Junction,03,Dark - Lighted,1/11/2025,2025-01-11,N,41.23,F,N,,,E4C2D6EFD8AF622ADF9EEE844BF3D2F047D325D94489D08B8F24920C62A81941,CO,01,No,97,Not Applicable,,,06,Slush,,,,,,,,
Property Damage Crashes,MSP738100BM,Maryland State Police,Single Vehicle,Prince George's,Interstate,No,No,No,No,No,RAMP 9 FR IS 295 SB TO NATL HARBOR BLVD,95,RAMP,No,True,No,1/31/2025,No,Point,38.792821208,-77.015111407,MSP,101,16,03,No,2,,02:07,2025,Friday,32,Guardrail Face,06,"On Shoulder, Left Side",1,,101,State,RAMP 3 FR IS 95 LN TO RP 2 (TO I 295 NB),,01,Acceleration/Deceleration Lane,03,Dark - Lighted,1/31/2025,2025-01-31,N,70.05,F,N,,,287199D0E655E242FF99E3F914173A660115FCC5BF8F5DB54AB7DCD2EBD36E2E,RP,01,No,,,,,09,Wet,,,,,,,,
Property Damage Crashes,AT1037000C,Capitol Heights Police Department,"Sideswipe, Opposite Direction",Prince George's,Minor Collector,No,Yes,No,No,No,COUNTY RD,84,COUNTY ROAD,No,True,No,1/20/2025,No,Point,38.862104134,-76.898055263,CAPITOLHEIGHTS,06,16,03,Unknown,19,,19:05,2025,Monday,12,Motor Vehicle In Transport,05,On Roadway,6,,,,,,09,Through Roadway,03,Dark - Lighted,1/20/2025,2025-01-20,N,34.06,F,N,,,0A4870CA394FB182E4DF28019A70FD7304267DCF98BC7DD61CD0876E37D90DC8,CO,01,No,,,,,01,Dry,,,,,,,,
Property Damage Crashes,DA36610095,Prince George's County Police,Front to Front,Prince George's,Minor Arterial,No,No,No,No,No,BENNING RD,377,COUNTY ROAD,No,True,No,2/11/2025,No,Point,38.875836754,-76.930774722,PGCOPD,02,16,03,No,17,,17:50,2025,Tuesday,12,Motor Vehicle In Transport,05,On Roadway,4,,,,,,02,Crossover-Related,03,Dark - Lighted,2/11/2025,2025-02-11,S,20.18,F,N,,,384301776530AC9BB6112C869FF0004EA7DDD6FDC4AA22A1A2EFD376D9D8822B,CO,01,No,97,Not Applicable,,,07,Snow,,,,,,,,
Property Damage Crashes,DA380500DN,Prince George's County Police,Front to Rear,Prince George's,,No,Yes,No,No,Yes,,,,No,True,No,3/8/2025,No,Point,38.9779045,-76.9376474,PGCOPD,03,16,03,,20,,20:11,2025,Saturday,12,Motor Vehicle In Transport,02,In Parking Lane Or Zone,,,,,,,,,03,Dark - Lighted,3/8/2025,2025-03-08,,,F,N,102,Parking Lot Way,,,01,No,,,,,,,,,,,,,,
Property Damage Crashes,MSP744200S5,Maryland State Police,Front to Rear,Prince George's,Interstate,No,No,No,No,No,NO NAME,95,INTERSTATE ROUTE,Yes,True,No,4/8/2025,No,Point,39.033680733,-76.942270316,MSP,03,16,03,No,18,,18:54,2025,Tuesday,12,Motor Vehicle In Transport,05,On Roadway,1,,,,,,09,Through Roadway,101,Dusk,4/8/2025,2025-04-08,N,26.58,F,N,,,DB01132B5B1327B8462539C16939679DB38D3ECF9C0E7A3D0C15847F930BAD10,IS,01,No,,,,,01,Dry,,,,,,,,
Property Damage Crashes,RD01260046,Riverdale Park Police Department,Front to Front,Prince George's,,No,No,No,No,Yes,,,,Yes,True,No,3/9/2025,No,Point,38.969061819,-76.937342203,RIVERDALE,02,16,03,,12,,12:00,2025,Sunday,12,Motor Vehicle In Transport,02,In Parking Lane Or Zone,,,,,,,,,01,Daylight,3/9/2025,2025-03-09,,,F,N,101,Parking Aisle,,,01,No,,,,,,,,,,,,,,
Property Damage Crashes,DA345600FH,Prince George's County Police,Angle,Prince George's,Minor Arterial,No,No,No,No,No,ADELPHI RD,105,COUNTY ROAD,No,True,No,4/18/2025,No,Point,39.006488589,-76.970615573,PGCOPD,01,16,03,No,20,,20:44,2025,Friday,12,Motor Vehicle In Transport,05,On Roadway,4,,,,EDWARDS WAY,,06,Non-Junction,03,Dark - Lighted,4/18/2025,2025-04-18,N,38.35,F,N,,,AC802267617FBD4A2F35B8FB6BB83226045204D8A0A49BC16DD6E5DE6C075200,CO,01,No,,,,,01,Dry,,,,,,,,
Property Damage Crashes,MSP546601S4,Maryland State Police,Front to Rear,Prince George's,Interstate,No,No,No,No,No,RAMP 6 FR IS 95 EB TO MD 414 SB,95,RAMP,No,True,No,3/15/2025,No,Point,38.806733449,-76.974074329,MSP,03,16,03,Yes,20,,20:12,2025,Saturday,12,Motor Vehicle In Transport,05,On Roadway,1,,,,,,04,Entrance/Exit Ramp or Related,04,Dark - Not Lighted,3/15/2025,2025-03-15,S,21.43,F,N,,,90114A7D9413D72F0B8D151F504B509295C6D7A58CDFF0FAFB50DEDB24521D32,RP,01,No,,,,,01,Dry,,,,,,,,
Property Damage Crashes,MSP7657007W,Maryland State Police,Single Vehicle,Prince George's,Interstate,No,No,No,No,No,CAPITAL BELTWAY,95,INTERSTATE ROUTE,Yes,True,No,4/7/2025,No,Point,38.84650475,-76.8618159,MSP,101,16,03,No,12,,12:06,2025,Monday,32,Guardrail Face,09,Roadside,1,,101,State,,,06,Non-Junction,01,Daylight,4/7/2025,2025-04-07,W,14.38,F,N,,,E2FEA1A19846797BDE7E9906974ABB95CE7F8FE49AAF41A1AFA8E32508979529,IS,01,No,,,,,08,"Water (standing, moving)",,,,,,,,
Injury Crashes,DJ0170002Q,Seat Pleasant Police Department,Other,Prince George's,Minor Arterial,No,No,No,No,No,HARRY S TRUMAN DR,202,MARYLAND ROUTE,No,True,No,4/28/2025,No,Point,38.893147602,-76.838442165,SEATPLEASANT,98,16,02,No,17,02,17:01,2025,Monday,12,Motor Vehicle In Transport,05,On Roadway,4,Perpendicular,,,RAMP 7 FR RAMP 6 (FR MD 214) TO MD 202C,03,05,Intersection or Related,01,Daylight,4/28/2025,2025-04-28,W,0,F,N,,,B1650B3BE5A3501E510293C133B68B09BB6A3CE49BD3EC29E286BE97BA02922E,MD,01,No,,,,,01,Dry,01,Signalized,,,,,,
Property Damage Crashes,DA41940065,Prince George's County Police,Rear To Side,Prince George's,Minor Arterial,No,No,No,No,No,RITCHIE MARLBORO RD,221,MARYLAND ROUTE,No,True,No,1/15/2025,No,Point,38.869188755,-76.847517052,PGCOPD,05,16,03,No,9,,09:44,2025,Wednesday,12,Motor Vehicle In Transport,05,On Roadway,4,,,,,,01,Acceleration/Deceleration Lane,01,Daylight,1/15/2025,2025-01-15,N,24.58,F,N,,,1F33DA0784D9457327CD35288A47E9EE89E00E074E8ADFAEF5998D85CA49B997,MD,01,No,,,,,07,Snow,,,,,,,,
Property Damage Crashes,MSP77640073,Maryland State Police,Front to Rear,Prince George's,Interstate,No,No,No,No,No,CAPITAL BELTWAY,95,INTERSTATE ROUTE,No,True,No,1/23/2025,No,Point,38.952521190,-76.861929154,MSP,03,16,03,No,11,,11:21,2025,Thursday,12,Motor Vehicle In Transport,05,On Roadway,1,,,,,,06,Non-Junction,01,Daylight,1/23/2025,2025-01-23,N,65.69,F,N,,,7DC7EC65177B27CD5C9AF6C20ADAD83D9683B64ACFE814F4C8901D6F7414354B,IS,01,No,,,,,01,Dry,,,,,,,,
Property Damage Crashes,DA43750037,Prince George's County Police,Angle,Prince George's,Minor Arterial,No,No,No,No,No,WALKER MILL RD (EB/L),367,COUNTY ROAD,No,True,No,5/27/2025,No,Point,38.871430144,-76.884861250,PGCOPD,01,16,03,No,15,,15:40,2025,Tuesday,12,Motor Vehicle In Transport,05,On Roadway,4,,,,,,06,Non-Junction,01,Daylight,5/27/2025,2025-05-27,S,13.77,F,N,,,A18AEC8E46BB85FF1FBB01D893E43E8718C9FD0F0A35E636FB584C0C3868BDB9,CO,01,No,,,,,09,Wet,,,,,,,,
Property Damage Crashes,DA44220013,Prince George's County Police,Front to Rear,Prince George's,Minor Arterial,No,No,No,No,No,ANNAPOLIS RD (WB/L),450,MARYLAND ROUTE,No,True,No,5/12/2025,No,Point,38.945981979,-76.894755416,PGCOPD,03,16,03,Yes,19,,19:37,2025,Monday,12,Motor Vehicle In Transport,05,On Roadway,4,,,,,,09,Through Roadway,01,Daylight,5/12/2025,2025-05-12,N,199.78,F,N,,,B34ED9AED17AC5D3BFB196E1A946263E3DCFEA26FF5079439F4F8BD08568887F,MD,01,No,,,,,01,Dry,,,,,,,,
Property Damage Crashes,CE1089001Y,Laurel Police Department,Front to Rear,Prince George's,Local,No,Yes,No,No,No,LAUREL OAKS LA,215,MUNICIPAL ROAD,No,True,No,1/9/2025,No,Point,39.094620774,-76.875648797,LAUREL,03,16,03,No,9,04,09:57,2025,Thursday,12,Motor Vehicle In Transport,05,On Roadway,7,Perpendicular,,,VAN DUSEN RD,03,05,Intersection or Related,01,Daylight,1/9/2025,2025-01-09,N,0,F,N,,,E851A4C8167FB0187EEDF7F52A2A75D70C08C0C53711A9DBD36BE3BEE586FB0A,MU,01,No,,,,,01,Dry,01,Signalized,,,,,,
Property Damage Crashes,DJ01880004,Seat Pleasant Police Department,Angle,Prince George's,Local,No,No,No,No,No,GLEN WILLOW DR,2949,COUNTY ROAD,No,True,No,4/3/2025,No,Point,38.902364934,-76.900346217,SEATPLEASANT,01,16,03,No,17,,17:36,2025,Thursday,12,Motor Vehicle In Transport,99,Unknown,7,,,,MARTIN LUTHER KING JR HWY (WB/L),,06,Non-Junction,01,Daylight,4/3/2025,2025-04-03,N,15.46,F,N,,,75148B530FB38443F519F0E5086841466FD769827CDA00EE70454429704055CC,CO,01,No,97,Not Applicable,,,01,Dry,,,,,,,,
Property Damage Crashes,DA43130037,Prince George's County Police,Angle,Prince George's,,No,No,No,No,Yes,,,,No,True,No,2/25/2025,No,Point,38.812030638,-76.966906485,PGCOPD,01,16,03,,17,,17:47,2025,Tuesday,12,Motor Vehicle In Transport,05,On Roadway,,,,,,,,,101,Dusk,2/25/2025,2025-02-25,,,F,N,101,Parking Aisle,,,01,No,,,,,,,,,,,,,,
Injury Crashes,DA39340095,Prince George's County Police,Front to Front,Prince George's,Principal Arterial – Other,No,No,No,No,No,LANDOVER RD (SB/L),202,MARYLAND ROUTE,No,True,No,3/25/2025,No,Point,38.917300897,-76.850524228,PGCOPD,02,16,02,No,11,,11:20,2025,Tuesday,12,Motor Vehicle In Transport,05,On Roadway,3,,,,,,06,Non-Junction,01,Daylight,3/25/2025,2025-03-25,E,22.98,F,N,,,D197AE901E3DD35ADF6CF20E74BDE399ADA371948242204AF5A0AA718F794285,MD,01,No,97,Not Applicable,,,01,Dry,,,,,,,,
Property Damage Crashes,DA4414000H,Prince George's County Police,Single Vehicle,Prince George's,Principal Arterial – Other,No,No,No,No,No,ST BARNABAS RD (WB/L),414,MARYLAND ROUTE,No,True,No,4/1/2025,No,Point,38.825956490,-76.946122147,PGCOPD,101,16,03,No,1,,01:00,2025,Tuesday,36,"Other Post, Pole, Or Support",09,Roadside,3,,,,,,06,Non-Junction,04,Dark - Not Lighted,4/1/2025,2025-04-01,S,42.57,F,N,,,CBDE9F386F499F9E478A11550D1EA9E2587C1533E097E64CD9231B5DC0126051,MD,01,No,,,,,09,Wet,,,,,,,,
Fatal Crashes,DA3472002K,Prince George's County Police,Single Vehicle,Prince George's,Principal Arterial – Other Freeways and Expressways,Yes,No,No,No,No,INDIAN HEAD HWY,210,MARYLAND ROUTE,Yes,True,No,3/15/2025,No,Point,38.777275234,-76.996647210,PGCOPD,101,16,01,No,2,,02:17,2025,Saturday,31,Guardrail End Terminal,10,Separator/Traffic Island,2,,101,State,,,04,Entrance/Exit Ramp or Related,03,Dark - Lighted,3/15/2025,2025-03-15,S,26.34,F,N,,,FC661E5F4E1E0EC04179021C2FE3A8FEABF54AA18175EC5FB642143A5D498A3D,MD,01,No,25,Concrete Traffic Barrier,10,Separator/Traffic Island,01,Dry,,,,,,,,
Property Damage Crashes,DA387800CC,Prince George's County Police,Other,Prince George's,Major Collector,No,No,No,No,No,LOTTSFORD VISTA RD,67,COUNTY ROAD,No,True,No,2/7/2025,No,Point,38.955471990,-76.829353608,PGCOPD,98,16,03,No,12,04,12:44,2025,Friday,12,Motor Vehicle In Transport,05,On Roadway,5,Perpendicular,,,MARTIN LUTHER KING JR HWY,03,05,Intersection or Related,01,Daylight,2/7/2025,2025-02-07,S,0,F,N,,,85A73093AF52C8196693B1F2CD0EF94006FEE6449FBC8BE0CFF7FEA03D49684D,CO,01,No,,,,,01,Dry,01,Signalized,,,,,,
Property Damage Crashes,DA2969000Z,Prince George's County Police,Front to Rear,Prince George's,Principal Arterial – Other,No,No,No,No,No,,223,MARYLAND ROUTE,No,True,No,2/19/2025,No,Point,38.782836029,-76.850394181,PGCOPD,03,16,03,No,14,,14:30,2025,Wednesday,12,Motor Vehicle In Transport,05,On Roadway,3,,,,,,06,Non-Junction,01,Daylight,2/19/2025,2025-02-19,E,7.96,F,N,,,E2598994153D67F1FB9B56D81F5B127A976F2E2F001FED02134185B743AAD2C6,MD,01,No,,,,,02,Ice/Frost,,,,,,,,
Injury Crashes,DA4343002L,Prince George's County Police,Front to Front,Prince George's,Major Collector,No,No,No,No,No,SPRINGFIELD RD,3641,COUNTY ROAD,No,True,No,2/9/2025,No,Point,39.032057511,-76.840370820,PGCOPD,02,16,02,No,18,,18:16,2025,Sunday,12,Motor Vehicle In Transport,05,On Roadway,5,,,,,,06,Non-Junction,04,Dark - Not Lighted,2/9/2025,2025-02-09,N,134.72,F,N,,,98A710665F5BCF9FADE3594C43F4A96A3AF92C5ACE66DC7DEF751531D69F0E87,CO,01,No,,,,,01,Dry,,,,,,,,
Property Damage Crashes,DA32230049,Prince George's County Police,Front to Rear,Prince George's,Local,No,No,No,No,No,CATHERINE FRAN DR,5463,COUNTY ROAD,No,True,No,3/1/2025,No,Point,38.638084607,-77.044117229,PGCOPD,03,16,03,No,1,,01:45,2025,Saturday,15,Parked Vehicle,07,"On Shoulder, Right Side",7,,,,,,09,Through Roadway,03,Dark - Lighted,3/1/2025,2025-03-01,E,35.18,F,N,,,CCA0E71560AAE40758F0C06D475B73C9410A988807078C9127F523784D6277EE,CO,01,No,,,,,01,Dry,,,,,,,,
Property Damage Crashes,DA4038007G,Prince George's County Police,Front to Rear,Prince George's,,No,No,No,No,Yes,,,,No,True,No,1/25/2025,No,Point,38.748942237,-76.877046274,PGCOPD,03,16,03,,12,,12:40,2025,Saturday,12,Motor Vehicle In Transport,05,On Roadway,,,,,,,,,01,Daylight,1/25/2025,2025-01-25,,,F,N,102,Parking Lot Way,,,01,No,12,Motor Vehicle In Transport,05,On Roadway,,,,,,,,,,
Property Damage Crashes,DA42190065,Prince George's County Police,"Sideswipe, Same Direction",Prince George's,Local,No,No,No,No,No,EPPING AVE,2315,COUNTY ROAD,No,True,No,5/3/2025,No,Point,38.788834249,-76.959585555,PGCOPD,07,16,03,No,4,,04:00,2025,Saturday,15,Parked Vehicle,05,On Roadway,7,,,,,,06,Non-Junction,03,Dark - Lighted,5/3/2025,2025-05-03,N,12.92,F,N,,,5A29A59D5422B384EAF287CF7D5F7E26427EB3A059F44039A786B8636DC16976,CO,01,No,,,,,01,Dry,,,,,,,,