Crash Severity Description,Reportnumber,Agencyname,CollisionImpact Description,Crash County Description,FunctionalClass Description,ImpairedCrash,Large Vehicle Involved,Motorcycle Crash,Non-Motorist Crash,OffRoad,RoadName,Route Number,RouteType Description,Unrestrained Occupants,WithinDateRange,Work Zone Related,Crashdate,Work Zone Crash,CrashPoint,Latitude,Longitude,AgencyCode,CollisionImpact,Crash County,Crash Severity,Crash Within Interchange,Crashhour,CrashInterchangeApproaches,Crashtime,CrashYear,Dayofweek,FirstHarmEvent,FirstHarmEvent Description,FirstHarmLocation,FirstHarmLocation Description,FunctionalClass,Geometry Description,GovPropertyDamage,GovPropertyDamage Description,IntersectingRoadName,Intersection Geometry,JunctionRelated,JunctionRelated Description,Light,Light Description,LOD Crash Date,LOD Date Level,MilepointDirection,MilepointDistance,MilepointUnits,NonTrafficFatal,OffroadLocation,OffroadLocation Description,RoadID,RouteType,SchoolBusRelated,SchoolBusRelated Description,SecondHarmEvent,SecondHarmEvent Description,SecondHarmLocation,SecondHarmLocation Description,Surface,Surface Description,TrafficControl,Trafficcontrol Description,WZLawEnforcementPresent,WZLocation,WZLocation Description,WZType,WZType Description,WZWorkersPresent
Property Damage Crashes,DA3413008S,Prince George's County Police,Angle,Prince George's,Minor Arterial,No,No,No,No,No,WOODYARD RD,223,MARYLAND ROUTE,No,True,No,1/7/2025,No,Point,38.765184464,-76.897226189,PGCOPD,01,16,03,Yes,18,,18:11,2025,Tuesday,12,Motor Vehicle In Transport,99,Unknown,4,,,,,,02,Crossover-Related,05,Dark - Unknown Lighting,1/7/2025,2025-01-07,N,147.13,F,N,,,B72BD01D3263D60EC578CF20126FFE96CD1E525158D127459F721DBD04E3FB66,MD,01,No,,,,,09,Wet,,,,,,,,
Property Damage Crashes,MSP7770006F,Maryland State Police,Front to Rear,Prince George's,Principal Arterial – Other,No,Yes,No,No,No,CRAIN HWY,301,UNITED STATE ROUTE,No,True,No,2/7/2025,No,Point,38.691402514,-76.872032180,MSP,03,16,03,No,13,,13:43,2025,Friday,12,Motor Vehicle In Transport,05,On Roadway,3,,,,,,06,Non-Junction,01,Daylight,2/7/2025,2025-02-07,N,14.42,F,N,,,3267BD2DB7A8AB5814EB0AB0D4FA5BE9FCCEAA9C670052F0BEA87A7360F8EB65,US,01,No,,,,,01,Dry,,,,,,,,
Injury Crashes,DA4304005N,Prince George's County Police,Angle,Prince George's,Minor Arterial,No,Yes,No,No,No,POWDER MILL RD (SB/L),212,MARYLAND ROUTE,No,True,No,1/18/2025,No,Point,39.048774726,-76.934892576,PGCOPD,01,16,02,No,6,,06:59,2025,Saturday,12,Motor Vehicle In Transport,05,On Roadway,4,,,,,,06,Non-Junction,03,Dark - Lighted,1/18/2025,2025-01-18,S,53.34,F,N,,,02D2ECA6ACDD44EC245F4F090937179B2AC0AD4ED76AF9BECED3B9977EC2BCBB,MD,01,No,12,Motor Vehicle In Transport,07,"On Shoulder, Right Side",99,Unknown,,,,,,,,
Injury Crashes,DA421200FY,Prince George's County Police,Front to Rear,Prince George's,Principal Arterial – Other,No,No,Yes,No,No,RIVERDALE RD,410,MARYLAND ROUTE,No,True,No,4/23/2025,No,Point,38.961035342,-76.907513374,PGCOPD,03,16,02,No,18,04,18:56,2025,Wednesday,12,Motor Vehicle In Transport,05,On Roadway,3,Angled/Skewed,,,64TH AVE,01,05,Intersection or Related,01,Daylight,4/23/2025,2025-04-23,W,0,F,N,,,41FF8DBA9D5B581A7D0AC14C12AFB1FABC7D11E36A68CAF872F218E04DC01763,MD,01,No,,,,,01,Dry,01,Signalized,,,,,,
Property Damage Crashes,DA411200D0,Prince George's County Police,Front to Rear,Prince George's,Local,No,Yes,No,No,No,ABEL AVE,376,COUNTY ROAD,No,True,No,5/14/2025,No,Point,38.875450769,-76.930481803,PGCOPD,03,16,03,No,8,,08:43,2025,Wednesday,12,Motor Vehicle In Transport,05,On Roadway,7,,,,BENNING RD,,06,Non-Junction,01,Daylight,5/14/2025,2025-05-14,S,9.91,F,N,,,9DDE13956195E01645FBEE701A08CDDB6D835E3A8CF994A814F1E19631AB03F9,CO,01,No,,,,,09,Wet,,,,,,,,
Injury Crashes,AM0394000K,Bladensburg Police Department,Front to Front,Prince George's,Local,No,No,Yes,No,No,UPSHUR ST,150,MUNICIPAL ROAD,No,True,No,4/21/2025,No,Point,38.941062790,-76.940259200,BLADENSBURG,02,16,02,No,20,,20:30,2025,Monday,12,Motor Vehicle In Transport,02,In Parking Lane Or Zone,7,,,,,,01,Acceleration/Deceleration Lane,01,Daylight,4/21/2025,2025-04-21,W,14.66,F,N,,,A8D1584858D1EC9B108E332808E033B5B22E9D3C15E516CB5724656F5A31BD0B,MU,01,No,,,,,01,Dry,,,,,,,,
Property Damage Crashes,DA43980011,Prince George's County Police,Angle,Prince George's,,No,No,No,No,No,,87,COUNTY ROAD,No,True,No,4/19/2025,No,Point,38.848415550,-76.871683969,PGCOPD,01,16,03,Yes,13,,13:15,2025,Saturday,12,Motor Vehicle In Transport,05,On Roadway,,,,,,,09,Through Roadway,01,Daylight,4/19/2025,2025-04-19,S,1.26,F,N,,,98EA28BF330B4592DFD251A462C6F6D78166F3333AAD280C2A9DE5DB6EF5FE28,CO,01,No,,,,,01,Dry,,,,,,,,
Property Damage Crashes,RD01350009,Riverdale Park Police Department,Other,Prince George's,Principal Arterial – Other,No,No,No,No,No,KENILWORTH AVE,201,MARYLAND ROUTE,No,True,No,3/2/2025,No,Point,38.959019436,-76.919498673,RIVERDALE,98,16,03,Yes,20,,20:00,2025,Sunday,12,Motor Vehicle In Transport,05,On Roadway,3,,,,RIVERDALE RD (WB/L),,09,Through Roadway,03,Dark - Lighted,3/2/2025,2025-03-02,W,137.1,F,N,,,EDC2D5418B0CAB70288EA513B1EDBACF591B68FCCC1E5496837977B9DA42F78B,MD,01,No,,,,,01,Dry,,,,,,,,
Injury Crashes,MSP766500C4,Maryland State Police,"Sideswipe, Same Direction",Prince George's,Principal Arterial – Other,No,No,No,No,No,CRAIN HWY,3,MARYLAND ROUTE,No,True,No,5/25/2025,No,Point,38.978422464,-76.713017322,MSP,07,16,02,No,13,,13:34,2025,Sunday,12,Motor Vehicle In Transport,05,On Roadway,3,,,,,,03,Driveway Access or Related,01,Daylight,5/25/2025,2025-05-25,W,30.11,F,N,,,2989DE416062149901FC3189265E7BB4A056046C1F9F3BDDD05E09CED37977E0,MD,01,No,,,,,01,Dry,,,,,,,,
Injury Crashes,MSP7871002X,Maryland State Police,Front to Rear,Prince George's,Interstate,No,No,No,No,No,RAMP 6 FR RAMP 10 (FR IS 495) TO US 1 SB,95,RAMP,No,True,No,3/13/2025,No,Point,39.016384656,-76.927378187,MSP,03,16,02,No,17,,17:51,2025,Thursday,12,Motor Vehicle In Transport,05,On Roadway,1,,,,,,04,Entrance/Exit Ramp or Related,01,Daylight,3/13/2025,2025-03-13,W,7.37,F,N,,,8B98BA575FEF6BF4F15A24D0C502C3294F1A36C7FEDCB0755F9EA0772DA4399C,RP,01,No,,,,,01,Dry,,,,,,,,
Property Damage Crashes,MSP7764008N,Maryland State Police,Single Vehicle,Prince George's,Interstate,No,No,No,No,No,NO NAME,95,INTERSTATE ROUTE,No,True,No,4/14/2025,No,Point,39.10739,-76.882761667,MSP,101,16,03,No,14,,14:26,2025,Monday,03,Explosion Or Fire,06,"On Shoulder, Left Side",1,,,,,,06,Non-Junction,01,Daylight,4/14/2025,2025-04-14,S,33.07,F,N,,,64E55AD27402778D0AEBF7D030325084E7392A5737B54A56F0CF31CA33FE665C,IS,01,No,,,,,01,Dry,,,,,,,,
Fatal Crashes,DA36550094,Prince George's County Police,Single Vehicle,Prince George's,Major Collector,Yes,No,No,No,No,SURRATTS RD,130,COUNTY ROAD,Yes,True,No,1/10/2025,No,Point,38.733928574,-76.844495540,PGCOPD,101,16,01,No,20,,20:11,2025,Friday,06,Other Non-Collision,05,On Roadway,5,,,,,,06,Non-Junction,03,Dark - Lighted,1/10/2025,2025-01-10,W,30.13,F,N,,,CB5E48E5DF5D4878189484E906C3D34EF0EEBCA85706A6EACED68F9B3E1E4A71,CO,01,No,41,Utility Pole/Light Support,09,Roadside,01,Dry,,,,,,,,
Injury Crashes,DJ0182002L,Seat Pleasant Police Department,Front to Front,Prince George's,Principal Arterial – Other,No,No,No,No,No,MARTIN LUTHER KING JR HWY (WB/L),704,MARYLAND ROUTE,No,True,No,4/8/2025,No,Point,38.902381566,-76.900357369,SEATPLEASANT,02,16,02,No,6,,06:50,2025,Tuesday,12,Motor Vehicle In Transport,05,On Roadway,3,,,,GLEN WILLOW DR,,06,Non-Junction,01,Daylight,4/8/2025,2025-04-08,N,12.31,F,N,,,499B8BA0637C6211777CE7A45651441A6E5B6E09FB06E2474CD6F8C2C7E4909D,MD,01,No,,,,,01,Dry,,,,,,,,
Injury Crashes,DA4340004C,Prince George's County Police,Front to Front,Prince George's,Minor Arterial,No,No,No,No,No,ANNAPOLIS RD,450,MARYLAND ROUTE,No,True,No,4/3/2025,No,Point,38.955959629,-76.823210400,PGCOPD,02,16,02,No,21,,21:30,2025,Thursday,12,Motor Vehicle In Transport,99,Unknown,4,,,,MARTIN LUTHER KING JR HWY (WB/L),,99,Unknown,03,Dark - Lighted,4/3/2025,2025-04-03,N,9.28,F,N,,,BDD7D82E490482B5753CE9B42AE619E5B3F13F8CAAFFF34B8EE8BDD960E5187A,MD,01,No,,,,,01,Dry,,,,,,,,
Injury Crashes,MSP7776006B,Maryland State Police,Front to Rear,Prince George's,Interstate,No,No,No,No,No,CAPITAL BELTWAY,95,INTERSTATE ROUTE,No,True,No,5/10/2025,No,Point,39.011070832,-76.902716667,MSP,03,16,02,No,12,,12:24,2025,Saturday,12,Motor Vehicle In Transport,05,On Roadway,1,,101,State,,,06,Non-Junction,01,Daylight,5/10/2025,2025-05-10,N,33.36,F,N,,,E6288950E6213632C1643CD4EE8EFC7CA2897EC1A2B5750DCD134789AD82FAC8,IS,01,No,,,,,01,Dry,,,,,,,,
Property Damage Crashes,DA4314003M,Prince George's County Police,"Sideswipe, Same Direction",Prince George's,,No,No,No,No,No,,997,PRIVATE ROAD,No,True,No,4/14/2025,No,Point,38.847380345,-76.789049827,PGCOPD,07,16,03,No,7,,07:08,2025,Monday,12,Motor Vehicle In Transport,05,On Roadway,,,,,BROWN STATION RD,,06,Non-Junction,01,Daylight,4/14/2025,2025-04-14,E,44.7,F,N,,,822DDDD1B3E5361D38B3873319EB240C46EB9B8B6D13B7C128216AACA97CED75,PV,01,No,,,,,01,Dry,,,,,,,,
Injury Crashes,DA4251006L,Prince George's County Police,Other,Prince George's,Local,No,No,No,No,No,DAISY LA,40,COUNTY ROAD,No,True,No,3/4/2025,No,Point,38.978199004,-76.803080289,PGCOPD,98,16,02,Yes,9,,09:45,2025,Tuesday,12,Motor Vehicle In Transport,05,On Roadway,7,,,,,,09,Through Roadway,01,Daylight,3/4/2025,2025-03-04,E,17.98,F,N,,,4D3F95ACEC8B35CCFC8688FA39EBF09A59C192C5F7DB88B63D416D461E7EE451,CO,01,No,,,,,01,Dry,,,,,,,,
Property Damage Crashes,DA4409000J,Prince George's County Police,Single Vehicle,Prince George's,Principal Arterial – Other,No,No,No,No,No,KENILWORTH AVE (SB/L),201,MARYLAND ROUTE,No,True,No,3/25/2025,No,Point,38.947022372,-76.930129721,PGCOPD,101,16,03,No,23,,23:12,2025,Tuesday,03,Explosion Or Fire,05,On Roadway,3,,,,,,06,Non-Junction,03,Dark - Lighted,3/25/2025,2025-03-25,N,11.51,F,N,,,2512EEAA5EFEAAFB499010D0B49BD3CF97DC9F61F79A45EB5C910690C73E68E3,MD,01,No,03,Explosion Or Fire,05,On Roadway,01,Dry,,,,,,,,
Property Damage Crashes,MSP7839004B,Maryland State Police,Front to Rear,Prince George's,Interstate,No,No,No,No,No,CAPITAL BELTWAY (SB/L),95,INTERSTATE ROUTE,No,True,No,4/18/2025,No,Point,38.885803333,-76.845018333,MSP,03,16,03,No,18,,18:10,2025,Friday,12,Motor Vehicle In Transport,05,On Roadway,1,,,,,,06,Non-Junction,01,Daylight,4/18/2025,2025-04-18,E,37.72,F,N,,,CD3AB8D68884F1FDF18CDA8712A33C6BC95C1D4441E14230AA34F76FD7C153C6,IS,01,No,,,,,01,Dry,,,,,,,,
Property Damage Crashes,MSP744200SK,Maryland State Police,Front to Rear,Prince George's,Interstate,No,No,No,No,No,CAPITAL BELTWAY,95,INTERSTATE ROUTE,No,True,No,5/3/2025,No,Point,39.005813468,-76.897510550,MSP,03,16,03,No,14,,14:59,2025,Saturday,12,Motor Vehicle In Transport,05,On Roadway,1,,,,,,09,Through Roadway,01,Daylight,5/3/2025,2025-05-03,N,30.14,F,N,,,49B16B3EB5E53D783D09CF003AF01E9763168C83AD727FE0ABAA0BEBE140CA2A,IS,01,No,,,,,01,Dry,,,,,,,,
Property Damage Crashes,DA3621007L,Prince George's County Police,"Sideswipe, Same Direction",Prince George's,Principal Arterial – Other Freeways and Expressways,Yes,No,No,No,No,INDIAN HEAD HWY (SB/L),210,MARYLAND ROUTE,Yes,True,No,5/26/2025,No,Point,38.760436796,-76.993821264,PGCOPD,07,16,03,No,22,,22:02,2025,Monday,12,Motor Vehicle In Transport,05,On Roadway,2,,,,,,06,Non-Junction,04,Dark - Not Lighted,5/26/2025,2025-05-26,S,55.39,F,N,,,018CFAC4062BB2836E5CE21CF4B21B906A426CA505A9200C8206532071458CB1,MD,01,No,,,,,01,Dry,,,,,,,,
Property Damage Crashes,MSP546601SJ,Maryland State Police,Front to Rear,Prince George's,Interstate,No,Yes,No,No,No,CAPITAL BELTWAY,95,INTERSTATE ROUTE,No,True,No,3/31/2025,No,Point,38.930545066,-76.854415239,MSP,03,16,03,Yes,13,,13:31,2025,Monday,12,Motor Vehicle In Transport,05,On Roadway,1,,,,,,09,Through Roadway,01,Daylight,3/31/2025,2025-03-31,S,14.25,F,N,,,DAEE103A56DBDB28DA7784FD9D69FF0A16CE77F1E914DCEDA4EE57A1032821C7,IS,01,No,,,,,01,Dry,,,,,,,,
Property Damage Crashes,MSP697200GS,Maryland State Police,Other,Prince George's,Interstate,No,No,No,No,No,CAPITAL BELTWAY (SB/L),95,INTERSTATE ROUTE,No,True,No,5/4/2025,No,Point,39.007974596,-76.899965973,MSP,98,16,03,No,1,,01:32,2025,Sunday,12,Motor Vehicle In Transport,05,On Roadway,1,,,,,,06,Non-Junction,04,Dark - Not Lighted,5/4/2025,2025-05-04,E,25.86,F,N,,,D03992FFFD935BC7D4D7E539E57CD7FE5860AA21E9ECF41CCAE8800979FCAFE4,IS,01,No,,,,,09,Wet,,,,,,,,
Injury Crashes,DA3599005H,Prince George's County Police,Single Vehicle,Prince George's,,No,No,No,Yes,Yes,,,,No,True,No,5/22/2025,No,Point,39.028353575,-76.911563429,PGCOPD,101,16,02,,6,,06:15,2025,Thursday,17,Pedestrian,02,In Parking Lane Or Zone,,,,,,,,,01,Daylight,5/22/2025,2025-05-22,,,F,N,102,Parking Lot Way,,,01,No,,,,,,,,,,,,,,
Property Damage Crashes,DA4417000T,Prince George's County Police,Rear To Side,Prince George's,Principal Arterial – Other,No,No,No,No,No,BRANCH AVE,5,MARYLAND ROUTE,No,True,No,4/4/2025,No,Point,38.847654192,-76.952713085,PGCOPD,05,16,03,No,8,,08:39,2025,Friday,12,Motor Vehicle In Transport,05,On Roadway,3,,,,,,06,Non-Junction,01,Daylight,4/4/2025,2025-04-04,N,85.89,F,N,,,50FF266E9711FE9BC6410BBA7798C5E758440E8EB7A396EB07409B6715D8E7FE,MD,01,No,,,,,09,Wet,,,,,,,,
Property Damage Crashes,BW0177002P,Greenbelt Police Department,"Sideswipe, Same Direction",Prince George's,,No,No,No,No,Yes,,,,No,True,No,4/25/2025,No,Point,39.000480198,-76.910452804,GREENBELT,07,16,03,,8,,08:35,2025,Friday,15,Parked Vehicle,02,In Parking Lane Or Zone,,,,,,,,,01,Daylight,4/25/2025,2025-04-25,,,F,N,102,Parking Lot Way,,,01,No,,,,,,,,,,,,,,
Property Damage Crashes,DA4431000L,Prince George's County Police,Front to Rear,Prince George's,Principal Arterial – Other,No,No,No,No,No,EAST WEST HWY (WB/L),410,MARYLAND ROUTE,No,True,No,2/28/2025,No,Point,38.969091411,-76.972938512,PGCOPD,03,16,03,No,22,,22:17,2025,Friday,12,Motor Vehicle In Transport,05,On Roadway,3,,,,,,06,Non-Junction,03,Dark - Lighted,2/28/2025,2025-02-28,W,49.74,F,N,,,C38D4DAB4381F6317A4CAA8F377AD685D8D570A5929B6EB557423CDB0AB6B067,MD,01,No,,,,,01,Dry,,,,,,,,
Property Damage Crashes,DA42730062,Prince George's County Police,Angle,Prince George's,Local,No,No,No,No,No,15TH AVE,874,COUNTY ROAD,No,True,No,5/23/2025,No,Point,38.994474052,-76.981485981,PGCOPD,01,16,03,No,7,,07:33,2025,Friday,12,Motor Vehicle In Transport,05,On Roadway,7,,,,,,09,Through Roadway,01,Daylight,5/23/2025,2025-05-23,N,7.71,F,N,,,E087D6580724DB2AA6B26FD91525119567840571901BA1BE9A9A88D9272E6AB9,CO,01,No,12,Motor Vehicle In Transport,05,On Roadway,01,Dry,,,,,,,,
Property Damage Crashes,DA42760072,Prince George's County Police,"Sideswipe, Same Direction",Prince George's,Local,No,No,No,No,No,MATTHEW HENSON AVE,1227,COUNTY ROAD,No,True,No,1/24/2025,No,Point,38.924074155,-76.870937649,PGCOPD,07,16,03,No,23,,23:57,2025,Friday,15,Parked Vehicle,05,On Roadway,7,,,,,,06,Non-Junction,04,Dark - Not Lighted,1/24/2025,2025-01-24,N,41.08,F,N,,,9B4DF7F04BEF01E30A2CA20E963C103C126AB487DB83693CD12B83351CE6FCDF,CO,01,No,,,,,01,Dry,,,,,,,,
Injury Crashes,DA4361001Q,Prince George's County Police,Angle,Prince George's,Principal Arterial – Other,No,No,No,No,No,OXON HILL RD (WB/L),414,MARYLAND ROUTE,No,True,No,3/21/2025,No,Point,38.803467041,-76.988694731,PGCOPD,01,16,02,No,10,,10:25,2025,Friday,12,Motor Vehicle In Transport,05,On Roadway,3,,,,,,06,Non-Junction,01,Daylight,3/21/2025,2025-03-21,S,6.36,F,N,,,AA15D48117C02B3A9C619A98B04D3B9CB1D0A97E3AC20EA134F0698D79A7E4EB,MD,01,No,,,,,01,Dry,,,,,,,,
Property Damage Crashes,MSP718600J7,Maryland State Police,"Sideswipe, Same Direction",Prince George's,Principal Arterial – Other,Yes,No,No,No,No,BRANCH AVE (SB/L),5,MARYLAND ROUTE,Yes,True,No,2/14/2025,No,Point,38.749201473,-76.879856432,MSP,07,16,03,No,0,,00:22,2025,Friday,12,Motor Vehicle In Transport,05,On Roadway,3,,,,,,09,Through Roadway,05,Dark - Unknown Lighting,2/14/2025,2025-02-14,N,23.05,F,N,,,0B12C6D651D6B4A1300A650C92CD8B7702845DE1CBDB063345DC03950525987B,MD,01,No,,,,,01,Dry,,,,,,,,
Property Damage Crashes,DA38540012,Prince George's County Police,Front to Rear,Prince George's,Principal Arterial – Other,No,No,No,No,No,PENNSYLVANIA AVE,4,MARYLAND ROUTE,No,True,No,6/6/2025,No,Point,38.840913270,-76.873284592,PGCOPD,03,16,03,No,0,,00:06,2025,Friday,12,Motor Vehicle In Transport,05,On Roadway,3,,,,,,09,Through Roadway,03,Dark - Lighted,6/6/2025,2025-06-06,N,32.3,F,N,,,41C5B4D5D5EC90A8E8A2254F5FA99956EC3F5327854B6FA35BD2DE859C233BD2,MD,01,No,,,,,01,Dry,,,,,,,,
Injury Crashes,DA3952008F,Prince George's County Police,Angle,Prince George's,Minor Arterial,No,No,No,No,No,,564,MARYLAND ROUTE,No,True,No,3/10/2025,No,Point,38.972816204,-76.845711837,PGCOPD,01,16,02,Yes,17,,17:19,2025,Monday,12,Motor Vehicle In Transport,05,On Roadway,4,,,,,,99,Unknown,01,Daylight,3/10/2025,2025-03-10,S,15.55,F,N,,,0DB682430977276800A45D60639DED3348E92E44FFC30A6AD01585D4FD6ABE37,MD,01,No,,,,,01,Dry,,,,,,,,
Injury Crashes,MSP78720036,Maryland State Police,"Sideswipe, Same Direction",Prince George's,Principal Arterial – Other Freeways and Expressways,No,Yes,No,No,No,BRANCH AVE,5,MARYLAND ROUTE,No,True,No,4/7/2025,No,Point,38.776362881,-76.887848911,MSP,07,16,02,No,6,,06:24,2025,Monday,12,Motor Vehicle In Transport,05,On Roadway,2,,,,,,09,Through Roadway,01,Daylight,4/7/2025,2025-04-07,S,12.65,F,N,,,52F328DAD082116B985E0A32ED6BC25F00C9477C518FFE8ADD8F9CFD3E65F758,MD,01,No,12,Motor Vehicle In Transport,05,On Roadway,09,Wet,,,,,,,,
Injury Crashes,DA4143008M,Prince George's County Police,Front to Front,Prince George's,Principal Arterial – Other,No,No,No,No,No,PENNSYLVANIA AVE,4,MARYLAND ROUTE,No,True,No,2/10/2025,No,Point,38.865852306,-76.926990611,PGCOPD,02,16,02,No,5,,05:30,2025,Monday,12,Motor Vehicle In Transport,05,On Roadway,3,,,,,,02,Crossover-Related,04,Dark - Not Lighted,2/10/2025,2025-02-10,E,33.49,F,N,,,DF70D8BF963A617C3BCF0C8CAF3791F2B0BFA39531FEA243A8996A6E77768B0C,MD,01,No,,,,,01,Dry,,,,,,,,
Injury Crashes,DA38320083,Prince George's County Police,Front to Rear,Prince George's,Principal Arterial – Other Freeways and Expressways,No,No,No,No,No,INDIAN HEAD HWY,210,MARYLAND ROUTE,No,True,No,5/16/2025,No,Point,38.674296530,-77.006947878,PGCOPD,03,16,02,No,16,,16:41,2025,Friday,12,Motor Vehicle In Transport,05,On Roadway,2,,,,,,09,Through Roadway,01,Daylight,5/16/2025,2025-05-16,W,13.26,F,N,,,83995EDCAC91936C6734DC02B74F86DBB9BD92CD22C8670BF152607F67205502,MD,01,No,12,Motor Vehicle In Transport,05,On Roadway,01,Dry,,,,,,,,
Property Damage Crashes,DA4366002H,Prince George's County Police,Angle,Prince George's,Minor Arterial,No,No,No,No,No,SHERIFF RD,75,COUNTY ROAD,Yes,True,No,4/2/2025,No,Point,38.909675857,-76.891529439,PGCOPD,01,16,03,No,14,,14:11,2025,Wednesday,12,Motor Vehicle In Transport,05,On Roadway,4,,,,,,09,Through Roadway,01,Daylight,4/2/2025,2025-04-02,N,6.28,F,N,,,A90A4F429107E71F774DAF0B91D4A740B12D7F55F3CEAD1CDAB25C85FD522F96,CO,01,No,,,,,01,Dry,,,,,,,,
Property Damage Crashes,CC0287005D,Hyattsville Police Department,Front to Rear,Prince George's,Principal Arterial – Other,No,No,No,No,No,EAST WEST HWY,410,MARYLAND ROUTE,No,True,No,1/29/2025,No,Point,38.966923743,-76.958591291,HYATTSVILLE,03,16,03,No,6,,06:22,2025,Wednesday,12,Motor Vehicle In Transport,05,On Roadway,3,,,,,,06,Non-Junction,03,Dark - Lighted,1/29/2025,2025-01-29,S,48.88,F,N,,,D7B2141A8FF37450235BC55A6DE60E6023CB3AB7C0A02BF03A4BD7A1C0C808D5,MD,01,No,,,,,01,Dry,,,,,,,,
Injury Crashes,BW0203003C,Greenbelt Police Department,"Sideswipe, Same Direction",Prince George's,,No,No,No,No,No,,533,PRIVATE ROAD,No,True,No,2/6/2025,No,Point,38.998269964,-76.909505412,GREENBELT,07,16,02,No,20,04,20:29,2025,Thursday,12,Motor Vehicle In Transport,05,On Roadway,,Perpendicular,,,,03,05,Intersection or Related,03,Dark - Lighted,2/6/2025,2025-02-06,E,0,F,N,,,D1395EC7CF20FADF9A92E2558AC97D35C2A57AB6445A8413C44A4232F93CC9E9,PV,01,No,12,Motor Vehicle In Transport,05,On Roadway,01,Dry,03,Stop - Partial,,,,,,
Injury Crashes,MSP718600J3,Maryland State Police,Front to Rear,Prince George's,Principal Arterial – Other,No,No,No,No,No,BRANCH AVE (SB/L),5,MARYLAND ROUTE,No,True,No,2/2/2025,No,Point,38.750520983,-76.879762281,MSP,03,16,02,No,19,04,19:34,2025,Sunday,12,Motor Vehicle In Transport,05,On Roadway,3,Angled/Skewed,,,SURRATTS RD,01,05,Intersection or Related,05,Dark - Unknown Lighting,2/2/2025,2025-02-02,S,0,F,N,,,0B66BECA0AC6F52F2E4F24A54DA44C297D46CB8E72B5E8F04E19D31F1FD65B48,MD,01,No,,,,,01,Dry,02,Stop - All Way,,,,,,
Property Damage Crashes,DA4283003B,Prince George's County Police,Other,Prince George's,,No,No,No,No,No,,483,COUNTY ROAD,No,True,No,1/4/2025,No,Point,38.844569648,-76.874041672,PGCOPD,98,16,03,Yes,12,04,12:15,2025,Saturday,12,Motor Vehicle In Transport,05,On Roadway,,Angled/Skewed,,,MARLBORO PIKE MARLBORO PIKE (NB/L),01,05,Intersection or Related,01,Daylight,1/4/2025,2025-01-04,N,0,F,N,,,A2B850724E24A5279BC8A0617CB21D55DE396447214C49981FD3AD90C71EFFAE,CO,01,No,,,,,01,Dry,01,Signalized,,,,,,
Property Damage Crashes,DA4074007L,Prince George's County Police,Front to Rear,Prince George's,Minor Arterial,No,No,No,No,No,PALMER RD,3645,COUNTY ROAD,No,True,No,2/10/2025,No,Point,38.774183094,-76.976027619,PGCOPD,03,16,03,No,20,,20:35,2025,Monday,12,Motor Vehicle In Transport,05,On Roadway,4,,,,,,06,Non-Junction,03,Dark - Lighted,2/10/2025,2025-02-10,E,17.35,F,N,,,23C9C71361FD0512FF4037AB00615BA492F81F9B5E495DD42CF6E2ACA4A7F839,CO,01,No,,,,,01,Dry,,,,,,,,
Property Damage Crashes,DA4356003H,Prince George's County Police,Front to Rear,Prince George's,,No,No,No,No,Yes,,,,No,True,No,4/25/2025,No,Point,38.844133779,-76.897786288,PGCOPD,03,16,03,,16,,16:05,2025,Friday,12,Motor Vehicle In Transport,02,In Parking Lane Or Zone,,,,,,,,,01,Daylight,4/25/2025,2025-04-25,,,F,N,101,Parking Aisle,,,01,No,,,,,,,,,,,,,,
Injury Crashes,DA3973006Q,Prince George's County Police,Single Vehicle,Prince George's,,No,No,No,Yes,No,,680,COUNTY ROAD,No,True,No,5/20/2025,No,Point,38.969576429,-76.972842382,PGCOPD,101,16,02,Yes,16,,16:49,2025,Tuesday,17,Pedestrian,05,On Roadway,,,,,,,02,Crossover-Related,01,Daylight,5/20/2025,2025-05-20,N,54.47,F,N,,,DB7EA5D9AA774F2F651C2AE5086208F2F9F1F22178288F50DAE8C7AFC689F913,CO,01,No,17,Pedestrian,05,On Roadway,01,Dry,,,,,,,,
Property Damage Crashes,DA44080018,Prince George's County Police,Single Vehicle,Prince George's,,No,No,No,No,No,,122,COUNTY ROAD,No,True,No,3/25/2025,No,Point,38.801072936,-76.928092753,PGCOPD,101,16,03,No,14,,14:40,2025,Tuesday,28,Ditch,10,Separator/Traffic Island,,,,,,,99,Unknown,01,Daylight,3/25/2025,2025-03-25,N,26.7,F,N,,,0EC37797BB3AEC6E892A0BC126DE073EA9F6FC385094F5E1E31933913B755504,CO,01,No,,,,,01,Dry,,,,,,,,
Property Damage Crashes,CNC3164007L,New Carrollton Police Department,Front to Rear,Prince George's,Local,No,No,No,No,No,LEGATION RD,330,MUNICIPAL ROAD,No,True,No,1/27/2025,No,Point,38.960932124,-76.870575500,NCPD,03,16,03,No,22,,22:30,2025,Monday,12,Motor Vehicle In Transport,07,"On Shoulder, Right Side",7,,,,,,06,Non-Junction,04,Dark - Not Lighted,1/27/2025,2025-01-27,S,8.9,F,N,,,D998BB9762A6F0D19C21365B6312D58CD2EC11F43BF594A99E3F9B965ED41E49,MU,01,No,15,Parked Vehicle,07,"On Shoulder, Right Side",01,Dry,,,,,,,,