Crash Severity Description,Reportnumber,Agencyname,CollisionImpact Description,Crash County Description,FunctionalClass Description,ImpairedCrash,Large Vehicle Involved,Motorcycle Crash,Non-Motorist Crash,OffRoad,RoadName,Route Number,RouteType Description,Unrestrained Occupants,WithinDateRange,Work Zone Related,Crashdate,Work Zone Crash,CrashPoint,Latitude,Longitude,AgencyCode,CollisionImpact,Crash County,Crash Severity,Crash Within Interchange,Crashhour,CrashInterchangeApproaches,Crashtime,CrashYear,Dayofweek,FirstHarmEvent,FirstHarmEvent Description,FirstHarmLocation,FirstHarmLocation Description,FunctionalClass,Geometry Description,GovPropertyDamage,GovPropertyDamage Description,IntersectingRoadName,Intersection Geometry,JunctionRelated,JunctionRelated Description,Light,Light Description,LOD Crash Date,LOD Date Level,MilepointDirection,MilepointDistance,MilepointUnits,NonTrafficFatal,OffroadLocation,OffroadLocation Description,RoadID,RouteType,SchoolBusRelated,SchoolBusRelated Description,SecondHarmEvent,SecondHarmEvent Description,SecondHarmLocation,SecondHarmLocation Description,Surface,Surface Description,TrafficControl,Trafficcontrol Description,WZLawEnforcementPresent,WZLocation,WZLocation Description,WZType,WZType Description,WZWorkersPresent
Property Damage Crashes,DA39830035,Prince George's County Police,Unknown,Prince George's,Local,No,No,No,No,No,BUCHANAN ST,2305,COUNTY ROAD,No,True,No,4/19/2025,No,Point,38.948105141,-76.885854433,PGCOPD,99,16,03,Unknown,17,,17:30,2025,Saturday,34,Mailbox,99,Unknown,7,,101,State,,,99,Unknown,99,Unknown,4/19/2025,2025-04-19,S,28.92,F,N,,,54C093D518F28B187B416C674B01FEA3A9F0919EE7ED375F814942D7791BD3DE,CO,01,No,36,"Other Post, Pole, Or Support",99,Unknown,99,Unknown,,,,,,,,
Property Damage Crashes,DA4375002P,Prince George's County Police,Single Vehicle,Prince George's,Local,No,No,No,No,No,BOUNDRY AVE,311,COUNTY ROAD,No,True,No,2/4/2025,No,Point,38.866618653,-76.923914213,PGCOPD,101,16,03,No,18,,18:00,2025,Tuesday,36,"Other Post, Pole, Or Support",05,On Roadway,7,,,,,,06,Non-Junction,03,Dark - Lighted,2/4/2025,2025-02-04,W,38.59,F,N,,,B7276428AB0CD67706DB7E8467D50B24D33DF14BB68A6E0FAE1185ABA1734166,CO,01,No,,,,,01,Dry,,,,,,,,
Property Damage Crashes,MSP617100PB,Maryland State Police,"Sideswipe, Same Direction",Prince George's,Interstate,No,No,No,No,No,CAPITAL BELTWAY (SB/L),95,INTERSTATE ROUTE,No,True,No,5/25/2025,No,Point,39.002656667,-76.89529,MSP,07,16,03,No,13,,13:18,2025,Sunday,12,Motor Vehicle In Transport,05,On Roadway,1,,,,,,06,Non-Junction,01,Daylight,5/25/2025,2025-05-25,N,53.96,F,N,,,FD2D0BC9719A44BD95667526E3A8829CAF29615064560A901125279C209C236D,IS,01,No,,,,,01,Dry,,,,,,,,
Property Damage Crashes,MSP78430031,Maryland State Police,"Sideswipe, Same Direction",Prince George's,Interstate,No,Yes,No,No,No,NO NAME,95,INTERSTATE ROUTE,No,True,No,4/28/2025,No,Point,39.030653742,-76.946787522,MSP,07,16,03,No,1,,01:10,2025,Monday,15,Parked Vehicle,07,"On Shoulder, Right Side",1,,,,,,06,Non-Junction,04,Dark - Not Lighted,4/28/2025,2025-04-28,N,16.89,F,N,,,AD6E6A8E2EBB7BC1F450FB19845D4D3A2F7EE1F652DC9398CFC88BFF7180FAAD,IS,01,No,,,,,01,Dry,,,,,,,,
Injury Crashes,DA4411000C,Prince George's County Police,Other,Prince George's,Local,No,No,No,No,No,OLD FLETCHERTOWN RD,4826,COUNTY ROAD,Yes,True,No,2/6/2025,No,Point,38.991463387,-76.779036213,PGCOPD,98,16,02,No,8,,08:00,2025,Thursday,12,Motor Vehicle In Transport,05,On Roadway,7,,,,FLETCHERTOWN RD,,01,Acceleration/Deceleration Lane,01,Daylight,2/6/2025,2025-02-06,S,3.93,F,N,,,5CBCEE3110DC22E7E7BD7C2D7C97478BB3DBBD16CD4A7AF675DDEF1B4696320C,CO,01,No,,,,,09,Wet,,,,,,,,
Injury Crashes,CBPD0131000D,Bowie Police Department,Angle,Prince George's,,No,No,No,No,No,,66,COUNTY ROAD,No,True,No,3/21/2025,No,Point,38.925750321,-76.732838805,BOWIE,01,16,02,No,14,04,14:52,2025,Friday,12,Motor Vehicle In Transport,05,On Roadway,,Perpendicular,,,MITCHELLVILLE RD MITCHELLVILLE RD (SB/L) MOUNT OAK RD,03,05,Intersection or Related,01,Daylight,3/21/2025,2025-03-21,W,0,F,N,,,BF7584DF272B42A59DCA59A2249C411D8BE96B8D9199124CD4A88CEE18B5C75C,CO,01,No,,,,,01,Dry,01,Signalized,,,,,,
Property Damage Crashes,DA4343003G,Prince George's County Police,"Sideswipe, Same Direction",Prince George's,,No,Yes,No,No,No,,1854,PRIVATE ROAD,No,True,No,5/16/2025,No,Point,39.041974138,-76.936967631,PGCOPD,07,16,03,No,10,,10:30,2025,Friday,15,Parked Vehicle,02,In Parking Lane Or Zone,,,,,,,06,Non-Junction,01,Daylight,5/16/2025,2025-05-16,W,226.63,F,N,,,9CAAF30777DD7A929E10493ED2D28308F8438EA828BA2F81B48A375E95728ADF,PV,02,"Yes, School Bus Directly Involved",,,,,01,Dry,,,,,,,,
Property Damage Crashes,DA3380009Y,Prince George's County Police,Front to Rear,Prince George's,Local,No,No,No,No,No,GOLDFIELD PL,4018,COUNTY ROAD,No,True,No,5/3/2025,No,Point,38.766988929,-76.873436872,PGCOPD,03,16,03,No,0,,00:26,2025,Saturday,12,Motor Vehicle In Transport,05,On Roadway,7,,,,,,01,Acceleration/Deceleration Lane,03,Dark - Lighted,5/3/2025,2025-05-03,W,11.75,F,N,,,235E4A6B4A216AF98490E6E580D5699FF08D9272211CA167B4E70512E063659B,CO,01,No,12,Motor Vehicle In Transport,05,On Roadway,01,Dry,,,,,,,,
Property Damage Crashes,DA43420042,Prince George's County Police,"Sideswipe, Same Direction",Prince George's,Minor Arterial,No,No,No,No,No,WALKER MILL RD (EB/L),367,COUNTY ROAD,No,True,No,4/27/2025,No,Point,38.869358120,-76.850734782,PGCOPD,07,16,03,No,12,,12:24,2025,Sunday,12,Motor Vehicle In Transport,05,On Roadway,4,,,,,,09,Through Roadway,01,Daylight,4/27/2025,2025-04-27,E,10.41,F,N,,,4AE3562AD26732C469BF522ECCD9FB99E455297D70B288E2D68183183FD45DC7,CO,01,No,,,,,01,Dry,,,,,,,,
Property Damage Crashes,AL1457000C,Berwyn Heights Police Department,Angle,Prince George's,Principal Arterial – Other,No,No,No,No,No,GREENBELT RD,193,MARYLAND ROUTE,No,True,No,2/6/2025,No,Point,38.998063660,-76.915920561,BERWYNHEIGHTS,01,16,03,No,20,,20:45,2025,Thursday,12,Motor Vehicle In Transport,05,On Roadway,3,,,,,,06,Non-Junction,03,Dark - Lighted,2/6/2025,2025-02-06,E,33.19,F,N,,,F856A6C51E928BEF2D7AC89CC78FA2CDABED50FC2B3A2479B7B60B14C0717C62,MD,01,No,,,,,09,Wet,,,,,,,,
Injury Crashes,BW0196001Z,Greenbelt Police Department,Front to Rear,Prince George's,Local,No,No,No,No,No,LAKECREST DR,270,MUNICIPAL ROAD,No,True,No,2/16/2025,No,Point,38.995765307,-76.886745435,GREENBELT,03,16,02,No,16,04,16:27,2025,Sunday,12,Motor Vehicle In Transport,05,On Roadway,7,Perpendicular,,,GREENBELT RD (WB/L),03,05,Intersection or Related,01,Daylight,2/16/2025,2025-02-16,S,0,F,N,,,8FBD848D4E757FFED5113B6047EFEBF04443DB1ED6CE4A760CCC117FC1ED597A,MU,01,No,12,Motor Vehicle In Transport,05,On Roadway,09,Wet,01,Signalized,,,,,,
Injury Crashes,DA4424000W,Prince George's County Police,Single Vehicle,Prince George's,Minor Arterial,No,No,No,No,No,MARLBORO PIKE,3074,COUNTY ROAD,No,True,No,4/19/2025,No,Point,38.862755222,-76.913155522,PGCOPD,101,16,02,No,4,,04:30,2025,Saturday,13,Other Non-Fixed Object,09,Roadside,4,,,,,,09,Through Roadway,03,Dark - Lighted,4/19/2025,2025-04-19,E,14.98,F,N,,,3B27E9EDF60B20CD469302DDF90A277252D75470CD7D05B0DC754A7675BFC793,CO,01,No,,,,,01,Dry,,,,,,,,
Property Damage Crashes,DA4421001W,Prince George's County Police,"Sideswipe, Same Direction",Prince George's,Principal Arterial – Other,No,Yes,No,No,No,CRAIN HWY (SB/L),301,UNITED STATE ROUTE,No,True,No,4/22/2025,No,Point,38.761532649,-76.807516481,PGCOPD,07,16,03,No,5,,05:56,2025,Tuesday,12,Motor Vehicle In Transport,05,On Roadway,3,,,,,,09,Through Roadway,100,Dawn,4/22/2025,2025-04-22,N,15.02,F,N,,,D4C679AEABE0A6D7C49E2A0D214AB22668C348F897F33AD30E850451D936A2B3,US,02,"Yes, School Bus Directly Involved",,,,,01,Dry,,,,,,,,
Property Damage Crashes,DA4296003M,Prince George's County Police,Rear To Side,Prince George's,,No,No,No,No,No,,498,SPUR,No,True,No,1/23/2025,No,Point,38.843690346,-76.884555959,PGCOPD,05,16,03,Yes,0,04,00:30,2025,Thursday,12,Motor Vehicle In Transport,05,On Roadway,,Angled/Skewed,,,PENNSYLVANIA AVE,01,05,Intersection or Related,03,Dark - Lighted,1/23/2025,2025-01-23,N,0,F,N,,,B3837A3005C50CEF02A27663EAE75CFF8941837C38B7D559BF3813E37EDB9E19,SP,01,No,,,,,02,Ice/Frost,01,Signalized,,,,,,
Property Damage Crashes,AM03540050,Bladensburg Police Department,Front to Rear,Prince George's,Minor Arterial,No,No,No,No,No,ANNAPOLIS RD,450,MARYLAND ROUTE,No,True,No,5/1/2025,No,Point,38.939054791,-76.940940377,BLADENSBURG,03,16,03,No,12,,12:15,2025,Thursday,12,Motor Vehicle In Transport,05,On Roadway,4,,,,,,06,Non-Junction,01,Daylight,5/1/2025,2025-05-01,E,43.67,F,N,,,C0B97794AF3E14B4C6E4A905490D9958BD38DD33E6793CBD2FE46DCBF8F9DC89,MD,01,No,,,,,01,Dry,,,,,,,,
Property Damage Crashes,DA35460099,Prince George's County Police,Single Vehicle,Prince George's,,No,No,No,No,Yes,,,,No,True,No,5/1/2025,No,Point,38.785089565,-76.792307912,PGCOPD,101,16,03,,9,,09:50,2025,Thursday,35,"Other Fixed Object (wall, building, tunnel, etc.)",04,"Off-Roadway, Location Unknown",,,,,,,,,01,Daylight,5/1/2025,2025-05-01,,,F,N,101,Parking Aisle,,,01,No,36,"Other Post, Pole, Or Support",04,"Off-Roadway, Location Unknown",,,,,,,,,,
Injury Crashes,DA3774008G,Prince George's County Police,Front to Rear,Prince George's,Principal Arterial – Other,No,No,No,No,No,RIVERDALE RD,410,MARYLAND ROUTE,No,True,No,3/1/2025,No,Point,38.961067168,-76.910486574,PGCOPD,03,16,02,No,17,,17:31,2025,Saturday,12,Motor Vehicle In Transport,05,On Roadway,3,,,,,,01,Acceleration/Deceleration Lane,01,Daylight,3/1/2025,2025-03-01,E,46.33,F,N,,,9CCF90DE43A5C4675D7892F6479CD060781BD65334690B5A4BD6E937C0EBADA6,MD,01,No,,,,,01,Dry,,,,,,,,
Injury Crashes,DA4394001N,Prince George's County Police,Single Vehicle,Prince George's,Local,No,No,No,Yes,No,ADKINS RD,2643,COUNTY ROAD,No,True,No,5/23/2025,No,Point,39.082038038,-76.847959629,PGCOPD,101,16,02,No,17,,17:00,2025,Friday,16,Pedalcycle,05,On Roadway,7,,,,,,06,Non-Junction,01,Daylight,5/23/2025,2025-05-23,N,5.83,F,N,,,A2061F8C7DF55023E43BBD824E73F1F5EEEE05724C3810E90490DBC352CC12D1,CO,01,No,,,,,01,Dry,,,,,,,,
Property Damage Crashes,DA3047008K,Prince George's County Police,Front to Rear,Prince George's,Principal Arterial – Other Freeways and Expressways,No,No,No,No,No,INDIAN HEAD HWY,210,MARYLAND ROUTE,No,True,No,6/3/2025,No,Point,38.755619794,-76.993011533,PGCOPD,03,16,03,No,9,,09:23,2025,Tuesday,12,Motor Vehicle In Transport,05,On Roadway,2,,,,,,06,Non-Junction,01,Daylight,6/3/2025,2025-06-03,N,30.4,F,N,,,B82BB4FDE0AF5D232C8E30438AA86B964D690A84D9CFBF083BA8007152779968,MD,01,No,,,,,01,Dry,,,,,,,,
Injury Crashes,DA43560035,Prince George's County Police,Single Vehicle,Prince George's,Principal Arterial – Other,No,No,No,Yes,No,SILVER HILL RD,458,MARYLAND ROUTE,No,True,No,3/19/2025,No,Point,38.843387018,-76.930385777,PGCOPD,101,16,02,No,22,,22:48,2025,Wednesday,17,Pedestrian,05,On Roadway,3,,,,,,06,Non-Junction,04,Dark - Not Lighted,3/19/2025,2025-03-19,S,8.13,F,N,,,08FC6815E16B931972579AE18E73247EE4ADADE89CD73C228CB3709E55CEE99D,MD,01,No,,,,,01,Dry,,,,,,,,
Property Damage Crashes,DA309400C4,Prince George's County Police,Single Vehicle,Prince George's,,No,No,No,Yes,Yes,,,,No,True,No,5/9/2025,No,Point,38.959049626,-76.864876016,PGCOPD,101,16,03,,19,,19:00,2025,Friday,17,Pedestrian,02,In Parking Lane Or Zone,,,,,,,,,01,Daylight,5/9/2025,2025-05-09,,,F,N,102,Parking Lot Way,,,01,No,,,,,,,,,,,,,,
Property Damage Crashes,DA4368001L,Prince George's County Police,Front to Rear,Prince George's,Principal Arterial – Other,No,No,No,No,No,BRANCH AVE,5,MARYLAND ROUTE,No,True,No,3/15/2025,No,Point,38.839375403,-76.946297342,PGCOPD,03,16,03,No,21,,21:49,2025,Saturday,12,Motor Vehicle In Transport,05,On Roadway,3,,,,,,09,Through Roadway,04,Dark - Not Lighted,3/15/2025,2025-03-15,S,20.5,F,N,,,C891F3B4693B1ADA10D71AE981B14EFED359766D8ACCFF4DF0A09150A00D249F,MD,01,No,,,,,01,Dry,,,,,,,,
Injury Crashes,DA4252005Z,Prince George's County Police,Front to Rear,Prince George's,Local,No,No,No,No,No,L ST #1,81,MUNICIPAL ROAD,No,True,No,4/14/2025,No,Point,38.903433921,-76.914499911,PGCOPD,03,16,02,Yes,17,04,17:38,2025,Monday,12,Motor Vehicle In Transport,05,On Roadway,7,Perpendicular,,,ADDISON RD,03,05,Intersection or Related,01,Daylight,4/14/2025,2025-04-14,W,0,F,N,,,F8099F8FB874530F20ECD22E7055F81B945FBBB8E01E761AB51810B901AA7633,MU,01,No,,,,,01,Dry,05,No Controls,,,,,,
Property Damage Crashes,DA4318004C,Prince George's County Police,Single Vehicle,Prince George's,Local,No,No,No,No,No,CHITA CT,6247,COUNTY ROAD,No,True,No,4/17/2025,No,Point,38.828351658,-76.965501792,PGCOPD,101,16,03,No,8,,08:23,2025,Thursday,35,"Other Fixed Object (wall, building, tunnel, etc.)",02,In Parking Lane Or Zone,7,,,,,,03,Driveway Access or Related,01,Daylight,4/17/2025,2025-04-17,N,30.07,F,N,,,46F63CD6284180D959DFFE86D388FF8E6A445F352939F08BDBFBCD58A08FA7AE,CO,01,No,,,,,01,Dry,,,,,,,,
Property Damage Crashes,DA3877009B,Prince George's County Police,"Sideswipe, Same Direction",Prince George's,Principal Arterial – Other,No,No,No,No,No,OXON HILL RD (WB/L),414,MARYLAND ROUTE,No,True,No,5/30/2025,No,Point,38.803333165,-76.989653692,PGCOPD,07,16,03,No,19,04,19:21,2025,Friday,12,Motor Vehicle In Transport,05,On Roadway,3,Perpendicular,,,LIVINGSTON RD,03,05,Intersection or Related,01,Daylight,5/30/2025,2025-05-30,E,0,F,N,,,F1D515710844E7732D5D48E56A56D1C2CE14CDA3A9D66E801E8A362DAFE6D6F7,MD,01,No,,,,,09,Wet,01,Signalized,,,,,,
Property Damage Crashes,RD0127006Z,Riverdale Park Police Department,Front to Rear,Prince George's,Principal Arterial – Other,No,No,No,No,No,,1,UNITED STATE ROUTE,No,True,No,2/16/2025,No,Point,38.959202507,-76.939811358,RIVERDALE,03,16,03,No,16,,16:27,2025,Sunday,12,Motor Vehicle In Transport,05,On Roadway,3,,,,,,06,Non-Junction,01,Daylight,2/16/2025,2025-02-16,N,18.69,F,N,,,7B861B53E171DE024667F29456D6D5C997A78704AE10C5E492B5953310D9936D,US,01,No,,,,,01,Dry,,,,,,,,
Property Damage Crashes,DA421200GC,Prince George's County Police,"Sideswipe, Same Direction",Prince George's,Major Collector,No,No,No,No,No,72ND AVE,9720,MUNICIPAL ROAD,No,True,No,5/31/2025,No,Point,38.941153936,-76.888385805,PGCOPD,07,16,03,No,6,,06:38,2025,Saturday,12,Motor Vehicle In Transport,07,"On Shoulder, Right Side",5,,,,,,09,Through Roadway,99,Unknown,5/31/2025,2025-05-31,N,24.29,F,N,,,E6D6A71B2261B2D8EEFD40F79C6516C4DA311AED6DB0C0F0DD54D7D888AB5980,MU,01,No,,,,,01,Dry,,,,,,,,
Property Damage Crashes,DA4373002B,Prince George's County Police,Front to Front,Prince George's,Local,No,No,No,No,No,26TH AVE,609,COUNTY ROAD,No,True,No,4/1/2025,No,Point,38.843615093,-76.960368530,PGCOPD,02,16,03,No,16,,16:40,2025,Tuesday,12,Motor Vehicle In Transport,05,On Roadway,7,,,,,,09,Through Roadway,01,Daylight,4/1/2025,2025-04-01,N,28.53,F,N,,,43DC58FEDAC93876F339A548C31B8E4514284D0A06ED525219518B0999CECC24,CO,01,No,,,,,01,Dry,,,,,,,,
Property Damage Crashes,DA36050074,Prince George's County Police,Front to Front,Prince George's,Major Collector,No,No,No,No,No,HAMPTON PARK BLVD (NB/L),4475,COUNTY ROAD,No,True,No,5/2/2025,No,Point,38.888435803,-76.852882405,PGCOPD,02,16,03,No,16,,16:20,2025,Friday,12,Motor Vehicle In Transport,05,On Roadway,5,,,,,,03,Driveway Access or Related,01,Daylight,5/2/2025,2025-05-02,E,4.78,F,N,,,6F7E0F8AC49745BEFD31FDCAA92568BCF717A47430A2D4D6EA7ACD4334A96049,CO,01,No,,,,,01,Dry,,,,,,,,
Injury Crashes,DA4421001F,Prince George's County Police,Angle,Prince George's,Major Collector,No,Yes,No,No,No,CROOM RD,382,MARYLAND ROUTE,No,True,No,3/19/2025,No,Point,38.775251225,-76.764789007,PGCOPD,01,16,02,No,16,,16:00,2025,Wednesday,12,Motor Vehicle In Transport,05,On Roadway,5,,,,,,09,Through Roadway,01,Daylight,3/19/2025,2025-03-19,N,45.33,F,N,,,F1CF0FFBBA53660D2CC8BD1254924AF6ACE8C86B0444278C50722E2AAC59F1FB,MD,01,No,,,,,01,Dry,,,,,,,,
Property Damage Crashes,DA4249006T,Prince George's County Police,Single Vehicle,Prince George's,Minor Arterial,No,No,No,No,No,GARRETT A MORGAN BLVD,5730,COUNTY ROAD,No,True,No,4/14/2025,No,Point,38.890856390,-76.863193093,PGCOPD,101,16,03,No,10,,10:38,2025,Monday,09,Animal (live),05,On Roadway,4,,,,,,06,Non-Junction,01,Daylight,4/14/2025,2025-04-14,N,38.11,F,N,,,98D6ECE3A9C020FD43F77C328ABA4D31B33C2F00206195B4FA7189346F6C2671,CO,01,No,,,,,01,Dry,,,,,,,,
Injury Crashes,DA3380009H,Prince George's County Police,Single Vehicle,Prince George's,Minor Collector,No,No,No,No,No,EAGLE HARBOR RD,204,COUNTY ROAD,No,True,No,2/8/2025,No,Point,38.570777077,-76.708627936,PGCOPD,101,16,02,No,10,,10:41,2025,Saturday,40,Tree (standing),04,"Off-Roadway, Location Unknown",6,,,,,,01,Acceleration/Deceleration Lane,01,Daylight,2/8/2025,2025-02-08,N,26.25,F,N,,,920F8F72DC22F2C6315B7DEBF074F6D2948C754F92854F076733AB2B23ED1F23,CO,01,No,40,Tree (standing),04,"Off-Roadway, Location Unknown",09,Wet,,,,,,,,
Property Damage Crashes,CE4152008L,Laurel Police Department,Front to Front,Prince George's,Principal Arterial – Other,No,No,No,No,No,TALBOTT AVE (WB/L),198,MARYLAND ROUTE,No,True,No,4/8/2025,No,Point,39.101631532,-76.851640384,LAUREL,02,16,03,Yes,13,02,13:25,2025,Tuesday,12,Motor Vehicle In Transport,05,On Roadway,3,Perpendicular,,,FOURTH ST,03,05,Intersection or Related,01,Daylight,4/8/2025,2025-04-08,S,0,F,N,,,A99B85543C7E77BAE2D700B7EEA2B224715F51888251CE11CDD78C36EBD18B80,MD,01,No,,,,,01,Dry,01,Signalized,,,,,,
Property Damage Crashes,DA405100DG,Prince George's County Police,Angle,Prince George's,Principal Arterial – Other Freeways and Expressways,No,No,No,No,No,RAMP 3 FR MD 450 TO RAMP 2 (TO MD 295),295,RAMP,No,True,No,3/10/2025,No,Point,38.938857459,-76.913182150,PGCOPD,01,16,03,Yes,5,,05:52,2025,Monday,12,Motor Vehicle In Transport,05,On Roadway,2,,,,,,04,Entrance/Exit Ramp or Related,03,Dark - Lighted,3/10/2025,2025-03-10,N,27.41,F,N,,,8AE8F5DE1FBC88ABB2EF6AE7434FBF72E5949089EA30E283FDBF8E844301EE63,RP,01,No,39,Traffic Signal Support,03,Median,01,Dry,,,,,,,,
Fatal Crashes,DA4355002Z,Prince George's County Police,Front to Front,Prince George's,Local,No,No,No,No,No,OLD CRAIN HWY,1213,COUNTY ROAD,No,True,No,4/14/2025,No,Point,38.825028585,-76.728648877,PGCOPD,02,16,01,No,14,,14:30,2025,Monday,12,Motor Vehicle In Transport,05,On Roadway,7,,,,,,09,Through Roadway,01,Daylight,4/14/2025,2025-04-14,N,86,F,N,,,FD21ABCB5DE7BF74EE3416787675BBE0429F732771EB76B081F277EB2999D61B,CO,01,No,,,,,01,Dry,,,,,,,,
Property Damage Crashes,DA3774008V,Prince George's County Police,Single Vehicle,Prince George's,Principal Arterial – Other,No,No,No,No,No,RIVERDALE RD (WB/L),410,MARYLAND ROUTE,No,True,No,5/25/2025,No,Point,38.9603197,-76.9145362,PGCOPD,101,16,03,No,5,,05:20,2025,Sunday,40,Tree (standing),99,Unknown,3,,,,,,02,Crossover-Related,03,Dark - Lighted,5/25/2025,2025-05-25,S,42.98,F,N,,,9925834A4C7503CE2305726E738B66737033F8B1DDCEB122910CA47B48BE4698,MD,01,No,,,,,01,Dry,,,,,,,,
Property Damage Crashes,CBPD0092004C,Bowie Police Department,"Sideswipe, Same Direction",Prince George's,Minor Arterial,No,No,No,No,No,COLLINGTON RD,197,MARYLAND ROUTE,No,True,No,4/14/2025,No,Point,38.955726032,-76.744383282,BOWIE,07,16,03,No,0,,00:20,2025,Monday,12,Motor Vehicle In Transport,05,On Roadway,4,,,,,,06,Non-Junction,03,Dark - Lighted,4/14/2025,2025-04-14,W,64.56,F,N,,,1E06C08DD7A4775A5DBF08F12F655D44027D514C39D8D622F242F14D84E6FF04,MD,01,No,,,,,01,Dry,,,,,,,,
Property Damage Crashes,BE01120008,District Heights Police Department,Front to Rear,Prince George's,,No,No,No,No,Yes,,,,No,True,No,5/24/2025,No,Point,38.854065797,-76.898057945,DISTHEIGHTS,03,16,03,,17,,17:00,2025,Saturday,12,Motor Vehicle In Transport,02,In Parking Lane Or Zone,,,,,,,,,01,Daylight,5/24/2025,2025-05-24,,,F,N,101,Parking Aisle,,,01,No,,,,,,,,,,,,,,
Property Damage Crashes,MSP77730016,Maryland State Police,Front to Rear,Prince George's,Principal Arterial – Other Freeways and Expressways,No,No,No,No,No,JOHN HANSON HWY (WB/L),50,UNITED STATE ROUTE,No,True,No,2/22/2025,No,Point,38.918196667,-76.929083333,MSP,03,16,03,No,15,,15:05,2025,Saturday,12,Motor Vehicle In Transport,05,On Roadway,2,,,,,,06,Non-Junction,01,Daylight,2/22/2025,2025-02-22,S,33.77,F,N,,,7D207D95F859D281B387A9FB35C823A8A96A35EB4A5D4ACF4C0E92487AA7AED4,US,01,No,,,,,01,Dry,,,,,,,,
Injury Crashes,DA4424000F,Prince George's County Police,Single Vehicle,Prince George's,,No,No,No,Yes,No,MARLBORO PIKE (NB/L),3074,COUNTY ROAD,Yes,True,No,2/13/2025,No,Point,38.865442090,-76.916283837,PGCOPD,101,16,02,No,19,,19:00,2025,Thursday,17,Pedestrian,05,On Roadway,,,,,,,06,Non-Junction,03,Dark - Lighted,2/13/2025,2025-02-13,N,11.17,F,N,,,8CC9A75240F95B5E8AC65F19A815ADAF33F75BC2932638B429EA9F234A78DE12,CO,01,No,,,,,01,Dry,,,,,,,,
Property Damage Crashes,DA4365003N,Prince George's County Police,"Sideswipe, Same Direction",Prince George's,,No,No,No,No,No,GOOD LUCK RD (WB/L),42,COUNTY ROAD,No,True,No,2/14/2025,No,Point,38.986502555,-76.838274493,PGCOPD,07,16,03,No,16,,16:22,2025,Friday,12,Motor Vehicle In Transport,05,On Roadway,,,,,,,06,Non-Junction,01,Daylight,2/14/2025,2025-02-14,N,31.52,F,N,,,3A5659FAEA3204181B635BD548F8C85DF9C63827CA4B882E41884A5C55C6836B,CO,01,No,,,,,01,Dry,,,,,,,,
Property Damage Crashes,DA4411000R,Prince George's County Police,Single Vehicle,Prince George's,Local,No,No,No,No,No,NORTHERN LIGHTS DR,6676,COUNTY ROAD,Yes,True,No,4/12/2025,No,Point,38.872325015,-76.831643529,PGCOPD,101,16,03,No,17,,17:30,2025,Saturday,40,Tree (standing),09,Roadside,7,,,,,,01,Acceleration/Deceleration Lane,01,Daylight,4/12/2025,2025-04-12,S,13.04,F,N,,,D642AFBD91674B82B11C78F973661ED425BAAD503EE2383A9465D9BE67B9999D,CO,01,No,,,,,01,Dry,,,,,,,,
Property Damage Crashes,DA2824000P,Prince George's County Police,Front to Rear,Prince George's,Minor Collector,No,No,No,No,No,BADEN WESTWOOD RD,189,COUNTY ROAD,No,True,No,3/29/2025,No,Point,38.659577861,-76.777448192,PGCOPD,03,16,03,No,7,,07:37,2025,Saturday,12,Motor Vehicle In Transport,05,On Roadway,6,,,,,,09,Through Roadway,01,Daylight,3/29/2025,2025-03-29,S,51.27,F,N,,,D349AF7E5C3D47BE463132EB7BE2362EA195D9F789FFE5732E3FBEF8F09B4B84,CO,01,No,,,,,01,Dry,,,,,,,,
Property Damage Crashes,DA4396000V,Prince George's County Police,"Sideswipe, Same Direction",Prince George's,Local,No,No,No,No,No,ERIE ST,1545,COUNTY ROAD,No,True,No,1/5/2025,No,Point,39.007315938,-76.973565812,PGCOPD,07,16,03,No,8,,08:40,2025,Sunday,15,Parked Vehicle,09,Roadside,7,,,,,,06,Non-Junction,99,Unknown,1/5/2025,2025-01-05,W,99.86,F,N,,,47852D615EA192E693F0E80B19FE21F56C9FD8E42B0FC74074F2EDC2E218DA21,CO,01,No,,,,,01,Dry,,,,,,,,
Property Damage Crashes,DA4116002N,Prince George's County Police,Angle,Prince George's,Principal Arterial – Other Freeways and Expressways,No,No,No,No,No,KENILWORTH AVE (SB/L),201,MARYLAND ROUTE,No,True,No,4/28/2025,No,Point,38.912733475,-76.933881261,PGCOPD,01,16,03,No,16,,16:21,2025,Monday,12,Motor Vehicle In Transport,05,On Roadway,2,,,,,,06,Non-Junction,01,Daylight,4/28/2025,2025-04-28,S,36.76,F,N,,,FFC49911DFB712B2A6E520C2006269458409B1FA8ADB7A61B26F86668D6FF4BC,MD,01,No,97,Not Applicable,,,01,Dry,,,,,,,,
Injury Crashes,DA3040001C,Prince George's County Police,Front to Rear,Prince George's,Principal Arterial – Other,No,No,No,No,No,PENNSYLVANIA AVE,4,MARYLAND ROUTE,No,True,No,3/17/2025,No,Point,38.844459910,-76.884354420,PGCOPD,03,16,02,No,8,,08:25,2025,Monday,12,Motor Vehicle In Transport,05,On Roadway,3,,,,,,06,Non-Junction,01,Daylight,3/17/2025,2025-03-17,W,436.05,F,N,,,431CBBA97565642FA1A8F42AB51BC8A7A710869866797FC9C51CA64BF1D180AF,MD,01,No,,,,,01,Dry,,,,,,,,