Crash Severity Description,Reportnumber,Agencyname,CollisionImpact Description,Crash County Description,FunctionalClass Description,ImpairedCrash,Large Vehicle Involved,Motorcycle Crash,Non-Motorist Crash,OffRoad,RoadName,Route Number,RouteType Description,Unrestrained Occupants,WithinDateRange,Work Zone Related,Crashdate,Work Zone Crash,CrashPoint,Latitude,Longitude,AgencyCode,CollisionImpact,Crash County,Crash Severity,Crash Within Interchange,Crashhour,CrashInterchangeApproaches,Crashtime,CrashYear,Dayofweek,FirstHarmEvent,FirstHarmEvent Description,FirstHarmLocation,FirstHarmLocation Description,FunctionalClass,Geometry Description,GovPropertyDamage,GovPropertyDamage Description,IntersectingRoadName,Intersection Geometry,JunctionRelated,JunctionRelated Description,Light,Light Description,LOD Crash Date,LOD Date Level,MilepointDirection,MilepointDistance,MilepointUnits,NonTrafficFatal,OffroadLocation,OffroadLocation Description,RoadID,RouteType,SchoolBusRelated,SchoolBusRelated Description,SecondHarmEvent,SecondHarmEvent Description,SecondHarmLocation,SecondHarmLocation Description,Surface,Surface Description,TrafficControl,Trafficcontrol Description,WZLawEnforcementPresent,WZLocation,WZLocation Description,WZType,WZType Description,WZWorkersPresent
Property Damage Crashes,MSP745800SD,Maryland State Police,Front to Rear,Prince George's,Principal Arterial – Other,No,No,No,No,No,CENTRAL AVE,214,MARYLAND ROUTE,No,True,No,4/24/2025,No,Point,38.891951667,-76.847403333,MSP,03,16,03,No,16,,16:43,2025,Thursday,12,Motor Vehicle In Transport,05,On Roadway,3,,,,,,01,Acceleration/Deceleration Lane,01,Daylight,4/24/2025,2025-04-24,N,21.25,F,N,,,0C2640DEFD1C413A1874649578DA9793B8892E8683897EAD4531AB0C7CF2BA45,MD,01,No,,,,,01,Dry,,,,,,,,
Property Damage Crashes,DA4430000C,Prince George's County Police,"Sideswipe, Same Direction",Prince George's,Principal Arterial – Other,No,No,No,No,No,CENTRAL AVE (WB/L),214,MARYLAND ROUTE,No,True,No,2/19/2025,No,Point,38.890729419,-76.853462356,PGCOPD,07,16,03,No,12,,12:55,2025,Wednesday,12,Motor Vehicle In Transport,05,On Roadway,3,,,,,,09,Through Roadway,01,Daylight,2/19/2025,2025-02-19,E,16.68,F,N,,,263A0C8EBB8C8C18895D876BF421E9D10E8F8E3FE90636FF56D9D08DB56A15F6,MD,01,No,,,,,09,Wet,,,,,,,,
Property Damage Crashes,MSP718600KN,Maryland State Police,Front to Rear,Prince George's,Principal Arterial – Other,No,No,No,No,No,CENTRAL AVE,214,MARYLAND ROUTE,No,True,No,4/27/2025,No,Point,38.898802139,-76.820748620,MSP,03,16,03,No,4,,04:02,2025,Sunday,12,Motor Vehicle In Transport,05,On Roadway,3,,,,,,09,Through Roadway,05,Dark - Unknown Lighting,4/27/2025,2025-04-27,W,36.83,F,N,,,0898EA02A0DEC5D50EBB28928A3A71B7D5EB1E493CA262C9E3BCB77467D8E3E8,MD,01,No,,,,,01,Dry,,,,,,,,
Property Damage Crashes,AZ1743000F,Cheverly Police Department,Angle,Prince George's,Local,No,No,No,No,No,NO NAME,202,MARYLAND ROUTE,No,True,No,3/8/2025,No,Point,38.934729624,-76.916173738,CHEVERLY,01,16,03,Yes,21,,21:57,2025,Saturday,12,Motor Vehicle In Transport,05,On Roadway,7,,,,LANDOVER RD (SB/L),,09,Through Roadway,03,Dark - Lighted,3/8/2025,2025-03-08,N,9.52,F,N,,,C7CEF4890518F9ABE51668B0B097778FF3ED9CF81ECF19A8323FD706918FD19B,MD,01,No,,,,,01,Dry,,,,,,,,
Property Damage Crashes,DA4151005L,Prince George's County Police,"Sideswipe, Same Direction",Prince George's,Principal Arterial – Other,No,No,No,No,No,KENILWORTH AVE (SB/L),201,MARYLAND ROUTE,No,True,No,1/21/2025,No,Point,38.933288588,-76.933987320,PGCOPD,07,16,03,No,9,,09:00,2025,Tuesday,12,Motor Vehicle In Transport,05,On Roadway,3,,,,,,09,Through Roadway,01,Daylight,1/21/2025,2025-01-21,W,15.1,F,N,,,EF59CAE939F384C6A6BA7CAC35736F2F01C4D0304D08266BE088300C706BBF01,MD,01,No,,,,,01,Dry,,,,,,,,
Property Damage Crashes,DA4138005W,Prince George's County Police,"Sideswipe, Opposite Direction",Prince George's,Principal Arterial – Other,No,No,No,No,No,OXON HILL RD (WB/L),414,MARYLAND ROUTE,No,True,No,3/1/2025,No,Point,38.804326122,-76.981543186,PGCOPD,06,16,03,No,20,,20:46,2025,Saturday,12,Motor Vehicle In Transport,05,On Roadway,3,,,,,,06,Non-Junction,03,Dark - Lighted,3/1/2025,2025-03-01,S,14.49,F,N,,,A6A64E700C9DBF9FAD40274A868A8D23B4F7B1D2E0B6EB12CD520AE888B5A3A6,MD,01,No,,,,,01,Dry,,,,,,,,
Property Damage Crashes,DS0454000J,University of Maryland Police College Park,Single Vehicle,Prince George's,,No,No,No,Yes,Yes,,,,No,True,No,4/26/2025,No,Point,38.984237907,-76.942208698,UMCP,101,16,03,,14,,14:42,2025,Saturday,17,Pedestrian,02,In Parking Lane Or Zone,,,,,,,,,01,Daylight,4/26/2025,2025-04-26,,,F,N,101,Parking Aisle,,,01,No,97,Not Applicable,,,,,,,,,,,,
Property Damage Crashes,CC0298003F,Hyattsville Police Department,"Sideswipe, Same Direction",Prince George's,,No,No,No,No,Yes,,,,No,True,No,1/25/2025,No,Point,38.966128339,-76.963665659,HYATTSVILLE,07,16,03,,14,,14:00,2025,Saturday,12,Motor Vehicle In Transport,02,In Parking Lane Or Zone,,,,,,,,,01,Daylight,1/25/2025,2025-01-25,,,F,N,102,Parking Lot Way,,,01,No,,,,,,,,,,,,,,
Property Damage Crashes,DA3875008K,Prince George's County Police,Front to Rear,Prince George's,Major Collector,No,No,No,No,No,OLD CRAIN HWY,1212,COUNTY ROAD,No,True,No,1/24/2025,No,Point,38.809553147,-76.765535659,PGCOPD,03,16,03,Yes,7,,07:18,2025,Friday,12,Motor Vehicle In Transport,05,On Roadway,5,,,,RAMP 6 FR MD 4 EB TO OLD CRAIN HWY SB,,01,Acceleration/Deceleration Lane,01,Daylight,1/24/2025,2025-01-24,E,11.97,F,N,,,710188DF49FA4FFADB301FDF32A8667AEF5D674EC02E703139DCEBF45AA760A0,CO,01,No,,,,,01,Dry,,,,,,,,
Property Damage Crashes,DA42810065,Prince George's County Police,Angle,Prince George's,Principal Arterial – Other,No,No,No,No,No,MARTIN LUTHER KING JR HWY (WB/L),704,MARYLAND ROUTE,No,True,No,3/2/2025,No,Point,38.922378800,-76.876999959,PGCOPD,01,16,03,No,19,03,19:00,2025,Sunday,12,Motor Vehicle In Transport,05,On Roadway,3,Perpendicular,,,GOODLAND DR,03,05,Intersection or Related,03,Dark - Lighted,3/2/2025,2025-03-02,W,0,F,N,,,F14D855042A963C4AC7FEDBDEF656B75D6DFFDF35079407AF1355329BD0D18AA,MD,01,No,,,,,01,Dry,01,Signalized,,,,,,
Property Damage Crashes,DA31040037,Prince George's County Police,Single Vehicle,Prince George's,,No,No,No,No,No,,498,SPUR,No,True,No,4/20/2025,No,Point,38.843865653,-76.884687521,PGCOPD,101,16,03,No,3,,03:00,2025,Sunday,27,Curb,09,Roadside,,,,,,,06,Non-Junction,03,Dark - Lighted,4/20/2025,2025-04-20,N,35.47,F,N,,,CA6EC5D5415CB5AC5044B66B5F68C29A730B598DC625539CB44BEC95ECD4C3E7,SP,01,No,,,,,01,Dry,,,,,,,,
Property Damage Crashes,DA44230008,Prince George's County Police,Front to Front,Prince George's,Local,No,Yes,No,No,No,FLAGSTAFF ST,3727,COUNTY ROAD,No,True,No,1/8/2025,No,Point,38.920651067,-76.891471513,PGCOPD,02,16,03,No,1,04,01:17,2025,Wednesday,15,Parked Vehicle,06,"On Shoulder, Left Side",7,Perpendicular,,,VERMONT AVE,03,05,Intersection or Related,03,Dark - Lighted,1/8/2025,2025-01-08,W,0,F,N,,,E48F74236552DAFAD9CE9EF02BDDCBE57FAA3A7DCE56DCC93F1862E5D282605C,CO,01,No,,,,,02,Ice/Frost,03,Stop - Partial,,,,,,
Property Damage Crashes,CNC3184001T,New Carrollton Police Department,Front to Rear,Prince George's,Local,No,No,No,No,No,QUENTIN ST,520,MUNICIPAL ROAD,No,True,No,2/19/2025,No,Point,38.968447736,-76.884248111,NCPD,03,16,03,No,2,,02:47,2025,Wednesday,15,Parked Vehicle,07,"On Shoulder, Right Side",7,,,,,,03,Driveway Access or Related,03,Dark - Lighted,2/19/2025,2025-02-19,W,7.11,F,N,,,63613156807AA025D86B0E46E2B7BC2506ECAF26DACB6A4D0F417FF020B89046,MU,01,No,,,,,01,Dry,,,,,,,,
Property Damage Crashes,DA44260018,Prince George's County Police,Unknown,Prince George's,Minor Collector,No,No,No,No,No,GREENLEAF RD,1231,COUNTY ROAD,No,True,No,6/1/2025,No,Point,38.920160238,-76.874858622,PGCOPD,99,16,03,No,16,,16:45,2025,Sunday,12,Motor Vehicle In Transport,05,On Roadway,6,,,,OXMAN RD,,06,Non-Junction,01,Daylight,6/1/2025,2025-06-01,S,17.41,F,N,,,92D6909220C5546DD7DC597468D4EF4537AFD57D8073497F0BB06E534AA9EFFA,CO,01,No,,,,,01,Dry,,,,,,,,
Injury Crashes,CP0172000G,Mount Rainier Police Department,Single Vehicle,Prince George's,Minor Arterial,No,No,No,Yes,No,QUEENS CHAPEL RD,500,MARYLAND ROUTE,No,True,No,3/17/2025,No,Point,38.951805756,-76.966653966,MTRAINIER,101,16,02,No,12,,12:17,2025,Monday,16,Pedalcycle,07,"On Shoulder, Right Side",4,,,,,,09,Through Roadway,01,Daylight,3/17/2025,2025-03-17,N,12.84,F,N,,,C791E9406340F40684DBF887D017F313820B5106A7E378D995E092BEC5F45772,MD,01,No,,,,,01,Dry,,,,,,,,
Property Damage Crashes,DA4281006B,Prince George's County Police,"Sideswipe, Same Direction",Prince George's,Local,No,Yes,No,No,No,ANTELOPE LA,2666,COUNTY ROAD,No,True,No,4/2/2025,No,Point,38.911222226,-76.929089463,PGCOPD,07,16,03,No,7,,07:46,2025,Wednesday,12,Motor Vehicle In Transport,05,On Roadway,7,,,,ADDISON RD,,10,"Other Location Not Listed Above Within an Interchange Area (median,
shoulder and roadside)",01,Daylight,4/2/2025,2025-04-02,S,8.55,F,N,,,FE563A2FBFECA7D61B496BEB4CEFBAFDD34821701A1026CD9DB69E946ECF030A,CO,01,No,,,,,01,Dry,,,,,,,,
Property Damage Crashes,DA40380088,Prince George's County Police,Unknown,Prince George's,Local,No,No,No,No,No,ELDON DR,4274,COUNTY ROAD,No,True,No,5/30/2025,No,Point,38.760641841,-76.857891945,PGCOPD,99,16,03,No,11,,11:15,2025,Friday,13,Other Non-Fixed Object,06,"On Shoulder, Left Side",7,,,,,,09,Through Roadway,01,Daylight,5/30/2025,2025-05-30,W,8.14,F,N,,,877BE7AFE75DE2397EE0A4DEC1BC883B04773F9FC14720C6CDAB9C4DA6585DE2,CO,01,No,34,Mailbox,06,"On Shoulder, Left Side",01,Dry,,,,,,,,
Property Damage Crashes,MSP675100KT,Maryland State Police,Angle,Prince George's,Principal Arterial – Other,No,No,No,No,No,BALTIMORE AVE,1,UNITED STATE ROUTE,No,True,No,2/4/2025,No,Point,39.045004598,-76.902107551,MSP,01,16,03,No,18,,18:13,2025,Tuesday,12,Motor Vehicle In Transport,05,On Roadway,3,,,,,,06,Non-Junction,03,Dark - Lighted,2/4/2025,2025-02-04,W,8.14,F,N,,,6305BA39D67BD80EDC0288E1095D121440E23DBB20E5ABE1DD797D7A4C9E39B6,US,01,No,,,,,09,Wet,,,,,,,,
Property Damage Crashes,MSP7839001T,Maryland State Police,Front to Rear,Prince George's,Interstate,No,No,No,No,No,RAMP 2 FR MD 202 WB TO IS 95 NB,95,RAMP,No,True,No,1/28/2025,No,Point,38.918389228,-76.847985523,MSP,03,16,03,No,9,,09:26,2025,Tuesday,12,Motor Vehicle In Transport,05,On Roadway,1,,,,,,06,Non-Junction,01,Daylight,1/28/2025,2025-01-28,W,1441.38,F,N,,,613F1BD2BCB5C14F700D2905F4397E93F857D18D8A824D429C0FB7DD68BD4BA0,RP,01,No,,,,,01,Dry,,,,,,,,
Property Damage Crashes,MSP7764007Z,Maryland State Police,Single Vehicle,Prince George's,Interstate,No,No,No,No,No,RAMP 7 FR IS 595 WB TO MD 704 SB,595,RAMP,No,True,No,3/15/2025,No,Point,38.947788793,-76.838481916,MSP,101,16,03,No,10,,10:52,2025,Saturday,03,Explosion Or Fire,05,On Roadway,1,,,,,,06,Non-Junction,01,Daylight,3/15/2025,2025-03-15,S,29.53,F,N,,,E7F8696BF81FD795CF159BCD9D033296C76319EAD1F942C330AD81CDE8F06821,RP,01,No,,,,,01,Dry,,,,,,,,
Property Damage Crashes,DA409400BP,Prince George's County Police,Angle,Prince George's,,No,No,No,No,No,,2552,PRIVATE ROAD,Yes,True,No,1/14/2025,No,Point,38.940000174,-76.908092102,PGCOPD,01,16,03,No,18,,18:40,2025,Tuesday,12,Motor Vehicle In Transport,05,On Roadway,,,,,,,02,Crossover-Related,03,Dark - Lighted,1/14/2025,2025-01-14,N,36.83,F,N,,,5F250DDE1391501DE44307AF17960FF8B5ED432ABED10A3E9866ED1E347BD0C8,PV,01,No,,,,,09,Wet,,,,,,,,
Property Damage Crashes,DA34070049,Prince George's County Police,Single Vehicle,Prince George's,,No,No,No,Yes,Yes,,,,No,True,No,6/2/2025,No,Point,38.852496586,-76.894202160,PGCOPD,101,16,03,,14,,14:48,2025,Monday,17,Pedestrian,05,On Roadway,,,100,Local,,,,,01,Daylight,6/2/2025,2025-06-02,,,F,N,106,Driveway,,,01,No,,,,,,,,,,,,,,
Property Damage Crashes,MSP697200GD,Maryland State Police,Single Vehicle,Prince George's,Principal Arterial – Other,No,No,No,No,No,BALTIMORE AVE,1,UNITED STATE ROUTE,No,True,No,4/7/2025,No,Point,39.065124203,-76.881694586,MSP,101,16,03,No,5,,05:17,2025,Monday,32,Guardrail Face,07,"On Shoulder, Right Side",3,,,,,,06,Non-Junction,03,Dark - Lighted,4/7/2025,2025-04-07,N,19.09,F,N,,,9D707793A25E2DE8E95F9584B9484B1AAAE53E5C3D23CF9DB35964ECEDC20E63,US,01,No,,,,,09,Wet,,,,,,,,
Injury Crashes,MSP647600GV,Maryland State Police,"Sideswipe, Opposite Direction",Prince George's,Local,No,No,No,No,No,ST JOSEPHS DR,3132,COUNTY ROAD,Yes,True,No,1/21/2025,No,Point,38.916204081,-76.844770084,MSP,06,16,02,No,18,04,18:19,2025,Tuesday,12,Motor Vehicle In Transport,05,On Roadway,7,Perpendicular,101,State,LARGO RD,03,05,Intersection or Related,03,Dark - Lighted,1/21/2025,2025-01-21,W,0,F,N,,,E9194AE3C927536DA545932DAAE1443CDADEBB005DC60177EC6B86D5E6C8B008,CO,01,No,,,,,01,Dry,01,Signalized,,,,,,
Property Damage Crashes,MSP766500BT,Maryland State Police,Front to Rear,Prince George's,Interstate,No,No,No,No,No,CAPITAL BELTWAY,95,INTERSTATE ROUTE,No,True,No,4/28/2025,No,Point,38.957873185,-76.865244439,MSP,03,16,03,No,17,,17:01,2025,Monday,12,Motor Vehicle In Transport,05,On Roadway,1,,,,,,06,Non-Junction,01,Daylight,4/28/2025,2025-04-28,E,14.45,F,N,,,00AC06DC9AE4C7205BAD504781B66285F0151DA115746AFBD746DB2325C368A0,IS,01,No,12,Motor Vehicle In Transport,05,On Roadway,01,Dry,,,,,,,,
Fatal Crashes,MSP5121000P,Maryland State Police,Single Vehicle,Prince George's,Principal Arterial – Other,No,No,No,Yes,No,EAST WEST HWY (WB/L),410,MARYLAND ROUTE,Yes,True,No,2/28/2025,No,Point,38.969308639,-76.973697803,MSP,101,16,01,No,22,,22:15,2025,Friday,17,Pedestrian,07,"On Shoulder, Right Side",3,,,,,,06,Non-Junction,03,Dark - Lighted,2/28/2025,2025-02-28,S,16.68,F,N,,,E677BDB95AC7F3F3E8938A14D4A342D44FBE75A81E3AF4B46AA95F99AC468407,MD,01,No,07,Overturn/Rollover,09,Roadside,01,Dry,,,,,,,,
Property Damage Crashes,MSP7843003B,Maryland State Police,"Sideswipe, Same Direction",Prince George's,Interstate,No,Yes,No,No,No,JOHN HANSON HWY,595,INTERSTATE ROUTE,No,True,No,5/13/2025,No,Point,38.946143350,-76.848216509,MSP,07,16,03,No,16,,16:48,2025,Tuesday,12,Motor Vehicle In Transport,05,On Roadway,1,,,,,,06,Non-Junction,01,Daylight,5/13/2025,2025-05-13,E,28.19,F,N,,,F12264CB3E4042DF481C04F1D9C69280FD6B231A44BBA6F2B41D43AF9AECE3E1,IS,01,No,,,,,09,Wet,,,,,,,,
Property Damage Crashes,DA43780028,Prince George's County Police,Single Vehicle,Prince George's,Minor Arterial,No,No,No,No,No,CHERRY LA,7,COUNTY ROAD,No,True,No,1/3/2025,No,Point,39.086795735,-76.852092835,PGCOPD,101,16,03,No,19,,19:18,2025,Friday,07,Overturn/Rollover,05,On Roadway,4,,,,,,06,Non-Junction,04,Dark - Not Lighted,1/3/2025,2025-01-03,S,17.86,F,N,,,4B7D87E6551260173DA049DF1B7E84978D8F64B2AB52E17FFF7B72E6F262C288,CO,01,No,,,,,02,Ice/Frost,,,,,,,,
Injury Crashes,DA4265001C,Prince George's County Police,Angle,Prince George's,Minor Arterial,No,Yes,No,No,No,,210,MARYLAND ROUTE,No,True,No,2/13/2025,No,Point,38.821033081,-77.001230431,PGCOPD,01,16,02,No,12,,12:54,2025,Thursday,12,Motor Vehicle In Transport,05,On Roadway,4,,,,,,09,Through Roadway,01,Daylight,2/13/2025,2025-02-13,E,50.89,F,N,,,4BEBEB54B41663023912DC56B858DE73185937F9B38DE0D82091F59AA0A543D3,MD,01,No,12,Motor Vehicle In Transport,05,On Roadway,09,Wet,,,,,,,,
Property Damage Crashes,DA4396001Q,Prince George's County Police,Angle,Prince George's,Principal Arterial – Other,No,No,No,No,No,UNIVERSITY BLVD (WB/L),193,MARYLAND ROUTE,No,True,No,5/10/2025,No,Point,38.987414455,-76.984986853,PGCOPD,01,16,03,No,13,,13:30,2025,Saturday,12,Motor Vehicle In Transport,05,On Roadway,3,,,,,,06,Non-Junction,01,Daylight,5/10/2025,2025-05-10,S,36.95,F,N,,,4A2372FD5372553291B88D35DCB623C99AB343A85A910745C440664F9FFC7559,MD,01,No,,,,,01,Dry,,,,,,,,
Property Damage Crashes,CBPD00920046,Bowie Police Department,Other,Prince George's,,No,No,No,No,No,MITCHELLVILLE RD (SB/L),73,COUNTY ROAD,No,True,No,3/18/2025,No,Point,38.925866995,-76.733239847,BOWIE,98,16,03,No,17,,17:15,2025,Tuesday,12,Motor Vehicle In Transport,05,On Roadway,,,,,MOUNT OAK RD,,06,Non-Junction,01,Daylight,3/18/2025,2025-03-18,E,80.26,F,N,,,148A47B94147AF3B7E924528689E8520E1AA60CE3A89C903F15A8FE38E20DB74,CO,01,No,,,,,01,Dry,,,,,,,,
Property Damage Crashes,DA43590019,Prince George's County Police,Front to Rear,Prince George's,Major Collector,No,No,No,No,No,MUIRKIRK RD (NB/L),21,COUNTY ROAD,No,True,No,1/8/2025,No,Point,39.063390534,-76.888899963,PGCOPD,03,16,03,No,14,,14:40,2025,Wednesday,12,Motor Vehicle In Transport,05,On Roadway,5,,,,,,06,Non-Junction,01,Daylight,1/8/2025,2025-01-08,S,31.38,F,N,,,F1CDC572B41EB4D0C9A27FB3CA2A972C10A4B60CD3A513DFBBA305FE5F54645E,CO,01,No,,,,,07,Snow,,,,,,,,
Property Damage Crashes,DA4268007B,Prince George's County Police,Other,Prince George's,,No,No,No,No,Yes,,,,No,True,No,3/4/2025,No,Point,39.005624487,-76.971467495,PGCOPD,98,16,03,,2,,02:53,2025,Tuesday,15,Parked Vehicle,05,On Roadway,,,,,,,,,03,Dark - Lighted,3/4/2025,2025-03-04,,,F,N,102,Parking Lot Way,,,01,No,,,,,,,,,,,,,,
Property Damage Crashes,CE4587008D,Laurel Police Department,Angle,Prince George's,,No,No,No,No,Yes,,,,No,True,No,4/7/2025,No,Point,39.095846829,-76.853588233,LAUREL,01,16,03,,8,,08:35,2025,Monday,12,Motor Vehicle In Transport,02,In Parking Lane Or Zone,,,,,,,,,01,Daylight,4/7/2025,2025-04-07,,,F,N,102,Parking Lot Way,,,01,No,,,,,,,,,,,,,,
Property Damage Crashes,DA4294003R,Prince George's County Police,Front to Rear,Prince George's,Minor Arterial,No,No,No,No,No,LIVINGSTON RD,1203,COUNTY ROAD,No,True,No,5/17/2025,No,Point,38.815477390,-76.998776759,PGCOPD,03,16,03,No,15,,15:50,2025,Saturday,12,Motor Vehicle In Transport,05,On Roadway,4,,,,,,06,Non-Junction,01,Daylight,5/17/2025,2025-05-17,E,95.48,F,N,,,1DA076CA30EFF4489E1E6AB103386569FBD22FA3BDB7C47A2F83151E278FD608,CO,01,No,,,,,01,Dry,,,,,,,,
Property Damage Crashes,DA4426000H,Prince George's County Police,Other,Prince George's,Minor Arterial,No,No,No,No,No,SHERIFF RD,75,COUNTY ROAD,No,True,No,2/13/2025,No,Point,38.906000565,-76.908793516,PGCOPD,98,16,03,Yes,19,03,19:41,2025,Thursday,12,Motor Vehicle In Transport,05,On Roadway,4,Perpendicular,,,CLAYBRICK RD,03,05,Intersection or Related,03,Dark - Lighted,2/13/2025,2025-02-13,W,0,F,N,,,A36256779F434671E4C3B733EB1B31EBA0D67138273EFEA95C60F4A156471D82,CO,01,No,,,,,01,Dry,01,Signalized,,,,,,
Property Damage Crashes,DA4304006C,Prince George's County Police,Front to Front,Prince George's,Minor Arterial,No,No,No,No,No,POWDER MILL RD (SB/L),212,MARYLAND ROUTE,No,True,No,3/28/2025,No,Point,39.037508868,-76.948190121,PGCOPD,02,16,03,Unknown,22,,22:18,2025,Friday,12,Motor Vehicle In Transport,05,On Roadway,4,,,,CHERRY MILL DR,,99,Unknown,05,Dark - Unknown Lighting,3/28/2025,2025-03-28,S,26.22,F,N,,,CF1C80CE2960693ADB56E814273B4D05A406D0A2FDC4E705B223447C5F66B96C,MD,01,No,,,,,01,Dry,,,,,,,,
Injury Crashes,DA4374003L,Prince George's County Police,Angle,Prince George's,Major Collector,No,No,No,No,No,GOOD LUCK RD,42,COUNTY ROAD,No,True,No,3/27/2025,No,Point,38.994310159,-76.835026571,PGCOPD,01,16,02,No,8,,08:27,2025,Thursday,12,Motor Vehicle In Transport,05,On Roadway,5,,,,,,03,Driveway Access or Related,01,Daylight,3/27/2025,2025-03-27,W,16.61,F,N,,,7453FA2EA79655AC2A6422FBADE70897773A4CF6E09469E13344A96A8785659F,CO,01,No,,,,,01,Dry,,,,,,,,
Property Damage Crashes,DA4357002T,Prince George's County Police,Front to Rear,Prince George's,,Yes,No,No,No,No,,593,SPUR,No,True,No,2/14/2025,No,Point,38.785363034,-76.842604936,PGCOPD,03,16,03,No,17,,17:56,2025,Friday,12,Motor Vehicle In Transport,05,On Roadway,,,,,ROSARYVILLE RD,,06,Non-Junction,03,Dark - Lighted,2/14/2025,2025-02-14,E,0,F,N,,,F273ADE247753436255D15F52B508C0D50AD3F6B408371472C0DA7C1F4C6493B,SP,01,No,,,,,01,Dry,,,,,,,,
Property Damage Crashes,DA4306004Z,Prince George's County Police,"Sideswipe, Same Direction",Prince George's,Local,No,No,No,No,No,FEDEX WAY,5802,COUNTY ROAD,No,True,No,3/1/2025,No,Point,38.906639022,-76.865703893,PGCOPD,07,16,03,Yes,13,02,13:36,2025,Saturday,12,Motor Vehicle In Transport,05,On Roadway,7,Roundabout/Traffic Circle,,,,02,05,Intersection or Related,01,Daylight,3/1/2025,2025-03-01,S,0,F,N,,,29658BC2CEEF849D983A43DB4C50BCB5A6EE9A6A6B626B8969B6F9F6D3C1319D,CO,01,No,,,,,01,Dry,05,No Controls,,,,,,
Fatal Crashes,DA402200K1,Prince George's County Police,Single Vehicle,Prince George's,,Yes,No,No,No,No,ALLENTOWN RD (SB/L),126,COUNTY ROAD,Yes,True,No,1/3/2025,No,Point,38.790158798,-76.935875213,PGCOPD,101,16,01,No,13,,13:00,2025,Friday,27,Curb,09,Roadside,,,,,,,06,Non-Junction,01,Daylight,1/3/2025,2025-01-03,S,17.07,F,N,,,D885758D4C959B9E9CBAD2E6C8E218C2F2795EF2FF62443D92AC58C40598CC1C,CO,01,No,07,Overturn/Rollover,04,"Off-Roadway, Location Unknown",01,Dry,,,,,,,,
Property Damage Crashes,MSP617100P1,Maryland State Police,Front to Rear,Prince George's,Principal Arterial – Other,No,No,No,No,No,CRAIN HWY (SB/L),3,MARYLAND ROUTE,No,True,No,5/10/2025,No,Point,38.987218333,-76.707425,MSP,03,16,03,No,15,,15:06,2025,Saturday,12,Motor Vehicle In Transport,05,On Roadway,3,,,,,,06,Non-Junction,01,Daylight,5/10/2025,2025-05-10,N,24.89,F,N,,,D0A9F3984F6DE2891F3E25C251789B56C195380303958E95CBA4F3E93D813628,MD,01,No,,,,,01,Dry,,,,,,,,
Injury Crashes,DA387800CR,Prince George's County Police,Front to Front,Prince George's,,No,No,No,No,No,,125,BIKE ROUTE,No,True,No,4/4/2025,No,Point,38.962820333,-76.833009814,PGCOPD,02,16,02,No,6,04,06:57,2025,Friday,12,Motor Vehicle In Transport,05,On Roadway,,Perpendicular,,,FORBES BLVD,03,05,Intersection or Related,01,Daylight,4/4/2025,2025-04-04,S,0,F,N,,,43BF56F98636BA377C5A7AFE4AAA5BB2843BCC847B737D1862FC250C6D083254,BK,01,No,,,,,09,Wet,01,Signalized,,,,,,
Property Damage Crashes,DA4414000Y,Prince George's County Police,Front to Rear,Prince George's,Principal Arterial – Other,No,No,No,No,No,ST BARNABAS RD (WB/L),414,MARYLAND ROUTE,No,True,No,5/26/2025,No,Point,38.828741853,-76.943150259,PGCOPD,03,16,03,No,21,,21:05,2025,Monday,12,Motor Vehicle In Transport,05,On Roadway,3,,,,,,06,Non-Junction,04,Dark - Not Lighted,5/26/2025,2025-05-26,N,141.22,F,N,,,1F9259CFE979FFA3213E2F29A243CD2DBDA52963DAC624BFBBAD36DD5DAA66ED,MD,01,No,,,,,01,Dry,,,,,,,,
Property Damage Crashes,MSP7770006C,Maryland State Police,"Sideswipe, Same Direction",Prince George's,Interstate,No,No,No,No,No,RAMP 4 FR IS 95 NB TO MD 221A EB,95,RAMP,No,True,No,2/5/2025,No,Point,38.867919628,-76.841674586,MSP,07,16,03,No,9,,09:49,2025,Wednesday,12,Motor Vehicle In Transport,05,On Roadway,1,,,,,,04,Entrance/Exit Ramp or Related,01,Daylight,2/5/2025,2025-02-05,N,23.6,F,N,,,6637D69AA261B259FE5D8E2DADC9D8C389783C0D9ACE89F365EFFD038A93A149,RP,01,No,,,,,01,Dry,,,,,,,,
Property Damage Crashes,DA421200FH,Prince George's County Police,Front to Rear,Prince George's,Minor Arterial,No,Yes,No,No,No,ANNAPOLIS RD,450,MARYLAND ROUTE,No,True,No,2/7/2025,No,Point,38.947190713,-76.891148686,PGCOPD,03,16,03,No,14,,14:51,2025,Friday,12,Motor Vehicle In Transport,05,On Roadway,4,,,,,,09,Through Roadway,01,Daylight,2/7/2025,2025-02-07,W,55.37,F,N,,,9E036B6B11ED92AD1E806CC0ECBB11C8EB1C669FF826D7B38A62D615EAEE4509,MD,01,No,,,,,01,Dry,,,,,,,,
Property Damage Crashes,CNC31800017,New Carrollton Police Department,Front to Rear,Prince George's,Minor Arterial,Yes,No,No,No,No,ANNAPOLIS RD (WB/L),450,MARYLAND ROUTE,No,True,No,3/9/2025,No,Point,38.9487513,-76.8873298,NCPD,03,16,03,No,17,,17:53,2025,Sunday,12,Motor Vehicle In Transport,05,On Roadway,4,,,,,,09,Through Roadway,01,Daylight,3/9/2025,2025-03-09,N,49.48,F,N,,,73AC0735C89F2748C037D78F7DC7D90D435192B6486A8AEB6656302D074C0944,MD,01,No,,,,,01,Dry,,,,,,,,