Crash Severity Description,Reportnumber,Agencyname,CollisionImpact Description,Crash County Description,FunctionalClass Description,ImpairedCrash,Large Vehicle Involved,Motorcycle Crash,Non-Motorist Crash,OffRoad,RoadName,Route Number,RouteType Description,Unrestrained Occupants,WithinDateRange,Work Zone Related,Crashdate,Work Zone Crash,CrashPoint,Latitude,Longitude,AgencyCode,CollisionImpact,Crash County,Crash Severity,Crash Within Interchange,Crashhour,CrashInterchangeApproaches,Crashtime,CrashYear,Dayofweek,FirstHarmEvent,FirstHarmEvent Description,FirstHarmLocation,FirstHarmLocation Description,FunctionalClass,Geometry Description,GovPropertyDamage,GovPropertyDamage Description,IntersectingRoadName,Intersection Geometry,JunctionRelated,JunctionRelated Description,Light,Light Description,LOD Crash Date,LOD Date Level,MilepointDirection,MilepointDistance,MilepointUnits,NonTrafficFatal,OffroadLocation,OffroadLocation Description,RoadID,RouteType,SchoolBusRelated,SchoolBusRelated Description,SecondHarmEvent,SecondHarmEvent Description,SecondHarmLocation,SecondHarmLocation Description,Surface,Surface Description,TrafficControl,Trafficcontrol Description,WZLawEnforcementPresent,WZLocation,WZLocation Description,WZType,WZType Description,WZWorkersPresent
Property Damage Crashes,DA4421000M,Prince George's County Police,Angle,Prince George's,Principal Arterial – Other,No,No,No,No,No,OXON HILL RD,414,MARYLAND ROUTE,No,True,No,1/27/2025,No,Point,38.803914200,-76.985063052,PGCOPD,01,16,03,No,14,,14:46,2025,Monday,12,Motor Vehicle In Transport,05,On Roadway,3,,,,,,09,Through Roadway,01,Daylight,1/27/2025,2025-01-27,N,2.73,F,N,,,26D31860A07743D1C7255CC3D4ED63395515EB69D00A0837F8F2F4ADE715885C,MD,01,No,,,,,01,Dry,,,,,,,,
Property Damage Crashes,MSP745800P1,Maryland State Police,Front to Front,Prince George's,Minor Arterial,No,No,No,No,No,ARENA DR,202,MARYLAND ROUTE,No,True,No,1/30/2025,No,Point,38.906946667,-76.849751667,MSP,02,16,03,No,9,,09:11,2025,Thursday,12,Motor Vehicle In Transport,05,On Roadway,4,,,,,,01,Acceleration/Deceleration Lane,01,Daylight,1/30/2025,2025-01-30,N,24.75,F,N,,,EE7BEB111848DAEAED5DE3EFC159CEEB8B236A034A6D21A6A691B183468CFFC7,MD,01,No,,,,,01,Dry,,,,,,,,
Property Damage Crashes,HB05290005,Maryland-National Capital Park Police Prince George's County,"Sideswipe, Same Direction",Prince George's,Minor Arterial,No,Yes,No,No,No,LIVINGSTON RD,1203,COUNTY ROAD,No,True,No,4/24/2025,No,Point,38.804561205,-76.990345351,PGPARK,07,16,03,No,7,,07:20,2025,Thursday,12,Motor Vehicle In Transport,05,On Roadway,4,,,,,,06,Non-Junction,01,Daylight,4/24/2025,2025-04-24,N,22.79,F,N,,,6DE9BB0847D84C58165CD28AC6E075D809D84B74ED85D11E9E94AD8E70D35A65,CO,01,No,12,Motor Vehicle In Transport,05,On Roadway,01,Dry,,,,,,,,
Property Damage Crashes,MSP766500C1,Maryland State Police,"Sideswipe, Same Direction",Prince George's,Interstate,No,No,No,No,No,CAPITAL BELTWAY,95,INTERSTATE ROUTE,No,True,No,5/9/2025,No,Point,38.986689576,-76.881080039,MSP,07,16,03,No,23,,23:06,2025,Friday,12,Motor Vehicle In Transport,09,Roadside,1,,,,,,06,Non-Junction,04,Dark - Not Lighted,5/9/2025,2025-05-09,S,39.34,F,N,,,C49DD721B55BA4AEA8B13893E7835980C54BFEA3D3E68ABF0D5B16A989DF7AD9,IS,01,No,07,Overturn/Rollover,09,Roadside,01,Dry,,,,,,,,
Property Damage Crashes,DA3728009R,Prince George's County Police,"Sideswipe, Opposite Direction",Prince George's,Major Collector,No,No,No,No,No,BRANDYWINE RD,7253,COUNTY ROAD,No,True,No,4/1/2025,No,Point,38.700208008,-76.870430813,PGCOPD,06,16,03,No,15,,15:20,2025,Tuesday,12,Motor Vehicle In Transport,05,On Roadway,5,,,,,,06,Non-Junction,01,Daylight,4/1/2025,2025-04-01,N,12.64,F,N,,,5362ADCAD92B6A378A36140AEA399C8A5F95C36A30A8C0A736CC7087EF204204,CO,01,No,,,,,01,Dry,,,,,,,,
Injury Crashes,DA4394000T,Prince George's County Police,Angle,Prince George's,,No,No,No,No,No,,6701,COUNTY ROAD,No,True,No,2/25/2025,No,Point,39.034659053,-76.921016182,PGCOPD,01,16,02,Yes,14,04,14:50,2025,Tuesday,12,Motor Vehicle In Transport,05,On Roadway,,Angled/Skewed,,,MONTGOMERY RD,01,05,Intersection or Related,01,Daylight,2/25/2025,2025-02-25,N,0,F,N,,,5BB98B8C33DA5A03DDB6DFF1D7BF8A8D7610C40322400E20660253D568EDE93A,CO,01,No,,,,,01,Dry,02,Stop - All Way,,,,,,
Property Damage Crashes,DA4350002Q,Prince George's County Police,"Sideswipe, Same Direction",Prince George's,Minor Arterial,Yes,No,No,No,No,IVERSON ST,5466,COUNTY ROAD,No,True,No,1/26/2025,No,Point,38.836290722,-76.952621322,PGCOPD,07,16,03,No,22,,22:35,2025,Sunday,12,Motor Vehicle In Transport,05,On Roadway,4,,,,,,09,Through Roadway,03,Dark - Lighted,1/26/2025,2025-01-26,N,134.89,F,N,,,E698595EA22B69D513E1B16ED5726B65A6DF16F81A0B22A4570B805FF5B1887B,CO,01,No,,,,,01,Dry,,,,,,,,
Property Damage Crashes,AM0391001Z,Bladensburg Police Department,"Sideswipe, Same Direction",Prince George's,Principal Arterial – Other,No,No,No,No,No,KENILWORTH AVE (SB/L),201,MARYLAND ROUTE,No,True,No,3/31/2025,No,Point,38.937839926,-76.937368541,BLADENSBURG,07,16,03,No,14,,14:35,2025,Monday,12,Motor Vehicle In Transport,05,On Roadway,3,,,,,,09,Through Roadway,01,Daylight,3/31/2025,2025-03-31,N,7.17,F,N,,,95211EF4A4DD03D2EAF14C579C988F2FF2AB2417DB5C4818E5D960B5AF343F00,MD,01,No,,,,,01,Dry,,,,,,,,
Property Damage Crashes,CE4115003G,Laurel Police Department,Rear To Side,Prince George's,,No,No,No,No,Yes,,,,No,True,No,4/16/2025,No,Point,39.077200368,-76.867643155,LAUREL,05,16,03,,9,,09:45,2025,Wednesday,12,Motor Vehicle In Transport,02,In Parking Lane Or Zone,,,,,,,,,01,Daylight,4/16/2025,2025-04-16,,,F,N,100,Parking Stall,,,01,No,,,,,,,,,,,,,,
Injury Crashes,DA3641009S,Prince George's County Police,Angle,Prince George's,Local,No,No,No,No,No,CHAPMAN RD,1336,COUNTY ROAD,No,True,No,3/10/2025,No,Point,38.981610267,-76.969970548,PGCOPD,01,16,02,No,7,,07:57,2025,Monday,12,Motor Vehicle In Transport,05,On Roadway,7,,,,24TH AVE,,09,Through Roadway,01,Daylight,3/10/2025,2025-03-10,W,6.39,F,N,,,5841CC3CE196031A7D9C94FD66E74FBA22B9B055F75F088E5FCDBBB69FE5A54C,CO,01,No,,,,,01,Dry,,,,,,,,
Property Damage Crashes,DA44280009,Prince George's County Police,"Sideswipe, Opposite Direction",Prince George's,Minor Arterial,No,No,No,No,No,SHERIFF RD,75,COUNTY ROAD,No,True,No,1/23/2025,No,Point,38.906418447,-76.906483945,PGCOPD,06,16,03,No,8,,08:00,2025,Thursday,12,Motor Vehicle In Transport,05,On Roadway,4,,,,,,09,Through Roadway,01,Daylight,1/23/2025,2025-01-23,N,17.19,F,N,,,C02D3A45938694C83CCFB94D5A8CF73345DD0A858199D1F19B3944B67D1F4D1A,CO,01,No,,,,,01,Dry,,,,,,,,
Property Damage Crashes,DA3475001C,Prince George's County Police,"Sideswipe, Same Direction",Prince George's,,No,No,No,No,Yes,,,,No,True,No,1/14/2025,No,Point,38.890828218,-76.854246592,PGCOPD,07,16,03,,10,,10:15,2025,Tuesday,12,Motor Vehicle In Transport,08,Outside Road/Right-Of-Way,,,,,,,,,01,Daylight,1/14/2025,2025-01-14,,,F,N,102,Parking Lot Way,,,01,No,,,,,,,,,,,,,,
Injury Crashes,DA4382001X,Prince George's County Police,Unknown,Prince George's,Local,No,No,No,Yes,No,EDGEWICK AVE,598,OTHER PUBLIC ROAD,No,True,No,5/18/2025,No,Point,38.869934452,-76.929943101,PGCOPD,99,16,02,No,18,,18:35,2025,Sunday,97,Not Applicable,04,"Off-Roadway, Location Unknown",7,,,,,,06,Non-Junction,01,Daylight,5/18/2025,2025-05-18,S,16.54,F,N,,,00893413CF6E519B977FD051C460297A81EE2A56E24A0FAD180082307E647F30,OP,01,No,,,,,01,Dry,,,,,,,,
Property Damage Crashes,DA3476004T,Prince George's County Police,Single Vehicle,Prince George's,Local,No,No,No,No,No,LIMESTONE PL,730,MUNICIPAL ROAD,No,True,No,3/28/2025,No,Point,39.008978337,-76.953648583,PGCOPD,101,16,03,No,15,,15:34,2025,Friday,35,"Other Fixed Object (wall, building, tunnel, etc.)",05,On Roadway,7,,,,,,09,Through Roadway,01,Daylight,3/28/2025,2025-03-28,S,11.55,F,N,,,D0C771823CF7DFA9C05224E9BD69B266BB4603F1F6F423CE8733ED28143BA881,MU,01,No,,,,,01,Dry,,,,,,,,
Property Damage Crashes,MSP7657007H,Maryland State Police,"Sideswipe, Same Direction",Prince George's,Principal Arterial – Other,No,No,No,No,No,CRAIN HWY (SB/L),301,UNITED STATE ROUTE,No,True,No,3/13/2025,No,Point,38.811101315,-76.739595156,MSP,07,16,03,No,9,,09:58,2025,Thursday,12,Motor Vehicle In Transport,05,On Roadway,3,,,,,,06,Non-Junction,01,Daylight,3/13/2025,2025-03-13,N,22.47,F,N,,,D4881EB53EDBBF7C8D5CF92ABFE4F6C8624977A0EA54A1AC0CC20DE35DF38834,US,01,No,,,,,09,Wet,,,,,,,,
Property Damage Crashes,DA3223004S,Prince George's County Police,Angle,Prince George's,Minor Arterial,No,No,No,No,No,BEALLE HILL RD,626,COUNTY ROAD,No,True,No,6/2/2025,No,Point,38.669766337,-76.992344560,PGCOPD,01,16,03,No,9,,09:10,2025,Monday,12,Motor Vehicle In Transport,05,On Roadway,4,,,,,,09,Through Roadway,01,Daylight,6/2/2025,2025-06-02,S,13.46,F,N,,,C50C32942AF91A915D9C26BC5FEED7C1B9C0C0E0C26C3D5EFEAB4194AF0BB831,CO,01,No,,,,,01,Dry,,,,,,,,
Injury Crashes,DS0290000S,University of Maryland Police College Park,Single Vehicle,Prince George's,,No,No,No,Yes,No,INDUSTRIAL LN,2353,LOCAL ROAD,No,True,No,1/28/2025,No,Point,38.990955569,-76.939501916,UMCP,101,16,02,No,13,,13:20,2025,Tuesday,14,Other Non-Motorist,05,On Roadway,,,,,,,06,Non-Junction,01,Daylight,1/28/2025,2025-01-28,E,20.67,F,N,,,F417947BC3F22FE1D7E280C2BF20C896DF89AFA7FD9D0D52018AB498585E0BE5,LL,01,No,,,,,01,Dry,,,,,,,,
Property Damage Crashes,DS0503000R,University of Maryland Police College Park,Single Vehicle,Prince George's,Local,No,No,No,No,No,PAINT BRANCH DR,95,STATE ROAD,No,True,No,2/6/2025,No,Point,38.996977069,-76.939256586,UMCP,101,16,03,No,23,,23:00,2025,Thursday,09,Animal (live),05,On Roadway,7,,101,State,,,09,Through Roadway,03,Dark - Lighted,2/6/2025,2025-02-06,W,21.27,F,N,,,F12D7BAC83E80AE2192859F75B46613D9FFE9C5BA66C5D5EA34100E5D8A03AD7,SR,01,No,,,,,01,Dry,,,,,,,,
Fatal Crashes,MSP635700VY,Maryland State Police,Single Vehicle,Prince George's,Interstate,No,No,No,Yes,No,CAPITAL BELTWAY (SB/L),95,INTERSTATE ROUTE,No,True,No,5/5/2025,No,Point,39.018453124,-76.916566718,MSP,101,16,01,Yes,3,,03:21,2025,Monday,17,Pedestrian,05,On Roadway,1,,,,,,09,Through Roadway,03,Dark - Lighted,5/5/2025,2025-05-05,S,46.75,F,N,,,6C31E563FDEBF9C2FBDAF2BF52F0FCA82A7299773B828711EB43055F334E29C0,IS,01,No,,,,,01,Dry,,,,,,,,
Property Damage Crashes,MSP697200G2,Maryland State Police,Single Vehicle,Prince George's,Principal Arterial – Other Freeways and Expressways,No,No,No,No,No,JOHN HANSON HWY (WB/L),50,UNITED STATE ROUTE,No,True,No,3/14/2025,No,Point,38.943786352,-76.878865802,MSP,101,16,03,No,4,,04:27,2025,Friday,09,Animal (live),05,On Roadway,2,,,,,,06,Non-Junction,04,Dark - Not Lighted,3/14/2025,2025-03-14,N,31.97,F,N,,,FD5F60E3426BCFA268097FC2C1302E414FDBFA345792FFAA2D9D98C74168387E,US,01,No,,,,,01,Dry,,,,,,,,
Property Damage Crashes,DA4308004P,Prince George's County Police,Angle,Prince George's,Major Collector,No,No,No,No,No,BRINKLEY RD,122,COUNTY ROAD,No,True,No,5/18/2025,No,Point,38.803313651,-76.950614316,PGCOPD,01,16,03,No,19,,19:31,2025,Sunday,12,Motor Vehicle In Transport,05,On Roadway,5,,,,,,06,Non-Junction,01,Daylight,5/18/2025,2025-05-18,E,7.15,F,N,,,FE19CA67B781BAEAEBFF04553A159AF00F84E3976092A920EED6DD807E8EDD4C,CO,01,No,,,,,01,Dry,,,,,,,,
Property Damage Crashes,DA409900FF,Prince George's County Police,Front to Rear,Prince George's,Principal Arterial – Other,No,No,No,No,No,NEW HAMPSHIRE AVE (SB/L),650,MARYLAND ROUTE,No,True,No,5/11/2025,No,Point,38.965736165,-77.002398127,PGCOPD,03,16,03,No,15,,15:57,2025,Sunday,12,Motor Vehicle In Transport,05,On Roadway,3,,,,EASTERN AVE,,09,Through Roadway,01,Daylight,5/11/2025,2025-05-11,S,26.01,F,N,,,6ED44DF2F96F9236DDD66B5954AA719237F221DDA13235868957303E4E7F6DBD,MD,01,No,,,,,01,Dry,,,,,,,,
Property Damage Crashes,MSP7875002H,Maryland State Police,"Sideswipe, Same Direction",Prince George's,Principal Arterial – Other,No,No,No,No,No,CRAIN HWY,301,UNITED STATE ROUTE,No,True,No,3/15/2025,No,Point,38.839626667,-76.728213333,MSP,07,16,03,No,17,,17:27,2025,Saturday,12,Motor Vehicle In Transport,05,On Roadway,3,,,,,,06,Non-Junction,01,Daylight,3/15/2025,2025-03-15,N,45.52,F,N,,,F5D542FE0CA04150B1BF6B30799573CF5AEE6502EBE00DFBA7FD5F07B8D428F3,US,01,No,,,,,01,Dry,,,,,,,,
Property Damage Crashes,DA3988009T,Prince George's County Police,Front to Rear,Prince George's,Local,No,No,No,No,No,LA DOVA WAY,2245,COUNTY ROAD,No,True,No,1/11/2025,No,Point,38.938980756,-76.842734710,PGCOPD,03,16,03,No,4,,04:05,2025,Saturday,15,Parked Vehicle,05,On Roadway,7,,,,,,06,Non-Junction,03,Dark - Lighted,1/11/2025,2025-01-11,N,19.1,F,N,,,AB6E2F5C1A8C70C9411C80645A67F706C47C15F0953A3DF5AEDBF11C37012968,CO,01,No,15,Parked Vehicle,05,On Roadway,07,Snow,,,,,,,,
Property Damage Crashes,CBPD0122001D,Bowie Police Department,Front to Rear,Prince George's,Minor Arterial,No,No,No,No,No,,197,MARYLAND ROUTE,No,True,No,3/31/2025,No,Point,38.957092563,-76.746214662,BOWIE,03,16,03,No,13,,13:32,2025,Monday,12,Motor Vehicle In Transport,05,On Roadway,4,,,,,,06,Non-Junction,01,Daylight,3/31/2025,2025-03-31,E,20.91,F,N,,,043BEB40AA2B0CA77E590409D92650000441DE7C00F9B86AE2C509AF927CD2C8,MD,01,No,,,,,01,Dry,,,,,,,,
Injury Crashes,DA3707004G,Prince George's County Police,"Sideswipe, Opposite Direction",Prince George's,,No,No,No,No,Yes,,,,No,True,No,1/31/2025,No,Point,38.950137583,-76.836014473,PGCOPD,06,16,02,,9,,09:02,2025,Friday,12,Motor Vehicle In Transport,02,In Parking Lane Or Zone,,,,,,,,,01,Daylight,1/31/2025,2025-01-31,,,F,N,102,Parking Lot Way,,,01,No,,,,,,,,,,,,,,
Property Damage Crashes,DM85140021,Takoma Park Police Department,"Sideswipe, Same Direction",Prince George's,,No,No,No,No,No,NEW HAMPSHIRE AVE (SB/L),650,MARYLAND ROUTE,No,True,Yes,5/6/2025,Yes,Point,38.988962952,-76.987843426,TAKOMA,07,16,03,Yes,21,04,21:20,2025,Tuesday,12,Motor Vehicle In Transport,05,On Roadway,,Perpendicular,,,NEW HAMPSHIRE AVE (SB/L) UNIVERSITY BLVD,03,05,Intersection or Related,03,Dark - Lighted,5/6/2025,2025-05-06,S,0,F,N,,,9589658F141EE60456CC9A51D7F7690866A3893FE7A3C8C16BF82C2D77C7A838,MD,01,No,12,Motor Vehicle In Transport,05,On Roadway,03,"Mud, Dirt, Gravel",01,Signalized,N,02,Advance Warning Area,05,Other Type of Work Zone,Unknown
Property Damage Crashes,DS0449001K,University of Maryland Police College Park,"Sideswipe, Same Direction",Prince George's,Local,No,No,No,No,No,YALE AVE,1260,MUNICIPAL ROAD,No,True,No,2/24/2025,No,Point,38.980348591,-76.936849452,UMCP,07,16,03,No,17,,17:00,2025,Monday,12,Motor Vehicle In Transport,05,On Roadway,7,,,,,,03,Driveway Access or Related,01,Daylight,2/24/2025,2025-02-24,N,47.58,F,N,,,31A57FE3D6F5E6F30143A1908D72E3DE74ABAD2616E80FFC7575DF5C78423C38,MU,01,No,12,Motor Vehicle In Transport,05,On Roadway,01,Dry,,,,,,,,
Property Damage Crashes,MSP585801GL,Maryland State Police,Front to Rear,Prince George's,Interstate,No,No,No,No,No,ANACOSTIA FREEWAY (SB/L),295,INTERSTATE ROUTE,No,True,No,3/29/2025,No,Point,38.797554905,-77.018572948,MSP,03,16,03,No,17,,17:33,2025,Saturday,12,Motor Vehicle In Transport,05,On Roadway,1,,,,,,09,Through Roadway,01,Daylight,3/29/2025,2025-03-29,E,18.47,F,N,,,DD38B72C51548B3F7E5711ED18C270B4573CFB5EA8DE1E9991B956F0B3EC67C1,IS,01,No,12,Motor Vehicle In Transport,05,On Roadway,01,Dry,,,,,,,,
Property Damage Crashes,DA43550033,Prince George's County Police,Front to Rear,Prince George's,Principal Arterial – Other,No,No,No,No,No,CENTRAL AVE,214,MARYLAND ROUTE,No,True,No,5/16/2025,No,Point,38.899985459,-76.792930580,PGCOPD,03,16,03,Yes,14,,14:18,2025,Friday,12,Motor Vehicle In Transport,05,On Roadway,3,,,,,,09,Through Roadway,01,Daylight,5/16/2025,2025-05-16,E,87.79,F,N,,,FC8E6B5D5AEE015B06F30C03DFBC869506D11B0A85D6B479FDE7EA31B5EA9E9A,MD,01,No,,,,,09,Wet,,,,,,,,
Property Damage Crashes,RD01270073,Riverdale Park Police Department,Front to Rear,Prince George's,Principal Arterial – Other,No,No,No,No,No,KENILWORTH AVE,201,MARYLAND ROUTE,No,True,No,4/8/2025,No,Point,38.969578045,-76.916737026,RIVERDALE,03,16,03,No,11,,11:41,2025,Tuesday,12,Motor Vehicle In Transport,05,On Roadway,3,,,,,,09,Through Roadway,01,Daylight,4/8/2025,2025-04-08,W,7.39,F,N,,,AF14391A8008C6D1241C46AF264D548F12C1B717959C695DDEAF74826EF65FA5,MD,01,No,,,,,01,Dry,,,,,,,,
Injury Crashes,DA3223004J,Prince George's County Police,Front to Rear,Prince George's,Local,No,No,No,No,No,ARAGONA BLVD,5635,COUNTY ROAD,No,True,No,4/12/2025,No,Point,38.735079606,-76.975854339,PGCOPD,03,16,02,No,14,,14:33,2025,Saturday,12,Motor Vehicle In Transport,05,On Roadway,7,,,,OLD FORT RD,,09,Through Roadway,01,Daylight,4/12/2025,2025-04-12,S,9.91,F,N,,,58A7E74DA629D1E075A17A38F055CF4FD1283B93399705B1B327D9154370BE82,CO,01,No,,,,,01,Dry,,,,,,,,
Property Damage Crashes,RD0135000J,Riverdale Park Police Department,Other,Prince George's,Principal Arterial – Other,No,No,No,No,No,BALTIMORE AVE,1,UNITED STATE ROUTE,No,True,No,5/12/2025,No,Point,38.962331579,-76.939408383,RIVERDALE,98,16,03,No,17,,17:01,2025,Monday,12,Motor Vehicle In Transport,05,On Roadway,3,,,,,,09,Through Roadway,01,Daylight,5/12/2025,2025-05-12,S,1.71,F,N,,,16A19695FE7C999666A8C3707734CFC2A6861A99130B30CFF37A492296C029E7,US,01,No,,,,,09,Wet,,,,,,,,
Property Damage Crashes,DA362200C1,Prince George's County Police,"Sideswipe, Opposite Direction",Prince George's,,No,No,No,No,No,,131,COUNTY ROAD,No,True,No,1/19/2025,No,Point,38.758137510,-76.813167550,PGCOPD,06,16,03,No,22,,22:33,2025,Sunday,12,Motor Vehicle In Transport,05,On Roadway,,,,,SUDAN PL,,09,Through Roadway,03,Dark - Lighted,1/19/2025,2025-01-19,N,21.62,F,N,,,C8069EAF3533FC92242B10517C9C9AC278179968BDB449B321BD6859D71CB107,CO,01,No,,,,,09,Wet,,,,,,,,
Property Damage Crashes,DA4313003D,Prince George's County Police,Front to Rear,Prince George's,Minor Arterial,No,No,No,No,No,,637,MARYLAND ROUTE,No,True,No,3/24/2025,No,Point,38.848729419,-76.954590557,PGCOPD,03,16,03,No,8,,08:38,2025,Monday,12,Motor Vehicle In Transport,05,On Roadway,4,,,,,,09,Through Roadway,01,Daylight,3/24/2025,2025-03-24,W,26.59,F,N,,,78ED4CB5449EDCBB09987DF9A7E97CC901B6313DCC66EC178941154C1F7B783C,MD,01,No,,,,,09,Wet,,,,,,,,
Property Damage Crashes,DA3476004M,Prince George's County Police,Front to Rear,Prince George's,,No,No,No,No,No,CHERRY HILL RD (EB/L),14,COUNTY ROAD,No,True,No,1/31/2025,No,Point,39.013700564,-76.928033026,PGCOPD,03,16,03,No,8,,08:50,2025,Friday,12,Motor Vehicle In Transport,05,On Roadway,,,,,,,09,Through Roadway,01,Daylight,1/31/2025,2025-01-31,N,248.84,F,N,,,6BF5AAD7BE4C43114986F4E67A304D3AA7D222027F3B216D765FD0273C9ECC72,CO,01,No,,,,,09,Wet,,,,,,,,
Property Damage Crashes,DA3133003C,Prince George's County Police,"Sideswipe, Same Direction",Prince George's,Principal Arterial – Other,No,No,No,No,No,ANNAPOLIS RD (WB/L),450,MARYLAND ROUTE,No,True,No,3/4/2025,No,Point,38.964472728,-76.793668999,PGCOPD,07,16,03,No,10,,10:59,2025,Tuesday,12,Motor Vehicle In Transport,05,On Roadway,3,,,,,,06,Non-Junction,01,Daylight,3/4/2025,2025-03-04,S,24.59,F,N,,,B052ABCA019DD8FDE0BDE79D8E6084ECE75DCC807CD790A068CFF59047CD3999,MD,01,No,27,Curb,03,Median,01,Dry,,,,,,,,
Property Damage Crashes,HB04200009,Maryland-National Capital Park Police Prince George's County,Single Vehicle,Prince George's,Major Collector,No,No,No,No,No,CROOM RD,382,MARYLAND ROUTE,No,True,No,3/13/2025,No,Point,38.644621,-76.716313,PGPARK,101,16,03,No,5,,05:56,2025,Thursday,09,Animal (live),05,On Roadway,5,,,,,,09,Through Roadway,04,Dark - Not Lighted,3/13/2025,2025-03-13,N,37.85,F,N,,,4F02F1A769B342F00A1C3AE0CFED0ADAAF942A000B8C5DE16725FE4EAF795ABB,MD,01,No,,,,,09,Wet,,,,,,,,
Property Damage Crashes,GK0036000H,Upper Marlboro Police Department,Single Vehicle,Prince George's,Local,No,No,No,No,No,GOV ODEN BOWIE DR,4028,COUNTY ROAD,No,True,No,5/5/2025,No,Point,38.818231674,-76.751621740,UMARLBORO,101,16,03,No,11,,11:16,2025,Monday,27,Curb,09,Roadside,7,,,,,,09,Through Roadway,01,Daylight,5/5/2025,2025-05-05,S,71.68,F,N,,,72A3A7B557249B6830403C5AFEE41C430908DA6382451E77499E586B951D34B2,CO,01,No,40,Tree (standing),04,"Off-Roadway, Location Unknown",09,Wet,,,,,,,,
Injury Crashes,AM03940008,Bladensburg Police Department,Front to Rear,Prince George's,Minor Arterial,No,No,No,No,No,ANNAPOLIS RD (WB/L),450,MARYLAND ROUTE,No,True,No,1/14/2025,No,Point,38.939585070,-76.916982870,BLADENSBURG,03,16,02,No,8,,08:00,2025,Tuesday,12,Motor Vehicle In Transport,05,On Roadway,4,,,,,,09,Through Roadway,01,Daylight,1/14/2025,2025-01-14,E,14.97,F,N,,,FE3F0935CAA4912D93CD80FCC3C6DA3C69BE11A596B295171821A904ACDC6E83,MD,01,No,,,,,01,Dry,,,,,,,,
Property Damage Crashes,MSP78650015,Maryland State Police,Front to Rear,Prince George's,Interstate,No,No,No,No,No,CAPITAL BELTWAY (SB/L),95,INTERSTATE ROUTE,No,True,No,1/29/2025,No,Point,39.014330233,-76.90791255,MSP,03,16,03,No,8,,08:56,2025,Wednesday,12,Motor Vehicle In Transport,05,On Roadway,1,,,,,,06,Non-Junction,01,Daylight,1/29/2025,2025-01-29,N,33.51,F,N,,,4B054B3488E97131C7ECA2A142B2950F348D0236F6FE1BF199D3206168DC3801,IS,01,No,,,,,01,Dry,,,,,,,,
Property Damage Crashes,DA44020017,Prince George's County Police,Angle,Prince George's,,No,No,No,No,No,,4461,COUNTY ROAD,No,True,No,5/21/2025,No,Point,38.835111001,-76.861653741,PGCOPD,01,16,03,No,16,,16:29,2025,Wednesday,12,Motor Vehicle In Transport,05,On Roadway,,,,,,,09,Through Roadway,01,Daylight,5/21/2025,2025-05-21,N,15.72,F,N,,,9CE12286BD851FD7AC2B3F7AF20C1B3FEF59E7421384837F2D94D15B3131B143,CO,01,No,,,,,09,Wet,,,,,,,,
Property Damage Crashes,DA4052002C,Prince George's County Police,Single Vehicle,Prince George's,,No,No,No,No,No,,366,COUNTY ROAD,No,True,No,5/21/2025,No,Point,38.875588730,-76.895470095,PGCOPD,101,16,03,No,19,,19:31,2025,Wednesday,29,Embankment,01,Gore,,,,,,,06,Non-Junction,01,Daylight,5/21/2025,2025-05-21,N,48.65,F,N,,,D17D693D2C8CC8A6D2F703D0C1D44DCABB7F5C406E3463C206A5B5E3B5A3E8A8,CO,01,No,,,,,09,Wet,,,,,,,,
Injury Crashes,CBPD0116003T,Bowie Police Department,Single Vehicle,Prince George's,,No,No,No,Yes,Yes,,,,No,True,No,2/6/2025,No,Point,38.936037825,-76.720043690,BOWIE,101,16,02,,9,,09:35,2025,Thursday,17,Pedestrian,02,In Parking Lane Or Zone,,,,,,,,,01,Daylight,2/6/2025,2025-02-06,,,F,N,102,Parking Lot Way,,,01,No,,,,,,,,,,,,,,
Property Damage Crashes,DA24510007,Prince George's County Police,Angle,Prince George's,Local,No,No,No,No,No,BELL STATION RD,58,COUNTY ROAD,No,True,No,4/30/2025,No,Point,38.966758207,-76.796774163,PGCOPD,01,16,03,Yes,16,,16:05,2025,Wednesday,12,Motor Vehicle In Transport,05,On Roadway,7,,,,GLENN DALE BLVD (WB/L),,02,Crossover-Related,01,Daylight,4/30/2025,2025-04-30,S,26.35,F,N,,,F44E3BE27D89AAE509F6A969172E90D8CB5853923D62C455FD433BB25330A33E,CO,01,No,97,Not Applicable,,,01,Dry,,,,,,,,
Property Damage Crashes,MSP77650069,Maryland State Police,Front to Rear,Prince George's,Interstate,No,No,No,No,No,CAPITAL BELTWAY (SB/L),95,INTERSTATE ROUTE,No,True,No,2/13/2025,No,Point,38.850554833,-76.860112333,MSP,03,16,03,No,18,,18:53,2025,Thursday,12,Motor Vehicle In Transport,05,On Roadway,1,,,,,,09,Through Roadway,04,Dark - Not Lighted,2/13/2025,2025-02-13,E,46.05,F,N,,,9DAE7D243929789EFBACA73C18F06F7E386349B5844248F76925869F4B77AD93,IS,01,No,,,,,01,Dry,,,,,,,,
Property Damage Crashes,CC03020016,Hyattsville Police Department,"Sideswipe, Same Direction",Prince George's,Local,No,No,No,No,No,GALLATIN ST #1,131,MUNICIPAL ROAD,No,True,No,4/26/2025,No,Point,38.952344087,-76.946850001,HYATTSVILLE,07,16,03,No,20,,20:10,2025,Saturday,12,Motor Vehicle In Transport,05,On Roadway,7,,,,,,06,Non-Junction,01,Daylight,4/26/2025,2025-04-26,W,11.86,F,N,,,B4CEB9053C0A7C1BBBDFA897D46A78A925FD448853F6042F4D273FAC75DD0881,MU,01,No,,,,,01,Dry,,,,,,,,