Crash Severity Description,Reportnumber,Agencyname,CollisionImpact Description,Crash County Description,FunctionalClass Description,ImpairedCrash,Large Vehicle Involved,Motorcycle Crash,Non-Motorist Crash,OffRoad,RoadName,Route Number,RouteType Description,Unrestrained Occupants,WithinDateRange,Work Zone Related,Crashdate,Work Zone Crash,CrashPoint,Latitude,Longitude,AgencyCode,CollisionImpact,Crash County,Crash Severity,Crash Within Interchange,Crashhour,CrashInterchangeApproaches,Crashtime,CrashYear,Dayofweek,FirstHarmEvent,FirstHarmEvent Description,FirstHarmLocation,FirstHarmLocation Description,FunctionalClass,Geometry Description,GovPropertyDamage,GovPropertyDamage Description,IntersectingRoadName,Intersection Geometry,JunctionRelated,JunctionRelated Description,Light,Light Description,LOD Crash Date,LOD Date Level,MilepointDirection,MilepointDistance,MilepointUnits,NonTrafficFatal,OffroadLocation,OffroadLocation Description,RoadID,RouteType,SchoolBusRelated,SchoolBusRelated Description,SecondHarmEvent,SecondHarmEvent Description,SecondHarmLocation,SecondHarmLocation Description,Surface,Surface Description,TrafficControl,Trafficcontrol Description,WZLawEnforcementPresent,WZLocation,WZLocation Description,WZType,WZType Description,WZWorkersPresent
Injury Crashes,DA4405001M,Prince George's County Police,"Sideswipe, Same Direction",Prince George's,Local,No,No,No,No,No,FLAGSTAFF ST,3727,COUNTY ROAD,No,True,No,5/25/2025,No,Point,38.919713017,-76.881643758,PGCOPD,07,16,02,No,3,,03:50,2025,Sunday,12,Motor Vehicle In Transport,07,"On Shoulder, Right Side",7,,,,,,06,Non-Junction,03,Dark - Lighted,5/25/2025,2025-05-25,W,16.3,F,N,,,2BEC7D1ACAC7F329BDF9D26E333C10CCA0924B0D5B834D89C83764723CEF1A6E,CO,01,No,,,,,01,Dry,,,,,,,,
Property Damage Crashes,MSP657700DN,Maryland State Police,Single Vehicle,Prince George's,Interstate,Yes,No,No,No,No,RAMP 7 FR MD 212 WB TO IS 95 SB,95,RAMP,No,True,No,1/6/2025,No,Point,39.051153271,-76.930841881,MSP,101,16,03,Yes,2,,02:53,2025,Monday,32,Guardrail Face,07,"On Shoulder, Right Side",1,,101,State,,,04,Entrance/Exit Ramp or Related,03,Dark - Lighted,1/6/2025,2025-01-06,N,27.63,F,N,,,5EA75A0C0CE64451582044DE124EDF8A7FC84032498555AFDC9341C713B7286D,RP,01,No,97,Not Applicable,,,07,Snow,,,,,,,,
Property Damage Crashes,MSP653400WG,Maryland State Police,Other,Prince George's,,No,No,No,No,No,,5,MARYLAND ROUTE,No,True,No,1/10/2025,No,Point,38.664079464,-76.874552953,MSP,98,16,03,No,12,,12:01,2025,Friday,12,Motor Vehicle In Transport,05,On Roadway,,,,,,,09,Through Roadway,01,Daylight,1/10/2025,2025-01-10,E,7.77,F,N,,,ACAEC50BB63B9968E427654B51D13FD1D3238C9902151A591A0E58FCDACB9D46,MD,01,No,12,Motor Vehicle In Transport,05,On Roadway,01,Dry,,,,,,,,
Property Damage Crashes,DA4195006S,Prince George's County Police,Unknown,Prince George's,Minor Arterial,No,No,No,No,No,COVENTRY WAY (EB/L),5,MARYLAND ROUTE,No,True,No,4/13/2025,No,Point,38.782415480,-76.895022126,PGCOPD,99,16,03,No,10,,10:33,2025,Sunday,12,Motor Vehicle In Transport,05,On Roadway,4,,,,,,99,Unknown,01,Daylight,4/13/2025,2025-04-13,N,53.11,F,N,,,7B30331FA17388CAD4C5B724AB7641A12E87D6F5ECEA5CD2A471E967F3D54DCD,MD,01,No,,,,,01,Dry,,,,,,,,
Injury Crashes,CC0300000L,Hyattsville Police Department,Single Vehicle,Prince George's,Major Collector,No,No,No,No,No,BELCREST RD,5678,COUNTY ROAD,No,True,No,2/6/2025,No,Point,38.964839053,-76.953657481,HYATTSVILLE,101,16,02,No,14,,14:37,2025,Thursday,40,Tree (standing),03,Median,5,,,,,,06,Non-Junction,01,Daylight,2/6/2025,2025-02-06,N,49.91,F,N,,,458A7C17045B1014EE83504DB4D73F5E8CD3153DFC0EA39F79B76F34F154B98C,CO,01,No,,,,,09,Wet,,,,,,,,
Property Damage Crashes,DA33400020,Prince George's County Police,"Sideswipe, Same Direction",Prince George's,Minor Arterial,No,No,No,No,No,INDIAN HEAD HWY,210,MARYLAND ROUTE,No,True,No,1/1/2025,No,Point,38.818659681,-76.999588259,PGCOPD,07,16,03,No,6,,06:28,2025,Wednesday,12,Motor Vehicle In Transport,05,On Roadway,4,,,,,,09,Through Roadway,04,Dark - Not Lighted,1/1/2025,2025-01-01,E,6.36,F,N,,,39579DBD0CBDA04203BA315D1B1E8036023589BFB9D3FE01B5479D299D75F039,MD,01,No,12,Motor Vehicle In Transport,05,On Roadway,01,Dry,,,,,,,,
Injury Crashes,DA43400040,Prince George's County Police,Single Vehicle,Prince George's,Local,No,No,No,No,No,DUBARRY AVE,911,COUNTY ROAD,No,True,No,1/27/2025,No,Point,38.9705585,-76.8420713,PGCOPD,101,16,02,No,21,,21:00,2025,Monday,40,Tree (standing),99,Unknown,7,,,,,,06,Non-Junction,04,Dark - Not Lighted,1/27/2025,2025-01-27,N,29.73,F,N,,,1EE6C20EC42C229BF9CDAB86597AEA238A00302722B2F5659758D313C2921CBD,CO,01,No,,,,,01,Dry,,,,,,,,
Property Damage Crashes,MSP745800RR,Maryland State Police,"Sideswipe, Same Direction",Prince George's,Principal Arterial – Other Freeways and Expressways,No,No,No,No,No,BRANCH AVE,5,MARYLAND ROUTE,No,True,No,4/7/2025,No,Point,38.712955,-76.877886667,MSP,07,16,03,No,1,,01:53,2025,Monday,12,Motor Vehicle In Transport,05,On Roadway,2,,,,,,01,Acceleration/Deceleration Lane,03,Dark - Lighted,4/7/2025,2025-04-07,E,24.49,F,N,,,52F203D9E9FC87E3FA958ED3D6B45F1B49375C0073ED6B32B0A8C56947C6465D,MD,01,No,,,,,01,Dry,,,,,,,,
Property Damage Crashes,DA4374003Q,Prince George's County Police,"Sideswipe, Same Direction",Prince George's,Local,No,No,No,No,No,4TH ST,44,COUNTY ROAD,No,True,No,4/6/2025,No,Point,38.972528215,-76.848603648,PGCOPD,07,16,03,No,11,,11:36,2025,Sunday,12,Motor Vehicle In Transport,05,On Roadway,7,,,,,,09,Through Roadway,01,Daylight,4/6/2025,2025-04-06,W,19.45,F,N,,,99D925967EE8E00C9B93484A26425FB9AAB8B8CCA45C7189CE2CC0D7437AEF01,CO,01,No,,,,,01,Dry,,,,,,,,
Property Damage Crashes,DA4396001L,Prince George's County Police,Front to Rear,Prince George's,Minor Arterial,No,No,No,No,No,RIGGS RD,212,MARYLAND ROUTE,No,True,No,4/27/2025,No,Point,39.016665837,-76.964473120,PGCOPD,03,16,03,No,14,,14:20,2025,Sunday,12,Motor Vehicle In Transport,05,On Roadway,4,,,,,,06,Non-Junction,01,Daylight,4/27/2025,2025-04-27,S,18.23,F,N,,,556589392D2FA6E220968F22C9710AACCEB2F3AF4EFFB236FE73D751847899FB,MD,01,No,,,,,01,Dry,,,,,,,,
Injury Crashes,DA418800G3,Prince George's County Police,Front to Rear,Prince George's,Principal Arterial – Other Freeways and Expressways,No,No,No,No,No,RAMP 2 FR MD 201 WB TO MD 295 NB,295,RAMP,No,True,No,4/14/2025,No,Point,38.918604330,-76.932210201,PGCOPD,03,16,02,No,21,,21:20,2025,Monday,12,Motor Vehicle In Transport,05,On Roadway,2,,,,JOHN HANSON HWY,,06,Non-Junction,03,Dark - Lighted,4/14/2025,2025-04-14,N,30.18,F,N,,,33FE1E99C5071F434CD46C747B502637624CE741343FA49AA758EA676D66542E,RP,01,No,,,,,01,Dry,,,,,,,,
Property Damage Crashes,MSP7872003Y,Maryland State Police,Single Vehicle,Prince George's,Interstate,No,No,No,No,No,CAPITAL BELTWAY (SB/L),95,INTERSTATE ROUTE,No,True,No,5/4/2025,No,Point,38.848803187,-76.861260817,MSP,101,16,03,No,9,,09:55,2025,Sunday,32,Guardrail Face,09,Roadside,1,,101,State,,,09,Through Roadway,01,Daylight,5/4/2025,2025-05-04,N,124.94,F,N,,,A28CF7F7B7571F8832E508B49FF5EFD6DEE2B70303EDE6E309C5C4E310D9440F,IS,01,No,,,,,09,Wet,,,,,,,,
Property Damage Crashes,BW0202002V,Greenbelt Police Department,Single Vehicle,Prince George's,Major Collector,No,No,No,No,No,CRESCENT RD,70,MUNICIPAL ROAD,No,True,No,2/4/2025,No,Point,39.004558711,-76.875691717,GREENBELT,101,16,03,No,10,,10:30,2025,Tuesday,01,Cargo/Equipment Loss Or Shift,05,On Roadway,5,,,,HILLSIDE RD,,06,Non-Junction,01,Daylight,2/4/2025,2025-02-04,E,7.79,F,N,,,8D29A3E2AE7FA228FB1786C2B948F6279438556E7E4FDB9FAE1145309CB62051,MU,01,No,,,,,01,Dry,,,,,,,,
Property Damage Crashes,DJ01740037,Seat Pleasant Police Department,Front to Rear,Prince George's,Principal Arterial – Other,No,No,No,No,No,CENTRAL AVE (WB/L),214,MARYLAND ROUTE,No,True,No,5/28/2025,No,Point,38.889871450,-76.862198465,SEATPLEASANT,03,16,03,No,15,,15:17,2025,Wednesday,12,Motor Vehicle In Transport,05,On Roadway,3,,,,,,01,Acceleration/Deceleration Lane,01,Daylight,5/28/2025,2025-05-28,W,20.36,F,N,,,6DEA4EB0FA0093A954668DF39363995096A327F8C0EFF6BA6D9E9F9781140D3C,MD,01,No,97,Not Applicable,,,09,Wet,,,,,,,,
Property Damage Crashes,DS0516000L,University of Maryland Police College Park,Angle,Prince George's,,No,No,No,No,Yes,,,,No,True,No,4/23/2025,No,Point,38.994842130,-76.937572639,UMCP,01,16,03,,14,,14:48,2025,Wednesday,12,Motor Vehicle In Transport,02,In Parking Lane Or Zone,,,,,,,,,01,Daylight,4/23/2025,2025-04-23,,,F,N,101,Parking Aisle,,,01,No,15,Parked Vehicle,02,In Parking Lane Or Zone,,,,,,,,,,
Property Damage Crashes,DA34330051,Prince George's County Police,Front to Rear,Prince George's,Minor Arterial,No,No,No,No,No,RITCHIE MARLBORO RD,221,MARYLAND ROUTE,No,True,No,1/3/2025,No,Point,38.868266550,-76.841110216,PGCOPD,03,16,03,No,17,,17:28,2025,Friday,12,Motor Vehicle In Transport,05,On Roadway,4,,,,,,09,Through Roadway,04,Dark - Not Lighted,1/3/2025,2025-01-03,W,10.42,F,N,,,AC8821455C7F19BF409E790D686008F8A8CEDB2229CECC6483D9B603723BC2B6,MD,01,No,,,,,07,Snow,,,,,,,,
Property Damage Crashes,DA3895003S,Prince George's County Police,Front to Rear,Prince George's,,No,No,No,No,Yes,,,,No,True,No,1/20/2025,No,Point,38.826810316,-76.852125885,PGCOPD,03,16,03,,12,,12:36,2025,Monday,12,Motor Vehicle In Transport,02,In Parking Lane Or Zone,,,,,,,,,01,Daylight,1/20/2025,2025-01-20,,,F,N,102,Parking Lot Way,,,01,No,15,Parked Vehicle,02,In Parking Lane Or Zone,,,,,,,,,,
Injury Crashes,CE4909007H,Laurel Police Department,Angle,Prince George's,Local,No,No,No,No,No,MORRIS DR,852,OTHER PUBLIC ROAD,No,True,No,2/16/2025,No,Point,39.093422587,-76.843304380,LAUREL,01,16,02,No,17,04,17:15,2025,Sunday,12,Motor Vehicle In Transport,05,On Roadway,7,Angled/Skewed,,,LAUREL BOWIE RD,01,05,Intersection or Related,01,Daylight,2/16/2025,2025-02-16,W,0,F,N,,,1F05D97B521BF3F84B63ED0F12F2815EBCDCBAF9E6C1696543BD84E648A281B6,OP,01,No,,,,,09,Wet,01,Signalized,,,,,,
Property Damage Crashes,MSP78390029,Maryland State Police,Front to Rear,Prince George's,Interstate,No,No,No,No,No,RAMP 10 FR MD 704 TO RAMP 9 (TO MD 950),595,RAMP,No,True,No,2/19/2025,No,Point,38.94822,-76.843178333,MSP,03,16,03,No,1,,01:43,2025,Wednesday,12,Motor Vehicle In Transport,05,On Roadway,1,,,,,,04,Entrance/Exit Ramp or Related,98,Other,2/19/2025,2025-02-19,E,25.25,F,N,,,690C08D31AB0CDCD24C9CA1BD59EB6D925CF52AFDF4542639EE12D0CD52DA7F8,RP,01,No,,,,,01,Dry,,,,,,,,
Injury Crashes,MSP7875004R,Maryland State Police,Front to Rear,Prince George's,Principal Arterial – Other,No,No,No,No,No,LARGO RD,202,MARYLAND ROUTE,No,True,No,5/23/2025,No,Point,38.891073804,-76.825025197,MSP,03,16,02,No,8,,08:45,2025,Friday,12,Motor Vehicle In Transport,05,On Roadway,3,,,,,,06,Non-Junction,01,Daylight,5/23/2025,2025-05-23,S,37.47,F,N,,,8C0BB18E718A75A1FC7573612294D36F7F31074E2F9CA5CD05F8B2D069F66475,MD,01,No,,,,,01,Dry,,,,,,,,
Property Damage Crashes,GD3163005N,Landover Police Department,"Sideswipe, Same Direction",Prince George's,Local,No,Yes,No,No,No,TAYLOR TERR,80,MUNICIPAL ROAD,No,True,No,2/10/2025,No,Point,38.942040220,-76.892077432,LANDOVER,07,16,03,No,14,,14:00,2025,Monday,15,Parked Vehicle,09,Roadside,7,,,,,,06,Non-Junction,01,Daylight,2/10/2025,2025-02-10,S,12.47,F,N,,,0ECA97CE1289BC460272379033D7B1CF464025C62D8B6D4B3DBE05AF556C6B03,MU,01,No,,,,,01,Dry,,,,,,,,
Property Damage Crashes,MSP7875001S,Maryland State Police,Single Vehicle,Prince George's,Principal Arterial – Other Freeways and Expressways,No,No,No,No,No,BRANCH AVE,5,MARYLAND ROUTE,No,True,No,2/3/2025,No,Point,38.767978333,-76.884633333,MSP,101,16,03,No,3,,03:43,2025,Monday,05,Jackknife,05,On Roadway,2,,,,,,06,Non-Junction,04,Dark - Not Lighted,2/3/2025,2025-02-03,N,45.43,F,N,,,7826389E12D58E10D0EFBC5B8BFBD01F82540904EA25286A056B6A8416111C4F,MD,01,No,,,,,01,Dry,,,,,,,,
Property Damage Crashes,DA380500DY,Prince George's County Police,Front to Rear,Prince George's,Principal Arterial – Other,No,No,No,No,No,EAST WEST HWY (WB/L),410,MARYLAND ROUTE,No,True,No,5/16/2025,No,Point,38.968969961,-76.972700155,PGCOPD,03,16,03,Yes,18,04,18:20,2025,Friday,12,Motor Vehicle In Transport,05,On Roadway,3,Perpendicular,,,23RD AVE (NB/L),03,05,Intersection or Related,01,Daylight,5/16/2025,2025-05-16,W,0,F,N,,,E8D2A9F2469AA45678A3BFFC6CA9AAA0DB6EFA1EA587787931DDBCFB6C6EFD63,MD,01,No,,,,,98,Other,01,Signalized,,,,,,
Injury Crashes,CC03120001,Hyattsville Police Department,Front to Rear,Prince George's,Principal Arterial – Other,Yes,No,No,No,No,EAST WEST HWY (WB/L),410,MARYLAND ROUTE,Yes,True,No,3/30/2025,No,Point,38.967103565,-76.962204852,HYATTSVILLE,03,16,02,No,0,,00:04,2025,Sunday,12,Motor Vehicle In Transport,05,On Roadway,3,,101,State,TOLEDO TERR,,06,Non-Junction,03,Dark - Lighted,3/30/2025,2025-03-30,S,6.1,F,N,,,17EE620672D8F4C4DDC55636DA272863EF408A20F816F4EFD3B95D0C3DEF510F,MD,01,No,,,,,01,Dry,,,,,,,,
Injury Crashes,MSP77760058,Maryland State Police,Single Vehicle,Prince George's,Principal Arterial – Other Freeways and Expressways,Yes,No,No,No,No,RAMP 3 FR US 50 EB TO MD 202 NB,50,RAMP,No,True,No,3/11/2025,No,Point,38.931307501,-76.895667253,MSP,101,16,02,Yes,23,,23:15,2025,Tuesday,32,Guardrail Face,06,"On Shoulder, Left Side",2,,101,State,,,04,Entrance/Exit Ramp or Related,04,Dark - Not Lighted,3/11/2025,2025-03-11,S,4.84,F,N,,,EA3286508C6C92058CE06009B4B767A6489A718709A8DD10E4A4288EA20C0288,RP,01,No,,,,,01,Dry,,,,,,,,
Property Damage Crashes,DA4333003W,Prince George's County Police,Unknown,Prince George's,Principal Arterial – Other,No,No,No,No,No,NEW HAMPSHIRE AVE,650,MARYLAND ROUTE,No,True,No,2/21/2025,No,Point,38.967680813,-77.000875751,PGCOPD,99,16,03,No,14,,14:20,2025,Friday,12,Motor Vehicle In Transport,04,"Off-Roadway, Location Unknown",3,,,,,,06,Non-Junction,01,Daylight,2/21/2025,2025-02-21,W,23.42,F,N,,,5E7BA59169868771D76B176A2A9DB9DE704F1E28ADF2D8492245744F545EA021,MD,01,No,,,,,01,Dry,,,,,,,,
Property Damage Crashes,DA390800BB,Prince George's County Police,Front to Rear,Prince George's,,No,No,No,No,No,,386,SPUR,No,True,No,5/22/2025,No,Point,38.815394193,-76.963138185,PGCOPD,03,16,03,No,17,,17:17,2025,Thursday,12,Motor Vehicle In Transport,05,On Roadway,,,,,,,02,Crossover-Related,01,Daylight,5/22/2025,2025-05-22,E,16.02,F,N,,,3EB6E5573A080821DEA6BE1C4238F31D083A01853EDCF71F12248E25CB0F0998,SP,01,No,,,,,09,Wet,,,,,,,,
Injury Crashes,MSP745000J9,Maryland State Police,Front to Rear,Prince George's,Interstate,No,No,No,No,No,CAPITAL BELTWAY,95,INTERSTATE ROUTE,No,True,No,3/26/2025,No,Point,38.991959945,-76.886219985,MSP,03,16,02,No,7,,07:39,2025,Wednesday,12,Motor Vehicle In Transport,05,On Roadway,1,,,,,,09,Through Roadway,01,Daylight,3/26/2025,2025-03-26,E,15.06,F,N,,,EB9334A254A598B46FD3CC6ACE4AE001298EE13233D1E477CA948F7AF5390190,IS,01,No,27,Curb,03,Median,01,Dry,,,,,,,,
Property Damage Crashes,DA333600FV,Prince George's County Police,Single Vehicle,Prince George's,Local,No,No,No,No,No,FARMINGTON CREEK RD,156,COUNTY ROAD,No,True,No,2/11/2025,No,Point,38.686916596,-77.008168874,PGCOPD,101,16,03,Yes,17,03,17:10,2025,Tuesday,40,Tree (standing),05,On Roadway,7,Perpendicular,,,FARMINGTON RD,03,05,Intersection or Related,01,Daylight,2/11/2025,2025-02-11,S,0,F,N,,,3F4614485178736EC577D4D10CF2E483A25EA9F829C847A17424DD6BACE38A11,CO,01,No,,,,,07,Snow,05,No Controls,,,,,,
Property Damage Crashes,CNC31840029,New Carrollton Police Department,Rear To Rear,Prince George's,,No,No,No,No,Yes,,,,No,True,No,5/18/2025,No,Point,38.956239399,-76.875638347,NCPD,04,16,03,,16,,16:54,2025,Sunday,12,Motor Vehicle In Transport,02,In Parking Lane Or Zone,,,,,,,,,01,Daylight,5/18/2025,2025-05-18,,,F,N,102,Parking Lot Way,,,01,No,,,,,,,,,,,,,,
Injury Crashes,DA387800CY,Prince George's County Police,Front to Front,Prince George's,Major Collector,No,No,No,No,No,JERICHO PARK RD,4457,COUNTY ROAD,No,True,No,5/7/2025,No,Point,39.014428301,-76.756637730,PGCOPD,02,16,02,No,23,,23:22,2025,Wednesday,12,Motor Vehicle In Transport,05,On Roadway,5,,,,,,06,Non-Junction,03,Dark - Lighted,5/7/2025,2025-05-07,S,11.23,F,N,,,2F94946ED3505F095D34114BC42CF17D70031C437C6EDC74F6259FCC54D8CD80,CO,01,No,,,,,01,Dry,,,,,,,,
Property Damage Crashes,AM0376002L,Bladensburg Police Department,Other,Prince George's,Minor Arterial,No,No,No,No,No,ANNAPOLIS RD (WB/L),450,MARYLAND ROUTE,No,True,No,3/27/2025,No,Point,38.938949145,-76.923542020,BLADENSBURG,98,16,03,No,23,,23:00,2025,Thursday,12,Motor Vehicle In Transport,05,On Roadway,4,,,,,,03,Driveway Access or Related,03,Dark - Lighted,3/27/2025,2025-03-27,W,37.57,F,N,,,A3C66642AE6C2452985B4D6A0EE2D00357406D0AB462BE9A2B0C640A7A699E45,MD,01,No,,,,,01,Dry,,,,,,,,
Injury Crashes,MSP745800Q3,Maryland State Police,"Sideswipe, Same Direction",Prince George's,Interstate,Yes,No,No,No,No,CAPITAL BELTWAY (SB/L),95,INTERSTATE ROUTE,No,True,No,2/28/2025,No,Point,38.816916667,-76.949761667,MSP,07,16,02,No,7,,07:37,2025,Friday,12,Motor Vehicle In Transport,05,On Roadway,1,,,,,,01,Acceleration/Deceleration Lane,01,Daylight,2/28/2025,2025-02-28,N,28.99,F,N,,,3FDDDE8030419693DA9F44ACF1A648E02F499E3F6E73EF2A452F600ABE2B5A35,IS,01,No,,,,,01,Dry,,,,,,,,
Property Damage Crashes,MSP745800T2,Maryland State Police,Single Vehicle,Prince George's,Interstate,No,No,No,No,No,CAPITAL BELTWAY (SB/L),95,INTERSTATE ROUTE,No,True,No,5/13/2025,No,Point,38.818753333,-76.931931667,MSP,101,16,03,No,13,,13:22,2025,Tuesday,31,Guardrail End Terminal,09,Roadside,1,,101,State,,,01,Acceleration/Deceleration Lane,01,Daylight,5/13/2025,2025-05-13,S,42.91,F,N,,,0D915C9002B547D7EDBBAA44127B1742EC53729D690DA28029B2EA753E6C7641,IS,01,No,,,,,09,Wet,,,,,,,,
Property Damage Crashes,DA421200FC,Prince George's County Police,Angle,Prince George's,Principal Arterial – Other,No,No,No,No,No,KENILWORTH AVE,201,MARYLAND ROUTE,No,True,No,1/16/2025,No,Point,38.921413580,-76.931383614,PGCOPD,01,16,03,Yes,16,02,16:45,2025,Thursday,12,Motor Vehicle In Transport,05,On Roadway,3,Angled/Skewed,,,RAMP 8 FR MD 201 SB TO MD 459 WB,01,05,Intersection or Related,101,Dusk,1/16/2025,2025-01-16,N,0,F,N,,,D159E03F3128886E4E8187155DBD746AFF64C11D9BFE4FD2BBA63D95DDC1BBE2,MD,01,No,,,,,01,Dry,03,Stop - Partial,,,,,,
Injury Crashes,DA4350002Z,Prince George's County Police,"Sideswipe, Same Direction",Prince George's,Local,No,No,No,No,No,DAREL ST,2247,COUNTY ROAD,No,True,No,3/7/2025,No,Point,38.823146480,-76.904337840,PGCOPD,07,16,02,No,13,,13:32,2025,Friday,12,Motor Vehicle In Transport,05,On Roadway,7,,,,,,09,Through Roadway,01,Daylight,3/7/2025,2025-03-07,N,5.47,F,N,,,CA7B8FCEB59A7F78797630545FD1DD12B027AB42CDAAE680CB26C051F04640B3,CO,01,No,,,,,01,Dry,,,,,,,,
Property Damage Crashes,MSP766500B3,Maryland State Police,Single Vehicle,Prince George's,Interstate,Yes,No,No,No,No,RAMP 6 FR RAMP 3 (FR IS 495) TO IS 95X,95,RAMP,No,True,No,2/15/2025,No,Point,39.015625585,-76.953246029,MSP,101,16,03,No,19,,19:20,2025,Saturday,28,Ditch,09,Roadside,1,,,,,,04,Entrance/Exit Ramp or Related,04,Dark - Not Lighted,2/15/2025,2025-02-15,N,9.42,F,N,,,F486F71EE6F871DACAB8C4A04A460E3CBE4F1A282C67B9AB0BF86604D15267FE,RP,01,No,29,Embankment,09,Roadside,09,Wet,,,,,,,,
Property Damage Crashes,AM0391001Q,Bladensburg Police Department,Front to Rear,Prince George's,Principal Arterial – Other,No,No,No,No,No,ANNAPOLIS RD,450,MARYLAND ROUTE,No,True,No,1/16/2025,No,Point,38.939396782,-76.934338405,BLADENSBURG,03,16,03,Yes,20,02,20:29,2025,Thursday,12,Motor Vehicle In Transport,05,On Roadway,3,Perpendicular,,,EDMONSTON RD,03,05,Intersection or Related,03,Dark - Lighted,1/16/2025,2025-01-16,E,0,F,N,,,4C30C13225CB339E153C143EEF83D8F720DB2CF5CEA7C7D2E1DD73A1651E4189,MD,01,No,,,,,07,Snow,01,Signalized,,,,,,
Property Damage Crashes,DA4414000R,Prince George's County Police,Front to Rear,Prince George's,Major Collector,No,No,No,No,No,ALLENTOWN RD,126,COUNTY ROAD,No,True,No,5/13/2025,No,Point,38.773007932,-76.950935156,PGCOPD,03,16,03,Yes,7,,07:26,2025,Tuesday,12,Motor Vehicle In Transport,05,On Roadway,5,,,,OAKLAWN RD,,09,Through Roadway,01,Daylight,5/13/2025,2025-05-13,W,47.3,F,N,,,D17112A8FA410C362646B605E097C861AE87A5E1EEA524BBFE54499406B4D4CB,CO,01,No,,,,,09,Wet,,,,,,,,
Injury Crashes,DA4304005T,Prince George's County Police,Front to Front,Prince George's,Minor Arterial,No,No,No,No,No,POWDER MILL RD,212,MARYLAND ROUTE,No,True,No,2/1/2025,No,Point,39.039725549,-76.947685149,PGCOPD,02,16,02,Yes,20,04,20:16,2025,Saturday,12,Motor Vehicle In Transport,05,On Roadway,4,Perpendicular,,,CHERRY HILL RD CHERRY HILL RD (EB/L),03,05,Intersection or Related,03,Dark - Lighted,2/1/2025,2025-02-01,S,0,F,N,,,95474D7990F1F5E4791B9C97A781A07CA9B09DB24FA440C466A7D147A1EEFC6E,MD,01,No,,,,,01,Dry,01,Signalized,,,,,,
Property Damage Crashes,MSP77010057,Maryland State Police,Front to Rear,Prince George's,Principal Arterial – Other Freeways and Expressways,No,No,No,No,No,PENNSYLVANIA AVE,4,MARYLAND ROUTE,No,True,No,1/3/2025,No,Point,38.816151673,-76.833997544,MSP,03,16,03,No,13,,13:42,2025,Friday,12,Motor Vehicle In Transport,05,On Roadway,2,,,,,,09,Through Roadway,01,Daylight,1/3/2025,2025-01-03,W,1405.1,F,N,,,172C2F635813A4DF79C33A859942DFDBB95F70F4AC351F574C0041C9EDD43A43,MD,01,No,,,,,01,Dry,,,,,,,,
Property Damage Crashes,DA4421000F,Prince George's County Police,Angle,Prince George's,Interstate,No,No,No,No,No,RAMP 11 FR MD 210 NB TO IS 295 NB,95,RAMP,No,True,No,1/18/2025,No,Point,38.795282986,-76.997794373,PGCOPD,01,16,03,No,18,,18:25,2025,Saturday,12,Motor Vehicle In Transport,05,On Roadway,1,,,,,,04,Entrance/Exit Ramp or Related,03,Dark - Lighted,1/18/2025,2025-01-18,W,181.53,F,N,,,FE18317C436D4FA14B7A93D7BA0AA84989D3F4DDB3D1B8F965C21D17AA954151,RP,01,No,12,Motor Vehicle In Transport,05,On Roadway,01,Dry,,,,,,,,
Property Damage Crashes,MSP7770008B,Maryland State Police,"Sideswipe, Same Direction",Prince George's,Interstate,No,No,No,No,No,CAPITAL BELTWAY,95,INTERSTATE ROUTE,No,True,No,5/19/2025,No,Point,38.817586750,-76.937472524,MSP,07,16,03,No,13,,13:22,2025,Monday,12,Motor Vehicle In Transport,05,On Roadway,1,,,,,,06,Non-Junction,01,Daylight,5/19/2025,2025-05-19,N,38.34,F,N,,,18BC96EAC87EF746B7C9ED4721D49DF3D41C078FE90CFD9C5E096E01BE0EB461,IS,01,No,,,,,01,Dry,,,,,,,,
Property Damage Crashes,CE4115003L,Laurel Police Department,Other,Prince George's,Principal Arterial – Other,No,No,No,No,No,BALTIMORE AVE,1,UNITED STATE ROUTE,Yes,True,No,5/18/2025,No,Point,39.092948345,-76.855676736,LAUREL,98,16,03,No,14,,14:50,2025,Sunday,12,Motor Vehicle In Transport,05,On Roadway,3,,,,,,01,Acceleration/Deceleration Lane,01,Daylight,5/18/2025,2025-05-18,W,22.39,F,N,,,788F698037A281C16BF65BD34D97EBED554879FAFB844073D69B15A129A2AA61,US,01,No,,,,,01,Dry,,,,,,,,
Property Damage Crashes,DA409900F6,Prince George's County Police,Single Vehicle,Prince George's,Minor Arterial,No,No,No,No,No,RIGGS RD,212,MARYLAND ROUTE,No,True,Yes,2/15/2025,Yes,Point,38.983795937,-76.979307906,PGCOPD,101,16,03,No,22,,22:33,2025,Saturday,06,Other Non-Collision,04,"Off-Roadway, Location Unknown",4,,,,UNIVERSITY BLVD,,09,Through Roadway,03,Dark - Lighted,2/15/2025,2025-02-15,N,15.63,F,N,,,EE8CD1979666D341C4D48F946EAC99FB1D3B87F32A790975326B577E1B71DC0E,MD,01,No,,,,,09,Wet,,,N,03,Transition Area,03,Work on Shoulder or Median,No