Crash Severity Description,Reportnumber,Agencyname,CollisionImpact Description,Crash County Description,FunctionalClass Description,ImpairedCrash,Large Vehicle Involved,Motorcycle Crash,Non-Motorist Crash,OffRoad,RoadName,Route Number,RouteType Description,Unrestrained Occupants,WithinDateRange,Work Zone Related,Crashdate,Work Zone Crash,CrashPoint,Latitude,Longitude,AgencyCode,CollisionImpact,Crash County,Crash Severity,Crash Within Interchange,Crashhour,CrashInterchangeApproaches,Crashtime,CrashYear,Dayofweek,FirstHarmEvent,FirstHarmEvent Description,FirstHarmLocation,FirstHarmLocation Description,FunctionalClass,Geometry Description,GovPropertyDamage,GovPropertyDamage Description,IntersectingRoadName,Intersection Geometry,JunctionRelated,JunctionRelated Description,Light,Light Description,LOD Crash Date,LOD Date Level,MilepointDirection,MilepointDistance,MilepointUnits,NonTrafficFatal,OffroadLocation,OffroadLocation Description,RoadID,RouteType,SchoolBusRelated,SchoolBusRelated Description,SecondHarmEvent,SecondHarmEvent Description,SecondHarmLocation,SecondHarmLocation Description,Surface,Surface Description,TrafficControl,Trafficcontrol Description,WZLawEnforcementPresent,WZLocation,WZLocation Description,WZType,WZType Description,WZWorkersPresent
Property Damage Crashes,MSP617100NP,Maryland State Police,"Sideswipe, Same Direction",Prince George's,Interstate,No,No,No,No,No,CAPITAL BELTWAY,95,INTERSTATE ROUTE,No,True,No,3/29/2025,No,Point,38.952909988,-76.862221985,MSP,07,16,03,No,23,,23:51,2025,Saturday,12,Motor Vehicle In Transport,05,On Roadway,1,,,,,,06,Non-Junction,03,Dark - Lighted,3/29/2025,2025-03-29,N,56.39,F,N,,,45D6982471A7A8A560BDA211D03B1471FBCB203FCF5E9989483BBBAE7184C2AE,IS,01,No,,,,,01,Dry,,,,,,,,
Property Damage Crashes,MSP766500BC,Maryland State Police,Front to Rear,Prince George's,Principal Arterial – Other Freeways and Expressways,No,No,No,No,No,JOHN HANSON HWY (WB/L),50,UNITED STATE ROUTE,No,True,No,3/28/2025,No,Point,38.918805400,-76.931874558,MSP,03,16,03,Yes,11,,11:00,2025,Friday,12,Motor Vehicle In Transport,05,On Roadway,2,,100,Local,,,01,Acceleration/Deceleration Lane,01,Daylight,3/28/2025,2025-03-28,W,18.93,F,N,,,12C289449C9B57B64691280351D46F154F6932587B294B7E05E0A66EE8318F7E,US,01,No,,,,,01,Dry,,,,,,,,
Injury Crashes,MSP647600HB,Maryland State Police,"Sideswipe, Opposite Direction",Prince George's,Principal Arterial – Other,No,No,No,No,No,LARGO RD (SB/L),202,MARYLAND ROUTE,No,True,No,3/9/2025,No,Point,38.876136011,-76.802773171,MSP,06,16,02,No,18,,18:44,2025,Sunday,12,Motor Vehicle In Transport,05,On Roadway,3,,,,WHITE HOUSE RD,,09,Through Roadway,03,Dark - Lighted,3/9/2025,2025-03-09,S,17.76,F,N,,,CB1507B4CDB1D00B8219059C178DD8C53CD16011F3232B242A8269230798995D,MD,01,No,,,,,01,Dry,,,,,,,,
Property Damage Crashes,DA3875008R,Prince George's County Police,Single Vehicle,Prince George's,Local,No,Yes,No,No,No,OAKLAWN RD,199,COUNTY ROAD,No,True,No,3/3/2025,No,Point,38.772239561,-76.948320992,PGCOPD,101,16,03,No,13,,13:14,2025,Monday,41,Utility Pole/Light Support,01,Gore,7,,100,Local,,,01,Acceleration/Deceleration Lane,01,Daylight,3/3/2025,2025-03-03,S,10.69,F,N,,,4C759925D8C28E883C5CA160AD361D9C74474CBA7A9018EA73E69CB0ABC72529,CO,01,No,,,,,01,Dry,,,,,,,,
Property Damage Crashes,DA384000JG,Prince George's County Police,Front to Rear,Prince George's,Local,No,No,No,No,No,FRIAR RD,3609,COUNTY ROAD,No,True,No,5/4/2025,No,Point,38.763705583,-77.021061564,PGCOPD,03,16,03,No,22,,22:00,2025,Sunday,15,Parked Vehicle,09,Roadside,7,,,,,,06,Non-Junction,04,Dark - Not Lighted,5/4/2025,2025-05-04,N,20.04,F,N,,,71665FAD2C9C5DB744E0D26400F6345E36907E0C3A763F0CCE85F7087D2F0433,CO,01,No,,,,,01,Dry,,,,,,,,
Property Damage Crashes,DA4423000V,Prince George's County Police,Single Vehicle,Prince George's,,No,Yes,No,No,No,,458,SPUR,Yes,True,No,2/18/2025,No,Point,38.890002615,-76.863084454,PGCOPD,101,16,03,Yes,8,,08:40,2025,Tuesday,40,Tree (standing),05,On Roadway,,,,,,,04,Entrance/Exit Ramp or Related,01,Daylight,2/18/2025,2025-02-18,S,17.52,F,N,,,0D5FCBC39D7CD40664274E03F81C2F0F5EC80307106A56BC0BF416AFCCDEE5B8,SP,02,"Yes, School Bus Directly Involved",,,,,01,Dry,,,,,,,,
Property Damage Crashes,DA43020031,Prince George's County Police,Single Vehicle,Prince George's,,No,No,No,No,Yes,,,,No,True,No,6/2/2025,No,Point,38.901010384,-76.836870537,PGCOPD,101,16,03,,19,,19:20,2025,Monday,27,Curb,01,Gore,,,,,,,,,01,Daylight,6/2/2025,2025-06-02,,,F,N,103,Private Road,,,01,No,,,,,,,,,,,,,,
Property Damage Crashes,DA43480022,Prince George's County Police,"Sideswipe, Opposite Direction",Prince George's,Local,No,No,No,No,No,20TH AVE,495,COUNTY ROAD,No,True,No,2/11/2025,No,Point,38.966946239,-76.978513124,PGCOPD,06,16,03,No,17,,17:38,2025,Tuesday,15,Parked Vehicle,09,Roadside,7,,,,,,06,Non-Junction,03,Dark - Lighted,2/11/2025,2025-02-11,E,9.88,F,N,,,A22E94CD5551DF0E062A005D54CDEA304C60BBB51DD52FFA11902ECEA23A9B0F,CO,01,No,12,Motor Vehicle In Transport,05,On Roadway,07,Snow,,,,,,,,
Property Damage Crashes,DA4352002J,Prince George's County Police,Single Vehicle,Prince George's,,No,No,No,No,Yes,,,,No,True,No,3/7/2025,No,Point,38.658850576,-77.014087999,PGCOPD,101,16,03,,16,,16:18,2025,Friday,35,"Other Fixed Object (wall, building, tunnel, etc.)",02,In Parking Lane Or Zone,,,,,,,,,01,Daylight,3/7/2025,2025-03-07,,,F,N,103,Private Road,,,01,No,,,,,,,,,,,,,,
Injury Crashes,DA4430000Z,Prince George's County Police,Angle,Prince George's,Minor Arterial,No,No,No,No,No,SHERIFF RD,75,COUNTY ROAD,No,True,No,4/27/2025,No,Point,38.909569336,-76.892058651,PGCOPD,01,16,02,Yes,22,,22:30,2025,Sunday,12,Motor Vehicle In Transport,05,On Roadway,4,,,,MARTIN LUTHER KING JR HWY (WB/L),,09,Through Roadway,03,Dark - Lighted,4/27/2025,2025-04-27,W,13.13,F,N,,,CE1B12343B2B33837F71733A93776B555BC164EA36A2A98EC5B0CB094A7FCBFD,CO,01,No,,,,,01,Dry,,,,,,,,
Property Damage Crashes,DA4306005D,Prince George's County Police,"Sideswipe, Same Direction",Prince George's,Principal Arterial – Other Freeways and Expressways,No,No,No,No,No,RAMP 5 FR MD 201 SB TO MD 965A EB,201,RAMP,No,True,No,4/21/2025,No,Point,38.913526316,-76.933391905,PGCOPD,07,16,03,No,7,,07:18,2025,Monday,12,Motor Vehicle In Transport,05,On Roadway,2,,,,,,06,Non-Junction,01,Daylight,4/21/2025,2025-04-21,N,13.28,F,N,,,86231150B507C2ACBD1B01AA9F17451D48B298352B3BC9B82170BB63DCECCEED,RP,01,No,,,,,01,Dry,,,,,,,,
Property Damage Crashes,MSP745800TB,Maryland State Police,Single Vehicle,Prince George's,Interstate,No,No,No,No,No,CAPITAL BELTWAY (SB/L),95,INTERSTATE ROUTE,No,True,No,5/21/2025,No,Point,38.818493333,-76.932238333,MSP,101,16,03,No,19,,19:20,2025,Wednesday,32,Guardrail Face,06,"On Shoulder, Left Side",1,,,,,,01,Acceleration/Deceleration Lane,01,Daylight,5/21/2025,2025-05-21,N,40.63,F,N,,,ADC67EBB81195B1474A16B5D7381D03A0C8A141071DBB8E96383B0118DDAA010,IS,01,No,,,,,09,Wet,,,,,,,,
Injury Crashes,DA4344003F,Prince George's County Police,Single Vehicle,Prince George's,,No,No,No,No,No,,366,COUNTY ROAD,No,True,No,3/4/2025,No,Point,38.871215516,-76.894322995,PGCOPD,101,16,02,No,5,,05:27,2025,Tuesday,13,Other Non-Fixed Object,05,On Roadway,,,,,,,06,Non-Junction,03,Dark - Lighted,3/4/2025,2025-03-04,N,54.39,F,N,,,818DC179E4948C26BC10D6E94796DAB4A48F400A6D6B77782D79E2DD72774326,CO,01,No,,,,,01,Dry,,,,,,,,
Property Damage Crashes,DA418100FD,Prince George's County Police,Front to Rear,Prince George's,Principal Arterial – Other,No,No,No,No,No,BALTIMORE AVE,1,UNITED STATE ROUTE,No,True,No,1/30/2025,No,Point,38.998431807,-76.931452511,PGCOPD,03,16,03,No,5,,05:58,2025,Thursday,12,Motor Vehicle In Transport,05,On Roadway,3,,,,,,09,Through Roadway,03,Dark - Lighted,1/30/2025,2025-01-30,W,13.18,F,N,,,E75A8F75A997EC315D59C7C6C8C5FAD6F4977B39BC466FF11D0826A83B957D5D,US,01,No,12,Motor Vehicle In Transport,05,On Roadway,01,Dry,,,,,,,,
Property Damage Crashes,MSP77700082,Maryland State Police,Front to Rear,Prince George's,Interstate,No,No,No,No,No,CAPITAL BELTWAY (SB/L),95,INTERSTATE ROUTE,No,True,No,5/16/2025,No,Point,38.856978333,-76.852975,MSP,03,16,03,No,8,,08:06,2025,Friday,12,Motor Vehicle In Transport,06,"On Shoulder, Left Side",1,,,,,,06,Non-Junction,01,Daylight,5/16/2025,2025-05-16,N,19.21,F,N,,,F948FA30828B97AAFB71E1B91E1492BCDD249F9E38F8C2F1CC48F2993B31A3AE,IS,01,No,,,,,01,Dry,,,,,,,,
Injury Crashes,MSP738100CD,Maryland State Police,"Sideswipe, Same Direction",Prince George's,Principal Arterial – Other Freeways and Expressways,No,No,No,No,No,BRANCH AVE,5,MARYLAND ROUTE,No,True,No,4/11/2025,No,Point,38.790534409,-76.897589096,MSP,07,16,02,No,22,,22:17,2025,Friday,12,Motor Vehicle In Transport,05,On Roadway,2,,,,,,01,Acceleration/Deceleration Lane,03,Dark - Lighted,4/11/2025,2025-04-11,S,42.78,F,N,,,BE20DE4485BDA042DE85CEB6883DF9D78568DEEBE1F9E65AB04DD7866D135156,MD,01,No,12,Motor Vehicle In Transport,05,On Roadway,09,Wet,,,,,,,,
Property Damage Crashes,DA44110008,Prince George's County Police,"Sideswipe, Same Direction",Prince George's,Major Collector,No,No,No,No,No,CAMPUS WAY SOUTH,4638,COUNTY ROAD,Yes,True,No,1/18/2025,No,Point,38.897409620,-76.822522950,PGCOPD,07,16,03,No,22,,22:40,2025,Saturday,12,Motor Vehicle In Transport,05,On Roadway,5,,,,,,06,Non-Junction,03,Dark - Lighted,1/18/2025,2025-01-18,N,97.31,F,N,,,C385F232E39A6E613EB64F31B0C6D2CC8DF2EA434B23091E410CF297CB7F749F,CO,01,No,,,,,01,Dry,,,,,,,,
Property Damage Crashes,MSP78390055,Maryland State Police,Angle,Prince George's,Principal Arterial – Other,No,No,No,No,No,CENTRAL AVE,214,MARYLAND ROUTE,No,True,No,5/7/2025,No,Point,38.900906667,-76.788973333,MSP,01,16,03,No,11,,11:27,2025,Wednesday,12,Motor Vehicle In Transport,05,On Roadway,3,,,,,,06,Non-Junction,01,Daylight,5/7/2025,2025-05-07,S,36.39,F,N,,,408A028A154A795D7822B3335CBE3E0AF6D61325DAFA1AB154928D3D32E34A23,MD,01,No,,,,,01,Dry,,,,,,,,
Property Damage Crashes,MSP585801FZ,Maryland State Police,Angle,Prince George's,Local,No,No,No,No,No,OLD INDIAN HEAD RD,135,COUNTY ROAD,No,True,No,2/24/2025,No,Point,38.739591734,-76.820763924,MSP,01,16,03,Yes,11,04,11:59,2025,Monday,12,Motor Vehicle In Transport,05,On Roadway,7,Perpendicular,,,BLACKSTONE AVE BLACKSTONE AVE (EB/L) CRAIN HWY (SB/L),03,05,Intersection or Related,01,Daylight,2/24/2025,2025-02-24,S,0,F,N,,,D331A6BA6290CD5755FCFCF834083DEBC79209B425F4173942705E757C6994C9,CO,01,No,,,,,01,Dry,05,No Controls,,,,,,
Property Damage Crashes,CP0164002F,Mount Rainier Police Department,Front to Front,Prince George's,Local,No,No,No,No,No,PERRY ST,155,MUNICIPAL ROAD,No,True,No,3/7/2025,No,Point,38.936245693,-76.958786807,MTRAINIER,02,16,03,No,19,,19:12,2025,Friday,12,Motor Vehicle In Transport,05,On Roadway,7,,,,36TH ST,,06,Non-Junction,03,Dark - Lighted,3/7/2025,2025-03-07,N,31.71,F,N,,,089F5C2B2EB6B3CB02CDC8303764F1C12C1B273892F508BBC55861596F57F3FF,MU,01,No,12,Motor Vehicle In Transport,05,On Roadway,01,Dry,,,,,,,,
Injury Crashes,DA4418000L,Prince George's County Police,Angle,Prince George's,Minor Arterial,No,No,No,No,No,RIGGS RD,212,MARYLAND ROUTE,No,True,No,2/1/2025,No,Point,38.962614397,-76.992512271,PGCOPD,01,16,02,No,14,,14:28,2025,Saturday,12,Motor Vehicle In Transport,05,On Roadway,4,,100,Local,SHERIDAN ST,,06,Non-Junction,01,Daylight,2/1/2025,2025-02-01,N,10.67,F,N,,,54F0B7B7A52CF726D9C6E5BAC3A771BC517AE67319EAADC06EFF513988A858FE,MD,01,No,,,,,01,Dry,,,,,,,,
Property Damage Crashes,DA349300FK,Prince George's County Police,Front to Front,Prince George's,Local,No,No,No,No,No,HARRISON AVE,1789,COUNTY ROAD,No,True,No,4/11/2025,No,Point,38.706703813,-76.984125084,PGCOPD,02,16,03,No,0,,00:01,2025,Friday,15,Parked Vehicle,05,On Roadway,7,,,,,,99,Unknown,03,Dark - Lighted,4/11/2025,2025-04-11,S,12.15,F,N,,,E1B60E80BEF408838A600DA4A8E6D762E662BD1417C0048E006B52F7AD844146,CO,01,No,,,,,01,Dry,,,,,,,,
Property Damage Crashes,BP9424003Y,Forest Heights Police Department,Single Vehicle,Prince George's,Local,No,No,No,No,No,SERVICE RD A,210,MARYLAND ROUTE,No,True,No,5/21/2025,No,Point,38.780765557,-76.997667762,FORESTHEIGHTS,101,16,03,No,0,,00:03,2025,Wednesday,31,Guardrail End Terminal,10,Separator/Traffic Island,7,,,,,,04,Entrance/Exit Ramp or Related,03,Dark - Lighted,5/21/2025,2025-05-21,W,21.67,F,N,,,B12C80409CC7CD0652F83829D26E7597F2D52BBF60111BBA9995DDF6EB5903A2,MD,01,No,35,"Other Fixed Object (wall, building, tunnel, etc.)",06,"On Shoulder, Left Side",01,Dry,,,,,,,,
Injury Crashes,DA43940015,Prince George's County Police,Single Vehicle,Prince George's,Minor Arterial,No,No,No,Yes,No,POWDER MILL RD,212,MARYLAND ROUTE,No,True,No,4/7/2025,No,Point,39.045321406,-76.939873258,PGCOPD,101,16,02,No,20,,20:45,2025,Monday,17,Pedestrian,05,On Roadway,4,,,,,,06,Non-Junction,05,Dark - Unknown Lighting,4/7/2025,2025-04-07,N,126.93,F,N,,,DF303784B7AD43711204AC75AC557FE0059FAC054CBF78225A0B1F663BCE0F73,MD,01,No,,,,,09,Wet,,,,,,,,
Injury Crashes,DA405300K6,Prince George's County Police,Other,Prince George's,Major Collector,No,No,No,No,No,,501,MARYLAND ROUTE,No,True,No,4/26/2025,No,Point,38.951446462,-76.967523673,PGCOPD,98,16,02,No,18,,18:35,2025,Saturday,12,Motor Vehicle In Transport,05,On Roadway,5,,,,,,09,Through Roadway,01,Daylight,4/26/2025,2025-04-26,E,13.87,F,N,,,6BF4BF460C7B33DCDCA8EE241E2217C466CF855D83A2A4BD57658B9E4E4429AB,MD,01,No,,,,,01,Dry,,,,,,,,
Injury Crashes,DA41510066,Prince George's County Police,Front to Front,Prince George's,Principal Arterial – Other Freeways and Expressways,No,No,No,No,No,RAMP 3 FR MD 450 TO RAMP 2 (TO MD 295),295,RAMP,No,True,No,4/18/2025,No,Point,38.938871049,-76.913244030,PGCOPD,02,16,02,No,21,,21:00,2025,Friday,12,Motor Vehicle In Transport,05,On Roadway,2,,,,,,04,Entrance/Exit Ramp or Related,03,Dark - Lighted,4/18/2025,2025-04-18,N,30.79,F,N,,,8AE8F5DE1FBC88ABB2EF6AE7434FBF72E5949089EA30E283FDBF8E844301EE63,RP,01,No,,,,,01,Dry,,,,,,,,
Property Damage Crashes,BW01910028,Greenbelt Police Department,Angle,Prince George's,Principal Arterial – Other,No,No,No,No,No,GREENBELT RD,193,MARYLAND ROUTE,No,True,No,4/24/2025,No,Point,38.994170100,-76.878292739,GREENBELT,01,16,03,No,11,,11:00,2025,Thursday,12,Motor Vehicle In Transport,05,On Roadway,3,,,,,,06,Non-Junction,01,Daylight,4/24/2025,2025-04-24,W,25.74,F,N,,,52CD8660FEE80A6B70BCF1FD016BAD16B1DE2B4AF42DF9F22F483CAEDACC60CD,MD,01,No,,,,,01,Dry,,,,,,,,
Property Damage Crashes,DA406900B8,Prince George's County Police,"Sideswipe, Same Direction",Prince George's,,No,Yes,No,No,Yes,,,,No,True,No,6/4/2025,No,Point,38.997625259,-76.903774599,PGCOPD,07,16,03,,17,,17:42,2025,Wednesday,12,Motor Vehicle In Transport,05,On Roadway,,,100,Local,,,,,01,Daylight,6/4/2025,2025-06-04,,,F,N,102,Parking Lot Way,,,02,"Yes, School Bus Directly Involved",,,,,,,,,,,,,,
Property Damage Crashes,CP01220021,Mount Rainier Police Department,"Sideswipe, Same Direction",Prince George's,Local,No,No,No,No,No,25TH ST,9250,MUNICIPAL ROAD,No,True,No,3/30/2025,No,Point,38.945899020,-76.970223127,MTRAINIER,07,16,03,Yes,20,,20:50,2025,Sunday,12,Motor Vehicle In Transport,99,Unknown,7,,,,ALLEY #5,,09,Through Roadway,03,Dark - Lighted,3/30/2025,2025-03-30,S,18.22,F,N,,,0C910F0D830CB3C773C424B889D437F45B4D79D2FF43CFD408A97D79877FDAEF,MU,01,No,,,,,01,Dry,,,,,,,,
Property Damage Crashes,DA4389002T,Prince George's County Police,Front to Rear,Prince George's,,No,No,No,No,No,,680,COUNTY ROAD,No,True,No,5/6/2025,No,Point,38.969847362,-76.972739021,PGCOPD,03,16,03,No,8,,08:40,2025,Tuesday,12,Motor Vehicle In Transport,05,On Roadway,,,,,,,09,Through Roadway,01,Daylight,5/6/2025,2025-05-06,S,51.2,F,N,,,DB7EA5D9AA774F2F651C2AE5086208F2F9F1F22178288F50DAE8C7AFC689F913,CO,01,No,,,,,01,Dry,,,,,,,,
Property Damage Crashes,DA281000FJ,Prince George's County Police,Front to Rear,Prince George's,,No,No,No,No,No,,74,COUNTY ROAD,No,True,No,1/26/2025,No,Point,38.959674722,-76.857596322,PGCOPD,03,16,03,No,15,,15:04,2025,Sunday,12,Motor Vehicle In Transport,05,On Roadway,,,,,,,06,Non-Junction,01,Daylight,1/26/2025,2025-01-26,W,14.77,F,N,,,8D4403D07F404243DAEB7A537CA39DB003775E0A73E7866A26633F158ACF97FC,CO,01,No,12,Motor Vehicle In Transport,05,On Roadway,01,Dry,,,,,,,,
Property Damage Crashes,DA43500030,Prince George's County Police,Front to Rear,Prince George's,,Yes,No,No,No,No,,122,COUNTY ROAD,No,True,No,4/21/2025,No,Point,38.803872651,-76.955793090,PGCOPD,03,16,03,No,2,,02:11,2025,Monday,12,Motor Vehicle In Transport,05,On Roadway,,,,,,,09,Through Roadway,03,Dark - Lighted,4/21/2025,2025-04-21,N,21.16,F,N,,,E08D82B6813C06E29D0ECFB40C5E14F45E610608AF01752420009A3F46A15361,CO,01,No,,,,,01,Dry,,,,,,,,
Injury Crashes,DA4398000X,Prince George's County Police,Single Vehicle,Prince George's,,No,No,No,Yes,Yes,,,,No,True,No,1/24/2025,No,Point,38.848513210,-76.883020996,PGCOPD,101,16,02,,17,,17:00,2025,Friday,17,Pedestrian,02,In Parking Lane Or Zone,,,,,,,,,01,Daylight,1/24/2025,2025-01-24,,,F,N,102,Parking Lot Way,,,01,No,,,,,,,,,,,,,,
Property Damage Crashes,HV01360020,University Park Police,"Sideswipe, Opposite Direction",Prince George's,Local,No,No,No,No,No,40TH AVE,400,MUNICIPAL ROAD,No,True,No,4/25/2025,No,Point,38.968465847,-76.947614481,UNIVERSITYPARK,06,16,03,No,16,04,16:35,2025,Friday,12,Motor Vehicle In Transport,05,On Roadway,7,Perpendicular,,,TENNYSON RD,03,05,Intersection or Related,01,Daylight,4/25/2025,2025-04-25,S,0,F,N,,,1D043DCD2F9C9A720AE22B448075102A871882867420442B7CF71036836C653C,MU,01,No,12,Motor Vehicle In Transport,05,On Roadway,01,Dry,02,Stop - All Way,,,,,,
Property Damage Crashes,DA38770091,Prince George's County Police,Rear To Side,Prince George's,Local,No,No,No,No,No,PINE LA,810,MARYLAND ROUTE,No,True,No,3/26/2025,No,Point,38.658001408,-77.026286864,PGCOPD,05,16,03,Yes,20,03,20:23,2025,Wednesday,12,Motor Vehicle In Transport,05,On Roadway,7,Perpendicular,,,INDIAN HEAD HWY (SB/L),03,05,Intersection or Related,03,Dark - Lighted,3/26/2025,2025-03-26,S,0,F,N,,,4B0534F6AF314119ED2EE39E43A04DC5DE97AFCA37131C97BDEF1869590E20AF,MD,01,No,,,,,01,Dry,03,Stop - Partial,,,,,,
Injury Crashes,DA281000FS,Prince George's County Police,Rear To Side,Prince George's,Principal Arterial – Other,No,No,No,No,No,MARTIN LUTHER KING JR HWY (WB/L),704,MARYLAND ROUTE,No,True,No,2/27/2025,No,Point,38.945626441,-76.846289470,PGCOPD,05,16,02,Yes,16,03,16:45,2025,Thursday,12,Motor Vehicle In Transport,05,On Roadway,3,Perpendicular,,,RAMP 5 FR MD 704 SB TO IS 595 EB,03,05,Intersection or Related,01,Daylight,2/27/2025,2025-02-27,S,0,F,N,,,57A02E1F639741EF163B417C216A892D141E5F4FDF4363985D6FA9D7493E8493,MD,01,No,12,Motor Vehicle In Transport,05,On Roadway,09,Wet,01,Signalized,,,,,,
Property Damage Crashes,CNC31840023,New Carrollton Police Department,Front to Rear,Prince George's,Minor Arterial,No,No,No,No,No,ANNAPOLIS RD,450,MARYLAND ROUTE,No,True,No,4/23/2025,No,Point,38.950905827,-76.885696830,NCPD,03,16,03,No,9,,09:53,2025,Wednesday,12,Motor Vehicle In Transport,05,On Roadway,4,,,,,,09,Through Roadway,01,Daylight,4/23/2025,2025-04-23,W,53.06,F,N,,,56FDEA4FBF6AC6150473BB36599EC3BBD78B27A4A5CEAC996A4C9A4A1B4CB6C7,MD,01,No,,,,,01,Dry,,,,,,,,
Injury Crashes,DA44210015,Prince George's County Police,Angle,Prince George's,Major Collector,No,No,No,No,No,BRANDYWINE RD,381,MARYLAND ROUTE,No,True,No,3/1/2025,No,Point,38.671486924,-76.796385248,PGCOPD,01,16,02,Yes,12,,12:16,2025,Saturday,12,Motor Vehicle In Transport,05,On Roadway,5,,,,ASHBOX RD,,09,Through Roadway,01,Daylight,3/1/2025,2025-03-01,E,6.57,F,N,,,1240AA80641AECC71F70DA6FF6EC4DACFB20CF9CEE77E5E64B3F563F1BEFE93F,MD,01,No,41,Utility Pole/Light Support,09,Roadside,01,Dry,,,,,,,,
Property Damage Crashes,DA43730021,Prince George's County Police,Other,Prince George's,Principal Arterial – Other,No,No,No,No,No,ST BARNABAS RD,414,MARYLAND ROUTE,No,True,No,1/24/2025,No,Point,38.827189829,-76.944302308,PGCOPD,98,16,03,No,17,,17:15,2025,Friday,12,Motor Vehicle In Transport,05,On Roadway,3,,,,,,09,Through Roadway,03,Dark - Lighted,1/24/2025,2025-01-24,S,20.47,F,N,,,BE42C5264AC075543EDCC445E14A4741E23B3D277C8089CAFC8466BCE8B420EE,MD,01,No,,,,,01,Dry,,,,,,,,
Property Damage Crashes,DA398700CL,Prince George's County Police,"Sideswipe, Same Direction",Prince George's,Minor Arterial,No,No,No,No,No,,564,MARYLAND ROUTE,No,True,No,5/17/2025,No,Point,38.963867698,-76.860043096,PGCOPD,07,16,03,No,17,,17:01,2025,Saturday,12,Motor Vehicle In Transport,05,On Roadway,4,,,,,,09,Through Roadway,01,Daylight,5/17/2025,2025-05-17,N,49.44,F,N,,,B881F720DDF3CDE979BDE0AFBF1E07282A887C2B58094C6C86FF6FA339943FA1,MD,01,No,,,,,01,Dry,,,,,,,,
Property Damage Crashes,BW02240007,Greenbelt Police Department,Front to Rear,Prince George's,Principal Arterial – Other,No,No,No,No,No,GREENBELT RD,193,MARYLAND ROUTE,No,True,No,2/28/2025,No,Point,38.991614381,-76.864503069,GREENBELT,03,16,03,Yes,9,04,09:39,2025,Friday,12,Motor Vehicle In Transport,05,On Roadway,3,Perpendicular,,,MANDAN RD (SB/L),03,05,Intersection or Related,01,Daylight,2/28/2025,2025-02-28,E,0,F,N,,,5C317AA1FD6B97728DADAF775400A0ED6736309A96BFE2544EB83484265B6AB0,MD,01,No,,,,,01,Dry,04,Yield,,,,,,
Injury Crashes,DA44240005,Prince George's County Police,Front to Rear,Prince George's,Minor Arterial,No,No,No,No,No,SUITLAND RD (WB/L),218,MARYLAND ROUTE,Yes,True,No,1/2/2025,No,Point,38.853811060,-76.937739098,PGCOPD,03,16,02,No,16,,16:10,2025,Thursday,12,Motor Vehicle In Transport,05,On Roadway,4,,,,,,06,Non-Junction,01,Daylight,1/2/2025,2025-01-02,S,16.61,F,N,,,155A1BFE509372938A1681FAADD12AB2B4DDBF159EB172922DF219EF2AF210BB,MD,01,No,,,,,01,Dry,,,,,,,,
Property Damage Crashes,MSP7875001Y,Maryland State Police,Single Vehicle,Prince George's,Principal Arterial – Other Freeways and Expressways,No,No,No,No,No,BALTIMORE WASHINGTON PKWY (SB/L),295,MARYLAND ROUTE,No,True,No,2/13/2025,No,Point,38.991385083,-76.886801731,MSP,101,16,03,No,6,,06:23,2025,Thursday,05,Jackknife,05,On Roadway,2,,,,,,06,Non-Junction,03,Dark - Lighted,2/13/2025,2025-02-13,S,26.2,F,N,,,90941B446D41AF898361C4CB0339721A4C2273B690B88FF5062E2281A6CD421C,MD,01,No,,,,,09,Wet,,,,,,,,
Property Damage Crashes,DA4389002M,Prince George's County Police,Unknown,Prince George's,,No,No,No,No,No,,354,SPUR,No,True,No,3/16/2025,No,Point,38.990855828,-76.974073718,PGCOPD,99,16,03,No,0,,00:00,2025,Sunday,19,Strikes Object at Rest from Motor Vehicle In Transport,05,On Roadway,,,,,,,09,Through Roadway,99,Unknown,3/16/2025,2025-03-16,S,3.7,F,N,,,4F9358AFE20185EE130E94EC796E4D24135BE0BE1E265C8B77746C261C1DE7E4,SP,01,No,,,,,99,Unknown,,,,,,,,
Property Damage Crashes,DA3707005D,Prince George's County Police,Angle,Prince George's,,No,No,No,No,Yes,,,,No,True,No,5/28/2025,No,Point,38.959257964,-76.864114550,PGCOPD,01,16,03,,14,,14:12,2025,Wednesday,12,Motor Vehicle In Transport,02,In Parking Lane Or Zone,,,,,,,,,01,Daylight,5/28/2025,2025-05-28,,,F,N,101,Parking Aisle,,,01,No,,,,,,,,,,,,,,
Property Damage Crashes,DA29690013,Prince George's County Police,Single Vehicle,Prince George's,Minor Arterial,No,No,No,No,No,BRANDYWINE RD,599,COUNTY ROAD,No,True,No,3/2/2025,No,Point,38.705499269,-76.883127803,PGCOPD,101,16,03,No,1,,01:52,2025,Sunday,40,Tree (standing),06,"On Shoulder, Left Side",4,,,,,,06,Non-Junction,04,Dark - Not Lighted,3/2/2025,2025-03-02,S,2.2,F,N,,,A9A95477CEEC1353DF0BF328E49029B85BD119C943B8EBB557A31DA5A08B2E75,CO,01,No,,,,,01,Dry,,,,,,,,