Crash Severity Description,Reportnumber,Agencyname,CollisionImpact Description,Crash County Description,FunctionalClass Description,ImpairedCrash,Large Vehicle Involved,Motorcycle Crash,Non-Motorist Crash,OffRoad,RoadName,Route Number,RouteType Description,Unrestrained Occupants,WithinDateRange,Work Zone Related,Crashdate,Work Zone Crash,CrashPoint,Latitude,Longitude,AgencyCode,CollisionImpact,Crash County,Crash Severity,Crash Within Interchange,Crashhour,CrashInterchangeApproaches,Crashtime,CrashYear,Dayofweek,FirstHarmEvent,FirstHarmEvent Description,FirstHarmLocation,FirstHarmLocation Description,FunctionalClass,Geometry Description,GovPropertyDamage,GovPropertyDamage Description,IntersectingRoadName,Intersection Geometry,JunctionRelated,JunctionRelated Description,Light,Light Description,LOD Crash Date,LOD Date Level,MilepointDirection,MilepointDistance,MilepointUnits,NonTrafficFatal,OffroadLocation,OffroadLocation Description,RoadID,RouteType,SchoolBusRelated,SchoolBusRelated Description,SecondHarmEvent,SecondHarmEvent Description,SecondHarmLocation,SecondHarmLocation Description,Surface,Surface Description,TrafficControl,Trafficcontrol Description,WZLawEnforcementPresent,WZLocation,WZLocation Description,WZType,WZType Description,WZWorkersPresent
Fatal Crashes,DA31190035,Prince George's County Police,Single Vehicle,Prince George's,Principal Arterial – Other,Yes,Yes,Yes,No,No,RHODE ISLAND AVE (SB/L),1,UNITED STATE ROUTE,No,True,No,4/15/2025,No,Point,38.943246622,-76.949883745,PGCOPD,101,16,01,No,18,,18:10,2025,Tuesday,27,Curb,03,Median,3,,,,,,03,Driveway Access or Related,01,Daylight,4/15/2025,2025-04-15,W,25.83,F,N,,,9C736F00A9C1B13F6E2A97E99EF69B6EAE84C90234F4162606A1BE82E496F3C5,US,01,No,12,Motor Vehicle In Transport,05,On Roadway,01,Dry,,,,,,,,
Property Damage Crashes,CBPD0031002B,Bowie Police Department,Single Vehicle,Prince George's,Major Collector,No,No,No,Yes,No,HARBOUR WAY,1015,MUNICIPAL ROAD,No,True,No,4/9/2025,No,Point,38.948742258,-76.718906989,BOWIE,101,16,03,No,18,,18:00,2025,Wednesday,08,Thrown Or Falling Object,04,"Off-Roadway, Location Unknown",5,,,,,,08,Shared-Use Path or Trail,01,Daylight,4/9/2025,2025-04-09,S,24.88,F,N,,,3D046179CF36CE3722F7D5D4214A4D8B11A9DFC9EAC3A038A6605C586A527EC8,MU,01,No,12,Motor Vehicle In Transport,04,"Off-Roadway, Location Unknown",01,Dry,,,,,,,,
Injury Crashes,MSP78390023,Maryland State Police,Angle,Prince George's,Interstate,Yes,No,No,No,No,RAMP 10 FR RP 4 (FR IS95 NB) TO MD202 WB,95,RAMP,No,True,No,2/5/2025,No,Point,38.917258081,-76.849229038,MSP,01,16,02,No,22,,22:26,2025,Wednesday,12,Motor Vehicle In Transport,05,On Roadway,1,,,,LANDOVER RD (SB/L),,09,Through Roadway,04,Dark - Not Lighted,2/5/2025,2025-02-05,S,7.63,F,N,,,7DFED24725C9C96682F844A45A817D13FB69BEE393AD933249073EF0F434D798,RP,01,No,,,,,09,Wet,,,,,,,,
Property Damage Crashes,DA40430098,Prince George's County Police,Front to Rear,Prince George's,Minor Collector,No,No,No,No,No,DULEY STATION RD,3646,COUNTY ROAD,No,True,No,1/11/2025,No,Point,38.746611568,-76.794711380,PGCOPD,03,16,03,No,1,,01:15,2025,Saturday,12,Motor Vehicle In Transport,09,Roadside,6,,,,,,09,Through Roadway,03,Dark - Lighted,1/11/2025,2025-01-11,W,28.27,F,N,,,4CC4276D28D9E08B24D087036F6DE84BDD6D397269553551E491B7142C282F1D,CO,01,No,,,,,07,Snow,,,,,,,,
Injury Crashes,DS0516000G,University of Maryland Police College Park,Other,Prince George's,Local,No,No,No,No,No,REGENTS DR,162,STATE ROAD,Yes,True,No,4/11/2025,No,Point,38.988474518,-76.940614344,UMCP,98,16,02,No,15,,15:41,2025,Friday,12,Motor Vehicle In Transport,05,On Roadway,7,,,,,,03,Driveway Access or Related,01,Daylight,4/11/2025,2025-04-11,S,14.12,F,N,,,71624476B7F8242314DC204C947C1E80281FBE90295C92E026C6E29A0AC88C7F,SR,01,No,14,Other Non-Motorist,05,On Roadway,09,Wet,,,,,,,,
Property Damage Crashes,CBPD0091005W,Bowie Police Department,Single Vehicle,Prince George's,,No,No,No,No,No,,120,MUNICIPAL ROAD,No,True,No,4/16/2025,No,Point,38.962094877,-76.724357456,BOWIE,101,16,03,No,7,,07:54,2025,Wednesday,27,Curb,09,Roadside,,,100,Local,,,99,Unknown,01,Daylight,4/16/2025,2025-04-16,N,8.22,F,N,,,83BF5E9A221CC68A5C4E28188A852A4623597CD49D3C949BFCDED1EAB902CC20,MU,01,No,41,Utility Pole/Light Support,09,Roadside,01,Dry,,,,,,,,
Property Damage Crashes,DA345600FT,Prince George's County Police,"Sideswipe, Same Direction",Prince George's,Major Collector,No,No,No,No,No,,501,MARYLAND ROUTE,No,True,No,5/12/2025,No,Point,38.953643395,-76.975843869,PGCOPD,07,16,03,No,9,,09:02,2025,Monday,12,Motor Vehicle In Transport,05,On Roadway,5,,,,,,06,Non-Junction,01,Daylight,5/12/2025,2025-05-12,N,55.65,F,N,,,2CDAEC1BB6BC0D8325B85AB0ECDA5A21155293FB2A887D98D86BF4B04C710180,MD,01,No,,,,,01,Dry,,,,,,,,
Property Damage Crashes,MSP546601T3,Maryland State Police,"Sideswipe, Same Direction",Prince George's,Interstate,No,No,No,No,No,CAPITAL BELTWAY (SB/L),95,INTERSTATE ROUTE,No,True,No,4/10/2025,No,Point,38.818279503,-76.934030972,MSP,07,16,03,Yes,19,,19:22,2025,Thursday,12,Motor Vehicle In Transport,05,On Roadway,1,,,,,,09,Through Roadway,04,Dark - Not Lighted,4/10/2025,2025-04-10,E,52.65,F,N,,,5936292B58761CC0516AD4800B2AECDEA939DCDD18D2739F153A58B72DEAE6C9,IS,01,No,,,,,01,Dry,,,,,,,,
Property Damage Crashes,CE5221002J,Laurel Police Department,Front to Front,Prince George's,Local,No,No,No,No,No,LAUREL AVE,210,MUNICIPAL ROAD,No,True,No,1/15/2025,No,Point,39.100956705,-76.846868455,LAUREL,02,16,03,No,11,,11:38,2025,Wednesday,12,Motor Vehicle In Transport,05,On Roadway,7,,,,WASHINGTON BLVD (SB/L),,06,Non-Junction,01,Daylight,1/15/2025,2025-01-15,S,8.64,F,N,,,B1983FF780F79149B8DBFF1B49E4A1BFF548AD63ED74ED114C3953592A7E4AF7,MU,01,No,,,,,01,Dry,,,,,,,,
Property Damage Crashes,MSP7765007B,Maryland State Police,Front to Rear,Prince George's,Principal Arterial – Other,No,No,No,No,No,CENTRAL AVE,214,MARYLAND ROUTE,No,True,No,4/4/2025,No,Point,38.898942017,-76.823551981,MSP,03,16,03,No,18,,18:33,2025,Friday,12,Motor Vehicle In Transport,05,On Roadway,3,,,,,,09,Through Roadway,01,Daylight,4/4/2025,2025-04-04,W,26.68,F,N,,,564A21E3DA2C44FFD6D7A5A2CCF5D9BC3416A14DDB32BC6E7AD1723774EB7BD3,MD,01,No,,,,,01,Dry,,,,,,,,
Property Damage Crashes,AZ1710001X,Cheverly Police Department,"Sideswipe, Same Direction",Prince George's,Principal Arterial – Other,No,No,No,No,No,LANDOVER RD (SB/L),202,MARYLAND ROUTE,No,True,No,1/2/2025,No,Point,38.935558283,-76.918191254,CHEVERLY,07,16,03,Yes,13,02,13:23,2025,Thursday,12,Motor Vehicle In Transport,05,On Roadway,3,Perpendicular,,,58TH PL,03,05,Intersection or Related,01,Daylight,1/2/2025,2025-01-02,E,0,F,N,,,799EDEF4D6E43E7CB6D47AE283927AEA3F5E1D5F4DF4E90B5B0AEF019DBDB4B7,MD,01,No,97,Not Applicable,,,01,Dry,01,Signalized,,,,,,
Injury Crashes,DA3304004M,Prince George's County Police,Rear To Rear,Prince George's,Principal Arterial – Other Freeways and Expressways,No,No,No,No,No,INDIAN HEAD HWY (SB/L),210,MARYLAND ROUTE,No,True,No,2/28/2025,No,Point,38.685392211,-76.995037692,PGCOPD,04,16,02,No,15,,15:03,2025,Friday,12,Motor Vehicle In Transport,05,On Roadway,2,,,,,,06,Non-Junction,01,Daylight,2/28/2025,2025-02-28,E,5.43,F,N,,,B2591AF7637A311127BEBA534DD88FD8852962F61746312E35008C1F4F112177,MD,01,No,,,,,01,Dry,,,,,,,,
Property Damage Crashes,AM0339005V,Bladensburg Police Department,Front to Front,Prince George's,Minor Arterial,No,No,No,No,No,ANNAPOLIS RD (WB/L),450,MARYLAND ROUTE,No,True,No,4/23/2025,No,Point,38.939565235,-76.917881623,BLADENSBURG,02,16,03,Yes,22,04,22:30,2025,Wednesday,12,Motor Vehicle In Transport,05,On Roadway,4,Angled/Skewed,,,57TH AVE,01,05,Intersection or Related,03,Dark - Lighted,4/23/2025,2025-04-23,W,0,F,N,,,10967C89CF898868DB2E78C43EAE67F5FE074583025CF17F4687F34427C43C8D,MD,01,No,,,,,01,Dry,01,Signalized,,,,,,
Property Damage Crashes,DA4379001C,Prince George's County Police,Front to Rear,Prince George's,Principal Arterial – Other,No,No,No,No,No,BALTIMORE AVE,1,UNITED STATE ROUTE,No,True,No,2/9/2025,No,Point,38.984278662,-76.937513253,PGCOPD,03,16,03,No,2,,02:50,2025,Sunday,12,Motor Vehicle In Transport,05,On Roadway,3,,,,,,01,Acceleration/Deceleration Lane,03,Dark - Lighted,2/9/2025,2025-02-09,S,5.77,F,N,,,F2F7EB907949B2DDE33DE1BAE8AFEFD8C62BAE6625FE0B4DD7693525182904C5,US,01,No,,,,,01,Dry,,,,,,,,
Property Damage Crashes,DA4301003M,Prince George's County Police,Angle,Prince George's,Local,No,No,No,No,No,LIVINGSTON RD,4524,COUNTY ROAD,No,True,No,1/10/2025,No,Point,38.727214355,-76.990217995,PGCOPD,01,16,03,No,19,,19:50,2025,Friday,12,Motor Vehicle In Transport,01,Gore,7,,,,,,06,Non-Junction,05,Dark - Unknown Lighting,1/10/2025,2025-01-10,S,576.7,F,N,,,B160318563A22646EF0AB0CC9F822ED595719F9E29998C5B3BB0261CA5470E31,CO,01,No,,,,,01,Dry,,,,,,,,
Property Damage Crashes,DS0531000K,University of Maryland Police College Park,Front to Rear,Prince George's,Major Collector,No,No,No,No,No,METZEROTT RD,230,COUNTY ROAD,No,True,No,5/28/2025,No,Point,39.000491977,-76.943196544,UMCP,03,16,03,No,20,,20:36,2025,Wednesday,12,Motor Vehicle In Transport,05,On Roadway,5,,,,,,09,Through Roadway,101,Dusk,5/28/2025,2025-05-28,W,17.62,F,N,,,823E56DEC75B381665ACEBDCAA1DCA0FB8E4A102B668D8670420369169ABB624,CO,01,No,,,,,09,Wet,,,,,,,,
Property Damage Crashes,MSP726800GY,Maryland State Police,Angle,Prince George's,Local,No,Yes,No,No,No,,978,MARYLAND ROUTE,No,True,No,1/14/2025,No,Point,38.896802973,-76.721678253,MSP,01,16,03,No,9,,09:22,2025,Tuesday,12,Motor Vehicle In Transport,05,On Roadway,7,,,,CRAIN HWY (SB/L),,06,Non-Junction,01,Daylight,1/14/2025,2025-01-14,N,24.9,F,N,,,16B2A8EE2BA46D4EBF1C76B01A3CCA98051008BA2440F11DCF913FFF6A695A32,MD,01,No,,,,,01,Dry,,,,,,,,
Property Damage Crashes,DA4314003P,Prince George's County Police,Front to Rear,Prince George's,Minor Arterial,No,No,No,No,No,HARRY S TRUMAN DR (SB/L),3465,COUNTY ROAD,No,True,No,5/13/2025,No,Point,38.887932483,-76.836373261,PGCOPD,03,16,03,No,18,,18:00,2025,Tuesday,12,Motor Vehicle In Transport,05,On Roadway,4,,,,,,06,Non-Junction,01,Daylight,5/13/2025,2025-05-13,S,53.22,F,N,,,B38FD35F74D45DCE90616768111C7517FA778DF8116F9D9FEC521700CEEB88CA,CO,01,No,97,Not Applicable,,,09,Wet,,,,,,,,
Property Damage Crashes,DA29780011,Prince George's County Police,"Sideswipe, Same Direction",Prince George's,Minor Arterial,No,Yes,No,No,No,IVERSON ST,5466,COUNTY ROAD,No,True,No,3/14/2025,No,Point,38.839241025,-76.946912904,PGCOPD,07,16,03,No,17,,17:52,2025,Friday,12,Motor Vehicle In Transport,05,On Roadway,4,,,,,,06,Non-Junction,01,Daylight,3/14/2025,2025-03-14,S,17.21,F,N,,,8A206FCC8D63596AB9AFCFF2E3FBD9B2D1DBFC4EE94BD4CBD6029E42115B1685,CO,01,No,,,,,01,Dry,,,,,,,,
Property Damage Crashes,MSP738100D4,Maryland State Police,Single Vehicle,Prince George's,Principal Arterial – Other,No,No,No,No,No,CRAIN HWY,301,UNITED STATE ROUTE,No,True,No,5/28/2025,No,Point,38.814499392,-76.736275450,MSP,101,16,03,No,19,,19:06,2025,Wednesday,32,Guardrail Face,06,"On Shoulder, Left Side",3,,101,State,,,01,Acceleration/Deceleration Lane,01,Daylight,5/28/2025,2025-05-28,W,477.32,F,N,,,FBB3BE85C9BCBC6F957088AFEF38C3A58A45CD79AAD7B36439A36885955BCFE9,US,01,No,,,,,09,Wet,,,,,,,,
Property Damage Crashes,MSP7776005D,Maryland State Police,Front to Rear,Prince George's,Interstate,No,Yes,No,No,No,CAPITAL BELTWAY,95,INTERSTATE ROUTE,No,True,No,3/21/2025,No,Point,38.984214025,-76.878629024,MSP,03,16,03,No,10,,10:12,2025,Friday,12,Motor Vehicle In Transport,05,On Roadway,1,,101,State,,,06,Non-Junction,01,Daylight,3/21/2025,2025-03-21,W,28.84,F,N,,,E69334813EFA1C9571F857050C7FBF669EA375030319D8486B90F1A272A7F22C,IS,01,No,,,,,01,Dry,,,,,,,,
Property Damage Crashes,DA44350007,Prince George's County Police,Single Vehicle,Prince George's,Minor Arterial,No,No,No,No,No,BRIGGS CHANEY RD,12,COUNTY ROAD,No,True,No,5/29/2025,No,Point,39.063657160,-76.935591753,PGCOPD,101,16,03,No,3,,03:00,2025,Thursday,39,Traffic Signal Support,01,Gore,4,,100,Local,GREENMOUNT AVE GREENMOUNT CT,,01,Acceleration/Deceleration Lane,03,Dark - Lighted,5/29/2025,2025-05-29,E,24.32,F,N,,,892FCE8BB0AB471861C274FCD8465850303020466A018275FB4B0D2FF7FB5319,CO,01,No,35,"Other Fixed Object (wall, building, tunnel, etc.)",01,Gore,09,Wet,,,,,,,,
Property Damage Crashes,DA4409000W,Prince George's County Police,Front to Front,Prince George's,Local,No,No,No,No,No,55TH AVE,488,COUNTY ROAD,No,True,No,5/21/2025,No,Point,38.948992603,-76.921774675,PGCOPD,02,16,03,No,2,,02:40,2025,Wednesday,12,Motor Vehicle In Transport,05,On Roadway,7,,,,,,06,Non-Junction,03,Dark - Lighted,5/21/2025,2025-05-21,S,16.02,F,N,,,327C5F9495ADB74EFA8EEED56A25BEC22D0A0379222E6B6CB2EEBEB7A0627DB4,CO,01,No,,,,,09,Wet,,,,,,,,
Property Damage Crashes,MSP77780070,Maryland State Police,Single Vehicle,Prince George's,Interstate,No,No,No,No,No,CAPITAL BELTWAY (SB/L),95,INTERSTATE ROUTE,No,True,No,1/8/2025,No,Point,38.826865409,-76.879280612,MSP,101,16,03,No,18,,18:17,2025,Wednesday,40,Tree (standing),07,"On Shoulder, Right Side",1,,,,,,09,Through Roadway,04,Dark - Not Lighted,1/8/2025,2025-01-08,E,33.55,F,N,,,6ABFC43FDC7218BF72D012C33230C267760C98E87E7289EF47E3EBA9EDE44503,IS,01,No,,,,,06,Slush,,,,,,,,
Injury Crashes,GD31720001,Landover Police Department,Front to Front,Prince George's,Minor Arterial,No,No,No,No,No,ANNAPOLIS RD,450,MARYLAND ROUTE,No,True,No,6/3/2025,No,Point,38.944734855,-76.899645428,LANDOVER,02,16,02,Yes,15,03,15:31,2025,Tuesday,12,Motor Vehicle In Transport,05,On Roadway,4,Perpendicular,,,68TH PL,03,05,Intersection or Related,01,Daylight,6/3/2025,2025-06-03,S,0,F,N,,,D9BEA3C7C01658A7D2927BFA64860D0F670AC8B4A450C48ACDDEBEB8FE3FB03B,MD,01,No,39,Traffic Signal Support,03,Median,01,Dry,03,Stop - Partial,,,,,,
Injury Crashes,DA4251006Q,Prince George's County Police,Front to Rear,Prince George's,Principal Arterial – Other,No,No,No,No,No,GREENBELT RD,193,MARYLAND ROUTE,No,True,No,3/21/2025,No,Point,38.990779440,-76.835121958,PGCOPD,03,16,02,Yes,11,,11:35,2025,Friday,12,Motor Vehicle In Transport,05,On Roadway,3,,,,,,09,Through Roadway,01,Daylight,3/21/2025,2025-03-21,N,6.92,F,N,,,E892B7B751A884C5BADE3F39FDD191DD643AFCB73ECAC1DAF9453549975052AE,MD,01,No,,,,,01,Dry,,,,,,,,
Property Damage Crashes,DA28840089,Prince George's County Police,"Sideswipe, Same Direction",Prince George's,Minor Arterial,No,Yes,No,No,No,POWDER MILL RD,212,MARYLAND ROUTE,Yes,True,No,3/15/2025,No,Point,39.047308986,-76.916560625,PGCOPD,07,16,03,No,10,,10:07,2025,Saturday,12,Motor Vehicle In Transport,05,On Roadway,4,,101,State,EMACK RD,,09,Through Roadway,01,Daylight,3/15/2025,2025-03-15,W,8.49,F,N,,,A4514F11E9C9CE755494DF3052177C73B4B15B83A93D798B751790751A7A424A,MD,01,No,97,Not Applicable,,,01,Dry,,,,,,,,
Property Damage Crashes,MSP7416000N,Maryland State Police,Angle,Prince George's,Interstate,No,No,No,No,No,CAPITAL BELTWAY,95,INTERSTATE ROUTE,No,True,No,2/1/2025,No,Point,38.979947858,-76.875163999,MSP,01,16,03,No,4,,04:11,2025,Saturday,12,Motor Vehicle In Transport,05,On Roadway,1,,,,,,09,Through Roadway,04,Dark - Not Lighted,2/1/2025,2025-02-01,E,40.94,F,N,,,2FA6F52C7ACDB0CCFC0699EC9060601AE6FF19A120242F8BE722D6AF1C814E99,IS,01,No,,,,,09,Wet,,,,,,,,
Property Damage Crashes,DA4378002K,Prince George's County Police,Front to Front,Prince George's,Local,No,No,No,No,No,LONGWOOD DR,6282,COUNTY ROAD,No,True,No,2/10/2025,No,Point,39.059952916,-76.878674466,PGCOPD,02,16,03,No,7,,07:15,2025,Monday,15,Parked Vehicle,05,On Roadway,7,,,,,,06,Non-Junction,01,Daylight,2/10/2025,2025-02-10,N,7.5,F,N,,,E95FB5EC2C809C7F5C81A1F4B571DABDF522CC130B06DF5728ADAFA328A94880,CO,01,No,,,,,01,Dry,,,,,,,,
Injury Crashes,DA4332003H,Prince George's County Police,Other,Prince George's,Major Collector,No,No,No,No,No,RHODE ISLAND AVE,171,MUNICIPAL ROAD,No,True,No,4/25/2025,No,Point,39.015200239,-76.921072375,PGCOPD,98,16,02,Yes,15,,15:00,2025,Friday,12,Motor Vehicle In Transport,05,On Roadway,5,,,,,,02,Crossover-Related,01,Daylight,4/25/2025,2025-04-25,N,31.48,F,N,,,64FC5A8F48E4C0F5A3B15B47C3EA76C86C879DED6D8921ABE5D96472B89D8A5A,MU,01,No,,,,,01,Dry,,,,,,,,
Property Damage Crashes,DA4359001J,Prince George's County Police,Single Vehicle,Prince George's,,No,Yes,No,No,No,,1883,PRIVATE ROAD,No,True,No,3/20/2025,No,Point,39.079127795,-76.849335204,PGCOPD,101,16,03,No,8,,08:01,2025,Thursday,36,"Other Post, Pole, Or Support",02,In Parking Lane Or Zone,,,,,,,06,Non-Junction,01,Daylight,3/20/2025,2025-03-20,S,13.68,F,N,,,9736FF8E998F537DE12387CC09A50B577297280A29AF12AA73A13BBCDE8BBE38,PV,02,"Yes, School Bus Directly Involved",,,,,01,Dry,,,,,,,,
Property Damage Crashes,CBPD01170084,Bowie Police Department,"Sideswipe, Opposite Direction",Prince George's,,No,No,No,No,Yes,,,,Yes,True,No,3/19/2025,No,Point,38.946115020,-76.722509849,BOWIE,06,16,03,,14,,14:01,2025,Wednesday,12,Motor Vehicle In Transport,02,In Parking Lane Or Zone,,,,,,,,,01,Daylight,3/19/2025,2025-03-19,,,F,N,100,Parking Stall,,,01,No,,,,,,,,,,,,,,
Property Damage Crashes,CBPD00310027,Bowie Police Department,Angle,Prince George's,Major Collector,No,No,No,No,No,MITCHELLVILLE RD (SB/L),73,COUNTY ROAD,No,True,No,1/13/2025,No,Point,38.940669801,-76.727488803,BOWIE,01,16,03,Yes,13,02,13:45,2025,Monday,12,Motor Vehicle In Transport,05,On Roadway,5,Perpendicular,,,EXCALIBUR RD,03,05,Intersection or Related,01,Daylight,1/13/2025,2025-01-13,N,0,F,N,,,08EE9D2CB5906E97505A66E5875BF906F407F8D8D5E57A837D96369337EC1039,CO,01,No,97,Not Applicable,,,01,Dry,01,Signalized,,,,,,
Property Damage Crashes,DA43040060,Prince George's County Police,Front to Rear,Prince George's,,No,No,No,No,No,CHERRY HILL RD (EB/L),14,COUNTY ROAD,No,True,No,2/24/2025,No,Point,39.042348185,-76.949712911,PGCOPD,03,16,03,No,6,,06:16,2025,Monday,12,Motor Vehicle In Transport,99,Unknown,,,,,CHERRY HILL CT NO NAME,,06,Non-Junction,03,Dark - Lighted,2/24/2025,2025-02-24,S,32.23,F,N,,,6F2FB8C6A9D51B5FF42846E9E678209463B65E519042E391E777A1D4DB387CDA,CO,01,No,,,,,01,Dry,,,,,,,,
Property Damage Crashes,DA44300017,Prince George's County Police,Angle,Prince George's,Interstate,No,No,No,No,No,RAMP 8 FR IS 95 SB TO MD 202F WB,95,RAMP,No,True,No,6/3/2025,No,Point,38.907110032,-76.850974142,PGCOPD,01,16,03,Yes,10,,10:15,2025,Tuesday,12,Motor Vehicle In Transport,05,On Roadway,1,,,,ARENA DR RAMP 6 FR MD 202F EB TO IS 95 SB,,09,Through Roadway,01,Daylight,6/3/2025,2025-06-03,N,32.81,F,N,,,C25ABCC2AEB032563D483C6E1723B247A60025654409E3674E4D3E815BFD652A,RP,01,No,,,,,01,Dry,,,,,,,,
Property Damage Crashes,DA3352005P,Prince George's County Police,Front to Rear,Prince George's,Minor Arterial,No,No,No,No,No,SHERIFF RD,75,COUNTY ROAD,No,True,No,4/11/2025,No,Point,38.907672913,-76.900968770,PGCOPD,03,16,03,No,20,,20:15,2025,Friday,12,Motor Vehicle In Transport,04,"Off-Roadway, Location Unknown",4,,,,,,99,Unknown,03,Dark - Lighted,4/11/2025,2025-04-11,N,23.07,F,N,,,1D8E52A01CDCDAB8C8AA3407FFA7A8A1504DF476894AE5998C60AD310A453784,CO,01,No,,,,,09,Wet,,,,,,,,
Property Damage Crashes,MSP7787005H,Maryland State Police,"Sideswipe, Same Direction",Prince George's,Interstate,No,No,No,No,No,CAPITAL BELTWAY,95,INTERSTATE ROUTE,No,True,No,3/10/2025,No,Point,38.954973689,-76.863276781,MSP,07,16,03,No,18,,18:08,2025,Monday,12,Motor Vehicle In Transport,05,On Roadway,1,,,,,,01,Acceleration/Deceleration Lane,01,Daylight,3/10/2025,2025-03-10,S,38.48,F,N,,,0C7248583342331114B9985366765C8D32A507BD0D749334DB403166B1E001FE,IS,01,No,,,,,01,Dry,,,,,,,,
Property Damage Crashes,DA41250075,Prince George's County Police,Angle,Prince George's,Local,No,No,No,No,No,FARRAGUT ST,423,COUNTY ROAD,No,True,No,1/22/2025,No,Point,38.948366409,-76.922274904,PGCOPD,01,16,03,Yes,12,04,12:13,2025,Wednesday,12,Motor Vehicle In Transport,05,On Roadway,7,Perpendicular,,,55TH AVE,03,05,Intersection or Related,01,Daylight,1/22/2025,2025-01-22,W,0,F,N,,,69F9B6615C6A98B523A9D3620BBB3C0448A345091462087E8A82AA06B76E95B7,CO,01,No,12,Motor Vehicle In Transport,05,On Roadway,01,Dry,03,Stop - Partial,,,,,,
Property Damage Crashes,DA4304006G,Prince George's County Police,Front to Rear,Prince George's,Local,No,No,No,No,No,N LINCOLN AVE,1881,COUNTY ROAD,No,True,No,4/3/2025,No,Point,39.052991629,-76.917317734,PGCOPD,03,16,03,No,19,,19:30,2025,Thursday,12,Motor Vehicle In Transport,05,On Roadway,7,,,,,,99,Unknown,99,Unknown,4/3/2025,2025-04-03,N,59.64,F,N,,,ED272BBC29E0395EC32ACACACC965344CA4AD97FC4F633DBCF01F19C7D75787D,CO,01,No,,,,,01,Dry,,,,,,,,
Injury Crashes,DA4400000T,Prince George's County Police,Angle,Prince George's,Local,No,Yes,No,No,No,RENA RD,413,COUNTY ROAD,Yes,True,No,1/2/2025,No,Point,38.829161837,-76.878961314,PGCOPD,01,16,02,Yes,10,,10:30,2025,Thursday,12,Motor Vehicle In Transport,09,Roadside,7,,,,,,09,Through Roadway,01,Daylight,1/2/2025,2025-01-02,W,44.93,F,N,,,214CE24932653D8AA9A64D195D1AE6A0B5F945B5EA4AB6CA7DA62A26BE2E22E3,CO,01,No,,,,,01,Dry,,,,,,,,
Property Damage Crashes,MSP757700HM,Maryland State Police,Single Vehicle,Prince George's,Interstate,No,Yes,No,No,No,CAPITAL BELTWAY (SB/L),95,INTERSTATE ROUTE,No,True,No,2/10/2025,No,Point,39.018113333,-76.925516667,MSP,101,16,03,No,14,,14:59,2025,Monday,03,Explosion Or Fire,05,On Roadway,1,,,,,,09,Through Roadway,01,Daylight,2/10/2025,2025-02-10,W,25.66,F,N,,,A65931FBF4CC148806194EDB53EBD1BB8D01B919441A657C7A2830E857FB34E0,IS,01,No,97,Not Applicable,,,01,Dry,,,,,,,,
Property Damage Crashes,DA4268007F,Prince George's County Police,Other,Prince George's,Major Collector,No,No,No,No,No,RHODE ISLAND AVE,171,MUNICIPAL ROAD,No,True,No,4/20/2025,No,Point,39.010429650,-76.922276510,PGCOPD,98,16,03,Yes,8,,08:11,2025,Sunday,12,Motor Vehicle In Transport,05,On Roadway,5,,,,HOLLYWOOD RD,,09,Through Roadway,01,Daylight,4/20/2025,2025-04-20,W,16.72,F,N,,,EF8DDE2C31CEB37FE39B8CA2E54B522103061F1772437A401BD532C0ECB3B9E0,MU,01,No,,,,,01,Dry,,,,,,,,
Injury Crashes,GB1029000D,Edmonston Police Department,Angle,Prince George's,Major Collector,No,Yes,No,No,No,BUCHANAN ST,20,MUNICIPAL ROAD,No,True,No,2/7/2025,No,Point,38.945549906,-76.931465151,EDMONSTON,01,16,02,No,17,,17:01,2025,Friday,12,Motor Vehicle In Transport,05,On Roadway,5,,,,,,99,Unknown,01,Daylight,2/7/2025,2025-02-07,S,34.35,F,N,,,9FB639EEE041D917C3199346531C5DDDA75A2A990880C0EEFE18F1E28A028D58,MU,01,No,,,,,01,Dry,,,,,,,,
Property Damage Crashes,DA4426000L,Prince George's County Police,"Sideswipe, Same Direction",Prince George's,Principal Arterial – Other,No,No,No,No,No,MARTIN LUTHER KING JR HWY,704,MARYLAND ROUTE,No,True,No,2/27/2025,No,Point,38.908905168,-76.892590380,PGCOPD,07,16,03,No,5,,05:13,2025,Thursday,12,Motor Vehicle In Transport,05,On Roadway,3,,,,,,06,Non-Junction,03,Dark - Lighted,2/27/2025,2025-02-27,S,14.89,F,N,,,A289BCA0ED6015A061EFE9618954ED66C6BBC875C0E0EFB3D96AFC9326255700,MD,01,No,,,,,01,Dry,,,,,,,,
Property Damage Crashes,DA4328003G,Prince George's County Police,Front to Front,Prince George's,Principal Arterial – Other,No,No,No,No,No,OXON HILL RD,414,MARYLAND ROUTE,Yes,True,No,5/30/2025,No,Point,38.805071439,-76.976147784,PGCOPD,02,16,03,No,15,,15:59,2025,Friday,12,Motor Vehicle In Transport,05,On Roadway,3,,,,,,06,Non-Junction,01,Daylight,5/30/2025,2025-05-30,E,41.55,F,N,,,A6334ABEC5C6FA8DEF5B2E4EFBC1EB10230644C6B37A6B12ABF697D193F55DF0,MD,01,No,,,,,01,Dry,,,,,,,,
Property Damage Crashes,DA3837002H,Prince George's County Police,Front to Front,Prince George's,Minor Arterial,Yes,No,No,No,No,RITCHIE RD,87,COUNTY ROAD,No,True,No,4/4/2025,No,Point,38.856534516,-76.871824303,PGCOPD,02,16,03,No,22,,22:44,2025,Friday,12,Motor Vehicle In Transport,05,On Roadway,4,,,,,,06,Non-Junction,03,Dark - Lighted,4/4/2025,2025-04-04,S,24.18,F,N,,,1568524D45FA1DD48CAFA630E0FE61F26B3A4F5B925B22DCE9E86958349BA807,CO,01,No,,,,,01,Dry,,,,,,,,