Crash Severity Description,Reportnumber,Agencyname,CollisionImpact Description,Crash County Description,FunctionalClass Description,ImpairedCrash,Large Vehicle Involved,Motorcycle Crash,Non-Motorist Crash,OffRoad,RoadName,Route Number,RouteType Description,Unrestrained Occupants,WithinDateRange,Work Zone Related,Crashdate,Work Zone Crash,CrashPoint,Latitude,Longitude,AgencyCode,CollisionImpact,Crash County,Crash Severity,Crash Within Interchange,Crashhour,CrashInterchangeApproaches,Crashtime,CrashYear,Dayofweek,FirstHarmEvent,FirstHarmEvent Description,FirstHarmLocation,FirstHarmLocation Description,FunctionalClass,Geometry Description,GovPropertyDamage,GovPropertyDamage Description,IntersectingRoadName,Intersection Geometry,JunctionRelated,JunctionRelated Description,Light,Light Description,LOD Crash Date,LOD Date Level,MilepointDirection,MilepointDistance,MilepointUnits,NonTrafficFatal,OffroadLocation,OffroadLocation Description,RoadID,RouteType,SchoolBusRelated,SchoolBusRelated Description,SecondHarmEvent,SecondHarmEvent Description,SecondHarmLocation,SecondHarmLocation Description,Surface,Surface Description,TrafficControl,Trafficcontrol Description,WZLawEnforcementPresent,WZLocation,WZLocation Description,WZType,WZType Description,WZWorkersPresent
Property Damage Crashes,DA4413000X,Prince George's County Police,"Sideswipe, Same Direction",Prince George's,Local,No,No,No,No,No,67TH AVE,618,OTHER PUBLIC ROAD,No,True,No,5/13/2025,No,Point,38.961854231,-76.902499579,PGCOPD,07,16,03,No,11,,11:00,2025,Tuesday,12,Motor Vehicle In Transport,05,On Roadway,7,,,,,,06,Non-Junction,01,Daylight,5/13/2025,2025-05-13,S,13.24,F,N,,,28D9259EB4298BC1044A02F30774DA2EF1F907948FEA34DE76FA28CF13E8D694,OP,01,No,,,,,09,Wet,,,,,,,,
Property Damage Crashes,CNC31830024,New Carrollton Police Department,"Sideswipe, Same Direction",Prince George's,Minor Arterial,No,No,No,No,No,ANNAPOLIS RD,450,MARYLAND ROUTE,No,True,No,1/24/2025,No,Point,38.956991026,-76.870352773,NCPD,07,16,03,No,16,,16:43,2025,Friday,12,Motor Vehicle In Transport,05,On Roadway,4,,,,,,09,Through Roadway,01,Daylight,1/24/2025,2025-01-24,N,28.17,F,N,,,1E6145C5645FD5548D5ED7957E0A20589BBF3FF6E652B6C2EECE4289227FB48E,MD,01,No,,,,,01,Dry,,,,,,,,
Property Damage Crashes,DA4376001Q,Prince George's County Police,Front to Rear,Prince George's,Principal Arterial – Other,No,No,No,No,No,LANDOVER RD (SB/L),202,MARYLAND ROUTE,No,True,No,3/13/2025,No,Point,38.931494058,-76.900237706,PGCOPD,03,16,03,No,18,,18:00,2025,Thursday,12,Motor Vehicle In Transport,05,On Roadway,3,,,,,,06,Non-Junction,01,Daylight,3/13/2025,2025-03-13,E,27.23,F,N,,,FDBDFBBFC01DD5F64C24937D5A06E70B9B0236BBE9E06A3658F42950FB9A36E4,MD,01,No,,,,,01,Dry,,,,,,,,
Property Damage Crashes,DA4357002P,Prince George's County Police,Front to Rear,Prince George's,Local,No,No,No,No,No,STUART LA,920,COUNTY ROAD,No,True,No,1/25/2025,No,Point,38.767490667,-76.886324741,PGCOPD,03,16,03,No,11,,11:14,2025,Saturday,12,Motor Vehicle In Transport,05,On Roadway,7,,,,WOODYARD RD,,06,Non-Junction,01,Daylight,1/25/2025,2025-01-25,E,23.61,F,N,,,F19A03250FAD3AEE43BD352FA0DA9C8D0D403C8C95698220264431622CC37C29,CO,01,No,,,,,01,Dry,,,,,,,,
Injury Crashes,DA4333004J,Prince George's County Police,Front to Rear,Prince George's,Local,No,No,No,No,No,LEBANON ST,670,COUNTY ROAD,No,True,No,6/4/2025,No,Point,38.991282103,-76.989953077,PGCOPD,03,16,02,Yes,15,03,15:45,2025,Wednesday,12,Motor Vehicle In Transport,01,Gore,7,Angled/Skewed,,,UNIVERSITY BLVD (WB/L),01,05,Intersection or Related,01,Daylight,6/4/2025,2025-06-04,S,0,F,N,,,CA1005A7CA386E4C8E1F4EA016C8EEEE4A49C168B9BC365F8EEED14ADDEBCE47,CO,01,No,,,,,01,Dry,01,Signalized,,,,,,
Injury Crashes,MSP7843002C,Maryland State Police,"Sideswipe, Same Direction",Prince George's,Interstate,No,Yes,No,No,No,NO NAME,95,INTERSTATE ROUTE,No,True,No,4/3/2025,No,Point,39.073875115,-76.905089802,MSP,07,16,02,No,5,,05:01,2025,Thursday,12,Motor Vehicle In Transport,05,On Roadway,1,,,,,,06,Non-Junction,03,Dark - Lighted,4/3/2025,2025-04-03,N,20.17,F,N,,,BCD02C62966F13CB31AFD05EF7C34E0FA01A3A118C12C836CBE44D57B34AB4EB,IS,01,No,,,,,01,Dry,,,,,,,,
Property Damage Crashes,DA4265001G,Prince George's County Police,"Sideswipe, Same Direction",Prince George's,Interstate,No,No,No,No,No,RAMP 12 FR IS 295 SB TO MD 210 SB,95,RAMP,No,True,No,5/2/2025,No,Point,38.795882631,-76.998771120,PGCOPD,07,16,03,Yes,18,,18:07,2025,Friday,12,Motor Vehicle In Transport,05,On Roadway,1,,,,,,04,Entrance/Exit Ramp or Related,01,Daylight,5/2/2025,2025-05-02,S,29.8,F,N,,,4EFFA834BB4BBCA3B45B589D05AE1EF5163EE394E22EFDB3CAE25053DBE1112D,RP,01,No,,,,,01,Dry,,,,,,,,
Injury Crashes,DA402200K5,Prince George's County Police,Front to Rear,Prince George's,Principal Arterial – Other,No,Yes,No,No,No,VETERANS PKWY (WB/L),410,MARYLAND ROUTE,No,True,Yes,5/27/2025,Yes,Point,38.953543999,-76.887218562,PGCOPD,03,16,02,No,7,,07:19,2025,Tuesday,12,Motor Vehicle In Transport,05,On Roadway,3,,,,,,02,Crossover-Related,01,Daylight,5/27/2025,2025-05-27,W,9.29,F,N,,,6EC9D4F394034FD0B205DEF5BFB97E889B3B476C7C19076BAE807B97EDA6186D,MD,01,No,,,,,01,Dry,,,N,04,Activity Area,03,Work on Shoulder or Median,No
Property Damage Crashes,MSP77650087,Maryland State Police,"Sideswipe, Same Direction",Prince George's,Interstate,No,No,No,No,No,CAPITAL BELTWAY,95,INTERSTATE ROUTE,No,True,No,5/25/2025,No,Point,38.807052666,-76.980123439,MSP,07,16,03,No,21,,21:10,2025,Sunday,12,Motor Vehicle In Transport,05,On Roadway,1,,,,,,09,Through Roadway,03,Dark - Lighted,5/25/2025,2025-05-25,W,40.24,F,N,,,46AB9F51D94A41F8B97D496FF97E57A4F4DAF49C1A838DB2314214D1F120DB37,IS,01,No,07,Overturn/Rollover,09,Roadside,01,Dry,,,,,,,,
Injury Crashes,CE5155001N,Laurel Police Department,Single Vehicle,Prince George's,Local,No,No,No,No,No,LAFAYETTE AVE,200,MUNICIPAL ROAD,No,True,No,4/1/2025,No,Point,39.095206715,-76.847292505,LAUREL,101,16,02,No,0,,00:30,2025,Tuesday,36,"Other Post, Pole, Or Support",05,On Roadway,7,,101,State,BOWIE RD,,06,Non-Junction,03,Dark - Lighted,4/1/2025,2025-04-01,E,12.66,F,N,,,85CFC6B1A751F717F50EB10B21DCF1F35FC0209B195C78454B03806570E32D35,MU,01,No,,,,,09,Wet,,,,,,,,
Property Damage Crashes,DA43720019,Prince George's County Police,"Sideswipe, Same Direction",Prince George's,Principal Arterial – Other,No,No,No,No,No,ST BARNABAS RD,414,MARYLAND ROUTE,No,True,No,3/17/2025,No,Point,38.832703633,-76.940565599,PGCOPD,07,16,03,No,11,,11:24,2025,Monday,12,Motor Vehicle In Transport,05,On Roadway,3,,,,,,06,Non-Junction,01,Daylight,3/17/2025,2025-03-17,S,5.64,F,N,,,68AD1EF16A5E1E29BFEFD0E63667F18FC04878DC337BFDE13C678A51A1C9814F,MD,01,No,,,,,01,Dry,,,,,,,,
Injury Crashes,DA4252005W,Prince George's County Police,Front to Front,Prince George's,Local,No,No,No,No,No,CORPORATE DR,4429,COUNTY ROAD,No,True,No,3/13/2025,No,Point,38.946555073,-76.867928732,PGCOPD,02,16,02,Yes,8,03,08:26,2025,Thursday,12,Motor Vehicle In Transport,05,On Roadway,7,Angled/Skewed,,,PENNSY DR RAMP 11 FR RAMP 8 TO CORPORATE DR,01,05,Intersection or Related,01,Daylight,3/13/2025,2025-03-13,S,0,F,N,,,FAFFA492603884AA0FD5C19C3F8D24644EA2053786F1A815C9CEC393DCD0E027,CO,01,No,,,,,01,Dry,01,Signalized,,,,,,
Property Damage Crashes,MSP77650074,Maryland State Police,"Sideswipe, Same Direction",Prince George's,Principal Arterial – Other,No,No,No,No,No,CRAIN HWY (SB/L),301,UNITED STATE ROUTE,No,True,No,3/26/2025,No,Point,38.92149,-76.71755,MSP,07,16,03,No,12,,12:40,2025,Wednesday,12,Motor Vehicle In Transport,05,On Roadway,3,,,,,,09,Through Roadway,01,Daylight,3/26/2025,2025-03-26,W,2.12,F,N,,,D06359B2CC6D873980CF82D06E900A4737BC6D4F1D4943EDFFCD92A4CF3EF67D,US,01,No,,,,,01,Dry,,,,,,,,
Property Damage Crashes,DA2975001Z,Prince George's County Police,Unknown,Prince George's,,No,No,No,No,Yes,,,,No,True,No,1/10/2025,No,Point,38.980015748,-76.803825219,PGCOPD,99,16,03,,11,,11:00,2025,Friday,15,Parked Vehicle,02,In Parking Lane Or Zone,,,,,,,,,01,Daylight,1/10/2025,2025-01-10,,,F,N,100,Parking Stall,,,01,No,,,,,,,,,,,,,,
Property Damage Crashes,MSP7875004C,Maryland State Police,Single Vehicle,Prince George's,Interstate,No,No,No,No,No,CAPITAL BELTWAY (SB/L),95,INTERSTATE ROUTE,No,True,No,5/13/2025,No,Point,38.91907,-76.85253,MSP,101,16,03,No,23,,23:59,2025,Tuesday,40,Tree (standing),05,On Roadway,1,,,,,,06,Non-Junction,03,Dark - Lighted,5/13/2025,2025-05-13,E,39.81,F,N,,,2CAF37F899FD049BFB5E807221F5BAC3C22EDFCAD163F0919B0F1CA42D95C085,IS,01,No,,,,,09,Wet,,,,,,,,
Property Damage Crashes,CC0290003Y,Hyattsville Police Department,Front to Front,Prince George's,Minor Arterial,No,No,No,No,No,HAMILTON ST,208,MARYLAND ROUTE,No,True,No,4/13/2025,No,Point,38.953350847,-76.955121982,HYATTSVILLE,02,16,03,No,1,,01:07,2025,Sunday,12,Motor Vehicle In Transport,05,On Roadway,4,,,,,,02,Crossover-Related,03,Dark - Lighted,4/13/2025,2025-04-13,E,18.31,F,N,,,2A67379627E8B23CED9320DACF5800894F77614B9F966B3FB612421732737CD5,MD,01,No,97,Not Applicable,,,01,Dry,,,,,,,,
Injury Crashes,DA3652001X,Prince George's County Police,Front to Front,Prince George's,Minor Arterial,No,No,No,No,No,LOTTSFORD RD (EB/L),64,COUNTY ROAD,No,True,No,2/10/2025,No,Point,38.920870871,-76.803650528,PGCOPD,02,16,02,Yes,18,04,18:30,2025,Monday,12,Motor Vehicle In Transport,05,On Roadway,4,Perpendicular,100,Local,ENTERPRISE RD WOODMORE RD,03,05,Intersection or Related,03,Dark - Lighted,2/10/2025,2025-02-10,E,0,F,N,,,F0664F6170A6AD934D722AAD089BAEBEB69A8C0A7B1A5F14CCD4C09309850B9B,CO,01,No,,,,,01,Dry,01,Signalized,,,,,,
Injury Crashes,DA3835006L,Prince George's County Police,Other,Prince George's,,No,No,No,No,No,,426,SPUR,No,True,No,1/12/2025,No,Point,38.820487928,-76.849071883,PGCOPD,98,16,02,Yes,8,04,08:08,2025,Sunday,12,Motor Vehicle In Transport,05,On Roadway,,Perpendicular,,,DOWER HOUSE RD MARLBORO PIKE,03,05,Intersection or Related,01,Daylight,1/12/2025,2025-01-12,W,0,F,N,,,55BA036ED7446620165B111CCB1C6B56EC8294593FE07750C220EDB601F03EBE,SP,01,No,,,,,02,Ice/Frost,01,Signalized,,,,,,
Property Damage Crashes,CBPD00840031,Bowie Police Department,Single Vehicle,Prince George's,Local,No,No,No,No,No,OLD STAGE RD,1986,MUNICIPAL ROAD,No,True,No,3/4/2025,No,Point,38.953667243,-76.754693623,BOWIE,101,16,03,No,14,,14:30,2025,Tuesday,40,Tree (standing),05,On Roadway,7,,,,,,09,Through Roadway,01,Daylight,3/4/2025,2025-03-04,N,19.08,F,N,,,9B4886ACF6224C40CA280D7C3CFA8A8379101D69203C216B3B5F541809C6CBD7,MU,01,No,,,,,01,Dry,,,,,,,,
Injury Crashes,MSP68590093,Maryland State Police,Single Vehicle,Prince George's,Principal Arterial – Other Freeways and Expressways,Yes,No,No,No,No,BRANCH AVE,5,MARYLAND ROUTE,Yes,True,No,5/14/2025,No,Point,38.764050864,-76.882558766,MSP,101,16,02,No,19,,19:27,2025,Wednesday,07,Overturn/Rollover,03,Median,2,,,,,,10,"Other Location Not Listed Above Within an Interchange Area (median,
shoulder and roadside)",01,Daylight,5/14/2025,2025-05-14,S,37.98,F,N,,,6D6CB74B9D0456831D5F5A57D2C0EC366DDE56C79D47ED3B62586C78FD08A45A,MD,01,No,,,,,09,Wet,,,,,,,,
Property Damage Crashes,DA3047008F,Prince George's County Police,Front to Rear,Prince George's,Minor Arterial,No,No,No,No,No,BEALLE HILL RD,228,MARYLAND ROUTE,No,True,No,5/19/2025,No,Point,38.656845706,-76.997697087,PGCOPD,03,16,03,No,8,,08:40,2025,Monday,12,Motor Vehicle In Transport,05,On Roadway,4,,,,BEALLE HILL RD,,06,Non-Junction,01,Daylight,5/19/2025,2025-05-19,E,14.33,F,N,,,EF0E3B47EDE8D36AF54843580ED6C15B9E378F870909816302D9F5AE60ACEC12,MD,01,No,,,,,01,Dry,,,,,,,,
Property Damage Crashes,CE4862004P,Laurel Police Department,Angle,Prince George's,Major Collector,No,No,No,No,No,SANDY SPRING RD,370,MUNICIPAL ROAD,No,True,No,3/5/2025,No,Point,39.104220842,-76.870141195,LAUREL,01,16,03,No,16,,16:46,2025,Wednesday,12,Motor Vehicle In Transport,05,On Roadway,5,,,,,,06,Non-Junction,01,Daylight,3/5/2025,2025-03-05,N,10.63,F,N,,,A557D13A61BF81CDD938188AC382FACB13D867DC42FB12238608F05BFA0ADAEB,MU,01,No,,,,,09,Wet,,,,,,,,
Injury Crashes,DA43560038,Prince George's County Police,Single Vehicle,Prince George's,,No,No,No,No,No,MARLBORO PIKE (NB/L),3074,COUNTY ROAD,No,True,No,3/24/2025,No,Point,38.857704613,-76.906884932,PGCOPD,101,16,02,No,14,,14:45,2025,Monday,27,Curb,09,Roadside,,,,,,,06,Non-Junction,01,Daylight,3/24/2025,2025-03-24,N,186.82,F,N,,,3B14043AD7BFC6E5870F5F2E93A8222536BC3E9721C4A47966C501E6C679C4B0,CO,01,No,,,,,09,Wet,,,,,,,,
Injury Crashes,DA333600GV,Prince George's County Police,Single Vehicle,Prince George's,Major Collector,No,No,No,No,No,DOWER HOUSE RD,92,COUNTY ROAD,No,True,No,5/11/2025,No,Point,38.820495686,-76.849080350,PGCOPD,101,16,02,No,3,,03:28,2025,Sunday,32,Guardrail Face,07,"On Shoulder, Right Side",5,,,,,,09,Through Roadway,03,Dark - Lighted,5/11/2025,2025-05-11,N,34.54,F,N,,,EDC867C86D8F7BC57ABB27B1CAEA842DF46AF66B072BF7E4B709210245CE31DB,CO,01,No,,,,,01,Dry,,,,,,,,
Property Damage Crashes,DA2977003C,Prince George's County Police,Unknown,Prince George's,,No,No,No,No,No,,834,PRIVATE ROAD,No,True,No,1/1/2025,No,Point,38.844786878,-76.904137902,PGCOPD,99,16,03,No,2,,02:30,2025,Wednesday,12,Motor Vehicle In Transport,09,Roadside,,,,,HIL MAR DR S HIL MAR CIR,,06,Non-Junction,05,Dark - Unknown Lighting,1/1/2025,2025-01-01,S,11.68,F,N,,,6B14A8766FEF5E0D89D28ECD77A33006FBC23C8EE030670EFDC793E85E32AA3A,PV,01,No,12,Motor Vehicle In Transport,99,Unknown,09,Wet,,,,,,,,
Property Damage Crashes,DA4318004N,Prince George's County Police,Other,Prince George's,Principal Arterial – Other,No,No,No,No,No,ST BARNABAS RD,414,MARYLAND ROUTE,No,True,No,5/10/2025,No,Point,38.816824797,-76.961454245,PGCOPD,98,16,03,No,21,,21:36,2025,Saturday,12,Motor Vehicle In Transport,05,On Roadway,3,,,,,,09,Through Roadway,03,Dark - Lighted,5/10/2025,2025-05-10,S,30.99,F,N,,,C7E6D9C7B097D0E7F56B7B7A6C2086FAC40E8C36FBB0F3E00A95FFA6384D0B30,MD,01,No,,,,,01,Dry,,,,,,,,
Property Damage Crashes,DA4296003Q,Prince George's County Police,Front to Rear,Prince George's,,No,No,No,No,No,MARLBORO PIKE (NB/L),3074,COUNTY ROAD,No,True,No,2/2/2025,No,Point,38.849793766,-76.885080690,PGCOPD,03,16,03,Yes,9,,09:26,2025,Sunday,12,Motor Vehicle In Transport,05,On Roadway,,,,,DONNELL DR (NB/L),,09,Through Roadway,01,Daylight,2/2/2025,2025-02-02,E,8.05,F,N,,,DE985C524B6E968EDF615739A940E6A1DFA0CE133CE8B7B8136624ED1A898A28,CO,01,No,,,,,01,Dry,,,,,,,,
Injury Crashes,DA4249006Y,Prince George's County Police,Single Vehicle,Prince George's,Local,No,No,No,Yes,No,NASH ST,233,COUNTY ROAD,No,True,No,4/28/2025,No,Point,38.907768015,-76.924858265,PGCOPD,101,16,02,No,20,,20:22,2025,Monday,17,Pedestrian,05,On Roadway,7,,,,,,06,Non-Junction,03,Dark - Lighted,4/28/2025,2025-04-28,W,35.53,F,N,,,5F87AF64E80C1E2CB62AFD08866E2E81F77B1088ACABF00CC8047F1E09AC65CF,CO,01,No,,,,,01,Dry,,,,,,,,
Property Damage Crashes,DA3008001D,Prince George's County Police,Single Vehicle,Prince George's,Local,No,No,No,No,No,OLD CRAIN HWY,1213,COUNTY ROAD,No,True,No,4/13/2025,No,Point,38.833180918,-76.723437597,PGCOPD,101,16,03,No,8,,08:00,2025,Sunday,32,Guardrail Face,06,"On Shoulder, Left Side",7,,,,,,06,Non-Junction,01,Daylight,4/13/2025,2025-04-13,W,1060.55,F,N,,,920343B8425F7AAA4CE1B2A4698642C5AC3766A354F558B43E3DB62F6B48EF03,CO,01,No,,,,,01,Dry,,,,,,,,
Property Damage Crashes,DS0529000C,University of Maryland Police College Park,Single Vehicle,Prince George's,,No,No,No,No,Yes,,,,No,True,No,2/13/2025,No,Point,38.987995303,-76.945766168,UMCP,101,16,03,,13,,13:12,2025,Thursday,35,"Other Fixed Object (wall, building, tunnel, etc.)",02,In Parking Lane Or Zone,,,,,,,,,01,Daylight,2/13/2025,2025-02-13,,,F,N,104,Service Road,,,01,No,,,,,,,,,,,,,,
Injury Crashes,DA3771004Y,Prince George's County Police,Single Vehicle,Prince George's,,No,No,No,Yes,No,,668,COUNTY ROAD,No,True,No,6/1/2025,No,Point,38.992388934,-76.982826381,PGCOPD,101,16,02,No,17,,17:24,2025,Sunday,17,Pedestrian,05,On Roadway,,,,,,,09,Through Roadway,01,Daylight,6/1/2025,2025-06-01,S,14.95,F,N,,,642BE2696E3C1191B2A2498BC70B628B22898973C88B64856EFF31985748E22B,CO,01,No,17,Pedestrian,05,On Roadway,01,Dry,,,,,,,,
Property Damage Crashes,RD0127006W,Riverdale Park Police Department,Angle,Prince George's,Principal Arterial – Other,No,No,No,No,No,KENILWORTH AVE (SB/L),201,MARYLAND ROUTE,No,True,No,2/2/2025,No,Point,38.958043697,-76.920754230,RIVERDALE,01,16,03,Yes,9,,09:45,2025,Sunday,12,Motor Vehicle In Transport,03,Median,3,,,,,,02,Crossover-Related,01,Daylight,2/2/2025,2025-02-02,W,26.4,F,N,,,1202F6AB8E1C00D46C0CAB71273F31C1D1F33477964E9D568343918D6568DE6F,MD,01,No,,,,,01,Dry,,,,,,,,
Property Damage Crashes,DA4309002X,Prince George's County Police,Front to Front,Prince George's,Local,No,No,No,No,No,GEATON DR,4453,COUNTY ROAD,No,True,No,3/15/2025,No,Point,38.8502417,-76.7989189,PGCOPD,02,16,03,No,11,,11:00,2025,Saturday,12,Motor Vehicle In Transport,05,On Roadway,7,,,,BROWN STATION RD,,02,Crossover-Related,98,Other,3/15/2025,2025-03-15,E,19.84,F,N,,,3B15124852FCE9B7E06203E3919F8D86E685403B98DCEE7C41A78C76DEF984E9,CO,01,No,,,,,01,Dry,,,,,,,,
Property Damage Crashes,DA43260024,Prince George's County Police,Front to Rear,Prince George's,Minor Arterial,Yes,No,No,No,No,FEDEX WAY,5802,COUNTY ROAD,No,True,No,4/27/2025,No,Point,38.908041132,-76.862429024,PGCOPD,03,16,03,Unknown,20,,20:18,2025,Sunday,12,Motor Vehicle In Transport,05,On Roadway,4,,,,,,99,Unknown,03,Dark - Lighted,4/27/2025,2025-04-27,E,9.86,F,N,,,5ADFCEF927BD49AFB89C5ABEBDD3E88655FABBCCD7293865A18129F4951BD598,CO,01,No,,,,,01,Dry,,,,,,,,
Injury Crashes,DA43690027,Prince George's County Police,Front to Front,Prince George's,Major Collector,No,No,No,No,No,BRIGHTSEAT RD,76,COUNTY ROAD,Yes,True,No,3/13/2025,No,Point,38.893509501,-76.850995735,PGCOPD,02,16,02,No,15,,15:15,2025,Thursday,12,Motor Vehicle In Transport,05,On Roadway,5,,,,,,02,Crossover-Related,01,Daylight,3/13/2025,2025-03-13,N,16.97,F,N,,,D903754A8E5913B2F9C5ACEB4A161C92AAF73660FFBC2435A8E564F12B1AB37B,CO,01,No,,,,,01,Dry,,,,,,,,
Property Damage Crashes,DA4421001K,Prince George's County Police,Front to Rear,Prince George's,Local,No,No,No,No,No,PLATA ST,3293,COUNTY ROAD,No,True,No,3/28/2025,No,Point,38.775761975,-76.907045832,PGCOPD,03,16,03,No,23,,23:55,2025,Friday,12,Motor Vehicle In Transport,05,On Roadway,7,,,,,,09,Through Roadway,03,Dark - Lighted,3/28/2025,2025-03-28,S,282.37,F,N,,,DA3849872169546D0E1213141611C54F8707A4FB8A5B1F23B85EDA53983D8DAB,CO,01,No,,,,,01,Dry,,,,,,,,
Property Damage Crashes,BE01120005,District Heights Police Department,"Sideswipe, Same Direction",Prince George's,Minor Collector,No,No,No,No,No,DISTRICT HEIGHTS PKWY,90,MUNICIPAL ROAD,No,True,No,4/3/2025,No,Point,38.857976892,-76.898465636,DISTHEIGHTS,07,16,03,No,21,,21:39,2025,Thursday,15,Parked Vehicle,02,In Parking Lane Or Zone,6,,,,,,06,Non-Junction,03,Dark - Lighted,4/3/2025,2025-04-03,E,1.92,F,N,,,42D6C8EF136C17C0ECE96B3F411684645C2B6BD6C3B75B31DFB84683880E1383,MU,01,No,,,,,01,Dry,,,,,,,,
Property Damage Crashes,DA42590039,Prince George's County Police,"Sideswipe, Same Direction",Prince George's,Principal Arterial – Other,No,No,No,No,No,ST BARNABAS RD,414,MARYLAND ROUTE,No,True,No,3/8/2025,No,Point,38.823423039,-76.950213293,PGCOPD,07,16,03,No,11,,11:57,2025,Saturday,12,Motor Vehicle In Transport,05,On Roadway,3,,,,,,09,Through Roadway,01,Daylight,3/8/2025,2025-03-08,S,33.06,F,N,,,F1AF7ABF64DB6DD8130FAE3F9F2DF9576321FAB77EC48FE2C19F6B63848A3983,MD,01,No,,,,,01,Dry,,,,,,,,
Property Damage Crashes,DA4424000K,Prince George's County Police,Front to Front,Prince George's,Principal Arterial – Other,No,No,No,No,No,PENNSYLVANIA AVE,4,MARYLAND ROUTE,Yes,True,No,3/9/2025,No,Point,38.8497394,-76.903458,PGCOPD,02,16,03,No,15,,15:25,2025,Sunday,12,Motor Vehicle In Transport,05,On Roadway,3,,,,,,09,Through Roadway,01,Daylight,3/9/2025,2025-03-09,W,10.5,F,N,,,B00508C3EC5194DC74899095DFC0A7381DAD39D38F78482DEC3090457E6DCFC8,MD,01,No,,,,,01,Dry,,,,,,,,
Injury Crashes,DA4355002W,Prince George's County Police,"Sideswipe, Opposite Direction",Prince George's,Major Collector,No,No,No,No,No,LOTTSFORD VISTA RD,67,COUNTY ROAD,No,True,No,1/21/2025,No,Point,38.922391789,-76.817231154,PGCOPD,06,16,02,No,20,,20:00,2025,Tuesday,12,Motor Vehicle In Transport,05,On Roadway,5,,,,,,09,Through Roadway,03,Dark - Lighted,1/21/2025,2025-01-21,S,16.3,F,N,,,AC941CA196F0C6F3EBF23875CF5CB077C3CBD8D27658FD7F9D212952EF8CB9D6,CO,01,No,,,,,01,Dry,,,,,,,,
Property Damage Crashes,MSP766400C3,Maryland State Police,Angle,Prince George's,Interstate,No,No,No,No,No,CAPITAL BELTWAY (SB/L),95,INTERSTATE ROUTE,No,True,No,5/15/2025,No,Point,38.819460566,-76.928453810,MSP,01,16,03,No,18,,18:29,2025,Thursday,12,Motor Vehicle In Transport,05,On Roadway,1,,,,,,09,Through Roadway,01,Daylight,5/15/2025,2025-05-15,W,17.68,F,N,,,D6F2AEBB50DE2E46799A47F189C258411E7A0E30A4F8B48F54C1FE215E7FE285,IS,01,No,,,,,01,Dry,,,,,,,,
Property Damage Crashes,DA4365003C,Prince George's County Police,Angle,Prince George's,,No,No,No,No,Yes,,,,No,True,No,1/3/2025,No,Point,38.972012219,-76.847626385,PGCOPD,01,16,03,,18,,18:10,2025,Friday,12,Motor Vehicle In Transport,02,In Parking Lane Or Zone,,,,,,,,,03,Dark - Lighted,1/3/2025,2025-01-03,,,F,N,102,Parking Lot Way,,,01,No,,,,,,,,,,,,,,
Injury Crashes,DS0489000T,University of Maryland Police College Park,Single Vehicle,Prince George's,Local,No,Yes,No,Yes,No,PAINT BRANCH DR,95,STATE ROAD,No,True,No,4/30/2025,No,Point,38.988526481,-76.936674489,UMCP,101,16,02,No,7,03,07:50,2025,Wednesday,14,Other Non-Motorist,05,On Roadway,7,Perpendicular,,,CAMPUS DR CAMPUS DR (WB/L),03,05,Intersection or Related,01,Daylight,4/30/2025,2025-04-30,E,0,F,N,,,E7290EA30FB39AB437AA7DFE9F5B82728CAB7D56B40202F8530514029C44C686,SR,01,No,,,,,01,Dry,03,Stop - Partial,,,,,,
Property Damage Crashes,MSP726800H2,Maryland State Police,"Sideswipe, Same Direction",Prince George's,Interstate,No,No,No,No,No,CAPITAL BELTWAY (SB/L),95,INTERSTATE ROUTE,No,True,No,2/8/2025,No,Point,38.851263511,-76.859435055,MSP,07,16,03,No,13,,13:00,2025,Saturday,12,Motor Vehicle In Transport,05,On Roadway,1,,,,,,06,Non-Junction,01,Daylight,2/8/2025,2025-02-08,N,31.48,F,N,,,A3D8F4D1C188A6B66DDF972E8B9F7B13DA9E2672E0DE8E4DF3A78C8C5949D097,IS,01,No,,,,,01,Dry,,,,,,,,
Property Damage Crashes,DA4368001P,Prince George's County Police,Single Vehicle,Prince George's,Principal Arterial – Other Freeways and Expressways,No,No,No,No,No,BRANCH AVE,5,MARYLAND ROUTE,No,True,No,3/20/2025,No,Point,38.834606548,-76.942576707,PGCOPD,101,16,03,No,2,,02:55,2025,Thursday,13,Other Non-Fixed Object,06,"On Shoulder, Left Side",2,,,,,,09,Through Roadway,03,Dark - Lighted,3/20/2025,2025-03-20,S,19.48,F,N,,,365C6FDC6D2370F20ED83446169739F2329D373F6440E979CE499163A111BB2F,MD,01,No,,,,,01,Dry,,,,,,,,
Injury Crashes,CBPD0032009L,Bowie Police Department,Other,Prince George's,Minor Arterial,No,No,No,No,No,,564,MARYLAND ROUTE,No,True,No,5/13/2025,No,Point,39.008081512,-76.779310194,BOWIE,98,16,02,Yes,17,04,17:52,2025,Tuesday,12,Motor Vehicle In Transport,05,On Roadway,4,Perpendicular,,,CHESTNUT AVE,03,05,Intersection or Related,01,Daylight,5/13/2025,2025-05-13,S,0,F,N,,,FB5185FD33992F7AD3362EEB7E876D92E8279CF3C2EBCC9EC7BBFB0186EEB1A3,MD,01,No,12,Motor Vehicle In Transport,05,On Roadway,09,Wet,05,No Controls,,,,,,