Crash Severity Description,Reportnumber,Agencyname,CollisionImpact Description,Crash County Description,FunctionalClass Description,ImpairedCrash,Large Vehicle Involved,Motorcycle Crash,Non-Motorist Crash,OffRoad,RoadName,Route Number,RouteType Description,Unrestrained Occupants,WithinDateRange,Work Zone Related,Crashdate,Work Zone Crash,CrashPoint,Latitude,Longitude,AgencyCode,CollisionImpact,Crash County,Crash Severity,Crash Within Interchange,Crashhour,CrashInterchangeApproaches,Crashtime,CrashYear,Dayofweek,FirstHarmEvent,FirstHarmEvent Description,FirstHarmLocation,FirstHarmLocation Description,FunctionalClass,Geometry Description,GovPropertyDamage,GovPropertyDamage Description,IntersectingRoadName,Intersection Geometry,JunctionRelated,JunctionRelated Description,Light,Light Description,LOD Crash Date,LOD Date Level,MilepointDirection,MilepointDistance,MilepointUnits,NonTrafficFatal,OffroadLocation,OffroadLocation Description,RoadID,RouteType,SchoolBusRelated,SchoolBusRelated Description,SecondHarmEvent,SecondHarmEvent Description,SecondHarmLocation,SecondHarmLocation Description,Surface,Surface Description,TrafficControl,Trafficcontrol Description,WZLawEnforcementPresent,WZLocation,WZLocation Description,WZType,WZType Description,WZWorkersPresent
Property Damage Crashes,MSP77650071,Maryland State Police,Front to Rear,Prince George's,Interstate,No,No,No,No,No,CAPITAL BELTWAY,95,INTERSTATE ROUTE,No,True,No,3/17/2025,No,Point,38.818105,-76.933594833,MSP,03,16,03,No,4,,04:06,2025,Monday,12,Motor Vehicle In Transport,05,On Roadway,1,,101,State,,,09,Through Roadway,04,Dark - Not Lighted,3/17/2025,2025-03-17,E,43.28,F,N,,,3B4A80D1A4B2E69D607EF48B7829FAB0DA7E71685B2B9236084C8C0C0B5F6B4F,IS,01,No,,,,,09,Wet,,,,,,,,
Injury Crashes,DJ0129002X,Seat Pleasant Police Department,Single Vehicle,Prince George's,Principal Arterial – Other,No,No,No,Yes,No,MARTIN LUTHER KING JR HWY,704,MARYLAND ROUTE,No,True,No,5/28/2025,No,Point,38.894106521,-76.910648268,SEATPLEASANT,101,16,02,No,10,,10:52,2025,Wednesday,17,Pedestrian,05,On Roadway,3,,,,,,01,Acceleration/Deceleration Lane,01,Daylight,5/28/2025,2025-05-28,W,20.17,F,N,,,07D05FED8B673C1A090296CD3ADEF2867215A424C45BFE4587B697BEBDFBCE8F,MD,01,No,97,Not Applicable,,,09,Wet,,,,,,,,
Property Damage Crashes,DA4388001T,Prince George's County Police,Angle,Prince George's,,No,No,No,No,No,,804,COUNTY ROAD,Yes,True,No,5/6/2025,No,Point,38.926890379,-76.886832136,PGCOPD,01,16,03,No,10,,10:50,2025,Tuesday,12,Motor Vehicle In Transport,05,On Roadway,,,,,,,06,Non-Junction,01,Daylight,5/6/2025,2025-05-06,S,52.44,F,N,,,C4AE5BE077BD70C2204CA0CE1809595B2DBDCB7622ECC804996A84937577B357,CO,01,No,,,,,01,Dry,,,,,,,,
Property Damage Crashes,DA333600GG,Prince George's County Police,Single Vehicle,Prince George's,Major Collector,No,No,No,No,No,DANGERFIELD RD,557,COUNTY ROAD,No,True,No,4/7/2025,No,Point,38.775907661,-76.867310606,PGCOPD,101,16,03,Yes,7,04,07:02,2025,Monday,27,Curb,10,Separator/Traffic Island,5,Angled/Skewed,,,OLD ALEXANDRIA FERRY RD WOODYARD RD,01,05,Intersection or Related,01,Daylight,4/7/2025,2025-04-07,N,0,F,N,,,C206E2C95B65CB52BE79667E048570D265AFA476085F7A73211D9559CEF2CD80,CO,01,No,38,Traffic Sign Support,10,Separator/Traffic Island,09,Wet,01,Signalized,,,,,,
Property Damage Crashes,DA43830039,Prince George's County Police,Angle,Prince George's,Local,No,Yes,No,No,No,HANOVER PKWY (NB/L),205,MUNICIPAL ROAD,Yes,True,No,5/6/2025,No,Point,38.998085178,-76.865563366,PGCOPD,01,16,03,Yes,15,02,15:12,2025,Tuesday,12,Motor Vehicle In Transport,05,On Roadway,7,Angled/Skewed,,,MANDAN RD (SB/L),01,05,Intersection or Related,01,Daylight,5/6/2025,2025-05-06,W,0,F,N,,,FED61D8430216F593834F753F48C0AE27289D1F319FDDB65F25FA03FD97E5C33,MU,02,"Yes, School Bus Directly Involved",,,,,01,Dry,01,Signalized,,,,,,
Property Damage Crashes,DA4276007G,Prince George's County Police,"Sideswipe, Same Direction",Prince George's,Major Collector,No,Yes,No,No,No,PENNSY DR,2428,COUNTY ROAD,No,True,No,3/21/2025,No,Point,38.936011363,-76.879112173,PGCOPD,07,16,03,No,22,,22:00,2025,Friday,12,Motor Vehicle In Transport,05,On Roadway,5,,,,,,06,Non-Junction,04,Dark - Not Lighted,3/21/2025,2025-03-21,N,34.12,F,N,,,D8288385EA5A7C9E4E86FA3DB594291F52DDEFB03ECC08DB51A3E3450795570A,CO,01,No,,,,,01,Dry,,,,,,,,
Injury Crashes,DA404800HN,Prince George's County Police,Angle,Prince George's,Local,No,No,No,No,No,MARTIN DR,2139,COUNTY ROAD,No,True,No,6/3/2025,No,Point,38.817203374,-76.977305704,PGCOPD,01,16,02,Yes,10,03,10:14,2025,Tuesday,12,Motor Vehicle In Transport,05,On Roadway,7,Perpendicular,,,OWENS RD,03,05,Intersection or Related,01,Daylight,6/3/2025,2025-06-03,S,0,F,N,,,95A503E972DA56CC9E471256459F7CDEDC5CF47FB87D5439AE0ECCF0A0057B18,CO,01,No,,,,,01,Dry,03,Stop - Partial,,,,,,
Property Damage Crashes,DA4257004F,Prince George's County Police,"Sideswipe, Same Direction",Prince George's,Local,No,No,No,No,No,GREEN ASH LA,5584,COUNTY ROAD,No,True,No,2/2/2025,No,Point,39.038679165,-76.941859864,PGCOPD,07,16,03,No,15,,15:51,2025,Sunday,12,Motor Vehicle In Transport,05,On Roadway,7,,,,,,06,Non-Junction,01,Daylight,2/2/2025,2025-02-02,N,24.35,F,N,,,37F330693C7287B88E51B6218B8D5ADD094BC1EBF4373CEAC43EC3DD91A80D70,CO,01,No,,,,,01,Dry,,,,,,,,
Property Damage Crashes,DA43950025,Prince George's County Police,Front to Rear,Prince George's,Principal Arterial – Other,No,No,No,No,No,UNIVERSITY BLVD (WB/L),193,MARYLAND ROUTE,No,True,No,4/4/2025,No,Point,38.990433071,-76.989144957,PGCOPD,03,16,03,No,14,,14:01,2025,Friday,12,Motor Vehicle In Transport,05,On Roadway,3,,,,,,09,Through Roadway,01,Daylight,4/4/2025,2025-04-04,N,11.43,F,N,,,701A26E7C18A4044CC6F0A7E28DAD1D7FA9C888EDB4C7E984DE6AB02A2A4D6DC,MD,01,No,,,,,01,Dry,,,,,,,,
Property Damage Crashes,MSP7875001G,Maryland State Police,Front to Rear,Prince George's,Interstate,No,No,Yes,No,No,CAPITAL BELTWAY,95,INTERSTATE ROUTE,No,True,No,1/23/2025,No,Point,38.819514450,-76.926211569,MSP,03,16,03,No,19,,19:15,2025,Thursday,12,Motor Vehicle In Transport,05,On Roadway,1,,,,,,06,Non-Junction,04,Dark - Not Lighted,1/23/2025,2025-01-23,N,65.9,F,N,,,5641D8229BEBFA5D2EF674F948D450BF1B649BFDE7BAB64C8BD64E3388E1A892,IS,01,No,,,,,01,Dry,,,,,,,,
Property Damage Crashes,DA4252005F,Prince George's County Police,"Sideswipe, Same Direction",Prince George's,Local,No,Yes,No,No,No,82ND AVE,2663,COUNTY ROAD,No,True,No,1/10/2025,No,Point,38.926621299,-76.868437363,PGCOPD,07,16,03,No,14,,14:51,2025,Friday,12,Motor Vehicle In Transport,05,On Roadway,7,,,,,,06,Non-Junction,01,Daylight,1/10/2025,2025-01-10,W,16.19,F,N,,,F1A63AF9F26716DF09424AA4BCC2176E81C84A347B94B663BB4F775AD4E34571,CO,02,"Yes, School Bus Directly Involved",,,,,06,Slush,,,,,,,,
Property Damage Crashes,DA3802004P,Prince George's County Police,Front to Rear,Prince George's,Minor Arterial,No,No,No,No,No,IVERSON PL,1192,COUNTY ROAD,No,True,No,2/14/2025,No,Point,38.823924861,-76.968557058,PGCOPD,03,16,03,No,9,,09:16,2025,Friday,12,Motor Vehicle In Transport,05,On Roadway,4,,100,Local,,,09,Through Roadway,01,Daylight,2/14/2025,2025-02-14,E,19.51,F,N,,,22DB9DFF5C9E563A36563DA67EF89160D787E277D1E61B042186EAE1B256C614,CO,01,No,,,,,01,Dry,,,,,,,,
Property Damage Crashes,DA4239007D,Prince George's County Police,Front to Rear,Prince George's,Major Collector,No,No,No,No,No,PRINCESS GARDEN PKWY (SB/L),300,COUNTY ROAD,No,True,No,1/16/2025,No,Point,38.961370199,-76.863253679,PGCOPD,03,16,03,Yes,9,,09:20,2025,Thursday,12,Motor Vehicle In Transport,05,On Roadway,5,,,,,,09,Through Roadway,01,Daylight,1/16/2025,2025-01-16,N,38.93,F,N,,,CDDBBA2E0DAABB253C8B4A57D9F9095BF4DBE82B9543082C78776C24E106B49F,CO,01,No,12,Motor Vehicle In Transport,05,On Roadway,01,Dry,,,,,,,,
Property Damage Crashes,CBPD0098007J,Bowie Police Department,Rear To Side,Prince George's,Principal Arterial – Other,No,No,No,No,No,CRAIN HWY (SB/L),301,UNITED STATE ROUTE,No,True,No,4/26/2025,No,Point,38.937829232,-76.718014575,BOWIE,05,16,03,No,10,,10:30,2025,Saturday,12,Motor Vehicle In Transport,05,On Roadway,3,,,,,,06,Non-Junction,01,Daylight,4/26/2025,2025-04-26,N,22.88,F,N,,,C3B8655300273D3335D75DFB397A418A45E5D3421965773907D547CC5DED6B6F,US,01,No,,,,,01,Dry,,,,,,,,
Injury Crashes,MSP7871003D,Maryland State Police,"Sideswipe, Same Direction",Prince George's,Principal Arterial – Other,No,No,No,No,No,BALTIMORE AVE,1,UNITED STATE ROUTE,No,True,No,4/20/2025,No,Point,39.028232747,-76.917008071,MSP,07,16,02,No,12,,12:19,2025,Sunday,12,Motor Vehicle In Transport,05,On Roadway,3,,,,,,09,Through Roadway,01,Daylight,4/20/2025,2025-04-20,E,10.25,F,N,,,9B38D4055A6B94E1987FB4881AE8D7DB2A86D0AB0C371FCC64273FEE38BD42D2,US,01,No,,,,,01,Dry,,,,,,,,
Injury Crashes,DA3596000G,Prince George's County Police,Angle,Prince George's,Local,No,No,No,No,No,CORPORATE DR,4429,COUNTY ROAD,No,True,No,5/21/2025,No,Point,38.946516358,-76.867937874,PGCOPD,01,16,02,No,14,04,14:30,2025,Wednesday,12,Motor Vehicle In Transport,99,Unknown,7,Angled/Skewed,,,PENNSY DR RAMP 11 FR RAMP 8 TO CORPORATE DR,01,05,Intersection or Related,01,Daylight,5/21/2025,2025-05-21,W,0,F,N,,,FAFFA492603884AA0FD5C19C3F8D24644EA2053786F1A815C9CEC393DCD0E027,CO,01,No,,,,,09,Wet,01,Signalized,,,,,,
Injury Crashes,DA4235007R,Prince George's County Police,Front to Front,Prince George's,Local,No,No,Yes,No,No,QUINCY ST,90,MUNICIPAL ROAD,No,True,No,5/27/2025,No,Point,38.938482311,-76.954620567,PGCOPD,02,16,02,No,1,,01:30,2025,Tuesday,12,Motor Vehicle In Transport,05,On Roadway,7,,,,,,09,Through Roadway,03,Dark - Lighted,5/27/2025,2025-05-27,N,31.74,F,N,,,5D2C595DD441C6C250B8D03DEF62ACD612812B427A66EFE7715B66D303F8A303,MU,01,No,,,,,01,Dry,,,,,,,,
Property Damage Crashes,CBPD0107002M,Bowie Police Department,Single Vehicle,Prince George's,Major Collector,Yes,No,No,No,No,POINTER RIDGE DR,2170,MUNICIPAL ROAD,No,True,No,5/1/2025,No,Point,38.908999446,-76.719032726,BOWIE,101,16,03,No,3,,03:25,2025,Thursday,40,Tree (standing),04,"Off-Roadway, Location Unknown",5,,,,POINTERS RIDGE PLACE,,06,Non-Junction,03,Dark - Lighted,5/1/2025,2025-05-01,W,13.18,F,N,,,0C34809553BB3C6AAE7D1DF1643CF7D29CCA95DA76E6E53955A1011493321ACA,MU,01,No,,,,,01,Dry,,,,,,,,
Property Damage Crashes,DA4427000W,Prince George's County Police,Front to Rear,Prince George's,Principal Arterial – Other Freeways and Expressways,No,No,No,No,No,INDIAN HEAD HWY,210,MARYLAND ROUTE,No,True,No,5/27/2025,No,Point,38.765616895,-76.994199404,PGCOPD,03,16,03,No,20,,20:27,2025,Tuesday,12,Motor Vehicle In Transport,05,On Roadway,2,,,,,,06,Non-Junction,04,Dark - Not Lighted,5/27/2025,2025-05-27,N,37.93,F,N,,,46FF2711910F0725E68D94165D30570FE9AF2286011FE9010ECBE3A9C9BE527C,MD,01,No,,,,,09,Wet,,,,,,,,
Property Damage Crashes,CE4447006F,Laurel Police Department,Single Vehicle,Prince George's,,No,No,No,No,No,,1894,PRIVATE ROAD,No,True,No,2/10/2025,No,Point,39.094423205,-76.875527239,LAUREL,101,16,03,Yes,16,,16:31,2025,Monday,27,Curb,10,Separator/Traffic Island,,,,,,,04,Entrance/Exit Ramp or Related,01,Daylight,2/10/2025,2025-02-10,S,10.4,F,N,,,24CF760CDB3FF40EE604D2CEADB99F63D912E66F9337CFDC95756072914BEEC2,PV,01,No,,,,,01,Dry,,,,,,,,
Injury Crashes,MSP7770007Z,Maryland State Police,Single Vehicle,Prince George's,Interstate,No,No,Yes,No,No,RAMP 8 FR MD 5 SB TO IS 95 SB,95,RAMP,No,True,No,4/30/2025,No,Point,38.820126667,-76.925001667,MSP,101,16,02,No,20,,20:19,2025,Wednesday,06,Other Non-Collision,06,"On Shoulder, Left Side",1,,,,,,06,Non-Junction,03,Dark - Lighted,4/30/2025,2025-04-30,E,8.74,F,N,,,D4CAAD0341B6A91960AD801E29294E38072F3A14EB2F1D196EDFDAF352F2FF49,RP,01,No,,,,,01,Dry,,,,,,,,
Injury Crashes,DA4412000C,Prince George's County Police,Single Vehicle,Prince George's,Minor Collector,No,No,No,No,No,FORT FOOTE RD,88,COUNTY ROAD,No,True,No,2/2/2025,No,Point,38.777813437,-77.008492620,PGCOPD,101,16,02,No,2,,02:30,2025,Sunday,13,Other Non-Fixed Object,09,Roadside,6,,,,,,99,Unknown,04,Dark - Not Lighted,2/2/2025,2025-02-02,N,70.3,F,N,,,5CF3CCAB882F909F4874E266AEDC6C4EB9A9995A9540F9DBC12FD9F1CBEDC780,CO,01,No,,,,,01,Dry,,,,,,,,
Injury Crashes,BP94120036,Forest Heights Police Department,Single Vehicle,Prince George's,Principal Arterial – Other Freeways and Expressways,No,No,No,No,No,INDIAN HEAD HWY,210,MARYLAND ROUTE,No,True,No,5/18/2025,No,Point,38.777266362,-76.996641824,FORESTHEIGHTS,101,16,02,No,1,,01:22,2025,Sunday,24,Cable Barrier,10,Separator/Traffic Island,2,,,,,,04,Entrance/Exit Ramp or Related,03,Dark - Lighted,5/18/2025,2025-05-18,S,23.26,F,N,,,FC661E5F4E1E0EC04179021C2FE3A8FEABF54AA18175EC5FB642143A5D498A3D,MD,01,No,,,,,01,Dry,,,,,,,,
Injury Crashes,CE5294001Q,Laurel Police Department,Angle,Prince George's,Local,No,No,No,No,No,EIGHTH ST,9080,MUNICIPAL ROAD,No,True,No,2/27/2025,No,Point,39.102637232,-76.857423798,LAUREL,01,16,02,No,12,,12:00,2025,Thursday,12,Motor Vehicle In Transport,05,On Roadway,7,,,,TALBOTT AVE (WB/L),,06,Non-Junction,01,Daylight,2/27/2025,2025-02-27,S,9.56,F,N,,,80656CEA6EC1ACA141960AF808E8A8A6BDAFADDE0DD25F24E89BBF0BADEFFD15,MU,01,No,28,Ditch,09,Roadside,09,Wet,,,,,,,,
Property Damage Crashes,CBPD00320098,Bowie Police Department,Other,Prince George's,,No,No,No,No,Yes,,,,No,True,No,3/17/2025,No,Point,38.972746599,-76.771991786,BOWIE,98,16,03,,22,,22:23,2025,Monday,12,Motor Vehicle In Transport,02,In Parking Lane Or Zone,,,,,,,,,03,Dark - Lighted,3/17/2025,2025-03-17,,,F,N,100,Parking Stall,,,01,No,15,Parked Vehicle,02,In Parking Lane Or Zone,,,,,,,,,,
Property Damage Crashes,DA3433005B,Prince George's County Police,Front to Rear,Prince George's,Minor Arterial,No,No,No,No,No,RITCHIE MARLBORO RD,221,MARYLAND ROUTE,No,True,No,3/25/2025,No,Point,38.868239652,-76.841160176,PGCOPD,03,16,03,No,6,,06:00,2025,Tuesday,12,Motor Vehicle In Transport,05,On Roadway,4,,,,,,01,Acceleration/Deceleration Lane,03,Dark - Lighted,3/25/2025,2025-03-25,N,16.36,F,N,,,AC8821455C7F19BF409E790D686008F8A8CEDB2229CECC6483D9B603723BC2B6,MD,01,No,,,,,01,Dry,,,,,,,,
Property Damage Crashes,MSP757700L1,Maryland State Police,Single Vehicle,Prince George's,,No,Yes,No,No,No,,50,UNITED STATE ROUTE,No,True,No,5/21/2025,No,Point,38.95329,-76.726403333,MSP,101,16,03,No,20,,20:35,2025,Wednesday,25,Concrete Traffic Barrier,03,Median,,,,,,,09,Through Roadway,03,Dark - Lighted,5/21/2025,2025-05-21,N,54.73,F,N,,,80DB2C6E7E1245356EE02EEA8FD19173ADE16EC3EBA305D4FB3DF631BE62DCDE,US,01,No,12,Motor Vehicle In Transport,05,On Roadway,09,Wet,,,,,,,,
Property Damage Crashes,DA402100D5,Prince George's County Police,Front to Rear,Prince George's,Minor Arterial,No,No,No,No,No,LAUREL BOWIE RD (SB/L),197,MARYLAND ROUTE,No,True,No,5/2/2025,No,Point,39.007796183,-76.762996297,PGCOPD,03,16,03,No,11,,11:51,2025,Friday,12,Motor Vehicle In Transport,05,On Roadway,4,,,,,,01,Acceleration/Deceleration Lane,01,Daylight,5/2/2025,2025-05-02,W,40.19,F,N,,,3D7E3AA787A663EC147B4A2E95B448554718918594B279DB267D417D0507CBAA,MD,01,No,,,,,01,Dry,,,,,,,,
Property Damage Crashes,MSP69310154,Maryland State Police,Single Vehicle,Prince George's,Principal Arterial – Other Freeways and Expressways,No,No,No,No,No,PENNSYLVANIA AVE,4,MARYLAND ROUTE,No,True,No,5/22/2025,No,Point,38.813409554,-76.796779984,MSP,101,16,03,No,13,,13:48,2025,Thursday,28,Ditch,09,Roadside,2,,,,,,06,Non-Junction,01,Daylight,5/22/2025,2025-05-22,W,32.99,F,N,,,AB6709E3BE0C3346482278E8AA38984421510BB00DF8EC0BA65FACCEADE0EEC5,MD,01,No,07,Overturn/Rollover,09,Roadside,01,Dry,,,,,,,,
Property Damage Crashes,RD0123005R,Riverdale Park Police Department,Front to Rear,Prince George's,,No,No,No,No,No,,553,SPUR,No,True,No,4/26/2025,No,Point,38.958730678,-76.919911470,RIVERDALE,03,16,03,Yes,3,,03:11,2025,Saturday,12,Motor Vehicle In Transport,05,On Roadway,,,,,,,04,Entrance/Exit Ramp or Related,04,Dark - Not Lighted,4/26/2025,2025-04-26,E,7.33,F,N,,,C74CB828ABC5C4C85F519B380162FE6AD1ABBE8A4C0A37AED5AF8D4CB94BD883,SP,01,No,,,,,09,Wet,,,,,,,,
Property Damage Crashes,MSP69310150,Maryland State Police,Front to Rear,Prince George's,Interstate,No,No,No,No,No,CAPITAL BELTWAY,95,INTERSTATE ROUTE,No,True,Yes,5/19/2025,Yes,Point,38.818810170,-76.930085309,MSP,03,16,03,No,22,,22:22,2025,Monday,12,Motor Vehicle In Transport,05,On Roadway,1,,,,,,06,Non-Junction,04,Dark - Not Lighted,5/19/2025,2025-05-19,S,9.12,F,N,,,8ACC636E1DDA82AD610CE2E902DE8AE59779EE4DE391EAB1557024F3DE761564,IS,01,No,12,Motor Vehicle In Transport,05,On Roadway,01,Dry,,,Y,04,Activity Area,01,Lane Closure,Yes
Property Damage Crashes,MSP7785004D,Maryland State Police,Single Vehicle,Prince George's,Interstate,No,No,No,No,No,CAPITAL BELTWAY (NB LOCAL),95,INTERSTATE ROUTE,No,True,No,1/17/2025,No,Point,38.79253,-77.029288333,MSP,101,16,03,No,2,,02:08,2025,Friday,23,Bridge Rail,07,"On Shoulder, Right Side",1,,,,,,06,Non-Junction,04,Dark - Not Lighted,1/17/2025,2025-01-17,E,51.98,F,N,,,505695D3019DFE3CC0CAE295EF615F0256FD2F23F04ED9424542C9E0B4094577,IS,01,No,,,,,01,Dry,,,,,,,,
Property Damage Crashes,DA345600F8,Prince George's County Police,"Sideswipe, Same Direction",Prince George's,Principal Arterial – Other,No,Yes,No,No,No,UNIVERSITY BLVD (WB/L),193,MARYLAND ROUTE,No,True,No,3/18/2025,No,Point,38.987845404,-76.986173726,PGCOPD,07,16,03,No,8,,08:40,2025,Tuesday,12,Motor Vehicle In Transport,05,On Roadway,3,,,,,,06,Non-Junction,01,Daylight,3/18/2025,2025-03-18,N,51.25,F,N,,,E2DB2E1396E9016DED71C6172EC9CF971DAD39B7B7AA39D4E7D92643CB454437,MD,01,No,,,,,01,Dry,,,,,,,,
Property Damage Crashes,DA4427000C,Prince George's County Police,Single Vehicle,Prince George's,Minor Collector,No,No,No,No,No,FLORAL PARK RD,225,COUNTY ROAD,No,True,No,2/19/2025,No,Point,38.7062985,-76.901319,PGCOPD,101,16,03,No,13,,13:30,2025,Wednesday,06,Other Non-Collision,05,On Roadway,6,,,,,,06,Non-Junction,01,Daylight,2/19/2025,2025-02-19,E,14.81,F,N,,,D569D2A03B9EB7E2C5F68F1AA87C0A7C4E9678AA1492A1F0C3E1F50A9A90F265,CO,01,No,31,Guardrail End Terminal,09,Roadside,01,Dry,,,,,,,,
Property Damage Crashes,CBPD0115003S,Bowie Police Department,Unknown,Prince George's,,No,No,No,No,Yes,,,,No,True,No,5/19/2025,No,Point,38.949256658,-76.735115367,BOWIE,99,16,03,,15,,15:15,2025,Monday,12,Motor Vehicle In Transport,02,In Parking Lane Or Zone,,,,,,,,,01,Daylight,5/19/2025,2025-05-19,,,F,N,100,Parking Stall,,,01,No,,,,,,,,,,,,,,
Property Damage Crashes,AZ1747000J,Cheverly Police Department,"Sideswipe, Same Direction",Prince George's,Principal Arterial – Other,No,No,No,No,No,LANDOVER RD,202,MARYLAND ROUTE,No,True,No,2/5/2025,No,Point,38.935962361,-76.919721447,CHEVERLY,07,16,03,No,6,,06:58,2025,Wednesday,12,Motor Vehicle In Transport,05,On Roadway,3,,,,,,01,Acceleration/Deceleration Lane,01,Daylight,2/5/2025,2025-02-05,E,151.44,F,N,,,0FE061FE7B719965FD89FF542480928212E7EB07A89D25A6AC8969706FBB3A92,MD,01,No,,,,,01,Dry,,,,,,,,
Injury Crashes,DA4043009T,Prince George's County Police,Single Vehicle,Prince George's,Minor Arterial,No,No,No,No,No,PISCATAWAY RD,223,MARYLAND ROUTE,No,True,No,5/12/2025,No,Point,38.762408328,-76.911758326,PGCOPD,101,16,02,No,22,,22:20,2025,Monday,40,Tree (standing),09,Roadside,4,,,,,,09,Through Roadway,03,Dark - Lighted,5/12/2025,2025-05-12,S,29.26,F,N,,,EF1A109F00452D148BDC9DD50FD778DD771024249071E0F4485199CA4D731676,MD,01,No,,,,,01,Dry,,,,,,,,
Property Damage Crashes,DA42570050,Prince George's County Police,Front to Rear,Prince George's,Local,No,No,No,No,No,PINE ST,25,COUNTY ROAD,Yes,True,No,4/24/2025,No,Point,39.049923353,-76.920324071,PGCOPD,03,16,03,No,18,,18:20,2025,Thursday,12,Motor Vehicle In Transport,05,On Roadway,7,,,,POWDER MILL RD,,06,Non-Junction,01,Daylight,4/24/2025,2025-04-24,E,24.29,F,N,,,F52A41804E52D0019D685A8CA02AD5CEDAEB34D4E880CA25D7EED9B37BCAD2ED,CO,01,No,,,,,01,Dry,,,,,,,,
Property Damage Crashes,CBPD01170078,Bowie Police Department,Single Vehicle,Prince George's,Minor Arterial,No,Yes,No,No,No,LAUREL BOWIE RD (SB/L),197,MARYLAND ROUTE,No,True,No,2/11/2025,No,Point,38.972250915,-76.755916127,BOWIE,101,16,03,No,18,,18:38,2025,Tuesday,41,Utility Pole/Light Support,01,Gore,4,,,,,,06,Non-Junction,04,Dark - Not Lighted,2/11/2025,2025-02-11,N,25.99,F,N,,,F3040AE9A517F7B5083C65B1947F0F1907F92E0093A766DC47627EE8773947EC,MD,01,No,,,,,07,Snow,,,,,,,,
Property Damage Crashes,DA33730025,Prince George's County Police,Front to Front,Prince George's,Minor Arterial,No,No,No,No,No,LIVINGSTON RD,373,MARYLAND ROUTE,No,True,No,3/6/2025,No,Point,38.669888159,-77.010286667,PGCOPD,02,16,03,Yes,17,02,17:58,2025,Thursday,12,Motor Vehicle In Transport,05,On Roadway,4,Perpendicular,,,KRISTA WAY SERVICE RD,03,05,Intersection or Related,101,Dusk,3/6/2025,2025-03-06,N,0,F,N,,,2F6B49A913FBAA05CB7D0A8FE562A3F233733990A3F77155E2FC49665FB27BBE,MD,01,No,,,,,01,Dry,04,Yield,,,,,,
Property Damage Crashes,MSP7872003B,Maryland State Police,"Sideswipe, Same Direction",Prince George's,Interstate,No,No,No,No,No,CAPITAL BELTWAY,95,INTERSTATE ROUTE,No,True,No,4/14/2025,No,Point,38.921356913,-76.852635984,MSP,07,16,03,Yes,17,,17:11,2025,Monday,12,Motor Vehicle In Transport,05,On Roadway,1,,,,,,09,Through Roadway,01,Daylight,4/14/2025,2025-04-14,S,34.66,F,N,,,C148D80DEF30601889EC44C7A033F9A1CC9A20125AA8346E1CD2172A6ACDE974,IS,01,No,,,,,01,Dry,,,,,,,,
Property Damage Crashes,DA4415000P,Prince George's County Police,Single Vehicle,Prince George's,Major Collector,No,No,No,No,No,METZEROTT RD,230,COUNTY ROAD,No,True,No,5/25/2025,No,Point,39.002364344,-76.953843024,PGCOPD,101,16,03,No,3,,03:10,2025,Sunday,09,Animal (live),05,On Roadway,5,,,,,,09,Through Roadway,03,Dark - Lighted,5/25/2025,2025-05-25,E,235.68,F,N,,,97F616CF02A24755421A48E80C8894D90273C3DD8701E35A6603F7821CD592BA,CO,01,No,09,Animal (live),05,On Roadway,01,Dry,,,,,,,,
Property Damage Crashes,DA416800CJ,Prince George's County Police,"Sideswipe, Opposite Direction",Prince George's,Local,No,No,No,No,No,LIVINGSTON RD,4524,COUNTY ROAD,No,True,No,5/11/2025,No,Point,38.765871620,-76.994988668,PGCOPD,06,16,03,No,20,,20:12,2025,Sunday,12,Motor Vehicle In Transport,05,On Roadway,7,,,,,,09,Through Roadway,01,Daylight,5/11/2025,2025-05-11,S,12.42,F,N,,,E7A2D1D968CCBB07AE990C15E6F140A0FF16C68A94ED322D64B9BE4C348BA45A,CO,01,No,,,,,01,Dry,,,,,,,,
Property Damage Crashes,DA393200H5,Prince George's County Police,Front to Rear,Prince George's,,No,No,No,No,Yes,,,,Yes,True,No,2/15/2025,No,Point,38.963813190,-76.898241909,PGCOPD,03,16,03,,13,,13:23,2025,Saturday,12,Motor Vehicle In Transport,05,On Roadway,,,,,,,,,01,Daylight,2/15/2025,2025-02-15,,,F,N,102,Parking Lot Way,,,01,No,,,,,,,,,,,,,,
Property Damage Crashes,DA351500DK,Prince George's County Police,"Sideswipe, Same Direction",Prince George's,,No,Yes,No,No,No,ALLENTOWN RD (SB/L),126,COUNTY ROAD,No,True,No,6/5/2025,No,Point,38.758716363,-76.964187005,PGCOPD,07,16,03,No,9,,09:02,2025,Thursday,12,Motor Vehicle In Transport,05,On Roadway,,,100,Local,,,06,Non-Junction,01,Daylight,6/5/2025,2025-06-05,N,15.87,F,N,,,7C152D4E3BAD6D15643CDC520682EF9E80C0FE5C71DE6CF228FA40A7753C8AE8,CO,02,"Yes, School Bus Directly Involved",12,Motor Vehicle In Transport,05,On Roadway,01,Dry,,,,,,,,
Property Damage Crashes,MSP718600JC,Maryland State Police,Front to Front,Prince George's,Principal Arterial – Other,Yes,No,No,No,No,CENTRAL AVE (WB/L),214,MARYLAND ROUTE,No,True,No,3/1/2025,No,Point,38.892188895,-76.847288273,MSP,02,16,03,Yes,2,02,02:33,2025,Saturday,12,Motor Vehicle In Transport,05,On Roadway,3,Angled/Skewed,,,CAPITAL BELTWAY (SB/L),01,05,Intersection or Related,05,Dark - Unknown Lighting,3/1/2025,2025-03-01,S,0,F,N,,,FEF3BE6DFF9EA38AD2D01258F9BF750C739684B70BAE24A4101C18D7F679D6E8,MD,01,No,,,,,01,Dry,01,Signalized,,,,,,