Crash Severity Description,Reportnumber,Agencyname,CollisionImpact Description,Crash County Description,FunctionalClass Description,ImpairedCrash,Large Vehicle Involved,Motorcycle Crash,Non-Motorist Crash,OffRoad,RoadName,Route Number,RouteType Description,Unrestrained Occupants,WithinDateRange,Work Zone Related,Crashdate,Work Zone Crash,CrashPoint,Latitude,Longitude,AgencyCode,CollisionImpact,Crash County,Crash Severity,Crash Within Interchange,Crashhour,CrashInterchangeApproaches,Crashtime,CrashYear,Dayofweek,FirstHarmEvent,FirstHarmEvent Description,FirstHarmLocation,FirstHarmLocation Description,FunctionalClass,Geometry Description,GovPropertyDamage,GovPropertyDamage Description,IntersectingRoadName,Intersection Geometry,JunctionRelated,JunctionRelated Description,Light,Light Description,LOD Crash Date,LOD Date Level,MilepointDirection,MilepointDistance,MilepointUnits,NonTrafficFatal,OffroadLocation,OffroadLocation Description,RoadID,RouteType,SchoolBusRelated,SchoolBusRelated Description,SecondHarmEvent,SecondHarmEvent Description,SecondHarmLocation,SecondHarmLocation Description,Surface,Surface Description,TrafficControl,Trafficcontrol Description,WZLawEnforcementPresent,WZLocation,WZLocation Description,WZType,WZType Description,WZWorkersPresent
Property Damage Crashes,MSP6931013T,Maryland State Police,"Sideswipe, Same Direction",Prince George's,Principal Arterial – Other,No,No,No,No,No,BRANCH AVE (SB/L),5,MARYLAND ROUTE,No,True,No,3/29/2025,No,Point,38.815105,-76.91475,MSP,07,16,03,No,18,,18:51,2025,Saturday,12,Motor Vehicle In Transport,05,On Roadway,3,,,,,,06,Non-Junction,01,Daylight,3/29/2025,2025-03-29,N,40.06,F,N,,,33DE7A3BAE76A21294659A2882DE7780E84A42C3E52809107B58C2ED9AE98D11,MD,01,No,,,,,01,Dry,,,,,,,,
Property Damage Crashes,DA389000S5,Prince George's County Police,Unknown,Prince George's,,No,No,No,No,Yes,,,,No,True,No,4/20/2025,No,Point,39.040513155,-76.938481558,PGCOPD,99,16,03,,11,,11:00,2025,Sunday,12,Motor Vehicle In Transport,02,In Parking Lane Or Zone,,,,,,,,,01,Daylight,4/20/2025,2025-04-20,,,F,N,100,Parking Stall,,,01,No,,,,,,,,,,,,,,
Injury Crashes,CE4644002S,Laurel Police Department,"Sideswipe, Same Direction",Prince George's,Principal Arterial – Other,No,No,No,No,No,WASHINGTON BLVD (SB/L),1,UNITED STATE ROUTE,Yes,True,No,3/5/2025,No,Point,39.102990037,-76.844591379,LAUREL,07,16,02,No,17,,17:23,2025,Wednesday,12,Motor Vehicle In Transport,05,On Roadway,3,,100,Local,,,09,Through Roadway,03,Dark - Lighted,3/5/2025,2025-03-05,W,24.16,F,N,,,475ABE64DCF1BA3B60EE60735A6CD9C803512236D8CE02B39CD9667B5CDEB9D0,US,01,No,12,Motor Vehicle In Transport,05,On Roadway,09,Wet,,,,,,,,
Property Damage Crashes,AM0364002B,Bladensburg Police Department,"Sideswipe, Opposite Direction",Prince George's,Major Collector,No,No,No,No,No,57TH AVE,570,MUNICIPAL ROAD,No,True,No,3/29/2025,No,Point,38.943255991,-76.917087306,BLADENSBURG,06,16,03,No,23,,23:20,2025,Saturday,12,Motor Vehicle In Transport,05,On Roadway,5,,,,,,06,Non-Junction,03,Dark - Lighted,3/29/2025,2025-03-29,N,9.7,F,N,,,47357F090EF2080FC70CCCC3B2C735FF0E1AD0518EF48094906CCBF8A08E9D4D,MU,01,No,,,,,01,Dry,,,,,,,,
Injury Crashes,DA3965008V,Prince George's County Police,Front to Rear,Prince George's,,No,No,No,No,No,,1291,COUNTY ROAD,No,True,No,5/1/2025,No,Point,39.020959708,-76.919205863,PGCOPD,03,16,02,Yes,15,,15:13,2025,Thursday,12,Motor Vehicle In Transport,05,On Roadway,,,,,,,09,Through Roadway,01,Daylight,5/1/2025,2025-05-01,W,37,F,N,,,C0E63640DB89ED7FED48113CF636CC6A876DAB2184E04D5A8CF66F7366B90053,CO,01,No,12,Motor Vehicle In Transport,05,On Roadway,01,Dry,,,,,,,,
Property Damage Crashes,MSP741900D4,Maryland State Police,Front to Rear,Prince George's,Interstate,No,No,No,No,No,CAPITAL BELTWAY (SB/L),95,INTERSTATE ROUTE,No,True,No,1/20/2025,No,Point,39.019885,-76.933315,MSP,03,16,03,No,8,,08:08,2025,Monday,12,Motor Vehicle In Transport,05,On Roadway,1,,,,,,06,Non-Junction,01,Daylight,1/20/2025,2025-01-20,N,61.18,F,N,,,CCC9EAD7A29D102A02DA910E85A528B6CF17EA4B744CD345325C792AED064561,IS,01,No,,,,,01,Dry,,,,,,,,
Property Damage Crashes,DA4278006B,Prince George's County Police,Front to Rear,Prince George's,Principal Arterial – Other,No,No,No,No,No,GREENBELT RD,193,MARYLAND ROUTE,No,True,No,1/4/2025,No,Point,38.990688962,-76.836073743,PGCOPD,03,16,03,No,0,,00:15,2025,Saturday,12,Motor Vehicle In Transport,05,On Roadway,3,,,,,,01,Acceleration/Deceleration Lane,03,Dark - Lighted,1/4/2025,2025-01-04,N,36.15,F,N,,,B769A9214FCE54970AF311014DB77AA3A21EA1E9CBC7887D134109E98C995883,MD,01,No,,,,,01,Dry,,,,,,,,
Property Damage Crashes,DA4420000D,Prince George's County Police,Front to Rear,Prince George's,Local,No,No,No,No,No,59TH PL,1125,COUNTY ROAD,No,True,No,1/21/2025,No,Point,38.950579785,-76.916126321,PGCOPD,03,16,03,No,7,,07:00,2025,Tuesday,12,Motor Vehicle In Transport,05,On Roadway,7,,,,,,06,Non-Junction,01,Daylight,1/21/2025,2025-01-21,N,5.86,F,N,,,75359C1F146D51527623DD567EA0BF87363A76187DC14CE1D00D63C8E190992A,CO,01,No,,,,,01,Dry,,,,,,,,
Property Damage Crashes,MSP757700JQ,Maryland State Police,Front to Rear,Prince George's,Interstate,No,No,No,No,No,NO NAME (SB/L),95,INTERSTATE ROUTE,No,True,No,3/30/2025,No,Point,39.043088333,-76.934998008,MSP,03,16,03,No,16,,16:35,2025,Sunday,12,Motor Vehicle In Transport,05,On Roadway,1,,,,,,09,Through Roadway,01,Daylight,3/30/2025,2025-03-30,W,28.9,F,N,,,56D126365DF44C2921142C1A82E8E2C1F6EF8F160E9B7DEC9A27830C5C14337C,IS,01,No,97,Not Applicable,,,01,Dry,,,,,,,,
Property Damage Crashes,DA4335004B,Prince George's County Police,Front to Front,Prince George's,Local,No,No,No,No,No,LORRING DR,683,OTHER PUBLIC ROAD,No,True,No,6/6/2025,No,Point,38.851493666,-76.882792074,PGCOPD,02,16,03,No,12,,12:20,2025,Friday,12,Motor Vehicle In Transport,05,On Roadway,7,,,,,,06,Non-Junction,01,Daylight,6/6/2025,2025-06-06,E,23.98,F,N,,,AEBDB4117B1A7F76CD7A04BFAA8541A54FB9728A7C01399BA4F1C165C6599C53,OP,01,No,,,,,01,Dry,,,,,,,,
Property Damage Crashes,BW0215000R,Greenbelt Police Department,Front to Rear,Prince George's,Principal Arterial – Other,No,No,No,No,No,GREENBELT RD,193,MARYLAND ROUTE,No,True,No,1/12/2025,No,Point,38.994171623,-76.878284218,GREENBELT,03,16,03,No,5,,05:06,2025,Sunday,12,Motor Vehicle In Transport,05,On Roadway,3,,,,,,06,Non-Junction,03,Dark - Lighted,1/12/2025,2025-01-12,W,27.83,F,N,,,52CD8660FEE80A6B70BCF1FD016BAD16B1DE2B4AF42DF9F22F483CAEDACC60CD,MD,01,No,,,,,01,Dry,,,,,,,,
Property Damage Crashes,MSP744200Q6,Maryland State Police,Front to Rear,Prince George's,Local,No,No,No,No,No,EDGEWOOD RD (WB/L),440,MUNICIPAL ROAD,No,True,No,1/12/2025,No,Point,39.016071689,-76.922447012,MSP,03,16,03,No,14,,14:28,2025,Sunday,12,Motor Vehicle In Transport,05,On Roadway,7,,,,,,09,Through Roadway,01,Daylight,1/12/2025,2025-01-12,W,33.93,F,N,,,DFE185055E02A3F21628148FE96522081FF11F0D9C7E00458232E6DF83E22B50,MU,01,No,,,,,01,Dry,,,,,,,,
Property Damage Crashes,DA36610098,Prince George's County Police,Front to Front,Prince George's,Local,Yes,No,No,No,No,RANDALL RD,956,COUNTY ROAD,No,True,No,4/12/2025,No,Point,38.844618983,-76.927080381,PGCOPD,02,16,03,No,21,,21:12,2025,Saturday,12,Motor Vehicle In Transport,05,On Roadway,7,,,,,,06,Non-Junction,03,Dark - Lighted,4/12/2025,2025-04-12,S,5.69,F,N,,,E4F066BA5AA704FD78CAA7112164CEAE2F541FA635014ADB6B0E894A4EFC9D00,CO,01,No,97,Not Applicable,,,09,Wet,,,,,,,,
Property Damage Crashes,DA333600FL,Prince George's County Police,Other,Prince George's,Local,No,No,No,No,No,MALCOLM RD (NB/L),3689,COUNTY ROAD,No,True,No,1/5/2025,No,Point,38.779229980,-76.888791696,PGCOPD,98,16,03,Yes,17,,17:44,2025,Sunday,12,Motor Vehicle In Transport,05,On Roadway,7,,,,,,03,Driveway Access or Related,03,Dark - Lighted,1/5/2025,2025-01-05,N,26.03,F,N,,,F532BD1CE26063EF777D781083625AF0441028865196C570F15B51A562BBE94E,CO,01,No,19,Strikes Object at Rest from Motor Vehicle In Transport,09,Roadside,01,Dry,,,,,,,,
Property Damage Crashes,CC02710080,Hyattsville Police Department,Front to Rear,Prince George's,Principal Arterial – Other,No,No,No,No,No,RHODE ISLAND AVE (SB/L),1,UNITED STATE ROUTE,No,True,No,2/21/2025,No,Point,38.948673406,-76.943312424,HYATTSVILLE,03,16,03,No,15,,15:50,2025,Friday,12,Motor Vehicle In Transport,05,On Roadway,3,,,,,,06,Non-Junction,01,Daylight,2/21/2025,2025-02-21,S,43.38,F,N,,,C62B4E4A046D8C4ADCEB02F7A67AC39B44925D87245BCFD256D138840E454142,US,01,No,,,,,01,Dry,,,,,,,,
Property Damage Crashes,CE4909007R,Laurel Police Department,"Sideswipe, Opposite Direction",Prince George's,Local,No,No,No,No,No,DELL PL,120,MUNICIPAL ROAD,No,True,No,6/4/2025,No,Point,39.096520447,-76.843923431,LAUREL,06,16,03,No,7,,07:30,2025,Wednesday,15,Parked Vehicle,05,On Roadway,7,,,,,,06,Non-Junction,01,Daylight,6/4/2025,2025-06-04,N,16.6,F,N,,,707BA9DF447018BDAE36721457FDCED91039D5942386B664ECC878D7829B7997,MU,01,No,,,,,01,Dry,,,,,,,,
Property Damage Crashes,DA44340002,Prince George's County Police,Single Vehicle,Prince George's,Major Collector,No,No,No,No,No,HAMPTON PARK BLVD,4475,COUNTY ROAD,No,True,No,3/31/2025,No,Point,38.872453972,-76.850760482,PGCOPD,101,16,03,No,22,,22:33,2025,Monday,07,Overturn/Rollover,09,Roadside,5,,,,,,06,Non-Junction,03,Dark - Lighted,3/31/2025,2025-03-31,N,51.86,F,N,,,DE8EFD5A676F52827F82A674CED407F888F492B37A8E5691B36F523F69038859,CO,01,No,,,,,09,Wet,,,,,,,,
Property Damage Crashes,MSP65820168,Maryland State Police,"Sideswipe, Same Direction",Prince George's,Interstate,No,Yes,No,No,No,CAPITAL BELTWAY (SB/L),95,INTERSTATE ROUTE,No,True,No,4/8/2025,No,Point,38.8073,-76.981361667,MSP,07,16,03,No,7,,07:49,2025,Tuesday,12,Motor Vehicle In Transport,05,On Roadway,1,,,,,,09,Through Roadway,01,Daylight,4/8/2025,2025-04-08,S,59.69,F,N,,,468702177D32F6037BA00C194BEFE0BA6EB193DCEE8D8005F7DDF2EC903B4478,IS,01,No,,,,,01,Dry,,,,,,,,
Property Damage Crashes,DA4114006S,Prince George's County Police,"Sideswipe, Same Direction",Prince George's,Local,No,Yes,No,No,No,JOHN ADAMS DR,1990,COUNTY ROAD,No,True,No,2/19/2025,No,Point,38.801131300,-76.920408913,PGCOPD,07,16,03,Yes,14,,14:16,2025,Wednesday,12,Motor Vehicle In Transport,99,Unknown,7,,,,,,99,Unknown,01,Daylight,2/19/2025,2025-02-19,S,5.63,F,N,,,0F0AAAC14152C1817EDF409377955C821705EAFF99031CC37566906CE4DF3D7E,CO,02,"Yes, School Bus Directly Involved",,,,,02,Ice/Frost,,,,,,,,
Injury Crashes,DA281000G7,Prince George's County Police,Rear To Side,Prince George's,Major Collector,No,No,No,No,No,CARTER AVE,1043,COUNTY ROAD,No,True,No,4/19/2025,No,Point,38.970957452,-76.849006880,PGCOPD,05,16,02,No,2,03,02:29,2025,Saturday,12,Motor Vehicle In Transport,05,On Roadway,5,Perpendicular,,,LANHAM SEVERN RD,03,05,Intersection or Related,03,Dark - Lighted,4/19/2025,2025-04-19,N,0,F,N,,,27E0D1CDE37ED5B05FD005A1FE424773A6B7976B09BA8FA4622AE874B95303BA,CO,01,No,12,Motor Vehicle In Transport,05,On Roadway,01,Dry,01,Signalized,,,,,,
Property Damage Crashes,DA2969000W,Prince George's County Police,Angle,Prince George's,Major Collector,No,No,No,No,No,BRANDYWINE RD,7253,COUNTY ROAD,No,True,No,2/14/2025,No,Point,38.700695910,-76.871496241,PGCOPD,01,16,03,No,14,,14:35,2025,Friday,12,Motor Vehicle In Transport,05,On Roadway,5,,,,BRANDYWINE RD NO NAME,,06,Non-Junction,01,Daylight,2/14/2025,2025-02-14,E,53.59,F,N,,,C51D1940DE408092EA2FE9E96E2D781B1C4DAD56C8213AEDF2B93151539B78F2,CO,01,No,,,,,01,Dry,,,,,,,,
Property Damage Crashes,DA4350002M,Prince George's County Police,Front to Rear,Prince George's,Minor Arterial,No,No,No,No,No,WHEELER RD,110,COUNTY ROAD,No,True,No,1/15/2025,No,Point,38.817144521,-76.964063943,PGCOPD,03,16,03,No,12,02,12:21,2025,Wednesday,12,Motor Vehicle In Transport,05,On Roadway,4,Angled/Skewed,,,OWENS RD,01,05,Intersection or Related,01,Daylight,1/15/2025,2025-01-15,E,0,F,N,,,9A4718679DB248BE1FC5FE133E64B1A04045127B1A807B7A6156B4F3B49351F1,CO,01,No,,,,,01,Dry,03,Stop - Partial,,,,,,
Injury Crashes,DA4339002V,Prince George's County Police,Single Vehicle,Prince George's,Principal Arterial – Other,No,No,No,No,No,ST BARNABAS RD,414,MARYLAND ROUTE,Yes,True,No,1/15/2025,No,Point,38.823935903,-76.948657707,PGCOPD,101,16,02,Yes,6,,06:33,2025,Wednesday,41,Utility Pole/Light Support,09,Roadside,3,,101,State,,,09,Through Roadway,01,Daylight,1/15/2025,2025-01-15,S,52.21,F,N,,,1B5B6C590625F1877BB891937DEEE7DD4A3895A4560B167673CAE0EFDD107855,MD,01,No,,,,,01,Dry,,,,,,,,
Property Damage Crashes,DA4233007T,Prince George's County Police,"Sideswipe, Opposite Direction",Prince George's,Minor Arterial,No,No,No,No,No,,223,MARYLAND ROUTE,No,True,No,3/20/2025,No,Point,38.765690416,-76.896710330,PGCOPD,06,16,03,Yes,7,,07:00,2025,Thursday,12,Motor Vehicle In Transport,05,On Roadway,4,,,,,,09,Through Roadway,01,Daylight,3/20/2025,2025-03-20,E,32.32,F,N,,,EB07D60E28E5CCD0483F90D0DD2AD968E4CD3003C8B3822F486B1B706809683E,MD,01,No,,,,,01,Dry,,,,,,,,
Injury Crashes,DA32230044,Prince George's County Police,Single Vehicle,Prince George's,Minor Arterial,No,No,No,No,No,PISCATAWAY RD,223,MARYLAND ROUTE,No,True,No,1/4/2025,No,Point,38.746366929,-76.933446603,PGCOPD,101,16,02,No,18,,18:12,2025,Saturday,36,"Other Post, Pole, Or Support",09,Roadside,4,,100,Local,,,06,Non-Junction,03,Dark - Lighted,1/4/2025,2025-01-04,S,2.56,F,N,,,79C7D001CE6ADD6AC03AEBDEC1A0CEBB4F21A2D81F7627E30D92ABC0DE998448,MD,01,No,,,,,01,Dry,,,,,,,,
Property Damage Crashes,MSP617100MT,Maryland State Police,Front to Front,Prince George's,Major Collector,No,No,No,No,No,VETERANS PKWY,410,MARYLAND ROUTE,No,True,No,2/15/2025,No,Point,38.942521667,-76.880693333,MSP,02,16,03,No,9,02,09:27,2025,Saturday,12,Motor Vehicle In Transport,05,On Roadway,5,Perpendicular,,,RAMP 3 FR RAMP 6 (FR US 50) TO MD 410 NB,03,05,Intersection or Related,01,Daylight,2/15/2025,2025-02-15,N,0,F,N,,,7683F3ED39E5C84AAFA4475FB1AB1BD9CF7D902FCD5D391272FEA9D5EF548AC1,MD,01,No,,,,,01,Dry,01,Signalized,,,,,,
Property Damage Crashes,DA421200FT,Prince George's County Police,Angle,Prince George's,Principal Arterial – Other,No,No,No,No,No,KENILWORTH AVE,201,MARYLAND ROUTE,No,True,No,3/27/2025,No,Point,38.921432332,-76.931377782,PGCOPD,01,16,03,Yes,8,03,08:30,2025,Thursday,12,Motor Vehicle In Transport,05,On Roadway,3,Angled/Skewed,,,RAMP 8 FR MD 201 SB TO MD 459 WB,01,05,Intersection or Related,01,Daylight,3/27/2025,2025-03-27,S,0,F,N,,,D159E03F3128886E4E8187155DBD746AFF64C11D9BFE4FD2BBA63D95DDC1BBE2,MD,01,No,,,,,01,Dry,03,Stop - Partial,,,,,,
Property Damage Crashes,DA4038007J,Prince George's County Police,Other,Prince George's,Minor Arterial,No,No,No,No,No,OLD BRANCH AVE,3675,COUNTY ROAD,No,True,No,3/8/2025,No,Point,38.781965305,-76.898893705,PGCOPD,98,16,03,Yes,12,,12:00,2025,Saturday,12,Motor Vehicle In Transport,05,On Roadway,4,,,,,,02,Crossover-Related,01,Daylight,3/8/2025,2025-03-08,S,10.34,F,N,,,A5C2D15E13712988ECAB26E079233808B15C4B523249913D6483B5B7BA2EE9DF,CO,01,No,,,,,01,Dry,,,,,,,,
Property Damage Crashes,DA3288002F,Prince George's County Police,Front to Rear,Prince George's,,No,No,No,No,Yes,,,,No,True,No,5/30/2025,No,Point,38.956263045,-76.826551544,PGCOPD,03,16,03,,9,,09:20,2025,Friday,15,Parked Vehicle,02,In Parking Lane Or Zone,,,,,,,,,01,Daylight,5/30/2025,2025-05-30,,,F,N,102,Parking Lot Way,,,01,No,97,Not Applicable,,,,,,,,,,,,
Property Damage Crashes,DA4231005M,Prince George's County Police,Single Vehicle,Prince George's,Local,No,No,No,No,No,BEECH PL,4120,COUNTY ROAD,No,True,No,1/7/2025,No,Point,38.822384359,-76.938139710,PGCOPD,101,16,03,No,14,,14:50,2025,Tuesday,29,Embankment,09,Roadside,7,,,,,,09,Through Roadway,01,Daylight,1/7/2025,2025-01-07,N,17.98,F,N,,,2DC817E8725406C821DA004C13BC5290AFA7FE76C9EE291E2462A3DE4DBAF24F,CO,01,No,12,Motor Vehicle In Transport,99,Unknown,07,Snow,,,,,,,,
Property Damage Crashes,MSP744700N0,Maryland State Police,Single Vehicle,Prince George's,Principal Arterial – Other Freeways and Expressways,No,No,No,No,No,BRANCH AVE,5,MARYLAND ROUTE,No,True,No,3/5/2025,No,Point,38.805369819,-76.906365860,MSP,101,16,03,No,2,,02:09,2025,Wednesday,28,Ditch,03,Median,2,,101,State,,,06,Non-Junction,04,Dark - Not Lighted,3/5/2025,2025-03-05,E,109.94,F,N,,,07314B061E9595CFE6730146F7258797BFB0EA1E9A8F8A45976FB9CA1ABD0077,MD,01,No,32,Guardrail Face,09,Roadside,01,Dry,,,,,,,,
Property Damage Crashes,DA4412000H,Prince George's County Police,Angle,Prince George's,Minor Arterial,No,No,No,No,No,IVERSON ST (WB/L),5466,COUNTY ROAD,No,True,No,3/25/2025,No,Point,38.839107379,-76.947805570,PGCOPD,01,16,03,No,18,,18:30,2025,Tuesday,12,Motor Vehicle In Transport,05,On Roadway,4,,,,,,99,Unknown,01,Daylight,3/25/2025,2025-03-25,S,35.31,F,N,,,72CEF0C17892D212B7BB37AD88CC1C92E52A3F34B33BFE61BF449819B3D15CDD,CO,01,No,,,,,01,Dry,,,,,,,,
Property Damage Crashes,CNC3183002K,New Carrollton Police Department,Other,Prince George's,Local,No,No,No,No,No,LAMONT PL,270,MUNICIPAL ROAD,No,True,No,3/2/2025,No,Point,38.972266862,-76.881990208,NCPD,98,16,03,No,11,,11:09,2025,Sunday,15,Parked Vehicle,05,On Roadway,7,,,,,,09,Through Roadway,01,Daylight,3/2/2025,2025-03-02,S,10.12,F,N,,,BC67A09419C0428B0865F34268F009287BE21B446F2F8C73546B14EC32DE855B,MU,01,No,,,,,01,Dry,,,,,,,,
Property Damage Crashes,MSP77870057,Maryland State Police,"Sideswipe, Same Direction",Prince George's,Interstate,No,No,No,No,No,CAPITAL BELTWAY,95,INTERSTATE ROUTE,No,True,No,3/4/2025,No,Point,38.928492733,-76.854127133,MSP,07,16,03,No,7,,07:52,2025,Tuesday,12,Motor Vehicle In Transport,05,On Roadway,1,,,,,,06,Non-Junction,01,Daylight,3/4/2025,2025-03-04,S,49.58,F,N,,,4644601EF1604F186E5EFD2D203821D17D9775AE90ECDB44C93566C60AB8DE2B,IS,01,No,,,,,01,Dry,,,,,,,,
Injury Crashes,ZP04880004,Prince George's County Sheriff's Office,"Sideswipe, Same Direction",Prince George's,Local,No,No,No,No,No,14TH AVE,982,COUNTY ROAD,No,True,No,2/10/2025,No,Point,38.988724228,-76.983639450,PGCOSHERIFF,07,16,02,No,12,,12:03,2025,Monday,15,Parked Vehicle,05,On Roadway,7,,,,,,06,Non-Junction,01,Daylight,2/10/2025,2025-02-10,N,163.55,F,N,,,D5E2371CDB2D299D047C70472E9A369E2A6EDB938ED3C5678433886D72E755E8,CO,01,No,,,,,01,Dry,,,,,,,,
Property Damage Crashes,MSP744700P6,Maryland State Police,Single Vehicle,Prince George's,Interstate,No,No,No,No,No,CAPITAL BELTWAY,95,INTERSTATE ROUTE,No,True,No,4/30/2025,No,Point,38.892102435,-76.846829913,MSP,101,16,03,No,9,,09:22,2025,Wednesday,03,Explosion Or Fire,05,On Roadway,1,,,,,,06,Non-Junction,01,Daylight,4/30/2025,2025-04-30,W,33.5,F,N,,,541FA27640C88135B0170B7B14D84A48191028BC995B92EC7FB66BE171F11E4B,IS,01,No,,,,,01,Dry,,,,,,,,
Injury Crashes,DA4383002P,Prince George's County Police,Single Vehicle,Prince George's,Minor Arterial,No,No,No,Yes,No,GOOD LUCK RD,42,COUNTY ROAD,No,True,No,1/28/2025,No,Point,38.985772563,-76.839144202,PGCOPD,101,16,02,No,18,,18:06,2025,Tuesday,17,Pedestrian,05,On Roadway,4,,,,,,06,Non-Junction,03,Dark - Lighted,1/28/2025,2025-01-28,S,32.26,F,N,,,95BF06BC34BC275641CCFDA96695855BF3ED7DD1C43C46F79CCA3FE4791E9C12,CO,01,No,,,,,01,Dry,,,,,,,,
Injury Crashes,MSP7770006X,Maryland State Police,Front to Rear,Prince George's,Principal Arterial – Other,Yes,No,No,No,No,CRAIN HWY,301,UNITED STATE ROUTE,No,True,No,3/11/2025,No,Point,38.735196876,-76.825713820,MSP,03,16,02,No,19,,19:32,2025,Tuesday,12,Motor Vehicle In Transport,05,On Roadway,3,,101,State,,,06,Non-Junction,03,Dark - Lighted,3/11/2025,2025-03-11,S,17.91,F,N,,,CBC617E63337FB43BD5F61688921DCE47481037AC1575E96E0D998A0CA984C4C,US,01,No,,,,,01,Dry,,,,,,,,
Property Damage Crashes,MSP7871002F,Maryland State Police,Single Vehicle,Prince George's,Interstate,No,No,No,No,No,JOHN HANSON HWY (WB/L),595,INTERSTATE ROUTE,No,True,No,2/24/2025,No,Point,38.945196089,-76.773361305,MSP,101,16,03,No,0,,00:40,2025,Monday,09,Animal (live),05,On Roadway,1,,,,,,09,Through Roadway,04,Dark - Not Lighted,2/24/2025,2025-02-24,S,12.47,F,N,,,ACEAADA7A2996899F6BF109684980E31F2E392B9E53694C970D679DEDCFB2F62,IS,01,No,,,,,01,Dry,,,,,,,,
Property Damage Crashes,DA4307004N,Prince George's County Police,Other,Prince George's,Principal Arterial – Other Freeways and Expressways,No,Yes,No,No,No,INDIAN HEAD HWY,210,MARYLAND ROUTE,No,True,No,5/9/2025,No,Point,38.766579770,-76.994134825,PGCOPD,98,16,03,No,5,,05:31,2025,Friday,12,Motor Vehicle In Transport,05,On Roadway,2,,,,,,06,Non-Junction,100,Dawn,5/9/2025,2025-05-09,S,75.73,F,N,,,1B366385AC30177D8D4A6ADB0AE5E9DF30A0F18EE8E68C08A0853E8D32C8F22B,MD,01,No,,,,,09,Wet,,,,,,,,
Property Damage Crashes,DA43100027,Prince George's County Police,Front to Rear,Prince George's,Major Collector,No,No,No,No,No,BROWN STATION RD,99,COUNTY ROAD,No,True,No,5/19/2025,No,Point,38.829780224,-76.770804693,PGCOPD,03,16,03,No,15,,15:33,2025,Monday,12,Motor Vehicle In Transport,05,On Roadway,5,,,,,,06,Non-Junction,01,Daylight,5/19/2025,2025-05-19,S,48.48,F,N,,,A3CC5527C5587176688FEAF0C44342B584B0ADAA35FA7D417063D3C0F04BE839,CO,01,No,,,,,01,Dry,,,,,,,,
Property Damage Crashes,MSP757700H2,Maryland State Police,"Sideswipe, Same Direction",Prince George's,,No,No,No,No,No,,50,UNITED STATE ROUTE,No,True,No,1/15/2025,No,Point,38.946364346,-76.845639097,MSP,07,16,03,No,14,,14:28,2025,Wednesday,12,Motor Vehicle In Transport,05,On Roadway,,,,,,,09,Through Roadway,01,Daylight,1/15/2025,2025-01-15,E,12.17,F,N,,,F37BCE2AFA65D84FB72CD4C996619CE0C93741091B9F47B54F329119C9E11748,US,01,No,97,Not Applicable,,,01,Dry,,,,,,,,
Property Damage Crashes,DA34960020,Prince George's County Police,Front to Rear,Prince George's,Local,No,No,No,No,No,58TH AVE,580,MUNICIPAL ROAD,No,True,No,5/14/2025,No,Point,38.9421963,-76.9150393,PGCOPD,03,16,03,No,18,,18:42,2025,Wednesday,12,Motor Vehicle In Transport,05,On Roadway,7,,,,,,09,Through Roadway,01,Daylight,5/14/2025,2025-05-14,N,45.15,F,N,,,FA0B78BB9D4A9665175677294B76148E4F9B1B5A45546BC133620C0B789A455E,MU,01,No,,,,,01,Dry,,,,,,,,
Property Damage Crashes,AZ1717003H,Cheverly Police Department,Front to Rear,Prince George's,Principal Arterial – Other,Yes,No,No,No,No,LANDOVER RD,202,MARYLAND ROUTE,No,True,No,1/27/2025,No,Point,38.933712520,-76.910205381,CHEVERLY,03,16,03,Yes,16,,16:19,2025,Monday,12,Motor Vehicle In Transport,05,On Roadway,3,,,,NEIGHBOR LA,,09,Through Roadway,01,Daylight,1/27/2025,2025-01-27,W,28.79,F,N,,,B4CF4797CB00D0DDD7223048D9D802B6E4F7D027FF6DF91BE302A5B8034FE9CA,MD,01,No,12,Motor Vehicle In Transport,05,On Roadway,01,Dry,,,,,,,,
Property Damage Crashes,MSP7839001M,Maryland State Police,Front to Rear,Prince George's,Principal Arterial – Other,No,No,No,No,No,CENTRAL AVE,214,MARYLAND ROUTE,No,True,No,1/24/2025,No,Point,38.900381983,-76.779529617,MSP,03,16,03,No,9,,09:16,2025,Friday,12,Motor Vehicle In Transport,05,On Roadway,3,,,,,,09,Through Roadway,01,Daylight,1/24/2025,2025-01-24,E,12.43,F,N,,,86209B68D6F0315639BCEF190C69D7930E464BE034C05CBB05150DDA3F68F669,MD,01,No,,,,,01,Dry,,,,,,,,
Property Damage Crashes,MSP732800L4,Maryland State Police,"Sideswipe, Same Direction",Prince George's,Interstate,Yes,No,No,No,No,CAPITAL BELTWAY (SB/L),95,INTERSTATE ROUTE,No,True,No,4/19/2025,No,Point,39.014171459,-76.907595,MSP,07,16,03,No,17,,17:12,2025,Saturday,12,Motor Vehicle In Transport,05,On Roadway,1,,,,,,06,Non-Junction,01,Daylight,4/19/2025,2025-04-19,N,47.37,F,N,,,5AADB6142039B64CFE7914841C428833785530E5284AEE919DD0022B8347B6ED,IS,01,No,,,,,01,Dry,,,,,,,,