Crash Severity Description,Reportnumber,Agencyname,CollisionImpact Description,Crash County Description,FunctionalClass Description,ImpairedCrash,Large Vehicle Involved,Motorcycle Crash,Non-Motorist Crash,OffRoad,RoadName,Route Number,RouteType Description,Unrestrained Occupants,WithinDateRange,Work Zone Related,Crashdate,Work Zone Crash,CrashPoint,Latitude,Longitude,AgencyCode,CollisionImpact,Crash County,Crash Severity,Crash Within Interchange,Crashhour,CrashInterchangeApproaches,Crashtime,CrashYear,Dayofweek,FirstHarmEvent,FirstHarmEvent Description,FirstHarmLocation,FirstHarmLocation Description,FunctionalClass,Geometry Description,GovPropertyDamage,GovPropertyDamage Description,IntersectingRoadName,Intersection Geometry,JunctionRelated,JunctionRelated Description,Light,Light Description,LOD Crash Date,LOD Date Level,MilepointDirection,MilepointDistance,MilepointUnits,NonTrafficFatal,OffroadLocation,OffroadLocation Description,RoadID,RouteType,SchoolBusRelated,SchoolBusRelated Description,SecondHarmEvent,SecondHarmEvent Description,SecondHarmLocation,SecondHarmLocation Description,Surface,Surface Description,TrafficControl,Trafficcontrol Description,WZLawEnforcementPresent,WZLocation,WZLocation Description,WZType,WZType Description,WZWorkersPresent
Property Damage Crashes,DA40570088,Prince George's County Police,Angle,Prince George's,,No,No,No,No,No,,1223,PRIVATE ROAD,No,True,No,1/11/2025,No,Point,38.990935407,-76.832406413,PGCOPD,01,16,03,Yes,16,04,16:00,2025,Saturday,12,Motor Vehicle In Transport,05,On Roadway,,Perpendicular,,,AEROSPACE RD GREENBELT RD,03,05,Intersection or Related,01,Daylight,1/11/2025,2025-01-11,S,0,F,N,,,055E793E57D8E1EF32E1BF2ECE4329C05F90EBBB58FFFEE5667EEBE4A1D2D27D,PV,01,No,,,,,06,Slush,01,Signalized,,,,,,
Property Damage Crashes,MSP7395008R,Maryland State Police,Front to Rear,Prince George's,Interstate,No,No,No,No,No,CAPITAL BELTWAY,95,INTERSTATE ROUTE,No,True,No,1/9/2025,No,Point,38.986143,-76.8805125,MSP,03,16,03,No,14,,14:10,2025,Thursday,12,Motor Vehicle In Transport,05,On Roadway,1,,,,,,06,Non-Junction,01,Daylight,1/9/2025,2025-01-09,S,44.07,F,N,,,37953F1B239FBFB9E8D195C495261C6E7C77EA6249E1CE644325E4284AB56577,IS,01,No,,,,,01,Dry,,,,,,,,
Property Damage Crashes,DA4419000C,Prince George's County Police,Front to Rear,Prince George's,Local,Yes,No,No,No,No,SUSSEX LA,2810,MUNICIPAL ROAD,No,True,No,2/6/2025,No,Point,38.977501,-76.73928,PGCOPD,03,16,03,No,2,,02:08,2025,Thursday,12,Motor Vehicle In Transport,05,On Roadway,7,,,,,,06,Non-Junction,04,Dark - Not Lighted,2/6/2025,2025-02-06,E,49.66,F,N,,,4B8096595312CB57E5108BF7CD1D5392BD834CC774E2FA5985EF096C6EDCBE68,MU,01,No,15,Parked Vehicle,05,On Roadway,09,Wet,,,,,,,,
Injury Crashes,MSP7764007C,Maryland State Police,Front to Rear,Prince George's,Interstate,No,No,No,No,No,CAPITAL BELTWAY,95,INTERSTATE ROUTE,No,True,No,1/31/2025,No,Point,38.98676275,-76.881410467,MSP,03,16,02,No,18,,18:11,2025,Friday,12,Motor Vehicle In Transport,05,On Roadway,1,,,,,,06,Non-Junction,03,Dark - Lighted,1/31/2025,2025-01-31,N,22.8,F,N,,,D70503E669D01CE14A0D1685FE51618434CB00D9C95BFD0DFD381BD04C124077,IS,01,No,,,,,09,Wet,,,,,,,,
Property Damage Crashes,MSP546601SD,Maryland State Police,Single Vehicle,Prince George's,Principal Arterial – Other Freeways and Expressways,No,No,No,No,No,PENNSYLVANIA AVE,4,MARYLAND ROUTE,No,True,No,3/23/2025,No,Point,38.817876667,-76.838216667,MSP,101,16,03,Yes,1,,01:41,2025,Sunday,28,Ditch,03,Median,2,,,,,,09,Through Roadway,04,Dark - Not Lighted,3/23/2025,2025-03-23,S,56.33,F,N,,,FCCF8FF6017F1DAF150C8EE2CC96211F50FBFD59B5A4339C2D42F53853167E07,MD,01,No,40,Tree (standing),03,Median,01,Dry,,,,,,,,
Injury Crashes,DA3696000C,Prince George's County Police,Front to Front,Prince George's,Local,No,No,No,No,No,EVANS TRAIL,2386,COUNTY ROAD,No,True,No,5/4/2025,No,Point,39.045008995,-76.941007951,PGCOPD,02,16,02,No,15,04,15:02,2025,Sunday,12,Motor Vehicle In Transport,05,On Roadway,7,Perpendicular,,,ALLVIEW DR POWDER MILL RD POWDER MILL RD (SB/L),03,05,Intersection or Related,01,Daylight,5/4/2025,2025-05-04,W,0,F,N,,,7B48E14D5B85772CC35BA8C608973143AD9185748BDE61B9713FB8422F82A196,CO,01,No,12,Motor Vehicle In Transport,05,On Roadway,01,Dry,01,Signalized,,,,,,
Property Damage Crashes,CC0261006F,Hyattsville Police Department,Single Vehicle,Prince George's,Local,Yes,No,No,No,No,LIBERTY LANE,5530,OTHER PUBLIC ROAD,No,True,No,1/17/2025,No,Point,38.967512889,-76.952941729,HYATTSVILLE,101,16,03,No,0,,00:56,2025,Friday,13,Other Non-Fixed Object,05,On Roadway,7,,,,,,06,Non-Junction,03,Dark - Lighted,1/17/2025,2025-01-17,S,9.13,F,N,,,F8A1CA94560DB72B6D46871CF409A5371171B4DAE59A59B08B60DEA6E0924E21,OP,01,No,97,Not Applicable,,,09,Wet,,,,,,,,
Property Damage Crashes,AM0367002Y,Bladensburg Police Department,Front to Rear,Prince George's,Local,No,No,No,No,No,TILDEN RD,130,MUNICIPAL ROAD,No,True,No,1/23/2025,No,Point,38.941961937,-76.926829078,BLADENSBURG,03,16,03,No,7,,07:56,2025,Thursday,12,Motor Vehicle In Transport,05,On Roadway,7,,,,,,06,Non-Junction,01,Daylight,1/23/2025,2025-01-23,N,12,F,N,,,2376CD6105D87A71814A2F3F6588758B4BC4DA5F88A669351670C7009D93D0F4,MU,01,No,,,,,01,Dry,,,,,,,,
Property Damage Crashes,DA418100FM,Prince George's County Police,Single Vehicle,Prince George's,,No,No,No,Yes,Yes,,,,No,True,No,3/18/2025,No,Point,38.979261490,-76.938028353,PGCOPD,101,16,03,,19,,19:30,2025,Tuesday,17,Pedestrian,04,"Off-Roadway, Location Unknown",,,,,,,,,03,Dark - Lighted,3/18/2025,2025-03-18,,,F,N,102,Parking Lot Way,,,01,No,,,,,,,,,,,,,,
Property Damage Crashes,MSP7872003J,Maryland State Police,"Sideswipe, Same Direction",Prince George's,Interstate,No,No,No,No,No,CAPITAL BELTWAY (SB LOCAL),95,INTERSTATE ROUTE,No,True,No,4/17/2025,No,Point,38.801460152,-77.002779153,MSP,07,16,03,No,15,,15:38,2025,Thursday,12,Motor Vehicle In Transport,05,On Roadway,1,,,,,,09,Through Roadway,01,Daylight,4/17/2025,2025-04-17,N,329.14,F,N,,,74CD27ABD316F4F58A3F39EE969CA2A4E042EA9F75330E22F64D06A4E7610840,IS,01,No,,,,,01,Dry,,,,,,,,
Property Damage Crashes,MSP653400WT,Maryland State Police,Front to Rear,Prince George's,Principal Arterial – Other,Yes,No,No,No,No,CENTRAL AVE,214,MARYLAND ROUTE,No,True,No,3/21/2025,No,Point,38.902773876,-76.742833082,MSP,03,16,03,No,0,,00:30,2025,Friday,12,Motor Vehicle In Transport,05,On Roadway,3,,,,,,09,Through Roadway,03,Dark - Lighted,3/21/2025,2025-03-21,W,33.02,F,N,,,5BB63207284216F6DF89A12744A88623A463D3E839232C753109CCE67747158A,MD,01,No,12,Motor Vehicle In Transport,05,On Roadway,01,Dry,,,,,,,,
Property Damage Crashes,DA3540003F,Prince George's County Police,Rear To Rear,Prince George's,,No,No,No,No,Yes,,,,No,True,No,1/26/2025,No,Point,38.771083280,-76.883847243,PGCOPD,04,16,03,,15,,15:57,2025,Sunday,15,Parked Vehicle,02,In Parking Lane Or Zone,,,,,,,,,01,Daylight,1/26/2025,2025-01-26,,,F,N,102,Parking Lot Way,,,01,No,97,Not Applicable,,,,,,,,,,,,
Property Damage Crashes,GE02420068,Morningside Police Department,"Sideswipe, Opposite Direction",Prince George's,Minor Arterial,No,No,No,No,No,FORESTVILLE RD,483,COUNTY ROAD,No,True,No,4/2/2025,No,Point,38.827901326,-76.878847851,MORNINGSIDE,06,16,03,No,9,,09:22,2025,Wednesday,12,Motor Vehicle In Transport,05,On Roadway,4,,,,RAMP 2 FR RAMP 7 TO FORESTVILLE RD NB,,06,Non-Junction,01,Daylight,4/2/2025,2025-04-02,N,40.89,F,N,,,427B3C886607CB75430A50042FE7299D8C70A73A09400E5DCE937F3D42D19622,CO,01,No,,,,,01,Dry,,,,,,,,
Property Damage Crashes,DA4421002F,Prince George's County Police,Angle,Prince George's,Local,No,No,No,No,No,TRUMPS HILL RD,136,COUNTY ROAD,No,True,No,5/25/2025,No,Point,38.772640773,-76.792374923,PGCOPD,01,16,03,Yes,22,,22:55,2025,Sunday,12,Motor Vehicle In Transport,05,On Roadway,7,,,,HEATHERMORE BLVD,,09,Through Roadway,03,Dark - Lighted,5/25/2025,2025-05-25,N,13.55,F,N,,,C95FDDEEC186787983C0CA99D8246E83248C93505CFA482FC9305C362A305503,CO,01,No,,,,,01,Dry,,,,,,,,
Property Damage Crashes,DA4346001V,Prince George's County Police,Front to Rear,Prince George's,Minor Arterial,No,No,No,No,No,FORESTVILLE RD (SB/L),483,COUNTY ROAD,No,True,No,1/9/2025,No,Point,38.840840791,-76.874516333,PGCOPD,03,16,03,Yes,10,02,10:39,2025,Thursday,12,Motor Vehicle In Transport,05,On Roadway,4,Perpendicular,,,PENNSYLVANIA AVE (SB/L),03,05,Intersection or Related,01,Daylight,1/9/2025,2025-01-09,N,0,F,N,,,7906B4930E5B8FCB307955B3ACA8C563242EA40AFB6E297D5D7BC4AB89C51A14,CO,01,No,,,,,02,Ice/Frost,01,Signalized,,,,,,
Injury Crashes,DA4164005H,Prince George's County Police,Other,Prince George's,Local,No,No,No,No,No,DEAL DR,663,COUNTY ROAD,No,True,No,5/3/2025,No,Point,38.819489078,-76.993854140,PGCOPD,98,16,02,Yes,22,,22:46,2025,Saturday,12,Motor Vehicle In Transport,05,On Roadway,7,,,,,,09,Through Roadway,03,Dark - Lighted,5/3/2025,2025-05-03,N,66.47,F,N,,,8A6E54CA626C371D0C4A0891EDE8956B679DE63E37BAB4560F98442B7A6F7B6A,CO,01,No,,,,,01,Dry,,,,,,,,
Property Damage Crashes,DA4357003C,Prince George's County Police,Front to Front,Prince George's,Principal Arterial – Other Freeways and Expressways,No,No,No,No,No,BRANCH AVE,5,MARYLAND ROUTE,No,True,No,5/20/2025,No,Point,38.729312163,-76.881341947,PGCOPD,02,16,03,No,18,,18:54,2025,Tuesday,12,Motor Vehicle In Transport,05,On Roadway,2,,,,,,06,Non-Junction,01,Daylight,5/20/2025,2025-05-20,N,31.12,F,N,,,654896A1047C5627C1EEF063237ACEB9CFB9AC7D20CED3E44D733C917BFFE69B,MD,01,No,,,,,01,Dry,,,,,,,,
Property Damage Crashes,MSP766400BS,Maryland State Police,Single Vehicle,Prince George's,,No,No,No,No,No,,778,PRIVATE ROAD,No,True,No,5/8/2025,No,Point,38.796630483,-76.737561215,MSP,101,16,03,No,9,,09:45,2025,Thursday,13,Other Non-Fixed Object,04,"Off-Roadway, Location Unknown",,,,,,,10,"Other Location Not Listed Above Within an Interchange Area (median,
shoulder and roadside)",01,Daylight,5/8/2025,2025-05-08,N,10.91,F,N,,,6D3D528B9625D5109C2DE46F88A9CB9EB1F427CABB25BED095AA3B0CFC9FD1BD,PV,01,No,,,,,01,Dry,,,,,,,,
Property Damage Crashes,DA4430000S,Prince George's County Police,Angle,Prince George's,,No,No,No,No,Yes,,,,No,True,No,4/11/2025,No,Point,38.864937127,-76.916342147,PGCOPD,01,16,03,,22,,22:30,2025,Friday,12,Motor Vehicle In Transport,04,"Off-Roadway, Location Unknown",,,,,,,,,03,Dark - Lighted,4/11/2025,2025-04-11,,,F,N,102,Parking Lot Way,,,01,No,,,,,,,,,,,,,,
Property Damage Crashes,DA384000JN,Prince George's County Police,Angle,Prince George's,Major Collector,No,No,No,No,No,OWENS RD,112,COUNTY ROAD,No,True,No,5/22/2025,No,Point,38.817047146,-76.966595214,PGCOPD,01,16,03,No,14,,14:00,2025,Thursday,12,Motor Vehicle In Transport,05,On Roadway,5,,,,,,06,Non-Junction,01,Daylight,5/22/2025,2025-05-22,N,31.97,F,N,,,FF97099CBFFCDC5F6FE31429A605A9647B7CDC0A12886B64F2BCB157543B2B2C,CO,01,No,,,,,01,Dry,,,,,,,,
Property Damage Crashes,MSP718600JK,Maryland State Police,Front to Rear,Prince George's,Principal Arterial – Other,No,No,No,No,No,CRAIN HWY,301,UNITED STATE ROUTE,No,True,No,3/2/2025,No,Point,38.887791235,-76.719452861,MSP,03,16,03,No,19,02,19:39,2025,Sunday,12,Motor Vehicle In Transport,05,On Roadway,3,Perpendicular,,,,03,05,Intersection or Related,05,Dark - Unknown Lighting,3/2/2025,2025-03-02,N,0,F,N,,,B219D18C7676C8EFD43B629F4106A35485F6CA4B71421FFBBB652C440B0B89D7,US,01,No,,,,,01,Dry,01,Signalized,,,,,,
Injury Crashes,MSP757700JY,Maryland State Police,Front to Rear,Prince George's,Interstate,No,No,No,No,No,CAPITAL BELTWAY (SB/L),95,INTERSTATE ROUTE,No,True,No,4/7/2025,No,Point,38.985796042,-76.880756667,MSP,03,16,02,No,0,,00:05,2025,Monday,12,Motor Vehicle In Transport,05,On Roadway,1,,101,State,,,09,Through Roadway,03,Dark - Lighted,4/7/2025,2025-04-07,S,9.58,F,N,,,389EEA7A98DD7A1FFC1CECF5EE3910551361A29ED366FB467EDC7DE61F46EA0B,IS,01,No,32,Guardrail Face,03,Median,01,Dry,,,,,,,,
Property Damage Crashes,DA3438001R,Prince George's County Police,Rear To Side,Prince George's,,No,No,No,No,Yes,,,,No,True,No,1/21/2025,No,Point,38.9798047,-76.9380654,PGCOPD,05,16,03,,13,,13:15,2025,Tuesday,15,Parked Vehicle,02,In Parking Lane Or Zone,,,,,,,,,01,Daylight,1/21/2025,2025-01-21,,,F,N,102,Parking Lot Way,,,01,No,,,,,,,,,,,,,,
Property Damage Crashes,DA368800D2,Prince George's County Police,Single Vehicle,Prince George's,Minor Arterial,No,No,No,No,No,CHERRY LA,7,COUNTY ROAD,No,True,No,2/14/2025,No,Point,39.085179461,-76.847108978,PGCOPD,101,16,03,Yes,23,03,23:20,2025,Friday,28,Ditch,09,Roadside,4,Perpendicular,,,LAUREL BOWIE RD,03,05,Intersection or Related,03,Dark - Lighted,2/14/2025,2025-02-14,W,0,F,N,,,3C4D05F55E2B36DE1870B12212505C2B008BA40B81FC212EAE9CBB54CA2D30F6,CO,01,No,,,,,01,Dry,01,Signalized,,,,,,
Injury Crashes,MSP7872002T,Maryland State Police,Front to Rear,Prince George's,Interstate,No,No,No,No,No,CAPITAL BELTWAY (SB/L),95,INTERSTATE ROUTE,No,True,No,3/2/2025,No,Point,38.835827734,-76.869931053,MSP,03,16,02,No,3,,03:25,2025,Sunday,12,Motor Vehicle In Transport,05,On Roadway,1,,,,,,09,Through Roadway,04,Dark - Not Lighted,3/2/2025,2025-03-02,E,39.41,F,N,,,E5D19410989A787E26869D9DAC35B22C2A3566AED7033117129E8F79BAC668D5,IS,01,No,28,Ditch,09,Roadside,01,Dry,,,,,,,,
Property Damage Crashes,MSP7787006B,Maryland State Police,Front to Rear,Prince George's,Principal Arterial – Other Freeways and Expressways,No,No,No,No,No,JOHN HANSON HWY (WB/L),50,UNITED STATE ROUTE,No,True,No,4/23/2025,No,Point,38.917295643,-76.918079653,MSP,03,16,03,No,12,,12:53,2025,Wednesday,12,Motor Vehicle In Transport,05,On Roadway,2,,,,,,06,Non-Junction,01,Daylight,4/23/2025,2025-04-23,E,24.17,F,N,,,31B614065C2E6762B261FE0B2E936F88B322E14E6144DEBE21B6DEDAAC368951,US,01,No,,,,,01,Dry,,,,,,,,
Property Damage Crashes,DA416800BP,Prince George's County Police,Other,Prince George's,Minor Arterial,No,No,No,No,No,PALMER RD,3645,COUNTY ROAD,No,True,No,1/9/2025,No,Point,38.766904556,-76.989570076,PGCOPD,98,16,03,No,18,,18:25,2025,Thursday,12,Motor Vehicle In Transport,05,On Roadway,4,,,,,,09,Through Roadway,04,Dark - Not Lighted,1/9/2025,2025-01-09,N,28.47,F,N,,,95309AD99B55AFD0FB466EF1D7D1508F208832CE1B190E64A0261EE2BE97F344,CO,01,No,,,,,07,Snow,,,,,,,,
Property Damage Crashes,DA3120005K,Prince George's County Police,Angle,Prince George's,Local,No,No,No,No,No,ARAGONA BLVD,5635,COUNTY ROAD,No,True,No,3/16/2025,No,Point,38.734363876,-76.990581935,PGCOPD,01,16,03,No,12,,12:32,2025,Sunday,12,Motor Vehicle In Transport,05,On Roadway,7,,,,SERVICE RD E,,09,Through Roadway,01,Daylight,3/16/2025,2025-03-16,S,7.36,F,N,,,EAD40A9DC29D1B9ECA4A4B19E9A36D532D748F129427A060BC3246DBA9E11791,CO,01,No,,,,,01,Dry,,,,,,,,
Property Damage Crashes,DA4406001F,Prince George's County Police,Front to Rear,Prince George's,Local,No,No,No,No,No,AMMENDALE RD,30,COUNTY ROAD,No,True,No,5/28/2025,No,Point,39.048824428,-76.890698352,PGCOPD,03,16,03,No,12,,12:40,2025,Wednesday,12,Motor Vehicle In Transport,05,On Roadway,7,,,,OLD BALTIMORE PIKE,,06,Non-Junction,01,Daylight,5/28/2025,2025-05-28,S,20.2,F,N,,,7D0E6BD424D63A9EF21D77AFB286F60A08081135A0030AFD146CCC0897DC655D,CO,01,No,,,,,09,Wet,,,,,,,,
Injury Crashes,DA34640082,Prince George's County Police,Front to Rear,Prince George's,,Yes,No,No,No,No,,123,COUNTY ROAD,No,True,No,5/20/2025,No,Point,38.805110739,-76.933920498,PGCOPD,03,16,02,No,21,,21:31,2025,Tuesday,15,Parked Vehicle,05,On Roadway,,,,,,,06,Non-Junction,03,Dark - Lighted,5/20/2025,2025-05-20,N,20.14,F,N,,,F964F9048AF149CC4F027B2DC060F650FC869869D6C2D715D743AB7B6EB5EEE3,CO,01,No,,,,,01,Dry,,,,,,,,
Injury Crashes,DA4403000F,Prince George's County Police,Angle,Prince George's,Principal Arterial – Other,No,No,No,No,No,ST BARNABAS RD,414,MARYLAND ROUTE,No,True,No,2/8/2025,No,Point,38.822790729,-76.952561844,PGCOPD,01,16,02,No,16,,16:35,2025,Saturday,12,Motor Vehicle In Transport,05,On Roadway,3,,,,,,99,Unknown,01,Daylight,2/8/2025,2025-02-08,N,34.77,F,N,,,6E2ADF16FDCD931B7E2F232BB88EE05FBA5951D40237F8879903E86EB995E130,MD,01,No,,,,,98,Other,,,,,,,,
Property Damage Crashes,MSP757700KG,Maryland State Police,Single Vehicle,Prince George's,Interstate,No,No,No,No,No,RAMP 6 FR IS 595 EB TO US 301 SB,595,RAMP,No,True,No,5/3/2025,No,Point,38.9535,-76.724116667,MSP,101,16,03,No,2,,02:18,2025,Saturday,28,Ditch,03,Median,1,,,,,,09,Through Roadway,03,Dark - Lighted,5/3/2025,2025-05-03,W,14.93,F,N,,,494AF9DF65C04BB9623DFFC54346E85819B26B9F6B3A31E1AA3A4C8B2BDC14DE,RP,01,No,25,Concrete Traffic Barrier,03,Median,01,Dry,,,,,,,,
Property Damage Crashes,MSP78710042,Maryland State Police,"Sideswipe, Same Direction",Prince George's,Interstate,No,No,No,No,No,CAPITAL BELTWAY,95,INTERSTATE ROUTE,No,True,No,5/15/2025,No,Point,39.022637053,-76.940501189,MSP,07,16,03,No,10,,10:46,2025,Thursday,12,Motor Vehicle In Transport,05,On Roadway,1,,,,,,09,Through Roadway,01,Daylight,5/15/2025,2025-05-15,W,45.88,F,N,,,06D8694D6E55D7FF58D6BD8D8756A335A3EC70155BEFB4587D996E11739A29C6,IS,01,No,,,,,01,Dry,,,,,,,,
Property Damage Crashes,MSP647600J4,Maryland State Police,Front to Rear,Prince George's,Interstate,No,No,No,No,No,CAPITAL BELTWAY (SB/L),95,INTERSTATE ROUTE,No,True,No,4/30/2025,No,Point,38.819037585,-76.896956218,MSP,03,16,03,No,15,,15:33,2025,Wednesday,12,Motor Vehicle In Transport,05,On Roadway,1,,,,,,09,Through Roadway,01,Daylight,4/30/2025,2025-04-30,S,10.44,F,N,,,A4D5E9DBA08D0ABA18A95AD957F2ACC37C90C5EA7F3962315BD23CD0D5719CCE,IS,01,No,,,,,01,Dry,,,,,,,,
Property Damage Crashes,DA4421000Z,Prince George's County Police,Angle,Prince George's,Major Collector,No,No,No,No,No,OLD FORT RD,118,COUNTY ROAD,No,True,No,2/6/2025,No,Point,38.755674428,-76.992580915,PGCOPD,01,16,03,No,16,04,16:30,2025,Thursday,12,Motor Vehicle In Transport,05,On Roadway,5,Perpendicular,,,OLD PALMER RD,03,05,Intersection or Related,01,Daylight,2/6/2025,2025-02-06,W,0,F,N,,,4AF18B7467C01BBEC8EF18882CD614763D48CAECF212B1CC80FF99B5BB7289E2,CO,01,No,,,,,01,Dry,05,No Controls,,,,,,
Injury Crashes,DA42190063,Prince George's County Police,Front to Rear,Prince George's,,No,No,No,No,No,,122,COUNTY ROAD,No,True,No,2/7/2025,No,Point,38.801726471,-76.924649317,PGCOPD,03,16,02,No,15,,15:43,2025,Friday,12,Motor Vehicle In Transport,05,On Roadway,,,,,,,06,Non-Junction,01,Daylight,2/7/2025,2025-02-07,N,37.97,F,N,,,8C18DF26F535BD5DB13F69A65DF440DD4DEBAD3817E80331D11C3ED88F2B333A,CO,01,No,,,,,01,Dry,,,,,,,,
Property Damage Crashes,MSP745800S5,Maryland State Police,Front to Rear,Prince George's,Interstate,No,No,No,No,No,CAPITAL BELTWAY (SB/L),95,INTERSTATE ROUTE,No,True,No,4/19/2025,No,Point,38.844418333,-76.863728333,MSP,03,16,03,No,11,,11:18,2025,Saturday,12,Motor Vehicle In Transport,05,On Roadway,1,,,,,,01,Acceleration/Deceleration Lane,01,Daylight,4/19/2025,2025-04-19,E,33,F,N,,,16F4C4EEAE5BDC5F7E4E02545DDA2A8A6984AEBE562E351CCCABDB54DA2C8CF2,IS,01,No,,,,,01,Dry,,,,,,,,
Property Damage Crashes,DA42560060,Prince George's County Police,Front to Rear,Prince George's,Local,No,No,No,No,No,SANSBURY RD,90,COUNTY ROAD,No,True,No,4/19/2025,No,Point,38.866443066,-76.838840224,PGCOPD,03,16,03,Yes,21,,21:23,2025,Saturday,12,Motor Vehicle In Transport,05,On Roadway,7,,,,,,09,Through Roadway,03,Dark - Lighted,4/19/2025,2025-04-19,S,17.34,F,N,,,CC0AF6848B4462759D98BFC20FA4C2935DFFD370EB088E91B40CE4B89A1C7BC4,CO,01,No,,,,,01,Dry,,,,,,,,
Injury Crashes,DA43130031,Prince George's County Police,Front to Rear,Prince George's,Principal Arterial – Other Freeways and Expressways,No,No,No,No,No,BRANCH AVE,5,MARYLAND ROUTE,No,True,No,1/27/2025,No,Point,38.825390561,-76.924505418,PGCOPD,03,16,02,Yes,8,,08:06,2025,Monday,12,Motor Vehicle In Transport,05,On Roadway,2,,,,,,01,Acceleration/Deceleration Lane,01,Daylight,1/27/2025,2025-01-27,N,42.78,F,N,,,BB3979CB8F7322BE9C66E63B04C20EC257360D3403DF81D2BD9110AF2EA28C06,MD,01,No,,,,,01,Dry,,,,,,,,
Property Damage Crashes,AM0376002P,Bladensburg Police Department,Front to Rear,Prince George's,Local,Yes,No,No,No,No,54TH ST,542,MUNICIPAL ROAD,No,True,No,4/19/2025,No,Point,38.940321213,-76.926941715,BLADENSBURG,03,16,03,No,21,,21:07,2025,Saturday,12,Motor Vehicle In Transport,99,Unknown,7,,,,,,06,Non-Junction,04,Dark - Not Lighted,4/19/2025,2025-04-19,S,18.87,F,N,,,CDC819489BE9A1D463226FF5E5C591D6288E2D6FB032E485D967F4BCE6E56122,MU,01,No,,,,,01,Dry,,,,,,,,
Property Damage Crashes,DA4234004F,Prince George's County Police,Unknown,Prince George's,Local,No,No,No,No,No,GLEN OAK DR,2241,COUNTY ROAD,No,True,No,4/2/2025,No,Point,38.802409589,-76.916541758,PGCOPD,99,16,03,No,20,,20:00,2025,Wednesday,33,Impact Attenuator/Crash Cushion,05,On Roadway,7,,,,,,01,Acceleration/Deceleration Lane,04,Dark - Not Lighted,4/2/2025,2025-04-02,N,37.86,F,N,,,29744F5BC19ED72B3F17C9F5433E3F54A1581D042E43354C51A885F285A82138,CO,01,No,,,,,01,Dry,,,,,,,,
Property Damage Crashes,CBPD0073004M,Bowie Police Department,Front to Front,Prince George's,Minor Arterial,No,No,No,No,No,,564,MARYLAND ROUTE,No,True,No,3/24/2025,No,Point,39.006720942,-76.776466445,BOWIE,02,16,03,No,20,,20:20,2025,Monday,12,Motor Vehicle In Transport,05,On Roadway,4,,,,,,09,Through Roadway,03,Dark - Lighted,3/24/2025,2025-03-24,W,18.72,F,N,,,F773BB02A7E4D82C54946AE642AB4BEAFC0EFB2B7B28F6B471A8EED7382B4BD0,MD,01,No,97,Not Applicable,,,01,Dry,,,,,,,,
Property Damage Crashes,MSP746700FX,Maryland State Police,Single Vehicle,Prince George's,Interstate,No,No,No,No,No,CAPITAL BELTWAY (SB/L),95,INTERSTATE ROUTE,No,True,No,4/11/2025,No,Point,38.818336667,-76.910016667,MSP,101,16,03,No,19,,19:25,2025,Friday,32,Guardrail Face,07,"On Shoulder, Right Side",1,,,,,,09,Through Roadway,04,Dark - Not Lighted,4/11/2025,2025-04-11,N,52.02,F,N,,,94840DE4B296A1B016ABE9A092A446260F3F956FDA6778F70FECE17B4CD9EA41,IS,01,No,,,,,09,Wet,,,,,,,,
Injury Crashes,DA4414000N,Prince George's County Police,Angle,Prince George's,Principal Arterial – Other,No,No,No,No,No,ST BARNABAS RD,414,MARYLAND ROUTE,No,True,No,5/7/2025,No,Point,38.828847895,-76.942716629,PGCOPD,01,16,02,No,13,,13:49,2025,Wednesday,12,Motor Vehicle In Transport,05,On Roadway,3,,,,,,09,Through Roadway,01,Daylight,5/7/2025,2025-05-07,S,12.71,F,N,,,D226026F19B22848C3D613B644020F89903B595361B758ED9D430C3B2DA8B09C,MD,01,No,,,,,01,Dry,,,,,,,,
Property Damage Crashes,MSP77760071,Maryland State Police,Single Vehicle,Prince George's,Interstate,No,No,No,No,No,CAPITAL BELTWAY,95,INTERSTATE ROUTE,No,True,No,5/30/2025,No,Point,38.962747905,-76.866830934,MSP,101,16,03,Yes,4,,04:17,2025,Friday,41,Utility Pole/Light Support,09,Roadside,1,,101,State,RAMP 2 FR MD 450 WB TO IS 95 NB,,01,Acceleration/Deceleration Lane,03,Dark - Lighted,5/30/2025,2025-05-30,W,28.21,F,N,,,D28D390D900AA80710725C2362C91C7560FC6F4E15DE358E18DC19BBEB5E0613,IS,01,No,,,,,09,Wet,,,,,,,,
Property Damage Crashes,DA399100BM,Prince George's County Police,Rear To Rear,Prince George's,,No,No,No,No,Yes,,,,No,True,No,4/5/2025,No,Point,38.863093707,-76.894818077,PGCOPD,04,16,03,,20,,20:30,2025,Saturday,15,Parked Vehicle,02,In Parking Lane Or Zone,,,,,,,,,03,Dark - Lighted,4/5/2025,2025-04-05,,,F,N,102,Parking Lot Way,,,01,No,,,,,,,,,,,,,,
Injury Crashes,MSP546601R9,Maryland State Police,Single Vehicle,Prince George's,Interstate,No,No,No,No,No,CAPITAL BELTWAY (NB LOCAL),95,INTERSTATE ROUTE,No,True,No,1/30/2025,No,Point,38.79266,-77.026346667,MSP,101,16,02,Yes,23,,23:13,2025,Thursday,25,Concrete Traffic Barrier,09,Roadside,1,,,,,,09,Through Roadway,03,Dark - Lighted,1/30/2025,2025-01-30,N,22.22,F,N,,,9A60A8C91D32FDB155961AA5AF32A5AFB342F4249EA1A1B3E3496D0D954623E7,IS,01,No,25,Concrete Traffic Barrier,09,Roadside,01,Dry,,,,,,,,