Crash Severity Description,Reportnumber,Agencyname,CollisionImpact Description,Crash County Description,FunctionalClass Description,ImpairedCrash,Large Vehicle Involved,Motorcycle Crash,Non-Motorist Crash,OffRoad,RoadName,Route Number,RouteType Description,Unrestrained Occupants,WithinDateRange,Work Zone Related,Crashdate,Work Zone Crash,CrashPoint,Latitude,Longitude,AgencyCode,CollisionImpact,Crash County,Crash Severity,Crash Within Interchange,Crashhour,CrashInterchangeApproaches,Crashtime,CrashYear,Dayofweek,FirstHarmEvent,FirstHarmEvent Description,FirstHarmLocation,FirstHarmLocation Description,FunctionalClass,Geometry Description,GovPropertyDamage,GovPropertyDamage Description,IntersectingRoadName,Intersection Geometry,JunctionRelated,JunctionRelated Description,Light,Light Description,LOD Crash Date,LOD Date Level,MilepointDirection,MilepointDistance,MilepointUnits,NonTrafficFatal,OffroadLocation,OffroadLocation Description,RoadID,RouteType,SchoolBusRelated,SchoolBusRelated Description,SecondHarmEvent,SecondHarmEvent Description,SecondHarmLocation,SecondHarmLocation Description,Surface,Surface Description,TrafficControl,Trafficcontrol Description,WZLawEnforcementPresent,WZLocation,WZLocation Description,WZType,WZType Description,WZWorkersPresent
Injury Crashes,DA44370004,Prince George's County Police,"Sideswipe, Opposite Direction",Prince George's,,No,No,No,No,No,ALLENTOWN RD (SB/L),126,COUNTY ROAD,No,True,No,4/20/2025,No,Point,38.797738941,-76.913689856,PGCOPD,06,16,02,No,20,,20:59,2025,Sunday,12,Motor Vehicle In Transport,05,On Roadway,,,,,,,09,Through Roadway,04,Dark - Not Lighted,4/20/2025,2025-04-20,N,36.34,F,N,,,BAA4FB803870233BCCCF58FF7299C94BF4D48D3311D6C5E048DB9E1050DDC64D,CO,01,No,,,,,01,Dry,,,,,,,,
Property Damage Crashes,MSP78390051,Maryland State Police,Front to Rear,Prince George's,Principal Arterial – Other,No,No,No,No,No,BRANCH AVE (SB/L),5,MARYLAND ROUTE,No,True,No,5/6/2025,No,Point,38.753483333,-76.879406667,MSP,03,16,03,No,12,,12:43,2025,Tuesday,12,Motor Vehicle In Transport,05,On Roadway,3,,101,State,,,09,Through Roadway,01,Daylight,5/6/2025,2025-05-06,E,26.26,F,N,,,9103B5149C988EC5C4471EFB170F3BB168F256CDF4904ED27D299132AC19E4E7,MD,01,No,,,,,01,Dry,,,,,,,,
Property Damage Crashes,DA4418000X,Prince George's County Police,"Sideswipe, Same Direction",Prince George's,Local,No,No,No,No,No,PATTERSON ST,2078,COUNTY ROAD,No,True,No,3/26/2025,No,Point,38.959344275,-76.887363464,PGCOPD,07,16,03,No,8,,08:20,2025,Wednesday,12,Motor Vehicle In Transport,07,"On Shoulder, Right Side",7,,,,,,09,Through Roadway,01,Daylight,3/26/2025,2025-03-26,W,14.36,F,N,,,5DDF21CE194D2238FC1E5C9BDCA031ECDB02144AA4381E3F7B0BEE473F59E54C,CO,01,No,,,,,01,Dry,,,,,,,,
Property Damage Crashes,DA44240008,Prince George's County Police,"Sideswipe, Same Direction",Prince George's,Major Collector,No,No,No,No,No,ADDISON RD,351,COUNTY ROAD,Yes,True,No,1/20/2025,No,Point,38.910268111,-76.922892835,PGCOPD,07,16,03,Yes,7,,07:30,2025,Monday,12,Motor Vehicle In Transport,05,On Roadway,5,,,,,,09,Through Roadway,01,Daylight,1/20/2025,2025-01-20,W,36.87,F,N,,,02500DAC176A96650BD0189F7310482FCBCD87362E07F620B2A32783A3AFE340,CO,01,No,12,Motor Vehicle In Transport,09,Roadside,06,Slush,,,,,,,,
Property Damage Crashes,MSP7875003Z,Maryland State Police,Front to Rear,Prince George's,Principal Arterial – Other,No,No,No,No,No,CRAIN HWY,301,UNITED STATE ROUTE,No,True,No,5/7/2025,No,Point,38.665846667,-76.875338333,MSP,03,16,03,No,14,,14:45,2025,Wednesday,12,Motor Vehicle In Transport,05,On Roadway,3,,,,,,06,Non-Junction,01,Daylight,5/7/2025,2025-05-07,E,54.31,F,N,,,0F963512CE36DF44A54E7E646C08C22949971CF1B946409C1EC9FDF0CBA8D2A4,US,01,No,,,,,01,Dry,,,,,,,,
Injury Crashes,DA3973006C,Prince George's County Police,Angle,Prince George's,Local,No,No,No,No,No,GUILFORD RD,694,COUNTY ROAD,No,True,No,2/10/2025,No,Point,38.983594471,-76.976099092,PGCOPD,01,16,02,Yes,8,02,08:45,2025,Monday,12,Motor Vehicle In Transport,05,On Roadway,7,Angled/Skewed,,,UNIVERSITY BLVD,01,05,Intersection or Related,01,Daylight,2/10/2025,2025-02-10,E,0,F,N,,,8FA3DBAD45025B2A2AEF9D1E81C62D4A88E3128D7DE05972DA6A6FC1A0DE7EB5,CO,01,No,,,,,01,Dry,05,No Controls,,,,,,
Property Damage Crashes,CNC31740053,New Carrollton Police Department,"Sideswipe, Same Direction",Prince George's,,No,No,No,No,Yes,,,,Yes,True,No,5/15/2025,No,Point,38.954364740,-76.870334713,NCPD,07,16,03,,18,,18:14,2025,Thursday,15,Parked Vehicle,02,In Parking Lane Or Zone,,,,,,,,,01,Daylight,5/15/2025,2025-05-15,,,F,N,102,Parking Lot Way,,,01,No,,,,,,,,,,,,,,
Property Damage Crashes,DA4431000J,Prince George's County Police,Front to Rear,Prince George's,,No,Yes,No,No,No,,451,SPUR,No,True,No,2/16/2025,No,Point,38.983659596,-76.979000082,PGCOPD,03,16,03,No,12,,12:30,2025,Sunday,12,Motor Vehicle In Transport,05,On Roadway,,,,,,,06,Non-Junction,01,Daylight,2/16/2025,2025-02-16,S,39.77,F,N,,,61F7B0058D335DEC906436E0ED81EAE6E13C9242C52C22B267058847A22DB228,SP,01,No,,,,,09,Wet,,,,,,,,
Property Damage Crashes,DA364800CC,Prince George's County Police,Single Vehicle,Prince George's,,No,Yes,No,No,No,BOTTSFORD AVE,2816,LOCAL ROAD,No,True,No,3/17/2025,No,Point,38.884802691,-76.749558034,PGCOPD,101,16,03,No,8,,08:00,2025,Monday,35,"Other Fixed Object (wall, building, tunnel, etc.)",05,On Roadway,,,,,,,09,Through Roadway,01,Daylight,3/17/2025,2025-03-17,N,25.14,F,N,,,0C0D5EB8CAFA53C22BB2BA1716129CCB2994EF49BBF9595000E92FBCBFE31E9E,LL,02,"Yes, School Bus Directly Involved",,,,,01,Dry,,,,,,,,
Property Damage Crashes,CBPD0048008P,Bowie Police Department,Unknown,Prince George's,,No,No,No,No,Yes,,,,No,True,No,3/17/2025,No,Point,38.980142622,-76.732258782,BOWIE,99,16,03,,15,,15:30,2025,Monday,15,Parked Vehicle,99,Unknown,,,,,,,,,01,Daylight,3/17/2025,2025-03-17,,,F,N,102,Parking Lot Way,,,01,No,97,Not Applicable,,,,,,,,,,,,
Property Damage Crashes,DA42760074,Prince George's County Police,Single Vehicle,Prince George's,Principal Arterial – Other,No,No,No,No,No,MARTIN LUTHER KING JR HWY (WB/L),704,MARYLAND ROUTE,No,True,No,1/26/2025,No,Point,38.909137192,-76.892625142,PGCOPD,101,16,03,No,16,,16:50,2025,Sunday,27,Curb,09,Roadside,3,,,,,,06,Non-Junction,01,Daylight,1/26/2025,2025-01-26,N,96.39,F,N,,,6F6FC2BFC712B3E055A85FF9129FA3FDDC4AFD1801B5400733DDD7B1AC478AB2,MD,01,No,,,,,01,Dry,,,,,,,,
Property Damage Crashes,DA42570045,Prince George's County Police,Rear To Side,Prince George's,Major Collector,No,No,No,No,No,MONTGOMERY RD,19,COUNTY ROAD,No,True,No,1/2/2025,No,Point,39.028833704,-76.916177918,PGCOPD,05,16,03,No,18,,18:15,2025,Thursday,12,Motor Vehicle In Transport,05,On Roadway,5,,,,BALTIMORE AVE,,06,Non-Junction,03,Dark - Lighted,1/2/2025,2025-01-02,S,20.58,F,N,,,AE4E9E50DB152248021AE7CFA9433E2DAB59039B8A22231D35A6C1009EE15D45,CO,01,No,,,,,01,Dry,,,,,,,,
Property Damage Crashes,DA338900BS,Prince George's County Police,Single Vehicle,Prince George's,Major Collector,No,No,No,Yes,No,BRINKLEY RD,122,COUNTY ROAD,No,True,No,2/13/2025,No,Point,38.804113603,-76.952763328,PGCOPD,101,16,03,No,17,,17:10,2025,Thursday,17,Pedestrian,05,On Roadway,5,,,,,,09,Through Roadway,01,Daylight,2/13/2025,2025-02-13,E,14.16,F,N,,,55869D5627E6B502BF045EFC677388819AC2DE7562DC9166CEF559F624688C01,CO,01,No,,,,,01,Dry,,,,,,,,
Property Damage Crashes,BW0217000P,Greenbelt Police Department,Single Vehicle,Prince George's,Principal Arterial – Other,No,No,No,No,No,GREENBELT RD (WB/L),193,MARYLAND ROUTE,Yes,True,No,5/11/2025,No,Point,38.995640170,-76.884680937,GREENBELT,101,16,03,No,15,,15:50,2025,Sunday,27,Curb,10,Separator/Traffic Island,3,,,,,,06,Non-Junction,01,Daylight,5/11/2025,2025-05-11,S,18.18,F,N,,,EB583DD55F90F7A2276B09A0056B0180C17F572535249DCA1B98C87DAC05C47B,MD,01,No,,,,,01,Dry,,,,,,,,
Property Damage Crashes,DA4361001W,Prince George's County Police,Front to Rear,Prince George's,Local,No,No,No,No,No,DUNWOODY AVE,1443,COUNTY ROAD,No,True,No,4/5/2025,No,Point,38.810276552,-76.987056772,PGCOPD,03,16,03,No,16,,16:37,2025,Saturday,12,Motor Vehicle In Transport,05,On Roadway,7,,,,,,06,Non-Junction,01,Daylight,4/5/2025,2025-04-05,N,15.01,F,N,,,38E1786DC9E05017D431C806677FC2E3DD279DAE198D199F60AA8AE2F41F6124,CO,01,No,,,,,01,Dry,,,,,,,,
Property Damage Crashes,MSP7871003P,Maryland State Police,Single Vehicle,Prince George's,Interstate,No,No,No,No,No,NO NAME,95,INTERSTATE ROUTE,No,True,No,4/28/2025,No,Point,39.108090436,-76.881528757,MSP,101,16,03,No,14,,14:05,2025,Monday,28,Ditch,03,Median,1,,,,,,09,Through Roadway,01,Daylight,4/28/2025,2025-04-28,S,63.49,F,N,,,C8FA732878CA9353951CF17C107C45ADDF1C292679DBFA7F81552C4167B75928,IS,01,No,29,Embankment,03,Median,01,Dry,,,,,,,,
Property Damage Crashes,DA4422000F,Prince George's County Police,Front to Rear,Prince George's,Local,No,No,No,No,No,64TH AVE,401,COUNTY ROAD,No,True,No,2/9/2025,No,Point,38.957885524,-76.908232902,PGCOPD,03,16,03,No,16,,16:10,2025,Sunday,15,Parked Vehicle,05,On Roadway,7,,,,,,09,Through Roadway,01,Daylight,2/9/2025,2025-02-09,S,75.14,F,N,,,B7AF6313007824667ED831E28D09784B6E4BCC224D01D0571BD2C5BB1CFA75D9,CO,01,No,,,,,01,Dry,,,,,,,,
Property Damage Crashes,MSP7770007N,Maryland State Police,Front to Rear,Prince George's,Interstate,No,No,No,No,No,CAPITAL BELTWAY (SB/L),95,INTERSTATE ROUTE,No,True,No,4/23/2025,No,Point,38.819521113,-76.928287234,MSP,03,16,03,No,7,,07:15,2025,Wednesday,12,Motor Vehicle In Transport,05,On Roadway,1,,,,,,06,Non-Junction,01,Daylight,4/23/2025,2025-04-23,S,21.3,F,N,,,68D6EE6CDC0B047934749886BC37B8765827B1F0D4BBA6DB44A74CCEF362DD75,IS,01,No,,,,,01,Dry,,,,,,,,
Injury Crashes,MSP718600L7,Maryland State Police,Front to Rear,Prince George's,Interstate,No,No,No,No,No,RAMP 12 FR IS 295 SB TO MD 210 SB,95,RAMP,Yes,True,No,5/23/2025,No,Point,38.795076667,-77.013098333,MSP,03,16,02,No,0,,00:56,2025,Friday,12,Motor Vehicle In Transport,01,Gore,1,,,,,,06,Non-Junction,05,Dark - Unknown Lighting,5/23/2025,2025-05-23,S,35.82,F,N,,,080EAFCA4F7B1751BE77C9830967ACEB19253E26C03562A476E6B76F86CAAF19,RP,01,No,,,,,01,Dry,,,,,,,,
Property Damage Crashes,DA4417000R,Prince George's County Police,Front to Rear,Prince George's,Local,No,No,No,No,No,S BARNABY RD,1461,COUNTY ROAD,No,True,No,3/27/2025,No,Point,38.819347169,-76.957354458,PGCOPD,03,16,03,No,16,,16:25,2025,Thursday,12,Motor Vehicle In Transport,05,On Roadway,7,,,,,,06,Non-Junction,01,Daylight,3/27/2025,2025-03-27,W,7.03,F,N,,,8C3F62237CE56E300937F1A156EFF5A030E76354AA25CC419CA67A753F004824,CO,03,"Yes, School Bus Indirectly Involved",,,,,01,Dry,,,,,,,,
Property Damage Crashes,DA3539001Q,Prince George's County Police,Single Vehicle,Prince George's,Major Collector,No,No,No,No,No,BRANDYWINE RD,381,MARYLAND ROUTE,No,True,No,4/25/2025,No,Point,38.697508732,-76.867049721,PGCOPD,101,16,03,No,14,,14:24,2025,Friday,41,Utility Pole/Light Support,09,Roadside,5,,,,,,09,Through Roadway,01,Daylight,4/25/2025,2025-04-25,N,25.04,F,N,,,A9F8140199480A9B39E1FD2D9E9C125C33ED0891D904876006AF55CA58515DD5,MD,01,No,,,,,01,Dry,,,,,,,,
Property Damage Crashes,CNC31850012,New Carrollton Police Department,"Sideswipe, Same Direction",Prince George's,Local,No,No,No,No,No,OGLETHORPE ST#1,451,MUNICIPAL ROAD,No,True,No,3/2/2025,No,Point,38.962554638,-76.873460870,NCPD,07,16,03,No,18,,18:07,2025,Sunday,15,Parked Vehicle,05,On Roadway,7,,,,,,06,Non-Junction,01,Daylight,3/2/2025,2025-03-02,S,27.46,F,N,,,802A46383959CB5B83F3BD22ED2CD18392772CFD5C008B352B241C288014B329,MU,01,No,,,,,01,Dry,,,,,,,,
Injury Crashes,AZ1730002L,Cheverly Police Department,Front to Rear,Prince George's,Principal Arterial – Other,No,No,No,No,No,LANDOVER RD (SB/L),202,MARYLAND ROUTE,No,True,No,3/30/2025,No,Point,38.931777957,-76.901016067,CHEVERLY,03,16,02,No,13,,13:43,2025,Sunday,12,Motor Vehicle In Transport,05,On Roadway,3,,,,,,06,Non-Junction,01,Daylight,3/30/2025,2025-03-30,N,13.1,F,N,,,C3F5AEB7FEDEF321E3A96DE7598E95EC9CDBA38EB077824D87468B6F985024A8,MD,01,No,,,,,01,Dry,,,,,,,,
Property Damage Crashes,DA42550039,Prince George's County Police,Front to Rear,Prince George's,Principal Arterial – Other,No,No,No,No,No,MARTIN LUTHER KING JR HWY,704,MARYLAND ROUTE,No,True,No,1/17/2025,No,Point,38.954836512,-76.830192579,PGCOPD,03,16,03,No,8,,08:00,2025,Friday,12,Motor Vehicle In Transport,05,On Roadway,3,,,,,,99,Unknown,01,Daylight,1/17/2025,2025-01-17,N,15.43,F,N,,,A6DB5CFD36B3258761D77B6AE28FF2630836C3F4037E9DBC17C3ECA6DC0B4374,MD,01,No,,,,,09,Wet,,,,,,,,
Property Damage Crashes,DA43800033,Prince George's County Police,Single Vehicle,Prince George's,Major Collector,No,No,No,No,No,BERRY RD,724,COUNTY ROAD,No,True,No,3/31/2025,No,Point,38.677787021,-76.974248575,PGCOPD,101,16,03,No,1,,01:20,2025,Monday,40,Tree (standing),05,On Roadway,5,,,,,,01,Acceleration/Deceleration Lane,03,Dark - Lighted,3/31/2025,2025-03-31,S,48.79,F,N,,,FAEE546B2961065CD3AEA6330B4F96C37C1E2B24B50848088E2404E6B94BCCCC,CO,01,No,,,,,01,Dry,,,,,,,,
Property Damage Crashes,DA379700CD,Prince George's County Police,Front to Rear,Prince George's,Principal Arterial – Other,No,No,No,No,No,MARTIN LUTHER KING JR HWY (WB/L),704,MARYLAND ROUTE,No,True,No,2/22/2025,No,Point,38.916440061,-76.882871245,PGCOPD,03,16,03,No,0,,00:10,2025,Saturday,12,Motor Vehicle In Transport,05,On Roadway,3,,,,COLUMBIA PARK RD,,06,Non-Junction,03,Dark - Lighted,2/22/2025,2025-02-22,S,5.06,F,N,,,FC8A387B6CFFCADDC1132E42EDCF2205212F86A90904DFA68A1D3FB656C590FA,MD,01,No,,,,,01,Dry,,,,,,,,
Injury Crashes,MSP7875004K,Maryland State Police,"Sideswipe, Same Direction",Prince George's,Interstate,No,Yes,No,No,No,CAPITAL BELTWAY,95,INTERSTATE ROUTE,No,True,Yes,5/21/2025,Yes,Point,38.817788333,-76.936953333,MSP,07,16,02,No,10,,10:46,2025,Wednesday,12,Motor Vehicle In Transport,05,On Roadway,1,,,,,,06,Non-Junction,01,Daylight,5/21/2025,2025-05-21,E,59.63,F,N,,,72329AB935CDBE573D8F831517755A65FF252A95DCA09E711073168FF1595219,IS,01,No,,,,,09,Wet,,,N,02,Advance Warning Area,03,Work on Shoulder or Median,No
Property Damage Crashes,DA36040018,Prince George's County Police,Single Vehicle,Prince George's,Principal Arterial – Other Freeways and Expressways,No,No,No,No,No,INDIAN HEAD HWY (SB/L),210,MARYLAND ROUTE,Yes,True,No,5/8/2025,No,Point,38.770814137,-76.996887790,PGCOPD,101,16,03,No,22,,22:33,2025,Thursday,40,Tree (standing),04,"Off-Roadway, Location Unknown",2,,,,,,06,Non-Junction,03,Dark - Lighted,5/8/2025,2025-05-08,N,494.68,F,N,,,E9C22679FD3F68634DF88C80A4A9F9F273BF3F4913DC4D617C67F0116C00B0CE,MD,01,No,,,,,01,Dry,,,,,,,,
Injury Crashes,MSP7875001J,Maryland State Police,Front to Front,Prince George's,Principal Arterial – Other,No,No,No,No,No,CRAIN HWY,301,UNITED STATE ROUTE,No,True,No,1/24/2025,No,Point,38.896740233,-76.7184438,MSP,02,16,02,No,16,,16:37,2025,Friday,12,Motor Vehicle In Transport,05,On Roadway,3,,,,,,06,Non-Junction,01,Daylight,1/24/2025,2025-01-24,N,51.28,F,N,,,91B6E3C3E464FB862361CF240069C1D4EEC2D02569FD6B859413B0D84E9560AE,US,01,No,,,,,01,Dry,,,,,,,,
Injury Crashes,DA3707004N,Prince George's County Police,Other,Prince George's,Minor Arterial,No,No,No,No,No,ANNAPOLIS RD (WB/L),450,MARYLAND ROUTE,No,True,No,2/14/2025,No,Point,38.964400569,-76.850538720,PGCOPD,98,16,02,No,7,02,07:27,2025,Friday,12,Motor Vehicle In Transport,05,On Roadway,4,Perpendicular,,,WASHINGTON BLVD,03,05,Intersection or Related,01,Daylight,2/14/2025,2025-02-14,W,0,F,N,,,099B8CAED67803497DC5ABF9EA109031B80514D59DC500A4667147E38D0385FC,MD,01,No,,,,,01,Dry,05,No Controls,,,,,,
Property Damage Crashes,DA4324001Y,Prince George's County Police,Front to Rear,Prince George's,Local,No,No,No,No,No,BALBOA AVE,378,COUNTY ROAD,No,True,No,2/27/2025,No,Point,38.8745957,-76.929883,PGCOPD,03,16,03,Yes,18,,18:26,2025,Thursday,12,Motor Vehicle In Transport,99,Unknown,7,,,,BENNING RD,,09,Through Roadway,03,Dark - Lighted,2/27/2025,2025-02-27,N,109.24,F,N,,,66CFE34C1F48FAD97A67D2D7397AB56DD12585E4396FD8B6CF629588F21C4AE2,CO,01,No,,,,,09,Wet,,,,,,,,
Property Damage Crashes,CNC3164007S,New Carrollton Police Department,Rear To Side,Prince George's,Local,No,Yes,No,No,No,87TH AVE #1,871,MUNICIPAL ROAD,No,True,No,4/12/2025,No,Point,38.969303067,-76.869829893,NCPD,05,16,03,No,16,03,16:48,2025,Saturday,12,Motor Vehicle In Transport,09,Roadside,7,Perpendicular,,,FREMONT ST,03,05,Intersection or Related,01,Daylight,4/12/2025,2025-04-12,N,0,F,N,,,39E88A61DF80070A73267AE68BB68C4DF75F6AF10F2AF2F33B53F2B325DF419F,MU,01,No,,,,,01,Dry,03,Stop - Partial,,,,,,
Property Damage Crashes,DA3426004H,Prince George's County Police,Front to Rear,Prince George's,Interstate,No,No,No,No,No,RAMP 8 FR IS 95 SB TO MD 202F WB,95,RAMP,No,True,No,1/21/2025,No,Point,38.907262393,-76.851029150,PGCOPD,03,16,03,No,23,,23:00,2025,Tuesday,12,Motor Vehicle In Transport,05,On Roadway,1,,,,,,06,Non-Junction,03,Dark - Lighted,1/21/2025,2025-01-21,N,29.79,F,N,,,C85B9CF4096C36C93DC2510678DCEB05C0BBA2B0F77B4ECEBBF7B4E6D5234E02,RP,01,No,,,,,01,Dry,,,,,,,,
Property Damage Crashes,MSP766400B4,Maryland State Police,Front to Rear,Prince George's,Interstate,No,No,No,No,No,CAPITAL BELTWAY (SB/L),95,INTERSTATE ROUTE,No,True,No,4/18/2025,No,Point,38.818524798,-76.910238962,MSP,03,16,03,No,14,,14:12,2025,Friday,12,Motor Vehicle In Transport,05,On Roadway,1,,,,,,09,Through Roadway,01,Daylight,4/18/2025,2025-04-18,S,18.46,F,N,,,F5B29E664A627C2638D5163F478F4F027B12895FA1026A5FEC82B75731EB3DA2,IS,01,No,,,,,01,Dry,,,,,,,,
Injury Crashes,DA4365003Y,Prince George's County Police,Front to Rear,Prince George's,Major Collector,No,No,No,No,No,HANOVER PKWY,205,MUNICIPAL ROAD,No,True,No,4/2/2025,No,Point,38.980163323,-76.866912205,PGCOPD,03,16,02,Yes,10,04,10:55,2025,Wednesday,12,Motor Vehicle In Transport,05,On Roadway,5,Angled/Skewed,,,GOOD LUCK RD GOOD LUCK RD (WB/L) PRINCESS GARDEN PKWY,01,05,Intersection or Related,01,Daylight,4/2/2025,2025-04-02,N,0,F,N,,,9FA493D4E8323A80F60F6A9A1E44D3A87A00CDB97CAA24B070DA15EC5BC46D31,MU,01,No,,,,,01,Dry,01,Signalized,,,,,,
Property Damage Crashes,MSP77730022,Maryland State Police,"Sideswipe, Same Direction",Prince George's,Interstate,No,Yes,No,No,No,CAPITAL BELTWAY (SB/L),95,INTERSTATE ROUTE,No,True,No,4/7/2025,No,Point,39.018250360,-76.921647810,MSP,07,16,03,No,9,,09:30,2025,Monday,12,Motor Vehicle In Transport,05,On Roadway,1,,,,,,04,Entrance/Exit Ramp or Related,01,Daylight,4/7/2025,2025-04-07,E,20.93,F,N,,,561806012E5C8A48CA5E7968EF413006034696813A4C0D439B311FC4E0EDDD81,IS,01,No,,,,,09,Wet,,,,,,,,
Property Damage Crashes,CBPD00860082,Bowie Police Department,Front to Rear,Prince George's,Minor Arterial,No,No,No,No,No,,197,MARYLAND ROUTE,No,True,No,6/2/2025,No,Point,38.965137528,-76.752752194,BOWIE,03,16,03,No,8,,08:30,2025,Monday,12,Motor Vehicle In Transport,05,On Roadway,4,,,,,,06,Non-Junction,01,Daylight,6/2/2025,2025-06-02,N,36.21,F,N,,,6F87F35084F54D9CF60BEC48040B54A16A9AAD87A2F0AD74A55DF9D076B19C53,MD,01,No,,,,,01,Dry,,,,,,,,
Property Damage Crashes,DA4341001X,Prince George's County Police,Front to Rear,Prince George's,Principal Arterial – Other,No,No,No,No,No,SILVER HILL RD (SB/L),458,MARYLAND ROUTE,No,True,No,4/2/2025,No,Point,38.839443286,-76.946664374,PGCOPD,03,16,03,Yes,18,04,18:37,2025,Wednesday,12,Motor Vehicle In Transport,05,On Roadway,3,Angled/Skewed,,,BRANCH AVE (SB/L) IVERSON ST (WB/L),01,05,Intersection or Related,01,Daylight,4/2/2025,2025-04-02,E,0,F,N,,,0F6A7225249F10B1449A08233E5A89F85BE310B659D4803CDBA7DF5255807FAA,MD,01,No,,,,,01,Dry,01,Signalized,,,,,,
Property Damage Crashes,DA4424000Q,Prince George's County Police,Front to Rear,Prince George's,Principal Arterial – Other,No,No,No,No,No,WALKER MILL RD,367,COUNTY ROAD,No,True,No,3/26/2025,No,Point,38.864630675,-76.894133296,PGCOPD,03,16,03,No,22,,22:50,2025,Wednesday,12,Motor Vehicle In Transport,05,On Roadway,3,,,,,,06,Non-Junction,03,Dark - Lighted,3/26/2025,2025-03-26,E,53.39,F,N,,,364C6C8B127ED789546BBC6D2AD80897683D2C88EC9BDD787294082E22A3BBAC,CO,01,No,,,,,01,Dry,,,,,,,,
Property Damage Crashes,DA4421001Q,Prince George's County Police,Front to Rear,Prince George's,Minor Arterial,No,No,No,No,No,BRANDYWINE RD,599,COUNTY ROAD,No,True,No,4/7/2025,No,Point,38.705393684,-76.883048671,PGCOPD,03,16,03,No,23,,23:50,2025,Monday,15,Parked Vehicle,05,On Roadway,4,,,,,,09,Through Roadway,03,Dark - Lighted,4/7/2025,2025-04-07,N,42.39,F,N,,,A9A95477CEEC1353DF0BF328E49029B85BD119C943B8EBB557A31DA5A08B2E75,CO,01,No,,,,,01,Dry,,,,,,,,
Injury Crashes,MSP7453009P,Maryland State Police,Front to Rear,Prince George's,Interstate,No,No,No,No,No,CAPITAL BELTWAY,95,INTERSTATE ROUTE,No,True,No,3/16/2025,No,Point,39.018430717,-76.9208945,MSP,03,16,02,No,20,,20:13,2025,Sunday,12,Motor Vehicle In Transport,05,On Roadway,1,,,,,,06,Non-Junction,04,Dark - Not Lighted,3/16/2025,2025-03-16,N,36.67,F,N,,,A77C5068643938325C2CC5BCE8E92C4E82D0AF14957C1C9A341257EEE4236211,IS,01,No,,,,,01,Dry,,,,,,,,
Property Damage Crashes,DA43420044,Prince George's County Police,Front to Rear,Prince George's,Principal Arterial – Other,No,No,No,No,No,LANDOVER RD (SB/L),202,MARYLAND ROUTE,No,True,No,5/6/2025,No,Point,38.927145928,-76.878583126,PGCOPD,03,16,03,No,9,,09:15,2025,Tuesday,12,Motor Vehicle In Transport,05,On Roadway,3,,,,,,09,Through Roadway,01,Daylight,5/6/2025,2025-05-06,E,105.45,F,N,,,72218A12CDB88B8A4F455C8A2D4802C1E56CECA664F7522D79C8624309B3A4E0,MD,01,No,,,,,01,Dry,,,,,,,,
Injury Crashes,DA4394001H,Prince George's County Police,Single Vehicle,Prince George's,Minor Arterial,No,No,No,No,No,POWDER MILL RD (SB/L),212,MARYLAND ROUTE,No,True,No,5/11/2025,No,Point,39.036346559,-76.948433015,PGCOPD,101,16,02,No,6,,06:50,2025,Sunday,31,Guardrail End Terminal,03,Median,4,,,,,,06,Non-Junction,01,Daylight,5/11/2025,2025-05-11,W,40.42,F,N,,,E4C968DA091067B50F3F2F4FF5045E71D8EBCE67FE573C452D3A9900F608845A,MD,01,No,,,,,01,Dry,,,,,,,,
Property Damage Crashes,DA4268007K,Prince George's County Police,Front to Front,Prince George's,Local,No,No,No,No,No,50TH PL #1,9503,MUNICIPAL ROAD,No,True,No,5/8/2025,No,Point,39.003838460,-76.923036867,PGCOPD,02,16,03,No,23,,23:01,2025,Thursday,15,Parked Vehicle,05,On Roadway,7,,,,,,09,Through Roadway,04,Dark - Not Lighted,5/8/2025,2025-05-08,N,45.02,F,N,,,FF6A2A0A61A8A4AAC4AB8F8A7C5B8E039C83FE1F88082FDA394F23FFECA3E870,MU,01,No,,,,,01,Dry,,,,,,,,
Property Damage Crashes,MSP6931013K,Maryland State Police,Angle,Prince George's,Local,No,No,No,No,No,LENOX DR,4597,COUNTY ROAD,No,True,No,3/7/2025,No,Point,38.877318333,-76.80814,MSP,01,16,03,No,19,,19:12,2025,Friday,12,Motor Vehicle In Transport,05,On Roadway,7,,,,LARGO RD (SB/L),,02,Crossover-Related,03,Dark - Lighted,3/7/2025,2025-03-07,S,13.89,F,N,,,51185007B9E80601A9FA2C3BF2CFA2DE26FF308B8620BCE0B9EFCEBE42E3F65E,CO,01,No,,,,,01,Dry,,,,,,,,
Injury Crashes,DA401400CB,Prince George's County Police,Angle,Prince George's,Minor Arterial,No,No,No,No,No,ENTERPRISE RD (WB/L),193,MARYLAND ROUTE,No,True,No,4/17/2025,No,Point,38.961188004,-76.797459751,PGCOPD,01,16,02,Yes,6,04,06:40,2025,Thursday,12,Motor Vehicle In Transport,05,On Roadway,4,Perpendicular,,,ANNAPOLIS RD,03,05,Intersection or Related,01,Daylight,4/17/2025,2025-04-17,N,0,F,N,,,C38CC33C9A59E2E79433978110B2DD698E46F39252334D5DFADEDF0135CA48FB,MD,01,No,,,,,01,Dry,01,Signalized,,,,,,