Crash Severity Description,Reportnumber,Agencyname,CollisionImpact Description,Crash County Description,FunctionalClass Description,ImpairedCrash,Large Vehicle Involved,Motorcycle Crash,Non-Motorist Crash,OffRoad,RoadName,Route Number,RouteType Description,Unrestrained Occupants,WithinDateRange,Work Zone Related,Crashdate,Work Zone Crash,CrashPoint,Latitude,Longitude,AgencyCode,CollisionImpact,Crash County,Crash Severity,Crash Within Interchange,Crashhour,CrashInterchangeApproaches,Crashtime,CrashYear,Dayofweek,FirstHarmEvent,FirstHarmEvent Description,FirstHarmLocation,FirstHarmLocation Description,FunctionalClass,Geometry Description,GovPropertyDamage,GovPropertyDamage Description,IntersectingRoadName,Intersection Geometry,JunctionRelated,JunctionRelated Description,Light,Light Description,LOD Crash Date,LOD Date Level,MilepointDirection,MilepointDistance,MilepointUnits,NonTrafficFatal,OffroadLocation,OffroadLocation Description,RoadID,RouteType,SchoolBusRelated,SchoolBusRelated Description,SecondHarmEvent,SecondHarmEvent Description,SecondHarmLocation,SecondHarmLocation Description,Surface,Surface Description,TrafficControl,Trafficcontrol Description,WZLawEnforcementPresent,WZLocation,WZLocation Description,WZType,WZType Description,WZWorkersPresent
Property Damage Crashes,CBPD0121002X,Bowie Police Department,Other,Prince George's,Major Collector,No,No,No,No,No,NORTHVIEW DR (NB/L),1959,MUNICIPAL ROAD,No,True,No,2/14/2025,No,Point,38.947487512,-76.737320080,BOWIE,98,16,03,No,18,,18:43,2025,Friday,12,Motor Vehicle In Transport,05,On Roadway,5,,,,,,06,Non-Junction,03,Dark - Lighted,2/14/2025,2025-02-14,S,34.41,F,N,,,3FAEC70C491F30CA3B0FA3648967FDB3658F9CBF9BBD5CCF79D4B8E553D1056E,MU,01,No,,,,,01,Dry,,,,,,,,
Property Damage Crashes,MSP757700JN,Maryland State Police,Front to Rear,Prince George's,Interstate,No,No,No,No,No,CAPITAL BELTWAY (SB/L),95,INTERSTATE ROUTE,No,True,No,3/29/2025,No,Point,39.017158961,-76.911958217,MSP,03,16,03,No,19,,19:38,2025,Saturday,12,Motor Vehicle In Transport,05,On Roadway,1,,,,,,09,Through Roadway,03,Dark - Lighted,3/29/2025,2025-03-29,W,52.71,F,N,,,24A912F5F03DAD2B41080E6CA2C22C4ADFB51C376C2B624A88DAB897631ADA6A,IS,01,No,97,Not Applicable,,,01,Dry,,,,,,,,
Property Damage Crashes,DA2884008C,Prince George's County Police,"Sideswipe, Same Direction",Prince George's,Minor Arterial,No,No,No,No,No,POWDER MILL RD,212,MARYLAND ROUTE,No,True,No,3/29/2025,No,Point,39.041646092,-76.912217413,PGCOPD,07,16,03,No,17,,17:34,2025,Saturday,12,Motor Vehicle In Transport,05,On Roadway,4,,,,PRINCE GEORGES AVE,,09,Through Roadway,01,Daylight,3/29/2025,2025-03-29,E,4.07,F,N,,,FD37543A75B6C0B6851B498523DBA46E0D31644EC493AB9BC7F9A32D171517D3,MD,01,No,,,,,01,Dry,,,,,,,,
Property Damage Crashes,MSP766400BD,Maryland State Police,Single Vehicle,Prince George's,Interstate,No,No,No,No,No,CAPITAL BELTWAY,95,INTERSTATE ROUTE,No,True,No,4/26/2025,No,Point,38.852150251,-76.858347677,MSP,101,16,03,No,1,,01:45,2025,Saturday,28,Ditch,09,Roadside,1,,,,,,09,Through Roadway,04,Dark - Not Lighted,4/26/2025,2025-04-26,E,28.67,F,N,,,3BB4E1B0FE20F1B0E521036F40E07131D57ED3F26AF2FEA8B57EE1E05B7AFE8B,IS,01,No,,,,,09,Wet,,,,,,,,
Property Damage Crashes,DA4265001J,Prince George's County Police,Front to Rear,Prince George's,Local,No,No,No,No,No,AUDREY LA (NB/L),660,COUNTY ROAD,No,True,No,5/3/2025,No,Point,38.819387113,-76.997171182,PGCOPD,03,16,03,No,20,,20:49,2025,Saturday,12,Motor Vehicle In Transport,05,On Roadway,7,,,,,,09,Through Roadway,03,Dark - Lighted,5/3/2025,2025-05-03,W,25.31,F,N,,,150A3D61A4E48C4B68C398B7FE71AB6C69C9C1E74AA27CB192B4E2F784D90BB7,CO,01,No,15,Parked Vehicle,02,In Parking Lane Or Zone,01,Dry,,,,,,,,
Injury Crashes,DA4400000Y,Prince George's County Police,Front to Rear,Prince George's,Principal Arterial – Other,No,No,No,No,No,ST BARNABAS RD,414,MARYLAND ROUTE,Yes,True,No,2/17/2025,No,Point,38.816122427,-76.962333648,PGCOPD,03,16,02,Unknown,18,,18:16,2025,Monday,12,Motor Vehicle In Transport,05,On Roadway,3,,,,,,09,Through Roadway,03,Dark - Lighted,2/17/2025,2025-02-17,E,31.33,F,N,,,E566DD1785A1A9BD0168D3544DB9F3C5C71290A51E6535391B00CA71A6FE9650,MD,01,No,,,,,01,Dry,,,,,,,,
Injury Crashes,DA4306004S,Prince George's County Police,Front to Rear,Prince George's,,No,No,No,No,No,,190,SPUR,No,True,No,1/18/2025,No,Point,38.918509928,-76.860477511,PGCOPD,03,16,02,Yes,12,,12:18,2025,Saturday,12,Motor Vehicle In Transport,05,On Roadway,,,,,,,04,Entrance/Exit Ramp or Related,01,Daylight,1/18/2025,2025-01-18,S,6.8,F,N,,,DF4742F1E964C34A08E3C08705714008422A6650861FC8A9885C2589F85A5ABE,SP,01,No,,,,,01,Dry,,,,,,,,
Property Damage Crashes,AM0393000V,Bladensburg Police Department,Unknown,Prince George's,Local,No,No,No,No,No,VOLTA AVE,180,MUNICIPAL ROAD,No,True,No,1/19/2025,No,Point,38.943312741,-76.922201728,BLADENSBURG,99,16,03,No,6,,06:00,2025,Sunday,12,Motor Vehicle In Transport,05,On Roadway,7,,,,,,06,Non-Junction,03,Dark - Lighted,1/19/2025,2025-01-19,E,44.45,F,N,,,CD4AE0EE3D534A5DE8830815FFF46266E1E0B0A6DBBE0BE9B963BD4821EFB383,MU,01,No,,,,,01,Dry,,,,,,,,
Injury Crashes,DA402100CV,Prince George's County Police,Single Vehicle,Prince George's,,No,No,No,Yes,No,GOOD LUCK RD (WB/L),42,COUNTY ROAD,No,True,No,3/7/2025,No,Point,38.989951831,-76.835975877,PGCOPD,101,16,02,No,15,,15:28,2025,Friday,17,Pedestrian,05,On Roadway,,,,,,,01,Acceleration/Deceleration Lane,01,Daylight,3/7/2025,2025-03-07,S,51.5,F,N,,,8F159EADF19441EA4224E2507A90E6F53FF2E3CD5BFB89499BF5CF63AEFA8DAA,CO,01,No,,,,,01,Dry,,,,,,,,
Property Damage Crashes,DA4409000K,Prince George's County Police,Angle,Prince George's,Major Collector,No,No,No,No,No,RIVERDALE RD,302,COUNTY ROAD,No,True,No,3/28/2025,No,Point,38.964338509,-76.896949684,PGCOPD,01,16,03,No,21,,21:24,2025,Friday,12,Motor Vehicle In Transport,05,On Roadway,5,,,,,,06,Non-Junction,03,Dark - Lighted,3/28/2025,2025-03-28,W,25.03,F,N,,,E9CCA2CFD71B9C1B9F66994BE483C2481FCD92435A7AB290E3539FCD15000EE4,CO,01,No,,,,,01,Dry,,,,,,,,
Property Damage Crashes,MSP738100C3,Maryland State Police,Front to Rear,Prince George's,Interstate,Yes,No,No,No,No,CAPITAL BELTWAY,95,INTERSTATE ROUTE,No,True,No,3/24/2025,No,Point,38.934421563,-76.854771853,MSP,03,16,03,No,3,,03:21,2025,Monday,12,Motor Vehicle In Transport,05,On Roadway,1,,,,,,01,Acceleration/Deceleration Lane,04,Dark - Not Lighted,3/24/2025,2025-03-24,W,49.82,F,N,,,54F59B5E9202BC8FB78622A92F031DBA30C2443F9E9B917D881031750DF4760F,IS,01,No,,,,,01,Dry,,,,,,,,
Property Damage Crashes,DA4251006M,Prince George's County Police,"Sideswipe, Same Direction",Prince George's,Principal Arterial – Other,No,No,No,No,No,ANNAPOLIS RD,450,MARYLAND ROUTE,No,True,No,3/8/2025,No,Point,38.960986414,-76.797860710,PGCOPD,07,16,03,Yes,10,,10:40,2025,Saturday,12,Motor Vehicle In Transport,05,On Roadway,3,,,,,,09,Through Roadway,01,Daylight,3/8/2025,2025-03-08,N,15.01,F,N,,,9E6D67C9F7CC81B36ACE006CA2818AA7631DEA6547C56B61FA989AE9AB819AAB,MD,01,No,,,,,01,Dry,,,,,,,,
Property Damage Crashes,MSP7839005B,Maryland State Police,Front to Rear,Prince George's,Principal Arterial – Other,No,No,No,No,No,BRANCH AVE (SB/L),5,MARYLAND ROUTE,No,True,No,5/9/2025,No,Point,38.71876,-76.879313333,MSP,03,16,03,No,14,,14:12,2025,Friday,12,Motor Vehicle In Transport,05,On Roadway,3,,,,,,09,Through Roadway,01,Daylight,5/9/2025,2025-05-09,E,21.78,F,N,,,BC76E5E407CC0E203E89294BAF05313A8808FCF3F5F4E38DED51F175F22DF8AE,MD,01,No,,,,,01,Dry,,,,,,,,
Property Damage Crashes,CBPD0086007N,Bowie Police Department,Front to Rear,Prince George's,Local,Yes,No,No,No,No,MELLING LA,1790,MUNICIPAL ROAD,No,True,No,1/8/2025,No,Point,38.983817896,-76.744530994,BOWIE,03,16,03,No,20,,20:10,2025,Wednesday,12,Motor Vehicle In Transport,05,On Roadway,7,,,,,,06,Non-Junction,04,Dark - Not Lighted,1/8/2025,2025-01-08,N,8.1,F,N,,,E62DF5CC94CC319BFC13C3A68FD3D340C0EC39B98AF4FF5F8501492122638E4A,MU,01,No,15,Parked Vehicle,07,"On Shoulder, Right Side",07,Snow,,,,,,,,
Property Damage Crashes,DA4314003L,Prince George's County Police,"Sideswipe, Same Direction",Prince George's,,No,No,No,No,No,,1682,PRIVATE ROAD,No,True,No,4/10/2025,No,Point,38.891772075,-76.831182854,PGCOPD,07,16,03,No,14,,14:15,2025,Thursday,12,Motor Vehicle In Transport,05,On Roadway,,,,,PRINCE PL,,09,Through Roadway,01,Daylight,4/10/2025,2025-04-10,N,88.55,F,N,,,88399319D89DE3A539B00DB5BAEE09296FDCE7AE0439D728A08629B0CEEE73FB,PV,01,No,,,,,01,Dry,,,,,,,,
Injury Crashes,DA4340004B,Prince George's County Police,Front to Front,Prince George's,Minor Arterial,No,No,No,No,No,GOOD LUCK RD,42,COUNTY ROAD,No,True,No,3/30/2025,No,Point,38.984215717,-76.841117696,PGCOPD,02,16,02,No,18,,18:00,2025,Sunday,12,Motor Vehicle In Transport,99,Unknown,4,,,,ELVIS LA,,99,Unknown,01,Daylight,3/30/2025,2025-03-30,S,14.69,F,N,,,569CD42F81B8D523569D3BCF7A0B7091DF613392BA9F2EB2DCE37E192E411513,CO,01,No,,,,,01,Dry,,,,,,,,
Injury Crashes,DA4253004T,Prince George's County Police,Other,Prince George's,Principal Arterial – Other,No,No,No,No,No,CENTRAL AVE (WB/L),214,MARYLAND ROUTE,No,True,No,3/18/2025,No,Point,38.889809146,-76.862707887,PGCOPD,98,16,02,Yes,16,04,16:41,2025,Tuesday,12,Motor Vehicle In Transport,05,On Roadway,3,Perpendicular,,,GARRETT A MORGAN BLVD,03,05,Intersection or Related,01,Daylight,3/18/2025,2025-03-18,N,0,F,N,,,DCF514AF68548586E46651D68FE09821943F7329649FB3AEA62D1AF695A09B92,MD,01,No,12,Motor Vehicle In Transport,05,On Roadway,01,Dry,01,Signalized,,,,,,
Fatal Crashes,DA36550095,Prince George's County Police,Angle,Prince George's,Minor Arterial,No,No,No,No,No,RIGGS RD,212,MARYLAND ROUTE,No,True,No,3/10/2025,No,Point,39.005038603,-76.968745527,PGCOPD,01,16,01,No,5,04,05:49,2025,Monday,12,Motor Vehicle In Transport,05,On Roadway,4,Perpendicular,,,ADELPHI RD (NB/L),03,05,Intersection or Related,03,Dark - Lighted,3/10/2025,2025-03-10,W,0,F,N,,,5A7FD9D6E898AF1FE8A3B08490643989D3F17663D77FCE70F7EA408C8F1A7EC6,MD,01,No,07,Overturn/Rollover,05,On Roadway,01,Dry,01,Signalized,,,,,,
Property Damage Crashes,DA3406002S,Prince George's County Police,"Sideswipe, Same Direction",Prince George's,Local,No,No,No,No,No,COLLIER RD,2289,COUNTY ROAD,No,True,No,1/25/2025,No,Point,39.037368139,-76.943344286,PGCOPD,07,16,03,No,0,,00:52,2025,Saturday,15,Parked Vehicle,05,On Roadway,7,,,,,,06,Non-Junction,03,Dark - Lighted,1/25/2025,2025-01-25,S,16.19,F,N,,,22E31084F20E6BB2389A3DE8CAA141520B1416B189FB190E378A4114C640535D,CO,01,No,,,,,01,Dry,,,,,,,,
Property Damage Crashes,GA0020002P,Colmar Manor Police Department,"Sideswipe, Same Direction",Prince George's,Minor Arterial,No,No,No,No,No,,1,UNITED STATE ROUTE,No,True,No,3/5/2025,No,Point,38.934767208,-76.950901389,COLMAR,07,16,03,Yes,16,,16:20,2025,Wednesday,12,Motor Vehicle In Transport,05,On Roadway,4,,,,,,09,Through Roadway,01,Daylight,3/5/2025,2025-03-05,N,66.52,F,N,,,F6235B86938E19469C133C88B53967648EB6C3B50A27B292F3DC83239EC30D7F,US,01,No,97,Not Applicable,,,09,Wet,,,,,,,,
Injury Crashes,DA35770003,Prince George's County Police,Front to Front,Prince George's,Minor Arterial,No,No,No,No,No,PALMER RD,3645,COUNTY ROAD,No,True,No,1/22/2025,No,Point,38.774831621,-76.974239220,PGCOPD,02,16,02,No,6,,06:58,2025,Wednesday,12,Motor Vehicle In Transport,05,On Roadway,4,,,,,,06,Non-Junction,04,Dark - Not Lighted,1/22/2025,2025-01-22,S,160.82,F,N,,,F2388900C12E579862B760427D3E575986FC0889CAE6D3A3D85A4C726D3F1A8C,CO,01,No,,,,,01,Dry,,,,,,,,
Property Damage Crashes,BW02110014,Greenbelt Police Department,Front to Rear,Prince George's,,No,No,No,No,Yes,,,,No,True,No,3/2/2025,No,Point,38.992379527,-76.878006025,GREENBELT,03,16,03,,13,,13:15,2025,Sunday,12,Motor Vehicle In Transport,02,In Parking Lane Or Zone,,,,,,,,,01,Daylight,3/2/2025,2025-03-02,,,F,N,102,Parking Lot Way,,,01,No,12,Motor Vehicle In Transport,02,In Parking Lane Or Zone,,,,,,,,,,
Injury Crashes,RD0135000G,Riverdale Park Police Department,Angle,Prince George's,Principal Arterial – Other,No,No,No,No,No,KENILWORTH AVE,201,MARYLAND ROUTE,No,True,No,4/19/2025,No,Point,38.960372152,-76.919853738,RIVERDALE,01,16,02,No,12,,12:55,2025,Saturday,12,Motor Vehicle In Transport,05,On Roadway,3,,,,EAST WEST HWY,,09,Through Roadway,01,Daylight,4/19/2025,2025-04-19,S,2.98,F,N,,,3284B44EF0FA51841891F4CF42630319B4C53E5CF8D256AB8C7030398EFF1AB4,MD,01,No,,,,,01,Dry,,,,,,,,
Property Damage Crashes,DA4308004D,Prince George's County Police,"Sideswipe, Opposite Direction",Prince George's,Local,No,No,No,No,No,LUMAR DR,949,COUNTY ROAD,No,True,No,2/23/2025,No,Point,38.787682789,-76.955484307,PGCOPD,06,16,03,No,10,,10:04,2025,Sunday,12,Motor Vehicle In Transport,05,On Roadway,7,,,,,,06,Non-Junction,01,Daylight,2/23/2025,2025-02-23,N,8.98,F,N,,,E9FB657AD437BC8192A701E41E7B550ED1DD6B4AD222FF886FCC5FAFC86ACC33,CO,01,No,,,,,01,Dry,,,,,,,,
Property Damage Crashes,MSP7875002L,Maryland State Police,Single Vehicle,Prince George's,Local,No,No,No,No,No,NO NAME (NB/L),977,MARYLAND ROUTE,No,True,No,3/17/2025,No,Point,38.898623333,-76.828508333,MSP,101,16,03,No,14,,14:08,2025,Monday,27,Curb,01,Gore,7,,,,,,06,Non-Junction,01,Daylight,3/17/2025,2025-03-17,N,31.37,F,N,,,199D7169AF8C9A2A4D991EE8D0DC4C68DD3AB2F44EC552B790115164B2172DB3,MD,01,No,,,,,01,Dry,,,,,,,,
Property Damage Crashes,DA3707004S,Prince George's County Police,Rear To Rear,Prince George's,Local,No,No,No,No,No,WOODLAND AVE,3284,COUNTY ROAD,No,True,No,3/11/2025,No,Point,38.968643187,-76.838685529,PGCOPD,04,16,03,No,19,,19:51,2025,Tuesday,12,Motor Vehicle In Transport,05,On Roadway,7,,,,,,09,Through Roadway,03,Dark - Lighted,3/11/2025,2025-03-11,N,241.23,F,N,,,F951B3BFF236D637DE698FDE4D5F105E88D308CDBCFA5B3CAC8722C6BEB55F01,CO,01,No,,,,,01,Dry,,,,,,,,
Property Damage Crashes,DA40380079,Prince George's County Police,Single Vehicle,Prince George's,,No,No,No,No,Yes,,,,No,True,No,1/10/2025,No,Point,38.782315184,-76.894957520,PGCOPD,101,16,03,,8,,08:30,2025,Friday,13,Other Non-Fixed Object,99,Unknown,,,,,,,,,01,Daylight,1/10/2025,2025-01-10,,,F,N,103,Private Road,,,01,No,,,,,,,,,,,,,,
Property Damage Crashes,DA3428006V,Prince George's County Police,Single Vehicle,Prince George's,,No,Yes,No,No,No,,864,CROSSOVER,No,True,No,4/20/2025,No,Point,38.767287918,-76.886992677,PGCOPD,101,16,03,Yes,0,02,00:00,2025,Sunday,27,Curb,03,Median,,Angled/Skewed,100,Local,WOODY TERR WOODYARD RD,01,05,Intersection or Related,03,Dark - Lighted,4/20/2025,2025-04-20,S,0,F,N,,,383E3484E51BF3567737D494E6BCF57F9CB4D4FD5C45C8B66A43B7DD835B3AE0,XO,01,No,,,,,01,Dry,01,Signalized,,,,,,
Injury Crashes,GE0232001S,Morningside Police Department,Single Vehicle,Prince George's,Minor Arterial,No,No,No,No,No,ALLENTOWN RD,337,MARYLAND ROUTE,Yes,True,No,1/24/2025,No,Point,38.825027901,-76.880309762,MORNINGSIDE,101,16,02,No,12,,12:55,2025,Friday,07,Overturn/Rollover,99,Unknown,4,,,,,,99,Unknown,01,Daylight,1/24/2025,2025-01-24,S,42.6,F,N,,,3FABF0DC72765BA8C32C92BEB2A8CCEAC000EAE8253830B1CE6FBE6064448E44,MD,01,No,,,,,06,Slush,,,,,,,,
Injury Crashes,MSP7657007L,Maryland State Police,Angle,Prince George's,Principal Arterial – Other,No,No,No,No,No,CRAIN HWY (SB/L),301,UNITED STATE ROUTE,No,True,No,3/19/2025,No,Point,38.708629099,-76.858103067,MSP,01,16,02,No,20,,20:17,2025,Wednesday,12,Motor Vehicle In Transport,05,On Roadway,3,,,,,,06,Non-Junction,04,Dark - Not Lighted,3/19/2025,2025-03-19,E,9.54,F,N,,,9C3B5CF65ABB6DE926AD35069350B3DDF286BEB88A0489A7C7FC8C0E69F38628,US,01,No,,,,,01,Dry,,,,,,,,
Property Damage Crashes,DA4428000V,Prince George's County Police,Single Vehicle,Prince George's,Major Collector,No,No,No,No,No,SPRINGFIELD RD,3641,COUNTY ROAD,No,True,No,4/1/2025,No,Point,39.005978314,-76.808802033,PGCOPD,101,16,03,No,17,,17:31,2025,Tuesday,40,Tree (standing),05,On Roadway,5,,,,,,09,Through Roadway,01,Daylight,4/1/2025,2025-04-01,N,50.35,F,N,,,ED8F4F7389ECF96A04D54F6CA3FA14F9F8F2ADE2CBCF817A41A7C4C25DEFA4FB,CO,01,No,,,,,01,Dry,,,,,,,,
Injury Crashes,MSP738100BV,Maryland State Police,Single Vehicle,Prince George's,Principal Arterial – Other,No,No,No,Yes,No,CENTRAL AVE,214,MARYLAND ROUTE,No,True,No,3/8/2025,No,Point,38.899945959,-76.727485767,MSP,101,16,02,No,13,,13:30,2025,Saturday,17,Pedestrian,05,On Roadway,3,,,,,,01,Acceleration/Deceleration Lane,01,Daylight,3/8/2025,2025-03-08,W,60.24,F,N,,,9BCC6E7A40E8DE6ACBA039DF2586BCEF8703FF226CE094D7383AF84ECD80E762,MD,01,No,,,,,01,Dry,,,,,,,,
Property Damage Crashes,DA351500CX,Prince George's County Police,"Sideswipe, Opposite Direction",Prince George's,Local,No,No,No,No,No,91ST PL,3076,COUNTY ROAD,No,True,No,2/14/2025,No,Point,38.949666567,-76.847667122,PGCOPD,06,16,03,No,20,,20:34,2025,Friday,12,Motor Vehicle In Transport,05,On Roadway,7,,,,,,06,Non-Junction,03,Dark - Lighted,2/14/2025,2025-02-14,S,3.02,F,N,,,923BBA16DBBD216ADBFAEFADD2553B48FAD82D0068362015D8013A5C696916C1,CO,01,No,15,Parked Vehicle,02,In Parking Lane Or Zone,01,Dry,,,,,,,,
Injury Crashes,DA42490070,Prince George's County Police,Angle,Prince George's,Principal Arterial – Other Freeways and Expressways,No,No,No,No,No,RAMP 3 FR RAMP 6 (FR US 50) TO MD 410 NB,50,RAMP,No,True,No,5/3/2025,No,Point,38.942596434,-76.880554050,PGCOPD,01,16,02,No,2,04,02:24,2025,Saturday,12,Motor Vehicle In Transport,05,On Roadway,2,Angled/Skewed,,,RAMP 5 FR MD 410 SB TO RAMP 4 (TO US 50),01,05,Intersection or Related,03,Dark - Lighted,5/3/2025,2025-05-03,S,0,F,N,,,9654F3CE31523962F79A61ABAED0C7EEF6403A8C66E334682D02156E4BA13221,RP,01,No,,,,,01,Dry,01,Signalized,,,,,,
Property Damage Crashes,DA43090031,Prince George's County Police,Front to Rear,Prince George's,Major Collector,No,No,No,No,No,MOUNT OAK RD,66,COUNTY ROAD,No,True,No,4/3/2025,No,Point,38.925517238,-76.752166832,PGCOPD,03,16,03,No,11,,11:59,2025,Thursday,12,Motor Vehicle In Transport,05,On Roadway,5,,,,,,09,Through Roadway,01,Daylight,4/3/2025,2025-04-03,W,12.14,F,N,,,18B6170C1EBF8B8872948B29FB935D4AC4AAB7933B9BB187EAF8DCA11CF0CF45,CO,01,No,,,,,01,Dry,,,,,,,,
Property Damage Crashes,DA3223004G,Prince George's County Police,"Sideswipe, Same Direction",Prince George's,Major Collector,No,Yes,No,No,No,OLD FORT RD,118,COUNTY ROAD,Yes,True,No,4/7/2025,No,Point,38.712559784,-76.989995616,PGCOPD,07,16,03,Yes,8,02,08:20,2025,Monday,12,Motor Vehicle In Transport,05,On Roadway,5,Perpendicular,,,INDIAN HEAD HWY (SB/L),03,05,Intersection or Related,01,Daylight,4/7/2025,2025-04-07,W,0,F,N,,,DB2FE445188D788CDC62C0A0254B39653563C485A5190707DE1B5FF4F2ADE40A,CO,02,"Yes, School Bus Directly Involved",,,,,09,Wet,01,Signalized,,,,,,
Property Damage Crashes,MSP697200G6,Maryland State Police,Front to Rear,Prince George's,Interstate,No,No,No,No,No,CAPITAL BELTWAY (SB/L),95,INTERSTATE ROUTE,No,True,No,3/22/2025,No,Point,39.013763042,-76.906909351,MSP,03,16,03,No,13,,13:01,2025,Saturday,12,Motor Vehicle In Transport,05,On Roadway,1,,,,,,06,Non-Junction,01,Daylight,3/22/2025,2025-03-22,N,60.49,F,N,,,4C430EC414851AD442FFC6DA05CE3574C45ADD653093AE6127041CACC6D2F03B,IS,01,No,,,,,01,Dry,,,,,,,,
Property Damage Crashes,DA43010040,Prince George's County Police,Single Vehicle,Prince George's,Principal Arterial – Other Freeways and Expressways,No,Yes,No,No,No,INDIAN HEAD HWY (SB/L),210,MARYLAND ROUTE,No,True,No,5/12/2025,No,Point,38.738571096,-77.002585733,PGCOPD,101,16,03,No,23,,23:26,2025,Monday,32,Guardrail Face,01,Gore,2,,,,,,06,Non-Junction,05,Dark - Unknown Lighting,5/12/2025,2025-05-12,E,3174.92,F,N,,,E6CF31DD173586EA8964BA6F609EBBD65D3991299DD1E639DE8BC4F66919E792,MD,01,No,,,,,01,Dry,,,,,,,,
Property Damage Crashes,CE4862004L,Laurel Police Department,"Sideswipe, Opposite Direction",Prince George's,,No,No,No,No,Yes,,,,No,True,No,2/2/2025,No,Point,39.097326107,-76.847664491,LAUREL,06,16,03,,14,,14:31,2025,Sunday,15,Parked Vehicle,02,In Parking Lane Or Zone,,,,,,,,,01,Daylight,2/2/2025,2025-02-02,,,F,N,102,Parking Lot Way,,,01,No,,,,,,,,,,,,,,
Injury Crashes,DA4291004W,Prince George's County Police,Single Vehicle,Prince George's,Local,No,No,No,Yes,No,LOIS LA,2031,COUNTY ROAD,No,True,No,5/14/2025,No,Point,38.965927233,-76.886090679,PGCOPD,101,16,02,No,8,,08:50,2025,Wednesday,17,Pedestrian,05,On Roadway,7,,,,,,09,Through Roadway,01,Daylight,5/14/2025,2025-05-14,W,19.35,F,N,,,278D21349B8FBC6666B5D8DA284ABA4E2C1A2A8609F6C9045E1FF03176199BDE,CO,01,No,,,,,09,Wet,,,,,,,,
Property Damage Crashes,DA3835006P,Prince George's County Police,Front to Rear,Prince George's,,No,No,No,No,No,,2192,PRIVATE ROAD,No,True,No,1/24/2025,No,Point,38.769722512,-76.883519961,PGCOPD,03,16,03,No,16,,16:03,2025,Friday,12,Motor Vehicle In Transport,04,"Off-Roadway, Location Unknown",,,,,,,03,Driveway Access or Related,01,Daylight,1/24/2025,2025-01-24,N,87.24,F,N,,,B250E4AFAD9B87E4CBAA3711D325333A8F24A780DFB7D1C3C757322E601394E6,PV,01,No,,,,,01,Dry,,,,,,,,
Property Damage Crashes,DA4257004K,Prince George's County Police,Front to Rear,Prince George's,Interstate,No,No,No,No,No,CAPITAL BELTWAY (SB/L),95,INTERSTATE ROUTE,No,True,No,2/11/2025,No,Point,38.885941731,-76.844867692,PGCOPD,03,16,03,No,15,,15:30,2025,Tuesday,12,Motor Vehicle In Transport,05,On Roadway,1,,,,,,04,Entrance/Exit Ramp or Related,01,Daylight,2/11/2025,2025-02-11,N,35.06,F,N,,,C893539AE6255C49FB365231CD1C037A7E52C74B57ABA877B3B632830B1F6C95,IS,01,No,,,,,01,Dry,,,,,,,,
Property Damage Crashes,DA4318004R,Prince George's County Police,Single Vehicle,Prince George's,Minor Arterial,No,No,No,No,No,TEMPLE HILL RD,123,COUNTY ROAD,No,True,No,6/2/2025,No,Point,38.800679070,-76.928429006,PGCOPD,101,16,03,No,5,,05:51,2025,Monday,09,Animal (live),05,On Roadway,4,,,,,,09,Through Roadway,01,Daylight,6/2/2025,2025-06-02,N,20.63,F,N,,,59AA6CBA2D4B2B501EB4741E4814801401ECFD91C92305E3EC0DF84D11DD4BD8,CO,01,No,,,,,01,Dry,,,,,,,,
Property Damage Crashes,DA4276007J,Prince George's County Police,"Sideswipe, Same Direction",Prince George's,Local,No,No,No,No,No,CAMPUS WAY N (NB/L),5552,OTHER PUBLIC ROAD,No,True,No,3/19/2025,No,Point,38.923348204,-76.846777215,PGCOPD,07,16,03,No,12,,12:00,2025,Wednesday,12,Motor Vehicle In Transport,01,Gore,7,,,,,,06,Non-Junction,01,Daylight,3/19/2025,2025-03-19,N,16.94,F,N,,,C8E3B648215F09FDE9C5BCE51932F086C69435150E8FA944FF5FA1625F6F6D67,OP,01,No,,,,,01,Dry,,,,,,,,
Property Damage Crashes,DA4388001Y,Prince George's County Police,Front to Rear,Prince George's,Major Collector,Yes,No,No,No,No,BARLOWE RD,1483,COUNTY ROAD,Yes,True,No,5/11/2025,No,Point,38.917403448,-76.874624733,PGCOPD,03,16,03,No,7,,07:45,2025,Sunday,12,Motor Vehicle In Transport,05,On Roadway,5,,,,,,06,Non-Junction,01,Daylight,5/11/2025,2025-05-11,N,42.67,F,N,,,E98A905D3AD8E77FDB1A478CD1E4171205D4214D633D8DFBFAFF753F642BC7CD,CO,01,No,,,,,01,Dry,,,,,,,,
Property Damage Crashes,DA4252005K,Prince George's County Police,Angle,Prince George's,Local,No,Yes,No,No,No,POLK ST,1034,COUNTY ROAD,No,True,No,1/21/2025,No,Point,38.941322676,-76.872985707,PGCOPD,01,16,03,Yes,14,03,14:27,2025,Tuesday,12,Motor Vehicle In Transport,05,On Roadway,7,Angled/Skewed,,,PENNSY DR,01,05,Intersection or Related,01,Daylight,1/21/2025,2025-01-21,S,0,F,N,,,258C4EEE579757F79FD2B4D241390FF9C3A6BF50F3848E7ADF3061EB3E010852,CO,01,No,,,,,01,Dry,02,Stop - All Way,,,,,,
Property Damage Crashes,DA38370025,Prince George's County Police,Front to Rear,Prince George's,Principal Arterial – Other,No,No,No,No,No,PENNSYLVANIA AVE (SB/L),4,MARYLAND ROUTE,No,True,No,2/22/2025,No,Point,38.840596041,-76.872626283,PGCOPD,03,16,03,No,22,,22:50,2025,Saturday,12,Motor Vehicle In Transport,05,On Roadway,3,,,,,,01,Acceleration/Deceleration Lane,03,Dark - Lighted,2/22/2025,2025-02-22,W,48.45,F,N,,,D7303FD7B0F6830D5F11EBE28B31E0E26AFB9D332409670A64AB1D871B06E374,MD,01,No,,,,,01,Dry,,,,,,,,