Crash Severity Description,Reportnumber,Agencyname,CollisionImpact Description,Crash County Description,FunctionalClass Description,ImpairedCrash,Large Vehicle Involved,Motorcycle Crash,Non-Motorist Crash,OffRoad,RoadName,Route Number,RouteType Description,Unrestrained Occupants,WithinDateRange,Work Zone Related,Crashdate,Work Zone Crash,CrashPoint,Latitude,Longitude,AgencyCode,CollisionImpact,Crash County,Crash Severity,Crash Within Interchange,Crashhour,CrashInterchangeApproaches,Crashtime,CrashYear,Dayofweek,FirstHarmEvent,FirstHarmEvent Description,FirstHarmLocation,FirstHarmLocation Description,FunctionalClass,Geometry Description,GovPropertyDamage,GovPropertyDamage Description,IntersectingRoadName,Intersection Geometry,JunctionRelated,JunctionRelated Description,Light,Light Description,LOD Crash Date,LOD Date Level,MilepointDirection,MilepointDistance,MilepointUnits,NonTrafficFatal,OffroadLocation,OffroadLocation Description,RoadID,RouteType,SchoolBusRelated,SchoolBusRelated Description,SecondHarmEvent,SecondHarmEvent Description,SecondHarmLocation,SecondHarmLocation Description,Surface,Surface Description,TrafficControl,Trafficcontrol Description,WZLawEnforcementPresent,WZLocation,WZLocation Description,WZType,WZType Description,WZWorkersPresent
Property Damage Crashes,DA3726009Z,Prince George's County Police,"Sideswipe, Same Direction",Prince George's,Major Collector,No,No,No,No,No,AUBURN AVE,299,COUNTY ROAD,No,True,No,3/7/2025,No,Point,38.964319170,-76.896973784,PGCOPD,07,16,03,Yes,23,02,23:59,2025,Friday,12,Motor Vehicle In Transport,05,On Roadway,5,Perpendicular,,,AUBURN AVE RIVERDALE RD,03,05,Intersection or Related,03,Dark - Lighted,3/7/2025,2025-03-07,E,0,F,N,,,43F5B649803CE75FC5870FD31CA570127F3BFADFCA1AF7D58BEDB27D444B7B9F,CO,01,No,,,,,01,Dry,01,Signalized,,,,,,
Property Damage Crashes,MSP7776005F,Maryland State Police,Front to Rear,Prince George's,Interstate,No,No,No,No,No,RAMP 3 FR IS 495 EB TO IS 95X NB,95,RAMP,No,True,No,3/22/2025,No,Point,39.019041992,-76.959164183,MSP,03,16,03,No,11,,11:01,2025,Saturday,12,Motor Vehicle In Transport,05,On Roadway,1,,,,,,04,Entrance/Exit Ramp or Related,01,Daylight,3/22/2025,2025-03-22,E,32.54,F,N,,,79337854DCC1E6A2C2A9B0E540492774FEF7C7B9CEF7440EAE241075FA3B4F30,RP,01,No,,,,,01,Dry,,,,,,,,
Property Damage Crashes,DA4302002V,Prince George's County Police,Front to Rear,Prince George's,Local,No,No,No,No,No,SANSBURY RD,90,COUNTY ROAD,No,True,No,3/30/2025,No,Point,38.865903247,-76.839005157,PGCOPD,03,16,03,No,19,,19:57,2025,Sunday,12,Motor Vehicle In Transport,99,Unknown,7,,,,,,01,Acceleration/Deceleration Lane,03,Dark - Lighted,3/30/2025,2025-03-30,E,45.45,F,N,,,6440795E3EE0625BE90BBF2EF6B465AB019C089FCE80699ABAC0F72F6890D86A,CO,01,No,,,,,01,Dry,,,,,,,,
Property Damage Crashes,MSP738100D6,Maryland State Police,Front to Rear,Prince George's,Principal Arterial – Other,No,No,No,No,No,BRANCH AVE (SB/L),5,MARYLAND ROUTE,No,True,No,5/29/2025,No,Point,38.699185967,-76.874558920,MSP,03,16,03,No,15,,15:18,2025,Thursday,12,Motor Vehicle In Transport,05,On Roadway,3,,,,,,01,Acceleration/Deceleration Lane,01,Daylight,5/29/2025,2025-05-29,N,39.63,F,N,,,2D50B0D27BFD42D7D6D85D27DDA986B20E638F9B098CCDF44554C26AF98112E6,MD,01,No,,,,,01,Dry,,,,,,,,
Property Damage Crashes,MSP7416000L,Maryland State Police,Single Vehicle,Prince George's,Interstate,No,No,No,No,No,NO NAME (SB/L),95,INTERSTATE ROUTE,No,True,No,1/31/2025,No,Point,39.105409659,-76.886639351,MSP,101,16,03,Yes,3,,03:06,2025,Friday,25,Concrete Traffic Barrier,09,Roadside,1,,,,,,04,Entrance/Exit Ramp or Related,04,Dark - Not Lighted,1/31/2025,2025-01-31,E,32.68,F,N,,,AA62F1973B1E2A8BFD7C377E89213229BDF25F0CDA43578B5D7652AA2D49CEA8,IS,01,No,,,,,09,Wet,,,,,,,,
Property Damage Crashes,MSP7664008F,Maryland State Police,Single Vehicle,Prince George's,Interstate,No,No,No,No,No,CAPITAL BELTWAY,95,INTERSTATE ROUTE,No,True,No,1/27/2025,No,Point,38.888569886,-76.845552912,MSP,101,16,03,No,8,,08:05,2025,Monday,32,Guardrail Face,09,Roadside,1,,101,State,,,09,Through Roadway,01,Daylight,1/27/2025,2025-01-27,N,28.33,F,N,,,9809F2C8E2F51CAEBF9042FCA94B5DA74D6CCE62AE5B2C0D0E81FFE7DFF6A58A,IS,01,No,,,,,01,Dry,,,,,,,,
Property Damage Crashes,DA43740035,Prince George's County Police,"Sideswipe, Same Direction",Prince George's,,No,Yes,No,No,Yes,,,,No,True,No,2/4/2025,No,Point,38.984383531,-76.861700750,PGCOPD,07,16,03,,9,,09:33,2025,Tuesday,12,Motor Vehicle In Transport,02,In Parking Lane Or Zone,,,,,,,,,01,Daylight,2/4/2025,2025-02-04,,,F,N,103,Private Road,,,02,"Yes, School Bus Directly Involved",,,,,,,,,,,,,,
Property Damage Crashes,DA43710025,Prince George's County Police,Single Vehicle,Prince George's,Minor Arterial,No,No,No,No,No,BRANDYWINE RD,599,COUNTY ROAD,No,True,No,5/4/2025,No,Point,38.750676722,-76.895909517,PGCOPD,101,16,03,No,10,,10:12,2025,Sunday,40,Tree (standing),07,"On Shoulder, Right Side",4,,,,,,06,Non-Junction,01,Daylight,5/4/2025,2025-05-04,N,47.93,F,N,,,52BCF842920F3442CF903401D8437E5AA850DFC5950A30C26C7DF45AAEFC901C,CO,01,No,,,,,09,Wet,,,,,,,,
Property Damage Crashes,DA44230011,Prince George's County Police,Angle,Prince George's,Local,No,No,No,No,No,NALLEY RD,4883,COUNTY ROAD,No,True,No,3/8/2025,No,Point,38.899160671,-76.875392903,PGCOPD,01,16,03,No,23,,23:42,2025,Saturday,12,Motor Vehicle In Transport,05,On Roadway,7,,,,,,09,Through Roadway,03,Dark - Lighted,3/8/2025,2025-03-08,W,22.54,F,N,,,A450296E44D472F5BC536CA9FE61054DC2C116816B8ECBE46D42456B9C31AB37,CO,01,No,,,,,01,Dry,,,,,,,,
Property Damage Crashes,MSP745000JG,Maryland State Police,"Sideswipe, Same Direction",Prince George's,Interstate,No,No,No,No,No,CAPITAL BELTWAY (SB/L),95,INTERSTATE ROUTE,No,True,No,3/29/2025,No,Point,39.001398333,-76.894251667,MSP,07,16,03,No,5,,05:58,2025,Saturday,12,Motor Vehicle In Transport,05,On Roadway,1,,,,,,09,Through Roadway,04,Dark - Not Lighted,3/29/2025,2025-03-29,N,27.88,F,N,,,8CF1FF68007979AE646C075F7F8D384FCCCCD0D3AC700FDFB6D4E1C8351E4487,IS,01,No,97,Not Applicable,,,01,Dry,,,,,,,,
Property Damage Crashes,MSP77780072,Maryland State Police,Single Vehicle,Prince George's,Interstate,No,No,No,No,No,JOHN HANSON HWY (WB/L),595,INTERSTATE ROUTE,No,True,No,1/10/2025,No,Point,38.954659466,-76.720173195,MSP,101,16,03,No,14,,14:27,2025,Friday,13,Other Non-Fixed Object,05,On Roadway,1,,,,,,09,Through Roadway,01,Daylight,1/10/2025,2025-01-10,N,13.02,F,N,,,1C31C0A3DFD9CDC1CF82FA87F72807BF3935099610BDA03379BC577892C7E242,IS,01,No,,,,,01,Dry,,,,,,,,
Property Damage Crashes,DA44160008,Prince George's County Police,Rear To Side,Prince George's,Local,No,No,No,No,No,RITCHIE STATION CT (NB/L),7313,COUNTY ROAD,No,True,No,1/29/2025,No,Point,38.867013810,-76.850282944,PGCOPD,05,16,03,No,10,,10:57,2025,Wednesday,12,Motor Vehicle In Transport,05,On Roadway,7,,,,,,06,Non-Junction,01,Daylight,1/29/2025,2025-01-29,S,13.2,F,N,,,E39FC2C238FCC1CD1EC5CD86D10A7DD9798085E8E22851765AC010CA400C840D,CO,01,No,,,,,01,Dry,,,,,,,,
Property Damage Crashes,DA3777003K,Prince George's County Police,Angle,Prince George's,Local,No,No,No,No,No,WHISTLING DUCK DR,6105,COUNTY ROAD,No,True,No,1/11/2025,No,Point,38.877124921,-76.770618755,PGCOPD,01,16,03,No,14,,14:12,2025,Saturday,15,Parked Vehicle,05,On Roadway,7,,,,,,06,Non-Junction,01,Daylight,1/11/2025,2025-01-11,W,19.83,F,N,,,4552504508988A341DBF8554AE8466E0F415AAF3DF58F502B98595537730362E,CO,01,No,,,,,02,Ice/Frost,,,,,,,,
Property Damage Crashes,MSP546601SY,Maryland State Police,"Sideswipe, Same Direction",Prince George's,Interstate,No,No,No,No,No,CAPITAL BELTWAY,95,INTERSTATE ROUTE,No,True,No,4/8/2025,No,Point,38.887988522,-76.845317888,MSP,07,16,03,Yes,19,,19:39,2025,Tuesday,12,Motor Vehicle In Transport,05,On Roadway,1,,,,,,09,Through Roadway,101,Dusk,4/8/2025,2025-04-08,S,8.01,F,N,,,7F8CF223C6A856D2A23FFD8936A12D00F084AA091BDC172F100B3A4EE6A186ED,IS,01,No,,,,,01,Dry,,,,,,,,
Injury Crashes,CC0294002Q,Hyattsville Police Department,Front to Rear,Prince George's,Minor Arterial,No,No,No,No,No,QUEENS CHAPEL RD (WB/L),500,MARYLAND ROUTE,No,True,No,6/4/2025,No,Point,38.954153917,-76.965217524,HYATTSVILLE,03,16,02,No,9,,09:00,2025,Wednesday,12,Motor Vehicle In Transport,05,On Roadway,4,,,,,,99,Unknown,01,Daylight,6/4/2025,2025-06-04,S,17.34,F,N,,,24DC9ADC7BD3D0B8619B59414D44654A95BB88F15A879804310023967AFC5ED8,MD,01,No,12,Motor Vehicle In Transport,05,On Roadway,01,Dry,,,,,,,,
Property Damage Crashes,MSP76570089,Maryland State Police,Single Vehicle,Prince George's,Interstate,No,No,No,No,No,CAPITAL BELTWAY (SB/L),95,INTERSTATE ROUTE,No,True,No,5/4/2025,No,Point,38.819034117,-76.929945483,MSP,101,16,03,No,10,,10:52,2025,Sunday,32,Guardrail Face,06,"On Shoulder, Left Side",1,,101,State,,,06,Non-Junction,01,Daylight,5/4/2025,2025-05-04,N,46.63,F,N,,,29C0A8326E22413B8F7CD4E8C2FE77DC5AD7AEE11A34E3894AE12BF7EC86940E,IS,01,No,,,,,09,Wet,,,,,,,,
Property Damage Crashes,MSP7839001P,Maryland State Police,Single Vehicle,Prince George's,Interstate,No,No,No,No,No,ANACOSTIA FREEWAY (SB/L),295,INTERSTATE ROUTE,No,True,No,1/26/2025,No,Point,38.799289276,-77.019932929,MSP,101,16,03,No,13,,13:52,2025,Sunday,28,Ditch,09,Roadside,1,,,,,,04,Entrance/Exit Ramp or Related,01,Daylight,1/26/2025,2025-01-26,N,35.89,F,N,,,069C2DAFA4FDC120B8B02D7765F85319CFA38DCC795BEA979927C7FA4586EB3D,IS,01,No,,,,,01,Dry,,,,,,,,
Injury Crashes,DA44210025,Prince George's County Police,Unknown,Prince George's,Minor Arterial,No,No,No,Yes,No,,223,MARYLAND ROUTE,No,True,No,5/5/2025,No,Point,38.765023378,-76.899393375,PGCOPD,99,16,02,No,16,,16:20,2025,Monday,17,Pedestrian,05,On Roadway,4,,,,,,09,Through Roadway,01,Daylight,5/5/2025,2025-05-05,S,12.64,F,N,,,6C34F425480C713C87B999173871851A4A61FF0EF5FD4CFAE9B570CD15222359,MD,01,No,,,,,01,Dry,,,,,,,,
Property Damage Crashes,CNC3184001P,New Carrollton Police Department,"Sideswipe, Same Direction",Prince George's,Local,No,No,No,No,No,INLET ST,200,MUNICIPAL ROAD,No,True,No,1/5/2025,No,Point,38.970130323,-76.884921399,NCPD,07,16,03,No,20,,20:06,2025,Sunday,12,Motor Vehicle In Transport,05,On Roadway,7,,,,,,03,Driveway Access or Related,03,Dark - Lighted,1/5/2025,2025-01-05,W,18.7,F,N,,,829CF2655EA0AE0A6DCC7A0B2828A61A593B3C6976354E8EA7CDACA6A007DAF7,MU,01,No,,,,,01,Dry,,,,,,,,
Injury Crashes,MSP7776006Q,Maryland State Police,Single Vehicle,Prince George's,Interstate,No,No,No,No,No,CAPITAL BELTWAY,95,INTERSTATE ROUTE,No,True,No,5/19/2025,No,Point,38.945766342,-76.858335187,MSP,101,16,02,No,21,,21:00,2025,Monday,25,Concrete Traffic Barrier,09,Roadside,1,,,,,,06,Non-Junction,04,Dark - Not Lighted,5/19/2025,2025-05-19,N,173.08,F,N,,,CCACDFDA1CEB77AA74A99699818D179C5CE14BB20A84372626468AA875C873CA,IS,01,No,,,,,01,Dry,,,,,,,,
Injury Crashes,DA43570030,Prince George's County Police,Front to Rear,Prince George's,,No,No,No,No,No,ALLENTOWN RD (SB/L),126,COUNTY ROAD,No,True,Yes,4/21/2025,Yes,Point,38.800637819,-76.910396502,PGCOPD,03,16,02,No,12,03,12:47,2025,Monday,12,Motor Vehicle In Transport,05,On Roadway,,Perpendicular,,,BRINKLEY RD,03,05,Intersection or Related,01,Daylight,4/21/2025,2025-04-21,S,0,F,N,,,621BCBBB4FA14ED243D36DB854BE4504475994262FBFA855F96BC4CDEE8F445B,CO,01,No,,,,,01,Dry,02,Stop - All Way,N,03,Transition Area,02,Lane Shift/Crossover,Yes
Injury Crashes,CE45180051,Laurel Police Department,Single Vehicle,Prince George's,,No,No,No,Yes,Yes,,,,No,True,Yes,1/13/2025,Yes,Point,39.097270715,-76.845663265,LAUREL,101,16,02,,12,,12:15,2025,Monday,17,Pedestrian,04,"Off-Roadway, Location Unknown",,,,,,,,,01,Daylight,1/13/2025,2025-01-13,,,F,N,102,Parking Lot Way,,,01,No,,,,,,,,,N,04,Activity Area,05,Other Type of Work Zone,Yes
Property Damage Crashes,DA415600D7,Prince George's County Police,Rear To Side,Prince George's,Minor Arterial,No,No,No,No,No,FORESTVILLE RD (SB/L),483,COUNTY ROAD,No,True,No,3/27/2025,No,Point,38.840951856,-76.874263123,PGCOPD,05,16,03,No,7,04,07:40,2025,Thursday,12,Motor Vehicle In Transport,05,On Roadway,4,Angled/Skewed,,,PENNSYLVANIA AVE (SB/L),01,05,Intersection or Related,01,Daylight,3/27/2025,2025-03-27,N,0,F,N,,,7906B4930E5B8FCB307955B3ACA8C563242EA40AFB6E297D5D7BC4AB89C51A14,CO,01,No,,,,,01,Dry,01,Signalized,,,,,,
Property Damage Crashes,HB05170004,Maryland-National Capital Park Police Prince George's County,Single Vehicle,Prince George's,Local,No,No,No,No,No,NO NAME,288,OTHER PUBLIC ROAD,No,True,No,1/9/2025,No,Point,38.612272170,-76.689954624,PGPARK,101,16,03,No,7,,07:45,2025,Thursday,28,Ditch,09,Roadside,7,,,,,,99,Unknown,01,Daylight,1/9/2025,2025-01-09,N,13.6,F,N,,,C01F1963A57D2640BB0C01F1DAC167DC3E866A4C40628546E4625E098A6DCB51,OP,01,No,,,,,02,Ice/Frost,,,,,,,,
Property Damage Crashes,MSP7839004Q,Maryland State Police,Single Vehicle,Prince George's,Interstate,No,No,No,No,No,CAPITAL BELTWAY (SB/L),95,INTERSTATE ROUTE,No,True,No,4/22/2025,No,Point,38.818551667,-76.932106667,MSP,101,16,03,No,18,,18:52,2025,Tuesday,32,Guardrail Face,06,"On Shoulder, Left Side",1,,101,State,,,06,Non-Junction,01,Daylight,4/22/2025,2025-04-22,N,21.47,F,N,,,ADC67EBB81195B1474A16B5D7381D03A0C8A141071DBB8E96383B0118DDAA010,IS,01,No,,,,,01,Dry,,,,,,,,
Property Damage Crashes,AM0393001L,Bladensburg Police Department,"Sideswipe, Opposite Direction",Prince George's,,No,No,No,No,Yes,,,,No,True,No,5/9/2025,No,Point,38.942639958,-76.913190846,BLADENSBURG,06,16,03,,7,,07:00,2025,Friday,12,Motor Vehicle In Transport,02,In Parking Lane Or Zone,,,,,,,,,01,Daylight,5/9/2025,2025-05-09,,,F,N,100,Parking Stall,,,01,No,,,,,,,,,,,,,,
Property Damage Crashes,MSP743900NJ,Maryland State Police,Front to Rear,Prince George's,Interstate,No,No,No,No,No,CAPITAL BELTWAY,95,INTERSTATE ROUTE,No,True,No,5/21/2025,No,Point,38.984385,-76.878776341,MSP,03,16,03,No,10,,10:38,2025,Wednesday,12,Motor Vehicle In Transport,05,On Roadway,1,,100,Local,,,09,Through Roadway,01,Daylight,5/21/2025,2025-05-21,W,45.85,F,N,,,9BA7207590D3D45444F4B79792DC26BDD08F0498F3A116D3B59686273953188F,IS,01,No,12,Motor Vehicle In Transport,05,On Roadway,09,Wet,,,,,,,,
Property Damage Crashes,DA4183006Q,Prince George's County Police,Other,Prince George's,Local,No,No,No,No,No,LEYTE DR,1068,COUNTY ROAD,No,True,No,2/22/2025,No,Point,38.787790562,-76.996985407,PGCOPD,98,16,03,No,23,,23:28,2025,Saturday,15,Parked Vehicle,05,On Roadway,7,,,,,,06,Non-Junction,03,Dark - Lighted,2/22/2025,2025-02-22,N,17.62,F,N,,,1F96F75221C056D88D3DA97C4D71ABA8D61724F0CF1742F7E1940662EE92F4D0,CO,01,No,,,,,01,Dry,,,,,,,,
Property Damage Crashes,MSP757700KX,Maryland State Police,"Sideswipe, Same Direction",Prince George's,Interstate,No,No,No,No,No,CAPITAL BELTWAY,95,INTERSTATE ROUTE,No,True,No,5/20/2025,No,Point,38.926678333,-76.853828333,MSP,07,16,03,No,19,,19:33,2025,Tuesday,12,Motor Vehicle In Transport,05,On Roadway,1,,,,,,09,Through Roadway,01,Daylight,5/20/2025,2025-05-20,W,34.33,F,N,,,36604030D86AE044DD79302C61DB034B0857DB45FA4EF3C965E5D4F4812FC35E,IS,01,No,97,Not Applicable,,,01,Dry,,,,,,,,
Injury Crashes,DA384000JJ,Prince George's County Police,Front to Front,Prince George's,Major Collector,No,No,Yes,No,No,OWENS RD,112,COUNTY ROAD,No,True,No,5/13/2025,No,Point,38.817013709,-76.968183082,PGCOPD,02,16,02,No,21,,21:55,2025,Tuesday,12,Motor Vehicle In Transport,05,On Roadway,5,,,,,,06,Non-Junction,03,Dark - Lighted,5/13/2025,2025-05-13,W,37.42,F,N,,,4505D59E42F69D2E87C132E61C756374A724776E9F175FD06E043DE0C170FA41,CO,01,No,,,,,09,Wet,,,,,,,,
Property Damage Crashes,DA4344003K,Prince George's County Police,Unknown,Prince George's,Principal Arterial – Other,No,No,No,No,No,PENNSYLVANIA AVE (SB/L),4,MARYLAND ROUTE,No,True,No,4/6/2025,No,Point,38.845912561,-76.893968424,PGCOPD,99,16,03,No,6,,06:17,2025,Sunday,13,Other Non-Fixed Object,05,On Roadway,3,,,,,,06,Non-Junction,01,Daylight,4/6/2025,2025-04-06,N,44.23,F,N,,,C2B0EA37262136B40CB646D24BC8CA6084E419A85166751EE4853A34B30DB19C,MD,01,No,,,,,01,Dry,,,,,,,,
Property Damage Crashes,MSP744700MZ,Maryland State Police,Front to Rear,Prince George's,Principal Arterial – Other Freeways and Expressways,No,No,No,No,No,RAMP 5 FR MD 980D SB TO MD 4 EB,4,RAMP,No,True,No,2/26/2025,No,Point,38.811817715,-76.772590192,MSP,03,16,03,No,19,,19:30,2025,Wednesday,12,Motor Vehicle In Transport,05,On Roadway,2,,,,,,04,Entrance/Exit Ramp or Related,04,Dark - Not Lighted,2/26/2025,2025-02-26,S,14.26,F,N,,,0D5CD082D05E9D60A84069F09CE41C8A4FAB7EFD86AA4F488FC05A881892FB7F,RP,01,No,,,,,01,Dry,,,,,,,,
Property Damage Crashes,DA4083006K,Prince George's County Police,Other,Prince George's,Local,No,No,No,No,No,QUEBEC ST,862,COUNTY ROAD,No,True,No,1/14/2025,No,Point,38.996462700,-76.984721833,PGCOPD,98,16,03,No,21,,21:17,2025,Tuesday,12,Motor Vehicle In Transport,05,On Roadway,7,,,,NEW HAMPSHIRE AVE SER LA,,06,Non-Junction,03,Dark - Lighted,1/14/2025,2025-01-14,S,48.02,F,N,,,8CEB4E3037EBEEE0546F9208752A0FEDBAE8949B460CF30AC542EADF736A84D8,CO,01,No,,,,,01,Dry,,,,,,,,
Injury Crashes,DA4400001C,Prince George's County Police,Front to Front,Prince George's,Local,No,Yes,No,No,No,HARTFORD HILLS DR,1762,COUNTY ROAD,Yes,True,No,4/23/2025,No,Point,38.829568455,-76.929900629,PGCOPD,02,16,02,Yes,11,,11:17,2025,Wednesday,12,Motor Vehicle In Transport,05,On Roadway,7,,,,,,09,Through Roadway,01,Daylight,4/23/2025,2025-04-23,S,372.27,F,N,,,8508EE9B09EEEE7CCC5FF0D191AB94E344D27727FC7BC2682EE6ACE124C990CB,CO,01,No,,,,,01,Dry,,,,,,,,
Property Damage Crashes,DA4282003M,Prince George's County Police,Front to Rear,Prince George's,Principal Arterial – Other Freeways and Expressways,No,No,No,No,No,INDIAN HEAD HWY (SB/L),210,MARYLAND ROUTE,No,True,No,5/16/2025,No,Point,38.770035841,-76.995477254,PGCOPD,03,16,03,No,20,,20:22,2025,Friday,12,Motor Vehicle In Transport,99,Unknown,2,,,,,,06,Non-Junction,04,Dark - Not Lighted,5/16/2025,2025-05-16,E,46.58,F,N,,,AA39FBDE696242CF5F7429202F196815C543FBEDFBCDE32648B055DBB1DF8B31,MD,01,No,,,,,09,Wet,,,,,,,,
Property Damage Crashes,MSP7872002K,Maryland State Police,Front to Rear,Prince George's,Principal Arterial – Other,No,No,No,No,No,BRANCH AVE (SB/L),5,MARYLAND ROUTE,No,True,No,2/24/2025,No,Point,38.739709769,-76.879329071,MSP,03,16,03,No,14,,14:33,2025,Monday,12,Motor Vehicle In Transport,05,On Roadway,3,,,,,,09,Through Roadway,01,Daylight,2/24/2025,2025-02-24,N,7.37,F,N,,,B0140FEDC6EE145E708A4F0446F12BB16E9EAC02377DFA8D11D583692D18AE44,MD,01,No,28,Ditch,03,Median,01,Dry,,,,,,,,
Property Damage Crashes,DA4421002B,Prince George's County Police,Unknown,Prince George's,Local,No,No,No,No,No,MIKE SHAPIRO DR,4939,COUNTY ROAD,No,True,No,5/15/2025,No,Point,38.773788279,-76.883523550,PGCOPD,99,16,03,No,8,,08:30,2025,Thursday,15,Parked Vehicle,02,In Parking Lane Or Zone,7,,,,,,99,Unknown,01,Daylight,5/15/2025,2025-05-15,N,10.73,F,N,,,30757F3275629DB4995B4E99FC9A8090A0DA3ED7CE4504F6822B13C54D3598B7,CO,01,No,,,,,01,Dry,,,,,,,,
Injury Crashes,DA31730055,Prince George's County Police,Angle,Prince George's,Principal Arterial – Other Freeways and Expressways,No,No,No,No,No,EDMONSTON AVE (SB/L),201,MARYLAND ROUTE,No,True,No,1/31/2025,No,Point,39.031440062,-76.899638001,PGCOPD,01,16,02,Yes,10,04,10:24,2025,Friday,12,Motor Vehicle In Transport,05,On Roadway,2,Perpendicular,,,EDMONSTON RD POWDER MILL RD,03,05,Intersection or Related,01,Daylight,1/31/2025,2025-01-31,S,0,F,N,,,D258B4E43DD26EC62BC5E6A9004333EA637C15C6C957BE90CD1B8E450B23C254,MD,01,No,12,Motor Vehicle In Transport,05,On Roadway,09,Wet,01,Signalized,,,,,,
Property Damage Crashes,DA4151005X,Prince George's County Police,"Sideswipe, Same Direction",Prince George's,Principal Arterial – Other,No,No,No,No,No,KENILWORTH AVE,201,MARYLAND ROUTE,No,True,No,2/26/2025,No,Point,38.929365157,-76.930998703,PGCOPD,07,16,03,No,11,,11:00,2025,Wednesday,12,Motor Vehicle In Transport,05,On Roadway,3,,,,,,09,Through Roadway,01,Daylight,2/26/2025,2025-02-26,N,47.21,F,N,,,83206DD6F9C75BFC83AF931BE82A1FFD7603304A9DC4D0939A3073DBDF540AF1,MD,01,No,,,,,01,Dry,,,,,,,,
Injury Crashes,MSP62000026,Maryland State Police,"Sideswipe, Same Direction",Prince George's,Interstate,Yes,No,No,No,No,CAPITAL BELTWAY (SB/L),95,INTERSTATE ROUTE,No,True,No,3/2/2025,No,Point,38.873722596,-76.843919414,MSP,07,16,02,No,4,,04:05,2025,Sunday,12,Motor Vehicle In Transport,07,"On Shoulder, Right Side",1,,,,,,06,Non-Junction,04,Dark - Not Lighted,3/2/2025,2025-03-02,N,11.47,F,N,,,9A9E762141A4C2BADD20F434842359301AF4505A65A9A6B774CE74A31B669664,IS,01,No,,,,,01,Dry,,,,,,,,
Property Damage Crashes,MSP78650024,Maryland State Police,Single Vehicle,Prince George's,Interstate,No,No,No,No,No,JOHN HANSON HWY,595,INTERSTATE ROUTE,No,True,No,3/28/2025,No,Point,38.95449115,-76.71963485,MSP,101,16,03,No,17,,17:49,2025,Friday,06,Other Non-Collision,05,On Roadway,1,,,,,,06,Non-Junction,01,Daylight,3/28/2025,2025-03-28,W,46.78,F,N,,,BC00CF2288F6B0126DC9F755989741196B59A7DD62657C85583B5DBEC4BF56E9,IS,01,No,,,,,01,Dry,,,,,,,,
Property Damage Crashes,RD01270075,Riverdale Park Police Department,Angle,Prince George's,Principal Arterial – Other,No,No,No,No,No,BALTIMORE AVE,1,UNITED STATE ROUTE,No,True,No,5/10/2025,No,Point,38.962482076,-76.939359003,RIVERDALE,01,16,03,Yes,13,03,13:08,2025,Saturday,12,Motor Vehicle In Transport,05,On Roadway,3,Perpendicular,,,RIVERDALE RD,03,05,Intersection or Related,01,Daylight,5/10/2025,2025-05-10,W,0,F,N,,,A395D0009544A6EE4AB682314F1FAE5B903322ADA878CFA41ACD6B842FCEC65A,US,01,No,,,,,01,Dry,05,No Controls,,,,,,
Property Damage Crashes,DA3476004K,Prince George's County Police,Single Vehicle,Prince George's,,No,No,No,No,No,,595,PRIVATE ROAD,No,True,No,1/18/2025,No,Point,39.019515573,-76.928144853,PGCOPD,101,16,03,No,2,,02:31,2025,Saturday,36,"Other Post, Pole, Or Support",02,In Parking Lane Or Zone,,,,,,,09,Through Roadway,03,Dark - Lighted,1/18/2025,2025-01-18,E,21.3,F,N,,,5A449E89EF5176C3CE11800953C86CB19FC542BE573EF9B491C10B4EFCCF62A6,PV,01,No,,,,,02,Ice/Frost,,,,,,,,
Property Damage Crashes,DA43550035,Prince George's County Police,Angle,Prince George's,Local,No,No,No,No,No,ZACHERY ST,5411,COUNTY ROAD,No,True,No,5/18/2025,No,Point,38.901725344,-76.841415170,PGCOPD,01,16,03,No,19,03,19:00,2025,Sunday,12,Motor Vehicle In Transport,05,On Roadway,7,Perpendicular,,,LOTTSFORD RD (EB/L),03,05,Intersection or Related,01,Daylight,5/18/2025,2025-05-18,N,0,F,N,,,DD92387F0610BD75444EDF8B7F9334BAF4D3A1D051EE904C1FA9CC70E7FB69A4,CO,01,No,,,,,01,Dry,05,No Controls,,,,,,
Property Damage Crashes,DA387800C6,Prince George's County Police,Angle,Prince George's,Local,No,No,No,No,No,LAKEVIEW LA (NB/L),6288,COUNTY ROAD,No,True,No,1/30/2025,No,Point,38.956625332,-76.816012319,PGCOPD,01,16,03,Yes,8,03,08:25,2025,Thursday,12,Motor Vehicle In Transport,05,On Roadway,7,Perpendicular,,,ANNAPOLIS RD,03,05,Intersection or Related,01,Daylight,1/30/2025,2025-01-30,E,0,F,N,,,ED40054CF4D8A2BEF61CA51634C3AA4F805DC821A76723FE06A27B30F66CC380,CO,01,No,,,,,01,Dry,03,Stop - Partial,,,,,,
Injury Crashes,MSP738100CT,Maryland State Police,Front to Front,Prince George's,Principal Arterial – Other Freeways and Expressways,No,No,No,No,No,PENNSYLVANIA AVE,4,MARYLAND ROUTE,No,True,No,4/29/2025,No,Point,38.818097032,-76.839231099,MSP,02,16,02,No,10,,10:46,2025,Tuesday,12,Motor Vehicle In Transport,05,On Roadway,2,,,,,,01,Acceleration/Deceleration Lane,01,Daylight,4/29/2025,2025-04-29,S,22.66,F,N,,,0D0AE3DC461578D3C52DE12AA838068E98978D2B8C73AE69F7861DED683795E6,MD,01,No,12,Motor Vehicle In Transport,05,On Roadway,01,Dry,,,,,,,,