Crash Severity Description,Reportnumber,Agencyname,CollisionImpact Description,Crash County Description,FunctionalClass Description,ImpairedCrash,Large Vehicle Involved,Motorcycle Crash,Non-Motorist Crash,OffRoad,RoadName,Route Number,RouteType Description,Unrestrained Occupants,WithinDateRange,Work Zone Related,Crashdate,Work Zone Crash,CrashPoint,Latitude,Longitude,AgencyCode,CollisionImpact,Crash County,Crash Severity,Crash Within Interchange,Crashhour,CrashInterchangeApproaches,Crashtime,CrashYear,Dayofweek,FirstHarmEvent,FirstHarmEvent Description,FirstHarmLocation,FirstHarmLocation Description,FunctionalClass,Geometry Description,GovPropertyDamage,GovPropertyDamage Description,IntersectingRoadName,Intersection Geometry,JunctionRelated,JunctionRelated Description,Light,Light Description,LOD Crash Date,LOD Date Level,MilepointDirection,MilepointDistance,MilepointUnits,NonTrafficFatal,OffroadLocation,OffroadLocation Description,RoadID,RouteType,SchoolBusRelated,SchoolBusRelated Description,SecondHarmEvent,SecondHarmEvent Description,SecondHarmLocation,SecondHarmLocation Description,Surface,Surface Description,TrafficControl,Trafficcontrol Description,WZLawEnforcementPresent,WZLocation,WZLocation Description,WZType,WZType Description,WZWorkersPresent
Property Damage Crashes,DA3804008N,Prince George's County Police,Front to Rear,Prince George's,Minor Arterial,No,No,No,No,No,POWDER MILL RD (SB/L),212,MARYLAND ROUTE,No,True,No,1/30/2025,No,Point,39.045212823,-76.940721763,PGCOPD,03,16,03,No,18,,18:55,2025,Thursday,12,Motor Vehicle In Transport,05,On Roadway,4,,,,,,09,Through Roadway,04,Dark - Not Lighted,1/30/2025,2025-01-30,W,38.87,F,N,,,02A1470A29DE78E2F5773C85E8C7F936BDA1D70A37A2EB689AD79E53FF8995B3,MD,01,No,97,Not Applicable,,,01,Dry,,,,,,,,
Property Damage Crashes,DA3223004L,Prince George's County Police,"Sideswipe, Same Direction",Prince George's,Principal Arterial – Other Freeways and Expressways,No,No,No,No,No,INDIAN HEAD HWY (SB/L),210,MARYLAND ROUTE,No,True,No,4/26/2025,No,Point,38.669516084,-77.012659611,PGCOPD,07,16,03,No,0,,00:05,2025,Saturday,12,Motor Vehicle In Transport,05,On Roadway,2,,,,,,09,Through Roadway,04,Dark - Not Lighted,4/26/2025,2025-04-26,N,15.62,F,N,,,21850DAC7FFDD298B4F3A32DA28638C93B36B08EB0AA3453F2CC6E1E8FAC454E,MD,01,No,,,,,01,Dry,,,,,,,,
Property Damage Crashes,DA43430029,Prince George's County Police,Angle,Prince George's,Principal Arterial – Other,No,No,No,No,No,LAUREL BOWIE RD,197,MARYLAND ROUTE,No,True,No,1/15/2025,No,Point,39.080130768,-76.847905990,PGCOPD,01,16,03,Yes,7,04,07:07,2025,Wednesday,12,Motor Vehicle In Transport,05,On Roadway,3,Perpendicular,,,BRIARWOOD DR,03,05,Intersection or Related,01,Daylight,1/15/2025,2025-01-15,N,0,F,N,,,FD50C7E598C11ADFCAFD7A0186E0B62BDCC4EEC790FA7F2B4128B5A319684DF4,MD,01,No,,,,,01,Dry,01,Signalized,,,,,,
Property Damage Crashes,DA423700CX,Prince George's County Police,Single Vehicle,Prince George's,Principal Arterial – Other,No,No,No,No,No,NEW HAMPSHIRE AVE,650,MARYLAND ROUTE,No,True,No,5/8/2025,No,Point,39.003796699,-76.980891174,PGCOPD,101,16,03,No,22,,22:45,2025,Thursday,09,Animal (live),05,On Roadway,3,,,,,,09,Through Roadway,03,Dark - Lighted,5/8/2025,2025-05-08,N,38.63,F,N,,,C2B5E3669200426DBE0A102499BBA69E33071F54E99B525DCAC7C7A0E58D9B60,MD,01,No,,,,,01,Dry,,,,,,,,
Injury Crashes,MSP585801FJ,Maryland State Police,"Sideswipe, Same Direction",Prince George's,Interstate,No,No,No,No,No,CAPITAL BELTWAY (SB/L),95,INTERSTATE ROUTE,No,True,No,2/8/2025,No,Point,38.796927463,-77.011363555,MSP,07,16,02,No,18,,18:30,2025,Saturday,12,Motor Vehicle In Transport,05,On Roadway,1,,,,,,09,Through Roadway,03,Dark - Lighted,2/8/2025,2025-02-08,E,11.01,F,N,,,66519AB3D33F20CA89661E784D676EE4732AF8E681479745FCFAAE979CF81BAA,IS,01,No,,,,,09,Wet,,,,,,,,
Property Damage Crashes,RD0135000L,Riverdale Park Police Department,Rear To Side,Prince George's,Local,No,No,No,No,No,49TH AVE,490,MUNICIPAL ROAD,No,True,No,5/30/2025,No,Point,38.962878567,-76.930897558,RIVERDALE,05,16,03,No,18,,18:46,2025,Friday,12,Motor Vehicle In Transport,05,On Roadway,7,,,,,,02,Crossover-Related,01,Daylight,5/30/2025,2025-05-30,N,18.77,F,N,,,C83AC311E0F46F9F9A37C0E94321DFB60824861021FEAB2406F82CF159011F03,MU,01,No,,,,,09,Wet,,,,,,,,
Property Damage Crashes,DA43910010,Prince George's County Police,"Sideswipe, Same Direction",Prince George's,Local,No,No,No,No,No,NO NAME,4462,COUNTY ROAD,No,True,No,3/26/2025,No,Point,38.836153775,-76.861784447,PGCOPD,07,16,03,No,17,,17:28,2025,Wednesday,12,Motor Vehicle In Transport,05,On Roadway,7,,,,,,06,Non-Junction,01,Daylight,3/26/2025,2025-03-26,W,11.81,F,N,,,57B52E26742A9AF6548892D08A7764F458B3596A8E7DA23F3A2E8625E1890AC3,CO,01,No,,,,,01,Dry,,,,,,,,
Property Damage Crashes,MSP7875003N,Maryland State Police,Front to Rear,Prince George's,Interstate,No,No,No,No,No,CAPITAL BELTWAY,95,INTERSTATE ROUTE,No,True,No,4/28/2025,No,Point,38.799583217,-77.005688017,MSP,03,16,03,No,12,,12:45,2025,Monday,12,Motor Vehicle In Transport,05,On Roadway,1,,,,,,06,Non-Junction,01,Daylight,4/28/2025,2025-04-28,E,32.72,F,N,,,190F08FAE73CB30F9C252F829EF8BD581C5498140ABDE7CECB5FEB8936C95EFE,IS,01,No,,,,,01,Dry,,,,,,,,
Property Damage Crashes,DA3707004X,Prince George's County Police,"Sideswipe, Same Direction",Prince George's,Minor Arterial,No,No,No,No,No,LANHAM SEVERN RD,564,MARYLAND ROUTE,No,True,No,3/24/2025,No,Point,38.962412806,-76.861334102,PGCOPD,07,16,03,Yes,6,,06:31,2025,Monday,12,Motor Vehicle In Transport,05,On Roadway,4,,,,,,09,Through Roadway,100,Dawn,3/24/2025,2025-03-24,W,75.16,F,N,,,00238E886FF4A0A4ACF65828FA75AD73D3C67A30C6C3D0E2EEBD7826EFFFD8EF,MD,01,No,,,,,09,Wet,,,,,,,,
Property Damage Crashes,MSP7787005R,Maryland State Police,Front to Rear,Prince George's,Interstate,No,No,No,No,No,CAPITAL BELTWAY (SB/L),95,INTERSTATE ROUTE,No,True,No,3/13/2025,No,Point,38.991915879,-76.886444411,MSP,03,16,03,No,19,,19:57,2025,Thursday,12,Motor Vehicle In Transport,05,On Roadway,1,,,,RAMP 7 FR MD 295 WB TO IS 95 SB,,06,Non-Junction,04,Dark - Not Lighted,3/13/2025,2025-03-13,S,26.63,F,N,,,F94089D679E34B1D0CAFC76D0DC0CC519D8C31A5D321411181354EFE4512ADBE,IS,01,No,,,,,01,Dry,,,,,,,,
Property Damage Crashes,MSP7872001D,Maryland State Police,Other,Prince George's,Local,No,No,No,No,No,OLD INDIAN HEAD RD,135,COUNTY ROAD,No,True,No,1/13/2025,No,Point,38.739324616,-76.820368052,MSP,98,16,03,No,12,03,12:07,2025,Monday,12,Motor Vehicle In Transport,05,On Roadway,7,Perpendicular,,,CRAIN HWY,03,05,Intersection or Related,01,Daylight,1/13/2025,2025-01-13,W,0,F,N,,,0CB758560114425D82E66EAC9E86887542E2345B5E701F52A5AA33A86B518D4C,CO,01,No,,,,,01,Dry,05,No Controls,,,,,,
Property Damage Crashes,DA4415000L,Prince George's County Police,Front to Rear,Prince George's,Principal Arterial – Other,No,Yes,No,No,No,BALTIMORE AVE,1,UNITED STATE ROUTE,No,True,No,4/26/2025,No,Point,39.012422275,-76.928124450,PGCOPD,03,16,03,No,16,,16:48,2025,Saturday,12,Motor Vehicle In Transport,05,On Roadway,3,,,,,,06,Non-Junction,01,Daylight,4/26/2025,2025-04-26,N,412.72,F,N,,,D2AFFDA8FE90D6476EAB5E7356EB85087360C1C503AE5E8AFDFEFA0E0267007E,US,01,No,12,Motor Vehicle In Transport,05,On Roadway,01,Dry,,,,,,,,
Property Damage Crashes,DA4384002T,Prince George's County Police,Single Vehicle,Prince George's,Principal Arterial – Other Freeways and Expressways,No,No,No,No,No,INDIAN HEAD HWY,210,MARYLAND ROUTE,No,True,No,2/16/2025,No,Point,38.754178835,-76.992812836,PGCOPD,101,16,03,No,11,,11:09,2025,Sunday,32,Guardrail Face,09,Roadside,2,,,,,,09,Through Roadway,01,Daylight,2/16/2025,2025-02-16,S,33.3,F,N,,,792DEFA7A267CBA239BF267A76D1FA09A4BC7EE579F67C8B2AE90B435AE83258,MD,01,No,,,,,09,Wet,,,,,,,,
Property Damage Crashes,MSP7843002Y,Maryland State Police,Other,Prince George's,Interstate,No,No,No,No,No,RAMP 8 FR IS 95X SB TO IS 495 WB,95,RAMP,No,True,No,4/26/2025,No,Point,39.022610726,-76.953535960,MSP,98,16,03,Yes,23,,23:53,2025,Saturday,12,Motor Vehicle In Transport,05,On Roadway,1,,,,,,04,Entrance/Exit Ramp or Related,04,Dark - Not Lighted,4/26/2025,2025-04-26,S,62.15,F,N,,,D7D5F43A1A8406B38B7E16B111CFBD3064E24CDA067F266CBD269709C5C474F7,RP,01,No,12,Motor Vehicle In Transport,05,On Roadway,01,Dry,,,,,,,,
Property Damage Crashes,MSP6931014S,Maryland State Police,"Sideswipe, Same Direction",Prince George's,Interstate,No,Yes,No,No,No,CAPITAL BELTWAY (SB/L),95,INTERSTATE ROUTE,No,True,No,5/11/2025,No,Point,38.812949367,-76.960784532,MSP,07,16,03,No,11,,11:10,2025,Sunday,12,Motor Vehicle In Transport,05,On Roadway,1,,,,,,06,Non-Junction,01,Daylight,5/11/2025,2025-05-11,N,14.93,F,N,,,52D1580D10FA3FDD9FC78492DA84B9B5A436D2C8CFDF9B3B943E2B2104285E97,IS,01,No,,,,,01,Dry,,,,,,,,
Property Damage Crashes,DA387800D2,Prince George's County Police,Front to Front,Prince George's,Local,No,No,No,No,No,CHANTILLY LA,3131,COUNTY ROAD,No,True,No,5/17/2025,No,Point,38.941546015,-76.803736085,PGCOPD,02,16,03,No,23,,23:45,2025,Saturday,12,Motor Vehicle In Transport,05,On Roadway,7,,,,,,06,Non-Junction,03,Dark - Lighted,5/17/2025,2025-05-17,S,3.05,F,N,,,5C878FE27C34C8131828D68CCFD6F0E12DEA7F34C26E02F824873B0C5DC02F0C,CO,01,No,,,,,01,Dry,,,,,,,,
Property Damage Crashes,DA3397004X,Prince George's County Police,Front to Rear,Prince George's,Major Collector,No,No,No,No,No,CROOM RD,382,MARYLAND ROUTE,Yes,True,No,4/15/2025,No,Point,38.625531888,-76.735456149,PGCOPD,03,16,03,No,17,,17:40,2025,Tuesday,15,Parked Vehicle,05,On Roadway,5,,,,,,06,Non-Junction,01,Daylight,4/15/2025,2025-04-15,E,30.25,F,N,,,CA55C0B1332B421D7E806F93D8AE3DF0DECE1B3F208A6CB71E8180EC3038A483,MD,01,No,,,,,01,Dry,,,,,,,,
Property Damage Crashes,MSP757700HW,Maryland State Police,"Sideswipe, Same Direction",Prince George's,Principal Arterial – Other Freeways and Expressways,No,No,No,No,No,JOHN HANSON HWY (WB/L),50,UNITED STATE ROUTE,No,True,No,2/25/2025,No,Point,38.931251667,-76.896751667,MSP,07,16,03,No,7,,07:54,2025,Tuesday,12,Motor Vehicle In Transport,05,On Roadway,2,,,,,,09,Through Roadway,01,Daylight,2/25/2025,2025-02-25,S,40.62,F,N,,,C9AD715A07E9086658F379D6DCC9EBC09458F2928C60427B48484BFCE2885E11,US,01,No,97,Not Applicable,,,01,Dry,,,,,,,,
Property Damage Crashes,DA3522009Y,Prince George's County Police,"Sideswipe, Same Direction",Prince George's,Major Collector,No,No,No,No,No,METZEROTT RD,230,COUNTY ROAD,No,True,No,3/1/2025,No,Point,39.002984072,-76.969841219,PGCOPD,07,16,03,No,18,,18:00,2025,Saturday,12,Motor Vehicle In Transport,05,On Roadway,5,,,,,,06,Non-Junction,01,Daylight,3/1/2025,2025-03-01,E,33.35,F,N,,,865A56817E641FCF375A0E8FF2275279E3E53F5A1F2A9C6D1F150839F03D523B,CO,01,No,,,,,01,Dry,,,,,,,,
Injury Crashes,DA39140072,Prince George's County Police,Other,Prince George's,Local,No,No,No,No,No,HIGHLAND MEADOWS DR,5284,COUNTY ROAD,No,True,No,4/24/2025,No,Point,38.780664863,-76.876482224,PGCOPD,98,16,02,Yes,14,02,14:30,2025,Thursday,12,Motor Vehicle In Transport,05,On Roadway,7,Perpendicular,,,OLD ALEXANDRIA FERRY RD,03,05,Intersection or Related,01,Daylight,4/24/2025,2025-04-24,N,0,F,N,,,79F1DD86A369928A31E538E392E6768A4852663C34DE4A503CFA2DE1DBDF275D,CO,01,No,,,,,01,Dry,03,Stop - Partial,,,,,,
Property Damage Crashes,DA4146006N,Prince George's County Police,Front to Rear,Prince George's,Principal Arterial – Other,No,No,No,No,No,OXON HILL RD (WB/L),414,MARYLAND ROUTE,No,True,No,5/11/2025,No,Point,38.804137275,-76.983273752,PGCOPD,03,16,03,No,22,,22:05,2025,Sunday,12,Motor Vehicle In Transport,05,On Roadway,3,,,,,,01,Acceleration/Deceleration Lane,04,Dark - Not Lighted,5/11/2025,2025-05-11,E,26.53,F,N,,,819C81B2200165FC68EF49E916046AD1495D4CF21896A52A266CAD8A91E46AB8,MD,01,No,,,,,01,Dry,,,,,,,,
Property Damage Crashes,BW0190003L,Greenbelt Police Department,Front to Rear,Prince George's,Major Collector,No,No,No,No,No,CHERRYWOOD LA,40,MUNICIPAL ROAD,No,True,No,4/6/2025,No,Point,38.999615661,-76.911687785,GREENBELT,03,16,03,No,19,,19:33,2025,Sunday,12,Motor Vehicle In Transport,05,On Roadway,5,,,,,,06,Non-Junction,101,Dusk,4/6/2025,2025-04-06,N,40.88,F,N,,,59470C1C19BF4A901C8DD0C1E97C46FA059229834679ED767CA29B812D39A090,MU,01,No,,,,,01,Dry,,,,,,,,
Injury Crashes,MSP0568005L,Maryland State Police,Front to Rear,Prince George's,Interstate,No,Yes,No,No,No,CAPITAL BELTWAY (SB/L),95,INTERSTATE ROUTE,No,True,No,2/26/2025,No,Point,38.815290277,-76.954816451,MSP,03,16,02,No,14,,14:45,2025,Wednesday,12,Motor Vehicle In Transport,05,On Roadway,1,,,,,,09,Through Roadway,01,Daylight,2/26/2025,2025-02-26,N,43.22,F,N,,,22FE200B19B408A596B0207FF4BC7B9C078DDAA72C1169686CB95CF93B9814BA,IS,01,No,,,,,01,Dry,,,,,,,,
Property Damage Crashes,DA3729009G,Prince George's County Police,"Sideswipe, Opposite Direction",Prince George's,Minor Collector,No,Yes,No,No,No,FLORAL PARK RD,225,COUNTY ROAD,No,True,No,5/7/2025,No,Point,38.705003119,-76.917408225,PGCOPD,06,16,03,No,8,,08:12,2025,Wednesday,12,Motor Vehicle In Transport,05,On Roadway,6,,,,,,06,Non-Junction,01,Daylight,5/7/2025,2025-05-07,S,62.69,F,N,,,32307921F2D5898AD41569D5D3E3AD0F3F90CEA1AA620F5F0AC2DE46136016B9,CO,01,No,,,,,01,Dry,,,,,,,,
Property Damage Crashes,DA4420000X,Prince George's County Police,"Sideswipe, Same Direction",Prince George's,Local,No,No,No,No,No,CLAXTON ST,3154,COUNTY ROAD,No,True,No,3/18/2025,No,Point,39.068079191,-76.855191374,PGCOPD,07,16,03,No,11,,11:00,2025,Tuesday,12,Motor Vehicle In Transport,05,On Roadway,7,,,,,,06,Non-Junction,01,Daylight,3/18/2025,2025-03-18,S,23.25,F,N,,,2999838A83ED70BF67C59AC34BE064D94D70A6E165E371FBDEE1D71690ADA3E8,CO,01,No,,,,,01,Dry,,,,,,,,
Property Damage Crashes,DA393900GF,Prince George's County Police,"Sideswipe, Same Direction",Prince George's,Interstate,No,No,No,No,No,RAMP 2 FR MD 4 WB TO IS 95 NB,95,RAMP,No,True,No,4/15/2025,No,Point,38.838451713,-76.863438124,PGCOPD,07,16,03,No,15,,15:41,2025,Tuesday,12,Motor Vehicle In Transport,05,On Roadway,1,,,,,,04,Entrance/Exit Ramp or Related,01,Daylight,4/15/2025,2025-04-15,E,39.73,F,N,,,5F4A9C3DBF1914CCDAD92CD593576A85CCF8991D67708D3304D4D6D47D008F36,RP,01,No,,,,,01,Dry,,,,,,,,
Property Damage Crashes,BP1135001M,Forest Heights Police Department,"Sideswipe, Same Direction",Prince George's,Principal Arterial – Other,No,No,No,No,No,OXON HILL RD (WB/L),414,MARYLAND ROUTE,No,True,No,4/26/2025,No,Point,38.802826052,-76.994341720,FORESTHEIGHTS,07,16,03,No,20,,20:30,2025,Saturday,12,Motor Vehicle In Transport,99,Unknown,3,,,,,,01,Acceleration/Deceleration Lane,03,Dark - Lighted,4/26/2025,2025-04-26,W,48.27,F,N,,,9A19036868255BC2A81DCC54689A098628C803E34C93627F9111CC698C016192,MD,01,No,12,Motor Vehicle In Transport,05,On Roadway,01,Dry,,,,,,,,
Property Damage Crashes,MSP585801GV,Maryland State Police,"Sideswipe, Same Direction",Prince George's,,No,Yes,No,No,No,,424,BIKE ROUTE,No,True,No,4/6/2025,No,Point,38.793001667,-77.037235,MSP,07,16,03,No,3,,03:04,2025,Sunday,12,Motor Vehicle In Transport,05,On Roadway,,,,,,,09,Through Roadway,03,Dark - Lighted,4/6/2025,2025-04-06,E,52.87,F,N,,,87A65F5052FD989FB4E2A28EF3311A02E5A59CD1C7FCEDDE9001B7AC61B1E7F3,BK,01,No,,,,,01,Dry,,,,,,,,
Injury Crashes,CE11330055,Laurel Police Department,Front to Rear,Prince George's,Principal Arterial – Other,No,No,No,No,No,FORT MEADE RD,198,MARYLAND ROUTE,No,True,No,4/22/2025,No,Point,39.095091228,-76.841250242,LAUREL,03,16,02,Yes,15,,15:56,2025,Tuesday,12,Motor Vehicle In Transport,05,On Roadway,3,,,,,,01,Acceleration/Deceleration Lane,01,Daylight,4/22/2025,2025-04-22,E,33.56,F,N,,,2979347B57E7C4404B076885EA0DC514FB7B8779D77C82118F82F7FBDE9460D9,MD,01,No,,,,,01,Dry,,,,,,,,
Property Damage Crashes,DA44120006,Prince George's County Police,Front to Rear,Prince George's,Local,Yes,No,No,No,No,TERRACE DR,1447,COUNTY ROAD,Yes,True,No,1/19/2025,No,Point,38.841683034,-76.935642155,PGCOPD,03,16,03,No,7,,07:00,2025,Sunday,12,Motor Vehicle In Transport,05,On Roadway,7,,,,,,99,Unknown,100,Dawn,1/19/2025,2025-01-19,N,16.39,F,N,,,CC4AB0FD1C44BECBE55702C3DF496035D5275894C4ED60931AAF93D25324FC04,CO,01,No,100,Spilled Cargo,05,On Roadway,09,Wet,,,,,,,,
Property Damage Crashes,CBPD01090047,Bowie Police Department,"Sideswipe, Same Direction",Prince George's,,No,No,No,No,Yes,,,,No,True,No,5/17/2025,No,Point,38.944661233,-76.738232244,BOWIE,07,16,03,,19,,19:23,2025,Saturday,15,Parked Vehicle,99,Unknown,,,,,,,,,01,Daylight,5/17/2025,2025-05-17,,,F,N,102,Parking Lot Way,,,01,No,,,,,,,,,,,,,,
Property Damage Crashes,DA4333003Q,Prince George's County Police,Front to Rear,Prince George's,Minor Arterial,Yes,No,No,No,No,RIGGS RD (SB/L),212,MARYLAND ROUTE,No,True,No,1/25/2025,No,Point,38.987265373,-76.975565086,PGCOPD,03,16,03,No,4,,04:00,2025,Saturday,12,Motor Vehicle In Transport,05,On Roadway,4,,,,,,06,Non-Junction,03,Dark - Lighted,1/25/2025,2025-01-25,N,24.83,F,N,,,62BC3D1DC7C3AFB6E7F183D62A0D864F5532CDDA549852FACFCD25A6BF657B8F,MD,01,No,,,,,01,Dry,,,,,,,,
Injury Crashes,CC0278005Z,Hyattsville Police Department,Other,Prince George's,Major Collector,Yes,No,No,No,No,JEFFERSON ST,180,MUNICIPAL ROAD,No,True,No,5/6/2025,No,Point,38.955489450,-76.940793718,HYATTSVILLE,98,16,02,No,22,04,22:36,2025,Tuesday,12,Motor Vehicle In Transport,05,On Roadway,5,Perpendicular,,,BALTIMORE AVE JEFFERSON ST,03,05,Intersection or Related,03,Dark - Lighted,5/6/2025,2025-05-06,E,0,F,N,,,CC62208A36EC82AD937B03F44EC6CBBCB083BC5EC95DB9EA2C2182F5E7F0BD8B,MU,01,No,,,,,01,Dry,01,Signalized,,,,,,
Property Damage Crashes,MSP744200S0,Maryland State Police,Single Vehicle,Prince George's,Interstate,No,No,No,No,No,RAMP 8 FR IS 95 SB TO MD 200 WB,95,RAMP,No,True,No,4/1/2025,No,Point,39.079693428,-76.901607929,MSP,101,16,03,No,10,,10:16,2025,Tuesday,09,Animal (live),05,On Roadway,1,,,,NO NAME (SB/L),,09,Through Roadway,01,Daylight,4/1/2025,2025-04-01,E,21.07,F,N,,,E473C36B47F391BF87ACB09041E564FA3814F74A912F0BD618247B2E4B79F483,RP,01,No,,,,,01,Dry,,,,,,,,
Property Damage Crashes,MSP77640085,Maryland State Police,Front to Rear,Prince George's,Interstate,No,No,No,No,No,CAPITAL BELTWAY (SB/L),95,INTERSTATE ROUTE,No,True,No,3/21/2025,No,Point,39.018520625,-76.919426667,MSP,03,16,03,No,16,,16:46,2025,Friday,12,Motor Vehicle In Transport,05,On Roadway,1,,,,,,06,Non-Junction,01,Daylight,3/21/2025,2025-03-21,S,34.37,F,N,,,42894DE64B362E6D5499AD77D0B5822778130F7578908293D25284D9489A7B04,IS,01,No,,,,,01,Dry,,,,,,,,
Property Damage Crashes,MSP7657007R,Maryland State Police,Single Vehicle,Prince George's,Major Collector,Yes,No,No,No,No,BROWN STATION RD,99,COUNTY ROAD,No,True,No,3/28/2025,No,Point,38.828166414,-76.770475365,MSP,101,16,03,No,0,,00:13,2025,Friday,26,Culvert,06,"On Shoulder, Left Side",5,,,,,,06,Non-Junction,03,Dark - Lighted,3/28/2025,2025-03-28,N,5.47,F,N,,,20B215840DD30CE37E00FD413BEA2BFC68C453940A0A84E9750124D6B387EF0D,CO,01,No,,,,,01,Dry,,,,,,,,
Injury Crashes,DA34330057,Prince George's County Police,Single Vehicle,Prince George's,Major Collector,No,No,No,No,No,LEELAND RD S,103,COUNTY ROAD,No,True,No,2/14/2025,No,Point,38.868510078,-76.745966067,PGCOPD,101,16,02,No,6,,06:40,2025,Friday,28,Ditch,09,Roadside,5,,,,,,09,Through Roadway,01,Daylight,2/14/2025,2025-02-14,N,27.74,F,N,,,67ED604B95B7D08082196A42B02D5023F9374F8BF24AB3CCB6CFB45A59E5F5BD,CO,01,No,,,,,02,Ice/Frost,,,,,,,,
Property Damage Crashes,MSP738100BH,Maryland State Police,Single Vehicle,Prince George's,Interstate,Yes,No,No,No,No,CAPITAL BELTWAY,95,INTERSTATE ROUTE,No,True,No,1/23/2025,No,Point,38.903309572,-76.850301766,MSP,101,16,03,No,15,,15:08,2025,Thursday,32,Guardrail Face,07,"On Shoulder, Right Side",1,,101,State,,,01,Acceleration/Deceleration Lane,01,Daylight,1/23/2025,2025-01-23,W,6.17,F,N,,,E7D2D900B2D6153550541D7C40A5A4C3ADAC8A8607F8D40F4C5B6161856FE5EE,IS,01,No,,,,,01,Dry,,,,,,,,
Injury Crashes,CC026000H8,Hyattsville Police Department,Angle,Prince George's,Major Collector,No,No,No,No,No,BELCREST RD (SB/L),5678,COUNTY ROAD,No,True,No,1/7/2025,No,Point,38.969906197,-76.954000384,HYATTSVILLE,01,16,02,Yes,10,04,10:29,2025,Tuesday,12,Motor Vehicle In Transport,05,On Roadway,5,Perpendicular,,,TOLEDO RD,03,05,Intersection or Related,01,Daylight,1/7/2025,2025-01-07,N,0,F,N,,,D86EA3A8CBBEC4F8AED86E182C3AED9B4428FDDC6FA27724CC86E960FCDD358F,CO,01,No,12,Motor Vehicle In Transport,05,On Roadway,06,Slush,01,Signalized,,,,,,
Injury Crashes,MSP7875002R,Maryland State Police,Single Vehicle,Prince George's,Interstate,No,No,No,No,No,CAPITAL BELTWAY,95,INTERSTATE ROUTE,No,True,No,3/22/2025,No,Point,39.018528881,-76.918948465,MSP,101,16,02,No,1,,01:48,2025,Saturday,05,Jackknife,05,On Roadway,1,,,,,,06,Non-Junction,04,Dark - Not Lighted,3/22/2025,2025-03-22,N,50.2,F,N,,,8C7F10C506CD924DFA1B483BB03608D9DA93621906C803A5750749DAFB7991BE,IS,01,No,,,,,01,Dry,,,,,,,,
Property Damage Crashes,DA3641009R,Prince George's County Police,Front to Rear,Prince George's,Local,No,Yes,No,No,No,CHEROKEE ST,785,COUNTY ROAD,No,True,No,3/10/2025,No,Point,39.006059036,-76.964615518,PGCOPD,03,16,03,No,7,,07:50,2025,Monday,12,Motor Vehicle In Transport,05,On Roadway,7,,,,,,09,Through Roadway,01,Daylight,3/10/2025,2025-03-10,N,33.46,F,N,,,5F412D8F44ED176D8AB405482B849098B868B4553AA3C105B3B9E79E5C50D688,CO,02,"Yes, School Bus Directly Involved",,,,,01,Dry,,,,,,,,
Property Damage Crashes,DA4350002P,Prince George's County Police,Front to Rear,Prince George's,,No,No,No,No,No,,386,SPUR,No,True,No,1/24/2025,No,Point,38.815541343,-76.963122808,PGCOPD,03,16,03,Yes,14,,14:38,2025,Friday,12,Motor Vehicle In Transport,05,On Roadway,,,,,,,01,Acceleration/Deceleration Lane,01,Daylight,1/24/2025,2025-01-24,E,5.97,F,N,,,4A875A10517412F1684797A7406D647965F262512C69025311DFCB5B2447B46F,SP,01,No,,,,,01,Dry,,,,,,,,
Property Damage Crashes,CE4115003F,Laurel Police Department,Angle,Prince George's,Major Collector,No,No,No,No,No,FOURTH ST,9040,MUNICIPAL ROAD,No,True,No,4/9/2025,No,Point,39.097562230,-76.856132073,LAUREL,01,16,03,Yes,11,04,11:17,2025,Wednesday,12,Motor Vehicle In Transport,05,On Roadway,5,Perpendicular,,,MONTROSE AVE,03,05,Intersection or Related,01,Daylight,4/9/2025,2025-04-09,E,0,F,N,,,96E20A9CEF08015524663B9EB26F0A7C3D3884600CC67F3F16C50B15BCCEBE3B,MU,01,No,,,,,01,Dry,02,Stop - All Way,,,,,,
Injury Crashes,DA44280008,Prince George's County Police,Front to Front,Prince George's,Local,No,No,No,No,No,NASH ST,233,COUNTY ROAD,No,True,No,1/22/2025,No,Point,38.907553272,-76.924596518,PGCOPD,02,16,02,No,7,,07:00,2025,Wednesday,12,Motor Vehicle In Transport,05,On Roadway,7,,,,,,09,Through Roadway,01,Daylight,1/22/2025,2025-01-22,N,43.57,F,N,,,641CE8CAF5223AC22356EA7D5256E62C034925F5205BC5607A0AC4536368839C,CO,01,No,,,,,02,Ice/Frost,,,,,,,,
Property Damage Crashes,DA4038007W,Prince George's County Police,Front to Front,Prince George's,Minor Arterial,No,No,No,No,No,OLD BRANCH AVE,3675,COUNTY ROAD,No,True,No,4/18/2025,No,Point,38.765545451,-76.898216507,PGCOPD,02,16,03,Yes,11,,11:22,2025,Friday,12,Motor Vehicle In Transport,05,On Roadway,4,,,,,,02,Crossover-Related,01,Daylight,4/18/2025,2025-04-18,S,12.79,F,N,,,3F6A48C16400E6B3275DB8CD6F8BB85614BD2EF2F30D82A3E29D2F6D70115D0A,CO,01,No,,,,,01,Dry,,,,,,,,