Crash Severity Description,Reportnumber,Agencyname,CollisionImpact Description,Crash County Description,FunctionalClass Description,ImpairedCrash,Large Vehicle Involved,Motorcycle Crash,Non-Motorist Crash,OffRoad,RoadName,Route Number,RouteType Description,Unrestrained Occupants,WithinDateRange,Work Zone Related,Crashdate,Work Zone Crash,CrashPoint,Latitude,Longitude,AgencyCode,CollisionImpact,Crash County,Crash Severity,Crash Within Interchange,Crashhour,CrashInterchangeApproaches,Crashtime,CrashYear,Dayofweek,FirstHarmEvent,FirstHarmEvent Description,FirstHarmLocation,FirstHarmLocation Description,FunctionalClass,Geometry Description,GovPropertyDamage,GovPropertyDamage Description,IntersectingRoadName,Intersection Geometry,JunctionRelated,JunctionRelated Description,Light,Light Description,LOD Crash Date,LOD Date Level,MilepointDirection,MilepointDistance,MilepointUnits,NonTrafficFatal,OffroadLocation,OffroadLocation Description,RoadID,RouteType,SchoolBusRelated,SchoolBusRelated Description,SecondHarmEvent,SecondHarmEvent Description,SecondHarmLocation,SecondHarmLocation Description,Surface,Surface Description,TrafficControl,Trafficcontrol Description,WZLawEnforcementPresent,WZLocation,WZLocation Description,WZType,WZType Description,WZWorkersPresent
Injury Crashes,DA4414000X,Prince George's County Police,Single Vehicle,Prince George's,,No,No,No,Yes,Yes,,,,No,True,No,5/23/2025,No,Point,38.723601143,-77.003312158,PGCOPD,101,16,02,,9,,09:04,2025,Friday,17,Pedestrian,02,In Parking Lane Or Zone,,,,,,,,,01,Daylight,5/23/2025,2025-05-23,,,F,N,102,Parking Lot Way,,,01,No,,,,,,,,,,,,,,
Injury Crashes,DA3911001S,Prince George's County Police,Angle,Prince George's,Principal Arterial – Other,No,No,No,No,No,PENNSYLVANIA AVE,4,MARYLAND ROUTE,No,True,No,4/23/2025,No,Point,38.864892414,-76.924900025,PGCOPD,01,16,02,Yes,17,,17:13,2025,Wednesday,12,Motor Vehicle In Transport,05,On Roadway,3,,,,,,99,Unknown,01,Daylight,4/23/2025,2025-04-23,N,57.55,F,N,,,0D080291BBB039E477C6721D92DD3B7F06AD5E56256C4C1FC48DEDEFFE82715F,MD,01,No,40,Tree (standing),05,On Roadway,01,Dry,,,,,,,,
Property Damage Crashes,MSP617100NR,Maryland State Police,Single Vehicle,Prince George's,Principal Arterial – Other Freeways and Expressways,No,No,No,No,No,JOHN HANSON HWY (WB/L),50,UNITED STATE ROUTE,No,True,No,4/7/2025,No,Point,38.916875,-76.921985,MSP,101,16,03,No,12,,12:03,2025,Monday,32,Guardrail Face,03,Median,2,,101,State,,,06,Non-Junction,01,Daylight,4/7/2025,2025-04-07,S,18.57,F,N,,,0AAEA5FF3DCD19DFAD2B16B63C80C335789FAE155E774282BD522A0F26B5EEF5,US,01,No,,,,,09,Wet,,,,,,,,
Property Damage Crashes,DA4421000L,Prince George's County Police,Front to Rear,Prince George's,,No,No,No,No,No,,363,PRIVATE ROAD,No,True,No,1/27/2025,No,Point,38.817355148,-76.965160315,PGCOPD,03,16,03,No,8,,08:19,2025,Monday,12,Motor Vehicle In Transport,02,In Parking Lane Or Zone,,,,,,,03,Driveway Access or Related,01,Daylight,1/27/2025,2025-01-27,S,274.05,F,N,,,E8540DE205D7DEDEDDAFD436B64BD0CE3704B0FE3BE8380380D15F08B9E1F9BB,PV,01,No,,,,,01,Dry,,,,,,,,
Property Damage Crashes,DA4407000T,Prince George's County Police,"Sideswipe, Same Direction",Prince George's,Minor Arterial,No,Yes,No,No,No,RITCHIE RD,87,COUNTY ROAD,No,True,No,3/14/2025,No,Point,38.858143014,-76.871776851,PGCOPD,07,16,03,Yes,7,02,07:50,2025,Friday,12,Motor Vehicle In Transport,05,On Roadway,4,Perpendicular,,,PUTNAM LA,03,05,Intersection or Related,01,Daylight,3/14/2025,2025-03-14,W,0,F,N,,,25A4F30A26575360FB2B4FC5C245EEB8B71DE8314A2D301DE331F4BB3995D134,CO,01,No,,,,,01,Dry,05,No Controls,,,,,,
Property Damage Crashes,DA3728009S,Prince George's County Police,Front to Front,Prince George's,Major Collector,No,No,No,No,No,SURRATTS RD,130,COUNTY ROAD,No,True,No,4/4/2025,No,Point,38.742172309,-76.868623519,PGCOPD,02,16,03,No,9,,09:12,2025,Friday,12,Motor Vehicle In Transport,05,On Roadway,5,,,,,,09,Through Roadway,01,Daylight,4/4/2025,2025-04-04,N,11.95,F,N,,,A025F23DDB7ED529B5D551DF3D9C91A7A285E64E233D6C3F75CA65B0FFD7417F,CO,01,No,,,,,09,Wet,,,,,,,,
Property Damage Crashes,MSP745800T0,Maryland State Police,Front to Rear,Prince George's,Interstate,No,No,No,No,No,CAPITAL BELTWAY (SB/L),95,INTERSTATE ROUTE,No,True,No,5/13/2025,No,Point,38.809526710,-76.966535520,MSP,03,16,03,No,10,,10:28,2025,Tuesday,12,Motor Vehicle In Transport,05,On Roadway,1,,,,,,01,Acceleration/Deceleration Lane,01,Daylight,5/13/2025,2025-05-13,W,10.98,F,N,,,78E746D50F5A61923EB4CDD0AD992EBD5BA91E8C55828D63D81F27AAE8C9813A,IS,01,No,,,,,09,Wet,,,,,,,,
Injury Crashes,MSP647600H0,Maryland State Police,Front to Rear,Prince George's,Principal Arterial – Other,No,No,No,No,No,BRANCH AVE (SB/L),5,MARYLAND ROUTE,No,True,No,2/15/2025,No,Point,38.751806075,-76.879509905,MSP,03,16,02,No,18,,18:25,2025,Saturday,12,Motor Vehicle In Transport,05,On Roadway,3,,,,,,09,Through Roadway,03,Dark - Lighted,2/15/2025,2025-02-15,S,50.27,F,N,,,FE051AF2399130ABE9AFEAD439F8BA685FA743538FC60C68AD34E2F035962C78,MD,01,No,,,,,09,Wet,,,,,,,,
Property Damage Crashes,MSP7770007C,Maryland State Police,Single Vehicle,Prince George's,,Yes,No,No,No,No,,5,MARYLAND ROUTE,No,True,No,4/4/2025,No,Point,38.676948743,-76.875357035,MSP,101,16,03,No,22,,22:19,2025,Friday,07,Overturn/Rollover,05,On Roadway,,,101,State,,,06,Non-Junction,03,Dark - Lighted,4/4/2025,2025-04-04,N,51.96,F,N,,,424A98986D353EF1FD028FF8A5BEED2529079F42E13686B394713F46BC3DCF22,MD,01,No,07,Overturn/Rollover,09,Roadside,01,Dry,,,,,,,,
Property Damage Crashes,DA4306005B,Prince George's County Police,"Sideswipe, Same Direction",Prince George's,Local,No,No,No,No,No,DRYLOG ST,516,COUNTY ROAD,No,True,No,4/12/2025,No,Point,38.897925766,-76.887731265,PGCOPD,07,16,03,No,4,,04:27,2025,Saturday,12,Motor Vehicle In Transport,05,On Roadway,7,,,,,,06,Non-Junction,03,Dark - Lighted,4/12/2025,2025-04-12,S,6.99,F,N,,,F65F31BE1BC330DA42EE69F8F3454E22A3D67B8B6DD27A8F0872CECD945C07CE,CO,01,No,,,,,09,Wet,,,,,,,,
Property Damage Crashes,AM0393001G,Bladensburg Police Department,Front to Rear,Prince George's,,No,No,No,No,Yes,,,,No,True,No,4/21/2025,No,Point,38.939503874,-76.935141374,BLADENSBURG,03,16,03,,10,,10:43,2025,Monday,12,Motor Vehicle In Transport,02,In Parking Lane Or Zone,,,,,,,,,01,Daylight,4/21/2025,2025-04-21,,,F,N,101,Parking Aisle,,,01,No,,,,,,,,,,,,,,
Property Damage Crashes,DA3875008T,Prince George's County Police,Single Vehicle,Prince George's,,No,No,No,No,Yes,,,,No,True,No,3/12/2025,No,Point,38.698552746,-76.868258249,PGCOPD,101,16,03,,6,,06:43,2025,Wednesday,30,Fence,07,"On Shoulder, Right Side",,,,,,,,,03,Dark - Lighted,3/12/2025,2025-03-12,,,F,N,102,Parking Lot Way,,,01,No,30,Fence,07,"On Shoulder, Right Side",,,,,,,,,,
Property Damage Crashes,DA4116002Q,Prince George's County Police,Front to Rear,Prince George's,Local,No,No,No,No,No,61ST AVE #1,611,MUNICIPAL ROAD,No,True,No,5/13/2025,No,Point,38.898015994,-76.913080588,PGCOPD,03,16,03,No,8,,08:00,2025,Tuesday,12,Motor Vehicle In Transport,05,On Roadway,7,,,,,,06,Non-Junction,01,Daylight,5/13/2025,2025-05-13,S,20.99,F,N,,,68174F1FBDC820D4E99433D8247F8E9129C5AF5C9CD96CF1DFD213E3ACCC11B8,MU,01,No,,,,,09,Wet,,,,,,,,
Property Damage Crashes,DA4183006Z,Prince George's County Police,Front to Rear,Prince George's,Principal Arterial – Other,No,No,No,No,No,ST BARNABAS RD,414,MARYLAND ROUTE,No,True,No,6/1/2025,No,Point,38.805696134,-76.973763694,PGCOPD,03,16,03,No,19,,19:55,2025,Sunday,12,Motor Vehicle In Transport,05,On Roadway,3,,,,,,06,Non-Junction,101,Dusk,6/1/2025,2025-06-01,E,27.31,F,N,,,406406C16FD73DDD20F1116782067FB63AB91A9D90D8193A45B7FD792B013BD4,MD,01,No,,,,,01,Dry,,,,,,,,
Property Damage Crashes,BW0216000F,Greenbelt Police Department,"Sideswipe, Same Direction",Prince George's,,No,No,No,No,Yes,,,,No,True,No,5/10/2025,No,Point,39.002609689,-76.897931623,GREENBELT,07,16,03,,13,,13:23,2025,Saturday,12,Motor Vehicle In Transport,02,In Parking Lane Or Zone,,,,,,,,,01,Daylight,5/10/2025,2025-05-10,,,F,N,101,Parking Aisle,,,01,No,,,,,,,,,,,,,,
Property Damage Crashes,DA418100FB,Prince George's County Police,Front to Rear,Prince George's,Minor Arterial,No,No,No,No,No,CHERRY HILL RD,14,COUNTY ROAD,No,True,No,1/15/2025,No,Point,39.016603702,-76.932146115,PGCOPD,03,16,03,No,17,,17:55,2025,Wednesday,12,Motor Vehicle In Transport,05,On Roadway,4,,,,,,09,Through Roadway,03,Dark - Lighted,1/15/2025,2025-01-15,N,14.36,F,N,,,109E179509F8A854F6FB2A5673AFFC0501A7EE5FD84D3D8B86CC60C110E90A54,CO,01,No,,,,,01,Dry,,,,,,,,
Property Damage Crashes,DA36000089,Prince George's County Police,Other,Prince George's,,No,No,No,No,No,WESBOURNE DR,3358,LOCAL ROAD,No,True,No,3/1/2025,No,Point,38.866257855,-76.840702679,PGCOPD,98,16,03,No,20,,20:55,2025,Saturday,12,Motor Vehicle In Transport,05,On Roadway,,,,,,,06,Non-Junction,03,Dark - Lighted,3/1/2025,2025-03-01,E,13.38,F,N,,,FC121F918121E9B911C3CE75748FB5B486EB4584FE20A4423FF8651438B71356,LL,01,No,,,,,01,Dry,,,,,,,,
Property Damage Crashes,MSP766400BP,Maryland State Police,"Sideswipe, Same Direction",Prince George's,Interstate,No,No,No,No,No,CAPITAL BELTWAY,95,INTERSTATE ROUTE,No,True,No,5/7/2025,No,Point,38.805960234,-76.991147310,MSP,07,16,03,No,10,,10:52,2025,Wednesday,12,Motor Vehicle In Transport,05,On Roadway,1,,,,,,09,Through Roadway,01,Daylight,5/7/2025,2025-05-07,E,48.27,F,N,,,E9679C457E74ECAAC533750BF2E5D015A08A2BD66E33A984B09E6ABDDA3934F1,IS,01,No,,,,,01,Dry,,,,,,,,
Property Damage Crashes,DA43480024,Prince George's County Police,Front to Rear,Prince George's,Major Collector,No,No,No,No,No,SARGENT RD,5778,COUNTY ROAD,No,True,No,3/28/2025,No,Point,38.966882842,-76.983433837,PGCOPD,03,16,03,No,20,,20:25,2025,Friday,12,Motor Vehicle In Transport,05,On Roadway,5,,,,,,06,Non-Junction,03,Dark - Lighted,3/28/2025,2025-03-28,N,15.79,F,N,,,F00613451EA55EEFC233A32A892425445DE68B2E9204267C76AF38758F83E968,CO,01,No,12,Motor Vehicle In Transport,05,On Roadway,01,Dry,,,,,,,,
Property Damage Crashes,MSP653400WW,Maryland State Police,Front to Rear,Prince George's,Interstate,No,No,No,No,No,CAPITAL BELTWAY (SB/L),95,INTERSTATE ROUTE,No,True,No,4/22/2025,No,Point,38.937909078,-76.855671343,MSP,03,16,03,Yes,8,,08:52,2025,Tuesday,12,Motor Vehicle In Transport,05,On Roadway,1,,,,,,09,Through Roadway,01,Daylight,4/22/2025,2025-04-22,N,24.32,F,N,,,066B3DEBF1077808C138AACB60CFD400442026772FD65671D17CC64A77D78870,IS,01,No,12,Motor Vehicle In Transport,05,On Roadway,01,Dry,,,,,,,,
Property Damage Crashes,DA26640006,Prince George's County Police,Front to Rear,Prince George's,,No,No,No,No,Yes,,,,No,True,No,5/18/2025,No,Point,38.945239262,-76.737569729,PGCOPD,03,16,03,,11,,11:13,2025,Sunday,15,Parked Vehicle,02,In Parking Lane Or Zone,,,,,,,,,01,Daylight,5/18/2025,2025-05-18,,,F,N,100,Parking Stall,,,01,No,,,,,,,,,,,,,,
Injury Crashes,DA4416000D,Prince George's County Police,Single Vehicle,Prince George's,,No,No,No,Yes,Yes,,,,No,True,No,2/21/2025,No,Point,38.870177718,-76.850928224,PGCOPD,101,16,02,,8,,08:30,2025,Friday,17,Pedestrian,02,In Parking Lane Or Zone,,,,,,,,,01,Daylight,2/21/2025,2025-02-21,,,F,N,101,Parking Aisle,,,01,No,12,Motor Vehicle In Transport,02,In Parking Lane Or Zone,,,,,,,,,,
Property Damage Crashes,AM0367002V,Bladensburg Police Department,"Sideswipe, Same Direction",Prince George's,Principal Arterial – Other Freeways and Expressways,No,No,No,No,No,RAMP 5 FR RAMP 8 (FR MD 295) TO MD 450,295,RAMP,No,True,No,1/14/2025,No,Point,38.939774026,-76.915203714,BLADENSBURG,07,16,03,No,9,,09:30,2025,Tuesday,12,Motor Vehicle In Transport,05,On Roadway,2,,,,RAMP 8 FR MD 295 SB TO MD 450 WB,,06,Non-Junction,01,Daylight,1/14/2025,2025-01-14,S,14.47,F,N,,,49A3BA950BD9C7733AB7E1F3C27FFDCDD4EB7D83AD880707554B55312CC4C9CA,RP,01,No,,,,,01,Dry,,,,,,,,
Property Damage Crashes,MSP718600JH,Maryland State Police,Front to Rear,Prince George's,Principal Arterial – Other,No,No,No,No,No,CRAIN HWY,301,UNITED STATE ROUTE,No,True,No,3/2/2025,No,Point,38.715394226,-76.849016677,MSP,03,16,03,No,14,,14:47,2025,Sunday,12,Motor Vehicle In Transport,05,On Roadway,3,,,,,,09,Through Roadway,01,Daylight,3/2/2025,2025-03-02,S,20.19,F,N,,,B19338830429F40A760412538937DFD85586431F49777585CCE94D1C17725867,US,01,No,,,,,01,Dry,,,,,,,,
Property Damage Crashes,DA4423000P,Prince George's County Police,Front to Front,Prince George's,,Yes,No,No,No,Yes,,,,No,True,No,1/24/2025,No,Point,38.874232797,-76.892100672,PGCOPD,02,16,03,,23,,23:18,2025,Friday,15,Parked Vehicle,04,"Off-Roadway, Location Unknown",,,,,,,,,03,Dark - Lighted,1/24/2025,2025-01-24,,,F,N,102,Parking Lot Way,,,01,No,,,,,,,,,,,,,,
Injury Crashes,DA4164005G,Prince George's County Police,Angle,Prince George's,Major Collector,No,No,No,No,No,OWENS RD,112,COUNTY ROAD,No,True,No,4/5/2025,No,Point,38.817064897,-76.969250237,PGCOPD,01,16,02,No,14,,14:15,2025,Saturday,12,Motor Vehicle In Transport,05,On Roadway,5,,,,,,09,Through Roadway,01,Daylight,4/5/2025,2025-04-05,S,18.54,F,N,,,603D82608B738ACC25D7496040CFEAAEA60944A826531103F752E6ADF878D915,CO,01,No,,,,,01,Dry,,,,,,,,
Property Damage Crashes,MSP745800RB,Maryland State Police,Front to Rear,Prince George's,Principal Arterial – Other Freeways and Expressways,No,No,No,No,No,SUITLAND PKWY (WB/L),119,GOVERNMENT ROAD,No,True,No,3/28/2025,No,Point,38.830618333,-76.873646667,MSP,03,16,03,No,17,,17:35,2025,Friday,12,Motor Vehicle In Transport,05,On Roadway,2,,,,,,01,Acceleration/Deceleration Lane,01,Daylight,3/28/2025,2025-03-28,N,21.58,F,N,,,5C8A8CA38D3106DC0242DBC9B989CDDDBBFFD3FE571CB2AC3EFCCD861E1F85D1,GV,01,No,,,,,01,Dry,,,,,,,,
Property Damage Crashes,CBPD0112005H,Bowie Police Department,Single Vehicle,Prince George's,,No,No,No,No,Yes,,,,No,True,No,4/24/2025,No,Point,38.952481583,-76.697495171,BOWIE,101,16,03,,8,,08:52,2025,Thursday,07,Overturn/Rollover,02,In Parking Lane Or Zone,,,,,,,,,01,Daylight,4/24/2025,2025-04-24,,,F,N,106,Driveway,,,01,No,,,,,,,,,,,,,,
Injury Crashes,DA415600DK,Prince George's County Police,Single Vehicle,Prince George's,Minor Arterial,No,No,No,Yes,No,SUITLAND RD,218,MARYLAND ROUTE,No,True,No,6/1/2025,No,Point,38.848770921,-76.924819900,PGCOPD,101,16,02,Yes,11,,11:00,2025,Sunday,17,Pedestrian,05,On Roadway,4,,,,,,09,Through Roadway,01,Daylight,6/1/2025,2025-06-01,N,33.82,F,N,,,DE49C32A32DB3A5C2673D90008306560C4AB277785D77ACA5B301246E6D1CB0E,MD,01,No,,,,,01,Dry,,,,,,,,
Property Damage Crashes,MSP744700LX,Maryland State Police,"Sideswipe, Opposite Direction",Prince George's,,No,No,No,No,No,HALSTED AVE,2534,LOCAL ROAD,No,True,No,1/13/2025,No,Point,38.877522546,-76.899717106,MSP,06,16,03,No,2,,02:22,2025,Monday,12,Motor Vehicle In Transport,05,On Roadway,,,,,,,06,Non-Junction,04,Dark - Not Lighted,1/13/2025,2025-01-13,E,18.54,F,N,,,39F7EB82D8D50662D9034BE2B0D7EA4CA19C0650F723B3BA70F9353661930D88,LL,01,No,,,,,01,Dry,,,,,,,,
Injury Crashes,RD0112008C,Riverdale Park Police Department,Other,Prince George's,,Yes,No,No,No,Yes,,,,No,True,No,3/14/2025,No,Point,38.9553445,-76.9224458,RIVERDALE,98,16,02,,21,,21:29,2025,Friday,12,Motor Vehicle In Transport,02,In Parking Lane Or Zone,,,,,,,,,04,Dark - Not Lighted,3/14/2025,2025-03-14,,,F,N,102,Parking Lot Way,,,01,No,,,,,,,,,,,,,,
Property Damage Crashes,MSP617100P9,Maryland State Police,Front to Rear,Prince George's,Interstate,No,Yes,No,No,No,CAPITAL BELTWAY,95,INTERSTATE ROUTE,No,True,No,5/25/2025,No,Point,38.988538333,-76.88293,MSP,03,16,03,No,10,,10:30,2025,Sunday,12,Motor Vehicle In Transport,05,On Roadway,1,,,,,,06,Non-Junction,01,Daylight,5/25/2025,2025-05-25,S,50.92,F,N,,,20FA4A264F4141B1D8DC7CBC04A60D89EB5ABFA13E0E06322BCA0F0F153EBF0D,IS,01,No,,,,,01,Dry,,,,,,,,
Property Damage Crashes,DA419600DT,Prince George's County Police,Front to Rear,Prince George's,Principal Arterial – Other,No,No,No,No,No,BRANCH AVE,5,MARYLAND ROUTE,No,True,No,5/23/2025,No,Point,38.839559691,-76.946307734,PGCOPD,03,16,03,No,15,,15:05,2025,Friday,12,Motor Vehicle In Transport,05,On Roadway,3,,,,SILVER HILL RD,,99,Unknown,01,Daylight,5/23/2025,2025-05-23,S,52.34,F,N,,,8C572EFE519C84BBC1FB5A30CAB4A13BC4543A12EB0CC7BF1B86756FDDF835AE,MD,01,No,,,,,01,Dry,,,,,,,,
Injury Crashes,MSP7843003J,Maryland State Police,Front to Rear,Prince George's,Interstate,No,No,No,No,No,JOHN HANSON HWY (WB/L),595,INTERSTATE ROUTE,No,True,No,5/17/2025,No,Point,38.946466767,-76.847432114,MSP,03,16,02,No,15,,15:24,2025,Saturday,12,Motor Vehicle In Transport,05,On Roadway,1,,,,,,06,Non-Junction,01,Daylight,5/17/2025,2025-05-17,E,34.4,F,N,,,555CAD502CF5909FEDCD8A92F03ECEE64F353AD64A23D12831E57C103F8CF6D6,IS,01,No,,,,,01,Dry,,,,,,,,
Injury Crashes,DA27410017,Prince George's County Police,Single Vehicle,Prince George's,,No,No,No,Yes,No,ALAKING CT,2598,LOCAL ROAD,No,True,No,1/20/2025,No,Point,38.870185041,-76.848710258,PGCOPD,101,16,02,No,16,,16:47,2025,Monday,17,Pedestrian,05,On Roadway,,,,,,,10,"Other Location Not Listed Above Within an Interchange Area (median,
shoulder and roadside)",101,Dusk,1/20/2025,2025-01-20,E,47,F,N,,,94427EDFDE9FC2544A252AABACFFA79CCFFC833C03780C49CECB7154C9A5A753,LL,01,No,12,Motor Vehicle In Transport,99,Unknown,01,Dry,,,,,,,,
Property Damage Crashes,DA4057008H,Prince George's County Police,Other,Prince George's,Local,No,No,No,No,No,BRAESIDE DR,3122,COUNTY ROAD,No,True,No,1/25/2025,No,Point,38.951341096,-76.853427133,PGCOPD,98,16,03,No,15,,15:00,2025,Saturday,15,Parked Vehicle,05,On Roadway,7,,,,KEEWATIN RD,,06,Non-Junction,01,Daylight,1/25/2025,2025-01-25,S,18.9,F,N,,,C2C96CB47A2A2F54DE444EBF164C1E0F789A532AD439BDCB12BE585F2898B238,CO,01,No,15,Parked Vehicle,05,On Roadway,01,Dry,,,,,,,,
Property Damage Crashes,DA3120005F,Prince George's County Police,Front to Rear,Prince George's,Local,No,No,No,No,No,KAYLA CT,6146,COUNTY ROAD,Yes,True,No,2/2/2025,No,Point,38.694627945,-76.899718723,PGCOPD,03,16,03,No,22,,22:35,2025,Sunday,15,Parked Vehicle,04,"Off-Roadway, Location Unknown",7,,,,,,09,Through Roadway,05,Dark - Unknown Lighting,2/2/2025,2025-02-02,E,35.73,F,N,,,F1907AD0FD9B9EE128651B6F25439BA7F980FE8C446C4F8C134A5FB683107743,CO,01,No,,,,,01,Dry,,,,,,,,
Property Damage Crashes,DA4050006S,Prince George's County Police,Front to Rear,Prince George's,Minor Arterial,No,No,No,No,No,CHERRY HILL RD,14,COUNTY ROAD,No,True,No,2/15/2025,No,Point,39.014516080,-76.928067442,PGCOPD,03,16,03,No,18,,18:30,2025,Saturday,12,Motor Vehicle In Transport,05,On Roadway,4,,,,,,09,Through Roadway,03,Dark - Lighted,2/15/2025,2025-02-15,N,14.19,F,N,,,031C63A93A55098A030D486EC80720E7C51C9166C406724905AD4CFD6D39EBCE,CO,01,No,,,,,01,Dry,,,,,,,,
Property Damage Crashes,DA4395001J,Prince George's County Police,"Sideswipe, Same Direction",Prince George's,Minor Arterial,No,No,No,No,No,RIGGS RD (SB/L),212,MARYLAND ROUTE,No,True,Yes,1/25/2025,Yes,Point,38.984970265,-76.978063452,PGCOPD,07,16,03,No,18,,18:49,2025,Saturday,12,Motor Vehicle In Transport,05,On Roadway,4,,,,,,02,Crossover-Related,03,Dark - Lighted,1/25/2025,2025-01-25,W,21.79,F,N,,,8ABCD2B70BB0317D0208525C393AB21E46D51F65AF2D9FE83C3A9780D50778AD,MD,01,No,,,,,01,Dry,,,Y,04,Activity Area,03,Work on Shoulder or Median,Yes
Property Damage Crashes,MSP77850044,Maryland State Police,Front to Rear,Prince George's,Principal Arterial – Other,No,No,No,No,No,CRAIN HWY,301,UNITED STATE ROUTE,No,True,No,1/1/2025,No,Point,38.680665394,-76.873966872,MSP,03,16,03,No,12,,12:28,2025,Wednesday,12,Motor Vehicle In Transport,05,On Roadway,3,,,,,,06,Non-Junction,01,Daylight,1/1/2025,2025-01-01,N,39.77,F,N,,,DBC7242DDCF135E01C4EBF7E23C3DA6502B85FC6134FD2A90E634FFFA3575946,US,01,No,,,,,01,Dry,,,,,,,,
Property Damage Crashes,DA4403000K,Prince George's County Police,Angle,Prince George's,Principal Arterial – Other Freeways and Expressways,No,No,No,No,No,RAMP 5 FR MD 414 SB TO RAMP 4 (TO MD 5),5,RAMP,No,True,No,5/8/2025,No,Point,38.831081046,-76.941130269,PGCOPD,01,16,03,Yes,17,04,17:52,2025,Thursday,12,Motor Vehicle In Transport,05,On Roadway,2,Perpendicular,,,28TH AVE ST BARNABAS RD (WB/L),03,05,Intersection or Related,01,Daylight,5/8/2025,2025-05-08,N,0,F,N,,,F2434992453AF7C16367FB400477D55830EF6465C95C2A1E1D3384A90ED6EB7F,RP,01,No,,,,,01,Dry,01,Signalized,,,,,,
Property Damage Crashes,DA4316004M,Prince George's County Police,"Sideswipe, Same Direction",Prince George's,Minor Arterial,No,No,No,No,No,EDMONSTON RD,38,COUNTY ROAD,No,True,No,1/13/2025,No,Point,39.031432143,-76.899620100,PGCOPD,07,16,03,Yes,17,04,17:25,2025,Monday,12,Motor Vehicle In Transport,05,On Roadway,4,Perpendicular,,,EDMONSTON AVE EDMONSTON AVE (SB/L) POWDER MILL RD,03,05,Intersection or Related,101,Dusk,1/13/2025,2025-01-13,W,0,F,N,,,63D5EE125DAD9B55AC2AA51DAC9E43F89753D23D51D5B89ADB14BC6877E39D46,CO,01,No,12,Motor Vehicle In Transport,05,On Roadway,01,Dry,02,Stop - All Way,,,,,,
Property Damage Crashes,DA33970055,Prince George's County Police,Single Vehicle,Prince George's,Minor Arterial,No,No,No,No,No,,223,MARYLAND ROUTE,No,True,No,6/1/2025,No,Point,38.766624124,-76.891369243,PGCOPD,101,16,03,No,3,,03:05,2025,Sunday,27,Curb,09,Roadside,4,,,,,,06,Non-Junction,03,Dark - Lighted,6/1/2025,2025-06-01,E,13.19,F,N,,,1F0F84926C51BF60F1982A6EBA6180188E4FD7E5FABA63EB9D4414F23F6D8B52,MD,01,No,,,,,01,Dry,,,,,,,,
Property Damage Crashes,DA43810029,Prince George's County Police,Front to Rear,Prince George's,Local,No,No,No,No,No,GALLATIN ST,882,COUNTY ROAD,Yes,True,No,1/14/2025,No,Point,38.950809078,-76.924026249,PGCOPD,03,16,03,No,21,,21:45,2025,Tuesday,12,Motor Vehicle In Transport,05,On Roadway,7,,,,,,06,Non-Junction,03,Dark - Lighted,1/14/2025,2025-01-14,E,10.81,F,N,,,7458FAC020AAF576589C6973A9CFD8CA9A134064E10ECD1CA72C5CEEC3ABDF51,CO,01,No,,,,,01,Dry,,,,,,,,
Property Damage Crashes,MSP7776004H,Maryland State Police,Front to Rear,Prince George's,Principal Arterial – Other,Yes,No,No,No,No,BALTIMORE AVE,1,UNITED STATE ROUTE,No,True,No,1/17/2025,No,Point,39.028663548,-76.916313304,MSP,03,16,03,Yes,18,03,18:28,2025,Friday,12,Motor Vehicle In Transport,05,On Roadway,3,Angled/Skewed,,,MONTGOMERY RD,01,05,Intersection or Related,03,Dark - Lighted,1/17/2025,2025-01-17,N,0,F,N,,,04EBBA31D7CC82AA7E0F4219F836DB0C203D423B5AC4D2613A11CFAACA39AACA,US,01,No,,,,,01,Dry,01,Signalized,,,,,,
Injury Crashes,MSP7664009H,Maryland State Police,Single Vehicle,Prince George's,Principal Arterial – Other,No,No,No,No,No,RAMP 7 FR MD 4 WB TO US 301 SB,301,RAMP,No,True,No,3/16/2025,No,Point,38.814336016,-76.739287972,MSP,101,16,02,No,10,,10:23,2025,Sunday,28,Ditch,09,Roadside,3,,100,Local,,,04,Entrance/Exit Ramp or Related,01,Daylight,3/16/2025,2025-03-16,S,17.45,F,N,,,92234DFFDB13692EC2DFB92FB2038A4A918EE8FE52CD80081458ACF418EA240B,RP,01,No,40,Tree (standing),09,Roadside,01,Dry,,,,,,,,
Property Damage Crashes,DA3447004C,Prince George's County Police,Front to Rear,Prince George's,,No,No,No,No,No,,4820,OTHER PUBLIC ROAD,No,True,No,3/3/2025,No,Point,39.090389651,-76.898019397,PGCOPD,03,16,03,No,15,03,15:05,2025,Monday,12,Motor Vehicle In Transport,05,On Roadway,,Perpendicular,,,FROST PL,03,05,Intersection or Related,01,Daylight,3/3/2025,2025-03-03,E,0,F,N,,,7D3FF8AE84F91943911FABB084073D9FA139F6EC8C37F09DD3C856D3E7366C26,OP,01,No,,,,,01,Dry,05,No Controls,,,,,,
Property Damage Crashes,MSP6859008R,Maryland State Police,Single Vehicle,Prince George's,Interstate,No,No,No,No,No,CAPITAL BELTWAY (SB/L),95,INTERSTATE ROUTE,No,True,No,4/22/2025,No,Point,38.819951667,-76.925896667,MSP,101,16,03,No,19,,19:00,2025,Tuesday,32,Guardrail Face,06,"On Shoulder, Left Side",1,,101,State,,,06,Non-Junction,01,Daylight,4/22/2025,2025-04-22,W,37.11,F,N,,,C3D86741877AEACB2A986270EF3A3DFB87F65DE8A19868BEB71A7704F09F379D,IS,01,No,,,,,01,Dry,,,,,,,,