Crash Severity Description,Reportnumber,Agencyname,CollisionImpact Description,Crash County Description,FunctionalClass Description,ImpairedCrash,Large Vehicle Involved,Motorcycle Crash,Non-Motorist Crash,OffRoad,RoadName,Route Number,RouteType Description,Unrestrained Occupants,WithinDateRange,Work Zone Related,Crashdate,Work Zone Crash,CrashPoint,Latitude,Longitude,AgencyCode,CollisionImpact,Crash County,Crash Severity,Crash Within Interchange,Crashhour,CrashInterchangeApproaches,Crashtime,CrashYear,Dayofweek,FirstHarmEvent,FirstHarmEvent Description,FirstHarmLocation,FirstHarmLocation Description,FunctionalClass,Geometry Description,GovPropertyDamage,GovPropertyDamage Description,IntersectingRoadName,Intersection Geometry,JunctionRelated,JunctionRelated Description,Light,Light Description,LOD Crash Date,LOD Date Level,MilepointDirection,MilepointDistance,MilepointUnits,NonTrafficFatal,OffroadLocation,OffroadLocation Description,RoadID,RouteType,SchoolBusRelated,SchoolBusRelated Description,SecondHarmEvent,SecondHarmEvent Description,SecondHarmLocation,SecondHarmLocation Description,Surface,Surface Description,TrafficControl,Trafficcontrol Description,WZLawEnforcementPresent,WZLocation,WZLocation Description,WZType,WZType Description,WZWorkersPresent
Property Damage Crashes,DA345600DW,Prince George's County Police,"Sideswipe, Same Direction",Prince George's,Principal Arterial – Other,No,No,No,No,No,NEW HAMPSHIRE AVE,650,MARYLAND ROUTE,No,True,No,2/8/2025,No,Point,38.993099837,-76.986500185,PGCOPD,07,16,03,No,23,,23:44,2025,Saturday,12,Motor Vehicle In Transport,05,On Roadway,3,,,,,,06,Non-Junction,03,Dark - Lighted,2/8/2025,2025-02-08,S,7.85,F,N,,,76CEDA046A72B06C7E464D373686C20C51693202E1414681348EA8C211756A56,MD,01,No,,,,,09,Wet,,,,,,,,
Property Damage Crashes,DA4243009H,Prince George's County Police,Front to Rear,Prince George's,Local,No,No,No,No,No,ROBERT LEWIS AVE,5225,COUNTY ROAD,No,True,No,1/25/2025,No,Point,38.867943453,-76.785188389,PGCOPD,03,16,03,No,1,,01:18,2025,Saturday,15,Parked Vehicle,05,On Roadway,7,,,,,,09,Through Roadway,03,Dark - Lighted,1/25/2025,2025-01-25,W,258.72,F,N,,,E6334C41004C64A5918FBA5BA14205713399E0E73909C0C75536A2539B65596D,CO,01,No,,,,,01,Dry,,,,,,,,
Property Damage Crashes,DA3706005D,Prince George's County Police,Front to Front,Prince George's,Minor Arterial,No,No,No,No,No,LANHAM SEVERN RD,564,MARYLAND ROUTE,No,True,No,3/11/2025,No,Point,38.973360120,-76.844642960,PGCOPD,02,16,03,Yes,12,04,12:30,2025,Tuesday,12,Motor Vehicle In Transport,05,On Roadway,4,Perpendicular,,,SEABROOK RD,03,05,Intersection or Related,01,Daylight,3/11/2025,2025-03-11,W,0,F,N,,,3758F8F4E5E402363779DF21A13AFE743E61122722023D717D9C9C2BBB327A90,MD,01,No,,,,,01,Dry,03,Stop - Partial,,,,,,
Property Damage Crashes,CE5039003G,Laurel Police Department,Front to Rear,Prince George's,Minor Collector,No,No,No,No,No,MAIN ST,230,MUNICIPAL ROAD,No,True,No,3/1/2025,No,Point,39.104272274,-76.844138163,LAUREL,03,16,03,No,23,,23:30,2025,Saturday,12,Motor Vehicle In Transport,05,On Roadway,6,,,,,,06,Non-Junction,03,Dark - Lighted,3/1/2025,2025-03-01,S,17.42,F,N,,,00FC512D433A5CC35CAB0F7B7CDF715B1CCEC628320281E62A0250698048D87F,MU,01,No,,,,,01,Dry,,,,,,,,
Property Damage Crashes,DA419600D2,Prince George's County Police,Front to Rear,Prince George's,Principal Arterial – Other,No,No,No,No,No,BRANCH AVE (SB/L),5,MARYLAND ROUTE,No,True,No,2/14/2025,No,Point,38.841001748,-76.947808251,PGCOPD,03,16,03,No,14,,14:21,2025,Friday,12,Motor Vehicle In Transport,05,On Roadway,3,,,,,,99,Unknown,01,Daylight,2/14/2025,2025-02-14,S,31.67,F,N,,,23F86683320448C5A1F519F94F1F58DC8E4C779133AC7B436E9A5FBD13498A78,MD,01,No,,,,,01,Dry,,,,,,,,
Property Damage Crashes,DA44200015,Prince George's County Police,Front to Rear,Prince George's,Local,No,No,No,No,No,HOWARD RD,1921,COUNTY ROAD,No,True,No,4/24/2025,No,Point,39.038176719,-76.921873507,PGCOPD,03,16,03,No,13,,13:10,2025,Thursday,12,Motor Vehicle In Transport,05,On Roadway,7,,,,,,06,Non-Junction,01,Daylight,4/24/2025,2025-04-24,W,42.85,F,N,,,45B517F73CAD2D4CD40746FC26D85BB8EC05A8442619A6E56BD99CBBA3E9FF70,CO,01,No,,,,,01,Dry,,,,,,,,
Property Damage Crashes,DA4399000X,Prince George's County Police,"Sideswipe, Same Direction",Prince George's,Minor Arterial,No,No,No,No,No,ADELPHI RD,232,COUNTY ROAD,No,True,No,2/23/2025,No,Point,38.996036999,-76.961633357,PGCOPD,07,16,03,No,19,,19:45,2025,Sunday,12,Motor Vehicle In Transport,05,On Roadway,4,,,,,,06,Non-Junction,03,Dark - Lighted,2/23/2025,2025-02-23,E,9.5,F,N,,,F512AA5B6B2FF655620079F6C3DB06701B4E3D89DA630687189CC3C24397FDE1,CO,01,No,,,,,01,Dry,,,,,,,,
Property Damage Crashes,DA42780073,Prince George's County Police,Other,Prince George's,Principal Arterial – Other,No,No,No,No,No,GREENBELT RD,193,MARYLAND ROUTE,No,True,No,4/16/2025,No,Point,38.990805474,-76.836029309,PGCOPD,98,16,03,No,16,04,16:17,2025,Wednesday,12,Motor Vehicle In Transport,05,On Roadway,3,Perpendicular,,,GOOD LUCK RD (WB/L),03,05,Intersection or Related,01,Daylight,4/16/2025,2025-04-16,S,0,F,N,,,BA628805A80514FF225FCD602411162833D4C7685E03FB06DB33CE88FD4FD1DE,MD,01,No,,,,,01,Dry,01,Signalized,,,,,,
Injury Crashes,DA44250005,Prince George's County Police,Other,Prince George's,,No,No,No,No,Yes,,,,Yes,True,No,1/18/2025,No,Point,38.866528240,-76.852453353,PGCOPD,98,16,02,,14,,14:15,2025,Saturday,12,Motor Vehicle In Transport,05,On Roadway,,,,,,,,,01,Daylight,1/18/2025,2025-01-18,,,F,N,102,Parking Lot Way,,,01,No,,,,,,,,,,,,,,
Property Damage Crashes,DA33720041,Prince George's County Police,"Sideswipe, Same Direction",Prince George's,Principal Arterial – Other Freeways and Expressways,No,No,No,No,No,INDIAN HEAD HWY,210,MARYLAND ROUTE,No,True,No,3/1/2025,No,Point,38.777232181,-76.996644321,PGCOPD,07,16,03,No,13,,13:55,2025,Saturday,12,Motor Vehicle In Transport,05,On Roadway,2,,,,,,06,Non-Junction,01,Daylight,3/1/2025,2025-03-01,N,45.08,F,N,,,6E0D7A623B039AB4EEE35DF13BE9F95F0B7DB368E33EE298923B69A296CA9DFA,MD,01,No,,,,,01,Dry,,,,,,,,
Injury Crashes,DA3139000C,Prince George's County Police,Single Vehicle,Prince George's,Major Collector,Yes,No,No,Yes,No,FORT WASHINGTON RD,416,COUNTY ROAD,No,True,No,4/18/2025,No,Point,38.742664052,-76.992079867,PGCOPD,101,16,02,No,3,,03:13,2025,Friday,14,Other Non-Motorist,05,On Roadway,5,,100,Local,INDIAN HEAD HWY (SB/L),,01,Acceleration/Deceleration Lane,03,Dark - Lighted,4/18/2025,2025-04-18,E,52.6,F,N,,,FD33581B3301BCEF052F7557830E9F68FC251BA2C7290E42E219BDB2B8F32B7E,CO,01,No,14,Other Non-Motorist,06,"On Shoulder, Left Side",01,Dry,,,,,,,,
Property Damage Crashes,DA4386001W,Prince George's County Police,Angle,Prince George's,,No,No,No,No,No,,1679,COUNTY ROAD,No,True,No,4/11/2025,No,Point,38.843669489,-76.885042423,PGCOPD,01,16,03,Yes,21,04,21:44,2025,Friday,12,Motor Vehicle In Transport,05,On Roadway,,Perpendicular,,,PENNSYLVANIA AVE (SB/L),03,05,Intersection or Related,03,Dark - Lighted,4/11/2025,2025-04-11,S,0,F,N,,,118A77CBBC19611B622937647A019FE2643F8C857CDDD0F856CDE76A66315455,CO,01,No,,,,,09,Wet,01,Signalized,,,,,,
Property Damage Crashes,DA4425000B,Prince George's County Police,Front to Rear,Prince George's,Principal Arterial – Other,No,No,No,No,No,LANDOVER RD (SB/L),202,MARYLAND ROUTE,Yes,True,No,3/25/2025,No,Point,38.920020161,-76.863685597,PGCOPD,03,16,03,Unknown,7,,07:45,2025,Tuesday,12,Motor Vehicle In Transport,05,On Roadway,3,,,,,,99,Unknown,01,Daylight,3/25/2025,2025-03-25,E,14.63,F,N,,,75FC7130AFA8BF1711D5BAC045A411995208B601A1D1B66A4638D557242A2266,MD,01,No,,,,,01,Dry,,,,,,,,
Property Damage Crashes,DA392000CH,Prince George's County Police,"Sideswipe, Same Direction",Prince George's,Major Collector,No,Yes,No,No,No,57TH AVE,258,COUNTY ROAD,No,True,No,4/7/2025,No,Point,38.939294415,-76.918230447,PGCOPD,07,16,03,Yes,16,04,16:32,2025,Monday,12,Motor Vehicle In Transport,05,On Roadway,5,Perpendicular,,,57TH AVE,03,05,Intersection or Related,01,Daylight,4/7/2025,2025-04-07,N,0,F,N,,,B114886B0C94589D38525BFAD7B8B575138AFB5637EC548BFD1D45DD6118F6DE,CO,02,"Yes, School Bus Directly Involved",,,,,01,Dry,01,Signalized,,,,,,
Injury Crashes,DA4420001B,Prince George's County Police,Angle,Prince George's,Local,No,No,No,No,No,SWEITZER LA,4820,OTHER PUBLIC ROAD,No,True,No,5/2/2025,No,Point,39.088346900,-76.898641446,PGCOPD,01,16,02,No,8,,08:20,2025,Friday,12,Motor Vehicle In Transport,05,On Roadway,7,,,,,,06,Non-Junction,01,Daylight,5/2/2025,2025-05-02,E,17.42,F,N,,,240C08D4ED45195D73AD7FC9083A24D9AA1C4C783479E17CA7966FC8AD92D7B0,OP,01,No,,,,,01,Dry,,,,,,,,
Property Damage Crashes,DA3372004F,Prince George's County Police,Front to Rear,Prince George's,Principal Arterial – Other Freeways and Expressways,No,No,No,No,No,INDIAN HEAD HWY (SB/L),210,MARYLAND ROUTE,No,True,No,4/30/2025,No,Point,38.783471654,-76.998033278,PGCOPD,03,16,03,No,16,,16:08,2025,Wednesday,12,Motor Vehicle In Transport,05,On Roadway,2,,,,,,06,Non-Junction,01,Daylight,4/30/2025,2025-04-30,E,8.39,F,N,,,D05A9F2237466A403B32E4EC44C03B2258551D97258D2A51F4050939C2ADDB8C,MD,01,No,,,,,01,Dry,,,,,,,,
Injury Crashes,DA37060053,Prince George's County Police,Single Vehicle,Prince George's,Major Collector,No,No,No,No,No,HIGH BRIDGE RD,5068,COUNTY ROAD,No,True,No,2/16/2025,No,Point,38.978326720,-76.771689260,PGCOPD,101,16,02,No,20,,20:52,2025,Sunday,13,Other Non-Fixed Object,05,On Roadway,5,,,,,,09,Through Roadway,04,Dark - Not Lighted,2/16/2025,2025-02-16,S,1.5,F,N,,,20AF8620B1082FC0C68ABCA6003CC110B4B47F3996388EB9361F5CE5C64D58CF,CO,01,No,,,,,01,Dry,,,,,,,,
Property Damage Crashes,CBPD0114004N,Bowie Police Department,Front to Front,Prince George's,Minor Arterial,No,No,No,No,No,,197,MARYLAND ROUTE,No,True,No,2/2/2025,No,Point,38.978619810,-76.756006547,BOWIE,02,16,03,Yes,12,04,12:09,2025,Sunday,12,Motor Vehicle In Transport,05,On Roadway,4,Perpendicular,,,GRASON LA MADDOX LA,03,05,Intersection or Related,01,Daylight,2/2/2025,2025-02-02,S,0,F,N,,,93741ADCCC521C70632A34725FCCC497670D28AE259E87E727AC6B23B1E19EC5,MD,01,No,,,,,01,Dry,05,No Controls,,,,,,
Property Damage Crashes,DA4410000V,Prince George's County Police,Angle,Prince George's,Local,No,No,No,No,No,ERSKINE ST,450,COUNTY ROAD,No,True,No,2/22/2025,No,Point,38.979625466,-76.981941006,PGCOPD,01,16,03,No,19,,19:04,2025,Saturday,15,Parked Vehicle,02,In Parking Lane Or Zone,7,,,,,,06,Non-Junction,03,Dark - Lighted,2/22/2025,2025-02-22,S,18.73,F,N,,,96F2F55B2554E03199D00A7EC5D16481B2246945B739FE854D3DF21DA4305CED,CO,01,No,,,,,01,Dry,,,,,,,,
Property Damage Crashes,MSP78710035,Maryland State Police,Single Vehicle,Prince George's,Interstate,No,No,No,No,No,CAPITAL BELTWAY (SB/L),95,INTERSTATE ROUTE,No,True,No,3/26/2025,No,Point,39.017723968,-76.913698438,MSP,101,16,03,No,2,,02:48,2025,Wednesday,35,"Other Fixed Object (wall, building, tunnel, etc.)",06,"On Shoulder, Left Side",1,,101,State,,,09,Through Roadway,04,Dark - Not Lighted,3/26/2025,2025-03-26,W,35.06,F,N,,,00F4916DDA060013A982B6182D04E7C38CC1A512BFB7060509033E42E452986F,IS,01,No,,,,,01,Dry,,,,,,,,
Property Damage Crashes,MSP745800QY,Maryland State Police,"Sideswipe, Same Direction",Prince George's,Principal Arterial – Other,No,No,No,No,No,CENTRAL AVE,214,MARYLAND ROUTE,No,True,No,3/24/2025,No,Point,38.900129230,-76.792608890,MSP,07,16,03,No,10,,10:31,2025,Monday,12,Motor Vehicle In Transport,05,On Roadway,3,,,,,,01,Acceleration/Deceleration Lane,01,Daylight,3/24/2025,2025-03-24,W,17.69,F,N,,,FC8E6B5D5AEE015B06F30C03DFBC869506D11B0A85D6B479FDE7EA31B5EA9E9A,MD,01,No,,,,,09,Wet,,,,,,,,
Property Damage Crashes,DA41020088,Prince George's County Police,"Sideswipe, Opposite Direction",Prince George's,Local,No,No,No,No,No,68TH PL,1512,COUNTY ROAD,No,True,No,3/30/2025,No,Point,38.947430881,-76.901838324,PGCOPD,06,16,03,No,12,,12:46,2025,Sunday,12,Motor Vehicle In Transport,05,On Roadway,7,,,,,,09,Through Roadway,98,Other,3/30/2025,2025-03-30,W,95.26,F,N,,,6A9C47D78F1383CB282898758E5E770985BC44224B82D1518247D099AE24B7CD,CO,01,No,15,Parked Vehicle,05,On Roadway,01,Dry,,,,,,,,
Property Damage Crashes,MSP647600HX,Maryland State Police,"Sideswipe, Opposite Direction",Prince George's,Major Collector,No,No,No,No,No,CAMPUS WAY SOUTH (NB/L),4638,COUNTY ROAD,No,True,No,4/7/2025,No,Point,38.890838412,-76.824814341,MSP,06,16,03,Yes,15,04,15:58,2025,Monday,12,Motor Vehicle In Transport,05,On Roadway,5,Angled/Skewed,101,State,LARGO RD,01,05,Intersection or Related,01,Daylight,4/7/2025,2025-04-07,E,0,F,N,,,F8DE10E23D7E437C7830E199973C4084032427BE076C0EEF7B4DE8534612411E,CO,01,No,41,Utility Pole/Light Support,10,Separator/Traffic Island,09,Wet,01,Signalized,,,,,,
Property Damage Crashes,MSP743900LS,Maryland State Police,Front to Rear,Prince George's,Interstate,No,No,No,No,No,CAPITAL BELTWAY,95,INTERSTATE ROUTE,No,True,No,1/17/2025,No,Point,38.982067200,-76.877114023,MSP,03,16,03,No,7,,07:55,2025,Friday,12,Motor Vehicle In Transport,05,On Roadway,1,,,,,,09,Through Roadway,01,Daylight,1/17/2025,2025-01-17,N,69.53,F,N,,,9A32C52AD2E2A2727A0F7C2F3C5778654A545FE49E73913FA433D0BD91C2E936,IS,01,No,12,Motor Vehicle In Transport,05,On Roadway,01,Dry,,,,,,,,
Injury Crashes,DA4363000S,Prince George's County Police,Angle,Prince George's,Minor Arterial,No,No,No,No,No,ANNAPOLIS RD,450,MARYLAND ROUTE,No,True,No,3/7/2025,No,Point,38.961135809,-76.862497318,PGCOPD,01,16,02,No,23,,23:25,2025,Friday,12,Motor Vehicle In Transport,05,On Roadway,4,,,,,,09,Through Roadway,03,Dark - Lighted,3/7/2025,2025-03-07,N,126.43,F,N,,,3C39E8F2206CAFA225E9D36B7F2CB9E297B37AD08139DE4D9EA38027F9BD55B3,MD,01,No,12,Motor Vehicle In Transport,05,On Roadway,01,Dry,,,,,,,,
Property Damage Crashes,MSP766500BY,Maryland State Police,"Sideswipe, Same Direction",Prince George's,Interstate,No,No,No,No,No,CAPITAL BELTWAY,95,INTERSTATE ROUTE,No,True,No,4/29/2025,No,Point,38.98631,-76.880783333,MSP,07,16,03,No,17,,17:35,2025,Tuesday,12,Motor Vehicle In Transport,05,On Roadway,1,,,,,,06,Non-Junction,01,Daylight,4/29/2025,2025-04-29,W,40.4,F,N,,,74495B692B07B0E8239EE7E5A7627FD386A1362B7F976EC82C0693B2F40DF304,IS,01,No,12,Motor Vehicle In Transport,05,On Roadway,01,Dry,,,,,,,,
Property Damage Crashes,DA3001006L,Prince George's County Police,Front to Rear,Prince George's,Minor Arterial,No,No,No,No,No,POWDER MILL RD,212,MARYLAND ROUTE,No,True,No,5/6/2025,No,Point,39.028878871,-76.959633852,PGCOPD,03,16,03,No,21,,21:20,2025,Tuesday,12,Motor Vehicle In Transport,05,On Roadway,4,,,,,,06,Non-Junction,03,Dark - Lighted,5/6/2025,2025-05-06,E,29.78,F,N,,,640455867CCDB03C7A686B160A2AD910E9C267EF06F2B065068DB69AA39EDFA0,MD,01,No,12,Motor Vehicle In Transport,05,On Roadway,01,Dry,,,,,,,,
Property Damage Crashes,DA3377005F,Prince George's County Police,Front to Rear,Prince George's,Local,No,No,No,No,No,S SPRINGFIELD RD,817,COUNTY ROAD,No,True,No,4/9/2025,No,Point,38.685664460,-76.921552159,PGCOPD,03,16,03,Yes,23,04,23:56,2025,Wednesday,12,Motor Vehicle In Transport,05,On Roadway,7,Perpendicular,,,DANVILLE RD,03,05,Intersection or Related,03,Dark - Lighted,4/9/2025,2025-04-09,S,0,F,N,,,3B5AA9A1F74A396E2A2E594D561EEED716A18EF1BFD8ADD3CCD3E0F560A3DC47,CO,01,No,,,,,01,Dry,03,Stop - Partial,,,,,,
Property Damage Crashes,DA4278007D,Prince George's County Police,"Sideswipe, Same Direction",Prince George's,Local,No,No,Yes,No,No,DAWNWOOD DR,3177,COUNTY ROAD,No,True,No,5/1/2025,No,Point,38.977564029,-76.869487148,PGCOPD,07,16,03,No,17,,17:00,2025,Thursday,12,Motor Vehicle In Transport,05,On Roadway,7,,,,,,09,Through Roadway,01,Daylight,5/1/2025,2025-05-01,S,18.13,F,N,,,2F560D12B39529CB296CE53AE596C4B5A5FF955D5F7A92BEFBA17442DD966B8D,CO,01,No,,,,,01,Dry,,,,,,,,
Property Damage Crashes,DA3144003M,Prince George's County Police,Front to Rear,Prince George's,Minor Arterial,No,No,Yes,No,No,RIGGS RD (SB/L),212,MARYLAND ROUTE,No,True,No,4/27/2025,No,Point,39.002549474,-76.972045560,PGCOPD,03,16,03,No,19,,19:39,2025,Sunday,12,Motor Vehicle In Transport,05,On Roadway,4,,,,,,06,Non-Junction,01,Daylight,4/27/2025,2025-04-27,N,15.63,F,N,,,E255915D5B622A8E679853B157288EFCBF6887EC4B6D716A4D69FBDD558E43C2,MD,01,No,,,,,01,Dry,,,,,,,,
Injury Crashes,DA39980077,Prince George's County Police,Other,Prince George's,Local,No,No,No,No,No,CAPITAL LA,5261,COUNTY ROAD,No,True,No,4/14/2025,No,Point,38.892172791,-76.838251215,PGCOPD,98,16,02,Yes,18,,18:30,2025,Monday,12,Motor Vehicle In Transport,05,On Roadway,7,,,,HARRY S TRUMAN DR (SB/L),,99,Unknown,01,Daylight,4/14/2025,2025-04-14,E,16.03,F,N,,,5B76B8612DB5CF19B3F34B2EB4AF857524B7C4C7F2CA10F865F9765CAC9F96F1,CO,01,No,12,Motor Vehicle In Transport,05,On Roadway,01,Dry,,,,,,,,
Injury Crashes,DA33760023,Prince George's County Police,Single Vehicle,Prince George's,Major Collector,No,No,No,Yes,No,MERRIMAC DR (EB/L),668,COUNTY ROAD,No,True,No,2/24/2025,No,Point,38.992825107,-76.986518334,PGCOPD,101,16,02,Yes,21,02,21:45,2025,Monday,17,Pedestrian,99,Unknown,5,Angled/Skewed,,,NEW HAMPSHIRE AVE,01,05,Intersection or Related,03,Dark - Lighted,2/24/2025,2025-02-24,N,0,F,N,,,3946A8C9ADF6D27252C04C9A2E52035F24D7F16C61412F26C3151AB1686E96EA,CO,01,No,,,,,01,Dry,01,Signalized,,,,,,
Property Damage Crashes,DA3985004V,Prince George's County Police,Front to Front,Prince George's,Minor Arterial,No,No,No,No,No,PISCATAWAY RD,223,MARYLAND ROUTE,No,True,No,5/23/2025,No,Point,38.751976696,-76.927152325,PGCOPD,02,16,03,Yes,15,03,15:00,2025,Friday,12,Motor Vehicle In Transport,05,On Roadway,4,Perpendicular,,,STEED RD,03,05,Intersection or Related,01,Daylight,5/23/2025,2025-05-23,S,0,F,N,,,ABDD0D809C3A725BEE837BB0452CA58755E98E3E9F5A4C3E4668B92B91BEBE4E,MD,01,No,97,Not Applicable,,,01,Dry,01,Signalized,,,,,,
Property Damage Crashes,CBPD0119002L,Bowie Police Department,Angle,Prince George's,Minor Arterial,No,No,No,No,No,LAUREL BOWIE RD,197,MARYLAND ROUTE,No,True,No,5/1/2025,No,Point,38.986278421,-76.757643079,BOWIE,01,16,03,Yes,9,02,09:50,2025,Thursday,12,Motor Vehicle In Transport,05,On Roadway,4,Angled/Skewed,,,OLD CHAPEL RD,01,05,Intersection or Related,01,Daylight,5/1/2025,2025-05-01,S,0,F,N,,,C1DBCA6CFC185B5447A14235B97C7557A1F3DBB10447765B08D1815337CD0657,MD,01,No,,,,,01,Dry,03,Stop - Partial,,,,,,
Property Damage Crashes,MSP718600K5,Maryland State Police,Front to Rear,Prince George's,Principal Arterial – Other,No,No,No,No,No,CRAIN HWY,301,UNITED STATE ROUTE,No,True,No,4/1/2025,No,Point,38.694568333,-76.871893333,MSP,03,16,03,No,4,,04:31,2025,Tuesday,12,Motor Vehicle In Transport,09,Roadside,3,,,,,,01,Acceleration/Deceleration Lane,05,Dark - Unknown Lighting,4/1/2025,2025-04-01,S,19.41,F,N,,,E04E9E16CD95DB642DC5E3B9E0D61F90CBF58283F89C8D9F599A517C9DDDD788,US,01,No,,,,,01,Dry,,,,,,,,
Property Damage Crashes,DA364800CN,Prince George's County Police,Angle,Prince George's,Major Collector,No,No,No,No,No,MOUNT OAK RD (WB/L),66,COUNTY ROAD,No,True,No,5/30/2025,No,Point,38.925250894,-76.760737208,PGCOPD,01,16,03,Yes,17,04,17:50,2025,Friday,12,Motor Vehicle In Transport,05,On Roadway,5,Angled/Skewed,,,CHURCH RD (NB/L),01,05,Intersection or Related,01,Daylight,5/30/2025,2025-05-30,S,0,F,N,,,7F577E1077975361C5B7CDD93C59D8CD2C40CCA2AA824A9B52FE09DB3E433F9B,CO,01,No,,,,,01,Dry,01,Signalized,,,,,,
Property Damage Crashes,MSP78720024,Maryland State Police,Front to Rear,Prince George's,Principal Arterial – Other,No,No,No,No,No,CRAIN HWY,301,UNITED STATE ROUTE,No,True,No,2/14/2025,No,Point,38.912019596,-76.717241911,MSP,03,16,03,No,11,,11:32,2025,Friday,12,Motor Vehicle In Transport,05,On Roadway,3,,,,,,09,Through Roadway,01,Daylight,2/14/2025,2025-02-14,S,48.42,F,N,,,6159D6E1DC02B66B4F8BE30B0E9428FB2271FCA85956383811EFF3AAFDE136D5,US,01,No,,,,,01,Dry,,,,,,,,
Property Damage Crashes,MSP746700FR,Maryland State Police,Single Vehicle,Prince George's,Principal Arterial – Other,No,No,No,No,No,CRAIN HWY,301,UNITED STATE ROUTE,No,True,No,3/22/2025,No,Point,38.782590494,-76.796520601,MSP,101,16,03,No,5,,05:07,2025,Saturday,09,Animal (live),05,On Roadway,3,,,,,,09,Through Roadway,04,Dark - Not Lighted,3/22/2025,2025-03-22,S,50.55,F,N,,,5103CF6DD6CAF47AFF815835FB492B495D274AA7494E04B119F8EA8133F71967,US,01,No,,,,,01,Dry,,,,,,,,
Property Damage Crashes,DA3599005C,Prince George's County Police,Rear To Side,Prince George's,Local,No,Yes,No,No,No,LASTNER LA,300,MUNICIPAL ROAD,No,True,No,4/29/2025,No,Point,39.008327057,-76.888060823,PGCOPD,05,16,03,No,17,,17:54,2025,Tuesday,12,Motor Vehicle In Transport,05,On Roadway,7,,100,Local,,,06,Non-Junction,01,Daylight,4/29/2025,2025-04-29,S,7.52,F,N,,,3774794D225FB8B0C67DE9BC6889F1945B26DC30E3E7A49B4D6B6333FC0B525F,MU,02,"Yes, School Bus Directly Involved",,,,,01,Dry,,,,,,,,
Property Damage Crashes,MSP743900N5,Maryland State Police,Front to Rear,Prince George's,Principal Arterial – Other,No,No,No,No,No,BALTIMORE AVE,1,UNITED STATE ROUTE,No,True,No,4/26/2025,No,Point,39.072578942,-76.872409299,MSP,03,16,03,No,13,,13:34,2025,Saturday,12,Motor Vehicle In Transport,05,On Roadway,3,,,,,,09,Through Roadway,01,Daylight,4/26/2025,2025-04-26,N,157.36,F,N,,,BB9C87A3F7224EDC7E3ED51561B68C1D31312F9E105D9DF93F07A2D34B93136D,US,01,No,,,,,01,Dry,,,,,,,,
Injury Crashes,DA4431000G,Prince George's County Police,Front to Front,Prince George's,Local,No,No,No,No,No,CRESTON ST,1812,COUNTY ROAD,No,True,No,2/2/2025,No,Point,38.920983572,-76.930743496,PGCOPD,02,16,02,No,22,,22:00,2025,Sunday,12,Motor Vehicle In Transport,05,On Roadway,7,,,,KENILWORTH AVE RAMP 8 FR MD 201 SB TO MD 459 WB,,06,Non-Junction,04,Dark - Not Lighted,2/2/2025,2025-02-02,N,37.88,F,N,,,870A783D64748E83FDFEBC808345988ADA78DB345C06DEB58C714631C08FB5C1,CO,01,No,,,,,01,Dry,,,,,,,,
Injury Crashes,MSP7871001S,Maryland State Police,"Sideswipe, Same Direction",Prince George's,Interstate,No,Yes,No,No,No,CAPITAL BELTWAY (SB/L),95,INTERSTATE ROUTE,No,True,No,1/21/2025,No,Point,39.019712167,-76.932898333,MSP,07,16,02,No,13,,13:45,2025,Tuesday,12,Motor Vehicle In Transport,05,On Roadway,1,,,,,,09,Through Roadway,01,Daylight,1/21/2025,2025-01-21,N,42.37,F,N,,,AA7E13C075E2F59897F1F8E7D905EAA2C0DA71A7F217632423947EB62E8BE25C,IS,01,No,,,,,01,Dry,,,,,,,,
Property Damage Crashes,DA3952008M,Prince George's County Police,Angle,Prince George's,Minor Collector,No,No,No,No,No,PROSPECT HILL RD,56,COUNTY ROAD,No,True,No,4/25/2025,No,Point,38.982779437,-76.808359391,PGCOPD,01,16,03,No,17,,17:08,2025,Friday,12,Motor Vehicle In Transport,05,On Roadway,6,,,,,,06,Non-Junction,01,Daylight,4/25/2025,2025-04-25,W,11.23,F,N,,,C1CE1F1BE6B818D4AC829C9F43E6C7A9A8CB886416F1EA92BF4B28F4F8CE871A,CO,01,No,,,,,01,Dry,,,,,,,,
Injury Crashes,DA42760079,Prince George's County Police,Front to Rear,Prince George's,Local,No,No,No,No,No,KENILWORTH AVE,965,MARYLAND ROUTE,Yes,True,No,2/18/2025,No,Point,38.912573508,-76.934142976,PGCOPD,03,16,02,No,9,,09:00,2025,Tuesday,12,Motor Vehicle In Transport,05,On Roadway,7,,,,,,06,Non-Junction,01,Daylight,2/18/2025,2025-02-18,S,49.53,F,N,,,BA157D09FFE19EAD4E29C3B56B6FA6802B06709797C2AD8883DAD6BD686A2631,MD,01,No,,,,,01,Dry,,,,,,,,
Injury Crashes,DA4361001Z,Prince George's County Police,Angle,Prince George's,Minor Arterial,No,No,No,No,No,WHEELER RD,110,COUNTY ROAD,No,True,No,4/14/2025,No,Point,38.817246505,-76.964067937,PGCOPD,01,16,02,Yes,17,03,17:43,2025,Monday,12,Motor Vehicle In Transport,05,On Roadway,4,Angled/Skewed,,,OWENS RD,01,05,Intersection or Related,01,Daylight,4/14/2025,2025-04-14,S,0,F,N,,,9A4718679DB248BE1FC5FE133E64B1A04045127B1A807B7A6156B4F3B49351F1,CO,01,No,,,,,01,Dry,03,Stop - Partial,,,,,,