Crash Severity Description,Reportnumber,Agencyname,CollisionImpact Description,Crash County Description,FunctionalClass Description,ImpairedCrash,Large Vehicle Involved,Motorcycle Crash,Non-Motorist Crash,OffRoad,RoadName,Route Number,RouteType Description,Unrestrained Occupants,WithinDateRange,Work Zone Related,Crashdate,Work Zone Crash,CrashPoint,Latitude,Longitude,AgencyCode,CollisionImpact,Crash County,Crash Severity,Crash Within Interchange,Crashhour,CrashInterchangeApproaches,Crashtime,CrashYear,Dayofweek,FirstHarmEvent,FirstHarmEvent Description,FirstHarmLocation,FirstHarmLocation Description,FunctionalClass,Geometry Description,GovPropertyDamage,GovPropertyDamage Description,IntersectingRoadName,Intersection Geometry,JunctionRelated,JunctionRelated Description,Light,Light Description,LOD Crash Date,LOD Date Level,MilepointDirection,MilepointDistance,MilepointUnits,NonTrafficFatal,OffroadLocation,OffroadLocation Description,RoadID,RouteType,SchoolBusRelated,SchoolBusRelated Description,SecondHarmEvent,SecondHarmEvent Description,SecondHarmLocation,SecondHarmLocation Description,Surface,Surface Description,TrafficControl,Trafficcontrol Description,WZLawEnforcementPresent,WZLocation,WZLocation Description,WZType,WZType Description,WZWorkersPresent
Property Damage Crashes,DA333600G9,Prince George's County Police,"Sideswipe, Same Direction",Prince George's,Minor Arterial,No,Yes,No,No,No,BRANDYWINE RD,599,COUNTY ROAD,No,True,No,3/25/2025,No,Point,38.764729057,-76.897850237,PGCOPD,07,16,03,No,14,,14:10,2025,Tuesday,12,Motor Vehicle In Transport,05,On Roadway,4,,,,,,09,Through Roadway,01,Daylight,3/25/2025,2025-03-25,N,32.16,F,N,,,B8E5E4DDDE4AA5A53C715D3E28984FBC312020E256B3B0A8577DDF2BD1E912E8,CO,02,"Yes, School Bus Directly Involved",,,,,01,Dry,,,,,,,,
Property Damage Crashes,DA4074007S,Prince George's County Police,"Sideswipe, Same Direction",Prince George's,,Yes,No,No,No,No,,165,COUNTY ROAD,No,True,No,2/28/2025,No,Point,38.800230835,-76.980097657,PGCOPD,07,16,03,Yes,16,04,16:45,2025,Friday,12,Motor Vehicle In Transport,05,On Roadway,,Perpendicular,,,BOCK RD,03,05,Intersection or Related,01,Daylight,2/28/2025,2025-02-28,S,0,F,N,,,0F5BB0C29CBA63E9242E6280D3DF16D4EFCC95CAE5351E487063B117CC2FE287,CO,01,No,,,,,01,Dry,01,Signalized,,,,,,
Property Damage Crashes,DA4397000R,Prince George's County Police,Angle,Prince George's,Major Collector,No,No,No,No,No,BEECH RD,2606,COUNTY ROAD,No,True,No,2/16/2025,No,Point,38.828075758,-76.928540715,PGCOPD,01,16,03,No,21,04,21:30,2025,Sunday,12,Motor Vehicle In Transport,05,On Roadway,5,Perpendicular,,,BRANCH AVE (SB/L),03,05,Intersection or Related,03,Dark - Lighted,2/16/2025,2025-02-16,N,0,F,N,,,EB0D59904495433DAEF114B3EFFCFB0FCC66ABC276CC3D658B5347FF56282758,CO,01,No,,,,,01,Dry,01,Signalized,,,,,,
Property Damage Crashes,MSP726800HG,Maryland State Police,Single Vehicle,Prince George's,Interstate,No,No,No,No,No,CAPITAL BELTWAY (SB/L),95,INTERSTATE ROUTE,No,True,No,4/30/2025,No,Point,38.818577683,-76.899120267,MSP,101,16,03,No,15,,15:52,2025,Wednesday,32,Guardrail Face,07,"On Shoulder, Right Side",1,,,,,,06,Non-Junction,01,Daylight,4/30/2025,2025-04-30,S,47.39,F,N,,,96BB957F5C939AC205EAA1B41A512729054456263CDD6EC3D8913B3A98704EA7,IS,01,No,,,,,01,Dry,,,,,,,,
Property Damage Crashes,MSP7765008G,Maryland State Police,Front to Rear,Prince George's,Interstate,No,No,No,No,No,CAPITAL BELTWAY,95,INTERSTATE ROUTE,No,True,No,6/2/2025,No,Point,38.925836667,-76.853711667,MSP,03,16,03,No,23,,23:26,2025,Monday,12,Motor Vehicle In Transport,05,On Roadway,1,,,,,,09,Through Roadway,03,Dark - Lighted,6/2/2025,2025-06-02,S,33.42,F,N,,,CFB313A4D6C0F9CAAAAC951BEF02F02F96374AFCEDA01390138FF2698F46C841,IS,01,No,,,,,01,Dry,,,,,,,,
Property Damage Crashes,DJ0183001G,Seat Pleasant Police Department,Rear To Side,Prince George's,Interstate,No,No,No,No,No,RAMP 1 FR MD 214 WB TO RAMP 6 (IS 95 SB),95,RAMP,Yes,True,No,2/21/2025,No,Point,38.891354607,-76.849499806,SEATPLEASANT,05,16,03,Yes,22,03,22:30,2025,Friday,12,Motor Vehicle In Transport,05,On Roadway,1,Perpendicular,,,CENTRAL AVE,03,05,Intersection or Related,03,Dark - Lighted,2/21/2025,2025-02-21,N,0,F,N,,,A3CA3C753C9F63313D2F305B3F68D160F169571E496BD6B0B47B973FC6710BB8,RP,01,No,,,,,01,Dry,01,Signalized,,,,,,
Property Damage Crashes,MSP7664008Y,Maryland State Police,Single Vehicle,Prince George's,Principal Arterial – Other,No,No,No,No,No,CRAIN HWY,301,UNITED STATE ROUTE,No,True,No,2/11/2025,No,Point,38.708064931,-76.854022371,MSP,101,16,03,No,2,,02:58,2025,Tuesday,09,Animal (live),05,On Roadway,3,,,,,,09,Through Roadway,04,Dark - Not Lighted,2/11/2025,2025-02-11,N,26.63,F,N,,,A65573F7DA90DEA8E76807C32F1E3C81F70B7E0F3F7E82A25799B271E2E39FB9,US,01,No,,,,,01,Dry,,,,,,,,
Property Damage Crashes,CE4850008V,Laurel Police Department,"Sideswipe, Opposite Direction",Prince George's,Major Collector,No,No,No,No,No,FOURTH ST,9040,MUNICIPAL ROAD,No,True,No,6/1/2025,No,Point,39.100210424,-76.853137873,LAUREL,06,16,03,No,13,02,13:01,2025,Sunday,12,Motor Vehicle In Transport,05,On Roadway,5,Perpendicular,,,GORMAN AVE,03,05,Intersection or Related,01,Daylight,6/1/2025,2025-06-01,N,0,F,N,,,A8DB17A1031519AA40879A2B92E0AFF4DE2FCA20E679874C8440680F87C8748A,MU,01,No,,,,,01,Dry,01,Signalized,,,,,,
Injury Crashes,DA3597004H,Prince George's County Police,Front to Front,Prince George's,Minor Arterial,No,No,No,No,No,OLD BRANCH AVE,3675,COUNTY ROAD,No,True,No,4/25/2025,No,Point,38.782198988,-76.898927499,PGCOPD,02,16,02,Yes,23,04,23:57,2025,Friday,12,Motor Vehicle In Transport,05,On Roadway,4,Perpendicular,,,COVENTRY WAY COVENTRY WAY (EB/L),03,05,Intersection or Related,03,Dark - Lighted,4/25/2025,2025-04-25,E,0,F,N,,,0465A715D2FD1148872B400E8FD9DB642336816BFB9E7B79C8C9D6FE2656427B,CO,01,No,,,,,01,Dry,01,Signalized,,,,,,
Property Damage Crashes,DA4301003S,Prince George's County Police,Front to Front,Prince George's,,No,No,No,No,No,,416,COUNTY ROAD,No,True,No,3/18/2025,No,Point,38.739969503,-76.997817321,PGCOPD,02,16,03,No,18,,18:23,2025,Tuesday,12,Motor Vehicle In Transport,99,Unknown,,,,,,,06,Non-Junction,01,Daylight,3/18/2025,2025-03-18,N,896.2,F,N,,,FFF41F71421E2D435EEB7F75A4BB3074EB366A4CAA44AE4C20C8F79CD3B8FAF3,CO,01,No,,,,,01,Dry,,,,,,,,
Property Damage Crashes,AM03640022,Bladensburg Police Department,"Sideswipe, Same Direction",Prince George's,Principal Arterial – Other,No,No,No,No,No,,450,MARYLAND ROUTE,No,True,No,1/1/2025,No,Point,38.939465376,-76.928529610,BLADENSBURG,07,16,03,No,21,,21:20,2025,Wednesday,12,Motor Vehicle In Transport,05,On Roadway,3,,,,,,06,Non-Junction,03,Dark - Lighted,1/1/2025,2025-01-01,E,20.05,F,N,,,F904E14D476FD6A89AE0F71F69025E0896B1ACD26EABAE30DC3B69D6D4CB904A,MD,01,No,,,,,01,Dry,,,,,,,,
Injury Crashes,DA3304004S,Prince George's County Police,Front to Front,Prince George's,Principal Arterial – Other Freeways and Expressways,No,No,No,No,No,INDIAN HEAD HWY,210,MARYLAND ROUTE,No,True,No,4/30/2025,No,Point,38.725454516,-76.989865978,PGCOPD,02,16,02,No,15,,15:06,2025,Wednesday,12,Motor Vehicle In Transport,05,On Roadway,2,,,,LIVINGSTON RD,,06,Non-Junction,01,Daylight,4/30/2025,2025-04-30,N,19,F,N,,,87F6F0896AB43EDF716C6B8BBCC7BE81AA18A3BDC51816331A83A2217E1EA47D,MD,01,No,,,,,01,Dry,,,,,,,,
Property Damage Crashes,DA372600B0,Prince George's County Police,"Sideswipe, Same Direction",Prince George's,Minor Arterial,No,No,No,No,No,ANNAPOLIS RD,450,MARYLAND ROUTE,No,True,No,3/18/2025,No,Point,38.951595321,-76.885296787,PGCOPD,07,16,03,Yes,12,02,12:00,2025,Tuesday,12,Motor Vehicle In Transport,05,On Roadway,4,Perpendicular,,,VETERANS PKWY (WB/L),03,05,Intersection or Related,01,Daylight,3/18/2025,2025-03-18,E,0,F,N,,,7E8CD84A910CFB9DD42570AAF86A03585A58F11908DDF61C014294E1BA9C4F32,MD,01,No,,,,,01,Dry,01,Signalized,,,,,,
Property Damage Crashes,DA43350042,Prince George's County Police,Front to Rear,Prince George's,Local,No,No,No,No,No,SENATOR AVE,330,MUNICIPAL ROAD,Yes,True,No,3/21/2025,No,Point,38.8565778,-76.8813353,PGCOPD,03,16,03,No,2,,02:00,2025,Friday,12,Motor Vehicle In Transport,05,On Roadway,7,,,,,,06,Non-Junction,03,Dark - Lighted,3/21/2025,2025-03-21,S,16.65,F,N,,,B9F88FF6697F0A8D345E18A1B6A975551C015E2FE4D0EACA4E5C0D48740E6B13,MU,01,No,,,,,01,Dry,,,,,,,,
Property Damage Crashes,MSP7776005Y,Maryland State Police,Front to Rear,Prince George's,Principal Arterial – Other Freeways and Expressways,No,No,No,No,No,JOHN HANSON HWY (WB/L),50,UNITED STATE ROUTE,No,True,No,4/7/2025,No,Point,38.918268426,-76.929760861,MSP,03,16,03,No,5,,05:27,2025,Monday,12,Motor Vehicle In Transport,05,On Roadway,2,,,,,,06,Non-Junction,04,Dark - Not Lighted,4/7/2025,2025-04-07,W,43.36,F,N,,,D2FE25C0B9511A9A6D4E5875E4537D1EBDD43C4DF208C83D8EC7CCD89D831864,US,01,No,,,,,09,Wet,,,,,,,,
Property Damage Crashes,MSP78750043,Maryland State Police,"Sideswipe, Same Direction",Prince George's,Interstate,No,No,No,No,No,CAPITAL BELTWAY (SB/L),95,INTERSTATE ROUTE,No,True,No,5/7/2025,No,Point,38.933833455,-76.855029679,MSP,07,16,03,No,22,,22:01,2025,Wednesday,12,Motor Vehicle In Transport,05,On Roadway,1,,,,,,06,Non-Junction,03,Dark - Lighted,5/7/2025,2025-05-07,W,29.87,F,N,,,34E3BF68BF971A284BAD92BB829FE61616C9B53DE079F139218B9A6DFB7D7FE8,IS,01,No,,,,,01,Dry,,,,,,,,
Injury Crashes,MSP7839002X,Maryland State Police,Front to Rear,Prince George's,Interstate,No,No,No,No,No,RAMP 12 FR IS 295 SB TO MD 210 SB,95,RAMP,No,True,No,3/3/2025,No,Point,38.798485,-77.006446667,MSP,03,16,02,No,16,,16:48,2025,Monday,12,Motor Vehicle In Transport,05,On Roadway,1,,,,,,06,Non-Junction,01,Daylight,3/3/2025,2025-03-03,S,23.97,F,N,,,E8FACB4F1760ACABC24E8167ECC066122D92084C6275FBA2E156349A74D8CBA8,RP,01,No,,,,,01,Dry,,,,,,,,
Property Damage Crashes,DA404800GT,Prince George's County Police,Single Vehicle,Prince George's,,No,Yes,No,No,Yes,,,,No,True,No,2/24/2025,No,Point,38.785362733,-76.990388179,PGCOPD,101,16,03,,19,,19:20,2025,Monday,35,"Other Fixed Object (wall, building, tunnel, etc.)",08,Outside Road/Right-Of-Way,,,100,Local,,,,,03,Dark - Lighted,2/24/2025,2025-02-24,,,F,N,106,Driveway,,,01,No,,,,,,,,,,,,,,
Injury Crashes,DA309400BQ,Prince George's County Police,Front to Front,Prince George's,Minor Arterial,No,Yes,No,No,No,LANHAM SEVERN RD,564,MARYLAND ROUTE,No,True,No,2/19/2025,No,Point,38.965572646,-76.857576464,PGCOPD,02,16,02,No,7,,07:30,2025,Wednesday,12,Motor Vehicle In Transport,05,On Roadway,4,,,,,,06,Non-Junction,01,Daylight,2/19/2025,2025-02-19,N,23.85,F,N,,,1E16C3A65F629662E78245AAA157A5728B5558CEB54129E69EF7917A86E8DBE9,MD,01,No,,,,,01,Dry,,,,,,,,
Property Damage Crashes,DA345600F7,Prince George's County Police,Front to Rear,Prince George's,Major Collector,No,Yes,No,No,No,METZEROTT RD,230,COUNTY ROAD,No,True,No,3/13/2025,No,Point,39.002453835,-76.965250484,PGCOPD,03,16,03,No,11,,11:38,2025,Thursday,12,Motor Vehicle In Transport,05,On Roadway,5,,,,ADELPHI RD (NB/L),,06,Non-Junction,01,Daylight,3/13/2025,2025-03-13,S,12.1,F,N,,,07BD28C35A8FD0951C9AD6511FBA00502DB6933AE05EE3755049653C2CE47F59,CO,01,No,,,,,01,Dry,,,,,,,,
Property Damage Crashes,CE5294001J,Laurel Police Department,Single Vehicle,Prince George's,,No,No,No,No,Yes,,,,No,True,No,2/12/2025,No,Point,39.096925718,-76.851653748,LAUREL,101,16,03,,11,,11:37,2025,Wednesday,35,"Other Fixed Object (wall, building, tunnel, etc.)",02,In Parking Lane Or Zone,,,,,,,,,01,Daylight,2/12/2025,2025-02-12,,,F,N,100,Parking Stall,,,01,No,,,,,,,,,,,,,,
Property Damage Crashes,CC0271008B,Hyattsville Police Department,Angle,Prince George's,Major Collector,No,No,No,No,No,BELCREST RD,5678,COUNTY ROAD,No,True,No,3/31/2025,No,Point,38.965581259,-76.953924091,HYATTSVILLE,01,16,03,No,18,,18:34,2025,Monday,12,Motor Vehicle In Transport,05,On Roadway,5,,,,,,10,"Other Location Not Listed Above Within an Interchange Area (median,
shoulder and roadside)",01,Daylight,3/31/2025,2025-03-31,E,19.94,F,N,,,381DEF37D3EFDF306265CA4251EBF40FE1952834AB4E29B25BF1780F92E02790,CO,01,No,,,,,01,Dry,,,,,,,,
Injury Crashes,MSP617100NL,Maryland State Police,"Sideswipe, Same Direction",Prince George's,Interstate,No,No,No,No,No,CAPITAL BELTWAY (SB/L),95,INTERSTATE ROUTE,No,True,No,3/23/2025,No,Point,39.019385,-76.93144,MSP,07,16,02,No,18,,18:06,2025,Sunday,12,Motor Vehicle In Transport,05,On Roadway,1,,101,State,,,06,Non-Junction,01,Daylight,3/23/2025,2025-03-23,S,48.96,F,N,,,58E86E1896216C2F8589894B0B1204B49DDFE54FEF798ECE07205C3DBC3A7EE1,IS,01,No,32,Guardrail Face,03,Median,01,Dry,,,,,,,,
Property Damage Crashes,DA373600D1,Prince George's County Police,"Sideswipe, Same Direction",Prince George's,,No,No,No,No,No,,122,COUNTY ROAD,No,True,No,3/29/2025,No,Point,38.805728597,-76.973222240,PGCOPD,07,16,03,Yes,17,02,17:03,2025,Saturday,12,Motor Vehicle In Transport,05,On Roadway,,Perpendicular,,,,03,05,Intersection or Related,01,Daylight,3/29/2025,2025-03-29,S,0,F,N,,,BD9858D528267FC7EA263277E6F1FCB120A2418BAE25E1153066A81276C953F7,CO,01,No,,,,,01,Dry,01,Signalized,,,,,,
Injury Crashes,CE5357000L,Laurel Police Department,Front to Rear,Prince George's,,No,No,No,No,No,,2218,PRIVATE ROAD,No,True,No,2/27/2025,No,Point,39.092071986,-76.846314192,LAUREL,03,16,02,No,16,,16:45,2025,Thursday,12,Motor Vehicle In Transport,05,On Roadway,,,,,,,06,Non-Junction,01,Daylight,2/27/2025,2025-02-27,N,13.48,F,N,,,5A3A230E5630163E9160AC36EBDC011257B8C2D945ED6D893D3DBEC7CC31999B,PV,01,No,,,,,01,Dry,,,,,,,,
Property Damage Crashes,DA43200033,Prince George's County Police,Rear To Side,Prince George's,Local,No,No,No,No,No,SOUTHGATE DR,3136,COUNTY ROAD,No,True,No,5/2/2025,No,Point,38.805567988,-76.943672140,PGCOPD,05,16,03,Yes,5,04,05:50,2025,Friday,12,Motor Vehicle In Transport,05,On Roadway,7,Perpendicular,,,WALNUT ST,03,05,Intersection or Related,100,Dawn,5/2/2025,2025-05-02,N,0,F,N,,,41918C84692F5FDBFE1371BFDB500944A80217B3582E21E79CF196B4525CA54F,CO,01,No,,,,,01,Dry,03,Stop - Partial,,,,,,
Property Damage Crashes,MSP617100PJ,Maryland State Police,Front to Rear,Prince George's,Interstate,No,No,No,No,No,CAPITAL BELTWAY (SB/L),95,INTERSTATE ROUTE,No,True,No,5/29/2025,No,Point,38.97134,-76.869398333,MSP,03,16,03,No,13,,13:07,2025,Thursday,12,Motor Vehicle In Transport,05,On Roadway,1,,,,,,06,Non-Junction,01,Daylight,5/29/2025,2025-05-29,N,26.72,F,N,,,1EFE04B555B7369B722F01F1FF12096490AD366A1872D18B66E9B77DF3C6EF6C,IS,01,No,,,,,01,Dry,,,,,,,,
Property Damage Crashes,MSP78430039,Maryland State Police,Angle,Prince George's,Principal Arterial – Other,No,No,No,No,No,,1,UNITED STATE ROUTE,No,True,No,5/13/2025,No,Point,39.030324425,-76.913937050,MSP,01,16,03,No,15,,15:43,2025,Tuesday,12,Motor Vehicle In Transport,05,On Roadway,3,,,,,,03,Driveway Access or Related,01,Daylight,5/13/2025,2025-05-13,N,27.12,F,N,,,9F978614AB9058BFAFC2084CE827FAF54632DEF18CBA0B5F9AC301116BFC7804,US,01,No,,,,,09,Wet,,,,,,,,
Injury Crashes,CNC31790043,New Carrollton Police Department,Unknown,Prince George's,Minor Arterial,No,No,No,Yes,No,ANNAPOLIS RD,450,MARYLAND ROUTE,No,True,No,5/27/2025,No,Point,38.955634667,-76.872926159,NCPD,99,16,02,No,23,,23:10,2025,Tuesday,17,Pedestrian,05,On Roadway,4,,,,,,01,Acceleration/Deceleration Lane,03,Dark - Lighted,5/27/2025,2025-05-27,N,21.47,F,N,,,B8BA7E45F441411D31A75B3DAB485FB379E2303BFD46D762906EE876F4FC2084,MD,01,No,,,,,09,Wet,,,,,,,,
Property Damage Crashes,MSP757700L6,Maryland State Police,"Sideswipe, Same Direction",Prince George's,Interstate,No,Yes,No,No,No,CAPITAL BELTWAY (SB/L),95,INTERSTATE ROUTE,No,True,No,5/22/2025,No,Point,39.013861575,-76.907144142,MSP,07,16,03,No,18,,18:52,2025,Thursday,12,Motor Vehicle In Transport,05,On Roadway,1,,,,,,09,Through Roadway,01,Daylight,5/22/2025,2025-05-22,E,21.41,F,N,,,4C430EC414851AD442FFC6DA05CE3574C45ADD653093AE6127041CACC6D2F03B,IS,02,"Yes, School Bus Directly Involved",97,Not Applicable,,,01,Dry,,,,,,,,
Property Damage Crashes,MSP757800BS,Maryland State Police,"Sideswipe, Same Direction",Prince George's,Interstate,No,Yes,No,No,No,CAPITAL BELTWAY (WB/L),495,INTERSTATE ROUTE,No,True,No,3/17/2025,No,Point,39.018559453,-76.970686640,MSP,07,16,03,No,12,,12:55,2025,Monday,12,Motor Vehicle In Transport,05,On Roadway,1,,,,,,06,Non-Junction,01,Daylight,3/17/2025,2025-03-17,E,27.21,F,N,,,D0C054F702C2842647FEFDCDD4BD2648E83891D3BCDE154AE78DB32921C135BE,IS,01,No,,,,,01,Dry,,,,,,,,
Property Damage Crashes,MSP69310153,Maryland State Police,Single Vehicle,Prince George's,Interstate,No,No,No,No,No,CAPITAL BELTWAY,95,INTERSTATE ROUTE,No,True,No,5/21/2025,No,Point,38.858656667,-76.850773984,MSP,101,16,03,No,19,,19:37,2025,Wednesday,28,Ditch,09,Roadside,1,,,,,,06,Non-Junction,01,Daylight,5/21/2025,2025-05-21,W,51.24,F,N,,,5DC87FF9D10864C2876934944771127F76D5AED3384E24B1BEDAB8473C6EF45C,IS,01,No,,,,,09,Wet,,,,,,,,
Property Damage Crashes,MSP745800NL,Maryland State Police,Single Vehicle,Prince George's,Interstate,No,No,No,No,No,RAMP 4 FR IS 95 NB TO MD 202 EB,95,RAMP,No,True,No,1/1/2025,No,Point,38.914556667,-76.850441667,MSP,101,16,03,No,17,,17:07,2025,Wednesday,28,Ditch,09,Roadside,1,,,,,,01,Acceleration/Deceleration Lane,03,Dark - Lighted,1/1/2025,2025-01-01,N,45.19,F,N,,,622B444A0292B271FD6CCB50D312535CAE4FCAD6ECDB7E90F2C53A208A1113D9,RP,01,No,,,,,01,Dry,,,,,,,,
Property Damage Crashes,MSP768100B8,Maryland State Police,Single Vehicle,Prince George's,Minor Arterial,No,Yes,No,No,No,ANNAPOLIS RD,450,MARYLAND ROUTE,No,True,Yes,1/17/2025,Yes,Point,38.950810087,-76.885875987,MSP,101,16,03,No,14,,14:14,2025,Friday,25,Concrete Traffic Barrier,03,Median,4,,,,,,09,Through Roadway,01,Daylight,1/17/2025,2025-01-17,S,36.35,F,N,,,1877B4C3B28C4E150CC6AF9975DA670DBB69005E7B884EE4D6635AACA8D84B3B,MD,01,No,,,,,01,Dry,,,N,04,Activity Area,02,Lane Shift/Crossover,No
Property Damage Crashes,MSP7787005W,Maryland State Police,Front to Rear,Prince George's,Principal Arterial – Other Freeways and Expressways,No,Yes,No,No,No,JOHN HANSON HWY (WB/L),50,UNITED STATE ROUTE,No,True,No,3/21/2025,No,Point,38.918448317,-76.9302862,MSP,03,16,03,No,5,,05:26,2025,Friday,12,Motor Vehicle In Transport,05,On Roadway,2,,101,State,,,06,Non-Junction,04,Dark - Not Lighted,3/21/2025,2025-03-21,S,17.9,F,N,,,9096B2664E4B7CE157E069DB5D63835AD9D0E9D396595DE2157153547CFA8BF6,US,01,No,12,Motor Vehicle In Transport,05,On Roadway,01,Dry,,,,,,,,
Property Damage Crashes,MSP77700068,Maryland State Police,"Sideswipe, Same Direction",Prince George's,Principal Arterial – Other Freeways and Expressways,No,No,No,No,No,PENNSYLVANIA AVE,4,MARYLAND ROUTE,No,True,No,2/4/2025,No,Point,38.817674018,-76.837611548,MSP,07,16,03,No,5,,05:56,2025,Tuesday,15,Parked Vehicle,07,"On Shoulder, Right Side",2,,,,,,06,Non-Junction,03,Dark - Lighted,2/4/2025,2025-02-04,W,344.04,F,N,,,8FF8BC73E38FB5A9A66D605C6C3611311C5A92D7BC59B9891EF2E9AECA792A9C,MD,01,No,,,,,01,Dry,,,,,,,,
Property Damage Crashes,MSP6931014V,Maryland State Police,Front to Rear,Prince George's,Principal Arterial – Other,No,No,No,No,No,CRAIN HWY,301,UNITED STATE ROUTE,No,True,No,5/11/2025,No,Point,38.877571715,-76.720637948,MSP,03,16,03,No,17,,17:24,2025,Sunday,12,Motor Vehicle In Transport,05,On Roadway,3,,,,,,06,Non-Junction,01,Daylight,5/11/2025,2025-05-11,S,67.28,F,N,,,7DCB6BC6A535C9972893746139D9076E5BC4510C4DE5C6E26C10D264D33CA046,US,01,No,,,,,01,Dry,,,,,,,,
Property Damage Crashes,DA302000FG,Prince George's County Police,Angle,Prince George's,Local,No,Yes,No,No,No,POTOMAC AVE,1030,MUNICIPAL ROAD,No,True,No,3/13/2025,No,Point,38.9921098,-76.9253907,PGCOPD,01,16,03,No,11,,11:30,2025,Thursday,15,Parked Vehicle,05,On Roadway,7,,,,,,06,Non-Junction,01,Daylight,3/13/2025,2025-03-13,S,13.94,F,N,,,B66B4EB00BD49C08161C4B123469E01324ED8925F20F2A8C2C57333EAC3269F6,MU,01,No,,,,,01,Dry,,,,,,,,
Property Damage Crashes,DA37150096,Prince George's County Police,Other,Prince George's,Principal Arterial – Other,No,No,No,No,No,E CAPITOL ST (WB/L),214,MARYLAND ROUTE,Yes,True,No,5/30/2025,No,Point,38.886797308,-76.898340746,PGCOPD,98,16,03,No,18,,18:17,2025,Friday,12,Motor Vehicle In Transport,05,On Roadway,3,,,,,,06,Non-Junction,01,Daylight,5/30/2025,2025-05-30,W,62.38,F,N,,,F328D802262341C2B4D3020E867AC2377F2D30CB75A2BC1270D8A917D2CA2D87,MD,01,No,,,,,09,Wet,,,,,,,,
Property Damage Crashes,HB05280001,Maryland-National Capital Park Police Prince George's County,Single Vehicle,Prince George's,,No,No,No,No,Yes,,,,No,True,No,3/1/2025,No,Point,38.945281546,-76.943780447,PGPARK,101,16,03,,13,,13:24,2025,Saturday,23,Bridge Rail,04,"Off-Roadway, Location Unknown",,,,,,,,,01,Daylight,3/1/2025,2025-03-01,,,F,N,105,Dirt Road/Trail,,,01,No,23,Bridge Rail,04,"Off-Roadway, Location Unknown",,,,,,,,,,
Property Damage Crashes,DA27200077,Prince George's County Police,Front to Rear,Prince George's,,No,No,No,No,No,,123,COUNTY ROAD,No,True,No,3/16/2025,No,Point,38.793289807,-76.928648877,PGCOPD,03,16,03,No,21,04,21:30,2025,Sunday,12,Motor Vehicle In Transport,05,On Roadway,,Perpendicular,,,ALLENTOWN RD ALLENTOWN RD (SB/L),03,05,Intersection or Related,03,Dark - Lighted,3/16/2025,2025-03-16,E,0,F,N,,,1075F47224300DA6A560716EF8428B152E2E801231765B05DBD828A552748992,CO,01,No,,,,,01,Dry,02,Stop - All Way,,,,,,
Injury Crashes,DA393200H8,Prince George's County Police,Front to Front,Prince George's,Principal Arterial – Other,No,No,No,No,No,KENILWORTH AVE,201,MARYLAND ROUTE,Yes,True,No,3/1/2025,No,Point,38.921381782,-76.931379260,PGCOPD,02,16,02,No,19,,19:25,2025,Saturday,12,Motor Vehicle In Transport,05,On Roadway,3,,,,RAMP 8 FR MD 201 SB TO MD 459 WB,,02,Crossover-Related,04,Dark - Not Lighted,3/1/2025,2025-03-01,N,17.24,F,N,,,D159E03F3128886E4E8187155DBD746AFF64C11D9BFE4FD2BBA63D95DDC1BBE2,MD,01,No,,,,,01,Dry,,,,,,,,
Property Damage Crashes,DA389000S8,Prince George's County Police,"Sideswipe, Same Direction",Prince George's,,No,No,No,No,No,,604,SPUR,No,True,No,5/30/2025,No,Point,39.031053915,-76.899942965,PGCOPD,07,16,03,Yes,15,,15:30,2025,Friday,12,Motor Vehicle In Transport,05,On Roadway,,,,,EDMONSTON AVE EDMONSTON AVE (SB/L),,04,Entrance/Exit Ramp or Related,01,Daylight,5/30/2025,2025-05-30,S,41.92,F,N,,,F92C4FE1B90FF50B0F1FB678FBD849169365CA25F0D21A8B469CB95BB515FAC3,SP,01,No,,,,,01,Dry,,,,,,,,
Property Damage Crashes,DA416800CG,Prince George's County Police,"Sideswipe, Same Direction",Prince George's,Principal Arterial – Other,No,No,No,No,No,OXON HILL RD,414,MARYLAND ROUTE,No,True,No,5/10/2025,No,Point,38.804923078,-76.976682234,PGCOPD,07,16,03,No,20,,20:18,2025,Saturday,12,Motor Vehicle In Transport,05,On Roadway,3,,,,,,09,Through Roadway,03,Dark - Lighted,5/10/2025,2025-05-10,W,8.96,F,N,,,4987932D2490B42792BD5E8C3600769EF1E3EC02FA839B6B160F2BE2F898AB33,MD,01,No,,,,,01,Dry,,,,,,,,
Property Damage Crashes,MSP744700NP,Maryland State Police,Front to Rear,Prince George's,Principal Arterial – Other,No,No,No,No,No,CRAIN HWY,301,UNITED STATE ROUTE,No,True,No,4/9/2025,No,Point,38.878218333,-76.720445,MSP,03,16,03,No,6,,06:55,2025,Wednesday,12,Motor Vehicle In Transport,05,On Roadway,3,,,,,,06,Non-Junction,01,Daylight,4/9/2025,2025-04-09,S,27.95,F,N,,,102EBFCDEA38A5AAED562474D22BBBF0C075D66520BFFA663FDFCD7C3F480538,US,01,No,,,,,01,Dry,,,,,,,,