Crash Severity Description,Reportnumber,Agencyname,CollisionImpact Description,Crash County Description,FunctionalClass Description,ImpairedCrash,Large Vehicle Involved,Motorcycle Crash,Non-Motorist Crash,OffRoad,RoadName,Route Number,RouteType Description,Unrestrained Occupants,WithinDateRange,Work Zone Related,Crashdate,Work Zone Crash,CrashPoint,Latitude,Longitude,AgencyCode,CollisionImpact,Crash County,Crash Severity,Crash Within Interchange,Crashhour,CrashInterchangeApproaches,Crashtime,CrashYear,Dayofweek,FirstHarmEvent,FirstHarmEvent Description,FirstHarmLocation,FirstHarmLocation Description,FunctionalClass,Geometry Description,GovPropertyDamage,GovPropertyDamage Description,IntersectingRoadName,Intersection Geometry,JunctionRelated,JunctionRelated Description,Light,Light Description,LOD Crash Date,LOD Date Level,MilepointDirection,MilepointDistance,MilepointUnits,NonTrafficFatal,OffroadLocation,OffroadLocation Description,RoadID,RouteType,SchoolBusRelated,SchoolBusRelated Description,SecondHarmEvent,SecondHarmEvent Description,SecondHarmLocation,SecondHarmLocation Description,Surface,Surface Description,TrafficControl,Trafficcontrol Description,WZLawEnforcementPresent,WZLocation,WZLocation Description,WZType,WZType Description,WZWorkersPresent
Injury Crashes,MSP7770006R,Maryland State Police,Front to Rear,Prince George's,Principal Arterial – Other,No,No,No,No,No,LARGO RD,202,MARYLAND ROUTE,No,True,No,3/4/2025,No,Point,38.824743333,-76.749718333,MSP,03,16,02,No,8,,08:21,2025,Tuesday,12,Motor Vehicle In Transport,05,On Roadway,3,,,,,,06,Non-Junction,01,Daylight,3/4/2025,2025-03-04,N,37.03,F,N,,,D593D12AD12C8F0B7E7572F86BA5DE6D31772E75102D49D91F014C7F4F44F235,MD,01,No,,,,,01,Dry,,,,,,,,
Property Damage Crashes,MSP64950100,Maryland State Police,Single Vehicle,Prince George's,Interstate,No,No,No,No,No,RAMP 8 FR SUITLAND RD SB TO IS 95 WB,95,RAMP,No,True,No,1/14/2025,No,Point,38.820432176,-76.893201213,MSP,101,16,03,No,0,,00:58,2025,Tuesday,29,Embankment,09,Roadside,1,,,,,,01,Acceleration/Deceleration Lane,03,Dark - Lighted,1/14/2025,2025-01-14,E,183.02,F,N,,,0C4A149A72633A845394452C716AC9AAD70AC8AFC3B0F3E3FE47A84C524C4B45,RP,01,No,97,Not Applicable,,,01,Dry,,,,,,,,
Injury Crashes,CE4152008G,Laurel Police Department,Front to Front,Prince George's,Major Collector,No,No,No,No,No,VAN DUSEN RD,8,COUNTY ROAD,No,True,No,3/7/2025,No,Point,39.082284211,-76.887083764,LAUREL,02,16,02,No,21,,21:33,2025,Friday,12,Motor Vehicle In Transport,05,On Roadway,5,,,,,,06,Non-Junction,03,Dark - Lighted,3/7/2025,2025-03-07,E,151.92,F,N,,,39C41F8ECC6075A34C7E958D933A9305F8A05AC4C39A7D158E53298135161790,CO,01,No,,,,,01,Dry,,,,,,,,
Property Damage Crashes,MSP78430026,Maryland State Police,Front to Rear,Prince George's,Interstate,No,No,No,No,No,CAPITAL BELTWAY,95,INTERSTATE ROUTE,No,True,No,3/28/2025,No,Point,38.989912483,-76.884348371,MSP,03,16,03,No,17,,17:09,2025,Friday,12,Motor Vehicle In Transport,05,On Roadway,1,,,,,,06,Non-Junction,01,Daylight,3/28/2025,2025-03-28,N,30.09,F,N,,,93841ACD517DDC729C7D0854978DFB98FF2DFA4AE942B2C94C4BE2B44B772DFC,IS,01,No,,,,,09,Wet,,,,,,,,
Property Damage Crashes,BE01120003,District Heights Police Department,Unknown,Prince George's,,No,No,No,No,Yes,,,,No,True,No,2/10/2025,No,Point,38.856348774,-76.904511335,DISTHEIGHTS,99,16,03,,17,,17:30,2025,Monday,12,Motor Vehicle In Transport,04,"Off-Roadway, Location Unknown",,,,,,,,,01,Daylight,2/10/2025,2025-02-10,,,F,N,102,Parking Lot Way,,,01,No,,,,,,,,,,,,,,
Property Damage Crashes,DA4421001M,Prince George's County Police,Single Vehicle,Prince George's,,No,No,No,No,No,,131,COUNTY ROAD,No,True,No,3/30/2025,No,Point,38.775476830,-76.832780650,PGCOPD,101,16,03,No,2,,02:20,2025,Sunday,27,Curb,03,Median,,,,,,,09,Through Roadway,03,Dark - Lighted,3/30/2025,2025-03-30,S,5.78,F,N,,,A4642D49278EC759034266D20D58EC8779A5C2B15B4EE739D2B242707E04F907,CO,01,No,,,,,01,Dry,,,,,,,,
Property Damage Crashes,DA4424000M,Prince George's County Police,"Sideswipe, Same Direction",Prince George's,Minor Arterial,No,No,No,No,No,MARLBORO PIKE,3074,COUNTY ROAD,Yes,True,No,3/21/2025,No,Point,38.857570841,-76.905438136,PGCOPD,07,16,03,No,12,,12:00,2025,Friday,12,Motor Vehicle In Transport,05,On Roadway,4,,,,,,09,Through Roadway,01,Daylight,3/21/2025,2025-03-21,N,47.2,F,N,,,EE167926C77DB3C069E668FAC80205A99372E775F6BB5A0C21CC33A17A1479D6,CO,01,No,,,,,01,Dry,,,,,,,,
Property Damage Crashes,DA43690021,Prince George's County Police,"Sideswipe, Same Direction",Prince George's,Minor Arterial,No,No,No,No,No,RITCHIE RD,87,COUNTY ROAD,Yes,True,No,2/17/2025,No,Point,38.874237281,-76.856952921,PGCOPD,07,16,03,No,17,,17:50,2025,Monday,12,Motor Vehicle In Transport,05,On Roadway,4,,,,RITCHIE DR,,06,Non-Junction,03,Dark - Lighted,2/17/2025,2025-02-17,S,15.05,F,N,,,DA65EFAC3AD893C7B00B72BFB7C72F01A5D9359928ECC46012D6ED78A4E74604,CO,01,No,,,,,01,Dry,,,,,,,,
Injury Crashes,DA4296003W,Prince George's County Police,Rear To Side,Prince George's,Principal Arterial – Other,No,No,No,No,No,PENNSYLVANIA AVE,4,MARYLAND ROUTE,No,True,No,2/16/2025,No,Point,38.865103644,-76.933268422,PGCOPD,05,16,02,Yes,12,,12:42,2025,Sunday,12,Motor Vehicle In Transport,05,On Roadway,3,,,,,,09,Through Roadway,01,Daylight,2/16/2025,2025-02-16,S,16.28,F,N,,,8F0646FEEB1120DEFEE393D12646CCAAD92D85C9A1EC4A7F1BF4802E30C7540C,MD,01,No,,,,,01,Dry,,,,,,,,
Property Damage Crashes,DA43260022,Prince George's County Police,"Sideswipe, Opposite Direction",Prince George's,Local,No,No,No,No,No,EDGEWORTH DR,3964,COUNTY ROAD,No,True,No,4/21/2025,No,Point,38.881487258,-76.851046111,PGCOPD,06,16,03,No,16,,16:47,2025,Monday,12,Motor Vehicle In Transport,05,On Roadway,7,,,,,,99,Unknown,01,Daylight,4/21/2025,2025-04-21,S,38.49,F,N,,,07FE45E471C83D610BC7DBB92FD26D864DD2A48C085F800B5495A7D8095F8E81,CO,01,No,,,,,01,Dry,,,,,,,,
Property Damage Crashes,MSP757700H8,Maryland State Police,Front to Rear,Prince George's,Interstate,Yes,No,No,No,No,JOHN HANSON HWY (WB/L),595,INTERSTATE ROUTE,No,True,No,1/23/2025,No,Point,38.944016667,-76.79657,MSP,03,16,03,No,2,,02:06,2025,Thursday,15,Parked Vehicle,09,Roadside,1,,,,,,09,Through Roadway,03,Dark - Lighted,1/23/2025,2025-01-23,E,17.36,F,N,,,2423DA5E27EAB338B78DF4B1424FC16E8DC0FCBB09F19A12BBD5A589E9CFD9B5,IS,01,No,97,Not Applicable,,,01,Dry,,,,,,,,
Property Damage Crashes,DA3380009C,Prince George's County Police,Front to Rear,Prince George's,Minor Arterial,No,No,No,No,No,COVENTRY WAY (EB/L),2525,COUNTY ROAD,No,True,No,1/25/2025,No,Point,38.782245116,-76.898688877,PGCOPD,03,16,03,No,17,,17:58,2025,Saturday,12,Motor Vehicle In Transport,05,On Roadway,4,,,,,,01,Acceleration/Deceleration Lane,03,Dark - Lighted,1/25/2025,2025-01-25,S,25.61,F,N,,,A31412989AD35B4E5EA0189CC05E641CDEE8F6D27F687FD3ED901D0CA06354BB,CO,01,No,12,Motor Vehicle In Transport,05,On Roadway,01,Dry,,,,,,,,
Property Damage Crashes,DA3008001B,Prince George's County Police,Single Vehicle,Prince George's,,No,No,No,No,No,CHURCH RD (NB/L),59,COUNTY ROAD,No,True,No,3/6/2025,No,Point,38.930660015,-76.761473998,PGCOPD,101,16,03,No,2,,02:53,2025,Thursday,28,Ditch,09,Roadside,,,,,,,06,Non-Junction,03,Dark - Lighted,3/6/2025,2025-03-06,N,43.05,F,N,,,AC3F75C3E21972D5BC074D7A7BFC4D96318465E4B7D727B2B5C7BBE75A0E93FB,CO,01,No,,,,,09,Wet,,,,,,,,
Property Damage Crashes,DA43160055,Prince George's County Police,Angle,Prince George's,Principal Arterial – Other,No,No,No,No,No,LAUREL BOWIE RD,197,MARYLAND ROUTE,No,True,No,4/13/2025,No,Point,39.085038481,-76.847190475,PGCOPD,01,16,03,Yes,12,04,12:55,2025,Sunday,12,Motor Vehicle In Transport,05,On Roadway,3,Perpendicular,,,CHERRY LA,03,05,Intersection or Related,01,Daylight,4/13/2025,2025-04-13,N,0,F,N,,,78DAC5B6F6BF430E1AB6EF85C364CDE30B80FE48E396AD96CC007D27BE366CEC,MD,01,No,,,,,01,Dry,01,Signalized,,,,,,
Property Damage Crashes,DA4327003T,Prince George's County Police,Angle,Prince George's,,No,No,No,No,No,,1059,PRIVATE ROAD,No,True,No,3/20/2025,No,Point,38.856024758,-76.938291036,PGCOPD,01,16,03,No,18,,18:50,2025,Thursday,12,Motor Vehicle In Transport,05,On Roadway,,,,,,,06,Non-Junction,01,Daylight,3/20/2025,2025-03-20,N,25.32,F,N,,,971CA8A6064BC75348B85C35260C97A6E79466D638D6375CA3404C3B4F705F53,PV,01,No,,,,,09,Wet,,,,,,,,
Property Damage Crashes,MSP7765006B,Maryland State Police,Front to Rear,Prince George's,Principal Arterial – Other,No,No,No,No,No,CRAIN HWY (SB/L),301,UNITED STATE ROUTE,No,True,No,2/13/2025,No,Point,38.678723566,-76.875224737,MSP,03,16,03,No,19,,19:59,2025,Thursday,12,Motor Vehicle In Transport,05,On Roadway,3,,,,,,09,Through Roadway,03,Dark - Lighted,2/13/2025,2025-02-13,S,40.75,F,N,,,AE4DAB3B184450B72E4D917EFF1FDE1DCD98F1501E76E7E6ED1DE1053FE37516,US,01,No,,,,,01,Dry,,,,,,,,
Property Damage Crashes,MSP585801J3,Maryland State Police,Single Vehicle,Prince George's,Local,No,No,No,No,No,MALCOLM RD,5,MARYLAND ROUTE,No,True,No,5/22/2025,No,Point,38.778672788,-76.889315626,MSP,101,16,03,No,17,,17:21,2025,Thursday,27,Curb,09,Roadside,7,,101,State,,,04,Entrance/Exit Ramp or Related,01,Daylight,5/22/2025,2025-05-22,W,20.64,F,N,,,1921875DE14CB9FF2A4CCB4D2836DC4BFB47D616BE144ADEDED70E50E136BB70,MD,01,No,,,,,09,Wet,,,,,,,,
Property Damage Crashes,MSP7865001N,Maryland State Police,Front to Front,Prince George's,Principal Arterial – Other,No,No,No,No,No,,1,UNITED STATE ROUTE,No,True,No,2/27/2025,No,Point,39.0342811,-76.908027917,MSP,02,16,03,No,14,,14:21,2025,Thursday,12,Motor Vehicle In Transport,05,On Roadway,3,,,,,,06,Non-Junction,01,Daylight,2/27/2025,2025-02-27,N,35.2,F,N,,,BC1DE7057296A50679FA2EA4F7E67C1F317F11B9AA0038545FA73E995FA6C3ED,US,01,No,,,,,01,Dry,,,,,,,,
Property Damage Crashes,AZ1710001Y,Cheverly Police Department,Single Vehicle,Prince George's,Local,Yes,Yes,No,No,No,BELLEVIEW AVE #2,22,MUNICIPAL ROAD,No,True,No,5/7/2025,No,Point,38.930482507,-76.914253965,CHEVERLY,101,16,03,No,13,,13:22,2025,Wednesday,41,Utility Pole/Light Support,09,Roadside,7,,101,State,LOCKWOOD RD,,06,Non-Junction,01,Daylight,5/7/2025,2025-05-07,W,31.86,F,N,,,F7CCFC473C1C98B4699362C3C3B7E148109212C47FF077B7B564D3E0F3AFA2AE,MU,01,No,,,,,01,Dry,,,,,,,,
Property Damage Crashes,DA43540037,Prince George's County Police,Front to Rear,Prince George's,Local,No,No,No,No,No,52ND AVE,769,MARYLAND ROUTE,No,True,No,1/30/2025,No,Point,38.928865610,-76.930361479,PGCOPD,03,16,03,No,19,,19:24,2025,Thursday,12,Motor Vehicle In Transport,05,On Roadway,7,,,,KENILWORTH AVE,,09,Through Roadway,05,Dark - Unknown Lighting,1/30/2025,2025-01-30,N,26.74,F,N,,,8170FF9F6D9801A88598080EA7527E9682797B1118AFF6DF437DEB1C940472A7,MD,01,No,12,Motor Vehicle In Transport,05,On Roadway,01,Dry,,,,,,,,
Property Damage Crashes,AM0339005W,Bladensburg Police Department,Rear To Side,Prince George's,Local,No,No,No,No,No,46TH ST,460,MUNICIPAL ROAD,No,True,No,4/28/2025,No,Point,38.942185513,-76.939918653,BLADENSBURG,05,16,03,No,15,,15:30,2025,Monday,12,Motor Vehicle In Transport,05,On Roadway,7,,,,,,06,Non-Junction,01,Daylight,4/28/2025,2025-04-28,N,29.22,F,N,,,48672403E7C885957C3C3224E8821DA657A7FB63A9249A8BB0261EFA11A2224A,MU,01,No,,,,,01,Dry,,,,,,,,
Property Damage Crashes,MSP6582016X,Maryland State Police,"Sideswipe, Same Direction",Prince George's,Interstate,No,No,No,No,No,CAPITAL BELTWAY (SB/L),95,INTERSTATE ROUTE,No,True,No,5/25/2025,No,Point,38.818903333,-76.93059,MSP,07,16,03,No,11,,11:21,2025,Sunday,12,Motor Vehicle In Transport,05,On Roadway,1,,101,State,,,09,Through Roadway,01,Daylight,5/25/2025,2025-05-25,N,36,F,N,,,CBDB4CC510A62A9674E812AC8E921079E66462302CDECC0B754EEC569C70885C,IS,01,No,,,,,01,Dry,,,,,,,,
Property Damage Crashes,DA4379001B,Prince George's County Police,Front to Front,Prince George's,,No,No,No,No,No,,1814,PRIVATE ROAD,No,True,No,1/30/2025,No,Point,39.0229974,-76.9261546,PGCOPD,02,16,03,No,4,,04:45,2025,Thursday,12,Motor Vehicle In Transport,05,On Roadway,,,,,,,01,Acceleration/Deceleration Lane,03,Dark - Lighted,1/30/2025,2025-01-30,S,40.8,F,N,,,D350CE57543FED2664F77F38B52FE883B23A91149954D9357E9044A0B31CF376,PV,01,No,,,,,01,Dry,,,,,,,,
Property Damage Crashes,DA4427000Q,Prince George's County Police,Rear To Rear,Prince George's,,No,No,No,No,Yes,,,,No,True,No,4/11/2025,No,Point,38.725526593,-76.992517113,PGCOPD,04,16,03,,20,,20:00,2025,Friday,15,Parked Vehicle,02,In Parking Lane Or Zone,,,,,,,,,03,Dark - Lighted,4/11/2025,2025-04-11,,,F,N,102,Parking Lot Way,,,01,No,,,,,,,,,,,,,,
Property Damage Crashes,DA38350079,Prince George's County Police,Front to Front,Prince George's,Minor Arterial,No,No,No,No,No,,223,MARYLAND ROUTE,No,True,No,5/27/2025,No,Point,38.776017616,-76.867107260,PGCOPD,02,16,03,Yes,17,04,17:09,2025,Tuesday,12,Motor Vehicle In Transport,05,On Roadway,4,Perpendicular,,,DANGERFIELD RD (NB/L) OLD ALEXANDRIA FERRY RD (WB/L),03,05,Intersection or Related,01,Daylight,5/27/2025,2025-05-27,S,0,F,N,,,C0209AB4D75140548017C94D1E9EA11DC874F4D1E0971AC82856DF11A8C913A2,MD,01,No,,,,,09,Wet,01,Signalized,,,,,,
Property Damage Crashes,CE5357000Q,Laurel Police Department,Angle,Prince George's,,No,No,No,No,No,,939,CROSSOVER,No,True,No,3/20/2025,No,Point,39.095570078,-76.838784276,LAUREL,01,16,03,No,21,,21:10,2025,Thursday,12,Motor Vehicle In Transport,05,On Roadway,,,,,FORT MEADE RD (WB/L),,06,Non-Junction,03,Dark - Lighted,3/20/2025,2025-03-20,S,7.14,F,N,,,8957B34BBC1182B97A1B9180720713412ADB8302003F41990256EE946AAAC0C6,XO,01,No,,,,,09,Wet,,,,,,,,
Property Damage Crashes,MSP617100MJ,Maryland State Police,Front to Rear,Prince George's,Interstate,Yes,No,No,No,No,NO NAME (SB/L),95,INTERSTATE ROUTE,No,True,No,1/30/2025,No,Point,39.109353582,-76.880380990,MSP,03,16,03,No,21,,21:21,2025,Thursday,12,Motor Vehicle In Transport,05,On Roadway,1,,,,,,06,Non-Junction,03,Dark - Lighted,1/30/2025,2025-01-30,W,56.03,F,N,,,2466406A34AF431937D3B0BEAB5B3E8C90DB605872A78A3C3E6E4E1291FDACF7,IS,01,No,,,,,01,Dry,,,,,,,,
Property Damage Crashes,CBPD01280007,Bowie Police Department,Front to Rear,Prince George's,Principal Arterial – Other,No,No,No,No,No,COLLINGTON RD,197,MARYLAND ROUTE,No,True,No,1/15/2025,No,Point,38.944645172,-76.722981329,BOWIE,03,16,03,No,14,,14:28,2025,Wednesday,12,Motor Vehicle In Transport,05,On Roadway,3,,,,,,06,Non-Junction,01,Daylight,1/15/2025,2025-01-15,W,27.05,F,N,,,98D72F803695ED792A8639B1D11F47B0610512F4264AD526B70AE777CEA2987B,MD,01,No,,,,,01,Dry,,,,,,,,
Property Damage Crashes,DA390800B7,Prince George's County Police,Angle,Prince George's,Principal Arterial – Other,No,No,No,No,No,OXON HILL RD,414,MARYLAND ROUTE,No,True,No,4/15/2025,No,Point,38.805102863,-76.976067615,PGCOPD,01,16,03,No,17,,17:21,2025,Tuesday,12,Motor Vehicle In Transport,05,On Roadway,3,,,,,,03,Driveway Access or Related,01,Daylight,4/15/2025,2025-04-15,E,16.27,F,N,,,A6334ABEC5C6FA8DEF5B2E4EFBC1EB10230644C6B37A6B12ABF697D193F55DF0,MD,01,No,,,,,01,Dry,,,,,,,,
Property Damage Crashes,DA402100D3,Prince George's County Police,Front to Rear,Prince George's,Local,No,No,No,No,No,BARKER PL,2412,COUNTY ROAD,No,True,No,4/29/2025,No,Point,38.962893074,-76.845050841,PGCOPD,03,16,03,No,12,,12:30,2025,Tuesday,12,Motor Vehicle In Transport,05,On Roadway,7,,,,,,01,Acceleration/Deceleration Lane,01,Daylight,4/29/2025,2025-04-29,S,30.34,F,N,,,4D68AB9522587260E7D241E242F31FAEC4770437A6E27DEFE747F1D6D59F0601,CO,01,No,,,,,01,Dry,,,,,,,,
Property Damage Crashes,MSP69310134,Maryland State Police,Single Vehicle,Prince George's,Local,No,No,No,No,No,ST MICHAELS DR,4719,COUNTY ROAD,No,True,No,2/8/2025,No,Point,38.899186161,-76.799669455,MSP,101,16,03,No,22,,22:00,2025,Saturday,27,Curb,09,Roadside,7,,,,CENTRAL AVE (WB/L),,06,Non-Junction,04,Dark - Not Lighted,2/8/2025,2025-02-08,S,69.38,F,N,,,FF19FA13E7FD5A8907C4709459FADD10E5838A70835B05B776571525FBB391D9,CO,01,No,,,,,09,Wet,,,,,,,,
Injury Crashes,DA3433005D,Prince George's County Police,Angle,Prince George's,,No,No,No,No,Yes,,,,No,True,No,3/30/2025,No,Point,38.902701517,-76.740405764,PGCOPD,01,16,02,,10,,10:49,2025,Sunday,12,Motor Vehicle In Transport,04,"Off-Roadway, Location Unknown",,,,,,,,,01,Daylight,3/30/2025,2025-03-30,,,F,N,102,Parking Lot Way,,,01,No,,,,,,,,,,,,,,
Property Damage Crashes,DA4043009F,Prince George's County Police,Angle,Prince George's,Minor Arterial,No,No,No,No,No,PISCATAWAY RD,223,MARYLAND ROUTE,No,True,No,2/7/2025,No,Point,38.764638963,-76.902123793,PGCOPD,01,16,03,Yes,15,03,15:00,2025,Friday,12,Motor Vehicle In Transport,05,On Roadway,4,Angled/Skewed,,,ABSHER LA,01,05,Intersection or Related,01,Daylight,2/7/2025,2025-02-07,S,0,F,N,,,E5BCF495763C0115E1E21FD110CC28C5588D44552B5F78F7E2B0E0828217B2B5,MD,01,No,,,,,01,Dry,03,Stop - Partial,,,,,,
Injury Crashes,DA3155003R,Prince George's County Police,"Sideswipe, Same Direction",Prince George's,Principal Arterial – Other,No,No,No,No,No,GLENN DALE BLVD,193,MARYLAND ROUTE,No,True,No,5/18/2025,No,Point,38.984360482,-76.811690168,PGCOPD,07,16,02,No,2,,02:00,2025,Sunday,12,Motor Vehicle In Transport,05,On Roadway,3,,,,,,06,Non-Junction,04,Dark - Not Lighted,5/18/2025,2025-05-18,E,21.22,F,N,,,BA5E730AA6B8F7225BEDAC66A87991240BDA2C91C2FC9935FF828E03FD14DFBF,MD,01,No,,,,,01,Dry,,,,,,,,
Property Damage Crashes,MSP757700J1,Maryland State Police,Front to Front,Prince George's,Interstate,No,No,No,No,No,NO NAME (SB/L),95,INTERSTATE ROUTE,No,True,No,2/27/2025,No,Point,39.030995,-76.948123333,MSP,02,16,03,No,6,,06:26,2025,Thursday,12,Motor Vehicle In Transport,05,On Roadway,1,,,,,,09,Through Roadway,01,Daylight,2/27/2025,2025-02-27,S,34.87,F,N,,,D49732F9C03E1C7E8F7CBC7EC5CD4B4A079B63EC5C5D578FC662A7544CFFCC71,IS,01,No,97,Not Applicable,,,01,Dry,,,,,,,,
Injury Crashes,DA3057009F,Prince George's County Police,Single Vehicle,Prince George's,,No,No,No,No,No,,108,SPUR,No,True,No,1/27/2025,No,Point,38.768648670,-76.994637264,PGCOPD,101,16,02,No,4,,04:50,2025,Monday,07,Overturn/Rollover,05,On Roadway,,,,,,,06,Non-Junction,04,Dark - Not Lighted,1/27/2025,2025-01-27,N,126.05,F,N,,,DE85F23F4D1914C52136BC63D423FA9464F0C1AB17B4A819DAC75CBDF556D8F1,SP,01,No,,,,,01,Dry,,,,,,,,
Property Damage Crashes,DA398700CQ,Prince George's County Police,Single Vehicle,Prince George's,Major Collector,No,No,No,No,No,DUCKETTOWN RD,47,COUNTY ROAD,No,True,No,5/18/2025,No,Point,39.010644294,-76.786897412,PGCOPD,101,16,03,No,22,,22:39,2025,Sunday,40,Tree (standing),05,On Roadway,5,,,,,,09,Through Roadway,04,Dark - Not Lighted,5/18/2025,2025-05-18,W,5.76,F,N,,,C51AF203464E066C0F1BB32953A57D6111CEB806F33D9FA86AC84E64B3C200C4,CO,01,No,,,,,01,Dry,,,,,,,,
Property Damage Crashes,DA4418000H,Prince George's County Police,Rear To Side,Prince George's,Principal Arterial – Other,No,No,No,No,No,UNIVERSITY BLVD,193,MARYLAND ROUTE,No,True,No,1/17/2025,No,Point,38.983943285,-76.971468204,PGCOPD,05,16,03,No,18,,18:10,2025,Friday,12,Motor Vehicle In Transport,05,On Roadway,3,,,,,,01,Acceleration/Deceleration Lane,03,Dark - Lighted,1/17/2025,2025-01-17,N,44.85,F,N,,,76671681DCC63971AB6F5AC932AE956152D0CB1B969C9B3A16F1B0553426190F,MD,01,No,,,,,01,Dry,,,,,,,,
Property Damage Crashes,DA43430038,Prince George's County Police,Front to Rear,Prince George's,Minor Arterial,No,No,No,No,No,POWDER MILL RD (NB/L),6612,COUNTY ROAD,No,True,No,5/2/2025,No,Point,39.051830241,-76.922730905,PGCOPD,03,16,03,No,8,,08:00,2025,Friday,12,Motor Vehicle In Transport,05,On Roadway,4,,,,,,06,Non-Junction,01,Daylight,5/2/2025,2025-05-02,N,25.67,F,N,,,7297EF1E8CFF6BEC61857743AFEA77FF8B6E77BBF296D1511BF17BC67590EDEC,CO,01,No,,,,,01,Dry,,,,,,,,
Property Damage Crashes,DA43500034,Prince George's County Police,Front to Front,Prince George's,Local,No,No,No,No,No,28TH AVE,1263,COUNTY ROAD,No,True,No,5/4/2025,No,Point,38.837846848,-76.950166553,PGCOPD,02,16,03,No,14,02,14:45,2025,Sunday,12,Motor Vehicle In Transport,05,On Roadway,7,Angled/Skewed,100,Local,IVERSON ST,01,05,Intersection or Related,01,Daylight,5/4/2025,2025-05-04,S,0,F,N,,,A17934A5C6C30F1C298B3B0084E453D4D139219E6B93832DABF9B9DB43D197AF,CO,01,No,,,,,01,Dry,04,Yield,,,,,,
Property Damage Crashes,DA3127001Q,Prince George's County Police,"Sideswipe, Opposite Direction",Prince George's,,No,No,No,No,Yes,,,,No,True,No,5/30/2025,No,Point,38.842640366,-76.854827752,PGCOPD,06,16,03,,12,,12:10,2025,Friday,12,Motor Vehicle In Transport,02,In Parking Lane Or Zone,,,,,,,,,01,Daylight,5/30/2025,2025-05-30,,,F,N,101,Parking Aisle,,,01,No,,,,,,,,,,,,,,
Property Damage Crashes,CP0164002B,Mount Rainier Police Department,"Sideswipe, Same Direction",Prince George's,Local,No,No,No,No,No,30TH ST,9300,MUNICIPAL ROAD,No,True,No,2/23/2025,No,Point,38.947757250,-76.967263039,MTRAINIER,07,16,03,No,2,,02:00,2025,Sunday,12,Motor Vehicle In Transport,05,On Roadway,7,,,,,,06,Non-Junction,99,Unknown,2/23/2025,2025-02-23,S,28.01,F,N,,,6252BF3C923DA7B25D88ED2A4F250A6F6121D5252103125A45346BEE2977A627,MU,01,No,15,Parked Vehicle,05,On Roadway,01,Dry,,,,,,,,
Injury Crashes,DA4389002P,Prince George's County Police,Other,Prince George's,Minor Arterial,No,No,No,No,No,RIGGS RD,212,MARYLAND ROUTE,No,True,No,4/12/2025,No,Point,38.977693600,-76.978302593,PGCOPD,98,16,02,No,20,,20:55,2025,Saturday,12,Motor Vehicle In Transport,05,On Roadway,4,,,,,,09,Through Roadway,03,Dark - Lighted,4/12/2025,2025-04-12,S,13.37,F,N,,,F6677813BEF652B5BD3CB67B75491403C129282CE88911E71A3608857F103BD7,MD,01,No,,,,,09,Wet,,,,,,,,
Property Damage Crashes,DA419600CZ,Prince George's County Police,Front to Rear,Prince George's,Principal Arterial – Other Freeways and Expressways,No,No,No,No,No,RAMP 8 FR RAMP 5 TO ALLENTOWN RD,5,RAMP,No,True,No,1/23/2025,No,Point,38.804713469,-76.906350687,PGCOPD,03,16,03,No,18,,18:47,2025,Thursday,12,Motor Vehicle In Transport,05,On Roadway,2,,,,,,99,Unknown,03,Dark - Lighted,1/23/2025,2025-01-23,N,15,F,N,,,6A23D612B8B4E5B68ACA7116262B759A14E8EF5B85AF817246B67AD99B67D250,RP,01,No,,,,,01,Dry,,,,,,,,
Property Damage Crashes,AT1027000T,Capitol Heights Police Department,Front to Rear,Prince George's,Local,No,No,No,No,No,PINE GROVE RD,1186,COUNTY ROAD,Yes,True,No,1/8/2025,No,Point,38.869671029,-76.892287084,CAPITOLHEIGHTS,03,16,03,No,15,,15:05,2025,Wednesday,12,Motor Vehicle In Transport,02,In Parking Lane Or Zone,7,,,,,,06,Non-Junction,01,Daylight,1/8/2025,2025-01-08,N,61.98,F,N,,,C1FBAAA215A1B88621BA3C915705D61019531412C5586E74FCE55BD3E1C18273,CO,01,No,,,,,02,Ice/Frost,,,,,,,,
Injury Crashes,DA3381003Q,Prince George's County Police,Single Vehicle,Prince George's,Minor Arterial,No,No,No,No,No,GARRETT A MORGAN BLVD,5730,COUNTY ROAD,No,True,No,3/14/2025,No,Point,38.897923922,-76.865343322,PGCOPD,101,16,02,Yes,18,04,18:27,2025,Friday,06,Other Non-Collision,03,Median,4,Perpendicular,,,RIDGEFIELD BLVD (WB/L),03,05,Intersection or Related,01,Daylight,3/14/2025,2025-03-14,N,0,F,N,,,0F8482E91962D4D1F41015F26021E078F9269BA1E28C1DDD08DF3822888D0AE2,CO,01,No,,,,,01,Dry,01,Signalized,,,,,,
Property Damage Crashes,DA405300K2,Prince George's County Police,Front to Front,Prince George's,Local,No,No,No,No,No,KEOKEE ST,869,COUNTY ROAD,No,True,No,2/2/2025,No,Point,38.990158602,-76.979587301,PGCOPD,02,16,03,No,15,,15:15,2025,Sunday,12,Motor Vehicle In Transport,99,Unknown,7,,,,,,09,Through Roadway,01,Daylight,2/2/2025,2025-02-02,N,15.47,F,N,,,627686E2E6AC2368784BD386C2075E1F428FF10221D44DD6535B01356F316039,CO,01,No,,,,,01,Dry,,,,,,,,