Crash Severity Description,Reportnumber,Agencyname,CollisionImpact Description,Crash County Description,FunctionalClass Description,ImpairedCrash,Large Vehicle Involved,Motorcycle Crash,Non-Motorist Crash,OffRoad,RoadName,Route Number,RouteType Description,Unrestrained Occupants,WithinDateRange,Work Zone Related,Crashdate,Work Zone Crash,CrashPoint,Latitude,Longitude,AgencyCode,CollisionImpact,Crash County,Crash Severity,Crash Within Interchange,Crashhour,CrashInterchangeApproaches,Crashtime,CrashYear,Dayofweek,FirstHarmEvent,FirstHarmEvent Description,FirstHarmLocation,FirstHarmLocation Description,FunctionalClass,Geometry Description,GovPropertyDamage,GovPropertyDamage Description,IntersectingRoadName,Intersection Geometry,JunctionRelated,JunctionRelated Description,Light,Light Description,LOD Crash Date,LOD Date Level,MilepointDirection,MilepointDistance,MilepointUnits,NonTrafficFatal,OffroadLocation,OffroadLocation Description,RoadID,RouteType,SchoolBusRelated,SchoolBusRelated Description,SecondHarmEvent,SecondHarmEvent Description,SecondHarmLocation,SecondHarmLocation Description,Surface,Surface Description,TrafficControl,Trafficcontrol Description,WZLawEnforcementPresent,WZLocation,WZLocation Description,WZType,WZType Description,WZWorkersPresent
Property Damage Crashes,DA41510062,Prince George's County Police,Front to Front,Prince George's,Principal Arterial – Other Freeways and Expressways,No,No,No,No,No,RAMP 8 FR MD 201 SB TO MD 459 WB,50,RAMP,No,True,No,4/4/2025,No,Point,38.921152897,-76.930950941,PGCOPD,02,16,03,No,18,,18:10,2025,Friday,12,Motor Vehicle In Transport,05,On Roadway,2,,,,KENILWORTH AVE (SB/L),,06,Non-Junction,01,Daylight,4/4/2025,2025-04-04,S,18.9,F,N,,,BF2D0667D7A8FBF0AB0F64AB30C5434524306D011C5D8FD3B15868AD72F229E2,RP,01,No,,,,,01,Dry,,,,,,,,
Property Damage Crashes,DA281000FN,Prince George's County Police,"Sideswipe, Opposite Direction",Prince George's,Local,No,No,No,No,No,FORBES BLVD,4224,COUNTY ROAD,No,True,No,2/13/2025,No,Point,38.961663888,-76.833630114,PGCOPD,06,16,03,No,16,,16:01,2025,Thursday,12,Motor Vehicle In Transport,04,"Off-Roadway, Location Unknown",7,,,,,,03,Driveway Access or Related,01,Daylight,2/13/2025,2025-02-13,E,30.1,F,N,,,981E6E11EA42E948228C09146ABAF5F38513F0523FD0D09640EC526AC83F342F,CO,01,No,12,Motor Vehicle In Transport,04,"Off-Roadway, Location Unknown",01,Dry,,,,,,,,
Property Damage Crashes,MSP78390044,Maryland State Police,Front to Rear,Prince George's,Principal Arterial – Other,No,No,No,No,No,CRAIN HWY (SB/L),301,UNITED STATE ROUTE,No,True,No,4/13/2025,No,Point,38.700803333,-76.866991667,MSP,03,16,03,No,13,,13:00,2025,Sunday,12,Motor Vehicle In Transport,05,On Roadway,3,,,,,,06,Non-Junction,01,Daylight,4/13/2025,2025-04-13,E,22.75,F,N,,,FACCBBE07C0707A79D5DE3F277183438CB0D1985F3C84486C1549235FAEC51B8,US,01,No,,,,,01,Dry,,,,,,,,
Property Damage Crashes,DA302000FL,Prince George's County Police,Front to Rear,Prince George's,Principal Arterial – Other,No,No,No,No,No,UNIVERSITY BLVD,193,MARYLAND ROUTE,No,True,No,4/26/2025,No,Point,38.989018860,-76.987852250,PGCOPD,03,16,03,No,22,,22:26,2025,Saturday,12,Motor Vehicle In Transport,05,On Roadway,3,,,,,,99,Unknown,05,Dark - Unknown Lighting,4/26/2025,2025-04-26,S,17.54,F,N,,,0F8CCF6939E2D97CCA393108C9FA1E1C556DA06FA6057885B2DF88540EFF570E,MD,01,No,,,,,01,Dry,,,,,,,,
Property Damage Crashes,MSP745800QH,Maryland State Police,Single Vehicle,Prince George's,Interstate,No,No,No,No,No,CAPITAL BELTWAY (SB/L),95,INTERSTATE ROUTE,No,True,No,3/8/2025,No,Point,38.937116667,-76.855688333,MSP,101,16,03,No,14,,14:04,2025,Saturday,25,Concrete Traffic Barrier,10,Separator/Traffic Island,1,,,,,,01,Acceleration/Deceleration Lane,01,Daylight,3/8/2025,2025-03-08,E,45.65,F,N,,,87AEAE9D736E85B48D36653251FF3B56EECC34483E67264CB422EDEFBED7DDE5,IS,01,No,,,,,01,Dry,,,,,,,,
Property Damage Crashes,BW0215000T,Greenbelt Police Department,Front to Rear,Prince George's,Principal Arterial – Other Freeways and Expressways,No,No,No,No,No,RAMP 2 FR MD 193 WB TO MD 201 NB,201,RAMP,No,True,No,2/28/2025,No,Point,38.997113894,-76.898544861,GREENBELT,03,16,03,No,23,,23:50,2025,Friday,12,Motor Vehicle In Transport,05,On Roadway,2,,,,,,04,Entrance/Exit Ramp or Related,04,Dark - Not Lighted,2/28/2025,2025-02-28,N,16.89,F,N,,,A8D0E94B052F3908FEE999EA967B2D99AB6FD6FCA345DD1B10A1409F642496D0,RP,01,No,,,,,01,Dry,,,,,,,,
Property Damage Crashes,DA4420000B,Prince George's County Police,"Sideswipe, Opposite Direction",Prince George's,Minor Arterial,No,No,No,No,No,OLD GUNPOWDER RD,2,COUNTY ROAD,No,True,No,1/12/2025,No,Point,39.062278790,-76.921263357,PGCOPD,06,16,03,Yes,9,03,09:00,2025,Sunday,12,Motor Vehicle In Transport,05,On Roadway,4,Perpendicular,,,BRIGGS CHANEY RD,03,05,Intersection or Related,01,Daylight,1/12/2025,2025-01-12,N,0,F,N,,,E2D3B3A63071DBBE49FCA8DCE0FEE9461B62695A528F4F453C1DE0166A61FBA5,CO,01,No,,,,,01,Dry,01,Signalized,,,,,,
Property Damage Crashes,DA4406000Z,Prince George's County Police,"Sideswipe, Opposite Direction",Prince George's,Major Collector,No,No,No,No,No,MONTPELIER DR,70,COUNTY ROAD,No,True,No,2/14/2025,No,Point,39.0699709,-76.8422067,PGCOPD,06,16,03,No,14,,14:00,2025,Friday,12,Motor Vehicle In Transport,99,Unknown,5,,,,,,06,Non-Junction,01,Daylight,2/14/2025,2025-02-14,N,42.8,F,N,,,556F3E40159BD8968E38CADC87282094D53A1FB9E9F5964E298589183D120D12,CO,01,No,,,,,01,Dry,,,,,,,,
Property Damage Crashes,DA4278006D,Prince George's County Police,Other,Prince George's,,No,No,No,No,Yes,,,,No,True,No,1/9/2025,No,Point,38.987645273,-76.878010425,PGCOPD,98,16,03,,16,,16:25,2025,Thursday,12,Motor Vehicle In Transport,02,In Parking Lane Or Zone,,,,,,,,,01,Daylight,1/9/2025,2025-01-09,,,F,N,102,Parking Lot Way,,,01,No,,,,,,,,,,,,,,
Injury Crashes,DA3965008P,Prince George's County Police,Front to Front,Prince George's,Major Collector,No,No,No,No,No,COOPER LA,332,COUNTY ROAD,No,True,No,1/18/2025,No,Point,38.941627411,-76.902677028,PGCOPD,02,16,02,No,15,,15:27,2025,Saturday,12,Motor Vehicle In Transport,05,On Roadway,5,,,,,,02,Crossover-Related,01,Daylight,1/18/2025,2025-01-18,S,86.24,F,N,,,F341A51FF250308A4A958A1DAD471AEB69121DFA40E0E473B64530BBCFB19229,CO,01,No,,,,,01,Dry,,,,,,,,
Property Damage Crashes,DA389000S3,Prince George's County Police,Unknown,Prince George's,,No,No,No,No,Yes,,,,No,True,No,3/25/2025,No,Point,39.088820780,-76.897001933,PGCOPD,99,16,03,,13,,13:00,2025,Tuesday,12,Motor Vehicle In Transport,02,In Parking Lane Or Zone,,,,,,,,,01,Daylight,3/25/2025,2025-03-25,,,F,N,100,Parking Stall,,,01,No,,,,,,,,,,,,,,
Property Damage Crashes,DA393200H3,Prince George's County Police,"Sideswipe, Same Direction",Prince George's,Local,No,No,No,No,No,57TH AVE,328,COUNTY ROAD,No,True,No,1/28/2025,No,Point,38.964853864,-76.917797894,PGCOPD,07,16,03,No,15,,15:07,2025,Tuesday,15,Parked Vehicle,05,On Roadway,7,,,,,,09,Through Roadway,01,Daylight,1/28/2025,2025-01-28,N,37.15,F,N,,,002E719A7F5851CA376CCB3AFF69992EF0043D05216D600522BD05BD17F4F82E,CO,01,No,,,,,01,Dry,,,,,,,,
Injury Crashes,DA4384002N,Prince George's County Police,Other,Prince George's,Principal Arterial – Other Freeways and Expressways,No,Yes,No,No,No,INDIAN HEAD HWY,210,MARYLAND ROUTE,No,True,No,1/14/2025,No,Point,38.754865952,-76.992980474,PGCOPD,98,16,02,No,17,,17:34,2025,Tuesday,12,Motor Vehicle In Transport,05,On Roadway,2,,,,,,09,Through Roadway,01,Daylight,1/14/2025,2025-01-14,N,40.27,F,N,,,6FAD29A6E5E400324E89E271F7C4B33AC347A44B45D2EC495F1F627BAD37EB81,MD,01,No,,,,,01,Dry,,,,,,,,
Property Damage Crashes,DA416800CL,Prince George's County Police,Front to Front,Prince George's,Local,No,No,No,No,No,ALCOA DR,3977,COUNTY ROAD,No,True,No,5/11/2025,No,Point,38.776253398,-76.994615968,PGCOPD,02,16,03,No,23,,23:52,2025,Sunday,15,Parked Vehicle,05,On Roadway,7,,,,,,09,Through Roadway,03,Dark - Lighted,5/11/2025,2025-05-11,W,17.2,F,N,,,2DFFD13068043323A9D7F36E1B83E20DE41668ADEF15270F594B9392720E7253,CO,01,No,,,,,01,Dry,,,,,,,,
Property Damage Crashes,DA44290006,Prince George's County Police,Front to Rear,Prince George's,,No,No,No,No,No,,60,PRIVATE ROAD,No,True,No,1/1/2025,No,Point,38.842409919,-76.908250194,PGCOPD,03,16,03,Yes,9,,09:28,2025,Wednesday,15,Parked Vehicle,05,On Roadway,,,,,REGENCY PKWY,,09,Through Roadway,99,Unknown,1/1/2025,2025-01-01,S,36.56,F,N,,,66FDEA001468015EC90123B751E68D32543B9A87CB5FE16315ED63F0CD37E35E,PV,01,No,,,,,01,Dry,,,,,,,,
Property Damage Crashes,MSP77700089,Maryland State Police,Front to Rear,Prince George's,Interstate,No,No,No,No,No,CAPITAL BELTWAY,95,INTERSTATE ROUTE,No,True,No,5/18/2025,No,Point,38.922318828,-76.853079500,MSP,03,16,03,No,12,,12:52,2025,Sunday,12,Motor Vehicle In Transport,05,On Roadway,1,,,,,,06,Non-Junction,01,Daylight,5/18/2025,2025-05-18,S,42,F,N,,,2759F22590B2FBE1951FC0EF90F5E17CF61C56E5807596018F90BAEC352BBA44,IS,01,No,,,,,01,Dry,,,,,,,,
Injury Crashes,DA306200DM,Prince George's County Police,Front to Front,Prince George's,Minor Arterial,No,No,No,No,No,,197,MARYLAND ROUTE,Yes,True,No,4/4/2025,No,Point,39.046626460,-76.828058615,PGCOPD,02,16,02,No,19,,19:02,2025,Friday,12,Motor Vehicle In Transport,05,On Roadway,4,,,,,,06,Non-Junction,101,Dusk,4/4/2025,2025-04-04,S,9.93,F,N,,,226A9B5341CEEC3F2D21CDA4AA346B103F829B5223233A7E2D4E767767867F1B,MD,01,No,12,Motor Vehicle In Transport,05,On Roadway,01,Dry,,,,,,,,
Property Damage Crashes,MSP738100C1,Maryland State Police,Single Vehicle,Prince George's,Principal Arterial – Other,No,No,No,No,No,CRAIN HWY,301,UNITED STATE ROUTE,No,True,No,3/16/2025,No,Point,38.766117877,-76.804700248,MSP,101,16,03,No,16,,16:17,2025,Sunday,32,Guardrail Face,07,"On Shoulder, Right Side",3,,101,State,,,10,"Other Location Not Listed Above Within an Interchange Area (median,
shoulder and roadside)",01,Daylight,3/16/2025,2025-03-16,S,31.93,F,N,,,131491125AF0643CB7ECF420F6BEA13932B49CEB772C4AC3F0B050715DA7B2F0,US,01,No,40,Tree (standing),03,Median,01,Dry,,,,,,,,
Injury Crashes,DA40080089,Prince George's County Police,Front to Rear,Prince George's,Minor Arterial,No,No,No,No,No,POWDER MILL RD,212,MARYLAND ROUTE,No,True,No,2/23/2025,No,Point,39.033054763,-76.950850443,PGCOPD,03,16,02,No,10,,10:22,2025,Sunday,12,Motor Vehicle In Transport,05,On Roadway,4,,,,,,06,Non-Junction,01,Daylight,2/23/2025,2025-02-23,N,7.38,F,N,,,2E2B1115D4BBD87BE10241E320BCBE3918E4FBD718D0815805B6C270C9296DB5,MD,01,No,,,,,01,Dry,,,,,,,,
Property Damage Crashes,DJ0182002G,Seat Pleasant Police Department,Single Vehicle,Prince George's,Principal Arterial – Other,No,No,No,No,No,E CAPITOL ST,214,MARYLAND ROUTE,No,True,No,2/17/2025,No,Point,38.888470296,-76.907558867,SEATPLEASANT,101,16,03,No,19,,19:27,2025,Monday,08,Thrown Or Falling Object,05,On Roadway,3,,,,,,06,Non-Junction,04,Dark - Not Lighted,2/17/2025,2025-02-17,W,38.55,F,N,,,B04AB2C0172996BB17D9CB79137E2C6639FDCFCF5AD9C046C830A822C4892D1F,MD,01,No,,,,,01,Dry,,,,,,,,
Property Damage Crashes,DA43960014,Prince George's County Police,Front to Rear,Prince George's,Local,No,No,No,No,No,MADISON ST,650,COUNTY ROAD,No,True,No,2/7/2025,No,Point,38.961318478,-76.985004608,PGCOPD,03,16,03,No,4,,04:00,2025,Friday,15,Parked Vehicle,07,"On Shoulder, Right Side",7,,,,,,06,Non-Junction,03,Dark - Lighted,2/7/2025,2025-02-07,N,48.56,F,N,,,1A5C78310F6FD1D8D087707ECFFDDD4EBC5F1AF5D9729DCC68A37FD81A0B03AB,CO,01,No,,,,,01,Dry,,,,,,,,
Injury Crashes,MSP6582015G,Maryland State Police,Front to Rear,Prince George's,Principal Arterial – Other,No,No,No,No,No,CRAIN HWY,301,UNITED STATE ROUTE,No,True,No,2/16/2025,No,Point,38.851094939,-76.726070856,MSP,03,16,02,No,13,,13:05,2025,Sunday,12,Motor Vehicle In Transport,05,On Roadway,3,,101,State,,,09,Through Roadway,01,Daylight,2/16/2025,2025-02-16,N,17.36,F,N,,,F0EAE00BE51B1FB3663EA2E4970DDB450D2CD0C090B37048DD014F22B43C6E35,US,01,No,32,Guardrail Face,09,Roadside,09,Wet,,,,,,,,
Injury Crashes,DA44050015,Prince George's County Police,Front to Rear,Prince George's,Major Collector,No,No,No,No,No,HILL RD,360,COUNTY ROAD,No,True,No,4/26/2025,No,Point,38.894731100,-76.878885012,PGCOPD,03,16,02,No,16,,16:04,2025,Saturday,12,Motor Vehicle In Transport,05,On Roadway,5,,,,,,06,Non-Junction,01,Daylight,4/26/2025,2025-04-26,N,20,F,N,,,B1C3F0D0393F6F4A2E03758013FA14E61FCB2BD302FFF1DDA4E4F8CA7C7262A3,CO,01,No,,,,,01,Dry,,,,,,,,
Property Damage Crashes,DA43520031,Prince George's County Police,"Sideswipe, Same Direction",Prince George's,,No,No,No,No,No,,416,COUNTY ROAD,No,True,No,5/13/2025,No,Point,38.711456907,-77.021945213,PGCOPD,07,16,03,No,7,03,07:09,2025,Tuesday,12,Motor Vehicle In Transport,05,On Roadway,,Perpendicular,,,WARBURTON DR,03,05,Intersection or Related,01,Daylight,5/13/2025,2025-05-13,N,0,F,N,,,E36FD7F1FCF074962088B7C4B88B395CF07196CF8F739E7992DF820278611D96,CO,01,No,,,,,09,Wet,03,Stop - Partial,,,,,,
Property Damage Crashes,HB0492000D,Maryland-National Capital Park Police Prince George's County,Single Vehicle,Prince George's,,No,No,No,No,Yes,,,,No,True,No,3/20/2025,No,Point,38.9691931,-76.9159457,PGPARK,101,16,03,,13,,13:00,2025,Thursday,27,Curb,01,Gore,,,100,Local,,,,,01,Daylight,3/20/2025,2025-03-20,,,F,N,101,Parking Aisle,,,01,No,,,,,,,,,,,,,,
Property Damage Crashes,DA3406002Y,Prince George's County Police,"Sideswipe, Same Direction",Prince George's,Local,No,No,No,No,No,SELLMAN RD,15,COUNTY ROAD,No,True,No,2/23/2025,No,Point,39.034973790,-76.910884863,PGCOPD,07,16,03,No,22,,22:26,2025,Sunday,15,Parked Vehicle,05,On Roadway,7,,,,,,06,Non-Junction,03,Dark - Lighted,2/23/2025,2025-02-23,S,13.05,F,N,,,1E45F20D0F02A0D100DFFF01D99EF66E5E32E8C983D8F186DF85871402429D75,CO,01,No,,,,,01,Dry,,,,,,,,
Property Damage Crashes,HB05120005,Maryland-National Capital Park Police Prince George's County,Single Vehicle,Prince George's,,No,Yes,No,No,Yes,,,,No,True,No,4/3/2025,No,Point,39.084686927,-76.918266959,PGPARK,101,16,03,,10,,10:47,2025,Thursday,35,"Other Fixed Object (wall, building, tunnel, etc.)",04,"Off-Roadway, Location Unknown",,,,,,,,,01,Daylight,4/3/2025,2025-04-03,,,F,N,102,Parking Lot Way,,,01,No,,,,,,,,,,,,,,
Property Damage Crashes,DA41920080,Prince George's County Police,Front to Rear,Prince George's,Local,No,Yes,No,No,No,ETON DR,1505,COUNTY ROAD,Yes,True,No,2/7/2025,No,Point,38.841849453,-76.758943941,PGCOPD,03,16,03,No,17,,17:08,2025,Friday,12,Motor Vehicle In Transport,05,On Roadway,7,,100,Local,,,09,Through Roadway,01,Daylight,2/7/2025,2025-02-07,N,23.7,F,N,,,1707EC29BFDEC0202F91EE2FE272E1FF841773DB5A14286BE4BFEDE204D34C9C,CO,02,"Yes, School Bus Directly Involved",97,Not Applicable,,,01,Dry,,,,,,,,
Property Damage Crashes,DA3868007J,Prince George's County Police,Single Vehicle,Prince George's,Major Collector,No,Yes,No,No,No,CONTEE RD,6,COUNTY ROAD,No,True,No,1/7/2025,No,Point,39.073410051,-76.849128364,PGCOPD,101,16,03,No,1,,01:30,2025,Tuesday,36,"Other Post, Pole, Or Support",02,In Parking Lane Or Zone,5,,,,,,10,"Other Location Not Listed Above Within an Interchange Area (median,
shoulder and roadside)",03,Dark - Lighted,1/7/2025,2025-01-07,N,50.95,F,N,,,15FFDE7525EDFA55DF6D31E5DFB6D1471ADF2F46D970C98FA639D6EA3BB65D86,CO,01,No,,,,,02,Ice/Frost,,,,,,,,
Property Damage Crashes,DA39780020,Prince George's County Police,Front to Front,Prince George's,Minor Arterial,No,No,No,No,No,CHERRY HILL RD,14,COUNTY ROAD,No,True,No,5/24/2025,No,Point,39.039169623,-76.947051389,PGCOPD,02,16,03,No,12,,12:30,2025,Saturday,12,Motor Vehicle In Transport,05,On Roadway,4,,,,,,09,Through Roadway,01,Daylight,5/24/2025,2025-05-24,W,24.06,F,N,,,40C1463D8FE1496B9536BED8F48AB2F8F6139C05A098CBE1084AC2918667396C,CO,01,No,,,,,01,Dry,,,,,,,,
Property Damage Crashes,MSP7665009R,Maryland State Police,Single Vehicle,Prince George's,Interstate,No,No,No,No,No,RAMP 7 FR RAMP 10 (FR IS 595) TO MD 3 SB,595,RAMP,No,True,No,2/4/2025,No,Point,38.95672,-76.71916,MSP,101,16,03,Yes,5,,05:40,2025,Tuesday,07,Overturn/Rollover,09,Roadside,1,,,,,,04,Entrance/Exit Ramp or Related,04,Dark - Not Lighted,2/4/2025,2025-02-04,S,13.35,F,N,,,BC0ABEA1385B23D8235A119E507D20DB11ED516BA9689727B901F0460DFDED5D,RP,01,No,,,,,01,Dry,,,,,,,,
Property Damage Crashes,CBPD0048008G,Bowie Police Department,"Sideswipe, Opposite Direction",Prince George's,Local,No,No,No,No,No,CHELMONT LA,420,MUNICIPAL ROAD,No,True,No,2/13/2025,No,Point,38.991610909,-76.741628623,BOWIE,06,16,03,No,16,,16:24,2025,Thursday,12,Motor Vehicle In Transport,05,On Roadway,7,,,,,,06,Non-Junction,01,Daylight,2/13/2025,2025-02-13,S,22.63,F,N,,,07E9A1CEF5EFF4A3D5F58006C52EDF7230C21C905041333B655C910F1370D61F,MU,01,No,12,Motor Vehicle In Transport,05,On Roadway,09,Wet,,,,,,,,
Property Damage Crashes,DA4314003F,Prince George's County Police,"Sideswipe, Opposite Direction",Prince George's,,No,No,No,No,No,,10,BIKE ROUTE,No,True,No,1/10/2025,No,Point,38.866345316,-76.834453810,PGCOPD,06,16,03,No,19,,19:13,2025,Friday,12,Motor Vehicle In Transport,05,On Roadway,,,,,RITCHIE MARLBORO RD,,01,Acceleration/Deceleration Lane,03,Dark - Lighted,1/10/2025,2025-01-10,N,11.67,F,N,,,479D5367EB8C501FA8F80D593F988F54E59C89AAFE999FF95ED1591B42E77FAD,BK,01,No,,,,,06,Slush,,,,,,,,
Property Damage Crashes,MSP745000KV,Maryland State Police,"Sideswipe, Same Direction",Prince George's,,No,No,No,No,No,,50,UNITED STATE ROUTE,No,True,No,5/26/2025,No,Point,38.953373426,-76.726855251,MSP,07,16,03,No,21,,21:30,2025,Monday,12,Motor Vehicle In Transport,05,On Roadway,,,,,,,09,Through Roadway,04,Dark - Not Lighted,5/26/2025,2025-05-26,W,14.73,F,N,,,A2E627903E62FC0F5E9B3D355EF4AC265BEDBAB6BF86D1675FCC913429920577,US,01,No,32,Guardrail Face,03,Median,01,Dry,,,,,,,,
Property Damage Crashes,DA401800CG,Prince George's County Police,Single Vehicle,Prince George's,Principal Arterial – Other,No,No,No,No,No,,410,MARYLAND ROUTE,No,True,Yes,5/5/2025,Yes,Point,38.960604388,-76.912115421,PGCOPD,101,16,03,No,3,,03:20,2025,Monday,32,Guardrail Face,07,"On Shoulder, Right Side",3,,,,,,06,Non-Junction,03,Dark - Lighted,5/5/2025,2025-05-05,E,104.32,F,N,,,D65C9ADFC732BE2AF53F68A02D2BEB90A43933EDFC09AC97E815CFC5288FA53E,MD,01,No,,,,,01,Dry,,,N,03,Transition Area,04,Intermittent or Moving Work,No
Property Damage Crashes,DA3949008N,Prince George's County Police,Rear To Rear,Prince George's,,No,No,No,No,Yes,,,,No,True,No,5/15/2025,No,Point,38.908944720,-76.892957833,PGCOPD,04,16,03,,13,,13:44,2025,Thursday,15,Parked Vehicle,02,In Parking Lane Or Zone,,,,,,,,,01,Daylight,5/15/2025,2025-05-15,,,F,N,101,Parking Aisle,,,01,No,,,,,,,,,,,,,,
Injury Crashes,DA3834006X,Prince George's County Police,Front to Rear,Prince George's,Principal Arterial – Other,No,No,No,No,No,BERRY RD (WB/L),228,MARYLAND ROUTE,No,True,No,4/17/2025,No,Point,38.655287766,-76.999062044,PGCOPD,03,16,02,No,10,03,10:51,2025,Thursday,12,Motor Vehicle In Transport,05,On Roadway,3,Angled/Skewed,,,BEALLE HILL RD,01,05,Intersection or Related,01,Daylight,4/17/2025,2025-04-17,S,0,F,N,,,C0781ACA0C33DBF282CBF330BD8BF9AA6DA6A09BA4B59B92297A6277C7C82C0F,MD,01,No,97,Not Applicable,,,01,Dry,01,Signalized,,,,,,
Injury Crashes,DA3790000J,Prince George's County Police,Front to Rear,Prince George's,Major Collector,No,No,Yes,No,No,COLUMBIA PARK RD,3668,COUNTY ROAD,No,True,No,4/24/2025,No,Point,38.916891973,-76.906667420,PGCOPD,03,16,02,No,1,,01:19,2025,Thursday,12,Motor Vehicle In Transport,05,On Roadway,5,,,,,,06,Non-Junction,03,Dark - Lighted,4/24/2025,2025-04-24,W,30.39,F,N,,,F093B0FDC4493242A2B55D2C5AE958EB30A6BAB7CF1329D8008CBA10FFBFD208,CO,01,No,,,,,01,Dry,,,,,,,,
Property Damage Crashes,DA4122008R,Prince George's County Police,Front to Rear,Prince George's,Local,No,No,No,No,No,SERVICE RD A,210,MARYLAND ROUTE,No,True,No,2/10/2025,No,Point,38.780096997,-76.997594876,PGCOPD,03,16,03,Yes,18,,18:47,2025,Monday,12,Motor Vehicle In Transport,05,On Roadway,7,,,,KERBY HILL RD (WB/L),,04,Entrance/Exit Ramp or Related,03,Dark - Lighted,2/10/2025,2025-02-10,W,40.81,F,N,,,B2FBD89CA13DF97D636E052636AF477CFF0E1446D50F18EF46D90BF362284BD2,MD,01,No,,,,,01,Dry,,,,,,,,
Property Damage Crashes,DA4337003C,Prince George's County Police,Rear To Side,Prince George's,Local,No,No,No,No,No,BANNING PL,678,COUNTY ROAD,No,True,No,6/5/2025,No,Point,38.975379928,-76.972789300,PGCOPD,05,16,03,No,7,,07:50,2025,Thursday,15,Parked Vehicle,05,On Roadway,7,,,,22ND PL,,06,Non-Junction,01,Daylight,6/5/2025,2025-06-05,E,10.9,F,N,,,D587C2B6D6FCC16BD36C5B3A99205928C5FEED2F69C1B55BF7EB784CD3F82682,CO,01,No,,,,,01,Dry,,,,,,,,
Property Damage Crashes,DA34070041,Prince George's County Police,Other,Prince George's,Principal Arterial – Other,No,No,No,No,No,PENNSYLVANIA AVE,4,MARYLAND ROUTE,No,True,No,3/19/2025,No,Point,38.860376694,-76.918574723,PGCOPD,98,16,03,No,23,,23:00,2025,Wednesday,12,Motor Vehicle In Transport,05,On Roadway,3,,,,BROOKS DR (SB/L),,99,Unknown,03,Dark - Lighted,3/19/2025,2025-03-19,W,23.35,F,N,,,D77AE0C7304EE4513E5358E3381DCD7E15831B6D08B19B9CECAE586F265ADFF8,MD,01,No,,,,,01,Dry,,,,,,,,
Property Damage Crashes,MSP745300B3,Maryland State Police,Single Vehicle,Prince George's,Interstate,No,No,No,No,No,JOHN HANSON HWY,595,INTERSTATE ROUTE,No,True,No,4/16/2025,No,Point,38.945347533,-76.804964283,MSP,101,16,03,No,0,,00:08,2025,Wednesday,32,Guardrail Face,09,Roadside,1,,101,State,,,06,Non-Junction,04,Dark - Not Lighted,4/16/2025,2025-04-16,S,29.44,F,N,,,F7D2CD57D2D2569A2296314A7B15C886364F48DDE19D44403F2218176C327C38,IS,01,No,,,,,01,Dry,,,,,,,,
Property Damage Crashes,MSP7839003V,Maryland State Police,Angle,Prince George's,Interstate,No,No,No,No,No,CAPITAL BELTWAY,95,INTERSTATE ROUTE,Yes,True,No,4/2/2025,No,Point,38.892773333,-76.847076667,MSP,01,16,03,No,4,,04:22,2025,Wednesday,12,Motor Vehicle In Transport,05,On Roadway,1,,,,,,09,Through Roadway,04,Dark - Not Lighted,4/2/2025,2025-04-02,S,36.39,F,N,,,9ED5686E3AE84F6AF35B7CE7F012AB23C6331A7E93BF5DF2BD8C860F83D96776,IS,01,No,,,,,01,Dry,,,,,,,,
Property Damage Crashes,DA409400BX,Prince George's County Police,Single Vehicle,Prince George's,Local,No,No,No,No,No,TRAPPER LA,4918,COUNTY ROAD,No,True,No,3/16/2025,No,Point,39.013081980,-76.960850639,PGCOPD,101,16,03,No,1,,01:30,2025,Sunday,34,Mailbox,05,On Roadway,7,,,,,,06,Non-Junction,03,Dark - Lighted,3/16/2025,2025-03-16,N,1.87,F,N,,,8CA7F237430862A8D6B9BFD19FFEBCB250AE2175228A4E66FD75920A27785899,CO,01,No,,,,,01,Dry,,,,,,,,
Property Damage Crashes,DA393600FZ,Prince George's County Police,Front to Front,Prince George's,,No,No,No,No,Yes,,,,No,True,No,2/14/2025,No,Point,38.863266196,-76.891338858,PGCOPD,02,16,03,,14,,14:02,2025,Friday,12,Motor Vehicle In Transport,02,In Parking Lane Or Zone,,,,,,,,,01,Daylight,2/14/2025,2025-02-14,,,F,N,102,Parking Lot Way,,,01,No,,,,,,,,,,,,,,
Property Damage Crashes,CC0279004H,Hyattsville Police Department,Front to Rear,Prince George's,Principal Arterial – Other,No,No,No,No,No,EAST WEST HWY,410,MARYLAND ROUTE,Yes,True,No,5/18/2025,No,Point,38.966307154,-76.948525433,HYATTSVILLE,03,16,03,No,21,,21:41,2025,Sunday,12,Motor Vehicle In Transport,05,On Roadway,3,,,,QUEENS CHAPEL RD (WB/L),,06,Non-Junction,03,Dark - Lighted,5/18/2025,2025-05-18,E,4.26,F,N,,,B1898E680F0FD1A17C906A037638EA897C13A01B748C7ABED9E743D6E6A1088A,MD,01,No,,,,,01,Dry,,,,,,,,
Injury Crashes,DA40380080,Prince George's County Police,Other,Prince George's,Local,No,No,No,No,No,TALL CEDAR LA,916,COUNTY ROAD,No,True,No,5/10/2025,No,Point,38.770203669,-76.879377108,PGCOPD,98,16,02,Yes,16,,16:00,2025,Saturday,12,Motor Vehicle In Transport,05,On Roadway,7,,,,,,01,Acceleration/Deceleration Lane,01,Daylight,5/10/2025,2025-05-10,S,21.02,F,N,,,0C603906EE46550C3FFCF07928C30A00638E098DFF3BFA1F9FC552998FC5608D,CO,01,No,,,,,01,Dry,,,,,,,,