Crash Severity Description,Reportnumber,Agencyname,CollisionImpact Description,Crash County Description,FunctionalClass Description,ImpairedCrash,Large Vehicle Involved,Motorcycle Crash,Non-Motorist Crash,OffRoad,RoadName,Route Number,RouteType Description,Unrestrained Occupants,WithinDateRange,Work Zone Related,Crashdate,Work Zone Crash,CrashPoint,Latitude,Longitude,AgencyCode,CollisionImpact,Crash County,Crash Severity,Crash Within Interchange,Crashhour,CrashInterchangeApproaches,Crashtime,CrashYear,Dayofweek,FirstHarmEvent,FirstHarmEvent Description,FirstHarmLocation,FirstHarmLocation Description,FunctionalClass,Geometry Description,GovPropertyDamage,GovPropertyDamage Description,IntersectingRoadName,Intersection Geometry,JunctionRelated,JunctionRelated Description,Light,Light Description,LOD Crash Date,LOD Date Level,MilepointDirection,MilepointDistance,MilepointUnits,NonTrafficFatal,OffroadLocation,OffroadLocation Description,RoadID,RouteType,SchoolBusRelated,SchoolBusRelated Description,SecondHarmEvent,SecondHarmEvent Description,SecondHarmLocation,SecondHarmLocation Description,Surface,Surface Description,TrafficControl,Trafficcontrol Description,WZLawEnforcementPresent,WZLocation,WZLocation Description,WZType,WZType Description,WZWorkersPresent
Fatal Crashes,MSP7664009W,Maryland State Police,Single Vehicle,Prince George's,Interstate,No,No,No,Yes,No,RAMP 4 FR IS 95 NB TO MD 221A EB,95,RAMP,No,True,No,4/3/2025,No,Point,38.867021354,-76.844267955,MSP,101,16,01,No,0,,00:17,2025,Thursday,17,Pedestrian,05,On Roadway,1,,,,,,04,Entrance/Exit Ramp or Related,04,Dark - Not Lighted,4/3/2025,2025-04-03,E,20.9,F,N,,,ADCD917E32C47E2CCBC4536C6BE05730E2227E6DA6E74D604AF6FE4E5CA6A9CC,RP,01,No,,,,,01,Dry,,,,,,,,
Property Damage Crashes,MSP7765006J,Maryland State Police,Front to Rear,Prince George's,Principal Arterial – Other,No,No,No,No,No,CRAIN HWY,301,UNITED STATE ROUTE,No,True,No,3/2/2025,No,Point,38.948548751,-76.717733897,MSP,03,16,03,No,12,,12:41,2025,Sunday,12,Motor Vehicle In Transport,05,On Roadway,3,,,,GOVERNOR BRIDGE RD,,09,Through Roadway,01,Daylight,3/2/2025,2025-03-02,N,13.75,F,N,,,9BDE3DD16ED5A7188EB0EC5ECD0BE99C0B202666AD118F73AABC3D5AD4AF35A2,US,01,No,,,,,01,Dry,,,,,,,,
Property Damage Crashes,DA44260010,Prince George's County Police,Front to Rear,Prince George's,Principal Arterial – Other,No,No,No,No,No,MARTIN LUTHER KING JR HWY (WB/L),704,MARYLAND ROUTE,No,True,No,4/5/2025,No,Point,38.909557150,-76.892156334,PGCOPD,03,16,03,No,0,04,00:10,2025,Saturday,12,Motor Vehicle In Transport,05,On Roadway,3,Perpendicular,,,SHERIFF RD,03,05,Intersection or Related,03,Dark - Lighted,4/5/2025,2025-04-05,E,0,F,N,,,35DFCCE6B332FBC2DAB1FDB22C53C744FF6A1881A4204FB8F4197371825E2CCA,MD,01,No,,,,,01,Dry,01,Signalized,,,,,,
Injury Crashes,MSP745000JH,Maryland State Police,Single Vehicle,Prince George's,Interstate,No,No,No,No,No,CAPITAL BELTWAY (SB/L),95,INTERSTATE ROUTE,No,True,No,3/30/2025,No,Point,38.966658333,-76.868303333,MSP,101,16,02,No,11,,11:39,2025,Sunday,13,Other Non-Fixed Object,05,On Roadway,1,,,,,,09,Through Roadway,01,Daylight,3/30/2025,2025-03-30,E,38.62,F,N,,,6F20DB3B726683F519BB9594AA76561F2D279841E85FA54FFE5AF0D1DC7EA04A,IS,01,No,97,Not Applicable,,,01,Dry,,,,,,,,
Property Damage Crashes,DA345600DS,Prince George's County Police,Angle,Prince George's,Local,No,No,No,No,No,FORDHAM ST,693,COUNTY ROAD,No,True,No,1/25/2025,No,Point,38.980903640,-76.972386518,PGCOPD,01,16,03,No,15,04,15:55,2025,Saturday,12,Motor Vehicle In Transport,05,On Roadway,7,Perpendicular,,,CHAPMAN RD,03,05,Intersection or Related,01,Daylight,1/25/2025,2025-01-25,W,0,F,N,,,C08820A47A74D3DDE1C16BD1DEDBE32483F168109E1C987BDB68C52260B8713E,CO,01,No,,,,,01,Dry,03,Stop - Partial,,,,,,
Injury Crashes,MSP726800GT,Maryland State Police,Angle,Prince George's,Principal Arterial – Other,No,No,No,No,No,CRAIN HWY (SB/L),301,UNITED STATE ROUTE,No,True,No,1/13/2025,No,Point,38.897003333,-76.721588333,MSP,01,16,02,No,12,,12:22,2025,Monday,12,Motor Vehicle In Transport,05,On Roadway,3,,,,,,06,Non-Junction,01,Daylight,1/13/2025,2025-01-13,W,16.05,F,N,,,8CB5712B0E26C8218716FF89147AD228067DD99EE70A3DA43BE11760AE727794,US,01,No,,,,,01,Dry,,,,,,,,
Property Damage Crashes,MSP7765007T,Maryland State Police,"Sideswipe, Same Direction",Prince George's,Interstate,No,No,No,No,No,CAPITAL BELTWAY (SB/L),95,INTERSTATE ROUTE,No,True,No,4/29/2025,No,Point,38.818570333,-76.9328295,MSP,07,16,03,No,14,,14:33,2025,Tuesday,12,Motor Vehicle In Transport,05,On Roadway,1,,,,,,09,Through Roadway,01,Daylight,4/29/2025,2025-04-29,S,57.48,F,N,,,F9EDEC7FA36631BBE4BDD2DDF0B31FA536E617B9BD267AE3EA1DD1D0FB1403A3,IS,01,No,,,,,01,Dry,,,,,,,,
Property Damage Crashes,BW02040032,Greenbelt Police Department,"Sideswipe, Same Direction",Prince George's,Principal Arterial – Other,No,No,No,No,No,GREENBELT RD (WB/L),193,MARYLAND ROUTE,No,True,No,5/9/2025,No,Point,38.994163628,-76.874391105,GREENBELT,07,16,03,Yes,9,04,09:20,2025,Friday,12,Motor Vehicle In Transport,05,On Roadway,3,Perpendicular,,,HANOVER PKWY,03,05,Intersection or Related,01,Daylight,5/9/2025,2025-05-09,E,0,F,N,,,B90E7F8961973069F2FF4ABCC9C60FA46A7836A65AE8E4A0E88C52FB61537614,MD,01,No,,,,,01,Dry,01,Signalized,,,,,,
Property Damage Crashes,DA33970051,Prince George's County Police,"Sideswipe, Opposite Direction",Prince George's,Major Collector,No,No,No,No,No,SURRATTS RD,130,COUNTY ROAD,No,True,No,5/13/2025,No,Point,38.741313473,-76.868384125,PGCOPD,06,16,03,No,13,,13:59,2025,Tuesday,12,Motor Vehicle In Transport,05,On Roadway,5,,,,,,06,Non-Junction,01,Daylight,5/13/2025,2025-05-13,E,10.86,F,N,,,6EC869F014C2D890361AF69681C4180B897C04502A0D9CAB876F7D29A7A05436,CO,01,No,,,,,04,Oil,,,,,,,,
Injury Crashes,DA4243009L,Prince George's County Police,Front to Rear,Prince George's,Principal Arterial – Other,No,No,No,No,No,CRAIN HWY,301,UNITED STATE ROUTE,No,True,No,2/7/2025,No,Point,38.839622800,-76.728109696,PGCOPD,03,16,02,No,15,,15:55,2025,Friday,12,Motor Vehicle In Transport,05,On Roadway,3,,,,,,09,Through Roadway,01,Daylight,2/7/2025,2025-02-07,S,69.84,F,N,,,46F501156820C163BD6F69ECF43EB1B4FB7F6F65BC7D8DE27E21C14AC2375E55,US,01,No,,,,,01,Dry,,,,,,,,
Property Damage Crashes,DA33720045,Prince George's County Police,Front to Rear,Prince George's,Major Collector,No,Yes,No,No,No,TUCKER RD,193,COUNTY ROAD,Yes,True,No,4/17/2025,No,Point,38.793711629,-76.979645111,PGCOPD,03,16,03,No,18,,18:00,2025,Thursday,12,Motor Vehicle In Transport,05,On Roadway,5,,,,,,06,Non-Junction,01,Daylight,4/17/2025,2025-04-17,W,22.85,F,N,,,824C313ED8A0CBCCC5066D932A16D8886CD4A83C8A574C826615374818FC78F4,CO,01,No,12,Motor Vehicle In Transport,07,"On Shoulder, Right Side",01,Dry,,,,,,,,
Property Damage Crashes,DA4419000Q,Prince George's County Police,Single Vehicle,Prince George's,Minor Arterial,No,No,No,No,No,RITCHIE MARLBORO RD,974,COUNTY ROAD,No,True,No,3/1/2025,No,Point,38.859053394,-76.826802504,PGCOPD,101,16,03,No,2,,02:12,2025,Saturday,40,Tree (standing),09,Roadside,4,,,,,,06,Non-Junction,04,Dark - Not Lighted,3/1/2025,2025-03-01,E,22.6,F,N,,,CE2AF5F4C6AEE09079459D96CE80089E8581B019CCC9A684A5F412646E4BF6F3,CO,01,No,,,,,01,Dry,,,,,,,,
Property Damage Crashes,DA419600D6,Prince George's County Police,Front to Front,Prince George's,Local,No,No,No,No,No,DALLAS PL,2243,COUNTY ROAD,Yes,True,No,3/6/2025,No,Point,38.825874689,-76.948242989,PGCOPD,02,16,03,No,0,,00:45,2025,Thursday,12,Motor Vehicle In Transport,02,In Parking Lane Or Zone,7,,,,,,99,Unknown,03,Dark - Lighted,3/6/2025,2025-03-06,E,14.11,F,N,,,53F1B4BEE885E22264411F0A39925D5A35DA473778A33AA05B787D2368486E08,CO,01,No,,,,,01,Dry,,,,,,,,
Injury Crashes,DA4331003B,Prince George's County Police,Front to Front,Prince George's,Local,No,No,No,No,No,68TH AVE,641,COUNTY ROAD,No,True,No,5/20/2025,No,Point,38.943725054,-76.901610230,PGCOPD,02,16,02,Yes,16,04,16:56,2025,Tuesday,12,Motor Vehicle In Transport,05,On Roadway,7,Perpendicular,,,ANNAPOLIS RD (WB/L),03,05,Intersection or Related,01,Daylight,5/20/2025,2025-05-20,S,0,F,N,,,66C30882E02D5A38F1583D3C4B835052CD6C22D9400FD370EFB247F801A229CD,CO,01,No,,,,,01,Dry,01,Signalized,,,,,,
Injury Crashes,CE5039003C,Laurel Police Department,Single Vehicle,Prince George's,Principal Arterial – Other,No,No,No,No,No,TALBOTT AVE (WB/L),198,MARYLAND ROUTE,No,True,No,1/10/2025,No,Point,39.102786504,-76.853817502,LAUREL,101,16,02,No,23,,23:41,2025,Friday,27,Curb,09,Roadside,3,,,,,,06,Non-Junction,03,Dark - Lighted,1/10/2025,2025-01-10,S,43.07,F,N,,,E22681BD32A482169A376F8FF374A47181B8C1F364A121675011F5426239F729,MD,01,No,,,,,07,Snow,,,,,,,,
Property Damage Crashes,CC0292002L,Hyattsville Police Department,Front to Rear,Prince George's,,No,No,No,No,No,,376,SPUR,Yes,True,No,1/13/2025,No,Point,38.950839180,-76.940281692,HYATTSVILLE,03,16,03,Unknown,10,,10:30,2025,Monday,12,Motor Vehicle In Transport,05,On Roadway,,,,,DECATUR ST #2,,99,Unknown,01,Daylight,1/13/2025,2025-01-13,W,39.78,F,N,,,1A43FEEE15299908171893C803BF789FE1D2B0235C1438BDEA7813CDCAB71731,SP,01,No,,,,,01,Dry,,,,,,,,
Injury Crashes,BE0104001Q,District Heights Police Department,Single Vehicle,Prince George's,,No,No,No,Yes,Yes,,,,No,True,No,1/2/2025,No,Point,38.855260386,-76.901539517,DISTHEIGHTS,101,16,02,,12,,12:10,2025,Thursday,17,Pedestrian,02,In Parking Lane Or Zone,,,,,,,,,01,Daylight,1/2/2025,2025-01-02,,,F,N,102,Parking Lot Way,,,01,No,12,Motor Vehicle In Transport,02,In Parking Lane Or Zone,,,,,,,,,,
Property Damage Crashes,DA406900B7,Prince George's County Police,Single Vehicle,Prince George's,Local,No,No,No,No,No,EDMONSTON RD,445,MUNICIPAL ROAD,No,True,No,5/31/2025,No,Point,38.983366041,-76.910099727,PGCOPD,101,16,03,No,17,,17:33,2025,Saturday,40,Tree (standing),06,"On Shoulder, Left Side",7,,,,,,09,Through Roadway,01,Daylight,5/31/2025,2025-05-31,N,43.54,F,N,,,DACF4ED7B21F3FC2B3EA238F2C8DC40052D2D0BCF110D4E3A17EA1A6DA1B26A4,MU,01,No,,,,,01,Dry,,,,,,,,
Property Damage Crashes,DA37790030,Prince George's County Police,Single Vehicle,Prince George's,Local,No,No,Yes,No,No,EARLSTRON CT,4230,COUNTY ROAD,No,True,No,4/30/2025,No,Point,38.940561787,-76.808603889,PGCOPD,101,16,03,No,12,,12:28,2025,Wednesday,40,Tree (standing),07,"On Shoulder, Right Side",7,,,,EARLSTON DR,,09,Through Roadway,01,Daylight,4/30/2025,2025-04-30,W,9.2,F,N,,,3E7AE7F2B376F733791DC8FD08079DA0CEC1B336C1E48B3D0B0B33BC2FBBF39B,CO,01,No,,,,,01,Dry,,,,,,,,
Injury Crashes,DA30190039,Prince George's County Police,Single Vehicle,Prince George's,Principal Arterial – Other,No,No,No,Yes,No,ADDISON RD,366,COUNTY ROAD,No,True,No,4/12/2025,No,Point,38.867165609,-76.892497079,PGCOPD,101,16,02,No,13,,13:55,2025,Saturday,14,Other Non-Motorist,05,On Roadway,3,,,,WALKER MILL RD,,06,Non-Junction,01,Daylight,4/12/2025,2025-04-12,N,5.36,F,N,,,476ABEBE84D5B1024712988D51EDF113E728AAEC6332D020FFFF304A4351E5A9,CO,01,No,27,Curb,01,Gore,09,Wet,,,,,,,,
Injury Crashes,DA349300FD,Prince George's County Police,Single Vehicle,Prince George's,Major Collector,No,No,No,No,No,OLD FORT RD,118,COUNTY ROAD,No,True,No,2/9/2025,No,Point,38.755429522,-76.991197010,PGCOPD,101,16,02,No,21,,21:00,2025,Sunday,28,Ditch,01,Gore,5,,,,,,99,Unknown,03,Dark - Lighted,2/9/2025,2025-02-09,N,40.32,F,N,,,9843CB98F9EFB05D841339A24E45A8D1986BB0B06E863A967DB77231723E837F,CO,01,No,,,,,01,Dry,,,,,,,,
Property Damage Crashes,BW01910027,Greenbelt Police Department,Other,Prince George's,Local,No,No,No,No,No,BREEZEWOOD DR,20,MUNICIPAL ROAD,No,True,No,4/16/2025,No,Point,39.001052307,-76.906356008,GREENBELT,98,16,03,No,19,,19:23,2025,Wednesday,12,Motor Vehicle In Transport,05,On Roadway,7,,,,,,06,Non-Junction,01,Daylight,4/16/2025,2025-04-16,W,12.51,F,N,,,0B15CA16627B46D9580A7DC4CAE4B63187E91E4E6010E0729B8DDBC71AFAD706,MU,01,No,,,,,01,Dry,,,,,,,,
Property Damage Crashes,CE5258001M,Laurel Police Department,Rear To Side,Prince George's,Local,No,No,No,No,No,BOWIE RD,55,MUNICIPAL ROAD,No,True,No,1/16/2025,No,Point,39.096730690,-76.849742253,LAUREL,05,16,03,No,16,,16:16,2025,Thursday,12,Motor Vehicle In Transport,05,On Roadway,7,,,,SECOND ST,,01,Acceleration/Deceleration Lane,01,Daylight,1/16/2025,2025-01-16,W,19.8,F,N,,,7706BC59A9868CDFBEEC6E15B906ED32083ABEB95998F2EA5B5B78C3AA4670FB,MU,01,No,,,,,01,Dry,,,,,,,,
Property Damage Crashes,BW02140015,Greenbelt Police Department,"Sideswipe, Same Direction",Prince George's,Major Collector,No,No,No,No,No,CHERRYWOOD LA (SB/L),40,MUNICIPAL ROAD,No,True,No,2/3/2025,No,Point,38.999290246,-76.911454572,GREENBELT,07,16,03,No,18,,18:07,2025,Monday,12,Motor Vehicle In Transport,05,On Roadway,5,,,,,,06,Non-Junction,03,Dark - Lighted,2/3/2025,2025-02-03,N,107.44,F,N,,,CF9F23C4CA98BB5D8EB50700B3105AA4291298D64D8405C9DC487CCF0FCD6F1A,MU,01,No,,,,,01,Dry,,,,,,,,
Property Damage Crashes,BP9424003V,Forest Heights Police Department,Front to Rear,Prince George's,,Yes,No,No,No,Yes,,,,Yes,True,No,4/13/2025,No,Point,38.802907187,-76.989252571,FORESTHEIGHTS,03,16,03,,17,,17:10,2025,Sunday,15,Parked Vehicle,02,In Parking Lane Or Zone,,,,,,,,,01,Daylight,4/13/2025,2025-04-13,,,F,N,102,Parking Lot Way,,,01,No,,,,,,,,,,,,,,
Property Damage Crashes,DA44110007,Prince George's County Police,Single Vehicle,Prince George's,,No,No,No,No,No,,87,COUNTY ROAD,Yes,True,No,1/8/2025,No,Point,38.885850251,-76.860976341,PGCOPD,101,16,03,No,3,,03:00,2025,Wednesday,28,Ditch,03,Median,,,,,,,99,Unknown,04,Dark - Not Lighted,1/8/2025,2025-01-08,N,38.45,F,N,,,F159294C26DFEB603ED448A151783268F0F11FF59DBF7C103BB2595C8A860916,CO,01,No,,,,,07,Snow,,,,,,,,
Injury Crashes,DA41510069,Prince George's County Police,Front to Front,Prince George's,Local,No,No,No,No,No,QUINCY ST,330,COUNTY ROAD,Yes,True,No,4/20/2025,No,Point,38.937401107,-76.924320397,PGCOPD,02,16,02,No,23,04,23:05,2025,Sunday,12,Motor Vehicle In Transport,05,On Roadway,7,Perpendicular,,,55TH AVE,03,05,Intersection or Related,03,Dark - Lighted,4/20/2025,2025-04-20,W,0,F,N,,,0E47093CE705E451EBF78C03BF72615EC16EFB629FC7EAE693055117ACEEB50C,CO,01,No,,,,,01,Dry,02,Stop - All Way,,,,,,
Injury Crashes,MSP738100CG,Maryland State Police,"Sideswipe, Same Direction",Prince George's,Interstate,No,No,No,No,No,CAPITAL BELTWAY (SB/L),95,INTERSTATE ROUTE,No,True,No,4/19/2025,No,Point,38.848161667,-76.861316667,MSP,07,16,02,No,5,,05:00,2025,Saturday,12,Motor Vehicle In Transport,05,On Roadway,1,,,,,,01,Acceleration/Deceleration Lane,04,Dark - Not Lighted,4/19/2025,2025-04-19,N,9.11,F,N,,,AE26FC947AC11BFDAD2F1E84D173B390990181ABD19F54214AFF3ABE15921A95,IS,01,No,,,,,01,Dry,,,,,,,,
Property Damage Crashes,DA405300K9,Prince George's County Police,Front to Rear,Prince George's,Major Collector,No,No,No,No,No,MERRIMAC DR,668,COUNTY ROAD,No,True,No,5/11/2025,No,Point,38.992902730,-76.986042236,PGCOPD,03,16,03,No,22,,22:15,2025,Sunday,12,Motor Vehicle In Transport,05,On Roadway,5,,,,,,09,Through Roadway,03,Dark - Lighted,5/11/2025,2025-05-11,W,56.51,F,N,,,15868B91B12AFA1387D0483A447AC3FDD9B11211C4196EFB20F6909FE0E2DF71,CO,01,No,,,,,01,Dry,,,,,,,,
Property Damage Crashes,DA3173005H,Prince George's County Police,Single Vehicle,Prince George's,Minor Arterial,No,No,No,No,No,POWDER MILL RD (SB/L),212,MARYLAND ROUTE,No,True,No,3/16/2025,No,Point,39.028188742,-76.961907329,PGCOPD,101,16,03,No,3,,03:41,2025,Sunday,30,Fence,09,Roadside,4,,102,Federal,,,06,Non-Junction,03,Dark - Lighted,3/16/2025,2025-03-16,E,52.14,F,N,,,A748F7AF695E016442C8BDB5272408D948643D9FB8A35E04EAC59059ABBC461E,MD,01,No,97,Not Applicable,,,01,Dry,,,,,,,,
Property Damage Crashes,CBPD0122001K,Bowie Police Department,Angle,Prince George's,Local,No,No,No,No,No,HERITAGE BLVD,855,MUNICIPAL ROAD,No,True,No,5/12/2025,No,Point,38.945918887,-76.721761564,BOWIE,01,16,03,No,14,,14:30,2025,Monday,12,Motor Vehicle In Transport,05,On Roadway,7,,,,,,06,Non-Junction,01,Daylight,5/12/2025,2025-05-12,S,11.84,F,N,,,383115B44EC784A0C3854BDEBF7530D457AA4BEA56F35835D0A565E5C721D5C3,MU,01,No,,,,,01,Dry,,,,,,,,
Property Damage Crashes,DA3351001V,Prince George's County Police,Front to Front,Prince George's,,No,No,No,No,Yes,,,,No,True,No,1/30/2025,No,Point,39.102127956,-76.866011773,PGCOPD,02,16,03,,8,,08:35,2025,Thursday,12,Motor Vehicle In Transport,02,In Parking Lane Or Zone,,,,,,,,,01,Daylight,1/30/2025,2025-01-30,,,F,N,102,Parking Lot Way,,,01,No,,,,,,,,,,,,,,
Property Damage Crashes,MSP697200GB,Maryland State Police,Other,Prince George's,Interstate,No,No,No,No,No,CAPITAL BELTWAY (SB/L),95,INTERSTATE ROUTE,No,True,No,3/25/2025,No,Point,38.963745888,-76.867458665,MSP,98,16,03,No,8,,08:58,2025,Tuesday,12,Motor Vehicle In Transport,05,On Roadway,1,,,,,,06,Non-Junction,01,Daylight,3/25/2025,2025-03-25,N,39.4,F,N,,,B03C566E2810FDE720AFCC47B39C0EAB27C76DB325D26713B6D01A0C14AC2BAB,IS,01,No,15,Parked Vehicle,07,"On Shoulder, Right Side",01,Dry,,,,,,,,
Property Damage Crashes,MSP744200SZ,Maryland State Police,Single Vehicle,Prince George's,Interstate,No,Yes,No,No,No,NO NAME (SB/L),95,INTERSTATE ROUTE,No,True,No,5/22/2025,No,Point,39.047977394,-76.932059626,MSP,101,16,03,No,8,,08:59,2025,Thursday,40,Tree (standing),09,Roadside,1,,,,,,10,"Other Location Not Listed Above Within an Interchange Area (median,
shoulder and roadside)",01,Daylight,5/22/2025,2025-05-22,N,30.51,F,N,,,CAC165317637C4A86B797A5BEF8C84BC35F60521453A82CA25E0745EE35C61AF,IS,01,No,,,,,09,Wet,,,,,,,,
Injury Crashes,MSP78750028,Maryland State Police,Front to Front,Prince George's,Principal Arterial – Other Freeways and Expressways,No,No,No,No,No,PENNSYLVANIA AVE,4,MARYLAND ROUTE,No,True,No,2/20/2025,No,Point,38.811218333,-76.76632,MSP,02,16,02,No,18,,18:56,2025,Thursday,12,Motor Vehicle In Transport,05,On Roadway,2,,,,,,06,Non-Junction,04,Dark - Not Lighted,2/20/2025,2025-02-20,S,21.9,F,N,,,308942B34EC24857EC3AB9DAD8DBB547214BC2C9A73E234101FC7030AE6B57EE,MD,01,No,,,,,01,Dry,,,,,,,,
Property Damage Crashes,MSP7839004S,Maryland State Police,"Sideswipe, Same Direction",Prince George's,Principal Arterial – Other,No,No,No,No,No,BRANCH AVE (SB/L),5,MARYLAND ROUTE,No,True,No,4/28/2025,No,Point,38.814993333,-76.91448,MSP,07,16,03,No,0,,00:27,2025,Monday,12,Motor Vehicle In Transport,05,On Roadway,3,,,,,,06,Non-Junction,04,Dark - Not Lighted,4/28/2025,2025-04-28,N,20.44,F,N,,,C698788108D6178365C9FDDF52DFFB01A7490DE795152CD407A8DA0D15A70F65,MD,01,No,,,,,01,Dry,,,,,,,,
Injury Crashes,DA43060054,Prince George's County Police,Front to Rear,Prince George's,,No,No,No,No,No,,86,SPUR,No,True,No,3/14/2025,No,Point,38.938843927,-76.875729155,PGCOPD,03,16,02,No,7,,07:13,2025,Friday,12,Motor Vehicle In Transport,05,On Roadway,,,,,,,02,Crossover-Related,01,Daylight,3/14/2025,2025-03-14,S,56.61,F,N,,,C0B7AAB7B3631F9961705E4845120235B77C7563AE9101C1011A830973A82F6B,SP,01,No,,,,,01,Dry,,,,,,,,
Property Damage Crashes,MSP76570078,Maryland State Police,Front to Rear,Prince George's,Interstate,No,No,No,No,No,RAMP 8 FR IS 95 SB TO MD 214 WB,95,RAMP,No,True,No,1/28/2025,No,Point,38.894836667,-76.848598333,MSP,03,16,03,No,20,,20:58,2025,Tuesday,12,Motor Vehicle In Transport,05,On Roadway,1,,,,,,06,Non-Junction,04,Dark - Not Lighted,1/28/2025,2025-01-28,N,28.09,F,N,,,E6E97484DC5430754946670E086F5A4957EBB93473C37462B0263F0EC8966B07,RP,01,No,,,,,01,Dry,,,,,,,,
Property Damage Crashes,DA384000J7,Prince George's County Police,Single Vehicle,Prince George's,,No,No,No,No,Yes,,,,No,True,No,3/9/2025,No,Point,38.820124649,-76.999383033,PGCOPD,101,16,03,,17,,17:26,2025,Sunday,27,Curb,03,Median,,,,,,,,,01,Daylight,3/9/2025,2025-03-09,,,F,N,101,Parking Aisle,,,01,No,,,,,,,,,,,,,,
Property Damage Crashes,AM03930011,Bladensburg Police Department,"Sideswipe, Opposite Direction",Prince George's,,No,No,No,No,Yes,,,,No,True,No,1/31/2025,No,Point,38.936399467,-76.934835603,BLADENSBURG,06,16,03,,11,,11:00,2025,Friday,12,Motor Vehicle In Transport,02,In Parking Lane Or Zone,,,,,,,,,01,Daylight,1/31/2025,2025-01-31,,,F,N,100,Parking Stall,,,01,No,,,,,,,,,,,,,,
Injury Crashes,MSP7839001R,Maryland State Police,"Sideswipe, Same Direction",Prince George's,Principal Arterial – Other,No,Yes,No,No,No,CRAIN HWY (SB/L),301,UNITED STATE ROUTE,No,True,No,1/27/2025,No,Point,38.882135,-76.720385,MSP,07,16,02,No,12,,12:21,2025,Monday,12,Motor Vehicle In Transport,05,On Roadway,3,,,,,,06,Non-Junction,01,Daylight,1/27/2025,2025-01-27,S,27.22,F,N,,,4A0241EC1D1A07F7C45379B2C74166CF02BDA51FF151F7BC89B4151E24BBC61C,US,01,No,,,,,01,Dry,,,,,,,,
Property Damage Crashes,CNC3184001R,New Carrollton Police Department,Front to Front,Prince George's,Minor Arterial,No,No,No,No,No,ANNAPOLIS RD (WB/L),450,MARYLAND ROUTE,No,True,No,1/29/2025,No,Point,38.958550236,-76.868145355,NCPD,02,16,03,No,23,,23:05,2025,Wednesday,12,Motor Vehicle In Transport,05,On Roadway,4,,,,RAMP 6 FR MD 450 EB TO RAMP 7 (TO IS 95),,04,Entrance/Exit Ramp or Related,03,Dark - Lighted,1/29/2025,2025-01-29,E,246.43,F,N,,,3C07AB37C56BF6A169AED20F23E6797A5250A8A48F42F1E6E7D6C8A12899BADC,MD,01,No,,,,,01,Dry,,,,,,,,
Property Damage Crashes,GD3162004L,Landover Police Department,"Sideswipe, Same Direction",Prince George's,Minor Arterial,No,Yes,No,No,No,ANNAPOLIS RD,450,MARYLAND ROUTE,No,True,No,5/14/2025,No,Point,38.939389093,-76.906761087,LANDOVER,07,16,03,No,21,,21:20,2025,Wednesday,12,Motor Vehicle In Transport,05,On Roadway,4,,,,,,06,Non-Junction,03,Dark - Lighted,5/14/2025,2025-05-14,E,53.36,F,N,,,D50CF1F6A8084DE9DE0A1BC7D46E3085EBB394D62AB29CDC66047933222675F4,MD,01,No,,,,,01,Dry,,,,,,,,
Injury Crashes,DA409400BN,Prince George's County Police,"Sideswipe, Same Direction",Prince George's,Principal Arterial – Other,No,No,No,No,No,,410,MARYLAND ROUTE,Yes,True,No,1/5/2025,No,Point,38.962963686,-76.900879309,PGCOPD,07,16,02,No,0,03,00:10,2025,Sunday,12,Motor Vehicle In Transport,05,On Roadway,3,Perpendicular,,,,03,05,Intersection or Related,03,Dark - Lighted,1/5/2025,2025-01-05,E,0,F,N,,,A3D83B74D068EF2A3F94FA409A4EBE1C6E2E74751FE9DD8FF9BFEF21D91F0CC5,MD,01,No,,,,,01,Dry,01,Signalized,,,,,,
Property Damage Crashes,CE4909007S,Laurel Police Department,"Sideswipe, Opposite Direction",Prince George's,Local,No,No,No,No,No,PRINCE GEORGE ST #1,351,MUNICIPAL ROAD,No,True,No,6/4/2025,No,Point,39.106229424,-76.850959723,LAUREL,06,16,03,No,9,,09:34,2025,Wednesday,12,Motor Vehicle In Transport,05,On Roadway,7,,,,,,06,Non-Junction,01,Daylight,6/4/2025,2025-06-04,W,18,F,N,,,CD7BB44DDA99426E22B9FCA8901D61855E3C3D74EF132FB047775D71324F7339,MU,01,No,,,,,01,Dry,,,,,,,,
Property Damage Crashes,DA36610099,Prince George's County Police,"Sideswipe, Same Direction",Prince George's,,No,No,No,No,No,,87,COUNTY ROAD,No,True,No,4/13/2025,No,Point,38.872301175,-76.856420916,PGCOPD,07,16,03,No,17,,17:57,2025,Sunday,12,Motor Vehicle In Transport,05,On Roadway,,,,,,,06,Non-Junction,01,Daylight,4/13/2025,2025-04-13,S,34.31,F,N,,,8C8FAEE61605BFDE006FCBC3E8E0758AE823B81B60FCAAB67A78C73FFD743972,CO,01,No,97,Not Applicable,,,01,Dry,,,,,,,,
Property Damage Crashes,DA373600DB,Prince George's County Police,Rear To Side,Prince George's,Principal Arterial – Other,No,No,No,No,No,OXON HILL RD (WB/L),414,MARYLAND ROUTE,No,True,No,5/11/2025,No,Point,38.802209157,-76.997513178,PGCOPD,05,16,03,No,14,,14:35,2025,Sunday,12,Motor Vehicle In Transport,05,On Roadway,3,,,,,,09,Through Roadway,01,Daylight,5/11/2025,2025-05-11,E,24.62,F,N,,,7EF6ABFA13EDF644C6BD5314756D411F88BF3C3183C83EFAD47E9908BAD6487E,MD,01,No,,,,,01,Dry,,,,,,,,