Crash Severity Description,Reportnumber,Agencyname,CollisionImpact Description,Crash County Description,FunctionalClass Description,ImpairedCrash,Large Vehicle Involved,Motorcycle Crash,Non-Motorist Crash,OffRoad,RoadName,Route Number,RouteType Description,Unrestrained Occupants,WithinDateRange,Work Zone Related,Crashdate,Work Zone Crash,CrashPoint,Latitude,Longitude,AgencyCode,CollisionImpact,Crash County,Crash Severity,Crash Within Interchange,Crashhour,CrashInterchangeApproaches,Crashtime,CrashYear,Dayofweek,FirstHarmEvent,FirstHarmEvent Description,FirstHarmLocation,FirstHarmLocation Description,FunctionalClass,Geometry Description,GovPropertyDamage,GovPropertyDamage Description,IntersectingRoadName,Intersection Geometry,JunctionRelated,JunctionRelated Description,Light,Light Description,LOD Crash Date,LOD Date Level,MilepointDirection,MilepointDistance,MilepointUnits,NonTrafficFatal,OffroadLocation,OffroadLocation Description,RoadID,RouteType,SchoolBusRelated,SchoolBusRelated Description,SecondHarmEvent,SecondHarmEvent Description,SecondHarmLocation,SecondHarmLocation Description,Surface,Surface Description,TrafficControl,Trafficcontrol Description,WZLawEnforcementPresent,WZLocation,WZLocation Description,WZType,WZType Description,WZWorkersPresent
Property Damage Crashes,HB05260003,Maryland-National Capital Park Police Prince George's County,"Sideswipe, Same Direction",Prince George's,,No,No,No,No,Yes,,,,No,True,No,1/10/2025,No,Point,39.084528037,-76.917441626,PGPARK,07,16,03,,9,,09:26,2025,Friday,15,Parked Vehicle,02,In Parking Lane Or Zone,,,,,,,,,01,Daylight,1/10/2025,2025-01-10,,,F,N,100,Parking Stall,,,01,No,15,Parked Vehicle,02,In Parking Lane Or Zone,,,,,,,,,,
Injury Crashes,DA345600FD,Prince George's County Police,Angle,Prince George's,Local,No,No,No,No,No,TAHONA DR,669,COUNTY ROAD,No,True,No,4/10/2025,No,Point,38.993261575,-76.989134885,PGCOPD,01,16,02,No,18,,18:44,2025,Thursday,12,Motor Vehicle In Transport,09,Roadside,7,,,,MERRIMAC DR,,06,Non-Junction,01,Daylight,4/10/2025,2025-04-10,N,18.37,F,N,,,AC07B0934B52CF976140025580F95D6444ABEBBB780300AB2808BB3DFA6FF475,CO,01,No,,,,,01,Dry,,,,,,,,
Property Damage Crashes,DA44340003,Prince George's County Police,"Sideswipe, Same Direction",Prince George's,Principal Arterial – Other,No,Yes,No,No,No,MARTIN LUTHER KING JR HWY,704,MARYLAND ROUTE,Yes,True,No,4/1/2025,No,Point,38.908811797,-76.892712854,PGCOPD,07,16,03,No,14,,14:30,2025,Tuesday,12,Motor Vehicle In Transport,05,On Roadway,3,,,,,,06,Non-Junction,01,Daylight,4/1/2025,2025-04-01,S,19.05,F,N,,,B9DDA54820327E0291304FF83008C591BD786889E51EC0E1DDC93C6FC9FA812E,MD,02,"Yes, School Bus Directly Involved",,,,,01,Dry,,,,,,,,
Property Damage Crashes,DA333600FM,Prince George's County Police,Single Vehicle,Prince George's,Principal Arterial – Other,No,Yes,No,No,No,WOODYARD RD (SB/L),223,MARYLAND ROUTE,No,True,No,1/8/2025,No,Point,38.767472944,-76.887009506,PGCOPD,101,16,03,No,17,,17:04,2025,Wednesday,36,"Other Post, Pole, Or Support",08,Outside Road/Right-Of-Way,3,,,,,,03,Driveway Access or Related,03,Dark - Lighted,1/8/2025,2025-01-08,S,25.4,F,N,,,1108063B6FB811CA6E5F28477CBC70B936131182342E9568120B7806E425C288,MD,01,No,,,,,06,Slush,,,,,,,,
Property Damage Crashes,MSP7875001T,Maryland State Police,"Sideswipe, Same Direction",Prince George's,,No,No,No,No,No,,889,CROSSOVER,No,True,No,2/9/2025,No,Point,38.923663333,-76.717338333,MSP,07,16,03,No,12,,12:35,2025,Sunday,12,Motor Vehicle In Transport,05,On Roadway,,,,,CRAIN HWY (SB/L),,06,Non-Junction,01,Daylight,2/9/2025,2025-02-09,S,40.85,F,N,,,FDA496712722F1282826B614DD3B298C492581A0360503AD919E1AB7E1E5BD4F,XO,01,No,,,,,01,Dry,,,,,,,,
Property Damage Crashes,CBPD0115003N,Bowie Police Department,Front to Rear,Prince George's,Principal Arterial – Other,No,No,No,No,No,COLLINGTON RD,197,MARYLAND ROUTE,No,True,No,4/8/2025,No,Point,38.951502160,-76.742058936,BOWIE,03,16,03,No,17,,17:45,2025,Tuesday,12,Motor Vehicle In Transport,05,On Roadway,3,,,,,,06,Non-Junction,01,Daylight,4/8/2025,2025-04-08,N,63.61,F,N,,,1AED25F7D0347EE3D5D9C1EF8CB0BC8B21D84504AB8EF5BBE2FAF88AFA1733DF,MD,01,No,,,,,01,Dry,,,,,,,,
Property Damage Crashes,DA44310013,Prince George's County Police,Angle,Prince George's,Principal Arterial – Other,No,No,No,No,No,NEW HAMPSHIRE AVE,650,MARYLAND ROUTE,No,True,No,4/3/2025,No,Point,38.996399014,-76.984764859,PGCOPD,01,16,03,No,5,,05:50,2025,Thursday,12,Motor Vehicle In Transport,05,On Roadway,3,,,,QUEBEC ST,,06,Non-Junction,03,Dark - Lighted,4/3/2025,2025-04-03,E,14.5,F,N,,,C6E7A83859BEBAE5B8595877178B4599B77C35AD507E373CD5BBCB3BD77FFF35,MD,01,No,,,,,09,Wet,,,,,,,,
Injury Crashes,DJ01880008,Seat Pleasant Police Department,Front to Rear,Prince George's,Local,No,No,No,No,No,CINDY LA,2802,COUNTY ROAD,Yes,True,No,5/4/2025,No,Point,38.887655140,-76.889802333,SEATPLEASANT,03,16,02,No,0,04,00:22,2025,Sunday,12,Motor Vehicle In Transport,05,On Roadway,7,Perpendicular,,,CENTRAL AVE (WB/L),03,05,Intersection or Related,03,Dark - Lighted,5/4/2025,2025-05-04,N,0,F,N,,,DF3AD3DFDBCD66385CC3841D43763CE1EE37218398541A49F3AFDDEEB66A4DB3,CO,01,No,97,Not Applicable,,,09,Wet,01,Signalized,,,,,,
Property Damage Crashes,DA4414000D,Prince George's County Police,Angle,Prince George's,Principal Arterial – Other,No,Yes,No,No,No,ST BARNABAS RD,414,MARYLAND ROUTE,No,True,No,3/3/2025,No,Point,38.813682151,-76.964865815,PGCOPD,01,16,03,Yes,7,03,07:43,2025,Monday,12,Motor Vehicle In Transport,05,On Roadway,3,Perpendicular,,,SUNRISE VILLAGE SC ENT,03,05,Intersection or Related,01,Daylight,3/3/2025,2025-03-03,N,0,F,N,,,D840C2FD4D97E4C79EB99D0077F2901FD14443B45698FF4AC9216551AC022237,MD,01,No,,,,,01,Dry,01,Signalized,,,,,,
Injury Crashes,CBPD00710068,Bowie Police Department,Front to Front,Prince George's,Minor Arterial,No,No,No,No,No,9TH ST,564,MARYLAND ROUTE,No,True,No,4/9/2025,No,Point,39.008036132,-76.783644396,BOWIE,02,16,02,No,20,,20:30,2025,Wednesday,12,Motor Vehicle In Transport,05,On Roadway,4,,,,,,06,Non-Junction,03,Dark - Lighted,4/9/2025,2025-04-09,W,30.16,F,N,,,DDD6FADD4FEFD692B8F9D73B314B1A4E65C67D1E00D9123FEF4EF9211EC0A34B,MD,01,No,,,,,01,Dry,,,,,,,,
Property Damage Crashes,MSP745800S7,Maryland State Police,Single Vehicle,Prince George's,Interstate,No,No,No,No,No,CAPITAL BELTWAY (SB/L),95,INTERSTATE ROUTE,No,True,No,4/19/2025,No,Point,38.818823333,-76.9309,MSP,101,16,03,No,13,,13:56,2025,Saturday,100,Spilled Cargo,05,On Roadway,1,,101,State,,,01,Acceleration/Deceleration Lane,01,Daylight,4/19/2025,2025-04-19,N,32.6,F,N,,,C6BD0E8E415CA9C39EA835A269B075FB69728FD34EAC198BD50A687CBD8B45DC,IS,01,No,,,,,01,Dry,,,,,,,,
Injury Crashes,DA4038007K,Prince George's County Police,Single Vehicle,Prince George's,,No,No,No,Yes,Yes,,,,No,True,No,3/8/2025,No,Point,38.767394661,-76.892814442,PGCOPD,101,16,02,,16,,16:30,2025,Saturday,17,Pedestrian,04,"Off-Roadway, Location Unknown",,,,,,,,,01,Daylight,3/8/2025,2025-03-08,,,F,N,102,Parking Lot Way,,,01,No,,,,,,,,,,,,,,
Property Damage Crashes,DA3641009N,Prince George's County Police,Other,Prince George's,,No,No,No,No,No,PHELPS RD,982,LOCAL ROAD,No,True,No,2/28/2025,No,Point,38.984035613,-76.973535874,PGCOPD,98,16,03,No,14,02,14:19,2025,Friday,12,Motor Vehicle In Transport,05,On Roadway,,Perpendicular,,,UNIVERSITY BLVD (WB/L),03,05,Intersection or Related,01,Daylight,2/28/2025,2025-02-28,S,0,F,N,,,15EBE7310D1A53E0F7D98B5A25FD9E98C4C2EC1223BE227599EB5E7DA7435115,LL,01,No,,,,,01,Dry,03,Stop - Partial,,,,,,
Property Damage Crashes,DA4350002L,Prince George's County Police,Unknown,Prince George's,Local,No,No,No,No,No,LUMAR DR,949,COUNTY ROAD,No,True,No,1/15/2025,No,Point,38.787587333,-76.952658333,PGCOPD,99,16,03,No,4,,04:41,2025,Wednesday,12,Motor Vehicle In Transport,05,On Roadway,7,,,,,,09,Through Roadway,03,Dark - Lighted,1/15/2025,2025-01-15,S,9.82,F,N,,,0D37F1B17BD54D059BCDAB1B9ACC08459198DAC664ECB435F343F6EADDCA03C9,CO,01,No,,,,,01,Dry,,,,,,,,
Property Damage Crashes,DA32230045,Prince George's County Police,Front to Rear,Prince George's,Local,No,Yes,No,No,No,WAGON WHEEL CT,4915,COUNTY ROAD,No,True,No,1/8/2025,No,Point,38.740485778,-76.968129577,PGCOPD,03,16,03,No,23,,23:32,2025,Wednesday,15,Parked Vehicle,09,Roadside,7,,,,,,06,Non-Junction,03,Dark - Lighted,1/8/2025,2025-01-08,W,12.48,F,N,,,1C4197F0A936BE52EBF67682688BD735EE2C1B3BC5AC55D4EA9CE9D9637860A7,CO,01,No,,,,,02,Ice/Frost,,,,,,,,
Property Damage Crashes,MSP746700FZ,Maryland State Police,Single Vehicle,Prince George's,Principal Arterial – Other,Yes,No,No,No,No,CRAIN HWY (SB/L),301,UNITED STATE ROUTE,No,True,No,4/20/2025,No,Point,38.782318032,-76.796933858,MSP,101,16,03,No,1,,01:15,2025,Sunday,31,Guardrail End Terminal,10,Separator/Traffic Island,3,,,,,,09,Through Roadway,04,Dark - Not Lighted,4/20/2025,2025-04-20,N,32.46,F,N,,,130E819D0A61E4B40BD1A6492A0C9278AE1EEDA40284A0EA4E0B2797DB5C140D,US,01,No,,,,,01,Dry,,,,,,,,
Property Damage Crashes,HB0506000D,Maryland-National Capital Park Police Prince George's County,Rear To Side,Prince George's,Local,No,No,No,No,No,ELKHORN LN,3636,MUNICIPAL ROAD,No,True,No,1/29/2025,No,Point,38.942108608,-76.722016349,PGPARK,05,16,03,No,9,,09:21,2025,Wednesday,15,Parked Vehicle,05,On Roadway,7,,100,Local,,,06,Non-Junction,01,Daylight,1/29/2025,2025-01-29,S,15,F,N,,,70DA5F7D7671DB0372EA616886960376404D293C716019F93D0047E2A2CBCD7B,MU,01,No,,,,,01,Dry,,,,,,,,
Property Damage Crashes,CBPD0107002H,Bowie Police Department,Single Vehicle,Prince George's,,No,No,No,No,Yes,,,,No,True,No,4/2/2025,No,Point,38.948489222,-76.740414022,BOWIE,101,16,03,,7,,07:57,2025,Wednesday,30,Fence,02,In Parking Lane Or Zone,,,,,,,,,01,Daylight,4/2/2025,2025-04-02,,,F,N,102,Parking Lot Way,,,01,No,,,,,,,,,,,,,,
Property Damage Crashes,DA2969000V,Prince George's County Police,Front to Front,Prince George's,Major Collector,No,No,No,No,No,CROOM RD,382,MARYLAND ROUTE,No,True,No,2/11/2025,No,Point,38.697125087,-76.730169007,PGCOPD,02,16,03,No,16,,16:35,2025,Tuesday,12,Motor Vehicle In Transport,05,On Roadway,5,,,,,,06,Non-Junction,01,Daylight,2/11/2025,2025-02-11,E,33.97,F,N,,,0120C4B287DA798C0C8AE6D8C2366B8D8A1288516161B44C05C74D399C760D0B,MD,01,No,,,,,07,Snow,,,,,,,,
Property Damage Crashes,DA4339002W,Prince George's County Police,Unknown,Prince George's,,No,No,No,No,Yes,,,,No,True,No,1/21/2025,No,Point,38.822621072,-76.920184543,PGCOPD,99,16,03,,10,,10:19,2025,Tuesday,15,Parked Vehicle,99,Unknown,,,,,,,,,01,Daylight,1/21/2025,2025-01-21,,,F,N,101,Parking Aisle,,,01,No,,,,,,,,,,,,,,
Property Damage Crashes,AM0394000G,Bladensburg Police Department,"Sideswipe, Opposite Direction",Prince George's,Minor Arterial,No,No,No,No,No,BLADENSBURG RD,1,UNITED STATE ROUTE,No,True,No,2/28/2025,No,Point,38.938899976,-76.942609938,BLADENSBURG,06,16,03,No,20,,20:50,2025,Friday,12,Motor Vehicle In Transport,05,On Roadway,4,,,,,,09,Through Roadway,04,Dark - Not Lighted,2/28/2025,2025-02-28,E,39.21,F,N,,,1F5688F144C6C917B3880F8FE7FC05302911D146C93A149544F620685E56F215,US,01,No,,,,,01,Dry,,,,,,,,
Property Damage Crashes,DA43080046,Prince George's County Police,"Sideswipe, Opposite Direction",Prince George's,,No,Yes,No,No,No,,122,COUNTY ROAD,No,True,No,1/30/2025,No,Point,38.802158205,-76.945319882,PGCOPD,06,16,03,No,8,,08:00,2025,Thursday,12,Motor Vehicle In Transport,05,On Roadway,,,,,,,06,Non-Junction,01,Daylight,1/30/2025,2025-01-30,E,49.77,F,N,,,323F294D1201E99DF8364F46BAA7BCA4359BEB94B6874A21E2C769F3CFC1DD3A,CO,01,No,,,,,01,Dry,,,,,,,,
Property Damage Crashes,MSP647600J6,Maryland State Police,"Sideswipe, Same Direction",Prince George's,Principal Arterial – Other,No,No,No,No,No,LANDOVER RD,202,MARYLAND ROUTE,No,True,No,4/30/2025,No,Point,38.917185210,-76.855504995,MSP,07,16,03,No,17,,17:30,2025,Wednesday,12,Motor Vehicle In Transport,05,On Roadway,3,,,,,,09,Through Roadway,01,Daylight,4/30/2025,2025-04-30,S,30.33,F,N,,,2289B07F2A74897313D58C4FDF3C0CF08B4B6503E37B8B1E3BDF1A6AB1A1ECB6,MD,01,No,,,,,01,Dry,,,,,,,,
Property Damage Crashes,CE450600NZ,Laurel Police Department,Other,Prince George's,Principal Arterial – Other,No,No,No,No,No,LAUREL BOWIE RD,197,MARYLAND ROUTE,No,True,No,2/4/2025,No,Point,39.091136626,-76.844632631,LAUREL,98,16,03,No,6,,06:47,2025,Tuesday,12,Motor Vehicle In Transport,05,On Roadway,3,,,,,,99,Unknown,100,Dawn,2/4/2025,2025-02-04,W,72.53,F,N,,,3EC1A037F0140977576B1C36500B47EDCB2422BCDC557B5A45E1C63A9A6D4D7D,MD,01,No,,,,,01,Dry,,,,,,,,
Property Damage Crashes,DA281000G6,Prince George's County Police,Rear To Side,Prince George's,Principal Arterial – Other,No,No,No,No,No,MARTIN LUTHER KING JR HWY,704,MARYLAND ROUTE,No,True,No,4/15/2025,No,Point,38.940755536,-76.853684653,PGCOPD,05,16,03,Yes,17,04,17:22,2025,Tuesday,12,Motor Vehicle In Transport,05,On Roadway,3,Angled/Skewed,,,WHITFIELD CHAPEL RD,01,05,Intersection or Related,01,Daylight,4/15/2025,2025-04-15,W,0,F,N,,,FA16FE7F4AB6DE3FC866DC340C5E64D2FD5243076DB7F281E229BF72B456B4FF,MD,01,No,12,Motor Vehicle In Transport,05,On Roadway,01,Dry,01,Signalized,,,,,,
Property Damage Crashes,MSP78390031,Maryland State Police,Angle,Prince George's,Principal Arterial – Other,No,No,No,No,No,MARLBORO PIKE,725,MARYLAND ROUTE,No,True,No,3/10/2025,No,Point,38.823953682,-76.735739690,MSP,01,16,03,No,22,,22:11,2025,Monday,12,Motor Vehicle In Transport,05,On Roadway,3,,,,CRAIN HWY (SB/L),,06,Non-Junction,04,Dark - Not Lighted,3/10/2025,2025-03-10,W,2.41,F,N,,,8D023BF753D8CD207739103A6A4441E7FB799C170E0A5664B78841F3EF0AFCEB,MD,01,No,,,,,01,Dry,,,,,,,,
Fatal Crashes,MSP78390060,Maryland State Police,Single Vehicle,Prince George's,Principal Arterial – Other,No,No,No,Yes,No,BRANCH AVE (SB/L),5,MARYLAND ROUTE,No,True,No,5/25/2025,No,Point,38.725458333,-76.88142,MSP,101,16,01,No,4,,04:55,2025,Sunday,17,Pedestrian,05,On Roadway,3,,,,,,06,Non-Junction,04,Dark - Not Lighted,5/25/2025,2025-05-25,E,26.55,F,N,,,BEDDBEF849E5E39EC999718E6EE194D3BEB973C0B940541025D64E7689C67610,MD,01,No,,,,,01,Dry,,,,,,,,
Property Damage Crashes,DA281000FX,Prince George's County Police,Angle,Prince George's,,No,No,No,No,No,,74,COUNTY ROAD,No,True,No,3/17/2025,No,Point,38.963689068,-76.857455237,PGCOPD,01,16,03,No,6,03,06:51,2025,Monday,12,Motor Vehicle In Transport,05,On Roadway,,Perpendicular,,,ANNAPOLIS RD ANNAPOLIS RD (WB/L),03,05,Intersection or Related,03,Dark - Lighted,3/17/2025,2025-03-17,S,0,F,N,,,614B08285A2D6047E78006F035D89B11419D5BCAF7B11F66C264EDFE91804075,CO,01,No,,,,,01,Dry,01,Signalized,,,,,,
Property Damage Crashes,DA4369002B,Prince George's County Police,Angle,Prince George's,Major Collector,No,No,No,No,No,HAMPTON PARK BLVD,4475,COUNTY ROAD,Yes,True,No,5/4/2025,No,Point,38.881424749,-76.851390743,PGCOPD,01,16,03,Yes,14,04,14:15,2025,Sunday,12,Motor Vehicle In Transport,05,On Roadway,5,Angled/Skewed,,,EDGEWORTH DR,01,05,Intersection or Related,01,Daylight,5/4/2025,2025-05-04,W,0,F,N,,,A60EAF218ECEE51511344A29842B24A5BA7CBBA281C2AB12B68BA2D32AE30800,CO,01,No,,,,,09,Wet,01,Signalized,,,,,,
Property Damage Crashes,MSP675100L0,Maryland State Police,"Sideswipe, Opposite Direction",Prince George's,Interstate,No,No,No,No,No,CAPITAL BELTWAY,95,INTERSTATE ROUTE,No,True,No,3/7/2025,No,Point,38.941301554,-76.856326549,MSP,06,16,03,No,23,,23:32,2025,Friday,12,Motor Vehicle In Transport,05,On Roadway,1,,,,,,06,Non-Junction,04,Dark - Not Lighted,3/7/2025,2025-03-07,S,2.27,F,N,,,1BABE1D8769909F9B14BAE6DDC3EC776B9971E755977742B9E1B3EAECF0AB577,IS,01,No,,,,,01,Dry,,,,,,,,
Property Damage Crashes,MSP76640090,Maryland State Police,Front to Rear,Prince George's,Principal Arterial – Other,No,No,No,No,No,CRAIN HWY,301,UNITED STATE ROUTE,No,True,No,2/19/2025,No,Point,38.696460155,-76.870906603,MSP,03,16,03,No,6,,06:30,2025,Wednesday,12,Motor Vehicle In Transport,05,On Roadway,3,,,,,,09,Through Roadway,01,Daylight,2/19/2025,2025-02-19,N,21.61,F,N,,,89CD85267AA38D78E0532244784553606790B9AD4C2CB301F0274C6C91DBEAE0,US,01,No,,,,,01,Dry,,,,,,,,
Property Damage Crashes,DA44370002,Prince George's County Police,Front to Rear,Prince George's,Major Collector,No,No,No,No,No,SURRATTS RD,130,COUNTY ROAD,No,True,Yes,4/1/2025,Yes,Point,38.7513788,-76.8843338,PGCOPD,03,16,03,No,5,,05:25,2025,Tuesday,12,Motor Vehicle In Transport,08,Outside Road/Right-Of-Way,5,,,,STUART LA (NB/L) SUMMIT CREEK DR,,06,Non-Junction,04,Dark - Not Lighted,4/1/2025,2025-04-01,E,250.39,F,N,,,31C6F485D17E023FC3CBF2B035AEA11E2AB15C715EE6E71E34F47AE817D3B175,CO,01,No,,,,,09,Wet,,,N,04,Activity Area,05,Other Type of Work Zone,No
Property Damage Crashes,MSP745300BT,Maryland State Police,Single Vehicle,Prince George's,Interstate,No,No,No,No,No,RAMP 8 FR IS 95 SB TO MD 200 WB,95,RAMP,No,True,No,5/12/2025,No,Point,39.078335767,-76.902880883,MSP,101,16,03,No,0,,00:23,2025,Monday,31,Guardrail End Terminal,09,Roadside,1,,101,State,,,06,Non-Junction,03,Dark - Lighted,5/12/2025,2025-05-12,N,60.07,F,N,,,AF4393BC120EFCBAB3CC6E1304E391808D575CBFD0FC3C897ED47CAFF844F402,RP,01,No,,,,,01,Dry,,,,,,,,
Property Damage Crashes,CE52400031,Laurel Police Department,"Sideswipe, Same Direction",Prince George's,Principal Arterial – Other,No,No,No,No,No,WASHINGTON BLVD (SB/L),1,UNITED STATE ROUTE,No,True,No,4/27/2025,No,Point,39.098467202,-76.849500303,LAUREL,07,16,03,No,20,,20:51,2025,Sunday,12,Motor Vehicle In Transport,05,On Roadway,3,,,,,,06,Non-Junction,03,Dark - Lighted,4/27/2025,2025-04-27,S,12.96,F,N,,,220B5FA1A5FA734AF182723A0A3FC21FF8B03B309A069A842640EB4C12F258A2,US,01,No,,,,,01,Dry,,,,,,,,
Property Damage Crashes,DA3057009P,Prince George's County Police,"Sideswipe, Same Direction",Prince George's,Principal Arterial – Other Freeways and Expressways,No,No,No,No,No,INDIAN HEAD HWY,210,MARYLAND ROUTE,No,True,No,3/5/2025,No,Point,38.782560772,-76.997537934,PGCOPD,07,16,03,No,3,,03:30,2025,Wednesday,12,Motor Vehicle In Transport,05,On Roadway,2,,,,,,06,Non-Junction,04,Dark - Not Lighted,3/5/2025,2025-03-05,W,48.19,F,N,,,EF5B1A37C0FB2D607F929ED42039F39B70AE155252A96C4B079020EED798A8C7,MD,01,No,,,,,01,Dry,,,,,,,,
Property Damage Crashes,MSP546601T9,Maryland State Police,Angle,Prince George's,Principal Arterial – Other,No,No,No,No,No,CENTRAL AVE,214,MARYLAND ROUTE,No,True,No,5/4/2025,No,Point,38.898888333,-76.800063333,MSP,01,16,03,Yes,20,,20:10,2025,Sunday,12,Motor Vehicle In Transport,05,On Roadway,3,,,,,,09,Through Roadway,03,Dark - Lighted,5/4/2025,2025-05-04,S,16.57,F,N,,,8DD3DBD56D997D84176B537AB2F8F02505E78700668218BCFDDF7D909BC1DEF8,MD,01,No,,,,,01,Dry,,,,,,,,
Property Damage Crashes,CBPD0048008J,Bowie Police Department,Unknown,Prince George's,,No,No,No,No,Yes,,,,No,True,No,3/10/2025,No,Point,38.992959,-76.757688,BOWIE,99,16,03,,1,,01:54,2025,Monday,15,Parked Vehicle,04,"Off-Roadway, Location Unknown",,,,,,,,,04,Dark - Not Lighted,3/10/2025,2025-03-10,,,F,N,106,Driveway,,,01,No,35,"Other Fixed Object (wall, building, tunnel, etc.)",04,"Off-Roadway, Location Unknown",,,,,,,,,,
Injury Crashes,DA398700CG,Prince George's County Police,Angle,Prince George's,Principal Arterial – Other,No,No,No,No,No,ANNAPOLIS RD (WB/L),450,MARYLAND ROUTE,No,True,No,4/23/2025,No,Point,38.972245286,-76.773570789,PGCOPD,01,16,02,No,17,,17:43,2025,Wednesday,12,Motor Vehicle In Transport,05,On Roadway,3,,,,,,09,Through Roadway,01,Daylight,4/23/2025,2025-04-23,N,29.28,F,N,,,0B80F38244B997CDDCC81B71617C6DD21A95EA5334B79CE412E9C79648A3E1B7,MD,01,No,,,,,01,Dry,,,,,,,,
Injury Crashes,DA3372004K,Prince George's County Police,Front to Rear,Prince George's,Local,No,No,No,No,No,SOUTHVIEW DR,2251,COUNTY ROAD,No,True,No,5/24/2025,No,Point,38.826779713,-76.986497478,PGCOPD,03,16,02,No,4,,04:25,2025,Saturday,15,Parked Vehicle,05,On Roadway,7,,,,,,06,Non-Junction,03,Dark - Lighted,5/24/2025,2025-05-24,S,11.49,F,N,,,F86E4331B92467FD7DFD68E2468FD2AAC62786504B752563B9829E69CEE3EA40,CO,01,No,,,,,01,Dry,,,,,,,,
Property Damage Crashes,MSP746700F7,Maryland State Police,"Sideswipe, Same Direction",Prince George's,Interstate,No,No,No,No,No,CAPITAL BELTWAY (SB/L),95,INTERSTATE ROUTE,No,True,No,2/17/2025,No,Point,38.883862117,-76.844316717,MSP,07,16,03,No,14,,14:35,2025,Monday,12,Motor Vehicle In Transport,07,"On Shoulder, Right Side",1,,,,,,06,Non-Junction,01,Daylight,2/17/2025,2025-02-17,E,19.85,F,N,,,30833B5BEBFA81D1C78246621840DD58F2C514B0438601853F7B60FB1A75FE82,IS,01,No,,,,,01,Dry,,,,,,,,
Property Damage Crashes,DA43680023,Prince George's County Police,Front to Rear,Prince George's,Principal Arterial – Other Freeways and Expressways,No,No,No,No,No,BRANCH AVE,5,MARYLAND ROUTE,No,True,No,6/6/2025,No,Point,38.815574686,-76.914667320,PGCOPD,03,16,03,No,15,,15:35,2025,Friday,12,Motor Vehicle In Transport,05,On Roadway,2,,,,,,09,Through Roadway,01,Daylight,6/6/2025,2025-06-06,W,38.2,F,N,,,7F0C84440FDAB856C8B7FE9F25E53EAA85B89FFE3D8A8479FA1C634C2304CBEB,MD,01,No,,,,,01,Dry,,,,,,,,
Property Damage Crashes,MSP757700KB,Maryland State Police,Unknown,Prince George's,Major Collector,No,No,No,No,No,VETERANS PKWY,410,MARYLAND ROUTE,No,True,No,4/26/2025,No,Point,38.942566667,-76.880636667,MSP,99,16,03,No,19,02,19:06,2025,Saturday,12,Motor Vehicle In Transport,05,On Roadway,5,Perpendicular,,,RAMP 3 FR RAMP 6 (FR US 50) TO MD 410 NB,03,05,Intersection or Related,01,Daylight,4/26/2025,2025-04-26,E,0,F,N,,,7683F3ED39E5C84AAFA4475FB1AB1BD9CF7D902FCD5D391272FEA9D5EF548AC1,MD,01,No,97,Not Applicable,,,01,Dry,01,Signalized,,,,,,
Property Damage Crashes,MSP78710047,Maryland State Police,Angle,Prince George's,Principal Arterial – Other,No,No,No,No,No,,1,UNITED STATE ROUTE,No,True,No,5/23/2025,No,Point,39.034038808,-76.908584023,MSP,01,16,03,No,17,,17:31,2025,Friday,12,Motor Vehicle In Transport,05,On Roadway,3,,,,,,09,Through Roadway,01,Daylight,5/23/2025,2025-05-23,E,5.58,F,N,,,78DD8D5D08488E409D4EE2B34DAD8764D2A55BA98C1760200EC8C12BA043921F,US,01,No,,,,,01,Dry,,,,,,,,
Property Damage Crashes,MSP7843001L,Maryland State Police,Single Vehicle,Prince George's,Interstate,No,No,No,No,No,RAMP 7 FR IS 595 WB TO MD 704 SB,595,RAMP,No,True,No,3/9/2025,No,Point,38.947968569,-76.838794099,MSP,101,16,03,Yes,5,,05:36,2025,Sunday,29,Embankment,09,Roadside,1,,,,,,04,Entrance/Exit Ramp or Related,04,Dark - Not Lighted,3/9/2025,2025-03-09,W,15.89,F,N,,,31A9EACECAAA6B49938932B279FDA116858221CD61E177CD83F31FBE4A353A65,RP,01,No,,,,,01,Dry,,,,,,,,
Injury Crashes,MSP7872002Q,Maryland State Police,Front to Rear,Prince George's,Interstate,No,No,No,No,No,CAPITAL BELTWAY (SB LOCAL),95,INTERSTATE ROUTE,No,True,No,2/26/2025,No,Point,38.806378233,-76.991627567,MSP,03,16,02,No,19,,19:12,2025,Wednesday,12,Motor Vehicle In Transport,05,On Roadway,1,,,,,,09,Through Roadway,03,Dark - Lighted,2/26/2025,2025-02-26,S,23.3,F,N,,,FF43DF86F29F161D18F84166296BD3D6A1E2EDA78145E804F6DE0C126CDAA060,IS,01,No,,,,,01,Dry,,,,,,,,
Property Damage Crashes,DA4057008T,Prince George's County Police,Angle,Prince George's,Major Collector,No,Yes,No,No,No,CARTER AVE,1043,COUNTY ROAD,Yes,True,No,5/8/2025,No,Point,38.965410546,-76.845914608,PGCOPD,01,16,03,Yes,9,04,09:56,2025,Thursday,12,Motor Vehicle In Transport,05,On Roadway,5,Perpendicular,,,ANNAPOLIS RD (WB/L),03,05,Intersection or Related,01,Daylight,5/8/2025,2025-05-08,N,0,F,N,,,708CC9271947F6349518CA2301FD905C5C226901D68D42C4EE6B6A243C8757B8,CO,02,"Yes, School Bus Directly Involved",,,,,01,Dry,01,Signalized,,,,,,