Crash Severity Description,Reportnumber,Agencyname,CollisionImpact Description,Crash County Description,FunctionalClass Description,ImpairedCrash,Large Vehicle Involved,Motorcycle Crash,Non-Motorist Crash,OffRoad,RoadName,Route Number,RouteType Description,Unrestrained Occupants,WithinDateRange,Work Zone Related,Crashdate,Work Zone Crash,CrashPoint,Latitude,Longitude,AgencyCode,CollisionImpact,Crash County,Crash Severity,Crash Within Interchange,Crashhour,CrashInterchangeApproaches,Crashtime,CrashYear,Dayofweek,FirstHarmEvent,FirstHarmEvent Description,FirstHarmLocation,FirstHarmLocation Description,FunctionalClass,Geometry Description,GovPropertyDamage,GovPropertyDamage Description,IntersectingRoadName,Intersection Geometry,JunctionRelated,JunctionRelated Description,Light,Light Description,LOD Crash Date,LOD Date Level,MilepointDirection,MilepointDistance,MilepointUnits,NonTrafficFatal,OffroadLocation,OffroadLocation Description,RoadID,RouteType,SchoolBusRelated,SchoolBusRelated Description,SecondHarmEvent,SecondHarmEvent Description,SecondHarmLocation,SecondHarmLocation Description,Surface,Surface Description,TrafficControl,Trafficcontrol Description,WZLawEnforcementPresent,WZLocation,WZLocation Description,WZType,WZType Description,WZWorkersPresent
Property Damage Crashes,DA43650042,Prince George's County Police,Angle,Prince George's,Major Collector,No,No,No,No,No,PRINCESS GARDEN PKWY,300,COUNTY ROAD,No,True,No,5/11/2025,No,Point,38.968249984,-76.865107153,PGCOPD,01,16,03,No,18,04,18:53,2025,Sunday,12,Motor Vehicle In Transport,05,On Roadway,5,Perpendicular,,,SPRING AVE,03,05,Intersection or Related,01,Daylight,5/11/2025,2025-05-11,W,0,F,N,,,9AC30C763A50C8A236E716150C922A02294EE553536CEE0E3E519722999607E1,CO,01,No,30,Fence,09,Roadside,01,Dry,03,Stop - Partial,,,,,,
Injury Crashes,DA4316004Q,Prince George's County Police,Angle,Prince George's,Minor Arterial,No,No,No,No,No,OLD BALTIMORE PIKE,23,COUNTY ROAD,Yes,True,No,1/27/2025,No,Point,39.050965000,-76.888951933,PGCOPD,01,16,02,No,7,,07:58,2025,Monday,12,Motor Vehicle In Transport,05,On Roadway,4,,,,,,06,Non-Junction,01,Daylight,1/27/2025,2025-01-27,E,0,F,N,,,ECD1C60A1F5D70D82BE42130482136E3B551E70087DEE500BD01050A4E1DD36B,CO,01,No,,,,,01,Dry,,,,,,,,
Property Damage Crashes,DA4395001V,Prince George's County Police,Angle,Prince George's,Local,No,No,No,No,No,COOL SPRING RD,252,COUNTY ROAD,No,True,No,3/8/2025,No,Point,38.987641034,-76.956612918,PGCOPD,01,16,03,No,17,,17:50,2025,Saturday,12,Motor Vehicle In Transport,05,On Roadway,7,,,,ADELPHI RD,,02,Crossover-Related,01,Daylight,3/8/2025,2025-03-08,N,0,F,N,,,EAE73F19F6BFB544FA725A9A5A817E28E0B3E2C882611758FD1D17905CD49D7A,CO,01,No,,,,,01,Dry,,,,,,,,
Property Damage Crashes,DA419600DH,Prince George's County Police,Front to Rear,Prince George's,Minor Arterial,No,Yes,No,No,No,WHEELER RD,110,COUNTY ROAD,No,True,No,4/17/2025,No,Point,38.816042500,-76.963219500,PGCOPD,03,16,03,No,12,,12:36,2025,Thursday,12,Motor Vehicle In Transport,05,On Roadway,4,,,,,,99,Unknown,01,Daylight,4/17/2025,2025-04-17,N,59.16,F,N,,,9F1DFC6F19D5CAD71C93028A9C6FE58E477AB99536F3D9699C6904845A114A6B,CO,01,No,,,,,01,Dry,,,,,,,,
Property Damage Crashes,DA4381002C,Prince George's County Police,Rear To Side,Prince George's,,No,Yes,No,No,No,,1145,PRIVATE ROAD,Yes,True,No,1/27/2025,No,Point,38.970589101,-76.903974076,PGCOPD,05,16,03,No,11,,11:30,2025,Monday,12,Motor Vehicle In Transport,02,In Parking Lane Or Zone,,,,,,,06,Non-Junction,01,Daylight,1/27/2025,2025-01-27,E,49.75,F,N,,,3025BEECDF0CADDBD50BCE820F37C680210159366B97BA3A54F486A4664A16D2,PV,02,"Yes, School Bus Directly Involved",12,Motor Vehicle In Transport,02,In Parking Lane Or Zone,01,Dry,,,,,,,,
Property Damage Crashes,DA41020085,Prince George's County Police,Unknown,Prince George's,Local,No,No,No,No,No,34TH AVE,9340,MUNICIPAL ROAD,No,True,No,1/27/2025,No,Point,39.000769850,-76.949570947,PGCOPD,99,16,03,No,14,,14:46,2025,Monday,12,Motor Vehicle In Transport,05,On Roadway,7,,,,,,09,Through Roadway,99,Unknown,1/27/2025,2025-01-27,S,18.23,F,N,,,C41D39888A3F2BCD77D36492A740C33F2682447F427D27A696A073A3CD9CA868,MU,01,No,15,Parked Vehicle,05,On Roadway,99,Unknown,,,,,,,,
Property Damage Crashes,MSP745800SZ,Maryland State Police,Single Vehicle,Prince George's,Interstate,No,No,No,No,No,CAPITAL BELTWAY (SB/L),95,INTERSTATE ROUTE,No,True,No,5/13/2025,No,Point,38.817986667,-76.941556667,MSP,101,16,03,No,10,,10:33,2025,Tuesday,32,Guardrail Face,06,"On Shoulder, Left Side",1,,101,State,,,01,Acceleration/Deceleration Lane,01,Daylight,5/13/2025,2025-05-13,N,51.04,F,N,,,EC196EF13B38BD7B71E08163248810ADF3D82785D81A5DDF05C9BAEC4C267F51,IS,01,No,,,,,09,Wet,,,,,,,,
Property Damage Crashes,MSP766400CH,Maryland State Police,Front to Rear,Prince George's,Interstate,No,No,No,No,No,CAPITAL BELTWAY,95,INTERSTATE ROUTE,No,True,No,5/22/2025,No,Point,38.817901667,-76.944958333,MSP,03,16,03,No,5,,05:02,2025,Thursday,12,Motor Vehicle In Transport,05,On Roadway,1,,,,,,09,Through Roadway,04,Dark - Not Lighted,5/22/2025,2025-05-22,E,34.14,F,N,,,404ED42500F4DA79B12431588D9BC57B6A26C15049F377AFB932D9257DBCE8F4,IS,01,No,,,,,09,Wet,,,,,,,,
Property Damage Crashes,DA43270043,Prince George's County Police,"Sideswipe, Same Direction",Prince George's,Local,Yes,No,No,No,No,ROCHELLE AVE,5052,OTHER PUBLIC ROAD,No,True,No,5/25/2025,No,Point,38.865650272,-76.896503279,PGCOPD,07,16,03,No,23,,23:55,2025,Sunday,12,Motor Vehicle In Transport,05,On Roadway,7,,,,,,06,Non-Junction,03,Dark - Lighted,5/25/2025,2025-05-25,E,42.94,F,N,,,A5A531B70207A3D6E4B1E14B20A6339744A141DE74733ABCF579C5779702E2FC,OP,01,No,,,,,01,Dry,,,,,,,,
Injury Crashes,HV0142000F,University Park Police,Single Vehicle,Prince George's,Local,No,No,No,No,No,WELLS PKWY E #1,161,MUNICIPAL ROAD,No,True,No,1/19/2025,No,Point,38.967414015,-76.938715166,UNIVERSITYPARK,101,16,02,No,3,,03:12,2025,Sunday,41,Utility Pole/Light Support,09,Roadside,7,,,,BALTIMORE AVE,,09,Through Roadway,03,Dark - Lighted,1/19/2025,2025-01-19,E,11.44,F,N,,,C8DA13C7E532C5FBBF8EA167BE8BEED5032F345AA116133AD01B23212D951F50,MU,01,No,12,Motor Vehicle In Transport,05,On Roadway,01,Dry,,,,,,,,
Property Damage Crashes,DA4428000M,Prince George's County Police,Front to Rear,Prince George's,Principal Arterial – Other,No,No,No,No,No,GREENBELT RD (WB/L),193,MARYLAND ROUTE,No,True,No,2/27/2025,No,Point,38.990998552,-76.852525853,PGCOPD,03,16,03,No,9,,09:44,2025,Thursday,12,Motor Vehicle In Transport,05,On Roadway,3,,,,,,09,Through Roadway,01,Daylight,2/27/2025,2025-02-27,S,10.27,F,N,,,CCF5F0D83C81BBF70B31B8D476AE1A266EBA07B4E8DADDCB2D275F2E8CF06A62,MD,01,No,12,Motor Vehicle In Transport,05,On Roadway,09,Wet,,,,,,,,
Property Damage Crashes,MSP7657008H,Maryland State Police,Front to Rear,Prince George's,Principal Arterial – Other Freeways and Expressways,No,No,No,No,No,BRANCH AVE,5,MARYLAND ROUTE,No,True,No,5/17/2025,No,Point,38.748255204,-76.879418295,MSP,03,16,03,No,20,,20:41,2025,Saturday,12,Motor Vehicle In Transport,05,On Roadway,2,,,,,,06,Non-Junction,04,Dark - Not Lighted,5/17/2025,2025-05-17,N,18.2,F,N,,,9A90EA0DEF540CE64EB49E5B35E53EC082CEF7CDF3FD2C1B31B043264F11416D,MD,01,No,,,,,01,Dry,,,,,,,,
Property Damage Crashes,DA3707004H,Prince George's County Police,Angle,Prince George's,Major Collector,No,No,No,No,No,LOTTSFORD VISTA RD,67,COUNTY ROAD,No,True,No,2/1/2025,No,Point,38.936106266,-76.822485659,PGCOPD,01,16,03,No,9,02,09:25,2025,Saturday,12,Motor Vehicle In Transport,05,On Roadway,5,Perpendicular,,,MEADOWRIDGE LA,03,05,Intersection or Related,01,Daylight,2/1/2025,2025-02-01,N,0,F,N,,,BB1922D3A4A67CB55748F69AE678D220A8D57FA6BF40B1897A12222214381F74,CO,01,No,,,,,01,Dry,03,Stop - Partial,,,,,,
Injury Crashes,MSP738100BQ,Maryland State Police,Front to Rear,Prince George's,Interstate,No,No,No,No,No,CAPITAL BELTWAY,95,INTERSTATE ROUTE,No,True,No,2/18/2025,No,Point,38.922309082,-76.853053659,MSP,03,16,02,No,15,,15:04,2025,Tuesday,12,Motor Vehicle In Transport,05,On Roadway,1,,,,,,01,Acceleration/Deceleration Lane,01,Daylight,2/18/2025,2025-02-18,N,31.9,F,N,,,B78CDC15E1E44069949F7D22BDF22E23802651A970FF6ED05E0863BE97DA52E1,IS,01,No,,,,,01,Dry,,,,,,,,
Property Damage Crashes,DA4330002J,Prince George's County Police,Front to Front,Prince George's,Minor Arterial,No,Yes,No,No,No,,564,MARYLAND ROUTE,Yes,True,No,4/18/2025,No,Point,38.981292343,-76.829586288,PGCOPD,02,16,03,Yes,14,03,14:30,2025,Friday,12,Motor Vehicle In Transport,05,On Roadway,4,Perpendicular,,,GREEN HAVEN RD,03,05,Intersection or Related,01,Daylight,4/18/2025,2025-04-18,S,0,F,N,,,FED1D54E26D393771E20DDCC8A373DB73C5A00514275503D48528C03EE0CBC97,MD,01,No,,,,,01,Dry,05,No Controls,,,,,,
Property Damage Crashes,MSP697200G1,Maryland State Police,Front to Rear,Prince George's,Interstate,No,No,No,No,No,CAPITAL BELTWAY,95,INTERSTATE ROUTE,No,True,No,3/11/2025,No,Point,38.997529227,-76.890581769,MSP,03,16,03,Yes,23,,23:39,2025,Tuesday,12,Motor Vehicle In Transport,05,On Roadway,1,,,,,,04,Entrance/Exit Ramp or Related,04,Dark - Not Lighted,3/11/2025,2025-03-11,S,30.48,F,N,,,95F331D3D03340CAD78FE0D6AD42FD1B4A568C97C4177394FA476D97F44E2B8F,IS,01,No,,,,,01,Dry,,,,,,,,
Property Damage Crashes,DA3943002D,Prince George's County Police,Front to Rear,Prince George's,,No,No,No,No,No,,50,UNITED STATE ROUTE,No,True,No,2/17/2025,No,Point,38.946829989,-76.824355418,PGCOPD,03,16,03,No,14,,14:15,2025,Monday,12,Motor Vehicle In Transport,05,On Roadway,,,,,,,06,Non-Junction,01,Daylight,2/17/2025,2025-02-17,N,6.53,F,N,,,8A3853A36A43CF86AC937378FFEE086CDB60E37E302D98A1AC1FF46EB3401AC6,US,01,No,97,Not Applicable,,,01,Dry,,,,,,,,
Property Damage Crashes,DA34650087,Prince George's County Police,Angle,Prince George's,Local,No,No,No,No,No,AARON LA,1355,COUNTY ROAD,No,True,No,5/19/2025,No,Point,38.780927300,-76.899077696,PGCOPD,01,16,03,No,8,,08:30,2025,Monday,12,Motor Vehicle In Transport,05,On Roadway,7,,,,OLD BRANCH AVE,,06,Non-Junction,01,Daylight,5/19/2025,2025-05-19,N,17.76,F,N,,,AB70DD97358BEEAEC8E94AD6B49B4E63F18371994E46CAE38FBDF7FC4704893C,CO,01,No,,,,,01,Dry,,,,,,,,
Property Damage Crashes,MSP617100MG,Maryland State Police,"Sideswipe, Same Direction",Prince George's,Interstate,No,Yes,No,No,No,CAPITAL BELTWAY (SB/L),95,INTERSTATE ROUTE,No,True,No,1/29/2025,No,Point,39.004958333,-76.897363333,MSP,07,16,03,No,19,,19:35,2025,Wednesday,12,Motor Vehicle In Transport,05,On Roadway,1,,,,,,06,Non-Junction,03,Dark - Lighted,1/29/2025,2025-01-29,N,32.56,F,N,,,4B48C3812E02491D38DF21AC38F39CF3B965F2152F0615235CFD675906192F26,IS,01,No,,,,,01,Dry,,,,,,,,
Property Damage Crashes,DA4309002H,Prince George's County Police,Front to Rear,Prince George's,Minor Arterial,No,No,No,No,No,LOTTSFORD RD,64,COUNTY ROAD,No,True,No,1/23/2025,No,Point,38.919802745,-76.815217492,PGCOPD,03,16,03,Yes,11,,11:29,2025,Thursday,12,Motor Vehicle In Transport,05,On Roadway,4,,,,LOTTSFORD VISTA RD ST GEORGES WAY,,99,Unknown,99,Unknown,1/23/2025,2025-01-23,W,33.23,F,N,,,DEB56A923EDE2CD13BD64DFFEE028E2AC2B68A0798566B8B01E68965E53E9F6A,CO,01,No,,,,,02,Ice/Frost,,,,,,,,
Property Damage Crashes,MSP77730020,Maryland State Police,Single Vehicle,Prince George's,Interstate,No,No,No,No,No,RAMP 8 FR IS 95 SB TO MD 212 WB,95,RAMP,No,True,No,4/6/2025,No,Point,39.051227508,-76.932688624,MSP,101,16,03,No,9,,09:30,2025,Sunday,32,Guardrail Face,09,Roadside,1,,,,,,04,Entrance/Exit Ramp or Related,01,Daylight,4/6/2025,2025-04-06,W,41.96,F,N,,,2AF41E8F2CC2E48F1CCCA4680891122F49EFDE5DA4F8C6989B2559F9843E992E,RP,01,No,,,,,09,Wet,,,,,,,,
Property Damage Crashes,DA33510022,Prince George's County Police,"Sideswipe, Same Direction",Prince George's,Principal Arterial – Other,No,Yes,No,No,No,LAUREL BOWIE RD (SB/L),197,MARYLAND ROUTE,No,True,No,5/30/2025,No,Point,39.064912212,-76.839625471,PGCOPD,07,16,03,No,16,,16:30,2025,Friday,12,Motor Vehicle In Transport,05,On Roadway,3,,,,,,06,Non-Junction,01,Daylight,5/30/2025,2025-05-30,W,6.43,F,N,,,8E49D8AD08A218E08A60D7B15A3CEB31ED940759DB3EF0A300327D4084FF790E,MD,02,"Yes, School Bus Directly Involved",,,,,01,Dry,,,,,,,,
Property Damage Crashes,DA4343003K,Prince George's County Police,Front to Rear,Prince George's,Local,No,No,No,No,No,CARDINAL AVE,1923,COUNTY ROAD,No,True,No,6/1/2025,No,Point,39.039989167,-76.915554315,PGCOPD,03,16,03,No,19,,19:37,2025,Sunday,15,Parked Vehicle,05,On Roadway,7,,,,,,06,Non-Junction,01,Daylight,6/1/2025,2025-06-01,N,6.67,F,N,,,8EE15F74ED30EDC8CB1153E69839D7C30E9C8FB7D7CD392D31D02173B4987808,CO,01,No,,,,,01,Dry,,,,,,,,
Property Damage Crashes,DA4380002W,Prince George's County Police,Front to Rear,Prince George's,Principal Arterial – Other Freeways and Expressways,No,No,No,No,No,INDIAN HEAD HWY (SB/L),210,MARYLAND ROUTE,No,True,No,3/1/2025,No,Point,38.685618296,-76.994724073,PGCOPD,03,16,03,No,14,,14:12,2025,Saturday,12,Motor Vehicle In Transport,05,On Roadway,2,,,,,,01,Acceleration/Deceleration Lane,01,Daylight,3/1/2025,2025-03-01,N,44.31,F,N,,,FA49A56DA7A79A8D43B2AE98A0457789274080BE37F746E10AF103E4733BF935,MD,01,No,,,,,01,Dry,,,,,,,,
Injury Crashes,MSP69310139,Maryland State Police,"Sideswipe, Same Direction",Prince George's,Interstate,No,No,No,No,No,RAMP 11 FR MD 210 NB TO IS 295 NB,95,RAMP,No,True,No,2/26/2025,No,Point,38.800448333,-76.999891667,MSP,07,16,02,No,11,,11:51,2025,Wednesday,12,Motor Vehicle In Transport,05,On Roadway,1,,101,State,,,06,Non-Junction,01,Daylight,2/26/2025,2025-02-26,E,37.28,F,N,,,27A355A217C126A385860A355AF699716F678B2FF95566FCADEE16ED06E49C23,RP,01,No,32,Guardrail Face,09,Roadside,01,Dry,,,,,,,,
Property Damage Crashes,DA4225007R,Prince George's County Police,Single Vehicle,Prince George's,Local,No,No,No,No,No,BOOKER DR,3850,COUNTY ROAD,Yes,True,No,4/6/2025,No,Point,38.903898820,-76.898989515,PGCOPD,101,16,03,No,5,,05:40,2025,Sunday,35,"Other Fixed Object (wall, building, tunnel, etc.)",10,Separator/Traffic Island,7,,,,,,99,Unknown,03,Dark - Lighted,4/6/2025,2025-04-06,E,20.64,F,N,,,12ED03F9C3EB205C6EA76E31AC8E5365026BCD33AA0B97A97223CAC4D7CF1629,CO,01,No,,,,,01,Dry,,,,,,,,
Property Damage Crashes,DA3774008K,Prince George's County Police,Front to Front,Prince George's,Principal Arterial – Other,No,No,No,No,No,RIVERDALE RD,410,MARYLAND ROUTE,No,True,No,3/14/2025,No,Point,38.961188133,-76.904032078,PGCOPD,02,16,03,No,19,,19:01,2025,Friday,12,Motor Vehicle In Transport,05,On Roadway,3,,,,,,02,Crossover-Related,01,Daylight,3/14/2025,2025-03-14,S,15.33,F,N,,,7EB5F7BEB490712015BC4EDD61089B225BC795C446E3627A583755696D2DAC5C,MD,01,No,,,,,01,Dry,,,,,,,,
Property Damage Crashes,MSP563100JR,Maryland State Police,"Sideswipe, Same Direction",Prince George's,Interstate,No,Yes,No,No,No,CAPITAL BELTWAY (SB/L),95,INTERSTATE ROUTE,No,True,No,4/28/2025,No,Point,38.818576667,-76.932128333,MSP,07,16,03,No,13,,13:03,2025,Monday,12,Motor Vehicle In Transport,05,On Roadway,1,,,,,,06,Non-Junction,01,Daylight,4/28/2025,2025-04-28,W,11.37,F,N,,,ADC67EBB81195B1474A16B5D7381D03A0C8A141071DBB8E96383B0118DDAA010,IS,01,No,32,Guardrail Face,06,"On Shoulder, Left Side",01,Dry,,,,,,,,
Property Damage Crashes,DA4365003S,Prince George's County Police,Front to Rear,Prince George's,Principal Arterial – Other,No,No,No,No,No,GREENBELT RD (WB/L),193,MARYLAND ROUTE,No,True,No,3/1/2025,No,Point,38.991036057,-76.847927061,PGCOPD,03,16,03,No,21,,21:10,2025,Saturday,12,Motor Vehicle In Transport,05,On Roadway,3,,,,,,09,Through Roadway,04,Dark - Not Lighted,3/1/2025,2025-03-01,W,53.29,F,N,,,430E250FF5C84F7693D99F84B4ECB86A105530F88AB777E2C5CF5915146AE75A,MD,01,No,,,,,01,Dry,,,,,,,,
Property Damage Crashes,DA4304006L,Prince George's County Police,Unknown,Prince George's,Minor Arterial,No,No,No,No,No,RIGGS RD,212,MARYLAND ROUTE,No,True,No,4/11/2025,No,Point,39.024574616,-76.966773120,PGCOPD,99,16,03,No,21,,21:20,2025,Friday,12,Motor Vehicle In Transport,05,On Roadway,4,,,,,,06,Non-Junction,04,Dark - Not Lighted,4/11/2025,2025-04-11,N,20.37,F,N,,,9D02A4AD14E93CE5E6D67A244D72DF6D48028A97C2D27F1B88931B3EFDCE4644,MD,01,No,,,,,09,Wet,,,,,,,,
Property Damage Crashes,CBPD0131000K,Bowie Police Department,Angle,Prince George's,Principal Arterial – Other,No,No,No,No,No,COLLINGTON RD (SB/L),197,MARYLAND ROUTE,No,True,No,5/22/2025,No,Point,38.945938429,-76.729977559,BOWIE,01,16,03,Yes,15,04,15:23,2025,Thursday,12,Motor Vehicle In Transport,05,On Roadway,3,Perpendicular,,,EVERGREEN PKWY (SB/L),03,05,Intersection or Related,01,Daylight,5/22/2025,2025-05-22,S,0,F,N,,,940D3F1D6BAFB639C1D7A10D177F142D45DFE840DAF2350C73FA4D5CBA903E69,MD,01,No,,,,,09,Wet,01,Signalized,,,,,,
Injury Crashes,DA4374003C,Prince George's County Police,Front to Front,Prince George's,Minor Arterial,No,No,No,No,No,LANHAM SEVERN RD,564,MARYLAND ROUTE,No,True,No,3/3/2025,No,Point,38.967522266,-76.855060243,PGCOPD,02,16,02,No,19,,19:20,2025,Monday,12,Motor Vehicle In Transport,05,On Roadway,4,,,,,,09,Through Roadway,03,Dark - Lighted,3/3/2025,2025-03-03,S,14.69,F,N,,,BC8C5C28CD5E395FE380E65CF93A65B73BABEBDE22D54D7DCF18FAC93496E57F,MD,01,No,,,,,01,Dry,,,,,,,,
Property Damage Crashes,DA4066006S,Prince George's County Police,Front to Rear,Prince George's,Major Collector,No,No,No,No,No,CHILLUM RD,70,MUNICIPAL ROAD,No,True,No,6/4/2025,No,Point,38.949199224,-76.962348247,PGCOPD,03,16,03,No,8,,08:37,2025,Wednesday,15,Parked Vehicle,05,On Roadway,5,,,,,,99,Unknown,01,Daylight,6/4/2025,2025-06-04,N,20.33,F,N,,,0D6CB92FFAFCCA184F5FC73CD0A84F931A1AB2091678A74ED4952387D0BB2426,MU,01,No,,,,,01,Dry,,,,,,,,
Property Damage Crashes,DA4413000S,Prince George's County Police,Front to Front,Prince George's,,No,No,No,No,No,,302,COUNTY ROAD,No,True,No,4/19/2025,No,Point,38.963324307,-76.900261681,PGCOPD,02,16,03,No,21,,21:35,2025,Saturday,12,Motor Vehicle In Transport,05,On Roadway,,,,,VETERANS PKWY (WB/L),,06,Non-Junction,03,Dark - Lighted,4/19/2025,2025-04-19,S,20.85,F,N,,,3F0691460E6604EBA64BF136F32DCE4015D69BB5262F927AF299849BFA187610,CO,01,No,,,,,01,Dry,,,,,,,,
Property Damage Crashes,CE4587008K,Laurel Police Department,Rear To Side,Prince George's,,No,No,No,No,Yes,,,,No,True,No,4/15/2025,No,Point,39.080849064,-76.867586946,LAUREL,05,16,03,,12,,12:43,2025,Tuesday,15,Parked Vehicle,02,In Parking Lane Or Zone,,,,,,,,,01,Daylight,4/15/2025,2025-04-15,,,F,N,101,Parking Aisle,,,01,No,,,,,,,,,,,,,,
Property Damage Crashes,MSP617100P2,Maryland State Police,Single Vehicle,Prince George's,Principal Arterial – Other Freeways and Expressways,No,No,No,No,No,JOHN HANSON HWY (WB/L),50,UNITED STATE ROUTE,No,True,No,5/10/2025,No,Point,38.930263333,-76.897925,MSP,101,16,03,No,16,,16:31,2025,Saturday,32,Guardrail Face,03,Median,2,,101,State,,,06,Non-Junction,01,Daylight,5/10/2025,2025-05-10,W,21.53,F,N,,,857FCEF1CE3F57B110372D63477BEE286C45C0D8C44A685B20F5DADC93D81844,US,01,No,,,,,01,Dry,,,,,,,,
Property Damage Crashes,MSP647600HV,Maryland State Police,"Sideswipe, Same Direction",Prince George's,Principal Arterial – Other Freeways and Expressways,No,No,No,No,No,RAMP 3 FR MD 223 EB TO MD 5 NB,5,RAMP,No,True,No,4/6/2025,No,Point,38.772676720,-76.886322947,MSP,07,16,03,No,16,,16:22,2025,Sunday,12,Motor Vehicle In Transport,05,On Roadway,2,,,,,,09,Through Roadway,01,Daylight,4/6/2025,2025-04-06,S,14.78,F,N,,,9AE3942FA126D0503E598343A64C57F12B88EAF1E4338B85AA7934AC62E50970,RP,01,No,,,,,01,Dry,,,,,,,,
Injury Crashes,DA4426000G,Prince George's County Police,Front to Front,Prince George's,,No,No,No,No,No,MARLBORO PIKE (NB/L),3074,COUNTY ROAD,No,True,No,2/8/2025,No,Point,38.851989540,-76.892175180,PGCOPD,02,16,02,No,18,,18:19,2025,Saturday,12,Motor Vehicle In Transport,05,On Roadway,,,,,EDFELDT DR,,06,Non-Junction,03,Dark - Lighted,2/8/2025,2025-02-08,S,19.85,F,N,,,BF14653FA750E8F865C46654C41EA2A22EEE58160C206F52EDA6372FF83E221B,CO,01,No,,,,,09,Wet,,,,,,,,
Property Damage Crashes,DS05310007,University of Maryland Police College Park,"Sideswipe, Opposite Direction",Prince George's,Local,No,No,No,No,No,PAINT BRANCH DR,95,STATE ROAD,No,True,No,3/13/2025,No,Point,38.996968121,-76.939246992,UMCP,06,16,03,No,9,,09:25,2025,Thursday,12,Motor Vehicle In Transport,05,On Roadway,7,,,,,,06,Non-Junction,01,Daylight,3/13/2025,2025-03-13,S,28.33,F,N,,,5397C07F57C72CB6ADA3CE4270E4D64F12F02D1BAB5F9C7D87294FAC70A73533,SR,01,No,,,,,01,Dry,,,,,,,,
Property Damage Crashes,CP0110003N,Mount Rainier Police Department,Front to Front,Prince George's,Local,No,No,No,No,No,ARUNDEL RD,20,MUNICIPAL ROAD,No,True,No,1/19/2025,No,Point,38.944867039,-76.971712138,MTRAINIER,02,16,03,Yes,16,02,16:56,2025,Sunday,12,Motor Vehicle In Transport,05,On Roadway,7,Perpendicular,,,RUSSELL AVE VARNUM ST #2,03,05,Intersection or Related,101,Dusk,1/19/2025,2025-01-19,N,0,F,N,,,812849B90B1BB221816D9573498C4975D4868763E2FA1FF2858A971B1274D8A1,MU,01,No,12,Motor Vehicle In Transport,05,On Roadway,07,Snow,02,Stop - All Way,,,,,,
Property Damage Crashes,DA373600CV,Prince George's County Police,Single Vehicle,Prince George's,Minor Arterial,No,No,No,No,No,BOCK RD,148,COUNTY ROAD,No,True,No,2/11/2025,No,Point,38.796109222,-76.976319806,PGCOPD,101,16,03,No,17,,17:25,2025,Tuesday,27,Curb,09,Roadside,4,,,,,,09,Through Roadway,03,Dark - Lighted,2/11/2025,2025-02-11,N,173.81,F,N,,,2FAB3FF11C7F33D1D462D2A30324FF394B4EC6C51BDD8019D9BB844F3A5CEF4B,CO,01,No,40,Tree (standing),07,"On Shoulder, Right Side",07,Snow,,,,,,,,
Property Damage Crashes,DA418800G8,Prince George's County Police,Angle,Prince George's,,No,No,No,No,No,,909,CROSSOVER,No,True,No,4/30/2025,No,Point,38.973997940,-76.995275164,PGCOPD,01,16,03,Yes,19,04,19:33,2025,Wednesday,12,Motor Vehicle In Transport,05,On Roadway,,Perpendicular,,,NEW HAMPSHIRE AVE TAKOMA PARK SC ENT,03,05,Intersection or Related,01,Daylight,4/30/2025,2025-04-30,W,0,F,N,,,ACA00D2722342BE5D8B9F453215381E67D255B933413A9F4380724FED9DAA6D9,XO,01,No,,,,,01,Dry,01,Signalized,,,,,,
Property Damage Crashes,DA3746009Z,Prince George's County Police,Other,Prince George's,Local,No,No,No,No,No,SYMPOSIUM WAY,5886,COUNTY ROAD,No,True,No,5/8/2025,No,Point,38.747741370,-76.896875495,PGCOPD,98,16,03,No,23,,23:19,2025,Thursday,12,Motor Vehicle In Transport,05,On Roadway,7,,,,,,06,Non-Junction,03,Dark - Lighted,5/8/2025,2025-05-08,N,71.35,F,N,,,9D9BF45612B2C1B801D971269489EDA35386C9B9E3AAF60D1227B5FAD1ECD9A8,CO,01,No,15,Parked Vehicle,99,Unknown,01,Dry,,,,,,,,
Property Damage Crashes,MSP757700KH,Maryland State Police,Single Vehicle,Prince George's,Interstate,No,No,No,No,No,NO NAME,95,INTERSTATE ROUTE,No,True,No,5/4/2025,No,Point,39.089791667,-76.893188333,MSP,101,16,03,No,1,,01:40,2025,Sunday,28,Ditch,03,Median,1,,,,,,09,Through Roadway,03,Dark - Lighted,5/4/2025,2025-05-04,S,38.58,F,N,,,337E631B758F61E7BAF97216DB90DB580AA149B74230CA8BCB5498EAAC168F34,IS,01,No,97,Not Applicable,,,09,Wet,,,,,,,,
Property Damage Crashes,DA4413000J,Prince George's County Police,Front to Front,Prince George's,Local,No,No,No,No,No,CARTERS LA,322,COUNTY ROAD,No,True,No,2/27/2025,No,Point,38.953950415,-76.923523881,PGCOPD,02,16,03,No,6,03,06:20,2025,Thursday,12,Motor Vehicle In Transport,05,On Roadway,7,Perpendicular,,,KENILWORTH AVE (SB/L),03,05,Intersection or Related,03,Dark - Lighted,2/27/2025,2025-02-27,W,0,F,N,,,1ABE2F89528FD181D0835B7C15EA87A33E85A2CAE82494752540E6301B78F8A5,CO,01,No,,,,,01,Dry,03,Stop - Partial,,,,,,
Property Damage Crashes,MSP7843001F,Maryland State Police,"Sideswipe, Same Direction",Prince George's,Interstate,No,No,No,No,No,RAMP 7 FR IS 95 WB TO US 1 SB,95,RAMP,No,True,No,3/2/2025,No,Point,39.018439457,-76.922111978,MSP,07,16,03,No,12,,12:30,2025,Sunday,12,Motor Vehicle In Transport,05,On Roadway,1,,,,,,06,Non-Junction,01,Daylight,3/2/2025,2025-03-02,N,26.98,F,N,,,33B657606812B9FED4794D1022BD4201522791A49C01AF9CFAEEF6ADC549A2FE,RP,01,No,,,,,01,Dry,,,,,,,,