Crash Severity Description,Reportnumber,Agencyname,CollisionImpact Description,Crash County Description,FunctionalClass Description,ImpairedCrash,Large Vehicle Involved,Motorcycle Crash,Non-Motorist Crash,OffRoad,RoadName,Route Number,RouteType Description,Unrestrained Occupants,WithinDateRange,Work Zone Related,Crashdate,Work Zone Crash,CrashPoint,Latitude,Longitude,AgencyCode,CollisionImpact,Crash County,Crash Severity,Crash Within Interchange,Crashhour,CrashInterchangeApproaches,Crashtime,CrashYear,Dayofweek,FirstHarmEvent,FirstHarmEvent Description,FirstHarmLocation,FirstHarmLocation Description,FunctionalClass,Geometry Description,GovPropertyDamage,GovPropertyDamage Description,IntersectingRoadName,Intersection Geometry,JunctionRelated,JunctionRelated Description,Light,Light Description,LOD Crash Date,LOD Date Level,MilepointDirection,MilepointDistance,MilepointUnits,NonTrafficFatal,OffroadLocation,OffroadLocation Description,RoadID,RouteType,SchoolBusRelated,SchoolBusRelated Description,SecondHarmEvent,SecondHarmEvent Description,SecondHarmLocation,SecondHarmLocation Description,Surface,Surface Description,TrafficControl,Trafficcontrol Description,WZLawEnforcementPresent,WZLocation,WZLocation Description,WZType,WZType Description,WZWorkersPresent
Property Damage Crashes,DA4396001G,Prince George's County Police,Front to Rear,Prince George's,Principal Arterial – Other,No,No,No,No,No,UNIVERSITY BLVD (WB/L),193,MARYLAND ROUTE,No,True,No,3/16/2025,No,Point,38.984467741,-76.968957744,PGCOPD,03,16,03,No,14,,14:28,2025,Sunday,12,Motor Vehicle In Transport,05,On Roadway,3,,,,24TH AVE,,06,Non-Junction,01,Daylight,3/16/2025,2025-03-16,S,18.72,F,N,,,11D2EBEDED7686073EC68990E8B7D626068238A6CD2D7E591A42FEDA2F63C232,MD,01,No,,,,,01,Dry,,,,,,,,
Property Damage Crashes,CC0219008K,Hyattsville Police Department,Other,Prince George's,Principal Arterial – Other,No,No,No,No,No,EAST WEST HWY (WB/L),410,MARYLAND ROUTE,No,True,No,1/29/2025,No,Point,38.966527739,-76.950206394,HYATTSVILLE,98,16,03,No,20,,20:30,2025,Wednesday,12,Motor Vehicle In Transport,05,On Roadway,3,,,,,,06,Non-Junction,03,Dark - Lighted,1/29/2025,2025-01-29,S,20.43,F,N,,,48C9E6670B469181E35508D3FD2D12A2D5DABCCFF47CDAA7DAF3F6090FF21975,MD,01,No,,,,,01,Dry,,,,,,,,
Injury Crashes,DA42510064,Prince George's County Police,Other,Prince George's,Minor Arterial,No,No,No,No,No,LANHAM SEVERN RD,564,MARYLAND ROUTE,No,True,No,2/4/2025,No,Point,38.970084826,-76.849252204,PGCOPD,98,16,02,No,22,,22:10,2025,Tuesday,12,Motor Vehicle In Transport,05,On Roadway,4,,,,,,09,Through Roadway,03,Dark - Lighted,2/4/2025,2025-02-04,N,288.85,F,N,,,F2AD0E456AE5881F5695A88CA7C0C5FF51F0AE2493FD1488F4DC3E3174BABA41,MD,01,No,,,,,01,Dry,,,,,,,,
Injury Crashes,DA4241003T,Prince George's County Police,Front to Rear,Prince George's,Principal Arterial – Other,No,No,No,No,No,BRANCH AVE,5,MARYLAND ROUTE,No,True,No,5/25/2025,No,Point,38.846645295,-76.951881901,PGCOPD,03,16,02,No,0,,00:31,2025,Sunday,12,Motor Vehicle In Transport,05,On Roadway,3,,,,,,01,Acceleration/Deceleration Lane,03,Dark - Lighted,5/25/2025,2025-05-25,N,21.42,F,N,,,0ED5ABAF67208ECA95137282D084C0E8371339C7222125CDE6F67618BA9AA32B,MD,01,No,,,,,01,Dry,,,,,,,,
Injury Crashes,DA393600G4,Prince George's County Police,Front to Rear,Prince George's,,No,Yes,No,No,No,,60,PRIVATE ROAD,No,True,No,4/22/2025,No,Point,38.842260336,-76.908379952,PGCOPD,03,16,02,No,17,,17:18,2025,Tuesday,12,Motor Vehicle In Transport,05,On Roadway,,,,,REGENCY PKWY,,06,Non-Junction,01,Daylight,4/22/2025,2025-04-22,N,32,F,N,,,66FDEA001468015EC90123B751E68D32543B9A87CB5FE16315ED63F0CD37E35E,PV,01,No,,,,,01,Dry,,,,,,,,
Property Damage Crashes,DA4008008J,Prince George's County Police,"Sideswipe, Same Direction",Prince George's,Minor Arterial,No,No,No,No,No,POWDER MILL RD,212,MARYLAND ROUTE,No,True,No,5/31/2025,No,Point,39.044684389,-76.941671253,PGCOPD,07,16,03,No,12,,12:39,2025,Saturday,12,Motor Vehicle In Transport,05,On Roadway,4,,,,,,09,Through Roadway,01,Daylight,5/31/2025,2025-05-31,W,25.88,F,N,,,7C6A3274B64293EC560EC32EC1E57E15BA529254A2EC9A2F5C8545CFE1A9BB02,MD,01,No,,,,,09,Wet,,,,,,,,
Injury Crashes,DA4192008C,Prince George's County Police,Angle,Prince George's,Minor Arterial,No,No,No,No,No,RITCHIE MARLBORO RD (SB/L),974,COUNTY ROAD,No,True,No,5/17/2025,No,Point,38.866368424,-76.834451002,PGCOPD,01,16,02,No,13,,13:48,2025,Saturday,12,Motor Vehicle In Transport,05,On Roadway,4,,,,,,09,Through Roadway,01,Daylight,5/17/2025,2025-05-17,N,47.79,F,N,,,07FDF84E80A8C030E41329D6D5BA004B7A8045CE3FB8A6B9C5DDD48ADA26B9F9,CO,01,No,12,Motor Vehicle In Transport,05,On Roadway,01,Dry,,,,,,,,
Property Damage Crashes,DA4357002B,Prince George's County Police,"Sideswipe, Same Direction",Prince George's,Major Collector,No,No,No,No,No,BRANDYWINE RD,381,MARYLAND ROUTE,No,True,No,1/4/2025,No,Point,38.696605033,-76.859306592,PGCOPD,07,16,03,No,12,,12:13,2025,Saturday,12,Motor Vehicle In Transport,07,"On Shoulder, Right Side",5,,,,,,06,Non-Junction,01,Daylight,1/4/2025,2025-01-04,S,28.12,F,N,,,FB09C39C559CD9891E90F0D9D1A6FCC75AE5A99F4BBB01DC1D3CF4E853A21E15,MD,01,No,,,,,01,Dry,,,,,,,,
Property Damage Crashes,DA4374003Z,Prince George's County Police,Angle,Prince George's,Interstate,No,No,No,No,No,RAMP 5 FR MD 704 SB TO IS 595 EB,595,RAMP,No,True,No,6/1/2025,No,Point,38.945545482,-76.846236898,PGCOPD,01,16,03,No,12,03,12:11,2025,Sunday,12,Motor Vehicle In Transport,05,On Roadway,1,Perpendicular,,,MARTIN LUTHER KING JR HWY,03,05,Intersection or Related,01,Daylight,6/1/2025,2025-06-01,S,0,F,N,,,F4D9106833F358AD192092ED479E30632195BD63DC219F373570D7857B425DBB,RP,01,No,,,,,01,Dry,01,Signalized,,,,,,
Property Damage Crashes,CC0300000G,Hyattsville Police Department,"Sideswipe, Opposite Direction",Prince George's,Local,Yes,No,No,No,No,29TH AVE,9290,MUNICIPAL ROAD,No,True,No,1/18/2025,No,Point,38.957830643,-76.966186573,HYATTSVILLE,06,16,03,No,22,,22:30,2025,Saturday,12,Motor Vehicle In Transport,05,On Roadway,7,,,,,,06,Non-Junction,04,Dark - Not Lighted,1/18/2025,2025-01-18,S,21.4,F,N,,,2AAFA3E902681E18C587EBF2C2B612BB92C8BBAC2B5EC0291E7FEC34FFBEE238,MU,01,No,,,,,01,Dry,,,,,,,,
Property Damage Crashes,DA4195006X,Prince George's County Police,Unknown,Prince George's,,No,No,No,No,No,,558,COUNTY ROAD,No,True,No,5/6/2025,No,Point,38.777767757,-76.870687362,PGCOPD,99,16,03,No,21,,21:51,2025,Tuesday,12,Motor Vehicle In Transport,05,On Roadway,,,,,BELLEFONTE LA,,99,Unknown,03,Dark - Lighted,5/6/2025,2025-05-06,S,14.9,F,N,,,EA9F34A396EF4D3F88BB31DA55502E04EBE55F3A4EADF19CA072FF75349CCDC4,CO,01,No,,,,,01,Dry,,,,,,,,
Injury Crashes,MSP647600JQ,Maryland State Police,Front to Rear,Prince George's,Principal Arterial – Other,No,No,No,No,No,BRANCH AVE (SB/L),5,MARYLAND ROUTE,No,True,No,5/18/2025,No,Point,38.736828333,-76.881258333,MSP,03,16,02,No,12,,12:41,2025,Sunday,12,Motor Vehicle In Transport,05,On Roadway,3,,,,,,09,Through Roadway,01,Daylight,5/18/2025,2025-05-18,S,1.75,F,N,,,1C5FDD6C329D7759D47D0FAFAB18858BE7498BF5A48A73650C2BBB8526101432,MD,01,No,12,Motor Vehicle In Transport,05,On Roadway,01,Dry,,,,,,,,
Injury Crashes,MSP745800SP,Maryland State Police,Single Vehicle,Prince George's,Principal Arterial – Other,Yes,No,No,No,No,BRANCH AVE (SB/L),5,MARYLAND ROUTE,No,True,No,5/3/2025,No,Point,38.741665,-76.879086667,MSP,101,16,02,No,1,,01:55,2025,Saturday,29,Embankment,09,Roadside,3,,,,,,01,Acceleration/Deceleration Lane,03,Dark - Lighted,5/3/2025,2025-05-03,N,23.79,F,N,,,87A13F67EA59A6F2C4EAB93CF368CED8226D7FB212D95713C6F72FCAFAFEEDB6,MD,01,No,,,,,01,Dry,,,,,,,,
Property Damage Crashes,MSP585801F2,Maryland State Police,Rear To Side,Prince George's,Principal Arterial – Other,No,No,No,No,No,CRAIN HWY (SB/L),301,UNITED STATE ROUTE,No,True,No,1/6/2025,No,Point,38.942340776,-76.718133967,MSP,05,16,03,No,5,,05:21,2025,Monday,12,Motor Vehicle In Transport,05,On Roadway,3,,,,,,09,Through Roadway,03,Dark - Lighted,1/6/2025,2025-01-06,N,26.13,F,N,,,BE809D2D6EBD0FBD1C24D413A72F4A8D519D6FE4A978D3C2C10E837A8E9C0E17,US,01,No,,,,,07,Snow,,,,,,,,
Property Damage Crashes,DA4358002J,Prince George's County Police,Front to Front,Prince George's,,Yes,No,No,No,Yes,,,,No,True,No,2/3/2025,No,Point,38.814032984,-76.895775768,PGCOPD,02,16,03,,22,,22:22,2025,Monday,12,Motor Vehicle In Transport,02,In Parking Lane Or Zone,,,,,,,,,03,Dark - Lighted,2/3/2025,2025-02-03,,,F,N,102,Parking Lot Way,,,01,No,,,,,,,,,,,,,,
Property Damage Crashes,MSP6582015Z,Maryland State Police,Front to Rear,Prince George's,Interstate,No,No,No,No,No,CAPITAL BELTWAY,95,INTERSTATE ROUTE,No,True,No,3/21/2025,No,Point,38.906222590,-76.849745509,MSP,03,16,03,No,14,,14:04,2025,Friday,12,Motor Vehicle In Transport,05,On Roadway,1,,,,,,09,Through Roadway,01,Daylight,3/21/2025,2025-03-21,N,24.92,F,N,,,52A090035349B72CAFE27112AD5A0A6E07CBEB3D909DBCF3EA54F05278E55400,IS,01,No,,,,,01,Dry,,,,,,,,
Injury Crashes,MSP7764009Q,Maryland State Police,"Sideswipe, Same Direction",Prince George's,,No,No,No,No,No,,387,BIKE ROUTE,No,True,No,6/3/2025,No,Point,39.048335,-76.899825,MSP,07,16,02,No,18,,18:35,2025,Tuesday,12,Motor Vehicle In Transport,05,On Roadway,,,,,,,06,Non-Junction,01,Daylight,6/3/2025,2025-06-03,N,17.65,F,N,,,0DD1A7D62F653644C6BF9058B70D098F2361A119FC7593470C3E73A1DA74799C,BK,01,No,,,,,01,Dry,,,,,,,,
Property Damage Crashes,DA43630013,Prince George's County Police,Single Vehicle,Prince George's,Major Collector,No,No,No,No,No,DUCKETTOWN RD,47,COUNTY ROAD,No,True,No,5/16/2025,No,Point,39.010659743,-76.787322697,PGCOPD,101,16,03,No,20,,20:58,2025,Friday,08,Thrown Or Falling Object,05,On Roadway,5,,,,,,09,Through Roadway,04,Dark - Not Lighted,5/16/2025,2025-05-16,E,12.03,F,N,,,E047665F8DA7C2F824313177828D6B526AAAB5CB0443B3733DF8A2663381FDBE,CO,01,No,,,,,09,Wet,,,,,,,,
Property Damage Crashes,DA2981000T,Prince George's County Police,Front to Rear,Prince George's,Principal Arterial – Other,No,No,No,No,No,UNIVERSITY BLVD,193,MARYLAND ROUTE,No,True,No,5/11/2025,No,Point,38.983901449,-76.979474925,PGCOPD,03,16,03,No,17,,17:51,2025,Sunday,12,Motor Vehicle In Transport,05,On Roadway,3,,,,,,09,Through Roadway,01,Daylight,5/11/2025,2025-05-11,E,7.76,F,N,,,BC2054512E95943C695CCDE88F5BB32E55A9C76258F1C261D2E7A8441B77AFC2,MD,01,No,,,,,01,Dry,,,,,,,,
Property Damage Crashes,DA4379001K,Prince George's County Police,"Sideswipe, Same Direction",Prince George's,Minor Arterial,No,No,No,No,No,RIGGS RD,212,MARYLAND ROUTE,No,True,No,2/27/2025,No,Point,38.982509286,-76.979135450,PGCOPD,07,16,03,No,21,,21:20,2025,Thursday,12,Motor Vehicle In Transport,05,On Roadway,4,,,,,,01,Acceleration/Deceleration Lane,03,Dark - Lighted,2/27/2025,2025-02-27,N,34.17,F,N,,,C0931C930924DE4F7787E453C443F929C301DBCA41548986F2ACE6FA30F8F6C5,MD,01,No,,,,,01,Dry,,,,,,,,
Property Damage Crashes,DA40600066,Prince George's County Police,"Sideswipe, Opposite Direction",Prince George's,,No,Yes,No,No,Yes,,,,No,True,No,3/9/2025,No,Point,38.9049755,-76.8472271,PGCOPD,06,16,03,,15,,15:09,2025,Sunday,15,Parked Vehicle,99,Unknown,,,,,,,,,01,Daylight,3/9/2025,2025-03-09,,,F,N,102,Parking Lot Way,,,01,No,,,,,,,,,,,,,,
Injury Crashes,MSP78750036,Maryland State Police,"Sideswipe, Same Direction",Prince George's,Interstate,No,No,No,No,No,CAPITAL BELTWAY (NB LOCAL),95,INTERSTATE ROUTE,No,True,No,4/12/2025,No,Point,38.802956667,-76.998536667,MSP,07,16,02,No,13,,13:50,2025,Saturday,12,Motor Vehicle In Transport,05,On Roadway,1,,,,,,06,Non-Junction,01,Daylight,4/12/2025,2025-04-12,W,29.46,F,N,,,E9DA6D88FB6E8ABDA33EECF7320D6DB298579E5CBBCC47C4F8ECFE987637838F,IS,01,No,,,,,01,Dry,,,,,,,,
Property Damage Crashes,MSP7865002L,Maryland State Police,Front to Rear,Prince George's,Principal Arterial – Other,No,No,No,No,No,LANDOVER RD,202,MARYLAND ROUTE,No,True,No,5/5/2025,No,Point,38.930340767,-76.897402133,MSP,03,16,03,No,5,,05:58,2025,Monday,12,Motor Vehicle In Transport,05,On Roadway,3,,,,,,06,Non-Junction,04,Dark - Not Lighted,5/5/2025,2025-05-05,E,48.4,F,N,,,514BB5F035ED1D00D428F9AF84D5D8F571E5B525118AEB5EE8158FA5EB33BA26,MD,01,No,,,,,01,Dry,,,,,,,,
Property Damage Crashes,DA4244006D,Prince George's County Police,Front to Rear,Prince George's,Principal Arterial – Other,No,No,No,No,No,,1,UNITED STATE ROUTE,No,True,No,3/26/2025,No,Point,38.963143455,-76.939323985,PGCOPD,03,16,03,No,17,,17:49,2025,Wednesday,12,Motor Vehicle In Transport,05,On Roadway,3,,,,QUEENSBURY RD,,09,Through Roadway,01,Daylight,3/26/2025,2025-03-26,S,15.01,F,N,,,1CDB85EE2FD26FE26B158AB7E3FF2119FC7A7CC1F7487939034E573625652BD9,US,01,No,,,,,01,Dry,,,,,,,,
Property Damage Crashes,DA3522009T,Prince George's County Police,"Sideswipe, Same Direction",Prince George's,,No,Yes,No,No,No,BELCREST CENTER DR,2281,LOCAL ROAD,Yes,True,No,2/6/2025,No,Point,38.965839063,-76.955875361,PGCOPD,07,16,03,No,10,,10:20,2025,Thursday,15,Parked Vehicle,07,"On Shoulder, Right Side",,,,,,,06,Non-Junction,01,Daylight,2/6/2025,2025-02-06,W,21.94,F,N,,,E123959FE677A09332C1EFFD35A8A09AAA2D868D71066736624F773DC59E7BD3,LL,02,"Yes, School Bus Directly Involved",,,,,09,Wet,,,,,,,,
Injury Crashes,MSP7872003G,Maryland State Police,"Sideswipe, Same Direction",Prince George's,Principal Arterial – Other,No,No,No,No,No,CRAIN HWY (SB/L),301,UNITED STATE ROUTE,Yes,True,No,4/16/2025,No,Point,38.717185278,-76.848399603,MSP,07,16,02,No,17,,17:29,2025,Wednesday,12,Motor Vehicle In Transport,05,On Roadway,3,,,,,,09,Through Roadway,01,Daylight,4/16/2025,2025-04-16,W,9.52,F,N,,,962D5D5286AF6A4DC4D3E4ACC95901F477F918A001BAF83D5813FBD0193EA38A,US,01,No,,,,,01,Dry,,,,,,,,
Property Damage Crashes,DA4278006S,Prince George's County Police,Single Vehicle,Prince George's,Major Collector,No,No,No,No,No,GOOD LUCK RD,42,COUNTY ROAD,No,True,No,3/21/2025,No,Point,38.996426757,-76.831802135,PGCOPD,101,16,03,No,4,,04:00,2025,Friday,13,Other Non-Fixed Object,07,"On Shoulder, Right Side",5,,,,,,09,Through Roadway,03,Dark - Lighted,3/21/2025,2025-03-21,N,31.18,F,N,,,F73388375A7044467F0158A6A06B1293A6EAEE35D9214498CB0EFA1412E54ABC,CO,01,No,,,,,01,Dry,,,,,,,,
Property Damage Crashes,GK00370002,Upper Marlboro Police Department,Front to Front,Prince George's,Local,No,No,No,No,No,PRATT ST,80,MUNICIPAL ROAD,No,True,No,4/11/2025,No,Point,38.817830709,-76.748333625,UMARLBORO,02,16,03,Yes,9,03,09:32,2025,Friday,12,Motor Vehicle In Transport,05,On Roadway,7,Angled/Skewed,,,MAIN ST,01,05,Intersection or Related,01,Daylight,4/11/2025,2025-04-11,N,0,F,N,,,C1B700C827584EC4A34FC032B2E0C103EF5AFF7348ED686C755FB4097FFDCD9E,MU,01,No,,,,,09,Wet,05,No Controls,,,,,,
Property Damage Crashes,DA3088007D,Prince George's County Police,Front to Rear,Prince George's,Minor Arterial,No,No,No,No,No,NAYLOR RD (WB/L),637,MARYLAND ROUTE,No,True,No,1/19/2025,No,Point,38.849285306,-76.956363108,PGCOPD,03,16,03,Yes,11,,11:38,2025,Sunday,12,Motor Vehicle In Transport,05,On Roadway,4,,,,,,04,Entrance/Exit Ramp or Related,01,Daylight,1/19/2025,2025-01-19,N,11.75,F,N,,,222E737C103F4250F352308D1668F39CFC78AC04C6599D61C0A866CD7CEEB986,MD,01,No,,,,,09,Wet,,,,,,,,
Property Damage Crashes,CE464300CZ,Laurel Police Department,Front to Front,Prince George's,Minor Arterial,Yes,No,No,No,No,CHERRY LA,83,MUNICIPAL ROAD,No,True,No,3/17/2025,No,Point,39.094311378,-76.875674992,LAUREL,02,16,03,Yes,17,04,17:55,2025,Monday,12,Motor Vehicle In Transport,05,On Roadway,4,Perpendicular,,,VAN DUSEN RD,03,05,Intersection or Related,01,Daylight,3/17/2025,2025-03-17,S,0,F,N,,,BC27562EC138AE9FA3C87876DD629E61E81CDDD06A39966824D9B7D8342AE95B,MU,01,No,12,Motor Vehicle In Transport,05,On Roadway,01,Dry,01,Signalized,,,,,,
Injury Crashes,MSP745800RL,Maryland State Police,Front to Rear,Prince George's,Interstate,No,No,No,No,No,CAPITAL BELTWAY,95,INTERSTATE ROUTE,No,True,No,4/1/2025,No,Point,38.803163333,-76.998685,MSP,03,16,02,No,19,,19:00,2025,Tuesday,12,Motor Vehicle In Transport,05,On Roadway,1,,,,,,01,Acceleration/Deceleration Lane,03,Dark - Lighted,4/1/2025,2025-04-01,E,17.9,F,N,,,3765471D3E18D03A1FEE264682926E86701D510F0ADA5BE245B58436C6BE75E7,IS,01,No,,,,,01,Dry,,,,,,,,
Property Damage Crashes,BW0204002V,Greenbelt Police Department,"Sideswipe, Same Direction",Prince George's,Principal Arterial – Other Freeways and Expressways,No,No,No,No,No,KENILWORTH AVE (SB/L),201,MARYLAND ROUTE,No,True,No,3/3/2025,No,Point,39.001177540,-76.896752890,GREENBELT,07,16,03,No,15,,15:48,2025,Monday,12,Motor Vehicle In Transport,05,On Roadway,2,,101,State,,,06,Non-Junction,01,Daylight,3/3/2025,2025-03-03,N,16.23,F,N,,,4A4B7EFC58CB8098D9A493EB80A99C61316A786721BCE6767AFFC45B16915289,MD,01,No,,,,,01,Dry,,,,,,,,
Property Damage Crashes,MSP6931013Q,Maryland State Police,Single Vehicle,Prince George's,Principal Arterial – Other,No,No,No,No,No,BRANCH AVE (SB/L),5,MARYLAND ROUTE,No,True,No,3/16/2025,No,Point,38.760308758,-76.880633105,MSP,101,16,03,No,0,,00:34,2025,Sunday,28,Ditch,09,Roadside,3,,,,,,06,Non-Junction,04,Dark - Not Lighted,3/16/2025,2025-03-16,N,126.51,F,N,,,2E8E8B8A91D58AC48A08736D7C107C94A3DC21E4B90BDCF742C4964783180C1B,MD,01,No,07,Overturn/Rollover,09,Roadside,01,Dry,,,,,,,,
Property Damage Crashes,MSP7843000Z,Maryland State Police,Angle,Prince George's,Principal Arterial – Other,No,No,No,No,No,BALTIMORE AVE,1,UNITED STATE ROUTE,No,True,No,2/28/2025,No,Point,39.030651667,-76.913406667,MSP,01,16,03,No,14,,14:30,2025,Friday,12,Motor Vehicle In Transport,05,On Roadway,3,,,,,,06,Non-Junction,01,Daylight,2/28/2025,2025-02-28,N,17.1,F,N,,,E65EAF90D650C153F21BC7EBA7DB17206E16451FBD9655259DDF3360B2C17D61,US,01,No,,,,,01,Dry,,,,,,,,
Injury Crashes,MSP741900D1,Maryland State Police,Single Vehicle,Prince George's,Interstate,No,No,No,No,No,RAMP 3 FR RAMP 6 (FR IS 595 EB) TO MD 3,595,RAMP,No,True,No,1/4/2025,No,Point,38.956177308,-76.714637480,MSP,101,16,02,No,19,,19:15,2025,Saturday,31,Guardrail End Terminal,09,Roadside,1,,101,State,,,04,Entrance/Exit Ramp or Related,03,Dark - Lighted,1/4/2025,2025-01-04,W,18.07,F,N,,,B6B9D3EFA391F0AEFE973387997F5F37F2F5923FE547BDCC67AB9040DC1E00AF,RP,01,No,,,,,01,Dry,,,,,,,,
Property Damage Crashes,DA393900GK,Prince George's County Police,Single Vehicle,Prince George's,,No,No,No,No,No,,87,COUNTY ROAD,No,True,No,5/4/2025,No,Point,38.855506639,-76.871763595,PGCOPD,101,16,03,No,4,,04:30,2025,Sunday,36,"Other Post, Pole, Or Support",08,Outside Road/Right-Of-Way,,,,,,,06,Non-Junction,03,Dark - Lighted,5/4/2025,2025-05-04,S,17.01,F,N,,,80AF2AB9186F38CE7209D7BFC5D75350B187B1E34B9AB17A6A1955166CC8B712,CO,01,No,,,,,01,Dry,,,,,,,,
Property Damage Crashes,DA4370001H,Prince George's County Police,Other,Prince George's,Minor Arterial,No,No,No,No,No,LOTTSFORD RD,64,COUNTY ROAD,Yes,True,No,2/11/2025,No,Point,38.917476230,-76.823356804,PGCOPD,98,16,03,No,20,,20:00,2025,Tuesday,12,Motor Vehicle In Transport,05,On Roadway,4,,,,,,06,Non-Junction,03,Dark - Lighted,2/11/2025,2025-02-11,S,25.77,F,N,,,1192C47E5E19484EAED748501696A817F8697124D38F6A10DCE74B752A48C173,CO,01,No,,,,,07,Snow,,,,,,,,
Property Damage Crashes,DA4365003X,Prince George's County Police,Single Vehicle,Prince George's,,No,No,No,No,Yes,,,,No,True,No,3/30/2025,No,Point,38.963192092,-76.856230308,PGCOPD,101,16,03,,15,,15:40,2025,Sunday,35,"Other Fixed Object (wall, building, tunnel, etc.)",02,In Parking Lane Or Zone,,,,,,,,,01,Daylight,3/30/2025,2025-03-30,,,F,N,102,Parking Lot Way,,,01,No,,,,,,,,,,,,,,
Property Damage Crashes,DA4424000P,Prince George's County Police,Front to Front,Prince George's,Local,No,Yes,No,No,No,EVANSTON ST,2145,COUNTY ROAD,No,True,No,3/22/2025,No,Point,38.841923508,-76.894484664,PGCOPD,02,16,03,No,11,,11:30,2025,Saturday,12,Motor Vehicle In Transport,05,On Roadway,7,,,,,,06,Non-Junction,01,Daylight,3/22/2025,2025-03-22,W,2.1,F,N,,,18B12DEF45B1486C6499BFA8446D8C2AAF88CB7103C0586224FD8E3CEE59D77D,CO,01,No,,,,,01,Dry,,,,,,,,
Property Damage Crashes,DA4296003J,Prince George's County Police,Front to Rear,Prince George's,,No,No,No,No,Yes,,,,No,True,No,1/18/2025,No,Point,38.842994162,-76.884686717,PGCOPD,03,16,03,,1,,01:30,2025,Saturday,15,Parked Vehicle,02,In Parking Lane Or Zone,,,,,,,,,03,Dark - Lighted,1/18/2025,2025-01-18,,,F,N,101,Parking Aisle,,,01,No,,,,,,,,,,,,,,
Property Damage Crashes,DA4341001Y,Prince George's County Police,Angle,Prince George's,Major Collector,No,No,No,No,No,OLD SILVER HILL RD,414,MARYLAND ROUTE,Yes,True,No,4/3/2025,No,Point,38.840622046,-76.942205719,PGCOPD,01,16,03,Yes,1,,01:14,2025,Thursday,12,Motor Vehicle In Transport,05,On Roadway,5,,,,,,01,Acceleration/Deceleration Lane,04,Dark - Not Lighted,4/3/2025,2025-04-03,N,67.8,F,N,,,F0708D2EF1ED02E6E81364BF8BA8559220C6E2E42CADFE72489B92A39C1E6FDB,MD,01,No,,,,,01,Dry,,,,,,,,
Injury Crashes,DA43420045,Prince George's County Police,Single Vehicle,Prince George's,Principal Arterial – Other,No,No,No,Yes,No,MARTIN LUTHER KING JR HWY,704,MARYLAND ROUTE,No,True,No,5/10/2025,No,Point,38.920866817,-76.877950615,PGCOPD,101,16,02,No,10,,10:30,2025,Saturday,17,Pedestrian,05,On Roadway,3,,,,,,09,Through Roadway,01,Daylight,5/10/2025,2025-05-10,S,29.75,F,N,,,B3F42E4427FF9DCFB1BE41227F13DCA2F62F57437B36AF4680BFBB126E7C2906,MD,01,No,,,,,01,Dry,,,,,,,,
Property Damage Crashes,MSP706100T3,Maryland State Police,Single Vehicle,Prince George's,Interstate,No,No,No,No,No,RAMP 4 FR MD 650 NB TO IS 495 EB,495,RAMP,No,True,No,1/4/2025,No,Point,39.018161667,-76.970996667,MSP,101,16,03,No,1,,01:37,2025,Saturday,32,Guardrail Face,03,Median,1,,101,State,,,06,Non-Junction,03,Dark - Lighted,1/4/2025,2025-01-04,E,33.58,F,N,,,ECA96EC788F859412D89935B3FC4851CFEE2C946F7009C2F44159A474FA95EE7,RP,01,No,,,,,02,Ice/Frost,,,,,,,,
Injury Crashes,MSP766400C4,Maryland State Police,Single Vehicle,Prince George's,Interstate,No,No,No,No,No,CAPITAL BELTWAY (SB/L),95,INTERSTATE ROUTE,No,True,No,5/15/2025,No,Point,38.910222512,-76.849759315,MSP,101,16,02,No,20,,20:05,2025,Thursday,25,Concrete Traffic Barrier,09,Roadside,1,,,,,,09,Through Roadway,04,Dark - Not Lighted,5/15/2025,2025-05-15,W,28.23,F,N,,,52EB4565012DA92076605FACA36CC37DE9FE789992599A320910A531E364AF89,IS,01,No,,,,,01,Dry,,,,,,,,
Property Damage Crashes,DA4342004B,Prince George's County Police,Front to Rear,Prince George's,Principal Arterial – Other Freeways and Expressways,Yes,No,No,No,No,JOHN HANSON HWY,50,UNITED STATE ROUTE,No,True,No,5/25/2025,No,Point,38.943765493,-76.878339612,PGCOPD,03,16,03,No,3,,03:15,2025,Sunday,12,Motor Vehicle In Transport,05,On Roadway,2,,,,,,09,Through Roadway,03,Dark - Lighted,5/25/2025,2025-05-25,E,30.05,F,N,,,0D85D116C0563EB7A3A299846B9F56622B1C9D39E088012AA818E8E0BB9B7F84,US,01,No,,,,,01,Dry,,,,,,,,
Property Damage Crashes,BW01910023,Greenbelt Police Department,Angle,Prince George's,Principal Arterial – Other,No,No,No,No,No,GREENBELT RD,193,MARYLAND ROUTE,No,True,No,3/6/2025,No,Point,38.996207483,-76.898954379,GREENBELT,01,16,03,No,10,,10:23,2025,Thursday,12,Motor Vehicle In Transport,05,On Roadway,3,,,,,,06,Non-Junction,01,Daylight,3/6/2025,2025-03-06,S,64.41,F,N,,,251BCF7C6454081C734889F6C1624DA764E941B22C5FBAF499EC44D207E46B7A,MD,01,No,,,,,01,Dry,,,,,,,,