Crash Severity Description,Reportnumber,Agencyname,CollisionImpact Description,Crash County Description,FunctionalClass Description,ImpairedCrash,Large Vehicle Involved,Motorcycle Crash,Non-Motorist Crash,OffRoad,RoadName,Route Number,RouteType Description,Unrestrained Occupants,WithinDateRange,Work Zone Related,Crashdate,Work Zone Crash,CrashPoint,Latitude,Longitude,AgencyCode,CollisionImpact,Crash County,Crash Severity,Crash Within Interchange,Crashhour,CrashInterchangeApproaches,Crashtime,CrashYear,Dayofweek,FirstHarmEvent,FirstHarmEvent Description,FirstHarmLocation,FirstHarmLocation Description,FunctionalClass,Geometry Description,GovPropertyDamage,GovPropertyDamage Description,IntersectingRoadName,Intersection Geometry,JunctionRelated,JunctionRelated Description,Light,Light Description,LOD Crash Date,LOD Date Level,MilepointDirection,MilepointDistance,MilepointUnits,NonTrafficFatal,OffroadLocation,OffroadLocation Description,RoadID,RouteType,SchoolBusRelated,SchoolBusRelated Description,SecondHarmEvent,SecondHarmEvent Description,SecondHarmLocation,SecondHarmLocation Description,Surface,Surface Description,TrafficControl,Trafficcontrol Description,WZLawEnforcementPresent,WZLocation,WZLocation Description,WZType,WZType Description,WZWorkersPresent
Property Damage Crashes,DA406900B3,Prince George's County Police,"Sideswipe, Same Direction",Prince George's,Principal Arterial – Other,No,Yes,No,No,No,,1,UNITED STATE ROUTE,No,True,No,4/18/2025,No,Point,38.998514578,-76.931474564,PGCOPD,07,16,03,Yes,21,02,21:12,2025,Friday,12,Motor Vehicle In Transport,05,On Roadway,3,Angled/Skewed,,,GREENBELT RD GREENBELT RD (WB/L),01,05,Intersection or Related,03,Dark - Lighted,4/18/2025,2025-04-18,N,0,F,N,,,E4E880BA64776B3268FA658218829B558DD485C7CFD612BF839C3ADA51CDBF85,US,01,No,,,,,01,Dry,01,Signalized,,,,,,
Property Damage Crashes,DA4418000G,Prince George's County Police,"Sideswipe, Same Direction",Prince George's,Major Collector,No,No,No,No,No,SARGENT RD (SB/L),5778,COUNTY ROAD,No,True,No,1/18/2025,No,Point,38.969386025,-76.984210120,PGCOPD,07,16,03,No,18,,18:00,2025,Saturday,12,Motor Vehicle In Transport,99,Unknown,5,,,,,,01,Acceleration/Deceleration Lane,03,Dark - Lighted,1/18/2025,2025-01-18,S,13.17,F,N,,,455082E71796754E9FCEFABBFFC6FB2EE65355FB7DC8191FE83ECE907458DC0C,CO,01,No,,,,,01,Dry,,,,,,,,
Property Damage Crashes,MSP585801GX,Maryland State Police,Front to Rear,Prince George's,Principal Arterial – Other,No,No,No,No,No,CRAIN HWY (SB/L),301,UNITED STATE ROUTE,No,True,No,4/9/2025,No,Point,38.943812086,-76.718228518,MSP,03,16,03,No,3,,03:11,2025,Wednesday,12,Motor Vehicle In Transport,05,On Roadway,3,,,,,,09,Through Roadway,03,Dark - Lighted,4/9/2025,2025-04-09,E,30.99,F,N,,,602C3DA4701F2D355F84B556FC0F66E32C5E63C465323066536F28CBFD91299C,US,01,No,,,,,01,Dry,,,,,,,,
Property Damage Crashes,MSP77760067,Maryland State Police,Single Vehicle,Prince George's,Interstate,No,No,No,No,No,CAPITAL BELTWAY (SB/L),95,INTERSTATE ROUTE,No,True,No,5/4/2025,No,Point,39.009386667,-76.901211667,MSP,101,16,03,No,1,,01:20,2025,Sunday,32,Guardrail Face,07,"On Shoulder, Right Side",1,,101,State,,,06,Non-Junction,04,Dark - Not Lighted,5/4/2025,2025-05-04,N,62.28,F,N,,,F66B2AE26C014BC2B4DFB315BA2E2F2C3134D25E294CA2E8663B9592AC9AB4C9,IS,01,No,12,Motor Vehicle In Transport,05,On Roadway,09,Wet,,,,,,,,
Property Damage Crashes,MSP77640078,Maryland State Police,"Sideswipe, Same Direction",Prince George's,Interstate,No,No,No,No,No,CAPITAL BELTWAY,495,INTERSTATE ROUTE,No,True,No,1/28/2025,No,Point,39.0186126,-76.962261467,MSP,07,16,03,No,18,,18:18,2025,Tuesday,12,Motor Vehicle In Transport,05,On Roadway,1,,,,,,06,Non-Junction,03,Dark - Lighted,1/28/2025,2025-01-28,N,33.83,F,N,,,41BCFDD39F68E9C93F186A2DCF50795B8D2F778F9C6A8C4FBC646D53C5787F44,IS,01,No,,,,,01,Dry,,,,,,,,
Injury Crashes,DA4348001Z,Prince George's County Police,Other,Prince George's,Major Collector,No,No,No,No,No,CHILLUM RD (WB/L),501,MARYLAND ROUTE,No,True,No,1/23/2025,No,Point,38.962310112,-76.994154573,PGCOPD,98,16,02,No,5,04,05:50,2025,Thursday,12,Motor Vehicle In Transport,05,On Roadway,5,Perpendicular,,,CHILLUM RD RIGGS RD (SB/L),03,05,Intersection or Related,03,Dark - Lighted,1/23/2025,2025-01-23,W,0,F,N,,,FCB1BD2332C1B790A9060D1977CB4D1709A7AD811C3210573A2061BF5E127DC5,MD,01,No,12,Motor Vehicle In Transport,05,On Roadway,01,Dry,01,Signalized,,,,,,
Property Damage Crashes,DA37790034,Prince George's County Police,Front to Rear,Prince George's,Local,No,No,No,No,No,KEVERTON DR,5081,OTHER PUBLIC ROAD,No,True,No,5/26/2025,No,Point,38.891279327,-76.777069782,PGCOPD,03,16,03,No,2,,02:14,2025,Monday,15,Parked Vehicle,07,"On Shoulder, Right Side",7,,,,,,06,Non-Junction,03,Dark - Lighted,5/26/2025,2025-05-26,N,41.47,F,N,,,FE747EB6496500C7F58926BF2DE04E5D576BB456576B15505FA5A3E950642553,OP,01,No,,,,,01,Dry,,,,,,,,
Property Damage Crashes,DA3034001H,Prince George's County Police,Angle,Prince George's,,No,No,No,No,Yes,,,,No,True,No,5/13/2025,No,Point,38.844361688,-76.873382404,PGCOPD,01,16,03,,20,,20:48,2025,Tuesday,12,Motor Vehicle In Transport,02,In Parking Lane Or Zone,,,,,,,,,03,Dark - Lighted,5/13/2025,2025-05-13,,,F,N,102,Parking Lot Way,,,01,No,,,,,,,,,,,,,,
Injury Crashes,MSP738100BF,Maryland State Police,Front to Rear,Prince George's,Interstate,No,Yes,No,No,No,CAPITAL BELTWAY,95,INTERSTATE ROUTE,No,True,No,1/17/2025,No,Point,38.842471667,-76.864498333,MSP,03,16,02,No,7,,07:17,2025,Friday,12,Motor Vehicle In Transport,05,On Roadway,1,,,,,,01,Acceleration/Deceleration Lane,01,Daylight,1/17/2025,2025-01-17,W,30.63,F,N,,,C0F7CD317BED994679F44F21DAF27CF206F382987D795786CC56E36C9B8DBF94,IS,01,No,,,,,01,Dry,,,,,,,,
Property Damage Crashes,DA4356003G,Prince George's County Police,Front to Rear,Prince George's,Principal Arterial – Other,No,No,No,No,No,SILVER HILL RD (SB/L),458,MARYLAND ROUTE,No,True,No,4/27/2025,No,Point,38.849060336,-76.924528684,PGCOPD,03,16,03,No,21,,21:15,2025,Sunday,12,Motor Vehicle In Transport,05,On Roadway,3,,,,,,06,Non-Junction,03,Dark - Lighted,4/27/2025,2025-04-27,S,3.77,F,N,,,3C76F01D8845ADC50DF9C906C9EE626CD6678C0B90C010D762BEE3D47A153BC0,MD,01,No,,,,,01,Dry,,,,,,,,
Property Damage Crashes,DA4283003M,Prince George's County Police,"Sideswipe, Same Direction",Prince George's,Local,No,No,No,No,No,PINE VIEW LA,391,COUNTY ROAD,No,True,No,2/24/2025,No,Point,38.766898828,-76.888793811,PGCOPD,07,16,03,Yes,14,04,14:30,2025,Monday,12,Motor Vehicle In Transport,05,On Roadway,7,Angled/Skewed,,,WOODYARD RD (SB/L),01,05,Intersection or Related,01,Daylight,2/24/2025,2025-02-24,W,0,F,N,,,4F0DD8C7E4B3E5DB169366A7DA95C279806F95B9EA61AF67522C631A9624C390,CO,01,No,,,,,01,Dry,01,Signalized,,,,,,
Property Damage Crashes,DA4431000W,Prince George's County Police,Front to Front,Prince George's,,No,No,No,No,Yes,,,,No,True,No,3/15/2025,No,Point,38.986443867,-76.984583168,PGCOPD,02,16,03,,2,,02:30,2025,Saturday,12,Motor Vehicle In Transport,02,In Parking Lane Or Zone,,,,,,,,,03,Dark - Lighted,3/15/2025,2025-03-15,,,F,N,102,Parking Lot Way,,,01,No,,,,,,,,,,,,,,
Injury Crashes,BW0217000M,Greenbelt Police Department,Single Vehicle,Prince George's,,No,No,No,Yes,Yes,,,,No,True,No,3/20/2025,No,Point,38.998883727,-76.910540114,GREENBELT,101,16,02,,18,,18:26,2025,Thursday,17,Pedestrian,02,In Parking Lane Or Zone,,,,,,,,,01,Daylight,3/20/2025,2025-03-20,,,F,N,102,Parking Lot Way,,,03,"Yes, School Bus Indirectly Involved",,,,,,,,,,,,,,
Property Damage Crashes,DA3795006T,Prince George's County Police,"Sideswipe, Opposite Direction",Prince George's,,No,Yes,No,No,Yes,,,,Yes,True,No,5/12/2025,No,Point,38.806623944,-76.976947363,PGCOPD,06,16,03,,17,,17:25,2025,Monday,15,Parked Vehicle,02,In Parking Lane Or Zone,,,,,,,,,01,Daylight,5/12/2025,2025-05-12,,,F,N,102,Parking Lot Way,,,01,No,97,Not Applicable,,,,,,,,,,,,
Property Damage Crashes,DA30470089,Prince George's County Police,Angle,Prince George's,Major Collector,No,No,No,No,No,WASHINGTON LA,1557,COUNTY ROAD,No,True,No,4/30/2025,No,Point,38.714633232,-76.982594620,PGCOPD,01,16,03,No,16,,16:04,2025,Wednesday,12,Motor Vehicle In Transport,05,On Roadway,5,,,,,,06,Non-Junction,01,Daylight,4/30/2025,2025-04-30,S,11.4,F,N,,,D9D1136D61E8D3B3A54FE5E5E1A7D943193D28BB4AC5F2059AF695DCE51C3909,CO,01,No,,,,,01,Dry,,,,,,,,
Property Damage Crashes,DA384400FH,Prince George's County Police,Front to Rear,Prince George's,Major Collector,No,No,No,No,No,38TH AVE (SB/L),208,MARYLAND ROUTE,No,True,No,4/1/2025,No,Point,38.936893195,-76.952311114,PGCOPD,03,16,03,No,8,,08:00,2025,Tuesday,12,Motor Vehicle In Transport,05,On Roadway,5,,,,,,06,Non-Junction,01,Daylight,4/1/2025,2025-04-01,N,11.87,F,N,,,C7DE66BED63059EDBEEB359E8049C15C2140AB8EA9FFAA7BB4EDD49706E08AB3,MD,01,No,12,Motor Vehicle In Transport,05,On Roadway,01,Dry,,,,,,,,
Property Damage Crashes,MSP563100JL,Maryland State Police,"Sideswipe, Same Direction",Prince George's,Interstate,No,No,No,No,No,CAPITAL BELTWAY,95,INTERSTATE ROUTE,No,True,No,2/20/2025,No,Point,38.819385587,-76.894889452,MSP,07,16,03,No,17,,17:42,2025,Thursday,12,Motor Vehicle In Transport,05,On Roadway,1,,,,,,06,Non-Junction,04,Dark - Not Lighted,2/20/2025,2025-02-20,W,27.32,F,N,,,7BB16E89A9838A17AFF22D20E5C9C3FAC91BBC58B907B904EC07BC4A2A8D3C28,IS,01,No,97,Not Applicable,,,01,Dry,,,,,,,,
Injury Crashes,DA37060063,Prince George's County Police,Front to Front,Prince George's,Principal Arterial – Other,No,No,No,No,No,GREENBELT RD (WB/L),193,MARYLAND ROUTE,No,True,No,5/11/2025,No,Point,38.991209109,-76.855551886,PGCOPD,02,16,02,Yes,9,,09:30,2025,Sunday,12,Motor Vehicle In Transport,05,On Roadway,3,,,,,,01,Acceleration/Deceleration Lane,01,Daylight,5/11/2025,2025-05-11,W,36.27,F,N,,,80CD8242A71111BA47F94428E7920B754D1C35753ECEACA0985BA2C86EB5A99C,MD,01,No,,,,,01,Dry,,,,,,,,
Property Damage Crashes,MSP78720031,Maryland State Police,Single Vehicle,Prince George's,Major Collector,No,No,No,No,No,OLD CRAIN HWY,1212,COUNTY ROAD,No,True,No,3/15/2025,No,Point,38.801335283,-76.777371148,MSP,101,16,03,No,6,,06:32,2025,Saturday,40,Tree (standing),09,Roadside,5,,,,,,09,Through Roadway,04,Dark - Not Lighted,3/15/2025,2025-03-15,S,17.73,F,N,,,19DDA2D158021B7A50D9C36FC18EA7A3473746F1A017C5D426B21B76A0137853,CO,01,No,,,,,09,Wet,,,,,,,,
Property Damage Crashes,RD0130004R,Riverdale Park Police Department,Front to Rear,Prince George's,Principal Arterial – Other,No,No,No,No,No,EAST WEST HWY (WB/L),410,MARYLAND ROUTE,No,True,No,3/19/2025,No,Point,38.964081587,-76.938329773,RIVERDALE,03,16,03,No,17,,17:29,2025,Wednesday,12,Motor Vehicle In Transport,05,On Roadway,3,,,,,,09,Through Roadway,01,Daylight,3/19/2025,2025-03-19,N,112.62,F,N,,,EF5EEE6220B26D317FAD3BDF8D82E9BD9E26B00A14F463A4C8640CEF7A50FC98,MD,01,No,12,Motor Vehicle In Transport,05,On Roadway,01,Dry,,,,,,,,
Injury Crashes,DA338900BN,Prince George's County Police,Single Vehicle,Prince George's,Principal Arterial – Other,No,No,No,Yes,No,ST BARNABAS RD (WB/L),414,MARYLAND ROUTE,No,True,No,1/29/2025,No,Point,38.813986627,-76.964642161,PGCOPD,101,16,02,No,19,,19:09,2025,Wednesday,17,Pedestrian,05,On Roadway,3,,,,,,09,Through Roadway,03,Dark - Lighted,1/29/2025,2025-01-29,N,28.31,F,N,,,3C3A595DB678EBCD056F71BF49C92C990121B1260A2FC345CC87C0AD59C4379D,MD,01,No,,,,,01,Dry,,,,,,,,
Injury Crashes,DA44080017,Prince George's County Police,Single Vehicle,Prince George's,Principal Arterial – Other,No,No,No,No,No,ST BARNABAS RD (WB/L),414,MARYLAND ROUTE,No,True,No,3/15/2025,No,Point,38.814094413,-76.964538609,PGCOPD,101,16,02,No,2,,02:15,2025,Saturday,35,"Other Fixed Object (wall, building, tunnel, etc.)",99,Unknown,3,,,,,,99,Unknown,03,Dark - Lighted,3/15/2025,2025-03-15,N,27.91,F,N,,,632B01B6403E555CB538988EE51B78456A912528C68AEB58AC0D169932B53D32,MD,01,No,,,,,01,Dry,,,,,,,,
Property Damage Crashes,MSP718600J0,Maryland State Police,Unknown,Prince George's,Interstate,No,No,No,No,No,RAMP 4 FR MD 5 NB TO IS 95 NB,95,RAMP,No,True,No,1/12/2025,No,Point,38.81850975,-76.9132176,MSP,99,16,03,No,14,,14:57,2025,Sunday,12,Motor Vehicle In Transport,09,Roadside,1,,,,,,04,Entrance/Exit Ramp or Related,01,Daylight,1/12/2025,2025-01-12,N,41.25,F,N,,,FA636967E08C7D56B1FF3D43C13D3F8ABDCC37A8F2E068CF109B737A4FF500D7,RP,01,No,,,,,01,Dry,,,,,,,,
Property Damage Crashes,DA36620003,Prince George's County Police,"Sideswipe, Same Direction",Prince George's,Major Collector,No,Yes,No,No,No,ADDISON RD,351,COUNTY ROAD,No,True,No,5/20/2025,No,Point,38.904770629,-76.915665191,PGCOPD,07,16,03,No,8,,08:50,2025,Tuesday,12,Motor Vehicle In Transport,05,On Roadway,5,,,,,,99,Unknown,01,Daylight,5/20/2025,2025-05-20,W,21.78,F,N,,,48DF64BC2DC524940347B69C8FFFA4388F79F70B2ECE7E642FE64A23152835FD,CO,01,No,,,,,01,Dry,,,,,,,,
Property Damage Crashes,DA4372001F,Prince George's County Police,Front to Front,Prince George's,Local,No,No,No,No,No,23RD PL,1093,COUNTY ROAD,No,True,No,5/16/2025,No,Point,38.836364146,-76.960195345,PGCOPD,02,16,03,No,7,,07:42,2025,Friday,12,Motor Vehicle In Transport,05,On Roadway,7,,,,,,06,Non-Junction,01,Daylight,5/16/2025,2025-05-16,W,12.15,F,N,,,383326DCB1FF6AD73EB4B5940184455F6F464D085BEC6465447977B78276D7FD,CO,01,No,,,,,01,Dry,,,,,,,,
Property Damage Crashes,DA3876007D,Prince George's County Police,Single Vehicle,Prince George's,,No,No,No,No,Yes,,,,No,True,No,1/22/2025,No,Point,38.885590915,-76.906093377,PGCOPD,101,16,03,,8,,08:00,2025,Wednesday,35,"Other Fixed Object (wall, building, tunnel, etc.)",04,"Off-Roadway, Location Unknown",,,,,,,,,01,Daylight,1/22/2025,2025-01-22,,,F,N,102,Parking Lot Way,,,01,No,,,,,,,,,,,,,,
Property Damage Crashes,DA338900BW,Prince George's County Police,Front to Front,Prince George's,,No,No,No,No,Yes,,,,Yes,True,No,3/23/2025,No,Point,38.824503253,-76.913567065,PGCOPD,02,16,03,,14,,14:44,2025,Sunday,15,Parked Vehicle,02,In Parking Lane Or Zone,,,,,,,,,01,Daylight,3/23/2025,2025-03-23,,,F,N,101,Parking Aisle,,,01,No,,,,,,,,,,,,,,
Property Damage Crashes,DA364800CG,Prince George's County Police,Rear To Rear,Prince George's,Local,No,No,No,No,No,KINGSWELL ST,4539,COUNTY ROAD,No,True,No,4/19/2025,No,Point,38.905250247,-76.794585472,PGCOPD,04,16,03,No,23,,23:30,2025,Saturday,15,Parked Vehicle,05,On Roadway,7,,,,,,09,Through Roadway,03,Dark - Lighted,4/19/2025,2025-04-19,S,21.02,F,N,,,ADA34282F4A5710C45EE20D5FA146D42227A0C70C4EB59048B0889BA54AC43AB,CO,01,No,,,,,01,Dry,,,,,,,,
Property Damage Crashes,DA42730060,Prince George's County Police,"Sideswipe, Opposite Direction",Prince George's,Local,No,No,No,No,No,COOL SPRING RD,252,COUNTY ROAD,No,True,No,5/15/2025,No,Point,38.987651031,-76.956652724,PGCOPD,06,16,03,No,18,,18:54,2025,Thursday,12,Motor Vehicle In Transport,05,On Roadway,7,,,,ADELPHI RD,,09,Through Roadway,01,Daylight,5/15/2025,2025-05-15,E,0,F,N,,,EAE73F19F6BFB544FA725A9A5A817E28E0B3E2C882611758FD1D17905CD49D7A,CO,01,No,12,Motor Vehicle In Transport,05,On Roadway,01,Dry,,,,,,,,
Property Damage Crashes,DA38540010,Prince George's County Police,Front to Rear,Prince George's,Major Collector,No,Yes,No,No,No,OLD MARLBORO PIKE,4024,COUNTY ROAD,Yes,True,No,5/8/2025,No,Point,38.815496959,-76.824608252,PGCOPD,03,16,03,No,9,,09:03,2025,Thursday,12,Motor Vehicle In Transport,05,On Roadway,5,,,,,,06,Non-Junction,01,Daylight,5/8/2025,2025-05-08,W,34.57,F,N,,,1D0BC1A0BB3FE132EA54EB5F56EE8884CFDC265A85AB808BEB4DCF2176E9DB77,CO,02,"Yes, School Bus Directly Involved",,,,,01,Dry,,,,,,,,
Injury Crashes,DA4417000V,Prince George's County Police,"Sideswipe, Same Direction",Prince George's,Principal Arterial – Other,No,No,No,No,No,BRANCH AVE (SB/L),5,MARYLAND ROUTE,No,True,No,4/19/2025,No,Point,38.851564884,-76.955476893,PGCOPD,07,16,02,No,10,,10:06,2025,Saturday,12,Motor Vehicle In Transport,05,On Roadway,3,,,,,,06,Non-Junction,01,Daylight,4/19/2025,2025-04-19,S,32.09,F,N,,,95D4DE1AAB5DFC0F1943B651C595ED66B675FDE3DF7EAB1CF6D4C2E00862AFDB,MD,01,No,,,,,01,Dry,,,,,,,,
Property Damage Crashes,DA4074007Z,Prince George's County Police,Front to Rear,Prince George's,Local,No,No,No,No,No,EVERHART PL,5843,COUNTY ROAD,No,True,No,4/18/2025,No,Point,38.808917708,-76.963003245,PGCOPD,03,16,03,No,1,,01:10,2025,Friday,15,Parked Vehicle,05,On Roadway,7,,,,,,06,Non-Junction,03,Dark - Lighted,4/18/2025,2025-04-18,N,11.25,F,N,,,7A0AEFAD0C0B60800E66F9CD6D9A81D2AB78EBB00CED059ADFDADB9777116172,CO,01,No,,,,,01,Dry,,,,,,,,
Injury Crashes,DA4431000N,Prince George's County Police,Single Vehicle,Prince George's,Principal Arterial – Other,No,No,No,Yes,No,NEW HAMPSHIRE AVE (SB/L),650,MARYLAND ROUTE,No,True,No,3/2/2025,No,Point,38.970536028,-76.999018533,PGCOPD,101,16,02,No,22,,22:00,2025,Sunday,17,Pedestrian,05,On Roadway,3,,,,,,06,Non-Junction,03,Dark - Lighted,3/2/2025,2025-03-02,S,40.86,F,N,,,B59C5EDDB50BE81481FB3A82B82CBDB3A3EAA49BDD92674513EA005B248C3457,MD,01,No,,,,,01,Dry,,,,,,,,
Property Damage Crashes,DA4395002B,Prince George's County Police,Angle,Prince George's,Minor Arterial,No,No,No,No,No,ADELPHI RD,105,COUNTY ROAD,No,True,No,5/22/2025,No,Point,39.010264601,-76.976661956,PGCOPD,01,16,03,No,9,,09:58,2025,Thursday,12,Motor Vehicle In Transport,05,On Roadway,4,,,,,,09,Through Roadway,01,Daylight,5/22/2025,2025-05-22,N,20.92,F,N,,,49C044F50BBFEE05E73F37DC9A18A7B5F0B621CFAF6133CA30F55F4E861E846A,CO,01,No,15,Parked Vehicle,07,"On Shoulder, Right Side",09,Wet,,,,,,,,
Property Damage Crashes,CBPD0092004D,Bowie Police Department,Other,Prince George's,Local,No,No,No,No,No,SUPERIOR LA,2800,MUNICIPAL ROAD,No,True,No,4/16/2025,No,Point,38.979444674,-76.733302590,BOWIE,98,16,03,No,5,,05:00,2025,Wednesday,12,Motor Vehicle In Transport,05,On Roadway,7,,,,,,06,Non-Junction,03,Dark - Lighted,4/16/2025,2025-04-16,N,100.38,F,N,,,3CA2F3183912CA0C6E9140016B7F481ED8CD14EDE620D30FD20A49C1EDDFFA8F,MU,01,No,,,,,01,Dry,,,,,,,,
Property Damage Crashes,DA42760070,Prince George's County Police,Rear To Rear,Prince George's,Local,No,No,No,No,No,COLUMBIA PL,2431,COUNTY ROAD,No,True,No,1/10/2025,No,Point,38.919919593,-76.893188406,PGCOPD,04,16,03,No,17,,17:50,2025,Friday,12,Motor Vehicle In Transport,05,On Roadway,7,,,,,,06,Non-Junction,04,Dark - Not Lighted,1/10/2025,2025-01-10,W,31.69,F,N,,,46FFB83A4B2F29093B261E59792693483CA6BC58AE2D33E1B0CE07772526D537,CO,01,No,,,,,06,Slush,,,,,,,,
Injury Crashes,MSP743900M7,Maryland State Police,"Sideswipe, Same Direction",Prince George's,Interstate,No,Yes,No,No,No,CAPITAL BELTWAY (SB/L),95,INTERSTATE ROUTE,No,True,No,1/26/2025,No,Point,39.011010238,-76.903156934,MSP,07,16,02,No,21,,21:11,2025,Sunday,12,Motor Vehicle In Transport,05,On Roadway,1,,,,,,09,Through Roadway,04,Dark - Not Lighted,1/26/2025,2025-01-26,S,127.62,F,N,,,5C9C21AE7CAAB3ACB37D1A3DD3D6823A54CB58F8B571C7729E922D2505049D2B,IS,01,No,,,,,01,Dry,,,,,,,,
Property Damage Crashes,DA3973006G,Prince George's County Police,"Sideswipe, Same Direction",Prince George's,Principal Arterial – Other,No,No,No,No,No,UNIVERSITY BLVD,193,MARYLAND ROUTE,No,True,Yes,3/24/2025,Yes,Point,38.983590252,-76.975997330,PGCOPD,07,16,03,Yes,8,,08:24,2025,Monday,12,Motor Vehicle In Transport,05,On Roadway,3,,,,GUILFORD RD,,02,Crossover-Related,01,Daylight,3/24/2025,2025-03-24,N,12.54,F,N,,,767B0EF7DBC50BAA2FB41BBCDD25E3BAD4E60062BEDF99D77CCD2FB6B44D7D70,MD,01,No,,,,,09,Wet,,,N,04,Activity Area,03,Work on Shoulder or Median,Yes
Property Damage Crashes,DA3594003K,Prince George's County Police,Rear To Side,Prince George's,Major Collector,No,Yes,No,No,No,OWENS RD,112,COUNTY ROAD,No,True,No,1/14/2025,No,Point,38.817166869,-76.976218597,PGCOPD,05,16,03,No,8,,08:11,2025,Tuesday,15,Parked Vehicle,05,On Roadway,5,,,,,,06,Non-Junction,01,Daylight,1/14/2025,2025-01-14,E,24.27,F,N,,,FD83032797830CC45F013AEE39446DCAD5114F366CA242CB7722F54151D435EB,CO,02,"Yes, School Bus Directly Involved",,,,,02,Ice/Frost,,,,,,,,
Property Damage Crashes,DA4422000B,Prince George's County Police,Rear To Side,Prince George's,Local,No,No,No,No,No,WALLACE RD #1,51,MUNICIPAL ROAD,No,True,No,1/30/2025,No,Point,38.944272440,-76.951047040,PGCOPD,05,16,03,No,12,,12:30,2025,Thursday,12,Motor Vehicle In Transport,05,On Roadway,7,,,,,,09,Through Roadway,01,Daylight,1/30/2025,2025-01-30,E,24.42,F,N,,,76D7B300A60E5F0622B975A636D84CE97C79C4F8FAAB0CC1452D0454688773BE,MU,01,No,,,,,01,Dry,,,,,,,,
Property Damage Crashes,DA4366002J,Prince George's County Police,Angle,Prince George's,,Yes,No,No,No,No,,76,COUNTY ROAD,Yes,True,No,4/13/2025,No,Point,38.899216793,-76.852978998,PGCOPD,01,16,03,No,15,,15:00,2025,Sunday,12,Motor Vehicle In Transport,05,On Roadway,,,,,,,09,Through Roadway,01,Daylight,4/13/2025,2025-04-13,S,13.51,F,N,,,812EE4722F334FBBC2533316511BA03A5C97E00C0554A8AD09F852B893248FD7,CO,01,No,,,,,01,Dry,,,,,,,,
Injury Crashes,BW0177002R,Greenbelt Police Department,Other,Prince George's,Principal Arterial – Other Freeways and Expressways,No,No,No,No,No,RAMP 1 FR MD 201 NB TO MD 193 WB,201,RAMP,No,True,No,5/8/2025,No,Point,38.996136063,-76.899897641,GREENBELT,98,16,02,No,9,,09:30,2025,Thursday,12,Motor Vehicle In Transport,05,On Roadway,2,,101,State,,,02,Crossover-Related,01,Daylight,5/8/2025,2025-05-08,E,10.41,F,N,,,988659DBD93C60C6E5F1A8038EA87A41E1E2221A9286CDB60B3D9994003C341E,RP,01,No,36,"Other Post, Pole, Or Support",03,Median,01,Dry,,,,,,,,
Injury Crashes,DA3952008D,Prince George's County Police,Single Vehicle,Prince George's,Local,No,No,No,No,No,FORBES BLVD,4224,COUNTY ROAD,No,True,No,3/6/2025,No,Point,38.968910683,-76.828855573,PGCOPD,101,16,02,No,2,,02:05,2025,Thursday,40,Tree (standing),04,"Off-Roadway, Location Unknown",7,,,,,,09,Through Roadway,03,Dark - Lighted,3/6/2025,2025-03-06,E,24.05,F,N,,,4016A75A3C3FCF5E968B8EF3B35E949A54BD3BB950CA3DC0639DFDE254927705,CO,01,No,,,,,09,Wet,,,,,,,,
Property Damage Crashes,DA4347001K,Prince George's County Police,"Sideswipe, Same Direction",Prince George's,Local,No,No,No,No,No,AUDREY LA,660,COUNTY ROAD,No,True,No,2/28/2025,No,Point,38.818784460,-76.999959844,PGCOPD,07,16,03,Yes,20,,20:34,2025,Friday,12,Motor Vehicle In Transport,05,On Roadway,7,,,,,,09,Through Roadway,03,Dark - Lighted,2/28/2025,2025-02-28,E,22.21,F,N,,,F69247FDAAB30C93A8E727C0E5AC767F14B94249D9B9337A80DC11CDEC39C9B4,CO,01,No,,,,,01,Dry,,,,,,,,
Property Damage Crashes,DA2714002D,Prince George's County Police,Front to Rear,Prince George's,Major Collector,No,No,No,No,No,KONTERRA DR,206,MARYLAND ROUTE,No,True,No,5/23/2025,No,Point,39.086483578,-76.900520384,PGCOPD,03,16,03,No,7,,07:54,2025,Friday,12,Motor Vehicle In Transport,05,On Roadway,5,,,,,,06,Non-Junction,01,Daylight,5/23/2025,2025-05-23,N,15.85,F,N,,,A2B5318ECBCBF752A6A8101B6CC4858C74025B31C027A284F4225F2BA224E4EC,MD,01,No,12,Motor Vehicle In Transport,99,Unknown,01,Dry,,,,,,,,
Property Damage Crashes,RD0130004K,Riverdale Park Police Department,Front to Rear,Prince George's,Local,No,Yes,No,No,No,RIVERDALE RD,3048,COUNTY ROAD,No,True,No,2/3/2025,No,Point,38.959170641,-76.918579393,RIVERDALE,03,16,03,No,21,,21:49,2025,Monday,12,Motor Vehicle In Transport,05,On Roadway,7,,,,,,09,Through Roadway,03,Dark - Lighted,2/3/2025,2025-02-03,N,56.19,F,N,,,C30FBF85662F90233FFA6FF65A0B536AB63CF8DE48233372D1BD52387AB1F995,CO,01,No,12,Motor Vehicle In Transport,05,On Roadway,01,Dry,,,,,,,,
Property Damage Crashes,DA4146006H,Prince George's County Police,Other,Prince George's,,No,No,No,No,No,,114,COUNTY ROAD,No,True,No,1/1/2025,No,Point,38.771648384,-77.005877352,PGCOPD,98,16,03,No,4,,04:28,2025,Wednesday,12,Motor Vehicle In Transport,05,On Roadway,,,,,,,06,Non-Junction,03,Dark - Lighted,1/1/2025,2025-01-01,N,50.99,F,N,,,FD6687D819B0A626FA1A8F3B942F6272CFFE0721769A1264518DB18A107381B1,CO,01,No,,,,,01,Dry,,,,,,,,