Crash Severity Description,Reportnumber,Agencyname,CollisionImpact Description,Crash County Description,FunctionalClass Description,ImpairedCrash,Large Vehicle Involved,Motorcycle Crash,Non-Motorist Crash,OffRoad,RoadName,Route Number,RouteType Description,Unrestrained Occupants,WithinDateRange,Work Zone Related,Crashdate,Work Zone Crash,CrashPoint,Latitude,Longitude,AgencyCode,CollisionImpact,Crash County,Crash Severity,Crash Within Interchange,Crashhour,CrashInterchangeApproaches,Crashtime,CrashYear,Dayofweek,FirstHarmEvent,FirstHarmEvent Description,FirstHarmLocation,FirstHarmLocation Description,FunctionalClass,Geometry Description,GovPropertyDamage,GovPropertyDamage Description,IntersectingRoadName,Intersection Geometry,JunctionRelated,JunctionRelated Description,Light,Light Description,LOD Crash Date,LOD Date Level,MilepointDirection,MilepointDistance,MilepointUnits,NonTrafficFatal,OffroadLocation,OffroadLocation Description,RoadID,RouteType,SchoolBusRelated,SchoolBusRelated Description,SecondHarmEvent,SecondHarmEvent Description,SecondHarmLocation,SecondHarmLocation Description,Surface,Surface Description,TrafficControl,Trafficcontrol Description,WZLawEnforcementPresent,WZLocation,WZLocation Description,WZType,WZType Description,WZWorkersPresent
Injury Crashes,DA4384002R,Prince George's County Police,Front to Front,Prince George's,Local,No,No,No,No,No,ARAGONA BLVD,5635,COUNTY ROAD,No,True,No,2/14/2025,No,Point,38.735066590,-76.975732529,PGCOPD,02,16,02,Yes,14,,14:23,2025,Friday,12,Motor Vehicle In Transport,05,On Roadway,7,,,,OLD FORT RD,,09,Through Roadway,01,Daylight,2/14/2025,2025-02-14,W,27.59,F,N,,,58A7E74DA629D1E075A17A38F055CF4FD1283B93399705B1B327D9154370BE82,CO,01,No,,,,,01,Dry,,,,,,,,
Property Damage Crashes,DA4278006X,Prince George's County Police,Other,Prince George's,,No,No,No,No,No,,922,CROSSOVER,No,True,No,4/7/2025,No,Point,38.990623549,-76.826070901,PGCOPD,98,16,03,No,8,03,08:00,2025,Monday,12,Motor Vehicle In Transport,05,On Roadway,,Perpendicular,,,EXECUTIVE PL GREENBELT RD (WB/L),03,05,Intersection or Related,01,Daylight,4/7/2025,2025-04-07,S,0,F,N,,,FA44850C9F442260EE41627491AB6F65AAE202D4A4DD9E6DA349F9548A15CB6B,XO,01,No,,,,,09,Wet,05,No Controls,,,,,,
Property Damage Crashes,CBPD0122001B,Bowie Police Department,Single Vehicle,Prince George's,Major Collector,No,No,No,No,No,NORTHVIEW DR (NB/L),1959,MUNICIPAL ROAD,No,True,No,3/27/2025,No,Point,38.947828031,-76.737142122,BOWIE,101,16,03,No,6,,06:50,2025,Thursday,100,Spilled Cargo,05,On Roadway,5,,,,,,06,Non-Junction,100,Dawn,3/27/2025,2025-03-27,S,30.07,F,N,,,185DF6EF1E550DD5E8E1779E3F3DA6E90DFF9296E8AD3FA4F1D0BD6B8F8AEFD6,MU,01,No,,,,,01,Dry,,,,,,,,
Injury Crashes,DA4354003B,Prince George's County Police,Single Vehicle,Prince George's,Major Collector,No,Yes,No,No,No,TUXEDO RD (SB/L),459,MARYLAND ROUTE,No,True,No,2/26/2025,No,Point,38.917628479,-76.919771615,PGCOPD,101,16,02,No,5,,05:39,2025,Wednesday,41,Utility Pole/Light Support,09,Roadside,5,,,,,,01,Acceleration/Deceleration Lane,05,Dark - Unknown Lighting,2/26/2025,2025-02-26,S,28.35,F,N,,,E0ACFD74AEB3A5950320C35E0A26ED3F95EF0E7DECEBB5326B138B198A54E0F3,MD,01,No,12,Motor Vehicle In Transport,05,On Roadway,01,Dry,,,,,,,,
Property Damage Crashes,MSP6931012S,Maryland State Police,Front to Rear,Prince George's,,No,Yes,No,No,No,,305,SPUR,No,True,No,1/8/2025,No,Point,38.913045,-76.83931,MSP,03,16,03,No,10,,10:10,2025,Wednesday,12,Motor Vehicle In Transport,05,On Roadway,,,101,State,LARGO RD,,06,Non-Junction,01,Daylight,1/8/2025,2025-01-08,N,45.25,F,N,,,6F03B785896DCD31207A04FCE8B6684B6AE6CCAA16EF9A932B4C541EED91D02B,SP,01,No,,,,,02,Ice/Frost,,,,,,,,
Injury Crashes,DA43990013,Prince George's County Police,Single Vehicle,Prince George's,,No,No,No,Yes,Yes,,,,No,True,No,3/26/2025,No,Point,38.954482709,-76.981705039,PGCOPD,101,16,02,,21,,21:47,2025,Wednesday,17,Pedestrian,02,In Parking Lane Or Zone,,,,,,,,,03,Dark - Lighted,3/26/2025,2025-03-26,,,F,N,102,Parking Lot Way,,,01,No,,,,,,,,,,,,,,
Property Damage Crashes,DS05110006,University of Maryland Police College Park,Single Vehicle,Prince George's,,No,No,No,No,Yes,,,,No,True,No,5/11/2025,No,Point,39.002063493,-76.942587560,UMCP,101,16,03,,16,,16:23,2025,Sunday,35,"Other Fixed Object (wall, building, tunnel, etc.)",04,"Off-Roadway, Location Unknown",,,101,State,,,,,01,Daylight,5/11/2025,2025-05-11,,,F,N,102,Parking Lot Way,,,01,No,19,Strikes Object at Rest from Motor Vehicle In Transport,04,"Off-Roadway, Location Unknown",,,,,,,,,,
Property Damage Crashes,DA416800CP,Prince George's County Police,Front to Rear,Prince George's,Major Collector,No,No,No,No,No,OLD FORT RD,118,COUNTY ROAD,No,True,No,6/8/2025,No,Point,38.756021730,-76.993295977,PGCOPD,03,16,03,No,5,04,05:25,2025,Sunday,12,Motor Vehicle In Transport,05,On Roadway,5,Perpendicular,,,INDIAN HEAD HWY (SB/L),03,05,Intersection or Related,03,Dark - Lighted,6/8/2025,2025-06-08,S,0,F,N,,,D0F6185F94C419F0C8F5E3B2EFB0DFC1160C32BAAE66C309913B4A22FB6694FF,CO,01,No,,,,,01,Dry,01,Signalized,,,,,,
Injury Crashes,MSP744700MT,Maryland State Police,Angle,Prince George's,Principal Arterial – Other,No,No,No,No,No,CENTRAL AVE (WB/L),214,MARYLAND ROUTE,No,True,No,2/22/2025,No,Point,38.897852674,-76.807502048,MSP,01,16,02,No,20,04,20:42,2025,Saturday,12,Motor Vehicle In Transport,05,On Roadway,3,Perpendicular,,,LAKE ARBOR WAY,03,05,Intersection or Related,03,Dark - Lighted,2/22/2025,2025-02-22,W,0,F,N,,,BD67474160B34114E845F4BA5A702350A54678DF00CEBDA48AF175308DD55BC3,MD,01,No,,,,,01,Dry,01,Signalized,,,,,,
Property Damage Crashes,MSP7787006S,Maryland State Police,Unknown,Prince George's,Interstate,No,Yes,No,No,No,IS 95 SB CD LANE FR MD 198 TO MD 200,95,INTERSTATE ROUTE,No,True,No,5/8/2025,No,Point,39.064800533,-76.912349976,MSP,99,16,03,No,0,,00:58,2025,Thursday,09,Animal (live),05,On Roadway,1,,,,,,06,Non-Junction,04,Dark - Not Lighted,5/8/2025,2025-05-08,W,76.26,F,N,,,DF033587BCE2B79C4E49D3549DDC156328C34774A31D3086AFBB0E18259E99E9,IS,01,No,12,Motor Vehicle In Transport,05,On Roadway,01,Dry,,,,,,,,
Injury Crashes,MSP7843001X,Maryland State Police,Front to Rear,Prince George's,Interstate,No,No,No,No,No,CAPITAL BELTWAY,495,INTERSTATE ROUTE,No,True,No,3/24/2025,No,Point,39.018465836,-76.964778412,MSP,03,16,02,No,18,,18:14,2025,Monday,12,Motor Vehicle In Transport,05,On Roadway,1,,,,,,06,Non-Junction,01,Daylight,3/24/2025,2025-03-24,W,28.45,F,N,,,2C218E9FF778968E78C167AEF37A17C9E0F4736EFE4543925EE48191EDD68DE0,IS,01,No,,,,,01,Dry,,,,,,,,
Property Damage Crashes,DA2910002V,Prince George's County Police,Front to Rear,Prince George's,Principal Arterial – Other,No,No,No,No,No,UNIVERSITY BLVD,193,MARYLAND ROUTE,No,True,No,3/29/2025,No,Point,39.000222205,-76.927691393,PGCOPD,03,16,03,No,21,,21:16,2025,Saturday,12,Motor Vehicle In Transport,05,On Roadway,3,,,,,,09,Through Roadway,03,Dark - Lighted,3/29/2025,2025-03-29,N,13.81,F,N,,,27654B07809C5A1A1DEB607F44B37C1BEB759BC9FB01012E4605ED12C0CDFA39,MD,01,No,,,,,01,Dry,,,,,,,,
Property Damage Crashes,DA4370001C,Prince George's County Police,Single Vehicle,Prince George's,Local,No,No,No,No,No,MCCORMICK DR (NB/L),4565,COUNTY ROAD,Yes,True,No,1/19/2025,No,Point,38.915675976,-76.845306961,PGCOPD,101,16,03,No,15,,15:14,2025,Sunday,36,"Other Post, Pole, Or Support",05,On Roadway,7,,,,,,06,Non-Junction,01,Daylight,1/19/2025,2025-01-19,N,19.14,F,N,,,DC93610283E502E0A13FF662B956B2952F559EAD7D50700D72CD7DA28222E637,CO,01,No,,,,,02,Ice/Frost,,,,,,,,
Property Damage Crashes,DA43790017,Prince George's County Police,Single Vehicle,Prince George's,Local,No,Yes,No,No,No,LEHIGH RD,715,MUNICIPAL ROAD,No,True,No,1/7/2025,No,Point,38.981797896,-76.938146536,PGCOPD,101,16,03,No,20,,20:45,2025,Tuesday,36,"Other Post, Pole, Or Support",04,"Off-Roadway, Location Unknown",7,,,,,,01,Acceleration/Deceleration Lane,03,Dark - Lighted,1/7/2025,2025-01-07,W,11.15,F,N,,,A309AE9D0895A343DF3C069FECF824872B9905402FDBBD84B22372F2F463A585,MU,01,No,,,,,06,Slush,,,,,,,,
Property Damage Crashes,BP1135001K,Forest Heights Police Department,Front to Rear,Prince George's,Local,No,No,No,No,No,MGM NATIONAL AVE,5591,OTHER PUBLIC ROAD,No,True,No,1/27/2025,No,Point,38.797061915,-77.003203739,FORESTHEIGHTS,03,16,03,No,17,,17:00,2025,Monday,12,Motor Vehicle In Transport,05,On Roadway,7,,,,,,99,Unknown,01,Daylight,1/27/2025,2025-01-27,E,19.96,F,N,,,6375A69D82B74E2F56181DCB1D8EB48E511669FC3CBB64EBE9016F70E48BFD5D,OP,01,No,,,,,01,Dry,,,,,,,,
Property Damage Crashes,DA4415000J,Prince George's County Police,Front to Front,Prince George's,Principal Arterial – Other,No,No,No,No,No,GREENBELT RD (WB/L),430,MARYLAND ROUTE,No,True,No,3/24/2025,No,Point,38.99813,-76.926955,PGCOPD,02,16,03,No,18,04,18:58,2025,Monday,12,Motor Vehicle In Transport,05,On Roadway,3,Perpendicular,,,49TH AVE #5,03,05,Intersection or Related,01,Daylight,3/24/2025,2025-03-24,W,0,F,N,,,42816063A20FB575C6345FD1D3739BFA5A0CA8D3531D9CDAD0DDBD9A558EB4A3,MD,01,No,12,Motor Vehicle In Transport,05,On Roadway,01,Dry,05,No Controls,,,,,,
Property Damage Crashes,MSP745800SN,Maryland State Police,Front to Rear,Prince George's,Principal Arterial – Other,No,No,No,No,No,CRAIN HWY,301,UNITED STATE ROUTE,No,True,No,4/26/2025,No,Point,38.758038333,-76.80916,MSP,03,16,03,No,16,,16:38,2025,Saturday,12,Motor Vehicle In Transport,05,On Roadway,3,,,,,,01,Acceleration/Deceleration Lane,01,Daylight,4/26/2025,2025-04-26,N,47,F,N,,,1A5E5FDA6C75CEC01D8DD3E591327138738106FC70760E2861F87637BAA07EE6,US,01,No,,,,,01,Dry,,,,,,,,
Property Damage Crashes,DA33770058,Prince George's County Police,Rear To Rear,Prince George's,,No,No,No,No,Yes,,,,No,True,No,2/4/2025,No,Point,38.669101555,-76.877194203,PGCOPD,04,16,03,,22,,22:43,2025,Tuesday,12,Motor Vehicle In Transport,02,In Parking Lane Or Zone,,,,,,,,,03,Dark - Lighted,2/4/2025,2025-02-04,,,F,N,102,Parking Lot Way,,,01,No,,,,,,,,,,,,,,
Property Damage Crashes,DA3706005M,Prince George's County Police,"Sideswipe, Same Direction",Prince George's,Local,No,No,No,No,No,FORBES BLVD (SB/L),4224,COUNTY ROAD,No,True,No,4/25/2025,No,Point,38.955498202,-76.836641260,PGCOPD,07,16,03,No,7,,07:55,2025,Friday,12,Motor Vehicle In Transport,05,On Roadway,7,,,,,,09,Through Roadway,01,Daylight,4/25/2025,2025-04-25,N,22.72,F,N,,,00FFB8E47C83530CE4208D78952CF9797CBE75D465999C2AE48ACAB72A0E9209,CO,01,No,,,,,01,Dry,,,,,,,,
Property Damage Crashes,MSP7764009F,Maryland State Police,Front to Rear,Prince George's,Interstate,No,Yes,No,No,No,NO NAME (SB/L),95,INTERSTATE ROUTE,No,True,No,5/16/2025,No,Point,39.032231667,-76.945935,MSP,03,16,03,No,6,,06:03,2025,Friday,12,Motor Vehicle In Transport,05,On Roadway,1,,,,,,06,Non-Junction,01,Daylight,5/16/2025,2025-05-16,S,49.02,F,N,,,6FA89B248C3A1957867A292EDE92DF0D2595EEC6D122A8E7B671B3E1B1EFFA9D,IS,01,No,,,,,01,Dry,,,,,,,,
Property Damage Crashes,MSP7765005W,Maryland State Police,"Sideswipe, Same Direction",Prince George's,Interstate,No,No,No,No,No,CAPITAL BELTWAY,95,INTERSTATE ROUTE,No,True,No,2/4/2025,No,Point,38.863558,-76.847498833,MSP,07,16,03,No,7,,07:01,2025,Tuesday,12,Motor Vehicle In Transport,05,On Roadway,1,,101,State,,,09,Through Roadway,01,Daylight,2/4/2025,2025-02-04,W,48.36,F,N,,,4C74F3EF9318DA148AE3375CA5070B1FE86FDF1BD429ED7F3E32C6D7B7BF7BD4,IS,01,No,,,,,01,Dry,,,,,,,,
Property Damage Crashes,CBPD01220016,Bowie Police Department,Angle,Prince George's,Local,No,No,No,No,No,EXCALIBUR RD,611,MUNICIPAL ROAD,No,True,No,1/21/2025,No,Point,38.935331942,-76.718284118,BOWIE,01,16,03,No,12,,12:20,2025,Tuesday,12,Motor Vehicle In Transport,05,On Roadway,7,,,,,,06,Non-Junction,01,Daylight,1/21/2025,2025-01-21,E,19.54,F,N,,,B07448FE54E127D17C7C60CD9B14EFD7EEABE3D735B9C7DCBC525C244EB6A402,MU,01,No,,,,,01,Dry,,,,,,,,
Injury Crashes,MSP6582015M,Maryland State Police,Front to Rear,Prince George's,Interstate,No,No,No,No,No,CAPITAL BELTWAY,95,INTERSTATE ROUTE,No,True,No,2/22/2025,No,Point,38.920011667,-76.852178333,MSP,03,16,02,No,17,,17:18,2025,Saturday,12,Motor Vehicle In Transport,05,On Roadway,1,,,,,,09,Through Roadway,01,Daylight,2/22/2025,2025-02-22,N,55.18,F,N,,,3F4D0C9B6AA30CD6B9DB43FEFF0D1A42C58A76856C53E33D2C801782E35572CD,IS,01,No,,,,,01,Dry,,,,,,,,
Property Damage Crashes,DA3900005C,Prince George's County Police,Angle,Prince George's,Local,No,No,No,No,No,BROOKE JANE DR,3534,COUNTY ROAD,No,True,No,2/11/2025,No,Point,38.736776108,-76.895063337,PGCOPD,01,16,03,No,17,04,17:43,2025,Tuesday,12,Motor Vehicle In Transport,05,On Roadway,7,Angled/Skewed,,,BRANDYWINE RD NORTHGATE PKWY,01,05,Intersection or Related,04,Dark - Not Lighted,2/11/2025,2025-02-11,S,0,F,N,,,35580BA018CFB1523B2DDA597724AD7EE4D9FB0447069C21258F68506B8B4966,CO,01,No,,,,,07,Snow,03,Stop - Partial,,,,,,
Property Damage Crashes,DA368800DP,Prince George's County Police,Single Vehicle,Prince George's,Local,No,No,No,No,No,SPRINGFIELD RD,57,COUNTY ROAD,No,True,No,5/9/2025,No,Point,39.047295447,-76.854640441,PGCOPD,101,16,03,No,9,,09:30,2025,Friday,40,Tree (standing),09,Roadside,7,,,,,,06,Non-Junction,01,Daylight,5/9/2025,2025-05-09,S,25.75,F,N,,,DD038CCD133032245C8171D63C318F05A35C78CBE8A8DFEBAF854467E2AB8762,CO,01,No,,,,,09,Wet,,,,,,,,
Property Damage Crashes,DA4102008F,Prince George's County Police,Other,Prince George's,,No,No,No,Yes,Yes,,,,No,True,No,6/6/2025,No,Point,38.950336006,-76.925839840,PGCOPD,98,16,03,,10,,10:37,2025,Friday,12,Motor Vehicle In Transport,02,In Parking Lane Or Zone,,,,,,,,,01,Daylight,6/6/2025,2025-06-06,,,F,N,101,Parking Aisle,,,01,No,15,Parked Vehicle,02,In Parking Lane Or Zone,,,,,,,,,,
Injury Crashes,MSP546601RB,Maryland State Police,Single Vehicle,Prince George's,Interstate,Yes,No,No,No,No,CAPITAL BELTWAY,95,INTERSTATE ROUTE,Yes,True,No,1/31/2025,No,Point,38.841384184,-76.865389029,MSP,101,16,02,Yes,23,,23:09,2025,Friday,28,Ditch,03,Median,1,,101,State,,,09,Through Roadway,04,Dark - Not Lighted,1/31/2025,2025-01-31,W,2.23,F,N,,,C3B986BEB1CF61507F6851516DC637D495A936596CEE69C609DBB65E4B80CA21,IS,01,No,32,Guardrail Face,03,Median,09,Wet,,,,,,,,
Property Damage Crashes,DA3198003W,Prince George's County Police,Angle,Prince George's,Major Collector,No,No,No,No,No,LOTTSFORD VISTA RD,67,COUNTY ROAD,No,True,No,4/25/2025,No,Point,38.939312109,-76.824113257,PGCOPD,01,16,03,Yes,14,03,14:10,2025,Friday,12,Motor Vehicle In Transport,05,On Roadway,5,Perpendicular,,,FORESTGROVE LA,03,05,Intersection or Related,01,Daylight,4/25/2025,2025-04-25,E,0,F,N,,,14805FF0B3E9DCB371B40AF2F46BB2F962EF34F865C223AE859A18F766F823BF,CO,01,No,,,,,01,Dry,05,No Controls,,,,,,
Injury Crashes,MSP7665009X,Maryland State Police,Single Vehicle,Prince George's,Principal Arterial – Other,No,No,No,No,No,,1,UNITED STATE ROUTE,No,True,No,2/6/2025,No,Point,39.071591667,-76.873613333,MSP,101,16,02,No,8,,08:55,2025,Thursday,28,Ditch,09,Roadside,3,,,,,,06,Non-Junction,01,Daylight,2/6/2025,2025-02-06,S,24.66,F,N,,,6404E00117FAC38030D48159A6BEDCA46E89DFAAF5A47465E368553591A6D5B3,US,01,No,40,Tree (standing),09,Roadside,09,Wet,,,,,,,,
Property Damage Crashes,HB05290002,Maryland-National Capital Park Police Prince George's County,Angle,Prince George's,Minor Arterial,No,No,No,No,No,BOCK RD,148,COUNTY ROAD,No,True,No,3/6/2025,No,Point,38.7964833,-76.9768073,PGPARK,01,16,03,No,20,,20:35,2025,Thursday,12,Motor Vehicle In Transport,05,On Roadway,4,,100,Local,,,09,Through Roadway,03,Dark - Lighted,3/6/2025,2025-03-06,N,30.86,F,N,,,D19DC5F23DEE1115D2C455FC822B839C13ABDA68CF16A13A954B975BFFF5D030,CO,01,No,12,Motor Vehicle In Transport,05,On Roadway,01,Dry,,,,,,,,
Injury Crashes,DA4394000S,Prince George's County Police,Angle,Prince George's,Minor Arterial,No,No,No,No,No,POWDER MILL RD (SB/L),212,MARYLAND ROUTE,No,True,No,1/23/2025,No,Point,39.029508162,-76.957821436,PGCOPD,01,16,02,No,8,,08:15,2025,Thursday,12,Motor Vehicle In Transport,05,On Roadway,4,,,,,,06,Non-Junction,01,Daylight,1/23/2025,2025-01-23,W,87.57,F,N,,,35FB971237F19D9EDF8561F33FF8FEC2F3D55D0929F27C34329357FE6DE2D39D,MD,01,No,,,,,01,Dry,,,,,,,,
Property Damage Crashes,DA3475001D,Prince George's County Police,Rear To Side,Prince George's,,No,No,No,No,Yes,,,,No,True,No,2/19/2025,No,Point,38.924090222,-76.888874581,PGCOPD,05,16,03,,22,,22:44,2025,Wednesday,15,Parked Vehicle,02,In Parking Lane Or Zone,,,,,,,,,03,Dark - Lighted,2/19/2025,2025-02-19,,,F,N,102,Parking Lot Way,,,01,No,,,,,,,,,,,,,,
Property Damage Crashes,DA3808009Y,Prince George's County Police,Front to Rear,Prince George's,Major Collector,No,No,No,No,No,OXON HILL RD (WB/L),414,MARYLAND ROUTE,No,True,No,3/29/2025,No,Point,38.801211757,-77.000878668,PGCOPD,03,16,03,Yes,1,04,01:12,2025,Saturday,12,Motor Vehicle In Transport,05,On Roadway,5,Perpendicular,,,RAMP 7 FR MD 414 WB TO RAMP 6(TO MD 210),03,05,Intersection or Related,03,Dark - Lighted,3/29/2025,2025-03-29,N,0,F,N,,,1597633615EFC4B17970A7404BE76A7593550A367EEAF43889774D29313DD24B,MD,01,No,,,,,01,Dry,01,Signalized,,,,,,
Property Damage Crashes,DJ01870009,Seat Pleasant Police Department,Unknown,Prince George's,Interstate,No,No,No,No,No,RAMP 9 FR RAMP 8 (FR IS95) TO MD 214 WB,95,RAMP,No,True,No,1/28/2025,No,Point,38.891149910,-76.852866614,SEATPLEASANT,99,16,03,No,12,,12:04,2025,Tuesday,12,Motor Vehicle In Transport,05,On Roadway,1,,,,,,06,Non-Junction,01,Daylight,1/28/2025,2025-01-28,E,955.1,F,N,,,3D9CF39DCBDFEEDB03B6A2AB774EBCC336B17AB8817EA6110977FA296613904E,RP,01,No,,,,,01,Dry,,,,,,,,
Property Damage Crashes,DA3641009T,Prince George's County Police,Other,Prince George's,,No,No,No,No,No,,668,COUNTY ROAD,No,True,No,4/22/2025,No,Point,38.992368099,-76.983471447,PGCOPD,98,16,03,No,9,,09:15,2025,Tuesday,12,Motor Vehicle In Transport,05,On Roadway,,,,,,,06,Non-Junction,01,Daylight,4/22/2025,2025-04-22,S,17.2,F,N,,,532EE314FE131BC25C82ECE381B8F1873E7F3414CD3BA6275698A1E3DD14D42B,CO,01,No,,,,,01,Dry,,,,,,,,
Property Damage Crashes,DA4038007Q,Prince George's County Police,Single Vehicle,Prince George's,Local,No,No,No,No,No,SHORT CUT RD,164,COUNTY ROAD,No,True,No,3/22/2025,No,Point,38.6943379,-76.868534,PGCOPD,101,16,03,No,6,,06:00,2025,Saturday,32,Guardrail Face,09,Roadside,7,,,,,,09,Through Roadway,03,Dark - Lighted,3/22/2025,2025-03-22,S,59.71,F,N,,,5D06567C8F21E9F588F62BD645486BC093DE1A942F04333B2FEEE870C7F88198,CO,01,No,,,,,01,Dry,,,,,,,,
Injury Crashes,MSP7453009F,Maryland State Police,Single Vehicle,Prince George's,Interstate,Yes,No,No,No,No,CAPITAL BELTWAY,495,INTERSTATE ROUTE,No,True,No,3/1/2025,No,Point,39.018358418,-76.971162083,MSP,101,16,02,No,4,,04:43,2025,Saturday,07,Overturn/Rollover,09,Roadside,1,,101,State,,,06,Non-Junction,04,Dark - Not Lighted,3/1/2025,2025-03-01,E,26.77,F,N,,,EEA468E2F34181CBB88FA00A2099067B5C634F1E3CA008B504FD0016F736A937,IS,01,No,,,,,01,Dry,,,,,,,,
Property Damage Crashes,AZ1741000C,Cheverly Police Department,Angle,Prince George's,Local,No,No,No,No,No,57TH AVE,258,COUNTY ROAD,No,True,No,1/25/2025,No,Point,38.936341911,-76.919964083,CHEVERLY,01,16,03,Yes,9,04,09:45,2025,Saturday,12,Motor Vehicle In Transport,05,On Roadway,7,Perpendicular,,,LANDOVER RD (SB/L),03,05,Intersection or Related,01,Daylight,1/25/2025,2025-01-25,E,0,F,N,,,DB4EE7EF99A395C41FB3C8E8AE854B6D51DAFCB9A9B91C6BD8A31C731CA90A4F,CO,01,No,,,,,01,Dry,01,Signalized,,,,,,
Injury Crashes,DA4350002V,Prince George's County Police,Front to Front,Prince George's,Major Collector,Yes,No,No,No,No,OLD SILVER HILL RD,414,MARYLAND ROUTE,No,True,No,2/17/2025,No,Point,38.842156294,-76.947033424,PGCOPD,02,16,02,No,22,,22:10,2025,Monday,12,Motor Vehicle In Transport,05,On Roadway,5,,,,,,09,Through Roadway,03,Dark - Lighted,2/17/2025,2025-02-17,S,14.37,F,N,,,7DC4F49D697AA4D4BF5D2C79C0C982E7055A1CE8718D31AC31338F8B4B1DF1F5,MD,01,No,,,,,01,Dry,,,,,,,,
Property Damage Crashes,MSP617100MS,Maryland State Police,Single Vehicle,Prince George's,Principal Arterial – Other Freeways and Expressways,No,No,No,No,No,JOHN HANSON HWY (WB/L),50,UNITED STATE ROUTE,No,True,No,2/15/2025,No,Point,38.945236667,-76.863795,MSP,101,16,03,No,7,,07:26,2025,Saturday,25,Concrete Traffic Barrier,03,Median,2,,,,,,06,Non-Junction,01,Daylight,2/15/2025,2025-02-15,S,49.43,F,N,,,61596564E5CBEC4BD4E2AA16C68B42AA6DA4B6DA33425A76B7A06B1F6C07B32D,US,01,No,,,,,01,Dry,,,,,,,,
Property Damage Crashes,DA4343002Z,Prince George's County Police,Front to Front,Prince George's,,No,No,No,No,No,,3523,COUNTY ROAD,No,True,No,3/23/2025,No,Point,39.051187615,-76.936632453,PGCOPD,02,16,03,Yes,5,04,05:24,2025,Sunday,12,Motor Vehicle In Transport,05,On Roadway,,Perpendicular,,,CALVERTON BLVD,03,05,Intersection or Related,03,Dark - Lighted,3/23/2025,2025-03-23,N,0,F,N,,,763E716244C6CFA22F27565FA586E348549D27AC9E2BD27ADE0A3427C56AE2D8,CO,01,No,,,,,01,Dry,01,Signalized,,,,,,
Property Damage Crashes,AT1038000N,Capitol Heights Police Department,Rear To Side,Prince George's,Local,No,No,No,No,No,CLOVIS AVE,100,MUNICIPAL ROAD,No,True,No,5/2/2025,No,Point,38.884046921,-76.916736368,CAPITOLHEIGHTS,05,16,03,No,20,,20:21,2025,Friday,12,Motor Vehicle In Transport,05,On Roadway,7,,,,,,06,Non-Junction,04,Dark - Not Lighted,5/2/2025,2025-05-02,W,95.32,F,N,,,6652415D54E522D51F1395AA2C7B2C4F90116ED685115E8040656EF6BB20C302,MU,01,No,,,,,01,Dry,,,,,,,,
Property Damage Crashes,MSP745800R0,Maryland State Police,"Sideswipe, Same Direction",Prince George's,Principal Arterial – Other,No,Yes,No,No,No,CRAIN HWY,301,UNITED STATE ROUTE,No,True,No,3/24/2025,No,Point,38.9305,-76.716813333,MSP,07,16,03,No,12,,12:55,2025,Monday,12,Motor Vehicle In Transport,05,On Roadway,3,,,,,,01,Acceleration/Deceleration Lane,01,Daylight,3/24/2025,2025-03-24,W,29.38,F,N,,,698C4CC100C5760BE46C0E0C40E6E1DECF7534EA6A95ED48CB4CAF1C3E532C46,US,01,No,,,,,09,Wet,,,,,,,,
Property Damage Crashes,AZ17300029,Cheverly Police Department,Front to Rear,Prince George's,Local,No,No,No,No,No,QUINCY ST,330,COUNTY ROAD,No,True,No,2/5/2025,No,Point,38.937153921,-76.921938751,CHEVERLY,03,16,03,No,9,,09:39,2025,Wednesday,12,Motor Vehicle In Transport,05,On Roadway,7,,,,,,06,Non-Junction,01,Daylight,2/5/2025,2025-02-05,W,35.67,F,N,,,B9358647048B75AC170360D794090C31A538BB8F1D203EE8ED16758D17DDEE92,CO,01,No,,,,,01,Dry,,,,,,,,
Property Damage Crashes,MSP647600K1,Maryland State Police,Single Vehicle,Prince George's,Principal Arterial – Other,Yes,No,No,No,No,CENTRAL AVE,214,MARYLAND ROUTE,No,True,No,5/31/2025,No,Point,38.898753333,-76.82086,MSP,101,16,03,No,3,,03:57,2025,Saturday,32,Guardrail Face,07,"On Shoulder, Right Side",3,,101,State,,,09,Through Roadway,04,Dark - Not Lighted,5/31/2025,2025-05-31,N,32.72,F,N,,,0898EA02A0DEC5D50EBB28928A3A71B7D5EB1E493CA262C9E3BCB77467D8E3E8,MD,01,No,32,Guardrail Face,07,"On Shoulder, Right Side",09,Wet,,,,,,,,
Property Damage Crashes,DA4407000R,Prince George's County Police,Single Vehicle,Prince George's,,No,No,No,No,No,,1941,PRIVATE ROAD,No,True,No,2/20/2025,No,Point,38.841297176,-76.902407678,PGCOPD,101,16,03,No,0,,00:01,2025,Thursday,40,Tree (standing),05,On Roadway,,,,,,,06,Non-Junction,03,Dark - Lighted,2/20/2025,2025-02-20,W,231.32,F,N,,,153207490581B7151B0D519AD5F1D66B4989E7BECBEF69021D1094F849CF0E69,PV,01,No,,,,,01,Dry,,,,,,,,