Crash Severity Description,Reportnumber,Agencyname,CollisionImpact Description,Crash County Description,FunctionalClass Description,ImpairedCrash,Large Vehicle Involved,Motorcycle Crash,Non-Motorist Crash,OffRoad,RoadName,Route Number,RouteType Description,Unrestrained Occupants,WithinDateRange,Work Zone Related,Crashdate,Work Zone Crash,CrashPoint,Latitude,Longitude,AgencyCode,CollisionImpact,Crash County,Crash Severity,Crash Within Interchange,Crashhour,CrashInterchangeApproaches,Crashtime,CrashYear,Dayofweek,FirstHarmEvent,FirstHarmEvent Description,FirstHarmLocation,FirstHarmLocation Description,FunctionalClass,Geometry Description,GovPropertyDamage,GovPropertyDamage Description,IntersectingRoadName,Intersection Geometry,JunctionRelated,JunctionRelated Description,Light,Light Description,LOD Crash Date,LOD Date Level,MilepointDirection,MilepointDistance,MilepointUnits,NonTrafficFatal,OffroadLocation,OffroadLocation Description,RoadID,RouteType,SchoolBusRelated,SchoolBusRelated Description,SecondHarmEvent,SecondHarmEvent Description,SecondHarmLocation,SecondHarmLocation Description,Surface,Surface Description,TrafficControl,Trafficcontrol Description,WZLawEnforcementPresent,WZLocation,WZLocation Description,WZType,WZType Description,WZWorkersPresent
Property Damage Crashes,DA4260003X,Prince George's County Police,Angle,Prince George's,Principal Arterial – Other,No,No,No,No,No,SILVER HILL RD (SB/L),458,MARYLAND ROUTE,No,True,No,4/11/2025,No,Point,38.852752358,-76.911794764,PGCOPD,01,16,03,No,19,,19:06,2025,Friday,12,Motor Vehicle In Transport,05,On Roadway,3,,,,,,09,Through Roadway,03,Dark - Lighted,4/11/2025,2025-04-11,S,10.13,F,N,,,370A00BE9876939C242404FBB410917E61845D4D14D26E8A017D0F629A04B3FE,MD,01,No,12,Motor Vehicle In Transport,05,On Roadway,09,Wet,,,,,,,,
Property Damage Crashes,DA4358002S,Prince George's County Police,Rear To Side,Prince George's,Local,No,No,No,No,No,19TH AVE,2326,COUNTY ROAD,No,True,No,4/18/2025,No,Point,38.829855073,-76.969805612,PGCOPD,05,16,03,No,18,,18:00,2025,Friday,12,Motor Vehicle In Transport,05,On Roadway,7,,,,,,06,Non-Junction,01,Daylight,4/18/2025,2025-04-18,W,118.06,F,N,,,040C977E17D407839F89FC479216FE6270FB8EC9BBC539F658FBFF01CED09726,CO,01,No,,,,,01,Dry,,,,,,,,
Property Damage Crashes,DA4293004T,Prince George's County Police,"Sideswipe, Same Direction",Prince George's,Principal Arterial – Other,No,Yes,No,No,No,,410,MARYLAND ROUTE,No,True,Yes,2/27/2025,Yes,Point,38.961108379,-76.905197716,PGCOPD,07,16,03,No,9,,09:15,2025,Thursday,12,Motor Vehicle In Transport,05,On Roadway,3,,,,,,06,Non-Junction,01,Daylight,2/27/2025,2025-02-27,W,39.78,F,N,,,D4F5C7B46276CEB73881A72F9953EB85F91D46EAA266BCC8696FCDE80CE2BBA1,MD,02,"Yes, School Bus Directly Involved",,,,,09,Wet,,,N,04,Activity Area,05,Other Type of Work Zone,Yes
Property Damage Crashes,MSP7765008D,Maryland State Police,"Sideswipe, Same Direction",Prince George's,Interstate,No,No,No,No,No,CAPITAL BELTWAY (SB/L),95,INTERSTATE ROUTE,No,True,No,5/31/2025,No,Point,38.842259646,-76.865061437,MSP,07,16,03,No,1,,01:32,2025,Saturday,12,Motor Vehicle In Transport,05,On Roadway,1,,,,,,09,Through Roadway,03,Dark - Lighted,5/31/2025,2025-05-31,W,33.59,F,N,,,B3878A178F50986A566CA857309EE6DBE75968197177819E58569C21EC3C7DA9,IS,01,No,,,,,09,Wet,,,,,,,,
Property Damage Crashes,MSP7416000P,Maryland State Police,Front to Rear,Prince George's,Interstate,No,No,No,No,No,RAMP 7 FR MD 450 WB TO IS 95 SB,95,RAMP,No,True,No,2/1/2025,No,Point,38.959277648,-76.867655737,MSP,03,16,03,No,23,,23:13,2025,Saturday,12,Motor Vehicle In Transport,05,On Roadway,1,,,,,,04,Entrance/Exit Ramp or Related,04,Dark - Not Lighted,2/1/2025,2025-02-01,E,51,F,N,,,653FBBE8EDE3BFD23AA3B773B5C1CECF02CB5F8756576B0CEABCCA52B9353B5B,RP,01,No,,,,,01,Dry,,,,,,,,
Property Damage Crashes,MSP78750040,Maryland State Police,Front to Rear,Prince George's,Interstate,No,No,No,No,No,CAPITAL BELTWAY (SB LOCAL),95,INTERSTATE ROUTE,No,True,No,5/7/2025,No,Point,38.796055,-77.014016667,MSP,03,16,03,No,16,,16:50,2025,Wednesday,12,Motor Vehicle In Transport,05,On Roadway,1,,,,,,06,Non-Junction,01,Daylight,5/7/2025,2025-05-07,S,32.17,F,N,,,EB45B589D478F8301CB49BBC72D850E094276F284784F9054E10A33704AA203E,IS,01,No,,,,,01,Dry,,,,,,,,
Property Damage Crashes,DA3826009D,Prince George's County Police,Front to Front,Prince George's,Local,No,No,No,No,No,OLD SILVER HILL RD,575,OTHER PUBLIC ROAD,No,True,No,2/27/2025,No,Point,38.845433890,-76.950487321,PGCOPD,02,16,03,Yes,19,02,19:07,2025,Thursday,12,Motor Vehicle In Transport,05,On Roadway,7,Perpendicular,,,ABERDEEN ST,03,05,Intersection or Related,03,Dark - Lighted,2/27/2025,2025-02-27,W,0,F,N,,,682E103CB7ED4372E91ABF15548B73199D69DE8283EA81AD1A5FDAB3566A8D28,OP,01,No,,,,,09,Wet,05,No Controls,,,,,,
Property Damage Crashes,AM03380022,Bladensburg Police Department,Rear To Side,Prince George's,Local,No,No,No,No,No,TAYLOR ST #2,122,MUNICIPAL ROAD,No,True,No,3/28/2025,No,Point,38.940901916,-76.933867950,BLADENSBURG,05,16,03,No,15,,15:00,2025,Friday,15,Parked Vehicle,05,On Roadway,7,,,,,,06,Non-Junction,01,Daylight,3/28/2025,2025-03-28,E,35.93,F,N,,,D6F408B85E2BAFE72CAD1242498F09B30672AB2A274849E52D43898A0CE8D4D7,MU,01,No,12,Motor Vehicle In Transport,05,On Roadway,01,Dry,,,,,,,,
Property Damage Crashes,DA416800C5,Prince George's County Police,"Sideswipe, Same Direction",Prince George's,Principal Arterial – Other Freeways and Expressways,No,No,No,No,No,INDIAN HEAD HWY,210,MARYLAND ROUTE,No,True,No,4/8/2025,No,Point,38.779685467,-76.997079932,PGCOPD,07,16,03,No,11,,11:03,2025,Tuesday,12,Motor Vehicle In Transport,05,On Roadway,2,,,,,,09,Through Roadway,01,Daylight,4/8/2025,2025-04-08,W,32.71,F,N,,,DC483D449E77969D81909BACB4CB74CD855DA8386C45F613156948AF72A29F2E,MD,01,No,,,,,01,Dry,,,,,,,,
Property Damage Crashes,DA3597004G,Prince George's County Police,Single Vehicle,Prince George's,Local,No,Yes,No,No,No,CHERRY TREE CROSSING RD,167,COUNTY ROAD,No,True,No,4/11/2025,No,Point,38.721650187,-76.833958716,PGCOPD,101,16,03,No,14,,14:19,2025,Friday,30,Fence,02,In Parking Lane Or Zone,7,,,,,,06,Non-Junction,01,Daylight,4/11/2025,2025-04-11,N,25.73,F,N,,,9227CC12E2E75AAF07499AAA31EB05C3C05279835A8BD2BB67A0A8ECA2CFB37C,CO,02,"Yes, School Bus Directly Involved",,,,,09,Wet,,,,,,,,
Property Damage Crashes,MSP7765007G,Maryland State Police,Angle,Prince George's,Local,No,No,No,No,No,HERITAGE BLVD,855,MUNICIPAL ROAD,No,True,No,4/7/2025,No,Point,38.945679564,-76.717815420,MSP,01,16,03,No,20,04,20:27,2025,Monday,12,Motor Vehicle In Transport,05,On Roadway,7,Perpendicular,,,BALL PARK RD,03,05,Intersection or Related,03,Dark - Lighted,4/7/2025,2025-04-07,W,0,F,N,,,63E08A266497F0FFEFF7015DAAC6BA238E38064447222ACE1B49997E0CD470C1,MU,01,No,,,,,01,Dry,01,Signalized,,,,,,
Property Damage Crashes,DA4379001R,Prince George's County Police,"Sideswipe, Same Direction",Prince George's,Local,No,No,No,No,No,ERSKINE ST,880,COUNTY ROAD,No,True,No,4/18/2025,No,Point,38.977936752,-76.970201977,PGCOPD,07,16,03,No,4,,04:56,2025,Friday,12,Motor Vehicle In Transport,05,On Roadway,7,,,,,,01,Acceleration/Deceleration Lane,04,Dark - Not Lighted,4/18/2025,2025-04-18,E,47.46,F,N,,,8888AEF1516213964476C099DD60394EFE4ABC95FD6FDC00FF242427E39CF283,CO,01,No,,,,,01,Dry,,,,,,,,
Property Damage Crashes,DJ0183001H,Seat Pleasant Police Department,Rear To Side,Prince George's,Interstate,No,Yes,No,No,No,RAMP 9 FR RAMP 8 (FR IS95) TO MD 214 WB,95,RAMP,No,True,No,2/27/2025,No,Point,38.891535190,-76.849573567,SEATPLEASANT,05,16,03,No,14,02,14:40,2025,Thursday,12,Motor Vehicle In Transport,05,On Roadway,1,Angled/Skewed,,,CENTRAL AVE (WB/L),01,05,Intersection or Related,01,Daylight,2/27/2025,2025-02-27,S,0,F,N,,,AF3CEA15378F331976D32DEF893766FF2F96F0E0494BFF31A7CBF20B64A96B72,RP,01,No,,,,,01,Dry,01,Signalized,,,,,,
Property Damage Crashes,DA351500D4,Prince George's County Police,"Sideswipe, Same Direction",Prince George's,Local,No,No,No,No,No,FORBES BLVD,4224,COUNTY ROAD,No,True,No,3/5/2025,No,Point,38.951533468,-76.833888615,PGCOPD,07,16,03,No,8,,08:40,2025,Wednesday,12,Motor Vehicle In Transport,05,On Roadway,7,,,,,,06,Non-Junction,01,Daylight,3/5/2025,2025-03-05,S,10.61,F,N,,,3C0ED8987ADB368BDCF9EB0610E3118BA911D98B604346CCCF93F46628711115,CO,01,No,12,Motor Vehicle In Transport,05,On Roadway,01,Dry,,,,,,,,
Property Damage Crashes,AZ1749000F,Cheverly Police Department,"Sideswipe, Same Direction",Prince George's,Local,No,No,No,No,No,DEWEY ST,110,MUNICIPAL ROAD,No,True,No,1/11/2025,No,Point,38.922074290,-76.918941170,CHEVERLY,07,16,03,No,1,,01:00,2025,Saturday,15,Parked Vehicle,05,On Roadway,7,,,,,,06,Non-Junction,03,Dark - Lighted,1/11/2025,2025-01-11,W,26.9,F,N,,,1C797305E0E84DB9D8A14EBC7CEAB0DE87DEE68B68064D85741697C45AEFD486,MU,01,No,,,,,07,Snow,,,,,,,,
Property Damage Crashes,DA419600DR,Prince George's County Police,Front to Rear,Prince George's,Principal Arterial – Other Freeways and Expressways,No,No,No,No,No,RAMP 1 FR MD 5 NB TO SUITLAND PKWY WB,119,RAMP,No,True,No,5/20/2025,No,Point,38.852537789,-76.954822393,PGCOPD,03,16,03,No,8,,08:20,2025,Tuesday,12,Motor Vehicle In Transport,05,On Roadway,2,,,,,,99,Unknown,01,Daylight,5/20/2025,2025-05-20,S,12.62,F,N,,,03C7E4157D0B59F20E6FC93A9D51E8B277AF38F6207469541E5CCC6AAB7C678C,RP,01,No,,,,,01,Dry,,,,,,,,
Property Damage Crashes,MSP75520095,Maryland State Police,Front to Rear,Prince George's,Interstate,No,No,No,No,No,NO NAME (SB/L),95,INTERSTATE ROUTE,No,True,No,1/5/2025,No,Point,39.032844217,-76.944828333,MSP,03,16,03,No,17,,17:31,2025,Sunday,12,Motor Vehicle In Transport,05,On Roadway,1,,,,,,06,Non-Junction,03,Dark - Lighted,1/5/2025,2025-01-05,S,51.19,F,N,,,FFAD89BABC824A372236DD6F6338FC2D8A940B1CF6D01A6DDCCA68AD7525562B,IS,01,No,,,,,01,Dry,,,,,,,,
Injury Crashes,MSP653400WH,Maryland State Police,Front to Rear,Prince George's,Interstate,No,No,No,No,No,CAPITAL BELTWAY,95,INTERSTATE ROUTE,No,True,No,1/27/2025,No,Point,38.939493333,-76.855675,MSP,03,16,02,No,0,,00:54,2025,Monday,12,Motor Vehicle In Transport,05,On Roadway,1,,,,MARTIN LUTHER KING JR HWY,,09,Through Roadway,03,Dark - Lighted,1/27/2025,2025-01-27,W,25.33,F,N,,,8A61E0D322FCE4C900E435C4D6C4221E60742ADE27CF9D10F60C3F681B93C405,IS,01,No,12,Motor Vehicle In Transport,05,On Roadway,01,Dry,,,,,,,,
Injury Crashes,DA4316004K,Prince George's County Police,Single Vehicle,Prince George's,,No,No,No,No,No,,2737,COUNTY ROAD,No,True,No,1/3/2025,No,Point,39.063175626,-76.889106777,PGCOPD,101,16,02,No,18,,18:38,2025,Friday,40,Tree (standing),04,"Off-Roadway, Location Unknown",,,,,,,06,Non-Junction,03,Dark - Lighted,1/3/2025,2025-01-03,S,20.61,F,N,,,13E4777F6A583D913A097B714E028C030039B034EB476F5122622C8F815A5D16,CO,01,No,,,,,02,Ice/Frost,,,,,,,,
Property Damage Crashes,CBPD0048008N,Bowie Police Department,Unknown,Prince George's,,No,No,No,No,Yes,,,,No,True,No,3/17/2025,No,Point,38.980173276,-76.732232844,BOWIE,99,16,03,,15,,15:03,2025,Monday,15,Parked Vehicle,99,Unknown,,,,,,,,,01,Daylight,3/17/2025,2025-03-17,,,F,N,102,Parking Lot Way,,,01,No,12,Motor Vehicle In Transport,99,Unknown,,,,,,,,,,
Injury Crashes,FZ96140016,Brentwood Police Department,Angle,Prince George's,Local,No,No,No,No,No,TAYLOR ST,120,MUNICIPAL ROAD,No,True,No,2/10/2025,No,Point,38.941923583,-76.956388227,BRENTWOOD,01,16,02,Yes,16,04,16:00,2025,Monday,12,Motor Vehicle In Transport,05,On Roadway,7,Perpendicular,,,38TH ST 38TH ST (SB/L),03,05,Intersection or Related,01,Daylight,2/10/2025,2025-02-10,W,0,F,N,,,4B16639082578EA7B89B326F156C9F6F8B2239BDCB7F9E58C7008E9E044EF27A,MU,01,No,12,Motor Vehicle In Transport,05,On Roadway,01,Dry,03,Stop - Partial,,,,,,
Property Damage Crashes,RD01340010,Riverdale Park Police Department,"Sideswipe, Same Direction",Prince George's,Principal Arterial – Other,No,No,No,No,No,BALTIMORE AVE,1,UNITED STATE ROUTE,No,True,No,3/11/2025,No,Point,38.959682535,-76.939769204,RIVERDALE,07,16,03,No,15,,15:53,2025,Tuesday,12,Motor Vehicle In Transport,05,On Roadway,3,,,,,,06,Non-Junction,01,Daylight,3/11/2025,2025-03-11,S,26.67,F,N,,,337740723EF1B19E7DBA7EC63C4CF5BA7E69AFD0C37569BE33AA76A9885EFE16,US,01,No,,,,,01,Dry,,,,,,,,
Property Damage Crashes,DA4403000M,Prince George's County Police,Front to Rear,Prince George's,Principal Arterial – Other Freeways and Expressways,No,No,No,No,No,BRANCH AVE,5,MARYLAND ROUTE,No,True,No,5/22/2025,No,Point,38.827674731,-76.927605951,PGCOPD,03,16,03,No,8,,08:47,2025,Thursday,12,Motor Vehicle In Transport,05,On Roadway,2,,,,,,06,Non-Junction,01,Daylight,5/22/2025,2025-05-22,N,27.29,F,N,,,2C7F677FC2070ECE409D4E5D69E3ADABA1925473E254E838AA52D484B8A0B11A,MD,01,No,,,,,09,Wet,,,,,,,,
Property Damage Crashes,DA368800D9,Prince George's County Police,Front to Rear,Prince George's,Local,No,No,No,No,No,MONTGOMERY RD,19,COUNTY ROAD,No,True,No,3/24/2025,No,Point,39.050315340,-76.925915827,PGCOPD,03,16,03,No,16,03,16:40,2025,Monday,12,Motor Vehicle In Transport,05,On Roadway,7,Perpendicular,,,KENNY ST,03,05,Intersection or Related,01,Daylight,3/24/2025,2025-03-24,W,0,F,N,,,9129C2DC533CB19647F7DB00053FF9D61BFAD8C4C9E06FE8C0CD6560012D88D4,CO,01,No,,,,,09,Wet,02,Stop - All Way,,,,,,
Property Damage Crashes,MSP718600JW,Maryland State Police,Angle,Prince George's,,No,No,No,No,No,,5,MARYLAND ROUTE,No,True,No,3/19/2025,No,Point,38.664163333,-76.874386667,MSP,01,16,03,Yes,8,04,08:47,2025,Wednesday,12,Motor Vehicle In Transport,05,On Roadway,,Angled/Skewed,,,CEDARVILLE RD CRAIN HWY,01,05,Intersection or Related,01,Daylight,3/19/2025,2025-03-19,W,0,F,N,,,43694A95F0889C4D4012B0C7C188FDF5DA9FBFC5DA7BAFBF3417B6983C118FE2,MD,01,No,,,,,01,Dry,01,Signalized,,,,,,
Injury Crashes,MSP7872003V,Maryland State Police,Other,Prince George's,Principal Arterial – Other,No,Yes,No,No,No,CRAIN HWY (SB/L),301,UNITED STATE ROUTE,No,True,No,5/2/2025,No,Point,38.945785037,-76.718118795,MSP,98,16,02,No,8,,08:25,2025,Friday,12,Motor Vehicle In Transport,05,On Roadway,3,,,,,,09,Through Roadway,01,Daylight,5/2/2025,2025-05-02,N,17.85,F,N,,,861E698EF885043E5539735923DF8BEF16B4AE3E7E9A8A451A6ECC6C90B55434,US,01,No,,,,,01,Dry,,,,,,,,
Property Damage Crashes,DS0467000D,University of Maryland Police College Park,"Sideswipe, Opposite Direction",Prince George's,Local,No,No,No,No,No,METZEROTT RD,231,COUNTY ROAD,No,True,No,5/10/2025,No,Point,39.000808718,-76.941230956,UMCP,06,16,03,Yes,21,,21:55,2025,Saturday,12,Motor Vehicle In Transport,03,Median,7,,,,BOTELER LA,,10,"Other Location Not Listed Above Within an Interchange Area (median,
shoulder and roadside)",04,Dark - Not Lighted,5/10/2025,2025-05-10,S,2.43,F,N,,,8E36FFA79B8F3D0C969CFDE03DD49EEE4D0EDB559A25F2733163E5E578EDC17A,CO,01,No,,,,,01,Dry,,,,,,,,
Property Damage Crashes,DA4395001L,Prince George's County Police,Front to Rear,Prince George's,Minor Arterial,No,No,No,No,No,RIGGS RD (SB/L),212,MARYLAND ROUTE,No,True,No,1/27/2025,No,Point,38.989940724,-76.974208682,PGCOPD,03,16,03,No,2,,02:35,2025,Monday,15,Parked Vehicle,05,On Roadway,4,,,,,,01,Acceleration/Deceleration Lane,03,Dark - Lighted,1/27/2025,2025-01-27,S,53.08,F,N,,,7F27C16FBD01D07ABD2C25746B82F8C2EA6CE5F405A53D731CAA36DDC6CBDDD6,MD,01,No,,,,,01,Dry,,,,,,,,
Injury Crashes,DA3745000P,Prince George's County Police,Front to Rear,Prince George's,Principal Arterial – Other,No,Yes,No,No,No,ST BARNABAS RD,414,MARYLAND ROUTE,No,True,No,5/3/2025,No,Point,38.828775585,-76.942769953,PGCOPD,03,16,02,No,8,,08:11,2025,Saturday,12,Motor Vehicle In Transport,05,On Roadway,3,,,,,,06,Non-Junction,01,Daylight,5/3/2025,2025-05-03,S,9.43,F,N,,,22AA83282989E1DA34FAC83672C37AFF859487212B3692C9FC64A10389D9E3E6,MD,01,No,12,Motor Vehicle In Transport,05,On Roadway,01,Dry,,,,,,,,
Property Damage Crashes,DA30400016,Prince George's County Police,"Sideswipe, Same Direction",Prince George's,Principal Arterial – Other,No,Yes,No,No,No,SILVER HILL RD,458,MARYLAND ROUTE,Yes,True,No,2/26/2025,No,Point,38.852005867,-76.917969952,PGCOPD,07,16,03,No,16,,16:00,2025,Wednesday,12,Motor Vehicle In Transport,05,On Roadway,3,,,,,,06,Non-Junction,01,Daylight,2/26/2025,2025-02-26,E,18.5,F,N,,,FCE0700A8088B72FE71B0CC2ECC47C81B75CADBFCD7DD24CF466164507246632,MD,01,No,97,Not Applicable,,,01,Dry,,,,,,,,
Injury Crashes,MSP745000KT,Maryland State Police,Front to Rear,Prince George's,Interstate,No,No,No,No,No,NO NAME (SB/L),95,INTERSTATE ROUTE,No,True,No,5/26/2025,No,Point,39.107668333,-76.883106667,MSP,03,16,02,No,20,,20:12,2025,Monday,12,Motor Vehicle In Transport,05,On Roadway,1,,,,,,09,Through Roadway,101,Dusk,5/26/2025,2025-05-26,E,34.24,F,N,,,5D7FDA22F37D87BD8048F7A430EAC180D98194CCEB641E7101CFE2BA7A5F0AB4,IS,01,No,12,Motor Vehicle In Transport,05,On Roadway,01,Dry,,,,,,,,
Property Damage Crashes,MSP7865001D,Maryland State Police,"Sideswipe, Same Direction",Prince George's,Principal Arterial – Other Freeways and Expressways,No,No,No,No,No,JOHN HANSON HWY (WB/L),50,UNITED STATE ROUTE,No,True,No,2/6/2025,No,Point,38.918265339,-76.929763479,MSP,07,16,03,No,12,,12:59,2025,Thursday,12,Motor Vehicle In Transport,05,On Roadway,2,,,,,,06,Non-Junction,01,Daylight,2/6/2025,2025-02-06,E,12.77,F,N,,,C25A7C1BC92FB58BD4AEACA3A54778991EFB4C68C51EF2C1865840024C433393,US,01,No,,,,,01,Dry,,,,,,,,
Property Damage Crashes,BW02020039,Greenbelt Police Department,Angle,Prince George's,Principal Arterial – Other,No,No,No,No,No,GREENBELT RD (WB/L),193,MARYLAND ROUTE,No,True,No,5/31/2025,No,Point,38.994218973,-76.876324597,GREENBELT,01,16,03,No,19,03,19:01,2025,Saturday,12,Motor Vehicle In Transport,05,On Roadway,3,Perpendicular,,,RAMP 3 FR MD 193 EB TO MD 295 NB,03,05,Intersection or Related,01,Daylight,5/31/2025,2025-05-31,N,0,F,N,,,7EE78A459D3A0D238549B6B79D5BECEA6BF8656E74B6ABA4E287294857CD7106,MD,01,No,,,,,01,Dry,01,Signalized,,,,,,
Property Damage Crashes,CC02900042,Hyattsville Police Department,Single Vehicle,Prince George's,Minor Arterial,No,No,No,No,No,ADELPHI RD,232,COUNTY ROAD,No,True,No,5/9/2025,No,Point,38.977244685,-76.953449306,HYATTSVILLE,101,16,03,No,17,02,17:11,2025,Friday,41,Utility Pole/Light Support,03,Median,4,Angled/Skewed,,,CALVERTON DR,01,05,Intersection or Related,01,Daylight,5/9/2025,2025-05-09,S,0,F,N,,,7C927C19B38801FD45F41DD277146E0AE6F43E0A06514300B6F5C10EF8C7A012,CO,01,No,97,Not Applicable,,,01,Dry,05,No Controls,,,,,,
Property Damage Crashes,MSP6582016R,Maryland State Police,Front to Front,Prince George's,Interstate,No,No,No,No,No,CAPITAL BELTWAY (SB/L),95,INTERSTATE ROUTE,No,True,No,5/12/2025,No,Point,38.813835393,-76.958810961,MSP,02,16,03,No,14,,14:48,2025,Monday,12,Motor Vehicle In Transport,05,On Roadway,1,,,,,,09,Through Roadway,01,Daylight,5/12/2025,2025-05-12,W,195,F,N,,,73CC6B3B09089CCA41006D533E1E12403FF9B35338397825CFC09A3CE7656D75,IS,01,No,,,,,01,Dry,,,,,,,,
Injury Crashes,DA4122008X,Prince George's County Police,Single Vehicle,Prince George's,Principal Arterial – Other Freeways and Expressways,No,No,No,Yes,No,INDIAN HEAD HWY,210,MARYLAND ROUTE,No,True,No,4/4/2025,No,Point,38.794453205,-76.998515002,PGCOPD,101,16,02,No,4,,04:27,2025,Friday,17,Pedestrian,05,On Roadway,2,,,,,,99,Unknown,04,Dark - Not Lighted,4/4/2025,2025-04-04,S,16.7,F,N,,,47065B5D56EDC5677F56FC423E858BE24A331BED2AC5097F0307A35D42632A65,MD,01,No,,,,,01,Dry,,,,,,,,
Property Damage Crashes,CBPD0114004T,Bowie Police Department,Angle,Prince George's,,No,No,No,No,Yes,,,,No,True,No,3/10/2025,No,Point,38.913762297,-76.720825475,BOWIE,01,16,03,,20,,20:00,2025,Monday,15,Parked Vehicle,04,"Off-Roadway, Location Unknown",,,,,,,,,101,Dusk,3/10/2025,2025-03-10,,,F,N,106,Driveway,,,01,No,,,,,,,,,,,,,,
Property Damage Crashes,DA3567009L,Prince George's County Police,Angle,Prince George's,Major Collector,No,No,No,No,No,CONTEE RD,6,COUNTY ROAD,No,True,No,1/19/2025,No,Point,39.073532077,-76.856404631,PGCOPD,01,16,03,Yes,16,02,16:40,2025,Sunday,12,Motor Vehicle In Transport,05,On Roadway,5,Perpendicular,,,BRIARWOOD DR,03,05,Intersection or Related,101,Dusk,1/19/2025,2025-01-19,S,0,F,N,,,BA8A0CB499EE98B8A30C60A06619E9F46F3D7AA97920E9F964D36063D5615F07,CO,01,No,,,,,07,Snow,05,No Controls,,,,,,
Property Damage Crashes,DA409400BR,Prince George's County Police,Front to Rear,Prince George's,Minor Arterial,No,No,No,No,No,ANNAPOLIS RD,450,MARYLAND ROUTE,Yes,True,No,2/11/2025,No,Point,38.946364479,-76.894119129,PGCOPD,03,16,03,No,11,04,11:20,2025,Tuesday,12,Motor Vehicle In Transport,05,On Roadway,4,Perpendicular,,,71ST AVE,03,05,Intersection or Related,01,Daylight,2/11/2025,2025-02-11,E,0,F,N,,,8246E17FA399537FFDBA7E3AAAE72D45FA4BFA8CB073CB4EF6F41E40AC114E0B,MD,01,No,,,,,01,Dry,01,Signalized,,,,,,
Property Damage Crashes,CC0294002G,Hyattsville Police Department,"Sideswipe, Same Direction",Prince George's,,No,No,No,No,No,,57,SPUR,No,True,No,2/27/2025,No,Point,38.953769505,-76.940424581,HYATTSVILLE,07,16,03,No,14,,14:45,2025,Thursday,12,Motor Vehicle In Transport,05,On Roadway,,,,,BALTIMORE AVE,,99,Unknown,01,Daylight,2/27/2025,2025-02-27,W,2.46,F,N,,,DA5A1D2DEDA7855ED158F51F8E5DAF3F476F777762FD7A9201C33286D7141B12,SP,01,No,12,Motor Vehicle In Transport,05,On Roadway,09,Wet,,,,,,,,
Property Damage Crashes,MSP7765006H,Maryland State Police,"Sideswipe, Same Direction",Prince George's,Principal Arterial – Other,No,No,No,No,No,CRAIN HWY,301,UNITED STATE ROUTE,No,True,No,3/1/2025,No,Point,38.733607639,-76.827620486,MSP,07,16,03,No,13,,13:24,2025,Saturday,12,Motor Vehicle In Transport,05,On Roadway,3,,,,,,09,Through Roadway,01,Daylight,3/1/2025,2025-03-01,N,24.25,F,N,,,F5C9B009580C7F93F03CC116A828BDAF8D27D496B998E47EC5638D79E48C0AFB,US,01,No,,,,,01,Dry,,,,,,,,
Property Damage Crashes,MSP738100CH,Maryland State Police,Single Vehicle,Prince George's,Interstate,No,No,No,No,No,CAPITAL BELTWAY (SB/L),95,INTERSTATE ROUTE,No,True,Yes,4/26/2025,Yes,Point,38.815981316,-76.952729809,MSP,101,16,03,No,9,,09:48,2025,Saturday,32,Guardrail Face,06,"On Shoulder, Left Side",1,,101,State,,,01,Acceleration/Deceleration Lane,01,Daylight,4/26/2025,2025-04-26,W,6.61,F,N,,,6177173494927683EB9AE22E8F4DB980D56FE40D5AD7DE87FB82891EE78A6F94,IS,01,No,,,,,09,Wet,,,N,03,Transition Area,03,Work on Shoulder or Median,No
Property Damage Crashes,MSP74160023,Maryland State Police,Front to Rear,Prince George's,Interstate,No,No,No,No,No,CAPITAL BELTWAY (SB/L),95,INTERSTATE ROUTE,No,True,No,5/22/2025,No,Point,38.987883812,-76.882847926,MSP,03,16,03,No,6,,06:51,2025,Thursday,12,Motor Vehicle In Transport,05,On Roadway,1,,,,,,09,Through Roadway,01,Daylight,5/22/2025,2025-05-22,S,18.77,F,N,,,CE67D6029F482979F22E3B983C2B5CBC139B16A329D048386FBE54A2DDE4010A,IS,01,No,,,,,09,Wet,,,,,,,,
Property Damage Crashes,DA44120007,Prince George's County Police,Unknown,Prince George's,Local,No,Yes,No,Yes,No,BALD EAGLE RD (SB/L),210,MARYLAND ROUTE,No,True,No,1/27/2025,No,Point,38.801434420,-77.001121543,PGCOPD,99,16,03,Unknown,20,,20:00,2025,Monday,16,Pedalcycle,05,On Roadway,7,,,,,,99,Unknown,03,Dark - Lighted,1/27/2025,2025-01-27,S,49.15,F,N,,,CCD0FD7A5DA627E7BFD46D39A5F41819B2B71C66B9439A062514EA546220571A,MD,01,No,,,,,01,Dry,,,,,,,,
Property Damage Crashes,DS0516000K,University of Maryland Police College Park,Front to Rear,Prince George's,Local,No,No,No,No,No,BOTELER LA,205,STATE ROAD,No,True,No,4/19/2025,No,Point,39.000962239,-76.941358883,UMCP,03,16,03,No,10,,10:45,2025,Saturday,12,Motor Vehicle In Transport,05,On Roadway,7,,,,UNIVERSITY BLVD (WB/L),,02,Crossover-Related,01,Daylight,4/19/2025,2025-04-19,E,23.71,F,N,,,E8F947ABCC88590DFE861545C3E38B3C2DF19EE29A50D69332D8C152D9F1CD87,SR,01,No,,,,,01,Dry,,,,,,,,