Crash Severity Description,Reportnumber,Agencyname,CollisionImpact Description,Crash County Description,FunctionalClass Description,ImpairedCrash,Large Vehicle Involved,Motorcycle Crash,Non-Motorist Crash,OffRoad,RoadName,Route Number,RouteType Description,Unrestrained Occupants,WithinDateRange,Work Zone Related,Crashdate,Work Zone Crash,CrashPoint,Latitude,Longitude,AgencyCode,CollisionImpact,Crash County,Crash Severity,Crash Within Interchange,Crashhour,CrashInterchangeApproaches,Crashtime,CrashYear,Dayofweek,FirstHarmEvent,FirstHarmEvent Description,FirstHarmLocation,FirstHarmLocation Description,FunctionalClass,Geometry Description,GovPropertyDamage,GovPropertyDamage Description,IntersectingRoadName,Intersection Geometry,JunctionRelated,JunctionRelated Description,Light,Light Description,LOD Crash Date,LOD Date Level,MilepointDirection,MilepointDistance,MilepointUnits,NonTrafficFatal,OffroadLocation,OffroadLocation Description,RoadID,RouteType,SchoolBusRelated,SchoolBusRelated Description,SecondHarmEvent,SecondHarmEvent Description,SecondHarmLocation,SecondHarmLocation Description,Surface,Surface Description,TrafficControl,Trafficcontrol Description,WZLawEnforcementPresent,WZLocation,WZLocation Description,WZType,WZType Description,WZWorkersPresent
Property Damage Crashes,DA333600FQ,Prince George's County Police,Other,Prince George's,,No,No,No,No,Yes,,,,No,True,No,1/27/2025,No,Point,38.768172499,-76.887473868,PGCOPD,98,16,03,,10,,10:29,2025,Monday,12,Motor Vehicle In Transport,04,"Off-Roadway, Location Unknown",,,,,,,,,01,Daylight,1/27/2025,2025-01-27,,,F,N,106,Driveway,,,01,No,,,,,,,,,,,,,,
Property Damage Crashes,DA4333003P,Prince George's County Police,Angle,Prince George's,Principal Arterial – Other,No,No,No,No,No,EAST WEST HWY,410,MARYLAND ROUTE,No,True,No,1/17/2025,No,Point,38.975625816,-76.990169339,PGCOPD,01,16,03,Yes,1,02,01:20,2025,Friday,12,Motor Vehicle In Transport,05,On Roadway,3,Angled/Skewed,,,10TH AVE,01,05,Intersection or Related,03,Dark - Lighted,1/17/2025,2025-01-17,W,0,F,N,,,6C638FD51B1540F74BDBCDD318CAC9C4581CF260472B923FEF04707542828EBF,MD,01,No,,,,,09,Wet,03,Stop - Partial,,,,,,
Injury Crashes,MSP744200R0,Maryland State Police,Front to Rear,Prince George's,Principal Arterial – Other Freeways and Expressways,No,No,No,No,No,JOHN HANSON HWY (WB/L),50,UNITED STATE ROUTE,No,True,No,2/9/2025,No,Point,38.944359616,-76.873120909,MSP,03,16,02,No,11,,11:15,2025,Sunday,12,Motor Vehicle In Transport,05,On Roadway,2,,,,,,09,Through Roadway,01,Daylight,2/9/2025,2025-02-09,W,21.91,F,N,,,EDCAC6E9B034B5107B9A91FC207B76F45C97B40644D818FF05691E1FD8D1A9BF,US,01,No,,,,,01,Dry,,,,,,,,
Property Damage Crashes,DA345600FX,Prince George's County Police,Single Vehicle,Prince George's,,No,No,No,No,Yes,,,,No,True,No,5/27/2025,No,Point,38.985069404,-76.982106156,PGCOPD,101,16,03,,23,,23:20,2025,Tuesday,36,"Other Post, Pole, Or Support",02,In Parking Lane Or Zone,,,,,,,,,03,Dark - Lighted,5/27/2025,2025-05-27,,,F,N,103,Private Road,,,01,No,,,,,,,,,,,,,,
Property Damage Crashes,MSP585801FV,Maryland State Police,"Sideswipe, Same Direction",Prince George's,Principal Arterial – Other,No,No,No,No,No,CENTRAL AVE (WB/L),214,MARYLAND ROUTE,No,True,No,2/14/2025,No,Point,38.897789262,-76.812866938,MSP,07,16,03,No,23,,23:48,2025,Friday,12,Motor Vehicle In Transport,05,On Roadway,3,,101,State,,,09,Through Roadway,04,Dark - Not Lighted,2/14/2025,2025-02-14,E,13.96,F,N,,,565276B5F9F21E4CC5EB49193563772135014318E02165F0A79181E683DBA028,MD,01,No,27,Curb,09,Roadside,01,Dry,,,,,,,,
Property Damage Crashes,DA34330056,Prince George's County Police,Front to Rear,Prince George's,,No,No,No,No,Yes,,,,No,True,No,2/10/2025,No,Point,38.869694537,-76.725876187,PGCOPD,03,16,03,,14,,14:45,2025,Monday,12,Motor Vehicle In Transport,02,In Parking Lane Or Zone,,,,,,,,,01,Daylight,2/10/2025,2025-02-10,,,F,N,102,Parking Lot Way,,,01,No,,,,,,,,,,,,,,
Property Damage Crashes,MSP77640095,Maryland State Police,Front to Rear,Prince George's,Interstate,No,No,No,No,No,RAMP 6 FR RAMP 10 (FR IS 495) TO US 1 SB,95,RAMP,No,True,No,5/9/2025,No,Point,39.016638953,-76.927512915,MSP,03,16,03,No,10,,10:59,2025,Friday,12,Motor Vehicle In Transport,05,On Roadway,1,,,,,,06,Non-Junction,01,Daylight,5/9/2025,2025-05-09,S,13.47,F,N,,,A76C95CAB179551D92A81F5249FB666674E17B503AF4DF91DA71F708EAEDC67A,RP,01,No,,,,,09,Wet,,,,,,,,
Property Damage Crashes,MSP78390059,Maryland State Police,Single Vehicle,Prince George's,Principal Arterial – Other,No,Yes,No,No,No,BRANCH AVE (SB/L),5,MARYLAND ROUTE,No,True,No,5/9/2025,No,Point,38.696793333,-76.87301,MSP,101,16,03,No,11,,11:33,2025,Friday,28,Ditch,09,Roadside,3,,,,,,09,Through Roadway,01,Daylight,5/9/2025,2025-05-09,E,30.55,F,N,,,36E9D43BE1B4669B141B96DED5A3200E4DE976BA9A9B462E4154F2749A956F20,MD,01,No,,,,,01,Dry,,,,,,,,
Property Damage Crashes,CBPD00920042,Bowie Police Department,Single Vehicle,Prince George's,Local,No,No,No,No,No,IDLEWILD DR,940,MUNICIPAL ROAD,No,True,No,1/25/2025,No,Point,38.988082074,-76.724540672,BOWIE,101,16,03,No,14,,14:00,2025,Saturday,35,"Other Fixed Object (wall, building, tunnel, etc.)",05,On Roadway,7,,,,,,06,Non-Junction,01,Daylight,1/25/2025,2025-01-25,S,28.5,F,N,,,FD63B7AFC992B6185D9EB410873590C36DC1EF22CFF0F1B49174DC915253BCF0,MU,01,No,,,,,06,Slush,,,,,,,,
Property Damage Crashes,DA3464007T,Prince George's County Police,Front to Rear,Prince George's,Major Collector,No,Yes,No,No,No,BRINKLEY RD,122,COUNTY ROAD,No,True,No,2/19/2025,No,Point,38.800632043,-76.936403662,PGCOPD,03,16,03,No,19,,19:23,2025,Wednesday,15,Parked Vehicle,05,On Roadway,5,,,,,,06,Non-Junction,03,Dark - Lighted,2/19/2025,2025-02-19,E,115.15,F,N,,,87EE39EE75988D642F3CCEFFCF876999E22229CF24042A52B165D1C69DF3DA28,CO,01,No,,,,,07,Snow,,,,,,,,
Injury Crashes,DA43630017,Prince George's County Police,Front to Rear,Prince George's,Minor Arterial,No,No,No,No,No,GOOD LUCK RD (WB/L),42,COUNTY ROAD,No,True,No,5/22/2025,No,Point,38.978004530,-76.854218887,PGCOPD,03,16,02,No,13,,13:31,2025,Thursday,12,Motor Vehicle In Transport,05,On Roadway,4,,,,,,09,Through Roadway,01,Daylight,5/22/2025,2025-05-22,E,46.27,F,N,,,35DA3D27AE3C9AE6EE41A5C3BEC84C4067667B2DC6275796333C31EAB704259B,CO,01,No,,,,,09,Wet,,,,,,,,
Property Damage Crashes,MSP76570084,Maryland State Police,Front to Rear,Prince George's,Interstate,No,No,No,No,No,CAPITAL BELTWAY (SB/L),95,INTERSTATE ROUTE,No,True,No,4/30/2025,No,Point,38.934001917,-76.855280383,MSP,03,16,03,No,10,,10:54,2025,Wednesday,12,Motor Vehicle In Transport,05,On Roadway,1,,,,,,06,Non-Junction,01,Daylight,4/30/2025,2025-04-30,N,45.85,F,N,,,F08EFCA97A3AAA34BFDC3C849E15F450A3048C6003BE14ADB8E65519AE0AA1EB,IS,01,No,,,,,01,Dry,,,,,,,,
Property Damage Crashes,DA393900G8,Prince George's County Police,Front to Rear,Prince George's,Principal Arterial – Other,No,No,No,No,No,SILVER HILL RD (SB/L),458,MARYLAND ROUTE,No,True,No,1/2/2025,No,Point,38.852291152,-76.913816426,PGCOPD,03,16,03,No,17,,17:30,2025,Thursday,12,Motor Vehicle In Transport,05,On Roadway,3,,,,,,06,Non-Junction,03,Dark - Lighted,1/2/2025,2025-01-02,W,50.04,F,N,,,F1ADD66C16EA18B5BA0EB838418B69C09E6D85135E379DD352584C83A8F34738,MD,01,No,,,,,01,Dry,,,,,,,,
Property Damage Crashes,CC02990016,Hyattsville Police Department,Other,Prince George's,Local,No,No,No,No,No,CHARLES L ARMENTROUT DR,5562,COUNTY ROAD,No,True,No,2/15/2025,No,Point,38.946093518,-76.945808525,HYATTSVILLE,98,16,03,No,22,,22:12,2025,Saturday,12,Motor Vehicle In Transport,05,On Roadway,7,,,,RHODE ISLAND AVE,,06,Non-Junction,03,Dark - Lighted,2/15/2025,2025-02-15,N,60.98,F,N,,,1478C105B228B480E267BF3FB2F615906841E67E7E094CC45DBB4F8073B74C5C,CO,01,No,,,,,09,Wet,,,,,,,,
Property Damage Crashes,MSP78750027,Maryland State Police,"Sideswipe, Same Direction",Prince George's,Principal Arterial – Other,No,No,No,No,No,BRANCH AVE (SB/L),5,MARYLAND ROUTE,No,True,No,2/20/2025,No,Point,38.749005814,-76.879776012,MSP,07,16,03,No,16,,16:45,2025,Thursday,12,Motor Vehicle In Transport,05,On Roadway,3,,,,,,06,Non-Junction,01,Daylight,2/20/2025,2025-02-20,S,17.25,F,N,,,5A8872161A1F3CA28962CF54E8B5536506B3FA8F7300F9C655BA8ED8537949ED,MD,01,No,,,,,01,Dry,,,,,,,,
Property Damage Crashes,DA4327003Y,Prince George's County Police,"Sideswipe, Same Direction",Prince George's,Principal Arterial – Other,No,No,No,No,No,SILVER HILL RD,458,MARYLAND ROUTE,No,True,No,4/2/2025,No,Point,38.850968208,-76.922071436,PGCOPD,07,16,03,Yes,7,04,07:50,2025,Wednesday,12,Motor Vehicle In Transport,05,On Roadway,3,Angled/Skewed,,,PORTER AVE,01,05,Intersection or Related,01,Daylight,4/2/2025,2025-04-02,E,0,F,N,,,1FC4AAE6EC55404F7D362C9B255A6EEDF39CEBF9251C702E1FAB6D7393AA0400,MD,01,No,12,Motor Vehicle In Transport,05,On Roadway,01,Dry,05,No Controls,,,,,,
Property Damage Crashes,DA34180003,Prince George's County Police,Front to Rear,Prince George's,,No,No,No,No,Yes,,,,No,True,No,5/19/2025,No,Point,38.868526265,-76.850074579,PGCOPD,03,16,03,,17,,17:05,2025,Monday,12,Motor Vehicle In Transport,05,On Roadway,,,,,,,,,01,Daylight,5/19/2025,2025-05-19,,,F,N,101,Parking Aisle,,,01,No,,,,,,,,,,,,,,
Injury Crashes,MSP6659004D,Maryland State Police,Front to Rear,Prince George's,Interstate,Yes,No,No,No,No,RAMP 7 FR IS 95 WB TO US 1 SB,95,RAMP,No,True,No,1/25/2025,No,Point,39.018509007,-76.921253821,MSP,03,16,02,No,17,,17:19,2025,Saturday,12,Motor Vehicle In Transport,05,On Roadway,1,,,,,,06,Non-Junction,101,Dusk,1/25/2025,2025-01-25,N,4.19,F,N,,,4C3633AE958D8055A8FC27CF04A9A2527961B80A502FCFF52E55650B59979632,RP,01,No,25,Concrete Traffic Barrier,10,Separator/Traffic Island,01,Dry,,,,,,,,
Property Damage Crashes,DA37290099,Prince George's County Police,Rear To Side,Prince George's,,No,No,No,No,Yes,,,,No,True,No,1/25/2025,No,Point,38.765413197,-76.898295970,PGCOPD,05,16,03,,14,,14:46,2025,Saturday,15,Parked Vehicle,02,In Parking Lane Or Zone,,,,,,,,,01,Daylight,1/25/2025,2025-01-25,,,F,N,102,Parking Lot Way,,,01,No,,,,,,,,,,,,,,
Property Damage Crashes,DA43160058,Prince George's County Police,Angle,Prince George's,,No,No,No,No,No,NO NAME,714,LOCAL ROAD,No,True,No,4/30/2025,No,Point,39.067652808,-76.840546360,PGCOPD,01,16,03,No,18,02,18:20,2025,Wednesday,12,Motor Vehicle In Transport,05,On Roadway,,Angled/Skewed,,,LAUREL BOWIE RD,01,05,Intersection or Related,01,Daylight,4/30/2025,2025-04-30,W,0,F,N,,,C0DA82AC76F819205BD3497583FB7D5125CC5424C0063881EF8EB26DBC637BE4,LL,01,No,12,Motor Vehicle In Transport,05,On Roadway,01,Dry,05,No Controls,,,,,,
Property Damage Crashes,GE02530018,Morningside Police Department,Angle,Prince George's,Local,Yes,No,No,No,No,MAXWELL DR,2176,COUNTY ROAD,No,True,No,3/17/2025,No,Point,38.814295238,-76.894644777,MORNINGSIDE,01,16,03,Yes,11,,11:33,2025,Monday,12,Motor Vehicle In Transport,05,On Roadway,7,,,,,,02,Crossover-Related,01,Daylight,3/17/2025,2025-03-17,W,13.85,F,N,,,859811262F8F28D134741125F3F37BC23DCE41D777CEF806F78459BCF01B5827,CO,01,No,,,,,01,Dry,,,,,,,,
Property Damage Crashes,CBPD0098007G,Bowie Police Department,Rear To Side,Prince George's,Local,No,No,No,No,No,NOMAD DR,1977,MUNICIPAL ROAD,No,True,No,4/17/2025,No,Point,38.926134538,-76.736260929,BOWIE,05,16,03,Yes,20,04,20:45,2025,Thursday,12,Motor Vehicle In Transport,05,On Roadway,7,Perpendicular,,,MOUNT OAK RD PEACHWALKER DR,03,05,Intersection or Related,01,Daylight,4/17/2025,2025-04-17,S,0,F,N,,,7DFC070E0789BDD3C59BA0ADF30C43EE879EB76982EEE0D4B1B24D5FDE86BE45,MU,01,No,,,,,01,Dry,02,Stop - All Way,,,,,,
Injury Crashes,MSP7764007S,Maryland State Police,"Sideswipe, Same Direction",Prince George's,Interstate,No,Yes,No,No,No,NO NAME,95,INTERSTATE ROUTE,No,True,No,3/2/2025,No,Point,39.10588,-76.8853,MSP,07,16,02,No,0,,00:38,2025,Sunday,12,Motor Vehicle In Transport,05,On Roadway,1,,,,,,06,Non-Junction,03,Dark - Lighted,3/2/2025,2025-03-02,S,38.86,F,N,,,0026087035FADC352FFE3250C911CC5D6C81EBA05002A0294196259F1A92A7CC,IS,01,No,,,,,01,Dry,,,,,,,,
Property Damage Crashes,DA22590006,Prince George's County Police,Front to Rear,Prince George's,Major Collector,No,No,No,No,No,BRINKLEY RD,122,COUNTY ROAD,No,True,No,1/16/2025,No,Point,38.803184948,-76.950543156,PGCOPD,03,16,03,No,15,,15:00,2025,Thursday,12,Motor Vehicle In Transport,05,On Roadway,5,,,,,,04,Entrance/Exit Ramp or Related,01,Daylight,1/16/2025,2025-01-16,N,48.17,F,N,,,7C63AA5B444E211D8D4EEF21A8F622422C573FD1E6A8CAE09237B27BC2014D32,CO,01,No,,,,,01,Dry,,,,,,,,
Property Damage Crashes,MSP7764008P,Maryland State Police,Front to Rear,Prince George's,Interstate,No,No,No,No,No,NO NAME,95,INTERSTATE ROUTE,No,True,No,4/14/2025,No,Point,39.036704421,-76.938665150,MSP,03,16,03,No,15,,15:29,2025,Monday,12,Motor Vehicle In Transport,05,On Roadway,1,,,,,,06,Non-Junction,01,Daylight,4/14/2025,2025-04-14,N,46.69,F,N,,,3743D4AD20B36B3E29AF0BDAFB432A318E10AC0A0936E15FC015AC8FA5E73497,IS,01,No,,,,,01,Dry,,,,,,,,
Property Damage Crashes,CB6341001D,Howard County Police,Front to Rear,Prince George's,Principal Arterial – Other,Yes,No,No,No,No,SECOND ST,1,UNITED STATE ROUTE,No,True,No,1/29/2025,No,Point,39.100227408,-76.846249451,HOCPD,03,16,03,No,21,,21:40,2025,Wednesday,12,Motor Vehicle In Transport,09,Roadside,3,,,,,,99,Unknown,03,Dark - Lighted,1/29/2025,2025-01-29,S,48.01,F,N,,,D5CBE8251FA5DE897D8723489C67CE4F3386A07E1C8724EEACC6E61BA74B3CEC,US,01,No,,,,,01,Dry,,,,,,,,
Property Damage Crashes,MSP585801G3,Maryland State Police,"Sideswipe, Same Direction",Prince George's,Interstate,No,No,No,No,No,CAPITAL BELTWAY (SB/L),95,INTERSTATE ROUTE,No,True,No,2/27/2025,No,Point,38.93306495,-76.855176667,MSP,07,16,03,No,9,,09:34,2025,Thursday,12,Motor Vehicle In Transport,05,On Roadway,1,,,,,,09,Through Roadway,01,Daylight,2/27/2025,2025-02-27,E,39.81,F,N,,,2A67AD2EBCF2376435AF5BB63E664A29EABC44C53871AAADF2CBB480E2BDAAC1,IS,01,No,,,,,01,Dry,,,,,,,,
Property Damage Crashes,DA3988009V,Prince George's County Police,Single Vehicle,Prince George's,Minor Arterial,No,No,No,No,No,,564,MARYLAND ROUTE,No,True,No,1/12/2025,No,Point,38.974624619,-76.842042540,PGCOPD,101,16,03,No,4,,04:45,2025,Sunday,41,Utility Pole/Light Support,09,Roadside,4,,,,,,06,Non-Junction,03,Dark - Lighted,1/12/2025,2025-01-12,N,46.19,F,N,,,21C6904F652ADE9FEB43AF34676FF58774A622817E4FEE86D92016275A491AAE,MD,01,No,,,,,98,Other,,,,,,,,
Property Damage Crashes,DA27170022,Prince George's County Police,Angle,Prince George's,Local,No,No,No,No,No,ROCHELLE AVE,2822,COUNTY ROAD,No,True,No,5/18/2025,No,Point,38.863766060,-76.893798072,PGCOPD,01,16,03,No,4,,04:20,2025,Sunday,15,Parked Vehicle,05,On Roadway,7,,,,,,06,Non-Junction,03,Dark - Lighted,5/18/2025,2025-05-18,S,45.93,F,N,,,0CE628ADC4454363825209152F622227374B7F718C2ADD73BDE5761B48E4DA40,CO,01,No,15,Parked Vehicle,05,On Roadway,01,Dry,,,,,,,,
Property Damage Crashes,AZ17520001,Cheverly Police Department,"Sideswipe, Same Direction",Prince George's,Principal Arterial – Other,No,No,No,No,No,LANDOVER RD (SB/L),202,MARYLAND ROUTE,No,True,No,3/7/2025,No,Point,38.935395155,-76.917699346,CHEVERLY,07,16,03,No,15,,15:09,2025,Friday,12,Motor Vehicle In Transport,05,On Roadway,3,,,,,,06,Non-Junction,01,Daylight,3/7/2025,2025-03-07,S,20.22,F,N,,,B5E776FFAD0BAE9E53A72C75A58F9F59F9C8FD96309F0F0B2CA546702AEFCE62,MD,01,No,12,Motor Vehicle In Transport,05,On Roadway,01,Dry,,,,,,,,
Property Damage Crashes,MSP732800KZ,Maryland State Police,Front to Rear,Prince George's,Interstate,No,No,No,No,No,CAPITAL BELTWAY,95,INTERSTATE ROUTE,No,True,No,4/12/2025,No,Point,38.991572528,-76.885842166,MSP,03,16,03,No,6,,06:23,2025,Saturday,15,Parked Vehicle,06,"On Shoulder, Left Side",1,,,,,,06,Non-Junction,100,Dawn,4/12/2025,2025-04-12,N,3.71,F,N,,,0634B84FFE806DAC656B7F8B183F128709CEB4AA3FED9DF14176EF4021AA6A2B,IS,01,No,,,,,09,Wet,,,,,,,,
Property Damage Crashes,DJ0187000G,Seat Pleasant Police Department,Rear To Side,Prince George's,Principal Arterial – Other,No,No,No,No,No,CENTRAL AVE,214,MARYLAND ROUTE,No,True,No,5/25/2025,No,Point,38.889492257,-76.864645818,SEATPLEASANT,05,16,03,No,3,,03:19,2025,Sunday,12,Motor Vehicle In Transport,05,On Roadway,3,,,,WESTHAMPTON AVE,,06,Non-Junction,03,Dark - Lighted,5/25/2025,2025-05-25,W,124.33,F,N,,,C49D088774EABE655C41AD2D7C5846495CDD6189B123F245CADF1B2D96B6DFC4,MD,01,No,,,,,01,Dry,,,,,,,,
Property Damage Crashes,DA3810006D,Prince George's County Police,Single Vehicle,Prince George's,Interstate,No,No,No,No,No,RAMP 20 FR RAMP 16 TO RAMP 13,95,RAMP,No,True,No,4/23/2025,No,Point,38.792182836,-77.013807807,PGCOPD,101,16,03,No,18,,18:34,2025,Wednesday,27,Curb,09,Roadside,1,,,,,,06,Non-Junction,01,Daylight,4/23/2025,2025-04-23,N,25.34,F,N,,,0C267F3C29CB972FFF5CF6D60B2B6A5862847F9C2D404A791A08DF67908F928E,RP,01,No,,,,,01,Dry,,,,,,,,
Property Damage Crashes,DA3476004V,Prince George's County Police,Front to Rear,Prince George's,,No,No,No,No,Yes,,,,No,True,No,4/8/2025,No,Point,39.005920912,-76.929814916,PGCOPD,03,16,03,,11,,11:03,2025,Tuesday,12,Motor Vehicle In Transport,02,In Parking Lane Or Zone,,,,,,,,,01,Daylight,4/8/2025,2025-04-08,,,F,N,102,Parking Lot Way,,,01,No,,,,,,,,,,,,,,
Injury Crashes,MSP745300BG,Maryland State Police,Front to Rear,Prince George's,Principal Arterial – Other Freeways and Expressways,No,No,No,No,No,JOHN HANSON HWY (WB/L),50,UNITED STATE ROUTE,No,True,No,4/29/2025,No,Point,38.942862117,-76.88189465,MSP,03,16,02,No,6,,06:40,2025,Tuesday,12,Motor Vehicle In Transport,05,On Roadway,2,,,,,,06,Non-Junction,01,Daylight,4/29/2025,2025-04-29,W,18.65,F,N,,,EA9BA1D28D8C77F848C9672A9DB53F5BA47E95A0869441D560E193592174020F,US,01,No,,,,,01,Dry,,,,,,,,
Property Damage Crashes,DA409900FD,Prince George's County Police,Front to Rear,Prince George's,Minor Arterial,No,Yes,No,No,No,RIGGS RD,212,MARYLAND ROUTE,No,True,No,4/30/2025,No,Point,38.961613859,-76.997128503,PGCOPD,03,16,03,No,8,,08:23,2025,Wednesday,12,Motor Vehicle In Transport,05,On Roadway,4,,,,,,09,Through Roadway,01,Daylight,4/30/2025,2025-04-30,E,16.13,F,N,,,8F85479A0E8B89C33F4C2141C4DD58A34C8BD141B147B7195A49F16721060E55,MD,01,No,,,,,01,Dry,,,,,,,,
Property Damage Crashes,DA3546008Z,Prince George's County Police,Front to Rear,Prince George's,Minor Arterial,No,No,No,No,No,WOODYARD RD,223,MARYLAND ROUTE,No,True,No,1/28/2025,No,Point,38.765771762,-76.896487368,PGCOPD,03,16,03,No,16,,16:59,2025,Tuesday,12,Motor Vehicle In Transport,05,On Roadway,4,,,,,,06,Non-Junction,01,Daylight,1/28/2025,2025-01-28,E,23.82,F,N,,,5FB7A314277F9876849B3D996A0547975025D59360EF1F6D3D458AB6B897CAA4,MD,01,No,,,,,01,Dry,,,,,,,,
Property Damage Crashes,DA44240014,Prince George's County Police,Single Vehicle,Prince George's,Principal Arterial – Other,No,No,No,No,No,PENNSYLVANIA AVE (SB/L),4,MARYLAND ROUTE,No,True,No,5/27/2025,No,Point,38.844868581,-76.890004705,PGCOPD,101,16,03,No,21,,21:45,2025,Tuesday,31,Guardrail End Terminal,09,Roadside,3,,,,,,09,Through Roadway,03,Dark - Lighted,5/27/2025,2025-05-27,W,43.43,F,N,,,0B9D0A2E12E9514B7821E3629E663625FE55FF64DCF3B7E3D4730D60016662CF,MD,01,No,,,,,01,Dry,,,,,,,,
Property Damage Crashes,BW01930019,Greenbelt Police Department,Front to Front,Prince George's,Principal Arterial – Other,No,No,No,No,No,GREENBELT RD,193,MARYLAND ROUTE,No,True,No,2/10/2025,No,Point,38.994118871,-76.876233083,GREENBELT,02,16,03,Yes,20,03,20:59,2025,Monday,12,Motor Vehicle In Transport,05,On Roadway,3,Angled/Skewed,,,RAMP 3 FR MD 193 EB TO MD 295 NB,01,05,Intersection or Related,03,Dark - Lighted,2/10/2025,2025-02-10,S,0,F,N,,,E8F6A2F1111A970F754F21FAD44543DE7714B03BA4D138211E4AA9753A12F61E,MD,01,No,12,Motor Vehicle In Transport,05,On Roadway,01,Dry,01,Signalized,,,,,,
Property Damage Crashes,DA30950031,Prince George's County Police,"Sideswipe, Same Direction",Prince George's,Principal Arterial – Other,No,No,No,No,No,UNIVERSITY BLVD (WB/L),193,MARYLAND ROUTE,No,True,No,5/31/2025,No,Point,38.983952622,-76.979095362,PGCOPD,07,16,03,Unknown,14,,14:40,2025,Saturday,12,Motor Vehicle In Transport,05,On Roadway,3,,,,,,99,Unknown,01,Daylight,5/31/2025,2025-05-31,S,24.03,F,N,,,570353FDF433B03DD2EA1F9AF8201D01BBE3E48075A80778A04E40D966FC7DF4,MD,01,No,,,,,01,Dry,,,,,,,,
Property Damage Crashes,DA3804008S,Prince George's County Police,Front to Front,Prince George's,,No,No,No,No,No,OLD GUNPOWDER RD (NB/L),2,COUNTY ROAD,No,True,No,2/27/2025,No,Point,39.075534990,-76.921119407,PGCOPD,02,16,03,Yes,10,03,10:38,2025,Thursday,12,Motor Vehicle In Transport,05,On Roadway,,Angled/Skewed,,,GREEN CASTLE RD,01,05,Intersection or Related,01,Daylight,2/27/2025,2025-02-27,E,0,F,N,,,D74E696DB4FA84C12A0A3B7C4D0665C5B9D8278178AD56A97905BA7BE3B39F70,CO,01,No,,,,,01,Dry,01,Signalized,,,,,,
Property Damage Crashes,MSP68590089,Maryland State Police,Front to Rear,Prince George's,Principal Arterial – Other Freeways and Expressways,No,No,No,No,No,BRANCH AVE,5,MARYLAND ROUTE,No,True,No,1/29/2025,No,Point,38.815145287,-76.914482606,MSP,03,16,03,No,8,,08:00,2025,Wednesday,12,Motor Vehicle In Transport,05,On Roadway,2,,,,,,01,Acceleration/Deceleration Lane,01,Daylight,1/29/2025,2025-01-29,E,106.13,F,N,,,DF14FBF19406343AC45C2498B1F3B2EED00D3050C7106367D46DCCB8857AF203,MD,01,No,,,,,01,Dry,,,,,,,,
Property Damage Crashes,DA44220015,Prince George's County Police,Angle,Prince George's,Minor Arterial,No,No,No,No,No,GOOD LUCK RD,42,COUNTY ROAD,No,True,No,5/26/2025,No,Point,38.975072,-76.884492,PGCOPD,01,16,03,No,15,,15:23,2025,Monday,12,Motor Vehicle In Transport,05,On Roadway,4,,,,,,09,Through Roadway,01,Daylight,5/26/2025,2025-05-26,S,91.33,F,N,,,8DD6638FB138EB47AF88A5A035F2524894318203D7086A3B92F9B0D80C26FDBC,CO,01,No,,,,,01,Dry,,,,,,,,
Property Damage Crashes,CE4943006Z,Laurel Police Department,Front to Rear,Prince George's,Principal Arterial – Other,No,No,No,No,No,SECOND ST,1,UNITED STATE ROUTE,No,True,No,4/5/2025,No,Point,39.099491758,-76.846819746,LAUREL,03,16,03,No,13,,13:00,2025,Saturday,12,Motor Vehicle In Transport,05,On Roadway,3,,,,,,06,Non-Junction,01,Daylight,4/5/2025,2025-04-05,S,12.23,F,N,,,577BE71482464BC572C9266AEFE377F1489E1C625CC4B6CD80F1929E7CC39A36,US,01,No,,,,,01,Dry,,,,,,,,
Property Damage Crashes,DA3495005S,Prince George's County Police,Front to Rear,Prince George's,Principal Arterial – Other,No,No,No,No,No,,1,UNITED STATE ROUTE,No,True,No,5/14/2025,No,Point,39.009573136,-76.928978182,PGCOPD,03,16,03,No,17,,17:15,2025,Wednesday,12,Motor Vehicle In Transport,05,On Roadway,3,,,,,,06,Non-Junction,01,Daylight,5/14/2025,2025-05-14,N,38.22,F,N,,,29094FF8667038EBF54E68B9AD55D229B509DB1BA305746E9A80288E3484BFBE,US,01,No,,,,,01,Dry,,,,,,,,
Property Damage Crashes,DA44310019,Prince George's County Police,Angle,Prince George's,Minor Arterial,No,No,No,No,No,QUEENS CHAPEL RD,500,MARYLAND ROUTE,No,True,No,4/28/2025,No,Point,38.951670587,-76.966729174,PGCOPD,01,16,03,No,1,,01:30,2025,Monday,12,Motor Vehicle In Transport,05,On Roadway,4,,,,,,06,Non-Junction,03,Dark - Lighted,4/28/2025,2025-04-28,S,24.29,F,N,,,47F88902AE74E0F35D63B326A3DA40137F986E0CAE373C7EA35D831E38CEBC19,MD,01,No,,,,,01,Dry,,,,,,,,
Property Damage Crashes,DJ0184001F,Seat Pleasant Police Department,Front to Rear,Prince George's,Principal Arterial – Other,No,No,No,No,No,E CAPITOL ST (WB/L),214,MARYLAND ROUTE,No,True,No,5/24/2025,No,Point,38.887304180,-76.903786584,SEATPLEASANT,03,16,03,No,15,,15:39,2025,Saturday,12,Motor Vehicle In Transport,05,On Roadway,3,,,,,,06,Non-Junction,01,Daylight,5/24/2025,2025-05-24,W,45.09,F,N,,,B4FB1538835DB6830DA5CD15D84A56878FF3E57D9AA17E5B3E66EA40BABD808F,MD,01,No,,,,,01,Dry,,,,,,,,