Crash Severity Description,Reportnumber,Agencyname,CollisionImpact Description,Crash County Description,FunctionalClass Description,ImpairedCrash,Large Vehicle Involved,Motorcycle Crash,Non-Motorist Crash,OffRoad,RoadName,Route Number,RouteType Description,Unrestrained Occupants,WithinDateRange,Work Zone Related,Crashdate,Work Zone Crash,CrashPoint,Latitude,Longitude,AgencyCode,CollisionImpact,Crash County,Crash Severity,Crash Within Interchange,Crashhour,CrashInterchangeApproaches,Crashtime,CrashYear,Dayofweek,FirstHarmEvent,FirstHarmEvent Description,FirstHarmLocation,FirstHarmLocation Description,FunctionalClass,Geometry Description,GovPropertyDamage,GovPropertyDamage Description,IntersectingRoadName,Intersection Geometry,JunctionRelated,JunctionRelated Description,Light,Light Description,LOD Crash Date,LOD Date Level,MilepointDirection,MilepointDistance,MilepointUnits,NonTrafficFatal,OffroadLocation,OffroadLocation Description,RoadID,RouteType,SchoolBusRelated,SchoolBusRelated Description,SecondHarmEvent,SecondHarmEvent Description,SecondHarmLocation,SecondHarmLocation Description,Surface,Surface Description,TrafficControl,Trafficcontrol Description,WZLawEnforcementPresent,WZLocation,WZLocation Description,WZType,WZType Description,WZWorkersPresent
Property Damage Crashes,MSP7875001V,Maryland State Police,Single Vehicle,Prince George's,Principal Arterial – Other,No,Yes,No,No,No,CRAIN HWY,301,UNITED STATE ROUTE,No,True,No,2/10/2025,No,Point,38.928213333,-76.716481667,MSP,101,16,03,No,7,,07:45,2025,Monday,05,Jackknife,05,On Roadway,3,,,,,,06,Non-Junction,01,Daylight,2/10/2025,2025-02-10,W,20.44,F,N,,,6E2017EB71E6B5F242A703967F439EF07BBA000B8A51F29C1330EAA71C87A464,US,01,No,,,,,01,Dry,,,,,,,,
Property Damage Crashes,CBPD0061005K,Bowie Police Department,Front to Rear,Prince George's,Local,No,No,No,No,No,PILLER LA,2151,MUNICIPAL ROAD,No,True,No,4/11/2025,No,Point,38.919341229,-76.730988522,BOWIE,03,16,03,No,23,,23:58,2025,Friday,15,Parked Vehicle,02,In Parking Lane Or Zone,7,,,,,,06,Non-Junction,03,Dark - Lighted,4/11/2025,2025-04-11,N,4.46,F,N,,,E2427515E5B6265BED5F73790990FC83E008F01DAEFB1D804486500A4F66FE08,MU,01,No,15,Parked Vehicle,02,In Parking Lane Or Zone,09,Wet,,,,,,,,
Injury Crashes,DJ01880002,Seat Pleasant Police Department,Other,Prince George's,Minor Arterial,No,No,No,No,No,OLD CENTRAL AVE,332,MARYLAND ROUTE,No,True,No,3/7/2025,No,Point,38.886645044,-76.898879559,SEATPLEASANT,98,16,02,Yes,18,04,18:45,2025,Friday,12,Motor Vehicle In Transport,05,On Roadway,4,Perpendicular,,,E CAPITOL ST,03,05,Intersection or Related,03,Dark - Lighted,3/7/2025,2025-03-07,W,0,F,N,,,B3E2F6B66F3E1660ABABE557BDF245F0068AA655B3BFDE0AD74E14155883DA69,MD,01,No,15,Parked Vehicle,05,On Roadway,01,Dry,01,Signalized,,,,,,
Property Damage Crashes,DA345600FN,Prince George's County Police,"Sideswipe, Same Direction",Prince George's,Local,No,No,No,No,No,19TH AVE,3716,COUNTY ROAD,No,True,No,4/21/2025,No,Point,39.008881298,-76.978049315,PGCOPD,07,16,03,No,0,,00:41,2025,Monday,15,Parked Vehicle,05,On Roadway,7,,,,,,06,Non-Junction,03,Dark - Lighted,4/21/2025,2025-04-21,N,42.97,F,N,,,0478CB8044A6A85F16500FFCC226294D9A70B54B050F44F6536B0A718C7A7178,CO,01,No,,,,,01,Dry,,,,,,,,
Property Damage Crashes,DA373600DH,Prince George's County Police,Other,Prince George's,Local,No,No,No,No,No,DUNWOODY AVE,1443,COUNTY ROAD,No,True,No,5/23/2025,No,Point,38.808909236,-76.981586204,PGCOPD,98,16,03,No,20,,20:58,2025,Friday,15,Parked Vehicle,09,Roadside,7,,,,,,09,Through Roadway,03,Dark - Lighted,5/23/2025,2025-05-23,W,8.08,F,N,,,C7783873CD577033BC6118397FB65CE37AD2CC531C8F61DF3EFA7F092D34530A,CO,01,No,15,Parked Vehicle,09,Roadside,01,Dry,,,,,,,,
Injury Crashes,DA44340009,Prince George's County Police,Single Vehicle,Prince George's,Minor Arterial,No,No,No,No,No,WALKER MILL RD (EB/L),367,COUNTY ROAD,No,True,No,4/19/2025,No,Point,38.875721444,-76.867525434,PGCOPD,101,16,02,No,1,,01:32,2025,Saturday,28,Ditch,01,Gore,4,,,,,,06,Non-Junction,03,Dark - Lighted,4/19/2025,2025-04-19,N,66.72,F,N,,,5DB0B2916D6C63CCC07262235F1CE2E16DB84D35B99A55A70302B156F3136F6E,CO,01,No,,,,,01,Dry,,,,,,,,
Property Damage Crashes,BE0107000Z,District Heights Police Department,"Sideswipe, Same Direction",Prince George's,Minor Collector,No,No,No,No,No,MARBURY DR,270,MUNICIPAL ROAD,No,True,No,5/19/2025,No,Point,38.860740594,-76.882185825,DISTHEIGHTS,07,16,03,No,16,,16:50,2025,Monday,12,Motor Vehicle In Transport,05,On Roadway,6,,,,,,06,Non-Junction,01,Daylight,5/19/2025,2025-05-19,N,52.82,F,N,,,B44CD45F94DA6A7619C414FCDD037C516484C74E70C49F7FD7344CDD937FE956,MU,01,No,15,Parked Vehicle,07,"On Shoulder, Right Side",01,Dry,,,,,,,,
Property Damage Crashes,DA4320002W,Prince George's County Police,"Sideswipe, Same Direction",Prince George's,Major Collector,Yes,No,No,No,No,23RD PKWY,1084,COUNTY ROAD,No,True,No,3/26/2025,No,Point,38.836154942,-76.960963648,PGCOPD,07,16,03,No,18,,18:12,2025,Wednesday,15,Parked Vehicle,05,On Roadway,5,,,,,,09,Through Roadway,01,Daylight,3/26/2025,2025-03-26,S,12.65,F,N,,,2990DD278BAD344E60706CEB76B12CBB6606CF57F12E6504EECBCECAD8D06CE8,CO,01,No,,,,,01,Dry,,,,,,,,
Property Damage Crashes,DA3047008J,Prince George's County Police,Rear To Side,Prince George's,,No,No,No,No,Yes,,,,No,True,No,6/2/2025,No,Point,38.694494988,-77.013749501,PGCOPD,05,16,03,,15,,15:22,2025,Monday,15,Parked Vehicle,09,Roadside,,,,,,,,,01,Daylight,6/2/2025,2025-06-02,,,F,N,105,Dirt Road/Trail,,,01,No,,,,,,,,,,,,,,
Property Damage Crashes,DA44010010,Prince George's County Police,Angle,Prince George's,Local,No,No,No,No,No,GLACIER AVE,375,COUNTY ROAD,No,True,No,3/2/2025,No,Point,38.872570111,-76.926938615,PGCOPD,01,16,03,No,20,,20:31,2025,Sunday,12,Motor Vehicle In Transport,05,On Roadway,7,,,,MARLBORO PIKE MARLBORO PIKE (NB/L),,06,Non-Junction,03,Dark - Lighted,3/2/2025,2025-03-02,E,22.84,F,N,,,DA2FA34D80553EDA07FE257BC684C7F1CB34C028F397496CE43CE4D730B2E6D3,CO,01,No,,,,,01,Dry,,,,,,,,
Property Damage Crashes,DA4276007Z,Prince George's County Police,Unknown,Prince George's,Local,No,No,No,No,No,81ST AVE,2660,COUNTY ROAD,No,True,No,6/1/2025,No,Point,38.927147987,-76.869949747,PGCOPD,99,16,03,No,16,,16:00,2025,Sunday,12,Motor Vehicle In Transport,05,On Roadway,7,,,,MANSON PL,,06,Non-Junction,01,Daylight,6/1/2025,2025-06-01,E,11.8,F,N,,,2F743437755F05C6EFF445796EEF6B7347C80A573E2C6590BD08CA3657005031,CO,01,No,,,,,01,Dry,,,,,,,,
Injury Crashes,DA4318004B,Prince George's County Police,Other,Prince George's,Principal Arterial – Other,No,No,No,No,No,SILVER HILL RD,458,MARYLAND ROUTE,No,True,No,4/16/2025,No,Point,38.839445807,-76.946365217,PGCOPD,98,16,02,No,10,,10:56,2025,Wednesday,12,Motor Vehicle In Transport,05,On Roadway,3,,,,,,09,Through Roadway,01,Daylight,4/16/2025,2025-04-16,S,24.26,F,N,,,D230DDDA59EE57E699F6814F7D04DD019A9BFC3E55E2D1A4D452A58E9B8ADC39,MD,01,No,,,,,01,Dry,,,,,,,,
Property Damage Crashes,DA43920011,Prince George's County Police,Front to Rear,Prince George's,,No,No,No,No,No,,411,PRIVATE ROAD,No,True,No,1/4/2025,No,Point,38.827313634,-76.983034365,PGCOPD,03,16,03,No,9,,09:30,2025,Saturday,15,Parked Vehicle,04,"Off-Roadway, Location Unknown",,,,,,,99,Unknown,01,Daylight,1/4/2025,2025-01-04,W,38.58,F,N,,,4F43FF7536611DE4CAE486ADEFE07EBD1BBD2521CB851C251DFE90AD36860E36,PV,01,No,,,,,01,Dry,,,,,,,,
Property Damage Crashes,DA4368001M,Prince George's County Police,Unknown,Prince George's,,No,No,No,No,No,,122,COUNTY ROAD,No,True,No,3/16/2025,No,Point,38.804974703,-76.958392352,PGCOPD,99,16,03,No,0,,00:22,2025,Sunday,13,Other Non-Fixed Object,05,On Roadway,,,,,,,09,Through Roadway,03,Dark - Lighted,3/16/2025,2025-03-16,S,25.48,F,N,,,98EEE43446C75CD971E5D1811B2685F7503DA2A15F8D4DF69BF05B2712D25974,CO,01,No,,,,,01,Dry,,,,,,,,
Property Damage Crashes,MSP7657008B,Maryland State Police,Front to Rear,Prince George's,Interstate,No,No,No,No,No,CAPITAL BELTWAY,95,INTERSTATE ROUTE,No,True,No,5/11/2025,No,Point,38.916641393,-76.851391629,MSP,03,16,03,No,15,,15:45,2025,Sunday,12,Motor Vehicle In Transport,05,On Roadway,1,,,,,,06,Non-Junction,01,Daylight,5/11/2025,2025-05-11,S,46.19,F,N,,,229345EF92D3D83E64B87ADEC9E142D2D6AB5739CF1C996110F0CAFC51528F90,IS,01,No,,,,,01,Dry,,,,,,,,
Property Damage Crashes,CBPD00980072,Bowie Police Department,Front to Rear,Prince George's,Minor Arterial,No,No,No,No,No,,197,MARYLAND ROUTE,No,True,No,1/27/2025,No,Point,38.968896587,-76.754956306,BOWIE,03,16,03,No,19,,19:00,2025,Monday,12,Motor Vehicle In Transport,05,On Roadway,4,,,,,,06,Non-Junction,03,Dark - Lighted,1/27/2025,2025-01-27,N,23.25,F,N,,,533D380D45EE20A3BA02ED70F1212360BBA6A12C8576097EC8B69D0B93C19CE8,MD,01,No,,,,,01,Dry,,,,,,,,
Property Damage Crashes,DA30580040,Prince George's County Police,Front to Rear,Prince George's,Principal Arterial – Other,No,No,No,No,No,LAUREL BOWIE RD (SB/L),197,MARYLAND ROUTE,No,True,No,3/11/2025,No,Point,39.063917643,-76.839472108,PGCOPD,03,16,03,No,14,,14:20,2025,Tuesday,12,Motor Vehicle In Transport,05,On Roadway,3,,,,,,06,Non-Junction,01,Daylight,3/11/2025,2025-03-11,W,9.01,F,N,,,9F18C513560A6CF1F257FB2481835FD637760011886B6187BCB2C8FFEDED1398,MD,01,No,,,,,01,Dry,,,,,,,,
Property Damage Crashes,DA4408001D,Prince George's County Police,Front to Front,Prince George's,Local,No,No,No,No,No,CURTIS DR (SB/L),605,COUNTY ROAD,No,True,No,5/25/2025,No,Point,38.846978196,-76.952919279,PGCOPD,02,16,03,No,16,,16:10,2025,Sunday,12,Motor Vehicle In Transport,99,Unknown,7,,,,,,99,Unknown,01,Daylight,5/25/2025,2025-05-25,W,34.92,F,N,,,9DA5983A651FAAFD5C5EAB503FDBBA0EBA61928CC1984564B447459BB2686B60,CO,01,No,,,,,01,Dry,,,,,,,,
Property Damage Crashes,DA43560034,Prince George's County Police,Other,Prince George's,Principal Arterial – Other,No,No,No,No,No,SILVER HILL RD,458,MARYLAND ROUTE,No,True,No,3/2/2025,No,Point,38.855643082,-76.905644411,PGCOPD,98,16,03,No,18,,18:35,2025,Sunday,12,Motor Vehicle In Transport,05,On Roadway,3,,,,,,06,Non-Junction,03,Dark - Lighted,3/2/2025,2025-03-02,N,24.9,F,N,,,D1D998E5C07A2B72582F301BF69987586B686FDE5627F9E92992F089D001A885,MD,01,No,,,,,01,Dry,,,,,,,,
Injury Crashes,DA37070056,Prince George's County Police,Angle,Prince George's,Local,No,No,No,No,No,DAISY LA,40,COUNTY ROAD,No,True,No,5/23/2025,No,Point,38.978088253,-76.802910557,PGCOPD,01,16,02,No,13,,13:57,2025,Friday,12,Motor Vehicle In Transport,05,On Roadway,7,,,,,,02,Crossover-Related,01,Daylight,5/23/2025,2025-05-23,N,58.88,F,N,,,4D3F95ACEC8B35CCFC8688FA39EBF09A59C192C5F7DB88B63D416D461E7EE451,CO,01,No,,,,,01,Dry,,,,,,,,
Injury Crashes,DA4387001R,Prince George's County Police,"Sideswipe, Same Direction",Prince George's,Principal Arterial – Other,No,Yes,No,No,No,UNIVERSITY BLVD (WB/L),193,MARYLAND ROUTE,No,True,No,4/24/2025,No,Point,39.001463447,-76.934731261,PGCOPD,07,16,02,No,1,,01:18,2025,Thursday,12,Motor Vehicle In Transport,05,On Roadway,3,,,,,,06,Non-Junction,03,Dark - Lighted,4/24/2025,2025-04-24,S,30.09,F,N,,,B3EFEEF8881D634655630BF8095DD2087AE689FDD42A7749902A8B1E98B047F7,MD,01,No,,,,,01,Dry,,,,,,,,
Injury Crashes,MSP7770006P,Maryland State Police,Angle,Prince George's,Major Collector,No,No,No,No,No,SURRATTS RD,130,COUNTY ROAD,No,True,No,3/3/2025,No,Point,38.750505,-76.879398333,MSP,01,16,02,No,10,05,10:42,2025,Monday,12,Motor Vehicle In Transport,05,On Roadway,5,Angled/Skewed,,,BRANCH AVE,01,05,Intersection or Related,01,Daylight,3/3/2025,2025-03-03,S,0,F,N,,,2C3F93D7DA6B921750687AF2CE6A5454115C8D6FC1DAC30116E25AA1AB9430A6,CO,01,No,,,,,01,Dry,01,Signalized,,,,,,
Property Damage Crashes,AT10310017,Capitol Heights Police Department,Front to Front,Prince George's,Local,No,No,No,No,No,ROLLINS AVE,369,COUNTY ROAD,Yes,True,No,1/11/2025,No,Point,38.865492904,-76.907367737,CAPITOLHEIGHTS,02,16,03,Yes,16,,16:44,2025,Saturday,12,Motor Vehicle In Transport,05,On Roadway,7,,,,,,99,Unknown,03,Dark - Lighted,1/11/2025,2025-01-11,W,25.53,F,N,,,9FB56028AD1663A332E26EF463C3E16B60C20AB0E4F5EA81B276291D91C91ABF,CO,01,No,12,Motor Vehicle In Transport,05,On Roadway,01,Dry,,,,,,,,
Property Damage Crashes,DA4309002T,Prince George's County Police,"Sideswipe, Opposite Direction",Prince George's,Major Collector,No,No,No,No,No,WOODMORE RD (WB/L),111,COUNTY ROAD,No,True,No,3/11/2025,No,Point,38.925167205,-76.760880165,PGCOPD,06,16,03,No,6,02,06:30,2025,Tuesday,12,Motor Vehicle In Transport,05,On Roadway,5,Perpendicular,,,CHURCH RD,03,05,Intersection or Related,01,Daylight,3/11/2025,2025-03-11,N,0,F,N,,,933C718D8CD0BDDB7F17D360EB862B9C7BA25B8CBEEEC463A010069C97CE0971,CO,01,No,,,,,01,Dry,01,Signalized,,,,,,
Injury Crashes,MSP7871002N,Maryland State Police,Angle,Prince George's,Principal Arterial – Other,Yes,No,No,No,No,SANDY SPRING RD (WB/L),198,MARYLAND ROUTE,No,True,No,3/9/2025,No,Point,39.100917870,-76.906810386,MSP,01,16,02,No,19,04,19:43,2025,Sunday,12,Motor Vehicle In Transport,05,On Roadway,3,Perpendicular,,,BOND MILL RD,03,05,Intersection or Related,03,Dark - Lighted,3/9/2025,2025-03-09,N,0,F,N,,,E11DED6CF7C0546DDEF8E1976C016CE79A49567A4224B860810ECD648C1E741B,MD,01,No,,,,,01,Dry,01,Signalized,,,,,,
Property Damage Crashes,DA405100DF,Prince George's County Police,Front to Front,Prince George's,Principal Arterial – Other,No,No,No,No,No,BALTIMORE AVE (SB/L),1,UNITED STATE ROUTE,No,True,No,3/5/2025,No,Point,38.980841685,-76.937441193,PGCOPD,02,16,03,Yes,13,02,13:46,2025,Wednesday,12,Motor Vehicle In Transport,05,On Roadway,3,Angled/Skewed,,,KNOX RD,01,05,Intersection or Related,01,Daylight,3/5/2025,2025-03-05,W,0,F,N,,,5EA2165981F445D22213C0D672FB146359212C4E268DBA37481058924E442F7F,US,01,No,,,,,08,"Water (standing, moving)",01,Signalized,,,,,,
Injury Crashes,MSP744700N8,Maryland State Police,Front to Rear,Prince George's,Principal Arterial – Other,No,No,No,No,No,CRAIN HWY (SB/L),301,UNITED STATE ROUTE,No,True,No,3/16/2025,No,Point,38.948325,-76.718105,MSP,03,16,02,No,13,,13:16,2025,Sunday,12,Motor Vehicle In Transport,05,On Roadway,3,,,,,,06,Non-Junction,01,Daylight,3/16/2025,2025-03-16,N,51.25,F,N,,,D10ADCBFD1FE7266D02ECAD095558DAF430A6DE631C7AED78681C2393CEC35F0,US,01,No,,,,,01,Dry,,,,,,,,
Property Damage Crashes,CNC3183002C,New Carrollton Police Department,Front to Front,Prince George's,Local,No,No,No,No,No,VERONA DR,630,MUNICIPAL ROAD,No,True,No,2/11/2025,No,Point,38.968624297,-76.880019455,NCPD,02,16,03,No,19,,19:02,2025,Tuesday,12,Motor Vehicle In Transport,05,On Roadway,7,,,,LAMONT DR,,09,Through Roadway,03,Dark - Lighted,2/11/2025,2025-02-11,N,22.49,F,N,,,3B067B9562D8BCC68C0AEF878831B01BED21A31AC75141CAAB6ECFCF4C6339F9,MU,01,No,,,,,02,Ice/Frost,,,,,,,,
Property Damage Crashes,DA36050075,Prince George's County Police,Front to Rear,Prince George's,Local,No,No,No,No,No,W FOREST RD,690,COUNTY ROAD,No,True,No,5/2/2025,No,Point,38.923748110,-76.888599371,PGCOPD,03,16,03,No,5,,05:30,2025,Friday,15,Parked Vehicle,07,"On Shoulder, Right Side",7,,,,,,06,Non-Junction,03,Dark - Lighted,5/2/2025,2025-05-02,S,17.39,F,N,,,19EB339B49D40F88367A527B2E23A9B58043C43692C97DBFA1942BEA3C1E3E41,CO,01,No,,,,,01,Dry,,,,,,,,
Injury Crashes,GC93620012,Glenarden Police Department,Front to Rear,Prince George's,Local,No,No,No,No,No,RUBY LOCKHART BLVD,6839,COUNTY ROAD,No,True,No,3/5/2025,No,Point,38.919008806,-76.843259480,GLENARDEN,03,16,02,No,17,,17:06,2025,Wednesday,12,Motor Vehicle In Transport,05,On Roadway,7,,,,,,06,Non-Junction,01,Daylight,3/5/2025,2025-03-05,N,206.76,F,N,,,D4A060EF67090AACC00C7DB11D6AB148D2008397D3D87468899A4DD724F6E257,CO,01,No,12,Motor Vehicle In Transport,05,On Roadway,08,"Water (standing, moving)",,,,,,,,
Property Damage Crashes,CBPD01240011,Bowie Police Department,Front to Rear,Prince George's,,No,No,No,No,Yes,,,,Yes,True,No,3/4/2025,No,Point,38.982114634,-76.729971395,BOWIE,03,16,03,,10,,10:56,2025,Tuesday,15,Parked Vehicle,02,In Parking Lane Or Zone,,,,,,,,,01,Daylight,3/4/2025,2025-03-04,,,F,N,102,Parking Lot Way,,,01,No,,,,,,,,,,,,,,
Property Damage Crashes,AZ1744000N,Cheverly Police Department,Front to Front,Prince George's,Major Collector,No,No,No,No,No,CHEVERLY AVE,59,MUNICIPAL ROAD,No,True,No,2/21/2025,No,Point,38.926748053,-76.912954715,CHEVERLY,02,16,03,Yes,7,02,07:42,2025,Friday,12,Motor Vehicle In Transport,05,On Roadway,5,Perpendicular,,,HAWTHORNE ST,03,05,Intersection or Related,01,Daylight,2/21/2025,2025-02-21,S,0,F,N,,,BAD4CAF015F8F6BEFC92F80C95ECA009B3AED8BC5C6B6B416C55BB29A1135732,MU,01,No,12,Motor Vehicle In Transport,05,On Roadway,01,Dry,03,Stop - Partial,,,,,,
Property Damage Crashes,DA421200GB,Prince George's County Police,Front to Rear,Prince George's,Principal Arterial – Other,No,No,No,No,No,KENILWORTH AVE (SB/L),201,MARYLAND ROUTE,No,True,No,5/30/2025,No,Point,38.921653503,-76.931866692,PGCOPD,03,16,03,No,8,,08:08,2025,Friday,12,Motor Vehicle In Transport,05,On Roadway,3,,101,State,RAMP 2 FR MD 201 WB TO MD 295 NB,,09,Through Roadway,01,Daylight,5/30/2025,2025-05-30,S,10.51,F,N,,,C49FADA52191EF3C08B6EA0F0A7AF6C5624BB2EA4974CFBBFA9FAC9AF833D513,MD,01,No,,,,,01,Dry,,,,,,,,
Property Damage Crashes,DA4373002C,Prince George's County Police,"Sideswipe, Same Direction",Prince George's,,No,No,Yes,No,No,,123,COUNTY ROAD,No,True,No,4/6/2025,No,Point,38.815883590,-76.946871654,PGCOPD,07,16,03,No,15,,15:30,2025,Sunday,12,Motor Vehicle In Transport,05,On Roadway,,,,,FLORIST WAY SPRING TERR,,09,Through Roadway,01,Daylight,4/6/2025,2025-04-06,S,39.45,F,N,,,D1EDC122ACB8D5A7CFB2FB2A8C5636001DACE4ABC3525C30A73A3B3058526873,CO,01,No,,,,,01,Dry,,,,,,,,
Property Damage Crashes,DA44280013,Prince George's County Police,Rear To Side,Prince George's,,No,No,No,No,No,,509,PRIVATE ROAD,No,True,No,5/3/2025,No,Point,38.994746786,-76.868799293,PGCOPD,05,16,03,No,12,,12:18,2025,Saturday,12,Motor Vehicle In Transport,02,In Parking Lane Or Zone,,,,,,,10,"Other Location Not Listed Above Within an Interchange Area (median,
shoulder and roadside)",01,Daylight,5/3/2025,2025-05-03,S,27.37,F,N,,,D057C442D191ABCD3F0360BCD5235219B7B89E3CA7B10CC8A5E0C50565D081EB,PV,01,No,,,,,01,Dry,,,,,,,,
Injury Crashes,DA3774008W,Prince George's County Police,Single Vehicle,Prince George's,,No,No,No,Yes,No,,302,COUNTY ROAD,No,True,No,5/29/2025,No,Point,38.964173400,-76.898739639,PGCOPD,101,16,02,No,5,,05:35,2025,Thursday,14,Other Non-Motorist,09,Roadside,,,,,,,02,Crossover-Related,03,Dark - Lighted,5/29/2025,2025-05-29,W,21.12,F,N,,,3EDE887FFFD448805FBE326D5FB2006DDE1685A4C4C20D138D673FABA8BBD1B7,CO,01,No,,,,,01,Dry,,,,,,,,
Property Damage Crashes,DA4421001G,Prince George's County Police,Angle,Prince George's,Minor Arterial,No,No,No,No,No,,223,MARYLAND ROUTE,No,True,No,3/20/2025,No,Point,38.776022280,-76.866544811,PGCOPD,01,16,03,No,6,,06:00,2025,Thursday,12,Motor Vehicle In Transport,05,On Roadway,4,,,,,,09,Through Roadway,03,Dark - Lighted,3/20/2025,2025-03-20,S,9.19,F,N,,,E253544F539CD9D9413A01A40496A8E687485CCD5CA236751EB79E909D9D9F16,MD,01,No,,,,,01,Dry,,,,,,,,
Property Damage Crashes,DA4411000S,Prince George's County Police,Single Vehicle,Prince George's,,No,No,No,No,No,TOWN CENTER CIR,2348,LOCAL ROAD,Yes,True,No,4/12/2025,No,Point,38.899938854,-76.841100299,PGCOPD,101,16,03,No,19,,19:30,2025,Saturday,36,"Other Post, Pole, Or Support",02,In Parking Lane Or Zone,,,,,,,06,Non-Junction,03,Dark - Lighted,4/12/2025,2025-04-12,N,36.82,F,N,,,2583EF4007D15AFCCF229D28EC5085C37C7D287177BF866E0B6022C9262F8E74,LL,01,No,,,,,09,Wet,,,,,,,,
Property Damage Crashes,DA4424000G,Prince George's County Police,Front to Rear,Prince George's,Principal Arterial – Other Freeways and Expressways,No,No,No,No,No,RAMP 3 FR MD 458 EB TO SUITLAND PKWY,119,RAMP,Yes,True,No,2/13/2025,No,Point,38.843067213,-76.931090709,PGCOPD,03,16,03,No,0,,00:00,2025,Thursday,12,Motor Vehicle In Transport,05,On Roadway,2,,,,SILVER HILL RD,,06,Non-Junction,03,Dark - Lighted,2/13/2025,2025-02-13,E,20.28,F,N,,,AB4E0D9887D9180A6B5311C9161CFA38004FFB75D5F01E5693F18361C393CB83,RP,01,No,,,,,01,Dry,,,,,,,,
Property Damage Crashes,DA36080014,Prince George's County Police,Front to Rear,Prince George's,Local,No,No,No,No,No,OLD SILVER HILL RD,2067,COUNTY ROAD,No,True,No,5/14/2025,No,Point,38.853118744,-76.907676151,PGCOPD,03,16,03,No,17,,17:45,2025,Wednesday,12,Motor Vehicle In Transport,02,In Parking Lane Or Zone,7,,,,,,06,Non-Junction,01,Daylight,5/14/2025,2025-05-14,N,49.58,F,N,,,D74983F07E44A209B9686AD11CE6B870B12D67E6674B62F15DA75FEE7D7F1057,CO,01,No,,,,,09,Wet,,,,,,,,
Property Damage Crashes,DA3877009C,Prince George's County Police,Single Vehicle,Prince George's,Minor Collector,No,No,No,No,No,FORT WASHINGTON RD,416,COUNTY ROAD,No,True,No,6/5/2025,No,Point,38.724975138,-77.004919570,PGCOPD,101,16,03,No,0,,00:44,2025,Thursday,27,Curb,10,Separator/Traffic Island,6,,,,,,06,Non-Junction,03,Dark - Lighted,6/5/2025,2025-06-05,S,52.76,F,N,,,B4F034BCE3801B6BCF918800E4268E2C35E953637C250E7C1F44EA1628D472E1,CO,01,No,35,"Other Fixed Object (wall, building, tunnel, etc.)",07,"On Shoulder, Right Side",01,Dry,,,,,,,,
Property Damage Crashes,DA4225007N,Prince George's County Police,Single Vehicle,Prince George's,Principal Arterial – Other Freeways and Expressways,No,No,No,No,No,KENILWORTH AVE (SB/L),201,MARYLAND ROUTE,No,True,No,1/25/2025,No,Point,38.912377820,-76.934141125,PGCOPD,101,16,03,No,4,,04:04,2025,Saturday,25,Concrete Traffic Barrier,03,Median,2,,,,,,09,Through Roadway,03,Dark - Lighted,1/25/2025,2025-01-25,N,68.98,F,N,,,89CD3A5F215A7382EE757BCEE03E2228D63366C9C70E594FA0F6047F71F79425,MD,01,No,,,,,01,Dry,,,,,,,,
Property Damage Crashes,AZ1749000P,Cheverly Police Department,Front to Rear,Prince George's,Principal Arterial – Other,No,No,No,No,No,LANDOVER RD (SB/L),202,MARYLAND ROUTE,No,True,No,5/22/2025,No,Point,38.932204054,-76.902164863,CHEVERLY,03,16,03,No,21,04,21:30,2025,Thursday,12,Motor Vehicle In Transport,05,On Roadway,3,Perpendicular,,,KILMER ST,03,05,Intersection or Related,03,Dark - Lighted,5/22/2025,2025-05-22,S,0,F,N,,,DC8C72681325350740899389BE7489EDC3EC57D467E002CDE7E2AEA37ECC24D4,MD,01,No,,,,,01,Dry,01,Signalized,,,,,,
Property Damage Crashes,CE5221002M,Laurel Police Department,Front to Rear,Prince George's,Principal Arterial – Other,No,No,No,No,No,SECOND ST,1,UNITED STATE ROUTE,No,True,No,1/22/2025,No,Point,39.099272088,-76.847024828,LAUREL,03,16,03,No,17,,17:26,2025,Wednesday,12,Motor Vehicle In Transport,05,On Roadway,3,,,,,,06,Non-Junction,01,Daylight,1/22/2025,2025-01-22,N,33.85,F,N,,,E651189A50A895F7A54F353C6CC6AEA4604ABFA1453279FD815397D826AC55A5,US,01,No,,,,,01,Dry,,,,,,,,
Property Damage Crashes,AM0339005Q,Bladensburg Police Department,Front to Front,Prince George's,Local,No,No,No,No,No,UPSHUR ST,150,MUNICIPAL ROAD,No,True,No,1/30/2025,No,Point,38.942710246,-76.934418153,BLADENSBURG,02,16,03,Yes,14,04,14:50,2025,Thursday,12,Motor Vehicle In Transport,05,On Roadway,7,Angled/Skewed,,,KENILWORTH AVE (SB/L),01,05,Intersection or Related,01,Daylight,1/30/2025,2025-01-30,W,0,F,N,,,2E36B84AAD0857447FF5804CC62A10938FA9AA21128D73B325A4B16BD9E3AE97,MU,01,No,,,,,01,Dry,01,Signalized,,,,,,
Property Damage Crashes,DJ0156001N,Seat Pleasant Police Department,Angle,Prince George's,Interstate,No,No,No,No,No,RAMP 6 FR MD 214 EB TO IS 95 SB,95,RAMP,No,True,No,5/4/2025,No,Point,38.890996239,-76.850820575,SEATPLEASANT,01,16,03,Yes,13,02,13:30,2025,Sunday,12,Motor Vehicle In Transport,05,On Roadway,1,Angled/Skewed,,,CENTRAL AVE,01,05,Intersection or Related,01,Daylight,5/4/2025,2025-05-04,E,0,F,N,,,D2539CD9E80A193677FA47D26DA90BD9E95ECC7742F41004958D1B154D6E9654,RP,01,No,12,Motor Vehicle In Transport,05,On Roadway,09,Wet,01,Signalized,,,,,,