Crash Severity Description,Reportnumber,Agencyname,CollisionImpact Description,Crash County Description,FunctionalClass Description,ImpairedCrash,Large Vehicle Involved,Motorcycle Crash,Non-Motorist Crash,OffRoad,RoadName,Route Number,RouteType Description,Unrestrained Occupants,WithinDateRange,Work Zone Related,Crashdate,Work Zone Crash,CrashPoint,Latitude,Longitude,AgencyCode,CollisionImpact,Crash County,Crash Severity,Crash Within Interchange,Crashhour,CrashInterchangeApproaches,Crashtime,CrashYear,Dayofweek,FirstHarmEvent,FirstHarmEvent Description,FirstHarmLocation,FirstHarmLocation Description,FunctionalClass,Geometry Description,GovPropertyDamage,GovPropertyDamage Description,IntersectingRoadName,Intersection Geometry,JunctionRelated,JunctionRelated Description,Light,Light Description,LOD Crash Date,LOD Date Level,MilepointDirection,MilepointDistance,MilepointUnits,NonTrafficFatal,OffroadLocation,OffroadLocation Description,RoadID,RouteType,SchoolBusRelated,SchoolBusRelated Description,SecondHarmEvent,SecondHarmEvent Description,SecondHarmLocation,SecondHarmLocation Description,Surface,Surface Description,TrafficControl,Trafficcontrol Description,WZLawEnforcementPresent,WZLocation,WZLocation Description,WZType,WZType Description,WZWorkersPresent
Property Damage Crashes,DA44150009,Prince George's County Police,Front to Rear,Prince George's,Major Collector,No,No,No,No,No,CHILLUM RD,501,MARYLAND ROUTE,No,True,No,1/17/2025,No,Point,38.9550882,-76.9800365,PGCOPD,03,16,03,No,10,,10:57,2025,Friday,12,Motor Vehicle In Transport,05,On Roadway,5,,,,,,09,Through Roadway,01,Daylight,1/17/2025,2025-01-17,S,89.15,F,N,,,547BB099839857352EEB52F79E9099F60CFE795CFF3B8A4463F16F659AC1F1D7,MD,01,No,15,Parked Vehicle,07,"On Shoulder, Right Side",01,Dry,,,,,,,,
Property Damage Crashes,MSP546601RV,Maryland State Police,Front to Rear,Prince George's,Minor Arterial,Yes,No,No,No,No,WOODYARD RD,223,MARYLAND ROUTE,No,True,No,2/20/2025,No,Point,38.768182185,-76.884724223,MSP,03,16,03,Yes,17,,17:12,2025,Thursday,12,Motor Vehicle In Transport,05,On Roadway,4,,,,BRANCH AVE,,09,Through Roadway,01,Daylight,2/20/2025,2025-02-20,N,25.95,F,N,,,83AF5BA3107FC1BA1FBC8148B7615EC25E8F675FBF12DE6D9035F8036D9EDCA8,MD,01,No,,,,,01,Dry,,,,,,,,
Property Damage Crashes,MSP744200RW,Maryland State Police,Angle,Prince George's,Minor Arterial,No,No,No,No,No,,212,MARYLAND ROUTE,No,True,No,3/17/2025,No,Point,39.034788003,-76.907440420,MSP,01,16,03,Yes,15,04,15:41,2025,Monday,12,Motor Vehicle In Transport,05,On Roadway,4,Angled/Skewed,,,BALTIMORE AVE,01,05,Intersection or Related,01,Daylight,3/17/2025,2025-03-17,N,0,F,N,,,C073C8A598B333F906C29403B4623A11034FAFA1EA642CB5804D18FADC7670B6,MD,01,No,,,,,01,Dry,01,Signalized,,,,,,
Property Damage Crashes,DA3304004J,Prince George's County Police,Front to Rear,Prince George's,Principal Arterial – Other,No,No,No,No,No,BERRY RD,228,MARYLAND ROUTE,No,True,No,2/14/2025,No,Point,38.660015672,-77.013553651,PGCOPD,03,16,03,No,17,,17:18,2025,Friday,12,Motor Vehicle In Transport,05,On Roadway,3,,,,,,06,Non-Junction,01,Daylight,2/14/2025,2025-02-14,W,24.59,F,N,,,4A727326E9F15822678FC70184439345128368C8BFDCB6F7A9957A4210EE40EC,MD,01,No,,,,,01,Dry,,,,,,,,
Property Damage Crashes,DA4379001D,Prince George's County Police,"Sideswipe, Same Direction",Prince George's,Minor Arterial,No,No,No,No,No,CAMPUS DR (NB/L),431,MARYLAND ROUTE,No,True,No,2/17/2025,No,Point,38.988472709,-76.934657131,PGCOPD,07,16,03,No,1,,01:45,2025,Monday,12,Motor Vehicle In Transport,05,On Roadway,4,,,,,,01,Acceleration/Deceleration Lane,03,Dark - Lighted,2/17/2025,2025-02-17,E,18.61,F,N,,,DEABEB0E492FF39221BE57E1BBD507ACAB5EA08E2E8ED7017BC14A799B8CF97C,MD,01,No,,,,,01,Dry,,,,,,,,
Property Damage Crashes,CE52940022,Laurel Police Department,"Sideswipe, Same Direction",Prince George's,,No,No,No,No,Yes,,,,No,True,No,4/27/2025,No,Point,39.096595146,-76.841305153,LAUREL,07,16,03,,10,,10:30,2025,Sunday,12,Motor Vehicle In Transport,02,In Parking Lane Or Zone,,,,,,,,,01,Daylight,4/27/2025,2025-04-27,,,F,N,100,Parking Stall,,,01,No,,,,,,,,,,,,,,
Property Damage Crashes,DA43160053,Prince George's County Police,Front to Rear,Prince George's,Minor Arterial,No,Yes,No,No,No,POWDER MILL RD (SB/L),212,MARYLAND ROUTE,Yes,True,No,4/11/2025,No,Point,39.039831029,-76.947676391,PGCOPD,03,16,03,No,14,04,14:30,2025,Friday,12,Motor Vehicle In Transport,05,On Roadway,4,Perpendicular,,,CHERRY HILL RD CHERRY HILL RD (EB/L),03,05,Intersection or Related,01,Daylight,4/11/2025,2025-04-11,S,0,F,N,,,48FA5B82D84E7736D81D6641E9F19F634EE04D13F8CEB0CAE22ED91338CF467D,MD,02,"Yes, School Bus Directly Involved",,,,,09,Wet,01,Signalized,,,,,,
Property Damage Crashes,DA43540031,Prince George's County Police,Unknown,Prince George's,Local,No,No,No,No,No,NASHVILLE RD,2301,COUNTY ROAD,No,True,No,1/12/2025,No,Point,38.975933151,-76.887162334,PGCOPD,99,16,03,No,14,,14:49,2025,Sunday,15,Parked Vehicle,09,Roadside,7,,,,,,09,Through Roadway,99,Unknown,1/12/2025,2025-01-12,W,6.58,F,N,,,37A8C45BF5F233EBCB8AF31ADFD204803EA5089384C80A5AA467976DE36C6FEC,CO,01,No,12,Motor Vehicle In Transport,05,On Roadway,02,Ice/Frost,,,,,,,,
Property Damage Crashes,DA4327003R,Prince George's County Police,Angle,Prince George's,Principal Arterial – Other,No,No,No,No,No,PENNSYLVANIA AVE,4,MARYLAND ROUTE,No,True,No,3/10/2025,No,Point,38.860398026,-76.918591540,PGCOPD,01,16,03,Yes,22,04,22:15,2025,Monday,12,Motor Vehicle In Transport,05,On Roadway,3,Angled/Skewed,,,BROOKS DR,01,05,Intersection or Related,03,Dark - Lighted,3/10/2025,2025-03-10,S,0,F,N,,,D6A25166205EA5A71BC6511ACD88A7032CA0994B0A2055CB47109D597FE3D34C,MD,01,No,,,,,01,Dry,01,Signalized,,,,,,
Property Damage Crashes,DA4344003D,Prince George's County Police,Unknown,Prince George's,Local,No,No,No,No,No,HIL MAR DR,2668,COUNTY ROAD,No,True,No,2/23/2025,No,Point,38.842467860,-76.894020167,PGCOPD,99,16,03,No,11,,11:56,2025,Sunday,15,Parked Vehicle,05,On Roadway,7,,,,,,06,Non-Junction,01,Daylight,2/23/2025,2025-02-23,N,339.61,F,N,,,FB66B39428C132E19396804777F7D884F956FDD6BB88A985D3EBCC3269458B82,CO,01,No,,,,,01,Dry,,,,,,,,
Injury Crashes,DA418100FF,Prince George's County Police,Other,Prince George's,Principal Arterial – Other,No,No,No,No,No,BALTIMORE AVE,1,UNITED STATE ROUTE,No,True,No,2/3/2025,No,Point,39.007805794,-76.929523450,PGCOPD,98,16,02,No,6,,06:09,2025,Monday,12,Motor Vehicle In Transport,09,Roadside,3,,,,,,09,Through Roadway,03,Dark - Lighted,2/3/2025,2025-02-03,S,11.98,F,N,,,63F36278012FB8C197E756CDA2204D8819EB05B843E0632B0C657623A1864813,US,01,No,12,Motor Vehicle In Transport,05,On Roadway,01,Dry,,,,,,,,
Injury Crashes,DA4287002B,Prince George's County Police,Unknown,Prince George's,,No,No,No,No,No,CONTEE RD (EB/L),2201,LOCAL ROAD,No,True,No,4/28/2025,No,Point,39.078325728,-76.876668191,PGCOPD,99,16,02,No,8,,08:00,2025,Monday,12,Motor Vehicle In Transport,05,On Roadway,,,,,,,06,Non-Junction,01,Daylight,4/28/2025,2025-04-28,E,159.46,F,N,,,58215E62308BF8D9989981BC4FAE6656AD746B5A41213AF01DDCFF4116DA78EF,LL,01,No,,,,,01,Dry,,,,,,,,
Property Damage Crashes,MSP744700MY,Maryland State Police,Single Vehicle,Prince George's,Interstate,No,No,No,No,No,CAPITAL BELTWAY (SB/L),95,INTERSTATE ROUTE,No,True,No,2/26/2025,No,Point,38.924221707,-76.853983124,MSP,101,16,03,No,13,,13:51,2025,Wednesday,03,Explosion Or Fire,05,On Roadway,1,,,,,,06,Non-Junction,01,Daylight,2/26/2025,2025-02-26,E,37.36,F,N,,,B593BF46720BA1BC194F9B6B164AEEE67B4EAD396963B9EC2FC3A9C1E1EA91CA,IS,01,No,,,,,01,Dry,,,,,,,,
Property Damage Crashes,DA4164005C,Prince George's County Police,"Sideswipe, Same Direction",Prince George's,,No,No,No,No,No,ALLENTOWN RD (SB/L),126,COUNTY ROAD,No,True,No,1/10/2025,No,Point,38.783483598,-76.942446922,PGCOPD,07,16,03,No,17,,17:50,2025,Friday,12,Motor Vehicle In Transport,05,On Roadway,,,,,,,09,Through Roadway,03,Dark - Lighted,1/10/2025,2025-01-10,S,53.62,F,N,,,C2A50CE1D03E288F4858D420DDF81DFA63901ACE895ED05A5B7131C5A89A684C,CO,01,No,,,,,01,Dry,,,,,,,,
Injury Crashes,MSP766400CQ,Maryland State Police,Front to Rear,Prince George's,Principal Arterial – Other Freeways and Expressways,No,Yes,No,No,No,BRANCH AVE,5,MARYLAND ROUTE,No,True,No,6/2/2025,No,Point,38.804975,-76.9058,MSP,03,16,02,No,6,,06:57,2025,Monday,12,Motor Vehicle In Transport,05,On Roadway,2,,,,,,09,Through Roadway,01,Daylight,6/2/2025,2025-06-02,N,16.87,F,N,,,9D0FECC2A5CD98042F19AAA871067CC340AC7D43A242458470F3A693A7D58927,MD,01,No,,,,,01,Dry,,,,,,,,
Property Damage Crashes,DA4430000X,Prince George's County Police,"Sideswipe, Same Direction",Prince George's,Major Collector,No,No,No,No,No,PENNSY DR,2428,COUNTY ROAD,No,True,No,4/21/2025,No,Point,38.942867836,-76.871563568,PGCOPD,07,16,03,No,18,,18:00,2025,Monday,12,Motor Vehicle In Transport,05,On Roadway,5,,,,,,09,Through Roadway,01,Daylight,4/21/2025,2025-04-21,W,44.93,F,N,,,FDDF1200A534703683E3397426051A080561469E00AAE24BE88FAA245DD3EFB2,CO,01,No,,,,,01,Dry,,,,,,,,
Property Damage Crashes,DA4423000T,Prince George's County Police,Angle,Prince George's,Local,No,No,No,No,No,REED ST,3360,COUNTY ROAD,Yes,True,No,2/13/2025,No,Point,38.935371180,-76.862374624,PGCOPD,01,16,03,Yes,16,04,16:06,2025,Thursday,12,Motor Vehicle In Transport,05,On Roadway,7,Perpendicular,,,MARTIN LUTHER KING JR HWY,03,05,Intersection or Related,01,Daylight,2/13/2025,2025-02-13,S,0,F,N,,,07872862A6FA31202857026A34F0D2E517CCB1E7E90C1670414342B0EBA42343,CO,01,No,,,,,01,Dry,05,No Controls,,,,,,
Property Damage Crashes,DA43480020,Prince George's County Police,Single Vehicle,Prince George's,Major Collector,No,No,No,Yes,No,SARGENT RD,5778,COUNTY ROAD,No,True,No,1/31/2025,No,Point,38.958599891,-76.987192255,PGCOPD,101,16,03,No,18,,18:15,2025,Friday,16,Pedalcycle,05,On Roadway,5,,,,,,06,Non-Junction,03,Dark - Lighted,1/31/2025,2025-01-31,N,25.83,F,N,,,828AD061CC97CF101F61E0CBA382BC6A421023E080B1C4AE713BF087EC867A7F,CO,01,No,16,Pedalcycle,05,On Roadway,09,Wet,,,,,,,,
Property Damage Crashes,DA4306005F,Prince George's County Police,Angle,Prince George's,,No,No,No,No,No,,880,CROSSOVER,No,True,No,4/27/2025,No,Point,38.868903643,-76.847629453,PGCOPD,01,16,03,Yes,15,03,15:42,2025,Sunday,12,Motor Vehicle In Transport,05,On Roadway,,Roundabout/Traffic Circle,,,RITCHIE MARLBORO RD (SB/L),02,05,Intersection or Related,01,Daylight,4/27/2025,2025-04-27,S,0,F,N,,,CA7BB01F5B03142BD232E3B9CE4BB31B8EBBAFCBA6ADF585F35CF26D1CA5F5A4,XO,01,No,,,,,01,Dry,04,Yield,,,,,,
Property Damage Crashes,MSP7872002H,Maryland State Police,"Sideswipe, Same Direction",Prince George's,Interstate,No,No,No,No,No,CAPITAL BELTWAY (SB/L),95,INTERSTATE ROUTE,No,True,No,2/22/2025,No,Point,38.817803636,-76.946557999,MSP,07,16,03,No,17,,17:29,2025,Saturday,12,Motor Vehicle In Transport,05,On Roadway,1,,101,State,,,09,Through Roadway,01,Daylight,2/22/2025,2025-02-22,W,130.32,F,N,,,80BC8F45A8942C066DE5D66319153A90426BF750A4A14C537C7A492B93CD346A,IS,01,No,32,Guardrail Face,07,"On Shoulder, Right Side",01,Dry,,,,,,,,
Property Damage Crashes,HB04640005,Maryland-National Capital Park Police Prince George's County,Single Vehicle,Prince George's,Principal Arterial – Other,No,No,No,Yes,No,LARGO RD,202,MARYLAND ROUTE,No,True,No,4/25/2025,No,Point,38.874646794,-76.789633065,PGPARK,101,16,03,No,14,,14:07,2025,Friday,27,Curb,03,Median,3,,100,Local,,,03,Driveway Access or Related,01,Daylight,4/25/2025,2025-04-25,S,22.95,F,N,,,5563B3FCE8D4EC9554E4BEB651FBA9C530321FEA6C533DDB02D71CDE5AFBF11F,MD,01,No,,,,,01,Dry,,,,,,,,
Property Damage Crashes,BW0216000B,Greenbelt Police Department,Front to Rear,Prince George's,Principal Arterial – Other Freeways and Expressways,No,No,No,No,No,KENILWORTH AVE (SB/L),201,MARYLAND ROUTE,No,True,No,3/10/2025,No,Point,39.005535189,-76.893592395,GREENBELT,03,16,03,No,9,,09:06,2025,Monday,12,Motor Vehicle In Transport,05,On Roadway,2,,,,,,06,Non-Junction,01,Daylight,3/10/2025,2025-03-10,E,21.72,F,N,,,2FF0E6D89415127411E32683A9CCB135E159B44C68C78A7E331BD6BFD8C89517,MD,01,No,,,,,01,Dry,,,,,,,,
Property Damage Crashes,DA4352002H,Prince George's County Police,Front to Rear,Prince George's,Principal Arterial – Other Freeways and Expressways,No,No,No,No,No,INDIAN HEAD HWY,210,MARYLAND ROUTE,No,True,No,3/4/2025,No,Point,38.742380132,-76.992030220,PGCOPD,03,16,03,No,11,,11:50,2025,Tuesday,12,Motor Vehicle In Transport,99,Unknown,2,,,,,,99,Unknown,01,Daylight,3/4/2025,2025-03-04,E,118.17,F,N,,,4423AD81B67F588DF82A3D075233C3EC08FE687647972BB31A25ACB420DED0F8,MD,01,No,,,,,01,Dry,,,,,,,,
Property Damage Crashes,DA4151005W,Prince George's County Police,"Sideswipe, Opposite Direction",Prince George's,Local,No,No,No,No,No,LYDELL RD,270,MUNICIPAL ROAD,No,True,No,2/21/2025,No,Point,38.926153479,-76.927544802,PGCOPD,06,16,03,No,20,,20:20,2025,Friday,12,Motor Vehicle In Transport,05,On Roadway,7,,,,PEPSI PL,,02,Crossover-Related,04,Dark - Not Lighted,2/21/2025,2025-02-21,E,27.92,F,N,,,B697E6BF25A09643CDC6AB058A7A03AAFC62A90BDA45A0D9A1A28F52E97F3D54,MU,01,No,,,,,01,Dry,,,,,,,,
Property Damage Crashes,DA4357003H,Prince George's County Police,Front to Rear,Prince George's,Local,No,No,No,No,No,NATAHALA DR,4657,COUNTY ROAD,No,True,No,6/9/2025,No,Point,38.7653153,-76.9326736,PGCOPD,03,16,03,No,0,,00:37,2025,Monday,12,Motor Vehicle In Transport,05,On Roadway,7,,,,,,06,Non-Junction,03,Dark - Lighted,6/9/2025,2025-06-09,N,60.16,F,N,,,551725D2254DDBBA413A7CB209081D5483D3C51821644438231619B4717BFCA4,CO,01,No,,,,,09,Wet,,,,,,,,
Property Damage Crashes,DA4058006Z,Prince George's County Police,Front to Front,Prince George's,Local,No,No,No,No,No,RAY RD,965,COUNTY ROAD,No,True,No,5/22/2025,No,Point,38.966608214,-76.988185161,PGCOPD,02,16,03,No,23,,23:20,2025,Thursday,15,Parked Vehicle,02,In Parking Lane Or Zone,7,,,,,,09,Through Roadway,04,Dark - Not Lighted,5/22/2025,2025-05-22,S,32.87,F,N,,,97140522B41E1D3A105ADA7EB4EE2D5C7420ACCA5B9934D61463D6FF026BB78F,CO,01,No,,,,,01,Dry,,,,,,,,
Injury Crashes,DA41510064,Prince George's County Police,Front to Front,Prince George's,Minor Arterial,No,No,No,No,No,ANNAPOLIS RD,450,MARYLAND ROUTE,No,True,No,4/4/2025,No,Point,38.938826691,-76.913146171,PGCOPD,02,16,02,No,22,,22:15,2025,Friday,12,Motor Vehicle In Transport,05,On Roadway,4,,,,,,02,Crossover-Related,03,Dark - Lighted,4/4/2025,2025-04-04,S,18.53,F,N,,,0E8FA21CFEE2D46A55081B960753594385E16EE8A56D9E5AD26D86CECCE82D43,MD,01,No,,,,,01,Dry,,,,,,,,
Injury Crashes,DA281000FH,Prince George's County Police,Rear To Side,Prince George's,Principal Arterial – Other,No,No,No,No,No,GLENN DALE BLVD,193,MARYLAND ROUTE,No,True,No,1/25/2025,No,Point,38.978192239,-76.803405756,PGCOPD,05,16,02,Yes,8,04,08:39,2025,Saturday,12,Motor Vehicle In Transport,05,On Roadway,3,Angled/Skewed,,,DAISY LA,01,05,Intersection or Related,01,Daylight,1/25/2025,2025-01-25,N,0,F,N,,,7E6D17853C0212FA7987585A9713F85E68BA8DDC266EBEE23425067FE325B464,MD,01,No,12,Motor Vehicle In Transport,05,On Roadway,01,Dry,01,Signalized,,,,,,
Injury Crashes,DA3635006H,Prince George's County Police,Other,Prince George's,,No,No,No,No,No,,416,COUNTY ROAD,No,True,No,3/16/2025,No,Point,38.742713717,-76.993249706,PGCOPD,98,16,02,No,12,,12:38,2025,Sunday,12,Motor Vehicle In Transport,05,On Roadway,,,,,,,03,Driveway Access or Related,01,Daylight,3/16/2025,2025-03-16,W,23.2,F,N,,,851F363BB103D8B3724F8DBDDCD61C4560702E676E58ED5CFFABA9F3D90F6E1F,CO,01,No,,,,,01,Dry,,,,,,,,
Property Damage Crashes,MSP77760055,Maryland State Police,Single Vehicle,Prince George's,Interstate,No,No,No,No,No,RAMP 9 FR IS 595 WB TO MD 950 SB,95,RAMP,No,True,No,3/5/2025,No,Point,38.946105127,-76.852592495,MSP,101,16,03,Yes,22,,22:31,2025,Wednesday,31,Guardrail End Terminal,03,Median,1,,101,State,,,01,Acceleration/Deceleration Lane,04,Dark - Not Lighted,3/5/2025,2025-03-05,E,52.07,F,N,,,9E82E3BF3C232CCADC8C356E49016F9F68F3E62A77630491C674D9A8E6E1642E,RP,01,No,,,,,09,Wet,,,,,,,,
Injury Crashes,CNC31840024,New Carrollton Police Department,Single Vehicle,Prince George's,,No,Yes,No,Yes,Yes,,,,No,True,No,4/29/2025,No,Point,38.958800570,-76.879438566,NCPD,101,16,02,,6,,06:05,2025,Tuesday,17,Pedestrian,02,In Parking Lane Or Zone,,,,,,,,,01,Daylight,4/29/2025,2025-04-29,,,F,N,100,Parking Stall,,,01,No,,,,,,,,,,,,,,
Fatal Crashes,DA418000BP,Prince George's County Police,Single Vehicle,Prince George's,Principal Arterial – Other,No,No,No,Yes,No,ST BARNABAS RD (WB/L),414,MARYLAND ROUTE,No,True,No,3/30/2025,No,Point,38.814931198,-76.963526338,PGCOPD,101,16,01,No,21,,21:30,2025,Sunday,17,Pedestrian,05,On Roadway,3,,,,,,06,Non-Junction,03,Dark - Lighted,3/30/2025,2025-03-30,S,26.5,F,N,,,A640431DF869D847E2D51BB66D9B6B7BBD0568D9AF354615A62B4317DC96C86D,MD,01,No,,,,,01,Dry,,,,,,,,
Property Damage Crashes,MSP78390024,Maryland State Police,"Sideswipe, Same Direction",Prince George's,Principal Arterial – Other,No,No,No,No,No,BRANCH AVE (SB/L),5,MARYLAND ROUTE,No,True,No,2/10/2025,No,Point,38.753474064,-76.879304997,MSP,07,16,03,No,0,,00:20,2025,Monday,12,Motor Vehicle In Transport,05,On Roadway,3,,,,,,06,Non-Junction,03,Dark - Lighted,2/10/2025,2025-02-10,S,10.46,F,N,,,9103B5149C988EC5C4471EFB170F3BB168F256CDF4904ED27D299132AC19E4E7,MD,01,No,,,,,01,Dry,,,,,,,,
Property Damage Crashes,DA43500032,Prince George's County Police,"Sideswipe, Same Direction",Prince George's,Minor Arterial,No,No,No,No,No,ALLENTOWN RD,337,MARYLAND ROUTE,No,True,No,4/29/2025,No,Point,38.807303608,-76.899925211,PGCOPD,07,16,03,No,7,,07:41,2025,Tuesday,12,Motor Vehicle In Transport,10,Separator/Traffic Island,4,,,,,,08,Shared-Use Path or Trail,01,Daylight,4/29/2025,2025-04-29,N,22.98,F,N,,,40D56AEA402405200FA0789F1C7807CFF1ECCE7DBF975405593049D410EED791,MD,01,No,,,,,01,Dry,,,,,,,,
Property Damage Crashes,DA4418000N,Prince George's County Police,Other,Prince George's,Local,No,No,No,No,No,67TH AVE,408,COUNTY ROAD,No,True,No,2/12/2025,No,Point,38.959903103,-76.901588385,PGCOPD,98,16,03,Yes,6,,06:00,2025,Wednesday,15,Parked Vehicle,05,On Roadway,7,,,,,,01,Acceleration/Deceleration Lane,05,Dark - Unknown Lighting,2/12/2025,2025-02-12,S,20.07,F,N,,,8B5F98FACC1FE6B9591C5C5BAA0ADD64D9366D19C32FE53776028B35291E1BF7,CO,01,No,,,,,07,Snow,,,,,,,,
Injury Crashes,DA405300K4,Prince George's County Police,Front to Rear,Prince George's,Minor Arterial,No,No,No,No,No,RIGGS RD,212,MARYLAND ROUTE,No,True,No,2/20/2025,No,Point,38.972667194,-76.979339165,PGCOPD,03,16,02,No,8,,08:30,2025,Thursday,12,Motor Vehicle In Transport,05,On Roadway,4,,,,,,09,Through Roadway,01,Daylight,2/20/2025,2025-02-20,S,29.21,F,N,,,4CBE9F71EAFAE369D0AD21BD0838FD37EC406E2A6DE8BA14129CFB1E723DF65D,MD,01,No,,,,,01,Dry,,,,,,,,
Property Damage Crashes,DA398700CW,Prince George's County Police,Angle,Prince George's,Major Collector,No,No,No,No,No,HILLMEADE RD,41,COUNTY ROAD,No,True,No,5/30/2025,No,Point,38.975634593,-76.788843587,PGCOPD,01,16,03,Yes,13,,13:19,2025,Friday,12,Motor Vehicle In Transport,05,On Roadway,5,,,,,,09,Through Roadway,01,Daylight,5/30/2025,2025-05-30,E,11.99,F,N,,,C12CF45711525AF99CF90996391DE1AA789DCAB95C03F08B9D61CCBB64618FFC,CO,01,No,,,,,01,Dry,,,,,,,,
Injury Crashes,CP0164002D,Mount Rainier Police Department,"Sideswipe, Same Direction",Prince George's,Principal Arterial – Other,No,No,No,No,No,RHODE ISLAND AVE (SB/L),1,UNITED STATE ROUTE,No,True,No,3/1/2025,No,Point,38.935329810,-76.963324196,MTRAINIER,07,16,02,Yes,9,,09:50,2025,Saturday,12,Motor Vehicle In Transport,05,On Roadway,3,,,,,,99,Unknown,98,Other,3/1/2025,2025-03-01,S,15.71,F,N,,,6B0DBC8A3EBFBEDD52C8EF3B368E0BB5ACD68ADF71B152F4D5E76DF08B3F1838,US,01,No,,,,,01,Dry,,,,,,,,
Property Damage Crashes,MSP77700078,Maryland State Police,Front to Rear,Prince George's,Interstate,No,No,No,No,No,CAPITAL BELTWAY,95,INTERSTATE ROUTE,No,True,No,4/3/2025,No,Point,38.860260628,-76.849563161,MSP,03,16,03,No,15,,15:01,2025,Thursday,12,Motor Vehicle In Transport,05,On Roadway,1,,,,,,06,Non-Junction,01,Daylight,4/3/2025,2025-04-03,S,664.83,F,N,,,A52803865CEF09C952A9DF3CEE01363EBF8A29669955F5B4D5E2C0E42834586F,IS,01,No,,,,,01,Dry,,,,,,,,
Property Damage Crashes,DA27200076,Prince George's County Police,Front to Rear,Prince George's,Principal Arterial – Other,No,No,No,No,No,ST BARNABAS RD (WB/L),414,MARYLAND ROUTE,No,True,No,3/14/2025,No,Point,38.823392052,-76.950806164,PGCOPD,03,16,03,No,23,,23:02,2025,Friday,15,Parked Vehicle,02,In Parking Lane Or Zone,3,,,,,,06,Non-Junction,03,Dark - Lighted,3/14/2025,2025-03-14,S,61.42,F,N,,,9327488DC1E28E1AE750232963BDEC1CF0E42BE0D3DAB1206FB0B92878962A1C,MD,01,No,,,,,01,Dry,,,,,,,,
Property Damage Crashes,MSP647600GH,Maryland State Police,"Sideswipe, Same Direction",Prince George's,Interstate,No,No,No,No,No,CAPITAL BELTWAY (SB/L),95,INTERSTATE ROUTE,No,True,No,1/12/2025,No,Point,38.908493956,-76.849875,MSP,07,16,03,No,10,,10:08,2025,Sunday,12,Motor Vehicle In Transport,05,On Roadway,1,,,,,,09,Through Roadway,01,Daylight,1/12/2025,2025-01-12,E,34.08,F,N,,,EF3B5A0B2184E831A69624580E61E3D5B654DD5A45B41F468D06B1841093269C,IS,01,No,,,,,01,Dry,,,,,,,,
Property Damage Crashes,GE0247002C,Morningside Police Department,Single Vehicle,Prince George's,Principal Arterial – Other Freeways and Expressways,No,No,No,No,No,ALLENTOWN RD (SB/L),337,MARYLAND ROUTE,No,True,No,3/15/2025,No,Point,38.822945095,-76.883814017,MORNINGSIDE,101,16,03,No,21,,21:08,2025,Saturday,36,"Other Post, Pole, Or Support",04,"Off-Roadway, Location Unknown",2,,101,State,,,06,Non-Junction,04,Dark - Not Lighted,3/15/2025,2025-03-15,E,38.9,F,N,,,2A6E9483D8AAD8587503A923F6690468AE154BFCC6A3C3BB9D53A6B41F683FA6,MD,01,No,36,"Other Post, Pole, Or Support",04,"Off-Roadway, Location Unknown",01,Dry,,,,,,,,
Property Damage Crashes,DA4278006N,Prince George's County Police,Rear To Side,Prince George's,,No,No,No,No,Yes,,,,No,True,No,1/19/2025,No,Point,38.988009716,-76.847565372,PGCOPD,05,16,03,,3,,03:30,2025,Sunday,12,Motor Vehicle In Transport,04,"Off-Roadway, Location Unknown",,,,,,,,,05,Dark - Unknown Lighting,1/19/2025,2025-01-19,,,F,N,106,Driveway,,,01,No,,,,,,,,,,,,,,
Property Damage Crashes,DA4420000H,Prince George's County Police,"Sideswipe, Same Direction",Prince George's,,No,No,No,No,No,,302,COUNTY ROAD,No,True,No,1/24/2025,No,Point,38.964348304,-76.896828792,PGCOPD,07,16,03,Yes,9,03,09:00,2025,Friday,12,Motor Vehicle In Transport,05,On Roadway,,Perpendicular,,,AUBURN AVE,03,05,Intersection or Related,01,Daylight,1/24/2025,2025-01-24,W,0,F,N,,,CD11648B395F6CB31D5F93EF49F9774059618EC718F5775D6832D78C5F4E10FD,CO,01,No,,,,,01,Dry,01,Signalized,,,,,,
Property Damage Crashes,MSP7701005N,Maryland State Police,Front to Rear,Prince George's,Interstate,No,No,No,No,No,CAPITAL BELTWAY (SB/L),95,INTERSTATE ROUTE,No,True,No,1/19/2025,No,Point,38.930763667,-76.854673767,MSP,03,16,03,No,3,,03:36,2025,Sunday,15,Parked Vehicle,05,On Roadway,1,,,,,,09,Through Roadway,04,Dark - Not Lighted,1/19/2025,2025-01-19,W,26.81,F,N,,,EC74D3E1E321EA6ACBBCC7A59D5153AFC994B604A33DAB8C9A2D5D415FB382D7,IS,01,No,,,,,09,Wet,,,,,,,,