Crash Severity Description,Reportnumber,Agencyname,CollisionImpact Description,Crash County Description,FunctionalClass Description,ImpairedCrash,Large Vehicle Involved,Motorcycle Crash,Non-Motorist Crash,OffRoad,RoadName,Route Number,RouteType Description,Unrestrained Occupants,WithinDateRange,Work Zone Related,Crashdate,Work Zone Crash,CrashPoint,Latitude,Longitude,AgencyCode,CollisionImpact,Crash County,Crash Severity,Crash Within Interchange,Crashhour,CrashInterchangeApproaches,Crashtime,CrashYear,Dayofweek,FirstHarmEvent,FirstHarmEvent Description,FirstHarmLocation,FirstHarmLocation Description,FunctionalClass,Geometry Description,GovPropertyDamage,GovPropertyDamage Description,IntersectingRoadName,Intersection Geometry,JunctionRelated,JunctionRelated Description,Light,Light Description,LOD Crash Date,LOD Date Level,MilepointDirection,MilepointDistance,MilepointUnits,NonTrafficFatal,OffroadLocation,OffroadLocation Description,RoadID,RouteType,SchoolBusRelated,SchoolBusRelated Description,SecondHarmEvent,SecondHarmEvent Description,SecondHarmLocation,SecondHarmLocation Description,Surface,Surface Description,TrafficControl,Trafficcontrol Description,WZLawEnforcementPresent,WZLocation,WZLocation Description,WZType,WZType Description,WZWorkersPresent
Injury Crashes,DA416800CF,Prince George's County Police,Single Vehicle,Prince George's,Principal Arterial – Other Freeways and Expressways,No,No,No,No,No,INDIAN HEAD HWY (SB/L),210,MARYLAND ROUTE,No,True,No,5/10/2025,No,Point,38.775265247,-76.996452413,PGCOPD,101,16,02,No,1,,01:54,2025,Saturday,32,Guardrail Face,06,"On Shoulder, Left Side",2,,,,,,09,Through Roadway,03,Dark - Lighted,5/10/2025,2025-05-10,S,14.28,F,N,,,AF9CBBB285F5226867E76DADE2B4FD9233892943B4C8F39CDA0FCE1FA62F79B6,MD,01,No,,,,,01,Dry,,,,,,,,
Property Damage Crashes,BE0109001N,District Heights Police Department,Angle,Prince George's,,No,No,No,No,No,MARLBORO PIKE (NB/L),3074,COUNTY ROAD,No,True,No,2/20/2025,No,Point,38.855330246,-76.900753492,DISTHEIGHTS,01,16,03,Yes,16,,16:27,2025,Thursday,12,Motor Vehicle In Transport,05,On Roadway,,,,,,,02,Crossover-Related,01,Daylight,2/20/2025,2025-02-20,W,44.71,F,N,,,8F10339550D4667863FA13914E84EED87E2641D87A1B0337E846263218FA7BEC,CO,01,No,12,Motor Vehicle In Transport,05,On Roadway,01,Dry,,,,,,,,
Property Damage Crashes,MSP766500BJ,Maryland State Police,Front to Rear,Prince George's,Interstate,No,No,No,No,No,CAPITAL BELTWAY,95,INTERSTATE ROUTE,No,True,No,4/4/2025,No,Point,38.99137,-76.885575,MSP,03,16,03,No,17,,17:08,2025,Friday,12,Motor Vehicle In Transport,05,On Roadway,1,,,,,,06,Non-Junction,01,Daylight,4/4/2025,2025-04-04,S,28.56,F,N,,,9DA88B3B74668234B623BB1930D6EFA9FCF0A1807209A404087E8AC8AB3B56FD,IS,01,No,,,,,01,Dry,,,,,,,,
Property Damage Crashes,DA411200CQ,Prince George's County Police,Front to Front,Prince George's,Local,No,No,No,No,No,VINE ST,1299,COUNTY ROAD,No,True,No,3/10/2025,No,Point,38.868991518,-76.935561309,PGCOPD,02,16,03,No,7,,07:59,2025,Monday,12,Motor Vehicle In Transport,05,On Roadway,7,,,,,,06,Non-Junction,01,Daylight,3/10/2025,2025-03-10,W,19.67,F,N,,,DC722AA5A11C45D69EC8818276804D45FB0B89D55C6A98AFA90AEE6355D69CDB,CO,01,No,,,,,01,Dry,,,,,,,,
Property Damage Crashes,MSP745800QJ,Maryland State Police,Front to Rear,Prince George's,Principal Arterial – Other Freeways and Expressways,No,No,No,No,No,BRANCH AVE,5,MARYLAND ROUTE,No,True,No,3/8/2025,No,Point,38.715663333,-76.877903333,MSP,03,16,03,No,14,,14:19,2025,Saturday,12,Motor Vehicle In Transport,05,On Roadway,2,,,,,,01,Acceleration/Deceleration Lane,01,Daylight,3/8/2025,2025-03-08,N,60.33,F,N,,,4498FCCFCFBCF3ECB9F7E214005DAD4DC5D6CB286BD2907A4B7D079FDD3A4A85,MD,01,No,,,,,01,Dry,,,,,,,,
Injury Crashes,MSP647600HK,Maryland State Police,"Sideswipe, Opposite Direction",Prince George's,Principal Arterial – Other Freeways and Expressways,No,No,No,No,No,PENNSYLVANIA AVE,4,MARYLAND ROUTE,No,True,No,3/27/2025,No,Point,38.821100630,-76.848403791,MSP,06,16,02,No,13,03,13:09,2025,Thursday,12,Motor Vehicle In Transport,05,On Roadway,2,Angled/Skewed,,,DOWER HOUSE RD,01,05,Intersection or Related,01,Daylight,3/27/2025,2025-03-27,W,0,F,N,,,8BBAAFD1DE882891B9541605C8CB822E96922404DDED8FD7EC0E826D568740D1,MD,01,No,40,Tree (standing),07,"On Shoulder, Right Side",01,Dry,01,Signalized,,,,,,
Property Damage Crashes,DA351500DG,Prince George's County Police,Front to Front,Prince George's,Local,No,No,No,No,No,LIVINGSTON RD,1202,COUNTY ROAD,No,True,No,5/16/2025,No,Point,38.676335956,-76.988629350,PGCOPD,02,16,03,No,17,,17:57,2025,Friday,12,Motor Vehicle In Transport,05,On Roadway,7,,,,,,02,Crossover-Related,01,Daylight,5/16/2025,2025-05-16,S,17.59,F,N,,,D6615D68B380A89A171EFD381DF46C14CF5533CE2DD0C465DB22257D174D71B1,CO,01,No,12,Motor Vehicle In Transport,05,On Roadway,01,Dry,,,,,,,,
Injury Crashes,MSP78430036,Maryland State Police,Other,Prince George's,Interstate,No,No,No,No,No,CAPITAL BELTWAY,95,INTERSTATE ROUTE,No,True,No,5/6/2025,No,Point,38.983670959,-76.878282459,MSP,98,16,02,No,12,,12:39,2025,Tuesday,12,Motor Vehicle In Transport,05,On Roadway,1,,101,State,,,06,Non-Junction,01,Daylight,5/6/2025,2025-05-06,N,9.93,F,N,,,980D9D40D3C6B19ABA37F8CB49551DB856F4D07495B32AEA4169E01A6AF41ED7,IS,01,No,12,Motor Vehicle In Transport,05,On Roadway,01,Dry,,,,,,,,
Property Damage Crashes,MSP757700L9,Maryland State Police,Single Vehicle,Prince George's,Local,No,No,No,No,No,GREENBELT COMMUTER STATION RD,5032,OTHER PUBLIC ROAD,No,True,No,5/26/2025,No,Point,39.016028964,-76.910362793,MSP,101,16,03,No,23,,23:27,2025,Monday,32,Guardrail Face,03,Median,7,,,,,,09,Through Roadway,03,Dark - Lighted,5/26/2025,2025-05-26,E,24.04,F,N,,,DE2315A145B5CCD49C2B0CFCB85D64337A17B67E5F107F3BB0BE71C43718AAF6,OP,01,No,97,Not Applicable,,,01,Dry,,,,,,,,
Property Damage Crashes,DA4424000L,Prince George's County Police,Front to Rear,Prince George's,,No,No,No,No,No,,483,COUNTY ROAD,No,True,No,3/13/2025,No,Point,38.831063524,-76.876241135,PGCOPD,03,16,03,No,12,02,12:00,2025,Thursday,12,Motor Vehicle In Transport,05,On Roadway,,Perpendicular,,,SUITLAND PKWY (WB/L),03,05,Intersection or Related,01,Daylight,3/13/2025,2025-03-13,N,0,F,N,,,364D771F1E4AD4B4C12B6551959D1CF4F8374271B1CCDC7B951638DBD06E8527,CO,01,No,,,,,01,Dry,01,Signalized,,,,,,
Injury Crashes,DA4365003D,Prince George's County Police,Angle,Prince George's,Local,No,No,No,No,No,JUDICIAL DR,6745,COUNTY ROAD,Yes,True,No,1/9/2025,No,Point,38.966027699,-76.794398618,PGCOPD,01,16,02,No,23,03,23:10,2025,Thursday,12,Motor Vehicle In Transport,05,On Roadway,7,Angled/Skewed,,,BELL STATION RD,01,05,Intersection or Related,03,Dark - Lighted,1/9/2025,2025-01-09,S,0,F,N,,,472DD5D77B1BA3F7E7510E57BD21B6ADB691688A7CF4268AB70D8B38E0379734,CO,01,No,13,Other Non-Fixed Object,09,Roadside,01,Dry,03,Stop - Partial,,,,,,
Injury Crashes,MSP7770007R,Maryland State Police,Front to Rear,Prince George's,Principal Arterial – Other,No,Yes,No,No,No,BRANCH AVE (SB/L),5,MARYLAND ROUTE,No,True,No,4/24/2025,No,Point,38.805503883,-76.906652648,MSP,03,16,02,No,11,,11:54,2025,Thursday,12,Motor Vehicle In Transport,05,On Roadway,3,,,,,,06,Non-Junction,01,Daylight,4/24/2025,2025-04-24,E,59.18,F,N,,,D4071A2B46CF52EDD39D9B7C550922412D6B82B49626D136832BFCE7BC6DCE9D,MD,01,No,,,,,01,Dry,,,,,,,,
Property Damage Crashes,DA4402000T,Prince George's County Police,Front to Rear,Prince George's,Local,No,No,No,No,No,BOONES LA,728,COUNTY ROAD,No,True,No,1/26/2025,No,Point,38.853510804,-76.880259468,PGCOPD,03,16,03,No,23,,23:12,2025,Sunday,12,Motor Vehicle In Transport,05,On Roadway,7,,,,,,09,Through Roadway,04,Dark - Not Lighted,1/26/2025,2025-01-26,S,28.64,F,N,,,9B45ED2470B6598CD9439B5F47C9EAE946D22A3972B2A09CBC4EAF7707FDCC73,CO,01,No,,,,,01,Dry,,,,,,,,
Injury Crashes,DA4373002H,Prince George's County Police,Single Vehicle,Prince George's,,No,No,No,No,No,,122,COUNTY ROAD,No,True,No,4/24/2025,No,Point,38.800466957,-76.937559024,PGCOPD,101,16,02,No,22,,22:45,2025,Thursday,40,Tree (standing),09,Roadside,,,,,,,09,Through Roadway,03,Dark - Lighted,4/24/2025,2025-04-24,W,767.2,F,N,,,86DACA9B95680043FF42D7215ED909E3CDDD7C25063AC63F2B4E311B264B03FF,CO,01,No,,,,,01,Dry,,,,,,,,
Property Damage Crashes,DA4387001Y,Prince George's County Police,Angle,Prince George's,Principal Arterial – Other,Yes,No,No,No,No,BALTIMORE AVE,1,UNITED STATE ROUTE,No,True,No,6/5/2025,No,Point,39.013883931,-76.927748895,PGCOPD,01,16,03,No,16,,16:14,2025,Thursday,12,Motor Vehicle In Transport,05,On Roadway,3,,,,,,06,Non-Junction,01,Daylight,6/5/2025,2025-06-05,N,25.16,F,N,,,5E57F53B85C6640526447795E2AEE07C8DB04D2835D8B8D009D87E6D6A2A5A89,US,01,No,,,,,01,Dry,,,,,,,,
Property Damage Crashes,DA4296003V,Prince George's County Police,Angle,Prince George's,Principal Arterial – Other,No,No,No,No,No,SILVER HILL RD (SB/L),458,MARYLAND ROUTE,No,True,No,2/15/2025,No,Point,38.853927551,-76.908535802,PGCOPD,01,16,03,Yes,15,,15:58,2025,Saturday,12,Motor Vehicle In Transport,05,On Roadway,3,,,,,,09,Through Roadway,01,Daylight,2/15/2025,2025-02-15,S,15.98,F,N,,,BE40FB2E0717CFC6A0A51D70BCB13FF6A889681D07610E5C8B13228A4B7ACC9C,MD,01,No,,,,,09,Wet,,,,,,,,
Property Damage Crashes,MSP617100NC,Maryland State Police,Single Vehicle,Prince George's,Interstate,No,No,No,No,No,NO NAME (SB/L),95,INTERSTATE ROUTE,No,True,No,3/15/2025,No,Point,39.022011667,-76.946611667,MSP,101,16,03,No,6,,06:15,2025,Saturday,25,Concrete Traffic Barrier,03,Median,1,,,,,,06,Non-Junction,03,Dark - Lighted,3/15/2025,2025-03-15,W,17.86,F,N,,,3BF7644861AF5C2048BD7AB2B1FF904A0E56F586CC2CE2663647494AC57A45D0,IS,01,No,19,Strikes Object at Rest from Motor Vehicle In Transport,05,On Roadway,01,Dry,,,,,,,,
Property Damage Crashes,DA43260023,Prince George's County Police,Front to Rear,Prince George's,,No,No,No,No,No,ALAKING CT,2598,LOCAL ROAD,No,True,No,4/25/2025,No,Point,38.870076436,-76.849356232,PGCOPD,03,16,03,No,17,,17:50,2025,Friday,12,Motor Vehicle In Transport,05,On Roadway,,,,,,,06,Non-Junction,01,Daylight,4/25/2025,2025-04-25,E,27.9,F,N,,,7C37ED44BD36D63C3D7712F59AA1589B139ABEC89EF6FDBF969DB2A5B2072780,LL,01,No,,,,,01,Dry,,,,,,,,
Property Damage Crashes,DA4421001L,Prince George's County Police,Single Vehicle,Prince George's,Principal Arterial – Other Freeways and Expressways,No,No,No,No,No,RAMP 4 FR RAMP 1 (FR MD 5) TO MD 5L EB,5,RAMP,No,True,No,3/30/2025,No,Point,38.783067796,-76.893888935,PGCOPD,101,16,03,No,2,,02:00,2025,Sunday,38,Traffic Sign Support,03,Median,2,,,,,,09,Through Roadway,03,Dark - Lighted,3/30/2025,2025-03-30,W,60.2,F,N,,,B9C72C237B707C1DDB1EE7B16E22916444024E250DDFF219207FBE3F6836C48E,RP,01,No,97,Not Applicable,,,01,Dry,,,,,,,,
Injury Crashes,DA3008001C,Prince George's County Police,"Sideswipe, Same Direction",Prince George's,Minor Arterial,No,No,No,No,No,HARRY S TRUMAN DR,3465,COUNTY ROAD,No,True,No,3/14/2025,No,Point,38.881343367,-76.829917937,PGCOPD,07,16,02,No,22,,22:00,2025,Friday,12,Motor Vehicle In Transport,05,On Roadway,4,,,,,,06,Non-Junction,03,Dark - Lighted,3/14/2025,2025-03-14,N,9.96,F,N,,,6D48515C5D29BD47F7A29BC69306921375B00C6AD7793BCF83A0B6514152BA1B,CO,01,No,,,,,01,Dry,,,,,,,,
Property Damage Crashes,BE01120002,District Heights Police Department,Unknown,Prince George's,,No,No,No,No,Yes,,,,No,True,No,1/25/2025,No,Point,38.861699805,-76.892897370,DISTHEIGHTS,99,16,03,,13,,13:30,2025,Saturday,15,Parked Vehicle,99,Unknown,,,,,,,,,01,Daylight,1/25/2025,2025-01-25,,,F,N,102,Parking Lot Way,,,01,No,,,,,,,,,,,,,,
Injury Crashes,DA42810063,Prince George's County Police,Rear To Rear,Prince George's,Minor Arterial,No,No,No,No,No,SHERIFF RD,75,COUNTY ROAD,No,True,No,1/18/2025,No,Point,38.904102948,-76.923236788,PGCOPD,04,16,02,No,2,,02:08,2025,Saturday,12,Motor Vehicle In Transport,05,On Roadway,4,,,,,,10,"Other Location Not Listed Above Within an Interchange Area (median,
shoulder and roadside)",03,Dark - Lighted,1/18/2025,2025-01-18,S,11.4,F,N,,,3CB0B692515178C3A337AA24D33B354925AADD6F801EC9016B9B7C7AD3B48899,CO,01,No,12,Motor Vehicle In Transport,05,On Roadway,01,Dry,,,,,,,,
Injury Crashes,MSP7872001N,Maryland State Police,Other,Prince George's,Principal Arterial – Other,No,Yes,No,No,No,BRANCH AVE (SB/L),5,MARYLAND ROUTE,No,True,No,1/22/2025,No,Point,38.727919161,-76.881638668,MSP,98,16,02,No,12,03,12:29,2025,Wednesday,12,Motor Vehicle In Transport,05,On Roadway,3,Perpendicular,101,State,BURCH HILL RD,03,05,Intersection or Related,01,Daylight,1/22/2025,2025-01-22,S,0,F,N,,,AF97BC17D7DA0E41633731F93678FA24F07565E6FC7E98690B47A531F2C15FBE,MD,01,No,12,Motor Vehicle In Transport,05,On Roadway,01,Dry,01,Signalized,,,,,,
Property Damage Crashes,DA3650004Y,Prince George's County Police,Front to Rear,Prince George's,,No,Yes,No,No,Yes,,,,No,True,No,2/18/2025,No,Point,38.950823807,-76.870598002,PGCOPD,03,16,03,,7,,07:38,2025,Tuesday,12,Motor Vehicle In Transport,05,On Roadway,,,,,,,,,01,Daylight,2/18/2025,2025-02-18,,,F,N,102,Parking Lot Way,,,01,No,,,,,,,,,,,,,,
Property Damage Crashes,MSP77700067,Maryland State Police,"Sideswipe, Same Direction",Prince George's,Principal Arterial – Other,Yes,No,No,No,No,CRAIN HWY (SB/L),301,UNITED STATE ROUTE,No,True,No,1/26/2025,No,Point,38.782913333,-76.796451667,MSP,07,16,03,No,22,,22:53,2025,Sunday,12,Motor Vehicle In Transport,05,On Roadway,3,,,,,,06,Non-Junction,03,Dark - Lighted,1/26/2025,2025-01-26,S,25.63,F,N,,,20841585275B959F88771A7581A1AEECC685344C00F1EA6C263BDCBCB28D9A85,US,01,No,,,,,01,Dry,,,,,,,,
Property Damage Crashes,DA3875008M,Prince George's County Police,"Sideswipe, Same Direction",Prince George's,Principal Arterial – Other Freeways and Expressways,No,No,No,No,No,INDIAN HEAD HWY (SB/L),210,MARYLAND ROUTE,No,True,No,2/13/2025,No,Point,38.714606707,-76.990094911,PGCOPD,07,16,03,No,18,,18:15,2025,Thursday,12,Motor Vehicle In Transport,05,On Roadway,2,,,,,,01,Acceleration/Deceleration Lane,01,Daylight,2/13/2025,2025-02-13,E,18.03,F,N,,,6C27615B9C17A11216D2FEE1B646BED60308BF4BFBE436A55133463C8D6955B3,MD,01,No,,,,,01,Dry,,,,,,,,
Property Damage Crashes,MSP7773000Q,Maryland State Police,"Sideswipe, Same Direction",Prince George's,Interstate,No,No,No,No,No,CAPITAL BELTWAY (SB/L),95,INTERSTATE ROUTE,No,True,No,1/22/2025,No,Point,38.959930410,-76.866399536,MSP,07,16,03,No,6,,06:15,2025,Wednesday,12,Motor Vehicle In Transport,05,On Roadway,1,,,,RAMP 7 FR MD 450 WB TO IS 95 SB,,06,Non-Junction,03,Dark - Lighted,1/22/2025,2025-01-22,S,43.16,F,N,,,3BFB5B75255D1CFC9E059463627C5B08DA3FCE486EA6E53E51779B2DBA745A6A,IS,01,No,,,,,01,Dry,,,,,,,,
Injury Crashes,MSP6931014Y,Maryland State Police,"Sideswipe, Same Direction",Prince George's,Principal Arterial – Other Freeways and Expressways,No,No,No,No,No,RAMP 1 FR MD 5 NB TO MD 5L WB,5,RAMP,No,True,No,5/14/2025,No,Point,38.781565442,-76.892709769,MSP,07,16,02,No,13,,13:39,2025,Wednesday,12,Motor Vehicle In Transport,05,On Roadway,2,,101,State,,,06,Non-Junction,01,Daylight,5/14/2025,2025-05-14,N,41.62,F,N,,,98244D97FE72668B52D0F2E4CB96121A5EAC92A5CAA68348B2D0B349FFF8A075,RP,01,No,25,Concrete Traffic Barrier,09,Roadside,01,Dry,,,,,,,,
Injury Crashes,MSP7787005X,Maryland State Police,Front to Rear,Prince George's,Interstate,No,No,No,No,No,JOHN HANSON HWY (WB/L),595,INTERSTATE ROUTE,No,True,No,3/28/2025,No,Point,38.946115017,-76.85040175,MSP,03,16,02,No,8,,08:30,2025,Friday,12,Motor Vehicle In Transport,05,On Roadway,1,,,,,,06,Non-Junction,01,Daylight,3/28/2025,2025-03-28,E,57.2,F,N,,,9046403D64CD05520CDB4B7C637DB255529881F0F6AC262C12034BF596630F56,IS,01,No,,,,,01,Dry,,,,,,,,
Property Damage Crashes,MSP768100B7,Maryland State Police,"Sideswipe, Same Direction",Prince George's,Interstate,No,No,No,No,No,CAPITAL BELTWAY (SB/L),95,INTERSTATE ROUTE,No,True,No,1/15/2025,No,Point,39.016461741,-76.910715807,MSP,07,16,03,No,17,,17:11,2025,Wednesday,12,Motor Vehicle In Transport,05,On Roadway,1,,,,,,09,Through Roadway,101,Dusk,1/15/2025,2025-01-15,W,35.07,F,N,,,C4DCD26612AD0DC247F7FDC63DDA475FA6E86AC0143B1EA4135DEE2B3D2796D4,IS,01,No,,,,,01,Dry,,,,,,,,
Property Damage Crashes,CNC31820016,New Carrollton Police Department,Single Vehicle,Prince George's,Minor Arterial,No,No,No,No,No,ANNAPOLIS RD,450,MARYLAND ROUTE,No,True,No,4/16/2025,No,Point,38.953461265,-76.877002105,NCPD,101,16,03,No,11,,11:24,2025,Wednesday,27,Curb,03,Median,4,,101,State,W LANHAM DR,,09,Through Roadway,01,Daylight,4/16/2025,2025-04-16,E,9.75,F,N,,,BBE54E49D5A43F78A6D4C54987F4385B150A09C9AD68269E649CE02FC9DE973B,MD,01,No,,,,,01,Dry,,,,,,,,
Property Damage Crashes,MSP675100L3,Maryland State Police,Front to Rear,Prince George's,Interstate,No,No,No,No,No,NO NAME,95,INTERSTATE ROUTE,No,True,No,3/10/2025,No,Point,39.035990130,-76.939511236,MSP,03,16,03,No,1,,01:42,2025,Monday,12,Motor Vehicle In Transport,05,On Roadway,1,,,,,,06,Non-Junction,05,Dark - Unknown Lighting,3/10/2025,2025-03-10,S,16.83,F,N,,,B5DB325AF3B0AE185D48C441312395B582D03F608B93976812A08FE2B0CD3C6E,IS,01,No,28,Ditch,09,Roadside,01,Dry,,,,,,,,
Property Damage Crashes,MSP745300BW,Maryland State Police,Single Vehicle,Prince George's,Principal Arterial – Other Freeways and Expressways,No,No,No,No,No,RAMP 7 FR US 50 WB TO MD 201 SB,50,RAMP,No,True,No,5/21/2025,No,Point,38.919543,-76.9342576,MSP,101,16,03,No,7,,07:07,2025,Wednesday,32,Guardrail Face,09,Roadside,2,,101,State,,,06,Non-Junction,01,Daylight,5/21/2025,2025-05-21,N,12.37,F,N,,,526CF7CF13D79D4081B21837F3780C4A44D17D87919851346FE441E0DDC82548,RP,01,No,28,Ditch,09,Roadside,09,Wet,,,,,,,,
Property Damage Crashes,DA44210011,Prince George's County Police,Angle,Prince George's,Local,Yes,No,No,No,No,GRANDHAVEN AVE,3599,COUNTY ROAD,No,True,No,2/16/2025,No,Point,38.777215139,-76.777339006,PGCOPD,01,16,03,Yes,1,02,01:50,2025,Sunday,15,Parked Vehicle,05,On Roadway,7,Perpendicular,,,THORNBERRY DR E&W,03,05,Intersection or Related,03,Dark - Lighted,2/16/2025,2025-02-16,S,0,F,N,,,E3A2E6CB44F66FE86DCF74E02CDFB16833ABEF1EC736C6C904878773B63EF14C,CO,01,No,,,,,09,Wet,03,Stop - Partial,,,,,,
Property Damage Crashes,DA398700CH,Prince George's County Police,Single Vehicle,Prince George's,Major Collector,No,No,No,No,No,SPRINGFIELD RD,3641,COUNTY ROAD,No,True,No,4/29/2025,No,Point,39.024244114,-76.832180128,PGCOPD,101,16,03,No,19,,19:16,2025,Tuesday,40,Tree (standing),05,On Roadway,5,,,,,,09,Through Roadway,01,Daylight,4/29/2025,2025-04-29,N,51.19,F,N,,,305EB2C29245359DBF58D1CB7E6315876A16E7DF2039333DE06A8706127E4999,CO,01,No,,,,,01,Dry,,,,,,,,
Fatal Crashes,DA31190031,Prince George's County Police,Single Vehicle,Prince George's,,Yes,No,No,No,No,MARLBORO PIKE (NB/L),3074,COUNTY ROAD,Yes,True,No,1/26/2025,No,Point,38.851608215,-76.890498513,PGCOPD,101,16,01,No,2,,02:17,2025,Sunday,27,Curb,09,Roadside,,,,,WALTERS LA,,06,Non-Junction,03,Dark - Lighted,1/26/2025,2025-01-26,S,22.95,F,N,,,4ED401B769245558D49CBEAAA2B0EA0548DA4FD7C8BE286D65448182C7230DF9,CO,01,No,40,Tree (standing),09,Roadside,01,Dry,,,,,,,,
Property Damage Crashes,MSP732800KJ,Maryland State Police,"Sideswipe, Same Direction",Prince George's,Interstate,Yes,No,No,No,No,CAPITAL BELTWAY,95,INTERSTATE ROUTE,No,True,No,2/10/2025,No,Point,39.018657969,-76.917969227,MSP,07,16,03,No,0,,00:34,2025,Monday,12,Motor Vehicle In Transport,05,On Roadway,1,,101,State,,,06,Non-Junction,04,Dark - Not Lighted,2/10/2025,2025-02-10,W,14.09,F,N,,,0425BC7817000B4C038B444B73DE01652E5388C597AA349D75E59B8C6A3EF81C,IS,01,No,32,Guardrail Face,07,"On Shoulder, Right Side",01,Dry,,,,,,,,
Property Damage Crashes,MSP745000K2,Maryland State Police,Angle,Prince George's,Principal Arterial – Other,No,No,No,No,No,BALTIMORE AVE,1,UNITED STATE ROUTE,No,True,No,4/30/2025,No,Point,39.028064490,-76.917258425,MSP,01,16,03,No,20,,20:24,2025,Wednesday,12,Motor Vehicle In Transport,05,On Roadway,3,,,,,,09,Through Roadway,03,Dark - Lighted,4/30/2025,2025-04-30,S,6.38,F,N,,,5FBF1043AA8A8AA2E93BC96F469B56DB1CEF14BD05C4B7B04C678D729582E50F,US,01,No,97,Not Applicable,,,01,Dry,,,,,,,,
Property Damage Crashes,DA2735005Z,Prince George's County Police,"Sideswipe, Same Direction",Prince George's,Local,No,Yes,No,No,No,NIGHTHAWK LA,1963,MUNICIPAL ROAD,No,True,No,1/31/2025,No,Point,38.945031625,-76.744650396,PGCOPD,07,16,03,No,18,,18:10,2025,Friday,12,Motor Vehicle In Transport,05,On Roadway,7,,,,,,06,Non-Junction,03,Dark - Lighted,1/31/2025,2025-01-31,N,4.04,F,N,,,9B8BB6C18E2EE944CA73B0696B68F6278910D86D58E265C4A4A37D6DEF4C88B5,MU,01,No,,,,,09,Wet,,,,,,,,
Property Damage Crashes,DA3003003S,Prince George's County Police,Single Vehicle,Prince George's,,No,No,No,No,No,MANOR OAKS VW,3341,LOCAL ROAD,No,True,No,3/1/2025,No,Point,38.831257955,-76.844165205,PGCOPD,101,16,03,No,13,,13:00,2025,Saturday,38,Traffic Sign Support,09,Roadside,,,,,,,03,Driveway Access or Related,01,Daylight,3/1/2025,2025-03-01,N,14.22,F,N,,,54A2DAFB40CC68C5E108A3F978F2B973A7A86C7C68DA61D6DF246C48F489C014,LL,01,No,97,Not Applicable,,,01,Dry,,,,,,,,
Property Damage Crashes,DS05290009,University of Maryland Police College Park,Single Vehicle,Prince George's,,No,No,No,No,Yes,,,,No,True,No,2/12/2025,No,Point,38.992208602,-76.946133630,UMCP,101,16,03,,8,,08:16,2025,Wednesday,41,Utility Pole/Light Support,09,Roadside,,,,,,,,,01,Daylight,2/12/2025,2025-02-12,,,F,N,104,Service Road,,,01,No,,,,,,,,,,,,,,
Property Damage Crashes,MSP65820164,Maryland State Police,Single Vehicle,Prince George's,Principal Arterial – Other,No,No,No,No,No,CRAIN HWY,301,UNITED STATE ROUTE,No,True,No,3/30/2025,No,Point,38.882609812,-76.719901235,MSP,101,16,03,No,0,,00:54,2025,Sunday,40,Tree (standing),03,Median,3,,,,,,09,Through Roadway,04,Dark - Not Lighted,3/30/2025,2025-03-30,S,44.84,F,N,,,817C35EEA1A3B8A1A2F274704B85A1B3CF170E458EC13C9B44EBF95E520FCF94,US,01,No,,,,,01,Dry,,,,,,,,
Property Damage Crashes,DA38770095,Prince George's County Police,Single Vehicle,Prince George's,,No,No,No,No,No,,3853,COUNTY ROAD,No,True,No,5/9/2025,No,Point,38.686905431,-76.905211822,PGCOPD,101,16,03,No,2,,02:15,2025,Friday,09,Animal (live),05,On Roadway,,,,,,,06,Non-Junction,04,Dark - Not Lighted,5/9/2025,2025-05-09,S,11.15,F,N,,,BE10BAAB9A8259D62A1464AE95E51DE44E3BFD2CB1EC74C01DF7B001E0DCCE03,CO,01,No,,,,,01,Dry,,,,,,,,
Property Damage Crashes,MSP78390063,Maryland State Police,Angle,Prince George's,Interstate,No,No,No,No,No,CAPITAL BELTWAY (SB/L),95,INTERSTATE ROUTE,No,True,No,5/29/2025,No,Point,38.812474053,-76.961548011,MSP,01,16,03,No,3,,03:56,2025,Thursday,12,Motor Vehicle In Transport,05,On Roadway,1,,,,,,06,Non-Junction,04,Dark - Not Lighted,5/29/2025,2025-05-29,N,42.93,F,N,,,04F63FF5C93144CF371A34DED17C0A04877C761FCF16964E5301BE703CBA1E47,IS,01,No,,,,,01,Dry,,,,,,,,
Property Damage Crashes,DA4259003C,Prince George's County Police,Front to Rear,Prince George's,,No,No,No,No,Yes,,,,No,True,No,2/23/2025,No,Point,38.822250747,-76.885359946,PGCOPD,03,16,03,,1,,01:14,2025,Sunday,12,Motor Vehicle In Transport,05,On Roadway,,,,,,,,,03,Dark - Lighted,2/23/2025,2025-02-23,,,F,N,102,Parking Lot Way,,,01,No,,,,,,,,,,,,,,
Property Damage Crashes,DA421200G4,Prince George's County Police,Front to Rear,Prince George's,Major Collector,No,No,No,No,No,COOPER LA,332,COUNTY ROAD,No,True,No,5/7/2025,No,Point,38.941541447,-76.902898568,PGCOPD,03,16,03,No,16,,16:58,2025,Wednesday,12,Motor Vehicle In Transport,05,On Roadway,5,,,,,,03,Driveway Access or Related,01,Daylight,5/7/2025,2025-05-07,S,28.3,F,N,,,45D330472F3B30AEEC84AFFC021DA19CD40AA112614E0DD34D4E89A553A4EF47,CO,01,No,,,,,01,Dry,,,,,,,,