Crash Severity Description,Reportnumber,Agencyname,CollisionImpact Description,Crash County Description,FunctionalClass Description,ImpairedCrash,Large Vehicle Involved,Motorcycle Crash,Non-Motorist Crash,OffRoad,RoadName,Route Number,RouteType Description,Unrestrained Occupants,WithinDateRange,Work Zone Related,Crashdate,Work Zone Crash,CrashPoint,Latitude,Longitude,AgencyCode,CollisionImpact,Crash County,Crash Severity,Crash Within Interchange,Crashhour,CrashInterchangeApproaches,Crashtime,CrashYear,Dayofweek,FirstHarmEvent,FirstHarmEvent Description,FirstHarmLocation,FirstHarmLocation Description,FunctionalClass,Geometry Description,GovPropertyDamage,GovPropertyDamage Description,IntersectingRoadName,Intersection Geometry,JunctionRelated,JunctionRelated Description,Light,Light Description,LOD Crash Date,LOD Date Level,MilepointDirection,MilepointDistance,MilepointUnits,NonTrafficFatal,OffroadLocation,OffroadLocation Description,RoadID,RouteType,SchoolBusRelated,SchoolBusRelated Description,SecondHarmEvent,SecondHarmEvent Description,SecondHarmLocation,SecondHarmLocation Description,Surface,Surface Description,TrafficControl,Trafficcontrol Description,WZLawEnforcementPresent,WZLocation,WZLocation Description,WZType,WZType Description,WZWorkersPresent
Property Damage Crashes,DA4418000Q,Prince George's County Police,"Sideswipe, Same Direction",Prince George's,Principal Arterial – Other,No,No,No,No,No,,410,MARYLAND ROUTE,No,True,No,2/22/2025,No,Point,38.961335151,-76.903302214,PGCOPD,07,16,03,No,8,,08:28,2025,Saturday,12,Motor Vehicle In Transport,05,On Roadway,3,,,,,,09,Through Roadway,01,Daylight,2/22/2025,2025-02-22,S,30.06,F,N,,,B343C11E5200965DCA7E233E8A7FB417CA4F1BCE273442C4E03D18E600F64E6C,MD,01,No,,,,,01,Dry,,,,,,,,
Property Damage Crashes,MSP76640093,Maryland State Police,"Sideswipe, Same Direction",Prince George's,,No,No,No,No,No,,5,MARYLAND ROUTE,No,True,No,2/23/2025,No,Point,38.670687174,-76.876071359,MSP,07,16,03,No,11,,11:58,2025,Sunday,12,Motor Vehicle In Transport,05,On Roadway,,,,,,,09,Through Roadway,01,Daylight,2/23/2025,2025-02-23,N,38.79,F,N,,,F08A0916314CE56E652637BAD4460095F1BC40CED6FC86D0A92A59A0341679FA,MD,01,No,,,,,01,Dry,,,,,,,,
Property Damage Crashes,DA41380060,Prince George's County Police,"Sideswipe, Same Direction",Prince George's,Major Collector,No,No,No,No,No,LIVINGSTON RD,1203,COUNTY ROAD,No,True,No,4/16/2025,No,Point,38.781158012,-76.995469886,PGCOPD,07,16,03,No,12,,12:55,2025,Wednesday,12,Motor Vehicle In Transport,05,On Roadway,5,,,,,,06,Non-Junction,01,Daylight,4/16/2025,2025-04-16,S,31.15,F,N,,,76BAACCBC12BE1967C46B8FB4C3F0503A42F5A199597C24989EC649270220DAC,CO,01,No,,,,,01,Dry,,,,,,,,
Property Damage Crashes,DA43730025,Prince George's County Police,Front to Rear,Prince George's,Principal Arterial – Other Freeways and Expressways,No,No,No,No,No,BRANCH AVE,5,MARYLAND ROUTE,No,True,No,2/7/2025,No,Point,38.832630808,-76.940407740,PGCOPD,03,16,03,No,21,,21:30,2025,Friday,12,Motor Vehicle In Transport,05,On Roadway,2,,,,RAMP 1 FR MD 414 NB TO MD 5 WB,,09,Through Roadway,03,Dark - Lighted,2/7/2025,2025-02-07,N,25.14,F,N,,,A213A2B6756E2268E421452C0C83801648AA92D5A19F496E735612C7E2955D1F,MD,01,No,,,,,01,Dry,,,,,,,,
Property Damage Crashes,DA4393000W,Prince George's County Police,Angle,Prince George's,Minor Arterial,No,No,No,No,No,WALKER MILL RD,367,COUNTY ROAD,Yes,True,No,1/20/2025,No,Point,38.872924513,-76.856581995,PGCOPD,01,16,03,No,18,,18:03,2025,Monday,12,Motor Vehicle In Transport,99,Unknown,4,,,,,,06,Non-Junction,05,Dark - Unknown Lighting,1/20/2025,2025-01-20,E,26.96,F,N,,,89556CFDB477F4B2346D9144C719EAF06E599C4B8C7867FBF7AE770AC7E37433,CO,01,No,,,,,99,Unknown,,,,,,,,
Injury Crashes,AM0393000Y,Bladensburg Police Department,Front to Front,Prince George's,Local,No,No,No,No,No,UPSHUR ST,150,MUNICIPAL ROAD,No,True,No,1/23/2025,No,Point,38.942662385,-76.934465458,BLADENSBURG,02,16,02,Yes,17,04,17:05,2025,Thursday,12,Motor Vehicle In Transport,05,On Roadway,7,Angled/Skewed,,,KENILWORTH AVE TILDEN RD,01,05,Intersection or Related,101,Dusk,1/23/2025,2025-01-23,S,0,F,N,,,E27700603BE534E0F74C67489D035D8DA4BE0CB35AB56E85C6E71BC947CD51E9,MU,01,No,,,,,01,Dry,01,Signalized,,,,,,
Injury Crashes,DA4357002R,Prince George's County Police,Single Vehicle,Prince George's,,No,No,No,No,No,,558,COUNTY ROAD,No,True,No,1/31/2025,No,Point,38.783555126,-76.890001604,PGCOPD,101,16,02,No,23,,23:18,2025,Friday,13,Other Non-Fixed Object,02,In Parking Lane Or Zone,,,,,,,06,Non-Junction,03,Dark - Lighted,1/31/2025,2025-01-31,N,29.76,F,N,,,07CCAF9C2685BB07AB7EE161FE60C826AE7C29D28919F75DF16CF469AD15BBEE,CO,01,No,,,,,09,Wet,,,,,,,,
Property Damage Crashes,DA43240021,Prince George's County Police,Front to Rear,Prince George's,Local,No,No,No,No,No,SWANN RD,1035,COUNTY ROAD,No,True,No,5/17/2025,No,Point,38.846373731,-76.926747190,PGCOPD,03,16,03,Yes,19,04,19:03,2025,Saturday,12,Motor Vehicle In Transport,05,On Roadway,7,Perpendicular,,,SILVER HILL RD,03,05,Intersection or Related,01,Daylight,5/17/2025,2025-05-17,N,0,F,N,,,B7769DD50727539BAEF61159F12A0258F38B8E7E1ACE028B060ED037D5FC1D56,CO,01,No,,,,,01,Dry,01,Signalized,,,,,,
Property Damage Crashes,CC0300000W,Hyattsville Police Department,"Sideswipe, Same Direction",Prince George's,Principal Arterial – Other,No,No,No,No,No,,1,UNITED STATE ROUTE,No,True,No,3/15/2025,No,Point,38.955232695,-76.940274998,HYATTSVILLE,07,16,03,No,14,,14:30,2025,Saturday,12,Motor Vehicle In Transport,05,On Roadway,3,,,,,,06,Non-Junction,01,Daylight,3/15/2025,2025-03-15,N,24.05,F,N,,,06DEA6FD4BF01C566B04737625914C78AEDA95AF293E08A28152ADFFF39E86C8,US,01,No,,,,,01,Dry,,,,,,,,
Property Damage Crashes,MSP766400BG,Maryland State Police,Single Vehicle,Prince George's,Principal Arterial – Other,No,No,No,No,No,PENNSYLVANIA AVE (SB/L),4,MARYLAND ROUTE,No,True,No,4/27/2025,No,Point,38.813023333,-76.796335,MSP,101,16,03,No,3,,03:08,2025,Sunday,28,Ditch,09,Roadside,3,,,,,,09,Through Roadway,04,Dark - Not Lighted,4/27/2025,2025-04-27,S,20.66,F,N,,,224FCA7B5587D99B576813DCD62B6022EEAF39F3B9D3290A158D671683075A73,MD,01,No,,,,,01,Dry,,,,,,,,
Property Damage Crashes,DA4374003J,Prince George's County Police,Angle,Prince George's,Local,No,No,No,No,No,CORDONA ST,1899,COUNTY ROAD,No,True,No,3/23/2025,No,Point,38.957482792,-76.853840926,PGCOPD,01,16,03,No,18,,18:52,2025,Sunday,12,Motor Vehicle In Transport,05,On Roadway,7,,,,,,09,Through Roadway,03,Dark - Lighted,3/23/2025,2025-03-23,S,20.61,F,N,,,8D12133EAC67B2A259594472DA90CA440E28675E206771B1C671CDA823825C05,CO,01,No,15,Parked Vehicle,05,On Roadway,01,Dry,,,,,,,,
Injury Crashes,DA4268007D,Prince George's County Police,Single Vehicle,Prince George's,Local,No,No,No,No,No,LIMESTONE PL,730,MUNICIPAL ROAD,No,True,No,4/15/2025,No,Point,39.009753017,-76.952168788,PGCOPD,101,16,02,No,14,,14:41,2025,Tuesday,30,Fence,99,Unknown,7,,,,,,09,Through Roadway,01,Daylight,4/15/2025,2025-04-15,N,54.27,F,N,,,62225EE66F1C4FF3754F9B49FD40D055AAB49D40C6B363BE79B0B4C4158F9BDE,MU,01,No,,,,,01,Dry,,,,,,,,
Property Damage Crashes,DA4400000V,Prince George's County Police,Front to Rear,Prince George's,Local,No,No,No,No,No,DEN MEADE AVE,2221,COUNTY ROAD,Yes,True,No,1/11/2025,No,Point,38.780557341,-76.959438916,PGCOPD,03,16,03,Yes,11,,11:23,2025,Saturday,12,Motor Vehicle In Transport,07,"On Shoulder, Right Side",7,,,,,,01,Acceleration/Deceleration Lane,01,Daylight,1/11/2025,2025-01-11,W,86.01,F,N,,,F9E708EB84E9464449E4ABE98F8E793DB07BF519AD0AC22AE57223B9A2BC8F8E,CO,01,No,,,,,09,Wet,,,,,,,,
Property Damage Crashes,CNC3128001K,New Carrollton Police Department,Front to Rear,Prince George's,Minor Arterial,No,No,No,No,No,ANNAPOLIS RD,450,MARYLAND ROUTE,No,True,No,2/4/2025,No,Point,38.957790757,-76.869077031,NCPD,03,16,03,No,23,,23:09,2025,Tuesday,12,Motor Vehicle In Transport,05,On Roadway,4,,,,,,06,Non-Junction,03,Dark - Lighted,2/4/2025,2025-02-04,N,21.36,F,N,,,8EB6B75AB75D999683724B226B09B109CD3A4610DB6B44D4714BF091ABAB0F00,MD,01,No,12,Motor Vehicle In Transport,99,Unknown,01,Dry,,,,,,,,
Property Damage Crashes,DA3837002J,Prince George's County Police,"Sideswipe, Same Direction",Prince George's,,No,No,No,No,Yes,,,,No,True,No,4/9/2025,No,Point,38.839164433,-76.875596159,PGCOPD,07,16,03,,18,,18:30,2025,Wednesday,15,Parked Vehicle,02,In Parking Lane Or Zone,,,,,,,,,01,Daylight,4/9/2025,2025-04-09,,,F,N,102,Parking Lot Way,,,01,No,,,,,,,,,,,,,,
Property Damage Crashes,DA4426000N,Prince George's County Police,Single Vehicle,Prince George's,Major Collector,No,No,No,No,No,HAMPTON PARK BLVD,4475,COUNTY ROAD,No,True,No,2/27/2025,No,Point,38.878883164,-76.851736338,PGCOPD,101,16,03,No,15,,15:47,2025,Thursday,27,Curb,09,Roadside,5,,100,Local,,,06,Non-Junction,01,Daylight,2/27/2025,2025-02-27,W,47.7,F,N,,,CC9A631F0735BA0438753011D8E93E6806F0C315ADA24B08263BD705F7EE08F4,CO,01,No,35,"Other Fixed Object (wall, building, tunnel, etc.)",09,Roadside,01,Dry,,,,,,,,
Injury Crashes,MSP6931013H,Maryland State Police,Front to Rear,Prince George's,Principal Arterial – Other,No,No,No,No,No,CRAIN HWY (SB/L),301,UNITED STATE ROUTE,No,True,No,3/6/2025,No,Point,38.776691691,-76.800030772,MSP,03,16,02,No,15,,15:36,2025,Thursday,12,Motor Vehicle In Transport,05,On Roadway,3,,,,,,06,Non-Junction,01,Daylight,3/6/2025,2025-03-06,N,49.89,F,N,,,B14C2CD43E11D94FAD7B9007DF64A35B01FEED07B59DE482C305202FF7CF92E2,US,01,No,12,Motor Vehicle In Transport,05,On Roadway,01,Dry,,,,,,,,
Property Damage Crashes,CC0305001W,Hyattsville Police Department,Front to Rear,Prince George's,Local,No,No,No,No,No,LANCER DR,230,MUNICIPAL ROAD,No,True,No,1/5/2025,No,Point,38.957634211,-76.959581122,HYATTSVILLE,03,16,03,No,11,,11:30,2025,Sunday,12,Motor Vehicle In Transport,05,On Roadway,7,,,,,,09,Through Roadway,01,Daylight,1/5/2025,2025-01-05,N,4.38,F,N,,,3016ED35E3FF5D12699A61D3A488E2E2828A4CDCE5ADDD382AF1F95048614247,MU,01,No,,,,,01,Dry,,,,,,,,
Injury Crashes,BP11450008,Forest Heights Police Department,Front to Front,Prince George's,Principal Arterial – Other,No,No,No,No,No,OXON HILL RD (WB/L),414,MARYLAND ROUTE,Yes,True,No,5/3/2025,No,Point,38.803291467,-76.989618253,FORESTHEIGHTS,02,16,02,No,21,05,21:13,2025,Saturday,12,Motor Vehicle In Transport,05,On Roadway,3,Perpendicular,,,LIVINGSTON RD,03,05,Intersection or Related,03,Dark - Lighted,5/3/2025,2025-05-03,N,0,F,N,,,F1D515710844E7732D5D48E56A56D1C2CE14CDA3A9D66E801E8A362DAFE6D6F7,MD,01,No,,,,,01,Dry,01,Signalized,,,,,,
Property Damage Crashes,DA4376001S,Prince George's County Police,Other,Prince George's,Local,No,No,No,No,No,VIRGINIA AVE,3686,COUNTY ROAD,No,True,No,4/4/2025,No,Point,38.922783544,-76.888520695,PGCOPD,98,16,03,No,7,,07:00,2025,Friday,12,Motor Vehicle In Transport,05,On Roadway,7,,,,,,06,Non-Junction,01,Daylight,4/4/2025,2025-04-04,N,19.31,F,N,,,517E2630A84260EBE6EBECBB9C0135E9646B8477CAB122A4233B7AD55BB1BD09,CO,01,No,,,,,09,Wet,,,,,,,,
Property Damage Crashes,DA4413000Z,Prince George's County Police,"Sideswipe, Opposite Direction",Prince George's,,No,Yes,No,No,Yes,,,,No,True,No,5/9/2025,No,Point,38.965070687,-76.906085112,PGCOPD,06,16,03,,15,,15:45,2025,Friday,12,Motor Vehicle In Transport,02,In Parking Lane Or Zone,,,,,,,,,01,Daylight,5/9/2025,2025-05-09,,,F,N,102,Parking Lot Way,,,01,No,,,,,,,,,,,,,,
Injury Crashes,CE4587008B,Laurel Police Department,Front to Rear,Prince George's,Principal Arterial – Other,No,No,No,No,No,WASHINGTON BLVD (SB/L),1,UNITED STATE ROUTE,No,True,No,3/21/2025,No,Point,39.098226105,-76.849766085,LAUREL,03,16,02,No,14,,14:13,2025,Friday,12,Motor Vehicle In Transport,05,On Roadway,3,,,,,,06,Non-Junction,01,Daylight,3/21/2025,2025-03-21,S,11.06,F,N,,,4E91AC95F7D1FA30A1FCD64E5B0DF2CC8D0AE8D856D4323058306E34BAE1AB6A,US,01,No,,,,,01,Dry,,,,,,,,
Injury Crashes,MSP757700JM,Maryland State Police,Front to Rear,Prince George's,Interstate,No,No,No,No,No,NO NAME (SB/L),95,INTERSTATE ROUTE,No,True,No,3/29/2025,No,Point,39.031988853,-76.946030905,MSP,03,16,02,No,17,,17:24,2025,Saturday,12,Motor Vehicle In Transport,05,On Roadway,1,,,,,,09,Through Roadway,01,Daylight,3/29/2025,2025-03-29,W,105.08,F,N,,,97555CF6BADC81DD65949ECD0EC10F396E53AD58FA12A7CE36DE3A822109456C,IS,01,No,97,Not Applicable,,,01,Dry,,,,,,,,
Property Damage Crashes,DA44280003,Prince George's County Police,Single Vehicle,Prince George's,,No,No,No,No,No,GOOD LUCK RD (WB/L),42,COUNTY ROAD,No,True,No,1/7/2025,No,Point,38.982580162,-76.843745049,PGCOPD,101,16,03,Yes,8,04,08:00,2025,Tuesday,38,Traffic Sign Support,09,Roadside,,Angled/Skewed,,,97TH PL,01,05,Intersection or Related,01,Daylight,1/7/2025,2025-01-07,W,0,F,N,,,5A28511464A62CB7A1DCA881CB7DB86A97E737299613FFE9B6382ABA0D4C04EB,CO,01,No,,,,,07,Snow,03,Stop - Partial,,,,,,
Property Damage Crashes,DA4382001R,Prince George's County Police,Front to Front,Prince George's,Local,No,No,No,No,No,BELT RD,384,COUNTY ROAD,No,True,No,3/23/2025,No,Point,38.864153301,-76.945823788,PGCOPD,02,16,03,No,0,,00:31,2025,Sunday,12,Motor Vehicle In Transport,05,On Roadway,7,,,,,,06,Non-Junction,98,Other,3/23/2025,2025-03-23,N,18.88,F,N,,,8CDCE885AFD0A8769359728F5AABE98ACF6B06C7D5DD907BB39EE2032D506C1F,CO,01,No,,,,,01,Dry,,,,,,,,
Property Damage Crashes,DA4421000G,Prince George's County Police,Front to Rear,Prince George's,Principal Arterial – Other,No,No,No,No,No,OXON HILL RD,414,MARYLAND ROUTE,No,True,No,1/18/2025,No,Point,38.804514128,-76.979417691,PGCOPD,03,16,03,No,21,,21:53,2025,Saturday,12,Motor Vehicle In Transport,05,On Roadway,3,,,,,,09,Through Roadway,03,Dark - Lighted,1/18/2025,2025-01-18,S,6.82,F,N,,,A6D0464BA25F1C63568D76CA5CD4F90299627947FB47F83DC8D363DDB2F0335C,MD,01,No,,,,,01,Dry,,,,,,,,
Property Damage Crashes,DA4343002W,Prince George's County Police,Angle,Prince George's,Major Collector,No,No,No,No,No,GREEN CASTLE RD,18,COUNTY ROAD,No,True,No,3/21/2025,No,Point,39.075444341,-76.921167003,PGCOPD,01,16,03,No,13,02,13:10,2025,Friday,12,Motor Vehicle In Transport,05,On Roadway,5,Perpendicular,,,OLD GUNPOWDER RD OLD GUNPOWDER RD (NB/L),03,05,Intersection or Related,01,Daylight,3/21/2025,2025-03-21,E,0,F,N,,,88B734697D30ED21FCD77E6DC982BF88295D60EBF49EB9A0FA7F2D7179A242F7,CO,01,No,,,,,01,Dry,05,No Controls,,,,,,
Injury Crashes,MSP766500C3,Maryland State Police,"Sideswipe, Same Direction",Prince George's,Interstate,No,Yes,No,No,No,CAPITAL BELTWAY,95,INTERSTATE ROUTE,No,True,No,5/10/2025,No,Point,38.968510082,-76.868280787,MSP,07,16,02,No,4,,04:16,2025,Saturday,12,Motor Vehicle In Transport,05,On Roadway,1,,,,,,06,Non-Junction,04,Dark - Not Lighted,5/10/2025,2025-05-10,W,23.1,F,N,,,AF73E1044A89BC5D2E955F3E400ADC64C756EE3D53616263585701C46498D34B,IS,01,No,12,Motor Vehicle In Transport,05,On Roadway,01,Dry,,,,,,,,
Property Damage Crashes,DA409900F7,Prince George's County Police,Other,Prince George's,Local,No,Yes,No,No,No,ROSEDALE PL,1321,COUNTY ROAD,No,True,No,3/5/2025,No,Point,38.963340057,-76.990467946,PGCOPD,98,16,03,No,14,,14:10,2025,Wednesday,12,Motor Vehicle In Transport,05,On Roadway,7,,,,,,09,Through Roadway,01,Daylight,3/5/2025,2025-03-05,E,24.79,F,N,,,3F613A8132D4BACAC6546628B5B004DCDBBEF9C2E3763511E12BEBB2CA81E6E4,CO,02,"Yes, School Bus Directly Involved",,,,,09,Wet,,,,,,,,
Injury Crashes,CE5240002H,Laurel Police Department,Single Vehicle,Prince George's,Principal Arterial – Other,No,No,No,No,No,SANDY SPRING RD (WB/L),198,MARYLAND ROUTE,No,True,No,1/7/2025,No,Point,39.101696833,-76.861305513,LAUREL,101,16,02,No,20,,20:15,2025,Tuesday,29,Embankment,09,Roadside,3,,,,,,06,Non-Junction,03,Dark - Lighted,1/7/2025,2025-01-07,W,40.7,F,N,,,A41452C6B95D4D7BD881F2F3338DB0D3CDCC79CAD0EB79F01C3D589AD60A219F,MD,01,No,,,,,06,Slush,,,,,,,,
Injury Crashes,CNC31800015,New Carrollton Police Department,Front to Front,Prince George's,Minor Arterial,No,No,No,No,No,ANNAPOLIS RD,450,MARYLAND ROUTE,No,True,No,2/8/2025,No,Point,38.957435894,-76.869972259,NCPD,02,16,02,No,23,,23:15,2025,Saturday,12,Motor Vehicle In Transport,05,On Roadway,4,,,,,,09,Through Roadway,03,Dark - Lighted,2/8/2025,2025-02-08,S,43.66,F,N,,,89362C016FB9D772056BF82AFECDB4F4D11C9A894D515A4B80AAA1099C195F7F,MD,01,No,,,,,09,Wet,,,,,,,,
Property Damage Crashes,CE4115003M,Laurel Police Department,Front to Front,Prince George's,,No,No,No,No,Yes,,,,No,True,No,5/9/2025,No,Point,39.096719255,-76.853973276,LAUREL,02,16,03,,14,,14:26,2025,Friday,15,Parked Vehicle,02,In Parking Lane Or Zone,,,,,,,,,01,Daylight,5/9/2025,2025-05-09,,,F,N,100,Parking Stall,,,01,No,,,,,,,,,,,,,,
Property Damage Crashes,MSP78720049,Maryland State Police,Single Vehicle,Prince George's,Interstate,No,No,No,No,No,CAPITAL BELTWAY (SB/L),95,INTERSTATE ROUTE,No,True,No,5/17/2025,No,Point,38.884255000,-76.844533913,MSP,101,16,03,No,2,,02:40,2025,Saturday,32,Guardrail Face,03,Median,1,,101,State,,,09,Through Roadway,04,Dark - Not Lighted,5/17/2025,2025-05-17,N,74.33,F,N,,,E013550C41B43163BFBDFA4E030D494671219C8FEF0567EDD8EDCA7319949CE5,IS,01,No,,,,,01,Dry,,,,,,,,
Property Damage Crashes,DA387800CX,Prince George's County Police,"Sideswipe, Same Direction",Prince George's,Principal Arterial – Other,No,Yes,No,No,No,MARTIN LUTHER KING JR HWY (WB/L),704,MARYLAND ROUTE,No,True,No,4/18/2025,No,Point,38.952364149,-76.834710041,PGCOPD,07,16,03,Yes,10,04,10:26,2025,Friday,12,Motor Vehicle In Transport,05,On Roadway,3,Perpendicular,,,FORBES BLVD (SB/L),03,05,Intersection or Related,01,Daylight,4/18/2025,2025-04-18,W,0,F,N,,,ED0B00173FA28C61EA5E72C3BA97C5291AF894DEBB73E707CC7377D4808CD9A3,MD,01,No,,,,,01,Dry,01,Signalized,,,,,,
Injury Crashes,AZ17410009,Cheverly Police Department,Front to Front,Prince George's,Principal Arterial – Other,No,No,No,No,No,LANDOVER RD,202,MARYLAND ROUTE,No,True,No,1/12/2025,No,Point,38.934795915,-76.916082927,CHEVERLY,02,16,02,Yes,7,03,07:20,2025,Sunday,12,Motor Vehicle In Transport,05,On Roadway,3,Perpendicular,,,NO NAME (NB/L),03,05,Intersection or Related,100,Dawn,1/12/2025,2025-01-12,E,0,F,N,,,CBF45B67B7A6507ABF9E5949FC2A9DF28B76373EBA919FC6C3B7ABA757640F0A,MD,01,No,,,,,01,Dry,01,Signalized,,,,,,
Property Damage Crashes,DA379700CK,Prince George's County Police,"Sideswipe, Opposite Direction",Prince George's,Principal Arterial – Other,No,No,No,No,No,MARTIN LUTHER KING JR HWY,704,MARYLAND ROUTE,No,True,No,4/19/2025,No,Point,38.907430751,-76.894304687,PGCOPD,06,16,03,No,23,03,23:00,2025,Saturday,12,Motor Vehicle In Transport,05,On Roadway,3,Perpendicular,,,HILL RD,03,05,Intersection or Related,03,Dark - Lighted,4/19/2025,2025-04-19,W,0,F,N,,,F40722BE663EAC5C70EF4FC33E7440308ACA8B2596A53346F6A5357F44FD3296,MD,01,No,,,,,01,Dry,01,Signalized,,,,,,
Property Damage Crashes,DA3476004R,Prince George's County Police,Front to Rear,Prince George's,Local,No,No,No,No,No,RHODE ISLAND RD,1090,MUNICIPAL ROAD,No,True,No,3/16/2025,No,Point,39.006422825,-76.923258539,PGCOPD,03,16,03,No,3,,03:49,2025,Sunday,12,Motor Vehicle In Transport,05,On Roadway,7,,,,,,09,Through Roadway,03,Dark - Lighted,3/16/2025,2025-03-16,N,27.06,F,N,,,EA32B7AAACAED8EED825C76014B98B9C54B6C40CC0BC773C6B08D28EF6763730,MU,01,No,,,,,01,Dry,,,,,,,,
Injury Crashes,DA4428000D,Prince George's County Police,Front to Front,Prince George's,Minor Arterial,No,No,No,No,No,RACE TRACK RD (WB/L),49,COUNTY ROAD,No,True,No,2/17/2025,No,Point,39.008962587,-76.762867101,PGCOPD,02,16,02,Yes,19,04,19:17,2025,Monday,12,Motor Vehicle In Transport,05,On Roadway,4,Perpendicular,,,LAUREL BOWIE RD,03,05,Intersection or Related,03,Dark - Lighted,2/17/2025,2025-02-17,S,0,F,N,,,741560270C040407D2670E32370F88C89C4A9EDEAF178F4D9F8FA32F44EA0049,CO,01,No,,,,,01,Dry,01,Signalized,,,,,,
Property Damage Crashes,DJ0187000C,Seat Pleasant Police Department,Front to Rear,Prince George's,Local,No,No,No,No,No,68TH PL,9680,MUNICIPAL ROAD,No,True,No,4/18/2025,No,Point,38.889240600,-76.901623322,SEATPLEASANT,03,16,03,No,21,,21:53,2025,Friday,12,Motor Vehicle In Transport,05,On Roadway,7,,,,,,06,Non-Junction,03,Dark - Lighted,4/18/2025,2025-04-18,W,3.16,F,N,,,AFB1CC08994D8BB3970F2BE5F6BA22912ED8E47DF7F03C833CFE94C9C52E4A1B,MU,01,No,,,,,01,Dry,,,,,,,,
Injury Crashes,DA4308004V,Prince George's County Police,Angle,Prince George's,Minor Arterial,No,No,No,No,No,ALLENTOWN RD,126,COUNTY ROAD,No,True,No,5/30/2025,No,Point,38.789070295,-76.937204185,PGCOPD,01,16,02,No,15,,15:57,2025,Friday,12,Motor Vehicle In Transport,05,On Roadway,4,,,,PAYNE DR,,06,Non-Junction,01,Daylight,5/30/2025,2025-05-30,S,3.76,F,N,,,E177681C956F30C2C865C5479E23E543E2AF2556D66B4EBF96F9DFDF3D7A254A,CO,01,No,,,,,01,Dry,,,,,,,,
Property Damage Crashes,DA4233007S,Prince George's County Police,"Sideswipe, Same Direction",Prince George's,Major Collector,No,No,No,No,No,SURRATTS RD,130,COUNTY ROAD,No,True,No,3/19/2025,No,Point,38.750091661,-76.878038419,PGCOPD,07,16,03,Yes,16,03,16:00,2025,Wednesday,12,Motor Vehicle In Transport,05,On Roadway,5,Angled/Skewed,,,FOX RUN DR,01,05,Intersection or Related,01,Daylight,3/19/2025,2025-03-19,W,0,F,N,,,96FB6416881760277BCB3F1008535686C1B1A7A940686A060E70708E83D1F0CB,CO,01,No,,,,,01,Dry,05,No Controls,,,,,,
Injury Crashes,MSP7871002Z,Maryland State Police,"Sideswipe, Same Direction",Prince George's,Interstate,No,No,No,No,No,NO NAME,95,INTERSTATE ROUTE,No,True,No,3/13/2025,No,Point,39.024791767,-76.946834234,MSP,07,16,02,No,22,,22:32,2025,Thursday,12,Motor Vehicle In Transport,07,"On Shoulder, Right Side",1,,,,,,09,Through Roadway,04,Dark - Not Lighted,3/13/2025,2025-03-13,W,59.08,F,N,,,12039389C326DA49399F2FBD10C11490A32C1B712134E3D6109AA337CAE7E7AE,IS,01,No,,,,,01,Dry,,,,,,,,
Property Damage Crashes,DA44180016,Prince George's County Police,Rear To Rear,Prince George's,Local,No,No,No,No,No,FREEPORT ST,2776,COUNTY ROAD,No,True,No,4/24/2025,No,Point,38.952337323,-76.894933176,PGCOPD,04,16,03,No,8,,08:00,2025,Thursday,15,Parked Vehicle,05,On Roadway,7,,,,,,09,Through Roadway,01,Daylight,4/24/2025,2025-04-24,E,16.29,F,N,,,3DB68BE012306DC2A6392D175BB32B4D6C96C3E9D623F0B718B01C176042EBF0,CO,01,No,97,Not Applicable,,,01,Dry,,,,,,,,
Property Damage Crashes,DA3938008K,Prince George's County Police,Single Vehicle,Prince George's,,No,No,No,No,Yes,,,,No,True,No,5/21/2025,No,Point,38.950712331,-76.942930907,PGCOPD,101,16,03,,1,,01:55,2025,Wednesday,36,"Other Post, Pole, Or Support",04,"Off-Roadway, Location Unknown",,,,,,,,,03,Dark - Lighted,5/21/2025,2025-05-21,,,F,N,102,Parking Lot Way,,,01,No,,,,,,,,,,,,,,
Property Damage Crashes,CBPD0119002D,Bowie Police Department,"Sideswipe, Same Direction",Prince George's,Major Collector,No,No,No,No,No,MITCHELLVILLE RD,73,COUNTY ROAD,No,True,No,2/10/2025,No,Point,38.916444967,-76.727808378,BOWIE,07,16,03,No,21,,21:00,2025,Monday,12,Motor Vehicle In Transport,05,On Roadway,5,,,,,,06,Non-Junction,05,Dark - Unknown Lighting,2/10/2025,2025-02-10,S,4.42,F,N,,,222388B9D52D3919015060D76BA00348BDCB71EB6CAAE48565A83B82338CFCD9,CO,01,No,,,,,01,Dry,,,,,,,,
Injury Crashes,DA3877008R,Prince George's County Police,Front to Rear,Prince George's,Local,No,No,No,No,No,MANNING RD EAST (NB/L),810,MARYLAND ROUTE,No,True,No,1/20/2025,No,Point,38.659094745,-77.012381074,PGCOPD,03,16,02,No,7,04,07:55,2025,Monday,12,Motor Vehicle In Transport,05,On Roadway,7,Perpendicular,,,BERRY RD,03,05,Intersection or Related,100,Dawn,1/20/2025,2025-01-20,S,0,F,N,,,A35734D1B66773965A6C7EE8140653C2E97F3B3F9974698E7F7F7A7CC7E77EB3,MD,01,No,,,,,01,Dry,01,Signalized,,,,,,