Crash Severity Description,Reportnumber,Agencyname,CollisionImpact Description,Crash County Description,FunctionalClass Description,ImpairedCrash,Large Vehicle Involved,Motorcycle Crash,Non-Motorist Crash,OffRoad,RoadName,Route Number,RouteType Description,Unrestrained Occupants,WithinDateRange,Work Zone Related,Crashdate,Work Zone Crash,CrashPoint,Latitude,Longitude,AgencyCode,CollisionImpact,Crash County,Crash Severity,Crash Within Interchange,Crashhour,CrashInterchangeApproaches,Crashtime,CrashYear,Dayofweek,FirstHarmEvent,FirstHarmEvent Description,FirstHarmLocation,FirstHarmLocation Description,FunctionalClass,Geometry Description,GovPropertyDamage,GovPropertyDamage Description,IntersectingRoadName,Intersection Geometry,JunctionRelated,JunctionRelated Description,Light,Light Description,LOD Crash Date,LOD Date Level,MilepointDirection,MilepointDistance,MilepointUnits,NonTrafficFatal,OffroadLocation,OffroadLocation Description,RoadID,RouteType,SchoolBusRelated,SchoolBusRelated Description,SecondHarmEvent,SecondHarmEvent Description,SecondHarmLocation,SecondHarmLocation Description,Surface,Surface Description,TrafficControl,Trafficcontrol Description,WZLawEnforcementPresent,WZLocation,WZLocation Description,WZType,WZType Description,WZWorkersPresent
Property Damage Crashes,DA380100F2,Prince George's County Police,Rear To Rear,Prince George's,Minor Arterial,No,No,No,No,No,RIGGS RD (SB/L),212,MARYLAND ROUTE,No,True,No,5/12/2025,No,Point,38.989932322,-76.974066879,PGCOPD,04,16,03,No,6,,06:23,2025,Monday,12,Motor Vehicle In Transport,05,On Roadway,4,,,,,,06,Non-Junction,01,Daylight,5/12/2025,2025-05-12,E,16.17,F,N,,,95873500EFD2BEEE643AEB8148021E81B00C31A4CD62CB9B2908935D4D1033DA,MD,01,No,,,,,01,Dry,,,,,,,,
Property Damage Crashes,DA4414000B,Prince George's County Police,"Sideswipe, Same Direction",Prince George's,Minor Arterial,No,No,No,No,No,ANNAPOLIS RD,450,MARYLAND ROUTE,No,True,No,2/22/2025,No,Point,38.941768072,-76.903463297,PGCOPD,07,16,03,Yes,19,,19:26,2025,Saturday,12,Motor Vehicle In Transport,05,On Roadway,4,,,,,,09,Through Roadway,03,Dark - Lighted,2/22/2025,2025-02-22,S,29.33,F,N,,,6D3C821D2644B0A6C5B6587F3D3B8ED69F39D8BA60A2985D7457F4E2EF216747,MD,01,No,,,,,01,Dry,,,,,,,,
Injury Crashes,DA4038007M,Prince George's County Police,Front to Front,Prince George's,Major Collector,No,No,No,No,No,KIRBY RD,96,COUNTY ROAD,No,True,No,3/13/2025,No,Point,38.779488749,-76.922384934,PGCOPD,02,16,02,No,15,,15:00,2025,Thursday,12,Motor Vehicle In Transport,05,On Roadway,5,,,,,,09,Through Roadway,01,Daylight,3/13/2025,2025-03-13,S,19.56,F,N,,,AA4230ACFD2220C37AF7525DC16AA75129D543B922FC5F92EF0EAC42806E5269,CO,01,No,,,,,01,Dry,,,,,,,,
Property Damage Crashes,DA4350002J,Prince George's County Police,"Sideswipe, Same Direction",Prince George's,,No,No,No,No,No,,970,PRIVATE ROAD,No,True,No,1/12/2025,No,Point,38.843417848,-76.930681348,PGCOPD,07,16,03,No,11,,11:47,2025,Sunday,12,Motor Vehicle In Transport,05,On Roadway,,,,,NB SUITLAND PKY OFRP SB SILVER HILL RD SILVER HILL RD (SB/L),,09,Through Roadway,01,Daylight,1/12/2025,2025-01-12,S,12.91,F,N,,,20C8035DEEC1DEB2DC1F01D65D0F301325729E88E32B61F1C25C379172BBE7DB,PV,01,No,,,,,01,Dry,,,,,,,,
Injury Crashes,DA43080040,Prince George's County Police,Unknown,Prince George's,,No,No,No,Yes,Yes,,,,No,True,No,1/7/2025,No,Point,38.802169101,-76.906413580,PGCOPD,99,16,02,,20,,20:12,2025,Tuesday,17,Pedestrian,02,In Parking Lane Or Zone,,,,,,,,,03,Dark - Lighted,1/7/2025,2025-01-07,,,F,N,102,Parking Lot Way,,,01,No,,,,,,,,,,,,,,
Property Damage Crashes,MSP77870065,Maryland State Police,Front to Front,Prince George's,Principal Arterial – Other,No,No,No,No,No,BALTIMORE AVE,1,UNITED STATE ROUTE,No,True,No,4/12/2025,No,Point,39.021072699,-76.925562867,MSP,02,16,03,No,0,,00:40,2025,Saturday,12,Motor Vehicle In Transport,05,On Roadway,3,,,,,,06,Non-Junction,04,Dark - Not Lighted,4/12/2025,2025-04-12,N,129.07,F,N,,,47112F0F05355E1189BEFAB7CAD114A1A1386C07BD258369A71DC2B34D589DAE,US,01,No,,,,,09,Wet,,,,,,,,
Property Damage Crashes,BW0195001X,Greenbelt Police Department,"Sideswipe, Opposite Direction",Prince George's,Principal Arterial – Other Freeways and Expressways,No,No,No,No,No,RAMP 1 FR MD 201 NB TO MD 193 WB,201,RAMP,No,True,No,1/5/2025,No,Point,38.996067648,-76.899983886,GREENBELT,06,16,03,Yes,22,,22:49,2025,Sunday,12,Motor Vehicle In Transport,05,On Roadway,2,,,,GREENBELT RD,,02,Crossover-Related,03,Dark - Lighted,1/5/2025,2025-01-05,E,35.08,F,N,,,E9C1D88FA0D0FAE67A932F5D34051C8E4212B94D5B27E87C7A27D00A77356127,RP,01,No,12,Motor Vehicle In Transport,05,On Roadway,01,Dry,,,,,,,,
Injury Crashes,DA402100D7,Prince George's County Police,Angle,Prince George's,Local,No,No,No,No,No,FORBES BLVD,4224,COUNTY ROAD,No,True,No,5/3/2025,No,Point,38.962725830,-76.833186347,PGCOPD,01,16,02,Yes,11,04,11:17,2025,Saturday,12,Motor Vehicle In Transport,05,On Roadway,7,Angled/Skewed,,,ANNAPOLIS RD (WB/L),01,05,Intersection or Related,01,Daylight,5/3/2025,2025-05-03,S,0,F,N,,,243AC0B28BD1AA6E4D32BDC9685EAE464F68D194F206007D335A6884CC2F8BDD,CO,01,No,,,,,01,Dry,01,Signalized,,,,,,
Property Damage Crashes,RD0123005P,Riverdale Park Police Department,Front to Rear,Prince George's,,No,No,No,No,Yes,,,,No,True,No,2/26/2025,No,Point,38.964548171,-76.939623960,RIVERDALE,03,16,03,,18,,18:06,2025,Wednesday,12,Motor Vehicle In Transport,02,In Parking Lane Or Zone,,,,,,,,,03,Dark - Lighted,2/26/2025,2025-02-26,,,F,N,102,Parking Lot Way,,,01,No,,,,,,,,,,,,,,
Property Damage Crashes,MSP744700M2,Maryland State Police,Front to Rear,Prince George's,Principal Arterial – Other,No,No,No,No,No,CRAIN HWY,301,UNITED STATE ROUTE,No,True,No,1/22/2025,No,Point,38.947698524,-76.717508110,MSP,03,16,03,No,12,,12:35,2025,Wednesday,12,Motor Vehicle In Transport,05,On Roadway,3,,,,,,06,Non-Junction,01,Daylight,1/22/2025,2025-01-22,N,120.68,F,N,,,9A878732B50F0217E1A11F48BD1104D6DA9B85F8BD3DB2E61328D756DCAE47DD,US,01,No,,,,,01,Dry,,,,,,,,
Property Damage Crashes,DA4307004G,Prince George's County Police,Front to Rear,Prince George's,Major Collector,No,No,No,No,No,IVERSON ST,1478,COUNTY ROAD,No,True,No,3/5/2025,No,Point,38.824342522,-76.987359396,PGCOPD,03,16,03,No,15,,15:35,2025,Wednesday,12,Motor Vehicle In Transport,05,On Roadway,5,,,,,,06,Non-Junction,01,Daylight,3/5/2025,2025-03-05,N,101.06,F,N,,,F8CC576D96002F01BC027759E47398CBA598B1C2EF28B6E23998BEC7BBEBF279,CO,01,No,,,,,09,Wet,,,,,,,,
Injury Crashes,CBPD0068006Z,Bowie Police Department,Single Vehicle,Prince George's,,No,No,No,Yes,Yes,,,,No,True,No,2/17/2025,No,Point,38.938887464,-76.723629513,BOWIE,101,16,02,,14,,14:13,2025,Monday,17,Pedestrian,02,In Parking Lane Or Zone,,,,,,,,,01,Daylight,2/17/2025,2025-02-17,,,F,N,102,Parking Lot Way,,,01,No,,,,,,,,,,,,,,
Property Damage Crashes,DA4297003S,Prince George's County Police,"Sideswipe, Same Direction",Prince George's,Principal Arterial – Other,No,No,No,No,No,BALTIMORE AVE,1,UNITED STATE ROUTE,No,True,No,3/8/2025,No,Point,39.081810933,-76.863950475,PGCOPD,07,16,03,No,19,,19:14,2025,Saturday,15,Parked Vehicle,02,In Parking Lane Or Zone,3,,,,,,99,Unknown,03,Dark - Lighted,3/8/2025,2025-03-08,S,26.84,F,N,,,D76E617E092D6835D6C594E959EEAE4AC1E4936B75BE046FD39219E5CAADCD4F,US,01,No,,,,,01,Dry,,,,,,,,
Property Damage Crashes,DA419600DN,Prince George's County Police,"Sideswipe, Same Direction",Prince George's,Minor Arterial,No,No,No,No,No,WHEELER RD,110,COUNTY ROAD,No,True,No,5/10/2025,No,Point,38.832022783,-76.986985277,PGCOPD,07,16,03,Unknown,23,,23:35,2025,Saturday,12,Motor Vehicle In Transport,05,On Roadway,4,,,,,,99,Unknown,03,Dark - Lighted,5/10/2025,2025-05-10,E,50.28,F,N,,,D4200A1CD3012847F74C0DC3108A6746EA6D5F674D222C4FEDC461ED789BF19A,CO,01,No,,,,,01,Dry,,,,,,,,
Property Damage Crashes,BE01130007,District Heights Police Department,Rear To Side,Prince George's,Local,No,No,No,No,No,HALLECK ST #1,191,MUNICIPAL ROAD,No,True,No,5/13/2025,No,Point,38.856949935,-76.887037161,DISTHEIGHTS,05,16,03,No,16,,16:00,2025,Tuesday,12,Motor Vehicle In Transport,05,On Roadway,7,,,,,,06,Non-Junction,01,Daylight,5/13/2025,2025-05-13,W,51.81,F,N,,,DB2F9A091B50384AF0052C13BF1C36CA09E82CBDD3285B6E1C7F15D059567FB7,MU,01,No,15,Parked Vehicle,05,On Roadway,09,Wet,,,,,,,,
Property Damage Crashes,DA43650044,Prince George's County Police,Rear To Rear,Prince George's,,No,No,No,No,Yes,,,,No,True,No,6/2/2025,No,Point,38.817869753,-76.737718663,PGCOPD,04,16,03,,15,,15:49,2025,Monday,12,Motor Vehicle In Transport,02,In Parking Lane Or Zone,,,,,,,,,01,Daylight,6/2/2025,2025-06-02,,,F,N,102,Parking Lot Way,,,01,No,,,,,,,,,,,,,,
Property Damage Crashes,DA392000CC,Prince George's County Police,Single Vehicle,Prince George's,Principal Arterial – Other,No,No,No,Yes,No,LANDOVER RD (SB/L),202,MARYLAND ROUTE,No,True,No,3/1/2025,No,Point,38.938156876,-76.924176234,PGCOPD,101,16,03,No,23,,23:30,2025,Saturday,17,Pedestrian,05,On Roadway,3,,,,,,06,Non-Junction,03,Dark - Lighted,3/1/2025,2025-03-01,S,46.04,F,N,,,6C4ACAB5179134E92769FF4518C619CA595499C84B0E2A77DFFBABCB59C20139,MD,01,No,,,,,01,Dry,,,,,,,,
Injury Crashes,MSP7843002M,Maryland State Police,Front to Rear,Prince George's,Interstate,No,No,No,No,No,CAPITAL BELTWAY,95,INTERSTATE ROUTE,No,True,No,4/15/2025,No,Point,38.988291092,-76.882811704,MSP,03,16,02,No,9,,09:39,2025,Tuesday,12,Motor Vehicle In Transport,05,On Roadway,1,,,,,,06,Non-Junction,01,Daylight,4/15/2025,2025-04-15,S,39.09,F,N,,,C3C2F32F84BD835AB789E0EE319A6AD5BFFEDC8CA9CE113FB8A5433A69EE4F76,IS,01,No,,,,,01,Dry,,,,,,,,
Property Damage Crashes,MSP757700HC,Maryland State Police,"Sideswipe, Same Direction",Prince George's,,No,Yes,No,No,No,,50,UNITED STATE ROUTE,No,True,No,1/31/2025,No,Point,38.946364346,-76.845639097,MSP,07,16,03,No,7,,07:10,2025,Friday,12,Motor Vehicle In Transport,05,On Roadway,,,,,,,09,Through Roadway,01,Daylight,1/31/2025,2025-01-31,E,12.17,F,N,,,F37BCE2AFA65D84FB72CD4C996619CE0C93741091B9F47B54F329119C9E11748,US,01,No,25,Concrete Traffic Barrier,03,Median,01,Dry,,,,,,,,
Property Damage Crashes,DA4363000X,Prince George's County Police,"Sideswipe, Same Direction",Prince George's,Minor Arterial,No,Yes,No,No,No,ANNAPOLIS RD (WB/L),450,MARYLAND ROUTE,No,True,No,3/31/2025,No,Point,38.964782442,-76.848995398,PGCOPD,07,16,03,No,6,,06:52,2025,Monday,12,Motor Vehicle In Transport,05,On Roadway,4,,,,,,09,Through Roadway,01,Daylight,3/31/2025,2025-03-31,W,51.36,F,N,,,1AE28FBDAEC82F16BA992A5F5F6291BF95B0B832B240DBFDD160401A50C82F65,MD,02,"Yes, School Bus Directly Involved",,,,,01,Dry,,,,,,,,
Property Damage Crashes,DA41020083,Prince George's County Police,Front to Front,Prince George's,Local,No,No,No,No,No,37TH AVE,9370,MUNICIPAL ROAD,No,True,No,1/22/2025,No,Point,38.999200657,-76.947133462,PGCOPD,02,16,03,No,22,,22:31,2025,Wednesday,12,Motor Vehicle In Transport,05,On Roadway,7,,,,,,09,Through Roadway,04,Dark - Not Lighted,1/22/2025,2025-01-22,N,19.62,F,N,,,16CB8FD5A7E7BB84A936F11B2951D56B228FEE97BE0D1E765F89C3844303BB72,MU,01,No,15,Parked Vehicle,05,On Roadway,09,Wet,,,,,,,,
Property Damage Crashes,DA4057008R,Prince George's County Police,Front to Rear,Prince George's,,No,Yes,No,No,No,,74,COUNTY ROAD,Yes,True,No,5/2/2025,No,Point,38.953652956,-76.857159621,PGCOPD,03,16,03,No,16,04,16:19,2025,Friday,12,Motor Vehicle In Transport,05,On Roadway,,Perpendicular,,,CRANDALL RD LANHAM STATION RD,03,05,Intersection or Related,01,Daylight,5/2/2025,2025-05-02,S,0,F,N,,,133D93D2582533F91974422C1410E1F3C2E439D105A55A97602F88382FF8DBED,CO,02,"Yes, School Bus Directly Involved",,,,,01,Dry,01,Signalized,,,,,,
Property Damage Crashes,MSP743900MQ,Maryland State Police,Front to Rear,Prince George's,Interstate,Yes,No,No,No,No,JOHN HANSON HWY,595,INTERSTATE ROUTE,No,True,No,3/14/2025,No,Point,38.945095,-76.772308333,MSP,03,16,03,No,23,,23:44,2025,Friday,12,Motor Vehicle In Transport,05,On Roadway,1,,,,,,09,Through Roadway,04,Dark - Not Lighted,3/14/2025,2025-03-14,S,38.17,F,N,,,036226202DE71836EE7F41EBDCE44840272B57BD3C5242618A0A5D950F76D3F6,IS,01,No,,,,,01,Dry,,,,,,,,
Property Damage Crashes,MSP6931014G,Maryland State Police,"Sideswipe, Same Direction",Prince George's,Principal Arterial – Other,No,No,No,No,No,CRAIN HWY,301,UNITED STATE ROUTE,No,True,No,4/26/2025,No,Point,38.698140666,-76.869506156,MSP,07,16,03,No,20,,20:13,2025,Saturday,12,Motor Vehicle In Transport,05,On Roadway,3,,,,,,06,Non-Junction,04,Dark - Not Lighted,4/26/2025,2025-04-26,S,46.53,F,N,,,DC9754E69A3F1A6E3BF73FF1027BFB242AF0000C813098DDF3EB2EFEB73C2F3F,US,01,No,,,,,01,Dry,,,,,,,,
Property Damage Crashes,DA3567009Q,Prince George's County Police,Front to Rear,Prince George's,,No,No,No,No,No,,334,SPUR,No,True,No,3/5/2025,No,Point,39.098637768,-76.899278452,PGCOPD,03,16,03,Yes,15,,15:07,2025,Wednesday,12,Motor Vehicle In Transport,05,On Roadway,,,,,,,04,Entrance/Exit Ramp or Related,01,Daylight,3/5/2025,2025-03-05,N,10.29,F,N,,,9B951D614A8A1042A07AF19E005440D52BCBB33189863C0CA9B25C095E598FCD,SP,01,No,,,,,09,Wet,,,,,,,,
Property Damage Crashes,DA4348002C,Prince George's County Police,Angle,Prince George's,Local,No,No,No,No,No,SERVICE RD #2,162,MUNICIPAL ROAD,No,True,No,5/20/2025,No,Point,38.951161306,-76.966841984,PGCOPD,01,16,03,No,19,,19:00,2025,Tuesday,12,Motor Vehicle In Transport,05,On Roadway,7,,,,CHILLUM RD,,03,Driveway Access or Related,01,Daylight,5/20/2025,2025-05-20,E,52.85,F,N,,,E691B478C59C3DC734067A2731CB074FA75E08FD8173E313E975D9A8D41DF9F5,MU,01,No,12,Motor Vehicle In Transport,05,On Roadway,01,Dry,,,,,,,,
Property Damage Crashes,DA3351001W,Prince George's County Police,Unknown,Prince George's,Major Collector,No,Yes,No,No,No,CONTEE RD,6,COUNTY ROAD,No,True,No,2/12/2025,No,Point,39.074357945,-76.862475759,PGCOPD,99,16,03,No,13,,13:05,2025,Wednesday,20,"Struck by Falling, Shifting Cargo Or Anything Set In Motion by Motor Vehicle",05,On Roadway,5,,,,,,06,Non-Junction,01,Daylight,2/12/2025,2025-02-12,W,32.45,F,N,,,4EE694A2D3C988EA4114AB9088B89D5C3726ADC6205579DF3823106F26B5CA72,CO,01,No,,,,,07,Snow,,,,,,,,
Injury Crashes,DA3745000M,Prince George's County Police,Front to Rear,Prince George's,Principal Arterial – Other Freeways and Expressways,No,No,No,No,No,INDIAN HEAD HWY,210,MARYLAND ROUTE,Yes,True,No,2/26/2025,No,Point,38.732760413,-76.990652270,PGCOPD,03,16,02,No,6,,06:38,2025,Wednesday,12,Motor Vehicle In Transport,05,On Roadway,2,,100,Local,,,09,Through Roadway,01,Daylight,2/26/2025,2025-02-26,N,11.51,F,N,,,C7C609D1EA765178C0AD5DF99E7F172AF5307A074E92E6B548A4BBEABCC76DF3,MD,01,No,,,,,01,Dry,,,,,,,,
Property Damage Crashes,DA43410027,Prince George's County Police,Angle,Prince George's,Principal Arterial – Other,No,No,No,No,No,ST BARNABAS RD (WB/L),414,MARYLAND ROUTE,No,True,No,5/23/2025,No,Point,38.831354907,-76.941005360,PGCOPD,01,16,03,No,22,,22:26,2025,Friday,12,Motor Vehicle In Transport,05,On Roadway,3,,,,,,04,Entrance/Exit Ramp or Related,03,Dark - Lighted,5/23/2025,2025-05-23,S,23.03,F,N,,,955B0CD3A95F0309E51E4BEA02D87D2EB3E21C9D76A42B0DBF225793890B54C4,MD,01,No,,,,,01,Dry,,,,,,,,
Injury Crashes,MSP7765005N,Maryland State Police,Front to Rear,Prince George's,Interstate,No,No,No,No,No,CAPITAL BELTWAY,95,INTERSTATE ROUTE,No,True,No,1/17/2025,No,Point,38.903218833,-76.850467667,MSP,03,16,02,No,18,,18:50,2025,Friday,12,Motor Vehicle In Transport,05,On Roadway,1,,101,State,,,09,Through Roadway,03,Dark - Lighted,1/17/2025,2025-01-17,E,40.85,F,N,,,87213B9906734E76823C8124FA1EB323A7B15E724E253D735F43E684E34B1A10,IS,01,No,,,,,01,Dry,,,,,,,,
Injury Crashes,DA384000J6,Prince George's County Police,"Sideswipe, Same Direction",Prince George's,,No,No,No,No,Yes,,,,No,True,No,3/3/2025,No,Point,38.818971094,-77.000305713,PGCOPD,07,16,02,,17,,17:15,2025,Monday,12,Motor Vehicle In Transport,02,In Parking Lane Or Zone,,,,,,,,,01,Daylight,3/3/2025,2025-03-03,,,F,N,101,Parking Aisle,,,01,No,,,,,,,,,,,,,,
Property Damage Crashes,DA43440037,Prince George's County Police,"Sideswipe, Same Direction",Prince George's,Local,No,No,No,No,No,PARKWAY TERRACE DR,667,COUNTY ROAD,No,True,No,1/1/2025,No,Point,38.842301869,-76.929582931,PGCOPD,07,16,03,No,20,,20:07,2025,Wednesday,15,Parked Vehicle,07,"On Shoulder, Right Side",7,,,,,,06,Non-Junction,04,Dark - Not Lighted,1/1/2025,2025-01-01,S,9.02,F,N,,,6AB625C62663A900FAD82F5527651BE70C20AAE014ED3ACDEB9AC2F5F4A959FF,CO,01,No,,,,,01,Dry,,,,,,,,
Property Damage Crashes,DS0401000Y,University of Maryland Police College Park,"Sideswipe, Opposite Direction",Prince George's,Local,No,Yes,No,No,No,ROSSBOROUGH LA,163,STATE ROAD,No,True,Yes,3/29/2025,Yes,Point,38.985711566,-76.937133735,UMCP,06,16,03,Yes,10,,10:30,2025,Saturday,12,Motor Vehicle In Transport,05,On Roadway,7,,101,State,BALTIMORE AVE,,99,Unknown,01,Daylight,3/29/2025,2025-03-29,S,0,F,N,,,EDC2D5005D5B99D7DEE07F93AADE1FB4B56DDD7E2C2D31FB5A137AE9222AF797,SR,01,No,97,Not Applicable,,,01,Dry,,,N,04,Activity Area,02,Lane Shift/Crossover,No
Injury Crashes,DA380100DZ,Prince George's County Police,Single Vehicle,Prince George's,Minor Arterial,No,No,No,No,No,RIGGS RD (SB/L),212,MARYLAND ROUTE,No,True,No,4/6/2025,No,Point,38.974194249,-76.979456107,PGCOPD,101,16,02,No,3,,03:31,2025,Sunday,02,Fell Jumped from Motor Vehicle,05,On Roadway,4,,,,,,06,Non-Junction,03,Dark - Lighted,4/6/2025,2025-04-06,N,26.2,F,N,,,D12CEFE758FEBB36560D0C6EEE8879B45AD7C14F78CF882941E5D005DF58BFB1,MD,01,No,,,,,01,Dry,,,,,,,,
Property Damage Crashes,MSP744200RZ,Maryland State Police,Single Vehicle,Prince George's,Interstate,No,No,No,No,No,RAMP 8 FR IS 95X SB TO IS 495 WB,95,RAMP,No,True,No,4/1/2025,No,Point,39.022535,-76.953565,MSP,101,16,03,Yes,7,,07:04,2025,Tuesday,40,Tree (standing),09,Roadside,1,,,,,,10,"Other Location Not Listed Above Within an Interchange Area (median,
shoulder and roadside)",01,Daylight,4/1/2025,2025-04-01,N,34.61,F,N,,,58C0AFDA97FCB43B3765D8B602BD49D8916A61CD39CA6533BA676091262EE1D4,RP,01,No,,,,,01,Dry,,,,,,,,
Property Damage Crashes,DA38450097,Prince George's County Police,Single Vehicle,Prince George's,Major Collector,No,No,No,No,No,OAK GROVE RD,101,COUNTY ROAD,No,True,No,1/1/2025,No,Point,38.877318630,-76.780896012,PGCOPD,101,16,03,Yes,3,03,03:59,2025,Wednesday,27,Curb,03,Median,5,Roundabout/Traffic Circle,,,WATKINS PARK DR (WB/L),02,05,Intersection or Related,03,Dark - Lighted,1/1/2025,2025-01-01,S,0,F,N,,,0376448C0746E8CA60F8E6328E10AFFC8D1F23562337CEC2CF65F5935DC2E348,CO,01,No,,,,,09,Wet,04,Yield,,,,,,
Property Damage Crashes,MSP6582015T,Maryland State Police,Single Vehicle,Prince George's,Principal Arterial – Other Freeways and Expressways,No,No,No,No,No,BRANCH AVE,5,MARYLAND ROUTE,No,True,No,3/5/2025,No,Point,38.723636667,-76.880613333,MSP,101,16,03,No,3,,03:51,2025,Wednesday,32,Guardrail Face,06,"On Shoulder, Left Side",2,,,,,,09,Through Roadway,04,Dark - Not Lighted,3/5/2025,2025-03-05,N,42.06,F,N,,,CC13775F283F9370F316E01A8C4F4A6475CA60514FDB27975A32790310B6F203,MD,01,No,,,,,01,Dry,,,,,,,,
Property Damage Crashes,MSP7839005S,Maryland State Police,Single Vehicle,Prince George's,Interstate,Yes,No,Yes,No,No,CAPITAL BELTWAY,95,INTERSTATE ROUTE,No,True,No,5/17/2025,No,Point,38.818596951,-76.913408421,MSP,101,16,03,No,20,,20:12,2025,Saturday,32,Guardrail Face,09,Roadside,1,,,,,,06,Non-Junction,04,Dark - Not Lighted,5/17/2025,2025-05-17,E,26.22,F,N,,,036C613855D08C9538803BC826B30517CC65CDF9AECF46F15A459ABFADD0543A,IS,01,No,,,,,01,Dry,,,,,,,,
Property Damage Crashes,DA3380009S,Prince George's County Police,Front to Front,Prince George's,,No,No,No,No,No,,426,SPUR,No,True,No,4/6/2025,No,Point,38.820535555,-76.849097580,PGCOPD,02,16,03,No,11,04,11:04,2025,Sunday,12,Motor Vehicle In Transport,05,On Roadway,,Perpendicular,,,DOWER HOUSE RD MARLBORO PIKE,03,05,Intersection or Related,01,Daylight,4/6/2025,2025-04-06,S,0,F,N,,,55BA036ED7446620165B111CCB1C6B56EC8294593FE07750C220EDB601F03EBE,SP,01,No,12,Motor Vehicle In Transport,05,On Roadway,01,Dry,01,Signalized,,,,,,
Property Damage Crashes,DS0483001H,University of Maryland Police College Park,Single Vehicle,Prince George's,,No,Yes,No,No,Yes,,,,No,True,No,4/23/2025,No,Point,38.988743413,-76.946005651,UMCP,101,16,03,,16,,16:00,2025,Wednesday,36,"Other Post, Pole, Or Support",02,In Parking Lane Or Zone,,,,,,,,,01,Daylight,4/23/2025,2025-04-23,,,F,N,100,Parking Stall,,,01,No,,,,,,,,,,,,,,
Property Damage Crashes,DA4387001H,Prince George's County Police,Angle,Prince George's,Local,No,No,No,No,No,48TH AVE #1,9481,MUNICIPAL ROAD,No,True,No,3/13/2025,No,Point,38.998286862,-76.929249262,PGCOPD,01,16,03,No,20,,20:23,2025,Thursday,12,Motor Vehicle In Transport,05,On Roadway,7,,,,,,06,Non-Junction,03,Dark - Lighted,3/13/2025,2025-03-13,S,25.05,F,N,,,4A7D2A892C3F987BDFE86E8513D67943172F6BC333CB9E64F2BD01598B94DB1A,MU,01,No,,,,,01,Dry,,,,,,,,
Property Damage Crashes,DA3426004D,Prince George's County Police,Unknown,Prince George's,Local,No,No,No,No,No,PORT ECHO LA,2180,MUNICIPAL ROAD,No,True,No,1/6/2025,No,Point,38.906710148,-76.722933865,PGCOPD,99,16,03,No,20,,20:30,2025,Monday,12,Motor Vehicle In Transport,05,On Roadway,7,,,,,,06,Non-Junction,99,Unknown,1/6/2025,2025-01-06,S,366.2,F,N,,,82FFF0D370A0E75B387B4C8661C69FE85A887B0BEB7F1AC917B68EE2B17438F5,MU,01,No,97,Not Applicable,,,07,Snow,,,,,,,,
Property Damage Crashes,DA4341001T,Prince George's County Police,Other,Prince George's,Principal Arterial – Other,No,No,No,No,No,ST BARNABAS RD,414,MARYLAND ROUTE,No,True,No,1/22/2025,No,Point,38.816527869,-76.961814439,PGCOPD,98,16,03,No,10,,10:19,2025,Wednesday,12,Motor Vehicle In Transport,05,On Roadway,3,,,,,,06,Non-Junction,01,Daylight,1/22/2025,2025-01-22,S,34.22,F,N,,,34CE7ECC93BA5B23AA194DB1CF2FF69A459F84EFE4322E7D317D5BC3F484CB3A,MD,01,No,,,,,01,Dry,,,,,,,,
Property Damage Crashes,MSP617100NF,Maryland State Police,"Sideswipe, Same Direction",Prince George's,Interstate,No,No,No,No,No,RAMP 2 FR MD 450 WB TO IS 95 NB,95,RAMP,No,True,No,2/18/2025,No,Point,38.960999372,-76.864620459,MSP,07,16,03,No,10,,10:23,2025,Tuesday,12,Motor Vehicle In Transport,05,On Roadway,1,,,,,,06,Non-Junction,01,Daylight,2/18/2025,2025-02-18,N,14.47,F,N,,,0A6EEF8316CB5B40B0E7A5151DDD1A301A97FF30369839ECC2DD9986C2E7747A,RP,01,No,,,,,01,Dry,,,,,,,,
Property Damage Crashes,DA35460093,Prince George's County Police,"Sideswipe, Same Direction",Prince George's,Principal Arterial – Other,No,No,No,No,No,WOODYARD RD (SB/L),223,MARYLAND ROUTE,No,True,No,2/5/2025,No,Point,38.768379818,-76.884623480,PGCOPD,07,16,03,No,19,,19:06,2025,Wednesday,12,Motor Vehicle In Transport,05,On Roadway,3,,,,,,04,Entrance/Exit Ramp or Related,03,Dark - Lighted,2/5/2025,2025-02-05,N,41.06,F,N,,,78FF929C98E5C13A22D5FB9EEE8E290E7B955CC9BFF9B826CBA5A840A63F79B9,MD,01,No,,,,,01,Dry,,,,,,,,
Property Damage Crashes,DA3774008M,Prince George's County Police,Front to Rear,Prince George's,Principal Arterial – Other,No,Yes,No,No,No,,410,MARYLAND ROUTE,No,True,No,4/7/2025,No,Point,38.961132047,-76.906233819,PGCOPD,03,16,03,No,4,,04:53,2025,Monday,12,Motor Vehicle In Transport,05,On Roadway,3,,,,,,01,Acceleration/Deceleration Lane,03,Dark - Lighted,4/7/2025,2025-04-07,N,2.94,F,N,,,7CCAEDD4093D3E51C8AF4F8B56918582078553F9758C504ED31314A3EA6D4770,MD,01,No,,,,,09,Wet,,,,,,,,
Property Damage Crashes,DA4380002Q,Prince George's County Police,Single Vehicle,Prince George's,Principal Arterial – Other Freeways and Expressways,No,No,No,No,No,INDIAN HEAD HWY (SB/L),210,MARYLAND ROUTE,No,True,No,1/17/2025,No,Point,38.637318041,-77.052145278,PGCOPD,101,16,03,No,5,,05:57,2025,Friday,09,Animal (live),05,On Roadway,2,,,,,,01,Acceleration/Deceleration Lane,03,Dark - Lighted,1/17/2025,2025-01-17,N,48.12,F,N,,,F338C12BA6AD360916ADF75128293FEF8893251323E62074157DDE62D01151B6,MD,01,No,,,,,01,Dry,,,,,,,,