Crash Severity Description,Reportnumber,Agencyname,CollisionImpact Description,Crash County Description,FunctionalClass Description,ImpairedCrash,Large Vehicle Involved,Motorcycle Crash,Non-Motorist Crash,OffRoad,RoadName,Route Number,RouteType Description,Unrestrained Occupants,WithinDateRange,Work Zone Related,Crashdate,Work Zone Crash,CrashPoint,Latitude,Longitude,AgencyCode,CollisionImpact,Crash County,Crash Severity,Crash Within Interchange,Crashhour,CrashInterchangeApproaches,Crashtime,CrashYear,Dayofweek,FirstHarmEvent,FirstHarmEvent Description,FirstHarmLocation,FirstHarmLocation Description,FunctionalClass,Geometry Description,GovPropertyDamage,GovPropertyDamage Description,IntersectingRoadName,Intersection Geometry,JunctionRelated,JunctionRelated Description,Light,Light Description,LOD Crash Date,LOD Date Level,MilepointDirection,MilepointDistance,MilepointUnits,NonTrafficFatal,OffroadLocation,OffroadLocation Description,RoadID,RouteType,SchoolBusRelated,SchoolBusRelated Description,SecondHarmEvent,SecondHarmEvent Description,SecondHarmLocation,SecondHarmLocation Description,Surface,Surface Description,TrafficControl,Trafficcontrol Description,WZLawEnforcementPresent,WZLocation,WZLocation Description,WZType,WZType Description,WZWorkersPresent
Injury Crashes,MSP78430033,Maryland State Police,Front to Rear,Prince George's,Interstate,No,No,No,No,No,CAPITAL BELTWAY,95,INTERSTATE ROUTE,No,True,No,5/5/2025,No,Point,38.988603131,-76.883064824,MSP,03,16,02,No,6,,06:24,2025,Monday,12,Motor Vehicle In Transport,05,On Roadway,1,,,,,,06,Non-Junction,01,Daylight,5/5/2025,2025-05-05,S,31.89,F,N,,,ED8AEF236303CC458C95460F9F06C9B402D48106ACD85705612599439629F3BD,IS,01,No,,,,,01,Dry,,,,,,,,
Property Damage Crashes,DA4309002N,Prince George's County Police,"Sideswipe, Same Direction",Prince George's,Local,No,Yes,No,No,No,CEDAR HOLLOW LA,4001,COUNTY ROAD,Yes,True,No,2/14/2025,No,Point,38.874878654,-76.835763871,PGCOPD,07,16,03,No,2,,02:45,2025,Friday,12,Motor Vehicle In Transport,99,Unknown,7,,,,,,99,Unknown,99,Unknown,2/14/2025,2025-02-14,W,23.92,F,N,,,00588B1013BE5E2D39011375574FDEDDC3A5F6964362912B8384E4FC34AC2A53,CO,02,"Yes, School Bus Directly Involved",15,Parked Vehicle,99,Unknown,01,Dry,,,,,,,,
Property Damage Crashes,DA4394001D,Prince George's County Police,Single Vehicle,Prince George's,Minor Arterial,No,No,No,No,No,BRIGGS CHANEY RD,12,COUNTY ROAD,No,True,No,5/5/2025,No,Point,39.064640374,-76.936640105,PGCOPD,101,16,03,No,8,,08:00,2025,Monday,32,Guardrail Face,06,"On Shoulder, Left Side",4,,,,,,06,Non-Junction,01,Daylight,5/5/2025,2025-05-05,N,46.72,F,N,,,8F183E9625A5F89DCC85E495C5DCD4260C8A3C59EA9CB8C4A51ED34F54F2F104,CO,01,No,40,Tree (standing),04,"Off-Roadway, Location Unknown",01,Dry,,,,,,,,
Injury Crashes,DA4296003G,Prince George's County Police,Front to Rear,Prince George's,Principal Arterial – Other,No,No,No,No,No,PENNSYLVANIA AVE (SB/L),4,MARYLAND ROUTE,No,True,No,1/14/2025,No,Point,38.842540934,-76.880739646,PGCOPD,03,16,02,No,17,,17:56,2025,Tuesday,12,Motor Vehicle In Transport,05,On Roadway,3,,,,,,09,Through Roadway,03,Dark - Lighted,1/14/2025,2025-01-14,E,8.37,F,N,,,F7B00EA69FC6D9D0C835B973844E26E7E7503A91DBB1E024B19DFBC92BAE0850,MD,01,No,,,,,01,Dry,,,,,,,,
Property Damage Crashes,MSP77730011,Maryland State Police,Single Vehicle,Prince George's,Principal Arterial – Other,No,No,No,No,No,,1,UNITED STATE ROUTE,No,True,No,2/1/2025,No,Point,39.035266256,-76.906973228,MSP,101,16,03,No,16,,16:55,2025,Saturday,27,Curb,09,Roadside,3,,,,,,03,Driveway Access or Related,101,Dusk,2/1/2025,2025-02-01,E,40.09,F,N,,,F84D60D1FA6F74DE87F90839C3FEB1B4A7DF34480364253BCC7963291C39F59A,US,01,No,,,,,01,Dry,,,,,,,,
Property Damage Crashes,MSP69310159,Maryland State Police,"Sideswipe, Same Direction",Prince George's,Principal Arterial – Other Freeways and Expressways,No,Yes,No,No,No,BRANCH AVE,5,MARYLAND ROUTE,No,True,No,6/4/2025,No,Point,38.728516667,-76.88124,MSP,07,16,03,No,10,,10:56,2025,Wednesday,12,Motor Vehicle In Transport,05,On Roadway,2,,,,,,06,Non-Junction,01,Daylight,6/4/2025,2025-06-04,S,44.56,F,N,,,23892370BFA1BC005F20B8DC6D84863B2884E4CF463B653D28E42D9D53C9221D,MD,01,No,,,,,01,Dry,,,,,,,,
Injury Crashes,MSP7770007W,Maryland State Police,Angle,Prince George's,Principal Arterial – Other Freeways and Expressways,No,No,No,No,No,RAMP 3 FR MD 4 EB TO MD 980D NB,4,RAMP,No,True,No,4/29/2025,No,Point,38.812365,-76.775565,MSP,01,16,02,No,14,02,14:52,2025,Tuesday,12,Motor Vehicle In Transport,05,On Roadway,2,Angled/Skewed,,,RAMP 5 FR MD 980D SB TO MD 4 EB RITCHIE MARLBORO RD,01,05,Intersection or Related,01,Daylight,4/29/2025,2025-04-29,N,0,F,N,,,B71C2EFA28587B6FE6541D7476DF4DC35526453AF80D616CD932510C6C1396C0,RP,01,No,,,,,01,Dry,03,Stop - Partial,,,,,,
Injury Crashes,CP01640027,Mount Rainier Police Department,Front to Rear,Prince George's,,No,No,No,No,No,MUNICIPAL PL,2285,LOCAL ROAD,No,True,No,1/24/2025,No,Point,38.936658444,-76.960247153,MTRAINIER,03,16,02,No,13,,13:15,2025,Friday,12,Motor Vehicle In Transport,05,On Roadway,,,,,RHODE ISLAND AVE,,99,Unknown,01,Daylight,1/24/2025,2025-01-24,N,16.41,F,N,,,7026FB2DA5A80C8F35A1A8058B74C7D933B509A7D6AFD0A785BF21E654FAC6DE,LL,01,No,12,Motor Vehicle In Transport,05,On Roadway,98,Other,,,,,,,,
Property Damage Crashes,HV0139001D,University Park Police,"Sideswipe, Same Direction",Prince George's,Principal Arterial – Other,No,Yes,No,No,No,BALTIMORE AVE,1,UNITED STATE ROUTE,No,True,No,1/23/2025,No,Point,38.966191459,-76.938871952,UNIVERSITYPARK,07,16,03,No,14,,14:45,2025,Thursday,12,Motor Vehicle In Transport,05,On Roadway,3,,101,State,,,06,Non-Junction,01,Daylight,1/23/2025,2025-01-23,S,8.52,F,N,,,B69BA456702DAED2531309D78AEA0A1516DE60AAB3C2F2F2B557CA21BCB3C1BC,US,02,"Yes, School Bus Directly Involved",,,,,01,Dry,,,,,,,,
Property Damage Crashes,DA44060014,Prince George's County Police,Front to Rear,Prince George's,Minor Arterial,No,No,No,No,No,POWDER MILL RD,212,MARYLAND ROUTE,No,True,No,4/2/2025,No,Point,39.034822385,-76.907402302,PGCOPD,03,16,03,Yes,13,04,13:00,2025,Wednesday,12,Motor Vehicle In Transport,05,On Roadway,4,Angled/Skewed,,,BALTIMORE AVE,01,05,Intersection or Related,01,Daylight,4/2/2025,2025-04-02,W,0,F,N,,,A2DA39E635E0E2F0F34AC1DBC26AA507FD815BC791D1B58BDC361E99CBF3F176,MD,01,No,97,Not Applicable,,,01,Dry,01,Signalized,,,,,,
Property Damage Crashes,DA36840075,Prince George's County Police,Front to Rear,Prince George's,Principal Arterial – Other Freeways and Expressways,No,No,No,No,No,INDIAN HEAD HWY,210,MARYLAND ROUTE,No,True,No,4/19/2025,No,Point,38.683261346,-76.997422071,PGCOPD,03,16,03,No,15,,15:15,2025,Saturday,12,Motor Vehicle In Transport,05,On Roadway,2,,,,,,06,Non-Junction,01,Daylight,4/19/2025,2025-04-19,E,52.58,F,N,,,6E1DD5CC0E878F98FC9386E5E2415C6E932838745BFCAB36E02F8500ACF08AE9,MD,01,No,,,,,01,Dry,,,,,,,,
Injury Crashes,CBPD00780097,Bowie Police Department,Front to Rear,Prince George's,Minor Arterial,No,No,No,No,No,COLLINGTON RD (SB/L),197,MARYLAND ROUTE,No,True,No,1/20/2025,No,Point,38.956260653,-76.745405788,BOWIE,03,16,02,No,13,,13:36,2025,Monday,12,Motor Vehicle In Transport,05,On Roadway,4,,,,,,06,Non-Junction,01,Daylight,1/20/2025,2025-01-20,N,35.82,F,N,,,299EC8A91CDAC68870AECDB6FD951259700AEB7BD525566A47AC7972455F418C,MD,01,No,12,Motor Vehicle In Transport,05,On Roadway,01,Dry,,,,,,,,
Property Damage Crashes,CBPD01240015,Bowie Police Department,Front to Front,Prince George's,Principal Arterial – Other,No,No,No,No,No,ANNAPOLIS RD,450,MARYLAND ROUTE,No,True,No,4/29/2025,No,Point,38.984612700,-76.720262295,BOWIE,02,16,03,No,6,,06:33,2025,Tuesday,12,Motor Vehicle In Transport,05,On Roadway,3,,,,,,99,Unknown,01,Daylight,4/29/2025,2025-04-29,S,41.49,F,N,,,2F7708154E9697A22BB87270F1DE961F0687B382208C67487E05B7195C76CFC4,MD,01,No,,,,,01,Dry,,,,,,,,
Property Damage Crashes,MSP7764008C,Maryland State Police,Single Vehicle,Prince George's,Interstate,No,No,No,No,No,NO NAME,95,INTERSTATE ROUTE,No,True,No,3/22/2025,No,Point,39.029726667,-76.947431667,MSP,101,16,03,No,15,,15:36,2025,Saturday,28,Ditch,01,Gore,1,,,,,,06,Non-Junction,01,Daylight,3/22/2025,2025-03-22,N,30.52,F,N,,,710676ED8FD51A51B0ABCF7EEDB4AECD6135D8DFFD3A21CB8D0260C7F43407D8,IS,01,No,,,,,01,Dry,,,,,,,,
Property Damage Crashes,MSP546601SG,Maryland State Police,Single Vehicle,Prince George's,Interstate,No,No,No,No,No,CAPITAL BELTWAY (SB/L),95,INTERSTATE ROUTE,No,True,No,3/24/2025,No,Point,38.808965896,-76.969200264,MSP,101,16,03,Yes,4,,04:40,2025,Monday,09,Animal (live),05,On Roadway,1,,,,,,09,Through Roadway,03,Dark - Lighted,3/24/2025,2025-03-24,W,53.01,F,N,,,3D719122FFC701DC7F14483D8B15C8ECD3FF1EBE99C91024477512434C914039,IS,01,No,,,,,01,Dry,,,,,,,,
Property Damage Crashes,DA41710085,Prince George's County Police,Front to Front,Prince George's,Principal Arterial – Other,No,No,No,No,No,MARTIN LUTHER KING JR HWY,704,MARYLAND ROUTE,No,True,No,5/22/2025,No,Point,38.904686633,-76.897955888,PGCOPD,02,16,03,No,18,,18:20,2025,Thursday,12,Motor Vehicle In Transport,05,On Roadway,3,,,,,,06,Non-Junction,01,Daylight,5/22/2025,2025-05-22,S,31.6,F,N,,,FD27CB62A734D85CBB7A7C353F9413863317781AF76C429EFE80A3EDB2E2B2AD,MD,01,No,15,Parked Vehicle,09,Roadside,09,Wet,,,,,,,,
Property Damage Crashes,DA345600DN,Prince George's County Police,Front to Rear,Prince George's,Minor Arterial,No,No,No,No,No,RIGGS RD (SB/L),212,MARYLAND ROUTE,No,True,No,1/21/2025,No,Point,38.984353059,-76.978666793,PGCOPD,03,16,03,No,16,,16:40,2025,Tuesday,12,Motor Vehicle In Transport,05,On Roadway,4,,,,,,06,Non-Junction,01,Daylight,1/21/2025,2025-01-21,N,125.84,F,N,,,CADC785966F48CE3381D77E3542C4B6AF8B13D00A0B84C13D54B2BA0A4CEF411,MD,01,No,,,,,01,Dry,,,,,,,,
Property Damage Crashes,DA381700L3,Prince George's County Police,Front to Rear,Prince George's,Local,No,No,No,No,No,BICKFORD AVE,2345,COUNTY ROAD,No,True,No,1/24/2025,No,Point,38.743860744,-76.902441448,PGCOPD,03,16,03,No,17,,17:27,2025,Friday,15,Parked Vehicle,05,On Roadway,7,,,,,,06,Non-Junction,05,Dark - Unknown Lighting,1/24/2025,2025-01-24,N,7.75,F,N,,,005E5520E83BD369E109CC0154406D665FAE91836FE221CC266D34339C9F0E1D,CO,01,No,15,Parked Vehicle,05,On Roadway,01,Dry,,,,,,,,
Property Damage Crashes,MSP732800L7,Maryland State Police,"Sideswipe, Same Direction",Prince George's,Interstate,No,No,No,No,No,RAMP 3 FR MD 295 EB TO IS 95 NB,95,RAMP,No,True,No,5/6/2025,No,Point,38.992032415,-76.885247777,MSP,07,16,03,No,8,,08:27,2025,Tuesday,12,Motor Vehicle In Transport,05,On Roadway,1,,,,,,04,Entrance/Exit Ramp or Related,01,Daylight,5/6/2025,2025-05-06,N,3.72,F,N,,,A0563E9FC3B846B067D08023A73E90DCFECE20B0100C2411894963EBC7F93C06,RP,01,No,,,,,01,Dry,,,,,,,,
Property Damage Crashes,DA4296004C,Prince George's County Police,"Sideswipe, Same Direction",Prince George's,,No,No,No,No,No,,87,COUNTY ROAD,No,True,No,4/17/2025,No,Point,38.869220638,-76.856264422,PGCOPD,07,16,03,No,9,,09:05,2025,Thursday,12,Motor Vehicle In Transport,05,On Roadway,,,,,RITCHIE RD SPUR,,09,Through Roadway,01,Daylight,4/17/2025,2025-04-17,N,30.27,F,N,,,F15FC39234CF64953D5BA348E0B22F73863AB79422F2367E2AFB8951FFAB89DD,CO,01,No,,,,,01,Dry,,,,,,,,
Property Damage Crashes,MSP7839001N,Maryland State Police,Front to Rear,Prince George's,Interstate,No,No,No,No,No,CAPITAL BELTWAY,95,INTERSTATE ROUTE,No,True,No,1/25/2025,No,Point,38.935592482,-76.855034427,MSP,03,16,03,No,11,,11:02,2025,Saturday,12,Motor Vehicle In Transport,05,On Roadway,1,,,,,,06,Non-Junction,01,Daylight,1/25/2025,2025-01-25,N,15.94,F,N,,,9FD2AE7CAE371D8BAF02F14A09692C5070ACB56536A8527CB829F0D98E1EC7CB,IS,01,No,,,,,01,Dry,,,,,,,,
Property Damage Crashes,DA4419000L,Prince George's County Police,Single Vehicle,Prince George's,Minor Arterial,No,No,No,No,No,,193,MARYLAND ROUTE,No,True,No,2/14/2025,No,Point,38.903497232,-76.795401930,PGCOPD,101,16,03,No,8,,08:50,2025,Friday,36,"Other Post, Pole, Or Support",09,Roadside,4,,100,Local,,,06,Non-Junction,01,Daylight,2/14/2025,2025-02-14,E,44.47,F,N,,,341890AF094DE914204D1EB44CB29C77C830991835499814507ABD962BE146C2,MD,01,No,,,,,02,Ice/Frost,,,,,,,,
Property Damage Crashes,DM8522003M,Takoma Park Police Department,Rear To Side,Prince George's,,No,No,No,No,Yes,,,,No,True,No,1/19/2025,No,Point,38.988317502,-76.987331845,TAKOMA,05,16,03,,11,,11:56,2025,Sunday,15,Parked Vehicle,02,In Parking Lane Or Zone,,,,,,,,,01,Daylight,1/19/2025,2025-01-19,,,F,N,101,Parking Aisle,,,01,No,,,,,,,,,,,,,,
Property Damage Crashes,DA3433005K,Prince George's County Police,"Sideswipe, Opposite Direction",Prince George's,Local,No,No,No,No,No,FITTLEWORTH TERR,7123,COUNTY ROAD,No,True,No,5/11/2025,No,Point,38.863023049,-76.743927177,PGCOPD,06,16,03,No,1,,01:20,2025,Sunday,15,Parked Vehicle,05,On Roadway,7,,,,,,09,Through Roadway,03,Dark - Lighted,5/11/2025,2025-05-11,S,12.19,F,N,,,287EA490FAE08A0EF083E92010C8B0B278705D936D1690E575F0C36DAFAFBD5D,CO,01,No,,,,,01,Dry,,,,,,,,
Property Damage Crashes,MSP766400B8,Maryland State Police,Angle,Prince George's,Principal Arterial – Other,No,No,No,No,No,CRAIN HWY (SB/L),301,UNITED STATE ROUTE,No,True,No,4/19/2025,No,Point,38.810576745,-76.739891915,MSP,01,16,03,No,17,04,17:24,2025,Saturday,12,Motor Vehicle In Transport,05,On Roadway,3,Angled/Skewed,,,NO NAME,01,05,Intersection or Related,01,Daylight,4/19/2025,2025-04-19,N,0,F,N,,,3F2B00952D3528EADC0567BDC28B200E00AC1861AFFAFB08EAD3B02939A3129D,US,01,No,,,,,01,Dry,01,Signalized,,,,,,
Injury Crashes,MSP69310137,Maryland State Police,Front to Rear,Prince George's,Principal Arterial – Other,No,No,No,No,No,BRANCH AVE (SB/L),5,MARYLAND ROUTE,No,True,No,2/25/2025,No,Point,38.803065,-76.904671667,MSP,03,16,02,No,9,,09:26,2025,Tuesday,12,Motor Vehicle In Transport,05,On Roadway,3,,,,,,06,Non-Junction,01,Daylight,2/25/2025,2025-02-25,S,28.21,F,N,,,1C7EFB43BD3D19FE690A98FBAEA9B1F437EDAC6564231102F8CF1A34D340F7DB,MD,01,No,,,,,01,Dry,,,,,,,,
Property Damage Crashes,BP9419001R,Forest Heights Police Department,"Sideswipe, Same Direction",Prince George's,Principal Arterial – Other Freeways and Expressways,No,No,No,No,No,INDIAN HEAD HWY (SB/L),210,MARYLAND ROUTE,No,True,No,1/10/2025,No,Point,38.793272396,-76.999445857,FORESTHEIGHTS,07,16,03,No,18,,18:21,2025,Friday,12,Motor Vehicle In Transport,05,On Roadway,2,,,,,,01,Acceleration/Deceleration Lane,04,Dark - Not Lighted,1/10/2025,2025-01-10,E,209.68,F,N,,,51B44A76C912CC91CC3C7D06DF27B94422F9CFB53206C82B7366E7C0357B85B8,MD,01,No,101,Units Separated,05,On Roadway,01,Dry,,,,,,,,
Injury Crashes,CC0301000G,Hyattsville Police Department,"Sideswipe, Same Direction",Prince George's,Minor Arterial,No,No,Yes,No,No,HAMILTON ST,208,MARYLAND ROUTE,No,True,No,4/5/2025,No,Point,38.955472679,-76.961599574,HYATTSVILLE,07,16,02,No,17,,17:42,2025,Saturday,12,Motor Vehicle In Transport,05,On Roadway,4,,,,,,06,Non-Junction,01,Daylight,4/5/2025,2025-04-05,N,15.17,F,N,,,9187F30D94D3032BBE31A1C94FDE1FC97D1869E234C4B552B525F172C0FDF359,MD,01,No,97,Not Applicable,,,01,Dry,,,,,,,,
Injury Crashes,DA390800B8,Prince George's County Police,Front to Rear,Prince George's,Principal Arterial – Other Freeways and Expressways,No,No,No,No,No,INDIAN HEAD HWY (SB/L),210,MARYLAND ROUTE,No,True,No,5/3/2025,No,Point,38.757194700,-76.993370814,PGCOPD,03,16,02,No,11,,11:29,2025,Saturday,12,Motor Vehicle In Transport,05,On Roadway,2,,,,,,06,Non-Junction,01,Daylight,5/3/2025,2025-05-03,S,39.41,F,N,,,0DC987A8316AF96FCAC77A7A158CF4ED66B77EB99BCE8B53662ABC5AD2680C06,MD,01,No,12,Motor Vehicle In Transport,05,On Roadway,01,Dry,,,,,,,,
Property Damage Crashes,AZ1747000W,Cheverly Police Department,Front to Rear,Prince George's,Major Collector,No,No,No,No,No,CHEVERLY AVE,59,MUNICIPAL ROAD,No,True,No,4/21/2025,No,Point,38.925115021,-76.912899517,CHEVERLY,03,16,03,No,20,,20:06,2025,Monday,12,Motor Vehicle In Transport,05,On Roadway,5,,,,FOREST RD,,01,Acceleration/Deceleration Lane,03,Dark - Lighted,4/21/2025,2025-04-21,N,5.63,F,N,,,1C88986A0807C65BEEBCEC04E5D67CDDD55E54321A8DECED6CEBD077471AD506,MU,01,No,,,,,01,Dry,,,,,,,,
Property Damage Crashes,DA4412000J,Prince George's County Police,Front to Rear,Prince George's,Local,No,No,No,No,No,MORRIS AVE,1109,COUNTY ROAD,No,True,No,3/28/2025,No,Point,38.814023007,-76.898133680,PGCOPD,03,16,03,No,18,,18:00,2025,Friday,12,Motor Vehicle In Transport,05,On Roadway,7,,,,AUTH RD,,09,Through Roadway,01,Daylight,3/28/2025,2025-03-28,E,18.29,F,N,,,AA7D569E3BC85EB00E03BFFDA38A87A46AEB483D50BF9FB523EEF1AE8ED4F0EE,CO,01,No,,,,,09,Wet,,,,,,,,
Property Damage Crashes,DA4383002R,Prince George's County Police,Angle,Prince George's,Major Collector,No,No,No,No,No,HANOVER PKWY,205,MUNICIPAL ROAD,No,True,No,2/16/2025,No,Point,38.980218727,-76.866857456,PGCOPD,01,16,03,No,16,04,16:52,2025,Sunday,12,Motor Vehicle In Transport,05,On Roadway,5,Perpendicular,,,GOOD LUCK RD GOOD LUCK RD (WB/L) PRINCESS GARDEN PKWY,03,05,Intersection or Related,01,Daylight,2/16/2025,2025-02-16,W,0,F,N,,,9FA493D4E8323A80F60F6A9A1E44D3A87A00CDB97CAA24B070DA15EC5BC46D31,MU,01,No,,,,,01,Dry,01,Signalized,,,,,,
Property Damage Crashes,DA4333003Z,Prince George's County Police,"Sideswipe, Same Direction",Prince George's,Minor Arterial,No,Yes,No,No,No,RIGGS RD (SB/L),212,MARYLAND ROUTE,No,True,Yes,2/23/2025,Yes,Point,38.983757725,-76.979231735,PGCOPD,07,16,03,Yes,12,04,12:10,2025,Sunday,12,Motor Vehicle In Transport,05,On Roadway,4,Angled/Skewed,,,UNIVERSITY BLVD,01,05,Intersection or Related,01,Daylight,2/23/2025,2025-02-23,N,0,F,N,,,A9359626A8D3C84A0CD31F7AF29EBD061EEF3539E174DB32BDE671171A5790BC,MD,01,No,,,,,01,Dry,01,Signalized,N,04,Activity Area,05,Other Type of Work Zone,Unknown
Injury Crashes,DA345600FR,Prince George's County Police,Single Vehicle,Prince George's,,No,No,No,Yes,Yes,,,,No,True,No,5/4/2025,No,Point,39.004249519,-76.970038227,PGCOPD,101,16,02,,16,,16:42,2025,Sunday,17,Pedestrian,02,In Parking Lane Or Zone,,,,,,,,,01,Daylight,5/4/2025,2025-05-04,,,F,N,101,Parking Aisle,,,01,No,,,,,,,,,,,,,,
Property Damage Crashes,MSP738100CJ,Maryland State Police,Single Vehicle,Prince George's,Interstate,No,No,No,No,No,CAPITAL BELTWAY (SB/L),95,INTERSTATE ROUTE,No,True,Yes,4/26/2025,Yes,Point,38.818885,-76.9307,MSP,101,16,03,No,12,,12:09,2025,Saturday,32,Guardrail Face,06,"On Shoulder, Left Side",1,,101,State,,,01,Acceleration/Deceleration Lane,01,Daylight,4/26/2025,2025-04-26,N,20.57,F,N,,,0BC27F25A15EA7F96EEBAEF72C36400B24AB6CC20D438160324C2B1E4D928A15,IS,01,No,,,,,09,Wet,,,N,03,Transition Area,03,Work on Shoulder or Median,No
Property Damage Crashes,DA380500DT,Prince George's County Police,Front to Rear,Prince George's,,No,No,No,No,No,,394,SPUR,No,True,No,4/19/2025,No,Point,38.971768576,-76.979817630,PGCOPD,03,16,03,Yes,12,04,12:29,2025,Saturday,12,Motor Vehicle In Transport,05,On Roadway,,Perpendicular,,,RIGGS RD,03,05,Intersection or Related,01,Daylight,4/19/2025,2025-04-19,N,0,F,N,,,F1B0F9D591FFF6B9282D9BE8262DC377769C60500F8D49C328BB50EB587AC724,SP,01,No,,,,,01,Dry,01,Signalized,,,,,,
Injury Crashes,DA42700027,Prince George's County Police,Single Vehicle,Prince George's,,No,No,No,No,No,,3132,COUNTY ROAD,No,True,No,3/13/2025,No,Point,38.9288877,-76.834938,PGCOPD,101,16,02,No,10,,10:39,2025,Thursday,07,Overturn/Rollover,04,"Off-Roadway, Location Unknown",,,100,Local,,,09,Through Roadway,01,Daylight,3/13/2025,2025-03-13,W,40.65,F,N,,,604D25D2597EC1665EB3F14687CEE77C5887CCC21CC05104B5DE18AC7CCCBFCD,CO,01,No,,,,,01,Dry,,,,,,,,
Property Damage Crashes,MSP74160021,Maryland State Police,Front to Rear,Prince George's,Interstate,No,No,No,No,No,CAPITAL BELTWAY,95,INTERSTATE ROUTE,No,True,No,5/6/2025,No,Point,38.981922476,-76.876762068,MSP,03,16,03,No,14,,14:46,2025,Tuesday,12,Motor Vehicle In Transport,05,On Roadway,1,,,,,,09,Through Roadway,01,Daylight,5/6/2025,2025-05-06,S,20.84,F,N,,,72BD89BD2302F24A98B6F1F975673B7FCA19D91AD5292FC3EA062DED26941B69,IS,01,No,,,,,01,Dry,,,,,,,,
Property Damage Crashes,DA4349003M,Prince George's County Police,Front to Rear,Prince George's,,No,No,No,No,No,MARLBORO PIKE (NB/L),3074,COUNTY ROAD,No,True,No,2/1/2025,No,Point,38.864911291,-76.915748396,PGCOPD,03,16,03,No,1,04,01:20,2025,Saturday,12,Motor Vehicle In Transport,05,On Roadway,,Perpendicular,,,BROOKS DR,03,05,Intersection or Related,03,Dark - Lighted,2/1/2025,2025-02-01,N,0,F,N,,,780EAE9299BD9F616D8492A3FABD083DE280C97D36FCF55D84DB7A5C47939841,CO,01,No,,,,,09,Wet,01,Signalized,,,,,,
Property Damage Crashes,MSP546601R3,Maryland State Police,Single Vehicle,Prince George's,Principal Arterial – Other,No,No,No,No,No,PENNSYLVANIA AVE (SB/L),4,MARYLAND ROUTE,No,True,No,1/24/2025,No,Point,38.819697378,-76.846597722,MSP,101,16,03,Yes,17,,17:11,2025,Friday,28,Ditch,03,Median,3,,,,,,09,Through Roadway,101,Dusk,1/24/2025,2025-01-24,S,22.97,F,N,,,CBAC39832D71C0E18D60F5ABCB2DC147C796EA6FDA40C228A88E7A3B504E1A5A,MD,01,No,40,Tree (standing),03,Median,01,Dry,,,,,,,,
Injury Crashes,CE53570014,Laurel Police Department,"Sideswipe, Same Direction",Prince George's,Minor Collector,No,No,No,No,No,MAIN ST,979,MARYLAND ROUTE,No,True,No,5/9/2025,No,Point,39.104041416,-76.843653264,LAUREL,07,16,02,No,18,,18:00,2025,Friday,12,Motor Vehicle In Transport,05,On Roadway,6,,,,,,01,Acceleration/Deceleration Lane,01,Daylight,5/9/2025,2025-05-09,S,35.06,F,N,,,8D5D58C86FAF59D885CD9DFE6E953486E4B713E4D53FDB932724743FA52D2AAA,MD,01,No,,,,,01,Dry,,,,,,,,
Property Damage Crashes,DA43950024,Prince George's County Police,Front to Rear,Prince George's,,No,No,No,No,Yes,,,,No,True,No,4/1/2025,No,Point,38.991118524,-76.988160097,PGCOPD,03,16,03,,14,,14:20,2025,Tuesday,15,Parked Vehicle,02,In Parking Lane Or Zone,,,,,,,,,01,Daylight,4/1/2025,2025-04-01,,,F,N,101,Parking Aisle,,,01,No,,,,,,,,,,,,,,
Property Damage Crashes,CE4910003L,Laurel Police Department,Angle,Prince George's,,No,No,No,No,No,,939,CROSSOVER,No,True,No,1/27/2025,No,Point,39.095604202,-76.838775155,LAUREL,01,16,03,Yes,6,04,06:50,2025,Monday,12,Motor Vehicle In Transport,05,On Roadway,,Perpendicular,,,FORT MEADE RD (WB/L),03,05,Intersection or Related,100,Dawn,1/27/2025,2025-01-27,S,0,F,N,,,8957B34BBC1182B97A1B9180720713412ADB8302003F41990256EE946AAAC0C6,XO,01,No,,,,,01,Dry,01,Signalized,,,,,,
Property Damage Crashes,DA2448000T,Prince George's County Police,Single Vehicle,Prince George's,,No,No,No,No,No,CHESWICKE LN,3300,LOCAL ROAD,No,True,No,5/24/2025,No,Point,38.702438274,-76.732952552,PGCOPD,101,16,03,No,4,,04:35,2025,Saturday,26,Culvert,04,"Off-Roadway, Location Unknown",,,,,,,06,Non-Junction,04,Dark - Not Lighted,5/24/2025,2025-05-24,W,12.96,F,N,,,F2F6F941D03C3893621D92B9308691C49C6C2A14392F28AE09BB5C85578A227F,LL,01,No,,,,,01,Dry,,,,,,,,
Property Damage Crashes,DJ0129002Y,Seat Pleasant Police Department,Front to Rear,Prince George's,Minor Arterial,No,No,No,No,No,SUITLAND RD,218,MARYLAND ROUTE,No,True,No,5/28/2025,No,Point,38.850832868,-76.928982325,SEATPLEASANT,03,16,03,No,13,,13:10,2025,Wednesday,12,Motor Vehicle In Transport,99,Unknown,4,,100,Local,HOMER AVE,,01,Acceleration/Deceleration Lane,01,Daylight,5/28/2025,2025-05-28,E,5.95,F,N,,,31B8BAF015BB77EF2AAE177F05615D215C972017D12AB723113991FA53EF99E2,MD,01,No,97,Not Applicable,,,09,Wet,,,,,,,,