Crash Severity Description,Reportnumber,Agencyname,CollisionImpact Description,Crash County Description,FunctionalClass Description,ImpairedCrash,Large Vehicle Involved,Motorcycle Crash,Non-Motorist Crash,OffRoad,RoadName,Route Number,RouteType Description,Unrestrained Occupants,WithinDateRange,Work Zone Related,Crashdate,Work Zone Crash,CrashPoint,Latitude,Longitude,AgencyCode,CollisionImpact,Crash County,Crash Severity,Crash Within Interchange,Crashhour,CrashInterchangeApproaches,Crashtime,CrashYear,Dayofweek,FirstHarmEvent,FirstHarmEvent Description,FirstHarmLocation,FirstHarmLocation Description,FunctionalClass,Geometry Description,GovPropertyDamage,GovPropertyDamage Description,IntersectingRoadName,Intersection Geometry,JunctionRelated,JunctionRelated Description,Light,Light Description,LOD Crash Date,LOD Date Level,MilepointDirection,MilepointDistance,MilepointUnits,NonTrafficFatal,OffroadLocation,OffroadLocation Description,RoadID,RouteType,SchoolBusRelated,SchoolBusRelated Description,SecondHarmEvent,SecondHarmEvent Description,SecondHarmLocation,SecondHarmLocation Description,Surface,Surface Description,TrafficControl,Trafficcontrol Description,WZLawEnforcementPresent,WZLocation,WZLocation Description,WZType,WZType Description,WZWorkersPresent
Injury Crashes,MSP68590086,Maryland State Police,Angle,Prince George's,Minor Arterial,No,No,No,No,No,ENTERPRISE RD (WB/L),193,MARYLAND ROUTE,Yes,True,No,1/27/2025,No,Point,38.900343508,-76.791891706,MSP,01,16,02,Yes,8,04,08:50,2025,Monday,12,Motor Vehicle In Transport,05,On Roadway,4,Perpendicular,,,CENTRAL AVE (WB/L),03,05,Intersection or Related,01,Daylight,1/27/2025,2025-01-27,W,0,F,N,,,6C9595A184DBDF003C50C604B4F79BE88F8D77612F04DDA720F2E6601822C9D5,MD,01,No,,,,,01,Dry,01,Signalized,,,,,,
Property Damage Crashes,DA4368001Q,Prince George's County Police,"Sideswipe, Same Direction",Prince George's,Minor Arterial,No,No,No,No,No,ALLENTOWN RD (SB/L),126,COUNTY ROAD,No,True,No,4/16/2025,No,Point,38.804585924,-76.906395048,PGCOPD,07,16,03,No,10,,10:19,2025,Wednesday,12,Motor Vehicle In Transport,05,On Roadway,4,,,,RAMP 8 FR RAMP 5 TO ALLENTOWN RD,,04,Entrance/Exit Ramp or Related,01,Daylight,4/16/2025,2025-04-16,S,11.63,F,N,,,D0E20DEDC20902AA9FF7364F0A38028F9883B323CE894C343507D6ABFA06FAE8,CO,01,No,,,,,01,Dry,,,,,,,,
Property Damage Crashes,DA43830038,Prince George's County Police,Front to Rear,Prince George's,Minor Arterial,No,No,No,No,No,ENTERPRISE RD (WB/L),193,MARYLAND ROUTE,No,True,No,4/21/2025,No,Point,38.945243097,-76.798283505,PGCOPD,03,16,03,No,7,,07:05,2025,Monday,15,Parked Vehicle,09,Roadside,4,,,,,,06,Non-Junction,01,Daylight,4/21/2025,2025-04-21,S,29.98,F,N,,,D285C4EA520EE2073CC4464775D46AB48991198636145137B266D878E2623521,MD,01,No,,,,,01,Dry,,,,,,,,
Property Damage Crashes,DA4257004G,Prince George's County Police,Angle,Prince George's,Principal Arterial – Other,No,No,No,No,No,,1,UNITED STATE ROUTE,No,True,No,2/4/2025,No,Point,39.028043496,-76.917370625,PGCOPD,01,16,03,No,7,,07:20,2025,Tuesday,12,Motor Vehicle In Transport,05,On Roadway,3,,,,,,06,Non-Junction,01,Daylight,2/4/2025,2025-02-04,S,53.88,F,N,,,8242157D06046B3F312D23392289BCE0AE1BE8A8722593D0D41A68C19CAD501E,US,01,No,,,,,01,Dry,,,,,,,,
Property Damage Crashes,DA4276007F,Prince George's County Police,"Sideswipe, Same Direction",Prince George's,Local,No,Yes,No,No,No,OLD LANDOVER RD,1734,COUNTY ROAD,No,True,No,3/13/2025,No,Point,38.933207250,-76.907693792,PGCOPD,07,16,03,No,17,,17:55,2025,Thursday,12,Motor Vehicle In Transport,05,On Roadway,7,,,,63RD PL,,06,Non-Junction,01,Daylight,3/13/2025,2025-03-13,N,59.32,F,N,,,0CB10AA81CD49922CA78F4F486217536B12CA6AB4B828CE13C59EC4B5F264172,CO,02,"Yes, School Bus Directly Involved",,,,,01,Dry,,,,,,,,
Property Damage Crashes,DA333600GF,Prince George's County Police,Other,Prince George's,Local,No,No,No,No,No,MCCORMICK RD,6938,COUNTY ROAD,No,True,No,3/30/2025,No,Point,38.798212466,-76.838353915,PGCOPD,98,16,03,No,11,,11:50,2025,Sunday,12,Motor Vehicle In Transport,05,On Roadway,7,,,,,,09,Through Roadway,01,Daylight,3/30/2025,2025-03-30,E,46.66,F,N,,,52BA8CD9D95469DC4B3C36419B4E3CBD7D9B523D45E04C3A2E82A2ED5DA26B2D,CO,01,No,,,,,01,Dry,,,,,,,,
Property Damage Crashes,DA43040066,Prince George's County Police,Front to Rear,Prince George's,Minor Arterial,No,No,No,No,No,POWDER MILL RD,212,MARYLAND ROUTE,No,True,No,3/6/2025,No,Point,39.034374269,-76.904147852,PGCOPD,03,16,03,No,17,,17:08,2025,Thursday,12,Motor Vehicle In Transport,05,On Roadway,4,,,,,,06,Non-Junction,01,Daylight,3/6/2025,2025-03-06,E,26.14,F,N,,,827ABB96FA3EC909EB5010F8F027A186366950F7309A783E6782458AE780D9C4,MD,01,No,,,,,01,Dry,,,,,,,,
Property Damage Crashes,DA4302002Z,Prince George's County Police,Front to Rear,Prince George's,,No,No,No,No,No,,2181,PRIVATE ROAD,No,True,No,5/11/2025,No,Point,38.822379630,-76.756485719,PGCOPD,03,16,03,Yes,10,,10:32,2025,Sunday,12,Motor Vehicle In Transport,99,Unknown,,,,,,,01,Acceleration/Deceleration Lane,01,Daylight,5/11/2025,2025-05-11,N,925.66,F,N,,,E5852DACA095FB58CAC74B25222B9316A469F3A87B76DEDF5BC1DFC2B841E42B,PV,01,No,,,,,01,Dry,,,,,,,,
Property Damage Crashes,BP11340021,Forest Heights Police Department,Other,Prince George's,Minor Arterial,No,No,No,No,No,LIVINGSTON RD,1203,COUNTY ROAD,No,True,No,2/10/2025,No,Point,38.815396487,-76.998154963,FORESTHEIGHTS,98,16,03,No,9,,09:08,2025,Monday,12,Motor Vehicle In Transport,05,On Roadway,4,,,,,,09,Through Roadway,01,Daylight,2/10/2025,2025-02-10,E,42.88,F,N,,,63A9018013526DE7319CE4A8C5DF081674B92D0CE480CEF53AC98E8507173859,CO,01,No,37,Other Traffic Barrier,04,"Off-Roadway, Location Unknown",01,Dry,,,,,,,,
Injury Crashes,CE450600P2,Laurel Police Department,Rear To Side,Prince George's,Minor Collector,Yes,No,No,No,No,MAIN ST,230,MUNICIPAL ROAD,No,True,No,3/31/2025,No,Point,39.104020830,-76.843626714,LAUREL,05,16,02,No,1,,01:19,2025,Monday,12,Motor Vehicle In Transport,05,On Roadway,6,,101,State,,,99,Unknown,03,Dark - Lighted,3/31/2025,2025-03-31,W,24.99,F,N,,,C49909317E878351C418CC8283FC5DB7762A416E7FE20C0109E8B28BCAC15F25,MU,01,No,39,Traffic Signal Support,09,Roadside,01,Dry,,,,,,,,
Property Damage Crashes,DA44350001,Prince George's County Police,Front to Rear,Prince George's,Principal Arterial – Other Freeways and Expressways,No,No,No,No,No,RAMP 4 FR MD 295 NB TO MD 197 EB,295,RAMP,No,True,No,3/30/2025,No,Point,39.052810076,-76.837082023,PGCOPD,03,16,03,No,17,,17:18,2025,Sunday,12,Motor Vehicle In Transport,05,On Roadway,2,,,,SNOWDEN RD,,01,Acceleration/Deceleration Lane,01,Daylight,3/30/2025,2025-03-30,S,11.69,F,N,,,625DC54B157CF8B51116A1FAFF9E67B533A512D69B1922411FA5300ECB592AE9,RP,01,No,,,,,01,Dry,,,,,,,,
Property Damage Crashes,AM03910023,Bladensburg Police Department,Single Vehicle,Prince George's,Local,No,No,No,No,No,48TH ST,769,MARYLAND ROUTE,No,True,No,4/15/2025,No,Point,38.940168841,-76.936203320,BLADENSBURG,101,16,03,No,17,,17:40,2025,Tuesday,30,Fence,06,"On Shoulder, Left Side",7,,,,,,09,Through Roadway,01,Daylight,4/15/2025,2025-04-15,N,5.52,F,N,,,8C0B415A393DF220640B296821A1DBA37AC58AC2FCC65D923B6B771A9C6265C5,MD,01,No,,,,,01,Dry,,,,,,,,
Property Damage Crashes,DA4034005K,Prince George's County Police,Rear To Side,Prince George's,,No,Yes,No,No,Yes,,,,No,True,No,3/24/2025,No,Point,38.970347590,-76.903576381,PGCOPD,05,16,03,,14,,14:43,2025,Monday,12,Motor Vehicle In Transport,02,In Parking Lane Or Zone,,,,,,,,,01,Daylight,3/24/2025,2025-03-24,,,F,N,102,Parking Lot Way,,,02,"Yes, School Bus Directly Involved",,,,,,,,,,,,,,
Property Damage Crashes,DA4251006W,Prince George's County Police,Front to Rear,Prince George's,Principal Arterial – Other,No,No,No,No,No,ANNAPOLIS RD,450,MARYLAND ROUTE,No,True,No,5/4/2025,No,Point,38.956830701,-76.813456414,PGCOPD,03,16,03,Yes,13,,13:45,2025,Sunday,12,Motor Vehicle In Transport,05,On Roadway,3,,,,,,09,Through Roadway,01,Daylight,5/4/2025,2025-05-04,E,43.28,F,N,,,6487CFC3D357809B29B692F9BD8A8852BC7EBA99714F3271FB7625BFC9D60ECA,MD,01,No,,,,,09,Wet,,,,,,,,
Property Damage Crashes,MSP697200GT,Maryland State Police,Single Vehicle,Prince George's,Principal Arterial – Other Freeways and Expressways,No,No,No,No,No,RAMP 7 FR US 50 WB TO MD 201 SB,50,RAMP,No,True,No,5/4/2025,No,Point,38.919587752,-76.934343329,MSP,101,16,03,Yes,23,,23:57,2025,Sunday,27,Curb,09,Roadside,2,,,,,,04,Entrance/Exit Ramp or Related,04,Dark - Not Lighted,5/4/2025,2025-05-04,E,28.92,F,N,,,526CF7CF13D79D4081B21837F3780C4A44D17D87919851346FE441E0DDC82548,RP,01,No,,,,,01,Dry,,,,,,,,
Property Damage Crashes,DA43740039,Prince George's County Police,"Sideswipe, Same Direction",Prince George's,Minor Arterial,No,No,No,No,No,GOOD LUCK RD,42,COUNTY ROAD,No,True,No,2/18/2025,No,Point,38.980087887,-76.867768508,PGCOPD,07,16,03,No,13,,13:13,2025,Tuesday,12,Motor Vehicle In Transport,05,On Roadway,4,,,,,,09,Through Roadway,01,Daylight,2/18/2025,2025-02-18,E,14.17,F,N,,,41B52F218608A2EB57F3B542172BE1BE3E0FE0BDA036A91476B7F30590130FEF,CO,01,No,36,"Other Post, Pole, Or Support",04,"Off-Roadway, Location Unknown",01,Dry,,,,,,,,
Injury Crashes,DA44300011,Prince George's County Police,Front to Rear,Prince George's,Minor Arterial,No,No,No,No,No,WALKER MILL RD (EB/L),367,COUNTY ROAD,No,True,No,5/6/2025,No,Point,38.8756034,-76.876355417,PGCOPD,03,16,02,No,17,,17:30,2025,Tuesday,12,Motor Vehicle In Transport,05,On Roadway,4,,,,,,09,Through Roadway,01,Daylight,5/6/2025,2025-05-06,W,36.42,F,N,,,A71B5B5934A415A6F014CE8B9F20AE09460DDBC131A606217A7A7F2995486143,CO,01,No,,,,,01,Dry,,,,,,,,
Property Damage Crashes,DA43280036,Prince George's County Police,Other,Prince George's,Principal Arterial – Other,No,No,No,No,No,ST BARNABAS RD (WB/L),414,MARYLAND ROUTE,Yes,True,No,3/27/2025,No,Point,38.805836159,-76.973501168,PGCOPD,98,16,03,No,5,,05:21,2025,Thursday,12,Motor Vehicle In Transport,05,On Roadway,3,,,,,,06,Non-Junction,03,Dark - Lighted,3/27/2025,2025-03-27,W,40.54,F,N,,,198FA0DD1F46988FA434223A6D26F5F02E06CE7FDC5B7AFF059C38C6C069A259,MD,01,No,,,,,01,Dry,,,,,,,,
Property Damage Crashes,DA4378002M,Prince George's County Police,Single Vehicle,Prince George's,Minor Arterial,No,No,No,No,No,CHERRY LA,7,COUNTY ROAD,No,True,No,2/25/2025,No,Point,39.087026995,-76.852683823,PGCOPD,101,16,03,No,22,,22:39,2025,Tuesday,41,Utility Pole/Light Support,09,Roadside,4,,,,,,06,Non-Junction,03,Dark - Lighted,2/25/2025,2025-02-25,N,17.62,F,N,,,5C159FE01BA4FBB599232659D646B97EC3905D48D28765D18B3CDE5BCC2E20AE,CO,01,No,,,,,01,Dry,,,,,,,,
Injury Crashes,MSP7839001D,Maryland State Police,Front to Rear,Prince George's,Interstate,No,No,No,No,No,CAPITAL BELTWAY (NB LOCAL),95,INTERSTATE ROUTE,No,True,No,1/12/2025,No,Point,38.798447203,-77.007621807,MSP,03,16,02,No,3,,03:21,2025,Sunday,12,Motor Vehicle In Transport,07,"On Shoulder, Right Side",1,,101,State,,,06,Non-Junction,04,Dark - Not Lighted,1/12/2025,2025-01-12,E,18.66,F,N,,,99E1F9DBF8231B749392288F39E279F56D1BB7BAF86DC290848BC0317BD9B3C7,IS,01,No,25,Concrete Traffic Barrier,09,Roadside,01,Dry,,,,,,,,
Property Damage Crashes,MSP7764007J,Maryland State Police,Front to Rear,Prince George's,Principal Arterial – Other Freeways and Expressways,No,No,No,No,No,JOHN HANSON HWY (WB/L),50,UNITED STATE ROUTE,No,True,No,2/14/2025,No,Point,38.918346717,-76.913840583,MSP,03,16,03,No,9,,09:46,2025,Friday,12,Motor Vehicle In Transport,05,On Roadway,2,,,,,,06,Non-Junction,01,Daylight,2/14/2025,2025-02-14,W,28.61,F,N,,,BFE5899DF001E4B4C89944B2D0007FDCF31FCE929C2EF141DA7D99CD9A04A76D,US,01,No,,,,,01,Dry,,,,,,,,
Property Damage Crashes,CE45870081,Laurel Police Department,Other,Prince George's,,No,Yes,No,No,Yes,,,,No,True,No,2/6/2025,No,Point,39.095188405,-76.855637313,LAUREL,98,16,03,,8,,08:21,2025,Thursday,15,Parked Vehicle,99,Unknown,,,,,,,,,01,Daylight,2/6/2025,2025-02-06,,,F,N,107,Alley,,,01,No,,,,,,,,,,,,,,
Injury Crashes,DA3726009V,Prince George's County Police,Single Vehicle,Prince George's,Local,No,No,No,Yes,No,MONROE ST,346,COUNTY ROAD,No,True,No,1/25/2025,No,Point,38.933594906,-76.934088851,PGCOPD,101,16,02,Yes,22,02,22:01,2025,Saturday,17,Pedestrian,05,On Roadway,7,Perpendicular,,,KENILWORTH AVE,03,05,Intersection or Related,04,Dark - Not Lighted,1/25/2025,2025-01-25,S,0,F,N,,,426F889B4F676E1C9870E59DD8DE4B5EF27BA1BF984704C289DAAE9E12329FED,CO,01,No,,,,,01,Dry,05,No Controls,,,,,,
Injury Crashes,DA38370029,Prince George's County Police,Angle,Prince George's,Major Collector,No,No,No,No,No,WESTPHALIA RD (WB/L),91,COUNTY ROAD,No,True,No,3/17/2025,No,Point,38.837964178,-76.861832403,PGCOPD,01,16,02,Yes,16,,16:00,2025,Monday,12,Motor Vehicle In Transport,05,On Roadway,5,,,,,,01,Acceleration/Deceleration Lane,01,Daylight,3/17/2025,2025-03-17,S,60.5,F,N,,,6987452FFF939267DDA38513B796C9EF9700CCA6907EE4FB8EC507F662E10B16,CO,01,No,,,,,01,Dry,,,,,,,,
Property Damage Crashes,MSP744200SL,Maryland State Police,"Sideswipe, Same Direction",Prince George's,Principal Arterial – Other,No,No,No,No,No,,1,UNITED STATE ROUTE,No,True,No,5/3/2025,No,Point,39.037286781,-76.905695555,MSP,07,16,03,No,15,,15:37,2025,Saturday,12,Motor Vehicle In Transport,05,On Roadway,3,,,,,,09,Through Roadway,01,Daylight,5/3/2025,2025-05-03,S,5.68,F,N,,,7423E5A4C49616B688E88CA406375B4618E80DCC76E41C6AE7B71185A5194A11,US,01,No,12,Motor Vehicle In Transport,05,On Roadway,01,Dry,,,,,,,,
Property Damage Crashes,DA4359001L,Prince George's County Police,Angle,Prince George's,Major Collector,No,No,No,No,No,MUIRKIRK RD,21,COUNTY ROAD,No,True,No,4/13/2025,No,Point,39.063531630,-76.888810779,PGCOPD,01,16,03,No,22,,22:48,2025,Sunday,12,Motor Vehicle In Transport,05,On Roadway,5,,,,MUIRKIRK MEADOWS DR,,06,Non-Junction,03,Dark - Lighted,4/13/2025,2025-04-13,W,32.18,F,N,,,C799DB582EA71B8391E2006B517C2FB52F3269838909528C48E5BC0784223C2F,CO,01,No,,,,,01,Dry,,,,,,,,
Injury Crashes,DA42720029,Prince George's County Police,Front to Rear,Prince George's,Principal Arterial – Other Freeways and Expressways,No,No,No,No,No,BRANCH AVE,5,MARYLAND ROUTE,No,True,No,4/13/2025,No,Point,38.822027683,-76.921187152,PGCOPD,03,16,02,No,18,,18:09,2025,Sunday,12,Motor Vehicle In Transport,05,On Roadway,2,,,,,,06,Non-Junction,01,Daylight,4/13/2025,2025-04-13,N,23.12,F,N,,,6AE3AB1B7191A9698308A462EF87E7B3194CCC04DE7F80F41989C16DF0BB5510,MD,01,No,,,,,01,Dry,,,,,,,,
Property Damage Crashes,DA3814006W,Prince George's County Police,Single Vehicle,Prince George's,,No,Yes,No,No,No,TORTOLA DR,3261,LOCAL ROAD,Yes,True,No,4/26/2025,No,Point,38.659778578,-77.012315641,PGCOPD,101,16,03,No,19,,19:15,2025,Saturday,13,Other Non-Fixed Object,99,Unknown,,,100,Local,,,06,Non-Junction,01,Daylight,4/26/2025,2025-04-26,W,38.52,F,N,,,B2EF406159DB36BE0B3088E9DB720FE14BF386BECE606D2348EA2B8AC341B815,LL,01,No,,,,,01,Dry,,,,,,,,
Property Damage Crashes,CE4573003T,Laurel Police Department,Front to Front,Prince George's,,No,No,No,No,Yes,,,,Yes,True,No,2/26/2025,No,Point,39.091069447,-76.848259687,LAUREL,02,16,03,,16,,16:20,2025,Wednesday,15,Parked Vehicle,02,In Parking Lane Or Zone,,,,,,,,,01,Daylight,2/26/2025,2025-02-26,,,F,N,100,Parking Stall,,,01,No,,,,,,,,,,,,,,
Injury Crashes,DA3696000G,Prince George's County Police,Front to Front,Prince George's,Minor Arterial,No,No,No,No,No,POWDER MILL RD (SB/L),212,MARYLAND ROUTE,No,True,No,5/12/2025,No,Point,39.048299223,-76.935649628,PGCOPD,02,16,02,No,10,,10:08,2025,Monday,12,Motor Vehicle In Transport,05,On Roadway,4,,,,,,06,Non-Junction,01,Daylight,5/12/2025,2025-05-12,N,10.14,F,N,,,FA558026C44990FB2DCC188AFC46F89820B6A84C1669DCC30CC3F34075A41D8C,MD,01,No,,,,,01,Dry,,,,,,,,
Property Damage Crashes,DA368800DK,Prince George's County Police,"Sideswipe, Same Direction",Prince George's,Major Collector,No,No,No,No,No,SUNNYSIDE AVE,20,COUNTY ROAD,No,True,No,4/30/2025,No,Point,39.022959670,-76.901837547,PGCOPD,07,16,03,No,14,,14:00,2025,Wednesday,12,Motor Vehicle In Transport,05,On Roadway,5,,,,,,06,Non-Junction,01,Daylight,4/30/2025,2025-04-30,N,44.74,F,N,,,2582F90C4B1AA4BD1D3EBAD12DEA02EF549720837E1F4CA4BA6D4C3C71FC4F07,CO,01,No,,,,,01,Dry,,,,,,,,
Property Damage Crashes,DA3715008X,Prince George's County Police,Other,Prince George's,Major Collector,No,No,No,No,No,ADDISON RD,351,COUNTY ROAD,Yes,True,No,4/11/2025,No,Point,38.909586623,-76.922950488,PGCOPD,98,16,03,No,0,,00:56,2025,Friday,12,Motor Vehicle In Transport,05,On Roadway,5,,,,,,06,Non-Junction,03,Dark - Lighted,4/11/2025,2025-04-11,N,354.41,F,N,,,BE3458F560EC6E1CFB568125871DE203C6FEF96A066BE127957879C57F4FC37D,CO,01,No,,,,,09,Wet,,,,,,,,
Property Damage Crashes,MSP6582015J,Maryland State Police,Front to Rear,Prince George's,Interstate,No,No,No,No,No,CAPITAL BELTWAY,95,INTERSTATE ROUTE,No,True,No,2/18/2025,No,Point,38.807182383,-76.980007383,MSP,03,16,03,No,8,,08:20,2025,Tuesday,12,Motor Vehicle In Transport,05,On Roadway,1,,,,,,09,Through Roadway,01,Daylight,2/18/2025,2025-02-18,S,42.19,F,N,,,8F9D8AAECADE7C7762C74712F6D31E54DBFF09130C129834B86559FEA64E25F7,IS,01,No,,,,,01,Dry,,,,,,,,
Property Damage Crashes,DA3198003L,Prince George's County Police,Front to Rear,Prince George's,Principal Arterial – Other Freeways and Expressways,No,No,No,No,No,INDIAN HEAD HWY (SB/L),210,MARYLAND ROUTE,No,True,No,1/30/2025,No,Point,38.686547822,-76.993716063,PGCOPD,03,16,03,No,15,,15:59,2025,Thursday,12,Motor Vehicle In Transport,05,On Roadway,2,,,,,,06,Non-Junction,01,Daylight,1/30/2025,2025-01-30,S,26.35,F,N,,,57C79CE5EF9D32D7605F26E016309B0CD1391E97DFB471A370FDA0B3C7D34AE3,MD,01,No,97,Not Applicable,,,01,Dry,,,,,,,,
Property Damage Crashes,CC0292002Z,Hyattsville Police Department,Unknown,Prince George's,Major Collector,No,No,No,No,No,BELCREST RD,5678,COUNTY ROAD,Yes,True,No,5/23/2025,No,Point,38.966773106,-76.954107324,HYATTSVILLE,99,16,03,Unknown,16,,16:15,2025,Friday,12,Motor Vehicle In Transport,05,On Roadway,5,,,,,,99,Unknown,01,Daylight,5/23/2025,2025-05-23,N,16.73,F,N,,,C336C9FB5995DFD28D32DBE8ED4EDCF6A34E684B81B61CEDA2BA2E919B554A93,CO,01,No,,,,,01,Dry,,,,,,,,
Injury Crashes,MSP744200RD,Maryland State Police,Single Vehicle,Prince George's,Interstate,No,No,No,No,No,CAPITAL BELTWAY (SB/L),95,INTERSTATE ROUTE,No,True,No,2/19/2025,No,Point,39.019339895,-76.931678493,MSP,101,16,02,No,16,,16:13,2025,Wednesday,32,Guardrail Face,09,Roadside,1,,101,State,,,09,Through Roadway,01,Daylight,2/19/2025,2025-02-19,W,24.18,F,N,,,12F8631476E4AA6B18EE0D1F412D856B9F01E2AB1F291900089031668B203199,IS,01,No,12,Motor Vehicle In Transport,05,On Roadway,01,Dry,,,,,,,,
Property Damage Crashes,DA381700L8,Prince George's County Police,Rear To Side,Prince George's,,No,Yes,No,No,Yes,,,,Yes,True,No,1/30/2025,No,Point,38.762383251,-76.902629081,PGCOPD,05,16,03,,8,,08:50,2025,Thursday,12,Motor Vehicle In Transport,02,In Parking Lane Or Zone,,,,,,,,,01,Daylight,1/30/2025,2025-01-30,,,F,N,102,Parking Lot Way,,,02,"Yes, School Bus Directly Involved",,,,,,,,,,,,,,
Property Damage Crashes,MSP7839005M,Maryland State Police,Single Vehicle,Prince George's,Principal Arterial – Other,No,Yes,No,No,No,CRAIN HWY (SB/L),301,UNITED STATE ROUTE,No,True,No,5/16/2025,No,Point,38.825827711,-76.735071341,MSP,101,16,03,No,14,,14:31,2025,Friday,03,Explosion Or Fire,05,On Roadway,3,,,,,,06,Non-Junction,01,Daylight,5/16/2025,2025-05-16,E,21.1,F,N,,,A875FDC005A1A18309013355EDA9485C1145191C80C035E912D2579A656EC5BF,US,01,No,,,,,01,Dry,,,,,,,,
Property Damage Crashes,MSP7765005P,Maryland State Police,Single Vehicle,Prince George's,Principal Arterial – Other,Yes,No,No,No,No,BRANCH AVE (SB/L),5,MARYLAND ROUTE,No,True,No,1/17/2025,No,Point,38.732153027,-76.881935037,MSP,101,16,03,No,21,,21:55,2025,Friday,32,Guardrail Face,06,"On Shoulder, Left Side",3,,101,State,,,09,Through Roadway,04,Dark - Not Lighted,1/17/2025,2025-01-17,N,20.88,F,N,,,F720D44150DDC35217A02F195E392755F76BC0CA1DCAC413F93C6D73E797E119,MD,01,No,,,,,01,Dry,,,,,,,,
Property Damage Crashes,DA389000RV,Prince George's County Police,Other,Prince George's,,No,No,No,No,Yes,,,,No,True,No,2/27/2025,No,Point,39.032322119,-76.909611004,PGCOPD,98,16,03,,18,,18:00,2025,Thursday,12,Motor Vehicle In Transport,02,In Parking Lane Or Zone,,,,,,,,,03,Dark - Lighted,2/27/2025,2025-02-27,,,F,N,102,Parking Lot Way,,,01,No,15,Parked Vehicle,02,In Parking Lane Or Zone,,,,,,,,,,
Property Damage Crashes,AM0388002Q,Bladensburg Police Department,Front to Rear,Prince George's,Major Collector,No,Yes,No,No,No,57TH AVE,570,MUNICIPAL ROAD,No,True,No,3/14/2025,No,Point,38.939884467,-76.917881918,BLADENSBURG,03,16,03,No,17,,17:09,2025,Friday,12,Motor Vehicle In Transport,05,On Roadway,5,,,,,,01,Acceleration/Deceleration Lane,01,Daylight,3/14/2025,2025-03-14,S,38.7,F,N,,,C507DD4A4A5C333F809D7C5AD2932F8AABBFCE0F808EB014D17BC2525661BBDF,MU,01,No,,,,,01,Dry,,,,,,,,
Property Damage Crashes,DA4388001C,Prince George's County Police,"Sideswipe, Opposite Direction",Prince George's,,No,No,No,No,Yes,,,,Yes,True,No,3/10/2025,No,Point,38.937942876,-76.859172081,PGCOPD,06,16,03,,9,,09:35,2025,Monday,12,Motor Vehicle In Transport,04,"Off-Roadway, Location Unknown",,,,,,,,,01,Daylight,3/10/2025,2025-03-10,,,F,N,101,Parking Aisle,,,01,No,,,,,,,,,,,,,,
Property Damage Crashes,DA394600D2,Prince George's County Police,"Sideswipe, Same Direction",Prince George's,Major Collector,No,Yes,No,No,No,38TH ST,208,MARYLAND ROUTE,No,True,No,5/1/2025,No,Point,38.938178237,-76.955291832,PGCOPD,07,16,03,No,8,,08:00,2025,Thursday,12,Motor Vehicle In Transport,05,On Roadway,5,,,,,,09,Through Roadway,01,Daylight,5/1/2025,2025-05-01,N,18.45,F,N,,,8ACF1CD9AEC4F5F524837E34236B094CA088CD03346DBDB14FE4B07647C815F6,MD,01,No,,,,,01,Dry,,,,,,,,
Property Damage Crashes,DA4069009Y,Prince George's County Police,Single Vehicle,Prince George's,Principal Arterial – Other,No,No,No,No,No,UNIVERSITY BLVD (WB/L),193,MARYLAND ROUTE,No,True,No,2/23/2025,No,Point,39.001533816,-76.930797421,PGCOPD,101,16,03,No,3,,03:19,2025,Sunday,32,Guardrail Face,09,Roadside,3,,,,,,09,Through Roadway,04,Dark - Not Lighted,2/23/2025,2025-02-23,E,30.12,F,N,,,DEE7B6B0849D7365E854C43C21AEEC3B9320B9BE20059311E951565956A60FB3,MD,01,No,,,,,01,Dry,,,,,,,,
Property Damage Crashes,DA44170006,Prince George's County Police,Single Vehicle,Prince George's,Principal Arterial – Other,No,Yes,No,No,No,ST BARNABAS RD (WB/L),414,MARYLAND ROUTE,No,True,No,1/12/2025,No,Point,38.823694077,-76.948701173,PGCOPD,101,16,03,No,4,,04:03,2025,Sunday,27,Curb,09,Roadside,3,,,,,,06,Non-Junction,03,Dark - Lighted,1/12/2025,2025-01-12,N,26.03,F,N,,,EBE3B522EA31D67BE8FAEEBCDC828A4F0C8F711A649E3CB303253516A5825D11,MD,01,No,,,,,07,Snow,,,,,,,,
Property Damage Crashes,MSP7657007C,Maryland State Police,Single Vehicle,Prince George's,Interstate,No,No,No,No,No,RAMP 6 FR IS 95 NB TO MD 5 SB,95,RAMP,No,True,No,1/12/2025,No,Point,38.819756325,-76.925416114,MSP,101,16,03,No,4,,04:50,2025,Sunday,28,Ditch,09,Roadside,1,,,,,,06,Non-Junction,04,Dark - Not Lighted,1/12/2025,2025-01-12,N,11.58,F,N,,,75F6E8A90EA48E142D5A784DBD278E26E7E7E2924DFD0FF043B30454719FC8C3,RP,01,No,,,,,09,Wet,,,,,,,,
Property Damage Crashes,DA4276007P,Prince George's County Police,Other,Prince George's,,No,Yes,No,No,No,,4475,COUNTY ROAD,No,True,No,5/13/2025,No,Point,38.883499328,-76.851281572,PGCOPD,98,16,03,No,1,,01:50,2025,Tuesday,15,Parked Vehicle,05,On Roadway,,,,,EAST HAMPTON DR,,06,Non-Junction,03,Dark - Lighted,5/13/2025,2025-05-13,W,36.58,F,N,,,C281CE77AD6FAF2D1B4F818B5E6EF0C329A4AA6C1BDAFC579236CCD7AD20AC98,CO,01,No,,,,,09,Wet,,,,,,,,