Crash Severity Description,Reportnumber,Agencyname,CollisionImpact Description,Crash County Description,FunctionalClass Description,ImpairedCrash,Large Vehicle Involved,Motorcycle Crash,Non-Motorist Crash,OffRoad,RoadName,Route Number,RouteType Description,Unrestrained Occupants,WithinDateRange,Work Zone Related,Crashdate,Work Zone Crash,CrashPoint,Latitude,Longitude,AgencyCode,CollisionImpact,Crash County,Crash Severity,Crash Within Interchange,Crashhour,CrashInterchangeApproaches,Crashtime,CrashYear,Dayofweek,FirstHarmEvent,FirstHarmEvent Description,FirstHarmLocation,FirstHarmLocation Description,FunctionalClass,Geometry Description,GovPropertyDamage,GovPropertyDamage Description,IntersectingRoadName,Intersection Geometry,JunctionRelated,JunctionRelated Description,Light,Light Description,LOD Crash Date,LOD Date Level,MilepointDirection,MilepointDistance,MilepointUnits,NonTrafficFatal,OffroadLocation,OffroadLocation Description,RoadID,RouteType,SchoolBusRelated,SchoolBusRelated Description,SecondHarmEvent,SecondHarmEvent Description,SecondHarmLocation,SecondHarmLocation Description,Surface,Surface Description,TrafficControl,Trafficcontrol Description,WZLawEnforcementPresent,WZLocation,WZLocation Description,WZType,WZType Description,WZWorkersPresent
Property Damage Crashes,RD0136000G,Riverdale Park Police Department,Front to Rear,Prince George's,Local,No,No,No,No,No,HARRISON AVE,60,MUNICIPAL ROAD,No,True,No,3/27/2025,No,Point,38.961570446,-76.939469875,RIVERDALE,03,16,03,Unknown,13,,13:06,2025,Thursday,12,Motor Vehicle In Transport,99,Unknown,7,,,,BALTIMORE AVE,,99,Unknown,01,Daylight,3/27/2025,2025-03-27,W,13.55,F,N,,,6F94DBF873C72CDDAE021587BBEE65AF19057CECB321B66B0F34B9E39E7BD50E,MU,01,No,,,,,01,Dry,,,,,,,,
Property Damage Crashes,DA4257004Q,Prince George's County Police,Front to Rear,Prince George's,Local,No,No,No,No,No,POWDER MILL RD,3542,COUNTY ROAD,No,True,No,3/22/2025,No,Point,39.051197094,-76.925204350,PGCOPD,03,16,03,No,23,,23:40,2025,Saturday,15,Parked Vehicle,06,"On Shoulder, Left Side",7,,,,,,06,Non-Junction,03,Dark - Lighted,3/22/2025,2025-03-22,W,50.87,F,N,,,53554C99B640713B0244B5C5A14B66B62DBB214E2930A1E0E429BF10286B9913,CO,01,No,15,Parked Vehicle,06,"On Shoulder, Left Side",01,Dry,,,,,,,,
Property Damage Crashes,MSP585801HD,Maryland State Police,"Sideswipe, Same Direction",Prince George's,Interstate,No,Yes,No,No,No,CAPITAL BELTWAY (SB/L),95,INTERSTATE ROUTE,No,True,No,5/2/2025,No,Point,38.817988068,-76.938118967,MSP,07,16,03,No,5,,05:12,2025,Friday,12,Motor Vehicle In Transport,05,On Roadway,1,,,,,,09,Through Roadway,04,Dark - Not Lighted,5/2/2025,2025-05-02,E,39.92,F,N,,,E9A8A9AD21B34D9C42DD3DA2BE2685A4C02A8D62A82F4951E48453CFE1C5F25A,IS,01,No,12,Motor Vehicle In Transport,05,On Roadway,01,Dry,,,,,,,,
Injury Crashes,DA4228005F,Prince George's County Police,Single Vehicle,Prince George's,Local,No,No,No,No,No,QUEEN ANNE RD,1914,COUNTY ROAD,No,True,No,4/26/2025,No,Point,38.885474366,-76.713924412,PGCOPD,101,16,02,No,15,,15:10,2025,Saturday,34,Mailbox,05,On Roadway,7,,,,,,09,Through Roadway,01,Daylight,4/26/2025,2025-04-26,S,27.62,F,N,,,D9B1013C8B4DC23F17FDD15C299C7119EEC0669525ECACD12FCD93516040A44F,CO,01,No,,,,,09,Wet,,,,,,,,
Property Damage Crashes,MSP585801GG,Maryland State Police,Front to Rear,Prince George's,Principal Arterial – Other,No,No,No,No,No,PENNSYLVANIA AVE (SB/L),4,MARYLAND ROUTE,No,True,No,3/22/2025,No,Point,38.820900811,-76.848882519,MSP,03,16,03,No,11,,11:50,2025,Saturday,12,Motor Vehicle In Transport,05,On Roadway,3,,,,,,09,Through Roadway,01,Daylight,3/22/2025,2025-03-22,W,19.93,F,N,,,F3AD27391D8B1455EE04D3D913599DE8ACA71BCC0A8ECACD859EABC49FCDAA94,MD,01,No,,,,,01,Dry,,,,,,,,
Property Damage Crashes,DA4318004H,Prince George's County Police,Front to Rear,Prince George's,Minor Arterial,No,No,No,No,No,ALLENTOWN RD,126,COUNTY ROAD,No,True,No,5/1/2025,No,Point,38.804472477,-76.906275703,PGCOPD,03,16,03,No,0,,00:45,2025,Thursday,12,Motor Vehicle In Transport,05,On Roadway,4,,,,,,09,Through Roadway,03,Dark - Lighted,5/1/2025,2025-05-01,E,12.38,F,N,,,00F04B22938D4F30EF6E3CB8169197C09B714A39FE18DECCFE9AA3B62B091CF7,CO,01,No,,,,,01,Dry,,,,,,,,
Property Damage Crashes,RD0133001G,Riverdale Park Police Department,Other,Prince George's,Principal Arterial – Other,No,No,No,No,No,EAST WEST HWY,410,MARYLAND ROUTE,No,True,No,4/12/2025,No,Point,38.960373571,-76.919836027,RIVERDALE,98,16,03,Yes,23,04,23:41,2025,Saturday,12,Motor Vehicle In Transport,05,On Roadway,3,Perpendicular,,,KENILWORTH AVE,03,05,Intersection or Related,03,Dark - Lighted,4/12/2025,2025-04-12,S,0,F,N,,,A787CBE8FD8C9D1CBB7A75724BB6CD061E6379CA5CAC789494D31C9C4D441F3F,MD,01,No,,,,,01,Dry,01,Signalized,,,,,,
Property Damage Crashes,MSP738100BY,Maryland State Police,Front to Rear,Prince George's,Interstate,No,No,No,No,No,CAPITAL BELTWAY,95,INTERSTATE ROUTE,No,True,No,3/15/2025,No,Point,38.924908333,-76.853478984,MSP,03,16,03,No,16,,16:06,2025,Saturday,12,Motor Vehicle In Transport,05,On Roadway,1,,,,,,01,Acceleration/Deceleration Lane,01,Daylight,3/15/2025,2025-03-15,W,49.41,F,N,,,2BFD6109819F1EEE346BB0DC204E2114CBE5750ADCCE0545CBC017B75A80C4A0,IS,01,No,,,,,01,Dry,,,,,,,,
Property Damage Crashes,DA4252005Q,Prince George's County Police,Front to Rear,Prince George's,,No,No,No,No,Yes,,,,No,True,No,2/9/2025,No,Point,38.870177996,-76.850544942,PGCOPD,03,16,03,,17,,17:31,2025,Sunday,15,Parked Vehicle,02,In Parking Lane Or Zone,,,,,,,,,03,Dark - Lighted,2/9/2025,2025-02-09,,,F,N,102,Parking Lot Way,,,01,No,,,,,,,,,,,,,,
Injury Crashes,DA4368001G,Prince George's County Police,Front to Rear,Prince George's,Principal Arterial – Other,No,No,No,No,No,SILVER HILL RD (SB/L),458,MARYLAND ROUTE,No,True,No,1/18/2025,No,Point,38.839533022,-76.946095765,PGCOPD,03,16,02,No,21,,21:05,2025,Saturday,12,Motor Vehicle In Transport,05,On Roadway,3,,,,,,09,Through Roadway,03,Dark - Lighted,1/18/2025,2025-01-18,N,29.67,F,N,,,59BF8B885775EC9F6BD6E793C89B56A09038A75575BD53AAB7E55DCB72D78BFE,MD,01,No,,,,,01,Dry,,,,,,,,
Property Damage Crashes,DA333600GP,Prince George's County Police,Single Vehicle,Prince George's,Local,No,No,No,No,No,BRADLEY LA,4121,COUNTY ROAD,No,True,No,4/12/2025,No,Point,38.770045344,-76.900091110,PGCOPD,101,16,03,No,5,,05:23,2025,Saturday,36,"Other Post, Pole, Or Support",09,Roadside,7,,,,,,06,Non-Junction,03,Dark - Lighted,4/12/2025,2025-04-12,W,41.07,F,N,,,C9AD061F2202C4F0A9A6D3D9F29B77EE3B84AEB9D89BDA4569D364F9B2D72C2F,CO,01,No,,,,,09,Wet,,,,,,,,
Injury Crashes,MSP7875002C,Maryland State Police,Front to Rear,Prince George's,Principal Arterial – Other,No,No,No,No,No,CRAIN HWY,301,UNITED STATE ROUTE,Yes,True,No,3/1/2025,No,Point,38.674733333,-76.876053333,MSP,03,16,02,No,5,,05:12,2025,Saturday,12,Motor Vehicle In Transport,05,On Roadway,3,,,,TIMOTHY BRANCH DR (WB/L),,06,Non-Junction,04,Dark - Not Lighted,3/1/2025,2025-03-01,E,51.19,F,N,,,D09DB42AB40237FA1A7C13E2C1FD786A723A2CE988994ADB14F2AA75B905792B,US,01,No,,,,,01,Dry,,,,,,,,
Property Damage Crashes,DA4291004M,Prince George's County Police,Other,Prince George's,Local,No,No,No,No,No,FIRST ST,3241,COUNTY ROAD,No,True,No,1/13/2025,No,Point,38.966272064,-76.896480569,PGCOPD,98,16,03,No,7,,07:42,2025,Monday,12,Motor Vehicle In Transport,05,On Roadway,7,,,,,,99,Unknown,01,Daylight,1/13/2025,2025-01-13,E,74.55,F,N,,,88291A92649C3FBAE7AB4D0481A07EA9622701B7045DC7A15680954522571425,CO,01,No,,,,,01,Dry,,,,,,,,
Property Damage Crashes,DA4366002L,Prince George's County Police,Angle,Prince George's,Principal Arterial – Other,No,No,No,No,No,LANDOVER RD (SB/L),202,MARYLAND ROUTE,Yes,True,No,5/24/2025,No,Point,38.927228660,-76.880969318,PGCOPD,01,16,03,No,12,,12:01,2025,Saturday,12,Motor Vehicle In Transport,05,On Roadway,3,,,,FIRE HOUSE RD,,09,Through Roadway,01,Daylight,5/24/2025,2025-05-24,N,18.32,F,N,,,252E986945476C68A71D3CC5421AFD5D0BC5835B83D5CECF6329E5F3E852E095,MD,01,No,12,Motor Vehicle In Transport,05,On Roadway,01,Dry,,,,,,,,
Property Damage Crashes,MSP746700FQ,Maryland State Police,Single Vehicle,Prince George's,Principal Arterial – Other,No,No,No,No,No,CRAIN HWY,301,UNITED STATE ROUTE,No,True,No,3/22/2025,No,Point,38.774402684,-76.800820256,MSP,101,16,03,No,5,,05:31,2025,Saturday,09,Animal (live),05,On Roadway,3,,,,,,09,Through Roadway,04,Dark - Not Lighted,3/22/2025,2025-03-22,S,25.94,F,N,,,D62225DC8973F6D0ED0074F3F2BC3785D435764474F8F3A570B531730B649297,US,01,No,,,,,01,Dry,,,,,,,,
Property Damage Crashes,DA4283003R,Prince George's County Police,Single Vehicle,Prince George's,,No,No,No,No,Yes,,,,No,True,No,4/11/2025,No,Point,38.867484362,-76.848194602,PGCOPD,101,16,03,,17,,17:25,2025,Friday,35,"Other Fixed Object (wall, building, tunnel, etc.)",04,"Off-Roadway, Location Unknown",,,,,,,,,01,Daylight,4/11/2025,2025-04-11,,,F,N,102,Parking Lot Way,,,01,No,,,,,,,,,,,,,,
Injury Crashes,MSP718600K6,Maryland State Police,Single Vehicle,Prince George's,Principal Arterial – Other Freeways and Expressways,No,No,No,Yes,No,PENNSYLVANIA AVE,4,MARYLAND ROUTE,No,True,No,4/3/2025,No,Point,38.817421667,-76.836408333,MSP,101,16,02,No,5,,05:08,2025,Thursday,17,Pedestrian,07,"On Shoulder, Right Side",2,,,,,,09,Through Roadway,05,Dark - Unknown Lighting,4/3/2025,2025-04-03,W,30.4,F,N,,,55AAF39E04EAFC3F4ED8C50038007114EEB7581F5550539FD2C753E06BBA991C,MD,01,No,,,,,01,Dry,,,,,,,,
Injury Crashes,DA4422000D,Prince George's County Police,Front to Front,Prince George's,Minor Arterial,No,No,No,No,No,ADELPHI RD,232,COUNTY ROAD,No,True,No,2/7/2025,No,Point,38.987838959,-76.956659194,PGCOPD,02,16,02,Yes,6,,06:45,2025,Friday,12,Motor Vehicle In Transport,05,On Roadway,4,,,,,,09,Through Roadway,01,Daylight,2/7/2025,2025-02-07,S,13.12,F,N,,,D1380B55EC5B7E4F17AF7A12D94EF7E70D59C14BF40C07E36FBF2694B500DBB5,CO,01,No,,,,,01,Dry,,,,,,,,
Property Damage Crashes,DA4395002D,Prince George's County Police,Front to Rear,Prince George's,Principal Arterial – Other,No,No,No,No,No,NEW HAMPSHIRE AVE,650,MARYLAND ROUTE,No,True,No,5/27/2025,No,Point,38.971000537,-76.998650706,PGCOPD,03,16,03,No,14,,14:04,2025,Tuesday,12,Motor Vehicle In Transport,05,On Roadway,3,,,,,,09,Through Roadway,01,Daylight,5/27/2025,2025-05-27,S,52.72,F,N,,,916368FD7C104CC6D6807759FBB78CCB91125782F4189A681C9B032DE8100A26,MD,01,No,,,,,09,Wet,,,,,,,,
Injury Crashes,DA3594003M,Prince George's County Police,Front to Rear,Prince George's,Minor Arterial,No,No,No,No,No,PALMER RD,3645,COUNTY ROAD,No,True,No,3/10/2025,No,Point,38.767709938,-76.985978864,PGCOPD,03,16,02,No,6,,06:45,2025,Monday,12,Motor Vehicle In Transport,05,On Roadway,4,,,,,,06,Non-Junction,100,Dawn,3/10/2025,2025-03-10,S,28.47,F,N,,,5F9CA0BC8A0B0C58999371A82B1B5856C0EB42079F15CCF5F6073E11F3266316,CO,01,No,07,Overturn/Rollover,09,Roadside,01,Dry,,,,,,,,
Property Damage Crashes,DA42760076,Prince George's County Police,Single Vehicle,Prince George's,Principal Arterial – Other,No,No,No,No,No,LANDOVER RD (SB/L),202,MARYLAND ROUTE,No,True,No,2/9/2025,No,Point,38.925395210,-76.872503210,PGCOPD,101,16,03,No,13,,13:50,2025,Sunday,27,Curb,09,Roadside,3,,,,,,06,Non-Junction,01,Daylight,2/9/2025,2025-02-09,S,30.1,F,N,,,A6A89F2656802E0B58A441C5CD7B220C91404ACF75C13D6A99974044829F38AA,MD,01,No,,,,,01,Dry,,,,,,,,
Property Damage Crashes,DA4347001M,Prince George's County Police,"Sideswipe, Same Direction",Prince George's,Minor Arterial,No,No,No,No,No,LIVINGSTON RD,1203,COUNTY ROAD,No,True,No,5/5/2025,No,Point,38.802648406,-76.988366198,PGCOPD,07,16,03,Yes,17,,17:55,2025,Monday,12,Motor Vehicle In Transport,05,On Roadway,4,,,,,,99,Unknown,01,Daylight,5/5/2025,2025-05-05,S,37.02,F,N,,,4C7C971FBFACC5C0EC7557DC5E7FB8EA23454B14D7C2B161F923215216473DD6,CO,01,No,,,,,09,Wet,,,,,,,,
Property Damage Crashes,DA338900BQ,Prince George's County Police,Front to Rear,Prince George's,Principal Arterial – Other Freeways and Expressways,No,No,No,No,No,BRANCH AVE,5,MARYLAND ROUTE,No,True,No,2/1/2025,No,Point,38.829333471,-76.930181139,PGCOPD,03,16,03,No,20,,20:26,2025,Saturday,12,Motor Vehicle In Transport,05,On Roadway,2,,,,,,06,Non-Junction,03,Dark - Lighted,2/1/2025,2025-02-01,E,36.73,F,N,,,3A2616295B7102F77F16EC64577CA611169AF444B60421702DA6C384F74D24D4,MD,01,No,,,,,01,Dry,,,,,,,,
Injury Crashes,DA4377000Y,Prince George's County Police,"Sideswipe, Opposite Direction",Prince George's,Minor Arterial,No,Yes,No,No,No,BOCK RD,148,COUNTY ROAD,No,True,No,1/19/2025,No,Point,38.790405807,-76.971373482,PGCOPD,06,16,02,No,15,,15:43,2025,Sunday,12,Motor Vehicle In Transport,05,On Roadway,4,,,,,,06,Non-Junction,01,Daylight,1/19/2025,2025-01-19,N,14.75,F,N,,,A5ECB1F75086B3CCDA1FAEA794415E2CCA2C4AA73EF0AA7394B406395DCB3BAA,CO,01,No,,,,,06,Slush,,,,,,,,
Property Damage Crashes,RD0130004M,Riverdale Park Police Department,Angle,Prince George's,Principal Arterial – Other,No,No,No,No,No,EAST WEST HWY,410,MARYLAND ROUTE,Yes,True,No,2/18/2025,No,Point,38.964704229,-76.939505317,RIVERDALE,01,16,03,No,15,,15:00,2025,Tuesday,12,Motor Vehicle In Transport,05,On Roadway,3,,,,,,09,Through Roadway,01,Daylight,2/18/2025,2025-02-18,W,15.25,F,N,,,D73ED015EEE5B11BAB2C85B8D5787843186FE568CB96AD71041CB0A17282ED2A,MD,01,No,12,Motor Vehicle In Transport,05,On Roadway,01,Dry,,,,,,,,
Injury Crashes,DA4417000P,Prince George's County Police,Front to Rear,Prince George's,Principal Arterial – Other,No,No,No,No,No,BRANCH AVE (SB/L),5,MARYLAND ROUTE,No,True,No,3/26/2025,No,Point,38.828088813,-76.928662158,PGCOPD,03,16,02,Yes,10,04,10:20,2025,Wednesday,12,Motor Vehicle In Transport,05,On Roadway,3,Perpendicular,,,BEECH RD,03,05,Intersection or Related,01,Daylight,3/26/2025,2025-03-26,E,0,F,N,,,F87FE54BEA4EC169003434AEA2579698A465B40D53C598249F4604C8033B2F44,MD,01,No,,,,,01,Dry,01,Signalized,,,,,,
Injury Crashes,DA42570047,Prince George's County Police,Rear To Side,Prince George's,Minor Arterial,No,No,No,No,No,OLD GUNPOWDER RD (NB/L),2,COUNTY ROAD,No,True,No,1/10/2025,No,Point,39.052738137,-76.922624608,PGCOPD,05,16,02,Yes,20,04,20:20,2025,Friday,12,Motor Vehicle In Transport,05,On Roadway,4,Angled/Skewed,,,AMMENDALE RD (SB/L),01,05,Intersection or Related,03,Dark - Lighted,1/10/2025,2025-01-10,E,0,F,N,,,E993C75236FCE46C6A5C706D4162813BD925D5C22571360BB2B29FB89B0F826E,CO,01,No,12,Motor Vehicle In Transport,05,On Roadway,01,Dry,01,Signalized,,,,,,
Injury Crashes,MSP7871001P,Maryland State Police,Front to Rear,Prince George's,Interstate,No,No,No,No,No,CAPITAL BELTWAY,95,INTERSTATE ROUTE,No,True,No,1/11/2025,No,Point,38.987147105,-76.881659111,MSP,03,16,02,No,10,,10:29,2025,Saturday,12,Motor Vehicle In Transport,05,On Roadway,1,,,,,,09,Through Roadway,01,Daylight,1/11/2025,2025-01-11,S,38.56,F,N,,,7977E61D52675CB2B1AD174CCA2E46344EEABF4D871FF56989F43C6586B5B4BD,IS,01,No,,,,,01,Dry,,,,,,,,
Property Damage Crashes,DA38240049,Prince George's County Police,"Sideswipe, Same Direction",Prince George's,,No,No,No,No,Yes,,,,Yes,True,No,4/4/2025,No,Point,38.894386834,-76.824913302,PGCOPD,07,16,03,,20,,20:32,2025,Friday,12,Motor Vehicle In Transport,02,In Parking Lane Or Zone,,,100,Local,,,,,03,Dark - Lighted,4/4/2025,2025-04-04,,,F,N,102,Parking Lot Way,,,01,No,27,Curb,03,Median,,,,,,,,,,
Property Damage Crashes,MSP78720027,Maryland State Police,"Sideswipe, Same Direction",Prince George's,Principal Arterial – Other Freeways and Expressways,No,No,No,No,No,RAMP 3 FR MD 223 EB TO MD 5 NB,5,RAMP,No,True,No,2/15/2025,No,Point,38.772772188,-76.886327933,MSP,07,16,03,Yes,13,,13:01,2025,Saturday,12,Motor Vehicle In Transport,05,On Roadway,2,,101,State,,,09,Through Roadway,01,Daylight,2/15/2025,2025-02-15,N,15.29,F,N,,,5194AA330E0480A3687AAA479913FAB4CD9DB0A64FE2FD3206E727410A725D7B,RP,01,No,32,Guardrail Face,07,"On Shoulder, Right Side",09,Wet,,,,,,,,
Injury Crashes,BW0217000R,Greenbelt Police Department,Single Vehicle,Prince George's,,No,No,No,Yes,Yes,,,,Yes,True,No,5/30/2025,No,Point,39.000364822,-76.908059562,GREENBELT,101,16,02,,19,,19:30,2025,Friday,14,Other Non-Motorist,02,In Parking Lane Or Zone,,,,,,,,,01,Daylight,5/30/2025,2025-05-30,,,F,N,102,Parking Lot Way,,,01,No,,,,,,,,,,,,,,
Property Damage Crashes,DA3952008B,Prince George's County Police,"Sideswipe, Opposite Direction",Prince George's,Major Collector,No,No,No,No,No,GLENN DALE RD,953,MARYLAND ROUTE,No,True,No,2/16/2025,No,Point,38.967007971,-76.810541368,PGCOPD,06,16,03,Yes,13,02,13:06,2025,Sunday,12,Motor Vehicle In Transport,05,On Roadway,5,Angled/Skewed,,,ELECTRIC AVE,01,05,Intersection or Related,01,Daylight,2/16/2025,2025-02-16,W,0,F,N,,,D681DD3A5C557A0B9585E6CE3C944BEF8F05E6A15135DAAB7DBF1471CE48A044,MD,01,No,,,,,09,Wet,03,Stop - Partial,,,,,,
Property Damage Crashes,MSP718600KF,Maryland State Police,Single Vehicle,Prince George's,Interstate,No,No,No,No,No,RAMP 4 FR MD 414 NB TO IS 95 EB,95,RAMP,No,True,No,4/19/2025,No,Point,38.809098333,-76.966708333,MSP,101,16,03,Yes,18,,18:17,2025,Saturday,32,Guardrail Face,09,Roadside,1,,,,,,01,Acceleration/Deceleration Lane,01,Daylight,4/19/2025,2025-04-19,N,38.07,F,N,,,45716B09E8A26FB6F53D746DBE5059178A48D21BA016B93783499F6D948D5F1F,RP,01,No,,,,,01,Dry,,,,,,,,
Property Damage Crashes,MSP7872002G,Maryland State Police,Front to Rear,Prince George's,Interstate,No,No,No,No,No,RAMP 8 FR IS 95 SB TO MD 4 WB,95,RAMP,No,True,No,2/22/2025,No,Point,38.841460384,-76.866203963,MSP,03,16,03,No,16,,16:45,2025,Saturday,12,Motor Vehicle In Transport,05,On Roadway,1,,,,,,04,Entrance/Exit Ramp or Related,01,Daylight,2/22/2025,2025-02-22,E,6.94,F,N,,,460BB5169E37DC710A7E18EBEBE7B8BC7A4752D23A882D746C84A5E1CCF225C9,RP,01,No,32,Guardrail Face,07,"On Shoulder, Right Side",01,Dry,,,,,,,,
Property Damage Crashes,MSP7787006Q,Maryland State Police,"Sideswipe, Same Direction",Prince George's,Interstate,No,No,No,No,No,CAPITAL BELTWAY (SB/L),95,INTERSTATE ROUTE,No,True,No,4/30/2025,No,Point,39.003305018,-76.895861036,MSP,07,16,03,No,17,,17:51,2025,Wednesday,12,Motor Vehicle In Transport,05,On Roadway,1,,,,,,06,Non-Junction,01,Daylight,4/30/2025,2025-04-30,N,30.6,F,N,,,09701B80FF4C48F695B3CA404F20D0FAC9B6CCFDAD45A80CF2C95F753FE786A1,IS,01,No,,,,,01,Dry,,,,,,,,
Property Damage Crashes,DA411200CM,Prince George's County Police,Front to Front,Prince George's,Principal Arterial – Other,No,No,No,No,No,WALKER MILL RD (EB/L),367,COUNTY ROAD,No,True,No,2/6/2025,No,Point,38.866190839,-76.892470246,PGCOPD,02,16,03,No,17,,17:51,2025,Thursday,12,Motor Vehicle In Transport,05,On Roadway,3,,,,,,06,Non-Junction,03,Dark - Lighted,2/6/2025,2025-02-06,S,0.31,F,N,,,30B4B4A05086A0A61DAC3E7DB96D8CFF54C9AD6463D0F39C2B413AEDDBC0865B,CO,01,No,,,,,01,Dry,,,,,,,,
Property Damage Crashes,MSP7843001Z,Maryland State Police,Other,Prince George's,Interstate,No,No,No,No,No,CAPITAL BELTWAY,95,INTERSTATE ROUTE,No,True,No,3/26/2025,No,Point,38.996248333,-76.889563333,MSP,98,16,03,No,14,,14:45,2025,Wednesday,12,Motor Vehicle In Transport,05,On Roadway,1,,,,,,06,Non-Junction,01,Daylight,3/26/2025,2025-03-26,S,36.25,F,N,,,13AA92AA767AD2D5718CDBF90CEC4829B138E8E8D1A2FA32CE12C13ED1A69C58,IS,01,No,12,Motor Vehicle In Transport,07,"On Shoulder, Right Side",01,Dry,,,,,,,,
Injury Crashes,DA3397004T,Prince George's County Police,Single Vehicle,Prince George's,Major Collector,No,No,No,No,No,CROOM RD,382,MARYLAND ROUTE,No,True,No,3/14/2025,No,Point,38.636928164,-76.719349483,PGCOPD,101,16,02,No,23,,23:28,2025,Friday,06,Other Non-Collision,05,On Roadway,5,,,,,,06,Non-Junction,04,Dark - Not Lighted,3/14/2025,2025-03-14,S,21.56,F,N,,,527830247376DC457C4D85EAB40628B74DF4C84537A66777C3C56FD564F627F4,MD,01,No,,,,,01,Dry,,,,,,,,
Property Damage Crashes,MSP647600JM,Maryland State Police,Single Vehicle,Prince George's,Interstate,No,No,No,No,No,CAPITAL BELTWAY,95,INTERSTATE ROUTE,No,True,No,5/17/2025,No,Point,38.817851667,-76.945313333,MSP,101,16,03,No,8,,08:37,2025,Saturday,32,Guardrail Face,06,"On Shoulder, Left Side",1,,101,State,,,09,Through Roadway,01,Daylight,5/17/2025,2025-05-17,S,22.41,F,N,,,D5C0C88208FB252794034BF977DE7F7733342054B0262759D62512624CA4FEB9,IS,01,No,32,Guardrail Face,06,"On Shoulder, Left Side",09,Wet,,,,,,,,
Property Damage Crashes,DA4420000T,Prince George's County Police,Angle,Prince George's,Local,No,No,No,No,No,24TH AVE,681,COUNTY ROAD,No,True,No,3/3/2025,No,Point,38.979603547,-76.969733278,PGCOPD,01,16,03,No,12,04,12:30,2025,Monday,12,Motor Vehicle In Transport,05,On Roadway,7,Perpendicular,,,FORDHAM ST,03,05,Intersection or Related,01,Daylight,3/3/2025,2025-03-03,W,0,F,N,,,12A17E2317F4D6A4E657EDF5FA4D0CAC47FF3782BDC916F5EF9D56B6CBB493DC,CO,01,No,,,,,01,Dry,03,Stop - Partial,,,,,,
Property Damage Crashes,MSP745800SL,Maryland State Police,Single Vehicle,Prince George's,Interstate,No,No,No,No,No,CAPITAL BELTWAY (SB/L),95,INTERSTATE ROUTE,No,True,No,4/26/2025,No,Point,38.817985,-76.93574,MSP,101,16,03,No,15,,15:04,2025,Saturday,13,Other Non-Fixed Object,09,Roadside,1,,101,State,,,01,Acceleration/Deceleration Lane,01,Daylight,4/26/2025,2025-04-26,N,21.97,F,N,,,0EFB036934F7FF01E18490DDB9A682407151BDD27FDDB520D14700D43D792FE7,IS,01,No,,,,,09,Wet,,,,,,,,
Property Damage Crashes,MSP743900NF,Maryland State Police,"Sideswipe, Same Direction",Prince George's,Interstate,No,No,No,No,No,RAMP 6 FR RAMP 10 (FR IS 495) TO US 1 SB,95,RAMP,No,True,No,5/7/2025,No,Point,39.016089208,-76.927420573,MSP,07,16,03,No,18,,18:35,2025,Wednesday,12,Motor Vehicle In Transport,05,On Roadway,1,,,,,,09,Through Roadway,01,Daylight,5/7/2025,2025-05-07,N,104.24,F,N,,,8B98BA575FEF6BF4F15A24D0C502C3294F1A36C7FEDCB0755F9EA0772DA4399C,RP,01,No,,,,,01,Dry,,,,,,,,
Property Damage Crashes,DA393900GJ,Prince George's County Police,"Sideswipe, Same Direction",Prince George's,Minor Arterial,No,No,No,No,No,MARLBORO PIKE,3074,COUNTY ROAD,Yes,True,No,5/3/2025,No,Point,38.858494650,-76.907279734,PGCOPD,07,16,03,No,3,,03:56,2025,Saturday,12,Motor Vehicle In Transport,05,On Roadway,4,,,,,,06,Non-Junction,03,Dark - Lighted,5/3/2025,2025-05-03,W,21.01,F,N,,,8C860A646B8DBBE1476EECC907DA859A46D21E50CAAA396641C9AEDC647AB68E,CO,01,No,,,,,01,Dry,,,,,,,,
Property Damage Crashes,DA3073000L,Prince George's County Police,Angle,Prince George's,Major Collector,No,No,No,No,No,BROOKS DR (SB/L),2828,COUNTY ROAD,No,True,No,1/8/2025,No,Point,38.863755433,-76.916752032,PGCOPD,01,16,03,Yes,18,,18:00,2025,Wednesday,12,Motor Vehicle In Transport,07,"On Shoulder, Right Side",5,,,,RIDLEY ST,,02,Crossover-Related,03,Dark - Lighted,1/8/2025,2025-01-08,S,6.41,F,N,,,906C45850074BF558B88417CC52766EF6FBCD9D2EEB9409A2A9CF6181537FA60,CO,01,No,,,,,02,Ice/Frost,,,,,,,,
Property Damage Crashes,DA3175008V,Prince George's County Police,"Sideswipe, Same Direction",Prince George's,Interstate,No,No,No,No,No,CAPITAL BELTWAY,95,INTERSTATE ROUTE,No,True,No,4/4/2025,No,Point,38.819568653,-76.926751396,PGCOPD,07,16,03,No,8,,08:46,2025,Friday,12,Motor Vehicle In Transport,05,On Roadway,1,,,,,,01,Acceleration/Deceleration Lane,01,Daylight,4/4/2025,2025-04-04,W,37.83,F,N,,,4223040B62FD688979D86C265CC6E4C9D6C3F1380E760FC8489276461F4F97E0,IS,01,No,28,Ditch,09,Roadside,01,Dry,,,,,,,,
Property Damage Crashes,MSP6582016L,Maryland State Police,Single Vehicle,Prince George's,Interstate,No,No,No,No,No,CAPITAL BELTWAY,95,INTERSTATE ROUTE,No,True,Yes,5/8/2025,Yes,Point,38.808303333,-76.971731667,MSP,101,16,03,No,18,,18:25,2025,Thursday,32,Guardrail Face,09,Roadside,1,,101,State,,,09,Through Roadway,01,Daylight,5/8/2025,2025-05-08,S,22.1,F,N,,,CFA1C4BEF65741805A0BB9E8B3BC248F0C73B30EDD4D02350F6A5A2E3A895755,IS,01,No,,,,,01,Dry,,,N,02,Advance Warning Area,03,Work on Shoulder or Median,No