Crash Severity Description,Reportnumber,Agencyname,CollisionImpact Description,Crash County Description,FunctionalClass Description,ImpairedCrash,Large Vehicle Involved,Motorcycle Crash,Non-Motorist Crash,OffRoad,RoadName,Route Number,RouteType Description,Unrestrained Occupants,WithinDateRange,Work Zone Related,Crashdate,Work Zone Crash,CrashPoint,Latitude,Longitude,AgencyCode,CollisionImpact,Crash County,Crash Severity,Crash Within Interchange,Crashhour,CrashInterchangeApproaches,Crashtime,CrashYear,Dayofweek,FirstHarmEvent,FirstHarmEvent Description,FirstHarmLocation,FirstHarmLocation Description,FunctionalClass,Geometry Description,GovPropertyDamage,GovPropertyDamage Description,IntersectingRoadName,Intersection Geometry,JunctionRelated,JunctionRelated Description,Light,Light Description,LOD Crash Date,LOD Date Level,MilepointDirection,MilepointDistance,MilepointUnits,NonTrafficFatal,OffroadLocation,OffroadLocation Description,RoadID,RouteType,SchoolBusRelated,SchoolBusRelated Description,SecondHarmEvent,SecondHarmEvent Description,SecondHarmLocation,SecondHarmLocation Description,Surface,Surface Description,TrafficControl,Trafficcontrol Description,WZLawEnforcementPresent,WZLocation,WZLocation Description,WZType,WZType Description,WZWorkersPresent
Property Damage Crashes,DA345600DX,Prince George's County Police,Angle,Prince George's,Minor Arterial,No,No,No,No,No,ADELPHI RD (NB/L),105,COUNTY ROAD,No,True,No,2/12/2025,No,Point,39.004982115,-76.969021147,PGCOPD,01,16,03,No,18,,18:26,2025,Wednesday,12,Motor Vehicle In Transport,05,On Roadway,4,,,,ADELPHI RD (NB/L) RIGGS RD RIGGS RD (SB/L),,06,Non-Junction,03,Dark - Lighted,2/12/2025,2025-02-12,E,68.53,F,N,,,8A79C5F35925FE5F2D0674DB6A405C1679300AAEADD4364BE409E445767ED5E8,CO,01,No,,,,,09,Wet,,,,,,,,
Property Damage Crashes,MSP7765006V,Maryland State Police,Front to Rear,Prince George's,Interstate,No,No,No,No,No,CAPITAL BELTWAY,95,INTERSTATE ROUTE,No,True,No,3/12/2025,No,Point,38.935158333,-76.854912167,MSP,03,16,03,No,15,,15:27,2025,Wednesday,12,Motor Vehicle In Transport,05,On Roadway,1,,,,,,09,Through Roadway,01,Daylight,3/12/2025,2025-03-12,S,41.64,F,N,,,DFE184BACDFBACCB5FB94F3F96F72864B4EA67B0F8DACB5212C8DFA10483EA52,IS,01,No,,,,,01,Dry,,,,,,,,
Property Damage Crashes,DA4243009G,Prince George's County Police,Single Vehicle,Prince George's,Local,No,No,No,No,No,GOVERNORS GROVE RD,4979,COUNTY ROAD,No,True,No,1/20/2025,No,Point,38.825668170,-76.759003983,PGCOPD,101,16,03,No,20,,20:58,2025,Monday,40,Tree (standing),08,Outside Road/Right-Of-Way,7,,,,,,09,Through Roadway,03,Dark - Lighted,1/20/2025,2025-01-20,N,105.91,F,N,,,739319712EF4695E021ABB39076FC08988C527E14DA45BC2BCF6DF922A1F75BB,CO,01,No,,,,,02,Ice/Frost,,,,,,,,
Property Damage Crashes,MSP7839003J,Maryland State Police,Front to Rear,Prince George's,Principal Arterial – Other Freeways and Expressways,No,No,No,No,No,PENNSYLVANIA AVE,4,MARYLAND ROUTE,No,True,No,3/20/2025,No,Point,38.825580300,-76.853048732,MSP,03,16,03,No,6,,06:30,2025,Thursday,12,Motor Vehicle In Transport,05,On Roadway,2,,,,,,06,Non-Junction,01,Daylight,3/20/2025,2025-03-20,W,19,F,N,,,AE430FCD85D2EB50E334EEF021F2D3069D47B34E5CA8061DF615B51E439A6D29,MD,01,No,,,,,01,Dry,,,,,,,,
Property Damage Crashes,CE5039003H,Laurel Police Department,Front to Rear,Prince George's,Local,No,No,No,No,No,MORRIS DR,852,OTHER PUBLIC ROAD,No,True,No,3/15/2025,No,Point,39.093426677,-76.843325692,LAUREL,03,16,03,No,0,,00:33,2025,Saturday,12,Motor Vehicle In Transport,05,On Roadway,7,,,,LAUREL BOWIE RD,,06,Non-Junction,03,Dark - Lighted,3/15/2025,2025-03-15,S,4.36,F,N,,,1F05D97B521BF3F84B63ED0F12F2815EBCDCBAF9E6C1696543BD84E648A281B6,OP,01,No,,,,,01,Dry,,,,,,,,
Property Damage Crashes,MSP7776004K,Maryland State Police,Single Vehicle,Prince George's,Interstate,No,Yes,No,No,No,NO NAME,95,INTERSTATE ROUTE,No,True,No,2/2/2025,No,Point,39.074106667,-76.904885,MSP,101,16,03,No,9,,09:36,2025,Sunday,03,Explosion Or Fire,05,On Roadway,1,,,,,,06,Non-Junction,01,Daylight,2/2/2025,2025-02-02,S,29.91,F,N,,,876640827A75404219A5D6BBBD63E9945CD2FBBC1A9D073121E2BD2D0DB6D8E8,IS,01,No,,,,,01,Dry,,,,,,,,
Property Damage Crashes,DA4399000W,Prince George's County Police,Front to Front,Prince George's,Local,No,No,No,No,No,DREXEL ST (NB/L),692,COUNTY ROAD,No,True,No,2/23/2025,No,Point,38.981672753,-76.978997978,PGCOPD,02,16,03,Yes,2,,02:30,2025,Sunday,12,Motor Vehicle In Transport,05,On Roadway,7,,,,RIGGS RD,,02,Crossover-Related,03,Dark - Lighted,2/23/2025,2025-02-23,S,16.32,F,N,,,0E9DF8906C82F6D5671ECF826830BBC1D4DFB4402D0BBD50A7885BE9CDDD86EE,CO,01,No,,,,,01,Dry,,,,,,,,
Property Damage Crashes,DA3123000C,Prince George's County Police,Other,Prince George's,Major Collector,No,No,No,No,No,KIRBY RD,96,COUNTY ROAD,No,True,No,5/17/2025,No,Point,38.786859170,-76.898388943,PGCOPD,98,16,03,No,14,,14:23,2025,Saturday,12,Motor Vehicle In Transport,05,On Roadway,5,,,,,,03,Driveway Access or Related,01,Daylight,5/17/2025,2025-05-17,E,23.5,F,N,,,F287C6022DA45C764434C5E9979BD3A16A696034724E16062BAD1A30999FF61D,CO,01,No,97,Not Applicable,,,01,Dry,,,,,,,,
Property Damage Crashes,DA3561004N,Prince George's County Police,"Sideswipe, Same Direction",Prince George's,Principal Arterial – Other,No,Yes,No,No,No,KENILWORTH AVE (SB/L),201,MARYLAND ROUTE,No,True,No,3/12/2025,No,Point,38.967985644,-76.917965040,PGCOPD,07,16,03,No,16,,16:29,2025,Wednesday,12,Motor Vehicle In Transport,05,On Roadway,3,,,,,,06,Non-Junction,01,Daylight,3/12/2025,2025-03-12,S,32.83,F,N,,,9414F8123319CDD46BFE3E067FE2E486622A474263B95B17A74BC44E56174645,MD,02,"Yes, School Bus Directly Involved",,,,,01,Dry,,,,,,,,
Injury Crashes,DA3198003Q,Prince George's County Police,Angle,Prince George's,Major Collector,No,No,No,No,No,ACCOKEEK RD,373,MARYLAND ROUTE,No,True,No,3/27/2025,No,Point,38.687671591,-76.906459110,PGCOPD,01,16,02,No,9,03,09:20,2025,Thursday,12,Motor Vehicle In Transport,05,On Roadway,5,Perpendicular,,,MCKENDREE RD,03,05,Intersection or Related,01,Daylight,3/27/2025,2025-03-27,E,0,F,N,,,202E6931994D00AEA87C29BD478696279A4C2B937B75DDC381AEA3B3B5F1CBF3,MD,01,No,,,,,01,Dry,03,Stop - Partial,,,,,,
Property Damage Crashes,CNC3185000X,New Carrollton Police Department,Front to Rear,Prince George's,Local,No,No,No,No,No,83RD PL,830,MUNICIPAL ROAD,No,True,No,2/14/2025,No,Point,38.960156491,-76.871993005,NCPD,03,16,03,No,8,,08:00,2025,Friday,12,Motor Vehicle In Transport,05,On Roadway,7,,,,,,06,Non-Junction,01,Daylight,2/14/2025,2025-02-14,W,12.34,F,N,,,C0652CB050D13354399B7AB233A35720D5CA9871003E7AC48D0CEC305177C7D7,MU,01,No,,,,,02,Ice/Frost,,,,,,,,
Property Damage Crashes,MSP6859008Q,Maryland State Police,Front to Rear,Prince George's,Principal Arterial – Other Freeways and Expressways,No,No,No,No,No,BRANCH AVE,5,MARYLAND ROUTE,No,True,No,3/25/2025,No,Point,38.815339831,-76.914329224,MSP,03,16,03,Yes,15,,15:44,2025,Tuesday,12,Motor Vehicle In Transport,05,On Roadway,2,,,,,,01,Acceleration/Deceleration Lane,01,Daylight,3/25/2025,2025-03-25,S,71.88,F,N,,,E55B3D3F7F0F30A0BD6A160F8CC3417BBF9C1755FBA11D9A6F5D90838D52573E,MD,01,No,,,,,01,Dry,,,,,,,,
Property Damage Crashes,DA389000RK,Prince George's County Police,Angle,Prince George's,Principal Arterial – Other,No,No,No,No,No,UNIVERSITY BLVD,193,MARYLAND ROUTE,No,True,No,1/26/2025,No,Point,38.996276031,-76.948728613,PGCOPD,01,16,03,Yes,0,,00:30,2025,Sunday,12,Motor Vehicle In Transport,05,On Roadway,3,,,,,,01,Acceleration/Deceleration Lane,03,Dark - Lighted,1/26/2025,2025-01-26,S,0,F,N,,,9D535D1F6E2C1428EEA8C7CDD114A24098BE4334E55F4C63BFEB084790B8A317,MD,01,No,,,,,01,Dry,,,,,,,,
Injury Crashes,MSP7865001Z,Maryland State Police,Front to Rear,Prince George's,Principal Arterial – Other,No,No,No,No,No,BALTIMORE AVE,1,UNITED STATE ROUTE,No,True,No,3/24/2025,No,Point,39.085916307,-76.861306734,MSP,03,16,02,No,20,,20:48,2025,Monday,12,Motor Vehicle In Transport,05,On Roadway,3,,,,,,06,Non-Junction,03,Dark - Lighted,3/24/2025,2025-03-24,S,25.54,F,N,,,B05F2F00540218713CF6EDB6E3873EB37E46EE94553DB852677A662DD685B853,US,01,No,,,,,01,Dry,,,,,,,,
Property Damage Crashes,AZ1717003Q,Cheverly Police Department,Front to Rear,Prince George's,Principal Arterial – Other,Yes,No,No,No,No,LANDOVER RD (SB/L),202,MARYLAND ROUTE,Yes,True,No,3/30/2025,No,Point,38.936757455,-76.921150689,CHEVERLY,03,16,03,No,3,,03:29,2025,Sunday,12,Motor Vehicle In Transport,02,In Parking Lane Or Zone,3,,,,,,09,Through Roadway,03,Dark - Lighted,3/30/2025,2025-03-30,E,47.61,F,N,,,2D75CDF0CF797911874CC857641691743992B72883D01E0C161778E8600DC163,MD,01,No,,,,,01,Dry,,,,,,,,
Property Damage Crashes,MSP546601TB,Maryland State Police,"Sideswipe, Same Direction",Prince George's,Major Collector,No,No,No,No,No,MITCHELLVILLE RD,73,COUNTY ROAD,No,True,No,5/5/2025,No,Point,38.916000338,-76.717504304,MSP,07,16,03,Yes,14,,14:03,2025,Monday,12,Motor Vehicle In Transport,05,On Roadway,5,,,,,,09,Through Roadway,01,Daylight,5/5/2025,2025-05-05,W,52.62,F,N,,,244505048071D8D81E4B005299991366B303643677D3BA8E08DDF910D89D6139,CO,01,No,,,,,01,Dry,,,,,,,,
Property Damage Crashes,MSP757700HN,Maryland State Police,Single Vehicle,Prince George's,Principal Arterial – Other Freeways and Expressways,No,Yes,No,No,No,JOHN HANSON HWY (WB/L),50,UNITED STATE ROUTE,No,True,No,2/11/2025,No,Point,38.917047201,-76.923293256,MSP,101,16,03,No,15,,15:41,2025,Tuesday,21,Bridge Overhead Structure,05,On Roadway,2,,101,State,,,09,Through Roadway,01,Daylight,2/11/2025,2025-02-11,W,17.73,F,N,,,4F7BA9819D8070C1DAF565A54400394B46C8EF43BCD207A56017A5263A5C7B68,US,01,No,97,Not Applicable,,,07,Snow,,,,,,,,
Property Damage Crashes,GA00170009,Colmar Manor Police Department,Front to Rear,Prince George's,Local,No,No,No,No,No,NEWARK RD,50,MUNICIPAL ROAD,No,True,No,2/11/2025,No,Point,38.936383581,-76.945246941,COLMAR,03,16,03,No,18,,18:40,2025,Tuesday,12,Motor Vehicle In Transport,05,On Roadway,7,,,,,,06,Non-Junction,03,Dark - Lighted,2/11/2025,2025-02-11,E,14.8,F,N,,,4DA445595509844D89B9AF31B259826DE1A06965FB17E7E620CFD8148D70C4CB,MU,01,No,,,,,07,Snow,,,,,,,,
Injury Crashes,DA4265001H,Prince George's County Police,Single Vehicle,Prince George's,Local,No,No,No,Yes,No,ALICE AVE,3047,COUNTY ROAD,No,True,No,5/3/2025,No,Point,38.811066696,-76.969773088,PGCOPD,101,16,02,No,18,,18:07,2025,Saturday,17,Pedestrian,05,On Roadway,7,,,,,,09,Through Roadway,01,Daylight,5/3/2025,2025-05-03,W,43.69,F,N,,,03150A4AAED0A54C012DD83617202057D55C0B9955B317213CBB027FEE8E13D6,CO,01,No,,,,,01,Dry,,,,,,,,
Property Damage Crashes,CC0300000Z,Hyattsville Police Department,Front to Rear,Prince George's,Local,No,No,No,No,No,QUINTANA ST,380,MUNICIPAL ROAD,No,True,No,3/25/2025,No,Point,38.965051431,-76.949945393,HYATTSVILLE,03,16,03,No,17,,17:40,2025,Tuesday,12,Motor Vehicle In Transport,05,On Roadway,7,,,,,,06,Non-Junction,01,Daylight,3/25/2025,2025-03-25,N,7.29,F,N,,,3CAD0FA967A32EFD9FF7C96A5DB9C89AF95DE92DD65FE27C1D324141492C650A,MU,01,No,,,,,01,Dry,,,,,,,,
Injury Crashes,CNC3174004Y,New Carrollton Police Department,Single Vehicle,Prince George's,Minor Arterial,No,No,No,Yes,No,ANNAPOLIS RD,450,MARYLAND ROUTE,No,True,No,2/2/2025,No,Point,38.952762694,-76.878448751,NCPD,101,16,02,No,15,,15:10,2025,Sunday,17,Pedestrian,05,On Roadway,4,,,,,,01,Acceleration/Deceleration Lane,01,Daylight,2/2/2025,2025-02-02,E,15.57,F,N,,,048AD50037136ABB8A0D4FC7A9982AF33BCA23AD7ED575A911410BF58666994B,MD,01,No,,,,,01,Dry,,,,,,,,
Property Damage Crashes,CNC31830027,New Carrollton Police Department,Single Vehicle,Prince George's,Major Collector,No,No,No,No,No,WESTBROOK DR#2,662,MUNICIPAL ROAD,No,True,No,1/29/2025,No,Point,38.965263087,-76.873004808,NCPD,101,16,03,No,17,,17:30,2025,Wednesday,27,Curb,01,Gore,5,,100,Local,,,09,Through Roadway,01,Daylight,1/29/2025,2025-01-29,W,32.69,F,N,,,1DD0EB9318AFA652CF7DCD282EED0833CF6C60045088D40B8716BF6299BEAE4B,MU,01,No,,,,,01,Dry,,,,,,,,
Property Damage Crashes,DA3837002G,Prince George's County Police,"Sideswipe, Same Direction",Prince George's,Local,No,Yes,No,No,No,HIL MAR DR,2668,COUNTY ROAD,No,True,No,4/1/2025,No,Point,38.843889204,-76.901019008,PGCOPD,07,16,03,No,18,,18:30,2025,Tuesday,12,Motor Vehicle In Transport,05,On Roadway,7,,,,,,06,Non-Junction,01,Daylight,4/1/2025,2025-04-01,N,14.89,F,N,,,206957BFF284B4837AA3E92A157A9DD01A72FC37B1999ECE72F22FBA5DC903CE,CO,01,No,,,,,01,Dry,,,,,,,,
Property Damage Crashes,DA4426000C,Prince George's County Police,Front to Rear,Prince George's,Principal Arterial – Other,No,Yes,No,No,No,SILVER HILL RD,458,MARYLAND ROUTE,No,True,No,1/21/2025,No,Point,38.852767097,-76.910860433,PGCOPD,03,16,03,No,9,,09:30,2025,Tuesday,12,Motor Vehicle In Transport,05,On Roadway,3,,,,,,09,Through Roadway,01,Daylight,1/21/2025,2025-01-21,N,28.62,F,N,,,5CAE366068BA8ACDB06752D7BFEF5B934622DAC7A4CCDABB778B15ABD3ED188D,MD,02,"Yes, School Bus Directly Involved",,,,,01,Dry,,,,,,,,
Property Damage Crashes,DA41990071,Prince George's County Police,"Sideswipe, Same Direction",Prince George's,Minor Arterial,No,No,No,No,No,SUITLAND RD,81,COUNTY ROAD,No,True,No,1/24/2025,No,Point,38.848669270,-76.924519903,PGCOPD,07,16,03,No,14,,14:45,2025,Friday,12,Motor Vehicle In Transport,05,On Roadway,4,,,,,,99,Unknown,01,Daylight,1/24/2025,2025-01-24,N,15.87,F,N,,,0DC657AE03AE0D96D8D9B3EECE1111FA639D07296FE8F60DFADE77CE0502DD3D,CO,01,No,,,,,01,Dry,,,,,,,,
Property Damage Crashes,DA4374003G,Prince George's County Police,Front to Rear,Prince George's,Principal Arterial – Other,No,No,No,No,No,ANNAPOLIS RD,450,MARYLAND ROUTE,No,True,No,3/9/2025,No,Point,38.966549536,-76.791526272,PGCOPD,03,16,03,No,4,,04:47,2025,Sunday,12,Motor Vehicle In Transport,05,On Roadway,3,,,,,,09,Through Roadway,03,Dark - Lighted,3/9/2025,2025-03-09,S,22.94,F,N,,,794087440FF3A60575BDDD9C51CB75AB27F7A6B4385BB8BC1FF316E1674ED81A,MD,01,No,,,,,01,Dry,,,,,,,,
Injury Crashes,DA4304006H,Prince George's County Police,Single Vehicle,Prince George's,Minor Arterial,No,No,No,No,No,EDMONSTON RD,38,COUNTY ROAD,No,True,No,4/8/2025,No,Point,39.041546176,-76.898554340,PGCOPD,101,16,02,No,16,,16:49,2025,Tuesday,37,Other Traffic Barrier,06,"On Shoulder, Left Side",4,,,,,,99,Unknown,01,Daylight,4/8/2025,2025-04-08,N,8.48,F,N,,,983BE6289DF4135C2395891D592B54DF11DF76528C96B97C0F1C49E0BBE912CE,CO,01,No,40,Tree (standing),04,"Off-Roadway, Location Unknown",01,Dry,,,,,,,,
Property Damage Crashes,MSP7787005K,Maryland State Police,Front to Rear,Prince George's,Interstate,No,No,No,No,No,JOHN HANSON HWY,595,INTERSTATE ROUTE,No,True,No,3/11/2025,No,Point,38.953254088,-76.730297090,MSP,03,16,03,No,17,,17:56,2025,Tuesday,12,Motor Vehicle In Transport,05,On Roadway,1,,101,State,,,06,Non-Junction,01,Daylight,3/11/2025,2025-03-11,W,45.27,F,N,,,DAF2B6B08558B9D69C9DA2C43D77BFEE681ECF32DAD07E6DE31C32212902BAFA,IS,01,No,25,Concrete Traffic Barrier,09,Roadside,01,Dry,,,,,,,,
Property Damage Crashes,MSP744700NL,Maryland State Police,Front to Rear,Prince George's,Principal Arterial – Other Freeways and Expressways,No,No,No,No,No,BRANCH AVE,5,MARYLAND ROUTE,No,True,No,3/23/2025,No,Point,38.749926222,-76.879373601,MSP,03,16,03,No,16,,16:24,2025,Sunday,12,Motor Vehicle In Transport,05,On Roadway,2,,,,,,06,Non-Junction,01,Daylight,3/23/2025,2025-03-23,N,105.32,F,N,,,F75A990E5B0D4E9FA4118AF6F910D851AF2371F5A36A3FE915690B3727421E60,MD,01,No,,,,,01,Dry,,,,,,,,
Injury Crashes,MSP697200GJ,Maryland State Police,Single Vehicle,Prince George's,Interstate,No,No,No,No,No,CAPITAL BELTWAY,95,INTERSTATE ROUTE,No,True,No,4/15/2025,No,Point,38.999207891,-76.891750187,MSP,101,16,02,No,12,,12:09,2025,Tuesday,29,Embankment,01,Gore,1,,,,,,06,Non-Junction,01,Daylight,4/15/2025,2025-04-15,W,30.38,F,N,,,6201B2B9636C745AC577EF2330B32C6CB2F38AB27F975A265C4C2BBD70A898A3,IS,01,No,07,Overturn/Rollover,01,Gore,01,Dry,,,,,,,,
Property Damage Crashes,MSP675100KZ,Maryland State Police,Front to Rear,Prince George's,Principal Arterial – Other Freeways and Expressways,No,No,No,No,No,JOHN HANSON HWY (WB/L),50,UNITED STATE ROUTE,No,True,No,2/19/2025,No,Point,38.930782236,-76.897205137,MSP,03,16,03,No,6,,06:59,2025,Wednesday,12,Motor Vehicle In Transport,05,On Roadway,2,,,,RAMP 1 FR MD 202 NB TO US 50 WB,,06,Non-Junction,01,Daylight,2/19/2025,2025-02-19,W,38.3,F,N,,,D5D51AE24845BF005E720EF6492BB48001D86C9B972216564FAD042D48DE1F90,US,01,No,,,,,01,Dry,,,,,,,,
Property Damage Crashes,DA416800C3,Prince George's County Police,Single Vehicle,Prince George's,Major Collector,No,No,No,No,No,OLD FORT RD,118,COUNTY ROAD,No,True,No,4/2/2025,No,Point,38.755466387,-76.990173671,PGCOPD,101,16,03,No,15,,15:05,2025,Wednesday,28,Ditch,09,Roadside,5,,,,,,09,Through Roadway,01,Daylight,4/2/2025,2025-04-02,E,6.3,F,N,,,A6EEC8B670E1BBE2788ABCE805745EEA01F87F356C228B47E807CECAA739EB41,CO,01,No,,,,,01,Dry,,,,,,,,
Property Damage Crashes,BP1150000G,Forest Heights Police Department,Single Vehicle,Prince George's,Principal Arterial – Other Freeways and Expressways,No,No,No,No,No,INDIAN HEAD HWY (SB/L),210,MARYLAND ROUTE,No,True,No,4/7/2025,No,Point,38.793247164,-76.998806468,FORESTHEIGHTS,101,16,03,No,10,,10:45,2025,Monday,07,Overturn/Rollover,05,On Roadway,2,,,,,,09,Through Roadway,01,Daylight,4/7/2025,2025-04-07,E,17.86,F,N,,,63B614AFE5171F0CF22741CA4127412467DE231205C01373D42A924ADCF3B785,MD,01,No,,,,,08,"Water (standing, moving)",,,,,,,,
Property Damage Crashes,DA1786000N,Prince George's County Police,Other,Prince George's,,No,No,No,No,No,,91,COUNTY ROAD,No,True,No,3/12/2025,No,Point,38.844440879,-76.846026321,PGCOPD,98,16,03,No,10,,10:30,2025,Wednesday,12,Motor Vehicle In Transport,05,On Roadway,,,,,D ARCY RD,,09,Through Roadway,01,Daylight,3/12/2025,2025-03-12,E,32.04,F,N,,,635E4B62B9313DA47A405B2AA7732B8946973387B9D24EC5FDC1F64D95D0CCB1,CO,01,No,,,,,01,Dry,,,,,,,,
Injury Crashes,DA4135006H,Prince George's County Police,Single Vehicle,Prince George's,Minor Arterial,No,No,No,Yes,No,BELTSVILLE DR (SB/L),3523,COUNTY ROAD,No,True,No,4/15/2025,No,Point,39.048334028,-76.938669991,PGCOPD,101,16,02,No,18,,18:37,2025,Tuesday,17,Pedestrian,02,In Parking Lane Or Zone,4,,,,,,06,Non-Junction,01,Daylight,4/15/2025,2025-04-15,E,34.09,F,N,,,93CD9B485E9B8130572CD2903E936E9529D8DE0211A41227027CC84E82CA4B6A,CO,01,No,,,,,01,Dry,,,,,,,,
Property Damage Crashes,MSP78750020,Maryland State Police,"Sideswipe, Opposite Direction",Prince George's,Principal Arterial – Other,No,No,No,No,No,,202,MARYLAND ROUTE,No,True,No,2/17/2025,No,Point,38.865345,-76.776336667,MSP,06,16,03,No,17,,17:02,2025,Monday,12,Motor Vehicle In Transport,05,On Roadway,3,,,,,,06,Non-Junction,01,Daylight,2/17/2025,2025-02-17,N,45.42,F,N,,,036B2D002EDAEA80DA362AF99EB87724D62298D234D3F8C3F95C7081D0F49753,MD,01,No,,,,,01,Dry,,,,,,,,
Property Damage Crashes,RD0134000X,Riverdale Park Police Department,Front to Rear,Prince George's,Principal Arterial – Other,No,No,No,No,No,BALTIMORE AVE,1,UNITED STATE ROUTE,No,True,No,1/12/2025,No,Point,38.964165632,-76.939176734,RIVERDALE,03,16,03,No,8,,08:21,2025,Sunday,12,Motor Vehicle In Transport,05,On Roadway,3,,,,,,06,Non-Junction,01,Daylight,1/12/2025,2025-01-12,E,12.21,F,N,,,7F77BF915C0E107CEF8EE0A83D3E99559E52489A4E650C9CD09C764755ECAAE3,US,01,No,,,,,01,Dry,,,,,,,,
Property Damage Crashes,DA4301003Z,Prince George's County Police,Front to Rear,Prince George's,Local,No,No,No,No,No,EDGEWATER TERR,5957,COUNTY ROAD,No,True,No,2/18/2025,No,Point,38.750627443,-77.010647700,PGCOPD,03,16,03,No,8,,08:15,2025,Tuesday,12,Motor Vehicle In Transport,05,On Roadway,7,,,,,,06,Non-Junction,01,Daylight,2/18/2025,2025-02-18,W,29.62,F,N,,,C74C803D650376080DDBC16E8271FBDF4338C0355EF432B9D68ACABC8260FCDC,CO,03,"Yes, School Bus Indirectly Involved",,,,,01,Dry,,,,,,,,
Property Damage Crashes,CBPD01280006,Bowie Police Department,"Sideswipe, Same Direction",Prince George's,Major Collector,No,No,No,No,No,POINTER RIDGE DR,2170,MUNICIPAL ROAD,No,True,No,1/6/2025,No,Point,38.906806257,-76.731826855,BOWIE,07,16,03,No,8,,08:54,2025,Monday,15,Parked Vehicle,05,On Roadway,5,,,,,,06,Non-Junction,01,Daylight,1/6/2025,2025-01-06,W,15.9,F,N,,,B74714BCF72C75DAEBF6029D7FAAAA0DDF1DFB7FE9D99AC473855268A976C2D4,MU,01,No,,,,,07,Snow,,,,,,,,
Injury Crashes,DA2720007C,Prince George's County Police,Other,Prince George's,Principal Arterial – Other,No,No,No,No,No,SILVER HILL RD,458,MARYLAND ROUTE,No,True,No,4/8/2025,No,Point,38.841865392,-76.937398472,PGCOPD,98,16,02,No,9,,09:15,2025,Tuesday,12,Motor Vehicle In Transport,05,On Roadway,3,,,,SILVER PARK DR,,09,Through Roadway,01,Daylight,4/8/2025,2025-04-08,W,5.37,F,N,,,1E623CDEFA1E227D21FF7FB0FEC4B98709480C047BC78F525FB694F813E30589,MD,01,No,,,,,01,Dry,,,,,,,,
Property Damage Crashes,DA4379001T,Prince George's County Police,Front to Rear,Prince George's,,No,No,No,No,No,,471,BIKE ROUTE,No,True,No,5/13/2025,No,Point,38.984726904,-76.966036917,PGCOPD,03,16,03,Yes,7,,07:45,2025,Tuesday,12,Motor Vehicle In Transport,05,On Roadway,,,,,UNIVERSITY BLVD (WB/L),,01,Acceleration/Deceleration Lane,01,Daylight,5/13/2025,2025-05-13,S,9.65,F,N,,,C5E9D1451804D3FD005A982564D3AFC6BC13378C774BC8A38FB65BCF6F1D0EF0,BK,01,No,,,,,09,Wet,,,,,,,,
Property Damage Crashes,MSP76570083,Maryland State Police,Front to Rear,Prince George's,Interstate,No,No,No,No,No,RAMP 4 FR IS 95 NB TO MD 214 EB,95,RAMP,No,True,No,4/30/2025,No,Point,38.890184426,-76.845579221,MSP,03,16,03,No,10,,10:02,2025,Wednesday,12,Motor Vehicle In Transport,05,On Roadway,1,,,,,,06,Non-Junction,01,Daylight,4/30/2025,2025-04-30,N,33.93,F,N,,,EC3C29027A310908E9BB96B202CFFA0FC8AAAA013F2C8623D3949485A7A96875,RP,01,No,,,,,01,Dry,,,,,,,,
Property Damage Crashes,DA351500D2,Prince George's County Police,"Sideswipe, Same Direction",Prince George's,Local,No,No,No,No,No,GREEN HAVEN RD,4663,COUNTY ROAD,No,True,No,3/1/2025,No,Point,38.981263211,-76.829544991,PGCOPD,07,16,03,No,16,,16:00,2025,Saturday,12,Motor Vehicle In Transport,05,On Roadway,7,,,,LANHAM SEVERN RD,,09,Through Roadway,01,Daylight,3/1/2025,2025-03-01,W,8.82,F,N,,,AF5F6AEDAC1FC6CDEDDAC49CF84B4A6444713BFAF8082BACB66BF4DB396CFAA8,CO,01,No,12,Motor Vehicle In Transport,05,On Roadway,01,Dry,,,,,,,,
Injury Crashes,MSP546601SS,Maryland State Police,Front to Rear,Prince George's,Principal Arterial – Other Freeways and Expressways,No,No,No,No,No,BRANCH AVE,5,MARYLAND ROUTE,No,True,No,4/4/2025,No,Point,38.730707062,-76.881433279,MSP,03,16,02,Yes,9,,09:21,2025,Friday,12,Motor Vehicle In Transport,05,On Roadway,2,,,,,,09,Through Roadway,01,Daylight,4/4/2025,2025-04-04,S,15.23,F,N,,,647AD47AA1841468A0C4BDA703AF190E1ABDF79EF1A67B05E026CB37E9053C8A,MD,01,No,,,,,01,Dry,,,,,,,,
Property Damage Crashes,CNC3184001Z,New Carrollton Police Department,Front to Rear,Prince George's,,No,No,No,No,No,,490,MUNICIPAL ROAD,No,True,No,3/21/2025,No,Point,38.966588841,-76.871315323,NCPD,03,16,03,No,19,,19:57,2025,Friday,12,Motor Vehicle In Transport,05,On Roadway,,,,,,,03,Driveway Access or Related,03,Dark - Lighted,3/21/2025,2025-03-21,E,260.78,F,N,,,7076B8F0740579277A4D90A4A2C9A4063ACF177EBE2A188AE3E77B88424BD13F,MU,01,No,,,,,01,Dry,,,,,,,,