Crash Severity Description,Reportnumber,Agencyname,CollisionImpact Description,Crash County Description,FunctionalClass Description,ImpairedCrash,Large Vehicle Involved,Motorcycle Crash,Non-Motorist Crash,OffRoad,RoadName,Route Number,RouteType Description,Unrestrained Occupants,WithinDateRange,Work Zone Related,Crashdate,Work Zone Crash,CrashPoint,Latitude,Longitude,AgencyCode,CollisionImpact,Crash County,Crash Severity,Crash Within Interchange,Crashhour,CrashInterchangeApproaches,Crashtime,CrashYear,Dayofweek,FirstHarmEvent,FirstHarmEvent Description,FirstHarmLocation,FirstHarmLocation Description,FunctionalClass,Geometry Description,GovPropertyDamage,GovPropertyDamage Description,IntersectingRoadName,Intersection Geometry,JunctionRelated,JunctionRelated Description,Light,Light Description,LOD Crash Date,LOD Date Level,MilepointDirection,MilepointDistance,MilepointUnits,NonTrafficFatal,OffroadLocation,OffroadLocation Description,RoadID,RouteType,SchoolBusRelated,SchoolBusRelated Description,SecondHarmEvent,SecondHarmEvent Description,SecondHarmLocation,SecondHarmLocation Description,Surface,Surface Description,TrafficControl,Trafficcontrol Description,WZLawEnforcementPresent,WZLocation,WZLocation Description,WZType,WZType Description,WZWorkersPresent
Property Damage Crashes,MSP7764008W,Maryland State Police,"Sideswipe, Same Direction",Prince George's,Principal Arterial – Other,No,No,No,No,No,CRAIN HWY,301,UNITED STATE ROUTE,No,True,No,5/1/2025,No,Point,38.949738839,-76.717513950,MSP,07,16,03,No,14,,14:17,2025,Thursday,12,Motor Vehicle In Transport,05,On Roadway,3,,,,,,04,Entrance/Exit Ramp or Related,01,Daylight,5/1/2025,2025-05-01,W,13.1,F,N,,,5EF72E13A0D3B39841F5E8A559BD77FBE8F5229E97C7B60CD8427181D4C8D8F2,US,01,No,,,,,01,Dry,,,,,,,,
Property Damage Crashes,DA3826009B,Prince George's County Police,"Sideswipe, Same Direction",Prince George's,Local,No,No,No,No,No,AFTON ST,1008,COUNTY ROAD,No,True,No,1/26/2025,No,Point,38.847288910,-76.959606831,PGCOPD,07,16,03,No,19,,19:50,2025,Sunday,15,Parked Vehicle,05,On Roadway,7,,,,,,06,Non-Junction,04,Dark - Not Lighted,1/26/2025,2025-01-26,S,34.58,F,N,,,8D0B5009A871CFE648CD1046A67963DEFB5D6CAA643956B1CEE20A3129FD3A7B,CO,01,No,,,,,01,Dry,,,,,,,,
Property Damage Crashes,MSP7839001Z,Maryland State Police,Front to Rear,Prince George's,Principal Arterial – Other Freeways and Expressways,Yes,No,No,No,No,BRANCH AVE,5,MARYLAND ROUTE,No,True,No,2/2/2025,No,Point,38.812958333,-76.91177,MSP,03,16,03,No,19,,19:38,2025,Sunday,12,Motor Vehicle In Transport,05,On Roadway,2,,,,,,06,Non-Junction,04,Dark - Not Lighted,2/2/2025,2025-02-02,S,39.41,F,N,,,0C9A2820E1F6C4059E39B76DA34DBC9BE27C91D16C0E7B7B531EB81F86966D2D,MD,01,No,,,,,01,Dry,,,,,,,,
Property Damage Crashes,MSP585801G4,Maryland State Police,"Sideswipe, Same Direction",Prince George's,Interstate,No,No,No,No,No,CAPITAL BELTWAY (SB/L),95,INTERSTATE ROUTE,No,True,No,2/27/2025,No,Point,38.948820144,-76.860307104,MSP,07,16,03,No,11,,11:31,2025,Thursday,12,Motor Vehicle In Transport,05,On Roadway,1,,,,,,09,Through Roadway,01,Daylight,2/27/2025,2025-02-27,S,23.53,F,N,,,D52100794ADF16622D31569AF1190A45FE381ED9DB3169A993FF63207BB864B2,IS,01,No,,,,,01,Dry,,,,,,,,
Property Damage Crashes,MSP609900MC,Maryland State Police,Front to Rear,Prince George's,Interstate,No,No,No,No,No,RAMP 9 FR IS 595 WB TO MD 950 SB,95,RAMP,No,True,No,3/3/2025,No,Point,38.946129652,-76.853360406,MSP,03,16,03,No,8,,08:30,2025,Monday,12,Motor Vehicle In Transport,05,On Roadway,1,,,,,,01,Acceleration/Deceleration Lane,01,Daylight,3/3/2025,2025-03-03,E,36.29,F,N,,,B84CC4BE3DF9AFEF624D25565FF30C371DC2C1AA3A6DF118FC0AF0D2C7F80C7B,RP,01,No,12,Motor Vehicle In Transport,05,On Roadway,01,Dry,,,,,,,,
Property Damage Crashes,DA3120005J,Prince George's County Police,Single Vehicle,Prince George's,Major Collector,No,Yes,No,No,No,ACCOKEEK RD,373,MARYLAND ROUTE,No,True,No,3/10/2025,No,Point,38.685354990,-76.922168167,PGCOPD,101,16,03,No,14,,14:20,2025,Monday,35,"Other Fixed Object (wall, building, tunnel, etc.)",04,"Off-Roadway, Location Unknown",5,,,,,,09,Through Roadway,01,Daylight,3/10/2025,2025-03-10,S,22.47,F,N,,,F04B32950D30BBB2C3A604CED9AF4ABE794CD2288B5BA6310E280432F1665D15,MD,01,No,,,,,01,Dry,,,,,,,,
Property Damage Crashes,MSP6931013B,Maryland State Police,"Sideswipe, Opposite Direction",Prince George's,Local,No,No,No,No,No,TRUMPS HILL RD,136,COUNTY ROAD,No,True,No,2/28/2025,No,Point,38.763931005,-76.805950624,MSP,06,16,03,No,7,,07:18,2025,Friday,12,Motor Vehicle In Transport,05,On Roadway,7,,,,,,02,Crossover-Related,01,Daylight,2/28/2025,2025-02-28,N,10.61,F,N,,,4265D37E76036B041BFBF1EFAFF14AAFED536E205F065DD8F231BEA291306E49,CO,01,No,,,,,01,Dry,,,,,,,,
Property Damage Crashes,MSP746700G2,Maryland State Police,Front to Rear,Prince George's,Principal Arterial – Other,No,No,No,No,No,BRANCH AVE (SB/L),5,MARYLAND ROUTE,No,True,No,4/25/2025,No,Point,38.810055,-76.909568333,MSP,03,16,03,No,10,,10:13,2025,Friday,12,Motor Vehicle In Transport,05,On Roadway,3,,,,,,09,Through Roadway,01,Daylight,4/25/2025,2025-04-25,W,23.34,F,N,,,33D16DBFCA33D9CD65FC0B85FC136A4FA823142AAF3A02A00B8B27FA12266868,MD,01,No,,,,,01,Dry,,,,,,,,
Property Damage Crashes,DA42930050,Prince George's County Police,Other,Prince George's,Local,No,Yes,No,No,No,SOMERSET RD,3942,COUNTY ROAD,No,True,No,4/9/2025,No,Point,38.966295810,-76.917482212,PGCOPD,98,16,03,No,20,,20:03,2025,Wednesday,15,Parked Vehicle,05,On Roadway,7,,,,,,06,Non-Junction,04,Dark - Not Lighted,4/9/2025,2025-04-09,E,27.29,F,N,,,370EC3817B6D9B62A4A29507BB20B5A543BB8327DF3C171271BE39F5565847AD,CO,01,No,,,,,01,Dry,,,,,,,,
Property Damage Crashes,DA4403000G,Prince George's County Police,Angle,Prince George's,Principal Arterial – Other,No,No,No,No,No,BRANCH AVE (SB/L),5,MARYLAND ROUTE,No,True,No,4/1/2025,No,Point,38.839449265,-76.946608010,PGCOPD,01,16,03,Yes,14,04,14:45,2025,Tuesday,12,Motor Vehicle In Transport,05,On Roadway,3,Perpendicular,,,IVERSON ST (WB/L) SILVER HILL RD (SB/L),03,05,Intersection or Related,01,Daylight,4/1/2025,2025-04-01,W,0,F,N,,,67496E8B934D8598CA33028AC9828B89453A98AE1BF05614F0FBF0AA2873FFFA,MD,01,No,,,,,01,Dry,01,Signalized,,,,,,
Property Damage Crashes,MSP653400WJ,Maryland State Police,Front to Rear,Prince George's,Principal Arterial – Other Freeways and Expressways,No,No,No,No,No,BRANCH AVE,5,MARYLAND ROUTE,Yes,True,No,2/4/2025,No,Point,38.815902456,-76.914965796,MSP,03,16,03,No,6,,06:21,2025,Tuesday,12,Motor Vehicle In Transport,05,On Roadway,2,,,,,,09,Through Roadway,01,Daylight,2/4/2025,2025-02-04,S,31.57,F,N,,,73E3E2498AAA50547076FDF0593C74B390DD3C783DA6BCA8F76186C3B13C52C5,MD,01,No,12,Motor Vehicle In Transport,05,On Roadway,01,Dry,,,,,,,,
Property Damage Crashes,MSP7773002K,Maryland State Police,Front to Rear,Prince George's,Interstate,No,No,No,No,No,CAPITAL BELTWAY (SB/L),95,INTERSTATE ROUTE,No,True,No,5/17/2025,No,Point,38.952886217,-76.862520953,MSP,03,16,03,No,0,,00:10,2025,Saturday,12,Motor Vehicle In Transport,05,On Roadway,1,,,,,,06,Non-Junction,04,Dark - Not Lighted,5/17/2025,2025-05-17,E,5.35,F,N,,,A66BB0A7E6F84FDD1F1B06663BA798712F8058B67573B886E00BA30591530D43,IS,01,No,,,,,01,Dry,,,,,,,,
Property Damage Crashes,DA4363000N,Prince George's County Police,"Sideswipe, Same Direction",Prince George's,Local,No,No,No,No,No,96TH PL,2860,COUNTY ROAD,No,True,No,1/25/2025,No,Point,38.983096375,-76.846512310,PGCOPD,07,16,03,No,23,,23:30,2025,Saturday,15,Parked Vehicle,05,On Roadway,7,,,,,,06,Non-Junction,03,Dark - Lighted,1/25/2025,2025-01-25,N,72.29,F,N,,,0066B1AAD9B0C43E78832F230E2C101940D79D9F991009B4F0A3E3F852CFC705,CO,01,No,,,,,01,Dry,,,,,,,,
Property Damage Crashes,MSP757700JG,Maryland State Police,Front to Rear,Prince George's,Interstate,No,No,No,No,No,CAPITAL BELTWAY (SB/L),95,INTERSTATE ROUTE,No,True,No,3/24/2025,No,Point,39.010818333,-76.902646667,MSP,03,16,03,No,7,,07:02,2025,Monday,12,Motor Vehicle In Transport,05,On Roadway,1,,,,,,09,Through Roadway,01,Daylight,3/24/2025,2025-03-24,S,42.04,F,N,,,96DFEC7C784C57C223B7621ADC2EC8EFD36A6C9CD56796B4B2BF3EBEF18607D4,IS,01,No,28,Ditch,03,Median,09,Wet,,,,,,,,
Property Damage Crashes,DA42960040,Prince George's County Police,Front to Front,Prince George's,Principal Arterial – Other,Yes,No,No,No,No,SILVER HILL RD (SB/L),458,MARYLAND ROUTE,No,True,No,2/24/2025,No,Point,38.848795264,-76.924899930,PGCOPD,02,16,03,No,22,,22:06,2025,Monday,12,Motor Vehicle In Transport,05,On Roadway,3,,,,SUITLAND RD SUITLAND RD (WB/L),,09,Through Roadway,03,Dark - Lighted,2/24/2025,2025-02-24,E,45.61,F,N,,,FB1FC521831D2881D335B49686AC53ADA9DBE0207097258A53BBC168C8586608,MD,01,No,,,,,01,Dry,,,,,,,,
Property Damage Crashes,DA416800BQ,Prince George's County Police,Front to Front,Prince George's,Minor Arterial,No,No,No,No,No,BOCK RD,148,COUNTY ROAD,No,True,No,1/13/2025,No,Point,38.775358949,-76.957645842,PGCOPD,02,16,03,No,17,,17:37,2025,Monday,12,Motor Vehicle In Transport,05,On Roadway,4,,,,TUCKER RD,,01,Acceleration/Deceleration Lane,04,Dark - Not Lighted,1/13/2025,2025-01-13,N,14.19,F,N,,,FA8D570B25FB390B945BB2CEB3CB3713142711189D41B78808B0AB99DF0EBE05,CO,01,No,,,,,01,Dry,,,,,,,,
Property Damage Crashes,DA3001006Q,Prince George's County Police,"Sideswipe, Same Direction",Prince George's,Principal Arterial – Other,No,No,No,No,No,LAUREL BOWIE RD (SB/L),197,MARYLAND ROUTE,No,True,No,5/23/2025,No,Point,39.062271638,-76.839424507,PGCOPD,07,16,03,No,6,,06:42,2025,Friday,12,Motor Vehicle In Transport,05,On Roadway,3,,,,,,06,Non-Junction,01,Daylight,5/23/2025,2025-05-23,N,14.82,F,N,,,AD2B13B21D93A363A8DB914DC9125559100E1593DFCDCF7398D843AE582129FB,MD,01,No,12,Motor Vehicle In Transport,05,On Roadway,01,Dry,,,,,,,,
Property Damage Crashes,DA3772006T,Prince George's County Police,"Sideswipe, Same Direction",Prince George's,Major Collector,No,No,No,No,No,BRINKLEY RD,122,COUNTY ROAD,No,True,No,4/3/2025,No,Point,38.803774252,-76.955027132,PGCOPD,07,16,03,No,8,,08:27,2025,Thursday,12,Motor Vehicle In Transport,02,In Parking Lane Or Zone,5,,,,,,06,Non-Junction,99,Unknown,4/3/2025,2025-04-03,N,16.02,F,N,,,53FF7EE79A7946EBA3E90F71DC6654DF24A8CC2D2EC42C74F18EA25AD5246F32,CO,01,No,,,,,01,Dry,,,,,,,,
Injury Crashes,MSP7872003T,Maryland State Police,Front to Rear,Prince George's,Interstate,No,No,No,No,No,CAPITAL BELTWAY (SB/L),95,INTERSTATE ROUTE,No,True,No,5/1/2025,No,Point,38.808055,-76.975626667,MSP,03,16,02,No,11,,11:35,2025,Thursday,12,Motor Vehicle In Transport,05,On Roadway,1,,,,,,09,Through Roadway,01,Daylight,5/1/2025,2025-05-01,S,49.91,F,N,,,E8AE4CAA5BD114157B26F7D168EB5ECC09372889CB0A7C77C5EA825A74E47379,IS,01,No,,,,,01,Dry,,,,,,,,
Property Damage Crashes,DA4402001C,Prince George's County Police,Angle,Prince George's,Minor Arterial,No,No,No,No,No,WALKER MILL RD,367,COUNTY ROAD,No,True,No,5/30/2025,No,Point,38.874295794,-76.880729611,PGCOPD,01,16,03,Yes,10,,10:00,2025,Friday,12,Motor Vehicle In Transport,05,On Roadway,4,,,,,,09,Through Roadway,01,Daylight,5/30/2025,2025-05-30,N,28.39,F,N,,,791050DD09AF9D59CC732CF0FD47CE00A8198D846951060C8B1F1FF01F3EE8D1,CO,01,No,,,,,01,Dry,,,,,,,,
Property Damage Crashes,AM0376002Q,Bladensburg Police Department,Front to Rear,Prince George's,,No,No,No,No,Yes,,,,No,True,No,4/29/2025,No,Point,38.938782353,-76.934846247,BLADENSBURG,03,16,03,,11,,11:14,2025,Tuesday,12,Motor Vehicle In Transport,04,"Off-Roadway, Location Unknown",,,,,,,,,01,Daylight,4/29/2025,2025-04-29,,,F,N,102,Parking Lot Way,,,01,No,,,,,,,,,,,,,,
Property Damage Crashes,DA3413008T,Prince George's County Police,"Sideswipe, Same Direction",Prince George's,Principal Arterial – Other,No,No,No,No,No,BRANCH AVE (SB/L),5,MARYLAND ROUTE,No,True,No,1/10/2025,No,Point,38.803436593,-76.904982588,PGCOPD,07,16,03,No,20,,20:10,2025,Friday,12,Motor Vehicle In Transport,99,Unknown,3,,,,,,06,Non-Junction,05,Dark - Unknown Lighting,1/10/2025,2025-01-10,N,174.09,F,N,,,8EA379AD9D06A910AFD8E340BABAC627B85F7883421EEE35DC4E1975F500B644,MD,01,No,12,Motor Vehicle In Transport,99,Unknown,09,Wet,,,,,,,,
Property Damage Crashes,DA43980016,Prince George's County Police,Angle,Prince George's,,No,No,No,No,No,MARLBORO PIKE (NB/L),3074,COUNTY ROAD,No,True,No,5/27/2025,No,Point,38.851414663,-76.890541910,PGCOPD,01,16,03,Yes,11,,11:56,2025,Tuesday,12,Motor Vehicle In Transport,05,On Roadway,,,,,WALTERS LA,,09,Through Roadway,01,Daylight,5/27/2025,2025-05-27,N,52.93,F,N,,,4ED401B769245558D49CBEAAA2B0EA0548DA4FD7C8BE286D65448182C7230DF9,CO,01,No,,,,,01,Dry,,,,,,,,
Property Damage Crashes,MSP7453009C,Maryland State Police,Single Vehicle,Prince George's,Principal Arterial – Other Freeways and Expressways,No,No,No,No,No,JOHN HANSON HWY (WB/L),50,UNITED STATE ROUTE,No,True,No,2/27/2025,No,Point,38.928520183,-76.8999437,MSP,101,16,03,No,22,,22:57,2025,Thursday,32,Guardrail Face,06,"On Shoulder, Left Side",2,,101,State,,,06,Non-Junction,04,Dark - Not Lighted,2/27/2025,2025-02-27,W,25.15,F,N,,,FC081F4B099DBACC1E9FA2B163F061FD8994AA25F2AFAAB8E222995256D82C99,US,01,No,,,,,01,Dry,,,,,,,,
Injury Crashes,DA3472002L,Prince George's County Police,Angle,Prince George's,,No,No,No,No,No,,582,COUNTY ROAD,No,True,No,4/23/2025,No,Point,38.780276583,-76.997346580,PGCOPD,01,16,02,No,15,02,15:31,2025,Wednesday,12,Motor Vehicle In Transport,05,On Roadway,,Perpendicular,,,LIVINGSTON RD,03,05,Intersection or Related,01,Daylight,4/23/2025,2025-04-23,N,0,F,N,,,3A145EB6F9399C10CD8E4C3A8715F61BCB9100F8E48E77EE3945ED92C4817CBB,CO,01,No,,,,,01,Dry,05,No Controls,,,,,,
Property Damage Crashes,DA4234004G,Prince George's County Police,Front to Front,Prince George's,Local,No,No,No,No,No,KERNAL LA,1959,COUNTY ROAD,No,True,No,5/9/2025,No,Point,38.821160750,-76.956585335,PGCOPD,02,16,03,Yes,11,,11:15,2025,Friday,12,Motor Vehicle In Transport,05,On Roadway,7,,,,,,99,Unknown,01,Daylight,5/9/2025,2025-05-09,W,27.7,F,N,,,C635F34B3957A8426F871C913B7489758A6E56151C36AEA27AD4F823B466D564,CO,01,No,12,Motor Vehicle In Transport,05,On Roadway,09,Wet,,,,,,,,
Property Damage Crashes,DA42190062,Prince George's County Police,"Sideswipe, Same Direction",Prince George's,Principal Arterial – Other,No,No,No,No,No,BRANCH AVE,5,MARYLAND ROUTE,No,True,No,2/3/2025,No,Point,38.847855287,-76.952778258,PGCOPD,07,16,03,No,7,,07:20,2025,Monday,12,Motor Vehicle In Transport,05,On Roadway,3,,,,,,06,Non-Junction,01,Daylight,2/3/2025,2025-02-03,N,10.93,F,N,,,50FF266E9711FE9BC6410BBA7798C5E758440E8EB7A396EB07409B6715D8E7FE,MD,01,No,,,,,01,Dry,,,,,,,,
Property Damage Crashes,DA43130030,Prince George's County Police,Single Vehicle,Prince George's,Major Collector,No,No,No,No,No,BRINKLEY RD,122,COUNTY ROAD,No,True,No,1/18/2025,No,Point,38.800255002,-76.933290323,PGCOPD,101,16,03,No,20,,20:15,2025,Saturday,28,Ditch,09,Roadside,5,,,,,,09,Through Roadway,04,Dark - Not Lighted,1/18/2025,2025-01-18,S,19.14,F,N,,,634A32D1892B11874071F3E9DFCF071D3C119B73DF3B78EC2DAA1E6BD73623A7,CO,01,No,,,,,09,Wet,,,,,,,,
Property Damage Crashes,RD0103008D,Riverdale Park Police Department,Front to Rear,Prince George's,Principal Arterial – Other,No,No,No,No,No,EAST WEST HWY,410,MARYLAND ROUTE,No,True,No,1/30/2025,No,Point,38.960975762,-76.922027345,RIVERDALE,03,16,03,No,10,,10:08,2025,Thursday,12,Motor Vehicle In Transport,05,On Roadway,3,,,,,,06,Non-Junction,01,Daylight,1/30/2025,2025-01-30,S,43.77,F,N,,,06F0ED77A4A49B51171CF4B4E605907B20EF57F1DA9D6EED543A9E35B3D76832,MD,01,No,,,,,01,Dry,,,,,,,,
Property Damage Crashes,DA4343002K,Prince George's County Police,Front to Rear,Prince George's,Major Collector,No,No,No,No,No,CONTEE RD,6,COUNTY ROAD,No,True,No,2/8/2025,No,Point,39.073666881,-76.860990396,PGCOPD,03,16,03,No,23,,23:30,2025,Saturday,12,Motor Vehicle In Transport,05,On Roadway,5,,,,,,06,Non-Junction,03,Dark - Lighted,2/8/2025,2025-02-08,E,89.98,F,N,,,0EEDC1C521A9A15E84B63B93C3EC4FA99072BF3947907C5CE5B0DECCE629FA02,CO,01,No,,,,,09,Wet,,,,,,,,
Property Damage Crashes,CNC3177001B,New Carrollton Police Department,Front to Rear,Prince George's,Minor Arterial,No,No,No,No,No,ANNAPOLIS RD,450,MARYLAND ROUTE,No,True,No,2/26/2025,No,Point,38.951146327,-76.885592064,NCPD,03,16,03,Yes,13,,13:30,2025,Wednesday,12,Motor Vehicle In Transport,05,On Roadway,4,,,,,,99,Unknown,01,Daylight,2/26/2025,2025-02-26,N,38.5,F,N,,,C17D8D188A9E64A999F7AF1633C4351D1AD7206EDF4BE41D925A21582535F4AC,MD,01,No,,,,,01,Dry,,,,,,,,
Property Damage Crashes,CE43260017,Laurel Police Department,Single Vehicle,Prince George's,Principal Arterial – Other,No,No,No,No,No,SECOND ST,1,UNITED STATE ROUTE,No,True,No,5/18/2025,No,Point,39.101753194,-76.844414158,LAUREL,101,16,03,No,15,02,15:20,2025,Sunday,27,Curb,09,Roadside,3,Perpendicular,,,LITTLE MONTGOMERY ST,03,05,Intersection or Related,01,Daylight,5/18/2025,2025-05-18,S,0,F,N,,,6D16DC5994A9AE43B11EBB4F7819D0E5E5FC27BCBCE718CA6EBF0D8B69FE5F9C,US,01,No,,,,,01,Dry,04,Yield,,,,,,
Property Damage Crashes,MSP744700M1,Maryland State Police,Single Vehicle,Prince George's,Interstate,No,No,No,No,No,RAMP 3 FR MD 202 EB TO IS 95 NB,95,RAMP,No,True,No,1/22/2025,No,Point,38.916785,-76.849441667,MSP,101,16,03,No,10,,10:23,2025,Wednesday,32,Guardrail Face,09,Roadside,1,,101,State,,,04,Entrance/Exit Ramp or Related,01,Daylight,1/22/2025,2025-01-22,W,11.22,F,N,,,1F44A48FB63E23DE07BF762E12B3E335C07174D5A92BEE711E230C5C018E5495,RP,01,No,,,,,01,Dry,,,,,,,,
Property Damage Crashes,MSP766400C9,Maryland State Police,Front to Rear,Prince George's,Interstate,No,No,No,No,No,CAPITAL BELTWAY (NB LOCAL),95,INTERSTATE ROUTE,No,True,No,5/16/2025,No,Point,38.792698637,-77.026667468,MSP,03,16,03,No,18,,18:40,2025,Friday,12,Motor Vehicle In Transport,05,On Roadway,1,,,,,,09,Through Roadway,01,Daylight,5/16/2025,2025-05-16,W,14.13,F,N,,,1946F200F058B0730E4777BF6F8FA052161C53475B010A94FC774C1E11AED5E2,IS,01,No,,,,,09,Wet,,,,,,,,
Property Damage Crashes,DA3200001K,Prince George's County Police,"Sideswipe, Same Direction",Prince George's,Interstate,No,Yes,No,No,No,CAPITAL BELTWAY (SB/L),95,INTERSTATE ROUTE,No,True,No,5/12/2025,No,Point,38.797906790,-77.009670759,PGCOPD,07,16,03,Yes,9,,09:10,2025,Monday,12,Motor Vehicle In Transport,05,On Roadway,1,,,,,,01,Acceleration/Deceleration Lane,01,Daylight,5/12/2025,2025-05-12,S,41.56,F,N,,,9EF5B0BF27FB41B1991609983E09AD9B3DB1F44934202D5094BE625177E391F1,IS,01,No,97,Not Applicable,,,01,Dry,,,,,,,,
Property Damage Crashes,CE5357000Z,Laurel Police Department,Angle,Prince George's,Principal Arterial – Other,No,No,No,No,No,TALBOTT AVE (WB/L),198,MARYLAND ROUTE,No,True,No,4/30/2025,No,Point,39.102643212,-76.857365185,LAUREL,01,16,03,No,7,,07:45,2025,Wednesday,12,Motor Vehicle In Transport,05,On Roadway,3,,,,EIGHTH ST,,06,Non-Junction,01,Daylight,4/30/2025,2025-04-30,S,20.64,F,N,,,740DAC31A92F82C25258AB86C242AF0C87CB7297171D6588227ABDA17827D738,MD,01,No,,,,,01,Dry,,,,,,,,
Property Damage Crashes,MSP757700K3,Maryland State Police,"Sideswipe, Same Direction",Prince George's,Interstate,No,Yes,No,No,No,CAPITAL BELTWAY (SB/L),95,INTERSTATE ROUTE,No,True,No,4/18/2025,No,Point,38.992985,-76.887523333,MSP,07,16,03,No,11,,11:55,2025,Friday,12,Motor Vehicle In Transport,05,On Roadway,1,,,,,,09,Through Roadway,01,Daylight,4/18/2025,2025-04-18,E,50.58,F,N,,,2AB09B36D9FBCEFBBDEEA955056F7AA7F3799A4AE2F1DB9FBBAA1FCC9CC4CF25,IS,01,No,97,Not Applicable,,,01,Dry,,,,,,,,
Property Damage Crashes,MSP746700FF,Maryland State Police,Single Vehicle,Prince George's,Interstate,No,No,No,No,No,RAMP 5 FR RP 12 (FR IS295 SB) TO IS95 LN,95,RAMP,No,True,No,3/1/2025,No,Point,38.7950318,-77.013203667,MSP,101,16,03,No,3,,03:52,2025,Saturday,32,Guardrail Face,03,Median,1,,,,,,09,Through Roadway,04,Dark - Not Lighted,3/1/2025,2025-03-01,W,51.36,F,N,,,40836EF9CDCBDE258EE24219D5B1FD08BBCEAD6A29E320CE838D20912CC1D86E,RP,01,No,,,,,01,Dry,,,,,,,,
Property Damage Crashes,DA4412000N,Prince George's County Police,Angle,Prince George's,Principal Arterial – Other,No,No,No,No,No,OXON HILL RD (WB/L),414,MARYLAND ROUTE,No,True,No,5/17/2025,No,Point,38.804864253,-76.976928260,PGCOPD,01,16,03,No,13,,13:00,2025,Saturday,12,Motor Vehicle In Transport,05,On Roadway,3,,,,,,09,Through Roadway,01,Daylight,5/17/2025,2025-05-17,N,7.91,F,N,,,0B13617F789E0BB59F1B919ED58A99B974B5AF12541F04822DF41A748D776ACA,MD,01,No,,,,,01,Dry,,,,,,,,
Property Damage Crashes,BP9419001V,Forest Heights Police Department,Front to Rear,Prince George's,Principal Arterial – Other Freeways and Expressways,No,No,No,No,No,INDIAN HEAD HWY (SB/L),210,MARYLAND ROUTE,No,True,No,1/26/2025,No,Point,38.791371113,-76.998117524,FORESTHEIGHTS,03,16,03,No,20,,20:00,2025,Sunday,12,Motor Vehicle In Transport,05,On Roadway,2,,,,,,09,Through Roadway,04,Dark - Not Lighted,1/26/2025,2025-01-26,W,174.57,F,N,,,3FB280AB102C740BC6D5DC0BB6E9E0533F3CC1BC095A435D02E98449F65100B3,MD,01,No,,,,,01,Dry,,,,,,,,
Injury Crashes,BW0212000L,Greenbelt Police Department,"Sideswipe, Same Direction",Prince George's,,No,No,No,No,Yes,,,,No,True,No,3/29/2025,No,Point,38.992475939,-76.878670002,GREENBELT,07,16,02,,13,,13:27,2025,Saturday,12,Motor Vehicle In Transport,05,On Roadway,,,,,,,,,01,Daylight,3/29/2025,2025-03-29,,,F,N,102,Parking Lot Way,,,01,No,,,,,,,,,,,,,,
Property Damage Crashes,DA4043009M,Prince George's County Police,"Sideswipe, Same Direction",Prince George's,,No,Yes,No,No,No,,194,SPUR,No,True,No,3/31/2025,No,Point,38.775489256,-76.867031128,PGCOPD,07,16,03,No,7,,07:25,2025,Monday,12,Motor Vehicle In Transport,05,On Roadway,,,,,DANGERFIELD RD DANGERFIELD RD (NB/L),,09,Through Roadway,01,Daylight,3/31/2025,2025-03-31,W,77.86,F,N,,,4531172C07353EEF4F0373368ACA66F5E8F6E626DBE236A8166A6E0D0F1EB2D2,SP,01,No,,,,,01,Dry,,,,,,,,
Property Damage Crashes,DA43100021,Prince George's County Police,Rear To Side,Prince George's,Major Collector,No,No,No,No,No,BROWN STATION RD,99,COUNTY ROAD,No,True,No,2/14/2025,No,Point,38.836966430,-76.773146177,PGCOPD,05,16,03,No,8,,08:00,2025,Friday,12,Motor Vehicle In Transport,05,On Roadway,5,,,,,,99,Unknown,01,Daylight,2/14/2025,2025-02-14,N,29.22,F,N,,,2B288D2AEAF770177F80D1CF9A67DBC8D0891BA48E58AE3CEF3D6B88CAE3F9AB,CO,01,No,,,,,01,Dry,,,,,,,,
Property Damage Crashes,BW0195001W,Greenbelt Police Department,"Sideswipe, Same Direction",Prince George's,,Yes,Yes,No,No,Yes,,,,No,True,No,1/4/2025,No,Point,39.004747323,-76.902762655,GREENBELT,07,16,03,,1,,01:09,2025,Saturday,12,Motor Vehicle In Transport,05,On Roadway,,,,,,,,,03,Dark - Lighted,1/4/2025,2025-01-04,,,F,N,102,Parking Lot Way,,,01,No,12,Motor Vehicle In Transport,02,In Parking Lane Or Zone,,,,,,,,,,
Property Damage Crashes,AZ1747000S,Cheverly Police Department,"Sideswipe, Opposite Direction",Prince George's,,No,No,No,No,Yes,,,,No,True,No,3/11/2025,No,Point,38.931560060,-76.900936677,CHEVERLY,06,16,03,,18,,18:48,2025,Tuesday,12,Motor Vehicle In Transport,02,In Parking Lane Or Zone,,,,,,,,,101,Dusk,3/11/2025,2025-03-11,,,F,N,102,Parking Lot Way,,,01,No,,,,,,,,,,,,,,
Property Damage Crashes,DA3167000T,Prince George's County Police,Single Vehicle,Prince George's,,No,No,No,No,No,CONTEE RD (EB/L),2201,LOCAL ROAD,No,True,No,1/6/2025,No,Point,39.077165451,-76.872152487,PGCOPD,101,16,03,No,23,,23:24,2025,Monday,30,Fence,07,"On Shoulder, Right Side",,,,,,,06,Non-Junction,03,Dark - Lighted,1/6/2025,2025-01-06,N,27.9,F,N,,,38B04ACEBA8048C53DA980DDD1D447B4C3B69B69C62A7555C5A5BB47D218D3B8,LL,01,No,,,,,07,Snow,,,,,,,,
Property Damage Crashes,DA423700CW,Prince George's County Police,"Sideswipe, Same Direction",Prince George's,Major Collector,No,No,No,No,No,CHILLUM RD,449,COUNTY ROAD,No,True,No,5/3/2025,No,Point,38.964895331,-76.998775805,PGCOPD,07,16,03,No,23,,23:10,2025,Saturday,12,Motor Vehicle In Transport,05,On Roadway,5,,,,,,03,Driveway Access or Related,03,Dark - Lighted,5/3/2025,2025-05-03,N,6.16,F,N,,,67DC826C59F6272BE338D7D33EF44A643F225780E7CACBBDE805A5F14204FB28,CO,01,No,,,,,09,Wet,,,,,,,,