Crash Severity Description,Reportnumber,Agencyname,CollisionImpact Description,Crash County Description,FunctionalClass Description,ImpairedCrash,Large Vehicle Involved,Motorcycle Crash,Non-Motorist Crash,OffRoad,RoadName,Route Number,RouteType Description,Unrestrained Occupants,WithinDateRange,Work Zone Related,Crashdate,Work Zone Crash,CrashPoint,Latitude,Longitude,AgencyCode,CollisionImpact,Crash County,Crash Severity,Crash Within Interchange,Crashhour,CrashInterchangeApproaches,Crashtime,CrashYear,Dayofweek,FirstHarmEvent,FirstHarmEvent Description,FirstHarmLocation,FirstHarmLocation Description,FunctionalClass,Geometry Description,GovPropertyDamage,GovPropertyDamage Description,IntersectingRoadName,Intersection Geometry,JunctionRelated,JunctionRelated Description,Light,Light Description,LOD Crash Date,LOD Date Level,MilepointDirection,MilepointDistance,MilepointUnits,NonTrafficFatal,OffroadLocation,OffroadLocation Description,RoadID,RouteType,SchoolBusRelated,SchoolBusRelated Description,SecondHarmEvent,SecondHarmEvent Description,SecondHarmLocation,SecondHarmLocation Description,Surface,Surface Description,TrafficControl,Trafficcontrol Description,WZLawEnforcementPresent,WZLocation,WZLocation Description,WZType,WZType Description,WZWorkersPresent
Property Damage Crashes,DA4313003M,Prince George's County Police,Front to Rear,Prince George's,Principal Arterial – Other,No,Yes,No,No,No,SILVER HILL RD,458,MARYLAND ROUTE,Yes,True,No,5/29/2025,No,Point,38.842122779,-76.936334652,PGCOPD,03,16,03,No,10,,10:21,2025,Thursday,12,Motor Vehicle In Transport,05,On Roadway,3,,,,,,09,Through Roadway,01,Daylight,5/29/2025,2025-05-29,S,17.23,F,N,,,32FA776CC8DD1DD0C88FE9FCB57A7FDF2C802D7B4298C436678437F4EBB407F9,MD,01,No,,,,,01,Dry,,,,,,,,
Property Damage Crashes,DA42490074,Prince George's County Police,Front to Rear,Prince George's,Minor Arterial,No,No,No,No,No,SHERIFF RD,75,COUNTY ROAD,No,True,No,5/21/2025,No,Point,38.909095747,-76.894433761,PGCOPD,03,16,03,No,14,,14:36,2025,Wednesday,12,Motor Vehicle In Transport,05,On Roadway,4,,,,,,06,Non-Junction,01,Daylight,5/21/2025,2025-05-21,E,19.08,F,N,,,7BC29929E15CAD89AA649DFCFFD1ED2FE93E92650CF134B8266BDB7BC1251A2D,CO,01,No,,,,,01,Dry,,,,,,,,
Property Damage Crashes,DA4428000R,Prince George's County Police,Other,Prince George's,Local,No,No,No,No,No,LANHAM STATION RD,3119,COUNTY ROAD,No,True,No,3/21/2025,No,Point,38.961275748,-76.862875566,PGCOPD,98,16,03,Yes,16,,16:40,2025,Friday,12,Motor Vehicle In Transport,05,On Roadway,7,,,,ANNAPOLIS RD,,09,Through Roadway,01,Daylight,3/21/2025,2025-03-21,N,16.57,F,N,,,ADD73D3D828B8DE194FADCF9A5BA50F4EB842FDDC59257C0734033E4F44DF27C,CO,01,No,,,,,01,Dry,,,,,,,,
Property Damage Crashes,DA43090035,Prince George's County Police,Single Vehicle,Prince George's,Local,No,No,No,No,No,LAKE FOREST DR (SB/L),7119,COUNTY ROAD,No,True,No,5/6/2025,No,Point,38.858455199,-76.742058126,PGCOPD,101,16,03,No,5,,05:45,2025,Tuesday,41,Utility Pole/Light Support,03,Median,7,,,,,,09,Through Roadway,01,Daylight,5/6/2025,2025-05-06,N,5.94,F,N,,,E8A85C7192E6F3CCBF1FFFCE8C5CD0992477756E2D776C8EFB979BC7055939D2,CO,01,No,,,,,01,Dry,,,,,,,,
Property Damage Crashes,CBPD0073004P,Bowie Police Department,Rear To Side,Prince George's,,No,No,No,No,Yes,,,,No,True,No,4/26/2025,No,Point,38.944903936,-76.735499273,BOWIE,05,16,03,,18,,18:20,2025,Saturday,12,Motor Vehicle In Transport,02,In Parking Lane Or Zone,,,,,,,,,01,Daylight,4/26/2025,2025-04-26,,,F,N,101,Parking Aisle,,,01,No,97,Not Applicable,,,,,,,,,,,,
Property Damage Crashes,DA3223004C,Prince George's County Police,Front to Rear,Prince George's,Principal Arterial – Other Freeways and Expressways,No,No,No,No,No,INDIAN HEAD HWY,210,MARYLAND ROUTE,No,True,No,3/16/2025,No,Point,38.744687098,-76.991889255,PGCOPD,03,16,03,No,0,,00:17,2025,Sunday,12,Motor Vehicle In Transport,05,On Roadway,2,,,,,,06,Non-Junction,04,Dark - Not Lighted,3/16/2025,2025-03-16,W,6.53,F,N,,,1D775773B0BFCC76FED8124363D99CDE1E4DC7D6A7CE9A39F236915EB3993EC9,MD,01,No,,,,,01,Dry,,,,,,,,
Property Damage Crashes,RD0135000C,Riverdale Park Police Department,Front to Rear,Prince George's,Principal Arterial – Other,No,No,No,No,No,EAST WEST HWY,410,MARYLAND ROUTE,No,True,No,4/1/2025,No,Point,38.960937181,-76.922349238,RIVERDALE,03,16,03,No,17,,17:33,2025,Tuesday,12,Motor Vehicle In Transport,99,Unknown,3,,,,,,09,Through Roadway,01,Daylight,4/1/2025,2025-04-01,W,14.23,F,N,,,97D14C80AD71F5CC331403504EC2FD26F8B7171E8C2A5F0D370E602E37493900,MD,01,No,,,,,01,Dry,,,,,,,,
Property Damage Crashes,DA43010044,Prince George's County Police,Angle,Prince George's,,No,No,No,No,No,ALLENTOWN RD (SB/L),126,COUNTY ROAD,No,True,No,5/22/2025,No,Point,38.750094584,-76.979192062,PGCOPD,01,16,03,No,12,,12:35,2025,Thursday,12,Motor Vehicle In Transport,05,On Roadway,,,,,,,06,Non-Junction,01,Daylight,5/22/2025,2025-05-22,N,680.4,F,N,,,D59BCF39A60BB11CB2612C4E0B4DECB6339427C2583A3C1750E816CAFBA4349B,CO,01,No,,,,,01,Dry,,,,,,,,
Injury Crashes,MSP7875003M,Maryland State Police,Front to Rear,Prince George's,Principal Arterial – Other Freeways and Expressways,No,No,No,No,No,BRANCH AVE,5,MARYLAND ROUTE,No,True,No,4/28/2025,No,Point,38.717880833,-76.878529017,MSP,03,16,02,No,9,,09:46,2025,Monday,12,Motor Vehicle In Transport,05,On Roadway,2,,,,,,06,Non-Junction,01,Daylight,4/28/2025,2025-04-28,W,19.09,F,N,,,B04622CEFCEBC9A1EB162B87A09D56DFFC4CA37DE4ED810DAEF7F8EBF77E3B15,MD,01,No,,,,,01,Dry,,,,,,,,
Property Damage Crashes,MSP78650027,Maryland State Police,Single Vehicle,Prince George's,Interstate,No,No,No,No,No,CAPITAL BELTWAY (SB/L),95,INTERSTATE ROUTE,No,True,No,3/31/2025,No,Point,38.947404230,-76.859405323,MSP,101,16,03,No,23,,23:49,2025,Monday,25,Concrete Traffic Barrier,09,Roadside,1,,,,,,06,Non-Junction,04,Dark - Not Lighted,3/31/2025,2025-03-31,W,56.66,F,N,,,71AC39CE87E6BEC0D91844FB8DC59A9701E734156D8841A8AB7CB9962427B4BD,IS,01,No,,,,,09,Wet,,,,,,,,
Property Damage Crashes,DA387800C9,Prince George's County Police,"Sideswipe, Opposite Direction",Prince George's,,No,No,No,No,No,,1219,PRIVATE ROAD,No,True,No,2/3/2025,No,Point,38.990927818,-76.830887353,PGCOPD,06,16,03,No,16,,16:34,2025,Monday,12,Motor Vehicle In Transport,05,On Roadway,,,,,GREENBELT RD,,10,"Other Location Not Listed Above Within an Interchange Area (median,
shoulder and roadside)",01,Daylight,2/3/2025,2025-02-03,N,4.61,F,N,,,FD3B271359450380A935858FFD8ACA3D3F9A61A9B7CD22F8F18CB1A267C59AEC,PV,01,No,,,,,01,Dry,,,,,,,,
Property Damage Crashes,DA4131007S,Prince George's County Police,"Sideswipe, Same Direction",Prince George's,Principal Arterial – Other,No,No,No,No,No,CENTRAL AVE (WB/L),214,MARYLAND ROUTE,No,True,No,2/28/2025,No,Point,38.887569869,-76.891413447,PGCOPD,07,16,03,No,12,,12:26,2025,Friday,12,Motor Vehicle In Transport,05,On Roadway,3,,,,,,01,Acceleration/Deceleration Lane,01,Daylight,2/28/2025,2025-02-28,E,4.92,F,N,,,012B1A5EA3095E49B0A5CB18F2B6CAEFC93306496B0399F3FC309484162BDD4F,MD,01,No,,,,,01,Dry,,,,,,,,
Property Damage Crashes,BW02110010,Greenbelt Police Department,"Sideswipe, Opposite Direction",Prince George's,Principal Arterial – Other Freeways and Expressways,No,No,No,No,No,RAMP 3 FR MD 193 EB TO MD 295 NB,295,RAMP,No,True,No,1/8/2025,No,Point,38.994346852,-76.876336157,GREENBELT,06,16,03,No,22,,22:40,2025,Wednesday,12,Motor Vehicle In Transport,05,On Roadway,2,,,,GREENBELT RD (WB/L),,06,Non-Junction,03,Dark - Lighted,1/8/2025,2025-01-08,S,42.62,F,N,,,68BE72DBA3346FCCB33B3FBECB8C4797E930E553139D5982696B48EE37BA355B,RP,01,No,12,Motor Vehicle In Transport,05,On Roadway,02,Ice/Frost,,,,,,,,
Property Damage Crashes,DA43190043,Prince George's County Police,"Sideswipe, Same Direction",Prince George's,Principal Arterial – Other,No,No,No,No,No,CENTRAL AVE (WB/L),214,MARYLAND ROUTE,Yes,True,No,1/15/2025,No,Point,38.889905565,-76.861911068,PGCOPD,07,16,03,No,11,,11:26,2025,Wednesday,12,Motor Vehicle In Transport,05,On Roadway,3,,,,,,06,Non-Junction,01,Daylight,1/15/2025,2025-01-15,W,50.49,F,N,,,25EE985464959FB2CEB86F013ECB9510560F78EFD4656BC2BA2DB171B2115927,MD,01,No,,,,,01,Dry,,,,,,,,
Property Damage Crashes,MSP647600GB,Maryland State Police,Single Vehicle,Prince George's,Minor Arterial,Yes,No,No,No,No,WHITE HOUSE RD,97,COUNTY ROAD,No,True,No,1/4/2025,No,Point,38.876356441,-76.802946195,MSP,101,16,03,No,0,,00:17,2025,Saturday,29,Embankment,01,Gore,4,,,,LARGO RD,,09,Through Roadway,04,Dark - Not Lighted,1/4/2025,2025-01-04,E,78.35,F,N,,,D0B92DB0EC698D58F59FAFF0EC876600627F94BD842C5D9D5DB0F72473952690,CO,01,No,40,Tree (standing),01,Gore,01,Dry,,,,,,,,
Injury Crashes,DA384000JH,Prince George's County Police,Front to Rear,Prince George's,Minor Arterial,No,No,No,No,No,TUCKER RD,193,COUNTY ROAD,No,True,No,5/7/2025,No,Point,38.775205118,-76.958292356,PGCOPD,03,16,02,No,16,,16:44,2025,Wednesday,12,Motor Vehicle In Transport,05,On Roadway,4,,,,,,06,Non-Junction,01,Daylight,5/7/2025,2025-05-07,W,24.49,F,N,,,8483E91A09F779A3DB8C27CDFE8C83DDDD0C49176D3BD7C7D53BFE2728F5C357,CO,01,No,,,,,01,Dry,,,,,,,,
Injury Crashes,MSP77700072,Maryland State Police,Front to Rear,Prince George's,Interstate,No,Yes,No,No,No,RAMP 8 FR MD 5 SB TO IS 95 SB,95,RAMP,No,True,No,3/16/2025,No,Point,38.820174217,-76.924693519,MSP,03,16,02,No,23,,23:14,2025,Sunday,12,Motor Vehicle In Transport,07,"On Shoulder, Right Side",1,,,,,,06,Non-Junction,03,Dark - Lighted,3/16/2025,2025-03-16,W,12.48,F,N,,,CD84D1B6658BE73CC09077C9F06809CA4B346F9659FFC680DA15FAE4E539DC19,RP,01,No,,,,,09,Wet,,,,,,,,
Property Damage Crashes,MSP7587007D,Maryland State Police,Front to Rear,Prince George's,Interstate,No,No,No,No,No,NO NAME,95,INTERSTATE ROUTE,No,True,No,2/13/2025,No,Point,39.041471761,-76.935477065,MSP,03,16,03,No,7,,07:40,2025,Thursday,12,Motor Vehicle In Transport,05,On Roadway,1,,,,,,06,Non-Junction,01,Daylight,2/13/2025,2025-02-13,N,28.13,F,N,,,BD03919EE2C4F36B510766E974BF31929A6EDCDA88E5D515C042592A8E59136A,IS,01,No,,,,,09,Wet,,,,,,,,
Property Damage Crashes,AM0393001N,Bladensburg Police Department,Unknown,Prince George's,,No,No,No,No,Yes,,,,No,True,No,5/11/2025,No,Point,38.941678755,-76.940700253,BLADENSBURG,99,16,03,,14,,14:15,2025,Sunday,12,Motor Vehicle In Transport,02,In Parking Lane Or Zone,,,,,,,,,01,Daylight,5/11/2025,2025-05-11,,,F,N,100,Parking Stall,,,01,No,,,,,,,,,,,,,,
Property Damage Crashes,DA4416000M,Prince George's County Police,Front to Front,Prince George's,Principal Arterial – Other Freeways and Expressways,No,No,No,No,No,KENILWORTH AVE,201,MARYLAND ROUTE,No,True,No,4/24/2025,No,Point,38.914147801,-76.932528830,PGCOPD,02,16,03,No,1,,01:31,2025,Thursday,12,Motor Vehicle In Transport,05,On Roadway,2,,,,,,06,Non-Junction,03,Dark - Lighted,4/24/2025,2025-04-24,W,52.94,F,N,,,D2B56EFFBB9201C263B7884E68C5D7972B2100FDB39A6BE44147822AF5A7F105,MD,01,No,12,Motor Vehicle In Transport,05,On Roadway,01,Dry,,,,,,,,
Property Damage Crashes,DA4423000Y,Prince George's County Police,Front to Rear,Prince George's,,No,No,No,No,Yes,,,,No,True,No,2/22/2025,No,Point,38.890054284,-76.871472195,PGCOPD,03,16,03,,10,,10:47,2025,Saturday,12,Motor Vehicle In Transport,04,"Off-Roadway, Location Unknown",,,,,,,,,01,Daylight,2/22/2025,2025-02-22,,,F,N,102,Parking Lot Way,,,01,No,,,,,,,,,,,,,,
Injury Crashes,DA3699000M,Prince George's County Police,Single Vehicle,Prince George's,,No,No,No,No,Yes,,,,No,True,No,2/19/2025,No,Point,39.041530577,-76.944863523,PGCOPD,101,16,02,,13,,13:45,2025,Wednesday,30,Fence,99,Unknown,,,,,,,,,01,Daylight,2/19/2025,2025-02-19,,,F,N,102,Parking Lot Way,,,01,No,,,,,,,,,,,,,,
Property Damage Crashes,DA3516006W,Prince George's County Police,Single Vehicle,Prince George's,Major Collector,No,No,No,No,No,FAIRHAVEN AVE,3348,COUNTY ROAD,No,True,No,2/27/2025,No,Point,38.760645042,-76.805352791,PGCOPD,101,16,03,No,13,,13:30,2025,Thursday,40,Tree (standing),05,On Roadway,5,,,,,,06,Non-Junction,01,Daylight,2/27/2025,2025-02-27,E,21.59,F,N,,,23DE5A1C190DD62A25AA595B8EF36DA17568CB6C3A4509E7920CD83009E66659,CO,01,No,40,Tree (standing),07,"On Shoulder, Right Side",01,Dry,,,,,,,,
Property Damage Crashes,DA4268006S,Prince George's County Police,Other,Prince George's,Local,No,No,No,No,No,NAVAHOE DR,672,COUNTY ROAD,No,True,No,1/1/2025,No,Point,38.995645246,-76.987679678,PGCOPD,98,16,03,No,18,,18:55,2025,Wednesday,15,Parked Vehicle,05,On Roadway,7,,,,,,09,Through Roadway,03,Dark - Lighted,1/1/2025,2025-01-01,S,19.21,F,N,,,BF66459B9124996B0586E346C9A9D4CC66DC256969F3529E061E4ED884FACC01,CO,01,No,,,,,01,Dry,,,,,,,,
Property Damage Crashes,CC03090014,Hyattsville Police Department,"Sideswipe, Same Direction",Prince George's,Minor Arterial,No,No,No,No,No,QUEENS CHAPEL RD,500,MARYLAND ROUTE,No,True,No,4/28/2025,No,Point,38.966351926,-76.948468023,HYATTSVILLE,07,16,03,Yes,17,04,17:35,2025,Monday,12,Motor Vehicle In Transport,05,On Roadway,4,Angled/Skewed,,,EAST WEST HWY,01,05,Intersection or Related,01,Daylight,4/28/2025,2025-04-28,S,0,F,N,,,AF2E9C274AC849809352DB35E51298C7DD8DA57DAD72090F484A5AD193311258,MD,01,No,,,,,01,Dry,01,Signalized,,,,,,
Property Damage Crashes,DA3829005P,Prince George's County Police,Angle,Prince George's,,No,No,No,No,Yes,,,,No,True,No,3/18/2025,No,Point,38.688725910,-76.902438392,PGCOPD,01,16,03,,21,,21:28,2025,Tuesday,15,Parked Vehicle,04,"Off-Roadway, Location Unknown",,,,,,,,,04,Dark - Not Lighted,3/18/2025,2025-03-18,,,F,N,106,Driveway,,,01,No,35,"Other Fixed Object (wall, building, tunnel, etc.)",04,"Off-Roadway, Location Unknown",,,,,,,,,,
Property Damage Crashes,DA4183006S,Prince George's County Police,"Sideswipe, Opposite Direction",Prince George's,,No,No,No,No,No,,771,SPUR,No,True,No,4/10/2025,No,Point,38.796932111,-77.003269152,PGCOPD,06,16,03,No,22,,22:07,2025,Thursday,12,Motor Vehicle In Transport,05,On Roadway,,,,,,,06,Non-Junction,03,Dark - Lighted,4/10/2025,2025-04-10,S,10.7,F,N,,,307DA0ADEC846BA78F09924B7C4682FEB87746DA18E57AB70D02DEAE09732D3B,SP,01,No,,,,,01,Dry,,,,,,,,
Property Damage Crashes,MSP77700081,Maryland State Police,"Sideswipe, Same Direction",Prince George's,Principal Arterial – Other Freeways and Expressways,No,No,No,No,No,BRANCH AVE,5,MARYLAND ROUTE,No,True,No,5/15/2025,No,Point,38.720413691,-76.879406849,MSP,07,16,03,No,11,,11:24,2025,Thursday,12,Motor Vehicle In Transport,05,On Roadway,2,,,,,,06,Non-Junction,01,Daylight,5/15/2025,2025-05-15,W,5.72,F,N,,,1ECA45882BF7F4840A4A13F0FF39B8B8FFAD655740789545880E2BB346514059,MD,01,No,,,,,01,Dry,,,,,,,,
Property Damage Crashes,CC0298003P,Hyattsville Police Department,Front to Rear,Prince George's,Principal Arterial – Other,No,No,No,No,No,EAST WEST HWY,410,MARYLAND ROUTE,No,True,No,4/20/2025,No,Point,38.966809309,-76.958213493,HYATTSVILLE,03,16,03,No,2,,02:15,2025,Sunday,12,Motor Vehicle In Transport,05,On Roadway,3,,,,,,06,Non-Junction,03,Dark - Lighted,4/20/2025,2025-04-20,E,29.94,F,N,,,ACABD04DC90F387F5CEE29C5B419C5CAAB4C39870AF71CFCED9861D7ABDF16A9,MD,01,No,,,,,01,Dry,,,,,,,,
Property Damage Crashes,DA418100FK,Prince George's County Police,Other,Prince George's,Local,No,No,No,No,No,KENESAW ST,630,MUNICIPAL ROAD,No,True,No,3/9/2025,No,Point,39.008118,-76.919155,PGCOPD,98,16,03,No,19,,19:54,2025,Sunday,12,Motor Vehicle In Transport,05,On Roadway,7,,,,,,09,Through Roadway,04,Dark - Not Lighted,3/9/2025,2025-03-09,W,21.45,F,N,,,E9FEB403CAD575DEF7CBDB595093FD23C1394701896319149A5AF35189C19A73,MU,01,No,15,Parked Vehicle,07,"On Shoulder, Right Side",01,Dry,,,,,,,,
Property Damage Crashes,MSP7701005D,Maryland State Police,Front to Rear,Prince George's,Principal Arterial – Other,No,No,No,No,No,LARGO RD,202,MARYLAND ROUTE,No,True,No,1/10/2025,No,Point,38.912450767,-76.837825924,MSP,03,16,03,No,22,,22:22,2025,Friday,12,Motor Vehicle In Transport,05,On Roadway,3,,,,,,09,Through Roadway,04,Dark - Not Lighted,1/10/2025,2025-01-10,S,53.63,F,N,,,9BF40045E09F9722AC0016267F2E9341A7A2528BBCB5584BC5213BB07D5454EB,MD,01,No,,,,,01,Dry,,,,,,,,
Property Damage Crashes,DA3438001T,Prince George's County Police,"Sideswipe, Same Direction",Prince George's,Local,No,No,No,No,No,29TH AVE,1045,COUNTY ROAD,No,True,No,3/17/2025,No,Point,38.8420117,-76.9539386,PGCOPD,07,16,03,No,19,,19:45,2025,Monday,15,Parked Vehicle,05,On Roadway,7,,,,,,06,Non-Junction,01,Daylight,3/17/2025,2025-03-17,N,25.6,F,N,,,6454642BC7934D07047B02169F96E1CC33869D758AF76F7083FE7D09AEA19ED6,CO,01,No,,,,,01,Dry,,,,,,,,
Injury Crashes,MSP7773001T,Maryland State Police,"Sideswipe, Same Direction",Prince George's,Interstate,No,No,No,No,No,CAPITAL BELTWAY,95,INTERSTATE ROUTE,No,True,No,3/23/2025,No,Point,38.957543522,-76.864937975,MSP,07,16,02,No,20,,20:15,2025,Sunday,12,Motor Vehicle In Transport,05,On Roadway,1,,,,,,06,Non-Junction,03,Dark - Lighted,3/23/2025,2025-03-23,S,22.66,F,N,,,627A840AAD9D63CA3BC800EE4BE56605D85AD5F72335C6DEF6D1314D65B9F869,IS,01,No,,,,,01,Dry,,,,,,,,
Property Damage Crashes,MSP743900LJ,Maryland State Police,Single Vehicle,Prince George's,Principal Arterial – Other Freeways and Expressways,No,No,No,No,No,RAMP 7 FR US 50 WB TO MD 201 SB,50,RAMP,No,True,No,1/1/2025,No,Point,38.919581752,-76.933905291,MSP,101,16,03,No,20,,20:40,2025,Wednesday,29,Embankment,09,Roadside,2,,101,State,,,09,Through Roadway,04,Dark - Not Lighted,1/1/2025,2025-01-01,W,96.12,F,N,,,526CF7CF13D79D4081B21837F3780C4A44D17D87919851346FE441E0DDC82548,RP,01,No,,,,,01,Dry,,,,,,,,
Property Damage Crashes,AZ1743000P,Cheverly Police Department,Angle,Prince George's,Local,No,No,No,No,No,NO NAME,202,MARYLAND ROUTE,No,True,No,5/15/2025,No,Point,38.934620557,-76.916296560,CHEVERLY,01,16,03,No,6,,06:30,2025,Thursday,12,Motor Vehicle In Transport,05,On Roadway,7,,,,LANDOVER RD (SB/L),,02,Crossover-Related,01,Daylight,5/15/2025,2025-05-15,N,55.9,F,N,,,C7CEF4890518F9ABE51668B0B097778FF3ED9CF81ECF19A8323FD706918FD19B,MD,01,No,,,,,01,Dry,,,,,,,,
Injury Crashes,DS0494000M,University of Maryland Police College Park,Front to Rear,Prince George's,Principal Arterial – Other,Yes,No,No,No,No,UNIVERSITY BLVD,193,MARYLAND ROUTE,No,True,No,2/23/2025,No,Point,38.989142643,-76.953774304,UMCP,03,16,02,Yes,3,,03:49,2025,Sunday,12,Motor Vehicle In Transport,05,On Roadway,3,,,,,,08,Shared-Use Path or Trail,03,Dark - Lighted,2/23/2025,2025-02-23,N,37.61,F,N,,,F4FE1CFD8A70E1328574A356E5B598CB7FC17495FD38153141FB1E283B7E0AA7,MD,01,No,28,Ditch,09,Roadside,01,Dry,,,,,,,,
Property Damage Crashes,DA4050006T,Prince George's County Police,"Sideswipe, Same Direction",Prince George's,Local,No,No,No,No,No,51ST AVE,9510,MUNICIPAL ROAD,No,True,No,2/20/2025,No,Point,39.010314243,-76.919182550,PGCOPD,07,16,03,No,16,,16:00,2025,Thursday,15,Parked Vehicle,05,On Roadway,7,,,,,,09,Through Roadway,01,Daylight,2/20/2025,2025-02-20,S,27.96,F,N,,,16A30E59BA13016830C54095F811614C3C9A703C264EC5123361C19294DE8FBF,MU,01,No,,,,,01,Dry,,,,,,,,
Property Damage Crashes,MSP7843001K,Maryland State Police,Other,Prince George's,Interstate,No,No,No,No,No,CAPITAL BELTWAY,95,INTERSTATE ROUTE,No,True,No,3/9/2025,No,Point,39.018561164,-76.915693032,MSP,98,16,03,No,3,,03:02,2025,Sunday,12,Motor Vehicle In Transport,05,On Roadway,1,,,,,,06,Non-Junction,04,Dark - Not Lighted,3/9/2025,2025-03-09,S,55.51,F,N,,,9CD2475FBDCC08822B5AFDEBE7DFDD5301935CA397722B0ACB697E4A218C6EED,IS,01,No,,,,,01,Dry,,,,,,,,
Property Damage Crashes,MSP718600KW,Maryland State Police,Single Vehicle,Prince George's,Interstate,No,No,No,No,No,RAMP 8 FR IS 295 SB TO IS 95 LS,95,RAMP,No,True,No,5/14/2025,No,Point,38.794907415,-77.019534667,MSP,101,16,03,No,23,,23:50,2025,Wednesday,32,Guardrail Face,09,Roadside,1,,101,State,,,01,Acceleration/Deceleration Lane,05,Dark - Unknown Lighting,5/14/2025,2025-05-14,S,4.77,F,N,,,59067AEE833F23E079611D295394080E623DE08C9F5D0547046D27377BA1C3E1,RP,01,No,,,,,09,Wet,,,,,,,,
Property Damage Crashes,DA3789001V,Prince George's County Police,Angle,Prince George's,,No,No,No,No,No,,491,SPUR,No,True,No,5/23/2025,No,Point,39.012847804,-76.753919988,PGCOPD,01,16,03,No,10,,10:00,2025,Friday,12,Motor Vehicle In Transport,05,On Roadway,,,,,,,04,Entrance/Exit Ramp or Related,01,Daylight,5/23/2025,2025-05-23,E,29.47,F,N,,,EDA57F07D189A67D37632627283A152CAAE18B4145B6CC6BE86B24BBDF8CDD5F,SP,01,No,97,Not Applicable,,,01,Dry,,,,,,,,
Injury Crashes,MSP744700MG,Maryland State Police,Front to Rear,Prince George's,Principal Arterial – Other,No,No,No,No,No,CENTRAL AVE,214,MARYLAND ROUTE,No,True,No,2/14/2025,No,Point,38.901811870,-76.758934696,MSP,03,16,02,No,15,,15:43,2025,Friday,12,Motor Vehicle In Transport,05,On Roadway,3,,,,,,06,Non-Junction,01,Daylight,2/14/2025,2025-02-14,E,11.66,F,N,,,B1BD013D85C164C40C4183C2D3A54E6D10FB01B88FDF1B8B6B3640EEF2AF4316,MD,01,No,,,,,01,Dry,,,,,,,,
Injury Crashes,DA368800D8,Prince George's County Police,Single Vehicle,Prince George's,,No,No,No,Yes,No,BRICKYARD STATION DR,2191,LOCAL ROAD,No,True,No,3/11/2025,No,Point,39.062907468,-76.882367976,PGCOPD,101,16,02,Yes,15,03,15:20,2025,Tuesday,14,Other Non-Motorist,05,On Roadway,,Perpendicular,,,HONEY LOCUST WAY,03,05,Intersection or Related,01,Daylight,3/11/2025,2025-03-11,S,0,F,N,,,66419AF96263A5B3711F279906C8824E5FA678192B334F05E89C46A1201CBA88,LL,01,No,,,,,01,Dry,03,Stop - Partial,,,,,,
Property Damage Crashes,RD01340011,Riverdale Park Police Department,"Sideswipe, Same Direction",Prince George's,Local,No,Yes,No,No,No,RIVERDALE RD (WB/L),3048,COUNTY ROAD,No,True,No,4/8/2025,No,Point,38.958983881,-76.919778387,RIVERDALE,07,16,03,No,8,,08:30,2025,Tuesday,12,Motor Vehicle In Transport,05,On Roadway,7,,,,,,06,Non-Junction,01,Daylight,4/8/2025,2025-04-08,E,47.03,F,N,,,D827268F4CB4E6614EF28D31383D1C071A151E055674F5C9C4CCC9AF602CF5CB,CO,01,No,,,,,01,Dry,,,,,,,,
Property Damage Crashes,DA416800BZ,Prince George's County Police,"Sideswipe, Same Direction",Prince George's,,No,No,No,No,No,,56,SPUR,No,True,No,3/3/2025,No,Point,38.766289266,-76.994499031,PGCOPD,07,16,03,Yes,1,04,01:18,2025,Monday,12,Motor Vehicle In Transport,09,Roadside,,Perpendicular,,,INDIAN HEAD HWY (SB/L),03,05,Intersection or Related,03,Dark - Lighted,3/3/2025,2025-03-03,N,0,F,N,,,880337CEB1CCD36E1FC03854BDB61A3C50F821C6C5A8EB1049C88B924721896C,SP,01,No,,,,,01,Dry,01,Signalized,,,,,,
Property Damage Crashes,DA4403000L,Prince George's County Police,Angle,Prince George's,Principal Arterial – Other,No,No,No,No,No,ST BARNABAS RD (WB/L),414,MARYLAND ROUTE,No,True,No,5/21/2025,No,Point,38.831779678,-76.941108561,PGCOPD,01,16,03,No,8,,08:17,2025,Wednesday,12,Motor Vehicle In Transport,05,On Roadway,3,,,,,,06,Non-Junction,01,Daylight,5/21/2025,2025-05-21,N,100.12,F,N,,,F390C02B2A3F8722E7EA9E6C6C255403510F0AC28DB1079D7BAA081106BB06D9,MD,01,No,,,,,09,Wet,,,,,,,,
Injury Crashes,DA4381002X,Prince George's County Police,Front to Rear,Prince George's,Principal Arterial – Other,No,No,Yes,No,No,VETERANS PKWY,410,MARYLAND ROUTE,Yes,True,No,5/29/2025,No,Point,38.962757258,-76.899638762,PGCOPD,03,16,02,No,16,,16:45,2025,Thursday,12,Motor Vehicle In Transport,05,On Roadway,3,,,,,,06,Non-Junction,01,Daylight,5/29/2025,2025-05-29,E,15.87,F,N,,,63757C9CDDA77A3CCF33EAB543ECABB9ED698CF18ADDDED6E27B7512DB06E19D,MD,01,No,,,,,01,Dry,,,,,,,,