Crash Severity Description,Reportnumber,Agencyname,CollisionImpact Description,Crash County Description,FunctionalClass Description,ImpairedCrash,Large Vehicle Involved,Motorcycle Crash,Non-Motorist Crash,OffRoad,RoadName,Route Number,RouteType Description,Unrestrained Occupants,WithinDateRange,Work Zone Related,Crashdate,Work Zone Crash,CrashPoint,Latitude,Longitude,AgencyCode,CollisionImpact,Crash County,Crash Severity,Crash Within Interchange,Crashhour,CrashInterchangeApproaches,Crashtime,CrashYear,Dayofweek,FirstHarmEvent,FirstHarmEvent Description,FirstHarmLocation,FirstHarmLocation Description,FunctionalClass,Geometry Description,GovPropertyDamage,GovPropertyDamage Description,IntersectingRoadName,Intersection Geometry,JunctionRelated,JunctionRelated Description,Light,Light Description,LOD Crash Date,LOD Date Level,MilepointDirection,MilepointDistance,MilepointUnits,NonTrafficFatal,OffroadLocation,OffroadLocation Description,RoadID,RouteType,SchoolBusRelated,SchoolBusRelated Description,SecondHarmEvent,SecondHarmEvent Description,SecondHarmLocation,SecondHarmLocation Description,Surface,Surface Description,TrafficControl,Trafficcontrol Description,WZLawEnforcementPresent,WZLocation,WZLocation Description,WZType,WZType Description,WZWorkersPresent
Property Damage Crashes,MSP745000JT,Maryland State Police,Front to Rear,Prince George's,Principal Arterial – Other,No,No,No,No,No,,1,UNITED STATE ROUTE,Yes,True,No,4/22/2025,No,Point,39.029882232,-76.914632848,MSP,03,16,03,No,6,,06:17,2025,Tuesday,12,Motor Vehicle In Transport,05,On Roadway,3,,101,State,,,09,Through Roadway,01,Daylight,4/22/2025,2025-04-22,E,22.23,F,N,,,1379D41D7FF85BEE5F6455BFAF7E92129E052D8EFE74EC2E30DE28F67ACECE07,US,01,No,97,Not Applicable,,,01,Dry,,,,,,,,
Property Damage Crashes,CC0279004C,Hyattsville Police Department,Front to Rear,Prince George's,Local,No,No,No,No,No,JEFFERSON ST,5539,OTHER PUBLIC ROAD,No,True,No,5/9/2025,No,Point,38.955390085,-76.940423487,HYATTSVILLE,03,16,03,No,0,04,00:30,2025,Friday,12,Motor Vehicle In Transport,05,On Roadway,7,Perpendicular,,,BALTIMORE AVE JEFFERSON ST,03,05,Intersection or Related,03,Dark - Lighted,5/9/2025,2025-05-09,E,0,F,N,,,E02E234F040E1B0175069721E09F24E0CDB716E2535C50F9F4B76552BC80B289,OP,01,No,,,,,01,Dry,01,Signalized,,,,,,
Property Damage Crashes,DA401800CL,Prince George's County Police,Front to Rear,Prince George's,Principal Arterial – Other,No,No,No,No,No,,410,MARYLAND ROUTE,Yes,True,No,6/4/2025,No,Point,38.961968547,-76.902193349,PGCOPD,03,16,03,No,15,,15:35,2025,Wednesday,12,Motor Vehicle In Transport,05,On Roadway,3,,,,,,06,Non-Junction,01,Daylight,6/4/2025,2025-06-04,E,25.74,F,N,,,B56DA8CE88C52100516BF05C34EF6FCC20CD34AE18C91C3FC7D810058CC0E9C8,MD,01,No,,,,,01,Dry,,,,,,,,
Injury Crashes,MSP726800HK,Maryland State Police,Angle,Prince George's,Local,No,No,No,No,No,BLACK SWAN DR (SB/L),5795,COUNTY ROAD,No,True,No,5/2/2025,No,Point,38.87022025,-76.778731317,MSP,01,16,02,No,17,,17:22,2025,Friday,12,Motor Vehicle In Transport,05,On Roadway,7,,,,,,06,Non-Junction,01,Daylight,5/2/2025,2025-05-02,E,37.72,F,N,,,6FB56A86E20465D526DCB88E069A00EE800A7F89520A9F4AABD950EF2BD81F4A,CO,01,No,,,,,01,Dry,,,,,,,,
Injury Crashes,MSP7408006P,Maryland State Police,Front to Rear,Prince George's,Interstate,Yes,No,No,No,No,CAPITAL BELTWAY (SB LOCAL),95,INTERSTATE ROUTE,No,True,No,1/4/2025,No,Point,38.792977827,-77.034349770,MSP,03,16,02,No,23,,23:46,2025,Saturday,12,Motor Vehicle In Transport,05,On Roadway,1,,,,,,09,Through Roadway,04,Dark - Not Lighted,1/4/2025,2025-01-04,W,45.97,F,N,,,A51E759B55D86D8642ED10189373EE3EE6AFDABDC75E71863C2E20651013E02B,IS,01,No,,,,,01,Dry,,,,,,,,
Property Damage Crashes,CC02900043,Hyattsville Police Department,Other,Prince George's,,No,No,No,No,Yes,,,,No,True,No,5/10/2025,No,Point,38.967638028,-76.963430805,HYATTSVILLE,98,16,03,,12,,12:07,2025,Saturday,12,Motor Vehicle In Transport,02,In Parking Lane Or Zone,,,,,,,,,01,Daylight,5/10/2025,2025-05-10,,,F,N,102,Parking Lot Way,,,01,No,97,Not Applicable,,,,,,,,,,,,
Property Damage Crashes,DA44300007,Prince George's County Police,Single Vehicle,Prince George's,Local,No,No,No,No,No,ROLLINS AVE,369,COUNTY ROAD,No,True,No,1/26/2025,No,Point,38.883278259,-76.903013387,PGCOPD,101,16,03,No,11,,11:00,2025,Sunday,30,Fence,02,In Parking Lane Or Zone,7,,,,,,06,Non-Junction,01,Daylight,1/26/2025,2025-01-26,W,24.61,F,N,,,6D206DBA11701B08DED89EF0CCE43FB4B18BAEC617853F3FB408F6F724E4336C,CO,01,No,,,,,01,Dry,,,,,,,,
Property Damage Crashes,MSP7765007H,Maryland State Police,Single Vehicle,Prince George's,Principal Arterial – Other,No,No,No,No,No,PENNSYLVANIA AVE (SB/L),4,MARYLAND ROUTE,No,True,No,4/12/2025,No,Point,38.813925333,-76.8257295,MSP,101,16,03,No,1,,01:36,2025,Saturday,32,Guardrail Face,07,"On Shoulder, Right Side",3,,101,State,,,09,Through Roadway,03,Dark - Lighted,4/12/2025,2025-04-12,E,21.73,F,N,,,D1F8E06D14E6C9491AD5537D9E9A4E7C87D3F7CE0FD790F995AC25F14C1506D5,MD,01,No,,,,,09,Wet,,,,,,,,
Property Damage Crashes,DA30400017,Prince George's County Police,"Sideswipe, Same Direction",Prince George's,Local,No,Yes,No,No,No,CLOVIS AVE,100,MUNICIPAL ROAD,No,True,No,2/27/2025,No,Point,38.8833658,-76.9180015,PGCOPD,07,16,03,No,7,,07:30,2025,Thursday,12,Motor Vehicle In Transport,05,On Roadway,7,,,,CUMBERLAND ST,,06,Non-Junction,01,Daylight,2/27/2025,2025-02-27,S,48.87,F,N,,,B8123FB0D9D6814E190A6E7195D7D87D97265D935D79441D2B9A810839ACDB60,MU,02,"Yes, School Bus Directly Involved",97,Not Applicable,,,01,Dry,,,,,,,,
Property Damage Crashes,DA409400BS,Prince George's County Police,Angle,Prince George's,,No,No,No,No,Yes,,,,Yes,True,No,2/20/2025,No,Point,38.940114426,-76.908063165,PGCOPD,01,16,03,,9,,09:50,2025,Thursday,12,Motor Vehicle In Transport,02,In Parking Lane Or Zone,,,,,,,,,01,Daylight,2/20/2025,2025-02-20,,,F,N,102,Parking Lot Way,,,01,No,,,,,,,,,,,,,,
Injury Crashes,DA3567009M,Prince George's County Police,"Sideswipe, Same Direction",Prince George's,,No,No,No,No,No,,1291,COUNTY ROAD,No,True,No,1/22/2025,No,Point,39.027272169,-76.916415035,PGCOPD,07,16,02,Yes,13,,13:00,2025,Wednesday,12,Motor Vehicle In Transport,05,On Roadway,,,,,,,03,Driveway Access or Related,01,Daylight,1/22/2025,2025-01-22,S,9.89,F,N,,,30398764D5EC01DB1D2B001189508C3BADDF3276232123E7753564C65CB3C48C,CO,01,No,,,,,01,Dry,,,,,,,,
Property Damage Crashes,CC0294002F,Hyattsville Police Department,Single Vehicle,Prince George's,Local,No,Yes,No,No,No,43RD AVE #2,9432,MUNICIPAL ROAD,No,True,No,2/27/2025,No,Point,38.959208887,-76.943317283,HYATTSVILLE,101,16,03,No,9,,09:00,2025,Thursday,30,Fence,99,Unknown,7,,,,,,99,Unknown,01,Daylight,2/27/2025,2025-02-27,N,28.05,F,N,,,265ACBD586DE7A1F422BFC32E5A2BFDC07CE9B42F4961A161FE7E3BACA7334B8,MU,01,No,39,Traffic Signal Support,09,Roadside,09,Wet,,,,,,,,
Property Damage Crashes,CE4152008K,Laurel Police Department,"Sideswipe, Same Direction",Prince George's,Principal Arterial – Other,No,No,No,No,No,FORT MEADE RD,198,MARYLAND ROUTE,No,True,No,3/30/2025,No,Point,39.095464906,-76.838256161,LAUREL,07,16,03,No,15,,15:14,2025,Sunday,12,Motor Vehicle In Transport,05,On Roadway,3,,,,,,06,Non-Junction,01,Daylight,3/30/2025,2025-03-30,E,26.24,F,N,,,8F4AF9EDD10B23115E919AE0FCE4DF82D64274EB0E6C92331C65BC2CDC7E07A4,MD,01,No,,,,,01,Dry,,,,,,,,
Injury Crashes,MSP78430015,Maryland State Police,Front to Front,Prince George's,Principal Arterial – Other,No,No,No,No,No,BALTIMORE AVE,1,UNITED STATE ROUTE,Yes,True,No,3/1/2025,No,Point,39.034545252,-76.907798748,MSP,02,16,02,No,16,,16:04,2025,Saturday,12,Motor Vehicle In Transport,05,On Roadway,3,,,,,,06,Non-Junction,01,Daylight,3/1/2025,2025-03-01,N,13.4,F,N,,,480A5181F377F1276B988B146542F830B731C83767C0F1E25C8C8EAD8A0FF642,US,01,No,,,,,01,Dry,,,,,,,,
Property Damage Crashes,DA421200GD,Prince George's County Police,"Sideswipe, Same Direction",Prince George's,Principal Arterial – Other,No,No,No,No,No,KENILWORTH AVE,201,MARYLAND ROUTE,No,True,No,5/31/2025,No,Point,38.923693028,-76.929561779,PGCOPD,07,16,03,No,11,,11:20,2025,Saturday,12,Motor Vehicle In Transport,05,On Roadway,3,,,,,,09,Through Roadway,01,Daylight,5/31/2025,2025-05-31,N,43.3,F,N,,,EAC93329A1BCE381A84A19B9E01AC7A8ECC8F4AE61FD603EE96F13FDCD689390,MD,01,No,,,,,01,Dry,,,,,,,,
Injury Crashes,MSP744700M9,Maryland State Police,Front to Rear,Prince George's,Principal Arterial – Other,No,No,Yes,No,No,LARGO RD,202,MARYLAND ROUTE,No,True,No,1/30/2025,No,Point,38.845924162,-76.763400412,MSP,03,16,02,No,18,04,18:16,2025,Thursday,12,Motor Vehicle In Transport,05,On Roadway,3,Perpendicular,,,KIRKHAM LA OLD LARGO RD,03,05,Intersection or Related,04,Dark - Not Lighted,1/30/2025,2025-01-30,N,0,F,N,,,C4F966A98A4FA2EB4FBDE18F40E404BD01E9CCC38D428B610C9AE9A97D984236,MD,01,No,,,,,01,Dry,05,No Controls,,,,,,
Property Damage Crashes,DA368800CX,Prince George's County Police,Front to Rear,Prince George's,Principal Arterial – Other,No,No,No,No,No,LAUREL BOWIE RD (SB/L),197,MARYLAND ROUTE,Yes,True,No,1/4/2025,No,Point,39.064909746,-76.839683283,PGCOPD,03,16,03,No,13,,13:00,2025,Saturday,12,Motor Vehicle In Transport,05,On Roadway,3,,,,,,06,Non-Junction,01,Daylight,1/4/2025,2025-01-04,E,10.14,F,N,,,8E49D8AD08A218E08A60D7B15A3CEB31ED940759DB3EF0A300327D4084FF790E,MD,01,No,,,,,01,Dry,,,,,,,,
Property Damage Crashes,DA4309002R,Prince George's County Police,Single Vehicle,Prince George's,Local,No,No,No,No,No,CEDAR HOLLOW LA,4001,COUNTY ROAD,No,True,No,3/3/2025,No,Point,38.874901859,-76.834477969,PGCOPD,101,16,03,No,3,,03:00,2025,Monday,40,Tree (standing),05,On Roadway,7,,,,,,99,Unknown,03,Dark - Lighted,3/3/2025,2025-03-03,N,41.25,F,N,,,E223D562B23A34E90BEB7F90EFA1A2D71354DA6984FFD635BE82E844F5E390FF,CO,01,No,,,,,01,Dry,,,,,,,,
Property Damage Crashes,DA37070050,Prince George's County Police,"Sideswipe, Same Direction",Prince George's,Principal Arterial – Other,No,No,No,No,No,GREENBELT RD (WB/L),193,MARYLAND ROUTE,No,True,No,5/15/2025,No,Point,38.990880811,-76.827397855,PGCOPD,07,16,03,No,18,,18:25,2025,Thursday,12,Motor Vehicle In Transport,05,On Roadway,3,,,,,,06,Non-Junction,01,Daylight,5/15/2025,2025-05-15,W,35.23,F,N,,,FB051083E0BBA0ECF40DC46D4E44907051D29120161FBCD8E9247D7F3C5FE976,MD,01,No,,,,,01,Dry,,,,,,,,
Injury Crashes,DA43890029,Prince George's County Police,Single Vehicle,Prince George's,Minor Arterial,No,No,No,No,No,ADELPHI RD (NB/L),232,COUNTY ROAD,No,True,No,1/8/2025,No,Point,38.988499657,-76.956607018,PGCOPD,101,16,02,No,16,,16:55,2025,Wednesday,13,Other Non-Fixed Object,05,On Roadway,4,,,,,,09,Through Roadway,01,Daylight,1/8/2025,2025-01-08,N,27.85,F,N,,,19DCF59000CD074E12A01CF9847763820661CB29D3620EDDF490BF3CA0C30FD7,CO,01,No,,,,,09,Wet,,,,,,,,
Property Damage Crashes,DA44280015,Prince George's County Police,"Sideswipe, Same Direction",Prince George's,Local,No,No,No,No,No,EMACK AVE,2870,COUNTY ROAD,No,True,No,4/24/2025,No,Point,38.967247444,-76.838297906,PGCOPD,07,16,03,No,6,,06:43,2025,Thursday,12,Motor Vehicle In Transport,09,Roadside,7,,,,,,09,Through Roadway,01,Daylight,4/24/2025,2025-04-24,N,14.45,F,N,,,CE7D68AC732D45B2331638A1BD30562EB83288FD8DACBF8BB01F60D68DE8C371,CO,01,No,,,,,01,Dry,,,,,,,,
Property Damage Crashes,MSP746700FN,Maryland State Police,Other,Prince George's,Principal Arterial – Other,No,No,No,No,No,BRANCH AVE (SB/L),5,MARYLAND ROUTE,No,True,No,4/1/2025,No,Point,38.830554073,-76.933392086,MSP,98,16,03,No,8,,08:00,2025,Tuesday,12,Motor Vehicle In Transport,05,On Roadway,3,,,,,,09,Through Roadway,01,Daylight,4/1/2025,2025-04-01,E,39.4,F,N,,,DB4890041549CA974BE40178A72EF2B1428A60E7BE4438B6D0A542E845FCD9D6,MD,01,No,,,,,01,Dry,,,,,,,,
Property Damage Crashes,DA4387001T,Prince George's County Police,"Sideswipe, Same Direction",Prince George's,Minor Arterial,No,No,No,No,No,,564,MARYLAND ROUTE,No,True,No,5/26/2025,No,Point,38.965072172,-76.858654192,PGCOPD,07,16,03,No,1,,01:15,2025,Monday,12,Motor Vehicle In Transport,05,On Roadway,4,,,,CIPRIANO RD CIPRIANO RD (NB/L),,06,Non-Junction,03,Dark - Lighted,5/26/2025,2025-05-26,S,47.34,F,N,,,F395A090936BF7B77CDFCFC57D41454C8E622120FF9CFEF57848DF7BA5284C1E,MD,01,No,,,,,01,Dry,,,,,,,,
Property Damage Crashes,DA4391000X,Prince George's County Police,Single Vehicle,Prince George's,Local,No,Yes,No,No,No,MENTOR AVE,390,COUNTY ROAD,Yes,True,No,1/21/2025,No,Point,38.876589313,-76.919568135,PGCOPD,101,16,03,No,15,,15:10,2025,Tuesday,13,Other Non-Fixed Object,05,On Roadway,7,,,,,,06,Non-Junction,01,Daylight,1/21/2025,2025-01-21,N,18.83,F,N,,,6A5A5DD8DDEA7B1ED7D52ED006CE01EAAE0787127801D91C830C22540EBC7C8D,CO,02,"Yes, School Bus Directly Involved",,,,,01,Dry,,,,,,,,
Property Damage Crashes,MSP7872004L,Maryland State Police,Front to Rear,Prince George's,Interstate,No,No,No,No,No,CAPITAL BELTWAY,95,INTERSTATE ROUTE,No,True,No,6/2/2025,No,Point,38.817725831,-76.937311225,MSP,03,16,03,No,14,,14:22,2025,Monday,12,Motor Vehicle In Transport,05,On Roadway,1,,,,,,09,Through Roadway,01,Daylight,6/2/2025,2025-06-02,S,12.19,F,N,,,03B5F60A2200F379170FB4F40ADD01ACF107650585E67507E5E9620D26A42E91,IS,01,No,12,Motor Vehicle In Transport,05,On Roadway,01,Dry,,,,,,,,
Property Damage Crashes,MSP743900ML,Maryland State Police,"Sideswipe, Same Direction",Prince George's,Interstate,No,No,No,No,No,CAPITAL BELTWAY (SB/L),95,INTERSTATE ROUTE,No,True,No,2/20/2025,No,Point,38.995235,-76.889411667,MSP,07,16,03,No,14,,14:37,2025,Thursday,12,Motor Vehicle In Transport,05,On Roadway,1,,,,,,09,Through Roadway,01,Daylight,2/20/2025,2025-02-20,N,24.13,F,N,,,CC1451A2E764FDC416D3EA6F638F545F020280AE138C6B61A481ECB14C4AB9C0,IS,01,No,,,,,01,Dry,,,,,,,,
Property Damage Crashes,DA34060032,Prince George's County Police,"Sideswipe, Same Direction",Prince George's,Local,No,No,No,No,No,ODELL RD,3359,COUNTY ROAD,No,True,No,4/19/2025,No,Point,39.042264095,-76.906029373,PGCOPD,07,16,03,No,1,,01:52,2025,Saturday,15,Parked Vehicle,05,On Roadway,7,,,,,,06,Non-Junction,03,Dark - Lighted,4/19/2025,2025-04-19,E,27.67,F,N,,,246973EB92E33BD99EB3261CA5779997F287AA5DFDC88952AA2912948D976454,CO,01,No,,,,,01,Dry,,,,,,,,
Property Damage Crashes,DA418100FT,Prince George's County Police,Single Vehicle,Prince George's,Local,No,No,No,No,No,KNOX RD,670,MUNICIPAL ROAD,No,True,No,5/16/2025,No,Point,38.981165246,-76.943857695,PGCOPD,101,16,03,No,23,,23:55,2025,Friday,35,"Other Fixed Object (wall, building, tunnel, etc.)",05,On Roadway,7,,100,Local,,,09,Through Roadway,03,Dark - Lighted,5/16/2025,2025-05-16,S,18.13,F,N,,,853A36A6B2E027205EEBA7FBB206EBEED9004D725743E371BCFD5940989B4A4F,MU,01,No,35,"Other Fixed Object (wall, building, tunnel, etc.)",05,On Roadway,01,Dry,,,,,,,,
Injury Crashes,DA4183006L,Prince George's County Police,Front to Rear,Prince George's,Principal Arterial – Other Freeways and Expressways,No,No,No,No,No,INDIAN HEAD HWY,210,MARYLAND ROUTE,No,True,No,2/3/2025,No,Point,38.776221750,-76.996526749,PGCOPD,03,16,02,No,17,,17:49,2025,Monday,12,Motor Vehicle In Transport,05,On Roadway,2,,,,,,06,Non-Junction,03,Dark - Lighted,2/3/2025,2025-02-03,N,38.58,F,N,,,7CCEE91A8D7B18D3537409790C511388CAED18EF7DF1272F59F9FB1ED60ADB74,MD,01,No,,,,,01,Dry,,,,,,,,
Property Damage Crashes,DA4430000J,Prince George's County Police,Single Vehicle,Prince George's,Principal Arterial – Other,No,Yes,No,No,No,MARTIN LUTHER KING JR HWY (WB/L),704,MARYLAND ROUTE,No,True,No,3/19/2025,No,Point,38.918389101,-76.880307885,PGCOPD,101,16,03,No,18,,18:20,2025,Wednesday,07,Overturn/Rollover,06,"On Shoulder, Left Side",3,,,,,,09,Through Roadway,01,Daylight,3/19/2025,2025-03-19,N,27.87,F,N,,,5ABF86DB4FA60B26522E9746D29D6796B7A7A2DF4576A9E5916F6DFB5CC29E89,MD,01,No,,,,,01,Dry,,,,,,,,
Property Damage Crashes,MSP768100B4,Maryland State Police,Front to Rear,Prince George's,Interstate,No,No,No,No,No,NO NAME,95,INTERSTATE ROUTE,No,True,No,1/8/2025,No,Point,39.023503526,-76.941343659,MSP,03,16,03,No,11,,11:20,2025,Wednesday,12,Motor Vehicle In Transport,05,On Roadway,1,,,,,,09,Through Roadway,01,Daylight,1/8/2025,2025-01-08,S,270.6,F,N,,,FC0707DA3DDB81954912A4CD3399AD23EB373E5086A36F164E6C96464434688B,IS,01,No,,,,,01,Dry,,,,,,,,
Property Damage Crashes,AM0393001Q,Bladensburg Police Department,Unknown,Prince George's,Major Collector,No,No,No,No,No,57TH AVE,570,MUNICIPAL ROAD,No,True,No,5/15/2025,No,Point,38.945433789,-76.916903694,BLADENSBURG,99,16,03,No,13,,13:00,2025,Thursday,12,Motor Vehicle In Transport,05,On Roadway,5,,,,,,06,Non-Junction,01,Daylight,5/15/2025,2025-05-15,N,54.51,F,N,,,28CB43DD121CEA3C4852CE9771346EEF8A21777C068465741E3B854666465BDD,MU,01,No,,,,,01,Dry,,,,,,,,
Property Damage Crashes,CBPD0119002K,Bowie Police Department,Front to Rear,Prince George's,Major Collector,No,No,No,No,No,STONYBROOK DR,2760,MUNICIPAL ROAD,No,True,No,3/30/2025,No,Point,38.973546091,-76.733556394,BOWIE,03,16,03,No,3,,03:20,2025,Sunday,12,Motor Vehicle In Transport,07,"On Shoulder, Right Side",5,,,,,,06,Non-Junction,04,Dark - Not Lighted,3/30/2025,2025-03-30,S,11.37,F,N,,,1E091F3A9443886516F545C8514E0C307539878D5715D577014E27689B9DE287,MU,01,No,,,,,01,Dry,,,,,,,,
Property Damage Crashes,DA384000JW,Prince George's County Police,Front to Rear,Prince George's,Local,No,No,No,No,No,DEAL DR,663,COUNTY ROAD,No,True,No,6/5/2025,No,Point,38.817495200,-76.992966365,PGCOPD,03,16,03,No,15,,15:02,2025,Thursday,12,Motor Vehicle In Transport,05,On Roadway,7,,,,,,06,Non-Junction,01,Daylight,6/5/2025,2025-06-05,W,33.49,F,N,,,4994A45AA40B88E866BE6350C2D8A053935983FD85EA0D451AA7198C5D3C0EB6,CO,01,No,,,,,01,Dry,,,,,,,,
Property Damage Crashes,CNC31820015,New Carrollton Police Department,"Sideswipe, Same Direction",Prince George's,Minor Arterial,No,No,No,No,No,ANNAPOLIS RD,450,MARYLAND ROUTE,No,True,No,3/31/2025,No,Point,38.958529220,-76.867836878,NCPD,07,16,03,No,11,,11:15,2025,Monday,12,Motor Vehicle In Transport,05,On Roadway,4,,,,,,01,Acceleration/Deceleration Lane,01,Daylight,3/31/2025,2025-03-31,E,48.32,F,N,,,DFABD83FD37C7C247B1D76ED563C30CF1903A25A3EC5B277B063131ABBB79315,MD,01,No,,,,,01,Dry,,,,,,,,
Property Damage Crashes,DA4083006V,Prince George's County Police,Front to Rear,Prince George's,Minor Arterial,No,Yes,No,No,No,RIGGS RD,212,MARYLAND ROUTE,Yes,True,No,6/2/2025,No,Point,39.014244236,-76.964930984,PGCOPD,03,16,03,No,7,,07:10,2025,Monday,12,Motor Vehicle In Transport,05,On Roadway,4,,,,,,06,Non-Junction,01,Daylight,6/2/2025,2025-06-02,N,33.09,F,N,,,A9736E0B5C9FCB8451C8E87573DAD60449DFA486017B77FBFDF6BB37BB07551D,MD,01,No,,,,,01,Dry,,,,,,,,
Property Damage Crashes,CP01720009,Mount Rainier Police Department,Other,Prince George's,Local,No,No,No,No,No,WEBSTER ST,250,MUNICIPAL ROAD,No,True,No,2/1/2025,No,Point,38.944387739,-76.969556138,MTRAINIER,98,16,03,No,0,,00:35,2025,Saturday,12,Motor Vehicle In Transport,02,In Parking Lane Or Zone,7,,,,,,06,Non-Junction,03,Dark - Lighted,2/1/2025,2025-02-01,E,19.6,F,N,,,069FA332599C786D6E6EE33E286BBC35291EAC06C9A52CFE7B62D36AD5C7951D,MU,01,No,15,Parked Vehicle,02,In Parking Lane Or Zone,09,Wet,,,,,,,,
Property Damage Crashes,CE52580021,Laurel Police Department,"Sideswipe, Opposite Direction",Prince George's,Local,No,No,No,No,No,WARD ST,420,MUNICIPAL ROAD,No,True,No,5/31/2025,No,Point,39.100240843,-76.862537914,LAUREL,06,16,03,No,22,,22:06,2025,Saturday,12,Motor Vehicle In Transport,05,On Roadway,7,,,,,,01,Acceleration/Deceleration Lane,03,Dark - Lighted,5/31/2025,2025-05-31,E,43.91,F,N,,,A51ADA27E8A95C0A73D2C26A84DC8E347A6C04D3FC69BBB2727275D1260D0319,MU,01,No,,,,,01,Dry,,,,,,,,
Property Damage Crashes,MSP7872001M,Maryland State Police,Front to Rear,Prince George's,Principal Arterial – Other,No,No,No,No,No,CRAIN HWY (SB/L),301,UNITED STATE ROUTE,No,True,No,1/22/2025,No,Point,38.735573144,-76.825684125,MSP,03,16,03,No,11,,11:15,2025,Wednesday,12,Motor Vehicle In Transport,05,On Roadway,3,,,,,,09,Through Roadway,01,Daylight,1/22/2025,2025-01-22,N,11.01,F,N,,,8D763C84A3A3C683D69D3D20B8606896DF4AFF71F9650EBF4118673FB25817DB,US,01,No,,,,,01,Dry,,,,,,,,
Injury Crashes,MSP6931014Z,Maryland State Police,"Sideswipe, Same Direction",Prince George's,Interstate,No,No,No,No,No,CAPITAL BELTWAY,95,INTERSTATE ROUTE,No,True,No,5/18/2025,No,Point,38.914430880,-76.850591660,MSP,07,16,02,No,22,,22:24,2025,Sunday,15,Parked Vehicle,05,On Roadway,1,,,,,,06,Non-Junction,03,Dark - Lighted,5/18/2025,2025-05-18,S,28.04,F,N,,,B61FB22D408C9934F0A5D0821F841CBB4FFD317A25C6A34B6EC875B993C07029,IS,01,No,,,,,01,Dry,,,,,,,,
Property Damage Crashes,DA4423000F,Prince George's County Police,Front to Rear,Prince George's,Principal Arterial – Other,No,No,No,No,No,PENNSYLVANIA AVE (SB/L),4,MARYLAND ROUTE,No,True,No,1/25/2025,No,Point,38.845382970,-76.891930170,PGCOPD,03,16,03,Yes,23,04,23:14,2025,Saturday,12,Motor Vehicle In Transport,05,On Roadway,3,Perpendicular,,,WALTERS LA,03,05,Intersection or Related,03,Dark - Lighted,1/25/2025,2025-01-25,E,0,F,N,,,D84CEF1924701FE664C2A4F657B81B446FBA4678D4FEC7A2F71A2BF368BED3DD,MD,01,No,,,,,01,Dry,01,Signalized,,,,,,
Property Damage Crashes,MSP7843002P,Maryland State Police,Other,Prince George's,Interstate,No,No,No,No,No,CAPITAL BELTWAY,95,INTERSTATE ROUTE,No,True,No,4/19/2025,No,Point,38.987621290,-76.882119455,MSP,98,16,03,No,15,,15:51,2025,Saturday,12,Motor Vehicle In Transport,05,On Roadway,1,,,,,,06,Non-Junction,01,Daylight,4/19/2025,2025-04-19,W,24.11,F,N,,,82E2394BA627A160A036A1522C74B870DC61E0E7D4C77D68BFC7D12969E0B815,IS,01,No,12,Motor Vehicle In Transport,05,On Roadway,01,Dry,,,,,,,,
Property Damage Crashes,DA27350064,Prince George's County Police,Front to Rear,Prince George's,Major Collector,No,No,No,No,No,CAMPUS WAY SOUTH (NB/L),4638,COUNTY ROAD,No,True,No,3/5/2025,No,Point,38.889032872,-76.829464196,PGCOPD,03,16,03,No,14,,14:00,2025,Wednesday,12,Motor Vehicle In Transport,05,On Roadway,5,,,,,,06,Non-Junction,01,Daylight,3/5/2025,2025-03-05,N,4.15,F,N,,,F40E74259D88FB6B3BD7E76F47AE9EAF35AAABFAC10C51634B3E73CC6EC0C04C,CO,01,No,,,,,09,Wet,,,,,,,,
Property Damage Crashes,MSP757700HZ,Maryland State Police,"Sideswipe, Same Direction",Prince George's,Interstate,No,No,No,No,No,JOHN HANSON HWY (WB/L),595,INTERSTATE ROUTE,No,True,No,2/26/2025,No,Point,38.944450935,-76.799251915,MSP,07,16,03,No,9,,09:00,2025,Wednesday,12,Motor Vehicle In Transport,05,On Roadway,1,,,,,,09,Through Roadway,01,Daylight,2/26/2025,2025-02-26,W,47.71,F,N,,,2A5202C14BFD5EF9C16E0436B60F224A1C7D2EFCF2417766783DADF54EF63699,IS,01,No,12,Motor Vehicle In Transport,05,On Roadway,01,Dry,,,,,,,,
Property Damage Crashes,DA3875008V,Prince George's County Police,Angle,Prince George's,Local,No,No,No,No,No,NORTHGATE PKWY,2638,COUNTY ROAD,No,True,No,3/18/2025,No,Point,38.736719476,-76.895090397,PGCOPD,01,16,03,Yes,6,02,06:07,2025,Tuesday,12,Motor Vehicle In Transport,05,On Roadway,7,Angled/Skewed,,,BRANDYWINE RD BROOKE JANE DR,01,05,Intersection or Related,03,Dark - Lighted,3/18/2025,2025-03-18,S,0,F,N,,,982317B26DDFCB9F86085A05BCE2069555F3FEB1A8E6E6FBEB4B81CD2EDABD74,CO,01,No,41,Utility Pole/Light Support,01,Gore,01,Dry,02,Stop - All Way,,,,,,
Property Damage Crashes,DA4352002N,Prince George's County Police,Front to Rear,Prince George's,,No,No,No,No,No,,40,SPUR,No,True,No,3/21/2025,No,Point,38.741086410,-76.994426822,PGCOPD,03,16,03,No,15,,15:50,2025,Friday,12,Motor Vehicle In Transport,05,On Roadway,,,,,,,09,Through Roadway,01,Daylight,3/21/2025,2025-03-21,N,849.56,F,N,,,255ACB98CCFC4E6611F84A42E09F3C16A152F0B998AA412CD8CD64FD8C4CE617,SP,01,No,,,,,01,Dry,,,,,,,,