Crash Severity Description,Reportnumber,Agencyname,CollisionImpact Description,Crash County Description,FunctionalClass Description,ImpairedCrash,Large Vehicle Involved,Motorcycle Crash,Non-Motorist Crash,OffRoad,RoadName,Route Number,RouteType Description,Unrestrained Occupants,WithinDateRange,Work Zone Related,Crashdate,Work Zone Crash,CrashPoint,Latitude,Longitude,AgencyCode,CollisionImpact,Crash County,Crash Severity,Crash Within Interchange,Crashhour,CrashInterchangeApproaches,Crashtime,CrashYear,Dayofweek,FirstHarmEvent,FirstHarmEvent Description,FirstHarmLocation,FirstHarmLocation Description,FunctionalClass,Geometry Description,GovPropertyDamage,GovPropertyDamage Description,IntersectingRoadName,Intersection Geometry,JunctionRelated,JunctionRelated Description,Light,Light Description,LOD Crash Date,LOD Date Level,MilepointDirection,MilepointDistance,MilepointUnits,NonTrafficFatal,OffroadLocation,OffroadLocation Description,RoadID,RouteType,SchoolBusRelated,SchoolBusRelated Description,SecondHarmEvent,SecondHarmEvent Description,SecondHarmLocation,SecondHarmLocation Description,Surface,Surface Description,TrafficControl,Trafficcontrol Description,WZLawEnforcementPresent,WZLocation,WZLocation Description,WZType,WZType Description,WZWorkersPresent
Injury Crashes,MSP757700GY,Maryland State Police,"Sideswipe, Same Direction",Prince George's,Interstate,No,No,No,No,No,CAPITAL BELTWAY (SB/L),95,INTERSTATE ROUTE,No,True,No,1/9/2025,No,Point,38.959317067,-76.8662876,MSP,07,16,02,No,11,,11:54,2025,Thursday,12,Motor Vehicle In Transport,05,On Roadway,1,,,,,,09,Through Roadway,01,Daylight,1/9/2025,2025-01-09,E,26.62,F,N,,,F05F55D4882EF37193715037828C2AB2CEBD3BB96034876E0505344C90DC1474,IS,01,No,12,Motor Vehicle In Transport,05,On Roadway,01,Dry,,,,,,,,
Property Damage Crashes,DA26640004,Prince George's County Police,Other,Prince George's,Principal Arterial – Other,No,Yes,No,No,No,,202,MARYLAND ROUTE,No,True,No,1/30/2025,No,Point,38.846003786,-76.763455858,PGCOPD,98,16,03,No,18,,18:15,2025,Thursday,12,Motor Vehicle In Transport,05,On Roadway,3,,,,KIRKHAM LA OLD LARGO RD,,99,Unknown,03,Dark - Lighted,1/30/2025,2025-01-30,S,32.39,F,N,,,9A58E3A223CA03F45E48C32C6F1267FEBBA45C80ACEFCED2C16F00B3AAB25D3F,MD,01,No,,,,,01,Dry,,,,,,,,
Property Damage Crashes,DA4183006X,Prince George's County Police,Single Vehicle,Prince George's,,No,No,No,No,Yes,,,,No,True,No,5/31/2025,No,Point,38.772357594,-77.006157991,PGCOPD,101,16,03,,16,,16:54,2025,Saturday,35,"Other Fixed Object (wall, building, tunnel, etc.)",04,"Off-Roadway, Location Unknown",,,,,,,,,01,Daylight,5/31/2025,2025-05-31,,,F,N,102,Parking Lot Way,,,01,No,,,,,,,,,,,,,,
Injury Crashes,CC0261006K,Hyattsville Police Department,Angle,Prince George's,Major Collector,No,No,No,No,No,HAMILTON ST,1204,COUNTY ROAD,No,True,No,2/28/2025,No,Point,38.955774061,-76.966183494,HYATTSVILLE,01,16,02,Yes,10,04,10:46,2025,Friday,12,Motor Vehicle In Transport,05,On Roadway,5,Perpendicular,,,AGER RD (NB/L),03,05,Intersection or Related,01,Daylight,2/28/2025,2025-02-28,S,0,F,N,,,51E1B0BEB06B5B6E440898E26B5BF5C5ABC649EA938C4E44FF8C4C78CED2BF18,CO,01,No,97,Not Applicable,,,01,Dry,01,Signalized,,,,,,
Property Damage Crashes,DA4416000F,Prince George's County Police,Angle,Prince George's,Local,No,No,No,No,No,KENMOOR DR,1213,OTHER PUBLIC ROAD,No,True,No,2/27/2025,No,Point,38.924078932,-76.868225788,PGCOPD,01,16,03,No,23,,23:19,2025,Thursday,12,Motor Vehicle In Transport,05,On Roadway,7,,,,MANSON ST,,06,Non-Junction,03,Dark - Lighted,2/27/2025,2025-02-27,S,16.12,F,N,,,D8B80457F994B9A782D94D7CF7CB62D8D31904EA412D8B6A70F1DCB2353D79DF,OP,01,No,,,,,01,Dry,,,,,,,,
Property Damage Crashes,AM0367002T,Bladensburg Police Department,Front to Rear,Prince George's,Minor Arterial,No,No,No,No,No,ANNAPOLIS RD,450,MARYLAND ROUTE,No,True,No,1/14/2025,No,Point,38.939107990,-76.940454700,BLADENSBURG,03,16,03,Yes,9,,09:00,2025,Tuesday,12,Motor Vehicle In Transport,05,On Roadway,4,,,,,,04,Entrance/Exit Ramp or Related,01,Daylight,1/14/2025,2025-01-14,W,23,F,N,,,AF1A14885385C8228AD522B6C29801507794D1743D8AEB9153E8D321D7CC5DD5,MD,01,No,,,,,01,Dry,,,,,,,,
Property Damage Crashes,DA4344003B,Prince George's County Police,Front to Rear,Prince George's,Principal Arterial – Other,No,No,No,No,No,SILVER HILL RD,458,MARYLAND ROUTE,No,True,No,1/10/2025,No,Point,38.848151344,-76.925166720,PGCOPD,03,16,03,No,17,,17:57,2025,Friday,12,Motor Vehicle In Transport,99,Unknown,3,,,,,,06,Non-Junction,04,Dark - Not Lighted,1/10/2025,2025-01-10,S,45.43,F,N,,,589252EAB8B306E2991CBE9FCB8E1E63BA1ECB55C97285816F7D6B44F3EA7C4D,MD,01,No,,,,,02,Ice/Frost,,,,,,,,
Property Damage Crashes,MSP744700NX,Maryland State Police,"Sideswipe, Same Direction",Prince George's,Interstate,No,No,No,No,No,CAPITAL BELTWAY (SB/L),95,INTERSTATE ROUTE,No,True,No,4/15/2025,No,Point,38.920731667,-76.852751667,MSP,07,16,03,No,17,,17:58,2025,Tuesday,12,Motor Vehicle In Transport,05,On Roadway,1,,,,,,06,Non-Junction,01,Daylight,4/15/2025,2025-04-15,W,40.05,F,N,,,58A3215404B542CB5B558A1DCD4C2D92384CB9350E17F11F793C7C9EC689DC8D,IS,01,No,,,,,01,Dry,,,,,,,,
Property Damage Crashes,DA384000JC,Prince George's County Police,Front to Rear,Prince George's,Principal Arterial – Other,No,No,No,No,No,OXON HILL RD (WB/L),414,MARYLAND ROUTE,No,True,No,4/9/2025,No,Point,38.803553039,-76.987500847,PGCOPD,03,16,03,No,14,,14:30,2025,Wednesday,12,Motor Vehicle In Transport,05,On Roadway,3,,,,,,06,Non-Junction,01,Daylight,4/9/2025,2025-04-09,N,32.76,F,N,,,1941AA3F1EC2787973ADF5D61F77F244E34632C32A3E956E0D1ACA40BB951B97,MD,02,"Yes, School Bus Directly Involved",,,,,01,Dry,,,,,,,,
Property Damage Crashes,BW0216000D,Greenbelt Police Department,Unknown,Prince George's,Principal Arterial – Other,No,No,No,No,No,GREENBELT RD (WB/L),193,MARYLAND ROUTE,Yes,True,No,4/28/2025,No,Point,38.993098399,-76.868644942,GREENBELT,99,16,03,No,8,,08:41,2025,Monday,12,Motor Vehicle In Transport,05,On Roadway,3,,,,,,06,Non-Junction,01,Daylight,4/28/2025,2025-04-28,E,27.21,F,N,,,82753E68D5AF78FB4D78F028313986CEC55487D1FF997852BC16CABA11017AA5,MD,01,No,,,,,01,Dry,,,,,,,,
Property Damage Crashes,MSP745800PB,Maryland State Police,"Sideswipe, Same Direction",Prince George's,Interstate,Yes,No,No,No,No,CAPITAL BELTWAY,95,INTERSTATE ROUTE,No,True,No,2/9/2025,No,Point,38.812058333,-76.961446667,MSP,07,16,03,No,21,,21:16,2025,Sunday,12,Motor Vehicle In Transport,07,"On Shoulder, Right Side",1,,,,,,01,Acceleration/Deceleration Lane,03,Dark - Lighted,2/9/2025,2025-02-09,N,40.05,F,N,,,A03016EC7BF75253438493CE207BCD0E910190505DE86C9F4DCA0E75C27B4BA6,IS,01,No,,,,,01,Dry,,,,,,,,
Injury Crashes,MSP7843002T,Maryland State Police,Single Vehicle,Prince George's,Principal Arterial – Other,No,No,No,Yes,No,BALTIMORE AVE,1,UNITED STATE ROUTE,No,True,No,4/21/2025,No,Point,39.082373333,-76.863488333,MSP,101,16,02,No,21,,21:25,2025,Monday,17,Pedestrian,05,On Roadway,3,,,,,,06,Non-Junction,03,Dark - Lighted,4/21/2025,2025-04-21,N,51.49,F,N,,,E4A580723675CFE7D47C5553BCC66AD25A93A5C0A01B34A2D9AA5BCEABB970AF,US,01,No,,,,,01,Dry,,,,,,,,
Property Damage Crashes,MSP7872004H,Maryland State Police,Single Vehicle,Prince George's,Principal Arterial – Other Freeways and Expressways,No,No,No,No,No,BRANCH AVE,5,MARYLAND ROUTE,No,True,No,5/28/2025,No,Point,38.712367550,-76.877805220,MSP,101,16,03,No,8,,08:24,2025,Wednesday,03,Explosion Or Fire,05,On Roadway,2,,,,,,09,Through Roadway,01,Daylight,5/28/2025,2025-05-28,N,16.8,F,N,,,2FDFC84C6BDEB4E55EA89BB035DE904BBBB5393E20C2C790CBA1D6443A3EC7E4,MD,01,No,,,,,09,Wet,,,,,,,,
Property Damage Crashes,RD01310059,Riverdale Park Police Department,Other,Prince George's,Principal Arterial – Other,No,No,No,No,No,EAST WEST HWY (WB/L),410,MARYLAND ROUTE,No,True,No,1/31/2025,No,Point,38.962906909,-76.930835185,RIVERDALE,98,16,03,Yes,23,02,23:58,2025,Friday,12,Motor Vehicle In Transport,05,On Roadway,3,Perpendicular,,,49TH AVE,03,05,Intersection or Related,04,Dark - Not Lighted,1/31/2025,2025-01-31,W,0,F,N,,,D5114B4F697CE246E31627B673CEF46B48DC403BFFFD1C78EC4504921AA4E300,MD,01,No,,,,,09,Wet,02,Stop - All Way,,,,,,
Property Damage Crashes,MSP75140074,Maryland State Police,Other,Prince George's,Local,No,No,No,No,No,HOWARD AVE,1362,COUNTY ROAD,No,True,No,1/16/2025,No,Point,39.040157692,-76.904739701,MSP,98,16,03,No,10,,10:31,2025,Thursday,12,Motor Vehicle In Transport,05,On Roadway,7,,,,BALTIMORE AVE,,06,Non-Junction,01,Daylight,1/16/2025,2025-01-16,W,2.16,F,N,,,FAA8C54385AEF56D8994BE78B29BB775994D83BF10FBDD513203043855478B07,CO,01,No,,,,,01,Dry,,,,,,,,
Property Damage Crashes,DA4332003C,Prince George's County Police,"Sideswipe, Same Direction",Prince George's,Major Collector,No,No,No,No,No,COOPER LA,332,COUNTY ROAD,No,True,No,3/25/2025,No,Point,38.937698969,-76.900345604,PGCOPD,07,16,03,No,17,,17:30,2025,Tuesday,15,Parked Vehicle,02,In Parking Lane Or Zone,5,,,,,,06,Non-Junction,01,Daylight,3/25/2025,2025-03-25,W,22.58,F,N,,,2D46A524841EEE695AB7731D50FC64647C35FFF1E61F739E57F325393D741693,CO,01,No,,,,,01,Dry,,,,,,,,
Property Damage Crashes,DA43740034,Prince George's County Police,Front to Rear,Prince George's,Principal Arterial – Other,No,No,No,No,No,GREENBELT RD (WB/L),193,MARYLAND ROUTE,No,True,No,2/4/2025,No,Point,38.989831154,-76.821878310,PGCOPD,03,16,03,No,8,,08:20,2025,Tuesday,12,Motor Vehicle In Transport,05,On Roadway,3,,,,,,09,Through Roadway,01,Daylight,2/4/2025,2025-02-04,W,21.6,F,N,,,171C2BF8D4C0047F9E17771D304EE4E836EB26E31505F01868F39A909C490CA0,MD,01,No,,,,,01,Dry,,,,,,,,
Property Damage Crashes,MSP7839003G,Maryland State Police,Front to Rear,Prince George's,Principal Arterial – Other,No,No,No,No,No,CENTRAL AVE,214,MARYLAND ROUTE,Yes,True,No,3/19/2025,No,Point,38.894194175,-76.840011988,MSP,03,16,03,No,9,,09:26,2025,Wednesday,12,Motor Vehicle In Transport,05,On Roadway,3,,,,,,06,Non-Junction,01,Daylight,3/19/2025,2025-03-19,W,125.35,F,N,,,639F65D24F794CF743947EF3550AE07EABB223D83416FA4837CC3C66EE643FB7,MD,01,No,,,,,01,Dry,,,,,,,,
Property Damage Crashes,DA38370024,Prince George's County Police,"Sideswipe, Same Direction",Prince George's,Local,No,No,No,No,No,DEMING DR,2672,COUNTY ROAD,No,True,No,1/21/2025,No,Point,38.838619672,-76.918336489,PGCOPD,07,16,03,No,10,,10:50,2025,Tuesday,15,Parked Vehicle,05,On Roadway,7,,,,,,06,Non-Junction,01,Daylight,1/21/2025,2025-01-21,S,17.49,F,N,,,6E600BD6CE4A5820B0C679A5F0893368963E26D109DC0D935868F82F31673702,CO,01,No,,,,,01,Dry,,,,,,,,
Property Damage Crashes,MSP7664009F,Maryland State Police,"Sideswipe, Same Direction",Prince George's,Interstate,No,No,No,No,No,CAPITAL BELTWAY (SB/L),95,INTERSTATE ROUTE,No,True,No,3/3/2025,No,Point,38.879434264,-76.844002403,MSP,07,16,03,No,18,,18:53,2025,Monday,12,Motor Vehicle In Transport,05,On Roadway,1,,,,,,09,Through Roadway,04,Dark - Not Lighted,3/3/2025,2025-03-03,S,46.2,F,N,,,65170A87FC36BE7E0E717246B0AC98B8A8DF716DED280A621F75EB21342189DF,IS,01,No,,,,,01,Dry,,,,,,,,
Property Damage Crashes,DA306200DP,Prince George's County Police,Front to Rear,Prince George's,Principal Arterial – Other,No,Yes,No,No,No,,410,MARYLAND ROUTE,No,True,No,3/17/2025,No,Point,38.974302486,-76.983793705,PGCOPD,03,16,03,No,17,,17:55,2025,Monday,12,Motor Vehicle In Transport,05,On Roadway,3,,,,,,06,Non-Junction,01,Daylight,3/17/2025,2025-03-17,E,47.27,F,N,,,2D6356275011C503E1C0D7E6DA0CD585B79639918A1B788B82BF870F7D53D3AA,MD,01,No,,,,,01,Dry,,,,,,,,
Property Damage Crashes,NRP15900001,Natural Resources Police,Single Vehicle,Prince George's,,No,No,No,No,No,,4358,OTHER PUBLIC ROAD,No,True,No,5/22/2025,No,Point,38.659959068,-76.835636600,NRP,101,16,03,No,22,,22:49,2025,Thursday,36,"Other Post, Pole, Or Support",04,"Off-Roadway, Location Unknown",,,101,State,,,06,Non-Junction,04,Dark - Not Lighted,5/22/2025,2025-05-22,N,10.1,F,N,,,E23AE3300DBA43020E38F2E2170827D3EA1AD908B35B0303DC41B5B077B63C40,OP,01,No,,,,,01,Dry,,,,,,,,
Property Damage Crashes,MSP7839006F,Maryland State Police,Single Vehicle,Prince George's,Principal Arterial – Other,No,No,No,No,No,CRAIN HWY (SB/L),301,UNITED STATE ROUTE,No,True,No,6/7/2025,No,Point,38.91901,-76.717603333,MSP,101,16,03,No,20,,20:54,2025,Saturday,28,Ditch,09,Roadside,3,,,,,,06,Non-Junction,04,Dark - Not Lighted,6/7/2025,2025-06-07,S,16.27,F,N,,,4467F6BE8B336D619296818FA6344829E2878FF8FC3E7E11E1E48112B9FBDA29,US,01,No,,,,,01,Dry,,,,,,,,
Property Damage Crashes,MSP7416001L,Maryland State Police,Front to Rear,Prince George's,Principal Arterial – Other Freeways and Expressways,No,No,No,No,No,JOHN HANSON HWY,50,UNITED STATE ROUTE,No,True,No,4/9/2025,No,Point,38.928643508,-76.899427639,MSP,03,16,03,No,15,,15:00,2025,Wednesday,12,Motor Vehicle In Transport,05,On Roadway,2,,,,,,09,Through Roadway,01,Daylight,4/9/2025,2025-04-09,W,27.15,F,N,,,CF80EA170560265915972C341F410B9A5933467855ED22CFED4296BE69BCBC07,US,01,No,,,,,01,Dry,,,,,,,,
Property Damage Crashes,DA43330046,Prince George's County Police,Front to Rear,Prince George's,Principal Arterial – Other,No,No,No,No,No,NEW HAMPSHIRE AVE,650,MARYLAND ROUTE,No,True,No,4/18/2025,No,Point,38.990084582,-76.987435077,PGCOPD,03,16,03,No,10,,10:20,2025,Friday,12,Motor Vehicle In Transport,04,"Off-Roadway, Location Unknown",3,,,,,,06,Non-Junction,01,Daylight,4/18/2025,2025-04-18,W,16.99,F,N,,,D052EEFB3B4A48B71094FC499610222C529B685D7318EC8E666294772A5D690C,MD,01,No,,,,,01,Dry,,,,,,,,
Property Damage Crashes,MSP7776004F,Maryland State Police,Angle,Prince George's,Principal Arterial – Other,No,No,No,No,No,BALTIMORE AVE,1,UNITED STATE ROUTE,No,True,No,1/15/2025,No,Point,39.045001392,-76.902163342,MSP,01,16,03,Yes,16,,16:00,2025,Wednesday,12,Motor Vehicle In Transport,05,On Roadway,3,,,,,,10,"Other Location Not Listed Above Within an Interchange Area (median,
shoulder and roadside)",01,Daylight,1/15/2025,2025-01-15,E,8.78,F,N,,,6305BA39D67BD80EDC0288E1095D121440E23DBB20E5ABE1DD797D7A4C9E39B6,US,01,No,,,,,01,Dry,,,,,,,,
Property Damage Crashes,DA4302002W,Prince George's County Police,Front to Front,Prince George's,Local,No,No,No,No,No,KEVERTON DR,4029,COUNTY ROAD,No,True,No,4/3/2025,No,Point,38.888666433,-76.781894221,PGCOPD,02,16,03,No,18,,18:25,2025,Thursday,12,Motor Vehicle In Transport,05,On Roadway,7,,,,,,01,Acceleration/Deceleration Lane,01,Daylight,4/3/2025,2025-04-03,N,760.19,F,N,,,67E2807E3E75535E58A0E844C349CC7E1FED102513B893EB823D2B2CD7C9E7E4,CO,01,No,,,,,01,Dry,,,,,,,,
Property Damage Crashes,DA28840082,Prince George's County Police,Front to Rear,Prince George's,,No,No,No,No,No,,413,SPUR,No,True,No,1/17/2025,No,Point,39.047470072,-76.937283327,PGCOPD,03,16,03,No,8,,08:00,2025,Friday,12,Motor Vehicle In Transport,05,On Roadway,,,,,,,09,Through Roadway,01,Daylight,1/17/2025,2025-01-17,W,21.69,F,N,,,F494B7DE2E1A0EA42846C3BE46DF74F11D1F1BB5C84ED7FCC61ADD639546FD55,SP,01,No,,,,,01,Dry,,,,,,,,
Injury Crashes,MSP6931013V,Maryland State Police,Front to Rear,Prince George's,Interstate,No,No,No,No,No,RAMP 4 FR RP 11 (FR MD 210) TO IS 95,95,RAMP,No,True,No,3/29/2025,No,Point,38.797695209,-76.997695963,MSP,03,16,02,No,22,,22:39,2025,Saturday,12,Motor Vehicle In Transport,05,On Roadway,1,,101,State,RAMP 11 FR MD 210 NB TO IS 295 NB,,06,Non-Junction,04,Dark - Not Lighted,3/29/2025,2025-03-29,S,52.16,F,N,,,33164FDDC0DFD91B2A570B68C880F8F1CB163DD83E836F23D0641FA0A67B381E,RP,01,No,32,Guardrail Face,09,Roadside,01,Dry,,,,,,,,
Property Damage Crashes,DA37150091,Prince George's County Police,Front to Rear,Prince George's,Principal Arterial – Other,No,No,No,No,No,CENTRAL AVE (WB/L),214,MARYLAND ROUTE,Yes,True,No,5/4/2025,No,Point,38.886714840,-76.881505861,PGCOPD,03,16,03,No,9,,09:11,2025,Sunday,12,Motor Vehicle In Transport,05,On Roadway,3,,,,,,06,Non-Junction,01,Daylight,5/4/2025,2025-05-04,E,1370.33,F,N,,,F40E497F92654E8973BA027D2D903AAB371D1578C3618D4EC867C2C07569CDA4,MD,01,No,,,,,09,Wet,,,,,,,,
Property Damage Crashes,MSP757700JS,Maryland State Police,"Sideswipe, Same Direction",Prince George's,Minor Arterial,No,Yes,No,No,No,POWDER MILL RD,212,MARYLAND ROUTE,Yes,True,No,4/1/2025,No,Point,39.036037996,-76.908756297,MSP,07,16,03,No,16,,16:40,2025,Tuesday,12,Motor Vehicle In Transport,05,On Roadway,4,,,,,,09,Through Roadway,01,Daylight,4/1/2025,2025-04-01,S,44.03,F,N,,,624327EE92CE0F42A10E1C8A561AC0FAE2C808227F4CE267CC63B864693EADFB,MD,01,No,97,Not Applicable,,,01,Dry,,,,,,,,
Property Damage Crashes,CE4644002Y,Laurel Police Department,"Sideswipe, Opposite Direction",Prince George's,Principal Arterial – Other,No,No,No,No,No,BALTIMORE AVE,1,UNITED STATE ROUTE,No,True,No,3/20/2025,No,Point,39.078390525,-76.866140246,LAUREL,06,16,03,No,11,,11:35,2025,Thursday,12,Motor Vehicle In Transport,05,On Roadway,3,,,,,,09,Through Roadway,01,Daylight,3/20/2025,2025-03-20,E,12.97,F,N,,,C95FF25ABA2902C71016284CD26D09DA69C977E56D247E7B73CB31E9102D34BE,US,01,No,12,Motor Vehicle In Transport,05,On Roadway,01,Dry,,,,,,,,
Injury Crashes,DA411200CW,Prince George's County Police,Single Vehicle,Prince George's,Principal Arterial – Other,No,No,No,No,No,BRANCH AVE (SB/L),5,MARYLAND ROUTE,No,True,No,4/16/2025,No,Point,38.852708378,-76.956169357,PGCOPD,101,16,02,No,18,,18:50,2025,Wednesday,27,Curb,09,Roadside,3,,,,,,06,Non-Junction,01,Daylight,4/16/2025,2025-04-16,W,32.89,F,N,,,FD505A07AC4A5F203232C75C020ECDD3420204B510195AB99CDF9D83386CECE7,MD,01,No,,,,,01,Dry,,,,,,,,
Property Damage Crashes,CBPD01090046,Bowie Police Department,Other,Prince George's,Interstate,No,No,No,No,No,RAMP 6 FR IS 595 EB TO MD 197,595,RAMP,No,True,No,5/16/2025,No,Point,38.951407070,-76.742262934,BOWIE,98,16,03,Yes,23,,23:03,2025,Friday,12,Motor Vehicle In Transport,09,Roadside,1,,,,,,04,Entrance/Exit Ramp or Related,03,Dark - Lighted,5/16/2025,2025-05-16,N,21.53,F,N,,,AC98FE042CD1012BD65864F2E41919C89635324A1B989ED30B477052CB5F364D,RP,01,No,,,,,01,Dry,,,,,,,,
Property Damage Crashes,MSP745800RK,Maryland State Police,Front to Rear,Prince George's,Interstate,No,No,No,No,No,CAPITAL BELTWAY (NB LOCAL),95,INTERSTATE ROUTE,No,True,No,4/1/2025,No,Point,38.792508333,-77.041616667,MSP,03,16,03,No,15,,15:11,2025,Tuesday,12,Motor Vehicle In Transport,05,On Roadway,1,,,,,,01,Acceleration/Deceleration Lane,01,Daylight,4/1/2025,2025-04-01,E,13.78,F,N,,,4965F69E4688DB4AFA1EF2F659F6A6B8B814DC2080809CE9DE60D7335F3B0BF8,IS,01,No,,,,,01,Dry,,,,,,,,
Injury Crashes,DA4370001S,Prince George's County Police,Single Vehicle,Prince George's,Minor Arterial,No,No,No,Yes,No,HARRY S TRUMAN DR,3465,COUNTY ROAD,Yes,True,No,5/6/2025,No,Point,38.879124320,-76.828210964,PGCOPD,101,16,02,No,14,03,14:00,2025,Tuesday,16,Pedalcycle,05,On Roadway,4,Perpendicular,,,MT LUBENTIA WAY,03,05,Intersection or Related,01,Daylight,5/6/2025,2025-05-06,S,0,F,N,,,EFA917E4FF72DB494DF8B44036849CB1FE278FA2330788AD79EF6E5D85F62795,CO,01,No,,,,,01,Dry,01,Signalized,,,,,,
Property Damage Crashes,MSP766400BY,Maryland State Police,"Sideswipe, Same Direction",Prince George's,Interstate,No,No,No,No,No,CAPITAL BELTWAY (SB/L),95,INTERSTATE ROUTE,No,True,No,5/4/2025,No,Point,38.867285086,-76.845613836,MSP,07,16,03,No,9,,09:55,2025,Sunday,12,Motor Vehicle In Transport,05,On Roadway,1,,,,,,09,Through Roadway,01,Daylight,5/4/2025,2025-05-04,N,19.02,F,N,,,766E347D0F0914DD5B9CA5B44F7AF919C79AD24A5CBE9B9D71BBFD50A548330E,IS,01,No,,,,,01,Dry,,,,,,,,
Property Damage Crashes,BW0204002M,Greenbelt Police Department,Single Vehicle,Prince George's,,Yes,No,No,No,Yes,,,,No,True,No,1/4/2025,No,Point,39.001315164,-76.910155155,GREENBELT,101,16,03,,15,,15:30,2025,Saturday,36,"Other Post, Pole, Or Support",02,In Parking Lane Or Zone,,,,,,,,,01,Daylight,1/4/2025,2025-01-04,,,F,N,103,Private Road,,,01,No,,,,,,,,,,,,,,
Property Damage Crashes,DA4420000N,Prince George's County Police,Front to Rear,Prince George's,Principal Arterial – Other,No,No,No,No,No,KENILWORTH AVE (SB/L),201,MARYLAND ROUTE,No,True,No,2/7/2025,No,Point,38.929837301,-76.931543264,PGCOPD,03,16,03,No,20,,20:00,2025,Friday,12,Motor Vehicle In Transport,05,On Roadway,3,,,,,,06,Non-Junction,03,Dark - Lighted,2/7/2025,2025-02-07,S,63.11,F,N,,,715C14E0185BD02C4ABCE97E968BB210D8793D2353E727938A55389FBB8B8E1C,MD,01,No,,,,,01,Dry,,,,,,,,
Property Damage Crashes,CC0306000W,Hyattsville Police Department,Front to Front,Prince George's,Minor Arterial,No,No,No,No,No,BALTIMORE AVE,1,UNITED STATE ROUTE,No,True,No,1/4/2025,No,Point,38.945717560,-76.941359043,HYATTSVILLE,02,16,03,No,20,,20:40,2025,Saturday,12,Motor Vehicle In Transport,05,On Roadway,4,,,,,,06,Non-Junction,04,Dark - Not Lighted,1/4/2025,2025-01-04,E,30.27,F,N,,,CE71D3F38D3DD3828C1910DCF6BEFCF2A66029361A3D1D34E8033B0F112812FF,US,01,No,,,,,01,Dry,,,,,,,,
Property Damage Crashes,DA44050019,Prince George's County Police,"Sideswipe, Same Direction",Prince George's,Major Collector,No,Yes,No,No,No,BRIGHTSEAT RD,76,COUNTY ROAD,No,True,No,5/6/2025,No,Point,38.919099619,-76.860229947,PGCOPD,07,16,03,No,8,,08:48,2025,Tuesday,12,Motor Vehicle In Transport,05,On Roadway,5,,,,,,06,Non-Junction,01,Daylight,5/6/2025,2025-05-06,N,19.22,F,N,,,08343C54C1421CFF4CBDE9078E7B2F12CACF04E5C031463FE0D670B5DA60B072,CO,01,No,,,,,01,Dry,,,,,,,,
Property Damage Crashes,CBPD0061005P,Bowie Police Department,Unknown,Prince George's,,No,No,No,No,Yes,,,,No,True,No,6/8/2025,No,Point,38.939457218,-76.734578276,BOWIE,99,16,03,,17,,17:21,2025,Sunday,15,Parked Vehicle,02,In Parking Lane Or Zone,,,,,,,,,01,Daylight,6/8/2025,2025-06-08,,,F,N,100,Parking Stall,,,01,No,,,,,,,,,,,,,,
Property Damage Crashes,DA40750069,Prince George's County Police,Front to Rear,Prince George's,Local,No,No,No,No,No,GLACIER AVE,607,OTHER PUBLIC ROAD,Yes,True,No,5/7/2025,No,Point,38.879019139,-76.920097259,PGCOPD,03,16,03,Yes,16,,16:15,2025,Wednesday,15,Parked Vehicle,09,Roadside,7,,,,,,02,Crossover-Related,01,Daylight,5/7/2025,2025-05-07,N,6.79,F,N,,,A6B4913ECFDA79AF805588A619466E6A5C1606FC10EDB1E29D0A30EEB217B934,OP,01,No,30,Fence,09,Roadside,01,Dry,,,,,,,,
Property Damage Crashes,MSP7664009C,Maryland State Police,"Sideswipe, Same Direction",Prince George's,Principal Arterial – Other,Yes,No,No,No,No,CRAIN HWY (SB/L),301,UNITED STATE ROUTE,No,True,No,3/1/2025,No,Point,38.664349227,-76.874874617,MSP,07,16,03,No,21,,21:37,2025,Saturday,12,Motor Vehicle In Transport,05,On Roadway,3,,,,,,09,Through Roadway,04,Dark - Not Lighted,3/1/2025,2025-03-01,N,13.5,F,N,,,3709609CAD4DA36D06D6588C216A97D4F08663183DF4C66B05C350E8B562C0C9,US,01,No,,,,,01,Dry,,,,,,,,
Injury Crashes,DA4359001P,Prince George's County Police,Rear To Rear,Prince George's,,No,No,No,No,No,,21,COUNTY ROAD,No,True,No,5/15/2025,No,Point,39.064696310,-76.839401129,PGCOPD,04,16,02,No,15,,15:00,2025,Thursday,12,Motor Vehicle In Transport,05,On Roadway,,,,,LAUREL BOWIE RD,,06,Non-Junction,01,Daylight,5/15/2025,2025-05-15,S,16.49,F,N,,,E3652787CA226A4949D5D76882225DF1E1879B7EFB3CD0B405675B3412ACABEF,CO,01,No,,,,,01,Dry,,,,,,,,
Property Damage Crashes,MSP75140071,Maryland State Police,"Sideswipe, Same Direction",Prince George's,,No,No,No,No,No,,50,UNITED STATE ROUTE,No,True,No,1/2/2025,No,Point,38.952429167,-76.745545267,MSP,07,16,03,No,20,,20:49,2025,Thursday,12,Motor Vehicle In Transport,05,On Roadway,,,,,,,06,Non-Junction,05,Dark - Unknown Lighting,1/2/2025,2025-01-02,N,32.75,F,N,,,9D8BA96D8D54CD0F6B639E1D93439DF0088C4B18AB6899905CC82A7798680AA3,US,01,No,,,,,01,Dry,,,,,,,,