Crash Severity Description,Reportnumber,Agencyname,CollisionImpact Description,Crash County Description,FunctionalClass Description,ImpairedCrash,Large Vehicle Involved,Motorcycle Crash,Non-Motorist Crash,OffRoad,RoadName,Route Number,RouteType Description,Unrestrained Occupants,WithinDateRange,Work Zone Related,Crashdate,Work Zone Crash,CrashPoint,Latitude,Longitude,AgencyCode,CollisionImpact,Crash County,Crash Severity,Crash Within Interchange,Crashhour,CrashInterchangeApproaches,Crashtime,CrashYear,Dayofweek,FirstHarmEvent,FirstHarmEvent Description,FirstHarmLocation,FirstHarmLocation Description,FunctionalClass,Geometry Description,GovPropertyDamage,GovPropertyDamage Description,IntersectingRoadName,Intersection Geometry,JunctionRelated,JunctionRelated Description,Light,Light Description,LOD Crash Date,LOD Date Level,MilepointDirection,MilepointDistance,MilepointUnits,NonTrafficFatal,OffroadLocation,OffroadLocation Description,RoadID,RouteType,SchoolBusRelated,SchoolBusRelated Description,SecondHarmEvent,SecondHarmEvent Description,SecondHarmLocation,SecondHarmLocation Description,Surface,Surface Description,TrafficControl,Trafficcontrol Description,WZLawEnforcementPresent,WZLocation,WZLocation Description,WZType,WZType Description,WZWorkersPresent
Property Damage Crashes,CBPD0098007B,Bowie Police Department,Single Vehicle,Prince George's,Local,No,Yes,No,No,No,HEMMING LA,840,MUNICIPAL ROAD,No,True,No,3/1/2025,No,Point,38.951654926,-76.733972322,BOWIE,101,16,03,No,10,,10:30,2025,Saturday,40,Tree (standing),05,On Roadway,7,,,,,,06,Non-Junction,01,Daylight,3/1/2025,2025-03-01,W,47.71,F,N,,,1445E05C5E381953D414DE1B8D96A74FC6D8DD133A1D12D3CA66907CBEA027C6,MU,01,No,40,Tree (standing),07,"On Shoulder, Right Side",01,Dry,,,,,,,,
Property Damage Crashes,DA44130005,Prince George's County Police,Front to Rear,Prince George's,Local,No,No,No,No,No,GREENVALE PKWY (WB/L),631,COUNTY ROAD,Yes,True,No,1/2/2025,No,Point,38.947955157,-76.895363116,PGCOPD,03,16,03,No,12,,12:33,2025,Thursday,12,Motor Vehicle In Transport,05,On Roadway,7,,,,,,06,Non-Junction,01,Daylight,1/2/2025,2025-01-02,S,11.33,F,N,,,3959CAC9DC4C8D3D304A6FB62FDC9B2AE55FD8F6BCE2C0DFFEF155A52A17AA60,CO,01,No,,,,,01,Dry,,,,,,,,
Property Damage Crashes,DA34370044,Prince George's County Police,Front to Rear,Prince George's,Principal Arterial – Other Freeways and Expressways,No,No,No,No,No,BRANCH AVE,5,MARYLAND ROUTE,No,True,No,1/8/2025,No,Point,38.796817198,-76.900209348,PGCOPD,03,16,03,No,14,,14:03,2025,Wednesday,12,Motor Vehicle In Transport,05,On Roadway,2,,100,Local,,,06,Non-Junction,01,Daylight,1/8/2025,2025-01-08,N,48.03,F,N,,,44C3E4766E098DA639E26D503D87FDAF5B07831A6BBCA6A22C576023A6449760,MD,01,No,,,,,02,Ice/Frost,,,,,,,,
Property Damage Crashes,MSP7865001R,Maryland State Police,"Sideswipe, Same Direction",Prince George's,Interstate,No,No,No,No,No,CAPITAL BELTWAY (SB/L),95,INTERSTATE ROUTE,No,True,No,3/16/2025,No,Point,38.994626122,-76.888747640,MSP,07,16,03,No,11,,11:30,2025,Sunday,12,Motor Vehicle In Transport,05,On Roadway,1,,,,,,06,Non-Junction,01,Daylight,3/16/2025,2025-03-16,N,69.51,F,N,,,56C5AA53C4B191AFB51F76FC2447A4B413B2DD90FF571EB1D84B05C8CA2F126A,IS,01,No,,,,,01,Dry,,,,,,,,
Property Damage Crashes,MSP7839003B,Maryland State Police,Front to Rear,Prince George's,Interstate,No,No,No,No,No,RAMP 2 FR IS 95 WB TO MD 414 NB,95,RAMP,No,True,No,3/18/2025,No,Point,38.811228333,-76.963613333,MSP,03,16,03,No,7,,07:19,2025,Tuesday,12,Motor Vehicle In Transport,05,On Roadway,1,,,,,,06,Non-Junction,01,Daylight,3/18/2025,2025-03-18,S,35.39,F,N,,,A5AD43B2569A56A89C460A0B8AAD721CC65DFE893F523AF9F87587071A4E38A6,RP,01,No,,,,,01,Dry,,,,,,,,
Property Damage Crashes,MSP7839006C,Maryland State Police,Front to Rear,Prince George's,Interstate,No,No,No,No,No,CAPITAL BELTWAY (SB/L),95,INTERSTATE ROUTE,No,True,No,6/7/2025,No,Point,38.921446667,-76.852938333,MSP,03,16,03,No,16,,16:12,2025,Saturday,12,Motor Vehicle In Transport,05,On Roadway,1,,,,,,06,Non-Junction,01,Daylight,6/7/2025,2025-06-07,W,46.37,F,N,,,DD9A80AEFC5F70CCE707CE382E9092ED216D1746FF633FB4ED8C45B83F792ADC,IS,01,No,,,,,01,Dry,,,,,,,,
Property Damage Crashes,CBPD0117007Z,Bowie Police Department,Angle,Prince George's,Major Collector,No,No,No,No,No,MITCHELLVILLE RD (SB/L),73,COUNTY ROAD,No,True,No,3/12/2025,No,Point,38.940648743,-76.727515077,BOWIE,01,16,03,No,15,,15:05,2025,Wednesday,12,Motor Vehicle In Transport,05,On Roadway,5,,,,,,06,Non-Junction,01,Daylight,3/12/2025,2025-03-12,S,43.52,F,N,,,8C8897733B84BBDFD67706A8F62BCA45AAFFD3C79AABD3F00D01E723F3D306E7,CO,01,No,,,,,01,Dry,,,,,,,,
Injury Crashes,MSP6582016D,Maryland State Police,Single Vehicle,Prince George's,Interstate,No,No,No,No,No,CAPITAL BELTWAY (SB/L),95,INTERSTATE ROUTE,No,True,No,5/2/2025,No,Point,38.819188333,-76.929325,MSP,101,16,02,No,10,,10:10,2025,Friday,32,Guardrail Face,09,Roadside,1,,101,State,,,09,Through Roadway,01,Daylight,5/2/2025,2025-05-02,N,22.98,F,N,,,CAA0897031ABA73D92A77CE8C81171D15734EA92B81FEEDEF17EBDB3B5D28D39,IS,01,No,,,,,01,Dry,,,,,,,,
Property Damage Crashes,MSP6859008Y,Maryland State Police,"Sideswipe, Same Direction",Prince George's,Interstate,No,No,No,No,No,CAPITAL BELTWAY,95,INTERSTATE ROUTE,No,True,No,5/8/2025,No,Point,38.939389877,-76.855778529,MSP,07,16,03,No,12,,12:59,2025,Thursday,12,Motor Vehicle In Transport,05,On Roadway,1,,,,,,09,Through Roadway,01,Daylight,5/8/2025,2025-05-08,S,52.05,F,N,,,A1700743F886F8ED0A93F61824CBBB752BF22B0151D034A33261296B6D61F45C,IS,01,No,,,,,09,Wet,,,,,,,,
Property Damage Crashes,MSP745000KB,Maryland State Police,"Sideswipe, Same Direction",Prince George's,Interstate,Yes,No,No,No,No,CAPITAL BELTWAY,95,INTERSTATE ROUTE,No,True,No,5/10/2025,No,Point,38.971241667,-76.869041667,MSP,07,16,03,No,2,,02:34,2025,Saturday,12,Motor Vehicle In Transport,05,On Roadway,1,,,,,,09,Through Roadway,04,Dark - Not Lighted,5/10/2025,2025-05-10,S,6.8,F,N,,,15A08A6211B306433040E94B856AA66F2482C5D25647B387046032F55347D8F0,IS,01,No,97,Not Applicable,,,01,Dry,,,,,,,,
Property Damage Crashes,DJ0182002K,Seat Pleasant Police Department,"Sideswipe, Same Direction",Prince George's,Interstate,No,No,No,No,No,RAMP 8 FR IS 95 SB TO MD 214 WB,95,RAMP,No,True,No,4/7/2025,No,Point,38.891244937,-76.850844522,SEATPLEASANT,07,16,03,No,7,,07:45,2025,Monday,12,Motor Vehicle In Transport,05,On Roadway,1,,,,,,04,Entrance/Exit Ramp or Related,98,Other,4/7/2025,2025-04-07,E,49.88,F,N,,,0FD1388ADF2DA4D59177AC160219B7243BBB4CF6C953CD2D5F993591AF7097D2,RP,01,No,,,,,09,Wet,,,,,,,,
Injury Crashes,DA43960018,Prince George's County Police,Front to Rear,Prince George's,Local,No,No,No,No,No,RUATAN ST,881,COUNTY ROAD,Yes,True,No,2/28/2025,No,Point,38.996853041,-76.972841754,PGCOPD,03,16,02,No,7,,07:40,2025,Friday,12,Motor Vehicle In Transport,05,On Roadway,7,,,,RIGGS RD RIGGS RD (SB/L),,06,Non-Junction,01,Daylight,2/28/2025,2025-02-28,S,4.79,F,N,,,095A7CCEE4F694531DB227C24486CDBA33EEEF4040DF64C29F98AE7A98844169,CO,01,No,,,,,01,Dry,,,,,,,,
Property Damage Crashes,MSP7776004C,Maryland State Police,Front to Rear,Prince George's,Interstate,No,No,No,No,No,NO NAME (SB/L),95,INTERSTATE ROUTE,No,True,No,1/13/2025,No,Point,39.061812064,-76.919339213,MSP,03,16,03,No,15,,15:39,2025,Monday,12,Motor Vehicle In Transport,05,On Roadway,1,,,,,,06,Non-Junction,01,Daylight,1/13/2025,2025-01-13,E,2.36,F,N,,,19DF40D0C29B79C0AE0ADAB401CD24CCD3A217C1676DFCA4977AFB9107113C14,IS,01,No,12,Motor Vehicle In Transport,05,On Roadway,01,Dry,,,,,,,,
Injury Crashes,CBPD0032009D,Bowie Police Department,Front to Front,Prince George's,Minor Arterial,No,No,No,No,No,,197,MARYLAND ROUTE,No,True,No,5/2/2025,No,Point,38.978580032,-76.756005252,BOWIE,02,16,02,No,11,,11:01,2025,Friday,12,Motor Vehicle In Transport,05,On Roadway,4,,,,,,09,Through Roadway,01,Daylight,5/2/2025,2025-05-02,S,7.11,F,N,,,1CE5AD29F24255AAF41CC0EBCFB0B99C3AFBAEB9DD6F93F8505CBA92A5A84B51,MD,01,No,12,Motor Vehicle In Transport,05,On Roadway,01,Dry,,,,,,,,
Property Damage Crashes,CE4961007V,Laurel Police Department,Angle,Prince George's,Principal Arterial – Other,No,No,No,No,No,GORMAN AVE,198,MARYLAND ROUTE,No,True,No,6/5/2025,No,Point,39.101087714,-76.854602906,LAUREL,01,16,03,Yes,9,02,09:45,2025,Thursday,12,Motor Vehicle In Transport,05,On Roadway,3,Perpendicular,,,FIFTH ST,03,05,Intersection or Related,01,Daylight,6/5/2025,2025-06-05,W,0,F,N,,,B121CBFDE2285125FD3714A2B441E3429AB61D78EB4E33890B2A0650EFFDE293,MD,01,No,,,,,01,Dry,03,Stop - Partial,,,,,,
Property Damage Crashes,DA4256005R,Prince George's County Police,"Sideswipe, Same Direction",Prince George's,,No,No,No,No,No,,974,COUNTY ROAD,No,True,No,1/24/2025,No,Point,38.865668983,-76.834254428,PGCOPD,07,16,03,Yes,7,,07:35,2025,Friday,12,Motor Vehicle In Transport,05,On Roadway,,,,,,,09,Through Roadway,01,Daylight,1/24/2025,2025-01-24,N,25.07,F,N,,,93E7EC40D8027E9889F8C2FD143AAAA1A331A13C8FCD80883C6A747183D8856B,CO,01,No,,,,,01,Dry,,,,,,,,
Property Damage Crashes,DA4340004D,Prince George's County Police,Single Vehicle,Prince George's,Principal Arterial – Other,No,No,No,No,No,GREENBELT RD (WB/L),193,MARYLAND ROUTE,No,True,No,4/7/2025,No,Point,38.991024279,-76.833265385,PGCOPD,101,16,03,No,17,,17:50,2025,Monday,35,"Other Fixed Object (wall, building, tunnel, etc.)",02,In Parking Lane Or Zone,3,,,,,,99,Unknown,99,Unknown,4/7/2025,2025-04-07,E,26.08,F,N,,,723E8AFD4376CC9669BEB41598BAA03CA2F1B8CFFF4ADDCCA46FAFF151564D32,MD,01,No,,,,,01,Dry,,,,,,,,
Property Damage Crashes,DA36500051,Prince George's County Police,"Sideswipe, Same Direction",Prince George's,Minor Arterial,No,No,No,No,No,ANNAPOLIS RD (WB/L),450,MARYLAND ROUTE,No,True,No,3/27/2025,No,Point,38.950322741,-76.886471763,PGCOPD,07,16,03,No,8,04,08:04,2025,Thursday,12,Motor Vehicle In Transport,05,On Roadway,4,Perpendicular,,,GALLATIN ST,03,05,Intersection or Related,01,Daylight,3/27/2025,2025-03-27,S,0,F,N,,,37BB4BC3FA0119C5880AF084A1F48F3D515CD8A788BE4F1024A48C57F73A147B,MD,01,No,,,,,01,Dry,01,Signalized,,,,,,
Property Damage Crashes,CNC3185000P,New Carrollton Police Department,Front to Rear,Prince George's,,No,No,No,No,No,,302,COUNTY ROAD,No,True,No,1/1/2025,No,Point,38.961279942,-76.882332766,NCPD,03,16,03,No,23,,23:20,2025,Wednesday,12,Motor Vehicle In Transport,05,On Roadway,,,,,,,01,Acceleration/Deceleration Lane,03,Dark - Lighted,1/1/2025,2025-01-01,S,12.98,F,N,,,5B7D47B62623E85ECF4999DF5061460C1E751B91EEF2C3A61A60865EC52B1678,CO,01,No,,,,,01,Dry,,,,,,,,
Injury Crashes,MSP7770007M,Maryland State Police,Front to Rear,Prince George's,Principal Arterial – Other,No,No,No,No,No,CRAIN HWY (SB/L),301,UNITED STATE ROUTE,No,True,No,4/22/2025,No,Point,38.715715174,-76.850103678,MSP,03,16,02,No,5,,05:52,2025,Tuesday,12,Motor Vehicle In Transport,05,On Roadway,3,,,,,,06,Non-Junction,01,Daylight,4/22/2025,2025-04-22,N,38.93,F,N,,,85FC0ADBC510A3A7449B402407323C5E69C9A72A8DB98A73BFA981379C626351,US,01,No,,,,,01,Dry,,,,,,,,
Property Damage Crashes,DA4397000P,Prince George's County Police,"Sideswipe, Same Direction",Prince George's,,No,No,No,No,Yes,,,,No,True,No,1/5/2025,No,Point,38.847778804,-76.952099227,PGCOPD,07,16,03,,11,,11:20,2025,Sunday,12,Motor Vehicle In Transport,02,In Parking Lane Or Zone,,,,,,,,,01,Daylight,1/5/2025,2025-01-05,,,F,N,102,Parking Lot Way,,,01,No,,,,,,,,,,,,,,
Property Damage Crashes,DA404800H2,Prince George's County Police,Angle,Prince George's,Major Collector,No,Yes,No,No,No,ALLENTOWN RD,126,COUNTY ROAD,No,True,No,4/8/2025,No,Point,38.768374195,-76.952843958,PGCOPD,01,16,03,Yes,8,,08:00,2025,Tuesday,12,Motor Vehicle In Transport,05,On Roadway,5,,,,,,03,Driveway Access or Related,01,Daylight,4/8/2025,2025-04-08,N,32.75,F,N,,,BFA3514F83838FFAAB82BBE71AA975FB365837680F32D18530982C7EDBA61A78,CO,01,No,,,,,01,Dry,,,,,,,,
Property Damage Crashes,CNC31740050,New Carrollton Police Department,Angle,Prince George's,Minor Arterial,Yes,No,No,No,No,ANNAPOLIS RD,450,MARYLAND ROUTE,Yes,True,No,4/8/2025,No,Point,38.950263269,-76.886015262,NCPD,01,16,03,No,20,,20:24,2025,Tuesday,12,Motor Vehicle In Transport,05,On Roadway,4,,,,,,01,Acceleration/Deceleration Lane,03,Dark - Lighted,4/8/2025,2025-04-08,W,66.92,F,N,,,EA0BD50D8AA6F07312C90B55DD2000FC0BCBF5E5A094D72F2D12051910C4852D,MD,01,No,,,,,01,Dry,,,,,,,,
Property Damage Crashes,DA4375002M,Prince George's County Police,Rear To Side,Prince George's,Principal Arterial – Other,No,Yes,No,No,No,PENNSYLVANIA AVE,4,MARYLAND ROUTE,Yes,True,No,1/24/2025,No,Point,38.865023103,-76.933022995,PGCOPD,05,16,03,No,22,,22:30,2025,Friday,12,Motor Vehicle In Transport,05,On Roadway,3,,,,ALTON ST,,06,Non-Junction,03,Dark - Lighted,1/24/2025,2025-01-24,N,39.01,F,N,,,ECD64284DEF23BF4F26B594DFC6D42C0B6975DE00A2ECC2A5225037CEBFF74B2,MD,01,No,,,,,01,Dry,,,,,,,,
Injury Crashes,DA4361001X,Prince George's County Police,Front to Rear,Prince George's,,No,No,No,No,No,,165,COUNTY ROAD,No,True,No,4/6/2025,No,Point,38.803390963,-76.975915859,PGCOPD,03,16,02,No,20,,20:40,2025,Sunday,12,Motor Vehicle In Transport,05,On Roadway,,,,,,,06,Non-Junction,03,Dark - Lighted,4/6/2025,2025-04-06,W,12.38,F,N,,,905F24CC4DF6B7D44299308E4ECB6D01E2659DCFE320702796FDA246297B43F0,CO,01,No,,,,,01,Dry,,,,,,,,
Property Damage Crashes,DA4074007Q,Prince George's County Police,"Sideswipe, Same Direction",Prince George's,Principal Arterial – Other Freeways and Expressways,No,No,No,No,No,INDIAN HEAD HWY (SB/L),210,MARYLAND ROUTE,No,True,No,2/20/2025,No,Point,38.776876215,-76.996849823,PGCOPD,07,16,03,No,20,,20:00,2025,Thursday,12,Motor Vehicle In Transport,05,On Roadway,2,,,,,,06,Non-Junction,03,Dark - Lighted,2/20/2025,2025-02-20,N,31.37,F,N,,,3B8441826D03F99CFD60C2E6A8B691C124E6894056002953B11D92C7EC26B04A,MD,01,No,,,,,01,Dry,,,,,,,,
Property Damage Crashes,DA42390078,Prince George's County Police,"Sideswipe, Same Direction",Prince George's,Principal Arterial – Other,No,No,No,No,No,GREENBELT RD,193,MARYLAND ROUTE,No,True,No,1/12/2025,No,Point,38.991353128,-76.858577077,PGCOPD,07,16,03,No,9,,09:58,2025,Sunday,12,Motor Vehicle In Transport,05,On Roadway,3,,,,,,09,Through Roadway,01,Daylight,1/12/2025,2025-01-12,S,28.55,F,N,,,8AB96D92ED6E8A7B1CC85115A06E351511CB28B94AB512F8E86236B00211FE0A,MD,01,No,12,Motor Vehicle In Transport,05,On Roadway,01,Dry,,,,,,,,
Injury Crashes,MSP7871003S,Maryland State Police,"Sideswipe, Same Direction",Prince George's,Interstate,No,No,No,No,No,CAPITAL BELTWAY,95,INTERSTATE ROUTE,No,True,No,4/29/2025,No,Point,38.939245883,-76.855816877,MSP,07,16,02,No,20,,20:09,2025,Tuesday,12,Motor Vehicle In Transport,05,On Roadway,1,,101,State,,,09,Through Roadway,04,Dark - Not Lighted,4/29/2025,2025-04-29,E,32.18,F,N,,,A1700743F886F8ED0A93F61824CBBB752BF22B0151D034A33261296B6D61F45C,IS,01,No,,,,,01,Dry,,,,,,,,
Property Damage Crashes,DA333600GL,Prince George's County Police,Other,Prince George's,,No,No,No,No,No,ALLENTOWN RD (SB/L),126,COUNTY ROAD,No,True,Yes,4/8/2025,Yes,Point,38.798518397,-76.912931116,PGCOPD,98,16,03,Yes,15,03,15:46,2025,Tuesday,12,Motor Vehicle In Transport,05,On Roadway,,Angled/Skewed,,,COOLRIDGE DR,01,05,Intersection or Related,01,Daylight,4/8/2025,2025-04-08,N,0,F,N,,,74EEB962DFC3E88730BD8716E5ADC410843CA026253E0B0609028E892F811C05,CO,01,No,,,,,01,Dry,03,Stop - Partial,N,03,Transition Area,02,Lane Shift/Crossover,Yes
Property Damage Crashes,DS0526000B,University of Maryland Police College Park,Front to Rear,Prince George's,Major Collector,No,Yes,Yes,No,No,,69,STATE ROAD,No,True,No,2/26/2025,No,Point,38.987380151,-76.945460426,UMCP,03,16,03,No,17,,17:01,2025,Wednesday,12,Motor Vehicle In Transport,05,On Roadway,5,,,,,,06,Non-Junction,01,Daylight,2/26/2025,2025-02-26,N,4.03,F,N,,,2A37EB5B1A0A0D217CA35EAE7FF39D5546973A170F20ABDB865CB842D6853263,SR,01,No,,,,,01,Dry,,,,,,,,
Property Damage Crashes,CE4862004J,Laurel Police Department,Angle,Prince George's,Principal Arterial – Other,No,No,No,No,No,LAUREL BOWIE RD,197,MARYLAND ROUTE,No,True,No,1/31/2025,No,Point,39.093443683,-76.843360939,LAUREL,01,16,03,Yes,7,,07:22,2025,Friday,12,Motor Vehicle In Transport,05,On Roadway,3,,,,MORRIS DR,,02,Crossover-Related,01,Daylight,1/31/2025,2025-01-31,S,13.83,F,N,,,4157DCB6AAE47361441EE33B5A5CC11B58012A959BC48F2E4A7F82FFDE64B590,MD,01,No,,,,,09,Wet,,,,,,,,
Property Damage Crashes,MSP77650063,Maryland State Police,Front to Rear,Prince George's,,No,No,No,No,No,,464,SPUR,No,True,No,2/7/2025,No,Point,38.935937330,-76.717949313,MSP,03,16,03,No,12,,12:38,2025,Friday,12,Motor Vehicle In Transport,05,On Roadway,,,,,CRAIN HWY (SB/L),,09,Through Roadway,01,Daylight,2/7/2025,2025-02-07,N,9.21,F,N,,,1A32132A74F227CA9A93FDD7E9B60241EC67E5B0EFA87D9504925136A527C90A,SP,01,No,,,,,01,Dry,,,,,,,,
Property Damage Crashes,DA35990056,Prince George's County Police,Single Vehicle,Prince George's,,No,No,No,No,No,BAY HILL DR,717,LOCAL ROAD,No,True,No,3/18/2025,No,Point,39.070013496,-76.923519374,PGCOPD,101,16,03,No,4,,04:30,2025,Tuesday,41,Utility Pole/Light Support,09,Roadside,,,,,,,06,Non-Junction,04,Dark - Not Lighted,3/18/2025,2025-03-18,S,53.48,F,N,,,68B0421D2587AF68040E87427E0D54E4F2E2A9225A64B49FCEA4F1F6766B97B3,LL,01,No,,,,,01,Dry,,,,,,,,
Property Damage Crashes,DA4291004Q,Prince George's County Police,Other,Prince George's,Principal Arterial – Other,No,No,No,No,No,BALTIMORE AVE,1,UNITED STATE ROUTE,No,True,No,3/5/2025,No,Point,39.011549583,-76.928457640,PGCOPD,98,16,03,Yes,12,,12:14,2025,Wednesday,12,Motor Vehicle In Transport,05,On Roadway,3,,,,HOLLYWOOD RD,,09,Through Roadway,01,Daylight,3/5/2025,2025-03-05,S,32.01,F,N,,,FEF755C5F248392D6141766989956C554EF8701F3EC386B8DE9B4AFD755A755F,US,01,No,,,,,09,Wet,,,,,,,,
Property Damage Crashes,DA4318004T,Prince George's County Police,"Sideswipe, Same Direction",Prince George's,Major Collector,No,No,No,No,No,AUTH WAY (SB/L),3584,COUNTY ROAD,No,True,No,6/7/2025,No,Point,38.826045717,-76.923917651,PGCOPD,07,16,03,No,7,,07:15,2025,Saturday,12,Motor Vehicle In Transport,05,On Roadway,5,,,,,,09,Through Roadway,01,Daylight,6/7/2025,2025-06-07,E,1.95,F,N,,,FB733418DDE4A09275A871B0274E9BA651BE63EE367D2B3648F2385D51D47578,CO,01,No,,,,,01,Dry,,,,,,,,
Property Damage Crashes,DA43660026,Prince George's County Police,Angle,Prince George's,Major Collector,No,No,No,No,No,HAMPTON PARK BLVD (NB/L),4475,COUNTY ROAD,Yes,True,No,1/27/2025,No,Point,38.888467026,-76.852901613,PGCOPD,01,16,03,No,14,,14:44,2025,Monday,12,Motor Vehicle In Transport,05,On Roadway,5,,,,,,09,Through Roadway,01,Daylight,1/27/2025,2025-01-27,S,16.01,F,N,,,6F7E0F8AC49745BEFD31FDCAA92568BCF717A47430A2D4D6EA7ACD4334A96049,CO,01,No,,,,,01,Dry,,,,,,,,
Property Damage Crashes,DA27140028,Prince George's County Police,Front to Front,Prince George's,,No,No,No,No,No,,936,CROSSOVER,No,True,No,5/1/2025,No,Point,39.047545405,-76.900463367,PGCOPD,02,16,03,No,21,,21:55,2025,Thursday,15,Parked Vehicle,02,In Parking Lane Or Zone,,,,,BALTIMORE AVE (SB/L),,06,Non-Junction,03,Dark - Lighted,5/1/2025,2025-05-01,S,34.77,F,N,,,F5986944A7261167FCBEA97405C27250542CF9B8A566CF893E2F62EA6105634F,XO,01,No,12,Motor Vehicle In Transport,02,In Parking Lane Or Zone,01,Dry,,,,,,,,
Property Damage Crashes,DA4252005M,Prince George's County Police,"Sideswipe, Same Direction",Prince George's,Interstate,No,No,No,No,No,RAMP 8 FR IS 95 SB TO MD 214 WB,95,RAMP,No,True,No,2/7/2025,No,Point,38.894511264,-76.848570240,PGCOPD,07,16,03,No,17,,17:19,2025,Friday,12,Motor Vehicle In Transport,05,On Roadway,1,,,,,,06,Non-Junction,01,Daylight,2/7/2025,2025-02-07,N,14.74,F,N,,,6CFAC30BC850F4DD13B0BF95E291ACE21435918E6D2B47C3914C561A22EB0CBF,RP,01,No,,,,,01,Dry,,,,,,,,
Property Damage Crashes,DA4257004M,Prince George's County Police,Single Vehicle,Prince George's,Minor Arterial,No,No,No,No,No,BRIGGS CHANEY RD,12,COUNTY ROAD,No,True,No,2/13/2025,No,Point,39.060711408,-76.927458780,PGCOPD,101,16,03,No,8,,08:00,2025,Thursday,09,Animal (live),05,On Roadway,4,,,,,,06,Non-Junction,01,Daylight,2/13/2025,2025-02-13,E,36.68,F,N,,,902DD69F6867D34A5A0A3317F4E1A486477D7B4E602C8866BF29918C41C03DD2,CO,01,No,,,,,09,Wet,,,,,,,,
Property Damage Crashes,MSP7778006Z,Maryland State Police,Single Vehicle,Prince George's,Interstate,No,No,No,No,No,CAPITAL BELTWAY (SB/L),95,INTERSTATE ROUTE,No,True,No,1/8/2025,No,Point,38.807637583,-76.9774276,MSP,101,16,03,No,16,,16:30,2025,Wednesday,32,Guardrail Face,06,"On Shoulder, Left Side",1,,101,State,,,09,Through Roadway,01,Daylight,1/8/2025,2025-01-08,N,2.53,F,N,,,5E6962498606BF6D04AC388BBC54A78C0F5194F984F175EFB2AFDA04D165E522,IS,01,No,,,,,02,Ice/Frost,,,,,,,,
Injury Crashes,DA4276007L,Prince George's County Police,Front to Rear,Prince George's,Major Collector,No,No,No,No,No,CABIN BRANCH DR,950,COUNTY ROAD,No,True,No,4/24/2025,No,Point,38.915946167,-76.905719687,PGCOPD,03,16,02,No,1,,01:20,2025,Thursday,12,Motor Vehicle In Transport,05,On Roadway,5,,,,,,06,Non-Junction,03,Dark - Lighted,4/24/2025,2025-04-24,E,22.83,F,N,,,78DC9B523F8A7E3E4D57859D4953FF8794FDCDA89BB237934B1E2A7C970DD560,CO,01,No,,,,,01,Dry,,,,,,,,
Property Damage Crashes,DA3835006V,Prince George's County Police,Front to Front,Prince George's,Local,Yes,No,No,No,No,ALLENTOWN WAY,3873,COUNTY ROAD,No,True,No,2/21/2025,No,Point,38.801666057,-76.908883493,PGCOPD,02,16,03,Yes,20,03,20:46,2025,Friday,12,Motor Vehicle In Transport,05,On Roadway,7,Perpendicular,,,ALLENTOWN RD ALLENTOWN RD (SB/L),03,05,Intersection or Related,99,Unknown,2/21/2025,2025-02-21,N,0,F,N,,,BC0EB689211051FE0BD47AD6DF6EAAF9C4A636FE15F4855F42E6AF955A3B1980,CO,01,No,,,,,01,Dry,01,Signalized,,,,,,
Property Damage Crashes,DA3824004C,Prince George's County Police,Front to Rear,Prince George's,,No,No,No,No,Yes,,,,No,True,No,5/30/2025,No,Point,38.896736846,-76.820960624,PGCOPD,03,16,03,,14,,14:53,2025,Friday,15,Parked Vehicle,02,In Parking Lane Or Zone,,,,,,,,,01,Daylight,5/30/2025,2025-05-30,,,F,N,102,Parking Lot Way,,,01,No,,,,,,,,,,,,,,
Property Damage Crashes,DA43830032,Prince George's County Police,Front to Rear,Prince George's,Principal Arterial – Other,No,Yes,No,No,No,GREENBELT RD (WB/L),193,MARYLAND ROUTE,Yes,True,No,3/19/2025,No,Point,38.994212256,-76.876234872,PGCOPD,03,16,03,No,8,,08:10,2025,Wednesday,12,Motor Vehicle In Transport,05,On Roadway,3,,,,,,06,Non-Junction,01,Daylight,3/19/2025,2025-03-19,E,22.44,F,N,,,10F01DEE0F708CB66E2E03A69BBDD260B1257114C2A6995C12D4B22EEF98372E,MD,02,"Yes, School Bus Directly Involved",,,,,01,Dry,,,,,,,,
Property Damage Crashes,MSP732800KL,Maryland State Police,Front to Rear,Prince George's,Interstate,Yes,No,No,No,No,CAPITAL BELTWAY,495,INTERSTATE ROUTE,No,True,No,2/12/2025,No,Point,39.019200522,-76.958542647,MSP,03,16,03,No,0,,00:30,2025,Wednesday,12,Motor Vehicle In Transport,05,On Roadway,1,,,,,,06,Non-Junction,03,Dark - Lighted,2/12/2025,2025-02-12,W,51.84,F,N,,,B57FFD31F1EAC51221D594ADA7EFC803B7906B44FCCC63919E22CE6BCFC7EDEE,IS,01,No,28,Ditch,01,Gore,09,Wet,,,,,,,,
Property Damage Crashes,DA43500033,Prince George's County Police,Front to Rear,Prince George's,Principal Arterial – Other,No,No,No,No,No,ST BARNABAS RD,414,MARYLAND ROUTE,No,True,No,5/3/2025,No,Point,38.814113888,-76.964478120,PGCOPD,03,16,03,No,11,,11:51,2025,Saturday,12,Motor Vehicle In Transport,05,On Roadway,3,,,,,,08,Shared-Use Path or Trail,01,Daylight,5/3/2025,2025-05-03,N,9.34,F,N,,,8426C484BC34E36947E7A561C55FDFBAFF9AB250509E17942B2C9A28BB1AA50C,MD,01,No,,,,,01,Dry,,,,,,,,