Crash Severity Description,Reportnumber,Agencyname,CollisionImpact Description,Crash County Description,FunctionalClass Description,ImpairedCrash,Large Vehicle Involved,Motorcycle Crash,Non-Motorist Crash,OffRoad,RoadName,Route Number,RouteType Description,Unrestrained Occupants,WithinDateRange,Work Zone Related,Crashdate,Work Zone Crash,CrashPoint,Latitude,Longitude,AgencyCode,CollisionImpact,Crash County,Crash Severity,Crash Within Interchange,Crashhour,CrashInterchangeApproaches,Crashtime,CrashYear,Dayofweek,FirstHarmEvent,FirstHarmEvent Description,FirstHarmLocation,FirstHarmLocation Description,FunctionalClass,Geometry Description,GovPropertyDamage,GovPropertyDamage Description,IntersectingRoadName,Intersection Geometry,JunctionRelated,JunctionRelated Description,Light,Light Description,LOD Crash Date,LOD Date Level,MilepointDirection,MilepointDistance,MilepointUnits,NonTrafficFatal,OffroadLocation,OffroadLocation Description,RoadID,RouteType,SchoolBusRelated,SchoolBusRelated Description,SecondHarmEvent,SecondHarmEvent Description,SecondHarmLocation,SecondHarmLocation Description,Surface,Surface Description,TrafficControl,Trafficcontrol Description,WZLawEnforcementPresent,WZLocation,WZLocation Description,WZType,WZType Description,WZWorkersPresent
Property Damage Crashes,BP9424003Z,Forest Heights Police Department,Front to Rear,Prince George's,Principal Arterial – Other Freeways and Expressways,No,No,No,No,No,INDIAN HEAD HWY,210,MARYLAND ROUTE,No,True,No,5/24/2025,No,Point,38.784152714,-76.997854989,FORESTHEIGHTS,03,16,03,No,23,,23:45,2025,Saturday,12,Motor Vehicle In Transport,05,On Roadway,2,,,,,,09,Through Roadway,05,Dark - Unknown Lighting,5/24/2025,2025-05-24,N,28.27,F,N,,,ECC72C59D9B46F9A4B035097074DDD0326C4B8DDDE0E22D189197C939CB1BF2D,MD,01,No,,,,,01,Dry,,,,,,,,
Property Damage Crashes,DA398700CV,Prince George's County Police,"Sideswipe, Same Direction",Prince George's,Local,No,No,No,No,No,2ND ST,930,COUNTY ROAD,No,True,No,5/27/2025,No,Point,38.973652988,-76.859732840,PGCOPD,07,16,03,No,6,,06:20,2025,Tuesday,15,Parked Vehicle,05,On Roadway,7,,,,,,09,Through Roadway,01,Daylight,5/27/2025,2025-05-27,N,14.86,F,N,,,F7AC444CF72273A29444736E3A0D2D0090547877540FE281957849B481F9CC12,CO,01,No,,,,,01,Dry,,,,,,,,
Property Damage Crashes,MSP65820162,Maryland State Police,Single Vehicle,Prince George's,Interstate,No,No,No,No,No,RAMP 2 FR IS 95 SB TO AUTH RD,95,RAMP,No,True,No,3/22/2025,No,Point,38.81964,-76.916085,MSP,101,16,03,No,19,,19:33,2025,Saturday,40,Tree (standing),09,Roadside,1,,,,,,09,Through Roadway,04,Dark - Not Lighted,3/22/2025,2025-03-22,S,34.65,F,N,,,CD42CB9FDF4D2FD1D6B283DC8DB948799D2077A00AF99CB9E52709E69673D9AB,RP,01,No,,,,,01,Dry,,,,,,,,
Property Damage Crashes,MSP745000K4,Maryland State Police,Single Vehicle,Prince George's,Interstate,Yes,No,No,No,No,IS 95 SB CD LANE FR MD 198 TO MD 200,95,INTERSTATE ROUTE,No,True,No,5/6/2025,No,Point,39.083570520,-76.899270851,MSP,101,16,03,No,2,,02:25,2025,Tuesday,25,Concrete Traffic Barrier,03,Median,1,,101,State,,,09,Through Roadway,04,Dark - Not Lighted,5/6/2025,2025-05-06,E,30.29,F,N,,,BDEA03228F46229BC2F98936BCF6EFA4E09AA00001C47FF8AFBC30339458FFF3,IS,01,No,32,Guardrail Face,07,"On Shoulder, Right Side",09,Wet,,,,,,,,
Property Damage Crashes,HB04990002,Maryland-National Capital Park Police Prince George's County,Front to Rear,Prince George's,Principal Arterial – Other,No,No,No,No,No,SILVER HILL RD,458,MARYLAND ROUTE,No,True,No,4/30/2025,No,Point,38.848743145,-76.924664193,PGPARK,03,16,03,No,11,,11:00,2025,Wednesday,12,Motor Vehicle In Transport,05,On Roadway,3,,100,Local,SUITLAND RD,,06,Non-Junction,01,Daylight,4/30/2025,2025-04-30,E,23.42,F,N,,,B7C671BD7779C1FFB42633FBA69F19F8A64AF62341CD6A5D3AAA6E191A2AD242,MD,01,No,,,,,01,Dry,,,,,,,,
Property Damage Crashes,DA349300FH,Prince George's County Police,Unknown,Prince George's,Major Collector,No,No,No,No,No,WINDBROOK DR,3764,COUNTY ROAD,No,True,No,4/1/2025,No,Point,38.724014334,-76.952294250,PGCOPD,99,16,03,No,0,,00:04,2025,Tuesday,97,Not Applicable,01,Gore,5,,,,AMBASSADOR DR PISCATAWAY RD,,99,Unknown,04,Dark - Not Lighted,4/1/2025,2025-04-01,S,47.89,F,N,,,472B7C1E427C983085D7AC7CAF8285CBF77DB73AD797EC88F30B1FDA33B4B5BB,CO,01,No,,,,,09,Wet,,,,,,,,
Injury Crashes,CBPD00320091,Bowie Police Department,Other,Prince George's,,No,No,No,No,No,RACE TRACK RD (WB/L),49,COUNTY ROAD,No,True,No,3/3/2025,No,Point,38.984588389,-76.729821426,BOWIE,98,16,02,No,8,,08:15,2025,Monday,12,Motor Vehicle In Transport,05,On Roadway,,,,,,,03,Driveway Access or Related,01,Daylight,3/3/2025,2025-03-03,N,16.57,F,N,,,703DC13E55AA3614297825C54886B1DE1106B86CC020A6531CDACC7AC10D4DD1,CO,01,No,12,Motor Vehicle In Transport,05,On Roadway,01,Dry,,,,,,,,
Injury Crashes,MSP78390034,Maryland State Police,Front to Front,Prince George's,Local,No,No,No,No,No,NO NAME (NB/L),977,MARYLAND ROUTE,No,True,No,3/17/2025,No,Point,38.898858742,-76.828781153,MSP,02,16,02,No,9,,09:21,2025,Monday,12,Motor Vehicle In Transport,05,On Roadway,7,,,,,,06,Non-Junction,01,Daylight,3/17/2025,2025-03-17,S,105.46,F,N,,,6240A41B5B891F33FCC9FBC739376A8056A634472082BFB4612B98506CFD235E,MD,01,No,,,,,01,Dry,,,,,,,,
Injury Crashes,BW02140019,Greenbelt Police Department,Front to Rear,Prince George's,Minor Arterial,No,No,No,No,No,EDMONSTON AVE,201,MARYLAND ROUTE,No,True,No,3/29/2025,No,Point,39.011704433,-76.892560863,GREENBELT,03,16,02,No,11,04,11:51,2025,Saturday,12,Motor Vehicle In Transport,05,On Roadway,4,Angled/Skewed,,,CHERRYWOOD LA,01,05,Intersection or Related,01,Daylight,3/29/2025,2025-03-29,N,0,F,N,,,204A4BA9D8C83EAA2095CDA956FFB48B74D5C281137BD9DECE1FAF42E60D4C24,MD,01,No,,,,,01,Dry,01,Signalized,,,,,,
Injury Crashes,MSP745300BQ,Maryland State Police,Front to Front,Prince George's,Principal Arterial – Other,No,No,No,No,No,SANDY SPRING RD (WB/L),198,MARYLAND ROUTE,No,True,No,5/7/2025,No,Point,39.101078698,-76.906786553,MSP,02,16,02,Yes,15,04,15:15,2025,Wednesday,12,Motor Vehicle In Transport,05,On Roadway,3,Perpendicular,101,State,BOND MILL RD,03,05,Intersection or Related,01,Daylight,5/7/2025,2025-05-07,S,0,F,N,,,E11DED6CF7C0546DDEF8E1976C016CE79A49567A4224B860810ECD648C1E741B,MD,01,No,41,Utility Pole/Light Support,09,Roadside,01,Dry,01,Signalized,,,,,,
Property Damage Crashes,DA43940016,Prince George's County Police,Other,Prince George's,Local,No,Yes,No,No,No,GORDON AVE,2369,COUNTY ROAD,No,True,No,4/11/2025,No,Point,39.055916526,-76.910595215,PGCOPD,98,16,03,No,6,,06:50,2025,Friday,12,Motor Vehicle In Transport,05,On Roadway,7,,,,AMMENDALE RD (SB/L),,06,Non-Junction,01,Daylight,4/11/2025,2025-04-11,S,10.53,F,N,,,7DF17C5183C1682CFB113A73CECE9818C25007647689E3181F16C6EAFDAC00B3,CO,01,No,10,Construction Equipment,05,On Roadway,01,Dry,,,,,,,,
Property Damage Crashes,DA43520026,Prince George's County Police,Other,Prince George's,Local,No,No,No,No,No,ASBURY DR,3614,COUNTY ROAD,No,True,No,1/11/2025,No,Point,38.7181478,-76.9994642,PGCOPD,98,16,03,No,14,,14:20,2025,Saturday,12,Motor Vehicle In Transport,09,Roadside,7,,,,,,09,Through Roadway,01,Daylight,1/11/2025,2025-01-11,N,69.72,F,N,,,85C65AE7FFCF5AE7A52298E01B65605862D1464144E475FB925774CAEC887924,CO,01,No,,,,,06,Slush,,,,,,,,
Injury Crashes,MSP7839002Q,Maryland State Police,Front to Rear,Prince George's,Interstate,No,No,No,No,No,CAPITAL BELTWAY,495,INTERSTATE ROUTE,No,True,No,3/1/2025,No,Point,39.017828680,-76.962244524,MSP,03,16,02,No,19,,19:41,2025,Saturday,12,Motor Vehicle In Transport,05,On Roadway,1,,,,,,06,Non-Junction,04,Dark - Not Lighted,3/1/2025,2025-03-01,N,367.16,F,N,,,A65B306D0D79B2C57DBB0C7719DF04811CEE4A6E641D0E9446F3861F51F714E7,IS,01,No,,,,,01,Dry,,,,,,,,
Property Damage Crashes,DA40900066,Prince George's County Police,Unknown,Prince George's,Local,No,No,No,No,No,CAREY BRANCH DR,1854,COUNTY ROAD,No,True,No,4/26/2025,No,Point,38.781519127,-76.992825042,PGCOPD,99,16,03,No,16,,16:41,2025,Saturday,12,Motor Vehicle In Transport,05,On Roadway,7,,,,,,09,Through Roadway,01,Daylight,4/26/2025,2025-04-26,N,11.83,F,N,,,3A451AC608D2C5446FBFD3EBDDA16000BD8BAFDBC7EA0042C76EABA981E728BE,CO,01,No,,,,,01,Dry,,,,,,,,
Property Damage Crashes,MSP7765007M,Maryland State Police,"Sideswipe, Same Direction",Prince George's,Interstate,No,No,No,No,No,CAPITAL BELTWAY (SB/L),95,INTERSTATE ROUTE,No,True,No,4/21/2025,No,Point,38.838216167,-76.867995667,MSP,07,16,03,No,12,,12:47,2025,Monday,12,Motor Vehicle In Transport,05,On Roadway,1,,,,,,09,Through Roadway,01,Daylight,4/21/2025,2025-04-21,N,36.39,F,N,,,CD84473F3874C6338053403116E524F59B331AA7A410E80B23BCA15885334E98,IS,01,No,,,,,01,Dry,,,,,,,,
Injury Crashes,MSP745000JQ,Maryland State Police,Single Vehicle,Prince George's,Interstate,No,No,No,No,No,CAPITAL BELTWAY,495,INTERSTATE ROUTE,No,True,No,4/12/2025,No,Point,39.019241153,-76.957835107,MSP,101,16,02,No,4,,04:50,2025,Saturday,32,Guardrail Face,01,Gore,1,,101,State,,,04,Entrance/Exit Ramp or Related,04,Dark - Not Lighted,4/12/2025,2025-04-12,N,38.48,F,N,,,8981C4E731F9C1A03D6842FDBE12D12B47F6724CF5C105E2861E29CA7D2D900C,IS,01,No,32,Guardrail Face,01,Gore,09,Wet,,,,,,,,
Injury Crashes,MSP7776005P,Maryland State Police,Front to Rear,Prince George's,Principal Arterial – Other Freeways and Expressways,No,No,No,No,No,RAMP 3 FR MD 200 EB TO US 1 NB,200,RAMP,No,True,No,3/30/2025,No,Point,39.065886396,-76.880901865,MSP,03,16,02,No,21,,21:38,2025,Sunday,12,Motor Vehicle In Transport,05,On Roadway,2,,,,,,06,Non-Junction,03,Dark - Lighted,3/30/2025,2025-03-30,S,41.1,F,N,,,54307948272BC32C09273A296258F56402E21B5810F3B080B3C3D33A25D86B83,RP,01,No,,,,,01,Dry,,,,,,,,
Property Damage Crashes,DA3351001Z,Prince George's County Police,Front to Rear,Prince George's,Principal Arterial – Other,No,No,No,No,No,LAUREL BOWIE RD,197,MARYLAND ROUTE,No,True,No,5/3/2025,No,Point,39.064538833,-76.839386319,PGCOPD,03,16,03,No,21,,21:20,2025,Saturday,12,Motor Vehicle In Transport,05,On Roadway,3,,,,,,06,Non-Junction,03,Dark - Lighted,5/3/2025,2025-05-03,S,3.47,F,N,,,1B93F62A471EB82EC8D46CFD7A489283A19E733C2BE4822FA4B6A6642BB37A79,MD,01,No,,,,,01,Dry,,,,,,,,
Property Damage Crashes,DA43930013,Prince George's County Police,"Sideswipe, Same Direction",Prince George's,Minor Arterial,No,No,No,No,No,ANNAPOLIS RD (WB/L),450,MARYLAND ROUTE,No,True,No,2/13/2025,No,Point,38.951910599,-76.884990357,PGCOPD,07,16,03,Unknown,14,,14:32,2025,Thursday,12,Motor Vehicle In Transport,05,On Roadway,4,,,,,,99,Unknown,01,Daylight,2/13/2025,2025-02-13,W,107.29,F,N,,,8887C522A2839CEFBB88675C271E3A3451C3230F7D35F792D10322930415BF2B,MD,01,No,,,,,99,Unknown,,,,,,,,
Property Damage Crashes,DA3173005D,Prince George's County Police,Front to Rear,Prince George's,Minor Arterial,No,No,No,No,No,,212,MARYLAND ROUTE,No,True,No,2/15/2025,No,Point,39.036569193,-76.909488770,PGCOPD,03,16,03,No,14,,14:30,2025,Saturday,12,Motor Vehicle In Transport,05,On Roadway,4,,,,,,06,Non-Junction,01,Daylight,2/15/2025,2025-02-15,N,37.94,F,N,,,11D57ACCF5F4C691999C6DD972D8DF998959401BB2FCAD6E19864CE137634316,MD,01,No,,,,,09,Wet,,,,,,,,
Property Damage Crashes,DA380100DW,Prince George's County Police,"Sideswipe, Same Direction",Prince George's,Principal Arterial – Other,No,No,No,No,No,EAST WEST HWY (WB/L),410,MARYLAND ROUTE,No,True,No,2/17/2025,No,Point,38.972188691,-76.979471530,PGCOPD,07,16,03,No,22,,22:00,2025,Monday,12,Motor Vehicle In Transport,05,On Roadway,3,,,,,,06,Non-Junction,03,Dark - Lighted,2/17/2025,2025-02-17,S,44.16,F,N,,,D0C594C3FF61EA537EBDB19D7F062579C1D01321EA012223294419B83EF730DB,MD,01,No,,,,,01,Dry,,,,,,,,
Property Damage Crashes,DA44000012,Prince George's County Police,Front to Rear,Prince George's,Local,No,No,No,No,No,HENSON VALLEY WAY,3499,COUNTY ROAD,No,True,No,3/21/2025,No,Point,38.790127275,-76.966035924,PGCOPD,03,16,03,Unknown,9,,09:06,2025,Friday,15,Parked Vehicle,05,On Roadway,7,,,,,,99,Unknown,99,Unknown,3/21/2025,2025-03-21,S,30.63,F,N,,,9C447248151F2EC4295135BD20C935C6A37A6DB2162857941907AE9966A1DDFA,CO,01,No,,,,,99,Unknown,,,,,,,,
Property Damage Crashes,DA44210023,Prince George's County Police,Angle,Prince George's,Principal Arterial – Other Freeways and Expressways,No,No,No,No,No,BRANCH AVE,5,MARYLAND ROUTE,No,True,No,5/5/2025,No,Point,38.727960549,-76.881232513,PGCOPD,01,16,03,Yes,12,,12:00,2025,Monday,12,Motor Vehicle In Transport,05,On Roadway,2,,,,EARNSHAW DR,,09,Through Roadway,01,Daylight,5/5/2025,2025-05-05,N,5.06,F,N,,,D49B3B09C264395D67364C50E6497671A8EECADC2673006E5CE582716FE81DE3,MD,01,No,,,,,01,Dry,,,,,,,,
Property Damage Crashes,MSP7416000Z,Maryland State Police,Front to Rear,Prince George's,Principal Arterial – Other Freeways and Expressways,No,No,No,No,No,JOHN HANSON HWY (WB/L),50,UNITED STATE ROUTE,No,True,No,2/26/2025,No,Point,38.918507496,-76.913285435,MSP,03,16,03,No,6,,06:07,2025,Wednesday,12,Motor Vehicle In Transport,05,On Roadway,2,,,,,,09,Through Roadway,01,Daylight,2/26/2025,2025-02-26,N,72.71,F,N,,,BDB68230C1C3B25BA70C9B6408B124586117EC78154CDA34313EB62A6EF67475,US,01,No,,,,,01,Dry,,,,,,,,
Injury Crashes,MSP7664008P,Maryland State Police,Front to Rear,Prince George's,Interstate,No,No,No,No,No,CAPITAL BELTWAY (SB/L),95,INTERSTATE ROUTE,No,True,No,2/3/2025,No,Point,38.867971978,-76.845221821,MSP,03,16,02,No,19,,19:53,2025,Monday,12,Motor Vehicle In Transport,05,On Roadway,1,,,,,,09,Through Roadway,04,Dark - Not Lighted,2/3/2025,2025-02-03,S,40.49,F,N,,,ABD37E320C3CFB06DEC821AC0EFAE1680507FE4BE1F576AEA768E4B3517C1B0C,IS,01,No,,,,,01,Dry,,,,,,,,
Injury Crashes,CNC3185001C,New Carrollton Police Department,Front to Front,Prince George's,Minor Arterial,No,No,No,No,No,ANNAPOLIS RD (WB/L),450,MARYLAND ROUTE,No,True,No,5/9/2025,No,Point,38.959451043,-76.866359901,NCPD,02,16,02,No,13,,13:22,2025,Friday,12,Motor Vehicle In Transport,05,On Roadway,4,,,,,,01,Acceleration/Deceleration Lane,01,Daylight,5/9/2025,2025-05-09,N,9.56,F,N,,,2A3B7B6615B02893ABB02AB5EC41B4363FC35CB81774AC23B32C3027BD31318B,MD,01,No,,,,,09,Wet,,,,,,,,
Property Damage Crashes,CE5221002P,Laurel Police Department,Front to Front,Prince George's,,No,No,No,No,No,CONTEE RD,2201,LOCAL ROAD,Yes,True,No,1/28/2025,No,Point,39.080787652,-76.881577369,LAUREL,02,16,03,Yes,14,,14:46,2025,Tuesday,12,Motor Vehicle In Transport,05,On Roadway,,,,,,,02,Crossover-Related,01,Daylight,1/28/2025,2025-01-28,E,20.2,F,N,,,25BFD58447B29D6EACDE6B46027E183BB36F6C8DC4D17DC53D4A66FC8F74D199,LL,01,No,,,,,01,Dry,,,,,,,,
Property Damage Crashes,MSP744200QQ,Maryland State Police,Front to Rear,Prince George's,Interstate,No,No,No,No,No,NO NAME (SB/L),95,INTERSTATE ROUTE,No,True,No,1/23/2025,No,Point,39.021648017,-76.943333627,MSP,03,16,03,Yes,18,,18:35,2025,Thursday,12,Motor Vehicle In Transport,05,On Roadway,1,,,,,,09,Through Roadway,03,Dark - Lighted,1/23/2025,2025-01-23,E,12.46,F,N,,,CA81E7886D521077C799369FD957FADA79E66A37A60579C98AA522EEE90B38CB,IS,01,No,,,,,01,Dry,,,,,,,,
Injury Crashes,DA43350046,Prince George's County Police,Front to Front,Prince George's,Principal Arterial – Other,No,No,No,No,No,BRANCH AVE (SB/L),5,MARYLAND ROUTE,Yes,True,No,5/1/2025,No,Point,38.853127117,-76.956526000,PGCOPD,02,16,02,No,14,,14:00,2025,Thursday,12,Motor Vehicle In Transport,05,On Roadway,3,,,,,,06,Non-Junction,01,Daylight,5/1/2025,2025-05-01,N,1.87,F,N,,,9B040C49EF8EBDBF70D6AE550E22C63018C456A7A3B29F45E2679EC63E4166F6,MD,01,No,,,,,01,Dry,,,,,,,,
Property Damage Crashes,AM03640026,Bladensburg Police Department,Rear To Side,Prince George's,,No,No,No,No,Yes,,,,No,True,No,1/26/2025,No,Point,38.939087242,-76.923742537,BLADENSBURG,05,16,03,,16,,16:15,2025,Sunday,12,Motor Vehicle In Transport,02,In Parking Lane Or Zone,,,,,,,,,01,Daylight,1/26/2025,2025-01-26,,,F,N,102,Parking Lot Way,,,01,No,,,,,,,,,,,,,,
Injury Crashes,DA4358002X,Prince George's County Police,Angle,Prince George's,Minor Arterial,No,No,No,No,No,BOCK RD,148,COUNTY ROAD,No,True,No,5/2/2025,No,Point,38.798997469,-76.978961674,PGCOPD,01,16,02,No,8,03,08:08,2025,Friday,12,Motor Vehicle In Transport,05,On Roadway,4,Perpendicular,,,,03,05,Intersection or Related,01,Daylight,5/2/2025,2025-05-02,S,0,F,N,,,FAEB61459E132A7C5D6C4A873664A0B4B2D52495ED42E6483DCDB1B491076542,CO,01,No,,,,,01,Dry,05,No Controls,,,,,,
Property Damage Crashes,AT10390004,Capitol Heights Police Department,"Sideswipe, Same Direction",Prince George's,Local,No,No,No,No,No,BROOKE RD,2153,COUNTY ROAD,No,True,No,3/21/2025,No,Point,38.878505405,-76.913577223,CAPITOLHEIGHTS,07,16,03,No,16,,16:10,2025,Friday,12,Motor Vehicle In Transport,05,On Roadway,7,,,,,,06,Non-Junction,01,Daylight,3/21/2025,2025-03-21,E,53.25,F,N,,,FD848C1079FFA2010D24DA9B1E2F1E7669390FA6427A008A91D3EFB1EE75592F,CO,01,No,,,,,01,Dry,,,,,,,,
Property Damage Crashes,DA3442004F,Prince George's County Police,Front to Rear,Prince George's,Local,No,No,No,No,No,BERKSHIRE DR,1239,COUNTY ROAD,No,True,No,2/24/2025,No,Point,38.963982471,-76.998410029,PGCOPD,03,16,03,No,7,,07:00,2025,Monday,12,Motor Vehicle In Transport,05,On Roadway,7,,,,,,09,Through Roadway,03,Dark - Lighted,2/24/2025,2025-02-24,S,40.55,F,N,,,5D3256DCEB7523598D52CA7416FB2D7A08F12C7AAD86C2E9B58BFA073D32527A,CO,01,No,,,,,01,Dry,,,,,,,,
Property Damage Crashes,DA4301003W,Prince George's County Police,Angle,Prince George's,,No,No,No,No,No,,416,COUNTY ROAD,No,True,No,3/27/2025,No,Point,38.739969503,-76.997817321,PGCOPD,01,16,03,No,8,,08:17,2025,Thursday,12,Motor Vehicle In Transport,05,On Roadway,,,,,,,06,Non-Junction,01,Daylight,3/27/2025,2025-03-27,E,2025.26,F,N,,,F8677A86BEAECB44BF15C924EB111C24E384FDBCC6E1D97C90FD08342FFA0F46,CO,01,No,,,,,01,Dry,,,,,,,,
Property Damage Crashes,DA3597004L,Prince George's County Police,Front to Rear,Prince George's,Major Collector,No,No,No,No,No,BRANDYWINE RD,381,MARYLAND ROUTE,No,True,No,5/28/2025,No,Point,38.699209811,-76.868710020,PGCOPD,03,16,03,Yes,11,04,11:35,2025,Wednesday,12,Motor Vehicle In Transport,05,On Roadway,5,Perpendicular,,,BRANDYWINE RD CRAIN HWY (SB/L),03,05,Intersection or Related,01,Daylight,5/28/2025,2025-05-28,S,0,F,N,,,AF0288D0558957903BB60FF88C5737C7427BFF81C198470B1196A5DB7FCB2D40,MD,01,No,,,,,09,Wet,01,Signalized,,,,,,
Injury Crashes,DA4379001Y,Prince George's County Police,Other,Prince George's,Principal Arterial – Other,No,No,No,Yes,No,EAST WEST HWY (WB/L),410,MARYLAND ROUTE,No,True,No,6/4/2025,No,Point,38.971177571,-76.978312050,PGCOPD,98,16,02,No,10,,10:20,2025,Wednesday,12,Motor Vehicle In Transport,04,"Off-Roadway, Location Unknown",3,,,,,,01,Acceleration/Deceleration Lane,01,Daylight,6/4/2025,2025-06-04,W,42.58,F,N,,,C925B9E76C62DA092A758AABE744DE91D09E7222F95CC40234E87C728F985807,MD,01,No,,,,,01,Dry,,,,,,,,
Property Damage Crashes,MSP6859008B,Maryland State Police,Front to Front,Prince George's,Principal Arterial – Other,No,Yes,No,No,No,LARGO RD,202,MARYLAND ROUTE,No,True,No,2/5/2025,No,Point,38.821965154,-76.746661616,MSP,02,16,03,No,14,,14:16,2025,Wednesday,12,Motor Vehicle In Transport,05,On Roadway,3,,,,,,06,Non-Junction,01,Daylight,2/5/2025,2025-02-05,S,94.94,F,N,,,9E5FB61FD904329109A16F40ED3770946605F223466FAD021B1E3C54970732E2,MD,01,No,12,Motor Vehicle In Transport,05,On Roadway,01,Dry,,,,,,,,
Property Damage Crashes,DA40740083,Prince George's County Police,Angle,Prince George's,,No,No,No,No,Yes,,,,No,True,No,5/9/2025,No,Point,38.811315559,-76.970083435,PGCOPD,01,16,03,,7,,07:00,2025,Friday,15,Parked Vehicle,02,In Parking Lane Or Zone,,,,,,,,,01,Daylight,5/9/2025,2025-05-09,,,F,N,102,Parking Lot Way,,,01,No,,,,,,,,,,,,,,
Property Damage Crashes,DS0502000T,University of Maryland Police College Park,Front to Front,Prince George's,,No,Yes,No,No,Yes,,,,No,True,No,5/9/2025,No,Point,39.003607599,-76.942439893,UMCP,02,16,03,,16,,16:15,2025,Friday,12,Motor Vehicle In Transport,05,On Roadway,,,,,,,,,01,Daylight,5/9/2025,2025-05-09,,,F,N,100,Parking Stall,,,01,No,,,,,,,,,,,,,,
Property Damage Crashes,MSP7664009X,Maryland State Police,Single Vehicle,Prince George's,Interstate,Yes,No,No,No,No,CAPITAL BELTWAY,95,INTERSTATE ROUTE,No,True,No,4/5/2025,No,Point,38.817884887,-76.942304830,MSP,101,16,03,No,1,,01:28,2025,Saturday,32,Guardrail Face,09,Roadside,1,,101,State,,,09,Through Roadway,04,Dark - Not Lighted,4/5/2025,2025-04-05,E,26.08,F,N,,,75E1B8CA6FAB7DF0E91928FD0E2500284D1994C932B6FE8125EE01E154FF9492,IS,01,No,,,,,01,Dry,,,,,,,,
Property Damage Crashes,MSP78750052,Maryland State Police,"Sideswipe, Same Direction",Prince George's,Principal Arterial – Other,No,No,No,No,No,CRAIN HWY (SB/L),301,UNITED STATE ROUTE,No,True,No,5/29/2025,No,Point,38.685518333,-76.872361667,MSP,07,16,03,No,15,,15:14,2025,Thursday,12,Motor Vehicle In Transport,05,On Roadway,3,,,,,,06,Non-Junction,01,Daylight,5/29/2025,2025-05-29,W,8.42,F,N,,,9D5640C1A31CB63C437A83F775B7BEF0FB1134A6B43F005C7C75A957DB7B81E9,US,01,No,,,,,01,Dry,,,,,,,,
Property Damage Crashes,CE4850008R,Laurel Police Department,Single Vehicle,Prince George's,,No,No,No,No,Yes,,,,No,True,No,5/13/2025,No,Point,39.095451007,-76.857789792,LAUREL,101,16,03,,21,,21:35,2025,Tuesday,35,"Other Fixed Object (wall, building, tunnel, etc.)",99,Unknown,,,,,,,,,03,Dark - Lighted,5/13/2025,2025-05-13,,,F,N,102,Parking Lot Way,,,01,No,,,,,,,,,,,,,,
Property Damage Crashes,DA404800GP,Prince George's County Police,Front to Rear,Prince George's,Major Collector,No,No,No,No,No,OXON HILL RD,114,COUNTY ROAD,No,True,No,1/4/2025,No,Point,38.766134057,-77.005332975,PGCOPD,03,16,03,No,22,,22:45,2025,Saturday,15,Parked Vehicle,07,"On Shoulder, Right Side",5,,,,,,06,Non-Junction,03,Dark - Lighted,1/4/2025,2025-01-04,S,10.26,F,N,,,753458114FD0F68C1DD492F8308424AEDD66D0E2A0FEB021B9E11E8CD35BDA54,CO,01,No,15,Parked Vehicle,07,"On Shoulder, Right Side",01,Dry,,,,,,,,
Property Damage Crashes,DA4429000D,Prince George's County Police,Single Vehicle,Prince George's,,No,No,No,No,Yes,,,,No,True,No,2/4/2025,No,Point,38.926133488,-76.886570242,PGCOPD,101,16,03,,1,,01:00,2025,Tuesday,35,"Other Fixed Object (wall, building, tunnel, etc.)",04,"Off-Roadway, Location Unknown",,,,,,,,,03,Dark - Lighted,2/4/2025,2025-02-04,,,F,N,102,Parking Lot Way,,,01,No,,,,,,,,,,,,,,
Property Damage Crashes,DA4274007B,Prince George's County Police,Front to Front,Prince George's,Principal Arterial – Other Freeways and Expressways,No,No,No,No,No,INDIAN HEAD HWY (SB/L),210,MARYLAND ROUTE,No,True,No,1/24/2025,No,Point,38.742698695,-76.991895165,PGCOPD,02,16,03,Yes,22,03,22:27,2025,Friday,12,Motor Vehicle In Transport,05,On Roadway,2,Angled/Skewed,,,FORT WASHINGTON RD,01,05,Intersection or Related,03,Dark - Lighted,1/24/2025,2025-01-24,S,0,F,N,,,E57DED6CF91B89F7AB3B0F552DAD1AF9630E380F3250AB4D21A004F6820A8A32,MD,01,No,,,,,01,Dry,01,Signalized,,,,,,
Injury Crashes,DJ0156001J,Seat Pleasant Police Department,Front to Front,Prince George's,Local,No,No,No,No,No,NO NAME,332,MARYLAND ROUTE,No,True,No,1/23/2025,No,Point,38.886841169,-76.901723714,SEATPLEASANT,02,16,02,Yes,15,04,15:03,2025,Thursday,12,Motor Vehicle In Transport,05,On Roadway,7,Perpendicular,,,E CAPITOL ST,03,05,Intersection or Related,01,Daylight,1/23/2025,2025-01-23,S,0,F,N,,,77C1F9C6E68560E733258BCD1E2593553557256052BE1C853DD075410CA326EF,MD,01,No,12,Motor Vehicle In Transport,05,On Roadway,01,Dry,01,Signalized,,,,,,
Property Damage Crashes,MSP744200SV,Maryland State Police,Angle,Prince George's,Principal Arterial – Other,No,No,No,No,No,BALTIMORE AVE,1,UNITED STATE ROUTE,No,True,No,5/14/2025,No,Point,39.029139499,-76.915640981,MSP,01,16,03,No,4,,04:07,2025,Wednesday,12,Motor Vehicle In Transport,05,On Roadway,3,,,,,,09,Through Roadway,04,Dark - Not Lighted,5/14/2025,2025-05-14,N,19.62,F,N,,,38561D015E993A17F7875F80570DBCC2AFA1C47B7DE3B81AC841368CBDA46C5D,US,01,No,27,Curb,09,Roadside,09,Wet,,,,,,,,