Crash Severity Description,Reportnumber,Agencyname,CollisionImpact Description,Crash County Description,FunctionalClass Description,ImpairedCrash,Large Vehicle Involved,Motorcycle Crash,Non-Motorist Crash,OffRoad,RoadName,Route Number,RouteType Description,Unrestrained Occupants,WithinDateRange,Work Zone Related,Crashdate,Work Zone Crash,CrashPoint,Latitude,Longitude,AgencyCode,CollisionImpact,Crash County,Crash Severity,Crash Within Interchange,Crashhour,CrashInterchangeApproaches,Crashtime,CrashYear,Dayofweek,FirstHarmEvent,FirstHarmEvent Description,FirstHarmLocation,FirstHarmLocation Description,FunctionalClass,Geometry Description,GovPropertyDamage,GovPropertyDamage Description,IntersectingRoadName,Intersection Geometry,JunctionRelated,JunctionRelated Description,Light,Light Description,LOD Crash Date,LOD Date Level,MilepointDirection,MilepointDistance,MilepointUnits,NonTrafficFatal,OffroadLocation,OffroadLocation Description,RoadID,RouteType,SchoolBusRelated,SchoolBusRelated Description,SecondHarmEvent,SecondHarmEvent Description,SecondHarmLocation,SecondHarmLocation Description,Surface,Surface Description,TrafficControl,Trafficcontrol Description,WZLawEnforcementPresent,WZLocation,WZLocation Description,WZType,WZType Description,WZWorkersPresent
Property Damage Crashes,DA37290096,Prince George's County Police,"Sideswipe, Opposite Direction",Prince George's,Major Collector,No,No,No,No,No,SURRATTS RD,130,COUNTY ROAD,No,True,No,1/10/2025,No,Point,38.746022393,-76.873285953,PGCOPD,06,16,03,No,16,,16:52,2025,Friday,12,Motor Vehicle In Transport,05,On Roadway,5,,,,,,06,Non-Junction,03,Dark - Lighted,1/10/2025,2025-01-10,S,21.87,F,N,,,E41276262F553D7135441872C37EA6554DCA55D36DCC5436304C146006F6DAFA,CO,01,No,,,,,01,Dry,,,,,,,,
Property Damage Crashes,MSP78750024,Maryland State Police,Front to Rear,Prince George's,Principal Arterial – Other,No,No,No,No,No,CRAIN HWY (SB/L),301,UNITED STATE ROUTE,No,True,No,2/19/2025,No,Point,38.67228,-76.87624,MSP,03,16,03,No,22,,22:52,2025,Wednesday,12,Motor Vehicle In Transport,05,On Roadway,3,,,,,,06,Non-Junction,04,Dark - Not Lighted,2/19/2025,2025-02-19,S,51.73,F,N,,,6DA6B92AFCE297E9BE4DB1A81E545BF867C4CFB231BAD598380C2A9995FFE1E1,US,01,No,,,,,01,Dry,,,,,,,,
Property Damage Crashes,DA43540035,Prince George's County Police,Angle,Prince George's,Minor Arterial,No,No,No,No,No,ANNAPOLIS RD (WB/L),450,MARYLAND ROUTE,No,True,No,1/29/2025,No,Point,38.952408449,-76.884200159,PGCOPD,01,16,03,No,17,,17:52,2025,Wednesday,12,Motor Vehicle In Transport,05,On Roadway,4,,,,,,09,Through Roadway,05,Dark - Unknown Lighting,1/29/2025,2025-01-29,E,11.11,F,N,,,EDDAAA1D0004ADE56CCC93480F7DA95FD593BB4B29532046235CCAD0E3E60DD1,MD,01,No,12,Motor Vehicle In Transport,05,On Roadway,01,Dry,,,,,,,,
Property Damage Crashes,CE4850008K,Laurel Police Department,Front to Rear,Prince George's,Principal Arterial – Other,No,No,No,No,No,,1,UNITED STATE ROUTE,No,True,No,3/23/2025,No,Point,39.076366650,-76.868227370,LAUREL,03,16,03,No,12,,12:30,2025,Sunday,12,Motor Vehicle In Transport,05,On Roadway,3,,,,,,01,Acceleration/Deceleration Lane,01,Daylight,3/23/2025,2025-03-23,E,38.17,F,N,,,5D75A414DB90D41EE69E6412AE10CB91930405E35F340ED06333F80224BB877A,US,01,No,,,,,01,Dry,,,,,,,,
Property Damage Crashes,DS0498000D,University of Maryland Police College Park,Front to Rear,Prince George's,Principal Arterial – Other,Yes,No,No,No,No,BALTIMORE AVE (SB/L),1,UNITED STATE ROUTE,No,True,No,1/17/2025,No,Point,38.988705121,-76.935176634,UMCP,03,16,03,No,17,04,17:32,2025,Friday,12,Motor Vehicle In Transport,05,On Roadway,3,Perpendicular,,,CAMPUS DR (WB/L),03,05,Intersection or Related,03,Dark - Lighted,1/17/2025,2025-01-17,S,0,F,N,,,B033844A14536C120C422191B3D90A930C97C6DB16BCCE04857B688C58295616,US,01,No,12,Motor Vehicle In Transport,05,On Roadway,01,Dry,01,Signalized,,,,,,
Property Damage Crashes,MSP7764007P,Maryland State Police,"Sideswipe, Same Direction",Prince George's,Minor Arterial,No,Yes,No,No,No,COLLINGTON RD,197,MARYLAND ROUTE,No,True,No,2/26/2025,No,Point,38.956686708,-76.745421982,MSP,07,16,03,No,14,,14:24,2025,Wednesday,12,Motor Vehicle In Transport,05,On Roadway,4,,,,,,09,Through Roadway,01,Daylight,2/26/2025,2025-02-26,S,10.75,F,N,,,8A27DD10AD0AD6196E595CEF7B638CB0EB6645EDF7E7561198E23EF229330BC2,MD,01,No,,,,,01,Dry,,,,,,,,
Property Damage Crashes,DA43630018,Prince George's County Police,"Sideswipe, Same Direction",Prince George's,Minor Arterial,No,No,No,No,No,ANNAPOLIS RD,450,MARYLAND ROUTE,No,True,No,5/22/2025,No,Point,38.963537069,-76.858739684,PGCOPD,07,16,03,No,14,,14:35,2025,Thursday,12,Motor Vehicle In Transport,05,On Roadway,4,,,,,,09,Through Roadway,01,Daylight,5/22/2025,2025-05-22,E,19.53,F,N,,,3095DE7F66B5748079B0C445E3276B35FA6B635AF2596E519069EE1E746F3BC2,MD,01,No,,,,,09,Wet,,,,,,,,
Property Damage Crashes,MSP76570087,Maryland State Police,Single Vehicle,Prince George's,Interstate,No,No,No,No,No,RAMP 7 FR IS 95 WB TO FORESTVILLE RD SB,95,RAMP,No,True,No,5/3/2025,No,Point,38.82723835,-76.880202483,MSP,101,16,03,No,11,,11:50,2025,Saturday,32,Guardrail Face,06,"On Shoulder, Left Side",1,,101,State,,,04,Entrance/Exit Ramp or Related,01,Daylight,5/3/2025,2025-05-03,S,27.81,F,N,,,D2DE47E87BADCA838A126C20BB4ABDDAF2B678B0E6000174D174AA5F5ECAA522,RP,01,No,,,,,01,Dry,,,,,,,,
Property Damage Crashes,MSP585801H3,Maryland State Police,Front to Rear,Prince George's,Principal Arterial – Other,No,No,No,No,No,CRAIN HWY (SB/L),301,UNITED STATE ROUTE,No,True,No,4/23/2025,No,Point,38.677829648,-76.875510583,MSP,03,16,03,No,16,,16:35,2025,Wednesday,12,Motor Vehicle In Transport,05,On Roadway,3,,,,,,09,Through Roadway,01,Daylight,4/23/2025,2025-04-23,S,10.84,F,N,,,9CEC143A0C4DEA5DA5FED7E3C9824F90283724026E5F22DD2C6C86521A36D3AB,US,01,No,,,,,01,Dry,,,,,,,,
Property Damage Crashes,DA43160057,Prince George's County Police,Other,Prince George's,Local,No,No,No,No,No,CONTEE RD,6,COUNTY ROAD,Yes,True,No,4/26/2025,No,Point,39.089316393,-76.884651166,PGCOPD,98,16,03,No,17,02,17:55,2025,Saturday,12,Motor Vehicle In Transport,05,On Roadway,7,Perpendicular,,,MAYFAIR DR OLIVE BRANCH WAY,03,05,Intersection or Related,01,Daylight,4/26/2025,2025-04-26,N,0,F,N,,,7A6F602040552DCEDB33E9937B101500F57228FBF833934EA0B1047E17A04644,CO,01,No,12,Motor Vehicle In Transport,05,On Roadway,01,Dry,03,Stop - Partial,,,,,,
Property Damage Crashes,MSP697200GN,Maryland State Police,Single Vehicle,Prince George's,Interstate,No,No,No,No,No,CAPITAL BELTWAY,495,INTERSTATE ROUTE,No,True,No,4/19/2025,No,Point,39.019063471,-76.959382298,MSP,101,16,03,No,6,,06:56,2025,Saturday,09,Animal (live),05,On Roadway,1,,,,,,06,Non-Junction,100,Dawn,4/19/2025,2025-04-19,W,18.17,F,N,,,4ABD6385DB47CA406239B68ABA03677CEE5DE3E99D83B05A70A9EA8F66B73B1A,IS,01,No,,,,,01,Dry,,,,,,,,
Injury Crashes,CC02990019,Hyattsville Police Department,Single Vehicle,Prince George's,,No,No,No,Yes,No,BELCREST CENTER DR,2281,LOCAL ROAD,No,True,No,3/4/2025,No,Point,38.965802957,-76.955615973,HYATTSVILLE,101,16,02,No,16,,16:53,2025,Tuesday,17,Pedestrian,05,On Roadway,,,,,,,06,Non-Junction,01,Daylight,3/4/2025,2025-03-04,W,44.04,F,N,,,4887C8505AA77609E2E932AFDC96198921B31A5249F681E2374F235367A4D299,LL,01,No,,,,,01,Dry,,,,,,,,
Property Damage Crashes,DA4301003N,Prince George's County Police,Front to Rear,Prince George's,,No,No,No,No,No,,122,COUNTY ROAD,No,True,No,1/23/2025,No,Point,38.803923968,-76.918354155,PGCOPD,03,16,03,No,9,,09:23,2025,Thursday,12,Motor Vehicle In Transport,04,"Off-Roadway, Location Unknown",,,,,,,06,Non-Junction,01,Daylight,1/23/2025,2025-01-23,W,1181.1,F,N,,,9E66189540D46A9907EF55D8D222761B2B6956AA5CE8D064C4968044AEE3B392,CO,01,No,,,,,01,Dry,,,,,,,,
Property Damage Crashes,DA393900G7,Prince George's County Police,Angle,Prince George's,Principal Arterial – Other Freeways and Expressways,No,Yes,No,No,No,SUITLAND PKWY,119,GOVERNMENT ROAD,No,True,No,1/6/2025,No,Point,38.830696110,-76.876527304,PGCOPD,01,16,03,Yes,21,,21:00,2025,Monday,12,Motor Vehicle In Transport,05,On Roadway,2,,,,FORESTVILLE RD,,02,Crossover-Related,03,Dark - Lighted,1/6/2025,2025-01-06,E,26.36,F,N,,,482974F819D57114FD52352B1CAEA64A36D1523B3DB28405A3AA6CDA3F5EE73E,GV,01,No,,,,,07,Snow,,,,,,,,
Property Damage Crashes,MSP76570074,Maryland State Police,Front to Rear,Prince George's,Interstate,No,No,No,No,No,CAPITAL BELTWAY (SB LOCAL),95,INTERSTATE ROUTE,No,True,No,1/22/2025,No,Point,38.806038383,-76.993346208,MSP,03,16,03,No,5,,05:55,2025,Wednesday,12,Motor Vehicle In Transport,05,On Roadway,1,,,,,,06,Non-Junction,03,Dark - Lighted,1/22/2025,2025-01-22,S,8.47,F,N,,,9A4570A20614C52885F0E0928037D8B1B9B5013ED019F033740B9FEDAD95402F,IS,01,No,,,,,01,Dry,,,,,,,,
Property Damage Crashes,CE5357000S,Laurel Police Department,Angle,Prince George's,,No,No,No,No,No,,324,LOCAL ROAD,No,True,No,3/21/2025,No,Point,39.096093325,-76.852144614,LAUREL,01,16,03,No,15,,15:12,2025,Friday,12,Motor Vehicle In Transport,05,On Roadway,,,,,,,06,Non-Junction,01,Daylight,3/21/2025,2025-03-21,N,17.98,F,N,,,D6B90F9B3AF63320C5E231F9FDFDFCF8EE232F54F07BEDBB7DD291B98F411E02,LL,01,No,,,,,01,Dry,,,,,,,,
Property Damage Crashes,DA390800B5,Prince George's County Police,Front to Rear,Prince George's,Major Collector,No,No,No,No,No,OWENS RD,112,COUNTY ROAD,Yes,True,No,3/21/2025,No,Point,38.817922337,-76.981230187,PGCOPD,03,16,03,No,9,,09:03,2025,Friday,12,Motor Vehicle In Transport,05,On Roadway,5,,,,,,06,Non-Junction,01,Daylight,3/21/2025,2025-03-21,W,4.05,F,N,,,8CCFFE7F8591F001D8A3E18E598758EFEA7A9686B9777ED41AF83E6F89FDC018,CO,01,No,,,,,01,Dry,,,,,,,,
Property Damage Crashes,AZ1747000Z,Cheverly Police Department,"Sideswipe, Same Direction",Prince George's,Major Collector,No,No,No,No,No,57TH AVE,258,COUNTY ROAD,No,True,No,4/30/2025,No,Point,38.936208538,-76.919689903,CHEVERLY,07,16,03,No,18,,18:55,2025,Wednesday,12,Motor Vehicle In Transport,05,On Roadway,5,,,,LANDOVER RD,,01,Acceleration/Deceleration Lane,01,Daylight,4/30/2025,2025-04-30,N,101.09,F,N,,,D221A3634A69C4C6F7409666A44BF27ADE337FA123AE6E5CCCCCCDB865CB6570,CO,01,No,,,,,01,Dry,,,,,,,,
Injury Crashes,CC0301000J,Hyattsville Police Department,Single Vehicle,Prince George's,Principal Arterial – Other,No,No,No,Yes,No,EAST WEST HWY (WB/L),410,MARYLAND ROUTE,No,True,No,5/13/2025,No,Point,38.966958124,-76.959583233,HYATTSVILLE,101,16,02,No,9,,09:44,2025,Tuesday,17,Pedestrian,05,On Roadway,3,,,,,,06,Non-Junction,01,Daylight,5/13/2025,2025-05-13,E,5.43,F,N,,,1766DD6DCC38152EC3C7FEF4F282CA54AD050BAE59E99AF86D11B9C5219A0307,MD,01,No,17,Pedestrian,05,On Roadway,09,Wet,,,,,,,,
Property Damage Crashes,MSP744700P5,Maryland State Police,Front to Rear,Prince George's,Interstate,No,Yes,No,No,No,CAPITAL BELTWAY (SB/L),95,INTERSTATE ROUTE,No,True,No,4/30/2025,No,Point,38.806926147,-76.984178857,MSP,03,16,03,Yes,6,,06:18,2025,Wednesday,12,Motor Vehicle In Transport,05,On Roadway,1,,,,CAPITAL BELTWAY (SB LOCAL),,09,Through Roadway,01,Daylight,4/30/2025,2025-04-30,S,12.47,F,N,,,CBA7254F14A204BEF43E2BBBF0F9D24E7A7DC03C17B0C1AD5100CC733C238852,IS,01,No,,,,,01,Dry,,,,,,,,
Property Damage Crashes,DA309400BN,Prince George's County Police,Other,Prince George's,Principal Arterial – Other,No,No,No,No,No,GREENBELT RD (WB/L),193,MARYLAND ROUTE,No,True,No,2/14/2025,No,Point,38.988361495,-76.817993711,PGCOPD,98,16,03,Yes,7,04,07:30,2025,Friday,12,Motor Vehicle In Transport,05,On Roadway,3,Perpendicular,,,LANHAM SEVERN RD (WB/L),03,05,Intersection or Related,01,Daylight,2/14/2025,2025-02-14,S,0,F,N,,,81BAD31A202F81F3A2C4174DF019E120836FC4960B840789A29078C71B3E5366,MD,01,No,,,,,02,Ice/Frost,01,Signalized,,,,,,
Injury Crashes,BP94120032,Forest Heights Police Department,Front to Front,Prince George's,Interstate,No,No,No,No,No,CAPITAL BELTWAY (SB/L),95,INTERSTATE ROUTE,Yes,True,No,2/17/2025,No,Point,38.795848367,-77.013732427,FORESTHEIGHTS,02,16,02,No,11,,11:33,2025,Monday,12,Motor Vehicle In Transport,05,On Roadway,1,,,,RAMP 13 FR RAMP 1 TO RP 2 (TO IS 295 NB),,01,Acceleration/Deceleration Lane,98,Other,2/17/2025,2025-02-17,W,14.19,F,N,,,8161632AE9B2D131C5532AF1D11F4E9B3E1CA8C89A659FBF8715D4119ECC6E47,IS,01,No,,,,,01,Dry,,,,,,,,
Injury Crashes,BM93700001,Fairmount Heights Police Department,Front to Front,Prince George's,Major Collector,No,No,No,No,No,ADDISON RD,351,COUNTY ROAD,No,True,No,4/30/2025,No,Point,38.9010905,-76.9129481,FAIRMOUNT,02,16,02,No,16,,16:16,2025,Wednesday,12,Motor Vehicle In Transport,05,On Roadway,5,,,,,,06,Non-Junction,01,Daylight,4/30/2025,2025-04-30,W,38.59,F,N,,,561A68A0682A75B19C2ABE1C61D89127AA09DDA49CD506544040ADAA3B0D5E0A,CO,01,No,06,Other Non-Collision,99,Unknown,01,Dry,,,,,,,,
Property Damage Crashes,CBPD01170082,Bowie Police Department,Angle,Prince George's,,No,No,No,No,Yes,,,,No,True,No,3/15/2025,No,Point,38.980764907,-76.735285140,BOWIE,01,16,03,,8,,08:50,2025,Saturday,12,Motor Vehicle In Transport,02,In Parking Lane Or Zone,,,,,,,,,01,Daylight,3/15/2025,2025-03-15,,,F,N,102,Parking Lot Way,,,01,No,,,,,,,,,,,,,,
Property Damage Crashes,MSP757700H1,Maryland State Police,"Sideswipe, Opposite Direction",Prince George's,Interstate,No,No,No,No,No,NO NAME (SB/L),95,INTERSTATE ROUTE,No,True,No,1/14/2025,No,Point,39.058197227,-76.926757316,MSP,06,16,03,No,16,,16:21,2025,Tuesday,12,Motor Vehicle In Transport,05,On Roadway,1,,,,,,09,Through Roadway,01,Daylight,1/14/2025,2025-01-14,S,56.15,F,N,,,056C20E684892695F1E2D2D95602D7CEA1A9E298D828B566F47D6E142876851A,IS,01,No,97,Not Applicable,,,01,Dry,,,,,,,,
Property Damage Crashes,DA4427000S,Prince George's County Police,Single Vehicle,Prince George's,Principal Arterial – Other,No,No,No,Yes,No,OXON HILL RD (WB/L),414,MARYLAND ROUTE,No,True,No,4/30/2025,No,Point,38.804718201,-76.978100427,PGCOPD,101,16,03,No,20,,20:00,2025,Wednesday,17,Pedestrian,05,On Roadway,3,,,,,,06,Non-Junction,01,Daylight,4/30/2025,2025-04-30,E,30.56,F,N,,,5988E93AB374D4CD2F62E379F7E99C50F0D419F1B528B61AA780EA6AC48CCDBE,MD,01,No,,,,,01,Dry,,,,,,,,
Injury Crashes,DA4412000G,Prince George's County Police,Angle,Prince George's,Local,No,No,No,No,No,BEECH PL,4120,COUNTY ROAD,No,True,No,3/10/2025,No,Point,38.820434629,-76.938018127,PGCOPD,01,16,02,No,12,,12:00,2025,Monday,12,Motor Vehicle In Transport,05,On Roadway,7,,,,,,99,Unknown,01,Daylight,3/10/2025,2025-03-10,N,41.72,F,N,,,BC9D50FAE53A1DE814F4EFC0048AD401CD33C7DAE59E3E199B8A50E8EF11F94F,CO,01,No,,,,,01,Dry,,,,,,,,
Injury Crashes,DA3433005F,Prince George's County Police,Angle,Prince George's,Minor Arterial,No,No,No,No,No,RITCHIE MARLBORO RD,974,COUNTY ROAD,No,True,No,4/8/2025,No,Point,38.815606228,-76.778237791,PGCOPD,01,16,02,No,8,,08:21,2025,Tuesday,12,Motor Vehicle In Transport,05,On Roadway,4,,,,,,99,Unknown,01,Daylight,4/8/2025,2025-04-08,N,59.75,F,N,,,E4E644BF703D40C5D38CD32B182471870DE4E85757BFCA18EC92D9A1E6842847,CO,01,No,,,,,01,Dry,,,,,,,,
Property Damage Crashes,MSP744700N3,Maryland State Police,Single Vehicle,Prince George's,Principal Arterial – Other,No,No,No,No,No,LARGO RD,202,MARYLAND ROUTE,No,True,No,3/6/2025,No,Point,38.914113333,-76.840791667,MSP,101,16,03,No,4,,04:46,2025,Thursday,32,Guardrail Face,09,Roadside,3,,101,State,,,06,Non-Junction,04,Dark - Not Lighted,3/6/2025,2025-03-06,S,29.07,F,N,,,730F3892D3775FEF0F9BCF869F51E7D9FBF19B7F9E2357DC04609F04C80BA66C,MD,01,No,,,,,01,Dry,,,,,,,,
Property Damage Crashes,DA402100D1,Prince George's County Police,Front to Rear,Prince George's,Local,No,No,No,No,No,HARDWOOD DR,2407,COUNTY ROAD,No,True,No,4/23/2025,No,Point,38.973999251,-76.861544386,PGCOPD,03,16,03,No,10,,10:00,2025,Wednesday,15,Parked Vehicle,05,On Roadway,7,,,,,,01,Acceleration/Deceleration Lane,01,Daylight,4/23/2025,2025-04-23,S,6.64,F,N,,,33D26306BEC7130454EF958AC49D314166D30BC25FD7BD91E0B13C7C487BB32C,CO,01,No,15,Parked Vehicle,05,On Roadway,01,Dry,,,,,,,,
Property Damage Crashes,DA419600DD,Prince George's County Police,Front to Rear,Prince George's,Local,No,No,No,No,No,19TH AVE,2326,COUNTY ROAD,No,True,No,3/15/2025,No,Point,38.82968,-76.970103,PGCOPD,03,16,03,No,19,,19:18,2025,Saturday,15,Parked Vehicle,05,On Roadway,7,,,,,,99,Unknown,03,Dark - Lighted,3/15/2025,2025-03-15,N,27.78,F,N,,,E7BB987474D8C64C888C6691F8207A0A3F199AE197984D2002FC0F7CF644A710,CO,01,No,,,,,01,Dry,,,,,,,,
Property Damage Crashes,DA4297003Y,Prince George's County Police,"Sideswipe, Same Direction",Prince George's,Minor Arterial,No,No,No,No,No,LAUREL BOWIE RD,197,MARYLAND ROUTE,No,True,No,4/6/2025,No,Point,39.055550435,-76.837943531,PGCOPD,07,16,03,No,5,,05:56,2025,Sunday,12,Motor Vehicle In Transport,05,On Roadway,4,,,,MALLARD DR,,99,Unknown,01,Daylight,4/6/2025,2025-04-06,S,28.59,F,N,,,C120CF0DE9ED73E8AED9B51C781F6FF13E0C99E6063125D5FF2EDC5280170265,MD,01,No,,,,,01,Dry,,,,,,,,
Injury Crashes,DA3372004G,Prince George's County Police,"Sideswipe, Opposite Direction",Prince George's,Major Collector,No,No,No,No,No,OLD FORT RD,118,COUNTY ROAD,No,True,No,5/5/2025,No,Point,38.755986517,-76.993435211,PGCOPD,06,16,02,No,9,,09:14,2025,Monday,12,Motor Vehicle In Transport,08,Outside Road/Right-Of-Way,5,,,,,,06,Non-Junction,01,Daylight,5/5/2025,2025-05-05,S,23.07,F,N,,,44ECE18F104318D37773FE0CF2C082170C1799AE5A3AD0E222DE64C09300FDA6,CO,01,No,,,,,01,Dry,,,,,,,,
Property Damage Crashes,MSP743900MS,Maryland State Police,"Sideswipe, Same Direction",Prince George's,Interstate,No,No,No,No,No,NO NAME (SB/L),95,INTERSTATE ROUTE,No,True,No,3/16/2025,No,Point,39.041035,-76.936615,MSP,07,16,03,No,20,,20:06,2025,Sunday,12,Motor Vehicle In Transport,05,On Roadway,1,,,,,,09,Through Roadway,03,Dark - Lighted,3/16/2025,2025-03-16,E,32.81,F,N,,,9B76B093552132D6C950F07CC0864F5E8DF2DDAD4783C2F9FBF99C22832002FC,IS,01,No,12,Motor Vehicle In Transport,05,On Roadway,01,Dry,,,,,,,,
Property Damage Crashes,DA4386001V,Prince George's County Police,Angle,Prince George's,Principal Arterial – Other,Yes,No,No,No,No,PENNSYLVANIA AVE,4,MARYLAND ROUTE,No,True,No,3/30/2025,No,Point,38.841112427,-76.874163383,PGCOPD,01,16,03,Yes,4,04,04:30,2025,Sunday,12,Motor Vehicle In Transport,05,On Roadway,3,Perpendicular,,,FORESTVILLE RD,03,05,Intersection or Related,03,Dark - Lighted,3/30/2025,2025-03-30,N,0,F,N,,,BB43042FE6D7447C0D3F6D244DF90B783A5297CFCF2C3B3B39BDFB926097487E,MD,01,No,,,,,01,Dry,01,Signalized,,,,,,
Injury Crashes,MSP744700NC,Maryland State Police,Angle,Prince George's,Principal Arterial – Other,No,No,No,No,No,BRANCH AVE (SB/L),5,MARYLAND ROUTE,No,True,No,3/21/2025,No,Point,38.714385329,-76.878179325,MSP,01,16,02,No,11,04,11:11,2025,Friday,12,Motor Vehicle In Transport,05,On Roadway,3,Perpendicular,,,MOORES RD,03,05,Intersection or Related,01,Daylight,3/21/2025,2025-03-21,S,0,F,N,,,FB8F669A7AB99C0660645681765B5C24BED65467E7595FA5E83447A99F74FD76,MD,01,No,,,,,01,Dry,01,Signalized,,,,,,
Property Damage Crashes,DA4395001Z,Prince George's County Police,Angle,Prince George's,Local,No,No,No,No,No,19TH AVE (SB/L),3662,COUNTY ROAD,No,True,No,3/26/2025,No,Point,38.954083411,-76.978515684,PGCOPD,01,16,03,No,9,,09:49,2025,Wednesday,12,Motor Vehicle In Transport,05,On Roadway,7,,,,CHILLUM RD,,09,Through Roadway,01,Daylight,3/26/2025,2025-03-26,N,19.29,F,N,,,CDEE1E217E47ACD57D4CC556DFE8CE341653D008E9236CB54F502907DE67D44B,CO,01,No,,,,,01,Dry,,,,,,,,
Property Damage Crashes,DA37060052,Prince George's County Police,Front to Rear,Prince George's,Principal Arterial – Other,No,No,No,No,No,ANNAPOLIS RD,450,MARYLAND ROUTE,No,True,No,2/2/2025,No,Point,38.972194157,-76.773644590,PGCOPD,03,16,03,Yes,17,,17:40,2025,Sunday,12,Motor Vehicle In Transport,05,On Roadway,3,,,,,,09,Through Roadway,03,Dark - Lighted,2/2/2025,2025-02-02,S,26.04,F,N,,,D00E15C9159F344DEC1E3981B3B61933D745FF2B9728377407FC621C256AF099,MD,01,No,,,,,01,Dry,,,,,,,,
Injury Crashes,DA33760022,Prince George's County Police,"Sideswipe, Opposite Direction",Prince George's,Local,No,No,No,No,No,NEW HAMPSHIRE AVE (SERV LA),888,COUNTY ROAD,No,True,No,2/15/2025,No,Point,38.992608300,-76.987054776,PGCOPD,06,16,02,No,9,,09:00,2025,Saturday,12,Motor Vehicle In Transport,05,On Roadway,7,,,,,,03,Driveway Access or Related,01,Daylight,2/15/2025,2025-02-15,S,38.92,F,N,,,FC99949A2354D5EEBC5F72170374020E956B44225D2E69DFAFE9441075AAB335,CO,01,No,,,,,01,Dry,,,,,,,,
Property Damage Crashes,DA3139000B,Prince George's County Police,"Sideswipe, Same Direction",Prince George's,Principal Arterial – Other,No,No,No,No,No,CRAIN HWY (SB/L),301,UNITED STATE ROUTE,No,True,No,3/25/2025,No,Point,38.675681324,-76.876049443,PGCOPD,07,16,03,No,17,,17:13,2025,Tuesday,12,Motor Vehicle In Transport,05,On Roadway,3,,,,,,09,Through Roadway,01,Daylight,3/25/2025,2025-03-25,S,28.69,F,N,,,8B5154FF0859C1908220BDC343DBC63605FEEC2D4226670464BDE0DC051F3BBD,US,01,No,,,,,01,Dry,,,,,,,,
Property Damage Crashes,DA4342003S,Prince George's County Police,Angle,Prince George's,Local,Yes,No,No,No,No,75TH AVE,804,COUNTY ROAD,No,True,No,1/13/2025,No,Point,38.929490684,-76.885020557,PGCOPD,01,16,03,No,13,,13:50,2025,Monday,12,Motor Vehicle In Transport,05,On Roadway,7,,,,,,06,Non-Junction,01,Daylight,1/13/2025,2025-01-13,S,28.42,F,N,,,DDC46695DF21545D2E74D71DD6AADF0426A7B47B43388D4354F9D02B3F034BD3,CO,01,No,,,,,06,Slush,,,,,,,,
Property Damage Crashes,DA4363000R,Prince George's County Police,"Sideswipe, Same Direction",Prince George's,Principal Arterial – Other,No,No,No,No,No,GREENBELT RD (WB/L),193,MARYLAND ROUTE,No,True,No,2/23/2025,No,Point,38.990216273,-76.823992621,PGCOPD,07,16,03,No,9,,09:42,2025,Sunday,12,Motor Vehicle In Transport,05,On Roadway,3,,,,,,09,Through Roadway,01,Daylight,2/23/2025,2025-02-23,E,54.49,F,N,,,6AD853823ACA1B5C8B73C5E11FC23FC9C5936CA32D2531ADE667E8E9BC0D240B,MD,01,No,,,,,01,Dry,,,,,,,,
Property Damage Crashes,DA3001006M,Prince George's County Police,Front to Rear,Prince George's,Local,No,Yes,No,No,No,VALLEY BROOK DR,4830,COUNTY ROAD,Yes,True,No,5/12/2025,No,Point,38.739235112,-76.968051595,PGCOPD,03,16,03,No,15,,15:30,2025,Monday,15,Parked Vehicle,05,On Roadway,7,,,,,,06,Non-Junction,01,Daylight,5/12/2025,2025-05-12,S,43.41,F,N,,,985C17900E95C8EA91F870535AF3C92E5978092385E471A5554D3BB765E0792C,CO,02,"Yes, School Bus Directly Involved",12,Motor Vehicle In Transport,05,On Roadway,01,Dry,,,,,,,,
Property Damage Crashes,DA3120005V,Prince George's County Police,Front to Front,Prince George's,Minor Arterial,No,No,No,No,No,ACCOKEEK RD,373,MARYLAND ROUTE,No,True,No,6/7/2025,No,Point,38.669032919,-76.993015844,PGCOPD,02,16,03,No,23,,23:41,2025,Saturday,12,Motor Vehicle In Transport,05,On Roadway,4,,,,,,09,Through Roadway,04,Dark - Not Lighted,6/7/2025,2025-06-07,N,31.57,F,N,,,F836D365FC7EC6AE1B47546A935D16ACC5631568B323119782D6CB719E90CDC8,MD,01,No,,,,,01,Dry,,,,,,,,
Injury Crashes,MSP745800PY,Maryland State Police,Front to Rear,Prince George's,Principal Arterial – Other Freeways and Expressways,No,No,No,No,No,PENNSYLVANIA AVE,4,MARYLAND ROUTE,No,True,No,2/26/2025,No,Point,38.812853333,-76.772738333,MSP,03,16,02,No,7,,07:22,2025,Wednesday,12,Motor Vehicle In Transport,05,On Roadway,2,,,,,,01,Acceleration/Deceleration Lane,03,Dark - Lighted,2/26/2025,2025-02-26,E,33.57,F,N,,,944D81E9223073F59D24310573D47D1B8BDA64881FE79A2ACAB5F57FCB799928,MD,01,No,,,,,01,Dry,,,,,,,,