Crash Severity Description,Reportnumber,Agencyname,CollisionImpact Description,Crash County Description,FunctionalClass Description,ImpairedCrash,Large Vehicle Involved,Motorcycle Crash,Non-Motorist Crash,OffRoad,RoadName,Route Number,RouteType Description,Unrestrained Occupants,WithinDateRange,Work Zone Related,Crashdate,Work Zone Crash,CrashPoint,Latitude,Longitude,AgencyCode,CollisionImpact,Crash County,Crash Severity,Crash Within Interchange,Crashhour,CrashInterchangeApproaches,Crashtime,CrashYear,Dayofweek,FirstHarmEvent,FirstHarmEvent Description,FirstHarmLocation,FirstHarmLocation Description,FunctionalClass,Geometry Description,GovPropertyDamage,GovPropertyDamage Description,IntersectingRoadName,Intersection Geometry,JunctionRelated,JunctionRelated Description,Light,Light Description,LOD Crash Date,LOD Date Level,MilepointDirection,MilepointDistance,MilepointUnits,NonTrafficFatal,OffroadLocation,OffroadLocation Description,RoadID,RouteType,SchoolBusRelated,SchoolBusRelated Description,SecondHarmEvent,SecondHarmEvent Description,SecondHarmLocation,SecondHarmLocation Description,Surface,Surface Description,TrafficControl,Trafficcontrol Description,WZLawEnforcementPresent,WZLocation,WZLocation Description,WZType,WZType Description,WZWorkersPresent
Property Damage Crashes,MSP7416001X,Maryland State Police,Single Vehicle,Prince George's,Principal Arterial – Other Freeways and Expressways,No,No,No,No,No,JOHN HANSON HWY (WB/L),50,UNITED STATE ROUTE,No,True,No,5/3/2025,No,Point,38.944302491,-76.875561171,MSP,101,16,03,No,17,,17:08,2025,Saturday,28,Ditch,09,Roadside,2,,,,,,09,Through Roadway,01,Daylight,5/3/2025,2025-05-03,S,65.33,F,N,,,E8FB02850E212CAF01E7E493AF24BF35047EFE60C29143FC7A834AC438CEBCCB,US,01,No,97,Not Applicable,,,01,Dry,,,,,,,,
Property Damage Crashes,MSP7839003S,Maryland State Police,Single Vehicle,Prince George's,Interstate,No,No,No,No,No,CAPITAL BELTWAY,95,INTERSTATE ROUTE,No,True,No,3/31/2025,No,Point,38.870595,-76.843775326,MSP,101,16,03,No,23,,23:39,2025,Monday,28,Ditch,09,Roadside,1,,,,,,09,Through Roadway,05,Dark - Unknown Lighting,3/31/2025,2025-03-31,E,36.02,F,N,,,C7FEB5BA6A31B92C84A8B830EC13BCC2CC81A1C97061562B3913481DAFFCAD65,IS,01,No,,,,,09,Wet,,,,,,,,
Injury Crashes,DA43410021,Prince George's County Police,Front to Rear,Prince George's,,No,No,No,No,No,,384,SPUR,No,True,No,4/12/2025,No,Point,38.825527694,-76.924514390,PGCOPD,03,16,02,No,4,,04:45,2025,Saturday,12,Motor Vehicle In Transport,05,On Roadway,,,,,,,06,Non-Junction,04,Dark - Not Lighted,4/12/2025,2025-04-12,E,46.57,F,N,,,E8A9134480063298DB5E452CB94FA80FAD2B77FF872FC18084A745F174B811FF,SP,01,No,,,,,09,Wet,,,,,,,,
Injury Crashes,DA44000019,Prince George's County Police,Front to Rear,Prince George's,Major Collector,No,No,No,No,No,BRINKLEY RD,122,COUNTY ROAD,Yes,True,No,4/18/2025,No,Point,38.801013971,-76.929058108,PGCOPD,03,16,02,No,23,,23:19,2025,Friday,12,Motor Vehicle In Transport,05,On Roadway,5,,,,TEMPLE HILL RD,,09,Through Roadway,03,Dark - Lighted,4/18/2025,2025-04-18,S,43.45,F,N,,,EBB0437B0BB1FC83401721AAE49926767D500B58621E7E32D90F6EBC316803EC,CO,01,No,,,,,01,Dry,,,,,,,,
Property Damage Crashes,AM03930016,Bladensburg Police Department,Rear To Side,Prince George's,Minor Arterial,No,No,No,No,No,BALTIMORE AVE,1,UNITED STATE ROUTE,No,True,No,2/15/2025,No,Point,38.943874952,-76.941064363,BLADENSBURG,05,16,03,Yes,17,02,17:10,2025,Saturday,12,Motor Vehicle In Transport,05,On Roadway,4,Perpendicular,,,TANGLEWOOD DR,03,05,Intersection or Related,03,Dark - Lighted,2/15/2025,2025-02-15,S,0,F,N,,,14487D88B849222B9F510B7D71413566CDCE01147283951BEB2F8DE4478A6985,US,01,No,,,,,09,Wet,03,Stop - Partial,,,,,,
Property Damage Crashes,DA3383002X,Prince George's County Police,Single Vehicle,Prince George's,,No,No,No,No,Yes,,,,No,True,No,3/26/2025,No,Point,38.950803056,-76.942806609,PGCOPD,101,16,03,,5,,05:00,2025,Wednesday,36,"Other Post, Pole, Or Support",02,In Parking Lane Or Zone,,,,,,,,,03,Dark - Lighted,3/26/2025,2025-03-26,,,F,N,102,Parking Lot Way,,,01,No,,,,,,,,,,,,,,
Property Damage Crashes,DA44160005,Prince George's County Police,Angle,Prince George's,Minor Arterial,No,No,No,No,No,RITCHIE MARLBORO RD,221,MARYLAND ROUTE,No,True,No,1/20/2025,No,Point,38.869171127,-76.847484761,PGCOPD,01,16,03,Yes,20,,20:06,2025,Monday,12,Motor Vehicle In Transport,05,On Roadway,4,,,,,,04,Entrance/Exit Ramp or Related,05,Dark - Unknown Lighting,1/20/2025,2025-01-20,N,26.48,F,N,,,1F33DA0784D9457327CD35288A47E9EE89E00E074E8ADFAEF5998D85CA49B997,MD,01,No,,,,,02,Ice/Frost,,,,,,,,
Injury Crashes,DA44210028,Prince George's County Police,Front to Front,Prince George's,Local,No,No,No,No,No,WALLACE LA,2159,COUNTY ROAD,No,True,No,5/10/2025,No,Point,38.750007935,-76.798441578,PGCOPD,02,16,02,No,9,,09:38,2025,Saturday,12,Motor Vehicle In Transport,05,On Roadway,7,,,,,,09,Through Roadway,01,Daylight,5/10/2025,2025-05-10,S,11.31,F,N,,,6D230C0A0B7D9A6EDF619BA00D3608C1AD525393E7717878ABC0CD772690C69F,CO,01,No,,,,,01,Dry,,,,,,,,
Property Damage Crashes,GD3162004K,Landover Police Department,Single Vehicle,Prince George's,,No,No,No,Yes,Yes,,,,No,True,No,5/13/2025,No,Point,38.945941708,-76.894677736,LANDOVER,101,16,03,,23,,23:35,2025,Tuesday,16,Pedalcycle,02,In Parking Lane Or Zone,,,,,,,,,03,Dark - Lighted,5/13/2025,2025-05-13,,,F,N,102,Parking Lot Way,,,01,No,,,,,,,,,,,,,,
Property Damage Crashes,DA42870027,Prince George's County Police,Other,Prince George's,Major Collector,No,No,No,No,No,MONTGOMERY RD,19,COUNTY ROAD,No,True,No,3/9/2025,No,Point,39.034871106,-76.921145479,PGCOPD,98,16,03,No,13,,13:00,2025,Sunday,12,Motor Vehicle In Transport,05,On Roadway,5,,,,SELLMAN RD,,06,Non-Junction,01,Daylight,3/9/2025,2025-03-09,S,11.92,F,N,,,673B5A81236B599A58EB33A7A6A3E4459689E046000F063020EB509741DDA01B,CO,01,No,,,,,01,Dry,,,,,,,,
Injury Crashes,DA3764003J,Prince George's County Police,Other,Prince George's,,No,No,No,No,No,,1142,PRIVATE ROAD,No,True,No,1/25/2025,No,Point,38.969917022,-76.976479529,PGCOPD,98,16,02,No,10,,10:55,2025,Saturday,12,Motor Vehicle In Transport,05,On Roadway,,,,,,,06,Non-Junction,01,Daylight,1/25/2025,2025-01-25,W,24.04,F,N,,,55581049E58E0CFAA233AF63AFB1F7ECDB9CF6D31A4D241F452FC4545A41C429,PV,01,No,97,Not Applicable,,,01,Dry,,,,,,,,
Injury Crashes,MSP7871001T,Maryland State Police,Front to Front,Prince George's,Principal Arterial – Other,Yes,No,No,No,No,,1,UNITED STATE ROUTE,No,True,No,1/21/2025,No,Point,39.088578167,-76.859589167,MSP,02,16,02,No,22,,22:02,2025,Tuesday,12,Motor Vehicle In Transport,05,On Roadway,3,,,,,,09,Through Roadway,03,Dark - Lighted,1/21/2025,2025-01-21,S,20.46,F,N,,,8E410454D3EE37484B8DF99E0B1C947F6D608EAC3E9DA91ED99848046C42BE87,US,01,No,,,,,01,Dry,,,,,,,,
Property Damage Crashes,MSP78720023,Maryland State Police,"Sideswipe, Same Direction",Prince George's,Interstate,No,No,No,No,No,CAPITAL BELTWAY,95,INTERSTATE ROUTE,No,True,No,2/14/2025,No,Point,38.881473572,-76.843674517,MSP,07,16,03,No,9,,09:33,2025,Friday,12,Motor Vehicle In Transport,05,On Roadway,1,,,,,,09,Through Roadway,01,Daylight,2/14/2025,2025-02-14,S,9.9,F,N,,,A38BBC369D73D914F63E484AA0E17701E61FA509BE12258A80D811C4C7AEFB46,IS,01,No,32,Guardrail Face,03,Median,01,Dry,,,,,,,,
Property Damage Crashes,DA4283003F,Prince George's County Police,Other,Prince George's,,No,No,No,No,No,,483,COUNTY ROAD,Yes,True,No,1/9/2025,No,Point,38.842893063,-76.874133370,PGCOPD,98,16,03,No,16,,16:00,2025,Thursday,12,Motor Vehicle In Transport,05,On Roadway,,,,,FORESTVILLE PL,,09,Through Roadway,01,Daylight,1/9/2025,2025-01-09,E,4.72,F,N,,,92E09C25F41057F601C182E135A1BA6DC570DCB898722CB5C25BFB33B37B50C5,CO,01,No,,,,,01,Dry,,,,,,,,
Injury Crashes,BW0222000R,Greenbelt Police Department,Rear To Side,Prince George's,Principal Arterial – Other,No,No,No,No,No,GREENBELT RD (WB/L),193,MARYLAND ROUTE,No,True,No,3/8/2025,No,Point,38.996395913,-76.900644245,GREENBELT,05,16,02,No,5,,05:26,2025,Saturday,12,Motor Vehicle In Transport,05,On Roadway,3,,,,RAMP 5 FR MD 201 SB TO MD 193 EB,,06,Non-Junction,03,Dark - Lighted,3/8/2025,2025-03-08,S,9.6,F,N,,,09B1349915E14572B20D341398DEC9010A0755F62CA97728FB04EA781788179B,MD,01,No,,,,,01,Dry,,,,,,,,
Injury Crashes,DA30470082,Prince George's County Police,Single Vehicle,Prince George's,Minor Arterial,No,No,No,No,No,LIVINGSTON RD,1202,COUNTY ROAD,No,True,No,1/28/2025,No,Point,38.683803105,-76.984544591,PGCOPD,101,16,02,No,14,,14:18,2025,Tuesday,30,Fence,05,On Roadway,4,,,,,,06,Non-Junction,01,Daylight,1/28/2025,2025-01-28,N,55.11,F,N,,,EEB605CFE7F87B094CE4E94C58E8209DEE48F256835C35D77CDDC5C0ED22BC8C,CO,01,No,,,,,01,Dry,,,,,,,,
Property Damage Crashes,CBPD01220017,Bowie Police Department,Front to Front,Prince George's,,No,No,No,No,No,,611,MUNICIPAL ROAD,No,True,No,1/29/2025,No,Point,38.940450670,-76.727253424,BOWIE,02,16,03,No,15,,15:15,2025,Wednesday,12,Motor Vehicle In Transport,05,On Roadway,,,,,MITCHELLVILLE RD,,06,Non-Junction,01,Daylight,1/29/2025,2025-01-29,N,51.82,F,N,,,2C4E91362EC12D3029B636FEBA694025E3DC7D978A2306A828DBA290EF696EE3,MU,01,No,,,,,01,Dry,,,,,,,,
Injury Crashes,MSP745800S8,Maryland State Police,Single Vehicle,Prince George's,,No,No,No,No,No,,870,CROSSOVER,No,True,No,4/23/2025,No,Point,38.820781667,-76.89127,MSP,101,16,02,No,13,,13:17,2025,Wednesday,31,Guardrail End Terminal,09,Roadside,,,101,State,,,01,Acceleration/Deceleration Lane,01,Daylight,4/23/2025,2025-04-23,W,5.64,F,N,,,9530B46DDD463A1EAAB72807787F42932F2256E0A051A2DE054AF078501453CF,XO,01,No,,,,,01,Dry,,,,,,,,
Property Damage Crashes,DA4356003L,Prince George's County Police,Front to Rear,Prince George's,Minor Arterial,No,Yes,No,No,No,SUITLAND RD (WB/L),218,MARYLAND ROUTE,No,True,No,5/20/2025,No,Point,38.860115478,-76.947923510,PGCOPD,03,16,03,No,7,,07:30,2025,Tuesday,12,Motor Vehicle In Transport,05,On Roadway,4,,,,,,06,Non-Junction,01,Daylight,5/20/2025,2025-05-20,N,30.16,F,N,,,90AFC1EE8889BB4846037F921F2B167789A8DB36009298EC1381373780E07A1D,MD,02,"Yes, School Bus Directly Involved",,,,,01,Dry,,,,,,,,
Property Damage Crashes,DA4417000D,Prince George's County Police,Angle,Prince George's,,No,No,No,No,Yes,,,,No,True,No,2/8/2025,No,Point,38.767403737,-76.991309120,PGCOPD,01,16,03,,8,,08:00,2025,Saturday,12,Motor Vehicle In Transport,02,In Parking Lane Or Zone,,,,,,,,,01,Daylight,2/8/2025,2025-02-08,,,F,N,100,Parking Stall,,,01,No,,,,,,,,,,,,,,
Injury Crashes,RD0130004Y,Riverdale Park Police Department,Single Vehicle,Prince George's,Principal Arterial – Other,No,No,No,No,No,KENILWORTH AVE (SB/L),201,MARYLAND ROUTE,Yes,True,No,5/24/2025,No,Point,38.955301781,-76.923080829,RIVERDALE,101,16,02,No,10,,10:10,2025,Saturday,33,Impact Attenuator/Crash Cushion,05,On Roadway,3,,,,SPRING LA,,09,Through Roadway,01,Daylight,5/24/2025,2025-05-24,S,0,F,N,,,73C40FEAEB88B862F3B5DC22723C61AA448BA238377977F64F58D4807FC36721,MD,01,No,12,Motor Vehicle In Transport,99,Unknown,01,Dry,,,,,,,,
Property Damage Crashes,DA3496001Z,Prince George's County Police,Front to Rear,Prince George's,Minor Arterial,No,No,No,No,No,GOOD LUCK RD,42,COUNTY ROAD,No,True,No,5/10/2025,No,Point,38.972462187,-76.895381116,PGCOPD,03,16,03,No,19,,19:32,2025,Saturday,12,Motor Vehicle In Transport,05,On Roadway,4,,,,OAKLAND AVE,,09,Through Roadway,01,Daylight,5/10/2025,2025-05-10,S,40.11,F,N,,,CB0796E403576FB9AA29B142FEA067093326C0BAC701AE3157833BD03001C208,CO,01,No,,,,,01,Dry,,,,,,,,
Injury Crashes,MSP647600J9,Maryland State Police,Single Vehicle,Prince George's,Interstate,No,No,No,No,No,RAMP 2 FR IS 95 WB TO MD 414 NB,95,RAMP,No,True,No,5/2/2025,No,Point,38.810265589,-76.966002825,MSP,101,16,02,No,16,,16:04,2025,Friday,07,Overturn/Rollover,07,"On Shoulder, Right Side",1,,,,,,09,Through Roadway,01,Daylight,5/2/2025,2025-05-02,W,55.16,F,N,,,666FD07F845DE5EFBF48D5C12E2D456A266A5BDDC27901DF99F903ABE4F913C4,RP,01,No,29,Embankment,01,Gore,01,Dry,,,,,,,,
Property Damage Crashes,DA37470065,Prince George's County Police,Front to Rear,Prince George's,,No,Yes,No,No,Yes,,,,No,True,No,3/11/2025,No,Point,38.965546355,-76.972926455,PGCOPD,03,16,03,,14,,14:00,2025,Tuesday,15,Parked Vehicle,02,In Parking Lane Or Zone,,,,,,,,,01,Daylight,3/11/2025,2025-03-11,,,F,N,102,Parking Lot Way,,,02,"Yes, School Bus Directly Involved",,,,,,,,,,,,,,
Property Damage Crashes,CE4573003Y,Laurel Police Department,Front to Rear,Prince George's,Major Collector,No,No,No,No,No,FOURTH ST,9040,MUNICIPAL ROAD,No,True,No,3/19/2025,No,Point,39.100293742,-76.853084398,LAUREL,03,16,03,No,16,02,16:41,2025,Wednesday,12,Motor Vehicle In Transport,05,On Roadway,5,Perpendicular,,,GORMAN AVE,03,05,Intersection or Related,01,Daylight,3/19/2025,2025-03-19,S,0,F,N,,,A8DB17A1031519AA40879A2B92E0AFF4DE2FCA20E679874C8440680F87C8748A,MU,01,No,12,Motor Vehicle In Transport,05,On Roadway,01,Dry,01,Signalized,,,,,,
Property Damage Crashes,DA36840073,Prince George's County Police,Angle,Prince George's,Local,No,No,No,No,No,LIVINGSTON RD,1202,COUNTY ROAD,No,True,No,2/13/2025,No,Point,38.669625435,-76.996220441,PGCOPD,01,16,03,No,15,02,15:37,2025,Thursday,12,Motor Vehicle In Transport,05,On Roadway,7,Angled/Skewed,,,ACCOKEEK RD,01,05,Intersection or Related,01,Daylight,2/13/2025,2025-02-13,W,0,F,N,,,DF50EC72711933D9E613D0D7B7536C50618CCD9AFC7E1041D71F62B60098DD61,CO,01,No,,,,,09,Wet,03,Stop - Partial,,,,,,
Injury Crashes,MSP7776005N,Maryland State Police,Single Vehicle,Prince George's,Principal Arterial – Other,No,No,No,No,No,,1,UNITED STATE ROUTE,No,True,No,3/30/2025,No,Point,39.082304126,-76.863623870,MSP,101,16,02,Yes,17,04,17:12,2025,Sunday,27,Curb,09,Roadside,3,Perpendicular,,,CYPRESS ST,03,05,Intersection or Related,01,Daylight,3/30/2025,2025-03-30,S,0,F,N,,,6ADF49B99E797F2DE8FC68BD1D85D445E0D8397CCEBAD22F5015A05DCA95767F,US,01,No,,,,,01,Dry,01,Signalized,,,,,,
Property Damage Crashes,CC03060013,Hyattsville Police Department,"Sideswipe, Same Direction",Prince George's,Minor Arterial,No,No,No,No,No,ADELPHI RD,232,COUNTY ROAD,No,True,No,3/26/2025,No,Point,38.966490529,-76.948492583,HYATTSVILLE,07,16,03,No,0,,00:54,2025,Wednesday,12,Motor Vehicle In Transport,05,On Roadway,4,,,,EAST WEST HWY (WB/L) QUEENS CHAPEL RD (WB/L),,06,Non-Junction,03,Dark - Lighted,3/26/2025,2025-03-26,S,28.65,F,N,,,7169CA28729BF078AC7DEE247FF8D74E17C55419D4FC2B41699CA494FB6864BB,CO,01,No,,,,,01,Dry,,,,,,,,
Injury Crashes,MSP726800HP,Maryland State Police,Single Vehicle,Prince George's,Interstate,No,No,No,No,No,CAPITAL BELTWAY,95,INTERSTATE ROUTE,Yes,True,No,5/19/2025,No,Point,38.81865645,-76.93067685,MSP,101,16,02,No,12,,12:12,2025,Monday,07,Overturn/Rollover,05,On Roadway,1,,,,,,06,Non-Junction,01,Daylight,5/19/2025,2025-05-19,E,27.25,F,N,,,4F7EE9B36951D46C432D7C0A1DAE9CA032D3B972D308FDDA11A7B53FB2BD17D8,IS,01,No,07,Overturn/Rollover,05,On Roadway,01,Dry,,,,,,,,
Property Damage Crashes,DA345600DH,Prince George's County Police,"Sideswipe, Opposite Direction",Prince George's,Local,No,No,No,No,No,DANA DR,201,COUNTY ROAD,No,True,No,1/1/2025,No,Point,38.997737036,-76.975760620,PGCOPD,06,16,03,No,14,,14:12,2025,Wednesday,15,Parked Vehicle,05,On Roadway,7,,,,,,06,Non-Junction,01,Daylight,1/1/2025,2025-01-01,W,17.87,F,N,,,2BB32BF27C96998BDB8BCB62F1402C1192EED20716D5AF9528F9FAE8AA1659D4,CO,01,No,15,Parked Vehicle,07,"On Shoulder, Right Side",01,Dry,,,,,,,,
Property Damage Crashes,MSP7765007S,Maryland State Police,Front to Rear,Prince George's,Interstate,No,No,No,No,No,CAPITAL BELTWAY,95,INTERSTATE ROUTE,No,True,No,4/28/2025,No,Point,38.842587833,-76.864638833,MSP,03,16,03,No,20,,20:11,2025,Monday,12,Motor Vehicle In Transport,05,On Roadway,1,,,,,,09,Through Roadway,101,Dusk,4/28/2025,2025-04-28,N,55.77,F,N,,,69DEBD87F7F3872CB59E7F105D9C603C827A947AA945EE1F73146F4DD0B64545,IS,01,No,,,,,01,Dry,,,,,,,,
Property Damage Crashes,DA42720024,Prince George's County Police,Single Vehicle,Prince George's,Principal Arterial – Other,No,No,No,No,No,ST BARNABAS RD,414,MARYLAND ROUTE,No,True,No,2/6/2025,No,Point,38.839679597,-76.941493602,PGCOPD,101,16,03,No,3,,03:55,2025,Thursday,41,Utility Pole/Light Support,09,Roadside,3,,,,,,06,Non-Junction,03,Dark - Lighted,2/6/2025,2025-02-06,W,8.53,F,N,,,59F457278FF63398AAAEDDFAF0F9A761DD65B9B3800E552A675A3DA070AD8574,MD,01,No,,,,,09,Wet,,,,,,,,
Property Damage Crashes,CBPD0048008Q,Bowie Police Department,Single Vehicle,Prince George's,,No,No,No,No,No,RACE TRACK RD (WB/L),49,COUNTY ROAD,No,True,No,3/22/2025,No,Point,39.006981585,-76.765938038,BOWIE,101,16,03,No,15,,15:38,2025,Saturday,31,Guardrail End Terminal,03,Median,,,,,,,06,Non-Junction,01,Daylight,3/22/2025,2025-03-22,W,105.7,F,N,,,1F72CEE5235728E9A360AE27D323C9E85C810042169805465AAB40747F403444,CO,01,No,13,Other Non-Fixed Object,05,On Roadway,01,Dry,,,,,,,,
Property Damage Crashes,BW0157005W,Greenbelt Police Department,Front to Rear,Prince George's,Local,No,No,No,No,No,LAKECREST CIR,271,MUNICIPAL ROAD,No,True,No,5/21/2025,No,Point,38.996240341,-76.886700972,GREENBELT,03,16,03,No,11,,11:48,2025,Wednesday,12,Motor Vehicle In Transport,05,On Roadway,7,,100,Local,LAKECREST DR,,06,Non-Junction,01,Daylight,5/21/2025,2025-05-21,S,8.67,F,N,,,813FCE24AD021DDC90B7BFA530703FEC1E23EB41D01E4C3C98198C72F0744473,MU,01,No,97,Not Applicable,,,09,Wet,,,,,,,,
Property Damage Crashes,DA41710083,Prince George's County Police,Front to Front,Prince George's,Major Collector,No,Yes,No,No,No,HAMPTON PARK BLVD,4475,COUNTY ROAD,No,True,No,5/12/2025,No,Point,38.873992914,-76.850761079,PGCOPD,02,16,03,No,15,,15:45,2025,Monday,12,Motor Vehicle In Transport,05,On Roadway,5,,,,,,06,Non-Junction,01,Daylight,5/12/2025,2025-05-12,W,53.42,F,N,,,D9188F7913E599D235C4E8CC8943E3A28A3B11D29E9556E04F5D4004EAB70E6F,CO,01,No,12,Motor Vehicle In Transport,05,On Roadway,01,Dry,,,,,,,,
Property Damage Crashes,MSP726800GS,Maryland State Police,Front to Rear,Prince George's,Principal Arterial – Other,No,No,No,No,No,,202,MARYLAND ROUTE,No,True,No,1/13/2025,No,Point,38.84722285,-76.765039283,MSP,03,16,03,No,8,,08:32,2025,Monday,12,Motor Vehicle In Transport,05,On Roadway,3,,,,BROCK DR,,06,Non-Junction,01,Daylight,1/13/2025,2025-01-13,W,35.06,F,N,,,449E1592D17BCD75F0353F69B9485D9EBCACC7D63F83E07DD7B9BAB8A6CF43CB,MD,01,No,,,,,01,Dry,,,,,,,,
Property Damage Crashes,MSP7782005F,Maryland State Police,Front to Rear,Prince George's,Interstate,No,No,No,No,No,CAPITAL BELTWAY,95,INTERSTATE ROUTE,No,True,No,1/5/2025,No,Point,38.900250451,-76.849880666,MSP,03,16,03,No,14,,14:11,2025,Sunday,12,Motor Vehicle In Transport,05,On Roadway,1,,101,State,,,09,Through Roadway,01,Daylight,1/5/2025,2025-01-05,N,74.77,F,N,,,AB04DA26E6670D55D44283D844B4DEB8C57EB24CE0A9EF93EB4A28F89081B186,IS,01,No,,,,,01,Dry,,,,,,,,
Property Damage Crashes,DA4243009W,Prince George's County Police,"Sideswipe, Same Direction",Prince George's,,No,No,No,No,Yes,,,,No,True,No,4/25/2025,No,Point,38.821811772,-76.763127718,PGCOPD,07,16,03,,1,,01:17,2025,Friday,15,Parked Vehicle,02,In Parking Lane Or Zone,,,,,,,,,03,Dark - Lighted,4/25/2025,2025-04-25,,,F,N,101,Parking Aisle,,,01,No,,,,,,,,,,,,,,
Property Damage Crashes,DA381700L5,Prince George's County Police,Front to Rear,Prince George's,Minor Arterial,No,No,No,No,No,,223,MARYLAND ROUTE,No,True,No,1/30/2025,No,Point,38.764355580,-76.903628148,PGCOPD,03,16,03,No,8,,08:07,2025,Thursday,12,Motor Vehicle In Transport,05,On Roadway,4,,,,SURRATTSVILLE HS ENT,,06,Non-Junction,01,Daylight,1/30/2025,2025-01-30,E,10.06,F,N,,,633AFF9774455F255A14801DA99CD200124AB7BCBCA085B3EE5D721471020437,MD,01,No,,,,,01,Dry,,,,,,,,
Injury Crashes,DA33720047,Prince George's County Police,Angle,Prince George's,Principal Arterial – Other,No,No,No,No,No,OXON HILL RD (WB/L),414,MARYLAND ROUTE,No,True,No,4/22/2025,No,Point,38.805025586,-76.976471851,PGCOPD,01,16,02,No,9,,09:19,2025,Tuesday,12,Motor Vehicle In Transport,05,On Roadway,3,,,,,,06,Non-Junction,01,Daylight,4/22/2025,2025-04-22,E,24.43,F,N,,,8C5EFE2D7B29E51DEB6A21B1E7143921A7F662106769EC998C837B06ABDED37E,MD,01,No,,,,,01,Dry,,,,,,,,
Injury Crashes,CC0292002N,Hyattsville Police Department,Front to Rear,Prince George's,Minor Collector,No,No,No,No,No,42ND AVE,9420,MUNICIPAL ROAD,Yes,True,No,1/19/2025,No,Point,38.963837413,-76.946225467,HYATTSVILLE,03,16,02,Unknown,16,,16:25,2025,Sunday,12,Motor Vehicle In Transport,05,On Roadway,6,,,,,,99,Unknown,01,Daylight,1/19/2025,2025-01-19,N,13.9,F,N,,,80DB9B7EFC3F6081FA0E183FB0A47E0AC253130585079AFC73AE88EE8AFF4DA5,MU,01,No,,,,,07,Snow,,,,,,,,
Injury Crashes,DA4419000S,Prince George's County Police,Front to Front,Prince George's,,No,No,No,No,No,,7104,COUNTY ROAD,No,True,No,3/5/2025,No,Point,38.941233135,-76.759914231,PGCOPD,02,16,02,No,23,,23:39,2025,Wednesday,15,Parked Vehicle,09,Roadside,,,,,,,06,Non-Junction,03,Dark - Lighted,3/5/2025,2025-03-05,W,23.83,F,N,,,5F9BE90DA51D08463169146F27965A0313EE8724AC829391CD30FE06985655D2,CO,01,No,,,,,09,Wet,,,,,,,,
Injury Crashes,MSP697200FX,Maryland State Police,Single Vehicle,Prince George's,Interstate,No,No,No,No,No,NO NAME,95,INTERSTATE ROUTE,No,True,No,2/24/2025,No,Point,39.06899,-76.908515,MSP,101,16,02,No,13,,13:33,2025,Monday,07,Overturn/Rollover,01,Gore,1,,,,,,06,Non-Junction,01,Daylight,2/24/2025,2025-02-24,S,26.67,F,N,,,BCB1FD3BB49ED36E7CF659438CCD24BE667426C411F6F855ABAE66B46D8FF70B,IS,01,No,,,,,01,Dry,,,,,,,,
Property Damage Crashes,DA4273005X,Prince George's County Police,"Sideswipe, Same Direction",Prince George's,Minor Arterial,No,No,No,No,No,RIGGS RD,212,MARYLAND ROUTE,No,True,No,4/26/2025,No,Point,38.984697659,-76.978546206,PGCOPD,07,16,03,No,20,,20:24,2025,Saturday,12,Motor Vehicle In Transport,05,On Roadway,4,,,,,,09,Through Roadway,05,Dark - Unknown Lighting,4/26/2025,2025-04-26,N,15.74,F,N,,,E1A6CC45354E2D709A2CFC8478886F237D6555D6E93A01A02E1745767CD9BD8C,MD,01,No,12,Motor Vehicle In Transport,05,On Roadway,01,Dry,,,,,,,,
Property Damage Crashes,DA392000C9,Prince George's County Police,Other,Prince George's,Principal Arterial – Other Freeways and Expressways,No,No,No,No,No,BALTIMORE WASHINGTON PKWY (SB/L),295,MARYLAND ROUTE,No,True,No,3/1/2025,No,Point,38.922566414,-76.932973879,PGCOPD,98,16,03,Yes,23,,23:30,2025,Saturday,12,Motor Vehicle In Transport,05,On Roadway,2,,,,,,04,Entrance/Exit Ramp or Related,03,Dark - Lighted,3/1/2025,2025-03-01,S,63.27,F,N,,,C9DF1CAAD24C6A4A669E3BFF6A1AD6159DEC8B117D5C80803EB9B44E614444D5,MD,01,No,,,,,01,Dry,,,,,,,,
Property Damage Crashes,MSP6582015N,Maryland State Police,Angle,Prince George's,Principal Arterial – Other,No,No,No,No,No,CRAIN HWY (SB/L),301,UNITED STATE ROUTE,No,True,No,2/25/2025,No,Point,38.797720816,-76.761499640,MSP,01,16,03,No,17,,17:17,2025,Tuesday,12,Motor Vehicle In Transport,05,On Roadway,3,,,,,,09,Through Roadway,01,Daylight,2/25/2025,2025-02-25,S,35.53,F,N,,,B140E33B170F5CE244C1D5AE73BCC6DA07E8803D20C41FD3D2486C15A66DD346,US,01,No,,,,,01,Dry,,,,,,,,
Property Damage Crashes,MSP7765005T,Maryland State Police,Front to Rear,Prince George's,,No,No,No,No,No,,5,MARYLAND ROUTE,No,True,No,1/27/2025,No,Point,38.680431667,-76.874085667,MSP,03,16,03,No,5,,05:14,2025,Monday,12,Motor Vehicle In Transport,05,On Roadway,,,,,CRAIN HWY,,09,Through Roadway,03,Dark - Lighted,1/27/2025,2025-01-27,E,24.81,F,N,,,E5086564146E873B4DED93181D50F93D453F315B06AC51764863809ADCC7217D,MD,01,No,,,,,01,Dry,,,,,,,,