Crash Severity Description,Reportnumber,Agencyname,CollisionImpact Description,Crash County Description,FunctionalClass Description,ImpairedCrash,Large Vehicle Involved,Motorcycle Crash,Non-Motorist Crash,OffRoad,RoadName,Route Number,RouteType Description,Unrestrained Occupants,WithinDateRange,Work Zone Related,Crashdate,Work Zone Crash,CrashPoint,Latitude,Longitude,AgencyCode,CollisionImpact,Crash County,Crash Severity,Crash Within Interchange,Crashhour,CrashInterchangeApproaches,Crashtime,CrashYear,Dayofweek,FirstHarmEvent,FirstHarmEvent Description,FirstHarmLocation,FirstHarmLocation Description,FunctionalClass,Geometry Description,GovPropertyDamage,GovPropertyDamage Description,IntersectingRoadName,Intersection Geometry,JunctionRelated,JunctionRelated Description,Light,Light Description,LOD Crash Date,LOD Date Level,MilepointDirection,MilepointDistance,MilepointUnits,NonTrafficFatal,OffroadLocation,OffroadLocation Description,RoadID,RouteType,SchoolBusRelated,SchoolBusRelated Description,SecondHarmEvent,SecondHarmEvent Description,SecondHarmLocation,SecondHarmLocation Description,Surface,Surface Description,TrafficControl,Trafficcontrol Description,WZLawEnforcementPresent,WZLocation,WZLocation Description,WZType,WZType Description,WZWorkersPresent
Property Damage Crashes,DA3639000T,Prince George's County Police,Single Vehicle,Prince George's,,No,No,No,No,Yes,,,,No,True,No,3/12/2025,No,Point,38.885805095,-76.822232818,PGCOPD,101,16,03,,12,,12:34,2025,Wednesday,27,Curb,01,Gore,,,,,,,,,01,Daylight,3/12/2025,2025-03-12,,,F,N,102,Parking Lot Way,,,01,No,30,Fence,04,"Off-Roadway, Location Unknown",,,,,,,,,,
Property Damage Crashes,DA345600DQ,Prince George's County Police,Front to Front,Prince George's,Principal Arterial – Other,No,No,No,No,No,NEW HAMPSHIRE AVE (SB/L),650,MARYLAND ROUTE,No,True,No,1/24/2025,No,Point,38.996659323,-76.984731268,PGCOPD,02,16,03,No,14,,14:32,2025,Friday,12,Motor Vehicle In Transport,05,On Roadway,3,,,,,,06,Non-Junction,01,Daylight,1/24/2025,2025-01-24,S,38,F,N,,,F19341521210FD3CC9E417B126C74E857AB8491241C229BFBA05E6C940D66101,MD,01,No,,,,,01,Dry,,,,,,,,
Property Damage Crashes,DA419600D4,Prince George's County Police,Single Vehicle,Prince George's,Major Collector,No,No,No,No,No,AUTH RD,535,MARYLAND ROUTE,No,True,No,2/16/2025,No,Point,38.821899707,-76.920762867,PGCOPD,101,16,03,Unknown,8,,08:03,2025,Sunday,27,Curb,03,Median,5,,,,,,99,Unknown,01,Daylight,2/16/2025,2025-02-16,W,30.71,F,N,,,C4EDEE850D13A3C736DEE3D81C79CE9013831A976B187BB684028CE706132544,MD,01,No,,,,,09,Wet,,,,,,,,
Property Damage Crashes,MSP738100C8,Maryland State Police,Single Vehicle,Prince George's,Interstate,No,No,No,No,No,CAPITAL BELTWAY,95,INTERSTATE ROUTE,No,True,No,4/10/2025,No,Point,38.809786667,-76.964946667,MSP,101,16,03,No,17,,17:04,2025,Thursday,35,"Other Fixed Object (wall, building, tunnel, etc.)",07,"On Shoulder, Right Side",1,,101,State,,,01,Acceleration/Deceleration Lane,01,Daylight,4/10/2025,2025-04-10,N,31,F,N,,,AF4EF47BC64177D8BB7C4194CA945025C6DCE17E02B8309B3F81440132BC8FD2,IS,01,No,,,,,01,Dry,,,,,,,,
Property Damage Crashes,DA33970053,Prince George's County Police,Single Vehicle,Prince George's,,No,No,No,No,No,,185,COUNTY ROAD,No,True,No,5/22/2025,No,Point,38.660041230,-76.835704103,PGCOPD,101,16,03,No,22,,22:49,2025,Thursday,38,Traffic Sign Support,09,Roadside,,,,,,,06,Non-Junction,04,Dark - Not Lighted,5/22/2025,2025-05-22,W,7.49,F,N,,,D9C32F43365CB7715F75C391FE8D821D902C7DBF9E3BF12973E9DC089397791A,CO,01,No,40,Tree (standing),09,Roadside,01,Dry,,,,,,,,
Property Damage Crashes,DA4316004V,Prince George's County Police,"Sideswipe, Same Direction",Prince George's,Interstate,No,No,No,No,No,NO NAME (SB/L),95,INTERSTATE ROUTE,No,True,No,2/16/2025,No,Point,39.056128648,-76.928241677,PGCOPD,07,16,03,No,10,,10:00,2025,Sunday,12,Motor Vehicle In Transport,05,On Roadway,1,,,,,,06,Non-Junction,01,Daylight,2/16/2025,2025-02-16,S,10.28,F,N,,,ACF5D6B6E91E0C52D33E5A4E90BA8CA7EA2F3012E7AFCAFA2543CD0D760F0DE8,IS,01,No,,,,,09,Wet,,,,,,,,
Property Damage Crashes,BE01130006,District Heights Police Department,"Sideswipe, Same Direction",Prince George's,Local,No,No,No,No,No,ELMHURST ST #1,110,MUNICIPAL ROAD,No,True,No,5/12/2025,No,Point,38.858729803,-76.892426471,DISTHEIGHTS,07,16,03,No,19,,19:55,2025,Monday,12,Motor Vehicle In Transport,05,On Roadway,7,,,,,,06,Non-Junction,01,Daylight,5/12/2025,2025-05-12,N,63.99,F,N,,,77BBBC85ABD8BA0382D8012DC2236F11F5FF979DAF77F64E21664E2A4A95DEB5,MU,01,No,15,Parked Vehicle,05,On Roadway,01,Dry,,,,,,,,
Property Damage Crashes,DA4342003X,Prince George's County Police,Single Vehicle,Prince George's,Local,Yes,No,No,No,No,WALKER MILL DR,364,COUNTY ROAD,No,True,No,2/21/2025,No,Point,38.881425589,-76.863829440,PGCOPD,101,16,03,No,1,,01:50,2025,Friday,28,Ditch,09,Roadside,7,,,,,,09,Through Roadway,03,Dark - Lighted,2/21/2025,2025-02-21,E,8.1,F,N,,,69D5B61079A391467A470DBF21FD5EB6AB55B7ADE47B96FDD6B95074D2363292,CO,01,No,,,,,01,Dry,,,,,,,,
Property Damage Crashes,MSP617100N8,Maryland State Police,Front to Rear,Prince George's,Interstate,No,No,No,No,No,CAPITAL BELTWAY (SB/L),95,INTERSTATE ROUTE,No,True,No,3/5/2025,No,Point,38.956015,-76.864243333,MSP,03,16,03,No,23,,23:44,2025,Wednesday,12,Motor Vehicle In Transport,05,On Roadway,1,,,,,,06,Non-Junction,03,Dark - Lighted,3/5/2025,2025-03-05,S,30.15,F,N,,,B2687854700292A3497FC72A45D20887883155B13CBCB9742E79702AD20D7AFD,IS,01,No,,,,,09,Wet,,,,,,,,
Property Damage Crashes,DA43650045,Prince George's County Police,Angle,Prince George's,,No,Yes,No,No,Yes,,,,Yes,True,No,6/3/2025,No,Point,38.951931655,-76.732456974,PGCOPD,01,16,03,,13,,13:55,2025,Tuesday,15,Parked Vehicle,02,In Parking Lane Or Zone,,,,,,,,,01,Daylight,6/3/2025,2025-06-03,,,F,N,102,Parking Lot Way,,,02,"Yes, School Bus Directly Involved",,,,,,,,,,,,,,
Injury Crashes,DA4363000Y,Prince George's County Police,Front to Rear,Prince George's,,No,No,No,No,No,GOOD LUCK RD (WB/L),42,COUNTY ROAD,No,True,No,4/14/2025,No,Point,38.994507734,-76.834854594,PGCOPD,03,16,02,No,11,,11:52,2025,Monday,12,Motor Vehicle In Transport,05,On Roadway,,,101,State,,,09,Through Roadway,01,Daylight,4/14/2025,2025-04-14,W,14.9,F,N,,,41110DD25F0AE2DF9D65734D8D9710BE383137DA9F2758541C9C80689521720A,CO,01,No,,,,,01,Dry,,,,,,,,
Property Damage Crashes,DA392000CB,Prince George's County Police,"Sideswipe, Same Direction",Prince George's,Principal Arterial – Other,No,No,No,No,No,KENILWORTH AVE,201,MARYLAND ROUTE,No,True,No,3/12/2025,No,Point,38.929844615,-76.931386012,PGCOPD,07,16,03,No,1,,01:11,2025,Wednesday,12,Motor Vehicle In Transport,05,On Roadway,3,,,,,,06,Non-Junction,03,Dark - Lighted,3/12/2025,2025-03-12,S,48.87,F,N,,,BDD1394F12D311A9E014831D14062BA61769AC362FB355CBF6E33BA5F78087AC,MD,01,No,,,,,01,Dry,,,,,,,,
Property Damage Crashes,DA4278007N,Prince George's County Police,Other,Prince George's,Local,No,No,No,No,No,WOODMORE NORTH BLVD,6591,COUNTY ROAD,No,True,No,6/2/2025,No,Point,38.969788739,-76.782714581,PGCOPD,98,16,03,No,13,04,13:05,2025,Monday,12,Motor Vehicle In Transport,05,On Roadway,7,Perpendicular,,,HILLMEADE RD,03,05,Intersection or Related,01,Daylight,6/2/2025,2025-06-02,S,0,F,N,,,AF97A8B6CA0C7A0D3478BE6FABB04B1AE52D0590EC4F8DC102A951A6322EC166,CO,01,No,,,,,01,Dry,03,Stop - Partial,,,,,,
Injury Crashes,DA4395001Q,Prince George's County Police,Angle,Prince George's,Major Collector,No,No,No,No,No,CHILLUM RD (WB/L),501,MARYLAND ROUTE,No,True,No,2/13/2025,No,Point,38.962236084,-76.994197845,PGCOPD,01,16,02,Yes,16,,16:04,2025,Thursday,12,Motor Vehicle In Transport,05,On Roadway,5,,,,CHILLUM RD RIGGS RD (SB/L),,09,Through Roadway,01,Daylight,2/13/2025,2025-02-13,W,25.78,F,N,,,FCB1BD2332C1B790A9060D1977CB4D1709A7AD811C3210573A2061BF5E127DC5,MD,01,No,,,,,01,Dry,,,,,,,,
Property Damage Crashes,AM0335008B,Bladensburg Police Department,"Sideswipe, Same Direction",Prince George's,Local,No,No,No,No,No,46TH ST,5417,OTHER PUBLIC ROAD,No,True,No,4/23/2025,No,Point,38.939202324,-76.939583435,BLADENSBURG,07,16,03,No,13,,13:48,2025,Wednesday,12,Motor Vehicle In Transport,05,On Roadway,7,,,,46TH ST ANNAPOLIS RD,,99,Unknown,01,Daylight,4/23/2025,2025-04-23,S,17.73,F,N,,,9F97FA4F7405F2443D994C49769853696C5E76D47C9B9B022B9ABD71E932E331,OP,01,No,,,,,01,Dry,,,,,,,,
Property Damage Crashes,MSP757700LB,Maryland State Police,Single Vehicle,Prince George's,Principal Arterial – Other,Yes,No,No,No,No,BALTIMORE AVE,1,UNITED STATE ROUTE,No,True,No,5/28/2025,No,Point,39.078028333,-76.866271667,MSP,101,16,03,No,1,,01:12,2025,Wednesday,36,"Other Post, Pole, Or Support",08,Outside Road/Right-Of-Way,3,,,,,,09,Through Roadway,03,Dark - Lighted,5/28/2025,2025-05-28,S,55.7,F,N,,,AC95998238D1130383DD4C0DC583EE333406505BD9C66F43B42FC9D56DB9BC25,US,01,No,07,Overturn/Rollover,08,Outside Road/Right-Of-Way,09,Wet,,,,,,,,
Property Damage Crashes,DA4381002D,Prince George's County Police,Front to Rear,Prince George's,Local,No,No,No,No,No,FARRAGUT ST,423,COUNTY ROAD,Yes,True,No,1/31/2025,No,Point,38.950135085,-76.925604513,PGCOPD,03,16,03,No,11,,11:55,2025,Friday,12,Motor Vehicle In Transport,05,On Roadway,7,,,,EDMONSTON RD,,06,Non-Junction,01,Daylight,1/31/2025,2025-01-31,W,45.57,F,N,,,FF43A20E6DA74FC70697E1CABF985AD5571ACA54B5CA324D56FE3A8A2BC6E914,CO,01,No,,,,,09,Wet,,,,,,,,
Property Damage Crashes,MSP647600HZ,Maryland State Police,"Sideswipe, Same Direction",Prince George's,Interstate,No,No,No,No,No,CAPITAL BELTWAY (SB/L),95,INTERSTATE ROUTE,No,True,No,4/13/2025,No,Point,38.875751095,-76.843947188,MSP,07,16,03,No,2,,02:39,2025,Sunday,12,Motor Vehicle In Transport,05,On Roadway,1,,,,,,09,Through Roadway,04,Dark - Not Lighted,4/13/2025,2025-04-13,S,1.96,F,N,,,C0B022F39274FA2B4A9BA764D9A0D10D5E4AF2F1797941E3B0C2538EFF280BF0,IS,01,No,,,,,01,Dry,,,,,,,,
Property Damage Crashes,DA3896009H,Prince George's County Police,Front to Rear,Prince George's,Minor Arterial,No,No,No,No,No,POWDER MILL RD (SB/L),212,MARYLAND ROUTE,No,True,No,3/27/2025,No,Point,39.039756525,-76.947699016,PGCOPD,03,16,03,No,17,04,17:18,2025,Thursday,12,Motor Vehicle In Transport,05,On Roadway,4,Perpendicular,,,CHERRY HILL RD CHERRY HILL RD (EB/L),03,05,Intersection or Related,01,Daylight,3/27/2025,2025-03-27,S,0,F,N,,,48FA5B82D84E7736D81D6641E9F19F634EE04D13F8CEB0CAE22ED91338CF467D,MD,01,No,,,,,01,Dry,01,Signalized,,,,,,
Property Damage Crashes,DA391000BV,Prince George's County Police,"Sideswipe, Same Direction",Prince George's,Principal Arterial – Other,No,Yes,No,No,No,NEW HAMPSHIRE AVE,650,MARYLAND ROUTE,No,True,No,4/19/2025,No,Point,38.993065905,-76.986505109,PGCOPD,07,16,03,No,6,,06:18,2025,Saturday,12,Motor Vehicle In Transport,05,On Roadway,3,,,,,,09,Through Roadway,01,Daylight,4/19/2025,2025-04-19,N,26.43,F,N,,,451316B00104732EB7035885D8F6E5E9F94354C3325EC403AB3EE65E0D3DC825,MD,01,No,,,,,01,Dry,,,,,,,,
Property Damage Crashes,MSP647600GY,Maryland State Police,Front to Rear,Prince George's,Principal Arterial – Other,No,No,No,No,No,BRANCH AVE (SB/L),5,MARYLAND ROUTE,No,True,No,2/14/2025,No,Point,38.697801561,-76.874793832,MSP,03,16,03,No,15,,15:22,2025,Friday,12,Motor Vehicle In Transport,05,On Roadway,3,,,,,,09,Through Roadway,01,Daylight,2/14/2025,2025-02-14,N,294.45,F,N,,,DE6E4ED4D20F5BB9446A1FA7E23DA2E512E1555CB82F6545497AD111B6DCAB42,MD,01,No,12,Motor Vehicle In Transport,05,On Roadway,01,Dry,,,,,,,,
Property Damage Crashes,DA4057008S,Prince George's County Police,Single Vehicle,Prince George's,Major Collector,No,No,No,Yes,No,PRINCESS GARDEN PKWY,300,COUNTY ROAD,No,True,No,5/7/2025,No,Point,38.961623544,-76.863061806,PGCOPD,101,16,03,Yes,11,,11:56,2025,Wednesday,17,Pedestrian,05,On Roadway,5,,,,,,09,Through Roadway,01,Daylight,5/7/2025,2025-05-07,S,25.54,F,N,,,967D483A587579A7D550CA48E3ACAE835C42FA0BCCC5DFEB5D93CA21C28E9EDB,CO,01,No,,,,,01,Dry,,,,,,,,
Injury Crashes,MSP6931015G,Maryland State Police,Angle,Prince George's,Local,Yes,No,No,No,No,OLD CENTRAL AVE,978,MARYLAND ROUTE,No,True,No,5/28/2025,No,Point,38.896882357,-76.721681195,MSP,01,16,02,No,23,,23:16,2025,Wednesday,12,Motor Vehicle In Transport,05,On Roadway,7,,,,CRAIN HWY (SB/L),,02,Crossover-Related,04,Dark - Not Lighted,5/28/2025,2025-05-28,S,4.45,F,N,,,C8C18450F40681751B88ACE00C267FCA2415397C121D0B86019BDA3B4ECECDEF,MD,01,No,,,,,01,Dry,,,,,,,,
Property Damage Crashes,DA4425000H,Prince George's County Police,Single Vehicle,Prince George's,Principal Arterial – Other,No,No,No,No,No,CENTRAL AVE (WB/L),214,MARYLAND ROUTE,Yes,True,No,5/1/2025,No,Point,38.890449544,-76.856408157,PGCOPD,101,16,03,Yes,15,,15:30,2025,Thursday,35,"Other Fixed Object (wall, building, tunnel, etc.)",99,Unknown,3,,,,,,99,Unknown,01,Daylight,5/1/2025,2025-05-01,W,50.42,F,N,,,4DA647C7E37E2D3D111686E076CC7A0686A0F2456A4875FACEF28E0BFF38708C,MD,01,No,,,,,01,Dry,,,,,,,,
Property Damage Crashes,CBPD00680071,Bowie Police Department,Other,Prince George's,,No,No,No,No,Yes,,,,No,True,No,2/21/2025,No,Point,38.973367680,-76.757530624,BOWIE,98,16,03,,10,,10:34,2025,Friday,12,Motor Vehicle In Transport,02,In Parking Lane Or Zone,,,,,,,,,01,Daylight,2/21/2025,2025-02-21,,,F,N,102,Parking Lot Way,,,01,No,15,Parked Vehicle,02,In Parking Lane Or Zone,,,,,,,,,,
Injury Crashes,DA4422000M,Prince George's County Police,Front to Rear,Prince George's,Principal Arterial – Other Freeways and Expressways,No,Yes,No,No,No,RAMP 8 FR MD 201 SB TO MD 459 WB,50,RAMP,No,True,No,3/7/2025,No,Point,38.921248163,-76.931202593,PGCOPD,03,16,02,Yes,21,,21:00,2025,Friday,12,Motor Vehicle In Transport,05,On Roadway,2,,,,,,09,Through Roadway,03,Dark - Lighted,3/7/2025,2025-03-07,S,31.16,F,N,,,767C674C99FB6C730FC2D3120567005F82E3397806B32960F04D26AA5701EACF,RP,01,No,,,,,01,Dry,,,,,,,,
Property Damage Crashes,MSP78720044,Maryland State Police,"Sideswipe, Same Direction",Prince George's,Principal Arterial – Other,No,No,No,No,No,CRAIN HWY (SB/L),301,UNITED STATE ROUTE,No,True,No,5/10/2025,No,Point,38.677668851,-76.875505348,MSP,07,16,03,No,21,,21:46,2025,Saturday,12,Motor Vehicle In Transport,05,On Roadway,3,,,,,,09,Through Roadway,03,Dark - Lighted,5/10/2025,2025-05-10,N,52.24,F,N,,,9CEC143A0C4DEA5DA5FED7E3C9824F90283724026E5F22DD2C6C86521A36D3AB,US,01,No,,,,,01,Dry,,,,,,,,
Property Damage Crashes,CBPD01310009,Bowie Police Department,Single Vehicle,Prince George's,Major Collector,No,No,No,No,No,NORTHVIEW DR,1959,MUNICIPAL ROAD,No,True,No,2/23/2025,No,Point,38.946479238,-76.738354768,BOWIE,101,16,03,Yes,23,,23:11,2025,Sunday,27,Curb,09,Roadside,5,,,,,,09,Through Roadway,03,Dark - Lighted,2/23/2025,2025-02-23,S,20.21,F,N,,,C1E5761DFFF2D4AFB523522F5016DC4D00C8A783F656C03A37EC0050F49B707D,MU,01,No,,,,,01,Dry,,,,,,,,
Property Damage Crashes,MSP7770006L,Maryland State Police,Front to Rear,Prince George's,Interstate,Yes,No,No,No,No,CAPITAL BELTWAY (NB LOCAL),95,INTERSTATE ROUTE,No,True,No,2/13/2025,No,Point,38.802581667,-76.999301667,MSP,03,16,03,No,19,,19:21,2025,Thursday,12,Motor Vehicle In Transport,05,On Roadway,1,,,,,,06,Non-Junction,03,Dark - Lighted,2/13/2025,2025-02-13,W,34.37,F,N,,,C663BE7FC1D51BB1D3474D97764F80D7E56FBA5D6E06747C9F962FA7A9FE2B40,IS,01,No,,,,,01,Dry,,,,,,,,
Property Damage Crashes,MSP7871002R,Maryland State Police,Front to Rear,Prince George's,Interstate,No,No,No,No,No,NO NAME,95,INTERSTATE ROUTE,No,True,No,3/11/2025,No,Point,39.032645667,-76.943806333,MSP,03,16,03,No,17,,17:53,2025,Tuesday,12,Motor Vehicle In Transport,05,On Roadway,1,,,,,,09,Through Roadway,01,Daylight,3/11/2025,2025-03-11,W,51.68,F,N,,,316FA3575C068F6596FE8508DA5029E436FCE498B903B92F9C8292C183F679EF,IS,01,No,,,,,01,Dry,,,,,,,,
Property Damage Crashes,DA338900BX,Prince George's County Police,Front to Rear,Prince George's,Principal Arterial – Other,No,No,No,No,No,BRANCH AVE (SB/L),5,MARYLAND ROUTE,No,True,No,4/20/2025,No,Point,38.828455156,-76.929073580,PGCOPD,03,16,03,No,21,,21:18,2025,Sunday,12,Motor Vehicle In Transport,05,On Roadway,3,,,,,,09,Through Roadway,04,Dark - Not Lighted,4/20/2025,2025-04-20,S,27.24,F,N,,,D5FD0B8E194A6D62EF95A1619BCDD17C7B752EFF563891A713AACB114DA8C47F,MD,01,No,,,,,01,Dry,,,,,,,,
Property Damage Crashes,MSP743900M4,Maryland State Police,"Sideswipe, Same Direction",Prince George's,Interstate,No,No,No,No,No,CAPITAL BELTWAY (SB/L),95,INTERSTATE ROUTE,No,True,No,1/25/2025,No,Point,38.991405050,-76.886053005,MSP,07,16,03,No,21,,21:28,2025,Saturday,12,Motor Vehicle In Transport,05,On Roadway,1,,101,State,,,04,Entrance/Exit Ramp or Related,04,Dark - Not Lighted,1/25/2025,2025-01-25,N,80.55,F,N,,,6CD46DF7DEFCEC6D6EDDC788157D986E7A6A3E472C8CB67D58565EC9986CBF4C,IS,01,No,41,Utility Pole/Light Support,09,Roadside,01,Dry,,,,,,,,
Property Damage Crashes,DA3973006H,Prince George's County Police,Angle,Prince George's,Minor Arterial,No,No,No,No,No,RIGGS RD,212,MARYLAND ROUTE,No,True,No,3/30/2025,No,Point,38.984539941,-76.978886069,PGCOPD,01,16,03,No,12,,12:40,2025,Sunday,12,Motor Vehicle In Transport,05,On Roadway,4,,,,,,06,Non-Junction,01,Daylight,3/30/2025,2025-03-30,E,30.89,F,N,,,85766F42A62014E26AC94D119B9B92CD220D264EBD3DA9A29E064FED0D845E8F,MD,01,No,,,,,01,Dry,,,,,,,,
Property Damage Crashes,DA364800CH,Prince George's County Police,"Sideswipe, Opposite Direction",Prince George's,Local,No,Yes,No,No,No,QUEEN ANNE RD,1914,COUNTY ROAD,No,True,No,4/23/2025,No,Point,38.885252473,-76.713909566,PGCOPD,06,16,03,No,9,,09:30,2025,Wednesday,12,Motor Vehicle In Transport,05,On Roadway,7,,,,,,09,Through Roadway,01,Daylight,4/23/2025,2025-04-23,W,18.39,F,N,,,1FF5E059917B97DB9176B0FA047110327187A2CB1F6DC6E9208EE1C4E48920FB,CO,01,No,,,,,01,Dry,,,,,,,,
Injury Crashes,DA3952008K,Prince George's County Police,Front to Front,Prince George's,,No,No,No,No,No,CHURCH RD (NB/L),59,COUNTY ROAD,No,True,No,4/12/2025,No,Point,38.960713835,-76.766129351,PGCOPD,02,16,02,Yes,9,,09:11,2025,Saturday,12,Motor Vehicle In Transport,05,On Roadway,,,,,,,99,Unknown,01,Daylight,4/12/2025,2025-04-12,W,34.49,F,N,,,3DC6B75419F21DAF5A0127E212CB930268A8ED4643991AAB3D5609E777F3D3BD,CO,01,No,,,,,09,Wet,,,,,,,,
Property Damage Crashes,DA4417000Y,Prince George's County Police,Angle,Prince George's,Principal Arterial – Other,No,No,No,No,No,BRANCH AVE,5,MARYLAND ROUTE,No,True,No,5/7/2025,No,Point,38.850806249,-76.954986873,PGCOPD,01,16,03,No,22,,22:30,2025,Wednesday,12,Motor Vehicle In Transport,05,On Roadway,3,,,,,,06,Non-Junction,03,Dark - Lighted,5/7/2025,2025-05-07,N,14.69,F,N,,,351AF99FF8299E37D28351FA5DE94DE681B0C8E3D680ADA0CA7009092C9518C4,MD,01,No,,,,,01,Dry,,,,,,,,
Property Damage Crashes,MSP546601R7,Maryland State Police,"Sideswipe, Same Direction",Prince George's,Interstate,No,Yes,No,No,No,CAPITAL BELTWAY,95,INTERSTATE ROUTE,No,True,No,1/27/2025,No,Point,38.920658227,-76.852353247,MSP,07,16,03,Yes,16,,16:50,2025,Monday,12,Motor Vehicle In Transport,05,On Roadway,1,,,,,,09,Through Roadway,01,Daylight,1/27/2025,2025-01-27,N,761.34,F,N,,,B5B627145AC1639A8919D5E8D40B21BD756891985EEF7DCB0B00630B449DDB8D,IS,01,No,,,,,01,Dry,,,,,,,,
Property Damage Crashes,DA4349003Y,Prince George's County Police,Single Vehicle,Prince George's,Local,No,No,No,No,No,EASTERN LA,116,COUNTY ROAD,No,True,No,3/16/2025,No,Point,38.847402986,-76.918653640,PGCOPD,101,16,03,No,15,,15:50,2025,Sunday,30,Fence,06,"On Shoulder, Left Side",7,,,,,,06,Non-Junction,01,Daylight,3/16/2025,2025-03-16,E,22.59,F,N,,,4FF4CA90B748F8D15F539013B932A164E2565C295CDD3D95321A84D269572840,CO,01,No,,,,,01,Dry,,,,,,,,
Property Damage Crashes,DA345600FF,Prince George's County Police,"Sideswipe, Same Direction",Prince George's,Principal Arterial – Other,No,No,No,No,No,UNIVERSITY BLVD (WB/L),193,MARYLAND ROUTE,No,True,No,4/14/2025,No,Point,38.983921653,-76.978921033,PGCOPD,07,16,03,No,18,,18:36,2025,Monday,12,Motor Vehicle In Transport,05,On Roadway,3,,,,,,06,Non-Junction,01,Daylight,4/14/2025,2025-04-14,S,35.96,F,N,,,A196E223682F4A97892DD4789D298CBE5F17BA888D6F9F08F9CBAF33C221E06A,MD,01,No,,,,,01,Dry,,,,,,,,
Injury Crashes,RD01260048,Riverdale Park Police Department,Front to Rear,Prince George's,Principal Arterial – Other,No,No,No,No,No,EAST WEST HWY,410,MARYLAND ROUTE,No,True,No,1/29/2025,No,Point,38.960669756,-76.921055830,RIVERDALE,03,16,02,No,9,,09:24,2025,Wednesday,12,Motor Vehicle In Transport,05,On Roadway,3,,,,,,01,Acceleration/Deceleration Lane,01,Daylight,1/29/2025,2025-01-29,S,31.14,F,N,,,2B4EE659DF6AF947455D8D5EBA118021FCBA3BB5FE1D082661E9A5BEF1D08A0D,MD,01,No,15,Parked Vehicle,05,On Roadway,01,Dry,,,,,,,,
Property Damage Crashes,DA44310011,Prince George's County Police,Angle,Prince George's,Principal Arterial – Other,No,No,No,No,No,EAST WEST HWY,410,MARYLAND ROUTE,No,True,No,4/2/2025,No,Point,38.973648460,-76.982058028,PGCOPD,01,16,03,No,6,,06:00,2025,Wednesday,12,Motor Vehicle In Transport,05,On Roadway,3,,,,17TH AVE,,06,Non-Junction,03,Dark - Lighted,4/2/2025,2025-04-02,S,12.4,F,N,,,B8FCD8C4728827A428D020F4B2EA383850BB6030727E3DE8091B00CA049D0D67,MD,01,No,,,,,01,Dry,,,,,,,,
Injury Crashes,CE4909007Q,Laurel Police Department,Other,Prince George's,Minor Arterial,No,No,No,No,No,SEVENTH ST,216,MARYLAND ROUTE,No,True,No,5/19/2025,No,Point,39.102962194,-76.855784633,LAUREL,98,16,02,No,21,,21:25,2025,Monday,12,Motor Vehicle In Transport,05,On Roadway,4,,100,Local,,,02,Crossover-Related,03,Dark - Lighted,5/19/2025,2025-05-19,N,18.93,F,N,,,A9E08A3E666FF4A81A07DF06FCA43B91C497AC0CB725F34FFFD78F6854AED2E4,MD,01,No,12,Motor Vehicle In Transport,06,"On Shoulder, Left Side",01,Dry,,,,,,,,
Property Damage Crashes,MSP74160025,Maryland State Police,Front to Rear,Prince George's,Interstate,No,No,No,No,No,NO NAME (SB/L),95,INTERSTATE ROUTE,No,True,No,5/24/2025,No,Point,39.0217406,-76.942150233,MSP,03,16,03,No,6,,06:41,2025,Saturday,12,Motor Vehicle In Transport,05,On Roadway,1,,,,,,09,Through Roadway,01,Daylight,5/24/2025,2025-05-24,S,22.85,F,N,,,498CFB7878F5C54770BFD097601231A7C1328F720AFD893A91820217917854CC,IS,01,No,,,,,01,Dry,,,,,,,,
Property Damage Crashes,DA44340001,Prince George's County Police,Angle,Prince George's,Principal Arterial – Other,No,No,No,No,No,MARTIN LUTHER KING JR HWY,704,MARYLAND ROUTE,No,True,No,3/31/2025,No,Point,38.916078839,-76.883140584,PGCOPD,01,16,03,No,17,,17:36,2025,Monday,12,Motor Vehicle In Transport,02,In Parking Lane Or Zone,3,,,,,,06,Non-Junction,01,Daylight,3/31/2025,2025-03-31,S,19.85,F,N,,,0C2A2F31B213BAA4D26567151B38EA8B802B5B370EEAA0A9427941E8957DD4E1,MD,01,No,,,,,01,Dry,,,,,,,,
Property Damage Crashes,CBPD0092004H,Bowie Police Department,Single Vehicle,Prince George's,,No,No,No,No,No,RACE TRACK RD (WB/L),49,COUNTY ROAD,No,True,No,5/27/2025,No,Point,39.010855851,-76.757605285,BOWIE,101,16,03,No,17,,17:30,2025,Tuesday,40,Tree (standing),05,On Roadway,,,,,,,06,Non-Junction,01,Daylight,5/27/2025,2025-05-27,N,8.06,F,N,,,E3269E154C7531289905897916974EAD51581AA98479BA66DC44A0877581AD37,CO,01,No,,,,,09,Wet,,,,,,,,
Property Damage Crashes,CBPD0098007F,Bowie Police Department,Angle,Prince George's,,No,No,No,No,No,TOWN CENTER BLVD,2090,LOCAL ROAD,No,True,No,4/12/2025,No,Point,38.946138792,-76.733995215,BOWIE,01,16,03,No,9,,09:20,2025,Saturday,12,Motor Vehicle In Transport,05,On Roadway,,,,,COLLINGTON RD (SB/L) TOWN CENTER BLVD,,06,Non-Junction,01,Daylight,4/12/2025,2025-04-12,E,25.17,F,N,,,FC8B87535B14EE5DBD5F82C689B2341427214F10C4BB802BF1C67BDC0672DA56,LL,01,No,,,,,01,Dry,,,,,,,,