Crash Severity Description,Reportnumber,Agencyname,CollisionImpact Description,Crash County Description,FunctionalClass Description,ImpairedCrash,Large Vehicle Involved,Motorcycle Crash,Non-Motorist Crash,OffRoad,RoadName,Route Number,RouteType Description,Unrestrained Occupants,WithinDateRange,Work Zone Related,Crashdate,Work Zone Crash,CrashPoint,Latitude,Longitude,AgencyCode,CollisionImpact,Crash County,Crash Severity,Crash Within Interchange,Crashhour,CrashInterchangeApproaches,Crashtime,CrashYear,Dayofweek,FirstHarmEvent,FirstHarmEvent Description,FirstHarmLocation,FirstHarmLocation Description,FunctionalClass,Geometry Description,GovPropertyDamage,GovPropertyDamage Description,IntersectingRoadName,Intersection Geometry,JunctionRelated,JunctionRelated Description,Light,Light Description,LOD Crash Date,LOD Date Level,MilepointDirection,MilepointDistance,MilepointUnits,NonTrafficFatal,OffroadLocation,OffroadLocation Description,RoadID,RouteType,SchoolBusRelated,SchoolBusRelated Description,SecondHarmEvent,SecondHarmEvent Description,SecondHarmLocation,SecondHarmLocation Description,Surface,Surface Description,TrafficControl,Trafficcontrol Description,WZLawEnforcementPresent,WZLocation,WZLocation Description,WZType,WZType Description,WZWorkersPresent
Injury Crashes,DJ01840019,Seat Pleasant Police Department,Front to Rear,Prince George's,Principal Arterial – Other,No,No,No,No,No,CENTRAL AVE (WB/L),214,MARYLAND ROUTE,No,True,No,5/10/2025,No,Point,38.890102236,-76.859450046,SEATPLEASANT,03,16,02,No,8,,08:09,2025,Saturday,12,Motor Vehicle In Transport,05,On Roadway,3,,,,NORAIR AVE,,06,Non-Junction,01,Daylight,5/10/2025,2025-05-10,W,25.78,F,N,,,B3632FB4F011528948C0455A0A015953C7E9B873CAA93BFD34CC322ED3A9DF1B,MD,01,No,,,,,01,Dry,,,,,,,,
Property Damage Crashes,DA345600F1,Prince George's County Police,Single Vehicle,Prince George's,Local,No,No,No,No,No,EDWARDS WAY,1764,COUNTY ROAD,No,True,No,2/24/2025,No,Point,39.004910598,-76.970959466,PGCOPD,101,16,03,No,3,,03:39,2025,Monday,41,Utility Pole/Light Support,09,Roadside,7,,,,,,06,Non-Junction,03,Dark - Lighted,2/24/2025,2025-02-24,W,6.59,F,N,,,1C04867523F961E10EBD5B09AC20585E1CDF84076B62F0E52247D85EC614C5EB,CO,01,No,,,,,01,Dry,,,,,,,,
Property Damage Crashes,DA4431001F,Prince George's County Police,Single Vehicle,Prince George's,Principal Arterial – Other,No,No,No,No,No,NEW HAMPSHIRE AVE,650,MARYLAND ROUTE,No,True,No,5/10/2025,No,Point,38.975196597,-76.994210275,PGCOPD,101,16,03,No,23,,23:30,2025,Saturday,27,Curb,09,Roadside,3,,,,,,06,Non-Junction,03,Dark - Lighted,5/10/2025,2025-05-10,W,11.46,F,N,,,34FE94C77C784529E44380B7B29A57852CCEFC9A57ED18987795B27952B19E92,MD,01,No,,,,,01,Dry,,,,,,,,
Property Damage Crashes,MSP7453009X,Maryland State Police,Front to Rear,Prince George's,Interstate,No,No,No,No,No,CAPITAL BELTWAY,95,INTERSTATE ROUTE,No,True,No,4/8/2025,No,Point,38.928878967,-76.854103867,MSP,03,16,03,No,15,,15:37,2025,Tuesday,12,Motor Vehicle In Transport,05,On Roadway,1,,,,,,06,Non-Junction,01,Daylight,4/8/2025,2025-04-08,W,38.41,F,N,,,435DDB1F90C0E48A0023B115BF03185575BFAC3DA013381E03428F94538FC3F6,IS,01,No,,,,,01,Dry,,,,,,,,
Fatal Crashes,DA4340003Z,Prince George's County Police,Front to Front,Prince George's,Principal Arterial – Other,No,No,No,No,No,GLENN DALE BLVD (WB/L),193,MARYLAND ROUTE,No,True,No,1/23/2025,No,Point,38.978218825,-76.803094018,PGCOPD,02,16,01,Yes,16,04,16:00,2025,Thursday,12,Motor Vehicle In Transport,99,Unknown,3,Perpendicular,,,DAISY LA,03,05,Intersection or Related,01,Daylight,1/23/2025,2025-01-23,E,0,F,N,,,B041C07515F53361691B046F077DB1FBF6F531E68F0BF0B90DAFE87DDC81764E,MD,01,No,,,,,01,Dry,01,Signalized,,,,,,
Property Damage Crashes,DA4427000J,Prince George's County Police,Single Vehicle,Prince George's,Minor Arterial,No,No,No,No,No,LIVINGSTON RD,373,MARYLAND ROUTE,No,True,No,3/20/2025,No,Point,38.669694131,-77.001707602,PGCOPD,101,16,03,No,7,,07:09,2025,Thursday,36,"Other Post, Pole, Or Support",06,"On Shoulder, Left Side",4,,100,Local,,,06,Non-Junction,01,Daylight,3/20/2025,2025-03-20,W,24.93,F,N,,,76C2746B4AA603F641126FEF66AA76539E0189D0D17997CEDE064A420AB6184A,MD,01,No,,,,,01,Dry,,,,,,,,
Property Damage Crashes,MSP7552009F,Maryland State Police,Single Vehicle,Prince George's,Interstate,No,No,No,No,No,RAMP 2 FR IS 95 WB TO MD 201 NB,95,RAMP,No,True,No,1/14/2025,No,Point,39.0044293,-76.8934545,MSP,101,16,03,No,2,,02:49,2025,Tuesday,29,Embankment,09,Roadside,1,,,,,,04,Entrance/Exit Ramp or Related,03,Dark - Lighted,1/14/2025,2025-01-14,S,28.31,F,N,,,2A07A9B156E5F02008B0F36802E7BB2A8DCF8638E93748F79682AB1993F63502,RP,01,No,,,,,01,Dry,,,,,,,,
Property Damage Crashes,DA29630018,Prince George's County Police,"Sideswipe, Opposite Direction",Prince George's,Major Collector,No,No,No,No,No,THRIFT RD,145,COUNTY ROAD,No,True,No,1/28/2025,No,Point,38.711493643,-76.940257447,PGCOPD,06,16,03,No,6,04,06:22,2025,Tuesday,12,Motor Vehicle In Transport,05,On Roadway,5,Perpendicular,,,BLACKWATER RD WINDBROOK DR,03,05,Intersection or Related,01,Daylight,1/28/2025,2025-01-28,E,0,F,N,,,C4FD63554AD3BAD933EE071D08E7CE3C616B778CA58E812C06E010A973F4CBA0,CO,01,No,,,,,01,Dry,02,Stop - All Way,,,,,,
Property Damage Crashes,CE5294001L,Laurel Police Department,"Sideswipe, Same Direction",Prince George's,Minor Collector,No,No,No,No,No,MAIN ST,230,MUNICIPAL ROAD,No,True,No,2/21/2025,No,Point,39.105700929,-76.847378019,LAUREL,07,16,03,No,15,,15:44,2025,Friday,12,Motor Vehicle In Transport,05,On Roadway,6,,,,,,06,Non-Junction,01,Daylight,2/21/2025,2025-02-21,W,38.66,F,N,,,237A7979B2E011A81127FA0D1FD8F2376DF2CEBFE62364E71C2422B8EB2B62BC,MU,01,No,,,,,01,Dry,,,,,,,,
Injury Crashes,MSP617100MM,Maryland State Police,Front to Rear,Prince George's,Interstate,No,No,No,No,No,NO NAME (SB/L),95,INTERSTATE ROUTE,No,True,No,2/7/2025,No,Point,39.078718813,-76.902252063,MSP,03,16,02,No,23,,23:09,2025,Friday,12,Motor Vehicle In Transport,05,On Roadway,1,,,,,,06,Non-Junction,03,Dark - Lighted,2/7/2025,2025-02-07,S,23.38,F,N,,,464EA4E326613BA3C0F1EE89CC2A649DF92FC996D5861F74C00C6BF5D3A6E4D5,IS,01,No,,,,,01,Dry,,,,,,,,
Property Damage Crashes,DA4356002V,Prince George's County Police,Unknown,Prince George's,,No,No,No,No,Yes,,,,No,True,No,1/8/2025,No,Point,38.845651016,-76.897173995,PGCOPD,99,16,03,,17,,17:30,2025,Wednesday,15,Parked Vehicle,02,In Parking Lane Or Zone,,,,,,,,,04,Dark - Not Lighted,1/8/2025,2025-01-08,,,F,N,100,Parking Stall,,,01,No,,,,,,,,,,,,,,
Property Damage Crashes,MSP69310133,Maryland State Police,"Sideswipe, Same Direction",Prince George's,Principal Arterial – Other,No,No,No,No,No,CRAIN HWY (SB/L),301,UNITED STATE ROUTE,No,True,No,2/8/2025,No,Point,38.925755225,-76.717186116,MSP,07,16,03,No,19,,19:52,2025,Saturday,12,Motor Vehicle In Transport,05,On Roadway,3,,,,,,06,Non-Junction,03,Dark - Lighted,2/8/2025,2025-02-08,S,43.72,F,N,,,EAFAC90C14CB3C6B99F39D89A0BE051DE8B1BACAB1E2A65C538B7D9A03EF42C4,US,01,No,,,,,09,Wet,,,,,,,,
Property Damage Crashes,DA373600D7,Prince George's County Police,Front to Rear,Prince George's,Minor Arterial,No,No,No,No,No,LIVINGSTON RD,1203,COUNTY ROAD,No,True,No,4/17/2025,No,Point,38.803285640,-76.989533657,PGCOPD,03,16,03,Yes,21,,21:36,2025,Thursday,12,Motor Vehicle In Transport,05,On Roadway,4,,,,,,09,Through Roadway,03,Dark - Lighted,4/17/2025,2025-04-17,S,25.01,F,N,,,EE386139CE0A464796F96A93BF1BF040D17B57DF132CE724A784D97559B47517,CO,01,No,,,,,01,Dry,,,,,,,,
Property Damage Crashes,MSP757700J6,Maryland State Police,Other,Prince George's,Principal Arterial – Other,No,No,No,No,No,,1,UNITED STATE ROUTE,No,True,No,3/4/2025,No,Point,39.036467642,-76.905919992,MSP,98,16,03,No,17,02,17:26,2025,Tuesday,12,Motor Vehicle In Transport,09,Roadside,3,Perpendicular,,,PRINCE GEORGES AVE,03,05,Intersection or Related,01,Daylight,3/4/2025,2025-03-04,S,0,F,N,,,1D87C13D2583E4ECA21DB3B6D4A7995C961644AFD4E578F431776B491AD0F6AD,US,01,No,97,Not Applicable,,,01,Dry,01,Signalized,,,,,,
Property Damage Crashes,DA43200035,Prince George's County Police,Front to Rear,Prince George's,,No,No,No,No,No,,123,COUNTY ROAD,No,True,No,5/13/2025,No,Point,38.806432797,-76.935380761,PGCOPD,03,16,03,No,10,,10:31,2025,Tuesday,12,Motor Vehicle In Transport,05,On Roadway,,,,,,,09,Through Roadway,01,Daylight,5/13/2025,2025-05-13,N,23.22,F,N,,,F0733E34F3F46B487229FA2A4BBDFDD29C88B3C505C7E7B53F6ADF5E28E052F4,CO,01,No,12,Motor Vehicle In Transport,05,On Roadway,09,Wet,,,,,,,,
Property Damage Crashes,CC0299001S,Hyattsville Police Department,Single Vehicle,Prince George's,,No,Yes,No,No,Yes,,,,No,True,No,5/19/2025,No,Point,38.969016683,-76.957844797,HYATTSVILLE,101,16,03,,15,,15:15,2025,Monday,35,"Other Fixed Object (wall, building, tunnel, etc.)",04,"Off-Roadway, Location Unknown",,,,,,,,,98,Other,5/19/2025,2025-05-19,,,F,N,106,Driveway,,,01,No,,,,,,,,,,,,,,
Property Damage Crashes,DA3684006Z,Prince George's County Police,"Sideswipe, Opposite Direction",Prince George's,Local,No,No,No,No,No,GARDNER RD,226,COUNTY ROAD,No,True,No,1/29/2025,No,Point,38.669997911,-76.934165232,PGCOPD,06,16,03,No,15,,15:00,2025,Wednesday,12,Motor Vehicle In Transport,05,On Roadway,7,,,,,,06,Non-Junction,01,Daylight,1/29/2025,2025-01-29,W,41.88,F,N,,,6EC010095BCEA07324AED6A948C92DF6AD650798A30D28E7FBA353F47AE9EE43,CO,01,No,,,,,01,Dry,,,,,,,,
Property Damage Crashes,DA4420000C,Prince George's County Police,Front to Rear,Prince George's,Principal Arterial – Other,No,No,No,No,No,ANNAPOLIS RD,450,MARYLAND ROUTE,No,True,No,1/16/2025,No,Point,38.938934420,-76.926442355,PGCOPD,03,16,03,No,8,,08:35,2025,Thursday,12,Motor Vehicle In Transport,05,On Roadway,3,,,,,,06,Non-Junction,01,Daylight,1/16/2025,2025-01-16,E,7.68,F,N,,,84E45B4BCAA627701D0CDE63500C85D125476AF6CA2F192D3D34C6DE99CFB99C,MD,01,No,,,,,01,Dry,,,,,,,,
Property Damage Crashes,DA44290007,Prince George's County Police,Single Vehicle,Prince George's,,No,No,No,No,No,POLICE PL,2630,LOCAL ROAD,Yes,True,No,1/11/2025,No,Point,38.828262745,-76.851136694,PGCOPD,101,16,03,Yes,4,,04:45,2025,Saturday,27,Curb,09,Roadside,,,,,,,99,Unknown,03,Dark - Lighted,1/11/2025,2025-01-11,S,55.06,F,N,,,DDCA63BC2281B8B8C89EEAA9850AE8D3705450E11C1FCB1CEDCF5E09E92130EC,LL,01,No,,,,,02,Ice/Frost,,,,,,,,
Property Damage Crashes,MSP0568005K,Maryland State Police,Single Vehicle,Prince George's,Interstate,No,No,No,No,No,CAPITAL BELTWAY (SB/L),95,INTERSTATE ROUTE,No,True,No,2/26/2025,No,Point,38.814405603,-76.957657802,MSP,101,16,03,No,14,,14:45,2025,Wednesday,03,Explosion Or Fire,05,On Roadway,1,,,,,,09,Through Roadway,01,Daylight,2/26/2025,2025-02-26,E,17.83,F,N,,,2EE8137329C128800CD9E08BED3B2B0A237540BE9240C8FBC315E6D5931CD4A2,IS,01,No,,,,,01,Dry,,,,,,,,
Property Damage Crashes,DA302000FM,Prince George's County Police,Front to Rear,Prince George's,Principal Arterial – Other,No,No,No,No,No,LANDOVER RD (SB/L),202,MARYLAND ROUTE,No,True,No,5/8/2025,No,Point,38.938250567,-76.924442608,PGCOPD,03,16,03,No,13,04,13:30,2025,Thursday,12,Motor Vehicle In Transport,05,On Roadway,3,Perpendicular,,,55TH AVE,03,05,Intersection or Related,01,Daylight,5/8/2025,2025-05-08,E,0,F,N,,,92EB467F9744A5202DB0EC95CA7FBD7BC7FBC33B679F0501D1F7D7930426FB8E,MD,01,No,,,,,01,Dry,05,No Controls,,,,,,
Property Damage Crashes,CC0306000Z,Hyattsville Police Department,"Sideswipe, Same Direction",Prince George's,Minor Arterial,No,No,No,No,No,BALTIMORE AVE,1,UNITED STATE ROUTE,No,True,No,2/5/2025,No,Point,38.950836895,-76.940721983,HYATTSVILLE,07,16,03,No,7,,07:15,2025,Wednesday,12,Motor Vehicle In Transport,05,On Roadway,4,,,,DECATUR ST #2,,06,Non-Junction,01,Daylight,2/5/2025,2025-02-05,W,3.21,F,N,,,BA146B67124E5B3BB533F452445AC8C8F624A9EBE372DF0963E85CFFB014DC9A,US,01,No,,,,,01,Dry,,,,,,,,
Property Damage Crashes,DA2949003D,Prince George's County Police,"Sideswipe, Same Direction",Prince George's,,No,No,No,No,Yes,,,,No,True,No,4/30/2025,No,Point,38.9237177,-76.7136559,PGCOPD,07,16,03,,14,,14:08,2025,Wednesday,12,Motor Vehicle In Transport,04,"Off-Roadway, Location Unknown",,,100,Local,,,,,01,Daylight,4/30/2025,2025-04-30,,,F,N,102,Parking Lot Way,,,01,No,,,,,,,,,,,,,,
Injury Crashes,MSP744700NR,Maryland State Police,Front to Rear,Prince George's,Principal Arterial – Other,No,No,No,No,No,BRANCH AVE (SB/L),5,MARYLAND ROUTE,No,True,No,4/13/2025,No,Point,38.753205454,-76.879334172,MSP,03,16,02,No,16,,16:54,2025,Sunday,12,Motor Vehicle In Transport,05,On Roadway,3,,,,,,06,Non-Junction,01,Daylight,4/13/2025,2025-04-13,S,12.48,F,N,,,15216C137DFA4D41A39C101A1E4A32B335AB2E11A08E741D9041DA27BE1F32A9,MD,01,No,28,Ditch,09,Roadside,01,Dry,,,,,,,,
Property Damage Crashes,MSP6931014T,Maryland State Police,"Sideswipe, Same Direction",Prince George's,Interstate,No,No,No,No,No,CAPITAL BELTWAY,95,INTERSTATE ROUTE,No,True,No,5/11/2025,No,Point,38.818214748,-76.909621655,MSP,07,16,03,No,13,,13:30,2025,Sunday,12,Motor Vehicle In Transport,05,On Roadway,1,,,,,,06,Non-Junction,01,Daylight,5/11/2025,2025-05-11,S,43.14,F,N,,,7C7960D790D364279C47941BD56B99B03F5BD38CED9679F30E51D0E6E677C948,IS,01,No,,,,,01,Dry,,,,,,,,
Property Damage Crashes,MSP7872004B,Maryland State Police,Front to Rear,Prince George's,Interstate,No,No,No,No,No,CAPITAL BELTWAY (SB/L),95,INTERSTATE ROUTE,No,True,No,5/18/2025,No,Point,38.930786838,-76.854744973,MSP,03,16,03,No,3,,03:45,2025,Sunday,12,Motor Vehicle In Transport,05,On Roadway,1,,,,,,09,Through Roadway,04,Dark - Not Lighted,5/18/2025,2025-05-18,N,45.57,F,N,,,9E0E8CF482AB22AB7D73599F783D2B7A73E4E2C82B3117F02AE594FDF995A422,IS,01,No,,,,,01,Dry,,,,,,,,
Property Damage Crashes,DA393200H2,Prince George's County Police,"Sideswipe, Same Direction",Prince George's,Local,No,Yes,No,No,No,63RD AVE,630,MUNICIPAL ROAD,No,True,No,1/28/2025,No,Point,38.930712215,-76.909045846,PGCOPD,07,16,03,No,11,,11:11,2025,Tuesday,15,Parked Vehicle,05,On Roadway,7,,,,,,09,Through Roadway,01,Daylight,1/28/2025,2025-01-28,E,5.39,F,N,,,E43F9B6DDF04560F39B93AE5FEE37F7A3EE5039CFB69D9A53CC7C264DB973C1E,MU,01,No,,,,,01,Dry,,,,,,,,
Property Damage Crashes,DA3965008Q,Prince George's County Police,"Sideswipe, Same Direction",Prince George's,Minor Arterial,No,No,No,No,No,ADELPHI RD (NB/L),232,COUNTY ROAD,No,True,No,2/25/2025,No,Point,38.985716671,-76.955496001,PGCOPD,07,16,03,Yes,12,,12:21,2025,Tuesday,12,Motor Vehicle In Transport,05,On Roadway,4,,,,CAMPUS DR (WB/L),,09,Through Roadway,01,Daylight,2/25/2025,2025-02-25,S,41.77,F,N,,,651E23860B6F250FE92045D0DBCFB1DC2A5F08EDE6C093496C45BA6846B5E477,CO,01,No,,,,,01,Dry,,,,,,,,
Property Damage Crashes,DA416800CM,Prince George's County Police,"Sideswipe, Same Direction",Prince George's,Local,No,Yes,No,No,No,BIRCHWOOD DR,1439,COUNTY ROAD,No,True,No,6/2/2025,No,Point,38.808569458,-76.986502148,PGCOPD,07,16,03,No,6,,06:58,2025,Monday,15,Parked Vehicle,05,On Roadway,7,,,,,,09,Through Roadway,01,Daylight,6/2/2025,2025-06-02,W,17.06,F,N,,,5C4640E5DF712925CA74636849C9BDE93C1CFC7F26F95B98E7727CB91228F57C,CO,01,No,,,,,01,Dry,,,,,,,,
Property Damage Crashes,MSP743900MB,Maryland State Police,Single Vehicle,Prince George's,Interstate,Yes,No,No,No,No,RAMP 2 FR IS 95 WB TO MD 201 NB,95,RAMP,No,True,No,2/9/2025,No,Point,39.004381863,-76.893363333,MSP,101,16,03,No,5,,05:48,2025,Sunday,32,Guardrail Face,09,Roadside,1,,101,State,,,09,Through Roadway,03,Dark - Lighted,2/9/2025,2025-02-09,W,38.89,F,N,,,2A07A9B156E5F02008B0F36802E7BB2A8DCF8638E93748F79682AB1993F63502,RP,01,No,,,,,09,Wet,,,,,,,,
Property Damage Crashes,DA411200CZ,Prince George's County Police,Front to Rear,Prince George's,Major Collector,No,No,No,No,No,OLD MARLBORO PIKE,4461,COUNTY ROAD,No,True,No,5/11/2025,No,Point,38.835981948,-76.861714657,PGCOPD,03,16,03,No,11,,11:56,2025,Sunday,12,Motor Vehicle In Transport,05,On Roadway,5,,,,,,06,Non-Junction,01,Daylight,5/11/2025,2025-05-11,W,8.21,F,N,,,93316988CBC9F91BC34B58AE79A92A6F28B3F2F75984E85530C4C5DE2015D0BA,CO,01,No,,,,,01,Dry,,,,,,,,
Property Damage Crashes,DA34370049,Prince George's County Police,Front to Rear,Prince George's,Local,No,Yes,No,No,No,OAKLAWN RD,199,COUNTY ROAD,No,True,No,3/7/2025,No,Point,38.771346898,-76.947015490,PGCOPD,03,16,03,No,8,,08:58,2025,Friday,12,Motor Vehicle In Transport,05,On Roadway,7,,,,SHADY REST RD,,09,Through Roadway,01,Daylight,3/7/2025,2025-03-07,W,7.57,F,N,,,071F5CF2F75855705FD92A89D94B186A6E86DD0439EB771E6CDD34F0B817E7C1,CO,02,"Yes, School Bus Directly Involved",,,,,01,Dry,,,,,,,,
Property Damage Crashes,DA44050014,Prince George's County Police,"Sideswipe, Same Direction",Prince George's,Local,No,No,No,No,No,NORMANDY RD,1229,COUNTY ROAD,No,True,No,4/13/2025,No,Point,38.921920093,-76.875112701,PGCOPD,07,16,03,No,17,,17:39,2025,Sunday,12,Motor Vehicle In Transport,07,"On Shoulder, Right Side",7,,,,,,06,Non-Junction,01,Daylight,4/13/2025,2025-04-13,S,16.18,F,N,,,BFBCAEAA0FE944227C9BA244DBF5C4AA79A8D930C0F5657524F2DE2045F00A1A,CO,01,No,,,,,01,Dry,,,,,,,,
Property Damage Crashes,DA4314003G,Prince George's County Police,"Sideswipe, Opposite Direction",Prince George's,Minor Arterial,No,No,No,No,No,RITCHIE MARLBORO RD (SB/L),974,COUNTY ROAD,No,True,No,1/16/2025,No,Point,38.867134727,-76.838216949,PGCOPD,06,16,03,No,22,,22:57,2025,Thursday,12,Motor Vehicle In Transport,05,On Roadway,4,,,,SANSBURY RD,,06,Non-Junction,03,Dark - Lighted,1/16/2025,2025-01-16,N,36.87,F,N,,,133A1686E7EDE95765851A065134BC6C6B80F25AB10FA2D37E0FFB8C0F3A6FBD,CO,01,No,,,,,09,Wet,,,,,,,,
Property Damage Crashes,DA4302002K,Prince George's County Police,Single Vehicle,Prince George's,,No,No,No,No,No,,839,CROSSOVER,No,True,No,1/8/2025,No,Point,38.927205942,-76.778578137,PGCOPD,101,16,03,No,6,,06:04,2025,Wednesday,28,Ditch,01,Gore,,,,,WOODMORE RD (WB/L),,06,Non-Junction,04,Dark - Not Lighted,1/8/2025,2025-01-08,N,106.65,F,N,,,1162B9F0914B23AF0BD385E35431054CCF8CC301847C0E3771C984BE530AA5FD,XO,01,No,,,,,02,Ice/Frost,,,,,,,,
Injury Crashes,DA41920081,Prince George's County Police,Angle,Prince George's,Local,No,No,No,No,No,LARGO CENTER DR,5410,COUNTY ROAD,No,True,No,2/8/2025,No,Point,38.902724440,-76.837535933,PGCOPD,01,16,02,No,17,,17:00,2025,Saturday,12,Motor Vehicle In Transport,05,On Roadway,7,,,,APOLLO DR ARENA DR (EB/L),,09,Through Roadway,01,Daylight,2/8/2025,2025-02-08,W,18.1,F,N,,,FBBDDA73118C4DF0F1A82A43734C95DC22C473D98A44EF06771B2E81F302713F,CO,01,No,97,Not Applicable,,,09,Wet,,,,,,,,
Property Damage Crashes,DA44130008,Prince George's County Police,Front to Rear,Prince George's,Principal Arterial – Other,No,No,No,No,No,EAST WEST HWY (WB/L),410,MARYLAND ROUTE,Yes,True,No,1/12/2025,No,Point,38.970454648,-76.977630520,PGCOPD,03,16,03,No,15,,15:00,2025,Sunday,12,Motor Vehicle In Transport,05,On Roadway,3,,,,,,09,Through Roadway,01,Daylight,1/12/2025,2025-01-12,W,21.47,F,N,,,1CA2611E1C955D31E73F0BD58118F553820231AD492099ED4F3B897830A6C010,MD,01,No,12,Motor Vehicle In Transport,05,On Roadway,01,Dry,,,,,,,,
Property Damage Crashes,DA43520030,Prince George's County Police,"Sideswipe, Same Direction",Prince George's,Principal Arterial – Other Freeways and Expressways,No,No,No,No,No,INDIAN HEAD HWY,210,MARYLAND ROUTE,No,True,No,5/7/2025,No,Point,38.726125867,-76.989995996,PGCOPD,07,16,03,No,7,,07:20,2025,Wednesday,12,Motor Vehicle In Transport,05,On Roadway,2,,,,,,09,Through Roadway,01,Daylight,5/7/2025,2025-05-07,N,29.72,F,N,,,B7B8720629F15627F714EDBFB9B46FEB42E8B543E7102CDAFE70E4B2DA8CECF6,MD,01,No,40,Tree (standing),06,"On Shoulder, Left Side",01,Dry,,,,,,,,
Property Damage Crashes,DA3406002X,Prince George's County Police,Rear To Side,Prince George's,,No,No,No,No,Yes,,,,No,True,No,2/8/2025,No,Point,39.033523702,-76.907481140,PGCOPD,05,16,03,,19,,19:31,2025,Saturday,12,Motor Vehicle In Transport,02,In Parking Lane Or Zone,,,,,,,,,03,Dark - Lighted,2/8/2025,2025-02-08,,,F,N,101,Parking Aisle,,,01,No,,,,,,,,,,,,,,
Injury Crashes,DA306200DL,Prince George's County Police,Single Vehicle,Prince George's,,Yes,No,No,No,Yes,,,,Yes,True,No,3/5/2025,No,Point,38.794741086,-77.003091923,PGCOPD,101,16,02,,18,,18:00,2025,Wednesday,27,Curb,01,Gore,,,,,,,,,03,Dark - Lighted,3/5/2025,2025-03-05,,,F,N,100,Parking Stall,,,01,No,29,Embankment,01,Gore,,,,,,,,,,
Property Damage Crashes,HB05120004,Maryland-National Capital Park Police Prince George's County,Single Vehicle,Prince George's,,No,Yes,No,No,Yes,,,,No,True,No,4/3/2025,No,Point,39.000219086,-76.903676789,PGPARK,101,16,03,,12,,12:09,2025,Thursday,13,Other Non-Fixed Object,04,"Off-Roadway, Location Unknown",,,,,,,,,01,Daylight,4/3/2025,2025-04-03,,,F,N,107,Alley,,,01,No,,,,,,,,,,,,,,
Property Damage Crashes,CE4233002N,Laurel Police Department,Front to Front,Prince George's,Local,No,No,No,No,No,ASHFORD BLVD,18,MUNICIPAL ROAD,No,True,No,3/16/2025,No,Point,39.092824528,-76.865139197,LAUREL,02,16,03,Yes,17,04,17:17,2025,Sunday,12,Motor Vehicle In Transport,05,On Roadway,7,Perpendicular,,,CHERRY LA,03,05,Intersection or Related,01,Daylight,3/16/2025,2025-03-16,N,0,F,N,,,ABF3881DDA4A27E466A359F710FEDDBE64D80099D6E9AC517F1680A220A08185,MU,01,No,,,,,01,Dry,01,Signalized,,,,,,
Injury Crashes,DA43960015,Prince George's County Police,Front to Rear,Prince George's,Local,No,No,No,No,No,QUEBEC ST,1074,COUNTY ROAD,No,True,No,2/15/2025,No,Point,38.995702919,-76.972252991,PGCOPD,03,16,02,No,0,,00:30,2025,Saturday,12,Motor Vehicle In Transport,07,"On Shoulder, Right Side",7,,,,,,06,Non-Junction,04,Dark - Not Lighted,2/15/2025,2025-02-15,W,17.37,F,N,,,E89200E4EB0E2850DD58A4AD430FDC618C0DD90DE01D42717541E1E1A540C242,CO,01,No,,,,,01,Dry,,,,,,,,
Property Damage Crashes,DA3533002V,Prince George's County Police,"Sideswipe, Same Direction",Prince George's,Minor Arterial,No,No,No,No,No,QUEENS CHAPEL RD,500,MARYLAND ROUTE,No,True,No,1/16/2025,No,Point,38.950906274,-76.967040309,PGCOPD,07,16,03,No,15,,15:50,2025,Thursday,12,Motor Vehicle In Transport,05,On Roadway,4,,,,,,06,Non-Junction,01,Daylight,1/16/2025,2025-01-16,N,34.9,F,N,,,F34801F55648D2815BEE86FB2FD62E82726279B7E93549BE48DBD7AE7C308A72,MD,01,No,,,,,01,Dry,,,,,,,,
Property Damage Crashes,MSP7764008L,Maryland State Police,Single Vehicle,Prince George's,Interstate,No,No,No,No,No,JOHN HANSON HWY (WB/L),595,INTERSTATE ROUTE,No,True,No,4/13/2025,No,Point,38.947319895,-76.835054948,MSP,101,16,03,No,16,,16:18,2025,Sunday,03,Explosion Or Fire,05,On Roadway,1,,,,,,06,Non-Junction,01,Daylight,4/13/2025,2025-04-13,E,12.06,F,N,,,4763FF33ECF2AF4C478097AEB2295B9B1445A43F118CB92655182574821B6FAB,IS,01,No,,,,,01,Dry,,,,,,,,
Property Damage Crashes,DA378000F7,Prince George's County Police,"Sideswipe, Same Direction",Prince George's,Local,No,No,No,No,No,WALKERTON DR,3077,COUNTY ROAD,No,True,No,2/1/2025,No,Point,38.948723168,-76.849048776,PGCOPD,07,16,03,No,5,,05:00,2025,Saturday,15,Parked Vehicle,05,On Roadway,7,,,,,,09,Through Roadway,04,Dark - Not Lighted,2/1/2025,2025-02-01,N,8.59,F,N,,,B953A53978B1D6A5B09AA6490D01A7D0BDCF356E59E121FFDE4C3D852E2B8631,CO,01,No,97,Not Applicable,,,09,Wet,,,,,,,,
Property Damage Crashes,MSP697200GQ,Maryland State Police,Front to Rear,Prince George's,Interstate,No,No,No,No,No,CAPITAL BELTWAY,95,INTERSTATE ROUTE,No,True,No,4/27/2025,No,Point,38.987618624,-76.882085845,MSP,03,16,03,No,15,,15:40,2025,Sunday,12,Motor Vehicle In Transport,05,On Roadway,1,,,,,,06,Non-Junction,01,Daylight,4/27/2025,2025-04-27,W,33.6,F,N,,,82E2394BA627A160A036A1522C74B870DC61E0E7D4C77D68BFC7D12969E0B815,IS,01,No,,,,,01,Dry,,,,,,,,