Crash Severity Description,Reportnumber,Agencyname,CollisionImpact Description,Crash County Description,FunctionalClass Description,ImpairedCrash,Large Vehicle Involved,Motorcycle Crash,Non-Motorist Crash,OffRoad,RoadName,Route Number,RouteType Description,Unrestrained Occupants,WithinDateRange,Work Zone Related,Crashdate,Work Zone Crash,CrashPoint,Latitude,Longitude,AgencyCode,CollisionImpact,Crash County,Crash Severity,Crash Within Interchange,Crashhour,CrashInterchangeApproaches,Crashtime,CrashYear,Dayofweek,FirstHarmEvent,FirstHarmEvent Description,FirstHarmLocation,FirstHarmLocation Description,FunctionalClass,Geometry Description,GovPropertyDamage,GovPropertyDamage Description,IntersectingRoadName,Intersection Geometry,JunctionRelated,JunctionRelated Description,Light,Light Description,LOD Crash Date,LOD Date Level,MilepointDirection,MilepointDistance,MilepointUnits,NonTrafficFatal,OffroadLocation,OffroadLocation Description,RoadID,RouteType,SchoolBusRelated,SchoolBusRelated Description,SecondHarmEvent,SecondHarmEvent Description,SecondHarmLocation,SecondHarmLocation Description,Surface,Surface Description,TrafficControl,Trafficcontrol Description,WZLawEnforcementPresent,WZLocation,WZLocation Description,WZType,WZType Description,WZWorkersPresent
Property Damage Crashes,CBPD0112005F,Bowie Police Department,Front to Rear,Prince George's,Principal Arterial – Other,No,No,No,No,No,COLLINGTON RD (SB/L),197,MARYLAND ROUTE,No,True,No,4/19/2025,No,Point,38.947472142,-76.737732630,BOWIE,03,16,03,No,13,,13:25,2025,Saturday,12,Motor Vehicle In Transport,05,On Roadway,3,,,,,,06,Non-Junction,01,Daylight,4/19/2025,2025-04-19,W,33.96,F,N,,,4F718C46FF99ACB98249A19DFF0CBEDD30885D9DCA1462DBE609E76113DBCCC4,MD,01,No,,,,,01,Dry,,,,,,,,
Property Damage Crashes,MSP546601SH,Maryland State Police,Front to Rear,Prince George's,Interstate,Yes,No,No,No,No,CAPITAL BELTWAY (SB/L),95,INTERSTATE ROUTE,No,True,No,3/22/2025,No,Point,38.978157893,-76.873896327,MSP,03,16,03,Yes,2,,02:43,2025,Saturday,12,Motor Vehicle In Transport,05,On Roadway,1,,,,,,09,Through Roadway,04,Dark - Not Lighted,3/22/2025,2025-03-22,N,21.46,F,N,,,9C7477CCA9DC6187C0A5E30D7B7FB97C5F722D1AAA1347E4B43943651AD3D946,IS,01,No,,,,,01,Dry,,,,,,,,
Property Damage Crashes,DA3868007K,Prince George's County Police,Front to Front,Prince George's,Local,No,No,No,No,No,IMPERIAL DR,3237,COUNTY ROAD,No,True,No,1/12/2025,No,Point,39.068581024,-76.857956855,PGCOPD,02,16,03,No,23,,23:30,2025,Sunday,12,Motor Vehicle In Transport,05,On Roadway,7,,,,,,06,Non-Junction,03,Dark - Lighted,1/12/2025,2025-01-12,E,14.94,F,N,,,90951EC010500D57AE46D5B2CBE253B74E96401B63B04C6E7324511D33DC3362,CO,01,No,15,Parked Vehicle,05,On Roadway,09,Wet,,,,,,,,
Property Damage Crashes,DA4390001K,Prince George's County Police,"Sideswipe, Same Direction",Prince George's,Minor Arterial,No,No,No,No,No,WALKER MILL RD (EB/L),367,COUNTY ROAD,No,True,No,5/17/2025,No,Point,38.875752910,-76.872595367,PGCOPD,07,16,03,No,10,,10:22,2025,Saturday,12,Motor Vehicle In Transport,09,Roadside,4,,,,,,09,Through Roadway,01,Daylight,5/17/2025,2025-05-17,S,14.22,F,N,,,EC44BBBE3B1D9CBC9380C15D0471BA53CD761A38CB764978492C4BEA55333250,CO,01,No,,,,,01,Dry,,,,,,,,
Property Damage Crashes,DA4073006J,Prince George's County Police,Front to Front,Prince George's,Major Collector,No,No,No,No,No,,501,MARYLAND ROUTE,No,True,No,2/20/2025,No,Point,38.951439455,-76.967371164,PGCOPD,02,16,03,No,17,,17:33,2025,Thursday,12,Motor Vehicle In Transport,05,On Roadway,5,,,,,,09,Through Roadway,01,Daylight,2/20/2025,2025-02-20,W,29.73,F,N,,,6BF4BF460C7B33DCDCA8EE241E2217C466CF855D83A2A4BD57658B9E4E4429AB,MD,01,No,,,,,01,Dry,,,,,,,,
Injury Crashes,MSP7787005P,Maryland State Police,Single Vehicle,Prince George's,Interstate,No,No,No,No,No,JOHN HANSON HWY (WB/L),595,INTERSTATE ROUTE,No,True,No,3/13/2025,No,Point,38.94711345,-76.825499667,MSP,101,16,02,No,15,,15:26,2025,Thursday,32,Guardrail Face,09,Roadside,1,,101,State,,,06,Non-Junction,01,Daylight,3/13/2025,2025-03-13,E,43.5,F,N,,,BF73314C96DB5B56BC8C956B1C56C229DB10FAF55C874C8A3BEC6C581D889818,IS,01,No,,,,,01,Dry,,,,,,,,
Property Damage Crashes,DA4278006T,Prince George's County Police,Front to Rear,Prince George's,Principal Arterial – Other,No,No,No,No,No,GLENN DALE BLVD,193,MARYLAND ROUTE,No,True,No,3/28/2025,No,Point,38.983128748,-76.809355766,PGCOPD,03,16,03,No,15,,15:16,2025,Friday,12,Motor Vehicle In Transport,05,On Roadway,3,,,,,,09,Through Roadway,01,Daylight,3/28/2025,2025-03-28,S,60.36,F,N,,,3B1D36FB5680CB2F6FAA5235169E9E9B599718D266CC68B16CE62A00EE57773B,MD,01,No,,,,,01,Dry,,,,,,,,
Injury Crashes,DA4415000F,Prince George's County Police,Angle,Prince George's,Principal Arterial – Other,No,No,No,No,No,KENILWORTH AVE,201,MARYLAND ROUTE,No,True,No,2/25/2025,No,Point,38.921472971,-76.931216210,PGCOPD,01,16,02,No,6,02,06:15,2025,Tuesday,12,Motor Vehicle In Transport,05,On Roadway,3,Perpendicular,,,RAMP 8 FR MD 201 SB TO MD 459 WB,03,05,Intersection or Related,100,Dawn,2/25/2025,2025-02-25,W,0,F,N,,,D159E03F3128886E4E8187155DBD746AFF64C11D9BFE4FD2BBA63D95DDC1BBE2,MD,01,No,12,Motor Vehicle In Transport,05,On Roadway,01,Dry,02,Stop - All Way,,,,,,
Property Damage Crashes,DA3397004R,Prince George's County Police,Front to Rear,Prince George's,Minor Arterial,No,No,No,No,No,COVENTRY WAY,5,MARYLAND ROUTE,No,True,No,2/19/2025,No,Point,38.782621934,-76.895084584,PGCOPD,03,16,03,Yes,16,,16:16,2025,Wednesday,12,Motor Vehicle In Transport,05,On Roadway,4,,,,,,04,Entrance/Exit Ramp or Related,01,Daylight,2/19/2025,2025-02-19,S,46.63,F,N,,,E6FCA8DC188E8619C788312C9E8145BFD15E881D0B2678DC3880473BD610887B,MD,01,No,,,,,07,Snow,,,,,,,,
Property Damage Crashes,MSP7773000Y,Maryland State Police,Front to Rear,Prince George's,Interstate,No,No,No,No,No,CAPITAL BELTWAY,495,INTERSTATE ROUTE,No,True,No,1/29/2025,No,Point,39.020261604,-76.951749529,MSP,03,16,03,No,22,,22:05,2025,Wednesday,12,Motor Vehicle In Transport,05,On Roadway,1,,,,,,06,Non-Junction,03,Dark - Lighted,1/29/2025,2025-01-29,E,22.47,F,N,,,9D26E4AE08E2D923578D9133A5307E9F11E4B976986E3B56ED8B5B4F45C535F7,IS,01,No,,,,,01,Dry,,,,,,,,
Property Damage Crashes,DA3522009S,Prince George's County Police,"Sideswipe, Same Direction",Prince George's,Principal Arterial – Other,No,Yes,No,No,No,EAST WEST HWY (WB/L),410,MARYLAND ROUTE,No,True,No,1/27/2025,No,Point,38.968726973,-76.971750630,PGCOPD,07,16,03,No,14,,14:10,2025,Monday,12,Motor Vehicle In Transport,05,On Roadway,3,,,,,,06,Non-Junction,01,Daylight,1/27/2025,2025-01-27,S,14.43,F,N,,,B23D244089FDF5B3EEA973E3E1A47D2C6420051C8422F8DE4FF28122207B0080,MD,01,No,,,,,01,Dry,,,,,,,,
Property Damage Crashes,MSP6931014Q,Maryland State Police,Single Vehicle,Prince George's,Interstate,No,No,No,No,No,CAPITAL BELTWAY (SB/L),95,INTERSTATE ROUTE,No,True,No,5/3/2025,No,Point,38.818378333,-76.93284,MSP,101,16,03,No,23,,23:23,2025,Saturday,32,Guardrail Face,09,Roadside,1,,101,State,,,06,Non-Junction,04,Dark - Not Lighted,5/3/2025,2025-05-03,N,24.36,F,N,,,5ED13BA6272284F2632D9F46678876E9FD7091C84B2DB8A147650CD467C24272,IS,01,No,,,,,09,Wet,,,,,,,,
Property Damage Crashes,MSP744700PQ,Maryland State Police,Angle,Prince George's,Principal Arterial – Other,No,No,No,No,No,CRAIN HWY,301,UNITED STATE ROUTE,No,True,No,5/28/2025,No,Point,38.664152874,-76.874597031,MSP,01,16,03,No,9,04,09:20,2025,Wednesday,12,Motor Vehicle In Transport,05,On Roadway,3,Perpendicular,,,CEDARVILLE RD,03,05,Intersection or Related,01,Daylight,5/28/2025,2025-05-28,E,0,F,N,,,89717D8209DF4271890B5A1C50B5B95ED73E2FB24E90B846B64017E443DBE3D1,US,01,No,,,,,09,Wet,01,Signalized,,,,,,
Property Damage Crashes,DA3088007C,Prince George's County Police,Angle,Prince George's,Principal Arterial – Other,No,No,No,No,No,BRANCH AVE (SB/L),5,MARYLAND ROUTE,No,True,No,1/18/2025,No,Point,38.839378153,-76.946555965,PGCOPD,01,16,03,Yes,13,04,13:09,2025,Saturday,12,Motor Vehicle In Transport,05,On Roadway,3,Angled/Skewed,,,IVERSON ST (WB/L) SILVER HILL RD (SB/L),01,05,Intersection or Related,01,Daylight,1/18/2025,2025-01-18,N,0,F,N,,,67496E8B934D8598CA33028AC9828B89453A98AE1BF05614F0FBF0AA2873FFFA,MD,01,No,,,,,09,Wet,01,Signalized,,,,,,
Property Damage Crashes,MSP7872001F,Maryland State Police,Front to Rear,Prince George's,Interstate,No,No,No,No,No,CAPITAL BELTWAY (SB/L),95,INTERSTATE ROUTE,No,True,No,1/14/2025,No,Point,38.807166449,-76.981847947,MSP,03,16,03,No,6,,06:53,2025,Tuesday,12,Motor Vehicle In Transport,05,On Roadway,1,,,,,,09,Through Roadway,01,Daylight,1/14/2025,2025-01-14,E,39.8,F,N,,,5CC4EA1949D4F1E280C5F34A13DE7EA81CC0A8EABA14B5A6A858FC59C5D7547C,IS,01,No,12,Motor Vehicle In Transport,05,On Roadway,01,Dry,,,,,,,,
Property Damage Crashes,MSP745800PM,Maryland State Police,Single Vehicle,Prince George's,Interstate,No,No,No,No,No,CAPITAL BELTWAY (SB/L),95,INTERSTATE ROUTE,No,True,No,2/16/2025,No,Point,38.848792256,-76.861126934,MSP,101,16,03,No,4,,04:55,2025,Sunday,32,Guardrail Face,07,"On Shoulder, Right Side",1,,,,,,01,Acceleration/Deceleration Lane,03,Dark - Lighted,2/16/2025,2025-02-16,S,34.57,F,N,,,CFA0D3292EE6E00E744CC763CA010067942CC9CD3DAAF9FD3D480FD3B935BB3C,IS,01,No,,,,,09,Wet,,,,,,,,
Injury Crashes,DA4363001C,Prince George's County Police,Angle,Prince George's,,No,No,No,No,No,MARIES RETREAT DR,1400,LOCAL ROAD,No,True,No,5/30/2025,No,Point,38.962636562,-76.787750567,PGCOPD,01,16,02,No,14,04,14:51,2025,Friday,12,Motor Vehicle In Transport,05,On Roadway,,Perpendicular,,,FAIRWOOD PKWY HILLMEADE RD,03,05,Intersection or Related,01,Daylight,5/30/2025,2025-05-30,S,0,F,N,,,FD688358B4857E7E3214A8E36D08DFC18F745B0637D5AF305E12042F3F0B68FF,LL,01,No,,,,,01,Dry,02,Stop - All Way,,,,,,
Property Damage Crashes,MSP718600KY,Maryland State Police,Front to Rear,Prince George's,Interstate,No,No,No,No,No,CAPITAL BELTWAY,95,INTERSTATE ROUTE,No,True,No,5/15/2025,No,Point,38.819683813,-76.925824150,MSP,03,16,03,No,18,,18:58,2025,Thursday,12,Motor Vehicle In Transport,05,On Roadway,1,,,,,,01,Acceleration/Deceleration Lane,01,Daylight,5/15/2025,2025-05-15,N,51.39,F,N,,,D7DF425F37C93089164C1F359F054F216FA41F9A923BB1552E82C209E332C598,IS,01,No,,,,,01,Dry,,,,,,,,
Property Damage Crashes,DA4426000Q,Prince George's County Police,Other,Prince George's,Local,No,No,No,No,No,EDGEWORTH DR,3964,COUNTY ROAD,No,True,No,3/7/2025,No,Point,38.881342891,-76.851413996,PGCOPD,98,16,03,Yes,14,04,14:39,2025,Friday,12,Motor Vehicle In Transport,05,On Roadway,7,Perpendicular,,,HAMPTON PARK BLVD,03,05,Intersection or Related,01,Daylight,3/7/2025,2025-03-07,N,0,F,N,,,49EE9E9A0EECF7DBCFBAC771B9F0E35036C4C50744941396EFD6A942897F8508,CO,01,No,,,,,01,Dry,01,Signalized,,,,,,
Injury Crashes,DA4294003K,Prince George's County Police,Front to Front,Prince George's,Local,No,No,No,No,No,GRENADA AVE,1060,COUNTY ROAD,No,True,No,3/12/2025,No,Point,38.794884290,-76.990646746,PGCOPD,02,16,02,No,9,,09:30,2025,Wednesday,12,Motor Vehicle In Transport,05,On Roadway,7,,,,,,06,Non-Junction,01,Daylight,3/12/2025,2025-03-12,N,26.56,F,N,,,D07BD1BFDDFA76A9612CD3EC0B67E191FD8620AE12F5A5193067722C733AE56C,CO,01,No,,,,,01,Dry,,,,,,,,
Injury Crashes,MSP7872002X,Maryland State Police,Single Vehicle,Prince George's,Principal Arterial – Other,No,No,No,No,No,CRAIN HWY,301,UNITED STATE ROUTE,No,True,No,3/6/2025,No,Point,38.751378333,-76.813021667,MSP,101,16,02,No,5,,05:42,2025,Thursday,40,Tree (standing),09,Roadside,3,,,,,,09,Through Roadway,01,Daylight,3/6/2025,2025-03-06,N,35.24,F,N,,,205628CBDD4761D18570B209613AF85E992B37DEB990EB7534B299521066FEC6,US,01,No,,,,,09,Wet,,,,,,,,
Fatal Crashes,MSP745800SS,Maryland State Police,Front to Rear,Prince George's,Interstate,No,No,No,No,No,CAPITAL BELTWAY (SB/L),95,INTERSTATE ROUTE,No,True,No,5/11/2025,No,Point,38.818173333,-76.940891667,MSP,03,16,01,No,12,,12:21,2025,Sunday,12,Motor Vehicle In Transport,07,"On Shoulder, Right Side",1,,,,,,10,"Other Location Not Listed Above Within an Interchange Area (median,
shoulder and roadside)",01,Daylight,5/11/2025,2025-05-11,S,29.55,F,N,,,5F6EF59A00DD31F02778A695A1F9F6C7B0970CF6EE21D2DF31E8A832E0777E6E,IS,01,No,,,,,01,Dry,,,,,,,,
Injury Crashes,DA373600CY,Prince George's County Police,Single Vehicle,Prince George's,,No,No,No,No,Yes,,,,No,True,No,3/15/2025,No,Point,38.828927655,-76.990736009,PGCOPD,101,16,02,,12,,12:25,2025,Saturday,36,"Other Post, Pole, Or Support",04,"Off-Roadway, Location Unknown",,,,,,,,,01,Daylight,3/15/2025,2025-03-15,,,F,N,101,Parking Aisle,,,01,No,,,,,,,,,,,,,,
Injury Crashes,DA33400024,Prince George's County Police,Front to Front,Prince George's,Major Collector,No,No,No,No,No,ST BARNABAS RD,165,COUNTY ROAD,No,True,No,5/2/2025,No,Point,38.797896121,-76.983076690,PGCOPD,02,16,02,Yes,17,03,17:25,2025,Friday,12,Motor Vehicle In Transport,05,On Roadway,5,Perpendicular,,,TUCKER RD,03,05,Intersection or Related,01,Daylight,5/2/2025,2025-05-02,S,0,F,N,,,E2CAF37B5EC952463DA8A8BF6AC746846A50D7794450505A74EADFDB738B64C8,CO,01,No,97,Not Applicable,,,01,Dry,02,Stop - All Way,,,,,,
Injury Crashes,MSP647600JR,Maryland State Police,Front to Rear,Prince George's,Principal Arterial – Other,No,No,No,No,No,CRAIN HWY,301,UNITED STATE ROUTE,No,True,No,5/19/2025,No,Point,38.668417301,-76.875991215,MSP,03,16,02,No,5,,05:20,2025,Monday,12,Motor Vehicle In Transport,05,On Roadway,3,,,,,,09,Through Roadway,01,Daylight,5/19/2025,2025-05-19,E,13.13,F,N,,,B1955E02581559AD126EA0FD8D3424ACDB7D508546B4CF3465576C551803A61A,US,01,No,,,,,01,Dry,,,,,,,,
Property Damage Crashes,DA4195006W,Prince George's County Police,Unknown,Prince George's,,No,No,No,No,No,,131,COUNTY ROAD,No,True,No,4/27/2025,No,Point,38.779791387,-76.835730674,PGCOPD,99,16,03,No,22,,22:12,2025,Sunday,12,Motor Vehicle In Transport,05,On Roadway,,,,,,,06,Non-Junction,99,Unknown,4/27/2025,2025-04-27,S,47.51,F,N,,,93E26C029D8EEF96180C2F982A5111FBD3D22F320F053665F3D9AA79D49DF4AF,CO,01,No,,,,,01,Dry,,,,,,,,
Property Damage Crashes,DA4357002M,Prince George's County Police,Single Vehicle,Prince George's,Principal Arterial – Other Freeways and Expressways,No,No,No,No,No,RAMP 6 FR MD 4 EB TO MD 223 SB,4,RAMP,No,True,No,1/18/2025,No,Point,38.812231850,-76.824933533,PGCOPD,101,16,03,No,15,,15:33,2025,Saturday,25,Concrete Traffic Barrier,09,Roadside,2,,,,,,09,Through Roadway,01,Daylight,1/18/2025,2025-01-18,N,8.93,F,N,,,1836368063C3E9C9FB927A28F2E8EB941AE6DA9604A880A0C946E9E6F2555469,RP,01,No,,,,,02,Ice/Frost,,,,,,,,
Property Damage Crashes,CC0300000H,Hyattsville Police Department,Rear To Rear,Prince George's,,No,No,No,No,Yes,,,,No,True,No,1/19/2025,No,Point,38.956167172,-76.964876753,HYATTSVILLE,04,16,03,,22,,22:00,2025,Sunday,15,Parked Vehicle,02,In Parking Lane Or Zone,,,,,,,,,03,Dark - Lighted,1/19/2025,2025-01-19,,,F,N,102,Parking Lot Way,,,01,No,,,,,,,,,,,,,,
Property Damage Crashes,MSP757700KK,Maryland State Police,Single Vehicle,Prince George's,Interstate,No,No,No,No,No,JOHN HANSON HWY,595,INTERSTATE ROUTE,No,True,No,5/11/2025,No,Point,38.946606667,-76.84166,MSP,101,16,03,No,10,,10:21,2025,Sunday,25,Concrete Traffic Barrier,03,Median,1,,,,,,09,Through Roadway,01,Daylight,5/11/2025,2025-05-11,W,49.03,F,N,,,B811CDBEE53D7CF3B411FB299A26598EE7D1A6E5EB2AC721E8570AE2233AA692,IS,01,No,12,Motor Vehicle In Transport,05,On Roadway,01,Dry,,,,,,,,
Property Damage Crashes,DA4396001H,Prince George's County Police,Front to Rear,Prince George's,Minor Arterial,No,No,No,No,No,RIGGS RD (SB/L),212,MARYLAND ROUTE,No,True,No,3/30/2025,No,Point,38.996533184,-76.972491937,PGCOPD,03,16,03,No,19,,19:15,2025,Sunday,12,Motor Vehicle In Transport,05,On Roadway,4,,,,,,06,Non-Junction,01,Daylight,3/30/2025,2025-03-30,S,92.46,F,N,,,65A84B90F7D5B7D63F594653307A5ACE91347A6F97B58A7990923A53796904D9,MD,01,No,,,,,01,Dry,,,,,,,,
Property Damage Crashes,BW0202002R,Greenbelt Police Department,Other,Prince George's,Local,No,No,No,No,No,OLD CALVERT RD,559,COUNTY ROAD,No,True,No,1/31/2025,No,Point,38.975036988,-76.913754486,GREENBELT,98,16,03,No,20,03,20:55,2025,Friday,12,Motor Vehicle In Transport,05,On Roadway,7,Perpendicular,,,KENILWORTH AVE (SB/L),03,05,Intersection or Related,04,Dark - Not Lighted,1/31/2025,2025-01-31,S,0,F,N,,,006657ADE929143D517B3E2FD18AD5C78444CBEEA6241CC80879866D712C81FC,CO,01,No,,,,,09,Wet,04,Yield,,,,,,
Property Damage Crashes,MSP7787006N,Maryland State Police,Front to Rear,Prince George's,Interstate,No,No,No,No,No,CAPITAL BELTWAY,95,INTERSTATE ROUTE,No,True,No,5/1/2025,No,Point,38.9943004,-76.888257733,MSP,03,16,03,No,16,,16:05,2025,Thursday,12,Motor Vehicle In Transport,05,On Roadway,1,,,,,,06,Non-Junction,01,Daylight,5/1/2025,2025-05-01,S,55.15,F,N,,,5CF13A1BD960AFB7ACF0670A2A9B6CED9916C1D5F36535E2D551B5D67C936200,IS,01,No,,,,,01,Dry,,,,,,,,
Injury Crashes,DA4306004W,Prince George's County Police,Angle,Prince George's,Local,No,No,No,No,No,PINEBROOK AVE,687,COUNTY ROAD,No,True,No,2/11/2025,No,Point,38.927217907,-76.890056848,PGCOPD,01,16,02,Yes,21,04,21:30,2025,Tuesday,12,Motor Vehicle In Transport,05,On Roadway,7,Perpendicular,,,LANDOVER RD,03,05,Intersection or Related,03,Dark - Lighted,2/11/2025,2025-02-11,N,0,F,N,,,2B8DC466C0E8E90E507C62BAE38F9B66534666B04A94E860254648F1D68ECD6B,CO,01,No,,,,,07,Snow,01,Signalized,,,,,,
Property Damage Crashes,DA4413000Q,Prince George's County Police,Unknown,Prince George's,Local,No,No,No,No,No,57TH AVE,623,COUNTY ROAD,No,True,No,4/6/2025,No,Point,38.962853350,-76.917478338,PGCOPD,99,16,03,No,20,,20:26,2025,Sunday,15,Parked Vehicle,09,Roadside,7,,,,,,06,Non-Junction,04,Dark - Not Lighted,4/6/2025,2025-04-06,N,45.02,F,N,,,5BB811A929187A0D248ED62EC1FA6D9430EFDBE938DEDA2A94F4222F63866415,CO,01,No,,,,,09,Wet,,,,,,,,
Property Damage Crashes,DA4357002Y,Prince George's County Police,"Sideswipe, Same Direction",Prince George's,Minor Arterial,No,No,No,No,No,COVENTRY WAY,2525,COUNTY ROAD,No,True,No,4/21/2025,No,Point,38.782372397,-76.897820697,PGCOPD,07,16,03,No,10,,10:05,2025,Monday,12,Motor Vehicle In Transport,05,On Roadway,4,,,,,,06,Non-Junction,01,Daylight,4/21/2025,2025-04-21,W,29.14,F,N,,,94D3F5883E72C95F8F76D614B637E9FA77DF96DC1A4B982FC352A1DCFEB405E6,CO,01,No,,,,,09,Wet,,,,,,,,
Property Damage Crashes,DA373600CM,Prince George's County Police,Rear To Rear,Prince George's,Local,No,No,No,No,No,MGM NATIONAL AVE,5591,OTHER PUBLIC ROAD,No,True,No,1/4/2025,No,Point,38.797096959,-77.003290759,PGCOPD,04,16,03,Yes,5,,05:08,2025,Saturday,12,Motor Vehicle In Transport,05,On Roadway,7,,,,,,09,Through Roadway,03,Dark - Lighted,1/4/2025,2025-01-04,S,9.98,F,N,,,D748D72F7ED6EF5A9587911BE698527AA5E3491F2556DF796C0AC34C09C67B32,OP,01,No,,,,,01,Dry,,,,,,,,
Property Damage Crashes,DA4333004C,Prince George's County Police,Other,Prince George's,Principal Arterial – Other,No,No,No,No,No,RHODE ISLAND AVE,1,UNITED STATE ROUTE,No,True,No,5/16/2025,No,Point,38.945440876,-76.946495198,PGCOPD,98,16,03,No,17,,17:00,2025,Friday,12,Motor Vehicle In Transport,05,On Roadway,3,,,,,,99,Unknown,01,Daylight,5/16/2025,2025-05-16,N,31.48,F,N,,,2BDB0B271646241C129BDE93334ECA8BAF556CEB7422A5B674C7821FA406E8C1,US,01,No,,,,,09,Wet,,,,,,,,
Property Damage Crashes,DA4376001X,Prince George's County Police,Unknown,Prince George's,Local,No,No,No,No,No,JERICHO CITY DR,4914,OTHER PUBLIC ROAD,No,True,No,5/30/2025,No,Point,38.909796523,-76.854514179,PGCOPD,99,16,03,No,5,,05:35,2025,Friday,12,Motor Vehicle In Transport,05,On Roadway,7,,,,,,06,Non-Junction,04,Dark - Not Lighted,5/30/2025,2025-05-30,E,44.9,F,N,,,761F2F70135D55B2E82D0C6D19637D4B435CE6BDD29BC73C217B33415C5ECEF3,OP,01,No,,,,,99,Unknown,,,,,,,,
Injury Crashes,MSP7787006J,Maryland State Police,Front to Rear,Prince George's,Interstate,No,No,No,No,No,CAPITAL BELTWAY,95,INTERSTATE ROUTE,No,True,No,4/30/2025,No,Point,38.994726883,-76.888654883,MSP,03,16,02,No,14,,14:55,2025,Wednesday,12,Motor Vehicle In Transport,05,On Roadway,1,,,,,,06,Non-Junction,01,Daylight,4/30/2025,2025-04-30,E,23.9,F,N,,,666C1C406D9DAE67081D6F5C8FA458A7908F513C07DBD93452E06CC734532566,IS,01,No,,,,,01,Dry,,,,,,,,
Property Damage Crashes,MSP647600JV,Maryland State Police,Front to Rear,Prince George's,Interstate,No,No,No,No,No,CAPITAL BELTWAY (SB/L),95,INTERSTATE ROUTE,No,True,No,5/24/2025,No,Point,38.818848333,-76.91216,MSP,03,16,03,No,15,,15:09,2025,Saturday,12,Motor Vehicle In Transport,05,On Roadway,1,,,,,,09,Through Roadway,01,Daylight,5/24/2025,2025-05-24,S,42.04,F,N,,,59C0D169B2D21D8494773C00840BE256AF5E89EF8CF538FFE6CEAB8B589179CE,IS,01,No,12,Motor Vehicle In Transport,05,On Roadway,01,Dry,,,,,,,,
Property Damage Crashes,MSP745800SW,Maryland State Police,Front to Rear,Prince George's,Principal Arterial – Other,No,No,No,No,No,CRAIN HWY,301,UNITED STATE ROUTE,No,True,No,5/12/2025,No,Point,38.879306667,-76.720315,MSP,03,16,03,No,11,,11:27,2025,Monday,12,Motor Vehicle In Transport,05,On Roadway,3,,,,,,01,Acceleration/Deceleration Lane,01,Daylight,5/12/2025,2025-05-12,N,21.26,F,N,,,1E28E0E52BBCD265CC59325C1F57E34C2009546BAD9677CBE1F84E6F18ADDC8D,US,01,No,,,,,01,Dry,,,,,,,,
Property Damage Crashes,DA4066006Q,Prince George's County Police,Unknown,Prince George's,Local,No,No,No,No,No,FINNS LA,362,COUNTY ROAD,No,True,No,3/23/2025,No,Point,38.960479287,-76.887006660,PGCOPD,99,16,03,No,23,,23:56,2025,Sunday,15,Parked Vehicle,05,On Roadway,7,,,,,,09,Through Roadway,03,Dark - Lighted,3/23/2025,2025-03-23,W,70.64,F,N,,,F4868499BEBBA537E868EB6CA7C85B525E8C13E8B1E4366B0CE1CBD054FEFAF8,CO,01,No,,,,,01,Dry,,,,,,,,
Property Damage Crashes,DA2884008G,Prince George's County Police,"Sideswipe, Opposite Direction",Prince George's,Minor Arterial,No,No,No,No,No,POWDER MILL RD,212,MARYLAND ROUTE,No,True,No,5/11/2025,No,Point,39.034575741,-76.905803581,PGCOPD,06,16,03,No,15,,15:46,2025,Sunday,12,Motor Vehicle In Transport,05,On Roadway,4,,,,,,09,Through Roadway,01,Daylight,5/11/2025,2025-05-11,E,10.72,F,N,,,6C8279A9FD48D90EBEB0D7D15E90825D9EBEE4060C6DF1CB3E1D7272F9813ACF,MD,01,No,,,,,01,Dry,,,,,,,,
Property Damage Crashes,DA4252005P,Prince George's County Police,"Sideswipe, Same Direction",Prince George's,Local,No,No,No,No,No,82ND AVE,2663,COUNTY ROAD,No,True,No,2/7/2025,No,Point,38.925989293,-76.868703059,PGCOPD,07,16,03,No,21,,21:14,2025,Friday,12,Motor Vehicle In Transport,05,On Roadway,7,,,,,,06,Non-Junction,03,Dark - Lighted,2/7/2025,2025-02-07,S,41.8,F,N,,,0810FF9DEC4C0B7523261295B0EE41C90B1F65AFFD53513E1DCF7F88BA665C14,CO,01,No,,,,,01,Dry,,,,,,,,
Property Damage Crashes,BW02010019,Greenbelt Police Department,Single Vehicle,Prince George's,Principal Arterial – Other,No,No,No,No,No,GREENBELT RD,193,MARYLAND ROUTE,No,True,No,5/31/2025,No,Point,38.994121244,-76.877356898,GREENBELT,101,16,03,No,2,,02:36,2025,Saturday,36,"Other Post, Pole, Or Support",99,Unknown,3,,101,State,,,99,Unknown,04,Dark - Not Lighted,5/31/2025,2025-05-31,S,42.23,F,N,,,F0ED6EA1344C31C413E7193DF3AE1A5653B09CC492AC3F7EEF02CB542B4AF060,MD,01,No,,,,,09,Wet,,,,,,,,
Property Damage Crashes,DA3835006K,Prince George's County Police,"Sideswipe, Same Direction",Prince George's,Principal Arterial – Other,No,No,No,No,No,WOODYARD RD (SB/L),223,MARYLAND ROUTE,No,True,No,1/1/2025,No,Point,38.768054951,-76.885121991,PGCOPD,07,16,03,Yes,8,,08:26,2025,Wednesday,12,Motor Vehicle In Transport,05,On Roadway,3,,,,,,04,Entrance/Exit Ramp or Related,01,Daylight,1/1/2025,2025-01-01,W,17.74,F,N,,,D137CFAE3F8DFBDFC2640AC9A67FADA7E68929EC2351C3D8DCE997B5A32E5BCF,MD,01,No,,,,,01,Dry,,,,,,,,