Crash Severity Description,Reportnumber,Agencyname,CollisionImpact Description,Crash County Description,FunctionalClass Description,ImpairedCrash,Large Vehicle Involved,Motorcycle Crash,Non-Motorist Crash,OffRoad,RoadName,Route Number,RouteType Description,Unrestrained Occupants,WithinDateRange,Work Zone Related,Crashdate,Work Zone Crash,CrashPoint,Latitude,Longitude,AgencyCode,CollisionImpact,Crash County,Crash Severity,Crash Within Interchange,Crashhour,CrashInterchangeApproaches,Crashtime,CrashYear,Dayofweek,FirstHarmEvent,FirstHarmEvent Description,FirstHarmLocation,FirstHarmLocation Description,FunctionalClass,Geometry Description,GovPropertyDamage,GovPropertyDamage Description,IntersectingRoadName,Intersection Geometry,JunctionRelated,JunctionRelated Description,Light,Light Description,LOD Crash Date,LOD Date Level,MilepointDirection,MilepointDistance,MilepointUnits,NonTrafficFatal,OffroadLocation,OffroadLocation Description,RoadID,RouteType,SchoolBusRelated,SchoolBusRelated Description,SecondHarmEvent,SecondHarmEvent Description,SecondHarmLocation,SecondHarmLocation Description,Surface,Surface Description,TrafficControl,Trafficcontrol Description,WZLawEnforcementPresent,WZLocation,WZLocation Description,WZType,WZType Description,WZWorkersPresent
Property Damage Crashes,DA4291004L,Prince George's County Police,Front to Rear,Prince George's,Minor Arterial,No,No,No,No,No,CAMPUS DR,431,MARYLAND ROUTE,No,True,No,1/8/2025,No,Point,38.978385275,-76.926447534,PGCOPD,03,16,03,No,15,,15:31,2025,Wednesday,12,Motor Vehicle In Transport,05,On Roadway,4,,,,,,09,Through Roadway,01,Daylight,1/8/2025,2025-01-08,S,32.9,F,N,,,3255CDE057E717A973C1C44E40F85CBDC1AE28D89352883399FB2CF395BBFE46,MD,01,No,,,,,07,Snow,,,,,,,,
Property Damage Crashes,DA2977003D,Prince George's County Police,Front to Rear,Prince George's,Local,No,No,No,No,No,SHADY GLEN DR,2451,COUNTY ROAD,No,True,No,1/5/2025,No,Point,38.868566020,-76.879528020,PGCOPD,03,16,03,No,0,,00:30,2025,Sunday,12,Motor Vehicle In Transport,05,On Roadway,7,,,,FAIRFIELD DR,,06,Non-Junction,05,Dark - Unknown Lighting,1/5/2025,2025-01-05,S,4.46,F,N,,,0C0FE187B78B3A6D3414271AB7308E55F1E01A1B9A6853990FB1211C74C4CA09,CO,01,No,12,Motor Vehicle In Transport,05,On Roadway,01,Dry,,,,,,,,
Property Damage Crashes,DA4276007Q,Prince George's County Police,"Sideswipe, Same Direction",Prince George's,Local,No,No,No,No,No,W FOREST RD,690,COUNTY ROAD,No,True,No,5/13/2025,No,Point,38.924294396,-76.891836856,PGCOPD,07,16,03,No,19,,19:45,2025,Tuesday,15,Parked Vehicle,05,On Roadway,7,,,,,,06,Non-Junction,03,Dark - Lighted,5/13/2025,2025-05-13,W,7.29,F,N,,,7F0DB5F659EE228AEBB0325C2494FCAAF942A4838549BA01F4AEE55063A1689C,CO,01,No,,,,,09,Wet,,,,,,,,
Property Damage Crashes,DA4388001B,Prince George's County Police,"Sideswipe, Same Direction",Prince George's,Major Collector,No,Yes,No,No,No,WHITFIELD CHAPEL RD,74,COUNTY ROAD,No,True,No,2/25/2025,No,Point,38.941077464,-76.853904222,PGCOPD,07,16,03,Yes,11,,11:50,2025,Tuesday,12,Motor Vehicle In Transport,05,On Roadway,5,,,,,,02,Crossover-Related,01,Daylight,2/25/2025,2025-02-25,S,60.92,F,N,,,89D1D3E1FEA0E4E5CBD5AFE1E57C72CDA22085980D27254081D2AF26AC277650,CO,01,No,,,,,01,Dry,,,,,,,,
Property Damage Crashes,DA333600GQ,Prince George's County Police,Other,Prince George's,Minor Arterial,No,No,No,No,No,,223,MARYLAND ROUTE,No,True,No,5/5/2025,No,Point,38.775233365,-76.870351432,PGCOPD,98,16,03,No,20,,20:12,2025,Monday,12,Motor Vehicle In Transport,05,On Roadway,4,,,,,,09,Through Roadway,03,Dark - Lighted,5/5/2025,2025-05-05,S,37.99,F,N,,,074E4F7FD643D9E052ADE5A460AFCB605081D65B0EF3B823AB693784B5575F64,MD,01,No,,,,,09,Wet,,,,,,,,
Property Damage Crashes,DA4257004P,Prince George's County Police,"Sideswipe, Same Direction",Prince George's,Minor Arterial,No,No,No,No,No,OLD BALTIMORE PIKE,23,COUNTY ROAD,No,True,No,2/17/2025,No,Point,39.048917779,-76.890644758,PGCOPD,07,16,03,No,14,,14:50,2025,Monday,12,Motor Vehicle In Transport,05,On Roadway,4,,,,,,06,Non-Junction,01,Daylight,2/17/2025,2025-02-17,S,13.02,F,N,,,C4A5A40AE5B5E3E78CCCCFB0D7B6596259AB8598A4B91E34878E6BB8316D521B,CO,01,No,,,,,01,Dry,,,,,,,,
Property Damage Crashes,CE4862004W,Laurel Police Department,Single Vehicle,Prince George's,Minor Arterial,No,No,No,No,No,SEVENTH ST,216,MARYLAND ROUTE,No,True,No,3/28/2025,No,Point,39.101439642,-76.856052916,LAUREL,101,16,03,No,17,,17:33,2025,Friday,41,Utility Pole/Light Support,03,Median,4,,,,,,10,"Other Location Not Listed Above Within an Interchange Area (median,
shoulder and roadside)",01,Daylight,3/28/2025,2025-03-28,W,24.45,F,N,,,73BB35AEB7FFC58D374369D36077388FADB1A9EE57DB2B026F99A51EF76D04C5,MD,01,No,,,,,01,Dry,,,,,,,,
Property Damage Crashes,DA394600D3,Prince George's County Police,"Sideswipe, Opposite Direction",Prince George's,Major Collector,No,No,No,No,No,METZEROTT RD,230,COUNTY ROAD,No,True,No,4/21/2025,No,Point,39.003208085,-76.971938761,PGCOPD,06,16,03,Yes,20,,20:20,2025,Monday,12,Motor Vehicle In Transport,05,On Roadway,5,,,,RIGGS RD RIGGS RD (SB/L),,09,Through Roadway,01,Daylight,4/21/2025,2025-04-21,E,17.57,F,N,,,90D90A10051BA7BC512CF0CFEF8BA59B9F3CFB22B2505B43C68695B7174039E9,CO,01,No,,,,,01,Dry,,,,,,,,
Property Damage Crashes,MSP585801FG,Maryland State Police,Single Vehicle,Prince George's,Principal Arterial – Other,No,No,No,No,No,CRAIN HWY,301,UNITED STATE ROUTE,No,True,No,2/2/2025,No,Point,38.713114384,-76.849227132,MSP,101,16,03,No,8,,08:29,2025,Sunday,40,Tree (standing),09,Roadside,3,,,,,,09,Through Roadway,99,Unknown,2/2/2025,2025-02-02,W,519.36,F,N,,,E04AFBB62CF24CDFCB3F5AB2DF023FDBE392D4FA3A3E706BF7CDCE3C3F23F592,US,01,No,,,,,01,Dry,,,,,,,,
Injury Crashes,DA4368001F,Prince George's County Police,Rear To Side,Prince George's,Major Collector,Yes,No,No,No,No,BEECH RD,2606,COUNTY ROAD,No,True,No,1/13/2025,No,Point,38.827011422,-76.927789688,PGCOPD,05,16,02,No,20,,20:59,2025,Monday,12,Motor Vehicle In Transport,05,On Roadway,5,,,,,,99,Unknown,04,Dark - Not Lighted,1/13/2025,2025-01-13,N,452.57,F,N,,,13B14AA1F89F60F3ECF7F7EA8937B30013252703F803EB441A564F94FA49DB2D,CO,01,No,,,,,01,Dry,,,,,,,,
Property Damage Crashes,DA3315004H,Prince George's County Police,Single Vehicle,Prince George's,,No,No,No,No,Yes,,,,No,True,No,2/6/2025,No,Point,39.1077382,-76.885974,PGCOPD,101,16,03,,14,,14:22,2025,Thursday,35,"Other Fixed Object (wall, building, tunnel, etc.)",04,"Off-Roadway, Location Unknown",,,,,,,,,01,Daylight,2/6/2025,2025-02-06,,,F,N,103,Private Road,,,01,No,,,,,,,,,,,,,,
Injury Crashes,DA4092003S,Prince George's County Police,Other,Prince George's,Local,Yes,No,No,No,No,ALICE AVE,3047,COUNTY ROAD,No,True,No,3/18/2025,No,Point,38.811119813,-76.967866732,PGCOPD,98,16,02,Yes,15,,15:00,2025,Tuesday,12,Motor Vehicle In Transport,05,On Roadway,7,,,,,,09,Through Roadway,01,Daylight,3/18/2025,2025-03-18,W,25.79,F,N,,,05F95B0BAFD27CD6025716E3E5D73AA3238C10193BBB7E75046252165CA105DF,CO,01,No,12,Motor Vehicle In Transport,05,On Roadway,01,Dry,,,,,,,,
Injury Crashes,DA4228005G,Prince George's County Police,Unknown,Prince George's,Major Collector,No,No,No,Yes,No,CAMPUS WAY SOUTH,4638,COUNTY ROAD,No,True,No,5/1/2025,No,Point,38.894258344,-76.823010353,PGCOPD,99,16,02,No,3,,03:15,2025,Thursday,17,Pedestrian,02,In Parking Lane Or Zone,5,,,,CAMPUS WAY SOUTH JOYCETON DR,,10,"Other Location Not Listed Above Within an Interchange Area (median,
shoulder and roadside)",99,Unknown,5/1/2025,2025-05-01,W,17.2,F,N,,,286BCFFE24B945192BC679C15428877662E1956FC5F04947DCDBEB9FD529A056,CO,01,No,,,,,01,Dry,,,,,,,,
Property Damage Crashes,MSP738100CY,Maryland State Police,Single Vehicle,Prince George's,Interstate,No,No,No,No,No,CAPITAL BELTWAY (SB/L),95,INTERSTATE ROUTE,No,True,No,5/21/2025,No,Point,38.818571667,-76.931965,MSP,101,16,03,No,11,,11:16,2025,Wednesday,32,Guardrail Face,06,"On Shoulder, Left Side",1,,101,State,,,01,Acceleration/Deceleration Lane,01,Daylight,5/21/2025,2025-05-21,N,22.24,F,N,,,A7EC2952DFC46DDD457E0431365AA6443FC3CCA59926B2BB8960BD03B7D7B277,IS,01,No,,,,,09,Wet,,,,,,,,
Property Damage Crashes,MSP7875003C,Maryland State Police,"Sideswipe, Same Direction",Prince George's,Principal Arterial – Other Freeways and Expressways,No,No,No,No,No,INDIAN HEAD HWY,210,MARYLAND ROUTE,No,True,No,4/25/2025,No,Point,38.793776034,-76.998545272,MSP,07,16,03,No,7,,07:57,2025,Friday,12,Motor Vehicle In Transport,05,On Roadway,2,,,,,,06,Non-Junction,01,Daylight,4/25/2025,2025-04-25,N,20.81,F,N,,,2290E45686B3B337F88223685066561EF8DBE0C1E85A53DA00D0FAB8C28A74CD,MD,01,No,,,,,01,Dry,,,,,,,,
Property Damage Crashes,DA4069009X,Prince George's County Police,"Sideswipe, Same Direction",Prince George's,,No,No,No,No,No,CHERRY HILL RD (EB/L),14,COUNTY ROAD,No,True,No,2/22/2025,No,Point,39.014290160,-76.927696355,PGCOPD,07,16,03,No,22,,22:30,2025,Saturday,12,Motor Vehicle In Transport,05,On Roadway,,,,,BALTIMORE AVE,,09,Through Roadway,03,Dark - Lighted,2/22/2025,2025-02-22,E,9.23,F,N,,,8E8D28B17BEA62F0B6023A1BB62B086EC6B2F970554DECD0845B5EF99D4B4820,CO,01,No,,,,,01,Dry,,,,,,,,
Property Damage Crashes,DA3643003J,Prince George's County Police,Other,Prince George's,,No,No,No,No,Yes,,,,No,True,No,5/16/2025,No,Point,39.023303716,-76.926382588,PGCOPD,98,16,03,,2,,02:10,2025,Friday,12,Motor Vehicle In Transport,02,In Parking Lane Or Zone,,,,,,,,,03,Dark - Lighted,5/16/2025,2025-05-16,,,F,N,100,Parking Stall,,,01,No,,,,,,,,,,,,,,
Property Damage Crashes,DA4410000M,Prince George's County Police,Front to Rear,Prince George's,Minor Arterial,No,No,No,No,No,RIGGS RD (SB/L),212,MARYLAND ROUTE,No,True,No,1/15/2025,No,Point,38.964424426,-76.989973047,PGCOPD,03,16,03,No,9,03,09:15,2025,Wednesday,12,Motor Vehicle In Transport,05,On Roadway,4,Perpendicular,,,FAIROAK AVE,03,05,Intersection or Related,01,Daylight,1/15/2025,2025-01-15,N,0,F,N,,,36B03724ABBFEA63D020479EEE76747506B46587AE2AC0337432B2F217323516,MD,01,No,,,,,01,Dry,01,Signalized,,,,,,
Property Damage Crashes,DA4272002G,Prince George's County Police,Single Vehicle,Prince George's,Principal Arterial – Other Freeways and Expressways,No,No,No,No,No,ALLENTOWN RD (SB/L),337,MARYLAND ROUTE,No,True,No,6/6/2025,No,Point,38.806641429,-76.903493485,PGCOPD,101,16,03,No,23,,23:43,2025,Friday,27,Curb,09,Roadside,2,,,,,,06,Non-Junction,03,Dark - Lighted,6/6/2025,2025-06-06,E,19.49,F,N,,,6F7F9B52F2E290258B864D890905BB0468648AC0ABE7227B5AA735C9A3432DD2,MD,01,No,,,,,01,Dry,,,,,,,,
Property Damage Crashes,MSP7773001J,Maryland State Police,"Sideswipe, Same Direction",Prince George's,Principal Arterial – Other Freeways and Expressways,No,Yes,No,No,No,BALTIMORE WASHINGTON PKWY (SB/L),295,MARYLAND ROUTE,No,True,No,3/19/2025,No,Point,38.991971115,-76.886001804,MSP,07,16,03,No,15,,15:05,2025,Wednesday,12,Motor Vehicle In Transport,05,On Roadway,2,,,,,,04,Entrance/Exit Ramp or Related,01,Daylight,3/19/2025,2025-03-19,N,55.96,F,N,,,E3A7750D62D05304F558866E4CE2CACB7EC644B3CDAA2708F3F0028DD39431EA,MD,01,No,,,,,01,Dry,,,,,,,,
Property Damage Crashes,DA4057008B,Prince George's County Police,Other,Prince George's,Local,No,No,No,No,No,91ST AVE,991,COUNTY ROAD,No,True,No,1/12/2025,No,Point,38.937449966,-76.850963311,PGCOPD,98,16,03,No,16,04,16:50,2025,Sunday,12,Motor Vehicle In Transport,05,On Roadway,7,Perpendicular,,,ARDMORE RD,03,05,Intersection or Related,01,Daylight,1/12/2025,2025-01-12,S,0,F,N,,,68D2853F7711177B89949AA7BBB6E91E5D1DE2C614B0767BD36555F1A36A9E2C,CO,01,No,,,,,01,Dry,03,Stop - Partial,,,,,,
Property Damage Crashes,DA3120005L,Prince George's County Police,Front to Rear,Prince George's,Principal Arterial – Other Freeways and Expressways,No,No,No,No,No,INDIAN HEAD HWY,210,MARYLAND ROUTE,No,True,No,3/30/2025,No,Point,38.743224169,-76.991758398,PGCOPD,03,16,03,No,22,,22:54,2025,Sunday,12,Motor Vehicle In Transport,05,On Roadway,2,,,,,,09,Through Roadway,04,Dark - Not Lighted,3/30/2025,2025-03-30,N,8.69,F,N,,,EAA567BBE33FA4A14432FBFA023FF068FC68CE6437B04A7A4003FD4EDC32EC35,MD,01,No,,,,,01,Dry,,,,,,,,
Property Damage Crashes,DA416800BW,Prince George's County Police,Single Vehicle,Prince George's,Major Collector,No,No,No,No,No,OLD FORT RD,118,COUNTY ROAD,No,True,No,3/1/2025,No,Point,38.756588905,-76.994508239,PGCOPD,101,16,03,No,4,,04:15,2025,Saturday,28,Ditch,09,Roadside,5,,,,,,09,Through Roadway,03,Dark - Lighted,3/1/2025,2025-03-01,S,7.33,F,N,,,FBA67E3311885F7193272721BAC57CCBBC4068DDEE26094BC9F5C5D46E055E1C,CO,01,No,,,,,01,Dry,,,,,,,,
Property Damage Crashes,DA36960009,Prince George's County Police,Angle,Prince George's,Major Collector,No,Yes,No,No,No,KONTERRA DR,206,MARYLAND ROUTE,No,True,No,4/24/2025,No,Point,39.064202623,-76.890462769,PGCOPD,01,16,03,No,15,05,15:22,2025,Thursday,12,Motor Vehicle In Transport,05,On Roadway,5,Perpendicular,,,MUIRKIRK RD MUIRKIRK RD (NB/L),03,05,Intersection or Related,01,Daylight,4/24/2025,2025-04-24,S,0,F,N,,,7A5115395A0EA8E5447E87318DAEEA15AD4AE0DA89425B5C5268AEA44907C84B,MD,01,No,97,Not Applicable,,,01,Dry,01,Signalized,,,,,,
Property Damage Crashes,MSP7843003H,Maryland State Police,Single Vehicle,Prince George's,Interstate,No,No,No,No,No,JOHN HANSON HWY (WB/L),595,INTERSTATE ROUTE,No,True,No,5/16/2025,No,Point,38.952608333,-76.746,MSP,101,16,03,No,17,,17:55,2025,Friday,28,Ditch,03,Median,1,,101,State,,,06,Non-Junction,01,Daylight,5/16/2025,2025-05-16,N,16.88,F,N,,,9838C34B8834B666FDAA67905F6AD3384A4A48E52A02003BEC0AF488B84C8101,IS,01,No,,,,,09,Wet,,,,,,,,
Property Damage Crashes,DA42520063,Prince George's County Police,Front to Rear,Prince George's,Major Collector,No,No,No,No,No,HAMPTON PARK BLVD,4475,COUNTY ROAD,No,True,No,5/3/2025,No,Point,38.882234455,-76.851352905,PGCOPD,03,16,03,No,13,,13:22,2025,Saturday,12,Motor Vehicle In Transport,05,On Roadway,5,,,,,,06,Non-Junction,01,Daylight,5/3/2025,2025-05-03,N,23.2,F,N,,,34AC1EF9CA4C502401AC2D4CDEDAA52EBA2BEC0D3F068273E89EFB996978B58A,CO,01,No,,,,,01,Dry,,,,,,,,
Property Damage Crashes,DA44190009,Prince George's County Police,Front to Front,Prince George's,Minor Arterial,Yes,No,No,No,No,HARRY S TRUMAN DR,202,MARYLAND ROUTE,No,True,No,1/5/2025,No,Point,38.893742921,-76.838725785,PGCOPD,02,16,03,No,19,,19:15,2025,Sunday,12,Motor Vehicle In Transport,05,On Roadway,4,,,,,,06,Non-Junction,03,Dark - Lighted,1/5/2025,2025-01-05,W,32.13,F,N,,,A5BE0365C17B790DAB6E3C6550362432990ADD63359302E4E68352AC6F9C2A81,MD,01,No,,,,,01,Dry,,,,,,,,
Injury Crashes,DA391000BG,Prince George's County Police,Rear To Side,Prince George's,,No,No,No,No,Yes,,,,No,True,No,3/24/2025,No,Point,38.940964671,-76.907157037,PGCOPD,05,16,02,,15,,15:06,2025,Monday,12,Motor Vehicle In Transport,02,In Parking Lane Or Zone,,,,,,,,,01,Daylight,3/24/2025,2025-03-24,,,F,N,102,Parking Lot Way,,,01,No,,,,,,,,,,,,,,
Property Damage Crashes,DA42960046,Prince George's County Police,Angle,Prince George's,,No,No,No,No,No,KAREN BLVD,1957,LOCAL ROAD,No,True,No,3/20/2025,No,Point,38.875023636,-76.888965319,PGCOPD,01,16,03,No,18,,18:30,2025,Thursday,15,Parked Vehicle,09,Roadside,,,,,,,09,Through Roadway,01,Daylight,3/20/2025,2025-03-20,S,17.41,F,N,,,086D6EB6A1FBA6BD9E15E367B2CC2465189EBAEB91009F781DF68746CE0379A4,LL,01,No,,,,,09,Wet,,,,,,,,
Property Damage Crashes,MSP6931015B,Maryland State Police,Front to Rear,Prince George's,Interstate,No,No,No,No,No,CAPITAL BELTWAY,95,INTERSTATE ROUTE,No,True,No,6/4/2025,No,Point,38.936856667,-76.855141667,MSP,03,16,03,No,12,,12:58,2025,Wednesday,12,Motor Vehicle In Transport,05,On Roadway,1,,,,,,06,Non-Junction,01,Daylight,6/4/2025,2025-06-04,S,35.11,F,N,,,D5EC857CA4F36D6D19DD74D89146C29E6B459DDC411B6BABFE13EE6FCEA70EDB,IS,01,No,,,,,01,Dry,,,,,,,,
Injury Crashes,DA3772006R,Prince George's County Police,Angle,Prince George's,Principal Arterial – Other Freeways and Expressways,No,No,No,No,No,RAMP 5 FR MD 414 SB TO RAMP 4 (TO MD 5),5,RAMP,No,True,No,3/10/2025,No,Point,38.831092063,-76.941119208,PGCOPD,01,16,02,Yes,17,02,17:19,2025,Monday,12,Motor Vehicle In Transport,05,On Roadway,2,Angled/Skewed,,,ST BARNABAS RD,01,05,Intersection or Related,01,Daylight,3/10/2025,2025-03-10,E,0,F,N,,,9278E58F1717E02B9DA6BC08CE478CDE9641A6AE167B895E488D52FD75BA6C08,RP,01,No,,,,,01,Dry,01,Signalized,,,,,,
Property Damage Crashes,CBPD0098007K,Bowie Police Department,Front to Rear,Prince George's,,No,No,No,No,Yes,,,,No,True,No,4/30/2025,No,Point,38.923199248,-76.718205258,BOWIE,03,16,03,,9,,09:50,2025,Wednesday,12,Motor Vehicle In Transport,02,In Parking Lane Or Zone,,,,,,,,,01,Daylight,4/30/2025,2025-04-30,,,F,N,101,Parking Aisle,,,01,No,,,,,,,,,,,,,,
Property Damage Crashes,MSP743900LT,Maryland State Police,Angle,Prince George's,Local,No,Yes,No,No,No,LAUREL AVE,210,MUNICIPAL ROAD,No,True,No,1/19/2025,No,Point,39.100213333,-76.845631667,MSP,01,16,03,No,7,,07:20,2025,Sunday,12,Motor Vehicle In Transport,05,On Roadway,7,,,,,,09,Through Roadway,100,Dawn,1/19/2025,2025-01-19,W,46.52,F,N,,,00474DC5971CE394E83982CB687BF28FD0E573967FB87CFEFB9D591B78E59D4D,MU,01,No,,,,,01,Dry,,,,,,,,
Property Damage Crashes,MSP7665009D,Maryland State Police,Single Vehicle,Prince George's,,No,No,No,No,No,,50,UNITED STATE ROUTE,No,True,No,1/13/2025,No,Point,38.945,-76.861665,MSP,101,16,03,No,13,,13:26,2025,Monday,03,Explosion Or Fire,05,On Roadway,,,,,,,06,Non-Junction,01,Daylight,1/13/2025,2025-01-13,W,58.6,F,N,,,8485A7AB927AC6D4169612AEFB938992FF4816C564AAB5C3B4EBD8AEFBA18019,US,01,No,,,,,01,Dry,,,,,,,,
Property Damage Crashes,MSP745000HW,Maryland State Police,Single Vehicle,Prince George's,Interstate,No,No,No,No,No,RAMP 9 FR IS 595 WB TO MD 950 SB,95,RAMP,No,True,No,1/18/2025,No,Point,38.946898202,-76.855644852,MSP,101,16,03,No,21,,21:00,2025,Saturday,28,Ditch,03,Median,1,,,,,,04,Entrance/Exit Ramp or Related,03,Dark - Lighted,1/18/2025,2025-01-18,S,16.11,F,N,,,37D935E718DE4E25AA5FC65220CA98A72B7A3F39A617B5981E6F2B46455D4968,RP,01,No,,,,,01,Dry,,,,,,,,
Property Damage Crashes,DA4122008T,Prince George's County Police,Front to Rear,Prince George's,Major Collector,No,No,No,No,No,OLD FORT RD,118,COUNTY ROAD,No,True,No,3/11/2025,No,Point,38.755804606,-76.993002934,PGCOPD,03,16,03,Yes,6,04,06:00,2025,Tuesday,12,Motor Vehicle In Transport,05,On Roadway,5,Perpendicular,,,INDIAN HEAD HWY,03,05,Intersection or Related,03,Dark - Lighted,3/11/2025,2025-03-11,W,0,F,N,,,C936FB9D4F07828ECA097C1F60DAEAA7421AE53F2FC64134D001802BD6D44FA4,CO,01,No,,,,,01,Dry,01,Signalized,,,,,,
Property Damage Crashes,DA4369001S,Prince George's County Police,Front to Front,Prince George's,Minor Arterial,No,No,No,No,No,GARRETT A MORGAN BLVD (SB/L),5730,COUNTY ROAD,Yes,True,No,1/7/2025,No,Point,38.889869153,-76.862886635,PGCOPD,02,16,03,No,15,,15:35,2025,Tuesday,12,Motor Vehicle In Transport,05,On Roadway,4,,,,,,06,Non-Junction,01,Daylight,1/7/2025,2025-01-07,W,12.65,F,N,,,3F55F4C8C5CD02CF9602DE2F2569701E1E3C9DA714F156018CB5D64447ABB2E9,CO,01,No,,,,,02,Ice/Frost,,,,,,,,
Property Damage Crashes,BP9426002C,Forest Heights Police Department,Front to Rear,Prince George's,Minor Arterial,No,No,No,No,No,LIVINGSTON RD,1203,COUNTY ROAD,No,True,No,2/1/2025,No,Point,38.807257834,-76.990503497,FORESTHEIGHTS,03,16,03,No,16,,16:20,2025,Saturday,12,Motor Vehicle In Transport,05,On Roadway,4,,100,Local,,,09,Through Roadway,01,Daylight,2/1/2025,2025-02-01,S,21.17,F,N,,,4A001AF76F669C9AC49EFA3F1ABF61C0AB865DAB675B30EFCC19CF5E4D91DD62,CO,01,No,97,Not Applicable,,,01,Dry,,,,,,,,
Property Damage Crashes,MSP7765005K,Maryland State Police,Front to Rear,Prince George's,Interstate,No,No,No,No,No,CAPITAL BELTWAY (SB/L),95,INTERSTATE ROUTE,No,True,No,1/15/2025,No,Point,38.938954888,-76.855929443,MSP,03,16,03,No,19,,19:30,2025,Wednesday,12,Motor Vehicle In Transport,05,On Roadway,1,,,,,,09,Through Roadway,03,Dark - Lighted,1/15/2025,2025-01-15,N,9.63,F,N,,,82F5248347076EEDE2C9FBC181F6E165953907AE198D60B3E6AB770F7A9AD165,IS,01,No,,,,,01,Dry,,,,,,,,
Property Damage Crashes,CE41620073,Laurel Police Department,"Sideswipe, Same Direction",Prince George's,Principal Arterial – Other,No,No,No,No,No,,1,UNITED STATE ROUTE,Yes,True,No,4/27/2025,No,Point,39.094073061,-76.854405979,LAUREL,07,16,03,No,21,,21:08,2025,Sunday,12,Motor Vehicle In Transport,05,On Roadway,3,,,,,,06,Non-Junction,03,Dark - Lighted,4/27/2025,2025-04-27,N,5.37,F,N,,,61AF4F87CB2B60DAA8D61793418728F2EAB934F9C55A0E30804CDA906B7625C6,US,01,No,,,,,01,Dry,,,,,,,,
Property Damage Crashes,DA3949008H,Prince George's County Police,Front to Rear,Prince George's,Local,No,No,No,No,No,OREGON AVE,2082,COUNTY ROAD,No,True,No,3/2/2025,No,Point,38.918526048,-76.890062518,PGCOPD,03,16,03,No,7,,07:00,2025,Sunday,15,Parked Vehicle,05,On Roadway,7,,,,,,09,Through Roadway,01,Daylight,3/2/2025,2025-03-02,S,39.36,F,N,,,EB843F549044798D4C399246CF21984CB1A7AA60A3007145AF033B2E7D740561,CO,01,No,,,,,01,Dry,,,,,,,,
Injury Crashes,MSP585801F9,Maryland State Police,Front to Rear,Prince George's,Local,No,Yes,No,No,No,MOORES RD,823,COUNTY ROAD,No,True,No,1/15/2025,No,Point,38.714322457,-76.878183264,MSP,03,16,02,Yes,14,04,14:44,2025,Wednesday,12,Motor Vehicle In Transport,05,On Roadway,7,Perpendicular,101,State,BRANCH AVE (SB/L),03,05,Intersection or Related,01,Daylight,1/15/2025,2025-01-15,N,0,F,N,,,A5725FD7B5CB674FD553FFC1364C2943FEBC89C8D893F17DB6F7EB219F4EAA0C,CO,01,No,,,,,01,Dry,05,No Controls,,,,,,
Injury Crashes,DA2735006D,Prince George's County Police,Angle,Prince George's,,No,No,No,No,No,,182,BIKE ROUTE,No,True,No,6/2/2025,No,Point,38.921281727,-76.834858450,PGCOPD,01,16,02,No,19,,19:12,2025,Monday,12,Motor Vehicle In Transport,05,On Roadway,,,,,BYWARD BLVD,,06,Non-Junction,01,Daylight,6/2/2025,2025-06-02,N,15.15,F,N,,,B8D7FB722273ABA56BC03F41A4F36E566137B4A89E08B8F2E34066FE1954DDA4,BK,01,No,,,,,01,Dry,,,,,,,,
Property Damage Crashes,MSP6582015Q,Maryland State Police,"Sideswipe, Same Direction",Prince George's,Principal Arterial – Other,No,No,No,No,No,CRAIN HWY,301,UNITED STATE ROUTE,No,True,No,2/26/2025,No,Point,38.679345699,-76.874630712,MSP,07,16,03,No,14,,14:36,2025,Wednesday,12,Motor Vehicle In Transport,05,On Roadway,3,,,,,,09,Through Roadway,01,Daylight,2/26/2025,2025-02-26,S,36.77,F,N,,,3D8BB871EB0908B855192F32F6A0A14ADBEC7D6269F1706B21D5BE6BE995C522,US,01,No,,,,,01,Dry,,,,,,,,
Property Damage Crashes,BW02020035,Greenbelt Police Department,Angle,Prince George's,Principal Arterial – Other Freeways and Expressways,No,No,No,No,No,RAMP 5 FR MD 201 SB TO MD 193 EB,201,RAMP,No,True,No,4/25/2025,No,Point,38.996747845,-76.900800596,GREENBELT,01,16,03,No,19,03,19:11,2025,Friday,12,Motor Vehicle In Transport,05,On Roadway,2,Perpendicular,,,GREENBELT RD (WB/L),03,05,Intersection or Related,01,Daylight,4/25/2025,2025-04-25,S,0,F,N,,,4BE6C3AECFEC3C8212946A1335526200EE0DF494B10A2256A09AC3BC8DBD8143,RP,01,No,,,,,01,Dry,01,Signalized,,,,,,
Property Damage Crashes,MSP7839005V,Maryland State Police,"Sideswipe, Same Direction",Prince George's,Interstate,No,No,No,No,No,CAPITAL BELTWAY (SB/L),95,INTERSTATE ROUTE,No,True,No,5/22/2025,No,Point,38.808807027,-76.969971263,MSP,07,16,03,No,3,,03:54,2025,Thursday,12,Motor Vehicle In Transport,05,On Roadway,1,,,,,,06,Non-Junction,04,Dark - Not Lighted,5/22/2025,2025-05-22,N,7.69,F,N,,,1973BF729E9B86B4FE14DED1D8422F3C869A0006D3C1CFCCA79C5461C5062B6D,IS,01,No,,,,,09,Wet,,,,,,,,
Property Damage Crashes,MSP7764006Y,Maryland State Police,Front to Rear,Prince George's,,No,No,No,No,No,,50,UNITED STATE ROUTE,No,True,No,1/20/2025,No,Point,38.953347896,-76.726841200,MSP,03,16,03,Yes,5,,05:52,2025,Monday,12,Motor Vehicle In Transport,05,On Roadway,,,101,State,,,04,Entrance/Exit Ramp or Related,03,Dark - Lighted,1/20/2025,2025-01-20,W,20.67,F,N,,,A2E627903E62FC0F5E9B3D355EF4AC265BEDBAB6BF86D1675FCC913429920577,US,01,No,,,,,01,Dry,,,,,,,,