Crash Severity Description,Reportnumber,Agencyname,CollisionImpact Description,Crash County Description,FunctionalClass Description,ImpairedCrash,Large Vehicle Involved,Motorcycle Crash,Non-Motorist Crash,OffRoad,RoadName,Route Number,RouteType Description,Unrestrained Occupants,WithinDateRange,Work Zone Related,Crashdate,Work Zone Crash,CrashPoint,Latitude,Longitude,AgencyCode,CollisionImpact,Crash County,Crash Severity,Crash Within Interchange,Crashhour,CrashInterchangeApproaches,Crashtime,CrashYear,Dayofweek,FirstHarmEvent,FirstHarmEvent Description,FirstHarmLocation,FirstHarmLocation Description,FunctionalClass,Geometry Description,GovPropertyDamage,GovPropertyDamage Description,IntersectingRoadName,Intersection Geometry,JunctionRelated,JunctionRelated Description,Light,Light Description,LOD Crash Date,LOD Date Level,MilepointDirection,MilepointDistance,MilepointUnits,NonTrafficFatal,OffroadLocation,OffroadLocation Description,RoadID,RouteType,SchoolBusRelated,SchoolBusRelated Description,SecondHarmEvent,SecondHarmEvent Description,SecondHarmLocation,SecondHarmLocation Description,Surface,Surface Description,TrafficControl,Trafficcontrol Description,WZLawEnforcementPresent,WZLocation,WZLocation Description,WZType,WZType Description,WZWorkersPresent
Injury Crashes,DA399300CC,Prince George's County Police,Angle,Prince George's,Local,No,No,No,No,No,MARLBORO PIKE,3050,COUNTY ROAD,No,True,No,3/4/2025,No,Point,38.816425250,-76.841060466,PGCOPD,01,16,02,No,15,04,15:41,2025,Tuesday,12,Motor Vehicle In Transport,05,On Roadway,7,Angled/Skewed,,,OLD MARLBORO PIKE,01,05,Intersection or Related,01,Daylight,3/4/2025,2025-03-04,E,0,F,N,,,887D4085BE0D4D723D15D3E546053DCF0BFE4CA492E98734F1B16F204866491C,CO,01,No,12,Motor Vehicle In Transport,05,On Roadway,01,Dry,03,Stop - Partial,,,,,,
Property Damage Crashes,MSP766400BC,Maryland State Police,Single Vehicle,Prince George's,Interstate,No,No,No,No,No,CAPITAL BELTWAY (SB/L),95,INTERSTATE ROUTE,No,True,No,4/25/2025,No,Point,38.819142009,-76.929980793,MSP,101,16,03,No,23,,23:40,2025,Friday,32,Guardrail Face,09,Roadside,1,,101,State,,,09,Through Roadway,04,Dark - Not Lighted,4/25/2025,2025-04-25,S,19.58,F,N,,,4FDBBA98930C43530BCFD7FFED7EE57A3EB1ED2CD97D4A19781C8EAE6DF2BCF4,IS,01,No,,,,,01,Dry,,,,,,,,
Property Damage Crashes,DA4066006N,Prince George's County Police,Front to Front,Prince George's,Major Collector,No,No,No,No,No,COOPER LA,332,COUNTY ROAD,Yes,True,No,1/6/2025,No,Point,38.940595252,-76.901772219,PGCOPD,02,16,03,No,21,,21:29,2025,Monday,12,Motor Vehicle In Transport,05,On Roadway,5,,,,,,09,Through Roadway,03,Dark - Lighted,1/6/2025,2025-01-06,N,34.92,F,N,,,227AFC63DBF0AEBADFB9930CAC6CD0BAB5F7783B5DA0AB0D74FC559F2095C3ED,CO,01,No,,,,,07,Snow,,,,,,,,
Property Damage Crashes,DA4413000N,Prince George's County Police,Front to Rear,Prince George's,Major Collector,No,No,No,No,No,DECATUR ST,40,MUNICIPAL ROAD,No,True,No,3/27/2025,No,Point,38.948082177,-76.929287045,PGCOPD,03,16,03,No,17,,17:25,2025,Thursday,12,Motor Vehicle In Transport,05,On Roadway,5,,,,,,06,Non-Junction,01,Daylight,3/27/2025,2025-03-27,S,29.03,F,N,,,BC56F0C11B34334ECAFA66FCFF2F4E4C0B5CEC712DA1435C725F76DF8428B38A,MU,01,No,,,,,01,Dry,,,,,,,,
Property Damage Crashes,DA4426000Z,Prince George's County Police,Front to Rear,Prince George's,Local,No,No,No,No,No,WATKINS AVE,63,COUNTY ROAD,No,True,No,4/1/2025,No,Point,38.936275062,-76.856708484,PGCOPD,03,16,03,Yes,16,03,16:49,2025,Tuesday,12,Motor Vehicle In Transport,05,On Roadway,7,Perpendicular,,,ARDWICK ARDMORE RD ARDWICK ARDMORE RD (EB/L) BRIGHTSEAT RD,03,05,Intersection or Related,01,Daylight,4/1/2025,2025-04-01,N,0,F,N,,,04D4101C11F0FD9164D59CDACE14BEB08C2FDC48C44EF559D3889E2F6AAF0F13,CO,01,No,,,,,01,Dry,03,Stop - Partial,,,,,,
Property Damage Crashes,DA4268007P,Prince George's County Police,Other,Prince George's,Principal Arterial – Other,No,No,No,No,No,BALTIMORE AVE,1,UNITED STATE ROUTE,No,True,No,5/27/2025,No,Point,39.000400813,-76.931169583,PGCOPD,98,16,03,No,15,,15:03,2025,Tuesday,12,Motor Vehicle In Transport,09,Roadside,3,,,,,,09,Through Roadway,01,Daylight,5/27/2025,2025-05-27,N,25.7,F,N,,,86D1B6B7D3EEED67F907DE986540E9DC85C531EA2C9FBFAB9425A014FBB89ECF,US,01,No,,,,,09,Wet,,,,,,,,
Property Damage Crashes,DA4396001C,Prince George's County Police,Front to Rear,Prince George's,Principal Arterial – Other,No,No,No,No,No,NEW HAMPSHIRE AVE,650,MARYLAND ROUTE,No,True,No,3/1/2025,No,Point,39.003250721,-76.981202022,PGCOPD,03,16,03,No,15,,15:51,2025,Saturday,12,Motor Vehicle In Transport,05,On Roadway,3,,,,,,06,Non-Junction,01,Daylight,3/1/2025,2025-03-01,S,18.19,F,N,,,972DFAC00AD6159A4DB27E14535CCE8CE4FB10F63A7B44E8FCD5970F795D6EC0,MD,01,No,,,,,01,Dry,,,,,,,,
Injury Crashes,DA393600G0,Prince George's County Police,Front to Rear,Prince George's,Minor Arterial,No,No,No,No,No,MARLBORO PIKE,3074,COUNTY ROAD,No,True,No,2/20/2025,No,Point,38.857260297,-76.904639481,PGCOPD,03,16,02,No,9,,09:55,2025,Thursday,12,Motor Vehicle In Transport,05,On Roadway,4,,,,,,06,Non-Junction,01,Daylight,2/20/2025,2025-02-20,S,11.58,F,N,,,BBD70C4D049EC4D4DAB0CF59B21119EB379885DCB4E757FFE5156E188295F98E,CO,01,No,,,,,01,Dry,,,,,,,,
Property Damage Crashes,CBPD01310003,Bowie Police Department,Front to Rear,Prince George's,Major Collector,No,No,No,No,No,MILLSTREAM DR,1880,MUNICIPAL ROAD,No,True,No,2/3/2025,No,Point,38.982255156,-76.756711676,BOWIE,03,16,03,No,9,,09:42,2025,Monday,12,Motor Vehicle In Transport,05,On Roadway,5,,,,LAUREL BOWIE RD,,06,Non-Junction,01,Daylight,2/3/2025,2025-02-03,N,38.8,F,N,,,32D0FFF291A348033489A73B206C2FE7286C35E4332F4232D502C0A8A7671026,MU,01,No,,,,,01,Dry,,,,,,,,
Property Damage Crashes,DA373600CR,Prince George's County Police,Rear To Side,Prince George's,,No,No,No,No,No,,620,SPUR,No,True,No,1/28/2025,No,Point,38.820592157,-77.000684322,PGCOPD,05,16,03,No,2,,02:25,2025,Tuesday,12,Motor Vehicle In Transport,05,On Roadway,,,,,INDIAN HEAD HWY,,09,Through Roadway,03,Dark - Lighted,1/28/2025,2025-01-28,S,28.14,F,N,,,A6974529B55C9AE33047AAADBE8E140845CBD58D5D338E53A3DC36E4D70D9EC9,SP,01,No,,,,,01,Dry,,,,,,,,
Property Damage Crashes,DA409400C2,Prince George's County Police,"Sideswipe, Same Direction",Prince George's,Minor Arterial,No,No,No,No,No,ANNAPOLIS RD (WB/L),450,MARYLAND ROUTE,Yes,True,No,2/10/2025,No,Point,38.938831360,-76.911721194,PGCOPD,07,16,03,No,14,,14:42,2025,Monday,12,Motor Vehicle In Transport,05,On Roadway,4,,,,,,06,Non-Junction,01,Daylight,2/10/2025,2025-02-10,W,51.63,F,N,,,A4E01BAA295B8DAA28B0A9F6EF7E29FE4DD202AFA2A5539844F489C3B9452127,MD,01,No,,,,,01,Dry,,,,,,,,
Property Damage Crashes,DA3002006T,Prince George's County Police,Front to Front,Prince George's,Minor Arterial,No,No,No,No,No,RITCHIE MARLBORO RD,974,COUNTY ROAD,Yes,True,No,2/7/2025,No,Point,38.820992353,-76.783824454,PGCOPD,02,16,03,No,9,,09:00,2025,Friday,12,Motor Vehicle In Transport,05,On Roadway,4,,,,,,06,Non-Junction,01,Daylight,2/7/2025,2025-02-07,S,42.84,F,N,,,DD38607294A9B3A4F113E6CCD12455A867B2AD836F75A45B9FA9688FC9B7A921,CO,01,No,,,,,01,Dry,,,,,,,,
Injury Crashes,MSP745800RQ,Maryland State Police,Single Vehicle,Prince George's,Principal Arterial – Other Freeways and Expressways,No,No,No,No,No,BRANCH AVE,5,MARYLAND ROUTE,No,True,No,4/6/2025,No,Point,38.743885,-76.878825,MSP,101,16,02,No,3,,03:29,2025,Sunday,40,Tree (standing),07,"On Shoulder, Right Side",2,,,,,,01,Acceleration/Deceleration Lane,03,Dark - Lighted,4/6/2025,2025-04-06,W,25.67,F,N,,,EAACDA106ADE398E0997EF1C830CD9A2262975976427ADB554F3CE48EC53B9E1,MD,01,No,,,,,01,Dry,,,,,,,,
Injury Crashes,DA4357002F,Prince George's County Police,"Sideswipe, Opposite Direction",Prince George's,Local,No,No,No,No,No,GAMBIER DR,3299,COUNTY ROAD,No,True,No,1/13/2025,No,Point,38.780947874,-76.837141543,PGCOPD,06,16,02,No,7,,07:55,2025,Monday,12,Motor Vehicle In Transport,05,On Roadway,7,,,,ROSARYVILLE RD,,06,Non-Junction,01,Daylight,1/13/2025,2025-01-13,W,20.15,F,N,,,29B00878CFE5352FB8092045692990D367D78E9B358579E46EDF515AC9BD02D3,CO,01,No,,,,,01,Dry,,,,,,,,
Property Damage Crashes,MSP6931013L,Maryland State Police,"Sideswipe, Same Direction",Prince George's,Principal Arterial – Other Freeways and Expressways,No,No,No,No,No,PENNSYLVANIA AVE,4,MARYLAND ROUTE,No,True,No,3/8/2025,No,Point,38.82967,-76.856478333,MSP,07,16,03,No,8,02,08:32,2025,Saturday,12,Motor Vehicle In Transport,05,On Roadway,2,Perpendicular,,,PRESIDENTIAL PKWY (SB/L),03,05,Intersection or Related,01,Daylight,3/8/2025,2025-03-08,E,0,F,N,,,F548E3981D51A86C97CA43BAAA4E48096836614B9B39B85E17BD11B817241DA2,MD,01,No,,,,,01,Dry,01,Signalized,,,,,,
Property Damage Crashes,CBPD0075004R,Bowie Police Department,"Sideswipe, Same Direction",Prince George's,Principal Arterial – Other,No,No,No,No,No,COLLINGTON RD (SB/L),197,MARYLAND ROUTE,No,True,No,3/7/2025,No,Point,38.942762128,-76.717992238,BOWIE,07,16,03,Yes,20,,20:30,2025,Friday,12,Motor Vehicle In Transport,05,On Roadway,3,,,,,,02,Crossover-Related,03,Dark - Lighted,3/7/2025,2025-03-07,S,99.74,F,N,,,9C8B5C9E2900194EE79C4B51BC1367154C207EA03522B43C9DEDC643CB2DE9F8,MD,01,No,,,,,01,Dry,,,,,,,,
Injury Crashes,DA32700031,Prince George's County Police,Single Vehicle,Prince George's,,No,No,No,Yes,Yes,,,,No,True,No,3/27/2025,No,Point,38.821442788,-76.765215259,PGCOPD,101,16,02,,11,,11:33,2025,Thursday,17,Pedestrian,02,In Parking Lane Or Zone,,,,,,,,,01,Daylight,3/27/2025,2025-03-27,,,F,N,102,Parking Lot Way,,,01,No,,,,,,,,,,,,,,
Property Damage Crashes,DA4304006Q,Prince George's County Police,Front to Rear,Prince George's,Minor Arterial,No,No,No,No,No,POWDER MILL RD (SB/L),212,MARYLAND ROUTE,No,True,No,5/31/2025,No,Point,39.028226691,-76.961675634,PGCOPD,03,16,03,No,18,,18:35,2025,Saturday,12,Motor Vehicle In Transport,05,On Roadway,4,,,,,,06,Non-Junction,01,Daylight,5/31/2025,2025-05-31,S,21.3,F,N,,,A748F7AF695E016442C8BDB5272408D948643D9FB8A35E04EAC59059ABBC461E,MD,01,No,,,,,01,Dry,,,,,,,,
Injury Crashes,DA35830019,Prince George's County Police,"Sideswipe, Same Direction",Prince George's,Local,No,No,No,No,No,MGM NATIONAL AVE,5591,OTHER PUBLIC ROAD,No,True,No,4/23/2025,No,Point,38.795833188,-77.006349839,PGCOPD,07,16,02,No,19,,19:15,2025,Wednesday,12,Motor Vehicle In Transport,05,On Roadway,7,,,,,,01,Acceleration/Deceleration Lane,01,Daylight,4/23/2025,2025-04-23,E,111.21,F,N,,,BC138CD4C6DFF391930167C478F6CD600A75F32924320EDB376E6E0EECE9B1BA,OP,01,No,,,,,01,Dry,,,,,,,,
Property Damage Crashes,BP9424003P,Forest Heights Police Department,Single Vehicle,Prince George's,,No,No,No,No,Yes,,,,No,True,No,3/16/2025,No,Point,38.782089197,-76.997401027,FORESTHEIGHTS,101,16,03,,0,,00:05,2025,Sunday,29,Embankment,09,Roadside,,,,,,,,,04,Dark - Not Lighted,3/16/2025,2025-03-16,,,F,N,105,Dirt Road/Trail,,,01,No,,,,,,,,,,,,,,
Property Damage Crashes,MSP745000K6,Maryland State Police,Single Vehicle,Prince George's,Interstate,No,No,No,No,No,CAPITAL BELTWAY,95,INTERSTATE ROUTE,No,True,No,5/9/2025,No,Point,38.97363,-76.87019,MSP,101,16,03,No,4,,04:11,2025,Friday,25,Concrete Traffic Barrier,03,Median,1,,,,,,09,Through Roadway,04,Dark - Not Lighted,5/9/2025,2025-05-09,E,58.52,F,N,,,EBE9745A4E1E1E4C92088322353FDE585CE10C739E4BAEB97D2944E0AA8A57BA,IS,01,No,25,Concrete Traffic Barrier,03,Median,09,Wet,,,,,,,,
Property Damage Crashes,MSP76640097,Maryland State Police,"Sideswipe, Same Direction",Prince George's,Interstate,No,No,No,No,No,RAMP 7 FR RAMP 2 TO RAMP 6,95,RAMP,No,True,No,2/28/2025,No,Point,38.819130916,-76.920645100,MSP,07,16,03,No,20,,20:11,2025,Friday,12,Motor Vehicle In Transport,05,On Roadway,1,,,,,,04,Entrance/Exit Ramp or Related,04,Dark - Not Lighted,2/28/2025,2025-02-28,S,2.88,F,N,,,9E86A10C053B689C2D6EA76A0F2EAA77AB02B19F4505F86B7D29EDB52EA62579,RP,01,No,,,,,01,Dry,,,,,,,,
Property Damage Crashes,DA3635006C,Prince George's County Police,Other,Prince George's,Principal Arterial – Other Freeways and Expressways,No,No,No,No,No,INDIAN HEAD HWY (SB/L),210,MARYLAND ROUTE,No,True,No,1/31/2025,No,Point,38.725602067,-76.990204236,PGCOPD,98,16,03,Yes,19,04,19:20,2025,Friday,12,Motor Vehicle In Transport,05,On Roadway,2,Perpendicular,,,SWAN CREEK RD (WB/L),03,05,Intersection or Related,03,Dark - Lighted,1/31/2025,2025-01-31,S,0,F,N,,,4EB9984414700F754918F360B11370B26190F173572A71525359F1BD0A20A8A7,MD,01,No,,,,,09,Wet,01,Signalized,,,,,,
Injury Crashes,DA4348001X,Prince George's County Police,Other,Prince George's,Principal Arterial – Other,No,No,No,No,No,EAST WEST HWY,410,MARYLAND ROUTE,No,True,No,1/3/2025,No,Point,38.969113394,-76.972922445,PGCOPD,98,16,02,Unknown,5,04,05:00,2025,Friday,12,Motor Vehicle In Transport,05,On Roadway,3,Perpendicular,,,23RD AVE,03,05,Intersection or Related,03,Dark - Lighted,1/3/2025,2025-01-03,S,0,F,N,,,E2140AC858A4CDF53390DFA976BED43FE16889F16E7DB87D266DC8B69899CA48,MD,01,No,12,Motor Vehicle In Transport,05,On Roadway,01,Dry,01,Signalized,,,,,,
Property Damage Crashes,BW02140013,Greenbelt Police Department,Front to Rear,Prince George's,Major Collector,No,Yes,No,No,No,CHERRYWOOD LA,40,MUNICIPAL ROAD,No,True,No,1/24/2025,No,Point,38.999475751,-76.911682584,GREENBELT,03,16,03,No,18,,18:44,2025,Friday,12,Motor Vehicle In Transport,05,On Roadway,5,,102,Federal,,,06,Non-Junction,03,Dark - Lighted,1/24/2025,2025-01-24,N,34.84,F,N,,,DF5EECD4C931F31882D78CD83EB2701104B5CFE353AB0E3879FE955F4FF32D9A,MU,01,No,,,,,01,Dry,,,,,,,,
Property Damage Crashes,DA3372003T,Prince George's County Police,Front to Rear,Prince George's,Principal Arterial – Other Freeways and Expressways,No,No,No,No,No,INDIAN HEAD HWY (SB/L),210,MARYLAND ROUTE,No,True,No,3/5/2025,No,Point,38.779973385,-76.997500194,PGCOPD,03,16,03,No,16,,16:20,2025,Wednesday,12,Motor Vehicle In Transport,05,On Roadway,2,,,,,,06,Non-Junction,01,Daylight,3/5/2025,2025-03-05,E,20.87,F,N,,,63E307C816B5AFB605CE5801B7B2018FB01F5311957F6431A100B4AE5DB8176D,MD,01,No,,,,,09,Wet,,,,,,,,
Property Damage Crashes,MSP732800KN,Maryland State Police,Front to Rear,Prince George's,Interstate,No,Yes,No,No,No,NO NAME (SB/L),95,INTERSTATE ROUTE,No,True,No,3/1/2025,No,Point,39.049568390,-76.931382373,MSP,03,16,03,No,5,,05:07,2025,Saturday,12,Motor Vehicle In Transport,05,On Roadway,1,,,,,,06,Non-Junction,04,Dark - Not Lighted,3/1/2025,2025-03-01,S,7.94,F,N,,,F7E9B7C5D184F132D47682AB3AD20EFB0D4F9827B8820C20B3DAC7E4A8EA59B3,IS,01,No,,,,,01,Dry,,,,,,,,
Property Damage Crashes,DA3988009Z,Prince George's County Police,Front to Front,Prince George's,Local,No,No,No,No,No,UTICA PL,1395,COUNTY ROAD,No,True,No,2/11/2025,No,Point,38.942022459,-76.842066836,PGCOPD,02,16,03,No,23,,23:00,2025,Tuesday,15,Parked Vehicle,05,On Roadway,7,,,,,,06,Non-Junction,03,Dark - Lighted,2/11/2025,2025-02-11,W,22.49,F,N,,,2548320B4AF08BE2E40EF89B0B7BA3D6BA4692782BCA1C085F974EDD4D58D5EE,CO,01,No,,,,,07,Snow,,,,,,,,
Property Damage Crashes,DA44210008,Prince George's County Police,Single Vehicle,Prince George's,,No,No,No,No,No,VILLAGE SQUARE RD,2147,LOCAL ROAD,Yes,True,No,1/4/2025,No,Point,38.770352972,-76.782646782,PGCOPD,101,16,03,No,9,,09:38,2025,Saturday,40,Tree (standing),04,"Off-Roadway, Location Unknown",,,,,,,06,Non-Junction,01,Daylight,1/4/2025,2025-01-04,N,38.73,F,N,,,EC850C70F0B25C2B145597D8EE486C94E69FB00D0448773B17AFE23DB79C8961,LL,01,No,,,,,01,Dry,,,,,,,,
Property Damage Crashes,CBPD0115003K,Bowie Police Department,Single Vehicle,Prince George's,Major Collector,No,No,No,No,No,MOUNT OAK RD,66,COUNTY ROAD,No,True,No,3/16/2025,No,Point,38.925251515,-76.743059400,BOWIE,101,16,03,No,4,,04:20,2025,Sunday,36,"Other Post, Pole, Or Support",05,On Roadway,5,,,,,,06,Non-Junction,03,Dark - Lighted,3/16/2025,2025-03-16,E,14.02,F,N,,,EBA5227A3718055E25391BE07277F83289D40F5DF8FF1AED2CE20B8C223BF410,CO,01,No,,,,,09,Wet,,,,,,,,
Property Damage Crashes,DA43800034,Prince George's County Police,"Sideswipe, Opposite Direction",Prince George's,Local,No,No,No,No,No,LIVINGSTON RD,1202,COUNTY ROAD,No,True,No,4/3/2025,No,Point,38.669597882,-76.996031424,PGCOPD,06,16,03,No,15,,15:29,2025,Thursday,12,Motor Vehicle In Transport,05,On Roadway,7,,,,,,01,Acceleration/Deceleration Lane,01,Daylight,4/3/2025,2025-04-03,W,50.15,F,N,,,C95131DAA0670277FCB1C92358B0659DDC3A8C20A6E7E912372DEEEB7A1523FC,CO,01,No,,,,,01,Dry,,,,,,,,
Property Damage Crashes,DA3476004Z,Prince George's County Police,Front to Rear,Prince George's,Principal Arterial – Other,No,No,No,No,No,BALTIMORE AVE (SB/L),1,UNITED STATE ROUTE,No,True,No,5/24/2025,No,Point,39.015221460,-76.927447867,PGCOPD,03,16,03,No,15,,15:32,2025,Saturday,12,Motor Vehicle In Transport,05,On Roadway,3,,,,,,09,Through Roadway,01,Daylight,5/24/2025,2025-05-24,N,86.91,F,N,,,F3A5440043D43CD1F88E85658EF4FD0601EEF04D502AE012ED1FA39EAF7AD4EE,US,01,No,,,,,01,Dry,,,,,,,,
Property Damage Crashes,DA409900FH,Prince George's County Police,Front to Rear,Prince George's,Local,No,No,No,No,No,RAY RD,965,COUNTY ROAD,No,True,No,5/24/2025,No,Point,38.966480435,-76.987998264,PGCOPD,03,16,03,No,22,,22:11,2025,Saturday,12,Motor Vehicle In Transport,05,On Roadway,7,,,,,,09,Through Roadway,03,Dark - Lighted,5/24/2025,2025-05-24,S,20.86,F,N,,,991261DF0084EB87E32C2AB5BC32C2537ECE3B2F4CDAA0688BF0E29A913F4AE8,CO,01,No,,,,,01,Dry,,,,,,,,
Property Damage Crashes,DA4428000L,Prince George's County Police,Angle,Prince George's,Local,No,No,No,No,No,SILVERGATE LA,5390,COUNTY ROAD,No,True,No,2/27/2025,No,Point,38.957714307,-76.804866471,PGCOPD,01,16,03,No,7,,07:44,2025,Thursday,12,Motor Vehicle In Transport,05,On Roadway,7,,,,ANNAPOLIS RD,,09,Through Roadway,01,Daylight,2/27/2025,2025-02-27,W,37.65,F,N,,,EBC967BF7F173B76D69A14564265878002F62C96F45E420C4AA77EA9D058A6C4,CO,01,No,12,Motor Vehicle In Transport,05,On Roadway,01,Dry,,,,,,,,
Property Damage Crashes,BW01930015,Greenbelt Police Department,"Sideswipe, Same Direction",Prince George's,Principal Arterial – Other Freeways and Expressways,No,No,No,No,No,KENILWORTH AVE (SB/L),201,MARYLAND ROUTE,No,True,No,1/2/2025,No,Point,39.000059627,-76.897474575,GREENBELT,07,16,03,Yes,8,,08:30,2025,Thursday,12,Motor Vehicle In Transport,05,On Roadway,2,,,,,,09,Through Roadway,01,Daylight,1/2/2025,2025-01-02,W,28.31,F,N,,,165906C31EA118B5985E2D06E66923994394808533D1F757ED7B93DC2E3346A7,MD,01,No,12,Motor Vehicle In Transport,05,On Roadway,01,Dry,,,,,,,,
Property Damage Crashes,MSP78650021,Maryland State Police,"Sideswipe, Same Direction",Prince George's,Interstate,No,No,No,No,No,JOHN HANSON HWY (WB/L),595,INTERSTATE ROUTE,No,True,No,3/27/2025,No,Point,38.947364715,-76.835564050,MSP,07,16,03,No,18,,18:59,2025,Thursday,12,Motor Vehicle In Transport,05,On Roadway,1,,,,,,04,Entrance/Exit Ramp or Related,01,Daylight,3/27/2025,2025-03-27,S,21.48,F,N,,,E0338C168588F7783611D7F2781495E3CBC098F31B558B414B0B623A31686CD3,IS,01,No,,,,,01,Dry,,,,,,,,
Injury Crashes,DA43270042,Prince George's County Police,Angle,Prince George's,Principal Arterial – Other,No,No,No,No,No,PENNSYLVANIA AVE (SB/L),4,MARYLAND ROUTE,No,True,No,5/20/2025,No,Point,38.853161164,-76.910291417,PGCOPD,01,16,02,Yes,23,04,23:25,2025,Tuesday,12,Motor Vehicle In Transport,05,On Roadway,3,Angled/Skewed,,,SILVER HILL RD (SB/L),01,05,Intersection or Related,03,Dark - Lighted,5/20/2025,2025-05-20,W,0,F,N,,,E0BC0CC40BC5A4E60DCA1A9C50DDE88C81076088DAE76592F9B4F6FF7CE7AB91,MD,01,No,,,,,01,Dry,01,Signalized,,,,,,
Property Damage Crashes,DA44340005,Prince George's County Police,"Sideswipe, Same Direction",Prince George's,,No,Yes,No,No,No,,880,CROSSOVER,No,True,No,4/10/2025,No,Point,38.869142091,-76.847583085,PGCOPD,07,16,03,Yes,20,04,20:00,2025,Thursday,12,Motor Vehicle In Transport,05,On Roadway,,Roundabout/Traffic Circle,,,RITCHIE MARLBORO RD,02,05,Intersection or Related,03,Dark - Lighted,4/10/2025,2025-04-10,N,0,F,N,,,EEBC8AD4517797B187C732DA2D4A6143EEA2C5BF33AE33B79CE46E34DFC4C9EC,XO,01,No,,,,,01,Dry,04,Yield,,,,,,
Injury Crashes,DA44270009,Prince George's County Police,Front to Rear,Prince George's,Local,No,No,No,No,No,GARDNER RD,226,COUNTY ROAD,No,True,No,2/15/2025,No,Point,38.669439117,-76.929903455,PGCOPD,03,16,02,No,8,,08:30,2025,Saturday,12,Motor Vehicle In Transport,05,On Roadway,7,,,,,,06,Non-Junction,01,Daylight,2/15/2025,2025-02-15,W,95,F,N,,,B4ED40564BD681CE4391F188AC14A32C8809D0A5F49F159C6FFB7A91D0201C53,CO,01,No,,,,,01,Dry,,,,,,,,
Property Damage Crashes,MSP68270094,Maryland State Police,Single Vehicle,Prince George's,Interstate,No,Yes,No,No,No,CAPITAL BELTWAY (SB/L),95,INTERSTATE ROUTE,No,True,No,1/3/2025,No,Point,38.882155211,-76.844210279,MSP,101,16,03,No,11,,11:13,2025,Friday,08,Thrown Or Falling Object,05,On Roadway,1,,,,,,09,Through Roadway,01,Daylight,1/3/2025,2025-01-03,E,38.24,F,N,,,6E2B4A51E3C3F4C68B2CBF76A241AB6892129F828347507A4841EEEC599C0EB1,IS,01,No,,,,,01,Dry,,,,,,,,
Property Damage Crashes,MSP546601S6,Maryland State Police,Angle,Prince George's,Interstate,No,No,No,No,No,ANACOSTIA FREEWAY (SB/L),295,INTERSTATE ROUTE,No,True,No,3/17/2025,No,Point,38.801349006,-77.021297191,MSP,01,16,03,Yes,20,,20:43,2025,Monday,12,Motor Vehicle In Transport,05,On Roadway,1,,,,,,09,Through Roadway,03,Dark - Lighted,3/17/2025,2025-03-17,S,7.9,F,N,,,E03C0CA01DBF6019D824530F6E8A8ABD552C100409B16F2A41721F5FE8968157,IS,01,No,,,,,01,Dry,,,,,,,,
Property Damage Crashes,MSP732800LF,Maryland State Police,Front to Rear,Prince George's,Interstate,No,No,Yes,No,No,CAPITAL BELTWAY,95,INTERSTATE ROUTE,No,True,No,5/17/2025,No,Point,38.988342319,-76.882931478,MSP,03,16,03,No,20,,20:32,2025,Saturday,12,Motor Vehicle In Transport,05,On Roadway,1,,,,,,06,Non-Junction,101,Dusk,5/17/2025,2025-05-17,S,16.7,F,N,,,A6C8DC3284FE7E08B3FBF8D7F1B618E6F9CD50ABD48934B19432625DB7D3FC1B,IS,01,No,,,,,01,Dry,,,,,,,,
Property Damage Crashes,MSP77640082,Maryland State Police,Single Vehicle,Prince George's,Principal Arterial – Other Freeways and Expressways,No,No,No,No,No,RAMP 3 FR US 50 EB TO MD 202 NB,50,RAMP,No,True,No,3/20/2025,No,Point,38.931331512,-76.895612046,MSP,101,16,03,No,14,,14:56,2025,Thursday,29,Embankment,01,Gore,2,,,,,,04,Entrance/Exit Ramp or Related,01,Daylight,3/20/2025,2025-03-20,S,21.85,F,N,,,EA3286508C6C92058CE06009B4B767A6489A718709A8DD10E4A4288EA20C0288,RP,01,No,,,,,01,Dry,,,,,,,,
Property Damage Crashes,DA44310015,Prince George's County Police,"Sideswipe, Opposite Direction",Prince George's,Local,No,No,No,No,No,EDWARDS PL,1347,COUNTY ROAD,No,True,No,4/21/2025,No,Point,38.988724563,-76.985555423,PGCOPD,06,16,03,No,18,,18:00,2025,Monday,12,Motor Vehicle In Transport,05,On Roadway,7,,,,,,06,Non-Junction,01,Daylight,4/21/2025,2025-04-21,N,28.37,F,N,,,454DBA1F0E25A42FF0F5A3067C3474CCC6FE7451AA606500EAFCA813D525DC1E,CO,01,No,,,,,01,Dry,,,,,,,,
Property Damage Crashes,MSP585801GQ,Maryland State Police,Angle,Prince George's,Principal Arterial – Other,No,No,No,No,No,CRAIN HWY (SB/L),301,UNITED STATE ROUTE,No,True,No,4/1/2025,No,Point,38.880318617,-76.720472425,MSP,01,16,03,No,22,,22:14,2025,Tuesday,12,Motor Vehicle In Transport,05,On Roadway,3,,,,,,09,Through Roadway,04,Dark - Not Lighted,4/1/2025,2025-04-01,S,30.56,F,N,,,B87BA6500074E60D28339D5446A1759EE0F0F434F16C31E56ADF336789A4A467,US,01,No,,,,,01,Dry,,,,,,,,