Crash Severity Description,Reportnumber,Agencyname,CollisionImpact Description,Crash County Description,FunctionalClass Description,ImpairedCrash,Large Vehicle Involved,Motorcycle Crash,Non-Motorist Crash,OffRoad,RoadName,Route Number,RouteType Description,Unrestrained Occupants,WithinDateRange,Work Zone Related,Crashdate,Work Zone Crash,CrashPoint,Latitude,Longitude,AgencyCode,CollisionImpact,Crash County,Crash Severity,Crash Within Interchange,Crashhour,CrashInterchangeApproaches,Crashtime,CrashYear,Dayofweek,FirstHarmEvent,FirstHarmEvent Description,FirstHarmLocation,FirstHarmLocation Description,FunctionalClass,Geometry Description,GovPropertyDamage,GovPropertyDamage Description,IntersectingRoadName,Intersection Geometry,JunctionRelated,JunctionRelated Description,Light,Light Description,LOD Crash Date,LOD Date Level,MilepointDirection,MilepointDistance,MilepointUnits,NonTrafficFatal,OffroadLocation,OffroadLocation Description,RoadID,RouteType,SchoolBusRelated,SchoolBusRelated Description,SecondHarmEvent,SecondHarmEvent Description,SecondHarmLocation,SecondHarmLocation Description,Surface,Surface Description,TrafficControl,Trafficcontrol Description,WZLawEnforcementPresent,WZLocation,WZLocation Description,WZType,WZType Description,WZWorkersPresent
Property Damage Crashes,DA4114006T,Prince George's County Police,"Sideswipe, Same Direction",Prince George's,Local,No,No,No,No,No,NO NAME,637,MARYLAND ROUTE,No,True,No,2/24/2025,No,Point,38.848705003,-76.953681476,PGCOPD,07,16,03,No,19,,19:09,2025,Monday,12,Motor Vehicle In Transport,05,On Roadway,7,,,,BRANCH AVE (SB/L),,06,Non-Junction,03,Dark - Lighted,2/24/2025,2025-02-24,N,13.58,F,N,,,47972E86DC7F48EA52DAD1356D17840DE754937F06E3164CB3AE667FF7AA27D7,MD,01,No,,,,,01,Dry,,,,,,,,
Property Damage Crashes,MSP744200S7,Maryland State Police,Front to Rear,Prince George's,Interstate,No,Yes,No,No,No,CAPITAL BELTWAY (SB/L),95,INTERSTATE ROUTE,No,True,No,4/9/2025,No,Point,39.021173570,-76.936936288,MSP,03,16,03,No,15,,15:01,2025,Wednesday,12,Motor Vehicle In Transport,05,On Roadway,1,,,,,,09,Through Roadway,01,Daylight,4/9/2025,2025-04-09,E,26,F,N,,,FC90B4261B760B5660700398D7C40345289F5C5B2EC1F52792BA6E85954AD33B,IS,01,No,,,,,01,Dry,,,,,,,,
Property Damage Crashes,MSP585801HR,Maryland State Police,Single Vehicle,Prince George's,Interstate,No,No,No,No,No,CAPITAL BELTWAY (SB LOCAL),95,INTERSTATE ROUTE,No,True,No,5/13/2025,No,Point,38.806923333,-76.985516667,MSP,101,16,03,No,11,,11:22,2025,Tuesday,32,Guardrail Face,09,Roadside,1,,100,Local,,,09,Through Roadway,01,Daylight,5/13/2025,2025-05-13,S,19.48,F,N,,,1D08CD96C34BEF445DDE762DF7F8259CEE10407577F8D80475B21AFA4C37649F,IS,01,No,,,,,09,Wet,,,,,,,,
Property Damage Crashes,RD01300050,Riverdale Park Police Department,Front to Rear,Prince George's,Principal Arterial – Other,No,No,No,No,No,KENILWORTH AVE (SB/L),201,MARYLAND ROUTE,No,True,No,2/5/2025,No,Point,38.971814080,-76.915588572,RIVERDALE,03,16,03,No,11,,11:30,2025,Wednesday,12,Motor Vehicle In Transport,05,On Roadway,3,,,,,,09,Through Roadway,01,Daylight,2/5/2025,2025-02-05,W,15.84,F,N,,,2B5E4F1A49364FA600F1D965968FDCCD894E8217CA145022F60A3F81BFDA07E6,MD,01,No,,,,,01,Dry,,,,,,,,
Property Damage Crashes,DA418600CG,Prince George's County Police,Single Vehicle,Prince George's,,No,Yes,No,No,No,,294,BIKE ROUTE,No,True,Yes,4/23/2025,Yes,Point,38.983497976,-76.930774023,PGCOPD,101,16,03,Unknown,7,,07:54,2025,Wednesday,25,Concrete Traffic Barrier,03,Median,,,,,,,99,Unknown,01,Daylight,4/23/2025,2025-04-23,W,18.67,F,N,,,2D59300BF5A65A24B457CD027A136242E973001134E9C98D5A6540B3944C90C9,BK,01,No,,,,,01,Dry,,,N,04,Activity Area,05,Other Type of Work Zone,Yes
Property Damage Crashes,DS0421002F,University of Maryland Police College Park,"Sideswipe, Same Direction",Prince George's,Principal Arterial – Other,No,Yes,No,No,No,BALTIMORE AVE,1,UNITED STATE ROUTE,No,True,No,4/16/2025,No,Point,38.983626285,-76.937659119,UMCP,07,16,03,No,18,,18:57,2025,Wednesday,12,Motor Vehicle In Transport,05,On Roadway,3,,101,State,,,06,Non-Junction,01,Daylight,4/16/2025,2025-04-16,W,9.5,F,N,,,70A9689FB251674AE2191D5511AE3A512E08DBF75D0CB809EE5270E1F75ADEC4,US,03,"Yes, School Bus Indirectly Involved",97,Not Applicable,,,01,Dry,,,,,,,,
Property Damage Crashes,MSP7839004T,Maryland State Police,Front to Rear,Prince George's,Interstate,No,No,No,No,No,CAPITAL BELTWAY (SB/L),95,INTERSTATE ROUTE,No,True,No,5/5/2025,No,Point,38.86487,-76.847071667,MSP,03,16,03,No,9,,09:47,2025,Monday,12,Motor Vehicle In Transport,05,On Roadway,1,,,,,,06,Non-Junction,01,Daylight,5/5/2025,2025-05-05,W,46.97,F,N,,,A8BDE5598283C267BA906FE9EC299293E50924F0471E2FBB5A3A06964CF7DFA6,IS,01,No,,,,,01,Dry,,,,,,,,
Property Damage Crashes,MSP7776006T,Maryland State Police,Front to Rear,Prince George's,Interstate,No,No,No,No,No,CAPITAL BELTWAY,495,INTERSTATE ROUTE,No,True,No,5/21/2025,No,Point,39.018371907,-76.966920765,MSP,03,16,03,No,14,,14:16,2025,Wednesday,12,Motor Vehicle In Transport,05,On Roadway,1,,,,,,06,Non-Junction,01,Daylight,5/21/2025,2025-05-21,E,41.15,F,N,,,DA41A5D73DF483FDC7C60FF65FCCBB6212DC407D6AD73F32457F447F91874E0B,IS,01,No,12,Motor Vehicle In Transport,05,On Roadway,01,Dry,,,,,,,,
Property Damage Crashes,DA393600FW,Prince George's County Police,Front to Rear,Prince George's,Principal Arterial – Other Freeways and Expressways,No,No,No,No,No,PENNSYLVANIA AVE,4,MARYLAND ROUTE,No,True,No,2/1/2025,No,Point,38.823738324,-76.851573244,PGCOPD,03,16,03,No,8,,08:45,2025,Saturday,12,Motor Vehicle In Transport,05,On Roadway,2,,,,,,06,Non-Junction,01,Daylight,2/1/2025,2025-02-01,S,12.53,F,N,,,EB488CBD23FB7982997672D0F094ECAD66B0DE97A8483C0B5DB78769D57D1A37,MD,01,No,,,,,01,Dry,,,,,,,,
Property Damage Crashes,DA4369001X,Prince George's County Police,Front to Rear,Prince George's,Major Collector,No,No,No,No,No,ADDISON RD,351,COUNTY ROAD,Yes,True,No,1/31/2025,No,Point,38.910503676,-76.923859284,PGCOPD,03,16,03,No,2,,02:15,2025,Friday,15,Parked Vehicle,05,On Roadway,5,,,,,,06,Non-Junction,03,Dark - Lighted,1/31/2025,2025-01-31,E,33.23,F,N,,,3C2137361F90AA8D835E608F99FFCD0CC0E52600A4EDC38DA525A8AA539DD3B3,CO,01,No,,,,,09,Wet,,,,,,,,
Property Damage Crashes,MSP585801H8,Maryland State Police,Single Vehicle,Prince George's,Interstate,No,No,No,No,No,CAPITAL BELTWAY (SB/L),95,INTERSTATE ROUTE,No,True,No,4/26/2025,No,Point,38.806375077,-76.989457684,MSP,101,16,03,No,16,,16:05,2025,Saturday,06,Other Non-Collision,05,On Roadway,1,,101,State,,,09,Through Roadway,01,Daylight,4/26/2025,2025-04-26,N,13.83,F,N,,,E58FCE466C8B65514975835E3834E811579E5B0A62B3E2CA965077E41F68E7E4,IS,01,No,32,Guardrail Face,09,Roadside,09,Wet,,,,,,,,
Injury Crashes,DA2647001C,Prince George's County Police,Angle,Prince George's,Principal Arterial – Other,No,No,No,No,No,GREENBELT RD (WB/L),193,MARYLAND ROUTE,No,True,No,2/6/2025,No,Point,38.990896602,-76.827689969,PGCOPD,01,16,02,Yes,14,02,14:10,2025,Thursday,12,Motor Vehicle In Transport,05,On Roadway,3,Perpendicular,,,FORBES BLVD,03,05,Intersection or Related,01,Daylight,2/6/2025,2025-02-06,S,0,F,N,,,550928996CD969CF05F767B3AB514D1CAB3AC925A5DEBFBC5829D3FBD6162F9D,MD,01,No,97,Not Applicable,,,09,Wet,01,Signalized,,,,,,
Property Damage Crashes,DA3567009K,Prince George's County Police,Angle,Prince George's,Local,No,Yes,No,No,No,CARROLL AVE,80,MUNICIPAL ROAD,Yes,True,No,1/13/2025,No,Point,39.103386058,-76.852399601,PGCOPD,01,16,03,Yes,14,04,14:15,2025,Monday,12,Motor Vehicle In Transport,05,On Roadway,7,Perpendicular,,,FIFTH ST,03,05,Intersection or Related,01,Daylight,1/13/2025,2025-01-13,W,0,F,N,,,456E2C1D02D6C43D1E1D7903F2631E2F0F57128661920BDC1CC0B5D7EA684A14,MU,02,"Yes, School Bus Directly Involved",,,,,01,Dry,03,Stop - Partial,,,,,,
Property Damage Crashes,DA4101009G,Prince George's County Police,Front to Rear,Prince George's,Principal Arterial – Other,No,No,No,No,No,BRANCH AVE (SB/L),5,MARYLAND ROUTE,No,True,No,5/23/2025,No,Point,38.826263959,-76.925891167,PGCOPD,03,16,03,No,21,,21:00,2025,Friday,12,Motor Vehicle In Transport,05,On Roadway,3,,,,,,06,Non-Junction,03,Dark - Lighted,5/23/2025,2025-05-23,S,5.35,F,N,,,03F35AFAE505FF956DED18993D7D17F3B98E89AA4623E640DF0A9BE222DBBE98,MD,01,No,,,,,01,Dry,,,,,,,,
Injury Crashes,MSP7776005J,Maryland State Police,Front to Rear,Prince George's,Interstate,No,No,No,No,No,CAPITAL BELTWAY,95,INTERSTATE ROUTE,No,True,No,3/15/2025,No,Point,38.987474930,-76.882052513,MSP,03,16,02,No,4,,04:42,2025,Saturday,12,Motor Vehicle In Transport,05,On Roadway,1,,,,,,06,Non-Junction,04,Dark - Not Lighted,3/15/2025,2025-03-15,N,13.7,F,N,,,93DF7E2ABF2C4172141EBE0A8C4EB8A9B8C5BD40432487EBCE628D92DED64858,IS,01,No,12,Motor Vehicle In Transport,05,On Roadway,01,Dry,,,,,,,,
Injury Crashes,MSP7664008J,Maryland State Police,Front to Rear,Prince George's,Principal Arterial – Other Freeways and Expressways,No,No,No,No,No,BRANCH AVE,5,MARYLAND ROUTE,No,True,No,1/28/2025,No,Point,38.713694395,-76.877817930,MSP,03,16,02,No,10,,10:16,2025,Tuesday,12,Motor Vehicle In Transport,05,On Roadway,2,,,,,,09,Through Roadway,01,Daylight,1/28/2025,2025-01-28,N,8.82,F,N,,,E3F1AD43EF217D9B2E10272F19A4A19DBD77723611C76BFC01F5FF0E51FFD973,MD,01,No,,,,,01,Dry,,,,,,,,
Injury Crashes,CE5039003L,Laurel Police Department,Front to Rear,Prince George's,Principal Arterial – Other,No,No,No,No,No,GORMAN AVE,198,MARYLAND ROUTE,No,True,No,5/18/2025,No,Point,39.097722457,-76.848728042,LAUREL,03,16,02,No,4,,04:12,2025,Sunday,12,Motor Vehicle In Transport,05,On Roadway,3,,,,,,06,Non-Junction,04,Dark - Not Lighted,5/18/2025,2025-05-18,W,24.92,F,N,,,507E8891962C75DDB0483FAEE5CDF13F039C76F08E416A44265A824FEBB3F486,MD,01,No,,,,,01,Dry,,,,,,,,
Property Damage Crashes,MSP7765007W,Maryland State Police,"Sideswipe, Same Direction",Prince George's,Interstate,No,No,No,No,No,RAMP 3 FR IS 95 LN TO MD 414,95,RAMP,No,True,No,4/29/2025,No,Point,38.803390535,-76.997760991,MSP,07,16,03,No,17,,17:44,2025,Tuesday,12,Motor Vehicle In Transport,05,On Roadway,1,,,,,,04,Entrance/Exit Ramp or Related,01,Daylight,4/29/2025,2025-04-29,W,3.73,F,N,,,E3413122BAEE624F67ABDE942FEA8C1DEA435AF9D08E1D655EA7BEF9F54FA68D,RP,01,No,,,,,01,Dry,,,,,,,,
Property Damage Crashes,DA4243009C,Prince George's County Police,Single Vehicle,Prince George's,Major Collector,No,No,No,No,No,RITCHIE MARLBORO RD,980,MARYLAND ROUTE,No,True,No,1/3/2025,No,Point,38.814639623,-76.777575061,PGCOPD,101,16,03,No,1,,01:37,2025,Friday,28,Ditch,01,Gore,5,,,,,,04,Entrance/Exit Ramp or Related,04,Dark - Not Lighted,1/3/2025,2025-01-03,S,6.05,F,N,,,1A4B0B17B090120D0B3A442B44172C7CA564BF58FDB77EF34AC7BEFDC7A71249,MD,01,No,,,,,01,Dry,,,,,,,,
Property Damage Crashes,DA4399000S,Prince George's County Police,Front to Rear,Prince George's,Local,No,No,No,No,No,SARANAC ST,1312,COUNTY ROAD,No,True,No,1/25/2025,No,Point,38.998582231,-76.972772589,PGCOPD,03,16,03,No,7,,07:42,2025,Saturday,12,Motor Vehicle In Transport,05,On Roadway,7,,,,,,06,Non-Junction,01,Daylight,1/25/2025,2025-01-25,N,35.46,F,N,,,F49CE1D56AD3AD5EF1B10167FFC334FBBE4579A3ED354B9B028A2D26452039BE,CO,01,No,,,,,01,Dry,,,,,,,,
Property Damage Crashes,DA419600D9,Prince George's County Police,Front to Rear,Prince George's,Principal Arterial – Other,No,No,No,No,No,ST BARNABAS RD (WB/L),414,MARYLAND ROUTE,No,True,No,3/15/2025,No,Point,38.811341690,-76.967700801,PGCOPD,03,16,03,No,21,,21:03,2025,Saturday,12,Motor Vehicle In Transport,05,On Roadway,3,,,,,,99,Unknown,04,Dark - Not Lighted,3/15/2025,2025-03-15,E,19.51,F,N,,,C38009CE6564B193BCBE12D450F6EF77DE7DAD8056EBA28D8EE0F6EE5C4E4209,MD,01,No,,,,,01,Dry,,,,,,,,
Property Damage Crashes,MSP7839002K,Maryland State Police,Front to Rear,Prince George's,,No,No,No,No,No,,488,SPUR,No,True,No,2/21/2025,No,Point,38.727631667,-76.881208333,MSP,03,16,03,No,13,,13:19,2025,Friday,12,Motor Vehicle In Transport,05,On Roadway,,,,,BRANCH AVE,,09,Through Roadway,01,Daylight,2/21/2025,2025-02-21,S,21.77,F,N,,,2EF8AE96FE828C14F8A9CC2AA6031D9245300E2694575B6074CE16366CACE5E3,SP,01,No,,,,,01,Dry,,,,,,,,
Injury Crashes,CBPD0119002Q,Bowie Police Department,Angle,Prince George's,Local,No,No,No,No,No,QUATRAIN PL,2215,MUNICIPAL ROAD,No,True,No,6/7/2025,No,Point,38.994861489,-76.795612755,BOWIE,01,16,02,Yes,21,04,21:05,2025,Saturday,12,Motor Vehicle In Transport,05,On Roadway,7,Angled/Skewed,,,FLETCHERTOWN RD QUILL POINT DR,01,05,Intersection or Related,03,Dark - Lighted,6/7/2025,2025-06-07,S,0,F,N,,,AFE682BA52CC3203827816E98842EF8E15894E2C6EF6A7A3E5ACE300F55FE6CB,MU,01,No,,,,,01,Dry,03,Stop - Partial,,,,,,
Property Damage Crashes,DA392000C4,Prince George's County Police,Other,Prince George's,Local,No,No,No,No,No,NEWTON ST,899,COUNTY ROAD,No,True,No,1/18/2025,No,Point,38.936251132,-76.926778604,PGCOPD,98,16,03,No,2,,02:03,2025,Saturday,15,Parked Vehicle,05,On Roadway,7,,,,,,06,Non-Junction,03,Dark - Lighted,1/18/2025,2025-01-18,W,4.66,F,N,,,DA1A4DC4FFE95E8CA89A1ED77BD03EE67B583A71C51FE95FFA7E1A2865C21C1C,CO,01,No,,,,,01,Dry,,,,,,,,
Injury Crashes,DA42780078,Prince George's County Police,Single Vehicle,Prince George's,Local,No,No,No,No,No,FORBES BLVD (SB/L),4224,COUNTY ROAD,No,True,No,4/26/2025,No,Point,38.957992392,-76.836037319,PGCOPD,101,16,02,No,2,,02:25,2025,Saturday,40,Tree (standing),10,Separator/Traffic Island,7,,,,,,09,Through Roadway,03,Dark - Lighted,4/26/2025,2025-04-26,N,48.32,F,N,,,24BE6270D14E23CA1FF9D8D07669E533261D0A736BDCD5962025C129B95626C9,CO,01,No,,,,,09,Wet,,,,,,,,
Property Damage Crashes,CBPD0114004S,Bowie Police Department,"Sideswipe, Opposite Direction",Prince George's,Local,No,No,No,No,No,GRENVILLE LA,450,MARYLAND ROUTE,No,True,No,3/10/2025,No,Point,38.972285276,-76.767720363,BOWIE,06,16,03,Yes,18,04,18:25,2025,Monday,12,Motor Vehicle In Transport,05,On Roadway,7,Perpendicular,,,ANNAPOLIS RD (WB/L),03,05,Intersection or Related,01,Daylight,3/10/2025,2025-03-10,N,0,F,N,,,DF61D7B5595404C49D1EFEB3415E89E2D1C92536BF209A24D11E7A1E5244CDF6,MD,01,No,,,,,01,Dry,01,Signalized,,,,,,
Property Damage Crashes,MSP7872002L,Maryland State Police,"Sideswipe, Same Direction",Prince George's,Local,No,Yes,No,No,No,OLD INDIAN HEAD RD,135,COUNTY ROAD,No,True,No,2/24/2025,No,Point,38.739434062,-76.820520167,MSP,07,16,03,No,17,,17:08,2025,Monday,12,Motor Vehicle In Transport,05,On Roadway,7,,,,,,09,Through Roadway,01,Daylight,2/24/2025,2025-02-24,W,35.94,F,N,,,6E620FCBE63B9043C3D6D18C40869A631026A114E91AE0762A6B7B03D2D5D8E0,CO,01,No,,,,,01,Dry,,,,,,,,
Fatal Crashes,CBPD00710067,Bowie Police Department,Single Vehicle,Prince George's,Principal Arterial – Other,No,No,No,Yes,No,COLLINGTON RD (SB/L),197,MARYLAND ROUTE,No,True,No,2/13/2025,No,Point,38.947151385,-76.736946267,BOWIE,101,16,01,No,20,,20:56,2025,Thursday,17,Pedestrian,05,On Roadway,3,,,,,,06,Non-Junction,04,Dark - Not Lighted,2/13/2025,2025-02-13,S,35.99,F,N,,,05A82055BBD59B801B6CFFF6502228118AE71A7B0644B6E2F09F963C80B99F3F,MD,01,No,27,Curb,03,Median,01,Dry,,,,,,,,
Property Damage Crashes,DA3190000F,Prince George's County Police,Front to Rear,Prince George's,Principal Arterial – Other Freeways and Expressways,No,No,No,No,No,KENILWORTH AVE (SB/L),201,MARYLAND ROUTE,No,True,No,4/26/2025,No,Point,38.916250315,-76.932598139,PGCOPD,03,16,03,Yes,3,,03:45,2025,Saturday,12,Motor Vehicle In Transport,05,On Roadway,2,,,,,,99,Unknown,04,Dark - Not Lighted,4/26/2025,2025-04-26,S,9.51,F,N,,,0E880B1C6FAC4AADD07C3BC162E67DD88F13EFCF1D872D64EEE6DAA70449F7BC,MD,01,No,,,,,01,Dry,,,,,,,,
Property Damage Crashes,CE5049002Q,Laurel Police Department,Front to Rear,Prince George's,Principal Arterial – Other,Yes,No,No,No,No,SECOND ST,1,UNITED STATE ROUTE,No,True,No,1/12/2025,No,Point,39.097740918,-76.848795100,LAUREL,03,16,03,No,2,02,02:05,2025,Sunday,12,Motor Vehicle In Transport,05,On Roadway,3,Perpendicular,,,FORT MEADE RD,03,05,Intersection or Related,03,Dark - Lighted,1/12/2025,2025-01-12,E,0,F,N,,,F04ACAB06680D6B94EB2303676014B35878CBD1C03296AF97D71B8AD249D6BB5,US,01,No,,,,,01,Dry,01,Signalized,,,,,,
Property Damage Crashes,CNC3114002W,New Carrollton Police Department,Single Vehicle,Prince George's,,No,No,No,No,Yes,,,,No,True,No,4/29/2025,No,Point,38.961790603,-76.883121680,NCPD,101,16,03,,9,,09:15,2025,Tuesday,35,"Other Fixed Object (wall, building, tunnel, etc.)",04,"Off-Roadway, Location Unknown",,,100,Local,,,,,01,Daylight,4/29/2025,2025-04-29,,,F,N,105,Dirt Road/Trail,,,01,No,97,Not Applicable,,,,,,,,,,,,
Property Damage Crashes,DA4430000L,Prince George's County Police,Angle,Prince George's,Local,No,No,No,No,No,ALLENDALE DR,1479,COUNTY ROAD,No,True,No,3/30/2025,No,Point,38.918925367,-76.86663005,PGCOPD,01,16,03,No,8,,08:00,2025,Sunday,12,Motor Vehicle In Transport,05,On Roadway,7,,,,BARLOWE RD,,09,Through Roadway,01,Daylight,3/30/2025,2025-03-30,N,52.78,F,N,,,C0020C4A3AB14DFAAC3F23607D460BE63B9C3E400816A9EFFAEE343AB55AAD39,CO,01,No,,,,,01,Dry,,,,,,,,
Injury Crashes,DA4344003P,Prince George's County Police,Single Vehicle,Prince George's,Principal Arterial – Other,No,No,No,Yes,No,SILVER HILL RD (SB/L),458,MARYLAND ROUTE,No,True,No,5/22/2025,No,Point,38.851416690,-76.920852539,PGCOPD,101,16,02,No,8,,08:02,2025,Thursday,17,Pedestrian,05,On Roadway,3,,,,,,99,Unknown,01,Daylight,5/22/2025,2025-05-22,N,18.98,F,N,,,AD42D45E04035F8B97F654C340B75D1AFD86A093E016BD31AC3D410B18EEEFC6,MD,01,No,,,,,09,Wet,,,,,,,,
Property Damage Crashes,DA3040001L,Prince George's County Police,Single Vehicle,Prince George's,Principal Arterial – Other,No,No,No,No,No,SILVER HILL RD,458,MARYLAND ROUTE,No,True,No,4/27/2025,No,Point,38.851006371,-76.921976892,PGCOPD,101,16,03,No,2,,02:10,2025,Sunday,27,Curb,03,Median,3,,,,,,06,Non-Junction,03,Dark - Lighted,4/27/2025,2025-04-27,S,47.11,F,N,,,F51CC00DFE6C6A33850A82CDCEB7E81479108647C1B8915656988A00133AF85E,MD,01,No,,,,,01,Dry,,,,,,,,
Property Damage Crashes,DA34030024,Prince George's County Police,Single Vehicle,Prince George's,,No,Yes,No,No,Yes,,,,No,True,No,3/20/2025,No,Point,38.794435571,-77.000415589,PGCOPD,101,16,03,,10,,10:50,2025,Thursday,35,"Other Fixed Object (wall, building, tunnel, etc.)",99,Unknown,,,102,Federal,,,,,01,Daylight,3/20/2025,2025-03-20,,,F,N,102,Parking Lot Way,,,01,No,35,"Other Fixed Object (wall, building, tunnel, etc.)",99,Unknown,,,,,,,,,,
Property Damage Crashes,CC02790048,Hyattsville Police Department,Other,Prince George's,Principal Arterial – Other,No,Yes,No,No,No,BALTIMORE AVE,1,UNITED STATE ROUTE,No,True,No,4/24/2025,No,Point,38.953410482,-76.940477834,HYATTSVILLE,98,16,03,Yes,6,02,06:55,2025,Thursday,12,Motor Vehicle In Transport,05,On Roadway,3,Angled/Skewed,,,HAMILTON ST,01,05,Intersection or Related,01,Daylight,4/24/2025,2025-04-24,N,0,F,N,,,7AB0CC2B8B4D488DE12868865695ADCC57A4D78209564F314BD4FF59E38ACFEA,US,01,No,12,Motor Vehicle In Transport,05,On Roadway,01,Dry,01,Signalized,,,,,,
Property Damage Crashes,DS04580011,University of Maryland Police College Park,Front to Rear,Prince George's,,No,No,No,No,Yes,,,,No,True,No,1/31/2025,No,Point,38.988418174,-76.945828738,UMCP,03,16,03,,13,,13:00,2025,Friday,15,Parked Vehicle,02,In Parking Lane Or Zone,,,101,State,,,,,98,Other,1/31/2025,2025-01-31,,,F,N,101,Parking Aisle,,,01,No,,,,,,,,,,,,,,
Property Damage Crashes,DA43370033,Prince George's County Police,Unknown,Prince George's,Local,No,No,No,No,No,FORDHAM ST,693,COUNTY ROAD,No,True,No,4/15/2025,No,Point,38.979486454,-76.969493156,PGCOPD,99,16,03,No,1,,01:30,2025,Tuesday,12,Motor Vehicle In Transport,05,On Roadway,7,,,,,,06,Non-Junction,03,Dark - Lighted,4/15/2025,2025-04-15,N,55.55,F,N,,,C4E74FE423B04E03FAB1C5494C263BF4F528EFF959AE56C88C0CC2DA5AC3247C,CO,01,No,,,,,01,Dry,,,,,,,,
Property Damage Crashes,DA4405000X,Prince George's County Police,Unknown,Prince George's,Local,No,No,No,No,No,FOREST TERR,2275,COUNTY ROAD,No,True,No,2/17/2025,No,Point,38.921700402,-76.889202274,PGCOPD,99,16,03,No,4,,04:20,2025,Monday,15,Parked Vehicle,02,In Parking Lane Or Zone,7,,,,VIRGINIA AVE,,06,Non-Junction,03,Dark - Lighted,2/17/2025,2025-02-17,S,54.44,F,N,,,5968E743F92F748DC42C927B67BCE58FE49923FD4F93BE77B912CBFC28EC94E1,CO,01,No,,,,,01,Dry,,,,,,,,
Injury Crashes,DA4183006J,Prince George's County Police,Other,Prince George's,Principal Arterial – Other,No,No,No,No,No,ST BARNABAS RD (WB/L),414,MARYLAND ROUTE,No,True,No,1/16/2025,No,Point,38.805932962,-76.973347770,PGCOPD,98,16,02,No,9,03,09:57,2025,Thursday,12,Motor Vehicle In Transport,05,On Roadway,3,Perpendicular,,,RAMP 6 FR IS 95 EB TO MD 414 SB,03,05,Intersection or Related,01,Daylight,1/16/2025,2025-01-16,W,0,F,N,,,DCDD4055919341805F9132BAB6CF96B343CBCCD73A695DC816E781C4D7FEB45E,MD,01,No,,,,,01,Dry,01,Signalized,,,,,,
Injury Crashes,DA27350062,Prince George's County Police,"Sideswipe, Same Direction",Prince George's,Local,No,No,No,No,No,ENDSLEY PL,4483,COUNTY ROAD,Yes,True,No,2/24/2025,No,Point,38.836617068,-76.714283946,PGCOPD,07,16,02,No,16,,16:30,2025,Monday,12,Motor Vehicle In Transport,05,On Roadway,7,,,,,,06,Non-Junction,01,Daylight,2/24/2025,2025-02-24,W,9.43,F,N,,,B642521A9121812CC81C3C80AE718A1526117E1297065251BD9F24C53364637A,CO,01,No,,,,,01,Dry,,,,,,,,
Property Damage Crashes,MSP6931012Z,Maryland State Police,Front to Rear,Prince George's,Interstate,No,No,No,No,No,CAPITAL BELTWAY (SB/L),95,INTERSTATE ROUTE,No,True,No,1/17/2025,No,Point,38.88963,-76.846248333,MSP,03,16,03,No,21,,21:22,2025,Friday,12,Motor Vehicle In Transport,05,On Roadway,1,,101,State,,,06,Non-Junction,03,Dark - Lighted,1/17/2025,2025-01-17,W,26.96,F,N,,,E0D1CA47ECB918D1E41E9F24F450E061047A5D2AE024FE02DBB7406B7E2DBE47,IS,01,No,32,Guardrail Face,09,Roadside,01,Dry,,,,,,,,
Property Damage Crashes,DA401800C7,Prince George's County Police,Angle,Prince George's,Local,No,No,No,No,No,14TH AVE,982,COUNTY ROAD,No,True,No,2/9/2025,No,Point,38.992536613,-76.984723027,PGCOPD,01,16,03,No,10,04,10:00,2025,Sunday,12,Motor Vehicle In Transport,05,On Roadway,7,Perpendicular,,,MERRIMAC DR (EB/L),03,05,Intersection or Related,01,Daylight,2/9/2025,2025-02-09,E,0,F,N,,,56CC69073CF6221EBAA8634F22606AA7426B2838EBAF59695A004B56AE6E41A3,CO,01,No,,,,,01,Dry,01,Signalized,,,,,,
Property Damage Crashes,MSP647600JF,Maryland State Police,Single Vehicle,Prince George's,Interstate,No,No,No,No,No,CAPITAL BELTWAY (SB/L),95,INTERSTATE ROUTE,No,True,No,5/7/2025,No,Point,38.818087354,-76.936891900,MSP,101,16,03,No,23,,23:36,2025,Wednesday,32,Guardrail Face,06,"On Shoulder, Left Side",1,,101,State,,,09,Through Roadway,04,Dark - Not Lighted,5/7/2025,2025-05-07,S,50.62,F,N,,,117230B94E8FC8154961298F472F4DB7A81569E2CFDA3EF53B39319D16680156,IS,01,No,,,,,01,Dry,,,,,,,,
Property Damage Crashes,MSP745800SG,Maryland State Police,"Sideswipe, Same Direction",Prince George's,Principal Arterial – Other,No,No,No,No,No,LARGO RD (SB/L),202,MARYLAND ROUTE,No,True,No,4/25/2025,No,Point,38.895831667,-76.830908333,MSP,07,16,03,No,17,,17:24,2025,Friday,12,Motor Vehicle In Transport,05,On Roadway,3,,,,,,01,Acceleration/Deceleration Lane,01,Daylight,4/25/2025,2025-04-25,S,32.34,F,N,,,2C54063D21379FEE76F3B9D5C8450334D24CDE02B63367CECF7CCCABA679C99A,MD,01,No,,,,,01,Dry,,,,,,,,
Property Damage Crashes,DA384000JQ,Prince George's County Police,Front to Rear,Prince George's,Principal Arterial – Other Freeways and Expressways,No,No,No,No,No,INDIAN HEAD HWY,210,MARYLAND ROUTE,No,True,No,5/30/2025,No,Point,38.766525255,-76.994282659,PGCOPD,03,16,03,No,16,,16:00,2025,Friday,12,Motor Vehicle In Transport,05,On Roadway,2,,,,,,06,Non-Junction,01,Daylight,5/30/2025,2025-05-30,S,33.27,F,N,,,1B366385AC30177D8D4A6ADB0AE5E9DF30A0F18EE8E68C08A0853E8D32C8F22B,MD,01,No,,,,,09,Wet,,,,,,,,