Crash Severity Description,Reportnumber,Agencyname,CollisionImpact Description,Crash County Description,FunctionalClass Description,ImpairedCrash,Large Vehicle Involved,Motorcycle Crash,Non-Motorist Crash,OffRoad,RoadName,Route Number,RouteType Description,Unrestrained Occupants,WithinDateRange,Work Zone Related,Crashdate,Work Zone Crash,CrashPoint,Latitude,Longitude,AgencyCode,CollisionImpact,Crash County,Crash Severity,Crash Within Interchange,Crashhour,CrashInterchangeApproaches,Crashtime,CrashYear,Dayofweek,FirstHarmEvent,FirstHarmEvent Description,FirstHarmLocation,FirstHarmLocation Description,FunctionalClass,Geometry Description,GovPropertyDamage,GovPropertyDamage Description,IntersectingRoadName,Intersection Geometry,JunctionRelated,JunctionRelated Description,Light,Light Description,LOD Crash Date,LOD Date Level,MilepointDirection,MilepointDistance,MilepointUnits,NonTrafficFatal,OffroadLocation,OffroadLocation Description,RoadID,RouteType,SchoolBusRelated,SchoolBusRelated Description,SecondHarmEvent,SecondHarmEvent Description,SecondHarmLocation,SecondHarmLocation Description,Surface,Surface Description,TrafficControl,Trafficcontrol Description,WZLawEnforcementPresent,WZLocation,WZLocation Description,WZType,WZType Description,WZWorkersPresent
Property Damage Crashes,CNC3179003Z,New Carrollton Police Department,Other,Prince George's,Minor Arterial,No,No,No,No,No,ANNAPOLIS RD,450,MARYLAND ROUTE,No,True,Yes,5/18/2025,Yes,Point,38.951518674,-76.885403908,NCPD,98,16,03,No,23,,23:17,2025,Sunday,12,Motor Vehicle In Transport,05,On Roadway,4,,,,VETERANS PKWY,,02,Crossover-Related,03,Dark - Lighted,5/18/2025,2025-05-18,S,9.87,F,N,,,D78275B9FF96D9512C0C674418FDED2A5600402074D1CEFC74E06C6FDB70A07D,MD,01,No,,,,,01,Dry,,,N,04,Activity Area,01,Lane Closure,No
Property Damage Crashes,MSP718600KM,Maryland State Police,Front to Rear,Prince George's,Interstate,No,No,No,No,No,CAPITAL BELTWAY,95,INTERSTATE ROUTE,No,True,No,4/26/2025,No,Point,38.809207017,-76.967824132,MSP,03,16,03,No,3,,03:33,2025,Saturday,12,Motor Vehicle In Transport,05,On Roadway,1,,101,State,,,09,Through Roadway,05,Dark - Unknown Lighting,4/26/2025,2025-04-26,E,308.64,F,N,,,171FE3BFC4DC0F6DBFEE2A11E617DE66924C1C8ECB68750BE9678103D768BD69,IS,01,No,,,,,09,Wet,,,,,,,,
Property Damage Crashes,CBPD00980074,Bowie Police Department,Single Vehicle,Prince George's,Local,No,No,No,No,No,HOLIDAY LA,880,MUNICIPAL ROAD,No,True,No,2/11/2025,No,Point,38.950014276,-76.723619909,BOWIE,101,16,03,No,19,,19:22,2025,Tuesday,27,Curb,09,Roadside,7,,100,Local,,,06,Non-Junction,03,Dark - Lighted,2/11/2025,2025-02-11,N,9.37,F,N,,,1D4C42D6C645DFC132E90A8AAA56D5CBB6BD0CA0E456BE7F473883CC9C2BC020,MU,01,No,19,Strikes Object at Rest from Motor Vehicle In Transport,07,"On Shoulder, Right Side",07,Snow,,,,,,,,
Property Damage Crashes,MSP743900NM,Maryland State Police,Front to Rear,Prince George's,Interstate,No,No,No,No,No,NO NAME (SB/L),95,INTERSTATE ROUTE,No,True,No,5/22/2025,No,Point,39.050320192,-76.930970825,MSP,03,16,03,No,10,,10:17,2025,Thursday,12,Motor Vehicle In Transport,05,On Roadway,1,,,,,,09,Through Roadway,01,Daylight,5/22/2025,2025-05-22,W,17.38,F,N,,,D6869C792BDC21E0CAB94301AE2E066A9C3E764F8A953768837C9D18BA9A56DE,IS,01,No,,,,,09,Wet,,,,,,,,
Property Damage Crashes,DA418100FJ,Prince George's County Police,Other,Prince George's,Principal Arterial – Other,No,No,Yes,No,No,,1,UNITED STATE ROUTE,No,True,No,3/8/2025,No,Point,38.995315863,-76.931887249,PGCOPD,98,16,03,No,23,,23:33,2025,Saturday,12,Motor Vehicle In Transport,05,On Roadway,3,,,,,,09,Through Roadway,03,Dark - Lighted,3/8/2025,2025-03-08,N,31.06,F,N,,,956F6CE08A2FDFC3A8FE0C7428BB59D5FE3040C10E965967E2EDA27699DCFF2A,US,01,No,,,,,01,Dry,,,,,,,,
Injury Crashes,DA31730056,Prince George's County Police,"Sideswipe, Same Direction",Prince George's,Minor Arterial,No,Yes,No,No,No,,197,MARYLAND ROUTE,No,True,No,1/31/2025,No,Point,39.047867396,-76.818272525,PGCOPD,07,16,02,No,14,,14:55,2025,Friday,12,Motor Vehicle In Transport,07,"On Shoulder, Right Side",4,,101,State,,,06,Non-Junction,01,Daylight,1/31/2025,2025-01-31,E,23.04,F,N,,,8CDC95A401FB15C27E747BDFBECA4C8675F965D2DB2C788212E0CF55AE261C84,MD,01,No,12,Motor Vehicle In Transport,05,On Roadway,09,Wet,,,,,,,,
Property Damage Crashes,MDTA1813001Y,Maryland Transportation Authority Police,Single Vehicle,Prince George's,Principal Arterial – Other Freeways and Expressways,No,No,No,No,No,INTERCOUNTY CONNECTOR,200,MARYLAND ROUTE,No,True,No,3/9/2025,No,Point,39.074134265,-76.915625949,MDTA,101,16,03,No,9,,09:34,2025,Sunday,06,Other Non-Collision,07,"On Shoulder, Right Side",2,,101,State,,,04,Entrance/Exit Ramp or Related,01,Daylight,3/9/2025,2025-03-09,N,61.23,F,N,,,ABC501A22127B2805EFBD557E4E6C35881290D54249015E5D09436BD374F090E,MD,01,No,97,Not Applicable,,,01,Dry,,,,,,,,
Property Damage Crashes,DA4183006R,Prince George's County Police,Front to Rear,Prince George's,Principal Arterial – Other Freeways and Expressways,No,No,No,No,No,INDIAN HEAD HWY (SB/L),210,MARYLAND ROUTE,No,True,No,4/9/2025,No,Point,38.757839100,-76.993474395,PGCOPD,03,16,03,No,20,,20:03,2025,Wednesday,12,Motor Vehicle In Transport,05,On Roadway,2,,,,,,06,Non-Junction,101,Dusk,4/9/2025,2025-04-09,N,33.46,F,N,,,10A64B0142C44C36F15087BC11EB00AA3C0F0F56EB6F407737A8B01473FB93BA,MD,01,No,,,,,01,Dry,,,,,,,,
Injury Crashes,MSP7872001K,Maryland State Police,Front to Rear,Prince George's,,No,No,No,No,No,,50,UNITED STATE ROUTE,No,True,No,1/19/2025,No,Point,38.946479288,-76.812923973,MSP,03,16,02,No,17,,17:47,2025,Sunday,12,Motor Vehicle In Transport,05,On Roadway,,,,,,,09,Through Roadway,04,Dark - Not Lighted,1/19/2025,2025-01-19,E,31.32,F,N,,,13F37AE6BF4FAC3726BEC29F4252590662B3F9326F7B80CDF5B488A0677335C5,US,01,No,15,Parked Vehicle,05,On Roadway,09,Wet,,,,,,,,
Property Damage Crashes,DA4423000X,Prince George's County Police,Angle,Prince George's,Local,No,No,No,No,No,VALLEYTRAIL LA,5734,COUNTY ROAD,No,True,No,2/22/2025,No,Point,38.900706236,-76.866246352,PGCOPD,01,16,03,No,12,03,12:35,2025,Saturday,12,Motor Vehicle In Transport,05,On Roadway,7,Perpendicular,,,GARRETT A MORGAN BLVD GARRETT A MORGAN BLVD (SB/L),03,05,Intersection or Related,01,Daylight,2/22/2025,2025-02-22,E,0,F,N,,,A361FD0DB7456D351666FEA0AD58E7F8C0C21D5F12A657E827977B2C7DA6C628,CO,01,No,,,,,01,Dry,03,Stop - Partial,,,,,,
Property Damage Crashes,DA4430000T,Prince George's County Police,Front to Rear,Prince George's,Local,No,No,No,No,No,KENILWORTH AVE,965,MARYLAND ROUTE,No,True,No,4/13/2025,No,Point,38.912543770,-76.934153737,PGCOPD,03,16,03,No,14,,14:30,2025,Sunday,12,Motor Vehicle In Transport,05,On Roadway,7,,,,,,04,Entrance/Exit Ramp or Related,01,Daylight,4/13/2025,2025-04-13,N,55.63,F,N,,,C26469B5F19238633C3291CFD833367EE9B93FEF5ABC4C92B9F9058AB944C05E,MD,01,No,,,,,01,Dry,,,,,,,,
Property Damage Crashes,MSP7773000T,Maryland State Police,Front to Rear,Prince George's,Interstate,No,No,No,No,No,CAPITAL BELTWAY,95,INTERSTATE ROUTE,No,True,No,1/24/2025,No,Point,39.017562784,-76.912669458,MSP,03,16,03,No,7,,07:40,2025,Friday,12,Motor Vehicle In Transport,05,On Roadway,1,,,,,,06,Non-Junction,100,Dawn,1/24/2025,2025-01-24,E,13.48,F,N,,,ABF774505784C2694D70C3E5199BE852C4B79D7BF7BBB43B685E8390C25A07CE,IS,01,No,,,,,01,Dry,,,,,,,,
Property Damage Crashes,BW0200001B,Greenbelt Police Department,"Sideswipe, Opposite Direction",Prince George's,,No,No,No,No,Yes,,,,No,True,No,1/9/2025,No,Point,38.992394675,-76.877709665,GREENBELT,06,16,03,,15,,15:20,2025,Thursday,12,Motor Vehicle In Transport,04,"Off-Roadway, Location Unknown",,,,,,,,,01,Daylight,1/9/2025,2025-01-09,,,F,N,101,Parking Aisle,,,01,No,,,,,,,,,,,,,,
Property Damage Crashes,DA4083006H,Prince George's County Police,"Sideswipe, Opposite Direction",Prince George's,Minor Arterial,No,No,No,No,No,RIGGS RD (SB/L),212,MARYLAND ROUTE,No,True,No,1/9/2025,No,Point,39.005052858,-76.968927028,PGCOPD,06,16,03,No,17,,17:00,2025,Thursday,12,Motor Vehicle In Transport,05,On Roadway,4,,,,ADELPHI RD,,06,Non-Junction,03,Dark - Lighted,1/9/2025,2025-01-09,S,22.82,F,N,,,E4A169E71D8530CAF82C003788D6D74673CB3FC5E9F47F11EA732450430F9C18,MD,01,No,,,,,01,Dry,,,,,,,,
Property Damage Crashes,MSP757700HX,Maryland State Police,"Sideswipe, Same Direction",Prince George's,Interstate,No,Yes,No,No,No,RAMP 10 FR IS 495 EB TO IS 95 SB,95,RAMP,No,True,No,2/25/2025,No,Point,39.017825,-76.924653333,MSP,07,16,03,No,9,,09:08,2025,Tuesday,12,Motor Vehicle In Transport,05,On Roadway,1,,,,,,04,Entrance/Exit Ramp or Related,01,Daylight,2/25/2025,2025-02-25,N,39.76,F,N,,,C9E462AFDE6C8A4E81CE15278F55B24DD2B4DB2D2A56CC52F8B03B196500074D,RP,01,No,97,Not Applicable,,,01,Dry,,,,,,,,
Property Damage Crashes,MSP77700062,Maryland State Police,Front to Rear,Prince George's,Principal Arterial – Other,No,No,No,No,No,BRANCH AVE,5,MARYLAND ROUTE,No,True,No,1/16/2025,No,Point,38.698710894,-76.873929823,MSP,03,16,03,No,6,,06:53,2025,Thursday,12,Motor Vehicle In Transport,05,On Roadway,3,,,,,,06,Non-Junction,100,Dawn,1/16/2025,2025-01-16,S,8.58,F,N,,,305042F8961BE1F437CF8134EF7D2B4E3AC0A3C06CB9E4D1087314BE0E69478F,MD,01,No,,,,,01,Dry,,,,,,,,
Property Damage Crashes,MSP7872004J,Maryland State Police,Single Vehicle,Prince George's,Principal Arterial – Other,No,No,No,No,No,BRANCH AVE (SB/L),5,MARYLAND ROUTE,No,True,No,5/28/2025,No,Point,38.728668333,-76.881703333,MSP,101,16,03,No,7,,07:08,2025,Wednesday,28,Ditch,09,Roadside,3,,,,,,09,Through Roadway,01,Daylight,5/28/2025,2025-05-28,N,42.61,F,N,,,EA84904D3317403131EAC564FE241F9C62E63ABF0BC7A0887183EA9B2D407941,MD,01,No,,,,,09,Wet,,,,,,,,
Injury Crashes,DA4416000L,Prince George's County Police,Front to Front,Prince George's,,No,No,No,No,No,ARDWICK ARDMORE RD (EB/L),65,COUNTY ROAD,No,True,No,4/24/2025,No,Point,38.936642326,-76.855609098,PGCOPD,02,16,02,No,0,,00:56,2025,Thursday,12,Motor Vehicle In Transport,05,On Roadway,,,,,,,06,Non-Junction,04,Dark - Not Lighted,4/24/2025,2025-04-24,S,75.68,F,N,,,547D7C91E6B3A20AC07D7890B68A17286537F877B90BFAE370E703B3AD8C8699,CO,01,No,,,,,01,Dry,,,,,,,,
Property Damage Crashes,DA43190042,Prince George's County Police,Angle,Prince George's,,No,No,No,No,No,,4475,COUNTY ROAD,No,True,No,1/15/2025,No,Point,38.887030823,-76.852175019,PGCOPD,01,16,03,No,9,,09:00,2025,Wednesday,12,Motor Vehicle In Transport,05,On Roadway,,,,,,,03,Driveway Access or Related,01,Daylight,1/15/2025,2025-01-15,S,27.86,F,N,,,80232916FBE4DDE982BA3A68EE2C7086EE827F475D1AD8884B6469462A1FD2B2,CO,01,No,,,,,01,Dry,,,,,,,,
Property Damage Crashes,CC03090015,Hyattsville Police Department,Front to Rear,Prince George's,Local,No,No,No,No,No,TOLEDO RD,410,MUNICIPAL ROAD,No,True,No,4/29/2025,No,Point,38.970165530,-76.949166039,HYATTSVILLE,03,16,03,Yes,15,03,15:30,2025,Tuesday,12,Motor Vehicle In Transport,05,On Roadway,7,Perpendicular,,,ADELPHI RD,03,05,Intersection or Related,01,Daylight,4/29/2025,2025-04-29,S,0,F,N,,,04B5FE6A5975B52D541C780A86DF7112F07C2014D21536CB00AA917A61A7052D,MU,01,No,,,,,01,Dry,01,Signalized,,,,,,
Property Damage Crashes,DA3829005Q,Prince George's County Police,Angle,Prince George's,Major Collector,No,No,No,No,No,GLENN DALE RD,953,MARYLAND ROUTE,No,True,No,4/28/2025,No,Point,38.950695545,-76.812620830,PGCOPD,01,16,03,No,9,,09:29,2025,Monday,15,Parked Vehicle,07,"On Shoulder, Right Side",5,,,,,,06,Non-Junction,01,Daylight,4/28/2025,2025-04-28,E,16.85,F,N,,,136B23AB28BB92667853A6A79B82A546F81F0399ED1CD1E78D4C523ECE152C75,MD,01,No,,,,,01,Dry,,,,,,,,
Property Damage Crashes,DA4357003D,Prince George's County Police,"Sideswipe, Same Direction",Prince George's,Principal Arterial – Other,No,No,No,No,No,BRANCH AVE (SB/L),5,MARYLAND ROUTE,No,True,No,5/20/2025,No,Point,38.752543433,-76.879417194,PGCOPD,07,16,03,No,19,,19:56,2025,Tuesday,12,Motor Vehicle In Transport,09,Roadside,3,,,,,,09,Through Roadway,01,Daylight,5/20/2025,2025-05-20,S,21.68,F,N,,,F42B8FA144306C9DF8C3C8945160287A988938FA8FB6F7F7E098726CC86FC087,MD,01,No,,,,,01,Dry,,,,,,,,
Property Damage Crashes,CNC31820013,New Carrollton Police Department,Front to Rear,Prince George's,Minor Arterial,No,No,No,No,No,ANNAPOLIS RD,450,MARYLAND ROUTE,No,True,No,3/1/2025,No,Point,38.955812655,-76.872892033,NCPD,03,16,03,No,12,,12:24,2025,Saturday,12,Motor Vehicle In Transport,05,On Roadway,4,,,,,,09,Through Roadway,01,Daylight,3/1/2025,2025-03-01,E,50.96,F,N,,,1EE0C26745E5148A313E9317C28E9EF6A89918F5731F285F436758021A487D20,MD,01,No,,,,,01,Dry,,,,,,,,
Property Damage Crashes,DA4282003N,Prince George's County Police,Other,Prince George's,Principal Arterial – Other,No,No,No,No,No,OXON HILL RD (WB/L),414,MARYLAND ROUTE,No,True,No,4/14/2025,No,Point,38.803449985,-76.989195519,PGCOPD,98,16,03,No,11,,11:18,2025,Monday,12,Motor Vehicle In Transport,99,Unknown,3,,,,,,06,Non-Junction,01,Daylight,4/14/2025,2025-04-14,S,29.23,F,N,,,B0E5FD22A3D62E3EB60A212EB2E8A191C83EA763BFE2B1A2105F61D4ADEB546C,MD,01,No,,,,,01,Dry,,,,,,,,
Property Damage Crashes,DA4344003H,Prince George's County Police,Unknown,Prince George's,Minor Arterial,No,No,No,No,No,SUITLAND RD,218,MARYLAND ROUTE,No,True,No,3/21/2025,No,Point,38.859353024,-76.946676678,PGCOPD,99,16,03,No,23,,23:18,2025,Friday,12,Motor Vehicle In Transport,05,On Roadway,4,,,,,,06,Non-Junction,04,Dark - Not Lighted,3/21/2025,2025-03-21,E,47.41,F,N,,,F85739F4D50A2FEBE0D79FF59DEBDD371B9CDD1A2CD9F0DA438CB714029AD835,MD,01,No,,,,,01,Dry,,,,,,,,
Injury Crashes,MSP744200RN,Maryland State Police,Front to Rear,Prince George's,Interstate,No,No,No,No,No,RAMP 7 FR MD 450 WB TO IS 95 SB,95,RAMP,No,True,No,3/6/2025,No,Point,38.959260064,-76.867625037,MSP,03,16,02,Yes,8,,08:54,2025,Thursday,12,Motor Vehicle In Transport,05,On Roadway,1,,,,RAMP 6 FR MD 450 EB TO RAMP 7 (TO IS 95),,04,Entrance/Exit Ramp or Related,01,Daylight,3/6/2025,2025-03-06,W,25.4,F,N,,,D761191FA5BE55DF96473E25F7FF030017FB24616D9F84EE1DC44D4E85C22B73,RP,01,No,,,,,01,Dry,,,,,,,,
Property Damage Crashes,MSP738100C6,Maryland State Police,Front to Rear,Prince George's,Principal Arterial – Other,No,No,No,No,No,CENTRAL AVE (WB/L),214,MARYLAND ROUTE,No,True,No,4/5/2025,No,Point,38.900526667,-76.791768333,MSP,03,16,03,No,13,,13:39,2025,Saturday,12,Motor Vehicle In Transport,05,On Roadway,3,,,,,,01,Acceleration/Deceleration Lane,01,Daylight,4/5/2025,2025-04-05,W,19.46,F,N,,,727F8237C20030E9875B5E4EBE572EF9AF8EF48F030DAB697D487591B8EB8FCE,MD,01,No,,,,,01,Dry,,,,,,,,
Property Damage Crashes,MSP7764009K,Maryland State Police,Single Vehicle,Prince George's,Interstate,Yes,No,No,No,No,CAPITAL BELTWAY,495,INTERSTATE ROUTE,No,True,No,5/18/2025,No,Point,39.021125382,-76.946115255,MSP,101,16,03,No,5,,05:11,2025,Sunday,25,Concrete Traffic Barrier,01,Gore,1,,,,,,06,Non-Junction,04,Dark - Not Lighted,5/18/2025,2025-05-18,E,49.71,F,N,,,55CE6C1C84F1DC86259D60638654276494FC5E6F658001566E363EBB6BBC956C,IS,01,No,,,,,01,Dry,,,,,,,,
Property Damage Crashes,DA28840084,Prince George's County Police,Front to Rear,Prince George's,Minor Arterial,No,No,No,No,No,POWDER MILL RD,212,MARYLAND ROUTE,No,True,No,1/23/2025,No,Point,39.037049794,-76.948352804,PGCOPD,03,16,03,No,9,,09:51,2025,Thursday,12,Motor Vehicle In Transport,05,On Roadway,4,,,,,,09,Through Roadway,01,Daylight,1/23/2025,2025-01-23,E,7.42,F,N,,,4CF169C48B1F0209C3C1F28A9D9EA838799584703C6495BE8E434D51DFF643BD,MD,01,No,,,,,01,Dry,,,,,,,,
Property Damage Crashes,DA4378002F,Prince George's County Police,Front to Rear,Prince George's,Principal Arterial – Other,No,No,No,No,No,LAUREL BOWIE RD (SB/L),197,MARYLAND ROUTE,No,True,No,1/20/2025,No,Point,39.073770113,-76.847895178,PGCOPD,03,16,03,No,1,,01:55,2025,Monday,12,Motor Vehicle In Transport,05,On Roadway,3,,,,,,06,Non-Junction,04,Dark - Not Lighted,1/20/2025,2025-01-20,S,11.99,F,N,,,ACDDC62F383880C599A8568DEA756D0181EFBD75BE80E52EA64F4DA3FC79FB2A,MD,01,No,,,,,09,Wet,,,,,,,,
Property Damage Crashes,DA4359001G,Prince George's County Police,Single Vehicle,Prince George's,Local,No,No,No,No,No,N LINCOLN AVE,1881,COUNTY ROAD,No,True,No,3/2/2025,No,Point,39.053590704,-76.917859103,PGCOPD,101,16,03,No,13,,13:01,2025,Sunday,27,Curb,09,Roadside,7,,,,,,06,Non-Junction,01,Daylight,3/2/2025,2025-03-02,N,9.98,F,N,,,5AFA48F8480D2B31279A3414B227F904BFC8BD27C04A6368519263A810AAE06E,CO,01,No,,,,,01,Dry,,,,,,,,
Property Damage Crashes,DA3536003L,Prince George's County Police,Front to Rear,Prince George's,Principal Arterial – Other Freeways and Expressways,No,No,No,No,No,RAMP 4 FR MD 201 NB TO US 50 EB,50,RAMP,No,True,No,4/2/2025,No,Point,38.916824218,-76.932311062,PGCOPD,03,16,03,Yes,14,,14:45,2025,Wednesday,12,Motor Vehicle In Transport,05,On Roadway,2,,,,KENILWORTH AVE,,04,Entrance/Exit Ramp or Related,01,Daylight,4/2/2025,2025-04-02,N,3.75,F,N,,,37377754AAF58EE1C9FEAA376F413E17369CEB12BA576F249BA88312104F3FC7,RP,01,No,,,,,09,Wet,,,,,,,,
Property Damage Crashes,DA4302002Q,Prince George's County Police,Single Vehicle,Prince George's,Local,No,No,No,No,No,BIRDIE LA,6195,COUNTY ROAD,No,True,No,3/19/2025,No,Point,38.869634099,-76.829771652,PGCOPD,101,16,03,No,14,,14:01,2025,Wednesday,34,Mailbox,05,On Roadway,7,,,,,,06,Non-Junction,01,Daylight,3/19/2025,2025-03-19,N,77.42,F,N,,,83AC105BEBBAB7A4FC4CE9714C803A8D1CB74122EF6EB0A92287826DCAAB2E79,CO,01,No,,,,,01,Dry,,,,,,,,
Property Damage Crashes,DA401400C5,Prince George's County Police,"Sideswipe, Same Direction",Prince George's,Principal Arterial – Other,No,No,No,No,No,ANNAPOLIS RD,450,MARYLAND ROUTE,No,True,No,1/9/2025,No,Point,38.964877210,-76.793061072,PGCOPD,07,16,03,No,18,,18:20,2025,Thursday,12,Motor Vehicle In Transport,05,On Roadway,3,,,,,,06,Non-Junction,03,Dark - Lighted,1/9/2025,2025-01-09,N,33.59,F,N,,,6439DDAC78EB4A4918FCFB36608F8F88AC8551BD5A583CFDBBC8D4DD2B6EEE9F,MD,01,No,,,,,01,Dry,,,,,,,,
Property Damage Crashes,DA44230016,Prince George's County Police,"Sideswipe, Same Direction",Prince George's,Local,No,No,No,No,No,CAPITAL VIEW DR,3564,COUNTY ROAD,No,True,No,4/19/2025,No,Point,38.905306207,-76.874136577,PGCOPD,07,16,03,No,6,,06:50,2025,Saturday,15,Parked Vehicle,05,On Roadway,7,,,,,,09,Through Roadway,01,Daylight,4/19/2025,2025-04-19,N,9.06,F,N,,,67D26EBCC492D24FC529A6FB8164EB344ABD36E756E506960BBB6A850157B23E,CO,01,No,,,,,01,Dry,,,,,,,,
Property Damage Crashes,MSP7865002V,Maryland State Police,"Sideswipe, Same Direction",Prince George's,Minor Arterial,No,No,No,No,No,RIGGS RD,212,MARYLAND ROUTE,No,True,No,5/14/2025,No,Point,38.986579460,-76.975936942,MSP,07,16,03,No,14,,14:05,2025,Wednesday,12,Motor Vehicle In Transport,05,On Roadway,4,,,,,,06,Non-Junction,01,Daylight,5/14/2025,2025-05-14,N,18.14,F,N,,,C1C7778527700861A294E93A52271F6D2CC4F2EC61733C6D6C8140BB4A74008D,MD,01,No,,,,,01,Dry,,,,,,,,
Property Damage Crashes,DA43330040,Prince George's County Police,Unknown,Prince George's,Principal Arterial – Other,No,No,No,No,No,UNIVERSITY BLVD,193,MARYLAND ROUTE,No,True,No,3/8/2025,No,Point,38.986385079,-76.983769293,PGCOPD,99,16,03,No,0,,00:10,2025,Saturday,12,Motor Vehicle In Transport,04,"Off-Roadway, Location Unknown",3,,,,,,99,Unknown,03,Dark - Lighted,3/8/2025,2025-03-08,N,25.58,F,N,,,01983424DBFFB1B5ACEB43237E37182A63C42EB0555526A537622FE2EFA66C4E,MD,01,No,,,,,01,Dry,,,,,,,,
Property Damage Crashes,MSP7839005G,Maryland State Police,Single Vehicle,Prince George's,Interstate,No,No,No,No,No,CAPITAL BELTWAY,95,INTERSTATE ROUTE,No,True,Yes,5/13/2025,Yes,Point,38.80699,-76.981453333,MSP,101,16,03,No,21,,21:37,2025,Tuesday,28,Ditch,09,Roadside,1,,101,State,,,06,Non-Junction,04,Dark - Not Lighted,5/13/2025,2025-05-13,S,20.33,F,N,,,6D51E71F1E06103394B0AF2F3D431827DB394190EB166110527E50593A5CE8B5,IS,01,No,,,,,09,Wet,,,N,04,Activity Area,03,Work on Shoulder or Median,No
Property Damage Crashes,MSP77870050,Maryland State Police,Single Vehicle,Prince George's,Interstate,No,No,No,No,No,CAPITAL BELTWAY (SB/L),95,INTERSTATE ROUTE,No,True,No,2/15/2025,No,Point,38.849507747,-76.860615107,MSP,101,16,03,No,19,,19:26,2025,Saturday,32,Guardrail Face,09,Roadside,1,,101,State,,,06,Non-Junction,04,Dark - Not Lighted,2/15/2025,2025-02-15,N,9.84,F,N,,,7751D628EB962ED348F238A40F3D5E8AC4350A4864AA9C8E59AACB99AE5151F4,IS,01,No,,,,,09,Wet,,,,,,,,
Injury Crashes,DA418600C9,Prince George's County Police,Front to Rear,Prince George's,Interstate,No,No,No,No,No,CAPITAL BELTWAY,95,INTERSTATE ROUTE,No,True,No,3/18/2025,No,Point,39.016390071,-76.910153093,PGCOPD,03,16,02,No,9,,09:51,2025,Tuesday,12,Motor Vehicle In Transport,05,On Roadway,1,,,,,,06,Non-Junction,01,Daylight,3/18/2025,2025-03-18,S,28.04,F,N,,,BE62821A4A0E2B4A03AC41AD425475489F619DCF5E795412048D8B7B3A4BE4E3,IS,01,No,,,,,01,Dry,,,,,,,,
Property Damage Crashes,CE4914009H,Laurel Police Department,Angle,Prince George's,Principal Arterial – Other,No,No,No,No,No,GORMAN AVE,198,MARYLAND ROUTE,No,True,No,4/11/2025,No,Point,39.098188455,-76.849817497,LAUREL,01,16,03,No,18,,18:00,2025,Friday,12,Motor Vehicle In Transport,05,On Roadway,3,,,,WASHINGTON BLVD (SB/L),,06,Non-Junction,01,Daylight,4/11/2025,2025-04-11,S,12.34,F,N,,,334D8312D261F169565726E53853DEC82D6F2393A9901B9CD01F9E76A950B185,MD,01,No,15,Parked Vehicle,02,In Parking Lane Or Zone,09,Wet,,,,,,,,
Property Damage Crashes,CBPD0112005B,Bowie Police Department,Other,Prince George's,,No,No,No,No,Yes,,,,No,True,No,3/8/2025,No,Point,38.984211205,-76.758015388,BOWIE,98,16,03,,13,,13:35,2025,Saturday,15,Parked Vehicle,02,In Parking Lane Or Zone,,,,,,,,,01,Daylight,3/8/2025,2025-03-08,,,F,N,102,Parking Lot Way,,,01,No,,,,,,,,,,,,,,
Property Damage Crashes,MSP757700H5,Maryland State Police,"Sideswipe, Same Direction",Prince George's,Interstate,No,No,No,No,No,RAMP 2 FR MD 295 WB TO IS 95 NB,95,RAMP,No,True,No,1/16/2025,No,Point,38.994796630,-76.888468474,MSP,07,16,03,No,19,,19:24,2025,Thursday,12,Motor Vehicle In Transport,05,On Roadway,1,,,,,,09,Through Roadway,03,Dark - Lighted,1/16/2025,2025-01-16,W,30.92,F,N,,,8546A05E96A07F26FDC74EC4D53C3E39D954FC9CF6C821CAA37EBA966582888D,RP,01,No,97,Not Applicable,,,01,Dry,,,,,,,,
Property Damage Crashes,DA4427000G,Prince George's County Police,Single Vehicle,Prince George's,Principal Arterial – Other Freeways and Expressways,No,No,No,No,No,INDIAN HEAD HWY,210,MARYLAND ROUTE,No,True,No,3/3/2025,No,Point,38.759736755,-76.993883089,PGCOPD,101,16,03,No,1,,01:30,2025,Monday,32,Guardrail Face,03,Median,2,,,,,,06,Non-Junction,04,Dark - Not Lighted,3/3/2025,2025-03-03,S,167.39,F,N,,,8BF2FE617E61F1D5A08F54F2E2EE65F619DFD4BE8B4CE6D2C77C8EDE9357E13E,MD,01,No,32,Guardrail Face,03,Median,01,Dry,,,,,,,,
Injury Crashes,MSP744700P1,Maryland State Police,Single Vehicle,Prince George's,Minor Arterial,No,No,No,No,No,CENTRAL AVE,214,MARYLAND ROUTE,No,True,No,4/17/2025,No,Point,38.90689,-76.674151667,MSP,101,16,02,No,22,,22:02,2025,Thursday,31,Guardrail End Terminal,09,Roadside,4,,101,State,,,06,Non-Junction,04,Dark - Not Lighted,4/17/2025,2025-04-17,E,26.16,F,N,,,A7DFACD0E7646750B64E0C8BF384FB3D40658266805A28816DEF24FF5E8ECB93,MD,01,No,,,,,01,Dry,,,,,,,,
Property Damage Crashes,CE5357000G,Laurel Police Department,Angle,Prince George's,Major Collector,No,No,No,No,No,CONTEE RD,6,COUNTY ROAD,No,True,No,2/4/2025,No,Point,39.077366523,-76.872247985,LAUREL,01,16,03,No,20,,20:40,2025,Tuesday,12,Motor Vehicle In Transport,05,On Roadway,5,,,,,,99,Unknown,03,Dark - Lighted,2/4/2025,2025-02-04,N,8.32,F,N,,,D0D4AD44592831C573332E59BCF9C608C21325009BC2FFE5FAFFCA2E4C003495,CO,01,No,,,,,01,Dry,,,,,,,,