Crash Severity Description,Reportnumber,Agencyname,CollisionImpact Description,Crash County Description,FunctionalClass Description,ImpairedCrash,Large Vehicle Involved,Motorcycle Crash,Non-Motorist Crash,OffRoad,RoadName,Route Number,RouteType Description,Unrestrained Occupants,WithinDateRange,Work Zone Related,Crashdate,Work Zone Crash,CrashPoint,Latitude,Longitude,AgencyCode,CollisionImpact,Crash County,Crash Severity,Crash Within Interchange,Crashhour,CrashInterchangeApproaches,Crashtime,CrashYear,Dayofweek,FirstHarmEvent,FirstHarmEvent Description,FirstHarmLocation,FirstHarmLocation Description,FunctionalClass,Geometry Description,GovPropertyDamage,GovPropertyDamage Description,IntersectingRoadName,Intersection Geometry,JunctionRelated,JunctionRelated Description,Light,Light Description,LOD Crash Date,LOD Date Level,MilepointDirection,MilepointDistance,MilepointUnits,NonTrafficFatal,OffroadLocation,OffroadLocation Description,RoadID,RouteType,SchoolBusRelated,SchoolBusRelated Description,SecondHarmEvent,SecondHarmEvent Description,SecondHarmLocation,SecondHarmLocation Description,Surface,Surface Description,TrafficControl,Trafficcontrol Description,WZLawEnforcementPresent,WZLocation,WZLocation Description,WZType,WZType Description,WZWorkersPresent
Property Damage Crashes,DA4043009P,Prince George's County Police,Single Vehicle,Prince George's,Principal Arterial – Other Freeways and Expressways,No,No,No,No,No,BRANCH AVE,5,MARYLAND ROUTE,No,True,No,4/4/2025,No,Point,38.750406712,-76.879425279,PGCOPD,101,16,03,Yes,7,04,07:55,2025,Friday,36,"Other Post, Pole, Or Support",09,Roadside,2,Perpendicular,,,SURRATTS RD,03,05,Intersection or Related,01,Daylight,4/4/2025,2025-04-04,N,0,F,N,,,04A341DD513E59992CF0BE8CDA4F9FA3C640D69539D2A22F0B1E924AC4F8F93C,MD,01,No,,,,,09,Wet,01,Signalized,,,,,,
Property Damage Crashes,MSP744700N7,Maryland State Police,Front to Rear,Prince George's,Principal Arterial – Other,No,No,No,No,No,CRAIN HWY,301,UNITED STATE ROUTE,No,True,No,3/15/2025,No,Point,38.885058333,-76.71958,MSP,03,16,03,No,11,,11:10,2025,Saturday,12,Motor Vehicle In Transport,05,On Roadway,3,,,,,,06,Non-Junction,01,Daylight,3/15/2025,2025-03-15,W,24.96,F,N,,,17EA72D562ADFCBE040976413204906BB5E8FEC617872A1FDDF2296A9D3411D6,US,01,No,,,,,01,Dry,,,,,,,,
Injury Crashes,DA4340003W,Prince George's County Police,Front to Rear,Prince George's,Minor Arterial,No,No,No,No,No,LANHAM SEVERN RD (WB/L),564,MARYLAND ROUTE,No,True,No,1/8/2025,No,Point,38.988714389,-76.816916385,PGCOPD,03,16,02,Yes,13,02,13:00,2025,Wednesday,12,Motor Vehicle In Transport,99,Unknown,4,Angled/Skewed,,,,01,05,Intersection or Related,01,Daylight,1/8/2025,2025-01-08,W,0,F,N,,,F8183C2AE68D6ABE320A7C73DE51CBF72697DBAEEFAEC15417A9261DA8B34D58,MD,01,No,,,,,07,Snow,02,Stop - All Way,,,,,,
Injury Crashes,DA1913003D,Prince George's County Police,Single Vehicle,Prince George's,Minor Arterial,No,No,No,No,No,,223,MARYLAND ROUTE,No,True,No,5/14/2025,No,Point,38.7665922,-76.8897231,PGCOPD,101,16,02,No,9,,09:50,2025,Wednesday,40,Tree (standing),05,On Roadway,4,,,,,,06,Non-Junction,01,Daylight,5/14/2025,2025-05-14,N,61.56,F,N,,,CEFEE2D1E74ADB22903F59483F92759F8883A36A0513F9B46B9711A12CAAB68F,MD,01,No,,,,,09,Wet,,,,,,,,
Injury Crashes,MSP745000J8,Maryland State Police,Single Vehicle,Prince George's,Interstate,Yes,No,No,No,No,NO NAME (SB/L),95,INTERSTATE ROUTE,No,True,No,3/1/2025,No,Point,39.097655943,-76.890651658,MSP,101,16,02,No,2,,02:57,2025,Saturday,31,Guardrail End Terminal,01,Gore,1,,100,Local,,,04,Entrance/Exit Ramp or Related,03,Dark - Lighted,3/1/2025,2025-03-01,N,43.52,F,N,,,36C84621CC19DBF6A98DEC7B2E385F19205F835C18C375385926AD6EF898CB0F,IS,01,No,07,Overturn/Rollover,08,Outside Road/Right-Of-Way,01,Dry,,,,,,,,
Property Damage Crashes,MSP78390028,Maryland State Police,Single Vehicle,Prince George's,Interstate,No,No,No,No,No,CAPITAL BELTWAY,95,INTERSTATE ROUTE,No,True,No,2/14/2025,No,Point,38.920992360,-76.852550189,MSP,101,16,03,No,5,,05:07,2025,Friday,28,Ditch,09,Roadside,1,,,,,,06,Non-Junction,04,Dark - Not Lighted,2/14/2025,2025-02-14,W,11.28,F,N,,,5980EEE484F5F19039C6BACE44C4D76A4D8BCD78AF7DC70A6C462CFD3E1A1113,IS,01,No,,,,,01,Dry,,,,,,,,
Property Damage Crashes,CNC31840028,New Carrollton Police Department,Front to Rear,Prince George's,,No,No,No,No,Yes,,,,No,True,No,5/17/2025,No,Point,38.957787728,-76.869733402,NCPD,03,16,03,,15,,15:08,2025,Saturday,12,Motor Vehicle In Transport,02,In Parking Lane Or Zone,,,,,,,,,01,Daylight,5/17/2025,2025-05-17,,,F,N,106,Driveway,,,01,No,,,,,,,,,,,,,,
Property Damage Crashes,CC0278005Y,Hyattsville Police Department,Other,Prince George's,Principal Arterial – Other,No,No,No,No,No,,1,UNITED STATE ROUTE,No,True,No,4/16/2025,No,Point,38.953477439,-76.940500741,HYATTSVILLE,98,16,03,No,15,02,15:57,2025,Wednesday,12,Motor Vehicle In Transport,05,On Roadway,3,Angled/Skewed,,,HAMILTON ST,01,05,Intersection or Related,01,Daylight,4/16/2025,2025-04-16,E,0,F,N,,,3414939D1DEB78649AF23957DFFDA98483BA7C52957C0D6270C4F8080DFCFA08,US,01,No,,,,,01,Dry,01,Signalized,,,,,,
Property Damage Crashes,DA4333003R,Prince George's County Police,Rear To Side,Prince George's,Minor Arterial,No,No,No,No,No,ADELPHI RD (NB/L),232,COUNTY ROAD,No,True,No,1/25/2025,No,Point,38.985383382,-76.955572244,PGCOPD,05,16,03,Yes,23,04,23:30,2025,Saturday,12,Motor Vehicle In Transport,05,On Roadway,4,Angled/Skewed,,,UNIVERSITY HILLS DR,01,05,Intersection or Related,03,Dark - Lighted,1/25/2025,2025-01-25,E,0,F,N,,,98FDDD1AC4D860040648DA1A2948FC79C0CBF14814AE83D08849153C6C6CD0B4,CO,01,No,,,,,01,Dry,01,Signalized,,,,,,
Property Damage Crashes,CBPD0124001B,Bowie Police Department,Unknown,Prince George's,,No,No,No,No,Yes,,,,No,True,No,5/17/2025,No,Point,38.970773333,-76.765502334,BOWIE,99,16,03,,19,,19:00,2025,Saturday,97,Not Applicable,99,Unknown,,,,,,,,,01,Daylight,5/17/2025,2025-05-17,,,F,N,102,Parking Lot Way,,,01,No,,,,,,,,,,,,,,
Property Damage Crashes,DA34330054,Prince George's County Police,Single Vehicle,Prince George's,Local,No,No,No,No,No,KAINE PL,2460,COUNTY ROAD,No,True,No,2/2/2025,No,Point,38.859545029,-76.807611716,PGCOPD,101,16,03,No,14,,14:33,2025,Sunday,27,Curb,09,Roadside,7,,,,,,01,Acceleration/Deceleration Lane,01,Daylight,2/2/2025,2025-02-02,N,43.5,F,N,,,B012ECE37B2E3A19F5EA9D893DB3DCCFF03676959C54F691C34386ADD1D388AA,CO,01,No,,,,,01,Dry,,,,,,,,
Property Damage Crashes,CE4909007M,Laurel Police Department,Single Vehicle,Prince George's,,No,No,No,No,Yes,,,,No,True,No,4/12/2025,No,Point,39.090713968,-76.856648018,LAUREL,101,16,03,,13,,13:30,2025,Saturday,35,"Other Fixed Object (wall, building, tunnel, etc.)",02,In Parking Lane Or Zone,,,,,,,,,01,Daylight,4/12/2025,2025-04-12,,,F,N,102,Parking Lot Way,,,01,No,,,,,,,,,,,,,,
Property Damage Crashes,DA4218005Q,Prince George's County Police,"Sideswipe, Same Direction",Prince George's,Minor Arterial,No,Yes,No,No,No,RITCHIE RD,87,COUNTY ROAD,No,True,No,1/10/2025,No,Point,38.860902455,-76.871056711,PGCOPD,07,16,03,No,12,,12:33,2025,Friday,12,Motor Vehicle In Transport,05,On Roadway,4,,,,,,06,Non-Junction,01,Daylight,1/10/2025,2025-01-10,N,25.63,F,N,,,4F35C617ED357DAF96C03451CD2DE9388FAA307EA78DE56828EF3DCB56650ECB,CO,01,No,,,,,06,Slush,,,,,,,,
Property Damage Crashes,MSP7875001R,Maryland State Police,Front to Rear,Prince George's,Interstate,No,No,No,No,No,CAPITAL BELTWAY,95,INTERSTATE ROUTE,No,True,No,2/1/2025,No,Point,38.808377750,-76.971180865,MSP,03,16,03,No,23,,23:42,2025,Saturday,12,Motor Vehicle In Transport,05,On Roadway,1,,,,,,06,Non-Junction,04,Dark - Not Lighted,2/1/2025,2025-02-01,E,20.78,F,N,,,6FA7AD137A43C218C12C699DB95685209275CC2FD40A99FAAB6DD8F7D1A3C923,IS,01,No,,,,,01,Dry,,,,,,,,
Property Damage Crashes,CC03120004,Hyattsville Police Department,Angle,Prince George's,,No,No,No,No,Yes,,,,No,True,No,5/25/2025,No,Point,38.958697148,-76.967324932,HYATTSVILLE,01,16,03,,20,,20:00,2025,Sunday,12,Motor Vehicle In Transport,02,In Parking Lane Or Zone,,,,,,,,,01,Daylight,5/25/2025,2025-05-25,,,F,N,102,Parking Lot Way,,,01,No,,,,,,,,,,,,,,
Property Damage Crashes,DA44120005,Prince George's County Police,"Sideswipe, Same Direction",Prince George's,Major Collector,No,Yes,No,No,No,BRINKLEY RD,122,COUNTY ROAD,No,True,No,1/14/2025,No,Point,38.805874701,-76.972419025,PGCOPD,07,16,03,No,8,,08:28,2025,Tuesday,12,Motor Vehicle In Transport,05,On Roadway,5,,,,,,99,Unknown,01,Daylight,1/14/2025,2025-01-14,W,27.91,F,N,,,FDBC8ABDF889751299F989230D01119CE45B83DAC7D8CAD404B986B74FA1870A,CO,01,No,,,,,02,Ice/Frost,,,,,,,,
Property Damage Crashes,CC03010008,Hyattsville Police Department,"Sideswipe, Same Direction",Prince George's,Minor Arterial,No,No,No,No,No,QUEENS CHAPEL RD (WB/L),500,MARYLAND ROUTE,No,True,No,1/14/2025,No,Point,38.954180484,-76.965328873,HYATTSVILLE,07,16,03,No,6,,06:10,2025,Tuesday,12,Motor Vehicle In Transport,05,On Roadway,4,,,,,,06,Non-Junction,03,Dark - Lighted,1/14/2025,2025-01-14,E,58.46,F,N,,,17C2DF419021E9CC15A69F7564C6677DD8ABD6DB46245381AC80CBD07AF4A09B,MD,01,No,,,,,01,Dry,,,,,,,,
Injury Crashes,MSP7416001V,Maryland State Police,Front to Rear,Prince George's,Principal Arterial – Other,No,No,No,No,No,CRAIN HWY,301,UNITED STATE ROUTE,No,True,No,4/29/2025,No,Point,38.913585905,-76.717337291,MSP,03,16,02,No,11,,11:50,2025,Tuesday,12,Motor Vehicle In Transport,05,On Roadway,3,,,,,,09,Through Roadway,01,Daylight,4/29/2025,2025-04-29,S,30.59,F,N,,,0BAD9DDB12186416B1D1BD161E5CB26BD58FD1E3F2000737FC720A3B0F979A22,US,01,No,,,,,01,Dry,,,,,,,,
Property Damage Crashes,DA34180001,Prince George's County Police,Front to Rear,Prince George's,,No,Yes,No,No,Yes,,,,Yes,True,No,5/8/2025,No,Point,38.8498931,-76.8710556,PGCOPD,03,16,03,,12,,12:00,2025,Thursday,15,Parked Vehicle,02,In Parking Lane Or Zone,,,,,,,,,01,Daylight,5/8/2025,2025-05-08,,,F,N,102,Parking Lot Way,,,01,No,97,Not Applicable,,,,,,,,,,,,
Property Damage Crashes,AM03950003,Bladensburg Police Department,Front to Rear,Prince George's,Principal Arterial – Other,No,No,No,No,No,ANNAPOLIS RD,450,MARYLAND ROUTE,Yes,True,No,3/14/2025,No,Point,38.939402406,-76.933641990,BLADENSBURG,03,16,03,No,11,,11:33,2025,Friday,12,Motor Vehicle In Transport,05,On Roadway,3,,,,,,09,Through Roadway,98,Other,3/14/2025,2025-03-14,E,21.1,F,N,,,20DF91F5A76D1A227AAC85D6719B75978380AFB4710A01AED2E7F4FC5E7F016E,MD,01,No,,,,,01,Dry,,,,,,,,
Property Damage Crashes,CC02990014,Hyattsville Police Department,Front to Rear,Prince George's,Major Collector,No,No,No,No,No,BELCREST RD,5678,COUNTY ROAD,No,True,No,1/22/2025,No,Point,38.973936188,-76.950985655,HYATTSVILLE,03,16,03,No,11,,11:05,2025,Wednesday,12,Motor Vehicle In Transport,05,On Roadway,5,,,,ADELPHI RD,,06,Non-Junction,01,Daylight,1/22/2025,2025-01-22,N,9.02,F,N,,,CFCDA8C1C031D860C578F5A5E6114C15C6A020A7F693938A822FF016752F5188,CO,01,No,41,Utility Pole/Light Support,09,Roadside,01,Dry,,,,,,,,
Injury Crashes,DA43630015,Prince George's County Police,Front to Front,Prince George's,,No,No,No,No,No,,64,COUNTY ROAD,No,True,No,5/18/2025,No,Point,38.919835883,-76.812899118,PGCOPD,02,16,02,No,1,,01:23,2025,Sunday,12,Motor Vehicle In Transport,05,On Roadway,,,,,,,09,Through Roadway,04,Dark - Not Lighted,5/18/2025,2025-05-18,S,25.35,F,N,,,43C6D90D0488D983A529E107BF999CD24C22FD50313C8260DB8F473BAB0C45E8,CO,01,No,,,,,01,Dry,,,,,,,,
Property Damage Crashes,DJ0105005P,Seat Pleasant Police Department,Angle,Prince George's,Principal Arterial – Other,No,No,No,No,No,CENTRAL AVE,214,MARYLAND ROUTE,No,True,No,3/29/2025,No,Point,38.890718945,-76.852586831,SEATPLEASANT,01,16,03,Yes,16,,16:55,2025,Saturday,12,Motor Vehicle In Transport,05,On Roadway,3,,,,,,03,Driveway Access or Related,01,Daylight,3/29/2025,2025-03-29,W,48.3,F,N,,,3ACB12C382B2227AE9C7E0C6A7C457510CA9968C3442157539082D9624AC3E31,MD,01,No,,,,,01,Dry,,,,,,,,
Property Damage Crashes,MSP78750056,Maryland State Police,Single Vehicle,Prince George's,Interstate,No,No,No,No,No,CAPITAL BELTWAY,95,INTERSTATE ROUTE,No,True,Yes,5/30/2025,Yes,Point,38.811868333,-76.96174,MSP,101,16,03,No,22,,22:20,2025,Friday,40,Tree (standing),05,On Roadway,1,,,,,,06,Non-Junction,03,Dark - Lighted,5/30/2025,2025-05-30,N,42.37,F,N,,,B1A843B5BB0693DEA5A0DEBEFB799B9D29BAEDD9A9FC7098252D18A7C27200D5,IS,01,No,,,,,09,Wet,,,N,02,Advance Warning Area,03,Work on Shoulder or Median,No
Property Damage Crashes,AM0339005X,Bladensburg Police Department,"Sideswipe, Same Direction",Prince George's,,No,No,No,No,No,,502,SPUR,No,True,No,5/26/2025,No,Point,38.940189542,-76.940833956,BLADENSBURG,07,16,03,Yes,15,,15:15,2025,Monday,12,Motor Vehicle In Transport,05,On Roadway,,,,,,,04,Entrance/Exit Ramp or Related,01,Daylight,5/26/2025,2025-05-26,N,12.1,F,N,,,78E609F1A9735210377E83F7095831A975007DB8E1CD9C8FD3A20FCC4B522A06,SP,01,No,,,,,01,Dry,,,,,,,,
Property Damage Crashes,DA4379001M,Prince George's County Police,Angle,Prince George's,Minor Arterial,No,No,No,No,No,RIGGS RD (SB/L),212,MARYLAND ROUTE,No,True,No,4/4/2025,No,Point,38.982973654,-76.979332337,PGCOPD,01,16,03,No,4,,04:20,2025,Friday,12,Motor Vehicle In Transport,05,On Roadway,4,,,,,,01,Acceleration/Deceleration Lane,03,Dark - Lighted,4/4/2025,2025-04-04,N,8.46,F,N,,,5A8244A94E83CBF2D330A9C70781CFED0A008B12BE89F932D4B30DED76244474,MD,01,No,,,,,01,Dry,,,,,,,,
Property Damage Crashes,DA4293004K,Prince George's County Police,Other,Prince George's,Major Collector,No,No,No,No,No,AUBURN AVE,299,COUNTY ROAD,Yes,True,No,1/11/2025,No,Point,38.966496424,-76.896108919,PGCOPD,98,16,03,No,5,,05:15,2025,Saturday,15,Parked Vehicle,04,"Off-Roadway, Location Unknown",5,,,,,,06,Non-Junction,03,Dark - Lighted,1/11/2025,2025-01-11,E,53.68,F,N,,,D54DBA122293F42E9A5D34B6EA4171CF56219570C9170F4275A4D8D94063607D,CO,01,No,,,,,07,Snow,,,,,,,,
Injury Crashes,DA44100010,Prince George's County Police,Angle,Prince George's,Minor Arterial,No,No,No,No,No,RIGGS RD (SB/L),212,MARYLAND ROUTE,No,True,No,5/12/2025,No,Point,38.990525417,-76.973501406,PGCOPD,01,16,02,No,16,04,16:06,2025,Monday,12,Motor Vehicle In Transport,05,On Roadway,4,Perpendicular,,,MERRIMAC DR,03,05,Intersection or Related,01,Daylight,5/12/2025,2025-05-12,N,0,F,N,,,CE184594E91969D242AAF57A133B98BDD836C190A4D3DEF49AD869792D65BF2E,MD,01,No,,,,,01,Dry,03,Stop - Partial,,,,,,
Property Damage Crashes,MSP745300B8,Maryland State Police,Single Vehicle,Prince George's,Interstate,Yes,No,No,No,No,RAMP 10 FR IS 495 EB TO IS 95 SB,95,RAMP,No,True,No,4/20/2025,No,Point,39.018346267,-76.928699817,MSP,101,16,03,No,2,,02:50,2025,Sunday,31,Guardrail End Terminal,09,Roadside,1,,101,State,,,06,Non-Junction,04,Dark - Not Lighted,4/20/2025,2025-04-20,S,28.75,F,N,,,9B0721A032149BF9C323EC14890D20D9F1806DF1D32EB51E2B19730DB98E4FCE,RP,01,No,,,,,01,Dry,,,,,,,,
Property Damage Crashes,DA43540038,Prince George's County Police,Unknown,Prince George's,Local,No,No,No,No,No,57TH AVE,674,COUNTY ROAD,No,True,No,2/4/2025,No,Point,38.952865271,-76.919004212,PGCOPD,99,16,03,No,18,,18:07,2025,Tuesday,15,Parked Vehicle,09,Roadside,7,,,,,,08,Shared-Use Path or Trail,05,Dark - Unknown Lighting,2/4/2025,2025-02-04,N,22.6,F,N,,,C1576A976B992B456526539314EA3FC4745F22F1BFBA379CDCDB290412936F23,CO,01,No,12,Motor Vehicle In Transport,05,On Roadway,01,Dry,,,,,,,,
Property Damage Crashes,DA43990012,Prince George's County Police,"Sideswipe, Same Direction",Prince George's,Local,No,No,No,No,No,AMHERST RD,682,COUNTY ROAD,No,True,No,3/27/2025,No,Point,38.973482369,-76.973826679,PGCOPD,07,16,03,No,2,,02:15,2025,Thursday,12,Motor Vehicle In Transport,05,On Roadway,7,,,,,,06,Non-Junction,03,Dark - Lighted,3/27/2025,2025-03-27,W,21.88,F,N,,,7DF55AE7F5026BFF89974476AE925B9444AD56F37FCEA1CDAC3DF4567CB2C722,CO,01,No,,,,,01,Dry,,,,,,,,
Property Damage Crashes,MSP7773002Z,Maryland State Police,Front to Rear,Prince George's,Interstate,No,No,No,No,No,NO NAME (SB/L),95,INTERSTATE ROUTE,No,True,No,6/3/2025,No,Point,39.0311595,-76.9477571,MSP,03,16,03,No,18,,18:15,2025,Tuesday,12,Motor Vehicle In Transport,05,On Roadway,1,,,,,,06,Non-Junction,01,Daylight,6/3/2025,2025-06-03,E,36.75,F,N,,,FA5E9E0E8DA72F65B00C99B53A079E00FD03ACD0FC331DC3C20E6325D32123CB,IS,01,No,,,,,01,Dry,,,,,,,,
Injury Crashes,DA3088007N,Prince George's County Police,Single Vehicle,Prince George's,Major Collector,Yes,No,No,No,No,AUTH RD,127,COUNTY ROAD,Yes,True,No,5/6/2025,No,Point,38.822739176,-76.910698389,PGCOPD,101,16,02,No,7,,07:40,2025,Tuesday,27,Curb,09,Roadside,5,,,,,,06,Non-Junction,01,Daylight,5/6/2025,2025-05-06,N,67.36,F,N,,,0C05EA029F9802ABF83847A49B070DFA48D4D14760A1E7C71BB3472445438F83,CO,01,No,,,,,01,Dry,,,,,,,,
Property Damage Crashes,CBPD0086007T,Bowie Police Department,Single Vehicle,Prince George's,,No,No,No,No,No,,132,SPUR,No,True,No,3/20/2025,No,Point,38.973418292,-76.756083690,BOWIE,101,16,03,No,0,,00:00,2025,Thursday,27,Curb,03,Median,,,,,,,06,Non-Junction,03,Dark - Lighted,3/20/2025,2025-03-20,N,95.88,F,N,,,12840B1D1B508EF17B1171E3F8B557E375891B6CB6A4039DBE8FF40F22B0C26E,SP,01,No,27,Curb,03,Median,01,Dry,,,,,,,,
Property Damage Crashes,DA4415000K,Prince George's County Police,Front to Front,Prince George's,Principal Arterial – Other,No,No,No,No,No,BALTIMORE AVE (SB/L),1,UNITED STATE ROUTE,No,True,No,4/17/2025,No,Point,38.980800903,-76.938177097,PGCOPD,02,16,03,No,18,04,18:56,2025,Thursday,12,Motor Vehicle In Transport,05,On Roadway,3,Perpendicular,,,KNOX RD,03,05,Intersection or Related,01,Daylight,4/17/2025,2025-04-17,E,0,F,N,,,5EA2165981F445D22213C0D672FB146359212C4E268DBA37481058924E442F7F,US,01,No,12,Motor Vehicle In Transport,05,On Roadway,01,Dry,01,Signalized,,,,,,
Property Damage Crashes,BP1135001J,Forest Heights Police Department,Single Vehicle,Prince George's,Minor Arterial,No,No,No,No,No,INDIAN HEAD HWY (SB/L),210,MARYLAND ROUTE,No,True,No,1/5/2025,No,Point,38.815082308,-76.998570223,FORESTHEIGHTS,101,16,03,No,0,,00:20,2025,Sunday,32,Guardrail Face,06,"On Shoulder, Left Side",4,,,,,,99,Unknown,03,Dark - Lighted,1/5/2025,2025-01-05,W,34.1,F,N,,,232F0F74A0F24DA46CB97E0E5DDA8E954F6A294FEA37CA19A1160637E6E495CF,MD,01,No,30,Fence,03,Median,01,Dry,,,,,,,,
Property Damage Crashes,CBPD0098006Z,Bowie Police Department,Single Vehicle,Prince George's,,No,No,No,No,No,,999,MUNICIPAL ROAD,No,True,No,1/13/2025,No,Point,38.892552900,-76.750750623,BOWIE,101,16,03,Yes,11,,11:30,2025,Monday,28,Ditch,09,Roadside,,,,,,,99,Unknown,01,Daylight,1/13/2025,2025-01-13,W,15.09,F,N,,,8EA7660E8FA04E7013EBB0A922C0E6D2626D5C80C1D7085170571571DDC63573,MU,01,No,,,,,07,Snow,,,,,,,,
Injury Crashes,MSP745800RN,Maryland State Police,Single Vehicle,Prince George's,Principal Arterial – Other,No,No,Yes,No,No,CRAIN HWY,301,UNITED STATE ROUTE,No,True,No,4/5/2025,No,Point,38.806933333,-76.74362,MSP,101,16,02,No,20,,20:23,2025,Saturday,02,Fell Jumped from Motor Vehicle,05,On Roadway,3,,,,,,01,Acceleration/Deceleration Lane,03,Dark - Lighted,4/5/2025,2025-04-05,E,24.21,F,N,,,F45391193D2F561B92C8F12160B7F7430B7353421CD55CE9894368B9A21BD7D8,US,01,No,,,,,01,Dry,,,,,,,,
Injury Crashes,DA43790016,Prince George's County Police,Front to Rear,Prince George's,Principal Arterial – Other,No,No,No,No,No,BALTIMORE AVE,1,UNITED STATE ROUTE,No,True,No,1/7/2025,No,Point,38.992696569,-76.933068456,PGCOPD,03,16,02,Yes,5,,05:45,2025,Tuesday,12,Motor Vehicle In Transport,05,On Roadway,3,,,,,,01,Acceleration/Deceleration Lane,03,Dark - Lighted,1/7/2025,2025-01-07,N,34.43,F,N,,,ED0FE3DE094378FE6002AC11286D927422B2B86F7183E7C3B1101E937E623855,US,01,No,,,,,06,Slush,,,,,,,,
Property Damage Crashes,CBPD0041001G,Bowie Police Department,Angle,Prince George's,Minor Collector,No,No,No,No,No,KEMBRIDGE DR,1090,MUNICIPAL ROAD,No,True,No,5/9/2025,No,Point,38.958335536,-76.742585073,BOWIE,01,16,03,No,11,03,11:25,2025,Friday,12,Motor Vehicle In Transport,05,On Roadway,6,Perpendicular,,,KENHILL DR,03,05,Intersection or Related,01,Daylight,5/9/2025,2025-05-09,W,0,F,N,,,AD278455EDF7FE1FD869B076B86BA996D6E15D563E4D4A54113365DEF5F703F7,MU,01,No,,,,,09,Wet,03,Stop - Partial,,,,,,
Property Damage Crashes,DA4278006Y,Prince George's County Police,"Sideswipe, Same Direction",Prince George's,Local,No,No,No,No,No,100TH AVE,2311,COUNTY ROAD,No,True,No,4/8/2025,No,Point,38.983243692,-76.842289547,PGCOPD,07,16,03,No,9,,09:15,2025,Tuesday,12,Motor Vehicle In Transport,05,On Roadway,7,,,,,,09,Through Roadway,01,Daylight,4/8/2025,2025-04-08,N,16.41,F,N,,,8DC8C7034F36D9611BEF445B3C6D8827D571F473AA54D539BE2BB1C93A8EEC09,CO,01,No,,,,,01,Dry,,,,,,,,
Property Damage Crashes,DA4370001B,Prince George's County Police,"Sideswipe, Same Direction",Prince George's,Minor Arterial,No,No,No,No,No,RITCHIE MARLBORO RD (SB/L),221,MARYLAND ROUTE,Yes,True,No,1/9/2025,No,Point,38.868000692,-76.840819629,PGCOPD,07,16,03,No,13,,13:30,2025,Thursday,12,Motor Vehicle In Transport,05,On Roadway,4,,,,,,06,Non-Junction,01,Daylight,1/9/2025,2025-01-09,E,48.82,F,N,,,077C00CCCD65DDD1BD856B2FC18AB614A5ACA99127606B4384A3C09F34929597,MD,01,No,,,,,01,Dry,,,,,,,,
Property Damage Crashes,BW0190003K,Greenbelt Police Department,Front to Rear,Prince George's,Principal Arterial – Other Freeways and Expressways,No,No,No,No,No,KENILWORTH AVE,201,MARYLAND ROUTE,No,True,No,3/12/2025,No,Point,38.987254918,-76.907815407,GREENBELT,03,16,03,No,17,,17:00,2025,Wednesday,12,Motor Vehicle In Transport,05,On Roadway,2,,,,,,06,Non-Junction,01,Daylight,3/12/2025,2025-03-12,N,15.41,F,N,,,71FD6661F5EA4F5C10BBA888C1CBB0CE03173445D47010D317693CA831E60900,MD,01,No,,,,,01,Dry,,,,,,,,
Property Damage Crashes,MSP741900D3,Maryland State Police,"Sideswipe, Same Direction",Prince George's,Interstate,No,Yes,No,No,No,CAPITAL BELTWAY (SB/L),95,INTERSTATE ROUTE,No,True,No,1/14/2025,No,Point,39.000486667,-76.893468333,MSP,07,16,03,No,3,,03:45,2025,Tuesday,12,Motor Vehicle In Transport,05,On Roadway,1,,,,,,06,Non-Junction,03,Dark - Lighted,1/14/2025,2025-01-14,E,32.49,F,N,,,654FD9AFDAECA5CEBB984B5D4ADEB3E6886D264AD8051D8A68C3DA0A9267D4A4,IS,01,No,,,,,01,Dry,,,,,,,,
Property Damage Crashes,MSP744700LT,Maryland State Police,Front to Rear,Prince George's,Major Collector,No,No,No,No,No,LAKE ARBOR WAY,3460,COUNTY ROAD,No,True,No,1/5/2025,No,Point,38.897858327,-76.807584252,MSP,03,16,03,No,14,04,14:05,2025,Sunday,12,Motor Vehicle In Transport,05,On Roadway,5,Perpendicular,,,CENTRAL AVE (WB/L),03,05,Intersection or Related,01,Daylight,1/5/2025,2025-01-05,N,0,F,N,,,573A64CD3B523D321BB2EC10DDF85B7A657D6CE3BF4D1F1C605CBADB86A1F947,CO,01,No,,,,,01,Dry,01,Signalized,,,,,,
Injury Crashes,DA4384002S,Prince George's County Police,Front to Rear,Prince George's,Principal Arterial – Other Freeways and Expressways,No,No,No,No,No,INDIAN HEAD HWY,210,MARYLAND ROUTE,No,True,No,2/14/2025,No,Point,38.717255132,-76.989765847,PGCOPD,03,16,02,No,15,,15:08,2025,Friday,12,Motor Vehicle In Transport,05,On Roadway,2,,,,,,09,Through Roadway,01,Daylight,2/14/2025,2025-02-14,W,23.77,F,N,,,8DB63B3833C8FF4413BD567DBB60A154730132C96CF9A65C812543B2DC7E38F8,MD,01,No,,,,,01,Dry,,,,,,,,
Property Damage Crashes,MSP7871002K,Maryland State Police,Front to Rear,Prince George's,Principal Arterial – Other Freeways and Expressways,No,No,No,No,No,JOHN HANSON HWY (WB/L),50,UNITED STATE ROUTE,No,True,No,3/5/2025,No,Point,38.931813103,-76.895686550,MSP,03,16,03,No,7,,07:08,2025,Wednesday,12,Motor Vehicle In Transport,05,On Roadway,2,,,,,,09,Through Roadway,01,Daylight,3/5/2025,2025-03-05,N,15.06,F,N,,,F6476F5D275A4339B5E1D6270B279B62CC672F65558C0EF4A954A779277CAE19,US,01,No,,,,,01,Dry,,,,,,,,