Crash Severity Description,Reportnumber,Agencyname,CollisionImpact Description,Crash County Description,FunctionalClass Description,ImpairedCrash,Large Vehicle Involved,Motorcycle Crash,Non-Motorist Crash,OffRoad,RoadName,Route Number,RouteType Description,Unrestrained Occupants,WithinDateRange,Work Zone Related,Crashdate,Work Zone Crash,CrashPoint,Latitude,Longitude,AgencyCode,CollisionImpact,Crash County,Crash Severity,Crash Within Interchange,Crashhour,CrashInterchangeApproaches,Crashtime,CrashYear,Dayofweek,FirstHarmEvent,FirstHarmEvent Description,FirstHarmLocation,FirstHarmLocation Description,FunctionalClass,Geometry Description,GovPropertyDamage,GovPropertyDamage Description,IntersectingRoadName,Intersection Geometry,JunctionRelated,JunctionRelated Description,Light,Light Description,LOD Crash Date,LOD Date Level,MilepointDirection,MilepointDistance,MilepointUnits,NonTrafficFatal,OffroadLocation,OffroadLocation Description,RoadID,RouteType,SchoolBusRelated,SchoolBusRelated Description,SecondHarmEvent,SecondHarmEvent Description,SecondHarmLocation,SecondHarmLocation Description,Surface,Surface Description,TrafficControl,Trafficcontrol Description,WZLawEnforcementPresent,WZLocation,WZLocation Description,WZType,WZType Description,WZWorkersPresent
Property Damage Crashes,DA4421001V,Prince George's County Police,Front to Rear,Prince George's,Principal Arterial – Other,No,No,No,No,No,CRAIN HWY (SB/L),301,UNITED STATE ROUTE,No,True,No,4/22/2025,No,Point,38.761461253,-76.807610343,PGCOPD,03,16,03,No,5,,05:00,2025,Tuesday,12,Motor Vehicle In Transport,05,On Roadway,3,,,,,,09,Through Roadway,04,Dark - Not Lighted,4/22/2025,2025-04-22,N,3.61,F,N,,,5D27EE3B99D6BE73CBD2AADD6E15E507531EB7307230FBC2A1E98204B4465FEA,US,01,No,,,,,01,Dry,,,,,,,,
Injury Crashes,DA35460098,Prince George's County Police,Single Vehicle,Prince George's,Major Collector,No,No,No,No,No,BRANDYWINE RD,381,MARYLAND ROUTE,No,True,No,4/25/2025,No,Point,38.568228926,-76.725655178,PGCOPD,101,16,02,No,6,,06:42,2025,Friday,40,Tree (standing),06,"On Shoulder, Left Side",5,,,,,,06,Non-Junction,01,Daylight,4/25/2025,2025-04-25,S,40.88,F,N,,,DF51302ACABDFD657EEAAA812B38BFDFB75082029927C8B023F0675C22942B60,MD,01,No,,,,,01,Dry,,,,,,,,
Property Damage Crashes,AL1457000B,Berwyn Heights Police Department,Angle,Prince George's,Local,No,No,No,No,No,SEMINOLE ST,150,MUNICIPAL ROAD,No,True,No,1/31/2025,No,Point,38.995418724,-76.914551635,BERWYNHEIGHTS,01,16,03,No,19,,19:20,2025,Friday,12,Motor Vehicle In Transport,05,On Roadway,7,,,,,,06,Non-Junction,03,Dark - Lighted,1/31/2025,2025-01-31,E,87.13,F,N,,,CD3CC895F51418BE4F1D7A53EA33D2E37FD97CFFF2972AE7CB825D215C9838FE,MU,01,No,,,,,09,Wet,,,,,,,,
Property Damage Crashes,DA4296003L,Prince George's County Police,"Sideswipe, Opposite Direction",Prince George's,Local,No,No,No,No,No,HIL MAR DR,2668,COUNTY ROAD,No,True,No,1/22/2025,No,Point,38.844892070,-76.904504218,PGCOPD,06,16,03,No,23,,23:49,2025,Wednesday,12,Motor Vehicle In Transport,05,On Roadway,7,,,,,,09,Through Roadway,03,Dark - Lighted,1/22/2025,2025-01-22,W,29.95,F,N,,,6DE73A0B5F9631663FF0415DD42A874E82D81A8F800D3F9FC14A8F72DB8EA281,CO,01,No,,,,,02,Ice/Frost,,,,,,,,
Property Damage Crashes,DA4424000V,Prince George's County Police,Front to Rear,Prince George's,Principal Arterial – Other,No,No,No,No,No,SILVER HILL RD (SB/L),458,MARYLAND ROUTE,No,True,No,4/5/2025,No,Point,38.856704565,-76.904870178,PGCOPD,03,16,03,No,18,,18:36,2025,Saturday,12,Motor Vehicle In Transport,05,On Roadway,3,,,,,,09,Through Roadway,01,Daylight,4/5/2025,2025-04-05,S,27.15,F,N,,,D6904047B04B94246100C83CA606B94FB6B786E3292FD3307D8CDCDE39E42C70,MD,01,No,,,,,01,Dry,,,,,,,,
Property Damage Crashes,DA4380002Z,Prince George's County Police,Front to Rear,Prince George's,Principal Arterial – Other Freeways and Expressways,No,No,No,No,No,INDIAN HEAD HWY,210,MARYLAND ROUTE,No,True,No,3/6/2025,No,Point,38.748938093,-76.992326653,PGCOPD,03,16,03,No,6,,06:33,2025,Thursday,12,Motor Vehicle In Transport,05,On Roadway,2,,,,,,01,Acceleration/Deceleration Lane,01,Daylight,3/6/2025,2025-03-06,S,41.09,F,N,,,153D6BB1DB289C1B3CF1B18C4D21646C408D3F82D3F389DA0F536F46F7D766AE,MD,01,No,,,,,01,Dry,,,,,,,,
Property Damage Crashes,MSP78430021,Maryland State Police,Front to Rear,Prince George's,Interstate,No,No,No,No,No,CAPITAL BELTWAY (SB/L),95,INTERSTATE ROUTE,No,True,No,3/27/2025,No,Point,39.003936806,-76.896370453,MSP,03,16,03,No,16,,16:40,2025,Thursday,12,Motor Vehicle In Transport,05,On Roadway,1,,,,,,06,Non-Junction,01,Daylight,3/27/2025,2025-03-27,E,10.08,F,N,,,5461BD06AA192570995DB77AD098A3D9D4DC05388E0B1DE5B3F9AF04337D364B,IS,01,No,,,,,01,Dry,,,,,,,,
Property Damage Crashes,BW0191002B,Greenbelt Police Department,Front to Rear,Prince George's,Local,No,No,No,No,No,SPRINGHILL LA,490,MUNICIPAL ROAD,No,True,No,5/25/2025,No,Point,39.004503955,-76.902515059,GREENBELT,03,16,03,No,21,,21:00,2025,Sunday,12,Motor Vehicle In Transport,05,On Roadway,7,,,,,,06,Non-Junction,03,Dark - Lighted,5/25/2025,2025-05-25,N,4.75,F,N,,,D853EC05B180392325FCEEFD9775BB7862C418E1D5A79DC03BA4C62B56FADAA5,MU,01,No,,,,,01,Dry,,,,,,,,
Property Damage Crashes,DA4257004Y,Prince George's County Police,Rear To Side,Prince George's,Major Collector,No,Yes,No,No,No,KONTERRA DR,206,MARYLAND ROUTE,No,True,No,4/15/2025,No,Point,39.071937715,-76.887279927,PGCOPD,05,16,03,No,6,,06:05,2025,Tuesday,12,Motor Vehicle In Transport,05,On Roadway,5,,,,,,03,Driveway Access or Related,03,Dark - Lighted,4/15/2025,2025-04-15,S,38.53,F,N,,,65F84A7960390DDF91EF98C7E4700D19B2F4E2C9CE8CE4AFDA4162732013C7C2,MD,01,No,,,,,09,Wet,,,,,,,,
Property Damage Crashes,DA309400C7,Prince George's County Police,Other,Prince George's,,No,No,No,No,No,,2204,PRIVATE ROAD,No,True,No,5/19/2025,No,Point,38.988138416,-76.855668560,PGCOPD,98,16,03,No,7,,07:50,2025,Monday,15,Parked Vehicle,05,On Roadway,,,,,,,06,Non-Junction,01,Daylight,5/19/2025,2025-05-19,N,17.99,F,N,,,C250493010064B933B8DCE6371CE9E15A555CBCEB778D6C893F9111F8FEB1A7C,PV,01,No,,,,,01,Dry,,,,,,,,
Property Damage Crashes,DA43560036,Prince George's County Police,"Sideswipe, Same Direction",Prince George's,Principal Arterial – Other,No,No,No,No,No,SILVER HILL RD (SB/L),458,MARYLAND ROUTE,No,True,No,3/24/2025,No,Point,38.848738764,-76.924847461,PGCOPD,07,16,03,No,5,,05:20,2025,Monday,12,Motor Vehicle In Transport,05,On Roadway,3,,,,,,06,Non-Junction,03,Dark - Lighted,3/24/2025,2025-03-24,S,11.64,F,N,,,55E7FE34B9B0826EC3A5F2B7D481FE9082C090C80516F8ECE58AD414F1776879,MD,01,No,,,,,09,Wet,,,,,,,,
Injury Crashes,DA333600GX,Prince George's County Police,Other,Prince George's,Major Collector,No,No,No,No,No,DOWER HOUSE RD,92,COUNTY ROAD,No,True,No,5/15/2025,No,Point,38.820495686,-76.849080350,PGCOPD,98,16,02,No,17,,17:18,2025,Thursday,12,Motor Vehicle In Transport,99,Unknown,5,,,,,,03,Driveway Access or Related,01,Daylight,5/15/2025,2025-05-15,S,59.56,F,N,,,26749F1D985C03D6C616C92221E31F32DE9E710EFA7C3101CC621467A88148E0,CO,01,No,,,,,01,Dry,,,,,,,,
Injury Crashes,DA4092003Z,Prince George's County Police,Other,Prince George's,Principal Arterial – Other Freeways and Expressways,No,No,No,No,No,INDIAN HEAD HWY,210,MARYLAND ROUTE,No,True,No,6/1/2025,No,Point,38.779862695,-76.997125643,PGCOPD,98,16,02,No,20,,20:30,2025,Sunday,12,Motor Vehicle In Transport,05,On Roadway,2,,,,,,09,Through Roadway,101,Dusk,6/1/2025,2025-06-01,W,24.61,F,N,,,F415A02FD48A050CEF63F76387C935B725CFB2A0ABE9CFFC620DFC43C2CF392F,MD,01,No,97,Not Applicable,,,01,Dry,,,,,,,,
Property Damage Crashes,MSP732800KS,Maryland State Police,"Sideswipe, Same Direction",Prince George's,Principal Arterial – Other Freeways and Expressways,No,No,No,No,No,JOHN HANSON HWY (WB/L),50,UNITED STATE ROUTE,No,True,No,3/18/2025,No,Point,38.944907045,-76.866611827,MSP,07,16,03,No,8,,08:52,2025,Tuesday,12,Motor Vehicle In Transport,05,On Roadway,2,,102,Federal,,,06,Non-Junction,01,Daylight,3/18/2025,2025-03-18,E,26.65,F,N,,,1690EDD208EF3129ED4B10AE847F1F926234F85AF3DD9BBC5ED21CF14306E6C6,US,01,No,,,,,01,Dry,,,,,,,,
Injury Crashes,DA43720017,Prince George's County Police,Angle,Prince George's,,No,No,No,No,No,,123,COUNTY ROAD,No,True,No,1/28/2025,No,Point,38.798177013,-76.927410034,PGCOPD,01,16,02,No,8,,08:38,2025,Tuesday,12,Motor Vehicle In Transport,05,On Roadway,,,,,,,06,Non-Junction,01,Daylight,1/28/2025,2025-01-28,N,24.57,F,N,,,351E30C8C78875C225B488438BC1629E02DA64B83428315AA1BD445CBA05757B,CO,01,No,,,,,01,Dry,,,,,,,,
Injury Crashes,DA4252005Y,Prince George's County Police,Single Vehicle,Prince George's,Minor Arterial,No,No,No,No,No,GARRETT A MORGAN BLVD,5730,COUNTY ROAD,No,True,No,4/4/2025,No,Point,38.891371259,-76.863685003,PGCOPD,101,16,02,No,17,,17:05,2025,Friday,27,Curb,03,Median,4,,,,,,06,Non-Junction,01,Daylight,4/4/2025,2025-04-04,W,7.82,F,N,,,C07341CFD44633FA9470404AAAF8862D1D683ABBF165B75DD127503BAFCC4527,CO,01,No,,,,,01,Dry,,,,,,,,
Property Damage Crashes,DA44010012,Prince George's County Police,Rear To Side,Prince George's,,No,No,No,No,Yes,,,,No,True,No,4/13/2025,No,Point,38.833303728,-76.865668054,PGCOPD,05,16,03,,12,,12:39,2025,Sunday,15,Parked Vehicle,02,In Parking Lane Or Zone,,,,,,,,,01,Daylight,4/13/2025,2025-04-13,,,F,N,102,Parking Lot Way,,,01,No,,,,,,,,,,,,,,
Property Damage Crashes,DA4388001K,Prince George's County Police,Front to Front,Prince George's,Local,No,No,No,No,No,ALLENDALE DR,1479,COUNTY ROAD,Yes,True,No,4/3/2025,No,Point,38.914291823,-76.870377009,PGCOPD,02,16,03,No,17,,17:30,2025,Thursday,12,Motor Vehicle In Transport,05,On Roadway,7,,,,,,06,Non-Junction,01,Daylight,4/3/2025,2025-04-03,W,14.16,F,N,,,58C24172A68F301D411CEDFF63F0A23EEDE5B656B3D23ECD5616B642778FC5DC,CO,01,No,,,,,01,Dry,,,,,,,,
Property Damage Crashes,DA3564006G,Prince George's County Police,Front to Front,Prince George's,,No,No,No,No,Yes,,,,No,True,No,4/30/2025,No,Point,38.803520894,-76.949296769,PGCOPD,02,16,03,,15,,15:00,2025,Wednesday,12,Motor Vehicle In Transport,02,In Parking Lane Or Zone,,,,,,,,,01,Daylight,4/30/2025,2025-04-30,,,F,N,102,Parking Lot Way,,,01,No,,,,,,,,,,,,,,
Property Damage Crashes,AM0362004Y,Bladensburg Police Department,"Sideswipe, Same Direction",Prince George's,Local,No,No,No,No,No,54TH ST,542,MUNICIPAL ROAD,No,True,No,2/2/2025,No,Point,38.940368437,-76.926951238,BLADENSBURG,07,16,03,No,5,,05:00,2025,Sunday,15,Parked Vehicle,05,On Roadway,7,,,,,,06,Non-Junction,04,Dark - Not Lighted,2/2/2025,2025-02-02,N,27.95,F,N,,,8ECB4984E3A540659672DB7EC6C117748A028F6881662605F690468E27249053,MU,01,No,,,,,01,Dry,,,,,,,,
Property Damage Crashes,DA43920013,Prince George's County Police,"Sideswipe, Same Direction",Prince George's,Local,No,No,No,No,No,KENNEBEC ST,662,COUNTY ROAD,Yes,True,No,2/11/2025,No,Point,38.819819716,-76.989721394,PGCOPD,07,16,03,No,18,,18:15,2025,Tuesday,12,Motor Vehicle In Transport,05,On Roadway,7,,,,,,09,Through Roadway,03,Dark - Lighted,2/11/2025,2025-02-11,W,21.38,F,N,,,5C91C27658BDB050E539758426930C4DE6FA522E0420230215F52D5D29D91044,CO,01,No,,,,,07,Snow,,,,,,,,
Property Damage Crashes,DA3047008H,Prince George's County Police,"Sideswipe, Opposite Direction",Prince George's,Major Collector,No,No,No,No,No,FORT WASHINGTON RD,416,COUNTY ROAD,No,True,No,6/2/2025,No,Point,38.742366364,-76.998544058,PGCOPD,06,16,03,No,9,,09:30,2025,Monday,12,Motor Vehicle In Transport,05,On Roadway,5,,,,,,06,Non-Junction,01,Daylight,6/2/2025,2025-06-02,N,34.59,F,N,,,B934A5D758EBC5E19DD1231896216545BE0A8A337A84E29F811CCD0C4CAE5518,CO,01,No,,,,,01,Dry,,,,,,,,
Property Damage Crashes,MDTA18130028,Maryland Transportation Authority Police,Single Vehicle,Prince George's,,No,No,No,No,No,,432,BIKE ROUTE,No,True,No,4/9/2025,No,Point,39.073286771,-76.928450931,MDTA,101,16,03,No,15,,15:03,2025,Wednesday,06,Other Non-Collision,99,Unknown,,,,,,,06,Non-Junction,01,Daylight,4/9/2025,2025-04-09,N,52.28,F,N,,,6B5BD1EE55FDA855F4B928A0D2A1E252A684A49E578901C824B7693B33FC55BE,BK,01,No,,,,,01,Dry,,,,,,,,
Property Damage Crashes,DA4283003K,Prince George's County Police,Front to Rear,Prince George's,Principal Arterial – Other Freeways and Expressways,No,No,No,No,No,PENNSYLVANIA AVE,4,MARYLAND ROUTE,No,True,No,2/14/2025,No,Point,38.837196821,-76.860921476,PGCOPD,03,16,03,No,19,,19:30,2025,Friday,12,Motor Vehicle In Transport,05,On Roadway,2,,,,,,09,Through Roadway,03,Dark - Lighted,2/14/2025,2025-02-14,S,55.95,F,N,,,ABE1263BA741F93E3FE992D97A7E04C2706D129F88A75A634882B1B6FE76F700,MD,01,No,,,,,01,Dry,,,,,,,,
Property Damage Crashes,BW0177002M,Greenbelt Police Department,Single Vehicle,Prince George's,Major Collector,No,No,No,No,No,HANOVER PKWY (NB/L),205,MUNICIPAL ROAD,No,True,No,1/16/2025,No,Point,38.983892613,-76.873345633,GREENBELT,101,16,03,No,20,,20:07,2025,Thursday,27,Curb,09,Roadside,5,,,,,,09,Through Roadway,03,Dark - Lighted,1/16/2025,2025-01-16,S,17.6,F,N,,,7D776457D91579913DA6B310DF224F2884240250109B2C86A1965639A9FF733A,MU,01,No,97,Not Applicable,,,09,Wet,,,,,,,,
Property Damage Crashes,CNC31740054,New Carrollton Police Department,Single Vehicle,Prince George's,Local,No,No,No,No,No,,433,MARYLAND ROUTE,No,True,No,5/25/2025,No,Point,38.956107610,-76.868323686,NCPD,101,16,03,No,4,,04:15,2025,Sunday,27,Curb,09,Roadside,7,,,,,,99,Unknown,03,Dark - Lighted,5/25/2025,2025-05-25,S,21.7,F,N,,,AC5DBECE6A2542F98276F2EC942BE6624B1DB1BCF75BD1CA5C1796E1F96C992E,MD,01,No,35,"Other Fixed Object (wall, building, tunnel, etc.)",04,"Off-Roadway, Location Unknown",01,Dry,,,,,,,,
Property Damage Crashes,MSP617100NX,Maryland State Police,"Sideswipe, Same Direction",Prince George's,Principal Arterial – Other Freeways and Expressways,No,Yes,No,No,No,JOHN HANSON HWY (WB/L),50,UNITED STATE ROUTE,No,True,No,4/30/2025,No,Point,38.925494957,-76.902708775,MSP,07,16,03,No,8,,08:33,2025,Wednesday,12,Motor Vehicle In Transport,05,On Roadway,2,,,,,,06,Non-Junction,01,Daylight,4/30/2025,2025-04-30,E,55.19,F,N,,,500FB13D2994D8DF4297BAB418CA03AC43602E13790D515B67955334778F794A,US,01,No,,,,,01,Dry,,,,,,,,
Property Damage Crashes,DA4431000Q,Prince George's County Police,Front to Rear,Prince George's,Local,No,No,No,No,No,15TH PL,4158,COUNTY ROAD,No,True,No,3/5/2025,No,Point,38.992735260,-76.979475919,PGCOPD,03,16,03,No,19,,19:45,2025,Wednesday,12,Motor Vehicle In Transport,05,On Roadway,7,,,,,,06,Non-Junction,03,Dark - Lighted,3/5/2025,2025-03-05,S,26.16,F,N,,,B364F74176351A6468900A34D2D20D81E3508D61F959BF3A9E589CBB4EB834B9,CO,01,No,,,,,09,Wet,,,,,,,,
Property Damage Crashes,DA4361001L,Prince George's County Police,Angle,Prince George's,Local,No,No,No,No,No,BIRCHWOOD DR,1439,COUNTY ROAD,No,True,No,2/7/2025,No,Point,38.809029384,-76.990149816,PGCOPD,01,16,03,No,18,,18:49,2025,Friday,12,Motor Vehicle In Transport,09,Roadside,7,,,,,,03,Driveway Access or Related,04,Dark - Not Lighted,2/7/2025,2025-02-07,E,32.84,F,N,,,3F0C73D27D7A3E3A24C2CF87300743B2378D3601B9D73BEC3D7ECD0130370B28,CO,01,No,,,,,01,Dry,,,,,,,,
Property Damage Crashes,MSP647600G9,Maryland State Police,Front to Rear,Prince George's,Principal Arterial – Other,No,No,No,No,No,CRAIN HWY,301,UNITED STATE ROUTE,Yes,True,No,1/3/2025,No,Point,38.7779,-76.799148333,MSP,03,16,03,No,0,,00:40,2025,Friday,12,Motor Vehicle In Transport,05,On Roadway,3,,100,Local,,,09,Through Roadway,04,Dark - Not Lighted,1/3/2025,2025-01-03,W,19.22,F,N,,,AC2CF3883627A7E3B94C3A535433CFBDA716A40213A0EDBA8D952A79CED3CC9B,US,01,No,41,Utility Pole/Light Support,01,Gore,01,Dry,,,,,,,,
Property Damage Crashes,DA338900BH,Prince George's County Police,Other,Prince George's,Principal Arterial – Other Freeways and Expressways,No,No,No,No,No,BRANCH AVE,5,MARYLAND ROUTE,No,True,No,1/10/2025,No,Point,38.789371948,-76.897450873,PGCOPD,98,16,03,No,5,,05:46,2025,Friday,12,Motor Vehicle In Transport,05,On Roadway,2,,,,,,09,Through Roadway,04,Dark - Not Lighted,1/10/2025,2025-01-10,E,34.5,F,N,,,EE273DD32C7DF7E40C7A35D94361388E5F597FB80D71738207294587A57958D9,MD,01,No,,,,,01,Dry,,,,,,,,
Property Damage Crashes,DA41300083,Prince George's County Police,Angle,Prince George's,Minor Arterial,No,No,No,No,No,BRANDYWINE RD,599,COUNTY ROAD,No,True,No,4/23/2025,No,Point,38.760399359,-76.895840364,PGCOPD,01,16,03,Yes,18,,18:04,2025,Wednesday,12,Motor Vehicle In Transport,05,On Roadway,4,,,,CLINTON MANOR DR,,01,Acceleration/Deceleration Lane,01,Daylight,4/23/2025,2025-04-23,W,18.78,F,N,,,0034F2B067C9B50EB30ED5BD2767A87C4EFF2A0E00A053583C17E14992BCAE8B,CO,01,No,,,,,01,Dry,,,,,,,,
Injury Crashes,BP1137001H,Forest Heights Police Department,Front to Rear,Prince George's,Major Collector,Yes,No,No,No,No,OXON HILL RD,414,MARYLAND ROUTE,No,True,No,3/22/2025,No,Point,38.801672982,-77.000438438,FORESTHEIGHTS,03,16,02,No,16,,16:30,2025,Saturday,12,Motor Vehicle In Transport,99,Unknown,5,,,,,,09,Through Roadway,01,Daylight,3/22/2025,2025-03-22,S,53.03,F,N,,,64EC33A5E38BA36CB96DD22C150683E6F1EF58CBF2210B2046830AEFB89DC18E,MD,01,No,,,,,01,Dry,,,,,,,,
Property Damage Crashes,DA3795006R,Prince George's County Police,Angle,Prince George's,Principal Arterial – Other,No,No,No,No,No,OXON HILL RD (WB/L),414,MARYLAND ROUTE,No,True,No,2/26/2025,No,Point,38.804332004,-76.982091214,PGCOPD,01,16,03,Yes,18,04,18:44,2025,Wednesday,12,Motor Vehicle In Transport,05,On Roadway,3,Perpendicular,,,RIVERTOWN MALL W ENT,03,05,Intersection or Related,03,Dark - Lighted,2/26/2025,2025-02-26,S,0,F,N,,,0B4B2F737B75D17F8D945ED3924AA554EA90C6A276886FE08E955200B808D893,MD,01,No,97,Not Applicable,,,01,Dry,01,Signalized,,,,,,
Property Damage Crashes,RD01330018,Riverdale Park Police Department,"Sideswipe, Same Direction",Prince George's,Principal Arterial – Other,No,No,No,No,No,KENILWORTH AVE (SB/L),201,MARYLAND ROUTE,No,True,No,3/14/2025,No,Point,38.954969408,-76.923282128,RIVERDALE,07,16,03,No,19,,19:41,2025,Friday,12,Motor Vehicle In Transport,05,On Roadway,3,,,,,,09,Through Roadway,04,Dark - Not Lighted,3/14/2025,2025-03-14,S,12.93,F,N,,,D0071D4C27A4245009E2887B8BE1CF1BA4B08A79A398C423DEB2DE30ADC51EDB,MD,01,No,,,,,01,Dry,,,,,,,,
Property Damage Crashes,BW0217000K,Greenbelt Police Department,Angle,Prince George's,Local,No,No,No,No,No,62ND AVE,620,MUNICIPAL ROAD,No,True,No,1/31/2025,No,Point,38.997170057,-76.907042996,GREENBELT,01,16,03,Yes,15,05,15:52,2025,Friday,12,Motor Vehicle In Transport,05,On Roadway,7,Perpendicular,,,GREENBELT RD (WB/L),03,05,Intersection or Related,01,Daylight,1/31/2025,2025-01-31,W,0,F,N,,,AD8F77DF943904C6840C66168D791F375547708BEDAE70C6843236D911A91E86,MU,01,No,,,,,09,Wet,02,Stop - All Way,,,,,,
Property Damage Crashes,DA43150026,Prince George's County Police,Front to Front,Prince George's,Local,No,No,No,No,No,KEOKEE ST,869,COUNTY ROAD,No,True,No,5/10/2025,No,Point,38.988630261,-76.978230534,PGCOPD,02,16,03,No,5,,05:05,2025,Saturday,12,Motor Vehicle In Transport,02,In Parking Lane Or Zone,7,,,,,,01,Acceleration/Deceleration Lane,03,Dark - Lighted,5/10/2025,2025-05-10,N,41.53,F,N,,,B10D2683866BB4157DB82A241833E79E8FAB9FEABDAAE83B7DD1464A0A5AA05C,CO,01,No,15,Parked Vehicle,02,In Parking Lane Or Zone,01,Dry,,,,,,,,
Property Damage Crashes,DA36620005,Prince George's County Police,Front to Rear,Prince George's,Principal Arterial – Other Freeways and Expressways,No,No,No,No,No,KENILWORTH AVE,201,MARYLAND ROUTE,No,True,No,6/3/2025,No,Point,38.914870907,-76.932382265,PGCOPD,03,16,03,No,13,,13:30,2025,Tuesday,12,Motor Vehicle In Transport,05,On Roadway,2,,,,,,06,Non-Junction,01,Daylight,6/3/2025,2025-06-03,W,35.27,F,N,,,B8E5D3325BD5F344FFAEC0BACA9C09EF1710808334E47E058C7841BC8BB6920B,MD,01,No,,,,,01,Dry,,,,,,,,
Injury Crashes,MSP7770008J,Maryland State Police,Front to Rear,Prince George's,Interstate,No,No,No,No,No,CAPITAL BELTWAY (SB/L),95,INTERSTATE ROUTE,No,True,No,5/27/2025,No,Point,38.809843333,-76.965965,MSP,03,16,02,No,21,,21:20,2025,Tuesday,12,Motor Vehicle In Transport,05,On Roadway,1,,101,State,,,06,Non-Junction,03,Dark - Lighted,5/27/2025,2025-05-27,S,34.28,F,N,,,07565AEC0BCD05E0F11971D25F52B481807208565BDF8689D442AB366A412938,IS,01,No,,,,,09,Wet,,,,,,,,
Property Damage Crashes,DA43180047,Prince George's County Police,Front to Rear,Prince George's,Minor Arterial,No,No,No,No,No,ALLENTOWN RD,337,MARYLAND ROUTE,No,True,No,4/8/2025,No,Point,38.811473881,-76.895703921,PGCOPD,03,16,03,No,6,,06:07,2025,Tuesday,12,Motor Vehicle In Transport,05,On Roadway,4,,,,,,09,Through Roadway,100,Dawn,4/8/2025,2025-04-08,W,15.85,F,N,,,CBF58C17E976902F366CE52A0C43C2AB4B5114D1B384A6D97A2AF2400F2A0056,MD,01,No,,,,,01,Dry,,,,,,,,
Property Damage Crashes,DA42280059,Prince George's County Police,"Sideswipe, Same Direction",Prince George's,Local,No,Yes,No,No,No,FALLS LAKE DR,5822,COUNTY ROAD,No,True,No,3/5/2025,No,Point,38.903964666,-76.830574316,PGCOPD,07,16,03,No,13,,13:50,2025,Wednesday,15,Parked Vehicle,05,On Roadway,7,,,,,,09,Through Roadway,01,Daylight,3/5/2025,2025-03-05,S,2.4,F,N,,,B6AA0508C4D9E58DBBB4FF509790AB95669D65B1AD89EEB0AF96D7BCBC077986,CO,02,"Yes, School Bus Directly Involved",,,,,09,Wet,,,,,,,,
Injury Crashes,MSP7871003W,Maryland State Police,Front to Rear,Prince George's,Interstate,No,No,No,No,No,NO NAME,95,INTERSTATE ROUTE,No,True,No,5/1/2025,No,Point,39.106105695,-76.884662324,MSP,03,16,02,No,16,,16:41,2025,Thursday,12,Motor Vehicle In Transport,05,On Roadway,1,,,,,,09,Through Roadway,01,Daylight,5/1/2025,2025-05-01,W,42.61,F,N,,,FA5F018C8D8FCA6782C58D31C66D09E50A970B63268D203E9D2F421185897E01,IS,01,No,,,,,01,Dry,,,,,,,,
Property Damage Crashes,DA4379001F,Prince George's County Police,"Sideswipe, Opposite Direction",Prince George's,Local,No,No,No,No,No,62ND PL,593,COUNTY ROAD,No,True,No,2/21/2025,No,Point,38.961937040,-76.910671202,PGCOPD,06,16,03,No,3,,03:33,2025,Friday,12,Motor Vehicle In Transport,05,On Roadway,7,,,,,,01,Acceleration/Deceleration Lane,03,Dark - Lighted,2/21/2025,2025-02-21,S,19.15,F,N,,,FCE03FA06FED05A4977367509E90FB6B48A50A18C696179E24165A1CC1A7FEF9,CO,01,No,,,,,01,Dry,,,,,,,,
Property Damage Crashes,DA4399001B,Prince George's County Police,Front to Rear,Prince George's,Minor Arterial,No,No,No,No,No,RIGGS RD (SB/L),212,MARYLAND ROUTE,No,True,No,5/4/2025,No,Point,38.967545222,-76.986883383,PGCOPD,03,16,03,No,10,,10:00,2025,Sunday,12,Motor Vehicle In Transport,04,"Off-Roadway, Location Unknown",4,,,,,,06,Non-Junction,01,Daylight,5/4/2025,2025-05-04,E,21.55,F,N,,,A7F1CE529263AD44B4FE7BB8C85AB17BB7EAED7A74A2F00F46A3B62EB8F1CF9A,MD,01,No,,,,,09,Wet,,,,,,,,
Property Damage Crashes,CE4850008M,Laurel Police Department,Other,Prince George's,Minor Arterial,No,No,No,No,No,SEVENTH ST (SB/L),216,MARYLAND ROUTE,No,True,No,4/9/2025,No,Point,39.102830818,-76.855889209,LAUREL,98,16,03,No,12,03,12:45,2025,Wednesday,12,Motor Vehicle In Transport,05,On Roadway,4,Perpendicular,,,TALBOTT AVE (WB/L),03,05,Intersection or Related,01,Daylight,4/9/2025,2025-04-09,N,0,F,N,,,75D679BA31A26E441D9136ECCA87213D7F29C1FB73BF186F289FB1E11C6DF231,MD,01,No,,,,,01,Dry,01,Signalized,,,,,,
Property Damage Crashes,DJ0177002M,Seat Pleasant Police Department,Front to Rear,Prince George's,Major Collector,No,No,No,No,No,ADDISON RD,351,COUNTY ROAD,No,True,No,1/10/2025,No,Point,38.896839680,-76.908811665,SEATPLEASANT,03,16,03,No,14,,14:30,2025,Friday,12,Motor Vehicle In Transport,05,On Roadway,5,,,,G ST,,06,Non-Junction,01,Daylight,1/10/2025,2025-01-10,E,8.33,F,N,,,694BAB75A2050580B88AD95A17F9116023759CE571EF77D5C731BC2520D97194,CO,01,No,,,,,01,Dry,,,,,,,,