Crash Severity Description,Reportnumber,Agencyname,CollisionImpact Description,Crash County Description,FunctionalClass Description,ImpairedCrash,Large Vehicle Involved,Motorcycle Crash,Non-Motorist Crash,OffRoad,RoadName,Route Number,RouteType Description,Unrestrained Occupants,WithinDateRange,Work Zone Related,Crashdate,Work Zone Crash,CrashPoint,Latitude,Longitude,AgencyCode,CollisionImpact,Crash County,Crash Severity,Crash Within Interchange,Crashhour,CrashInterchangeApproaches,Crashtime,CrashYear,Dayofweek,FirstHarmEvent,FirstHarmEvent Description,FirstHarmLocation,FirstHarmLocation Description,FunctionalClass,Geometry Description,GovPropertyDamage,GovPropertyDamage Description,IntersectingRoadName,Intersection Geometry,JunctionRelated,JunctionRelated Description,Light,Light Description,LOD Crash Date,LOD Date Level,MilepointDirection,MilepointDistance,MilepointUnits,NonTrafficFatal,OffroadLocation,OffroadLocation Description,RoadID,RouteType,SchoolBusRelated,SchoolBusRelated Description,SecondHarmEvent,SecondHarmEvent Description,SecondHarmLocation,SecondHarmLocation Description,Surface,Surface Description,TrafficControl,Trafficcontrol Description,WZLawEnforcementPresent,WZLocation,WZLocation Description,WZType,WZType Description,WZWorkersPresent
Property Damage Crashes,DA4358002G,Prince George's County Police,Angle,Prince George's,Principal Arterial – Other,No,No,No,No,No,BRANCH AVE,5,MARYLAND ROUTE,No,True,No,1/24/2025,No,Point,38.842675027,-76.948803715,PGCOPD,01,16,03,No,15,,15:30,2025,Friday,12,Motor Vehicle In Transport,05,On Roadway,3,,,,,,06,Non-Junction,01,Daylight,1/24/2025,2025-01-24,N,55.67,F,N,,,16F047EE641EA39B945886EF8FCC74A716418E9B9B5EAF01880FCCD3112CE33F,MD,01,No,,,,,01,Dry,,,,,,,,
Property Damage Crashes,DA43900016,Prince George's County Police,Angle,Prince George's,Principal Arterial – Other,No,No,No,No,No,PENNSYLVANIA AVE (SB/L),4,MARYLAND ROUTE,No,True,No,2/8/2025,No,Point,38.850236734,-76.905433402,PGCOPD,01,16,03,Yes,20,,20:17,2025,Saturday,12,Motor Vehicle In Transport,05,On Roadway,3,,,,PARKLAND DR,,09,Through Roadway,03,Dark - Lighted,2/8/2025,2025-02-08,N,8.68,F,N,,,8FC85B09BE8EED94D70AF6323E6724C8DBF8B5B2B820A3441F34B472C22F9621,MD,01,No,,,,,09,Wet,,,,,,,,
Property Damage Crashes,DA391000C1,Prince George's County Police,Front to Rear,Prince George's,Principal Arterial – Other,No,No,No,No,No,NEW HAMPSHIRE AVE,650,MARYLAND ROUTE,No,True,No,5/30/2025,No,Point,38.991948542,-76.987069343,PGCOPD,03,16,03,No,12,,12:15,2025,Friday,12,Motor Vehicle In Transport,05,On Roadway,3,,,,,,09,Through Roadway,01,Daylight,5/30/2025,2025-05-30,S,41.73,F,N,,,05D41D8354FAA314DE6096ED21F51A52D77C43EE3E2A5929B937654546274022,MD,01,No,,,,,01,Dry,,,,,,,,
Property Damage Crashes,DJ0156001L,Seat Pleasant Police Department,Angle,Prince George's,Principal Arterial – Other,No,No,No,No,No,ADDISON RD,366,COUNTY ROAD,No,True,No,3/27/2025,No,Point,38.886782197,-76.898104972,SEATPLEASANT,01,16,03,No,9,04,09:51,2025,Thursday,12,Motor Vehicle In Transport,05,On Roadway,3,Perpendicular,,,E CAPITOL ST,03,05,Intersection or Related,01,Daylight,3/27/2025,2025-03-27,S,0,F,N,,,5BC02073B9A7041560F04DB1B7B704E7B6D9518E9DBBEB5BBAC47A3F942233FB,CO,01,No,12,Motor Vehicle In Transport,05,On Roadway,01,Dry,01,Signalized,,,,,,
Property Damage Crashes,AM0339005S,Bladensburg Police Department,Front to Rear,Prince George's,Local,No,No,Yes,No,No,46TH ST,5417,OTHER PUBLIC ROAD,No,True,No,3/23/2025,No,Point,38.939164673,-76.939635694,BLADENSBURG,03,16,03,No,23,,23:12,2025,Sunday,12,Motor Vehicle In Transport,05,On Roadway,7,,100,Local,46TH ST ANNAPOLIS RD,,06,Non-Junction,03,Dark - Lighted,3/23/2025,2025-03-23,E,23.05,F,N,,,9F97FA4F7405F2443D994C49769853696C5E76D47C9B9B022B9ABD71E932E331,OP,01,No,02,Fell Jumped from Motor Vehicle,05,On Roadway,01,Dry,,,,,,,,
Injury Crashes,CBPD0115003R,Bowie Police Department,Other,Prince George's,Principal Arterial – Other,No,No,No,No,No,ANNAPOLIS RD,450,MARYLAND ROUTE,No,True,No,5/12/2025,No,Point,38.977530403,-76.741510424,BOWIE,98,16,02,Yes,7,04,07:20,2025,Monday,12,Motor Vehicle In Transport,05,On Roadway,3,Perpendicular,,,BELAIR DR,03,05,Intersection or Related,01,Daylight,5/12/2025,2025-05-12,S,0,F,N,,,C6B2EB5FB2B9B6C3CA4DF35A39BAB23E1EBC82BDAE6490B43E44ED50D313FE22,MD,01,No,,,,,01,Dry,01,Signalized,,,,,,
Property Damage Crashes,DA4257004L,Prince George's County Police,Rear To Side,Prince George's,Local,No,No,No,No,No,ODELL RD,3359,COUNTY ROAD,No,True,No,2/7/2025,No,Point,39.042784564,-76.908369465,PGCOPD,05,16,03,No,14,,14:14,2025,Friday,12,Motor Vehicle In Transport,05,On Roadway,7,,,,,,06,Non-Junction,01,Daylight,2/7/2025,2025-02-07,W,11.38,F,N,,,3D6836F5E072DB471E45F30351DF17A93C40C4762C03C1F48264F138A356D019,CO,01,No,,,,,01,Dry,,,,,,,,
Property Damage Crashes,DA35990057,Prince George's County Police,Front to Rear,Prince George's,Major Collector,No,No,No,No,No,SUNNYSIDE AVE,20,COUNTY ROAD,No,True,No,3/21/2025,No,Point,39.023093813,-76.901392877,PGCOPD,03,16,03,No,17,,17:05,2025,Friday,12,Motor Vehicle In Transport,05,On Roadway,5,,,,EDMONSTON AVE EDMONSTON AVE (SB/L),,06,Non-Junction,01,Daylight,3/21/2025,2025-03-21,S,12.32,F,N,,,CF9E5158A9F63E6657374FB4E468BED04E6A027DFC162D9EA8A856737D22DF0A,CO,01,No,,,,,01,Dry,,,,,,,,
Property Damage Crashes,DA4252005L,Prince George's County Police,Other,Prince George's,Local,No,Yes,No,No,No,DODGE PARK RD,3290,COUNTY ROAD,No,True,No,1/24/2025,No,Point,38.931354609,-76.879277691,PGCOPD,98,16,03,No,7,,07:52,2025,Friday,15,Parked Vehicle,05,On Roadway,7,,,,,,06,Non-Junction,01,Daylight,1/24/2025,2025-01-24,E,45.78,F,N,,,77D762E9475E51D86BC366EA6DC17FA742DB531A1FC15B8AF8759A1E7707DF58,CO,01,No,,,,,02,Ice/Frost,,,,,,,,
Property Damage Crashes,DA43830033,Prince George's County Police,Unknown,Prince George's,Local,No,No,No,No,No,1ST ST,2654,COUNTY ROAD,No,True,No,3/29/2025,No,Point,38.974930895,-76.855978554,PGCOPD,99,16,03,No,23,,23:59,2025,Saturday,12,Motor Vehicle In Transport,02,In Parking Lane Or Zone,7,,,,,,06,Non-Junction,03,Dark - Lighted,3/29/2025,2025-03-29,W,14,F,N,,,208E51F373EE04F4938A4419D9E69651D9D05B1E56C7A01BEB8C0F25BC1540B0,CO,01,No,,,,,01,Dry,,,,,,,,
Property Damage Crashes,DA27140029,Prince George's County Police,Front to Front,Prince George's,Principal Arterial – Other,No,No,No,No,No,BALTIMORE AVE,1,UNITED STATE ROUTE,No,True,No,4/11/2025,No,Point,39.033678890,-76.909114853,PGCOPD,02,16,03,No,14,,14:35,2025,Friday,12,Motor Vehicle In Transport,02,In Parking Lane Or Zone,3,,,,,,06,Non-Junction,01,Daylight,4/11/2025,2025-04-11,S,40.89,F,N,,,AEC0A222FB308F82D9C2C60ED5D6DA46FD33DA4AA0ED514D842E571324C3AC31,US,01,No,12,Motor Vehicle In Transport,99,Unknown,09,Wet,,,,,,,,
Property Damage Crashes,MSP68590094,Maryland State Police,Single Vehicle,Prince George's,,No,No,No,No,No,,1341,PRIVATE ROAD,No,True,No,5/15/2025,No,Point,38.816193163,-76.890901393,MSP,101,16,03,No,17,,17:53,2025,Thursday,35,"Other Fixed Object (wall, building, tunnel, etc.)",05,On Roadway,,,102,Federal,,,09,Through Roadway,01,Daylight,5/15/2025,2025-05-15,S,16.55,F,N,,,EE9162D5DEC7F8A9E6791382E9BEBCF41AC99175C19EFC771FFD9446E4A3AA92,PV,01,No,,,,,01,Dry,,,,,,,,
Property Damage Crashes,MSP7875004D,Maryland State Police,Single Vehicle,Prince George's,Principal Arterial – Other Freeways and Expressways,Yes,No,No,No,No,BRANCH AVE,5,MARYLAND ROUTE,No,True,No,5/15/2025,No,Point,38.800112629,-76.902283197,MSP,101,16,03,No,1,,01:19,2025,Thursday,32,Guardrail Face,01,Gore,2,,,,,,06,Non-Junction,03,Dark - Lighted,5/15/2025,2025-05-15,W,35.71,F,N,,,08B7518435C50F4F90C7E6DE1F28070A5E885FCDA139D1E377A6B38E9912EE19,MD,01,No,,,,,01,Dry,,,,,,,,
Property Damage Crashes,MSP77650073,Maryland State Police,Front to Rear,Prince George's,Interstate,No,Yes,No,No,No,CAPITAL BELTWAY,95,INTERSTATE ROUTE,No,True,No,3/21/2025,No,Point,38.81516,-76.954201667,MSP,03,16,03,No,0,,00:57,2025,Friday,12,Motor Vehicle In Transport,05,On Roadway,1,,,,,,09,Through Roadway,03,Dark - Lighted,3/21/2025,2025-03-21,N,31.43,F,N,,,7E8B97D6B6F6581073A2B67AD707EBB99B89BCDEEA1BCDCBEB65B545AF40DF2C,IS,01,No,,,,,01,Dry,,,,,,,,
Property Damage Crashes,MSP726800H0,Maryland State Police,Front to Rear,Prince George's,Principal Arterial – Other,No,No,No,No,No,CRAIN HWY,301,UNITED STATE ROUTE,No,True,No,1/22/2025,No,Point,38.90886,-76.717161667,MSP,03,16,03,No,14,,14:13,2025,Wednesday,12,Motor Vehicle In Transport,05,On Roadway,3,,,,,,06,Non-Junction,01,Daylight,1/22/2025,2025-01-22,S,33.65,F,N,,,F1738D0F3BC289A8CDECEB153F5579344EBBAAE1A7FEDE01A8F4E77231907A78,US,01,No,,,,,01,Dry,,,,,,,,
Injury Crashes,DA3315004T,Prince George's County Police,Single Vehicle,Prince George's,Minor Arterial,No,No,No,No,No,POWDER MILL RD,212,MARYLAND ROUTE,No,True,No,4/26/2025,No,Point,39.029124179,-76.958762448,PGCOPD,101,16,02,No,19,03,19:45,2025,Saturday,38,Traffic Sign Support,01,Gore,4,Perpendicular,,,PINEWOOD CT,03,05,Intersection or Related,01,Daylight,4/26/2025,2025-04-26,N,0,F,N,,,93E64C0DC897D60999777140CBA0E4528EB545C1019B90632E1E6D64C5AEB5F8,MD,01,No,,,,,01,Dry,03,Stop - Partial,,,,,,
Property Damage Crashes,DA3419008D,Prince George's County Police,Front to Rear,Prince George's,Principal Arterial – Other,No,No,No,No,No,ANNAPOLIS RD (WB/L),450,MARYLAND ROUTE,No,True,No,2/7/2025,No,Point,38.973002894,-76.780970985,PGCOPD,03,16,03,No,7,,07:48,2025,Friday,12,Motor Vehicle In Transport,05,On Roadway,3,,,,,,06,Non-Junction,01,Daylight,2/7/2025,2025-02-07,W,11.87,F,N,,,EF9CDE75820787972C54D893CCC78B762068CFB00D83166BB3B3D974E66D22B0,MD,01,No,,,,,01,Dry,,,,,,,,
Property Damage Crashes,MSP732800JW,Maryland State Police,Front to Rear,Prince George's,Interstate,Yes,No,No,No,No,CAPITAL BELTWAY,95,INTERSTATE ROUTE,No,True,No,1/11/2025,No,Point,39.011967900,-76.903792413,MSP,03,16,03,No,14,,14:12,2025,Saturday,12,Motor Vehicle In Transport,07,"On Shoulder, Right Side",1,,,,,,06,Non-Junction,01,Daylight,1/11/2025,2025-01-11,S,36.23,F,N,,,EDCEF27B01C762AABE62C703C38E0984E5FE9E8895DEF84308D27571FC9037B7,IS,01,No,,,,,01,Dry,,,,,,,,
Property Damage Crashes,DA3824004B,Prince George's County Police,Front to Rear,Prince George's,,Yes,No,No,No,No,CIPRIANO RD (NB/L),28,COUNTY ROAD,No,True,No,5/1/2025,No,Point,38.990066329,-76.855075169,PGCOPD,03,16,03,No,21,,21:01,2025,Thursday,12,Motor Vehicle In Transport,05,On Roadway,,,,,,,06,Non-Junction,03,Dark - Lighted,5/1/2025,2025-05-01,N,24.16,F,N,,,F5564A47CA4383EAD7CE91740576E9A0E5E9FE795DFA7F1014D6B4A75C6AED1A,CO,01,No,,,,,01,Dry,,,,,,,,
Injury Crashes,DA4291004P,Prince George's County Police,Single Vehicle,Prince George's,Principal Arterial – Other,No,No,No,No,No,,1,UNITED STATE ROUTE,No,True,No,3/5/2025,No,Point,38.974184666,-76.937904637,PGCOPD,101,16,02,No,9,,09:33,2025,Wednesday,30,Fence,08,Outside Road/Right-Of-Way,3,,,,,,01,Acceleration/Deceleration Lane,01,Daylight,3/5/2025,2025-03-05,S,34.3,F,N,,,B7074F8811C5F4C96159F77E9BDA0EB7C02909A53FBBAC5E2637EB4B9B327E16,US,01,No,,,,,01,Dry,,,,,,,,
Property Damage Crashes,MSP78710045,Maryland State Police,Single Vehicle,Prince George's,Interstate,Yes,No,No,No,No,CAPITAL BELTWAY (SB/L),95,INTERSTATE ROUTE,No,True,No,5/19/2025,No,Point,38.993141505,-76.887475177,MSP,101,16,03,No,5,,05:58,2025,Monday,25,Concrete Traffic Barrier,03,Median,1,,,,,,09,Through Roadway,01,Daylight,5/19/2025,2025-05-19,S,12.65,F,N,,,2A5127F75A375AF95B7C0F95ADCCB3252485F3AF1348BE27864E3D1A03CC22C9,IS,01,No,,,,,01,Dry,,,,,,,,
Property Damage Crashes,DA3120005P,Prince George's County Police,Front to Front,Prince George's,Minor Arterial,No,No,No,No,No,BEALLE HILL RD,157,COUNTY ROAD,No,True,No,5/24/2025,No,Point,38.664911750,-76.994432888,PGCOPD,02,16,03,No,17,,17:13,2025,Saturday,12,Motor Vehicle In Transport,05,On Roadway,4,,,,,,09,Through Roadway,01,Daylight,5/24/2025,2025-05-24,E,30.77,F,N,,,BA520D8925AD806C319E6AD71D1EA70DB1A4496994492F06C5342F33DB35A985,CO,01,No,,,,,01,Dry,,,,,,,,
Property Damage Crashes,MSP745800SX,Maryland State Police,Single Vehicle,Prince George's,Interstate,No,No,No,No,No,CAPITAL BELTWAY (SB/L),95,INTERSTATE ROUTE,No,True,No,5/12/2025,No,Point,38.813185,-76.96067,MSP,101,16,03,No,14,,14:04,2025,Monday,32,Guardrail Face,07,"On Shoulder, Right Side",1,,,,,,01,Acceleration/Deceleration Lane,01,Daylight,5/12/2025,2025-05-12,S,43.97,F,N,,,97813F3F82B6F2077B304B7B07EEC834B9988DE0F77CF577C3A4487FBB65D1D0,IS,01,No,,,,,01,Dry,,,,,,,,
Property Damage Crashes,DA4410000Q,Prince George's County Police,Front to Front,Prince George's,Principal Arterial – Other,No,No,No,No,No,EAST WEST HWY (WB/L),410,MARYLAND ROUTE,No,True,No,2/9/2025,No,Point,38.972742590,-76.980467917,PGCOPD,02,16,03,No,18,,18:44,2025,Sunday,12,Motor Vehicle In Transport,05,On Roadway,3,,,,,,06,Non-Junction,03,Dark - Lighted,2/9/2025,2025-02-09,N,5.43,F,N,,,83E0A1B5EB42BEB134139016F29246433170EECDB898D7295C05FD1D7E63217C,MD,01,No,12,Motor Vehicle In Transport,05,On Roadway,01,Dry,,,,,,,,
Injury Crashes,MSP7872002S,Maryland State Police,Single Vehicle,Prince George's,Principal Arterial – Other Freeways and Expressways,No,No,No,No,No,RAMP 8 FR RAMP 5 (FR MD 5) TO MD 223 WB,5,RAMP,No,True,No,3/2/2025,No,Point,38.768858109,-76.885853231,MSP,101,16,02,Yes,0,,00:55,2025,Sunday,32,Guardrail Face,03,Median,2,,101,State,RAMP 5 FR MD 5 SB TO MD 223 EB,,04,Entrance/Exit Ramp or Related,03,Dark - Lighted,3/2/2025,2025-03-02,N,29.98,F,N,,,1616834F7BAE7EF2DA9B891E5EE54032B62EE6DCE476FB0A1024AAA4CECD4CC1,RP,01,No,,,,,01,Dry,,,,,,,,
Injury Crashes,MSP718600KR,Maryland State Police,Unknown,Prince George's,Interstate,No,No,No,No,No,CAPITAL BELTWAY (SB/L),95,INTERSTATE ROUTE,No,True,No,5/6/2025,No,Point,38.813897254,-76.958880220,MSP,99,16,02,No,13,,13:16,2025,Tuesday,32,Guardrail Face,06,"On Shoulder, Left Side",1,,101,State,,,09,Through Roadway,01,Daylight,5/6/2025,2025-05-06,N,21.38,F,N,,,98A605FF53D91B26325CB5B6AECBE20D040CE91496FAF9EE20A2A52E2DE24340,IS,01,No,12,Motor Vehicle In Transport,05,On Roadway,01,Dry,,,,,,,,
Property Damage Crashes,DA419600DB,Prince George's County Police,Single Vehicle,Prince George's,Principal Arterial – Other,No,No,No,No,No,SILVER HILL RD,458,MARYLAND ROUTE,No,True,No,3/16/2025,No,Point,38.842317850,-76.935274905,PGCOPD,101,16,03,No,17,,17:19,2025,Sunday,27,Curb,03,Median,3,,,,,,99,Unknown,01,Daylight,3/16/2025,2025-03-16,S,10.12,F,N,,,E14EA36B054CD253C6FDB5C88C21E6A8733F1CF68057DC9A3C1EB8D68A01997C,MD,01,No,,,,,01,Dry,,,,,,,,
Property Damage Crashes,DA37060054,Prince George's County Police,Angle,Prince George's,Interstate,No,No,No,No,No,RAMP 8 FR MD 704 SB TO IS 595 WB,595,RAMP,No,True,No,2/24/2025,No,Point,38.949116699,-76.840294802,PGCOPD,01,16,03,No,14,04,14:37,2025,Monday,12,Motor Vehicle In Transport,05,On Roadway,1,Perpendicular,,,MARTIN LUTHER KING JR HWY,03,05,Intersection or Related,01,Daylight,2/24/2025,2025-02-24,N,0,F,N,,,E443840A8C317AD25AF8962E31B7868796217D6714CB19B5DEA124C30130C297,RP,01,No,,,,,01,Dry,01,Signalized,,,,,,
Property Damage Crashes,DA3985004Q,Prince George's County Police,"Sideswipe, Opposite Direction",Prince George's,Major Collector,No,No,No,No,No,ROSARYVILLE RD,131,COUNTY ROAD,No,True,No,1/4/2025,No,Point,38.785613356,-76.842705541,PGCOPD,06,16,03,Yes,18,04,18:00,2025,Saturday,12,Motor Vehicle In Transport,05,On Roadway,5,Perpendicular,,,HAISLIP WAY WOODYARD RD (SB/L),03,05,Intersection or Related,04,Dark - Not Lighted,1/4/2025,2025-01-04,W,0,F,N,,,FDB9214528245D8D91F2191CF4B4458EC516C7C7B21890FDB818B2E462C2471D,CO,01,No,,,,,01,Dry,01,Signalized,,,,,,
Property Damage Crashes,DA4363000T,Prince George's County Police,"Sideswipe, Same Direction",Prince George's,Major Collector,No,Yes,No,No,No,HANOVER PKWY,205,MUNICIPAL ROAD,No,True,No,3/21/2025,No,Point,38.980306199,-76.866965789,PGCOPD,07,16,03,No,16,,16:50,2025,Friday,12,Motor Vehicle In Transport,05,On Roadway,5,,,,,,09,Through Roadway,01,Daylight,3/21/2025,2025-03-21,N,10.56,F,N,,,5B00C8B05B3DB66C98330137BC0D728698C3CA1647C19F0B9187DE9C74218456,MU,02,"Yes, School Bus Directly Involved",,,,,01,Dry,,,,,,,,
Property Damage Crashes,DA33760024,Prince George's County Police,"Sideswipe, Opposite Direction",Prince George's,Principal Arterial – Other,No,No,Yes,No,No,NEW HAMPSHIRE AVE (SB/L),650,MARYLAND ROUTE,No,True,No,5/16/2025,No,Point,39.001522015,-76.982237224,PGCOPD,06,16,03,Yes,0,02,00:00,2025,Friday,12,Motor Vehicle In Transport,05,On Roadway,3,Angled/Skewed,,,PINEY BRANCH RD,01,05,Intersection or Related,03,Dark - Lighted,5/16/2025,2025-05-16,S,0,F,N,,,FF7522CD12D4801217453EBBEE437CD98B8DCFC3752642670D01919F4D3FBE3E,MD,01,No,,,,,01,Dry,01,Signalized,,,,,,
Injury Crashes,MSP766400CJ,Maryland State Police,Front to Rear,Prince George's,Principal Arterial – Other,No,No,No,No,No,BRANCH AVE (SB/L),5,MARYLAND ROUTE,No,True,No,5/23/2025,No,Point,38.690986667,-76.872296667,MSP,03,16,02,No,1,,01:54,2025,Friday,12,Motor Vehicle In Transport,05,On Roadway,3,,,,,,09,Through Roadway,04,Dark - Not Lighted,5/23/2025,2025-05-23,N,15.54,F,N,,,143AFB497A349F6A95A071E95AB725DA780714E32E7105A2E372C902B07CD82F,MD,01,No,,,,,01,Dry,,,,,,,,
Property Damage Crashes,MSP647600JY,Maryland State Police,"Sideswipe, Same Direction",Prince George's,Interstate,No,No,No,No,No,CAPITAL BELTWAY (SB/L),95,INTERSTATE ROUTE,No,True,No,5/26/2025,No,Point,38.819067712,-76.930643333,MSP,07,16,03,No,18,,18:23,2025,Monday,12,Motor Vehicle In Transport,05,On Roadway,1,,,,,,09,Through Roadway,01,Daylight,5/26/2025,2025-05-26,S,48.53,F,N,,,0BC27F25A15EA7F96EEBAEF72C36400B24AB6CC20D438160324C2B1E4D928A15,IS,01,No,32,Guardrail Face,07,"On Shoulder, Right Side",01,Dry,,,,,,,,
Injury Crashes,DA4354002Y,Prince George's County Police,Single Vehicle,Prince George's,Major Collector,No,No,No,Yes,No,RIVERDALE RD,302,COUNTY ROAD,No,True,No,1/10/2025,No,Point,38.964318807,-76.897731579,PGCOPD,101,16,02,No,9,,09:17,2025,Friday,17,Pedestrian,05,On Roadway,5,,,,,,09,Through Roadway,01,Daylight,1/10/2025,2025-01-10,N,20.8,F,N,,,AC04109551292C405F778E1976892696C2E2D4CEF5BA65F6A514F409095CDACB,CO,01,No,12,Motor Vehicle In Transport,05,On Roadway,01,Dry,,,,,,,,
Property Damage Crashes,DA31110031,Prince George's County Police,"Sideswipe, Opposite Direction",Prince George's,Local,Yes,No,No,No,No,LEWISDALE DR,1337,COUNTY ROAD,Yes,True,No,5/11/2025,No,Point,38.982844240,-76.971076397,PGCOPD,06,16,03,No,3,,03:27,2025,Sunday,15,Parked Vehicle,05,On Roadway,7,,,,,,06,Non-Junction,03,Dark - Lighted,5/11/2025,2025-05-11,N,106.08,F,N,,,72FE749028D6EB332A48ED9C63234934CECEF3A637A8F6BFEBB53C90D736B332,CO,01,No,97,Not Applicable,,,01,Dry,,,,,,,,
Property Damage Crashes,DA2714001Z,Prince George's County Police,Front to Rear,Prince George's,Principal Arterial – Other,No,No,No,No,No,BALTIMORE AVE,1,UNITED STATE ROUTE,Yes,True,No,3/1/2025,No,Point,39.026762305,-76.919096323,PGCOPD,03,16,03,No,21,,21:09,2025,Saturday,12,Motor Vehicle In Transport,99,Unknown,3,,,,,,99,Unknown,03,Dark - Lighted,3/1/2025,2025-03-01,N,6.09,F,N,,,066259C353076E5575D3D5EA6A303E8B82263227AA9E3D14AA7101FFDBB4A462,US,01,No,,,,,01,Dry,,,,,,,,
Property Damage Crashes,DA27200074,Prince George's County Police,Single Vehicle,Prince George's,,No,Yes,No,No,No,,2422,PRIVATE ROAD,No,True,No,2/19/2025,No,Point,38.790921642,-76.942766031,PGCOPD,101,16,03,No,7,,07:55,2025,Wednesday,13,Other Non-Fixed Object,02,In Parking Lane Or Zone,,,,,,,06,Non-Junction,01,Daylight,2/19/2025,2025-02-19,S,59.26,F,N,,,FA44D4C4B30169BC9D4A6BC81C3E0D2C1453758C76E2540B95221B7D5D44C1CB,PV,02,"Yes, School Bus Directly Involved",,,,,01,Dry,,,,,,,,
Injury Crashes,DA3965008X,Prince George's County Police,Front to Rear,Prince George's,,No,No,No,No,No,,1291,COUNTY ROAD,No,True,No,5/1/2025,No,Point,39.020901360,-76.919280965,PGCOPD,03,16,02,Yes,15,,15:13,2025,Thursday,12,Motor Vehicle In Transport,05,On Roadway,,,,,,,99,Unknown,01,Daylight,5/1/2025,2025-05-01,N,41.02,F,N,,,C0E63640DB89ED7FED48113CF636CC6A876DAB2184E04D5A8CF66F7366B90053,CO,01,No,,,,,01,Dry,,,,,,,,
Injury Crashes,MSP7787006W,Maryland State Police,Front to Rear,Prince George's,Interstate,No,No,No,No,No,CAPITAL BELTWAY (SB/L),95,INTERSTATE ROUTE,No,True,No,5/16/2025,No,Point,39.018061484,-76.924569109,MSP,03,16,02,No,12,,12:48,2025,Friday,12,Motor Vehicle In Transport,05,On Roadway,1,,,,,,06,Non-Junction,01,Daylight,5/16/2025,2025-05-16,W,27.97,F,N,,,BB679CBB8269E5D808C52002DB0F62BCEA5ADEAB94710345962D220B729334A9,IS,01,No,,,,,01,Dry,,,,,,,,
Property Damage Crashes,MSP745800SJ,Maryland State Police,Front to Rear,Prince George's,Principal Arterial – Other Freeways and Expressways,No,No,No,No,No,PENNSYLVANIA AVE,4,MARYLAND ROUTE,No,True,No,4/26/2025,No,Point,38.820906544,-76.848067459,MSP,03,16,03,No,2,,02:38,2025,Saturday,12,Motor Vehicle In Transport,05,On Roadway,2,,,,,,01,Acceleration/Deceleration Lane,03,Dark - Lighted,4/26/2025,2025-04-26,W,26.34,F,N,,,3421C2DA80DD8DA9D032D59A482C0BD9D3B86DE1F006569651A14A8248F44B19,MD,01,No,,,,,09,Wet,,,,,,,,
Property Damage Crashes,AM03680038,Bladensburg Police Department,"Sideswipe, Same Direction",Prince George's,,No,No,No,No,Yes,,,,No,True,No,2/14/2025,No,Point,38.939252396,-76.924150828,BLADENSBURG,07,16,03,,17,,17:00,2025,Friday,15,Parked Vehicle,02,In Parking Lane Or Zone,,,,,,,,,01,Daylight,2/14/2025,2025-02-14,,,F,N,102,Parking Lot Way,,,01,No,,,,,,,,,,,,,,
Injury Crashes,DA4370001W,Prince George's County Police,Single Vehicle,Prince George's,Principal Arterial – Other,No,No,No,No,No,CRAIN HWY (SB/L),301,UNITED STATE ROUTE,Yes,True,No,5/14/2025,No,Point,38.871249272,-76.721486303,PGCOPD,101,16,02,No,10,,10:15,2025,Wednesday,36,"Other Post, Pole, Or Support",05,On Roadway,3,,,,,,06,Non-Junction,01,Daylight,5/14/2025,2025-05-14,N,36.72,F,N,,,B34FD3BF3D749B84831B94E29F17AEC0F1B4447F783042106DC988D6D391FA45,US,01,No,,,,,09,Wet,,,,,,,,
Property Damage Crashes,CNC3179003W,New Carrollton Police Department,Angle,Prince George's,Minor Arterial,No,No,No,No,No,ANNAPOLIS RD,450,MARYLAND ROUTE,No,True,No,4/29/2025,No,Point,38.950034297,-76.886446958,NCPD,01,16,03,Unknown,18,,18:41,2025,Tuesday,12,Motor Vehicle In Transport,05,On Roadway,4,,,,,,99,Unknown,01,Daylight,4/29/2025,2025-04-29,S,17.33,F,N,,,D12130A059ACC504B30D797FF8225FB6AFE917D3EB0A9A3BEACFD5F9C262E0C3,MD,01,No,,,,,01,Dry,,,,,,,,
Property Damage Crashes,DA35970046,Prince George's County Police,Front to Rear,Prince George's,Principal Arterial – Other,No,Yes,No,No,No,CRAIN HWY (SB/L),301,UNITED STATE ROUTE,No,True,No,1/14/2025,No,Point,38.806786741,-76.744185859,PGCOPD,03,16,03,No,16,,16:38,2025,Tuesday,12,Motor Vehicle In Transport,05,On Roadway,3,,,,,,07,Railway Grade Crossing,03,Dark - Lighted,1/14/2025,2025-01-14,S,43.61,F,N,,,1F2A701AC95BDF4871C4452579A4414B3814CB45B8DF8A9CF19033361D88A77B,US,02,"Yes, School Bus Directly Involved",,,,,01,Dry,,,,,,,,
Property Damage Crashes,DA4278006L,Prince George's County Police,Other,Prince George's,Local,No,No,No,No,No,HILLMEADE RD,6520,COUNTY ROAD,No,True,No,1/18/2025,No,Point,38.971681733,-76.785334090,PGCOPD,98,16,03,No,0,04,00:50,2025,Saturday,12,Motor Vehicle In Transport,05,On Roadway,7,Perpendicular,,,ANNAPOLIS RD (WB/L) HILLMEADE RD,03,05,Intersection or Related,03,Dark - Lighted,1/18/2025,2025-01-18,S,0,F,N,,,FA37C9A2A3001210D93EC6F09A74741232F72E6FC661CA75EF996E91AFA19AEB,CO,01,No,,,,,01,Dry,01,Signalized,,,,,,