Crash Severity Description,Reportnumber,Agencyname,CollisionImpact Description,Crash County Description,FunctionalClass Description,ImpairedCrash,Large Vehicle Involved,Motorcycle Crash,Non-Motorist Crash,OffRoad,RoadName,Route Number,RouteType Description,Unrestrained Occupants,WithinDateRange,Work Zone Related,Crashdate,Work Zone Crash,CrashPoint,Latitude,Longitude,AgencyCode,CollisionImpact,Crash County,Crash Severity,Crash Within Interchange,Crashhour,CrashInterchangeApproaches,Crashtime,CrashYear,Dayofweek,FirstHarmEvent,FirstHarmEvent Description,FirstHarmLocation,FirstHarmLocation Description,FunctionalClass,Geometry Description,GovPropertyDamage,GovPropertyDamage Description,IntersectingRoadName,Intersection Geometry,JunctionRelated,JunctionRelated Description,Light,Light Description,LOD Crash Date,LOD Date Level,MilepointDirection,MilepointDistance,MilepointUnits,NonTrafficFatal,OffroadLocation,OffroadLocation Description,RoadID,RouteType,SchoolBusRelated,SchoolBusRelated Description,SecondHarmEvent,SecondHarmEvent Description,SecondHarmLocation,SecondHarmLocation Description,Surface,Surface Description,TrafficControl,Trafficcontrol Description,WZLawEnforcementPresent,WZLocation,WZLocation Description,WZType,WZType Description,WZWorkersPresent
Injury Crashes,DA42740078,Prince George's County Police,Angle,Prince George's,Local,No,No,No,No,No,MANNING RD EAST (NB/L),810,MARYLAND ROUTE,No,True,No,1/16/2025,No,Point,38.659212595,-77.012098905,PGCOPD,01,16,02,Yes,22,04,22:25,2025,Thursday,12,Motor Vehicle In Transport,05,On Roadway,7,Angled/Skewed,,,BERRY RD (WB/L),01,05,Intersection or Related,03,Dark - Lighted,1/16/2025,2025-01-16,S,0,F,N,,,CC3F5848B4B298B5011BB10A93833F589899EDC7F6EFC4C387F617AEE46E8FCE,MD,01,No,,,,,09,Wet,01,Signalized,,,,,,
Property Damage Crashes,DA4354003V,Prince George's County Police,Unknown,Prince George's,Local,No,No,No,No,No,SARVIS AVE,1779,COUNTY ROAD,No,True,No,5/30/2025,No,Point,38.968843743,-76.912774349,PGCOPD,99,16,03,No,16,,16:42,2025,Friday,12,Motor Vehicle In Transport,05,On Roadway,7,,,,,,08,Shared-Use Path or Trail,01,Daylight,5/30/2025,2025-05-30,N,14.47,F,N,,,3A00688D7DC542960B49F3EE85861666EA67921B80C7757381241313526443F1,CO,01,No,12,Motor Vehicle In Transport,05,On Roadway,01,Dry,,,,,,,,
Property Damage Crashes,DA4420000J,Prince George's County Police,Angle,Prince George's,Principal Arterial – Other,No,No,No,No,No,RIVERDALE RD,410,MARYLAND ROUTE,No,True,No,1/24/2025,No,Point,38.960895692,-76.911025076,PGCOPD,01,16,03,No,16,,16:00,2025,Friday,12,Motor Vehicle In Transport,05,On Roadway,3,,,,,,06,Non-Junction,01,Daylight,1/24/2025,2025-01-24,W,23.96,F,N,,,AE67636A68B6FC2910529E93901B076CE27E05536899C0705747C94A394F9B6E,MD,01,No,,,,,01,Dry,,,,,,,,
Property Damage Crashes,DA37150095,Prince George's County Police,Other,Prince George's,Local,No,No,No,No,No,MILL AVE E&W,1866,COUNTY ROAD,No,True,No,5/27/2025,No,Point,38.892901815,-76.885289168,PGCOPD,98,16,03,No,3,,03:29,2025,Tuesday,15,Parked Vehicle,05,On Roadway,7,,,,,,06,Non-Junction,03,Dark - Lighted,5/27/2025,2025-05-27,E,23.09,F,N,,,196DAB85F3050405049D75EE14093CD28479F6F614C9E5DDAF52B54430325B80,CO,01,No,15,Parked Vehicle,05,On Roadway,01,Dry,,,,,,,,
Property Damage Crashes,DA416800CD,Prince George's County Police,Front to Rear,Prince George's,,No,No,No,No,Yes,,,,No,True,No,5/1/2025,No,Point,38.765285135,-76.994823491,PGCOPD,03,16,03,,18,,18:12,2025,Thursday,15,Parked Vehicle,02,In Parking Lane Or Zone,,,,,,,,,01,Daylight,5/1/2025,2025-05-01,,,F,N,102,Parking Lot Way,,,01,No,,,,,,,,,,,,,,
Property Damage Crashes,MSP757700KR,Maryland State Police,Angle,Prince George's,Principal Arterial – Other,No,No,No,No,No,BALTIMORE AVE,1,UNITED STATE ROUTE,No,True,No,5/14/2025,No,Point,39.032260306,-76.911113803,MSP,01,16,03,No,12,,12:24,2025,Wednesday,12,Motor Vehicle In Transport,05,On Roadway,3,,,,,,09,Through Roadway,01,Daylight,5/14/2025,2025-05-14,W,9.22,F,N,,,B9BFB432674EFB8BB9F784338C15EE7E09A79A0CD9B1352DEA375C474AA2A873,US,01,No,97,Not Applicable,,,01,Dry,,,,,,,,
Property Damage Crashes,MSP6931012W,Maryland State Police,"Sideswipe, Same Direction",Prince George's,Interstate,No,No,No,No,No,CAPITAL BELTWAY (SB/L),95,INTERSTATE ROUTE,No,True,No,1/15/2025,No,Point,38.913217443,-76.850648604,MSP,07,16,03,No,18,,18:48,2025,Wednesday,12,Motor Vehicle In Transport,05,On Roadway,1,,,,,,06,Non-Junction,03,Dark - Lighted,1/15/2025,2025-01-15,N,32.69,F,N,,,273BE23C88AB4F742899B5ADD9E1217F603DC583F3E37B2B10E7A72D798D01CF,IS,01,No,,,,,01,Dry,,,,,,,,
Property Damage Crashes,DA4356003J,Prince George's County Police,Front to Rear,Prince George's,Minor Arterial,No,No,No,No,No,FORESTVILLE RD,483,COUNTY ROAD,No,True,No,5/10/2025,No,Point,38.832411922,-76.875928450,PGCOPD,03,16,03,No,20,,20:35,2025,Saturday,12,Motor Vehicle In Transport,05,On Roadway,4,,,,,,06,Non-Junction,04,Dark - Not Lighted,5/10/2025,2025-05-10,N,41.71,F,N,,,AF9913685C9F33668065508761C0BDC65245791D433A1324C7BCB1622F1224D7,CO,01,No,,,,,01,Dry,,,,,,,,
Property Damage Crashes,DA4074007N,Prince George's County Police,Angle,Prince George's,,No,No,No,No,No,,665,PRIVATE ROAD,No,True,No,2/15/2025,No,Point,38.803613148,-76.987526816,PGCOPD,01,16,03,Yes,19,,19:00,2025,Saturday,12,Motor Vehicle In Transport,05,On Roadway,,,,,OXON HILL RD OXON HILL RD (WB/L),,03,Driveway Access or Related,03,Dark - Lighted,2/15/2025,2025-02-15,W,12.2,F,N,,,EC2FC3288E28C662B2397BA958FE83ADDB5239511318BE7DFBB803493A58205B,PV,01,No,,,,,09,Wet,,,,,,,,
Property Damage Crashes,MSP7770006K,Maryland State Police,Front to Rear,Prince George's,Interstate,No,No,No,No,No,CAPITAL BELTWAY,95,INTERSTATE ROUTE,No,True,No,2/13/2025,No,Point,38.918058994,-76.851788457,MSP,03,16,03,No,14,,14:16,2025,Thursday,12,Motor Vehicle In Transport,05,On Roadway,1,,,,,,06,Non-Junction,01,Daylight,2/13/2025,2025-02-13,E,28.05,F,N,,,2377DD029B084E6459CBEAD48EA1C1604F36C8906D437F66B2662879AB84B5F1,IS,01,No,,,,,01,Dry,,,,,,,,
Injury Crashes,DA4372001K,Prince George's County Police,Other,Prince George's,Principal Arterial – Other,No,No,No,No,No,BRANCH AVE (SB/L),5,MARYLAND ROUTE,No,True,No,5/22/2025,No,Point,38.852905285,-76.956360290,PGCOPD,98,16,02,No,16,,16:49,2025,Thursday,12,Motor Vehicle In Transport,05,On Roadway,3,,,,,,06,Non-Junction,01,Daylight,5/22/2025,2025-05-22,S,12.13,F,N,,,9C5541C278DDBCB1710F0806F8E0D026F0141D8332F916A37D0C7E6D81B55B82,MD,01,No,,,,,01,Dry,,,,,,,,
Property Damage Crashes,DA43880017,Prince George's County Police,"Sideswipe, Same Direction",Prince George's,Principal Arterial – Other,No,Yes,No,No,No,CENTRAL AVE (WB/L),214,MARYLAND ROUTE,No,True,No,1/28/2025,No,Point,38.890736749,-76.853391250,PGCOPD,07,16,03,No,17,,17:55,2025,Tuesday,12,Motor Vehicle In Transport,05,On Roadway,3,,,,,,06,Non-Junction,101,Dusk,1/28/2025,2025-01-28,W,4.61,F,N,,,263A0C8EBB8C8C18895D876BF421E9D10E8F8E3FE90636FF56D9D08DB56A15F6,MD,01,No,,,,,01,Dry,,,,,,,,
Injury Crashes,DA3417006B,Prince George's County Police,Single Vehicle,Prince George's,Major Collector,No,No,No,No,No,OLD FORT RD,118,COUNTY ROAD,No,True,No,4/13/2025,No,Point,38.748011844,-76.974164737,PGCOPD,101,16,02,No,2,,02:30,2025,Sunday,40,Tree (standing),07,"On Shoulder, Right Side",5,,,,,,06,Non-Junction,03,Dark - Lighted,4/13/2025,2025-04-13,W,136.34,F,N,,,921B1022D60F7F111A389CF8AE33701D660A6182DAD376582B47C210424A5C39,CO,01,No,,,,,09,Wet,,,,,,,,
Property Damage Crashes,CBPD0121002R,Bowie Police Department,Front to Rear,Prince George's,Minor Arterial,No,No,No,No,No,,197,MARYLAND ROUTE,No,True,No,1/3/2025,No,Point,38.967919740,-76.754434226,BOWIE,03,16,03,No,14,,14:26,2025,Friday,12,Motor Vehicle In Transport,05,On Roadway,4,,,,,,06,Non-Junction,01,Daylight,1/3/2025,2025-01-03,N,29.43,F,N,,,4266D4A4079D3BAAEA345ADFF354F5B7DA468CD774D3EDA3656A1465DD90D0D3,MD,01,No,,,,,01,Dry,,,,,,,,
Property Damage Crashes,BW0222000T,Greenbelt Police Department,Front to Rear,Prince George's,Major Collector,No,No,No,No,No,,40,MUNICIPAL ROAD,No,True,No,5/21/2025,No,Point,39.003971264,-76.908451900,GREENBELT,03,16,03,No,6,,06:34,2025,Wednesday,12,Motor Vehicle In Transport,05,On Roadway,5,,,,,,06,Non-Junction,100,Dawn,5/21/2025,2025-05-21,N,10.08,F,N,,,2D399B1B9A7B080241BCD88B5F143A9BBE35639DC4DCBF69DC9CC31CCDA1AA00,MU,01,No,,,,,09,Wet,,,,,,,,
Injury Crashes,DA4375002R,Prince George's County Police,Angle,Prince George's,Local,No,No,No,No,No,ADDISON RD,2823,COUNTY ROAD,No,True,No,3/3/2025,No,Point,38.867100326,-76.889395324,PGCOPD,01,16,02,No,19,,19:11,2025,Monday,12,Motor Vehicle In Transport,05,On Roadway,7,,,,,,06,Non-Junction,03,Dark - Lighted,3/3/2025,2025-03-03,W,107.43,F,N,,,3B901BA75538041631B6D5B818444B9D3D6903BC549625F754AE04B83D0F1160,CO,01,No,,,,,01,Dry,,,,,,,,
Property Damage Crashes,DA30470084,Prince George's County Police,Single Vehicle,Prince George's,Major Collector,No,No,No,No,No,ACCOKEEK RD,373,MARYLAND ROUTE,No,True,No,3/15/2025,No,Point,38.673794273,-76.949024092,PGCOPD,101,16,03,No,20,,20:40,2025,Saturday,28,Ditch,01,Gore,5,,,,,,06,Non-Junction,04,Dark - Not Lighted,3/15/2025,2025-03-15,S,67.86,F,N,,,DE2B5DBAD174B821ED3E53C49027E044939852D31E145440A599F9268924B03B,MD,01,No,,,,,01,Dry,,,,,,,,
Property Damage Crashes,MSP745800P9,Maryland State Police,Front to Rear,Prince George's,Principal Arterial – Other,No,No,No,No,No,BRANCH AVE (SB/L),5,MARYLAND ROUTE,No,True,No,2/9/2025,No,Point,38.738553333,-76.879985,MSP,03,16,03,No,14,,14:34,2025,Sunday,12,Motor Vehicle In Transport,05,On Roadway,3,,,,,,01,Acceleration/Deceleration Lane,01,Daylight,2/9/2025,2025-02-09,E,11.21,F,N,,,6AAA4C6B724CFFFFEA0C8643E6992E77920F70D52BA5F7557DB882D755151BDA,MD,01,No,,,,,01,Dry,,,,,,,,
Property Damage Crashes,RD01330013,Riverdale Park Police Department,Other,Prince George's,Local,No,No,No,No,No,SHERIDAN ST #1,241,MUNICIPAL ROAD,No,True,No,2/14/2025,No,Point,38.965734272,-76.938657567,RIVERDALE,98,16,03,No,15,,15:05,2025,Friday,12,Motor Vehicle In Transport,05,On Roadway,7,,,,BALTIMORE AVE SHERIDAN ST,,09,Through Roadway,01,Daylight,2/14/2025,2025-02-14,W,75.07,F,N,,,BBEC4E9C74E458F99ACF83D33BEBB654C027629922236A0679B40EFB334B8986,MU,01,No,,,,,01,Dry,,,,,,,,
Property Damage Crashes,CE4914008Y,Laurel Police Department,Angle,Prince George's,,No,No,No,No,No,,270,MUNICIPAL ROAD,No,True,No,1/25/2025,No,Point,39.099355167,-76.858672810,LAUREL,01,16,03,No,10,04,10:02,2025,Saturday,12,Motor Vehicle In Transport,05,On Roadway,,Perpendicular,,,EIGHTH ST,03,05,Intersection or Related,01,Daylight,1/25/2025,2025-01-25,S,0,F,N,,,E8EDC9A607DCF4E67B359D358A8E7B8545C2303838B106BBD7E7D7FF03DF9293,MU,01,No,,,,,01,Dry,03,Stop - Partial,,,,,,
Property Damage Crashes,MSP78720043,Maryland State Police,Front to Rear,Prince George's,Principal Arterial – Other Freeways and Expressways,No,No,No,No,No,BRANCH AVE,5,MARYLAND ROUTE,No,True,No,5/10/2025,No,Point,38.724032838,-76.880124766,MSP,03,16,03,No,18,,18:10,2025,Saturday,12,Motor Vehicle In Transport,05,On Roadway,2,,,,,,09,Through Roadway,01,Daylight,5/10/2025,2025-05-10,S,190.4,F,N,,,63E082533078B8F89D6051DF12347A5320A5349BE5EBE500148C6D6F7F4DDE25,MD,01,No,12,Motor Vehicle In Transport,05,On Roadway,01,Dry,,,,,,,,
Property Damage Crashes,DA44340008,Prince George's County Police,"Sideswipe, Same Direction",Prince George's,Local,No,No,No,No,No,ROLLINS AVE,369,COUNTY ROAD,No,True,No,4/15/2025,No,Point,38.884896350,-76.903455944,PGCOPD,07,16,03,No,18,,18:28,2025,Tuesday,12,Motor Vehicle In Transport,05,On Roadway,7,,,,,,06,Non-Junction,01,Daylight,4/15/2025,2025-04-15,N,14.08,F,N,,,47DC429FCF8220B8D5829B37AFC90F0949880D7ECED00559D0D9292387A449AB,CO,01,No,,,,,01,Dry,,,,,,,,
Property Damage Crashes,DA418600CJ,Prince George's County Police,"Sideswipe, Same Direction",Prince George's,Local,No,No,No,No,No,WAKE FOREST DR,1190,MUNICIPAL ROAD,No,True,No,5/8/2025,No,Point,38.975215851,-76.936055788,PGCOPD,07,16,03,No,16,,16:00,2025,Thursday,15,Parked Vehicle,05,On Roadway,7,,,,,,06,Non-Junction,01,Daylight,5/8/2025,2025-05-08,S,19.44,F,N,,,DF62A8C67330BE674EB6DA46241CD51A379C1AC31B02CBAFA577BFFD8DA71880,MU,01,No,,,,,01,Dry,,,,,,,,
Property Damage Crashes,MSP546601T4,Maryland State Police,Front to Rear,Prince George's,Principal Arterial – Other,Yes,No,No,No,No,PENNSYLVANIA AVE (SB/L),4,MARYLAND ROUTE,No,True,No,4/10/2025,No,Point,38.839666785,-76.866509188,MSP,03,16,03,Yes,22,,22:09,2025,Thursday,15,Parked Vehicle,05,On Roadway,3,,,,,,09,Through Roadway,03,Dark - Lighted,4/10/2025,2025-04-10,S,22.62,F,N,,,F9A21E36CA18DBB41BDEFFB2C0BDCF5415816224271CC761489C7129621DE34D,MD,01,No,,,,,01,Dry,,,,,,,,
Property Damage Crashes,DA44220014,Prince George's County Police,Angle,Prince George's,Principal Arterial – Other Freeways and Expressways,No,No,No,No,No,RAMP 8 FR MD 201 SB TO MD 459 WB,50,RAMP,No,True,No,5/17/2025,No,Point,38.921009721,-76.930847757,PGCOPD,01,16,03,Yes,1,,01:35,2025,Saturday,12,Motor Vehicle In Transport,05,On Roadway,2,,,,KENILWORTH AVE (SB/L),,09,Through Roadway,03,Dark - Lighted,5/17/2025,2025-05-17,N,44.55,F,N,,,BF2D0667D7A8FBF0AB0F64AB30C5434524306D011C5D8FD3B15868AD72F229E2,RP,01,No,,,,,01,Dry,,,,,,,,
Property Damage Crashes,DA3495005R,Prince George's County Police,Unknown,Prince George's,Local,No,No,No,No,No,KENNEDY ST,1577,COUNTY ROAD,No,True,No,3/24/2025,No,Point,38.954041227,-76.911070543,PGCOPD,99,16,03,No,15,,15:18,2025,Monday,40,Tree (standing),05,On Roadway,7,,,,,,06,Non-Junction,01,Daylight,3/24/2025,2025-03-24,E,3.91,F,N,,,3A782D9872298B6DDD37C742613C16B562DD2EDEB465002887A6E625AC2FA620,CO,01,No,,,,,01,Dry,,,,,,,,
Property Damage Crashes,DA3502003Z,Prince George's County Police,Single Vehicle,Prince George's,Local,No,No,No,No,No,CHERRY TREE CROSSING RD,167,COUNTY ROAD,No,True,No,3/27/2025,No,Point,38.727406459,-76.828074403,PGCOPD,101,16,03,No,20,,20:16,2025,Thursday,09,Animal (live),05,On Roadway,7,,,,,,06,Non-Junction,04,Dark - Not Lighted,3/27/2025,2025-03-27,E,15.54,F,N,,,5CB4C0B68F9E269F794F2F417CAA054F936CDDB509813D05838DEA2CEFBC7EC9,CO,01,No,,,,,01,Dry,,,,,,,,
Property Damage Crashes,DA4349003P,Prince George's County Police,"Sideswipe, Same Direction",Prince George's,Local,No,No,No,No,No,CLARK PL,719,COUNTY ROAD,No,True,No,2/7/2025,No,Point,38.865252956,-76.935959330,PGCOPD,07,16,03,No,4,,04:00,2025,Friday,15,Parked Vehicle,05,On Roadway,7,,,,,,06,Non-Junction,03,Dark - Lighted,2/7/2025,2025-02-07,N,17.53,F,N,,,171D24FA25D390E89BAF68D2503ED5B63BF7CF72E583C785440173AE39F6F360,CO,01,No,,,,,09,Wet,,,,,,,,
Property Damage Crashes,DS0505000P,University of Maryland Police College Park,Unknown,Prince George's,,No,No,No,No,Yes,,,,No,True,No,1/6/2025,No,Point,38.994081171,-76.947177116,UMCP,99,16,03,,22,,22:11,2025,Monday,36,"Other Post, Pole, Or Support",08,Outside Road/Right-Of-Way,,,101,State,,,,,03,Dark - Lighted,1/6/2025,2025-01-06,,,F,N,102,Parking Lot Way,,,01,No,,,,,,,,,,,,,,
Property Damage Crashes,DJ01880003,Seat Pleasant Police Department,Single Vehicle,Prince George's,Principal Arterial – Other,No,No,No,No,No,CENTRAL AVE (WB/L),214,MARYLAND ROUTE,No,True,No,3/29/2025,No,Point,38.887718707,-76.884932859,SEATPLEASANT,101,16,03,No,17,,17:25,2025,Saturday,13,Other Non-Fixed Object,99,Unknown,3,,,,,,01,Acceleration/Deceleration Lane,01,Daylight,3/29/2025,2025-03-29,E,25.93,F,N,,,FF7D44D35B22CF4858C3BB7A0D2FC6E1AF9930A238C8E3C8D04F5BB5C9CB3447,MD,01,No,97,Not Applicable,,,01,Dry,,,,,,,,
Property Damage Crashes,DA371200FH,Prince George's County Police,"Sideswipe, Same Direction",Prince George's,Local,No,No,No,No,No,HURON AVE,523,COUNTY ROAD,No,True,No,1/21/2025,No,Point,38.849531232,-76.925942975,PGCOPD,07,16,03,Yes,13,02,13:30,2025,Tuesday,12,Motor Vehicle In Transport,05,On Roadway,7,Perpendicular,,,SUITLAND RD SUITLAND RD (WB/L),03,05,Intersection or Related,01,Daylight,1/21/2025,2025-01-21,S,0,F,N,,,0613E4061B8254BC6BDFF3642818850540DC85DA736E012C2ED384A57BE580D3,CO,01,No,,,,,02,Ice/Frost,03,Stop - Partial,,,,,,
Injury Crashes,MSP74160017,Maryland State Police,Front to Rear,Prince George's,Principal Arterial – Other,No,No,Yes,No,No,CRAIN HWY (SB/L),3,MARYLAND ROUTE,No,True,No,3/16/2025,No,Point,38.988089639,-76.706640440,MSP,03,16,02,No,16,,16:00,2025,Sunday,12,Motor Vehicle In Transport,05,On Roadway,3,,,,,,09,Through Roadway,01,Daylight,3/16/2025,2025-03-16,S,17.96,F,N,,,6A6718F7897DD9E50584D7669E10E2CCFD1DB59F5D9AD418BBC400F9D7C92574,MD,01,No,,,,,01,Dry,,,,,,,,
Property Damage Crashes,DA4412000F,Prince George's County Police,Front to Rear,Prince George's,,No,No,No,No,Yes,,,,No,True,No,3/2/2025,No,Point,38.848054283,-76.902997982,PGCOPD,03,16,03,,6,,06:00,2025,Sunday,12,Motor Vehicle In Transport,04,"Off-Roadway, Location Unknown",,,,,,,,,05,Dark - Unknown Lighting,3/2/2025,2025-03-02,,,F,N,106,Driveway,,,01,No,,,,,,,,,,,,,,
Property Damage Crashes,CE43380072,Laurel Police Department,"Sideswipe, Same Direction",Prince George's,Principal Arterial – Other,No,No,No,No,No,SECOND ST,1,UNITED STATE ROUTE,No,True,No,4/15/2025,No,Point,39.096697847,-76.849865649,LAUREL,07,16,03,No,18,,18:42,2025,Tuesday,12,Motor Vehicle In Transport,05,On Roadway,3,,,,,,99,Unknown,01,Daylight,4/15/2025,2025-04-15,W,3.81,F,N,,,38154205B8810BC3562BDAFF2BEA7932E14D9A8B73FD68646FC101BFDBAE6B8C,US,01,No,,,,,01,Dry,,,,,,,,
Injury Crashes,DA4427000R,Prince George's County Police,Front to Rear,Prince George's,Minor Arterial,No,No,No,No,No,PISCATAWAY RD,223,MARYLAND ROUTE,No,True,No,4/22/2025,No,Point,38.741824601,-76.937483111,PGCOPD,03,16,02,No,8,,08:10,2025,Tuesday,12,Motor Vehicle In Transport,05,On Roadway,4,,,,,,06,Non-Junction,01,Daylight,4/22/2025,2025-04-22,N,239.76,F,N,,,E29EE2DA001B10E5B6893F70702A55CE1C488AB054E2C58BF85A3E383616C2C9,MD,01,No,,,,,01,Dry,,,,,,,,
Property Damage Crashes,DA3155003Q,Prince George's County Police,Front to Rear,Prince George's,Minor Arterial,No,No,No,No,No,LANHAM SEVERN RD,564,MARYLAND ROUTE,No,True,No,5/16/2025,No,Point,38.989484530,-76.815468730,PGCOPD,03,16,03,No,20,,20:34,2025,Friday,12,Motor Vehicle In Transport,05,On Roadway,4,,,,,,06,Non-Junction,03,Dark - Lighted,5/16/2025,2025-05-16,E,57.42,F,N,,,36513A56E891BA39F404E33C57B0C1826B87115C253B2208CCEC4F0FC490E2E5,MD,01,No,,,,,01,Dry,,,,,,,,
Property Damage Crashes,CNC31790045,New Carrollton Police Department,Single Vehicle,Prince George's,,No,No,No,No,No,,302,COUNTY ROAD,No,True,No,5/31/2025,No,Point,38.960884522,-76.881475520,NCPD,101,16,03,No,3,,03:44,2025,Saturday,41,Utility Pole/Light Support,09,Roadside,,,,,,,99,Unknown,03,Dark - Lighted,5/31/2025,2025-05-31,W,10.41,F,N,,,DC70D94101FE96B3A79996478E3CC34D5B4CDAD8B4133BBAE82EDD79FF707206,CO,01,No,,,,,09,Wet,,,,,,,,
Property Damage Crashes,MSP69310155,Maryland State Police,Front to Rear,Prince George's,Principal Arterial – Other,No,No,No,No,No,CRAIN HWY (SB/L),301,UNITED STATE ROUTE,No,True,No,5/22/2025,No,Point,38.931507137,-76.717525,MSP,03,16,03,No,16,,16:14,2025,Thursday,12,Motor Vehicle In Transport,05,On Roadway,3,,,,,,06,Non-Junction,01,Daylight,5/22/2025,2025-05-22,S,53.47,F,N,,,B91AF425E67EA61C9865D077C03575AD90F0AD193019D9A97C776D492765832D,US,01,No,,,,,09,Wet,,,,,,,,
Property Damage Crashes,DA3433005G,Prince George's County Police,Front to Rear,Prince George's,Major Collector,No,No,No,No,No,CAMPUS WAY SOUTH (NB/L),4638,COUNTY ROAD,No,True,No,4/8/2025,No,Point,38.890487491,-76.825052005,PGCOPD,03,16,03,No,13,,13:45,2025,Tuesday,12,Motor Vehicle In Transport,05,On Roadway,5,,,,,,99,Unknown,01,Daylight,4/8/2025,2025-04-08,N,28.98,F,N,,,7452A7EB44E09C68C57106AEDB3440DA73E7EA0081A65913309421B83E089591,CO,01,No,,,,,01,Dry,,,,,,,,
Property Damage Crashes,DA390800B4,Prince George's County Police,Single Vehicle,Prince George's,Minor Arterial,No,No,No,No,No,LIVINGSTON RD,1203,COUNTY ROAD,No,True,No,2/22/2025,No,Point,38.810748722,-76.992190993,PGCOPD,101,16,03,No,18,,18:35,2025,Saturday,09,Animal (live),05,On Roadway,4,,,,,,06,Non-Junction,03,Dark - Lighted,2/22/2025,2025-02-22,E,12.44,F,N,,,A8BC5FDB71A5B5C831AD7BA2B1A186622603C47BE7DF2664685F0B3785833E57,CO,01,No,97,Not Applicable,,,01,Dry,,,,,,,,
Injury Crashes,CBPD0119002C,Bowie Police Department,Front to Front,Prince George's,Principal Arterial – Other,No,No,No,No,No,ANNAPOLIS RD,450,MARYLAND ROUTE,No,True,No,1/31/2025,No,Point,38.979592874,-76.734207690,BOWIE,02,16,02,Yes,20,,20:06,2025,Friday,12,Motor Vehicle In Transport,05,On Roadway,3,,,,,,04,Entrance/Exit Ramp or Related,03,Dark - Lighted,1/31/2025,2025-01-31,W,14.42,F,N,,,2EA9B31BAE577E211BD3130657FCAD99C15A0D2A2DF94837D2BC01F3A41825CE,MD,01,No,,,,,09,Wet,,,,,,,,
Injury Crashes,CBPD01280005,Bowie Police Department,Unknown,Prince George's,Major Collector,Yes,No,No,No,No,MOUNT OAK RD,66,COUNTY ROAD,No,True,No,1/1/2025,No,Point,38.926121335,-76.738910968,BOWIE,99,16,02,No,14,,14:28,2025,Wednesday,12,Motor Vehicle In Transport,05,On Roadway,5,,,,,,06,Non-Junction,01,Daylight,1/1/2025,2025-01-01,W,9.4,F,N,,,32EC9EE07E799B90412C7538343AB011E3919C0DB47379509516CDD21FA220CC,CO,01,No,,,,,01,Dry,,,,,,,,
Injury Crashes,MSP617100PL,Maryland State Police,Front to Rear,Prince George's,Interstate,No,No,No,No,No,RAMP 6 FR RAMP 10 (FR IS 495) TO US 1 SB,95,RAMP,No,True,No,6/3/2025,No,Point,39.018881470,-76.931019045,MSP,03,16,02,No,14,,14:47,2025,Tuesday,12,Motor Vehicle In Transport,05,On Roadway,1,,,,,,06,Non-Junction,01,Daylight,6/3/2025,2025-06-03,E,39.33,F,N,,,94C5CE2D2777D0C8BE21ABA73C5E970657CF8F34E08633040935A1BD54832DBF,RP,01,No,,,,,01,Dry,,,,,,,,
Property Damage Crashes,BP94120033,Forest Heights Police Department,"Sideswipe, Same Direction",Prince George's,,No,No,No,No,No,,2091,PRIVATE ROAD,No,True,No,2/23/2025,No,Point,38.815400586,-76.998738010,FORESTHEIGHTS,07,16,03,Yes,16,,16:00,2025,Sunday,12,Motor Vehicle In Transport,05,On Roadway,,,,,,,01,Acceleration/Deceleration Lane,01,Daylight,2/23/2025,2025-02-23,N,8.52,F,N,,,4B46494D35F85D5DBF6C748F25F716D77EAE87F0AFA8996890D3F81F8EC7976B,PV,01,No,,,,,01,Dry,,,,,,,,
Property Damage Crashes,MSP617100NJ,Maryland State Police,Front to Rear,Prince George's,Interstate,No,No,No,No,No,NO NAME,95,INTERSTATE ROUTE,No,True,No,3/23/2025,No,Point,39.062263333,-76.91718,MSP,03,16,03,No,0,,00:18,2025,Sunday,12,Motor Vehicle In Transport,05,On Roadway,1,,,,,,06,Non-Junction,03,Dark - Lighted,3/23/2025,2025-03-23,S,41.2,F,N,,,B646E277C47DF286E2A36598C47707116090BAD1E8577B75D3699738B1CDDB4C,IS,01,No,,,,,01,Dry,,,,,,,,
Property Damage Crashes,DA402100D0,Prince George's County Police,Single Vehicle,Prince George's,Local,No,No,No,No,No,NORTHERN AVE,46,COUNTY ROAD,No,True,No,4/16/2025,No,Point,38.994602073,-76.821077391,PGCOPD,101,16,03,No,0,,00:23,2025,Wednesday,28,Ditch,09,Roadside,7,,,,,,01,Acceleration/Deceleration Lane,03,Dark - Lighted,4/16/2025,2025-04-16,N,29.52,F,N,,,0D8195E051940D8D635669917DBE40185AF83C1D20C76A384DA5A10353D24399,CO,01,No,32,Guardrail Face,09,Roadside,01,Dry,,,,,,,,
Property Damage Crashes,CE5294001T,Laurel Police Department,"Sideswipe, Same Direction",Prince George's,Local,No,No,No,No,No,WEST SIDE BLVD,519,MUNICIPAL ROAD,No,True,No,3/6/2025,No,Point,39.083777130,-76.888221202,LAUREL,07,16,03,No,10,,10:24,2025,Thursday,12,Motor Vehicle In Transport,05,On Roadway,7,,,,,,06,Non-Junction,01,Daylight,3/6/2025,2025-03-06,S,11.43,F,N,,,67FEF39B239370A09EC4A8588153BE337A82C898214ECB349A0635217A451D15,MU,01,No,,,,,01,Dry,,,,,,,,