Crash Severity Description,Reportnumber,Agencyname,CollisionImpact Description,Crash County Description,FunctionalClass Description,ImpairedCrash,Large Vehicle Involved,Motorcycle Crash,Non-Motorist Crash,OffRoad,RoadName,Route Number,RouteType Description,Unrestrained Occupants,WithinDateRange,Work Zone Related,Crashdate,Work Zone Crash,CrashPoint,Latitude,Longitude,AgencyCode,CollisionImpact,Crash County,Crash Severity,Crash Within Interchange,Crashhour,CrashInterchangeApproaches,Crashtime,CrashYear,Dayofweek,FirstHarmEvent,FirstHarmEvent Description,FirstHarmLocation,FirstHarmLocation Description,FunctionalClass,Geometry Description,GovPropertyDamage,GovPropertyDamage Description,IntersectingRoadName,Intersection Geometry,JunctionRelated,JunctionRelated Description,Light,Light Description,LOD Crash Date,LOD Date Level,MilepointDirection,MilepointDistance,MilepointUnits,NonTrafficFatal,OffroadLocation,OffroadLocation Description,RoadID,RouteType,SchoolBusRelated,SchoolBusRelated Description,SecondHarmEvent,SecondHarmEvent Description,SecondHarmLocation,SecondHarmLocation Description,Surface,Surface Description,TrafficControl,Trafficcontrol Description,WZLawEnforcementPresent,WZLocation,WZLocation Description,WZType,WZType Description,WZWorkersPresent
Property Damage Crashes,MSP74160012,Maryland State Police,Single Vehicle,Prince George's,Principal Arterial – Other Freeways and Expressways,No,No,No,No,No,RAMP 3 FR US 50 EB TO MD 202 NB,50,RAMP,No,True,No,3/6/2025,No,Point,38.931321289,-76.895697764,MSP,101,16,03,Yes,1,,01:00,2025,Thursday,32,Guardrail Face,09,Roadside,2,,,,,,09,Through Roadway,04,Dark - Not Lighted,3/6/2025,2025-03-06,W,48.43,F,N,,,605680D595250C39FA18C5ABDE1716770E584B40E62294F1C45B8464382BF469,RP,01,No,,,,,09,Wet,,,,,,,,
Property Damage Crashes,MDTA20300003,Maryland Transportation Authority Police,Single Vehicle,Prince George's,Principal Arterial – Other Freeways and Expressways,No,Yes,No,No,No,INTERCOUNTY CONNECTOR (WB/L),200,MARYLAND ROUTE,No,True,No,4/21/2025,No,Point,39.074925662,-76.912079452,MDTA,101,16,03,No,23,,23:59,2025,Monday,32,Guardrail Face,07,"On Shoulder, Right Side",2,,101,State,,,01,Acceleration/Deceleration Lane,05,Dark - Unknown Lighting,4/21/2025,2025-04-21,E,38.45,F,N,,,D2463E16A00C2E5F34BFB294E41F011C491ED0C937EB9CF21BBDE777DF004A93,MD,01,No,40,Tree (standing),04,"Off-Roadway, Location Unknown",01,Dry,,,,,,,,
Property Damage Crashes,MSP745000K9,Maryland State Police,Single Vehicle,Prince George's,Interstate,No,Yes,No,No,No,NO NAME,95,INTERSTATE ROUTE,No,True,No,5/9/2025,No,Point,39.10737,-76.882455,MSP,101,16,03,No,8,,08:51,2025,Friday,05,Jackknife,03,Median,1,,,,,,09,Through Roadway,01,Daylight,5/9/2025,2025-05-09,W,29.22,F,N,,,B78BE96893C9C06AF5E83B83E1AFCC8299E96682CE9E29B884087C524F761200,IS,01,No,28,Ditch,03,Median,09,Wet,,,,,,,,
Property Damage Crashes,MSP78390068,Maryland State Police,Front to Rear,Prince George's,Principal Arterial – Other,No,No,No,No,No,CRAIN HWY (SB/L),301,UNITED STATE ROUTE,No,True,No,6/3/2025,No,Point,38.735117327,-76.826242730,MSP,03,16,03,No,6,,06:31,2025,Tuesday,12,Motor Vehicle In Transport,05,On Roadway,3,,,,,,06,Non-Junction,01,Daylight,6/3/2025,2025-06-03,N,28.7,F,N,,,AC26DE286E26A1C428EFAC28103BBB20747B01A9B9548E3D0488FCA989A4A540,US,01,No,,,,,01,Dry,,,,,,,,
Property Damage Crashes,ZP04920005,Prince George's County Sheriff's Office,Front to Rear,Prince George's,Minor Arterial,No,No,No,No,No,BISHOP PEEBLES DR,5922,COUNTY ROAD,No,True,No,3/8/2025,No,Point,38.9069919,-76.8546731,PGCOSHERIFF,03,16,03,No,19,,19:45,2025,Saturday,12,Motor Vehicle In Transport,05,On Roadway,4,,,,,,99,Unknown,05,Dark - Unknown Lighting,3/8/2025,2025-03-08,W,8.84,F,N,,,1C4E92790740F5748D2B1D94CC919E9A1E9B5978ECDC208D3EAF8E088D53A616,CO,01,No,32,Guardrail Face,07,"On Shoulder, Right Side",01,Dry,,,,,,,,
Property Damage Crashes,AM0341004N,Bladensburg Police Department,Front to Rear,Prince George's,Local,No,No,No,No,No,56TH PL,635,COUNTY ROAD,No,True,No,2/14/2025,No,Point,38.946359769,-76.918532061,BLADENSBURG,03,16,03,No,22,,22:30,2025,Friday,12,Motor Vehicle In Transport,05,On Roadway,7,,,,,,03,Driveway Access or Related,03,Dark - Lighted,2/14/2025,2025-02-14,N,50.11,F,N,,,13C6B8D9E22F60F75B8AFCCCCA6BAAFF97682DD7DD2B8132B2DC7C2509966EF5,CO,01,No,,,,,01,Dry,,,,,,,,
Property Damage Crashes,DA390800BC,Prince George's County Police,Front to Rear,Prince George's,Major Collector,No,No,No,No,No,LIVINGSTON RD,1203,COUNTY ROAD,Yes,True,No,5/31/2025,No,Point,38.792325073,-76.986498947,PGCOPD,03,16,03,No,19,03,19:39,2025,Saturday,12,Motor Vehicle In Transport,05,On Roadway,5,Perpendicular,,,LINDSAY RD,03,05,Intersection or Related,01,Daylight,5/31/2025,2025-05-31,N,0,F,N,,,5873FC3374E4924925A101D18B7FB931C505BDA6EBA439F119E21F6ED3E535E3,CO,01,No,,,,,01,Dry,03,Stop - Partial,,,,,,
Property Damage Crashes,DA3464007R,Prince George's County Police,"Sideswipe, Same Direction",Prince George's,Principal Arterial – Other,No,No,No,No,No,BRANCH AVE (SB/L),5,MARYLAND ROUTE,No,True,No,2/2/2025,No,Point,38.841986599,-76.948579549,PGCOPD,07,16,03,No,18,,18:16,2025,Sunday,12,Motor Vehicle In Transport,05,On Roadway,3,,,,,,06,Non-Junction,03,Dark - Lighted,2/2/2025,2025-02-02,E,2.88,F,N,,,1D316217060A9D816DACAFAEFA30E0BE4B9ED9192C13ABE40CB9BE59BE2A546B,MD,01,No,,,,,01,Dry,,,,,,,,
Property Damage Crashes,GC9347001H,Glenarden Police Department,Unknown,Prince George's,Principal Arterial – Other,Yes,Yes,No,No,No,MARTIN LUTHER KING JR HWY,704,MARYLAND ROUTE,Yes,True,No,5/18/2025,No,Point,38.931775968,-76.868002463,GLENARDEN,99,16,03,Yes,3,,03:37,2025,Sunday,04,"Immersion, Full or Partial",99,Unknown,3,,100,Local,,,99,Unknown,04,Dark - Not Lighted,5/18/2025,2025-05-18,S,28.66,F,N,,,ED75EAF78673C637347E157FE2D0C2659C72CB91D95E6B98F34E4F1B48918995,MD,01,No,12,Motor Vehicle In Transport,99,Unknown,01,Dry,,,,,,,,
Property Damage Crashes,DA4089008Z,Prince George's County Police,Front to Rear,Prince George's,Principal Arterial – Other Freeways and Expressways,No,No,No,No,No,BALTIMORE WASHINGTON PKWY,295,MARYLAND ROUTE,No,True,No,2/15/2025,No,Point,38.921589674,-76.932395917,PGCOPD,03,16,03,No,2,,02:35,2025,Saturday,12,Motor Vehicle In Transport,05,On Roadway,2,,,,,,01,Acceleration/Deceleration Lane,03,Dark - Lighted,2/15/2025,2025-02-15,N,196.86,F,N,,,69E276806D871409DDB5AEA5975AE19E3419AB0A4D32EF1A9CA75EDD12A8DFD6,MD,01,No,,,,,01,Dry,,,,,,,,
Property Damage Crashes,MSP744200Q1,Maryland State Police,Single Vehicle,Prince George's,Principal Arterial – Other Freeways and Expressways,No,No,No,No,No,RAMP 5 FR MD 201 SB TO US 50 EB,50,RAMP,No,True,No,1/2/2025,No,Point,38.918618449,-76.933976830,MSP,101,16,03,Yes,3,,03:59,2025,Thursday,32,Guardrail Face,09,Roadside,2,,101,State,,,04,Entrance/Exit Ramp or Related,04,Dark - Not Lighted,1/2/2025,2025-01-02,N,18.74,F,N,,,6AC3F8DFAF0154BF763597C38735F8D44D3034162A0B19687010EBB9F7934068,RP,01,No,28,Ditch,09,Roadside,01,Dry,,,,,,,,
Injury Crashes,DA338900C0,Prince George's County Police,Front to Front,Prince George's,Principal Arterial – Other,Yes,No,No,No,No,ST BARNABAS RD,414,MARYLAND ROUTE,Yes,True,No,5/26/2025,No,Point,38.814156200,-76.964490081,PGCOPD,02,16,02,No,20,,20:15,2025,Monday,12,Motor Vehicle In Transport,05,On Roadway,3,,,,,,09,Through Roadway,01,Daylight,5/26/2025,2025-05-26,S,8.91,F,N,,,8426C484BC34E36947E7A561C55FDFBAFF9AB250509E17942B2C9A28BB1AA50C,MD,01,No,,,,,01,Dry,,,,,,,,
Property Damage Crashes,MSP7843003R,Maryland State Police,"Sideswipe, Same Direction",Prince George's,Interstate,No,No,No,No,No,NO NAME,95,INTERSTATE ROUTE,No,True,No,5/30/2025,No,Point,39.062498689,-76.916015350,MSP,07,16,03,No,23,,23:09,2025,Friday,12,Motor Vehicle In Transport,05,On Roadway,1,,,,,,06,Non-Junction,04,Dark - Not Lighted,5/30/2025,2025-05-30,N,28.36,F,N,,,D7A8A736EFDF44F6CB26C5EF410DAA2081CF168D67627A9048E0015954C35CAC,IS,01,No,,,,,01,Dry,,,,,,,,
Property Damage Crashes,MSP7787004Y,Maryland State Police,Angle,Prince George's,Principal Arterial – Other,No,No,No,No,No,LARGO RD (SB/L),202,MARYLAND ROUTE,No,True,No,2/13/2025,No,Point,38.8760558,-76.802774683,MSP,01,16,03,Yes,21,03,21:17,2025,Thursday,12,Motor Vehicle In Transport,05,On Roadway,3,Perpendicular,,,WHITE HOUSE RD,03,05,Intersection or Related,03,Dark - Lighted,2/13/2025,2025-02-13,N,0,F,N,,,CB1507B4CDB1D00B8219059C178DD8C53CD16011F3232B242A8269230798995D,MD,01,No,12,Motor Vehicle In Transport,05,On Roadway,01,Dry,01,Signalized,,,,,,
Property Damage Crashes,DA4423000M,Prince George's County Police,Front to Front,Prince George's,Minor Arterial,No,No,No,No,No,SUITLAND RD,218,MARYLAND ROUTE,No,True,No,1/26/2025,No,Point,38.853706165,-76.937715478,PGCOPD,02,16,03,No,20,,20:25,2025,Sunday,12,Motor Vehicle In Transport,05,On Roadway,4,,,,,,09,Through Roadway,03,Dark - Lighted,1/26/2025,2025-01-26,E,56.57,F,N,,,A074DE2BBD22EB4A1B0188510397F7E828FBE3DC4EE784B46E51E9EACF2E297A,MD,01,No,,,,,01,Dry,,,,,,,,
Property Damage Crashes,CC02790045,Hyattsville Police Department,"Sideswipe, Same Direction",Prince George's,Major Collector,No,No,No,No,No,QUEENSBURY RD,180,MUNICIPAL ROAD,No,True,No,3/21/2025,No,Point,38.963435650,-76.942889798,HYATTSVILLE,07,16,03,No,20,,20:30,2025,Friday,12,Motor Vehicle In Transport,05,On Roadway,5,,,,,,06,Non-Junction,05,Dark - Unknown Lighting,3/21/2025,2025-03-21,E,53.72,F,N,,,B8732DA5DCF8C3D12C83304C8E4793F9FE7418B24D769D948B4009F6B2A94A4A,MU,01,No,,,,,01,Dry,,,,,,,,
Property Damage Crashes,MSP647600GF,Maryland State Police,Front to Rear,Prince George's,Principal Arterial – Other,No,No,No,No,No,CRAIN HWY,301,UNITED STATE ROUTE,No,True,No,1/11/2025,No,Point,38.948213333,-76.717690326,MSP,03,16,03,No,12,,12:35,2025,Saturday,12,Motor Vehicle In Transport,05,On Roadway,3,,,,,,09,Through Roadway,01,Daylight,1/11/2025,2025-01-11,N,25.53,F,N,,,E4FF1F0C1541E80E07272C7A52D080259807DFA2DCB93430E374252E78933BFD,US,01,No,,,,,02,Ice/Frost,,,,,,,,
Property Damage Crashes,AZ1739000S,Cheverly Police Department,"Sideswipe, Opposite Direction",Prince George's,Local,No,No,No,No,No,57TH AVE,258,COUNTY ROAD,No,True,No,3/5/2025,No,Point,38.936359646,-76.919907507,CHEVERLY,06,16,03,Unknown,10,02,10:47,2025,Wednesday,12,Motor Vehicle In Transport,05,On Roadway,7,Perpendicular,,,LANDOVER RD (SB/L),03,05,Intersection or Related,01,Daylight,3/5/2025,2025-03-05,W,0,F,N,,,DB4EE7EF99A395C41FB3C8E8AE854B6D51DAFCB9A9B91C6BD8A31C731CA90A4F,CO,01,No,12,Motor Vehicle In Transport,05,On Roadway,01,Dry,01,Signalized,,,,,,
Injury Crashes,MSP77700085,Maryland State Police,"Sideswipe, Same Direction",Prince George's,Principal Arterial – Other,No,No,No,No,No,LARGO RD,202,MARYLAND ROUTE,No,True,No,5/17/2025,No,Point,38.872093333,-76.781565,MSP,07,16,02,No,6,,06:51,2025,Saturday,12,Motor Vehicle In Transport,05,On Roadway,3,,,,,,02,Crossover-Related,01,Daylight,5/17/2025,2025-05-17,E,15.11,F,N,,,1267FCB1CEC9A46397E7149612D675CB39D54FB56769217EB356FF4124D7BFBB,MD,01,No,28,Ditch,03,Median,09,Wet,,,,,,,,
Injury Crashes,DA4352002Q,Prince George's County Police,Other,Prince George's,Local,No,No,No,No,No,LIVINGSTON RD,1202,COUNTY ROAD,No,True,No,3/21/2025,No,Point,38.671084568,-76.992666986,PGCOPD,98,16,02,No,15,,15:40,2025,Friday,12,Motor Vehicle In Transport,05,On Roadway,7,,,,CHATSWORTH DR,,09,Through Roadway,01,Daylight,3/21/2025,2025-03-21,N,92.03,F,N,,,DD2671BB441996A84D4D3F035AD938DB502E99088D972FA2EB8944BBF62564AA,CO,01,No,,,,,01,Dry,,,,,,,,
Property Damage Crashes,MSP701100L2,Maryland State Police,Front to Rear,Prince George's,,No,No,No,No,No,CONTEE RD (EB/L),2201,LOCAL ROAD,No,True,No,1/1/2025,No,Point,39.076287179,-76.868502000,MSP,03,16,03,No,1,,01:05,2025,Wednesday,12,Motor Vehicle In Transport,05,On Roadway,,,,,,,04,Entrance/Exit Ramp or Related,03,Dark - Lighted,1/1/2025,2025-01-01,S,38.78,F,N,,,689EC725062696049482591F1F42D44D1874DE2C1CCD07D01EEB96CB37591028,LL,01,No,27,Curb,09,Roadside,01,Dry,,,,,,,,
Property Damage Crashes,DA31040035,Prince George's County Police,Front to Rear,Prince George's,Principal Arterial – Other,No,No,No,No,No,PENNSYLVANIA AVE (SB/L),4,MARYLAND ROUTE,No,True,No,2/24/2025,No,Point,38.863717309,-76.937687971,PGCOPD,03,16,03,No,0,,00:30,2025,Monday,12,Motor Vehicle In Transport,05,On Roadway,3,,,,,,06,Non-Junction,03,Dark - Lighted,2/24/2025,2025-02-24,E,50.43,F,N,,,A4478CFD9121D0C0C2E44545640DF150F4C9CC9850A7BE3E6984A6A5781B94D7,MD,01,No,,,,,01,Dry,,,,,,,,
Injury Crashes,DA4151005N,Prince George's County Police,Other,Prince George's,Local,No,No,No,No,No,LYDELL RD,270,MUNICIPAL ROAD,No,True,No,2/3/2025,No,Point,38.9261362,-76.928043,PGCOPD,98,16,02,Yes,20,,20:05,2025,Monday,12,Motor Vehicle In Transport,05,On Roadway,7,,,,KENILWORTH AVE,,02,Crossover-Related,04,Dark - Not Lighted,2/3/2025,2025-02-03,E,19.63,F,N,,,CE7C0A0EE757971E44A1D1974A0496C7784D75FE7C0C41737F5AF23543660C5F,MU,01,No,,,,,01,Dry,,,,,,,,
Property Damage Crashes,MSP77700076,Maryland State Police,Single Vehicle,Prince George's,Interstate,No,No,No,No,No,CAPITAL BELTWAY,95,INTERSTATE ROUTE,No,True,No,3/29/2025,No,Point,38.818055,-76.931484624,MSP,101,16,03,No,7,,07:57,2025,Saturday,06,Other Non-Collision,05,On Roadway,1,,,,,,06,Non-Junction,01,Daylight,3/29/2025,2025-03-29,W,418.32,F,N,,,846281EFEA5478C6860C1A08E48ED7632F88458AAC4404E431EAE0FCE59053D8,IS,01,No,32,Guardrail Face,07,"On Shoulder, Right Side",01,Dry,,,,,,,,
Property Damage Crashes,DA42810067,Prince George's County Police,"Sideswipe, Same Direction",Prince George's,Major Collector,No,No,No,No,No,ADDISON RD,351,COUNTY ROAD,No,True,No,3/5/2025,No,Point,38.910281534,-76.923127888,PGCOPD,07,16,03,No,18,,18:37,2025,Wednesday,15,Parked Vehicle,07,"On Shoulder, Right Side",5,,,,,,10,"Other Location Not Listed Above Within an Interchange Area (median,
shoulder and roadside)",03,Dark - Lighted,3/5/2025,2025-03-05,E,33.43,F,N,,,02500DAC176A96650BD0189F7310482FCBCD87362E07F620B2A32783A3AFE340,CO,01,No,,,,,09,Wet,,,,,,,,
Property Damage Crashes,CC03050022,Hyattsville Police Department,Single Vehicle,Prince George's,Principal Arterial – Other,No,No,No,Yes,No,EAST WEST HWY (WB/L),410,MARYLAND ROUTE,No,True,No,2/9/2025,No,Point,38.966865730,-76.957452763,HYATTSVILLE,101,16,03,No,14,,14:00,2025,Sunday,17,Pedestrian,05,On Roadway,3,,,,,,09,Through Roadway,01,Daylight,2/9/2025,2025-02-09,W,2.67,F,N,,,DED9CCCE8EACCB9273E9AE62F5313D78BBADD659D259EB4D36FD818B0BE1FDAE,MD,01,No,,,,,01,Dry,,,,,,,,
Injury Crashes,MSP585801FM,Maryland State Police,Front to Rear,Prince George's,Interstate,No,No,No,No,No,CAPITAL BELTWAY (NB LOCAL),95,INTERSTATE ROUTE,No,True,No,2/10/2025,No,Point,38.802639728,-76.999255045,MSP,03,16,02,No,18,,18:09,2025,Monday,12,Motor Vehicle In Transport,05,On Roadway,1,,,,,,09,Through Roadway,03,Dark - Lighted,2/10/2025,2025-02-10,N,4.23,F,N,,,103155A394ACB3A5679099FFE53E752136F9BB0AC72FDC6C3CE2AFF914905008,IS,01,No,12,Motor Vehicle In Transport,05,On Roadway,01,Dry,,,,,,,,
Property Damage Crashes,DA4308004T,Prince George's County Police,Front to Rear,Prince George's,,No,No,No,No,No,,122,COUNTY ROAD,No,True,No,5/27/2025,No,Point,38.804970064,-76.958575358,PGCOPD,03,16,03,Yes,9,03,09:49,2025,Tuesday,12,Motor Vehicle In Transport,05,On Roadway,,Angled/Skewed,,,FISHER RD,01,05,Intersection or Related,01,Daylight,5/27/2025,2025-05-27,S,0,F,N,,,9FEE65F8BD1233EE6A882CD2BFBCF3CA2E33810B0FFBF0E6AAB2D81B6AC9C5E4,CO,01,No,,,,,01,Dry,01,Signalized,,,,,,
Property Damage Crashes,AZ17520007,Cheverly Police Department,Front to Rear,Prince George's,Principal Arterial – Other,No,No,No,No,No,LANDOVER RD,202,MARYLAND ROUTE,No,True,No,5/30/2025,No,Point,38.932263406,-76.901955228,CHEVERLY,03,16,03,No,16,,16:10,2025,Friday,12,Motor Vehicle In Transport,05,On Roadway,3,,,,,,06,Non-Junction,01,Daylight,5/30/2025,2025-05-30,E,15.04,F,N,,,B03A012F01D077610ACD41FDA5BD5A45AC2F17527E340642E5AC127FB21C5C59,MD,01,No,,,,,01,Dry,,,,,,,,
Property Damage Crashes,CBPD0117007D,Bowie Police Department,Single Vehicle,Prince George's,Major Collector,No,No,No,No,No,MILLSTREAM DR,1880,MUNICIPAL ROAD,No,True,No,2/19/2025,No,Point,38.983926157,-76.751326182,BOWIE,101,16,03,No,20,,20:00,2025,Wednesday,41,Utility Pole/Light Support,09,Roadside,5,,100,Local,,,06,Non-Junction,03,Dark - Lighted,2/19/2025,2025-02-19,W,52.72,F,N,,,DC44EE07461B097A4FE302E67998A8359E8194D35FF46C4FAC6DB73B83F0FC74,MU,01,No,,,,,01,Dry,,,,,,,,
Injury Crashes,DA4428000F,Prince George's County Police,Angle,Prince George's,Principal Arterial – Other,No,No,No,No,No,GLENN DALE BLVD (WB/L),193,MARYLAND ROUTE,No,True,No,2/21/2025,No,Point,38.978241341,-76.803206415,PGCOPD,01,16,02,Yes,19,04,19:25,2025,Friday,12,Motor Vehicle In Transport,05,On Roadway,3,Perpendicular,,,DAISY LA,03,05,Intersection or Related,03,Dark - Lighted,2/21/2025,2025-02-21,E,0,F,N,,,B041C07515F53361691B046F077DB1FBF6F531E68F0BF0B90DAFE87DDC81764E,MD,01,No,12,Motor Vehicle In Transport,05,On Roadway,01,Dry,01,Signalized,,,,,,
Property Damage Crashes,DS0503000V,University of Maryland Police College Park,Other,Prince George's,,No,No,No,No,Yes,,,,No,True,No,3/20/2025,No,Point,38.982674604,-76.943987337,UMCP,98,16,03,,12,,12:40,2025,Thursday,12,Motor Vehicle In Transport,02,In Parking Lane Or Zone,,,101,State,,,,,01,Daylight,3/20/2025,2025-03-20,,,F,N,102,Parking Lot Way,,,01,No,15,Parked Vehicle,02,In Parking Lane Or Zone,,,,,,,,,,
Property Damage Crashes,DA3707004C,Prince George's County Police,Angle,Prince George's,Minor Arterial,No,No,No,No,No,ANNAPOLIS RD,450,MARYLAND ROUTE,No,True,No,1/22/2025,No,Point,38.964694240,-76.848760963,PGCOPD,01,16,03,Yes,17,,17:00,2025,Wednesday,12,Motor Vehicle In Transport,05,On Roadway,4,,,,FONTANA DR,,02,Crossover-Related,01,Daylight,1/22/2025,2025-01-22,N,25.02,F,N,,,B31284A1BA535C055E06DEAFFFC9E44D85A39AF3DCEF4C108BD6BBF9900C1311,MD,01,No,,,,,01,Dry,,,,,,,,
Property Damage Crashes,DA409900FB,Prince George's County Police,"Sideswipe, Same Direction",Prince George's,Major Collector,No,No,No,No,No,CHILLUM RD,449,COUNTY ROAD,No,True,No,3/29/2025,No,Point,38.964379308,-76.997158007,PGCOPD,07,16,03,No,19,,19:56,2025,Saturday,12,Motor Vehicle In Transport,05,On Roadway,5,,,,8TH AVE,,09,Through Roadway,03,Dark - Lighted,3/29/2025,2025-03-29,N,11.38,F,N,,,216E61CF1A147FED90BDBD972C0D6F0816916ED013F0BC932400FB63B65EF97D,CO,01,No,,,,,01,Dry,,,,,,,,
Property Damage Crashes,DA44240012,Prince George's County Police,Front to Front,Prince George's,Minor Arterial,No,No,No,No,No,MARLBORO PIKE,3074,COUNTY ROAD,No,True,No,5/17/2025,No,Point,38.872587747,-76.926926653,PGCOPD,02,16,03,No,13,,13:50,2025,Saturday,12,Motor Vehicle In Transport,05,On Roadway,4,,,,GLACIER AVE,,09,Through Roadway,01,Daylight,5/17/2025,2025-05-17,E,18.7,F,N,,,DE3AE820E571C21AC3DFE9AD687560A1840FD427113C885FA2E660EF6BA6D8D6,CO,01,No,,,,,01,Dry,,,,,,,,
Property Damage Crashes,DA3476004P,Prince George's County Police,Front to Rear,Prince George's,Principal Arterial – Other,No,No,No,No,No,BALTIMORE AVE (SB/L),1,UNITED STATE ROUTE,No,True,No,3/1/2025,No,Point,39.016259936,-76.927238937,PGCOPD,03,16,03,No,21,,21:13,2025,Saturday,12,Motor Vehicle In Transport,05,On Roadway,3,,,,,,09,Through Roadway,03,Dark - Lighted,3/1/2025,2025-03-01,N,6.67,F,N,,,7FF9398CEF040BECF9E1ACA905B421DC6DE3138120A9348F9A5DF005008A8C17,US,01,No,,,,,01,Dry,,,,,,,,
Property Damage Crashes,MSP78650023,Maryland State Police,Front to Rear,Prince George's,Interstate,No,No,No,No,No,JOHN HANSON HWY (WB/L),595,INTERSTATE ROUTE,No,True,No,3/28/2025,No,Point,38.946950167,-76.842760183,MSP,03,16,03,No,15,,15:54,2025,Friday,12,Motor Vehicle In Transport,05,On Roadway,1,,,,,,06,Non-Junction,01,Daylight,3/28/2025,2025-03-28,S,68.37,F,N,,,714EF0F5D8F98B64E1B078C4305F1CA9DAC460E8C046453891863953975A69C2,IS,01,No,,,,,01,Dry,,,,,,,,
Property Damage Crashes,CBPD0061005N,Bowie Police Department,Unknown,Prince George's,,No,No,No,No,Yes,,,,No,True,No,5/26/2025,No,Point,38.938214834,-76.718516976,BOWIE,99,16,03,,3,,03:26,2025,Monday,15,Parked Vehicle,99,Unknown,,,,,,,,,03,Dark - Lighted,5/26/2025,2025-05-26,,,F,N,102,Parking Lot Way,,,01,No,,,,,,,,,,,,,,
Property Damage Crashes,DA4296004D,Prince George's County Police,"Sideswipe, Same Direction",Prince George's,Minor Arterial,No,No,No,No,No,SHERIFF RD,75,COUNTY ROAD,No,True,No,4/25/2025,No,Point,38.912766636,-76.884793089,PGCOPD,07,16,03,No,12,,12:45,2025,Friday,12,Motor Vehicle In Transport,05,On Roadway,4,,,,,,09,Through Roadway,01,Daylight,4/25/2025,2025-04-25,E,18.33,F,N,,,9D6387C8D376DE737A810E05A7A624EF8BE207825C569CB47243C50589A8F324,CO,01,No,,,,,01,Dry,,,,,,,,
Property Damage Crashes,MSP546601TG,Maryland State Police,"Sideswipe, Same Direction",Prince George's,Principal Arterial – Other,No,No,No,No,No,CRAIN HWY,301,UNITED STATE ROUTE,No,True,No,5/11/2025,No,Point,38.909501667,-76.717186667,MSP,07,16,03,Yes,3,,03:56,2025,Sunday,12,Motor Vehicle In Transport,05,On Roadway,3,,,,,,09,Through Roadway,04,Dark - Not Lighted,5/11/2025,2025-05-11,W,21.58,F,N,,,6118D5359704A05E9E50F7AC1E05239E3B9C5A1A4C0F1A58C9F723A22DF9D57F,US,01,No,,,,,01,Dry,,,,,,,,
Property Damage Crashes,MSP6859008T,Maryland State Police,Front to Rear,Prince George's,Principal Arterial – Other,No,No,No,No,No,CRAIN HWY,301,UNITED STATE ROUTE,No,True,No,5/8/2025,No,Point,38.920213333,-76.716518333,MSP,03,16,03,No,9,,09:38,2025,Thursday,12,Motor Vehicle In Transport,05,On Roadway,3,,,,,,06,Non-Junction,01,Daylight,5/8/2025,2025-05-08,N,28.03,F,N,,,AB5A8B964E2F8C5E339D64E5654C5461FCBED2F0C50C6CEB3474A78D0EB15AF8,US,01,No,,,,,01,Dry,,,,,,,,
Property Damage Crashes,CC0292002V,Hyattsville Police Department,Unknown,Prince George's,Local,No,No,No,No,No,AMERICA BLVD,5527,OTHER PUBLIC ROAD,No,True,No,3/27/2025,No,Point,38.966819756,-76.952222928,HYATTSVILLE,99,16,03,Unknown,23,,23:00,2025,Thursday,13,Other Non-Fixed Object,99,Unknown,7,,,,,,99,Unknown,99,Unknown,3/27/2025,2025-03-27,N,19.85,F,N,,,AF2E50408CC5F2137D6D9E29657C739BC92F1AB63760021AEFF0EDD557ECA70A,OP,01,No,,,,,99,Unknown,,,,,,,,
Injury Crashes,DA3853001Y,Prince George's County Police,Front to Front,Prince George's,Local,No,No,No,No,No,MGM NATIONAL AVE,5591,OTHER PUBLIC ROAD,No,True,No,3/9/2025,No,Point,38.797122709,-77.003604748,PGCOPD,02,16,02,Yes,0,,00:30,2025,Sunday,12,Motor Vehicle In Transport,05,On Roadway,7,,,,,,09,Through Roadway,03,Dark - Lighted,3/9/2025,2025-03-09,W,45.79,F,N,,,6143892C14FEAD6453DCA9DFBC185863B2D90DE02D435CA4BD03F3C2BFD02003,OP,01,No,97,Not Applicable,,,01,Dry,,,,,,,,
Property Damage Crashes,MSP7765006S,Maryland State Police,Front to Rear,Prince George's,Interstate,No,No,No,No,No,CAPITAL BELTWAY,95,INTERSTATE ROUTE,No,True,No,3/10/2025,No,Point,38.817861333,-76.944194667,MSP,03,16,03,No,21,,21:15,2025,Monday,12,Motor Vehicle In Transport,05,On Roadway,1,,,,,,09,Through Roadway,04,Dark - Not Lighted,3/10/2025,2025-03-10,W,39.47,F,N,,,5E3535F661A143AAEC709DF4CF10015756D4565A639118303324B7334DA8BA57,IS,01,No,,,,,01,Dry,,,,,,,,
Property Damage Crashes,DA36260014,Prince George's County Police,Rear To Rear,Prince George's,Local,No,No,No,No,No,TAHONA DR,669,COUNTY ROAD,No,True,No,1/7/2025,No,Point,38.992744736,-76.988895914,PGCOPD,04,16,03,No,14,,14:00,2025,Tuesday,12,Motor Vehicle In Transport,02,In Parking Lane Or Zone,7,,,,,,06,Non-Junction,01,Daylight,1/7/2025,2025-01-07,W,32.96,F,N,,,CBC14C15BEA6DAD7B8C460EC6A05E61644D1E2080471E6FBAAD9C3DAB156B95D,CO,01,No,,,,,07,Snow,,,,,,,,