Crash Severity Description,Reportnumber,Agencyname,CollisionImpact Description,Crash County Description,FunctionalClass Description,ImpairedCrash,Large Vehicle Involved,Motorcycle Crash,Non-Motorist Crash,OffRoad,RoadName,Route Number,RouteType Description,Unrestrained Occupants,WithinDateRange,Work Zone Related,Crashdate,Work Zone Crash,CrashPoint,Latitude,Longitude,AgencyCode,CollisionImpact,Crash County,Crash Severity,Crash Within Interchange,Crashhour,CrashInterchangeApproaches,Crashtime,CrashYear,Dayofweek,FirstHarmEvent,FirstHarmEvent Description,FirstHarmLocation,FirstHarmLocation Description,FunctionalClass,Geometry Description,GovPropertyDamage,GovPropertyDamage Description,IntersectingRoadName,Intersection Geometry,JunctionRelated,JunctionRelated Description,Light,Light Description,LOD Crash Date,LOD Date Level,MilepointDirection,MilepointDistance,MilepointUnits,NonTrafficFatal,OffroadLocation,OffroadLocation Description,RoadID,RouteType,SchoolBusRelated,SchoolBusRelated Description,SecondHarmEvent,SecondHarmEvent Description,SecondHarmLocation,SecondHarmLocation Description,Surface,Surface Description,TrafficControl,Trafficcontrol Description,WZLawEnforcementPresent,WZLocation,WZLocation Description,WZType,WZType Description,WZWorkersPresent
Property Damage Crashes,DA4243009V,Prince George's County Police,Front to Rear,Prince George's,Principal Arterial – Other,No,No,No,No,No,MARLBORO PIKE,725,MARYLAND ROUTE,No,True,No,4/24/2025,No,Point,38.820673477,-76.744243145,PGCOPD,03,16,03,No,20,,20:15,2025,Thursday,12,Motor Vehicle In Transport,05,On Roadway,3,,,,,,09,Through Roadway,03,Dark - Lighted,4/24/2025,2025-04-24,W,38.37,F,N,,,88768080EBE191ED510ED226F2EBCCF8D896752DEBA5FCD1B12B87BAE2CF7E02,MD,01,No,,,,,01,Dry,,,,,,,,
Property Damage Crashes,DA3706005Z,Prince George's County Police,Other,Prince George's,Local,No,No,No,No,No,DUBARRY AVE,911,COUNTY ROAD,No,True,No,5/6/2025,No,Point,38.969691837,-76.845085744,PGCOPD,98,16,03,No,15,,15:30,2025,Tuesday,12,Motor Vehicle In Transport,05,On Roadway,7,,,,,,09,Through Roadway,01,Daylight,5/6/2025,2025-05-06,E,23.35,F,N,,,B838DF5D45F4B767788802C2231C9759E225332EEB4298BB1DC21C33C01339C5,CO,01,No,,,,,01,Dry,,,,,,,,
Property Damage Crashes,DA389000RZ,Prince George's County Police,Front to Rear,Prince George's,Minor Arterial,No,No,No,No,No,OLD GUNPOWDER RD,2,COUNTY ROAD,No,True,No,3/26/2025,No,Point,39.052938471,-76.922236182,PGCOPD,03,16,03,No,12,,12:30,2025,Wednesday,12,Motor Vehicle In Transport,05,On Roadway,4,,,,,,06,Non-Junction,01,Daylight,3/26/2025,2025-03-26,W,124.69,F,N,,,9255A7DBE37C044A869802D6BAA3FC69C3F293591B15B960E7DFEACA0248434F,CO,01,No,,,,,01,Dry,,,,,,,,
Property Damage Crashes,DA42720025,Prince George's County Police,Single Vehicle,Prince George's,Major Collector,No,No,No,No,No,BRINKLEY RD (WB/L),122,COUNTY ROAD,No,True,No,2/21/2025,No,Point,38.805750495,-76.970532538,PGCOPD,101,16,03,No,3,,03:24,2025,Friday,27,Curb,09,Roadside,5,,,,,,06,Non-Junction,03,Dark - Lighted,2/21/2025,2025-02-21,N,69.64,F,N,,,376C4E69DFC64C6D1BCD20AC897460C0834DAC3B038B976664C768D9F6E575BC,CO,01,No,,,,,01,Dry,,,,,,,,
Property Damage Crashes,DA36840072,Prince George's County Police,Single Vehicle,Prince George's,Minor Collector,No,No,No,No,No,FLORAL PARK RD,225,COUNTY ROAD,No,True,No,2/12/2025,No,Point,38.705334624,-76.947640272,PGCOPD,101,16,03,No,6,,06:07,2025,Wednesday,41,Utility Pole/Light Support,01,Gore,6,,,,,,06,Non-Junction,03,Dark - Lighted,2/12/2025,2025-02-12,E,8.23,F,N,,,8B946FEA4C875B21123AACF8995298CAF472CD19FDA2BC154B99DC0D89EE827C,CO,01,No,,,,,02,Ice/Frost,,,,,,,,
Property Damage Crashes,MSP7416001D,Maryland State Police,Front to Rear,Prince George's,Interstate,No,No,Yes,No,No,CAPITAL BELTWAY,95,INTERSTATE ROUTE,No,True,No,4/1/2025,No,Point,38.986695137,-76.881210500,MSP,03,16,03,No,12,,12:03,2025,Tuesday,12,Motor Vehicle In Transport,05,On Roadway,1,,,,,,09,Through Roadway,01,Daylight,4/1/2025,2025-04-01,S,41.99,F,N,,,C49DD721B55BA4AEA8B13893E7835980C54BFEA3D3E68ABF0D5B16A989DF7AD9,IS,01,No,,,,,01,Dry,,,,,,,,
Property Damage Crashes,DA3717004S,Prince George's County Police,Angle,Prince George's,Principal Arterial – Other,No,No,No,No,No,OXON HILL RD (WB/L),414,MARYLAND ROUTE,No,True,No,2/26/2025,No,Point,38.803536191,-76.987896422,PGCOPD,01,16,03,No,11,,11:31,2025,Wednesday,12,Motor Vehicle In Transport,05,On Roadway,3,,,,,,06,Non-Junction,01,Daylight,2/26/2025,2025-02-26,W,22.04,F,N,,,1573456330AEBDF0FAE717303605B4D9F3180E870160A1BE9542390B65F7EB39,MD,01,No,,,,,01,Dry,,,,,,,,
Injury Crashes,DA30580046,Prince George's County Police,Angle,Prince George's,Local,No,No,No,No,No,SWEITZER LA (NB/L),4820,OTHER PUBLIC ROAD,No,True,No,5/9/2025,No,Point,39.086450251,-76.900436737,PGCOPD,01,16,02,Yes,12,04,12:20,2025,Friday,12,Motor Vehicle In Transport,05,On Roadway,7,Angled/Skewed,,,KONTERRA DR KONTERRA DR (SB/L) RAMP 5 FR IS 95 SB CD LA TO KONTERRA DR RAMP 7 FR KONTERRA DR WB TO IS 95 SB CD,01,05,Intersection or Related,01,Daylight,5/9/2025,2025-05-09,N,0,F,N,,,F8FC5139E48F2F54158603288FD4761B1E78C2394506D26CF6F03986DA5CB522,OP,01,No,12,Motor Vehicle In Transport,05,On Roadway,01,Dry,01,Signalized,,,,,,
Property Damage Crashes,DA4368001K,Prince George's County Police,"Sideswipe, Same Direction",Prince George's,Principal Arterial – Other,No,No,No,No,No,WOODYARD RD (SB/L),223,MARYLAND ROUTE,No,True,No,3/14/2025,No,Point,38.769719965,-76.882039249,PGCOPD,07,16,03,No,17,,17:46,2025,Friday,12,Motor Vehicle In Transport,05,On Roadway,3,,,,,,99,Unknown,01,Daylight,3/14/2025,2025-03-14,W,7.77,F,N,,,F771E1000E12DCCFC485758B0243311C34A66DD76E3EA222C683576F2D98EB0C,MD,01,No,,,,,01,Dry,,,,,,,,
Property Damage Crashes,CE4862004Z,Laurel Police Department,Front to Rear,Prince George's,Local,Yes,No,No,No,No,EIGHTH ST,9080,MUNICIPAL ROAD,Yes,True,No,4/20/2025,No,Point,39.102705175,-76.857247307,LAUREL,03,16,03,No,21,,21:38,2025,Sunday,12,Motor Vehicle In Transport,05,On Roadway,7,,,,TALBOTT AVE (WB/L),,06,Non-Junction,03,Dark - Lighted,4/20/2025,2025-04-20,S,60.99,F,N,,,80656CEA6EC1ACA141960AF808E8A8A6BDAFADDE0DD25F24E89BBF0BADEFFD15,MU,01,No,,,,,01,Dry,,,,,,,,
Property Damage Crashes,DA4320002Q,Prince George's County Police,Front to Rear,Prince George's,Principal Arterial – Other,No,No,No,No,No,BRANCH AVE (SB/L),5,MARYLAND ROUTE,No,True,No,1/15/2025,No,Point,38.825859980,-76.925351741,PGCOPD,03,16,03,No,15,,15:40,2025,Wednesday,15,Parked Vehicle,05,On Roadway,3,,,,,,09,Through Roadway,01,Daylight,1/15/2025,2025-01-15,E,4.26,F,N,,,1D76FC7E70734F38017F81E8A701D0E7E169430146E4944097666BFC1008C1A5,MD,01,No,,,,,01,Dry,,,,,,,,
Property Damage Crashes,DA3407003Z,Prince George's County Police,Front to Front,Prince George's,,Yes,No,No,No,No,,87,COUNTY ROAD,No,True,No,3/1/2025,No,Point,38.862353769,-76.870238903,PGCOPD,02,16,03,No,18,,18:58,2025,Saturday,12,Motor Vehicle In Transport,05,On Roadway,,,,,,,06,Non-Junction,03,Dark - Lighted,3/1/2025,2025-03-01,S,6.69,F,N,,,05384FA2A7E15D5D5710038ABD811F34C9CAD74C1C8B54857139DF119D03E553,CO,01,No,,,,,01,Dry,,,,,,,,
Injury Crashes,MSP77650076,Maryland State Police,Front to Rear,Prince George's,Interstate,No,No,No,No,No,CAPITAL BELTWAY,95,INTERSTATE ROUTE,No,True,No,3/30/2025,No,Point,38.931804957,-76.854529167,MSP,03,16,02,No,10,,10:08,2025,Sunday,12,Motor Vehicle In Transport,05,On Roadway,1,,,,,,09,Through Roadway,01,Daylight,3/30/2025,2025-03-30,W,15.72,F,N,,,D4F4EBD3A2A4F42CB2844E3AA9BF42844786261244D3231F287F59179DB4AC0E,IS,01,No,,,,,01,Dry,,,,,,,,
Property Damage Crashes,RD0136000K,Riverdale Park Police Department,"Sideswipe, Opposite Direction",Prince George's,Major Collector,No,No,No,No,No,QUEENSBURY RD,180,MUNICIPAL ROAD,No,True,No,5/16/2025,No,Point,38.963115856,-76.939302242,RIVERDALE,06,16,03,Yes,7,04,07:10,2025,Friday,12,Motor Vehicle In Transport,05,On Roadway,5,Perpendicular,,,BALTIMORE AVE,03,05,Intersection or Related,01,Daylight,5/16/2025,2025-05-16,S,0,F,N,,,2D8E36DAF0B8728763CACFEACEB84A19031A58CC1A671126250F6DF614B4147A,MU,01,No,,,,,01,Dry,01,Signalized,,,,,,
Property Damage Crashes,DA2448000N,Prince George's County Police,Front to Rear,Prince George's,Principal Arterial – Other Freeways and Expressways,No,No,No,No,No,INDIAN HEAD HWY (SB/L),210,MARYLAND ROUTE,No,True,No,3/6/2025,No,Point,38.667146931,-77.015560418,PGCOPD,03,16,03,No,19,,19:25,2025,Thursday,12,Motor Vehicle In Transport,05,On Roadway,2,,,,,,06,Non-Junction,04,Dark - Not Lighted,3/6/2025,2025-03-06,E,23.79,F,N,,,46901AAADFB35061777DA30C107E66DC173C7DD7DC2245AB8EFB8BA8ABF83E39,MD,01,No,,,,,01,Dry,,,,,,,,
Injury Crashes,GA00180029,Colmar Manor Police Department,"Sideswipe, Same Direction",Prince George's,Local,No,No,Yes,No,No,40TH PL,401,MUNICIPAL ROAD,No,True,No,3/4/2025,No,Point,38.936172630,-76.948156116,COLMAR,07,16,02,Yes,19,,19:55,2025,Tuesday,12,Motor Vehicle In Transport,05,On Roadway,7,,,,BLADENSBURG RD,,02,Crossover-Related,03,Dark - Lighted,3/4/2025,2025-03-04,S,13.45,F,N,,,B0D9F482FAC97AF2E47E6378D3A0C1A182A48C227FB4FE61BBAEB924E97AE98C,MU,01,No,97,Not Applicable,,,01,Dry,,,,,,,,
Property Damage Crashes,CNC31850018,New Carrollton Police Department,Front to Rear,Prince George's,,No,No,No,No,No,,302,COUNTY ROAD,No,True,No,4/21/2025,No,Point,38.957596646,-76.874225385,NCPD,03,16,03,No,17,,17:50,2025,Monday,12,Motor Vehicle In Transport,05,On Roadway,,,,,,,01,Acceleration/Deceleration Lane,01,Daylight,4/21/2025,2025-04-21,S,55.05,F,N,,,D41214EA41582884B3A6164B69018FF7AD691D7B0904964433F1681B35412EDB,CO,01,No,,,,,01,Dry,,,,,,,,
Property Damage Crashes,CE4906002Z,Laurel Police Department,Other,Prince George's,Principal Arterial – Other,No,No,No,No,No,GORMAN AVE,198,MARYLAND ROUTE,No,True,No,4/28/2025,No,Point,39.100272343,-76.853139150,LAUREL,98,16,03,No,18,02,18:25,2025,Monday,12,Motor Vehicle In Transport,05,On Roadway,3,Perpendicular,,,FOURTH ST,03,05,Intersection or Related,01,Daylight,4/28/2025,2025-04-28,E,0,F,N,,,6B2F57F720586A78481AFAA9F92B708B3561F11979662C4A36BA51406C7FD17B,MD,01,No,,,,,01,Dry,01,Signalized,,,,,,
Property Damage Crashes,HV0141000Q,University Park Police,"Sideswipe, Same Direction",Prince George's,Major Collector,No,No,No,No,No,CLAGETT RD,40,MUNICIPAL ROAD,No,True,No,1/26/2025,No,Point,38.977252306,-76.946870717,UNIVERSITYPARK,07,16,03,No,11,,11:05,2025,Sunday,12,Motor Vehicle In Transport,02,In Parking Lane Or Zone,5,,,,,,06,Non-Junction,99,Unknown,1/26/2025,2025-01-26,S,11.57,F,N,,,31E8074F6A5C4DFB0840442928BA58729CB588136769BE7154D2477165991093,MU,01,No,,,,,01,Dry,,,,,,,,
Property Damage Crashes,DA3047008L,Prince George's County Police,Front to Front,Prince George's,Principal Arterial – Other Freeways and Expressways,No,No,No,No,No,INDIAN HEAD HWY (SB/L),210,MARYLAND ROUTE,No,True,No,6/6/2025,No,Point,38.649668806,-77.036081573,PGCOPD,02,16,03,No,15,,15:00,2025,Friday,12,Motor Vehicle In Transport,05,On Roadway,2,,,,,,06,Non-Junction,01,Daylight,6/6/2025,2025-06-06,N,40.4,F,N,,,550E35580875E626B12A8363420D1D6E94F92852A809279EC0A75A234F7F9363,MD,01,No,,,,,01,Dry,,,,,,,,
Property Damage Crashes,DA43560032,Prince George's County Police,Front to Rear,Prince George's,Principal Arterial – Other,No,No,No,No,No,PENNSYLVANIA AVE,4,MARYLAND ROUTE,No,True,No,2/25/2025,No,Point,38.841128171,-76.873962158,PGCOPD,03,16,03,No,21,,21:40,2025,Tuesday,12,Motor Vehicle In Transport,05,On Roadway,3,,,,,,06,Non-Junction,03,Dark - Lighted,2/25/2025,2025-02-25,W,5.14,F,N,,,095273E34457F048A1258B7E7BDA4B768779D1D2A92CA24834777E3254E32892,MD,01,No,,,,,01,Dry,,,,,,,,
Injury Crashes,FZ9607002X,Brentwood Police Department,Single Vehicle,Prince George's,Local,No,No,No,Yes,No,SHEPHERD ST,111,MUNICIPAL ROAD,No,True,No,5/13/2025,No,Point,38.940093780,-76.954374541,BRENTWOOD,101,16,02,No,11,02,11:22,2025,Tuesday,17,Pedestrian,05,On Roadway,7,Angled/Skewed,,,RHODE ISLAND AVE (SB/L),01,05,Intersection or Related,99,Unknown,5/13/2025,2025-05-13,E,0,F,N,,,EDF68B00398FE1FBB6BBA6FE88F24AA071F27F1D9ED6F70192F32848A907A971,MU,01,No,,,,,09,Wet,03,Stop - Partial,,,,,,
Property Damage Crashes,MSP68590091,Maryland State Police,"Sideswipe, Same Direction",Prince George's,Interstate,No,No,No,No,No,CAPITAL BELTWAY,95,INTERSTATE ROUTE,No,True,No,5/14/2025,No,Point,38.817572569,-76.946419001,MSP,07,16,03,No,15,,15:38,2025,Wednesday,12,Motor Vehicle In Transport,05,On Roadway,1,,,,,,09,Through Roadway,01,Daylight,5/14/2025,2025-05-14,N,24.38,F,N,,,006166F7774CD5AAE02EF20ABEE125BC9FF4B2392EA3FA46126169D93646432E,IS,01,No,,,,,01,Dry,,,,,,,,
Property Damage Crashes,MSP726800H5,Maryland State Police,Front to Rear,Prince George's,Interstate,No,No,No,No,No,CAPITAL BELTWAY,95,INTERSTATE ROUTE,No,True,No,2/14/2025,No,Point,38.888651667,-76.845411667,MSP,03,16,03,No,17,,17:12,2025,Friday,12,Motor Vehicle In Transport,05,On Roadway,1,,,,,,06,Non-Junction,01,Daylight,2/14/2025,2025-02-14,W,52.64,F,N,,,9809F2C8E2F51CAEBF9042FCA94B5DA74D6CCE62AE5B2C0D0E81FFE7DFF6A58A,IS,01,No,12,Motor Vehicle In Transport,05,On Roadway,01,Dry,,,,,,,,
Property Damage Crashes,DA4408001B,Prince George's County Police,Angle,Prince George's,Major Collector,No,No,No,No,No,23RD PKWY,1084,COUNTY ROAD,No,True,No,5/15/2025,No,Point,38.829963602,-76.956631456,PGCOPD,01,16,03,No,18,,18:25,2025,Thursday,12,Motor Vehicle In Transport,05,On Roadway,5,,,,,,99,Unknown,01,Daylight,5/15/2025,2025-05-15,S,34.95,F,N,,,B576B9F905D092710FA70522A96D961094A8BB40F50709873E134A687DDE2A8F,CO,01,No,,,,,01,Dry,,,,,,,,
Property Damage Crashes,DA4318004D,Prince George's County Police,"Sideswipe, Same Direction",Prince George's,Principal Arterial – Other,No,No,No,No,No,ST BARNABAS RD,414,MARYLAND ROUTE,No,True,No,4/26/2025,No,Point,38.814592011,-76.963966394,PGCOPD,07,16,03,No,1,,01:22,2025,Saturday,12,Motor Vehicle In Transport,05,On Roadway,3,,,,,,09,Through Roadway,03,Dark - Lighted,4/26/2025,2025-04-26,S,14.01,F,N,,,24123FB565973F3AE74D811920436B301264D455A23817391844899ADF6A579F,MD,01,No,,,,,09,Wet,,,,,,,,
Property Damage Crashes,MSP77780075,Maryland State Police,"Sideswipe, Same Direction",Prince George's,Local,No,No,No,No,No,59TH AVE,590,MUNICIPAL ROAD,No,True,No,1/10/2025,No,Point,38.997817651,-76.913831977,MSP,07,16,03,No,19,,19:05,2025,Friday,12,Motor Vehicle In Transport,04,"Off-Roadway, Location Unknown",7,,,,,,03,Driveway Access or Related,03,Dark - Lighted,1/10/2025,2025-01-10,E,48.29,F,N,,,BE49A01FC4157774B3EDE61FDD1F9636F11A656D9F8E691DF057F2338636E6AB,MU,01,No,,,,,06,Slush,,,,,,,,
Property Damage Crashes,CNC31600090,New Carrollton Police Department,Front to Rear,Prince George's,Minor Arterial,Yes,No,No,No,No,ANNAPOLIS RD (WB/L),450,MARYLAND ROUTE,No,True,No,5/10/2025,No,Point,38.956184058,-76.872276329,NCPD,03,16,03,No,4,,04:55,2025,Saturday,12,Motor Vehicle In Transport,05,On Roadway,4,,,,,,06,Non-Junction,03,Dark - Lighted,5/10/2025,2025-05-10,N,30.33,F,N,,,6255C73452B4C7ACE39BBB1748ACE6BAA4E5638F1B204A5500A1E0A6B00BA577,MD,01,No,,,,,01,Dry,,,,,,,,
Injury Crashes,DA43960013,Prince George's County Police,Angle,Prince George's,Principal Arterial – Other,No,No,No,No,No,NEW HAMPSHIRE AVE,650,MARYLAND ROUTE,No,True,No,2/6/2025,No,Point,38.996333785,-76.984562634,PGCOPD,01,16,02,No,21,,21:00,2025,Thursday,12,Motor Vehicle In Transport,05,On Roadway,3,,,,QUEBEC ST,,06,Non-Junction,03,Dark - Lighted,2/6/2025,2025-02-06,W,49.68,F,N,,,C6E7A83859BEBAE5B8595877178B4599B77C35AD507E373CD5BBCB3BD77FFF35,MD,01,No,,,,,01,Dry,,,,,,,,
Injury Crashes,MSP738100D1,Maryland State Police,"Sideswipe, Same Direction",Prince George's,Interstate,No,No,No,No,No,CAPITAL BELTWAY (SB/L),95,INTERSTATE ROUTE,No,True,No,5/24/2025,No,Point,38.81863,-76.932263333,MSP,07,16,02,No,13,,13:29,2025,Saturday,12,Motor Vehicle In Transport,05,On Roadway,1,,,,,,01,Acceleration/Deceleration Lane,01,Daylight,5/24/2025,2025-05-24,S,34.64,F,N,,,7FE4395BC43FB555524849ADDAF59C05594185083E88E2B9A91107717C891B9F,IS,01,No,,,,,01,Dry,,,,,,,,
Injury Crashes,DA4337002Y,Prince George's County Police,Angle,Prince George's,Minor Arterial,No,No,No,No,No,QUEENS CHAPEL RD (WB/L),500,MARYLAND ROUTE,Yes,True,No,1/11/2025,No,Point,38.947667544,-76.972326843,PGCOPD,01,16,02,No,18,,18:50,2025,Saturday,12,Motor Vehicle In Transport,05,On Roadway,4,,,,24TH AVE,,06,Non-Junction,03,Dark - Lighted,1/11/2025,2025-01-11,W,16.27,F,N,,,B4B59AC293DA1916F6102F0383CABEEB3C4177F917061C1619A15E39514FF20C,MD,01,No,,,,,01,Dry,,,,,,,,
Property Damage Crashes,DA306200DJ,Prince George's County Police,Unknown,Prince George's,Local,No,No,No,No,No,16TH PL,1153,COUNTY ROAD,No,True,No,1/26/2025,No,Point,38.981908913,-76.982431577,PGCOPD,99,16,03,No,16,,16:37,2025,Sunday,15,Parked Vehicle,05,On Roadway,7,,,,ELSON ST,,06,Non-Junction,01,Daylight,1/26/2025,2025-01-26,N,36.57,F,N,,,02B81939571DC0DAC1C0ECCA8978771B55B9630704508A7B7D5E74A06BCFAE9E,CO,01,No,,,,,01,Dry,,,,,,,,
Injury Crashes,DA41920087,Prince George's County Police,Single Vehicle,Prince George's,Principal Arterial – Other Freeways and Expressways,No,No,No,No,No,INDIAN HEAD HWY,210,MARYLAND ROUTE,No,True,No,4/13/2025,No,Point,38.657329005,-77.026728570,PGCOPD,101,16,02,No,10,,10:55,2025,Sunday,13,Other Non-Fixed Object,05,On Roadway,2,,,,,,09,Through Roadway,01,Daylight,4/13/2025,2025-04-13,N,54,F,N,,,03B47B223EE72F6EE68A253754ED62AA885A93652F63DED13EAC0C970B8C7F48,MD,01,No,97,Not Applicable,,,01,Dry,,,,,,,,
Fatal Crashes,DA36550098,Prince George's County Police,Rear To Side,Prince George's,Local,Yes,No,No,No,No,MISSOURI AVE,582,OTHER PUBLIC ROAD,Yes,True,No,5/17/2025,No,Point,38.714307400,-76.854670698,PGCOPD,05,16,01,No,18,,18:20,2025,Saturday,12,Motor Vehicle In Transport,05,On Roadway,7,,,,DYSON RD MISSOURI AVE,,02,Crossover-Related,01,Daylight,5/17/2025,2025-05-17,N,9.33,F,N,,,EFEA70CB693D3773A56ABC19F2E9F09F223F34572E53CF349C2D61BBC421B234,OP,01,No,02,Fell Jumped from Motor Vehicle,05,On Roadway,01,Dry,,,,,,,,
Property Damage Crashes,HB0492000C,Maryland-National Capital Park Police Prince George's County,Rear To Rear,Prince George's,,No,No,No,No,Yes,,,,No,True,No,1/24/2025,No,Point,39.008705931,-76.898042690,PGPARK,04,16,03,,14,,14:00,2025,Friday,12,Motor Vehicle In Transport,02,In Parking Lane Or Zone,,,100,Local,,,,,01,Daylight,1/24/2025,2025-01-24,,,F,N,101,Parking Aisle,,,01,No,,,,,,,,,,,,,,
Property Damage Crashes,DA4302002M,Prince George's County Police,"Sideswipe, Same Direction",Prince George's,Minor Arterial,No,No,No,No,No,RITCHIE MARLBORO RD,974,COUNTY ROAD,No,True,No,1/23/2025,No,Point,38.846433965,-76.813032656,PGCOPD,07,16,03,No,15,,15:18,2025,Thursday,12,Motor Vehicle In Transport,99,Unknown,4,,,,,,06,Non-Junction,01,Daylight,1/23/2025,2025-01-23,N,70.45,F,N,,,722C78F6C9C1847C8E8E9BDD365FD378507C62A0ED7621B01F1889E34912414E,CO,01,No,,,,,01,Dry,,,,,,,,
Injury Crashes,DA4308004K,Prince George's County Police,Front to Rear,Prince George's,Principal Arterial – Other,No,No,No,No,No,ST BARNABAS RD,414,MARYLAND ROUTE,Yes,True,No,4/4/2025,No,Point,38.815596714,-76.962748984,PGCOPD,03,16,02,Yes,19,04,19:56,2025,Friday,12,Motor Vehicle In Transport,05,On Roadway,3,Angled/Skewed,,,WHEELER RD WINSTON ST,01,05,Intersection or Related,03,Dark - Lighted,4/4/2025,2025-04-04,N,0,F,N,,,F6BD872CB34A46CE5A3B111925D24B6E9C1BBEF016E37A2C4B30EF8CA3033E3F,MD,01,No,,,,,01,Dry,01,Signalized,,,,,,
Property Damage Crashes,DA4313003F,Prince George's County Police,"Sideswipe, Same Direction",Prince George's,Principal Arterial – Other,No,No,No,No,No,BRANCH AVE,5,MARYLAND ROUTE,No,True,No,3/24/2025,No,Point,38.851675972,-76.955679285,PGCOPD,07,16,03,No,11,,11:19,2025,Monday,12,Motor Vehicle In Transport,05,On Roadway,3,,,,,,04,Entrance/Exit Ramp or Related,01,Daylight,3/24/2025,2025-03-24,N,22.08,F,N,,,75E6396205FBAA0704000AFEAF2FCE5AE65AC04D22F207D7845033E57BA6E819,MD,01,No,,,,,09,Wet,,,,,,,,
Property Damage Crashes,DA351500CW,Prince George's County Police,Single Vehicle,Prince George's,Local,No,No,No,No,No,ROMSEY DR,886,COUNTY ROAD,No,True,No,2/14/2025,No,Point,38.945724351,-76.827959860,PGCOPD,101,16,03,No,19,,19:38,2025,Friday,35,"Other Fixed Object (wall, building, tunnel, etc.)",05,On Roadway,7,,,,,,06,Non-Junction,03,Dark - Lighted,2/14/2025,2025-02-14,E,60.35,F,N,,,27BECD09D5A05971792A2D724F1AC9E51E2335908BEC57498B0BCA96C117CD6A,CO,01,No,,,,,01,Dry,,,,,,,,
Property Damage Crashes,MSP697200G5,Maryland State Police,Other,Prince George's,Interstate,No,No,No,No,No,CAPITAL BELTWAY,95,INTERSTATE ROUTE,No,True,No,3/21/2025,No,Point,39.018645328,-76.918673796,MSP,98,16,03,No,11,,11:58,2025,Friday,12,Motor Vehicle In Transport,05,On Roadway,1,,,,,,06,Non-Junction,01,Daylight,3/21/2025,2025-03-21,W,14.06,F,N,,,8D2FD4E1B4A569162D6926B53FAF4F9DB393B6AFF4E6B2A5AF6161BC607D43D1,IS,01,No,,,,,01,Dry,,,,,,,,
Injury Crashes,RD01270071,Riverdale Park Police Department,Front to Front,Prince George's,Local,No,No,No,No,No,58TH AVE,317,COUNTY ROAD,No,True,No,3/28/2025,No,Point,38.960036654,-76.917678002,RIVERDALE,02,16,02,No,17,04,17:59,2025,Friday,12,Motor Vehicle In Transport,05,On Roadway,7,Perpendicular,,,RIVERDALE RD,03,05,Intersection or Related,01,Daylight,3/28/2025,2025-03-28,S,0,F,N,,,ECB713C03FFDBE989375FED97C4EF7E759FC30F3BC92B03BBEF5114C404F1AC9,CO,01,No,,,,,01,Dry,01,Signalized,,,,,,
Property Damage Crashes,DA43910014,Prince George's County Police,"Sideswipe, Same Direction",Prince George's,Local,No,No,No,No,No,WYNGATE RD,3660,COUNTY ROAD,No,True,No,5/2/2025,No,Point,38.860550368,-76.928556699,PGCOPD,07,16,03,No,14,,14:39,2025,Friday,12,Motor Vehicle In Transport,05,On Roadway,7,,,,,,06,Non-Junction,01,Daylight,5/2/2025,2025-05-02,S,8.86,F,N,,,BA6CB582930F68501C0650A67C3CB117883775BD31B384C69064EB69D79CCC9C,CO,01,No,,,,,01,Dry,,,,,,,,
Property Damage Crashes,AM0342008D,Bladensburg Police Department,Single Vehicle,Prince George's,Minor Arterial,Yes,No,No,No,No,ANNAPOLIS RD,450,MARYLAND ROUTE,No,True,No,1/1/2025,No,Point,38.938612314,-76.924908735,BLADENSBURG,101,16,03,No,2,,02:40,2025,Wednesday,27,Curb,10,Separator/Traffic Island,4,,,,,,06,Non-Junction,03,Dark - Lighted,1/1/2025,2025-01-01,E,17,F,N,,,06B7531378B2E6968EA026DEB52E2AD5EC9CB197CFA4D7472C9354CF465361D9,MD,01,No,97,Not Applicable,,,09,Wet,,,,,,,,
Injury Crashes,MSP585801GK,Maryland State Police,Single Vehicle,Prince George's,Principal Arterial – Other,No,No,No,No,No,CRAIN HWY (SB/L),301,UNITED STATE ROUTE,No,True,No,3/29/2025,No,Point,38.704547398,-76.862695113,MSP,101,16,02,No,14,,14:17,2025,Saturday,07,Overturn/Rollover,05,On Roadway,3,,,,,,09,Through Roadway,01,Daylight,3/29/2025,2025-03-29,S,13.23,F,N,,,3649B1743395254301FFA53756689F7DB03ED2C8BC984A8AD21399876685265A,US,01,No,,,,,01,Dry,,,,,,,,
Property Damage Crashes,CC03020014,Hyattsville Police Department,Front to Rear,Prince George's,Local,No,No,No,No,No,STANFORD ST,405,MUNICIPAL ROAD,No,True,No,2/22/2025,No,Point,38.982773540,-76.959145247,HYATTSVILLE,03,16,03,No,0,,00:50,2025,Saturday,12,Motor Vehicle In Transport,05,On Roadway,7,,,,,,06,Non-Junction,03,Dark - Lighted,2/22/2025,2025-02-22,N,54.87,F,N,,,3C932C27E1D32045E43C93C231F22B1655D485E95987D9240BBFECC47993D131,MU,01,No,,,,,01,Dry,,,,,,,,