Crash Severity Description,Reportnumber,Agencyname,CollisionImpact Description,Crash County Description,FunctionalClass Description,ImpairedCrash,Large Vehicle Involved,Motorcycle Crash,Non-Motorist Crash,OffRoad,RoadName,Route Number,RouteType Description,Unrestrained Occupants,WithinDateRange,Work Zone Related,Crashdate,Work Zone Crash,CrashPoint,Latitude,Longitude,AgencyCode,CollisionImpact,Crash County,Crash Severity,Crash Within Interchange,Crashhour,CrashInterchangeApproaches,Crashtime,CrashYear,Dayofweek,FirstHarmEvent,FirstHarmEvent Description,FirstHarmLocation,FirstHarmLocation Description,FunctionalClass,Geometry Description,GovPropertyDamage,GovPropertyDamage Description,IntersectingRoadName,Intersection Geometry,JunctionRelated,JunctionRelated Description,Light,Light Description,LOD Crash Date,LOD Date Level,MilepointDirection,MilepointDistance,MilepointUnits,NonTrafficFatal,OffroadLocation,OffroadLocation Description,RoadID,RouteType,SchoolBusRelated,SchoolBusRelated Description,SecondHarmEvent,SecondHarmEvent Description,SecondHarmLocation,SecondHarmLocation Description,Surface,Surface Description,TrafficControl,Trafficcontrol Description,WZLawEnforcementPresent,WZLocation,WZLocation Description,WZType,WZType Description,WZWorkersPresent
Property Damage Crashes,DA3428006Y,Prince George's County Police,Front to Rear,Prince George's,Minor Arterial,No,No,No,No,No,COVENTRY WAY (EB/L),5,MARYLAND ROUTE,No,True,No,5/7/2025,No,Point,38.782629833,-76.895107988,PGCOPD,03,16,03,No,12,,12:25,2025,Wednesday,12,Motor Vehicle In Transport,05,On Roadway,4,,,,,,04,Entrance/Exit Ramp or Related,01,Daylight,5/7/2025,2025-05-07,S,46.47,F,N,,,7B30331FA17388CAD4C5B724AB7641A12E87D6F5ECEA5CD2A471E967F3D54DCD,MD,01,No,,,,,01,Dry,,,,,,,,
Injury Crashes,DA362200C3,Prince George's County Police,Single Vehicle,Prince George's,Minor Arterial,No,No,No,No,No,WOODYARD RD,223,MARYLAND ROUTE,No,True,No,2/19/2025,No,Point,38.795073115,-76.835292264,PGCOPD,101,16,02,No,15,,15:09,2025,Wednesday,41,Utility Pole/Light Support,09,Roadside,4,,,,,,09,Through Roadway,01,Daylight,2/19/2025,2025-02-19,N,19.03,F,N,,,835A5130BE602BFD7144E4CF452BB4804E4AA0369AF35AB2B8FFC0B83615475A,MD,01,No,,,,,07,Snow,,,,,,,,
Property Damage Crashes,DA24510005,Prince George's County Police,Other,Prince George's,,No,No,No,No,Yes,,,,No,True,No,3/1/2025,No,Point,38.954077556,-76.826235547,PGCOPD,98,16,03,,12,,12:26,2025,Saturday,12,Motor Vehicle In Transport,02,In Parking Lane Or Zone,,,,,,,,,01,Daylight,3/1/2025,2025-03-01,,,F,N,102,Parking Lot Way,,,01,No,97,Not Applicable,,,,,,,,,,,,
Property Damage Crashes,DA44020015,Prince George's County Police,Angle,Prince George's,,No,No,No,No,No,,87,COUNTY ROAD,No,True,No,5/3/2025,No,Point,38.867028604,-76.861739571,PGCOPD,01,16,03,No,21,,21:51,2025,Saturday,12,Motor Vehicle In Transport,05,On Roadway,,,,,,,09,Through Roadway,03,Dark - Lighted,5/3/2025,2025-05-03,S,52.26,F,N,,,806F00F3269544A4441F03D148B5153FC3AC13DAD00C792AE6A8A2A3F6E74FEE,CO,01,No,,,,,01,Dry,,,,,,,,
Injury Crashes,DA4428000Y,Prince George's County Police,Front to Front,Prince George's,Minor Arterial,No,No,No,No,No,LAUREL BOWIE RD (SB/L),197,MARYLAND ROUTE,No,True,No,4/5/2025,No,Point,39.008689219,-76.763121882,PGCOPD,02,16,02,No,19,04,19:47,2025,Saturday,12,Motor Vehicle In Transport,05,On Roadway,4,Angled/Skewed,,,RACE TRACK RD RACE TRACK RD (WB/L),01,05,Intersection or Related,03,Dark - Lighted,4/5/2025,2025-04-05,S,0,F,N,,,A4E2D9F15A77158199134D3C48345AB951BEEBA8662D9E0849849B4B9894A001,MD,01,No,12,Motor Vehicle In Transport,05,On Roadway,01,Dry,01,Signalized,,,,,,
Property Damage Crashes,MSP585801HH,Maryland State Police,Single Vehicle,Prince George's,Interstate,No,No,No,No,No,CAPITAL BELTWAY (SB/L),95,INTERSTATE ROUTE,No,True,No,5/10/2025,No,Point,38.818550051,-76.932289976,MSP,101,16,03,No,10,,10:44,2025,Saturday,32,Guardrail Face,09,Roadside,1,,101,State,,,09,Through Roadway,01,Daylight,5/10/2025,2025-05-10,W,11.69,F,N,,,7FE4395BC43FB555524849ADDAF59C05594185083E88E2B9A91107717C891B9F,IS,01,No,32,Guardrail Face,09,Roadside,01,Dry,,,,,,,,
Property Damage Crashes,DA3223004H,Prince George's County Police,Single Vehicle,Prince George's,,No,Yes,No,No,Yes,,,,No,True,No,4/8/2025,No,Point,38.742435580,-76.994071903,PGCOPD,101,16,03,,13,,13:56,2025,Tuesday,35,"Other Fixed Object (wall, building, tunnel, etc.)",02,In Parking Lane Or Zone,,,,,,,,,01,Daylight,4/8/2025,2025-04-08,,,F,N,101,Parking Aisle,,,01,No,,,,,,,,,,,,,,
Property Damage Crashes,DA387800C2,Prince George's County Police,Single Vehicle,Prince George's,,No,No,No,No,No,GOOD LUCK RD (WB/L),42,COUNTY ROAD,No,True,No,1/12/2025,No,Point,38.987433065,-76.837486603,PGCOPD,101,16,03,No,1,,01:41,2025,Sunday,27,Curb,09,Roadside,,,,,,,06,Non-Junction,03,Dark - Lighted,1/12/2025,2025-01-12,S,4.41,F,N,,,A4BF8D296B6A11BE5C5E64E4C4F343C039B56159FD76E5B53EE81B3BFF30E7AD,CO,01,No,,,,,01,Dry,,,,,,,,
Injury Crashes,RD0135000H,Riverdale Park Police Department,Rear To Side,Prince George's,Local,No,Yes,No,No,No,RIVERDALE RD,3048,COUNTY ROAD,Yes,True,No,5/4/2025,No,Point,38.958931485,-76.920107877,RIVERDALE,05,16,02,No,12,04,12:11,2025,Sunday,12,Motor Vehicle In Transport,05,On Roadway,7,Perpendicular,,,RIVERDALE RD (EB/L),03,05,Intersection or Related,98,Other,5/4/2025,2025-05-04,S,0,F,N,,,F490C88A99EAA586C76DD655F22C5D5F2FCB92C8AC9844A507155E6FCE37392B,CO,01,No,97,Not Applicable,,,09,Wet,01,Signalized,,,,,,
Property Damage Crashes,MSP757700HJ,Maryland State Police,Front to Rear,Prince George's,Principal Arterial – Other Freeways and Expressways,No,No,No,No,No,JOHN HANSON HWY (WB/L),50,UNITED STATE ROUTE,No,True,No,2/8/2025,No,Point,38.919260213,-76.933800599,MSP,03,16,03,No,15,,15:04,2025,Saturday,12,Motor Vehicle In Transport,05,On Roadway,2,,,,RAMP 7 FR US 50 WB TO MD 201 SB,,09,Through Roadway,01,Daylight,2/8/2025,2025-02-08,W,32.14,F,N,,,4AF858218176660F3F990F6EE52CCD31A689E9CE1E935093E7E093F18D3E4D79,US,01,No,97,Not Applicable,,,01,Dry,,,,,,,,
Property Damage Crashes,MSP7872004X,Maryland State Police,Front to Rear,Prince George's,Principal Arterial – Other,No,No,No,No,No,CRAIN HWY,3,MARYLAND ROUTE,No,True,No,6/6/2025,No,Point,38.977596699,-76.713468360,MSP,03,16,03,No,17,,17:46,2025,Friday,12,Motor Vehicle In Transport,05,On Roadway,3,,,,,,09,Through Roadway,01,Daylight,6/6/2025,2025-06-06,N,16.43,F,N,,,E5172D460CFA4C6BD5BFF7E47FB3AFA38FDB714B20BAB93CB9A21AB98FFF5F00,MD,01,No,,,,,09,Wet,,,,,,,,
Injury Crashes,DA4374003S,Prince George's County Police,Unknown,Prince George's,,No,No,No,Yes,Yes,,,,Yes,True,No,4/9/2025,No,Point,38.962270512,-76.862207534,PGCOPD,99,16,02,,10,,10:43,2025,Wednesday,14,Other Non-Motorist,99,Unknown,,,,,,,,,01,Daylight,4/9/2025,2025-04-09,,,F,N,106,Driveway,,,01,No,,,,,,,,,,,,,,
Property Damage Crashes,DA3002006Y,Prince George's County Police,"Sideswipe, Opposite Direction",Prince George's,Major Collector,No,No,No,No,No,CHURCH RD,59,COUNTY ROAD,No,True,No,5/3/2025,No,Point,38.919292229,-76.757603179,PGCOPD,06,16,03,No,21,,21:19,2025,Saturday,12,Motor Vehicle In Transport,05,On Roadway,5,,,,,,06,Non-Junction,04,Dark - Not Lighted,5/3/2025,2025-05-03,S,57.58,F,N,,,508B9B951425FA1F69649ED198382F2FC2136127BD3BB69D06973740FC462161,CO,01,No,,,,,01,Dry,,,,,,,,
Property Damage Crashes,DA4413000C,Prince George's County Police,"Sideswipe, Opposite Direction",Prince George's,Local,No,No,No,No,No,KEOKEE ST,869,COUNTY ROAD,No,True,No,2/8/2025,No,Point,38.987544553,-76.976803967,PGCOPD,06,16,03,No,20,,20:55,2025,Saturday,12,Motor Vehicle In Transport,05,On Roadway,7,,,,,,06,Non-Junction,03,Dark - Lighted,2/8/2025,2025-02-08,S,18.01,F,N,,,C035755FA079619F063B7CC1FC16FEF83CEF165193B09B5CB7555B5E631E01AB,CO,01,No,,,,,09,Wet,,,,,,,,
Property Damage Crashes,DA4426000W,Prince George's County Police,"Sideswipe, Opposite Direction",Prince George's,Local,No,No,No,No,No,COLUMBIA AVE,336,COUNTY ROAD,No,True,No,3/23/2025,No,Point,38.918462844,-76.891989784,PGCOPD,06,16,03,No,14,,14:23,2025,Sunday,12,Motor Vehicle In Transport,05,On Roadway,7,,,,,,06,Non-Junction,01,Daylight,3/23/2025,2025-03-23,N,33.66,F,N,,,9871A34B18FEB4EC828EF8C42EEDB60894450E7EB8988510C4063427EC04456C,CO,01,No,,,,,01,Dry,,,,,,,,
Property Damage Crashes,MSP7843002D,Maryland State Police,Single Vehicle,Prince George's,Interstate,No,No,No,No,No,CAPITAL BELTWAY,95,INTERSTATE ROUTE,No,True,No,4/5/2025,No,Point,38.991370358,-76.885743028,MSP,101,16,03,No,0,,00:37,2025,Saturday,35,"Other Fixed Object (wall, building, tunnel, etc.)",03,Median,1,,,,,,06,Non-Junction,04,Dark - Not Lighted,4/5/2025,2025-04-05,N,20.06,F,N,,,8A912F9382E6A1AF3DF80C4339E8AB4F1AD00462EC005F6962AD21158D62296D,IS,01,No,,,,,01,Dry,,,,,,,,
Property Damage Crashes,DA33400022,Prince George's County Police,Front to Rear,Prince George's,Principal Arterial – Other,Yes,Yes,No,No,No,OXON HILL RD,414,MARYLAND ROUTE,Yes,True,No,3/21/2025,No,Point,38.804646717,-76.978468677,PGCOPD,03,16,03,No,21,,21:27,2025,Friday,15,Parked Vehicle,05,On Roadway,3,,,,,,06,Non-Junction,04,Dark - Not Lighted,3/21/2025,2025-03-21,S,18.44,F,N,,,3EA790BBB2F82516E7C7EFE29BF2EA2A8144B920E5C28F93B646AAA26BFB7F07,MD,01,No,97,Not Applicable,,,01,Dry,,,,,,,,
Property Damage Crashes,BW0202002T,Greenbelt Police Department,Single Vehicle,Prince George's,Major Collector,Yes,No,No,No,No,,40,MUNICIPAL ROAD,No,True,No,2/1/2025,No,Point,39.010570396,-76.895142030,GREENBELT,101,16,03,No,17,,17:27,2025,Saturday,35,"Other Fixed Object (wall, building, tunnel, etc.)",09,Roadside,5,,,,,,06,Non-Junction,01,Daylight,2/1/2025,2025-02-01,W,16.49,F,N,,,8933D55A48B1C2A60D08F9EB6AD4ABB3CE65E8873EE5A0814850ADCBE278F3CB,MU,01,No,,,,,01,Dry,,,,,,,,
Property Damage Crashes,MSP745800NT,Maryland State Police,Front to Rear,Prince George's,Principal Arterial – Other,No,No,No,No,No,CENTRAL AVE (WB/L),214,MARYLAND ROUTE,No,True,No,1/16/2025,No,Point,38.902004226,-76.756925338,MSP,03,16,03,No,7,,07:01,2025,Thursday,12,Motor Vehicle In Transport,05,On Roadway,3,,,,,,01,Acceleration/Deceleration Lane,01,Daylight,1/16/2025,2025-01-16,N,31.53,F,N,,,1815F0A45FCAEC3F9344C9BE346982062781E7D2CD83EAF6C212DC4E46EA683F,MD,01,No,,,,,01,Dry,,,,,,,,
Property Damage Crashes,MSP7872001Y,Maryland State Police,"Sideswipe, Same Direction",Prince George's,Interstate,No,No,No,No,No,CAPITAL BELTWAY,95,INTERSTATE ROUTE,No,True,No,2/1/2025,No,Point,38.873046425,-76.843487951,MSP,07,16,03,Yes,19,,19:08,2025,Saturday,12,Motor Vehicle In Transport,05,On Roadway,1,,,,,,09,Through Roadway,03,Dark - Lighted,2/1/2025,2025-02-01,S,30.08,F,N,,,7CEE997297407AC3B03CB995456F69C31914EFB8A5A3C2FBADF359D777812F06,IS,01,No,,,,,01,Dry,,,,,,,,
Property Damage Crashes,CC0300000N,Hyattsville Police Department,"Sideswipe, Same Direction",Prince George's,,No,No,No,No,Yes,,,,No,True,No,2/11/2025,No,Point,38.958077235,-76.941443096,HYATTSVILLE,07,16,03,,13,,13:00,2025,Tuesday,15,Parked Vehicle,02,In Parking Lane Or Zone,,,,,,,,,01,Daylight,2/11/2025,2025-02-11,,,F,N,102,Parking Lot Way,,,01,No,,,,,,,,,,,,,,
Property Damage Crashes,DA4195006Q,Prince George's County Police,Unknown,Prince George's,Minor Arterial,No,No,No,No,No,PISCATAWAY RD,223,MARYLAND ROUTE,No,True,No,4/7/2025,No,Point,38.764749008,-76.902122852,PGCOPD,99,16,03,Yes,15,,15:43,2025,Monday,97,Not Applicable,05,On Roadway,4,,,,ABSHER LA,,99,Unknown,01,Daylight,4/7/2025,2025-04-07,S,46.39,F,N,,,E5BCF495763C0115E1E21FD110CC28C5588D44552B5F78F7E2B0E0828217B2B5,MD,01,No,,,,,09,Wet,,,,,,,,
Injury Crashes,DA3746009S,Prince George's County Police,Other,Prince George's,Minor Arterial,No,No,No,No,No,BRANDYWINE RD,599,COUNTY ROAD,No,True,No,2/4/2025,No,Point,38.755330304,-76.894931323,PGCOPD,98,16,02,No,10,,10:09,2025,Tuesday,12,Motor Vehicle In Transport,05,On Roadway,4,,,,BUCKLER RD,,06,Non-Junction,01,Daylight,2/4/2025,2025-02-04,S,39.42,F,N,,,6627ED3BFF7A6759B4A25744D067028DCB1BA6D4E3AFF476165B180F763720CD,CO,01,No,12,Motor Vehicle In Transport,05,On Roadway,01,Dry,,,,,,,,
Property Damage Crashes,DA418800G1,Prince George's County Police,"Sideswipe, Same Direction",Prince George's,Local,No,No,No,No,No,COOPER LA,332,COUNTY ROAD,No,True,No,3/26/2025,No,Point,38.942862689,-76.904754218,PGCOPD,07,16,03,Yes,21,04,21:05,2025,Wednesday,12,Motor Vehicle In Transport,05,On Roadway,7,Perpendicular,,,WEBSTER ST,03,05,Intersection or Related,03,Dark - Lighted,3/26/2025,2025-03-26,S,0,F,N,,,CBE73BA1DFEC9CECD9ADEE660DE26DC521EE8955C28B34A05AD744634AECF6A6,CO,01,No,,,,,01,Dry,03,Stop - Partial,,,,,,
Injury Crashes,DA43400042,Prince George's County Police,Single Vehicle,Prince George's,Minor Arterial,No,No,No,No,No,LAUREL BOWIE RD,197,MARYLAND ROUTE,No,True,No,2/11/2025,No,Point,39.048203833,-76.816451086,PGCOPD,101,16,02,No,20,,20:30,2025,Tuesday,28,Ditch,09,Roadside,4,,,,,,99,Unknown,04,Dark - Not Lighted,2/11/2025,2025-02-11,S,37.81,F,N,,,0665FB16C35902F7B3FAD9C83304A8842AC8D0DE374261A5143E4CC92A6CDAD5,MD,01,No,,,,,07,Snow,,,,,,,,
Property Damage Crashes,CBPD0115003H,Bowie Police Department,Single Vehicle,Prince George's,Local,No,No,No,No,No,EVERST DR,608,MUNICIPAL ROAD,No,True,No,3/12/2025,No,Point,38.938817735,-76.735345367,BOWIE,101,16,03,No,2,,02:40,2025,Wednesday,40,Tree (standing),07,"On Shoulder, Right Side",7,,,,,,06,Non-Junction,03,Dark - Lighted,3/12/2025,2025-03-12,S,36.83,F,N,,,32422ED613F23EF63A0CAF35730F248FD3BF0054367430EA54712DA443D758FF,MU,01,No,,,,,01,Dry,,,,,,,,
Injury Crashes,MSP718600HX,Maryland State Police,Front to Rear,Prince George's,Principal Arterial – Other,No,No,No,No,No,BRANCH AVE (SB/L),5,MARYLAND ROUTE,No,True,No,1/10/2025,No,Point,38.813481618,-76.912833885,MSP,03,16,02,No,17,,17:09,2025,Friday,12,Motor Vehicle In Transport,05,On Roadway,3,,,,,,09,Through Roadway,05,Dark - Unknown Lighting,1/10/2025,2025-01-10,E,11.44,F,N,,,2024353C2A9292B8EDE2D69AEE8867F06FE988B9B04C5AFB81EE56B7D6A98677,MD,01,No,12,Motor Vehicle In Transport,05,On Roadway,01,Dry,,,,,,,,
Property Damage Crashes,DA4396001N,Prince George's County Police,Angle,Prince George's,Minor Arterial,No,No,No,No,No,RIGGS RD (SB/L),212,MARYLAND ROUTE,No,True,No,5/5/2025,No,Point,39.004984979,-76.968836157,PGCOPD,01,16,03,No,14,04,14:30,2025,Monday,12,Motor Vehicle In Transport,05,On Roadway,4,Perpendicular,,,ADELPHI RD,03,05,Intersection or Related,01,Daylight,5/5/2025,2025-05-05,W,0,F,N,,,E4A169E71D8530CAF82C003788D6D74673CB3FC5E9F47F11EA732450430F9C18,MD,01,No,,,,,09,Wet,01,Signalized,,,,,,
Injury Crashes,MSP745800PR,Maryland State Police,Other,Prince George's,Principal Arterial – Other,No,No,No,No,No,BRANCH AVE (SB/L),5,MARYLAND ROUTE,No,True,No,2/24/2025,No,Point,38.714436667,-76.878256667,MSP,98,16,02,No,10,,10:14,2025,Monday,12,Motor Vehicle In Transport,05,On Roadway,3,,,,,,01,Acceleration/Deceleration Lane,01,Daylight,2/24/2025,2025-02-24,N,38.8,F,N,,,65D5E6826796DC02974774174044C3814066F410365C94B9E4291A1A9C84D603,MD,01,No,,,,,01,Dry,,,,,,,,
Property Damage Crashes,DA4376001J,Prince George's County Police,Front to Front,Prince George's,Major Collector,No,No,No,No,No,PENNSY DR,2428,COUNTY ROAD,No,True,No,1/6/2025,No,Point,38.930178097,-76.892092737,PGCOPD,02,16,03,No,19,,19:00,2025,Monday,12,Motor Vehicle In Transport,05,On Roadway,5,,,,,,06,Non-Junction,05,Dark - Unknown Lighting,1/6/2025,2025-01-06,S,25.07,F,N,,,130AF816D1E9E6B874F91A1C396B930BD4F2C3BB8123B8C72E9FD223AEFDB8EE,CO,01,No,,,,,07,Snow,,,,,,,,
Injury Crashes,MSP6931014N,Maryland State Police,Front to Front,Prince George's,Interstate,Yes,No,No,No,No,CAPITAL BELTWAY,95,INTERSTATE ROUTE,No,True,No,5/2/2025,No,Point,38.913708816,-76.850346661,MSP,02,16,02,No,0,,00:39,2025,Friday,12,Motor Vehicle In Transport,05,On Roadway,1,,,,RAMP 4 FR IS 95 NB TO MD 202 EB,,06,Non-Junction,04,Dark - Not Lighted,5/2/2025,2025-05-02,N,39.37,F,N,,,531AE7778847AFD482B59AC4E8E33A5EE8141EE75361E70499D72B2402ECCA68,IS,01,No,,,,,01,Dry,,,,,,,,
Property Damage Crashes,DA4008008C,Prince George's County Police,Other,Prince George's,Local,No,No,No,No,No,LEXINGTON AVE,1526,COUNTY ROAD,No,True,No,4/28/2025,No,Point,39.043363138,-76.907559589,PGCOPD,98,16,03,No,21,,21:06,2025,Monday,12,Motor Vehicle In Transport,05,On Roadway,7,,,,,,09,Through Roadway,03,Dark - Lighted,4/28/2025,2025-04-28,E,19.49,F,N,,,DB378E92F6C16D2924DB989818468C1838D4B5539FB6A8E110FD60BD2B56B264,CO,01,No,15,Parked Vehicle,05,On Roadway,01,Dry,,,,,,,,
Property Damage Crashes,DA32690060,Prince George's County Police,Front to Rear,Prince George's,Principal Arterial – Other,No,Yes,No,No,No,LANDOVER RD,202,MARYLAND ROUTE,No,True,No,4/28/2025,No,Point,38.917087915,-76.855100368,PGCOPD,03,16,03,Yes,17,,17:14,2025,Monday,12,Motor Vehicle In Transport,05,On Roadway,3,,,,,,04,Entrance/Exit Ramp or Related,01,Daylight,4/28/2025,2025-04-28,W,43.79,F,N,,,92DAC865448D0C93C9EC0AD2BC6EF7BFE5A3A8F0A3816404A8D7E2AF74CBFED0,MD,02,"Yes, School Bus Directly Involved",,,,,01,Dry,,,,,,,,
Property Damage Crashes,AM0393000X,Bladensburg Police Department,"Sideswipe, Same Direction",Prince George's,,No,No,No,No,Yes,,,,No,True,No,1/22/2025,No,Point,38.936249251,-76.935629537,BLADENSBURG,07,16,03,,16,,16:45,2025,Wednesday,12,Motor Vehicle In Transport,02,In Parking Lane Or Zone,,,,,,,,,01,Daylight,1/22/2025,2025-01-22,,,F,N,100,Parking Stall,,,01,No,,,,,,,,,,,,,,
Property Damage Crashes,DA402100CX,Prince George's County Police,Front to Rear,Prince George's,Local,No,No,No,No,No,NO NAME,5484,OTHER PUBLIC ROAD,No,True,No,3/21/2025,No,Point,38.957070122,-76.770328035,PGCOPD,03,16,03,No,16,,16:17,2025,Friday,12,Motor Vehicle In Transport,05,On Roadway,7,,101,State,,,01,Acceleration/Deceleration Lane,01,Daylight,3/21/2025,2025-03-21,N,29.33,F,N,,,8E22DCD735B8E3D60BDB4AC549CDAE103FCC3ED12997114F51582B807863BFF6,OP,01,No,,,,,01,Dry,,,,,,,,
Injury Crashes,MSP647600JT,Maryland State Police,"Sideswipe, Same Direction",Prince George's,Interstate,No,No,Yes,No,No,CAPITAL BELTWAY (SB/L),95,INTERSTATE ROUTE,No,True,No,5/23/2025,No,Point,38.818361667,-76.933673333,MSP,07,16,02,No,22,,22:36,2025,Friday,12,Motor Vehicle In Transport,06,"On Shoulder, Left Side",1,,101,State,,,09,Through Roadway,04,Dark - Not Lighted,5/23/2025,2025-05-23,E,49.17,F,N,,,A33AC2FC40B3BDFF54EB73D5177C5647B839CB87CA0056AC244F2645DF3E0200,IS,01,No,12,Motor Vehicle In Transport,05,On Roadway,01,Dry,,,,,,,,
Property Damage Crashes,MSP766400CG,Maryland State Police,Front to Rear,Prince George's,Interstate,No,No,No,No,No,CAPITAL BELTWAY,95,INTERSTATE ROUTE,No,True,No,5/22/2025,No,Point,38.862702569,-76.848163556,MSP,03,16,03,No,1,,01:25,2025,Thursday,12,Motor Vehicle In Transport,05,On Roadway,1,,,,,,09,Through Roadway,04,Dark - Not Lighted,5/22/2025,2025-05-22,N,14.73,F,N,,,1F090B9B4A2FD2466C3C4A4634836C0622D984A3C3C1C864B01CAB8D2A5B92DD,IS,01,No,,,,,09,Wet,,,,,,,,
Property Damage Crashes,DA4376001R,Prince George's County Police,Single Vehicle,Prince George's,Principal Arterial – Other,No,No,No,No,No,LANDOVER RD (SB/L),202,MARYLAND ROUTE,No,True,No,3/17/2025,No,Point,38.923237290,-76.868581126,PGCOPD,101,16,03,No,18,,18:00,2025,Monday,09,Animal (live),05,On Roadway,3,,,,,,06,Non-Junction,01,Daylight,3/17/2025,2025-03-17,N,49.14,F,N,,,7A37171A1A47389C6B2D834CA6BAAA1D61908CD19C865B68B22244DBA7C904DD,MD,01,No,,,,,01,Dry,,,,,,,,
Injury Crashes,DA4400000W,Prince George's County Police,Front to Rear,Prince George's,Principal Arterial – Other,No,No,No,No,No,ST BARNABAS RD,414,MARYLAND ROUTE,Yes,True,No,1/15/2025,No,Point,38.823588996,-76.949087453,PGCOPD,03,16,02,Yes,16,,16:45,2025,Wednesday,12,Motor Vehicle In Transport,05,On Roadway,3,,,,,,09,Through Roadway,01,Daylight,1/15/2025,2025-01-15,N,24.15,F,N,,,FE9F4F420D941A66EB4252B86983D538859976BDCD7CE57D54E88D49D67B303D,MD,01,No,,,,,01,Dry,,,,,,,,
Injury Crashes,DA4357002S,Prince George's County Police,"Sideswipe, Opposite Direction",Prince George's,Major Collector,No,No,No,No,No,SURRATTS RD,130,COUNTY ROAD,No,True,No,2/11/2025,No,Point,38.733997050,-76.846979262,PGCOPD,06,16,02,No,16,,16:50,2025,Tuesday,12,Motor Vehicle In Transport,05,On Roadway,5,,,,,,09,Through Roadway,01,Daylight,2/11/2025,2025-02-11,S,0.75,F,N,,,D34F155CDD09801107D75C4046D28E058A63FB63DE818076C54C27DB7DB50883,CO,01,No,,,,,07,Snow,,,,,,,,
Property Damage Crashes,DA4328003D,Prince George's County Police,Front to Front,Prince George's,,No,No,No,No,No,,56,SPUR,Yes,True,No,5/5/2025,No,Point,38.766112930,-76.994677456,PGCOPD,02,16,03,No,3,,03:29,2025,Monday,12,Motor Vehicle In Transport,05,On Roadway,,,,,LIVINGSTON RD,,06,Non-Junction,03,Dark - Lighted,5/5/2025,2025-05-05,W,37.45,F,N,,,7CF00ECDBB5431D647B6786196016B0DC120C22F4D589AFF087A4675D963E841,SP,01,No,,,,,01,Dry,,,,,,,,
Property Damage Crashes,DA40680056,Prince George's County Police,"Sideswipe, Same Direction",Prince George's,Major Collector,No,No,No,No,No,BRIGHTSEAT RD (NB/L),76,COUNTY ROAD,No,True,No,4/23/2025,No,Point,38.923694620,-76.858229612,PGCOPD,07,16,03,No,16,,16:20,2025,Wednesday,12,Motor Vehicle In Transport,05,On Roadway,5,,,,,,01,Acceleration/Deceleration Lane,01,Daylight,4/23/2025,2025-04-23,N,12.3,F,N,,,6265C657EB6AE624F46F716D81D2C2E089E3CE8BC036FAA631C9A479E7CBEA75,CO,01,No,97,Not Applicable,,,01,Dry,,,,,,,,
Property Damage Crashes,DA4396001V,Prince George's County Police,Front to Rear,Prince George's,Minor Arterial,No,No,Yes,No,No,ADELPHI RD (NB/L),105,COUNTY ROAD,No,True,No,6/7/2025,No,Point,39.009426126,-76.974862413,PGCOPD,03,16,03,No,1,,01:00,2025,Saturday,15,Parked Vehicle,05,On Roadway,4,,,,,,06,Non-Junction,03,Dark - Lighted,6/7/2025,2025-06-07,S,9.69,F,N,,,EFE0C954A68333BB4BA242F68A72E7E60F626DEFE807325C1B0949D848A986A7,CO,01,No,,,,,01,Dry,,,,,,,,
Injury Crashes,DA43240020,Prince George's County Police,Other,Prince George's,Minor Arterial,No,No,No,No,No,WALKER MILL RD (EB/L),367,COUNTY ROAD,No,True,No,4/15/2025,No,Point,38.870800194,-76.886040101,PGCOPD,98,16,02,Yes,6,,06:48,2025,Tuesday,12,Motor Vehicle In Transport,05,On Roadway,4,,,,,,09,Through Roadway,100,Dawn,4/15/2025,2025-04-15,N,100.63,F,N,,,E1853804C406D82DCBE2301F1AD0E6D79E2094C0C6CF4FE077F75C869D1A99B9,CO,01,No,,,,,09,Wet,,,,,,,,
Property Damage Crashes,DA4374003K,Prince George's County Police,Front to Rear,Prince George's,Minor Arterial,No,No,No,No,No,,197,MARYLAND ROUTE,Yes,True,No,3/26/2025,No,Point,39.048050401,-76.817004808,PGCOPD,03,16,03,No,16,,16:02,2025,Wednesday,12,Motor Vehicle In Transport,05,On Roadway,4,,,,,,09,Through Roadway,01,Daylight,3/26/2025,2025-03-26,E,28.1,F,N,,,823987E3BBCF332C540C2D71EE3690DBF1BD8A8535BD69D2CB7B8C4DAC3C4221,MD,01,No,,,,,01,Dry,,,,,,,,
Injury Crashes,MSP757700KM,Maryland State Police,Front to Rear,Prince George's,Interstate,No,No,No,No,No,JOHN HANSON HWY (WB/L),595,INTERSTATE ROUTE,No,True,No,5/12/2025,No,Point,38.946321667,-76.849885,MSP,03,16,02,No,8,,08:03,2025,Monday,12,Motor Vehicle In Transport,05,On Roadway,1,,,,,,09,Through Roadway,01,Daylight,5/12/2025,2025-05-12,S,61.79,F,N,,,D57CF6A150AF93CC8463584A4DEB83EDAF9FBDB5B850602A4C0A1B276F34F5C3,IS,01,No,97,Not Applicable,,,01,Dry,,,,,,,,
Property Damage Crashes,DA41250076,Prince George's County Police,Rear To Side,Prince George's,Local,No,No,No,No,No,55TH AVE,897,COUNTY ROAD,No,True,No,4/11/2025,No,Point,38.938173392,-76.924270893,PGCOPD,05,16,03,No,19,,19:39,2025,Friday,12,Motor Vehicle In Transport,05,On Roadway,7,,,,LANDOVER RD (SB/L),,06,Non-Junction,03,Dark - Lighted,4/11/2025,2025-04-11,N,17.66,F,N,,,4E62DDA5899526D0FB45346DF6D02178680808834BC1C5C4EBAF16AC5E89C79F,CO,01,No,12,Motor Vehicle In Transport,05,On Roadway,01,Dry,,,,,,,,