Crash Severity Description,Reportnumber,Agencyname,CollisionImpact Description,Crash County Description,FunctionalClass Description,ImpairedCrash,Large Vehicle Involved,Motorcycle Crash,Non-Motorist Crash,OffRoad,RoadName,Route Number,RouteType Description,Unrestrained Occupants,WithinDateRange,Work Zone Related,Crashdate,Work Zone Crash,CrashPoint,Latitude,Longitude,AgencyCode,CollisionImpact,Crash County,Crash Severity,Crash Within Interchange,Crashhour,CrashInterchangeApproaches,Crashtime,CrashYear,Dayofweek,FirstHarmEvent,FirstHarmEvent Description,FirstHarmLocation,FirstHarmLocation Description,FunctionalClass,Geometry Description,GovPropertyDamage,GovPropertyDamage Description,IntersectingRoadName,Intersection Geometry,JunctionRelated,JunctionRelated Description,Light,Light Description,LOD Crash Date,LOD Date Level,MilepointDirection,MilepointDistance,MilepointUnits,NonTrafficFatal,OffroadLocation,OffroadLocation Description,RoadID,RouteType,SchoolBusRelated,SchoolBusRelated Description,SecondHarmEvent,SecondHarmEvent Description,SecondHarmLocation,SecondHarmLocation Description,Surface,Surface Description,TrafficControl,Trafficcontrol Description,WZLawEnforcementPresent,WZLocation,WZLocation Description,WZType,WZType Description,WZWorkersPresent
Property Damage Crashes,MSP7787006H,Maryland State Police,"Sideswipe, Same Direction",Prince George's,Interstate,No,Yes,No,No,No,CAPITAL BELTWAY,95,INTERSTATE ROUTE,No,True,No,4/29/2025,No,Point,39.021325791,-76.935990742,MSP,07,16,03,No,22,,22:40,2025,Tuesday,12,Motor Vehicle In Transport,05,On Roadway,1,,,,,,06,Non-Junction,04,Dark - Not Lighted,4/29/2025,2025-04-29,W,26.01,F,N,,,94FDD28AC30A6917B46680E1D2685EE1BBBCD308AC2636409D4A319EB75BD9A4,IS,01,No,,,,,01,Dry,,,,,,,,
Property Damage Crashes,CE4862004Q,Laurel Police Department,Angle,Prince George's,,No,No,No,No,Yes,,,,No,True,No,3/10/2025,No,Point,39.085354082,-76.862222995,LAUREL,01,16,03,,14,,14:24,2025,Monday,12,Motor Vehicle In Transport,02,In Parking Lane Or Zone,,,,,,,,,01,Daylight,3/10/2025,2025-03-10,,,F,N,102,Parking Lot Way,,,01,No,,,,,,,,,,,,,,
Property Damage Crashes,FZ9607002S,Brentwood Police Department,Front to Front,Prince George's,Local,No,No,No,No,No,VARNUM ST,160,MUNICIPAL ROAD,No,True,No,1/3/2025,No,Point,38.944651206,-76.956580736,BRENTWOOD,02,16,03,Unknown,17,05,17:22,2025,Friday,12,Motor Vehicle In Transport,03,Median,7,Angled/Skewed,,,38TH ST 38TH ST (SB/L) JACKSON AVE #1 VOLTA AVE,01,05,Intersection or Related,04,Dark - Not Lighted,1/3/2025,2025-01-03,N,0,F,N,,,C7F8FC96F7FC2E1CE024DCEB3984B71CC711846EDE2968BD9170BB7D75FD6128,MU,01,No,12,Motor Vehicle In Transport,03,Median,09,Wet,02,Stop - All Way,,,,,,
Property Damage Crashes,DA309400C8,Prince George's County Police,Other,Prince George's,,No,No,No,No,No,,922,CROSSOVER,No,True,No,5/20/2025,No,Point,38.990586820,-76.826005835,PGCOPD,98,16,03,Yes,10,03,10:40,2025,Tuesday,12,Motor Vehicle In Transport,05,On Roadway,,Perpendicular,,,EXECUTIVE PL GREENBELT RD (WB/L),03,05,Intersection or Related,01,Daylight,5/20/2025,2025-05-20,N,0,F,N,,,FA44850C9F442260EE41627491AB6F65AAE202D4A4DD9E6DA349F9548A15CB6B,XO,01,No,,,,,01,Dry,05,No Controls,,,,,,
Property Damage Crashes,DA3564006H,Prince George's County Police,Front to Front,Prince George's,Principal Arterial – Other,No,No,No,No,No,SILVER HILL RD,458,MARYLAND ROUTE,No,True,No,5/12/2025,No,Point,38.844272560,-76.928767920,PGCOPD,02,16,03,No,15,,15:00,2025,Monday,12,Motor Vehicle In Transport,05,On Roadway,3,,,,PEARL DR,,01,Acceleration/Deceleration Lane,01,Daylight,5/12/2025,2025-05-12,N,39.16,F,N,,,CC3A2E7FDBF37332EF4C3FA8D401382458CCCEF84250020D13D42D3A0766AEB9,MD,01,No,,,,,01,Dry,,,,,,,,
Property Damage Crashes,CE4906002Q,Laurel Police Department,Front to Rear,Prince George's,,No,No,No,No,No,,415,MUNICIPAL ROAD,No,True,No,1/29/2025,No,Point,39.095454333,-76.875359911,LAUREL,03,16,03,No,6,,06:11,2025,Wednesday,12,Motor Vehicle In Transport,05,On Roadway,,,,,,,06,Non-Junction,04,Dark - Not Lighted,1/29/2025,2025-01-29,N,54.14,F,N,,,4191F5F63EA8814E210A4C76A8EB144EAC46619AC65F8087968BFA1D0A9A7C26,MU,01,No,12,Motor Vehicle In Transport,05,On Roadway,01,Dry,,,,,,,,
Property Damage Crashes,BE0107000W,District Heights Police Department,Rear To Rear,Prince George's,Local,No,No,No,No,No,HARWOOD CT,200,MUNICIPAL ROAD,No,True,No,4/10/2025,No,Point,38.859673200,-76.879149473,DISTHEIGHTS,04,16,03,No,21,,21:00,2025,Thursday,12,Motor Vehicle In Transport,09,Roadside,7,,,,,,06,Non-Junction,03,Dark - Lighted,4/10/2025,2025-04-10,N,347.37,F,N,,,07A10E2FDEB4B15B7D148606B6728BCD5C29951A82CEC252DBF48C5E6B7AC510,MU,01,No,15,Parked Vehicle,02,In Parking Lane Or Zone,01,Dry,,,,,,,,
Property Damage Crashes,CNC3160008X,New Carrollton Police Department,Single Vehicle,Prince George's,,No,No,No,No,Yes,,,,No,True,No,3/16/2025,No,Point,38.963460848,-76.882656345,NCPD,101,16,03,,10,,10:41,2025,Sunday,36,"Other Post, Pole, Or Support",02,In Parking Lane Or Zone,,,,,,,,,01,Daylight,3/16/2025,2025-03-16,,,F,N,102,Parking Lot Way,,,01,No,,,,,,,,,,,,,,
Property Damage Crashes,CBPD01120056,Bowie Police Department,Unknown,Prince George's,,No,No,No,No,Yes,,,,No,True,No,1/16/2025,No,Point,38.945070808,-76.713691041,BOWIE,99,16,03,,15,,15:55,2025,Thursday,12,Motor Vehicle In Transport,02,In Parking Lane Or Zone,,,,,,,,,01,Daylight,1/16/2025,2025-01-16,,,F,N,102,Parking Lot Way,,,01,No,,,,,,,,,,,,,,
Property Damage Crashes,MSP77650064,Maryland State Police,Angle,Prince George's,Major Collector,No,No,No,No,No,CAMPUS WAY SOUTH (NB/L),4638,COUNTY ROAD,No,True,No,2/7/2025,No,Point,38.890874237,-76.824692566,MSP,01,16,03,No,13,04,13:15,2025,Friday,12,Motor Vehicle In Transport,05,On Roadway,5,Perpendicular,,,LARGO RD,03,05,Intersection or Related,01,Daylight,2/7/2025,2025-02-07,S,0,F,N,,,F8DE10E23D7E437C7830E199973C4084032427BE076C0EEF7B4DE8534612411E,CO,01,No,,,,,01,Dry,01,Signalized,,,,,,
Property Damage Crashes,DA3835006M,Prince George's County Police,Single Vehicle,Prince George's,Major Collector,No,No,No,No,No,CROOM RD,382,MARYLAND ROUTE,No,True,No,1/20/2025,No,Point,38.623032722,-76.740268315,PGCOPD,101,16,03,No,6,,06:19,2025,Monday,28,Ditch,09,Roadside,5,,,,,,06,Non-Junction,04,Dark - Not Lighted,1/20/2025,2025-01-20,W,100.47,F,N,,,B00834345801E98CCFDCFF5C82C52A3EFAD46A59FE6E312B963073A217244757,MD,01,No,,,,,02,Ice/Frost,,,,,,,,
Property Damage Crashes,DA3315004N,Prince George's County Police,"Sideswipe, Same Direction",Prince George's,Minor Arterial,No,No,No,No,No,OLD GUNPOWDER RD,2,COUNTY ROAD,No,True,No,3/24/2025,No,Point,39.080661319,-76.919288765,PGCOPD,07,16,03,No,14,03,14:17,2025,Monday,12,Motor Vehicle In Transport,05,On Roadway,4,Perpendicular,,,VAN DUSEN RD,03,05,Intersection or Related,01,Daylight,3/24/2025,2025-03-24,N,0,F,N,,,754BDC352B4D53DB86348372799B5E352B39E6705A78645522C6DBE26C8DC137,CO,01,No,,,,,09,Wet,05,No Controls,,,,,,
Injury Crashes,DA4257004V,Prince George's County Police,Front to Rear,Prince George's,Minor Arterial,No,No,No,No,No,BRIGGS CHANEY RD,12,COUNTY ROAD,No,True,No,3/27/2025,No,Point,39.061932889,-76.931638970,PGCOPD,03,16,02,No,15,,15:00,2025,Thursday,12,Motor Vehicle In Transport,05,On Roadway,4,,,,,,06,Non-Junction,01,Daylight,3/27/2025,2025-03-27,S,25.95,F,N,,,04FAC2FCCE3D82DB3C632E034E394232355151B2D4089CAAFE2B0301C1C24CE8,CO,01,No,,,,,01,Dry,,,,,,,,
Property Damage Crashes,DA4320002Z,Prince George's County Police,Rear To Side,Prince George's,Local,No,No,No,No,No,28TH AVE,1263,COUNTY ROAD,No,True,No,4/4/2025,No,Point,38.836610406,-76.949263852,PGCOPD,05,16,03,Yes,15,04,15:12,2025,Friday,12,Motor Vehicle In Transport,05,On Roadway,7,Perpendicular,,,KEATING ST,03,05,Intersection or Related,01,Daylight,4/4/2025,2025-04-04,N,0,F,N,,,B1240437D0B6BEB4E1B8BD478D88169DC700928D1DD507E9C418D63E4417357C,CO,01,No,,,,,01,Dry,01,Signalized,,,,,,
Injury Crashes,DA43720018,Prince George's County Police,Front to Rear,Prince George's,Principal Arterial – Other,No,No,No,No,No,SILVER HILL RD (SB/L),458,MARYLAND ROUTE,No,True,No,2/1/2025,No,Point,38.842828608,-76.932444540,PGCOPD,03,16,02,No,7,,07:40,2025,Saturday,12,Motor Vehicle In Transport,99,Unknown,3,,,,,,06,Non-Junction,01,Daylight,2/1/2025,2025-02-01,W,10.66,F,N,,,7B5201C0A6E31CC29B154234C03ADD7FCA7CD1081CEFF0F2A3A4DFE86C54AD57,MD,01,No,,,,,01,Dry,,,,,,,,
Property Damage Crashes,DA3047008G,Prince George's County Police,Front to Rear,Prince George's,Major Collector,No,No,No,No,No,SWAN CREEK RD,600,COUNTY ROAD,No,True,No,5/25/2025,No,Point,38.725322598,-76.990749559,PGCOPD,03,16,03,No,14,,14:14,2025,Sunday,12,Motor Vehicle In Transport,05,On Roadway,5,,,,,,06,Non-Junction,01,Daylight,5/25/2025,2025-05-25,E,45.53,F,N,,,603D05784646741600C720CF630D4E86644826FB7B566E783BDEE1FFFD5E390E,CO,01,No,,,,,01,Dry,,,,,,,,
Injury Crashes,CC0290003X,Hyattsville Police Department,Other,Prince George's,Local,No,No,No,No,No,THE MALL,654,COUNTY ROAD,No,True,No,3/24/2025,No,Point,38.959458179,-76.971077641,HYATTSVILLE,98,16,02,No,13,,13:15,2025,Monday,12,Motor Vehicle In Transport,05,On Roadway,7,,,,,,02,Crossover-Related,01,Daylight,3/24/2025,2025-03-24,N,33.4,F,N,,,62D21C92D961B0D766E88D1E0B1F87262F10024472C7276472C659A41C4F0C23,CO,01,No,97,Not Applicable,,,09,Wet,,,,,,,,
Injury Crashes,DA2260003L,Prince George's County Police,"Sideswipe, Same Direction",Prince George's,Local,No,No,No,No,No,NATIONAL HARBOR BLVD,6705,COUNTY ROAD,No,True,No,4/11/2025,No,Point,38.785543674,-77.013748297,PGCOPD,07,16,02,No,17,,17:42,2025,Friday,12,Motor Vehicle In Transport,05,On Roadway,7,,,,,,06,Non-Junction,01,Daylight,4/11/2025,2025-04-11,N,17.6,F,N,,,182C4F52B1C19EBE13D8607B62AEDBCEBCD20130B914E1097A610B9C139015B6,CO,01,No,,,,,09,Wet,,,,,,,,
Property Damage Crashes,DA43560039,Prince George's County Police,Front to Front,Prince George's,Major Collector,No,No,No,No,No,WALKER MILL RD (EB/L),367,COUNTY ROAD,No,True,No,3/28/2025,No,Point,38.865429742,-76.907363217,PGCOPD,02,16,03,No,11,,11:39,2025,Friday,12,Motor Vehicle In Transport,05,On Roadway,5,,,,ROLLINS AVE WEBER DR,,06,Non-Junction,01,Daylight,3/28/2025,2025-03-28,S,17.2,F,N,,,927660260297B41EF8449C6241E3B64CE77DE2496CF858B515E7C3A9CC6D1B64,CO,01,No,,,,,01,Dry,,,,,,,,
Property Damage Crashes,DA4373002N,Prince George's County Police,Front to Front,Prince George's,Major Collector,No,No,No,No,No,AUTH WAY (SB/L),3584,COUNTY ROAD,No,True,No,5/13/2025,No,Point,38.826900357,-76.920285256,PGCOPD,02,16,03,No,20,,20:50,2025,Tuesday,12,Motor Vehicle In Transport,05,On Roadway,5,,,,AUTH PL,,09,Through Roadway,03,Dark - Lighted,5/13/2025,2025-05-13,W,37.06,F,N,,,F7C5392ED3D625AC035F5CDBAB53A86AECA934D4D9051ADAF8D1D9C1C71FBCDA,CO,01,No,,,,,09,Wet,,,,,,,,
Property Damage Crashes,MSP563100JW,Maryland State Police,"Sideswipe, Same Direction",Prince George's,Interstate,No,No,No,No,No,CAPITAL BELTWAY (SB/L),95,INTERSTATE ROUTE,No,True,No,5/22/2025,No,Point,38.938966667,-76.856098333,MSP,07,16,03,No,11,,11:11,2025,Thursday,15,Parked Vehicle,05,On Roadway,1,,,,,,06,Non-Junction,01,Daylight,5/22/2025,2025-05-22,E,52.88,F,N,,,82F5248347076EEDE2C9FBC181F6E165953907AE198D60B3E6AB770F7A9AD165,IS,01,No,97,Not Applicable,,,09,Wet,,,,,,,,
Property Damage Crashes,DA4296003P,Prince George's County Police,Front to Rear,Prince George's,,No,No,No,No,No,,69,SPUR,No,True,No,2/1/2025,No,Point,38.867366959,-76.892312596,PGCOPD,03,16,03,Yes,17,,17:00,2025,Saturday,12,Motor Vehicle In Transport,05,On Roadway,,,,,,,09,Through Roadway,01,Daylight,2/1/2025,2025-02-01,E,23.05,F,N,,,81EE196877698330F80DC3D00AF5607AD3098F0F69CE4B7F3AF3FBC42DF1D980,SP,01,No,,,,,01,Dry,,,,,,,,
Property Damage Crashes,DA4309002Y,Prince George's County Police,Single Vehicle,Prince George's,Local,Yes,No,No,No,No,WOODLAWN BLVD (SB/L),3195,COUNTY ROAD,No,True,No,3/16/2025,No,Point,38.871101422,-76.812057509,PGCOPD,101,16,03,No,2,,02:20,2025,Sunday,34,Mailbox,05,On Roadway,7,,,,,,09,Through Roadway,03,Dark - Lighted,3/16/2025,2025-03-16,W,24.14,F,N,,,41D33DC5146418ABE1C6F93273A40385D440461528D4C7665BD26D38DFAF13A5,CO,01,No,,,,,01,Dry,,,,,,,,
Injury Crashes,DA4421001J,Prince George's County Police,Single Vehicle,Prince George's,Minor Arterial,No,Yes,No,Yes,No,OLD BRANCH AVE,3675,COUNTY ROAD,No,True,No,3/25/2025,No,Point,38.798085121,-76.901766856,PGCOPD,101,16,02,No,2,,02:50,2025,Tuesday,17,Pedestrian,05,On Roadway,4,,,,,,09,Through Roadway,04,Dark - Not Lighted,3/25/2025,2025-03-25,E,41.07,F,N,,,8F9FF1482F9D9DA476B504F4AAA711DAE5B253D1E0021F3124B1141C2241C5A8,CO,01,No,,,,,01,Dry,,,,,,,,
Property Damage Crashes,DA43260025,Prince George's County Police,Front to Rear,Prince George's,Principal Arterial – Other,No,No,No,No,No,MARTIN LUTHER KING JR HWY,704,MARYLAND ROUTE,No,True,No,5/10/2025,No,Point,38.932419067,-76.866711567,PGCOPD,03,16,03,No,20,,20:01,2025,Saturday,12,Motor Vehicle In Transport,99,Unknown,3,,,,GLENARDEN PKWY,,99,Unknown,01,Daylight,5/10/2025,2025-05-10,N,49.69,F,N,,,C58D9437C06767B26BDA66C244694B0841CEED96BBBE9F50593D880E85858213,MD,01,No,,,,,01,Dry,,,,,,,,
Property Damage Crashes,DA4424000J,Prince George's County Police,Front to Rear,Prince George's,Principal Arterial – Other,No,No,No,No,No,PENNSYLVANIA AVE,4,MARYLAND ROUTE,Yes,True,No,2/22/2025,No,Point,38.845450822,-76.891605589,PGCOPD,03,16,03,No,21,,21:57,2025,Saturday,12,Motor Vehicle In Transport,05,On Roadway,3,,,,,,06,Non-Junction,03,Dark - Lighted,2/22/2025,2025-02-22,N,19.25,F,N,,,0F79F3C09813CC6E6056DA31E04C81421EDD8504FC0573B2F9CB328E8A965452,MD,01,No,,,,,01,Dry,,,,,,,,
Property Damage Crashes,MSP77730025,Maryland State Police,"Sideswipe, Same Direction",Prince George's,Interstate,No,No,No,No,No,NO NAME (SB/L),95,INTERSTATE ROUTE,No,True,No,4/14/2025,No,Point,39.033958068,-76.942678332,MSP,07,16,03,No,16,,16:25,2025,Monday,12,Motor Vehicle In Transport,05,On Roadway,1,,,,,,06,Non-Junction,01,Daylight,4/14/2025,2025-04-14,S,33.46,F,N,,,47CEFDD1CDC04A74F5D98AD209ADA80ABA50F977EEF6F8752FDF9315ED041471,IS,01,No,,,,,01,Dry,,,,,,,,
Property Damage Crashes,MSP766400B3,Maryland State Police,Front to Front,Prince George's,,No,No,Yes,No,No,,5,MARYLAND ROUTE,No,True,No,4/14/2025,No,Point,38.675473964,-76.875804820,MSP,02,16,03,No,6,,06:14,2025,Monday,12,Motor Vehicle In Transport,05,On Roadway,,,,,,,09,Through Roadway,01,Daylight,4/14/2025,2025-04-14,N,13.44,F,N,,,1CAC6BACCCC6212EA274CD3EFBBF99F235D6BFC38785394B9D8194ABEDB0CB05,MD,01,No,,,,,01,Dry,,,,,,,,
Injury Crashes,MSP757700J9,Maryland State Police,"Sideswipe, Same Direction",Prince George's,Interstate,No,No,No,No,No,NO NAME,95,INTERSTATE ROUTE,No,True,No,3/5/2025,No,Point,39.067723092,-76.909318840,MSP,07,16,02,No,18,,18:46,2025,Wednesday,12,Motor Vehicle In Transport,05,On Roadway,1,,,,,,09,Through Roadway,03,Dark - Lighted,3/5/2025,2025-03-05,S,34.35,F,N,,,F66B9DCE5C981AAC84560088BAEC53CF0FFAFB22A4BA97D64982A4EF49365561,IS,01,No,12,Motor Vehicle In Transport,05,On Roadway,09,Wet,,,,,,,,
Property Damage Crashes,DA4355002V,Prince George's County Police,Single Vehicle,Prince George's,,No,No,No,No,No,GREENSPIRE WAY,1910,LOCAL ROAD,No,True,No,1/20/2025,No,Point,38.912123426,-76.832047301,PGCOPD,101,16,03,Yes,21,,21:45,2025,Monday,27,Curb,01,Gore,,,,,,,09,Through Roadway,03,Dark - Lighted,1/20/2025,2025-01-20,E,43.33,F,N,,,C48373654AE9E0C0C58C56DACB44460CC8DFC2DFE73B32E677304F181C54FD61,LL,01,No,,,,,01,Dry,,,,,,,,
Property Damage Crashes,BE01120004,District Heights Police Department,Front to Rear,Prince George's,Local,Yes,Yes,No,No,No,ROCHELLE AVE,300,MUNICIPAL ROAD,No,True,No,3/30/2025,No,Point,38.861435605,-76.893909904,DISTHEIGHTS,03,16,03,No,20,,20:19,2025,Sunday,12,Motor Vehicle In Transport,02,In Parking Lane Or Zone,7,,,,,,09,Through Roadway,03,Dark - Lighted,3/30/2025,2025-03-30,S,28.87,F,N,,,4DA67DACF3BA538C02FB4B5D78A9B550BD16B39DD8DB1C4E0487745C081F179E,MU,01,No,,,,,01,Dry,,,,,,,,
Injury Crashes,DA43690026,Prince George's County Police,Rear To Side,Prince George's,Principal Arterial – Other,No,No,No,No,No,MARTIN LUTHER KING JR HWY,704,MARYLAND ROUTE,Yes,True,No,3/12/2025,No,Point,38.935374442,-76.862291858,PGCOPD,05,16,02,Yes,17,,17:00,2025,Wednesday,12,Motor Vehicle In Transport,05,On Roadway,3,,,,REED ST,,02,Crossover-Related,01,Daylight,3/12/2025,2025-03-12,S,19.73,F,N,,,208A7435407F3C1884BE2A6182A556CA1735ADF249DE2208A70A0565229627D2,MD,01,No,,,,,01,Dry,,,,,,,,
Property Damage Crashes,DA4402000R,Prince George's County Police,"Sideswipe, Opposite Direction",Prince George's,Local,No,No,No,No,No,EMO ST,389,COUNTY ROAD,No,True,No,1/20/2025,No,Point,38.878934007,-76.921207908,PGCOPD,06,16,03,No,20,,20:50,2025,Monday,12,Motor Vehicle In Transport,05,On Roadway,7,,,,ELFIN AVE,,09,Through Roadway,04,Dark - Not Lighted,1/20/2025,2025-01-20,N,41.34,F,N,,,37BD0E69A8E4AC9CE438DD3A3A3BAA7ECC6CF1DF8CA740499E36C62956203EDF,CO,01,No,,,,,01,Dry,,,,,,,,
Property Damage Crashes,DA44220006,Prince George's County Police,Front to Rear,Prince George's,Principal Arterial – Other Freeways and Expressways,No,No,No,No,No,BALTIMORE WASHINGTON PKWY,295,MARYLAND ROUTE,No,True,No,1/12/2025,No,Point,38.920403837,-76.934278375,PGCOPD,03,16,03,No,3,,03:44,2025,Sunday,12,Motor Vehicle In Transport,05,On Roadway,2,,,,,,09,Through Roadway,03,Dark - Lighted,1/12/2025,2025-01-12,S,48.41,F,N,,,4005A99C453ACB8F082DEDA5B7D8AE3E00085BEAB717CF8C1DFC1A1323600709,MD,01,No,,,,,07,Snow,,,,,,,,
Property Damage Crashes,DA2448000V,Prince George's County Police,Single Vehicle,Prince George's,,No,No,No,No,Yes,,,,No,True,No,5/30/2025,No,Point,38.803782177,-76.906633632,PGCOPD,101,16,03,,4,,04:00,2025,Friday,36,"Other Post, Pole, Or Support",04,"Off-Roadway, Location Unknown",,,,,,,,,03,Dark - Lighted,5/30/2025,2025-05-30,,,F,N,100,Parking Stall,,,01,No,37,Other Traffic Barrier,04,"Off-Roadway, Location Unknown",,,,,,,,,,
Property Damage Crashes,DA4368001S,Prince George's County Police,Front to Front,Prince George's,Principal Arterial – Other Freeways and Expressways,No,No,No,No,No,ALLENTOWN RD (SB/L),337,MARYLAND ROUTE,No,True,No,4/27/2025,No,Point,38.821129082,-76.886684835,PGCOPD,02,16,03,No,23,,23:35,2025,Sunday,12,Motor Vehicle In Transport,05,On Roadway,2,,,,SUITLAND RD (SB/L),,09,Through Roadway,04,Dark - Not Lighted,4/27/2025,2025-04-27,N,12.99,F,N,,,D5ACF8AB1DA9CEFADD90C46912CF14755481EDD2AE49600E156CFDC6884774E5,MD,01,No,,,,,01,Dry,,,,,,,,
Property Damage Crashes,MSP7875002G,Maryland State Police,"Sideswipe, Same Direction",Prince George's,Principal Arterial – Other,No,No,No,No,No,LANDOVER RD,202,MARYLAND ROUTE,No,True,No,3/8/2025,No,Point,38.917364061,-76.851520921,MSP,07,16,03,No,19,,19:15,2025,Saturday,12,Motor Vehicle In Transport,05,On Roadway,3,,,,,,06,Non-Junction,04,Dark - Not Lighted,3/8/2025,2025-03-08,W,45.76,F,N,,,770591A57AFAF5DE0934053BF541B1104A425C79B2C62B0A25B349BB3928F6FE,MD,01,No,,,,,01,Dry,,,,,,,,
Injury Crashes,MSP7657007G,Maryland State Police,"Sideswipe, Same Direction",Prince George's,Interstate,No,Yes,No,No,No,CAPITAL BELTWAY,95,INTERSTATE ROUTE,No,True,No,3/12/2025,No,Point,38.939500667,-76.855642517,MSP,07,16,02,No,8,,08:38,2025,Wednesday,12,Motor Vehicle In Transport,05,On Roadway,1,,,,,,06,Non-Junction,01,Daylight,3/12/2025,2025-03-12,S,44.99,F,N,,,3F6ACB8084351CE44039797999EC9FC05831AFD98FEC47BE41FAD933C02480FD,IS,01,No,12,Motor Vehicle In Transport,05,On Roadway,01,Dry,,,,,,,,
Property Damage Crashes,CBPD0117007P,Bowie Police Department,Rear To Side,Prince George's,Local,No,No,No,No,No,CHELTON LA,430,MUNICIPAL ROAD,No,True,No,3/1/2025,No,Point,38.988069483,-76.746841850,BOWIE,05,16,03,No,15,,15:20,2025,Saturday,12,Motor Vehicle In Transport,05,On Roadway,7,,,,,,06,Non-Junction,99,Unknown,3/1/2025,2025-03-01,W,28.71,F,N,,,64AC7B88C7D2E965FF8FF6576A3DE145701A8019BE2A990A7CBD5BD20BD3249F,MU,01,No,,,,,01,Dry,,,,,,,,
Property Damage Crashes,MSP585801GC,Maryland State Police,"Sideswipe, Same Direction",Prince George's,Interstate,No,Yes,No,No,No,RAMP 9 FR RAMP 8 (FR IS95) TO MD 214 WB,95,RAMP,No,True,No,3/6/2025,No,Point,38.891569348,-76.849577117,MSP,07,16,03,No,19,,19:22,2025,Thursday,12,Motor Vehicle In Transport,05,On Roadway,1,,,,,,04,Entrance/Exit Ramp or Related,03,Dark - Lighted,3/6/2025,2025-03-06,N,28.32,F,N,,,3D9CF39DCBDFEEDB03B6A2AB774EBCC336B17AB8817EA6110977FA296613904E,RP,01,No,,,,,01,Dry,,,,,,,,
Property Damage Crashes,DA404800HM,Prince George's County Police,Single Vehicle,Prince George's,,No,Yes,No,No,Yes,,,,No,True,No,5/29/2025,No,Point,38.802873972,-76.982434088,PGCOPD,101,16,03,,11,,11:30,2025,Thursday,40,Tree (standing),02,In Parking Lane Or Zone,,,,,,,,,01,Daylight,5/29/2025,2025-05-29,,,F,N,100,Parking Stall,,,01,No,,,,,,,,,,,,,,
Property Damage Crashes,DA4239007G,Prince George's County Police,"Sideswipe, Opposite Direction",Prince George's,Minor Arterial,No,Yes,No,No,No,,564,MARYLAND ROUTE,No,True,No,1/21/2025,No,Point,38.993227634,-76.808340067,PGCOPD,06,16,03,No,15,,15:20,2025,Tuesday,12,Motor Vehicle In Transport,05,On Roadway,4,,,,,,09,Through Roadway,01,Daylight,1/21/2025,2025-01-21,E,28.86,F,N,,,3E781D77A7FD999E1B10C2E6A016EC98C95721F1788CD0ECF0A20CF0FB3AE319,MD,01,No,12,Motor Vehicle In Transport,05,On Roadway,01,Dry,,,,,,,,
Property Damage Crashes,CBPD0128000D,Bowie Police Department,Rear To Side,Prince George's,Local,Yes,No,No,No,No,GABRIEL ST,781,MUNICIPAL ROAD,Yes,True,No,5/20/2025,No,Point,38.976582075,-76.777513789,BOWIE,05,16,03,No,0,,00:14,2025,Tuesday,15,Parked Vehicle,04,"Off-Roadway, Location Unknown",7,,,,,,06,Non-Junction,03,Dark - Lighted,5/20/2025,2025-05-20,S,12.53,F,N,,,6B02BBB385874EE0FA7E3573B029EA9F5146AD3B79818DAC0D32E03911477ECF,MU,01,No,,,,,01,Dry,,,,,,,,
Property Damage Crashes,DA43730023,Prince George's County Police,Front to Rear,Prince George's,Principal Arterial – Other,No,No,No,No,No,ST BARNABAS RD (WB/L),414,MARYLAND ROUTE,No,True,No,1/26/2025,No,Point,38.824097228,-76.948078858,PGCOPD,03,16,03,No,19,,19:30,2025,Sunday,12,Motor Vehicle In Transport,05,On Roadway,3,,,,,,09,Through Roadway,03,Dark - Lighted,1/26/2025,2025-01-26,N,8.41,F,N,,,3CA902558F63FBEA2A26B1D21117060D3E10389122CBB9900161B4E6EB6617F5,MD,01,No,,,,,01,Dry,,,,,,,,
Property Damage Crashes,MSP74160028,Maryland State Police,"Sideswipe, Same Direction",Prince George's,Interstate,No,No,No,No,No,JOHN HANSON HWY (WB/L),595,INTERSTATE ROUTE,No,True,No,5/28/2025,No,Point,38.946901191,-76.818685489,MSP,07,16,03,No,16,,16:51,2025,Wednesday,12,Motor Vehicle In Transport,07,"On Shoulder, Right Side",1,,,,,,09,Through Roadway,01,Daylight,5/28/2025,2025-05-28,E,31.08,F,N,,,DEE090E9BA7A57B4365A4F2007513BF73CFA539BC2178917F4C943CA7849C059,IS,01,No,,,,,09,Wet,,,,,,,,
Property Damage Crashes,DA281000FQ,Prince George's County Police,Rear To Side,Prince George's,Major Collector,No,No,No,No,No,WHITFIELD CHAPEL RD,74,COUNTY ROAD,No,True,No,2/23/2025,No,Point,38.940855441,-76.853778197,PGCOPD,05,16,03,No,17,04,17:55,2025,Sunday,12,Motor Vehicle In Transport,05,On Roadway,5,Angled/Skewed,,,MARTIN LUTHER KING JR HWY (WB/L),01,05,Intersection or Related,03,Dark - Lighted,2/23/2025,2025-02-23,N,0,F,N,,,CF750AAC73AECBFC916D84D73BF0DA2EC6EA5B777FA65F92990C367208750498,CO,01,No,,,,,01,Dry,01,Signalized,,,,,,