Crash Severity Description,Reportnumber,Agencyname,CollisionImpact Description,Crash County Description,FunctionalClass Description,ImpairedCrash,Large Vehicle Involved,Motorcycle Crash,Non-Motorist Crash,OffRoad,RoadName,Route Number,RouteType Description,Unrestrained Occupants,WithinDateRange,Work Zone Related,Crashdate,Work Zone Crash,CrashPoint,Latitude,Longitude,AgencyCode,CollisionImpact,Crash County,Crash Severity,Crash Within Interchange,Crashhour,CrashInterchangeApproaches,Crashtime,CrashYear,Dayofweek,FirstHarmEvent,FirstHarmEvent Description,FirstHarmLocation,FirstHarmLocation Description,FunctionalClass,Geometry Description,GovPropertyDamage,GovPropertyDamage Description,IntersectingRoadName,Intersection Geometry,JunctionRelated,JunctionRelated Description,Light,Light Description,LOD Crash Date,LOD Date Level,MilepointDirection,MilepointDistance,MilepointUnits,NonTrafficFatal,OffroadLocation,OffroadLocation Description,RoadID,RouteType,SchoolBusRelated,SchoolBusRelated Description,SecondHarmEvent,SecondHarmEvent Description,SecondHarmLocation,SecondHarmLocation Description,Surface,Surface Description,TrafficControl,Trafficcontrol Description,WZLawEnforcementPresent,WZLocation,WZLocation Description,WZType,WZType Description,WZWorkersPresent
Property Damage Crashes,MSP738100CC,Maryland State Police,Front to Rear,Prince George's,Principal Arterial – Other Freeways and Expressways,Yes,No,No,No,No,BRANCH AVE,5,MARYLAND ROUTE,No,True,No,4/11/2025,No,Point,38.790534409,-76.897589096,MSP,03,16,03,No,19,,19:23,2025,Friday,12,Motor Vehicle In Transport,05,On Roadway,2,,101,State,,,01,Acceleration/Deceleration Lane,04,Dark - Not Lighted,4/11/2025,2025-04-11,W,17.61,F,N,,,99779705D500610CF03B3BB8B125E58A99819375BC804A9BDDB4B5915683D901,MD,01,No,35,"Other Fixed Object (wall, building, tunnel, etc.)",07,"On Shoulder, Right Side",09,Wet,,,,,,,,
Injury Crashes,CE5258001Y,Laurel Police Department,Angle,Prince George's,Principal Arterial – Other,No,No,No,No,No,,1,UNITED STATE ROUTE,No,True,No,5/23/2025,No,Point,39.092979440,-76.855722610,LAUREL,01,16,02,No,16,,16:56,2025,Friday,12,Motor Vehicle In Transport,05,On Roadway,3,,,,,,01,Acceleration/Deceleration Lane,01,Daylight,5/23/2025,2025-05-23,E,18.26,F,N,,,53181130AE45D29C6F3B526363DEF68B74B76A681261AC2B30AEE872D779B653,US,01,No,,,,,01,Dry,,,,,,,,
Property Damage Crashes,DA3381003N,Prince George's County Police,Front to Rear,Prince George's,Major Collector,No,No,No,No,No,BRIGHTSEAT RD,76,COUNTY ROAD,No,True,No,1/28/2025,No,Point,38.928507013,-76.859212988,PGCOPD,03,16,03,Yes,16,03,16:04,2025,Tuesday,12,Motor Vehicle In Transport,05,On Roadway,5,Perpendicular,,,REICHER ST,03,05,Intersection or Related,01,Daylight,1/28/2025,2025-01-28,S,0,F,N,,,FD1F22A4CC2F2665889FF5F72478727634358F2201CF982EF19899CC7F4C47EF,CO,01,No,12,Motor Vehicle In Transport,05,On Roadway,01,Dry,05,No Controls,,,,,,
Property Damage Crashes,DA400000B8,Prince George's County Police,Single Vehicle,Prince George's,Major Collector,No,No,No,No,No,LAKE ARBOR WAY,3460,COUNTY ROAD,No,True,No,4/16/2025,No,Point,38.907044591,-76.821450710,PGCOPD,101,16,03,No,7,,07:00,2025,Wednesday,27,Curb,01,Gore,5,,,,,,06,Non-Junction,01,Daylight,4/16/2025,2025-04-16,S,12.53,F,N,,,2EAEB8810550854A998EBDE75A8D5ABDADEFBA246DD7150AF01CDA937012314E,CO,01,No,40,Tree (standing),04,"Off-Roadway, Location Unknown",01,Dry,,,,,,,,
Injury Crashes,DA4398000Z,Prince George's County Police,Single Vehicle,Prince George's,,No,No,No,No,No,,42,SPUR,No,True,No,2/8/2025,No,Point,38.840975974,-76.874588131,PGCOPD,101,16,02,No,6,,06:26,2025,Saturday,27,Curb,10,Separator/Traffic Island,,,,,,,99,Unknown,03,Dark - Lighted,2/8/2025,2025-02-08,W,44.4,F,N,,,09D705E33C25FFE1E0DDE8701219B60D7EB36849E4FBB131BA09C2DBFD228A94,SP,01,No,,,,,01,Dry,,,,,,,,
Property Damage Crashes,DA4418000W,Prince George's County Police,"Sideswipe, Same Direction",Prince George's,Local,No,No,No,No,No,POWHATAN ST,619,COUNTY ROAD,Yes,True,No,3/9/2025,No,Point,38.958007557,-76.902638147,PGCOPD,07,16,03,No,19,,19:38,2025,Sunday,15,Parked Vehicle,05,On Roadway,7,,,,,,09,Through Roadway,04,Dark - Not Lighted,3/9/2025,2025-03-09,N,47.23,F,N,,,D24ECC82E5BF7A845E414FE89D5B372F755E927D3ECEFBF9A45C5732907A2451,CO,01,No,,,,,01,Dry,,,,,,,,
Property Damage Crashes,MDTA1813001Z,Maryland Transportation Authority Police,"Sideswipe, Same Direction",Prince George's,Principal Arterial – Other Freeways and Expressways,No,No,No,No,No,INTERCOUNTY CONNECTOR,200,MARYLAND ROUTE,No,True,No,3/9/2025,No,Point,39.074302930,-76.915597785,MDTA,07,16,03,No,9,,09:42,2025,Sunday,12,Motor Vehicle In Transport,05,On Roadway,2,,,,,,01,Acceleration/Deceleration Lane,98,Other,3/9/2025,2025-03-09,E,26.78,F,N,,,ABC501A22127B2805EFBD557E4E6C35881290D54249015E5D09436BD374F090E,MD,01,No,97,Not Applicable,,,98,Other,,,,,,,,
Property Damage Crashes,DA29690011,Prince George's County Police,Angle,Prince George's,Local,No,No,No,No,No,DAVID DR,2996,COUNTY ROAD,No,True,No,3/1/2025,No,Point,38.756964141,-76.900912947,PGCOPD,01,16,03,No,19,,19:15,2025,Saturday,12,Motor Vehicle In Transport,05,On Roadway,7,,,,,,06,Non-Junction,03,Dark - Lighted,3/1/2025,2025-03-01,S,11.79,F,N,,,F602DC6367AE18CC2AB9788A8908B489673EF300D7EC875A134EFE0A96F6DA94,CO,01,No,,,,,01,Dry,,,,,,,,
Injury Crashes,DA3372003F,Prince George's County Police,Angle,Prince George's,Major Collector,No,No,No,No,No,OWENS RD,112,COUNTY ROAD,No,True,No,1/9/2025,No,Point,38.817415267,-76.973618111,PGCOPD,01,16,02,No,15,,15:35,2025,Thursday,15,Parked Vehicle,04,"Off-Roadway, Location Unknown",5,,,,,,03,Driveway Access or Related,01,Daylight,1/9/2025,2025-01-09,S,19.54,F,N,,,8D02E1917CEEC98C77DFA2EC167D58EDCB88A1C92672971841021B2E0EC88230,CO,01,No,15,Parked Vehicle,04,"Off-Roadway, Location Unknown",02,Ice/Frost,,,,,,,,
Property Damage Crashes,BW02240005,Greenbelt Police Department,Other,Prince George's,,No,No,No,No,No,,539,PRIVATE ROAD,No,True,No,2/5/2025,No,Point,38.999038301,-76.911748976,GREENBELT,98,16,03,Yes,15,,15:04,2025,Wednesday,12,Motor Vehicle In Transport,05,On Roadway,,,,,CHERRYWOOD LA,,10,"Other Location Not Listed Above Within an Interchange Area (median,
shoulder and roadside)",01,Daylight,2/5/2025,2025-02-05,N,22.3,F,N,,,09CDF62C6417847F9229366E52EC3A57EF37EF214DAC800AF608BD2ED7DCDB50,PV,01,No,,,,,01,Dry,,,,,,,,
Property Damage Crashes,DA44210017,Prince George's County Police,Front to Rear,Prince George's,Minor Arterial,No,No,No,No,No,ALLENTOWN RD,126,COUNTY ROAD,No,True,Yes,3/6/2025,Yes,Point,38.800904760,-76.909046672,PGCOPD,03,16,03,No,11,,11:29,2025,Thursday,12,Motor Vehicle In Transport,05,On Roadway,4,,,,,,09,Through Roadway,01,Daylight,3/6/2025,2025-03-06,W,212.59,F,N,,,3D119D6ED227D24E8DACD9BD2854194650C10E4CDAC858C9C7CFC48E4BBE5A5C,CO,01,No,,,,,01,Dry,,,N,03,Transition Area,01,Lane Closure,Yes
Property Damage Crashes,DA38770093,Prince George's County Police,Single Vehicle,Prince George's,,No,No,No,No,Yes,,,,No,True,No,4/15/2025,No,Point,38.758028848,-76.994568621,PGCOPD,101,16,03,,19,,19:45,2025,Tuesday,35,"Other Fixed Object (wall, building, tunnel, etc.)",02,In Parking Lane Or Zone,,,,,,,,,101,Dusk,4/15/2025,2025-04-15,,,F,N,102,Parking Lot Way,,,01,No,,,,,,,,,,,,,,
Property Damage Crashes,DA4066006P,Prince George's County Police,Front to Rear,Prince George's,,No,No,No,No,No,,662,SPUR,No,True,No,1/11/2025,No,Point,38.961902765,-76.996123583,PGCOPD,03,16,03,No,19,,19:36,2025,Saturday,12,Motor Vehicle In Transport,05,On Roadway,,,,,,,09,Through Roadway,03,Dark - Lighted,1/11/2025,2025-01-11,N,6.43,F,N,,,5250698D4C0C5493ECC81F7D696D7E50BEEFE93188572E552A2FA6307D506CCA,SP,01,No,,,,,01,Dry,,,,,,,,
Property Damage Crashes,DA4333004B,Prince George's County Police,Unknown,Prince George's,Principal Arterial – Other,Yes,No,No,No,No,EAST WEST HWY (WB/L),410,MARYLAND ROUTE,No,True,No,5/3/2025,No,Point,38.971583047,-76.978772213,PGCOPD,99,16,03,No,19,,19:40,2025,Saturday,12,Motor Vehicle In Transport,04,"Off-Roadway, Location Unknown",3,,,,,,99,Unknown,03,Dark - Lighted,5/3/2025,2025-05-03,S,35.02,F,N,,,F8E44C1B7CB7B5E0608D77125574E7C2C9974F1E3D76F694F6B24C3D129F10F7,MD,01,No,,,,,01,Dry,,,,,,,,
Property Damage Crashes,DA4056007D,Prince George's County Police,"Sideswipe, Same Direction",Prince George's,Local,No,No,No,No,No,PRINCE GEORGES AVE,1602,COUNTY ROAD,No,True,No,2/19/2025,No,Point,39.038638131,-76.908645205,PGCOPD,07,16,03,No,18,,18:00,2025,Wednesday,15,Parked Vehicle,02,In Parking Lane Or Zone,7,,100,Local,,,06,Non-Junction,03,Dark - Lighted,2/19/2025,2025-02-19,E,24.55,F,N,,,F01474CDBE1089649C1D526A83279705B3EBA320E1126E072986E343DAB6CCC3,CO,01,No,97,Not Applicable,,,01,Dry,,,,,,,,
Property Damage Crashes,MSP745800RW,Maryland State Police,Front to Rear,Prince George's,Interstate,No,No,No,No,No,RAMP 24 FR RP 11 (MD 210 NB) TO IS 95 LS,95,RAMP,No,True,No,4/15/2025,No,Point,38.799116595,-77.007442877,MSP,03,16,03,No,6,,06:33,2025,Tuesday,12,Motor Vehicle In Transport,05,On Roadway,1,,,,,,01,Acceleration/Deceleration Lane,01,Daylight,4/15/2025,2025-04-15,E,28.17,F,N,,,3795A520495E1300B445715F82D94D598137F64EE8B8406F842A8C221CCA7C3A,RP,01,No,,,,,09,Wet,,,,,,,,
Property Damage Crashes,DA402100CS,Prince George's County Police,Front to Rear,Prince George's,Minor Arterial,No,No,No,No,No,ANNAPOLIS RD (WB/L),450,MARYLAND ROUTE,No,True,No,3/4/2025,No,Point,38.961658784,-76.862745988,PGCOPD,03,16,03,No,16,,16:22,2025,Tuesday,12,Motor Vehicle In Transport,05,On Roadway,4,,,,,,01,Acceleration/Deceleration Lane,01,Daylight,3/4/2025,2025-03-04,S,64.3,F,N,,,9250547E0C45576C5E76AAF826D7D13A6624C83FC801E5ABA7BF8149F4B5E541,MD,01,No,,,,,01,Dry,,,,,,,,
Property Damage Crashes,DA4413000P,Prince George's County Police,Front to Front,Prince George's,Major Collector,No,No,No,No,No,EMERSON ST,484,COUNTY ROAD,No,True,No,4/6/2025,No,Point,38.946715283,-76.919256867,PGCOPD,02,16,03,No,4,,04:20,2025,Sunday,12,Motor Vehicle In Transport,05,On Roadway,5,,,,,,06,Non-Junction,04,Dark - Not Lighted,4/6/2025,2025-04-06,N,44.98,F,N,,,5299CE43514EBD646704506E074B5F8722F043DD06EB7C0745D4E2A35C94E71D,CO,01,No,,,,,01,Dry,,,,,,,,
Injury Crashes,MSP6931013J,Maryland State Police,Angle,Prince George's,Principal Arterial – Other,No,No,No,No,No,PENNSYLVANIA AVE (SB/L),4,MARYLAND ROUTE,No,True,No,3/7/2025,No,Point,38.820859754,-76.848779929,MSP,01,16,02,No,14,04,14:26,2025,Friday,12,Motor Vehicle In Transport,05,On Roadway,3,Perpendicular,,,DOWER HOUSE RD,03,05,Intersection or Related,01,Daylight,3/7/2025,2025-03-07,S,0,F,N,,,0E4BB1BDA20084A9F221110AAE00AD49D506B92461D1AEEB0657DE270DE0328B,MD,01,No,07,Overturn/Rollover,05,On Roadway,01,Dry,01,Signalized,,,,,,
Injury Crashes,MSP7773002C,Maryland State Police,Front to Rear,Prince George's,Interstate,No,Yes,No,No,No,CAPITAL BELTWAY,95,INTERSTATE ROUTE,No,True,No,5/4/2025,No,Point,38.965003617,-76.867368633,MSP,03,16,02,No,7,,07:05,2025,Sunday,12,Motor Vehicle In Transport,05,On Roadway,1,,,,,,06,Non-Junction,01,Daylight,5/4/2025,2025-05-04,S,55.3,F,N,,,7B1D2C80D5C57CAE21D8985D796D0AE5D2A7B9A97885894C82D3583ED6675FCE,IS,01,No,,,,,09,Wet,,,,,,,,
Property Damage Crashes,DA3382004H,Prince George's County Police,"Sideswipe, Same Direction",Prince George's,Principal Arterial – Other Freeways and Expressways,No,No,No,No,No,INDIAN HEAD HWY,210,MARYLAND ROUTE,No,True,No,5/4/2025,No,Point,38.767844733,-76.994509827,PGCOPD,07,16,03,No,21,,21:41,2025,Sunday,12,Motor Vehicle In Transport,05,On Roadway,2,,,,,,06,Non-Junction,04,Dark - Not Lighted,5/4/2025,2025-05-04,S,41.74,F,N,,,BA49B6090A449432650C4EF5C7B7535DFF01B66D3143910719F3B0E549152724,MD,01,No,,,,,01,Dry,,,,,,,,
Property Damage Crashes,CP0110003M,Mount Rainier Police Department,Front to Rear,Prince George's,,No,No,No,No,No,,9340,MUNICIPAL ROAD,No,True,No,1/13/2025,No,Point,38.938169327,-76.960760679,MTRAINIER,03,16,03,Yes,8,04,08:03,2025,Monday,12,Motor Vehicle In Transport,05,On Roadway,,Perpendicular,,,BUNKER HILL RD,03,05,Intersection or Related,01,Daylight,1/13/2025,2025-01-13,N,0,F,N,,,B798DE9BD1BBEDABDA70179380205B568B7BBD583B15BA2157765D4A22336674,MU,01,No,12,Motor Vehicle In Transport,05,On Roadway,01,Dry,02,Stop - All Way,,,,,,
Property Damage Crashes,DS05310004,University of Maryland Police College Park,Other,Prince George's,,No,No,No,No,Yes,,,,No,True,No,2/7/2025,No,Point,38.988142324,-76.949220326,UMCP,98,16,03,,12,,12:37,2025,Friday,12,Motor Vehicle In Transport,02,In Parking Lane Or Zone,,,,,,,,,01,Daylight,2/7/2025,2025-02-07,,,F,N,101,Parking Aisle,,,01,No,12,Motor Vehicle In Transport,02,In Parking Lane Or Zone,,,,,,,,,,
Property Damage Crashes,DA4426000D,Prince George's County Police,"Sideswipe, Same Direction",Prince George's,,No,No,No,No,No,,219,SPUR,No,True,No,1/31/2025,No,Point,38.845331500,-76.891958919,PGCOPD,07,16,03,Yes,0,,00:40,2025,Friday,12,Motor Vehicle In Transport,05,On Roadway,,,,,,,04,Entrance/Exit Ramp or Related,03,Dark - Lighted,1/31/2025,2025-01-31,S,27.02,F,N,,,E8751C8A374CB90F12C2AFE9D2C2B99DE7EFBC10E25588A4E701E83F1FEA1E8E,SP,01,No,,,,,09,Wet,,,,,,,,
Property Damage Crashes,DA4357002X,Prince George's County Police,Other,Prince George's,,No,No,No,No,Yes,,,,No,True,No,4/13/2025,No,Point,38.766986132,-76.890163840,PGCOPD,98,16,03,,17,,17:20,2025,Sunday,12,Motor Vehicle In Transport,02,In Parking Lane Or Zone,,,,,,,,,01,Daylight,4/13/2025,2025-04-13,,,F,N,106,Driveway,,,01,No,,,,,,,,,,,,,,
Property Damage Crashes,MSP743900N8,Maryland State Police,Front to Rear,Prince George's,Interstate,No,No,No,No,No,CAPITAL BELTWAY (SB/L),95,INTERSTATE ROUTE,No,True,No,5/6/2025,No,Point,39.014557700,-76.908238726,MSP,03,16,03,No,14,,14:16,2025,Tuesday,12,Motor Vehicle In Transport,05,On Roadway,1,,102,Federal,,,09,Through Roadway,01,Daylight,5/6/2025,2025-05-06,E,78.78,F,N,,,51FC30CFAE6312AE703862E7BDA5FE0063BFA53887FE523280D19E7121686A4B,IS,01,No,,,,,01,Dry,,,,,,,,
Injury Crashes,MSP647600J3,Maryland State Police,Front to Rear,Prince George's,Principal Arterial – Other,No,Yes,No,No,No,CRAIN HWY,301,UNITED STATE ROUTE,No,True,No,4/29/2025,No,Point,38.727845776,-76.834987883,MSP,03,16,02,No,18,,18:27,2025,Tuesday,12,Motor Vehicle In Transport,05,On Roadway,3,,,,,,09,Through Roadway,01,Daylight,4/29/2025,2025-04-29,E,32.22,F,N,,,33CF07C58E605F81ADA17FFD1CDDA9401A7EDD1CD7E1F64EBF7582CD73F87CC1,US,01,No,,,,,01,Dry,,,,,,,,
Property Damage Crashes,MSP745800S2,Maryland State Police,Single Vehicle,Prince George's,Principal Arterial – Other,No,No,No,No,No,CRAIN HWY,301,UNITED STATE ROUTE,No,True,No,4/17/2025,No,Point,38.75145,-76.813125,MSP,101,16,03,No,8,,08:25,2025,Thursday,09,Animal (live),05,On Roadway,3,,,,,,01,Acceleration/Deceleration Lane,01,Daylight,4/17/2025,2025-04-17,S,40.09,F,N,,,38DFC138B81CB9BDDEB0A8612E74D49D08016C7B67C12610F228990B42C81AD7,US,01,No,,,,,01,Dry,,,,,,,,
Property Damage Crashes,DA44280005,Prince George's County Police,Single Vehicle,Prince George's,Local,No,No,No,No,No,MARYLAND PARK DR,1205,COUNTY ROAD,No,True,No,1/13/2025,No,Point,38.8901473,-76.9091107,PGCOPD,101,16,03,No,8,,08:10,2025,Monday,06,Other Non-Collision,05,On Roadway,7,,,,,,09,Through Roadway,01,Daylight,1/13/2025,2025-01-13,N,61.11,F,N,,,A644628F6A04F3F340A2D0D1F3007BEB958E4E673442A97B1520C18F5D4E6C8F,CO,01,No,35,"Other Fixed Object (wall, building, tunnel, etc.)",07,"On Shoulder, Right Side",09,Wet,,,,,,,,
Injury Crashes,DA4407000Y,Prince George's County Police,Angle,Prince George's,Principal Arterial – Other,No,No,No,No,No,SILVER HILL RD,458,MARYLAND ROUTE,No,True,No,5/10/2025,No,Point,38.853888325,-76.908189180,PGCOPD,01,16,02,Yes,13,04,13:05,2025,Saturday,12,Motor Vehicle In Transport,05,On Roadway,3,Perpendicular,,,OLD SILVER HILL RD,03,05,Intersection or Related,01,Daylight,5/10/2025,2025-05-10,S,0,F,N,,,86B09CF5904AD4352D36C18A11CE3AC64D432E4AF4FCB3D0C90CB560952AAE71,MD,01,No,,,,,01,Dry,01,Signalized,,,,,,
Property Damage Crashes,DA4394000X,Prince George's County Police,Angle,Prince George's,Local,No,No,No,No,No,BOWIE RD,55,MUNICIPAL ROAD,No,True,No,3/6/2025,No,Point,39.089247920,-76.846571663,PGCOPD,01,16,03,No,15,,15:45,2025,Thursday,12,Motor Vehicle In Transport,05,On Roadway,7,,,,,,06,Non-Junction,01,Daylight,3/6/2025,2025-03-06,N,109.83,F,N,,,BE4E53D850279C12B61BC85789AD4616DC314CF095FDF52D82F35E8724268945,MU,01,No,,,,,01,Dry,,,,,,,,
Injury Crashes,MSP718600K8,Maryland State Police,Single Vehicle,Prince George's,Principal Arterial – Other Freeways and Expressways,No,No,No,No,No,BRANCH AVE,5,MARYLAND ROUTE,No,True,No,4/4/2025,No,Point,38.801432464,-76.903180555,MSP,101,16,02,No,0,,00:17,2025,Friday,31,Guardrail End Terminal,09,Roadside,2,,,,,,09,Through Roadway,05,Dark - Unknown Lighting,4/4/2025,2025-04-04,N,106.91,F,N,,,226C7273088191CFD985DD3E33FA2C71FE03AD82CA3AFD618D4B173BEA7366F5,MD,01,No,,,,,01,Dry,,,,,,,,
Injury Crashes,DA4382001T,Prince George's County Police,Single Vehicle,Prince George's,Minor Arterial,No,No,No,Yes,No,MARLBORO PIKE,3074,COUNTY ROAD,No,True,No,4/23/2025,No,Point,38.857992065,-76.906089544,PGCOPD,101,16,02,No,22,,22:55,2025,Wednesday,17,Pedestrian,05,On Roadway,4,,,,,,06,Non-Junction,03,Dark - Lighted,4/23/2025,2025-04-23,W,32.04,F,N,,,A93EF2EA51CD3150FFFCD635616900ABAFAAF12DDCA0160978BB868A3FF9D59E,CO,01,No,,,,,01,Dry,,,,,,,,
Property Damage Crashes,DA4233007D,Prince George's County Police,Single Vehicle,Prince George's,Local,No,No,No,No,No,SIMPSON LA,923,COUNTY ROAD,No,True,No,1/4/2025,No,Point,38.768337353,-76.883431791,PGCOPD,101,16,03,No,12,,12:00,2025,Saturday,35,"Other Fixed Object (wall, building, tunnel, etc.)",02,In Parking Lane Or Zone,7,,,,,,06,Non-Junction,01,Daylight,1/4/2025,2025-01-04,W,53.28,F,N,,,9B52A1743A06A4F254271975B4DDAAD47CDFF75EE2CA468CBA39101989D9B6D5,CO,01,No,,,,,02,Ice/Frost,,,,,,,,
Property Damage Crashes,AM0391001V,Bladensburg Police Department,Front to Front,Prince George's,Local,Yes,No,No,No,No,TILDEN RD,130,MUNICIPAL ROAD,No,True,No,2/21/2025,No,Point,38.942071441,-76.933327460,BLADENSBURG,02,16,03,No,22,,22:40,2025,Friday,15,Parked Vehicle,02,In Parking Lane Or Zone,7,,100,Local,,,06,Non-Junction,03,Dark - Lighted,2/21/2025,2025-02-21,N,47.58,F,N,,,0A1017068D8C3A06AB0CDB8563D88235E599278DE9ACEF62FA776857A2CAB5BB,MU,01,No,,,,,01,Dry,,,,,,,,
Property Damage Crashes,CBPD0048008F,Bowie Police Department,Front to Rear,Prince George's,Local,No,No,No,No,No,PENNSBURY DR,2131,MUNICIPAL ROAD,No,True,No,2/11/2025,No,Point,38.904172093,-76.721681034,BOWIE,03,16,03,No,18,,18:00,2025,Tuesday,15,Parked Vehicle,05,On Roadway,7,,,,,,99,Unknown,03,Dark - Lighted,2/11/2025,2025-02-11,N,21.76,F,N,,,9086F17D2C632439AC3FE5D62CB035F13411B720ECD0D3EF8A7D4DC9843BD9F4,MU,01,No,97,Not Applicable,,,07,Snow,,,,,,,,
Injury Crashes,DA4260003S,Prince George's County Police,Single Vehicle,Prince George's,,No,No,No,No,No,NO NAME,1215,LOCAL ROAD,No,True,No,1/4/2025,No,Point,38.855452213,-76.940513251,PGCOPD,101,16,02,No,14,,14:47,2025,Saturday,36,"Other Post, Pole, Or Support",05,On Roadway,,,,,,,09,Through Roadway,01,Daylight,1/4/2025,2025-01-04,N,17.06,F,N,,,C6D95BBCF7FCC00FF59167F2A259C65093BE2F074C30BFD12BF9D37CB76C8AEA,LL,01,No,12,Motor Vehicle In Transport,05,On Roadway,01,Dry,,,,,,,,
Property Damage Crashes,DA421200FD,Prince George's County Police,Angle,Prince George's,Minor Arterial,No,No,No,No,No,ANNAPOLIS RD,450,MARYLAND ROUTE,No,True,No,1/29/2025,No,Point,38.939124647,-76.907334476,PGCOPD,01,16,03,Yes,7,04,07:05,2025,Wednesday,12,Motor Vehicle In Transport,05,On Roadway,4,Angled/Skewed,,,65TH AVE,01,05,Intersection or Related,100,Dawn,1/29/2025,2025-01-29,S,0,F,N,,,EEC4578DEAFB1CB332788A0B08A168A9C4842897AFA3A95D2A658E0781AF2ADC,MD,01,No,,,,,01,Dry,01,Signalized,,,,,,
Property Damage Crashes,CNC3154006H,New Carrollton Police Department,Single Vehicle,Prince George's,Minor Arterial,No,No,No,No,No,ANNAPOLIS RD,450,MARYLAND ROUTE,No,True,No,5/27/2025,No,Point,38.951912624,-76.884796867,NCPD,101,16,03,Yes,8,,08:37,2025,Tuesday,27,Curb,09,Roadside,4,,100,Local,,,04,Entrance/Exit Ramp or Related,01,Daylight,5/27/2025,2025-05-27,N,23.72,F,N,,,46798F7798638AC1CB97985C3E807C4158CB705981C82FC7AF004786F0E49504,MD,01,No,35,"Other Fixed Object (wall, building, tunnel, etc.)",04,"Off-Roadway, Location Unknown",01,Dry,,,,,,,,
Property Damage Crashes,CE4115003K,Laurel Police Department,"Sideswipe, Same Direction",Prince George's,Principal Arterial – Other,No,No,No,No,No,FORT MEADE RD (WB/L),198,MARYLAND ROUTE,No,True,No,5/17/2025,No,Point,39.095375560,-76.841584153,LAUREL,07,16,03,No,20,,20:55,2025,Saturday,12,Motor Vehicle In Transport,05,On Roadway,3,,,,,,06,Non-Junction,03,Dark - Lighted,5/17/2025,2025-05-17,S,11.35,F,N,,,C1B54F905A6BC8934EA8BF9AC0694B91D714FAF5D207684866A39FAE43BF6CA8,MD,01,No,,,,,01,Dry,,,,,,,,
Property Damage Crashes,DJ0178001N,Seat Pleasant Police Department,Rear To Side,Prince George's,Principal Arterial – Other,No,No,No,No,No,E CAPITOL ST (WB/L),214,MARYLAND ROUTE,No,True,No,4/9/2025,No,Point,38.886960189,-76.901709917,SEATPLEASANT,05,16,03,Yes,11,04,11:35,2025,Wednesday,12,Motor Vehicle In Transport,05,On Roadway,3,Perpendicular,,,NO NAME,03,05,Intersection or Related,01,Daylight,4/9/2025,2025-04-09,E,0,F,N,,,5DE890AF35307F8B825BDB7276AC2DF7895A767DBD4B36AB61822C1EBE789D10,MD,01,No,12,Motor Vehicle In Transport,05,On Roadway,01,Dry,01,Signalized,,,,,,
Property Damage Crashes,MSP78720029,Maryland State Police,Single Vehicle,Prince George's,Interstate,No,No,No,No,No,RAMP 2 FR MD 202 WB TO IS 95 NB,95,RAMP,No,True,No,2/17/2025,No,Point,38.920235245,-76.852195627,MSP,101,16,03,No,7,,07:36,2025,Monday,28,Ditch,09,Roadside,1,,,,,,04,Entrance/Exit Ramp or Related,01,Daylight,2/17/2025,2025-02-17,E,30.77,F,N,,,027C84B311CD645F71DF12870ED888A059377EE6F7AAB6DBCC26631FB90609BA,RP,01,No,07,Overturn/Rollover,09,Roadside,02,Ice/Frost,,,,,,,,
Injury Crashes,DA4332003J,Prince George's County Police,Other,Prince George's,Principal Arterial – Other,No,Yes,No,No,No,BALTIMORE AVE,1,UNITED STATE ROUTE,Yes,True,No,5/6/2025,No,Point,38.995681220,-76.931946720,PGCOPD,98,16,02,Yes,9,04,09:00,2025,Tuesday,12,Motor Vehicle In Transport,05,On Roadway,3,Perpendicular,,,BERWYN RD,03,05,Intersection or Related,01,Daylight,5/6/2025,2025-05-06,S,0,F,N,,,DE60BEB8E18D83DDAD4B27351A9671ED1BDF6D45DC17804586D6ED114FB5A78B,US,01,No,,,,,01,Dry,01,Signalized,,,,,,
Injury Crashes,DA29780013,Prince George's County Police,Front to Front,Prince George's,,No,No,No,No,No,,129,PRIVATE ROAD,No,True,No,4/13/2025,No,Point,38.790226312,-76.955312465,PGCOPD,02,16,02,No,9,,09:36,2025,Sunday,12,Motor Vehicle In Transport,05,On Roadway,,,,,,,06,Non-Junction,01,Daylight,4/13/2025,2025-04-13,N,37.75,F,N,,,5C8E158006A59302DD4E54EA8A7AEBE856F3F01F7E3EB84F453A76B26BB5227B,PV,01,No,,,,,01,Dry,,,,,,,,
Property Damage Crashes,MSP7764009H,Maryland State Police,Front to Rear,Prince George's,Interstate,No,No,No,No,No,RAMP 7 FR MD 450 WB TO IS 95 SB,95,RAMP,No,True,No,5/18/2025,No,Point,38.959815734,-76.866385220,MSP,03,16,03,No,2,,02:36,2025,Sunday,12,Motor Vehicle In Transport,05,On Roadway,1,,,,CAPITAL BELTWAY (SB/L),,06,Non-Junction,03,Dark - Lighted,5/18/2025,2025-05-18,W,2.84,F,N,,,81115187EE15A41138592C5C14CFD7F0586669B104697659BC5A36BAD5F53AA1,RP,01,No,,,,,01,Dry,,,,,,,,