Crash Severity Description,Reportnumber,Agencyname,CollisionImpact Description,Crash County Description,FunctionalClass Description,ImpairedCrash,Large Vehicle Involved,Motorcycle Crash,Non-Motorist Crash,OffRoad,RoadName,Route Number,RouteType Description,Unrestrained Occupants,WithinDateRange,Work Zone Related,Crashdate,Work Zone Crash,CrashPoint,Latitude,Longitude,AgencyCode,CollisionImpact,Crash County,Crash Severity,Crash Within Interchange,Crashhour,CrashInterchangeApproaches,Crashtime,CrashYear,Dayofweek,FirstHarmEvent,FirstHarmEvent Description,FirstHarmLocation,FirstHarmLocation Description,FunctionalClass,Geometry Description,GovPropertyDamage,GovPropertyDamage Description,IntersectingRoadName,Intersection Geometry,JunctionRelated,JunctionRelated Description,Light,Light Description,LOD Crash Date,LOD Date Level,MilepointDirection,MilepointDistance,MilepointUnits,NonTrafficFatal,OffroadLocation,OffroadLocation Description,RoadID,RouteType,SchoolBusRelated,SchoolBusRelated Description,SecondHarmEvent,SecondHarmEvent Description,SecondHarmLocation,SecondHarmLocation Description,Surface,Surface Description,TrafficControl,Trafficcontrol Description,WZLawEnforcementPresent,WZLocation,WZLocation Description,WZType,WZType Description,WZWorkersPresent
Property Damage Crashes,CBPD01160040,Bowie Police Department,Unknown,Prince George's,,No,No,No,No,Yes,,,,No,True,No,2/14/2025,No,Point,38.945113914,-76.721730799,BOWIE,99,16,03,,17,,17:07,2025,Friday,15,Parked Vehicle,02,In Parking Lane Or Zone,,,,,,,,,01,Daylight,2/14/2025,2025-02-14,,,F,N,100,Parking Stall,,,01,No,,,,,,,,,,,,,,
Property Damage Crashes,DA44300015,Prince George's County Police,Single Vehicle,Prince George's,Principal Arterial – Other,No,No,No,No,No,LANDOVER RD (SB/L),202,MARYLAND ROUTE,No,True,No,5/25/2025,No,Point,38.918201746,-76.860398286,PGCOPD,101,16,03,No,5,,05:30,2025,Sunday,27,Curb,09,Roadside,3,,,,,,09,Through Roadway,100,Dawn,5/25/2025,2025-05-25,E,8.66,F,N,,,79807018F8CD88666C18E42A0966801F883F77801590B0804114F6CBF088464A,MD,01,No,,,,,01,Dry,,,,,,,,
Property Damage Crashes,DA4251006S,Prince George's County Police,Front to Rear,Prince George's,Principal Arterial – Other,No,No,No,No,No,ANNAPOLIS RD (WB/L),450,MARYLAND ROUTE,No,True,No,5/2/2025,No,Point,38.957975763,-76.804795562,PGCOPD,03,16,03,Yes,5,,05:55,2025,Friday,12,Motor Vehicle In Transport,05,On Roadway,3,,,,,,09,Through Roadway,03,Dark - Lighted,5/2/2025,2025-05-02,N,39.85,F,N,,,0D4350759A2AFC28CC51159E55E18E05FCD28A5C659CDD269763A3BA73E9DAB4,MD,01,No,,,,,01,Dry,,,,,,,,
Property Damage Crashes,CBPD0119002G,Bowie Police Department,Angle,Prince George's,Minor Arterial,No,No,No,No,No,RACE TRACK RD,49,COUNTY ROAD,No,True,No,3/5/2025,No,Point,38.984603124,-76.729792773,BOWIE,01,16,03,No,17,,17:35,2025,Wednesday,12,Motor Vehicle In Transport,05,On Roadway,4,,,,,,01,Acceleration/Deceleration Lane,01,Daylight,3/5/2025,2025-03-05,S,41.87,F,N,,,85D7AA9B31063DEC743321D2DAE8611675260363D34EC09A96A6C6A081F21CE3,CO,01,No,,,,,09,Wet,,,,,,,,
Injury Crashes,DA42680073,Prince George's County Police,Other,Prince George's,Principal Arterial – Other,No,No,No,No,No,UNIVERSITY BLVD (WB/L),193,MARYLAND ROUTE,No,True,Yes,2/8/2025,Yes,Point,38.984724297,-76.966116218,PGCOPD,98,16,02,Yes,14,05,14:22,2025,Saturday,12,Motor Vehicle In Transport,05,On Roadway,3,Perpendicular,,,WEST PARK DR,03,05,Intersection or Related,01,Daylight,2/8/2025,2025-02-08,W,0,F,N,,,E0AF156FD11501E8CFFA3109A1893E268E51B6753D79EA8171D0BB916FC19A50,MD,01,No,,,,,09,Wet,01,Signalized,N,04,Activity Area,05,Other Type of Work Zone,No
Property Damage Crashes,DA44350005,Prince George's County Police,Single Vehicle,Prince George's,,No,No,No,No,Yes,,,,No,True,No,5/25/2025,No,Point,38.9412787,-76.9340397,PGCOPD,101,16,03,,2,,02:25,2025,Sunday,35,"Other Fixed Object (wall, building, tunnel, etc.)",02,In Parking Lane Or Zone,,,100,Local,,,,,03,Dark - Lighted,5/25/2025,2025-05-25,,,F,N,106,Driveway,,,01,No,,,,,,,,,,,,,,
Property Damage Crashes,CE4961007N,Laurel Police Department,Front to Front,Prince George's,Local,No,No,No,No,No,LAUREL PARK DR,221,MUNICIPAL ROAD,No,True,No,1/16/2025,No,Point,39.085899553,-76.880094620,LAUREL,02,16,03,No,9,,09:02,2025,Thursday,12,Motor Vehicle In Transport,05,On Roadway,7,,,,VAN DUSEN RD,,06,Non-Junction,01,Daylight,1/16/2025,2025-01-16,S,19.26,F,N,,,21E82334EA2D5E93FDF138DF6CBD16905C07ADA50ECAD317A165E02F64593B00,MU,01,No,,,,,01,Dry,,,,,,,,
Injury Crashes,CE45870085,Laurel Police Department,"Sideswipe, Same Direction",Prince George's,Minor Arterial,No,No,No,No,No,SEVENTH ST (SB/L),216,MARYLAND ROUTE,No,True,No,2/23/2025,No,Point,39.102915106,-76.855808974,LAUREL,07,16,02,Yes,10,03,10:48,2025,Sunday,12,Motor Vehicle In Transport,05,On Roadway,4,Perpendicular,,,TALBOTT AVE (WB/L),03,05,Intersection or Related,01,Daylight,2/23/2025,2025-02-23,N,0,F,N,,,75D679BA31A26E441D9136ECCA87213D7F29C1FB73BF186F289FB1E11C6DF231,MD,01,No,,,,,01,Dry,01,Signalized,,,,,,
Injury Crashes,DA4359001H,Prince George's County Police,Single Vehicle,Prince George's,Principal Arterial – Other,No,No,No,No,No,LAUREL BOWIE RD,197,MARYLAND ROUTE,No,True,No,3/19/2025,No,Point,39.079247807,-76.848119599,PGCOPD,101,16,02,No,13,,13:04,2025,Wednesday,38,Traffic Sign Support,09,Roadside,3,,,,,,06,Non-Junction,01,Daylight,3/19/2025,2025-03-19,S,18.66,F,N,,,63BF8DFE3CDD1F32D0BDC4ECB202722B3EAFCCF4F41FC9F317235667A9C5CC14,MD,01,No,,,,,01,Dry,,,,,,,,
Property Damage Crashes,MSP7665009V,Maryland State Police,Front to Rear,Prince George's,Interstate,No,No,No,No,No,CAPITAL BELTWAY,95,INTERSTATE ROUTE,No,True,No,2/5/2025,No,Point,38.960218333,-76.866348333,MSP,03,16,03,No,6,,06:43,2025,Wednesday,12,Motor Vehicle In Transport,05,On Roadway,1,,,,,,06,Non-Junction,01,Daylight,2/5/2025,2025-02-05,N,32.25,F,N,,,864BB41592A87943D78103B6D510CF69DBB465B09C3576E067E0232FB721D2CC,IS,01,No,,,,,01,Dry,,,,,,,,
Property Damage Crashes,AM03910027,Bladensburg Police Department,Front to Rear,Prince George's,Local,No,No,No,No,No,TAUSSIG RD,110,MUNICIPAL ROAD,No,True,No,5/17/2025,No,Point,38.941348425,-76.924754394,BLADENSBURG,03,16,03,No,0,,00:37,2025,Saturday,15,Parked Vehicle,05,On Roadway,7,,,,54TH PL,,09,Through Roadway,04,Dark - Not Lighted,5/17/2025,2025-05-17,W,8.51,F,N,,,E6D5423FA1D0054FDC41AC5FCAB6986E59A67E4D2DA44F3BD6FE176B75F99BFB,MU,01,No,,,,,01,Dry,,,,,,,,
Injury Crashes,DA4370001K,Prince George's County Police,Other,Prince George's,,No,No,No,No,Yes,,,,Yes,True,No,2/24/2025,No,Point,38.902705211,-76.843977644,PGCOPD,98,16,02,,5,,05:30,2025,Monday,15,Parked Vehicle,04,"Off-Roadway, Location Unknown",,,,,,,,,03,Dark - Lighted,2/24/2025,2025-02-24,,,F,N,102,Parking Lot Way,,,01,No,,,,,,,,,,,,,,
Property Damage Crashes,DA4278006P,Prince George's County Police,Single Vehicle,Prince George's,Minor Arterial,No,Yes,No,No,No,RACE TRACK RD,49,COUNTY ROAD,No,True,No,1/19/2025,No,Point,38.997735780,-76.740817477,PGCOPD,101,16,03,No,20,,20:30,2025,Sunday,36,"Other Post, Pole, Or Support",05,On Roadway,4,,100,Local,,,09,Through Roadway,04,Dark - Not Lighted,1/19/2025,2025-01-19,N,13.33,F,N,,,64EBA982D6F39F96EEE708E60A75603B62D2F1751A4F77A5C21CAB47E42A2908,CO,01,No,,,,,09,Wet,,,,,,,,
Injury Crashes,MSP7701005H,Maryland State Police,"Sideswipe, Same Direction",Prince George's,Interstate,No,No,No,No,No,CAPITAL BELTWAY,95,INTERSTATE ROUTE,No,True,No,1/12/2025,No,Point,38.916936880,-76.851452414,MSP,07,16,02,No,18,,18:33,2025,Sunday,15,Parked Vehicle,06,"On Shoulder, Left Side",1,,,,,,09,Through Roadway,04,Dark - Not Lighted,1/12/2025,2025-01-12,E,20.24,F,N,,,2A642849283FCAA66E80BF42EE8837CAD12DCDEC1716D3A7850C0E9DB4EBABC2,IS,01,No,,,,,01,Dry,,,,,,,,
Property Damage Crashes,DA3088007G,Prince George's County Police,Front to Rear,Prince George's,Major Collector,Yes,No,No,No,No,OLD SILVER HILL RD (WB/L),414,MARYLAND ROUTE,No,True,No,3/28/2025,No,Point,38.840695274,-76.945238199,PGCOPD,03,16,03,No,18,,18:25,2025,Friday,12,Motor Vehicle In Transport,05,On Roadway,5,,,,,,06,Non-Junction,01,Daylight,3/28/2025,2025-03-28,N,334.92,F,N,,,C54F78B8C6CCBA6626E8C15E544AE28CFAA198863B5CC247B169443F8033C54F,MD,01,No,,,,,01,Dry,,,,,,,,
Property Damage Crashes,MSP7773001X,Maryland State Police,"Sideswipe, Same Direction",Prince George's,Interstate,No,No,No,No,No,NO NAME (SB/L),95,INTERSTATE ROUTE,No,True,No,3/28/2025,No,Point,39.099383750,-76.890094457,MSP,07,16,03,No,0,,00:35,2025,Friday,12,Motor Vehicle In Transport,05,On Roadway,1,,,,,,06,Non-Junction,04,Dark - Not Lighted,3/28/2025,2025-03-28,S,10.52,F,N,,,957AD14DA3FC581875AFB63BCAD9F3E39A7BCA7D5819D28F8A508F83BFE42A8C,IS,01,No,,,,,01,Dry,,,,,,,,
Property Damage Crashes,MSP745800QL,Maryland State Police,Front to Rear,Prince George's,Interstate,No,No,No,No,No,CAPITAL BELTWAY (SB/L),95,INTERSTATE ROUTE,No,True,No,3/8/2025,No,Point,38.911318333,-76.850263333,MSP,03,16,03,No,19,,19:53,2025,Saturday,12,Motor Vehicle In Transport,05,On Roadway,1,,,,,,01,Acceleration/Deceleration Lane,03,Dark - Lighted,3/8/2025,2025-03-08,E,46.7,F,N,,,FF786FE5D7233523E9128C7A5123ABE4FE8C68D8192BF6F35082A879B90F3EC9,IS,01,No,,,,,01,Dry,,,,,,,,
Injury Crashes,DA4055006V,Prince George's County Police,Front to Rear,Prince George's,Minor Arterial,Yes,No,No,No,No,WALKER MILL RD,367,COUNTY ROAD,No,True,No,1/31/2025,No,Point,38.874590605,-76.859976784,PGCOPD,03,16,02,No,14,,14:57,2025,Friday,12,Motor Vehicle In Transport,05,On Roadway,4,,,,,,06,Non-Junction,01,Daylight,1/31/2025,2025-01-31,N,42.75,F,N,,,AC922C902A326D6CE951B71AD94AF87379BF981F83ADD6A3E5BE8E30CD3B350B,CO,01,No,12,Motor Vehicle In Transport,05,On Roadway,09,Wet,,,,,,,,
Property Damage Crashes,CC0299001F,Hyattsville Police Department,Rear To Side,Prince George's,,No,No,No,No,Yes,,,,No,True,No,4/1/2025,No,Point,38.965884947,-76.956443662,HYATTSVILLE,05,16,03,,11,,11:16,2025,Tuesday,12,Motor Vehicle In Transport,02,In Parking Lane Or Zone,,,,,,,,,01,Daylight,4/1/2025,2025-04-01,,,F,N,102,Parking Lot Way,,,01,No,,,,,,,,,,,,,,
Property Damage Crashes,MSP718600LG,Maryland State Police,"Sideswipe, Same Direction",Prince George's,Principal Arterial – Other,No,No,No,No,No,CRAIN HWY (SB/L),301,UNITED STATE ROUTE,No,True,Yes,6/2/2025,Yes,Point,38.688811945,-76.872398949,MSP,07,16,03,No,10,,10:34,2025,Monday,12,Motor Vehicle In Transport,05,On Roadway,3,,,,,,09,Through Roadway,01,Daylight,6/2/2025,2025-06-02,E,6.25,F,N,,,1690D3E39B32F14A47129B587386B0F325D51E818E6C93D41E1971132ABBF7F2,US,01,No,,,,,01,Dry,,,Y,03,Transition Area,05,Other Type of Work Zone,Yes
Property Damage Crashes,DA3522009W,Prince George's County Police,Front to Rear,Prince George's,Minor Arterial,No,No,No,No,No,RIGGS RD,212,MARYLAND ROUTE,No,True,No,2/14/2025,No,Point,39.004910538,-76.969045265,PGCOPD,03,16,03,No,13,,13:00,2025,Friday,12,Motor Vehicle In Transport,05,On Roadway,4,,,,,,06,Non-Junction,01,Daylight,2/14/2025,2025-02-14,W,37.82,F,N,,,C8FDE36B29848BFC8CD2AF94E50FB0185283232D52ED397C31FD9488606EC8FA,MD,01,No,,,,,01,Dry,,,,,,,,
Property Damage Crashes,DA4415000B,Prince George's County Police,Front to Rear,Prince George's,Local,No,Yes,No,No,No,LEBANON ST,1691,COUNTY ROAD,Yes,True,No,1/22/2025,No,Point,38.9891334,-76.9756058,PGCOPD,03,16,03,No,15,,15:34,2025,Wednesday,12,Motor Vehicle In Transport,05,On Roadway,7,,,,,,06,Non-Junction,01,Daylight,1/22/2025,2025-01-22,N,83.54,F,N,,,A271A78213D88FEFB17651EA008E0D04D326F686C4F1ABFDC2402C1D7123AF1C,CO,02,"Yes, School Bus Directly Involved",12,Motor Vehicle In Transport,09,Roadside,01,Dry,,,,,,,,
Injury Crashes,MSP647600GN,Maryland State Police,"Sideswipe, Same Direction",Prince George's,Principal Arterial – Other,No,No,No,No,No,STEPHANIE ROPER HWY (SB/L),4,MARYLAND ROUTE,No,True,No,1/19/2025,No,Point,38.811259378,-76.715076341,MSP,07,16,02,No,15,,15:36,2025,Sunday,12,Motor Vehicle In Transport,07,"On Shoulder, Right Side",3,,100,Local,,,09,Through Roadway,01,Daylight,1/19/2025,2025-01-19,E,18.07,F,N,,,E0D9CA1765B7A9748B1372E80C442D3D013466473128F272FA4205E31439113C,MD,01,No,12,Motor Vehicle In Transport,07,"On Shoulder, Right Side",02,Ice/Frost,,,,,,,,
Property Damage Crashes,DA3397004V,Prince George's County Police,Front to Front,Prince George's,Minor Arterial,No,No,No,No,No,COVENTRY WAY,5,MARYLAND ROUTE,No,True,No,3/20/2025,No,Point,38.782305268,-76.895578927,PGCOPD,02,16,03,No,19,02,19:20,2025,Thursday,12,Motor Vehicle In Transport,05,On Roadway,4,Perpendicular,,,SERVICE RD,03,05,Intersection or Related,03,Dark - Lighted,3/20/2025,2025-03-20,S,0,F,N,,,7CD80A2AEB1B2873D8424CF52614289784C14FC91621278E50E42ACCE8313148,MD,01,No,,,,,09,Wet,05,No Controls,,,,,,
Property Damage Crashes,MSP647600HM,Maryland State Police,Front to Rear,Prince George's,Interstate,No,No,No,No,No,CAPITAL BELTWAY (SB/L),95,INTERSTATE ROUTE,No,True,No,3/29/2025,No,Point,38.875328075,-76.843925384,MSP,03,16,03,No,12,,12:50,2025,Saturday,12,Motor Vehicle In Transport,05,On Roadway,1,,,,,,09,Through Roadway,01,Daylight,3/29/2025,2025-03-29,N,48.59,F,N,,,7EEE4D55FDDFC7F0C27503D5A07B6C977B4D1B67C908C5E1EBDAE9C041C7EC2F,IS,01,No,12,Motor Vehicle In Transport,05,On Roadway,01,Dry,,,,,,,,
Property Damage Crashes,CE464300CY,Laurel Police Department,Front to Front,Prince George's,,No,No,No,No,Yes,,,,No,True,No,2/21/2025,No,Point,39.094861462,-76.856248422,LAUREL,02,16,03,,19,,19:12,2025,Friday,12,Motor Vehicle In Transport,02,In Parking Lane Or Zone,,,,,,,,,03,Dark - Lighted,2/21/2025,2025-02-21,,,F,N,102,Parking Lot Way,,,01,No,12,Motor Vehicle In Transport,02,In Parking Lane Or Zone,,,,,,,,,,
Property Damage Crashes,DA3743000R,Prince George's County Police,"Sideswipe, Same Direction",Prince George's,Principal Arterial – Other,No,No,No,No,No,LAUREL BOWIE RD (SB/L),197,MARYLAND ROUTE,No,True,No,3/7/2025,No,Point,39.064698729,-76.839609033,PGCOPD,07,16,03,Yes,13,,13:30,2025,Friday,12,Motor Vehicle In Transport,05,On Roadway,3,,,,,,02,Crossover-Related,01,Daylight,3/7/2025,2025-03-07,N,27.9,F,N,,,9A2625499E98DED57D9368C20C87DE36F554334FD17EC6ED1AFCAB55F4AF42EF,MD,01,No,97,Not Applicable,,,01,Dry,,,,,,,,
Property Damage Crashes,CE5039003J,Laurel Police Department,Single Vehicle,Prince George's,Local,No,No,No,No,No,KAY CT,802,OTHER PUBLIC ROAD,No,True,No,3/16/2025,No,Point,39.100565817,-76.853797321,LAUREL,101,16,03,No,23,,23:32,2025,Sunday,13,Other Non-Fixed Object,05,On Roadway,7,,,,GORMAN AVE,,06,Non-Junction,03,Dark - Lighted,3/16/2025,2025-03-16,N,22.85,F,N,,,F0576D0DC991C9442D55079198FF13CF1FD7438198F28690054658E964C40B5F,OP,01,No,,,,,09,Wet,,,,,,,,
Property Damage Crashes,DA44250008,Prince George's County Police,Single Vehicle,Prince George's,Local,No,No,No,No,No,BEAVER HEIGHTS LA,353,COUNTY ROAD,Yes,True,No,2/15/2025,No,Point,38.910257178,-76.928029719,PGCOPD,101,16,03,No,1,,01:12,2025,Saturday,36,"Other Post, Pole, Or Support",07,"On Shoulder, Right Side",7,,,,,,99,Unknown,03,Dark - Lighted,2/15/2025,2025-02-15,S,7.35,F,N,,,F73781CCEFAEB354B4BB8E5A394C32B99B774967031C1F6ACBE5B2C12AD5A597,CO,01,No,,,,,01,Dry,,,,,,,,
Injury Crashes,MSP7764008G,Maryland State Police,"Sideswipe, Same Direction",Prince George's,Interstate,No,No,No,No,No,CAPITAL BELTWAY (SB/L),95,INTERSTATE ROUTE,No,True,No,4/6/2025,No,Point,38.961122749,-76.866812862,MSP,07,16,02,No,10,,10:05,2025,Sunday,12,Motor Vehicle In Transport,05,On Roadway,1,,101,State,,,06,Non-Junction,01,Daylight,4/6/2025,2025-04-06,S,25.49,F,N,,,510B9A3B38F1DB682F97694C7C8AE3FA11B2D655953CECBC85F4468CA576A86B,IS,01,No,,,,,01,Dry,,,,,,,,
Property Damage Crashes,MSP7839001J,Maryland State Police,Front to Rear,Prince George's,,No,No,No,No,No,,5,MARYLAND ROUTE,No,True,No,1/21/2025,No,Point,38.676925960,-76.875427838,MSP,03,16,03,Yes,11,,11:47,2025,Tuesday,12,Motor Vehicle In Transport,05,On Roadway,,,,,,,04,Entrance/Exit Ramp or Related,01,Daylight,1/21/2025,2025-01-21,W,21.51,F,N,,,BC47C121D25277CE05883B0A7E9654013ECDF7B254BA795B090F12A89F5E53AD,MD,01,No,,,,,01,Dry,,,,,,,,
Property Damage Crashes,DA3396002M,Prince George's County Police,Angle,Prince George's,Local,No,No,No,No,No,DILLE DR,4865,COUNTY ROAD,No,True,No,3/11/2025,No,Point,38.824947642,-76.769486953,PGCOPD,01,16,03,No,7,04,07:12,2025,Tuesday,12,Motor Vehicle In Transport,05,On Roadway,7,Perpendicular,,,BROWN STATION RD JOHN ROGERS BLVD JOHN ROGERS BLVD (WB/L),03,05,Intersection or Related,01,Daylight,3/11/2025,2025-03-11,E,0,F,N,,,47050F97A0D4AA840D19535663048C0FA4A3B1533A73E9DED43586660CEC4135,CO,01,No,,,,,01,Dry,03,Stop - Partial,,,,,,
Property Damage Crashes,AM0388002N,Bladensburg Police Department,Other,Prince George's,Major Collector,No,No,No,No,No,57TH AVE,570,MUNICIPAL ROAD,No,True,No,2/24/2025,No,Point,38.942358543,-76.917939618,BLADENSBURG,98,16,03,No,9,,09:32,2025,Monday,12,Motor Vehicle In Transport,05,On Roadway,5,,,,,,01,Acceleration/Deceleration Lane,01,Daylight,2/24/2025,2025-02-24,E,231.91,F,N,,,EF9F91EF7A9B9D5F8847C042D2A25653A0A25FCA27F3E9BF6EFDDDF7C08F3CC8,MU,01,No,,,,,01,Dry,,,,,,,,
Injury Crashes,DA31390009,Prince George's County Police,Unknown,Prince George's,,No,Yes,No,Yes,Yes,,,,No,True,No,1/14/2025,No,Point,38.796046404,-76.983753655,PGCOPD,99,16,02,,9,,09:23,2025,Tuesday,09,Animal (live),02,In Parking Lane Or Zone,,,,,,,,,98,Other,1/14/2025,2025-01-14,,,F,N,102,Parking Lot Way,,,01,No,06,Other Non-Collision,02,In Parking Lane Or Zone,,,,,,,,,,
Property Damage Crashes,DA345600DZ,Prince George's County Police,Angle,Prince George's,Major Collector,No,No,No,No,No,23RD AVE,680,COUNTY ROAD,No,True,No,2/18/2025,No,Point,38.981516456,-76.971072119,PGCOPD,01,16,03,No,19,,19:54,2025,Tuesday,12,Motor Vehicle In Transport,09,Roadside,5,,,,CHAPMAN RD,,06,Non-Junction,03,Dark - Lighted,2/18/2025,2025-02-18,W,10.2,F,N,,,2CCDF5B27DBCCCAFD7ACDC7629665BBF45C9E8891EB78F8C6472BF76D0275525,CO,01,No,,,,,01,Dry,,,,,,,,
Property Damage Crashes,DA4102008B,Prince George's County Police,Front to Rear,Prince George's,Principal Arterial – Other,No,No,No,No,No,,410,MARYLAND ROUTE,No,True,No,5/6/2025,No,Point,38.961091820,-76.907830439,PGCOPD,03,16,03,No,2,,02:09,2025,Tuesday,12,Motor Vehicle In Transport,05,On Roadway,3,,,,,,09,Through Roadway,03,Dark - Lighted,5/6/2025,2025-05-06,W,13.85,F,N,,,180E4BE54FCBC54E75317B17E4283BC64B2FBC40556C517934F66B19FDD1313F,MD,01,No,12,Motor Vehicle In Transport,05,On Roadway,09,Wet,,,,,,,,
Property Damage Crashes,MSP7764007D,Maryland State Police,Front to Front,Prince George's,Principal Arterial – Other,No,No,No,No,No,BALTIMORE AVE,1,UNITED STATE ROUTE,No,True,No,2/1/2025,No,Point,39.0333184,-76.90971545,MSP,02,16,03,No,16,,16:53,2025,Saturday,12,Motor Vehicle In Transport,05,On Roadway,3,,,,,,03,Driveway Access or Related,01,Daylight,2/1/2025,2025-02-01,S,21.93,F,N,,,EB460078DF7E8966C561B627BBB8E2A7503B80E730D59AD7C3CD15C2AB9CAA07,US,01,No,,,,,01,Dry,,,,,,,,
Property Damage Crashes,DA4419000X,Prince George's County Police,Front to Rear,Prince George's,Local,No,No,No,No,No,BURNING TREE CT,4398,COUNTY ROAD,No,True,No,6/3/2025,No,Point,38.898848124,-76.807755925,PGCOPD,03,16,03,No,11,,11:30,2025,Tuesday,12,Motor Vehicle In Transport,07,"On Shoulder, Right Side",7,,,,LAKE ARBOR WAY (SB/L),,06,Non-Junction,99,Unknown,6/3/2025,2025-06-03,N,21.86,F,N,,,DFFBFE74414439001F22C70E45AC928C33DF10FCFF2361BDC0E7291806F7769E,CO,01,No,,,,,99,Unknown,,,,,,,,
Property Damage Crashes,CBPD01170076,Bowie Police Department,Angle,Prince George's,Principal Arterial – Other,Yes,No,No,No,No,ANNAPOLIS RD,450,MARYLAND ROUTE,No,True,No,2/2/2025,No,Point,38.981779502,-76.729001543,BOWIE,01,16,03,No,20,,20:38,2025,Sunday,12,Motor Vehicle In Transport,05,On Roadway,3,,,,,,06,Non-Junction,03,Dark - Lighted,2/2/2025,2025-02-02,N,33.5,F,N,,,570F49C6CC14C72880B54B71320DC1964D919C89A2C13864420D1517DED09CB4,MD,01,No,,,,,01,Dry,,,,,,,,
Property Damage Crashes,MSP546601SC,Maryland State Police,Single Vehicle,Prince George's,Principal Arterial – Other,No,No,No,No,No,BRANCH AVE (SB/L),5,MARYLAND ROUTE,No,True,No,3/22/2025,No,Point,38.711515,-76.878248333,MSP,101,16,03,Yes,23,,23:53,2025,Saturday,32,Guardrail Face,07,"On Shoulder, Right Side",3,,101,State,,,09,Through Roadway,03,Dark - Lighted,3/22/2025,2025-03-22,E,17.25,F,N,,,9C3F2EC8E6A1D5468EB7308042ECDD8565414708A3DB5218394B7C90861CAFD0,MD,01,No,28,Ditch,03,Median,01,Dry,,,,,,,,
Property Damage Crashes,DA3198003S,Prince George's County Police,Front to Rear,Prince George's,Principal Arterial – Other,No,No,No,No,No,ANNAPOLIS RD,450,MARYLAND ROUTE,No,True,No,4/13/2025,No,Point,38.961047678,-76.797737794,PGCOPD,03,16,03,Yes,4,04,04:14,2025,Sunday,12,Motor Vehicle In Transport,05,On Roadway,3,Perpendicular,,,ENTERPRISE RD,03,05,Intersection or Related,03,Dark - Lighted,4/13/2025,2025-04-13,N,0,F,N,,,BC4EFB7B103FC3D54CAADCAA44515E9009C7083E16F58158F43EC6A8B2F0A2DB,MD,01,No,,,,,01,Dry,01,Signalized,,,,,,
Property Damage Crashes,DA392000C2,Prince George's County Police,Other,Prince George's,Minor Collector,No,No,No,No,No,TAYLOR RD,110,MUNICIPAL ROAD,No,True,No,1/1/2025,No,Point,38.951099256,-76.934353966,PGCOPD,98,16,03,No,2,,02:30,2025,Wednesday,15,Parked Vehicle,05,On Roadway,6,,,,,,06,Non-Junction,03,Dark - Lighted,1/1/2025,2025-01-01,S,31.62,F,N,,,34F28441676371D30039A9C9AA59B970C5A48B8675C91A8C7471A8F588D2E0FD,MU,01,No,,,,,01,Dry,,,,,,,,
Property Damage Crashes,DA4276006Z,Prince George's County Police,Front to Rear,Prince George's,Principal Arterial – Other,No,No,No,No,No,LANDOVER RD,202,MARYLAND ROUTE,Yes,True,No,1/7/2025,No,Point,38.919118247,-76.861559797,PGCOPD,03,16,03,No,18,,18:30,2025,Tuesday,12,Motor Vehicle In Transport,05,On Roadway,3,,,,,,06,Non-Junction,04,Dark - Not Lighted,1/7/2025,2025-01-07,S,22.28,F,N,,,2B927EA25DC86C70D81BBB0EA54D27C90631C391DBA73CEFA78DF1CAFDE6B12B,MD,01,No,,,,,02,Ice/Frost,,,,,,,,
Property Damage Crashes,MSP732800LC,Maryland State Police,Front to Rear,Prince George's,,Yes,No,No,No,No,,387,BIKE ROUTE,No,True,No,5/16/2025,No,Point,39.047639953,-76.900345244,MSP,03,16,03,No,22,,22:44,2025,Friday,12,Motor Vehicle In Transport,05,On Roadway,,,,,,,06,Non-Junction,03,Dark - Lighted,5/16/2025,2025-05-16,W,31.44,F,N,,,01D0DF76D46A71A5C9B6FE1CF9A60B9FB8166FC065FFF50BCEDBCD01BDE25E9F,BK,01,No,,,,,01,Dry,,,,,,,,
Property Damage Crashes,MSP585801HW,Maryland State Police,"Sideswipe, Same Direction",Prince George's,Interstate,No,No,No,No,No,CAPITAL BELTWAY,95,INTERSTATE ROUTE,No,True,No,5/18/2025,No,Point,38.808575480,-76.969812926,MSP,07,16,03,No,15,,15:12,2025,Sunday,12,Motor Vehicle In Transport,05,On Roadway,1,,,,,,09,Through Roadway,01,Daylight,5/18/2025,2025-05-18,E,5.26,F,N,,,5418C995DE9DE8CB67B89E8F4D8DC6FF4FD8DEDB2703170F24D04AA7EE452A70,IS,01,No,,,,,01,Dry,,,,,,,,
Property Damage Crashes,DA345600FS,Prince George's County Police,"Sideswipe, Same Direction",Prince George's,Minor Arterial,No,Yes,No,No,No,HAMILTON ST,208,MARYLAND ROUTE,Yes,True,No,5/8/2025,No,Point,38.954277485,-76.958173476,PGCOPD,07,16,03,No,15,,15:10,2025,Thursday,12,Motor Vehicle In Transport,05,On Roadway,4,,,,,,06,Non-Junction,01,Daylight,5/8/2025,2025-05-08,E,18.49,F,N,,,8CE684EBBB612B0BC6FA1EC431C97E116565C65633D6538343E8250AA68E3BAA,MD,02,"Yes, School Bus Directly Involved",,,,,01,Dry,,,,,,,,
Injury Crashes,CBPD0107002R,Bowie Police Department,Front to Rear,Prince George's,Interstate,No,No,No,No,No,RAMP 6 FR IS 595 EB TO MD 197,595,RAMP,No,True,No,6/3/2025,No,Point,38.951306956,-76.742438317,BOWIE,03,16,02,Yes,10,03,10:47,2025,Tuesday,12,Motor Vehicle In Transport,05,On Roadway,1,Perpendicular,,,COLLINGTON RD (SB/L),03,05,Intersection or Related,01,Daylight,6/3/2025,2025-06-03,N,0,F,N,,,6844A3CD8823981C8BD7BCDBB65A725711CDF8EB8BED11EE1122286C8E3940BA,RP,01,No,,,,,01,Dry,01,Signalized,,,,,,