Crash Severity Description,Reportnumber,Agencyname,CollisionImpact Description,Crash County Description,FunctionalClass Description,ImpairedCrash,Large Vehicle Involved,Motorcycle Crash,Non-Motorist Crash,OffRoad,RoadName,Route Number,RouteType Description,Unrestrained Occupants,WithinDateRange,Work Zone Related,Crashdate,Work Zone Crash,CrashPoint,Latitude,Longitude,AgencyCode,CollisionImpact,Crash County,Crash Severity,Crash Within Interchange,Crashhour,CrashInterchangeApproaches,Crashtime,CrashYear,Dayofweek,FirstHarmEvent,FirstHarmEvent Description,FirstHarmLocation,FirstHarmLocation Description,FunctionalClass,Geometry Description,GovPropertyDamage,GovPropertyDamage Description,IntersectingRoadName,Intersection Geometry,JunctionRelated,JunctionRelated Description,Light,Light Description,LOD Crash Date,LOD Date Level,MilepointDirection,MilepointDistance,MilepointUnits,NonTrafficFatal,OffroadLocation,OffroadLocation Description,RoadID,RouteType,SchoolBusRelated,SchoolBusRelated Description,SecondHarmEvent,SecondHarmEvent Description,SecondHarmLocation,SecondHarmLocation Description,Surface,Surface Description,TrafficControl,Trafficcontrol Description,WZLawEnforcementPresent,WZLocation,WZLocation Description,WZType,WZType Description,WZWorkersPresent
Property Damage Crashes,MSP77640074,Maryland State Police,Single Vehicle,Prince George's,Interstate,No,No,No,No,No,CAPITAL BELTWAY (SB/L),95,INTERSTATE ROUTE,No,True,No,1/23/2025,No,Point,38.819952001,-76.926394945,MSP,101,16,03,No,11,,11:38,2025,Thursday,03,Explosion Or Fire,05,On Roadway,1,,,,,,06,Non-Junction,01,Daylight,1/23/2025,2025-01-23,E,13.04,F,N,,,BFB9557EED0768EB2E66CD2E20FE9DFF76086736E25244995019A7FB569C2F97,IS,01,No,,,,,01,Dry,,,,,,,,
Property Damage Crashes,MSP585801GT,Maryland State Police,Single Vehicle,Prince George's,Principal Arterial – Other Freeways and Expressways,Yes,No,No,No,No,PENNSYLVANIA AVE,4,MARYLAND ROUTE,No,True,No,4/2/2025,No,Point,38.812462790,-76.781306268,MSP,101,16,03,No,20,,20:42,2025,Wednesday,32,Guardrail Face,07,"On Shoulder, Right Side",2,,,,,,09,Through Roadway,04,Dark - Not Lighted,4/2/2025,2025-04-02,W,43.56,F,N,,,32B8AFFDF95EB89E24770B952E2412FAA7D2D4AD670711B219F155E3D224BB60,MD,01,No,,,,,01,Dry,,,,,,,,
Property Damage Crashes,DA3854000Z,Prince George's County Police,Front to Front,Prince George's,,No,No,No,No,No,MARLBORO PIKE (NB/L),3074,COUNTY ROAD,No,True,No,4/28/2025,No,Point,38.873150981,-76.929341138,PGCOPD,02,16,03,No,6,02,06:00,2025,Monday,12,Motor Vehicle In Transport,05,On Roadway,,Perpendicular,,,EDGEWICK AVE,03,05,Intersection or Related,01,Daylight,4/28/2025,2025-04-28,E,0,F,N,,,F076A1D8DE20AA91E285C805B289B6A7921A1C06F2DA47F7D646CF8B18E852B8,CO,01,No,97,Not Applicable,,,01,Dry,05,No Controls,,,,,,
Property Damage Crashes,DA4349003L,Prince George's County Police,Front to Rear,Prince George's,Principal Arterial – Other,No,No,No,No,No,SILVER HILL RD (SB/L),458,MARYLAND ROUTE,No,True,No,1/31/2025,No,Point,38.852751342,-76.911794820,PGCOPD,03,16,03,No,18,04,18:20,2025,Friday,12,Motor Vehicle In Transport,05,On Roadway,3,Perpendicular,,,WEST AVE,03,05,Intersection or Related,01,Daylight,1/31/2025,2025-01-31,E,0,F,N,,,DA82C47D97CED30BA1072471205F7C0E9C25D77E822EE14D548C2951A5686F94,MD,01,No,,,,,09,Wet,01,Signalized,,,,,,
Property Damage Crashes,DS0426001N,University of Maryland Police College Park,Front to Front,Prince George's,,No,No,No,No,Yes,,,,No,True,No,1/21/2025,No,Point,38.984965247,-76.935390907,UMCP,02,16,03,,9,,09:55,2025,Tuesday,12,Motor Vehicle In Transport,02,In Parking Lane Or Zone,,,,,,,,,01,Daylight,1/21/2025,2025-01-21,,,F,N,101,Parking Aisle,,,01,No,15,Parked Vehicle,02,In Parking Lane Or Zone,,,,,,,,,,
Property Damage Crashes,MSP7657007P,Maryland State Police,Single Vehicle,Prince George's,Interstate,No,No,No,No,No,RAMP 4 FR IS 95 NB TO MD 450 EB,95,RAMP,No,True,No,3/22/2025,No,Point,38.958547937,-76.865414054,MSP,101,16,03,No,2,,02:35,2025,Saturday,31,Guardrail End Terminal,09,Roadside,1,,101,State,,,06,Non-Junction,03,Dark - Lighted,3/22/2025,2025-03-22,N,19.69,F,N,,,2618721557A8B4E0CF35BF1B1889EF42CB1191887A27046F6F8042165AD5139A,RP,01,No,,,,,01,Dry,,,,,,,,
Injury Crashes,MSP546601S3,Maryland State Police,Front to Rear,Prince George's,Principal Arterial – Other Freeways and Expressways,No,No,No,No,No,RAMP 5 FR MD 980D SB TO MD 4 EB,4,RAMP,No,True,No,3/14/2025,No,Point,38.811771930,-76.772227842,MSP,03,16,02,No,15,,15:36,2025,Friday,12,Motor Vehicle In Transport,05,On Roadway,2,,,,,,04,Entrance/Exit Ramp or Related,01,Daylight,3/14/2025,2025-03-14,W,52.77,F,N,,,C18A93523A4533E5B7F4C7DE765DAF624B70E7AE1C3ADB0D60D5AFAB46A2B42F,RP,01,No,,,,,01,Dry,,,,,,,,
Injury Crashes,CC0261006G,Hyattsville Police Department,"Sideswipe, Same Direction",Prince George's,Minor Arterial,Yes,No,No,No,No,QUEENS CHAPEL RD,500,MARYLAND ROUTE,No,True,No,1/19/2025,No,Point,38.961119460,-76.954555895,HYATTSVILLE,07,16,02,No,2,,02:29,2025,Sunday,12,Motor Vehicle In Transport,05,On Roadway,4,,,,,,06,Non-Junction,03,Dark - Lighted,1/19/2025,2025-01-19,W,106.78,F,N,,,BE154FB0ACE40C808EE407F69F1CB4F7B77F7858A395567CCC1A925AE6C55858,MD,01,No,28,Ditch,09,Roadside,09,Wet,,,,,,,,
Property Damage Crashes,DA418100FL,Prince George's County Police,Other,Prince George's,,No,No,No,No,Yes,,,,Yes,True,No,3/12/2025,No,Point,38.980132006,-76.938794123,PGCOPD,98,16,03,,20,,20:16,2025,Wednesday,15,Parked Vehicle,04,"Off-Roadway, Location Unknown",,,,,,,,,03,Dark - Lighted,3/12/2025,2025-03-12,,,F,N,102,Parking Lot Way,,,01,No,,,,,,,,,,,,,,
Property Damage Crashes,MSP7872002J,Maryland State Police,Single Vehicle,Prince George's,Interstate,No,No,No,No,No,CAPITAL BELTWAY (NB LOCAL),95,INTERSTATE ROUTE,No,True,No,2/23/2025,No,Point,38.792408333,-77.036475,MSP,101,16,03,No,20,,20:07,2025,Sunday,23,Bridge Rail,07,"On Shoulder, Right Side",1,,,,,,09,Through Roadway,03,Dark - Lighted,2/23/2025,2025-02-23,N,30.94,F,N,,,E567004E44D13FA5D35B770CD71AB5F39D6C3D26905B6D510710958A59BDA4EB,IS,01,No,,,,,01,Dry,,,,,,,,
Property Damage Crashes,CC03090013,Hyattsville Police Department,Front to Rear,Prince George's,Principal Arterial – Other,No,No,No,No,No,EAST WEST HWY (WB/L),410,MARYLAND ROUTE,No,True,No,4/18/2025,No,Point,38.966620769,-76.952590402,HYATTSVILLE,03,16,03,No,16,,16:30,2025,Friday,12,Motor Vehicle In Transport,05,On Roadway,3,,,,,,06,Non-Junction,01,Daylight,4/18/2025,2025-04-18,W,20.08,F,N,,,5BB6F4377A511397588398B7B25C24BD6E2B714DF0E2B2E15546B0E910C581C2,MD,01,No,,,,,01,Dry,,,,,,,,
Property Damage Crashes,DA4344003N,Prince George's County Police,Front to Front,Prince George's,Local,No,No,No,No,No,EMO ST,389,COUNTY ROAD,No,True,No,5/18/2025,No,Point,38.879204152,-76.921280789,PGCOPD,02,16,03,No,0,,00:54,2025,Sunday,15,Parked Vehicle,05,On Roadway,7,,,,,,06,Non-Junction,03,Dark - Lighted,5/18/2025,2025-05-18,N,40,F,N,,,2BED4C5376611908FF27B5862858953B8880BD8054B6F6E39D4E44B14243A164,CO,01,No,,,,,01,Dry,,,,,,,,
Injury Crashes,DA4268006T,Prince George's County Police,Front to Rear,Prince George's,Local,No,No,No,No,No,SARANAC ST,1312,COUNTY ROAD,No,True,No,1/1/2025,No,Point,38.998578212,-76.973053592,PGCOPD,03,16,02,Yes,20,04,20:42,2025,Wednesday,12,Motor Vehicle In Transport,05,On Roadway,7,Perpendicular,,,RIGGS RD RIGGS RD (SB/L),03,05,Intersection or Related,03,Dark - Lighted,1/1/2025,2025-01-01,N,0,F,N,,,EB5B961C9532C5AF16981C25D8981EE2F5016971D1EC1D2E591BB583579D40EC,CO,01,No,,,,,01,Dry,05,No Controls,,,,,,
Property Damage Crashes,DA4282003H,Prince George's County Police,Front to Rear,Prince George's,Minor Collector,No,No,No,No,No,KERBY HILL RD,582,COUNTY ROAD,No,True,No,4/4/2025,No,Point,38.780127384,-76.997789317,PGCOPD,03,16,03,No,8,,08:05,2025,Friday,12,Motor Vehicle In Transport,99,Unknown,6,,,,,,02,Crossover-Related,01,Daylight,4/4/2025,2025-04-04,S,29.57,F,N,,,90A4BC25C6ADFC7F805F532FC40DFD39F1C9E4FCDD2ED5FF400D78B3789E7BB9,CO,01,No,,,,,01,Dry,,,,,,,,
Property Damage Crashes,DA3438001S,Prince George's County Police,Front to Front,Prince George's,Principal Arterial – Other,No,No,No,No,No,UNIVERSITY BLVD (WB/L),193,MARYLAND ROUTE,No,True,No,2/23/2025,No,Point,39.000562402,-76.942876036,PGCOPD,02,16,03,No,19,,19:46,2025,Sunday,12,Motor Vehicle In Transport,05,On Roadway,3,,,,,,06,Non-Junction,03,Dark - Lighted,2/23/2025,2025-02-23,S,26.82,F,N,,,B1B67F19B333C736D9203EA566383BB02A1F252145FCDACB3C9E3A7579B275EE,MD,01,No,,,,,01,Dry,,,,,,,,
Property Damage Crashes,DA4357003B,Prince George's County Police,"Sideswipe, Same Direction",Prince George's,Minor Arterial,No,Yes,No,No,No,OLD ALEXANDRIA FERRY RD,558,COUNTY ROAD,No,True,No,5/19/2025,No,Point,38.776029084,-76.867420125,PGCOPD,07,16,03,No,16,,16:45,2025,Monday,12,Motor Vehicle In Transport,05,On Roadway,4,,,,,,06,Non-Junction,01,Daylight,5/19/2025,2025-05-19,E,9.73,F,N,,,3BF2BABD89970381296AE423EF8009CC3A77C51AB729C8A76416FF1532F61FCE,CO,01,No,,,,,01,Dry,,,,,,,,
Property Damage Crashes,DA4346001W,Prince George's County Police,Front to Rear,Prince George's,Minor Arterial,No,No,No,No,No,RITCHIE RD,87,COUNTY ROAD,No,True,No,2/11/2025,No,Point,38.866168255,-76.864487554,PGCOPD,03,16,03,No,19,,19:00,2025,Tuesday,12,Motor Vehicle In Transport,05,On Roadway,4,,,,,,99,Unknown,03,Dark - Lighted,2/11/2025,2025-02-11,N,15.5,F,N,,,1B546E1B92E76AEBC5F25F2550B7B73B8056697C1925D8F6AC27DFDF7E4BB723,CO,01,No,,,,,07,Snow,,,,,,,,
Property Damage Crashes,DA4421002G,Prince George's County Police,Angle,Prince George's,Minor Arterial,No,No,No,No,No,ALLENTOWN RD,126,COUNTY ROAD,No,True,No,6/7/2025,No,Point,38.803548995,-76.907342319,PGCOPD,01,16,03,No,18,,18:55,2025,Saturday,12,Motor Vehicle In Transport,05,On Roadway,4,,,,,,09,Through Roadway,01,Daylight,6/7/2025,2025-06-07,S,50.95,F,N,,,95CC5CFB5473C2FDD40595002EDC8B733F85058D355CE1ADAFFE8554E78A2CEF,CO,01,No,,,,,01,Dry,,,,,,,,
Property Damage Crashes,DA38060089,Prince George's County Police,"Sideswipe, Same Direction",Prince George's,,No,Yes,No,No,Yes,,,,No,True,No,1/15/2025,No,Point,38.847039975,-76.925380460,PGCOPD,07,16,03,,8,,08:45,2025,Wednesday,12,Motor Vehicle In Transport,07,"On Shoulder, Right Side",,,,,,,,,01,Daylight,1/15/2025,2025-01-15,,,F,N,102,Parking Lot Way,,,02,"Yes, School Bus Directly Involved",15,Parked Vehicle,02,In Parking Lane Or Zone,,,,,,,,,,
Property Damage Crashes,MSP743900NK,Maryland State Police,Single Vehicle,Prince George's,Interstate,No,No,No,No,No,NO NAME,95,INTERSTATE ROUTE,No,True,No,5/21/2025,No,Point,39.02952,-76.94754,MSP,101,16,03,No,12,,12:45,2025,Wednesday,29,Embankment,09,Roadside,1,,101,State,,,09,Through Roadway,01,Daylight,5/21/2025,2025-05-21,N,44.45,F,N,,,8B62E86A945F005DED2D848292D641D49AB88EEA6C24393097A1328176FA75E7,IS,01,No,,,,,09,Wet,,,,,,,,
Property Damage Crashes,DA4430000R,Prince George's County Police,Single Vehicle,Prince George's,Principal Arterial – Other,No,No,No,No,No,MARTIN LUTHER KING JR HWY (WB/L),704,MARYLAND ROUTE,No,True,No,4/12/2025,No,Point,38.909418640,-76.892413158,PGCOPD,101,16,03,No,6,,06:00,2025,Saturday,25,Concrete Traffic Barrier,10,Separator/Traffic Island,3,,,,,,09,Through Roadway,100,Dawn,4/12/2025,2025-04-12,E,50.07,F,N,,,C7D58C59D0A914D42CE7E4EC708E7D4E9FAD78423635900A7EE4EF9A08ABD17B,MD,01,No,,,,,09,Wet,,,,,,,,
Injury Crashes,DA4183006T,Prince George's County Police,Front to Front,Prince George's,Major Collector,No,No,Yes,No,No,OXON HILL RD,114,COUNTY ROAD,No,True,No,4/14/2025,No,Point,38.762778730,-77.005366640,PGCOPD,02,16,02,No,22,,22:58,2025,Monday,12,Motor Vehicle In Transport,05,On Roadway,5,,,,,,06,Non-Junction,03,Dark - Lighted,4/14/2025,2025-04-14,N,18.86,F,N,,,D210DD1942125083406EAB156A488C7CB2F19BA14B8BD5C92E26AD024A1E6C98,CO,01,No,,,,,09,Wet,,,,,,,,
Injury Crashes,BW0200001D,Greenbelt Police Department,Angle,Prince George's,Local,No,No,No,No,No,FRANKFORT DR,135,MUNICIPAL ROAD,No,True,No,3/17/2025,No,Point,38.993006552,-76.868762295,GREENBELT,01,16,02,No,10,,10:23,2025,Monday,12,Motor Vehicle In Transport,05,On Roadway,7,,,,GREENBELT RD,,06,Non-Junction,01,Daylight,3/17/2025,2025-03-17,W,2.53,F,N,,,3541DF708A424CA891420B44C3D1546B113B81F1FAE3D9853D6AE24A55238E2F,MU,01,No,,,,,01,Dry,,,,,,,,
Injury Crashes,DA4272002C,Prince George's County Police,"Sideswipe, Same Direction",Prince George's,Major Collector,No,No,No,No,No,AUTH WAY (SB/L),3584,COUNTY ROAD,No,True,No,5/14/2025,No,Point,38.826952077,-76.920290915,PGCOPD,07,16,02,Yes,6,04,06:54,2025,Wednesday,12,Motor Vehicle In Transport,05,On Roadway,5,Angled/Skewed,,,AUTH PL,01,05,Intersection or Related,01,Daylight,5/14/2025,2025-05-14,W,0,F,N,,,F7C5392ED3D625AC035F5CDBAB53A86AECA934D4D9051ADAF8D1D9C1C71FBCDA,CO,01,No,,,,,09,Wet,01,Signalized,,,,,,
Property Damage Crashes,DA3772006V,Prince George's County Police,Front to Front,Prince George's,Local,No,Yes,No,No,No,COLEBROOKE DR,607,COUNTY ROAD,Yes,True,No,4/7/2025,No,Point,38.841488332,-76.948886885,PGCOPD,02,16,03,Yes,8,,08:47,2025,Monday,12,Motor Vehicle In Transport,05,On Roadway,7,,,,,,09,Through Roadway,01,Daylight,4/7/2025,2025-04-07,N,0,F,N,,,4E37C32CCA471ECC56A3646E3E97E8234EC5E310BA042B5401DA575F0B0D9BE3,CO,02,"Yes, School Bus Directly Involved",,,,,09,Wet,,,,,,,,
Property Damage Crashes,MSP745800NY,Maryland State Police,"Sideswipe, Same Direction",Prince George's,Principal Arterial – Other Freeways and Expressways,No,No,No,No,No,RAMP 7 FR WOODS WAY WB TO MD 5 SB,5,RAMP,No,True,No,1/23/2025,No,Point,38.822859921,-76.921996780,MSP,07,16,03,No,22,,22:39,2025,Thursday,12,Motor Vehicle In Transport,05,On Roadway,2,,,,,,01,Acceleration/Deceleration Lane,03,Dark - Lighted,1/23/2025,2025-01-23,S,33.34,F,N,,,A867B84EB809DCBE299648B2C1D390397AABDB0FB3778467D0F84BBE86EFCACA,RP,01,No,,,,,01,Dry,,,,,,,,
Property Damage Crashes,DA32960022,Prince George's County Police,"Sideswipe, Same Direction",Prince George's,Principal Arterial – Other,No,No,No,No,No,NEW HAMPSHIRE AVE,650,MARYLAND ROUTE,No,True,No,3/3/2025,No,Point,38.996116886,-76.984923271,PGCOPD,07,16,03,No,16,,16:00,2025,Monday,12,Motor Vehicle In Transport,05,On Roadway,3,,,,,,06,Non-Junction,01,Daylight,3/3/2025,2025-03-03,E,18.88,F,N,,,578C5FB353199BCDCEB8445AEFCAAAC58ED1323000110DD9E06CA5CD673B18AB,MD,01,No,97,Not Applicable,,,01,Dry,,,,,,,,
Property Damage Crashes,DA4057008F,Prince George's County Police,Front to Rear,Prince George's,Local,No,No,No,No,No,KIMBARK AVE,2856,COUNTY ROAD,No,True,No,1/20/2025,No,Point,38.960536662,-76.844957898,PGCOPD,03,16,03,No,10,,10:40,2025,Monday,12,Motor Vehicle In Transport,05,On Roadway,7,,,,,,09,Through Roadway,01,Daylight,1/20/2025,2025-01-20,E,30.37,F,N,,,537273056BB2C3EC6A9158132F4327F7FFA573339640E9C6CBCED9EE89E02234,CO,01,No,,,,,02,Ice/Frost,,,,,,,,
Property Damage Crashes,MSP6931014C,Maryland State Police,Front to Rear,Prince George's,Interstate,No,No,No,No,No,CAPITAL BELTWAY (SB/L),95,INTERSTATE ROUTE,No,True,No,4/24/2025,No,Point,38.818245,-76.899625,MSP,03,16,03,No,21,,21:51,2025,Thursday,12,Motor Vehicle In Transport,05,On Roadway,1,,101,State,,,06,Non-Junction,04,Dark - Not Lighted,4/24/2025,2025-04-24,N,38.63,F,N,,,24E81AD1E8988712D517A723135009DF3AE1B86C35CB699036925F0A716DD772,IS,01,No,32,Guardrail Face,09,Roadside,01,Dry,,,,,,,,
Property Damage Crashes,MSP7787005B,Maryland State Police,"Sideswipe, Same Direction",Prince George's,Interstate,No,Yes,No,No,No,RAMP 7 FR IS 95 WB TO US 1 SB,95,RAMP,No,True,No,3/5/2025,No,Point,39.019650240,-76.925833841,MSP,07,16,03,Yes,7,,07:13,2025,Wednesday,12,Motor Vehicle In Transport,05,On Roadway,1,,,,,,04,Entrance/Exit Ramp or Related,01,Daylight,3/5/2025,2025-03-05,W,38.45,F,N,,,CBB7E201DA7CD7ACA5749BF78852C1452714E889AA5FA73D85C7837DF0DD386D,RP,01,No,,,,,01,Dry,,,,,,,,
Property Damage Crashes,DA416800BS,Prince George's County Police,Front to Front,Prince George's,Major Collector,No,No,No,No,No,OXON HILL RD,114,COUNTY ROAD,No,True,No,1/27/2025,No,Point,38.785493505,-77.005705005,PGCOPD,02,16,03,No,9,,09:15,2025,Monday,12,Motor Vehicle In Transport,05,On Roadway,5,,,,,,09,Through Roadway,01,Daylight,1/27/2025,2025-01-27,N,23.26,F,N,,,BC18C8B05775CC855449DED7CE551263D8597B8075A8EE1746F34EBBA80CF615,CO,01,No,,,,,01,Dry,,,,,,,,
Property Damage Crashes,DA34640081,Prince George's County Police,Rear To Rear,Prince George's,Local,No,No,No,No,No,HARGROVE RD,2151,COUNTY ROAD,No,True,No,5/15/2025,No,Point,38.813819067,-76.931135067,PGCOPD,04,16,03,No,6,,06:43,2025,Thursday,12,Motor Vehicle In Transport,05,On Roadway,7,,,,,,06,Non-Junction,01,Daylight,5/15/2025,2025-05-15,S,13.31,F,N,,,382020581F57AEF61A3F230A0AE5784EE3F80B6B2DCA6C928FF482FE7CE92FA2,CO,01,No,,,,,01,Dry,,,,,,,,
Property Damage Crashes,DA3120005H,Prince George's County Police,Front to Rear,Prince George's,Local,No,No,No,No,No,CHADSEY LA,7093,COUNTY ROAD,No,True,No,2/20/2025,No,Point,38.674206191,-76.883078053,PGCOPD,03,16,03,No,20,,20:00,2025,Thursday,12,Motor Vehicle In Transport,05,On Roadway,7,,,,,,09,Through Roadway,04,Dark - Not Lighted,2/20/2025,2025-02-20,E,3.59,F,N,,,711CE6D8D3AD6FDDFD27DD482A865C9FA56C7F538DAEABB4B14D7B1407494B60,CO,01,No,,,,,01,Dry,,,,,,,,
Property Damage Crashes,DA368800D1,Prince George's County Police,Single Vehicle,Prince George's,Major Collector,No,No,No,No,No,GREEN CASTLE RD,18,COUNTY ROAD,No,True,No,2/12/2025,No,Point,39.076424371,-76.927822451,PGCOPD,101,16,03,No,2,,02:30,2025,Wednesday,40,Tree (standing),09,Roadside,5,,,,,,06,Non-Junction,03,Dark - Lighted,2/12/2025,2025-02-12,E,35.68,F,N,,,E7B2B9CD68A85D167C0A139D83764ED4EC823D73FB0F9F65ADEB130FBFFD00F0,CO,01,No,,,,,07,Snow,,,,,,,,
Injury Crashes,MSP7872001T,Maryland State Police,Front to Rear,Prince George's,Interstate,No,No,No,No,No,RAMP 8 FR MD 5 SB TO IS 95 SB,95,RAMP,No,True,No,1/30/2025,No,Point,38.821560822,-76.921715121,MSP,03,16,02,No,18,,18:09,2025,Thursday,12,Motor Vehicle In Transport,05,On Roadway,1,,,,,,09,Through Roadway,03,Dark - Lighted,1/30/2025,2025-01-30,N,48.31,F,N,,,1ECF9B7F920C8F8C2637BF7AC434C190702D02E816A53E9BD48FF0F59DA6F682,RP,01,No,,,,,01,Dry,,,,,,,,
Property Damage Crashes,DA27410019,Prince George's County Police,Single Vehicle,Prince George's,,No,No,No,Yes,Yes,,,,No,True,No,5/13/2025,No,Point,38.911933781,-76.901030666,PGCOPD,101,16,03,,9,,09:00,2025,Tuesday,17,Pedestrian,04,"Off-Roadway, Location Unknown",,,,,,,,,98,Other,5/13/2025,2025-05-13,,,F,N,102,Parking Lot Way,,,01,No,97,Not Applicable,,,,,,,,,,,,
Property Damage Crashes,DA4363000L,Prince George's County Police,Other,Prince George's,Major Collector,No,No,No,No,No,WHITFIELD CHAPEL RD,74,COUNTY ROAD,No,True,No,1/2/2025,No,Point,38.940738974,-76.853791841,PGCOPD,98,16,03,Yes,17,02,17:27,2025,Thursday,12,Motor Vehicle In Transport,05,On Roadway,5,Angled/Skewed,,,MARTIN LUTHER KING JR HWY,01,05,Intersection or Related,03,Dark - Lighted,1/2/2025,2025-01-02,E,0,F,N,,,DA2516F06A46D2DFD3BF9B30333CAB23F304A780666137F6E93592FE1288713E,CO,01,No,12,Motor Vehicle In Transport,05,On Roadway,01,Dry,01,Signalized,,,,,,
Property Damage Crashes,MSP757700HG,Maryland State Police,Front to Rear,Prince George's,Interstate,No,No,No,No,No,NO NAME (SB/L),95,INTERSTATE ROUTE,No,True,No,2/7/2025,No,Point,39.031301667,-76.947605,MSP,03,16,03,No,14,,14:34,2025,Friday,12,Motor Vehicle In Transport,05,On Roadway,1,,,,,,09,Through Roadway,01,Daylight,2/7/2025,2025-02-07,S,25.58,F,N,,,0E19BF8EE3EB12052D0801D88E70A2017BDE9E78A50214DED61E8164DCCA8E69,IS,01,No,97,Not Applicable,,,01,Dry,,,,,,,,
Injury Crashes,MSP744700PC,Maryland State Police,Angle,Prince George's,Principal Arterial – Other,No,No,No,No,No,LARGO RD (SB/L),202,MARYLAND ROUTE,No,True,No,5/8/2025,No,Point,38.890743333,-76.824855,MSP,01,16,02,No,22,04,22:39,2025,Thursday,12,Motor Vehicle In Transport,05,On Roadway,3,Perpendicular,,,CAMPUS WAY SOUTH (NB/L),03,05,Intersection or Related,03,Dark - Lighted,5/8/2025,2025-05-08,S,0,F,N,,,36639B990C483D7DCCEE48F64129C16B231E1EB6D8045117CE1FA517369EF03A,MD,01,No,,,,,01,Dry,01,Signalized,,,,,,
Property Damage Crashes,DA42960042,Prince George's County Police,Rear To Side,Prince George's,Local,No,No,No,No,No,KENDRICK RD,1101,COUNTY ROAD,No,True,No,3/15/2025,No,Point,38.859974260,-76.929427499,PGCOPD,05,16,03,Yes,21,,21:38,2025,Saturday,12,Motor Vehicle In Transport,05,On Roadway,7,,,,HOUSTON ST,,09,Through Roadway,03,Dark - Lighted,3/15/2025,2025-03-15,N,19.64,F,N,,,D1B92F637CFACF264E20BC4872EE18E1146AF43DF6B52DE3CCC3212B7CC1B441,CO,01,No,,,,,01,Dry,,,,,,,,
Property Damage Crashes,MSP657700FC,Maryland State Police,"Sideswipe, Same Direction",Prince George's,Principal Arterial – Other,No,No,No,No,No,GORMAN AVE,198,MARYLAND ROUTE,No,True,No,6/5/2025,No,Point,39.098319234,-76.850052142,MSP,07,16,03,No,16,,16:26,2025,Thursday,12,Motor Vehicle In Transport,09,Roadside,3,,101,State,,,06,Non-Junction,01,Daylight,6/5/2025,2025-06-05,N,25.89,F,N,,,3D6C591D6C5F54C773EE3078D778820A043F7BD8A2798118D4615533A92759C1,MD,01,No,,,,,01,Dry,,,,,,,,
Property Damage Crashes,MSP77870061,Maryland State Police,Front to Rear,Prince George's,Interstate,No,No,No,No,No,RAMP 2 FR RAMP 9 (FR IS 595) TO RAMP 3,95,RAMP,No,True,No,4/3/2025,No,Point,38.948330635,-76.858086731,MSP,03,16,03,Yes,17,,17:34,2025,Thursday,12,Motor Vehicle In Transport,05,On Roadway,1,,,,,,04,Entrance/Exit Ramp or Related,01,Daylight,4/3/2025,2025-04-03,S,61.83,F,N,,,A3BF2835A7062F5D3105109A581121853972A89A5E803538B3A50851CBBB839F,RP,01,No,,,,,01,Dry,,,,,,,,
Property Damage Crashes,MSP744700M6,Maryland State Police,Front to Rear,Prince George's,Interstate,No,No,No,No,No,CAPITAL BELTWAY (SB/L),95,INTERSTATE ROUTE,No,True,No,1/29/2025,No,Point,39.003130730,-76.895676367,MSP,03,16,03,No,21,,21:00,2025,Wednesday,12,Motor Vehicle In Transport,05,On Roadway,1,,,,,,06,Non-Junction,04,Dark - Not Lighted,1/29/2025,2025-01-29,E,14.37,F,N,,,472D48E949EA3109F3524574424EBBC0D74DC5E999543F80C2AED53F201AAE3B,IS,01,No,,,,,01,Dry,,,,,,,,
Property Damage Crashes,DJ01840012,Seat Pleasant Police Department,Front to Rear,Prince George's,Local,No,No,No,No,No,64TH AVE,9640,MUNICIPAL ROAD,No,True,No,3/20/2025,No,Point,38.898875200,-76.908218391,SEATPLEASANT,03,16,03,No,9,,09:40,2025,Thursday,12,Motor Vehicle In Transport,05,On Roadway,7,,,,,,06,Non-Junction,01,Daylight,3/20/2025,2025-03-20,N,8.51,F,N,,,207B246CE2345881E89F700C234C27BEB5070D5F69465A20EF08E0A1EE935751,MU,01,No,,,,,01,Dry,,,,,,,,
Property Damage Crashes,DA42570052,Prince George's County Police,Front to Front,Prince George's,Minor Arterial,No,No,No,No,No,CHERRY HILL RD,14,COUNTY ROAD,No,True,No,4/30/2025,No,Point,39.042404501,-76.949809744,PGCOPD,02,16,03,No,10,,10:40,2025,Wednesday,12,Motor Vehicle In Transport,05,On Roadway,4,,,,,,06,Non-Junction,01,Daylight,4/30/2025,2025-04-30,N,18.03,F,N,,,E6F7FD6ED55244D701E15F516C5198C058F6EE7D88720A38DF8034ABF3036688,CO,01,No,12,Motor Vehicle In Transport,05,On Roadway,01,Dry,,,,,,,,
Property Damage Crashes,DA4307004S,Prince George's County Police,"Sideswipe, Same Direction",Prince George's,Major Collector,No,No,No,No,No,OWENS RD,112,COUNTY ROAD,No,True,No,5/25/2025,No,Point,38.817011280,-76.969194054,PGCOPD,07,16,03,No,2,,02:54,2025,Sunday,15,Parked Vehicle,05,On Roadway,5,,,,,,06,Non-Junction,03,Dark - Lighted,5/25/2025,2025-05-25,E,38,F,N,,,DE097564C018BB69E3C815A7DB47273C920FEF99FA2C055E33732D876D91B23E,CO,01,No,,,,,01,Dry,,,,,,,,