Crash Severity Description,Reportnumber,Agencyname,CollisionImpact Description,Crash County Description,FunctionalClass Description,ImpairedCrash,Large Vehicle Involved,Motorcycle Crash,Non-Motorist Crash,OffRoad,RoadName,Route Number,RouteType Description,Unrestrained Occupants,WithinDateRange,Work Zone Related,Crashdate,Work Zone Crash,CrashPoint,Latitude,Longitude,AgencyCode,CollisionImpact,Crash County,Crash Severity,Crash Within Interchange,Crashhour,CrashInterchangeApproaches,Crashtime,CrashYear,Dayofweek,FirstHarmEvent,FirstHarmEvent Description,FirstHarmLocation,FirstHarmLocation Description,FunctionalClass,Geometry Description,GovPropertyDamage,GovPropertyDamage Description,IntersectingRoadName,Intersection Geometry,JunctionRelated,JunctionRelated Description,Light,Light Description,LOD Crash Date,LOD Date Level,MilepointDirection,MilepointDistance,MilepointUnits,NonTrafficFatal,OffroadLocation,OffroadLocation Description,RoadID,RouteType,SchoolBusRelated,SchoolBusRelated Description,SecondHarmEvent,SecondHarmEvent Description,SecondHarmLocation,SecondHarmLocation Description,Surface,Surface Description,TrafficControl,Trafficcontrol Description,WZLawEnforcementPresent,WZLocation,WZLocation Description,WZType,WZType Description,WZWorkersPresent
Property Damage Crashes,CC0222001Z,Hyattsville Police Department,Rear To Rear,Prince George's,,Yes,No,No,No,Yes,,,,No,True,No,4/23/2025,No,Point,38.952755736,-76.941786781,HYATTSVILLE,04,16,03,,12,,12:18,2025,Wednesday,15,Parked Vehicle,08,Outside Road/Right-Of-Way,,,,,,,,,01,Daylight,4/23/2025,2025-04-23,,,F,N,102,Parking Lot Way,,,01,No,,,,,,,,,,,,,,
Property Damage Crashes,DA1913003B,Prince George's County Police,Front to Rear,Prince George's,Minor Arterial,No,No,No,No,No,,223,MARYLAND ROUTE,No,True,No,1/23/2025,No,Point,38.790310241,-76.839775388,PGCOPD,03,16,03,No,12,,12:59,2025,Thursday,12,Motor Vehicle In Transport,05,On Roadway,4,,100,Local,,,06,Non-Junction,01,Daylight,1/23/2025,2025-01-23,N,200.85,F,N,,,2ADF353956B41A43A507F52DF84DA1A7D152DD310866DAEB4EA8CD0D69EE0E1B,MD,01,No,,,,,01,Dry,,,,,,,,
Injury Crashes,MSP757700K4,Maryland State Police,"Sideswipe, Same Direction",Prince George's,Interstate,No,Yes,No,No,No,JOHN HANSON HWY (WB/L),595,INTERSTATE ROUTE,No,True,No,4/23/2025,No,Point,38.946320839,-76.849768984,MSP,07,16,02,No,15,,15:43,2025,Wednesday,12,Motor Vehicle In Transport,05,On Roadway,1,,,,,,09,Through Roadway,01,Daylight,4/23/2025,2025-04-23,S,44.89,F,N,,,9C58BF9588F6F20EE25966DB937396E5430E1F8372545FD0C12B6FE52FD758BC,IS,01,No,97,Not Applicable,,,01,Dry,,,,,,,,
Property Damage Crashes,CE4914009N,Laurel Police Department,Single Vehicle,Prince George's,Local,No,No,No,Yes,No,THOMAS DR,400,MUNICIPAL ROAD,No,True,No,5/1/2025,No,Point,39.098768691,-76.850712685,LAUREL,101,16,03,No,11,,11:18,2025,Thursday,17,Pedestrian,05,On Roadway,7,,,,GORMAN AVE,,06,Non-Junction,01,Daylight,5/1/2025,2025-05-01,W,16.93,F,N,,,FFE07F7D3C3BE3280F5D3E2171DE526AC7CD6D52663F14FB37D490C9FE189186,MU,01,No,,,,,01,Dry,,,,,,,,
Property Damage Crashes,DA3661009G,Prince George's County Police,Front to Rear,Prince George's,Principal Arterial – Other,No,No,No,No,No,PENNSYLVANIA AVE (SB/L),4,MARYLAND ROUTE,No,True,No,5/10/2025,No,Point,38.857442425,-76.915565637,PGCOPD,03,16,03,No,4,,04:56,2025,Saturday,12,Motor Vehicle In Transport,05,On Roadway,3,,,,,,09,Through Roadway,04,Dark - Not Lighted,5/10/2025,2025-05-10,N,19.45,F,N,,,15F9476A6E6236EF5105FB9F95F45944AC6F713B6E2D109D2BD9F5B4295E65F6,MD,01,No,,,,,01,Dry,,,,,,,,
Property Damage Crashes,DA38350070,Prince George's County Police,"Sideswipe, Same Direction",Prince George's,Local,No,No,No,No,No,CHELTEHAM NAVY ACCESS RD,4019,COUNTY ROAD,No,True,No,3/4/2025,No,Point,38.761236775,-76.863797111,PGCOPD,07,16,03,Yes,8,04,08:04,2025,Tuesday,12,Motor Vehicle In Transport,05,On Roadway,7,Angled/Skewed,,,CHELTENHAM AVE DANGERFIELD RD,01,05,Intersection or Related,01,Daylight,3/4/2025,2025-03-04,W,0,F,N,,,C5ABE38C68DF98A3A893AA0528322E1B80FF554FF3E70CC623AADED2EB3CC472,CO,01,No,,,,,01,Dry,03,Stop - Partial,,,,,,
Property Damage Crashes,DA43100023,Prince George's County Police,Single Vehicle,Prince George's,Minor Arterial,No,No,No,No,No,MAIN ST,725,MARYLAND ROUTE,No,True,No,3/21/2025,No,Point,38.815734011,-76.754297001,PGCOPD,101,16,03,Yes,0,,00:01,2025,Friday,13,Other Non-Fixed Object,05,On Roadway,4,,,,,,99,Unknown,04,Dark - Not Lighted,3/21/2025,2025-03-21,S,73.1,F,N,,,C9D3A5D062672BFC4A77B4A00FBB68A2FBE13D4BDC6899051D2113AC58B0CA50,MD,01,No,,,,,01,Dry,,,,,,,,
Property Damage Crashes,DA4412000L,Prince George's County Police,"Sideswipe, Same Direction",Prince George's,Local,No,Yes,No,No,No,AUDREY LA,660,COUNTY ROAD,No,True,No,4/19/2025,No,Point,38.819318943,-76.997479392,PGCOPD,07,16,03,No,1,,01:00,2025,Saturday,12,Motor Vehicle In Transport,05,On Roadway,7,,,,,,09,Through Roadway,03,Dark - Lighted,4/19/2025,2025-04-19,N,110.83,F,N,,,CE7C1FC0DB6BAA17048C853A607D60CFD03473E01714F17F7071C4EE877AF918,CO,01,No,,,,,01,Dry,,,,,,,,
Property Damage Crashes,DA4383002T,Prince George's County Police,Front to Rear,Prince George's,Local,No,No,No,No,No,MAIN ST,1403,COUNTY ROAD,No,True,No,2/19/2025,No,Point,38.969058657,-76.855184482,PGCOPD,03,16,03,No,22,,22:08,2025,Wednesday,15,Parked Vehicle,05,On Roadway,7,,,,7TH ST,,06,Non-Junction,03,Dark - Lighted,2/19/2025,2025-02-19,S,20.64,F,N,,,96635EE60DA5983F1A209AF7557A57B453E7D736510AA85FB490B61B48A4C006,CO,01,No,,,,,01,Dry,,,,,,,,
Property Damage Crashes,MSP7785004C,Maryland State Police,"Sideswipe, Same Direction",Prince George's,Major Collector,No,No,No,No,No,S OSBORNE RD,137,COUNTY ROAD,No,True,No,1/12/2025,No,Point,38.783928345,-76.794723861,MSP,07,16,03,No,20,,20:14,2025,Sunday,12,Motor Vehicle In Transport,05,On Roadway,5,,,,CRAIN HWY,,06,Non-Junction,04,Dark - Not Lighted,1/12/2025,2025-01-12,E,16.84,F,N,,,E8C69D5E9173613458E4D324267F492AA6F39938EFDACBBA0B913FA1F3ADAC17,CO,01,No,,,,,01,Dry,,,,,,,,
Property Damage Crashes,CE43380078,Laurel Police Department,"Sideswipe, Opposite Direction",Prince George's,,No,No,No,No,Yes,,,,No,True,No,6/7/2025,No,Point,39.092511593,-76.858709563,LAUREL,06,16,03,,11,,11:06,2025,Saturday,15,Parked Vehicle,02,In Parking Lane Or Zone,,,,,,,,,01,Daylight,6/7/2025,2025-06-07,,,F,N,102,Parking Lot Way,,,01,No,,,,,,,,,,,,,,
Property Damage Crashes,CE5357000X,Laurel Police Department,"Sideswipe, Same Direction",Prince George's,,No,No,No,No,No,,608,SPUR,No,True,No,4/16/2025,No,Point,39.099264621,-76.848453448,LAUREL,07,16,03,No,15,,15:08,2025,Wednesday,12,Motor Vehicle In Transport,05,On Roadway,,,,,WASHINGTON BLVD (SB/L),,06,Non-Junction,01,Daylight,4/16/2025,2025-04-16,W,44.14,F,N,,,4C957D36B70659826FAF707FC54AE727945B12B33E839F34A89F8338E5E2A608,SP,01,No,,,,,01,Dry,,,,,,,,
Property Damage Crashes,MSP69310157,Maryland State Police,Front to Rear,Prince George's,Principal Arterial – Other,No,No,Yes,No,No,BRANCH AVE (SB/L),5,MARYLAND ROUTE,No,True,No,5/22/2025,No,Point,38.769890701,-76.885764910,MSP,03,16,03,No,22,,22:14,2025,Thursday,12,Motor Vehicle In Transport,05,On Roadway,3,,,,,,06,Non-Junction,04,Dark - Not Lighted,5/22/2025,2025-05-22,S,61.46,F,N,,,855E207133FDB23B835EB4245DDB37A2473F75F6D001295EDBFA657FB4B355A6,MD,01,No,,,,,01,Dry,,,,,,,,
Property Damage Crashes,DA4427000X,Prince George's County Police,Front to Front,Prince George's,,No,No,No,No,Yes,,,,No,True,No,6/2/2025,No,Point,38.709401800,-76.984848409,PGCOPD,02,16,03,,10,,10:44,2025,Monday,12,Motor Vehicle In Transport,02,In Parking Lane Or Zone,,,,,,,,,01,Daylight,6/2/2025,2025-06-02,,,F,N,102,Parking Lot Way,,,01,No,,,,,,,,,,,,,,
Property Damage Crashes,AZ1747000Q,Cheverly Police Department,Front to Rear,Prince George's,Major Collector,No,No,No,No,No,COLUMBIA PARK RD,3668,COUNTY ROAD,No,True,No,3/2/2025,No,Point,38.917005736,-76.915657610,CHEVERLY,03,16,03,No,1,,01:18,2025,Sunday,12,Motor Vehicle In Transport,05,On Roadway,5,,,,,,09,Through Roadway,03,Dark - Lighted,3/2/2025,2025-03-02,N,155.65,F,N,,,BC1A8D8E810EA75F843402402C332EF780AF5577CC68583287083CEE17B261B0,CO,01,No,,,,,01,Dry,,,,,,,,
Property Damage Crashes,DA4307004J,Prince George's County Police,"Sideswipe, Opposite Direction",Prince George's,,No,No,No,No,Yes,,,,No,True,No,4/11/2025,No,Point,38.816067842,-76.993475607,PGCOPD,06,16,03,,17,,17:26,2025,Friday,12,Motor Vehicle In Transport,02,In Parking Lane Or Zone,,,,,,,,,01,Daylight,4/11/2025,2025-04-11,,,F,N,100,Parking Stall,,,01,No,,,,,,,,,,,,,,
Property Damage Crashes,DA3433005M,Prince George's County Police,Single Vehicle,Prince George's,Minor Arterial,No,No,No,No,No,WATKINS PARK DR,193,MARYLAND ROUTE,No,True,No,5/29/2025,No,Point,38.892123346,-76.785156316,PGCOPD,101,16,03,No,6,,06:50,2025,Thursday,27,Curb,09,Roadside,4,,,,,,01,Acceleration/Deceleration Lane,01,Daylight,5/29/2025,2025-05-29,W,25.89,F,N,,,ED9811F9A959C26CD1BDA87E3375F609743185F92486EAF67CE917D33B7EB47F,MD,01,No,,,,,09,Wet,,,,,,,,
Property Damage Crashes,DA4171007Z,Prince George's County Police,Front to Rear,Prince George's,Minor Arterial,No,No,No,No,No,SHERIFF RD,75,COUNTY ROAD,No,True,No,3/30/2025,No,Point,38.912869512,-76.880845534,PGCOPD,03,16,03,No,16,,16:00,2025,Sunday,12,Motor Vehicle In Transport,05,On Roadway,4,,,,,,06,Non-Junction,01,Daylight,3/30/2025,2025-03-30,W,34.71,F,N,,,10AF9AE4B47A20906712822836F3D5B96D43919A8E96B76E6EE566D8FC719A81,CO,01,No,,,,,01,Dry,,,,,,,,
Property Damage Crashes,MSP757700L2,Maryland State Police,Single Vehicle,Prince George's,Interstate,No,No,No,No,No,CAPITAL BELTWAY (SB/L),95,INTERSTATE ROUTE,No,True,No,5/21/2025,No,Point,39.011752475,-76.904022051,MSP,101,16,03,No,21,,21:54,2025,Wednesday,32,Guardrail Face,03,Median,1,,101,State,,,09,Through Roadway,03,Dark - Lighted,5/21/2025,2025-05-21,W,23.63,F,N,,,522EC98ED4310E5914677E1EC8F4628C4C7CEBA0D469CF43558B6AD7EA738D37,IS,01,No,97,Not Applicable,,,09,Wet,,,,,,,,
Property Damage Crashes,DA3596000H,Prince George's County Police,"Sideswipe, Same Direction",Prince George's,Local,No,Yes,No,No,No,FOOTE ST,120,MUNICIPAL ROAD,Yes,True,No,6/4/2025,No,Point,38.8964381,-76.9117064,PGCOPD,07,16,03,No,8,,08:43,2025,Wednesday,12,Motor Vehicle In Transport,05,On Roadway,7,,,,,,06,Non-Junction,01,Daylight,6/4/2025,2025-06-04,N,65.38,F,N,,,CF1078D4C6A045B04C14FC2CA6228CE794CAE7C9E734E9B6380B88EF221DCA0E,MU,02,"Yes, School Bus Directly Involved",,,,,01,Dry,,,,,,,,
Property Damage Crashes,CE43260015,Laurel Police Department,Front to Rear,Prince George's,,No,No,No,No,Yes,,,,No,True,No,5/10/2025,No,Point,39.106451889,-76.850180523,LAUREL,03,16,03,,18,,18:45,2025,Saturday,15,Parked Vehicle,02,In Parking Lane Or Zone,,,,,,,,,01,Daylight,5/10/2025,2025-05-10,,,F,N,102,Parking Lot Way,,,01,No,97,Not Applicable,,,,,,,,,,,,
Property Damage Crashes,BW0212000N,Greenbelt Police Department,Front to Rear,Prince George's,Principal Arterial – Other,No,No,No,No,No,GREENBELT RD (WB/L),193,MARYLAND ROUTE,No,True,No,5/15/2025,No,Point,38.997153307,-76.906601856,GREENBELT,03,16,03,No,23,,23:26,2025,Thursday,12,Motor Vehicle In Transport,05,On Roadway,3,,,,,,06,Non-Junction,03,Dark - Lighted,5/15/2025,2025-05-15,W,39.31,F,N,,,3B93424EEDA2928A3D355D0E668705C7C60DEF4DEDB7A6D57255119B930578CC,MD,01,No,,,,,01,Dry,,,,,,,,
Property Damage Crashes,MSP7770007Y,Maryland State Police,Front to Rear,Prince George's,Interstate,No,No,No,No,No,CAPITAL BELTWAY,95,INTERSTATE ROUTE,No,True,No,4/30/2025,No,Point,38.809723077,-76.965695649,MSP,03,16,03,No,14,,14:55,2025,Wednesday,12,Motor Vehicle In Transport,05,On Roadway,1,,,,,,06,Non-Junction,01,Daylight,4/30/2025,2025-04-30,E,251.24,F,N,,,125E3F5918679EF9AAB5DD5EB4FD1264EE7CB9042D7565C99AE52077B7FADBF1,IS,01,No,,,,,01,Dry,,,,,,,,
Property Damage Crashes,BP9419001T,Forest Heights Police Department,Front to Rear,Prince George's,Principal Arterial – Other Freeways and Expressways,No,No,No,No,No,INDIAN HEAD HWY (SB/L),210,MARYLAND ROUTE,No,True,No,1/25/2025,No,Point,38.791551875,-76.998724069,FORESTHEIGHTS,03,16,03,No,19,,19:43,2025,Saturday,12,Motor Vehicle In Transport,05,On Roadway,2,,,,,,01,Acceleration/Deceleration Lane,04,Dark - Not Lighted,1/25/2025,2025-01-25,N,36.66,F,N,,,D5D9A727930591893EDC8FED0A2B619FFACA77DAD3B7BD6E99701D6F9B3903BE,MD,01,No,101,Units Separated,05,On Roadway,01,Dry,,,,,,,,
Injury Crashes,DA4417000Q,Prince George's County Police,Angle,Prince George's,,Yes,No,No,No,No,,406,SPUR,No,True,No,3/26/2025,No,Point,38.826465012,-76.878238594,PGCOPD,01,16,02,Yes,16,,16:47,2025,Wednesday,12,Motor Vehicle In Transport,05,On Roadway,,,,,,,04,Entrance/Exit Ramp or Related,01,Daylight,3/26/2025,2025-03-26,N,13.89,F,N,,,3CC84C00FF4984C6DD32230C553AECACB469D36EEAB874FBD4DB243474D48E59,SP,01,No,,,,,01,Dry,,,,,,,,
Injury Crashes,DA338900BP,Prince George's County Police,Other,Prince George's,Principal Arterial – Other,No,No,No,No,No,ST BARNABAS RD,414,MARYLAND ROUTE,No,True,No,1/30/2025,No,Point,38.822444100,-76.953797990,PGCOPD,98,16,02,No,17,,17:19,2025,Thursday,12,Motor Vehicle In Transport,05,On Roadway,3,,,,FRAZIER SQ,,03,Driveway Access or Related,03,Dark - Lighted,1/30/2025,2025-01-30,N,13.03,F,N,,,52C643FB9E9D86A7E9F5CA0355B1240DD4044B5E18D0C4016C9D1AD152AE04BC,MD,01,No,,,,,01,Dry,,,,,,,,
Injury Crashes,DA3594003L,Prince George's County Police,Front to Rear,Prince George's,Principal Arterial – Other,No,No,No,No,No,OXON HILL RD,414,MARYLAND ROUTE,No,True,No,2/2/2025,No,Point,38.802062703,-76.998667840,PGCOPD,03,16,02,Yes,3,,03:45,2025,Sunday,12,Motor Vehicle In Transport,05,On Roadway,3,,,,,,04,Entrance/Exit Ramp or Related,03,Dark - Lighted,2/2/2025,2025-02-02,E,0,F,N,,,0F35BDCF29FC7915FABC2D48CF29302FFC85F28829C296BD9E052F89631F3EA2,MD,01,No,,,,,01,Dry,,,,,,,,
Property Damage Crashes,DA3952008C,Prince George's County Police,"Sideswipe, Same Direction",Prince George's,Principal Arterial – Other,No,No,No,No,No,MARTIN LUTHER KING JR HWY (WB/L),704,MARYLAND ROUTE,No,True,No,2/20/2025,No,Point,38.955099111,-76.830062485,PGCOPD,07,16,03,No,14,,14:56,2025,Thursday,12,Motor Vehicle In Transport,05,On Roadway,3,,,,,,06,Non-Junction,01,Daylight,2/20/2025,2025-02-20,N,32,F,N,,,5BF272F379DB56BA7E742E5DB184F221F1C0747ECA78F4605521FB41B84EBA5D,MD,01,No,,,,,01,Dry,,,,,,,,
Property Damage Crashes,DA42760077,Prince George's County Police,"Sideswipe, Same Direction",Prince George's,Major Collector,No,Yes,No,No,No,ARDWICK ARDMORE RD,65,COUNTY ROAD,No,True,No,2/13/2025,No,Point,38.937403989,-76.859208841,PGCOPD,07,16,03,No,13,,13:20,2025,Thursday,12,Motor Vehicle In Transport,05,On Roadway,5,,,,,,06,Non-Junction,01,Daylight,2/13/2025,2025-02-13,N,33.38,F,N,,,D889B8247E9599C81BA53D9489F2F2D26362190BC0A2C9AB0D0DDB6ED5215A96,CO,02,"Yes, School Bus Directly Involved",,,,,01,Dry,,,,,,,,
Property Damage Crashes,MSP7453009J,Maryland State Police,Single Vehicle,Prince George's,Interstate,Yes,No,No,No,No,CAPITAL BELTWAY (SB/L),95,INTERSTATE ROUTE,No,True,No,3/8/2025,No,Point,39.006829694,-76.898820449,MSP,101,16,03,No,5,,05:50,2025,Saturday,28,Ditch,09,Roadside,1,,,,,,06,Non-Junction,01,Daylight,3/8/2025,2025-03-08,S,11.44,F,N,,,E4B960E736DC12168EAF7EACBB6AD5CC8B5AF9AA8CF8089820D95507CE2C4D88,IS,01,No,,,,,01,Dry,,,,,,,,
Property Damage Crashes,DA42570046,Prince George's County Police,"Sideswipe, Same Direction",Prince George's,Principal Arterial – Other,No,No,No,No,No,LAUREL BOWIE RD,197,MARYLAND ROUTE,No,True,No,1/2/2025,No,Point,39.062008575,-76.839265575,PGCOPD,07,16,03,No,15,,15:48,2025,Thursday,12,Motor Vehicle In Transport,05,On Roadway,3,,,,,,06,Non-Junction,01,Daylight,1/2/2025,2025-01-02,S,30.66,F,N,,,7F0C461B4DA65EBEE46B4F7E76A88E65B59648D538AB3812BA61F74401965760,MD,01,No,,,,,01,Dry,,,,,,,,
Property Damage Crashes,RD0130004L,Riverdale Park Police Department,Front to Rear,Prince George's,Minor Collector,No,No,No,No,No,TAYLOR RD,280,MUNICIPAL ROAD,No,True,No,2/18/2025,No,Point,38.956673139,-76.931602492,RIVERDALE,03,16,03,No,13,,13:56,2025,Tuesday,12,Motor Vehicle In Transport,05,On Roadway,6,,,,,,06,Non-Junction,01,Daylight,2/18/2025,2025-02-18,S,39.04,F,N,,,C62D1AF8C6D04ABF3A8896BB8C290BB11304C136FE5293B56A07CCAFA372582B,MU,01,No,15,Parked Vehicle,07,"On Shoulder, Right Side",01,Dry,,,,,,,,
Property Damage Crashes,DA4283003S,Prince George's County Police,Front to Rear,Prince George's,Local,Yes,No,No,No,No,OLD SILVER HILL RD,972,MARYLAND ROUTE,No,True,No,4/12/2025,No,Point,38.854041979,-76.908380691,PGCOPD,03,16,03,No,23,,23:25,2025,Saturday,12,Motor Vehicle In Transport,05,On Roadway,7,,,,SILVER HILL RD (SB/L),,09,Through Roadway,03,Dark - Lighted,4/12/2025,2025-04-12,S,28.14,F,N,,,CAB31E3F01E1BBC67F9D4468F0F82E6BC1B096027A610D79BEA7185D1BF4F752,MD,01,No,,,,,09,Wet,,,,,,,,
Property Damage Crashes,DA4377000X,Prince George's County Police,Angle,Prince George's,Principal Arterial – Other,No,No,No,No,No,ST BARNABAS RD,414,MARYLAND ROUTE,No,True,No,1/2/2025,No,Point,38.813770294,-76.964984776,PGCOPD,01,16,03,No,15,,15:21,2025,Thursday,12,Motor Vehicle In Transport,05,On Roadway,3,,,,SUNRISE VILLAGE SC ENT,,06,Non-Junction,01,Daylight,1/2/2025,2025-01-02,N,21.98,F,N,,,D840C2FD4D97E4C79EB99D0077F2901FD14443B45698FF4AC9216551AC022237,MD,01,No,,,,,01,Dry,,,,,,,,
Property Damage Crashes,DA2714002C,Prince George's County Police,"Sideswipe, Opposite Direction",Prince George's,Principal Arterial – Other,No,No,No,No,No,BALTIMORE AVE,1,UNITED STATE ROUTE,No,True,No,5/23/2025,No,Point,39.028580442,-76.916534513,PGCOPD,06,16,03,No,7,,07:45,2025,Friday,12,Motor Vehicle In Transport,99,Unknown,3,,,,,,01,Acceleration/Deceleration Lane,01,Daylight,5/23/2025,2025-05-23,S,17.13,F,N,,,43E3E90DB9D1F282DC701A99A4CCA262947337CF0F486A64D3562201F048FCB2,US,01,No,12,Motor Vehicle In Transport,99,Unknown,01,Dry,,,,,,,,
Property Damage Crashes,MSP78720037,Maryland State Police,"Sideswipe, Same Direction",Prince George's,Principal Arterial – Other,No,Yes,No,No,No,BRANCH AVE (SB/L),5,MARYLAND ROUTE,No,True,No,4/8/2025,No,Point,38.777807043,-76.889104491,MSP,07,16,03,Yes,6,,06:42,2025,Tuesday,12,Motor Vehicle In Transport,05,On Roadway,3,,,,,,09,Through Roadway,01,Daylight,4/8/2025,2025-04-08,W,8.8,F,N,,,3BE40E12A1B4539016F6AF72BD76363176E3F344E1C2C8E41607B808192D1F5C,MD,01,No,,,,,01,Dry,,,,,,,,
Property Damage Crashes,DA333600G7,Prince George's County Police,Single Vehicle,Prince George's,Local,No,No,No,No,No,COVENTRY WAY (EB/L),5,MARYLAND ROUTE,No,True,No,3/20/2025,No,Point,38.782207032,-76.895899895,PGCOPD,101,16,03,No,16,,16:51,2025,Thursday,36,"Other Post, Pole, Or Support",08,Outside Road/Right-Of-Way,7,,,,,,09,Through Roadway,01,Daylight,3/20/2025,2025-03-20,E,42.05,F,N,,,917C43A82D0A3F5ECA974A8075421DF89833957031191F70C6AA0982B1FFBF0F,MD,01,No,,,,,01,Dry,,,,,,,,
Property Damage Crashes,MSP718600J6,Maryland State Police,Single Vehicle,Prince George's,Interstate,No,No,No,No,No,CAPITAL BELTWAY (SB/L),95,INTERSTATE ROUTE,No,True,No,2/13/2025,No,Point,38.843908005,-76.863957671,MSP,101,16,03,No,4,,04:55,2025,Thursday,32,Guardrail Face,09,Roadside,1,,,,,,09,Through Roadway,05,Dark - Unknown Lighting,2/13/2025,2025-02-13,W,12.04,F,N,,,2287B908720478B2C36C96BCCF6F461895B583A1FFD3D45E5A06BB433099C848,IS,01,No,,,,,09,Wet,,,,,,,,
Property Damage Crashes,DA3599005M,Prince George's County Police,Front to Front,Prince George's,Minor Arterial,No,No,No,No,No,BRIGGS CHANEY RD,12,COUNTY ROAD,No,True,No,5/27/2025,No,Point,39.0647875,-76.9368443,PGCOPD,02,16,03,No,16,,16:00,2025,Tuesday,12,Motor Vehicle In Transport,05,On Roadway,4,,,,,,06,Non-Junction,01,Daylight,5/27/2025,2025-05-27,E,46.31,F,N,,,8F183E9625A5F89DCC85E495C5DCD4260C8A3C59EA9CB8C4A51ED34F54F2F104,CO,01,No,,,,,09,Wet,,,,,,,,
Property Damage Crashes,DA4347001L,Prince George's County Police,"Sideswipe, Same Direction",Prince George's,Minor Arterial,No,No,No,No,No,WHEELER RD,110,COUNTY ROAD,No,True,No,5/5/2025,No,Point,38.817178956,-76.964047077,PGCOPD,07,16,03,Yes,17,,17:27,2025,Monday,12,Motor Vehicle In Transport,05,On Roadway,4,,,,OWENS RD,,99,Unknown,01,Daylight,5/5/2025,2025-05-05,E,15.44,F,N,,,9A4718679DB248BE1FC5FE133E64B1A04045127B1A807B7A6156B4F3B49351F1,CO,01,No,,,,,01,Dry,,,,,,,,
Property Damage Crashes,AM03860020,Bladensburg Police Department,Angle,Prince George's,Local,No,No,No,No,No,57TH AVE,570,MUNICIPAL ROAD,No,True,No,1/24/2025,No,Point,38.949716146,-76.914432224,BLADENSBURG,01,16,03,Yes,18,04,18:30,2025,Friday,12,Motor Vehicle In Transport,05,On Roadway,7,Angled/Skewed,,,JEFFERSON ST,01,05,Intersection or Related,03,Dark - Lighted,1/24/2025,2025-01-24,E,0,F,N,,,FEE81F94D70A86DCAB0ED5937EEB655696B69404A313BEDBD733A5479DC2082D,MU,01,No,,,,,01,Dry,05,No Controls,,,,,,
Property Damage Crashes,DA4368001W,Prince George's County Police,Unknown,Prince George's,Interstate,No,No,No,No,No,CAPITAL BELTWAY,95,INTERSTATE ROUTE,No,True,No,5/5/2025,No,Point,38.817833391,-76.941112096,PGCOPD,99,16,03,No,20,,20:39,2025,Monday,97,Not Applicable,05,On Roadway,1,,,,,,99,Unknown,04,Dark - Not Lighted,5/5/2025,2025-05-05,W,14.27,F,N,,,42E07A2219DD6173CD3266CA29A8E88DF72EDFC515E78BE76FEB2BD20BB959C0,IS,01,No,,,,,09,Wet,,,,,,,,
Property Damage Crashes,CE4515009Y,Laurel Police Department,Unknown,Prince George's,,No,No,No,No,Yes,,,,No,True,No,5/3/2025,No,Point,39.096148450,-76.848230917,LAUREL,99,16,03,,20,,20:15,2025,Saturday,12,Motor Vehicle In Transport,02,In Parking Lane Or Zone,,,,,,,,,03,Dark - Lighted,5/3/2025,2025-05-03,,,F,N,102,Parking Lot Way,,,01,No,97,Not Applicable,,,,,,,,,,,,
Property Damage Crashes,DA27140024,Prince George's County Police,Single Vehicle,Prince George's,Local,No,No,No,No,No,CHILCOATE LA,1097,COUNTY ROAD,No,True,No,4/7/2025,No,Point,39.048633618,-76.914201412,PGCOPD,101,16,03,No,11,,11:30,2025,Monday,41,Utility Pole/Light Support,09,Roadside,7,,,,,,09,Through Roadway,01,Daylight,4/7/2025,2025-04-07,N,15.03,F,N,,,AB07DE376DA73ED881A80ABEEF111A46392FB342EDC67988E5AA34303B9E1324,CO,01,No,41,Utility Pole/Light Support,09,Roadside,09,Wet,,,,,,,,
Property Damage Crashes,DA4388001S,Prince George's County Police,"Sideswipe, Same Direction",Prince George's,Principal Arterial – Other,No,No,No,No,No,LANDOVER RD,202,MARYLAND ROUTE,No,True,No,5/5/2025,No,Point,38.917200510,-76.853376405,PGCOPD,07,16,03,No,15,,15:30,2025,Monday,12,Motor Vehicle In Transport,05,On Roadway,3,,,,,,06,Non-Junction,01,Daylight,5/5/2025,2025-05-05,E,26.4,F,N,,,FABFB65456DBB0FF2BC92101628EC96EBF72EC07F3BC47CD6E60365CC675179D,MD,01,No,,,,,09,Wet,,,,,,,,
Property Damage Crashes,DA393200GX,Prince George's County Police,Single Vehicle,Prince George's,Major Collector,No,No,No,No,No,TUXEDO RD (SB/L),459,MARYLAND ROUTE,No,True,No,1/5/2025,No,Point,38.919117581,-76.930854922,PGCOPD,101,16,03,No,23,,23:03,2025,Sunday,28,Ditch,09,Roadside,5,,,,,,09,Through Roadway,04,Dark - Not Lighted,1/5/2025,2025-01-05,E,40.66,F,N,,,58653B38EE1F8EDAA5C0736F22B70BDAB616DAD641C1FBE7032665844A1BEA87,MD,01,No,,,,,01,Dry,,,,,,,,
Injury Crashes,DA41820068,Prince George's County Police,Single Vehicle,Prince George's,,No,No,No,Yes,Yes,,,,No,True,No,3/12/2025,No,Point,38.771765245,-76.888910487,PGCOPD,101,16,02,,18,,18:17,2025,Wednesday,17,Pedestrian,04,"Off-Roadway, Location Unknown",,,,,,,,,01,Daylight,3/12/2025,2025-03-12,,,F,N,102,Parking Lot Way,,,01,No,,,,,,,,,,,,,,