Crash Severity Description,Reportnumber,Agencyname,CollisionImpact Description,Crash County Description,FunctionalClass Description,ImpairedCrash,Large Vehicle Involved,Motorcycle Crash,Non-Motorist Crash,OffRoad,RoadName,Route Number,RouteType Description,Unrestrained Occupants,WithinDateRange,Work Zone Related,Crashdate,Work Zone Crash,CrashPoint,Latitude,Longitude,AgencyCode,CollisionImpact,Crash County,Crash Severity,Crash Within Interchange,Crashhour,CrashInterchangeApproaches,Crashtime,CrashYear,Dayofweek,FirstHarmEvent,FirstHarmEvent Description,FirstHarmLocation,FirstHarmLocation Description,FunctionalClass,Geometry Description,GovPropertyDamage,GovPropertyDamage Description,IntersectingRoadName,Intersection Geometry,JunctionRelated,JunctionRelated Description,Light,Light Description,LOD Crash Date,LOD Date Level,MilepointDirection,MilepointDistance,MilepointUnits,NonTrafficFatal,OffroadLocation,OffroadLocation Description,RoadID,RouteType,SchoolBusRelated,SchoolBusRelated Description,SecondHarmEvent,SecondHarmEvent Description,SecondHarmLocation,SecondHarmLocation Description,Surface,Surface Description,TrafficControl,Trafficcontrol Description,WZLawEnforcementPresent,WZLocation,WZLocation Description,WZType,WZType Description,WZWorkersPresent
Property Damage Crashes,DA43950022,Prince George's County Police,Front to Rear,Prince George's,Principal Arterial – Other,No,No,No,No,No,UNIVERSITY BLVD (WB/L),193,MARYLAND ROUTE,No,True,Yes,3/31/2025,Yes,Point,38.984441382,-76.980118640,PGCOPD,03,16,03,No,14,,14:49,2025,Monday,12,Motor Vehicle In Transport,05,On Roadway,3,,,,,,09,Through Roadway,01,Daylight,3/31/2025,2025-03-31,W,11.6,F,N,,,C5D1D9B52624187B8A6597273FDB69D255B50C86623E790CC44C5BCDD2783AC3,MD,01,No,,,,,01,Dry,,,N,04,Activity Area,03,Work on Shoulder or Median,Yes
Property Damage Crashes,DA4239007C,Prince George's County Police,"Sideswipe, Same Direction",Prince George's,Minor Arterial,No,Yes,No,No,No,ANNAPOLIS RD (WB/L),450,MARYLAND ROUTE,No,True,No,1/15/2025,No,Point,38.965464285,-76.845953987,PGCOPD,07,16,03,Yes,15,04,15:45,2025,Wednesday,12,Motor Vehicle In Transport,05,On Roadway,4,Angled/Skewed,,,CARTER AVE,01,05,Intersection or Related,01,Daylight,1/15/2025,2025-01-15,S,0,F,N,,,34B382F990C6F0D9458AE92369858921A6DB9EE4394A2A97AEFF007C7FCA9F01,MD,02,"Yes, School Bus Directly Involved",12,Motor Vehicle In Transport,05,On Roadway,01,Dry,01,Signalized,,,,,,
Property Damage Crashes,HB05300002,Maryland-National Capital Park Police Prince George's County,Rear To Rear,Prince George's,,No,No,No,No,Yes,,,,No,True,No,5/11/2025,No,Point,38.939828489,-76.896128142,PGPARK,04,16,03,,10,,10:17,2025,Sunday,15,Parked Vehicle,02,In Parking Lane Or Zone,,,,,,,,,01,Daylight,5/11/2025,2025-05-11,,,F,N,102,Parking Lot Way,,,01,No,97,Not Applicable,,,,,,,,,,,,
Property Damage Crashes,MSP585801FB,Maryland State Police,"Sideswipe, Same Direction",Prince George's,Interstate,No,No,No,No,No,CAPITAL BELTWAY,95,INTERSTATE ROUTE,No,True,No,1/15/2025,No,Point,38.835204785,-76.869842798,MSP,07,16,03,No,17,,17:22,2025,Wednesday,12,Motor Vehicle In Transport,05,On Roadway,1,,,,,,09,Through Roadway,03,Dark - Lighted,1/15/2025,2025-01-15,E,7,F,N,,,E493348CAC6B192AC429C5A2552D30FBED7E6746BE0EEC10117F9D22B551BA13,IS,01,No,,,,,01,Dry,,,,,,,,
Property Damage Crashes,DA2448000R,Prince George's County Police,Single Vehicle,Prince George's,,No,No,No,No,No,BROKEN LANCE CT,3156,LOCAL ROAD,No,True,No,5/15/2025,No,Point,38.720407262,-76.930224866,PGCOPD,101,16,03,No,9,,09:46,2025,Thursday,26,Culvert,04,"Off-Roadway, Location Unknown",,,,,,,06,Non-Junction,01,Daylight,5/15/2025,2025-05-15,W,33.84,F,N,,,8A0DEC58999B046D9FBDEC0F57CC9C40327185045F6395043B88AE33E007608D,LL,01,No,,,,,01,Dry,,,,,,,,
Property Damage Crashes,BP9406001F,Forest Heights Police Department,Angle,Prince George's,Minor Arterial,No,No,No,No,No,INDIAN HEAD HWY,210,MARYLAND ROUTE,No,True,No,4/30/2025,No,Point,38.815518313,-76.998486141,FORESTHEIGHTS,01,16,03,No,7,04,07:30,2025,Wednesday,12,Motor Vehicle In Transport,05,On Roadway,4,Perpendicular,,,LIVINGSTON RD,03,05,Intersection or Related,01,Daylight,4/30/2025,2025-04-30,S,0,F,N,,,5F4ACAFC54044F4791CA3522B94E6AB0EA27077BE634E63C29E06F7A802C7B13,MD,01,No,97,Not Applicable,,,01,Dry,01,Signalized,,,,,,
Property Damage Crashes,DA2889005F,Prince George's County Police,Single Vehicle,Prince George's,Minor Arterial,No,No,No,No,No,ADELPHI RD,105,COUNTY ROAD,No,True,No,1/24/2025,No,Point,39.0081239,-76.9729868,PGCOPD,101,16,03,No,20,,20:30,2025,Friday,13,Other Non-Fixed Object,05,On Roadway,4,,,,,,06,Non-Junction,03,Dark - Lighted,1/24/2025,2025-01-24,N,46.38,F,N,,,4316E4B6707AB9025B576D322CC965BDD84B08DD245C4B89334EF468D9AB4EC5,CO,01,No,,,,,01,Dry,,,,,,,,
Injury Crashes,MSP7875003F,Maryland State Police,Single Vehicle,Prince George's,Interstate,No,No,No,No,No,CAPITAL BELTWAY (SB/L),95,INTERSTATE ROUTE,No,True,Yes,4/26/2025,Yes,Point,38.818423611,-76.933048203,MSP,101,16,02,No,6,,06:56,2025,Saturday,32,Guardrail Face,01,Gore,1,,,,,,06,Non-Junction,01,Daylight,4/26/2025,2025-04-26,E,14.21,F,N,,,70F211BE09604F8C642CF353EB3EF92DD34ABAA2D6D55860CAAEFF0D9E9E7826,IS,01,No,,,,,09,Wet,,,N,04,Activity Area,03,Work on Shoulder or Median,No
Property Damage Crashes,DA416800BX,Prince George's County Police,"Sideswipe, Same Direction",Prince George's,,No,No,No,No,No,,114,COUNTY ROAD,No,True,No,3/1/2025,No,Point,38.777015560,-77.006058762,PGCOPD,07,16,03,No,19,,19:37,2025,Saturday,12,Motor Vehicle In Transport,05,On Roadway,,,,,,,09,Through Roadway,03,Dark - Lighted,3/1/2025,2025-03-01,S,49.32,F,N,,,E94BFC21ECE1863E19A83112696E3FE2357E6579760D6FB46ABD29B0FD55787C,CO,01,No,,,,,01,Dry,,,,,,,,
Property Damage Crashes,MSP617100P8,Maryland State Police,Single Vehicle,Prince George's,,No,Yes,No,No,No,,131,BIKE ROUTE,No,True,No,5/12/2025,No,Point,38.953210062,-76.738914243,MSP,101,16,03,No,17,,17:19,2025,Monday,23,Bridge Rail,05,On Roadway,,,101,State,JOHN HANSON HWY (WB/L),,06,Non-Junction,01,Daylight,5/12/2025,2025-05-12,N,2.63,F,N,,,EB219B04C884444CC2AD9F6C6B2A589B31C3AC09377014EED3A00AABB1E54C67,BK,01,No,,,,,01,Dry,,,,,,,,
Property Damage Crashes,DA4141004Y,Prince George's County Police,Front to Rear,Prince George's,Minor Arterial,Yes,No,No,No,No,RIGGS RD,212,MARYLAND ROUTE,No,True,Yes,6/1/2025,Yes,Point,38.984257527,-76.979276117,PGCOPD,03,16,03,No,21,,21:47,2025,Sunday,12,Motor Vehicle In Transport,05,On Roadway,4,,,,,,06,Non-Junction,03,Dark - Lighted,6/1/2025,2025-06-01,S,37.48,F,N,,,91F6AFC3A1C0ADB6A1B3BF421865773F0B794F9459589121B25ECA9EC3C8B246,MD,01,No,97,Not Applicable,,,01,Dry,,,N,04,Activity Area,05,Other Type of Work Zone,No
Injury Crashes,DA4403000N,Prince George's County Police,Single Vehicle,Prince George's,Principal Arterial – Other Freeways and Expressways,No,No,No,No,No,RAMP 1 FR MD 414 NB TO MD 5 WB,5,RAMP,No,True,No,6/1/2025,No,Point,38.832453799,-76.939638958,PGCOPD,101,16,02,No,17,,17:45,2025,Sunday,27,Curb,09,Roadside,2,,,,,,06,Non-Junction,01,Daylight,6/1/2025,2025-06-01,S,10.32,F,N,,,2CE8F3282596DBA513CD41CAF00862F64ACCB7FB55922F6698887C04762F85ED,RP,01,No,,,,,01,Dry,,,,,,,,
Property Damage Crashes,DA419600DQ,Prince George's County Police,Front to Rear,Prince George's,Local,Yes,No,No,No,No,ROSECROFT BLVD,2118,COUNTY ROAD,No,True,No,5/11/2025,No,Point,38.794970851,-76.969846801,PGCOPD,03,16,03,No,18,,18:05,2025,Sunday,12,Motor Vehicle In Transport,05,On Roadway,7,,,,,,99,Unknown,01,Daylight,5/11/2025,2025-05-11,E,23.67,F,N,,,2A739B22B71EE988CE29F29137E5B27695B5BE5DA877AD1C8669F9FE9DDE9263,CO,01,No,,,,,01,Dry,,,,,,,,
Property Damage Crashes,MSP78710031,Maryland State Police,Single Vehicle,Prince George's,Interstate,No,No,No,No,No,CAPITAL BELTWAY,95,INTERSTATE ROUTE,No,True,No,3/17/2025,No,Point,39.020196937,-76.933245467,MSP,101,16,03,No,0,,00:05,2025,Monday,32,Guardrail Face,07,"On Shoulder, Right Side",1,,101,State,,,09,Through Roadway,04,Dark - Not Lighted,3/17/2025,2025-03-17,S,8.87,F,N,,,6164DFBDCED1164EDE6141091FFBD9586D757E0C944439929FA923192E6889F3,IS,01,No,,,,,08,"Water (standing, moving)",,,,,,,,
Property Damage Crashes,DA42960049,Prince George's County Police,Other,Prince George's,,No,No,No,No,Yes,,,,No,True,No,4/8/2025,No,Point,38.855135122,-76.907759263,PGCOPD,98,16,03,,11,,11:15,2025,Tuesday,12,Motor Vehicle In Transport,02,In Parking Lane Or Zone,,,,,,,,,01,Daylight,4/8/2025,2025-04-08,,,F,N,102,Parking Lot Way,,,01,No,,,,,,,,,,,,,,
Property Damage Crashes,DA4297003L,Prince George's County Police,Other,Prince George's,Local,No,No,No,No,No,BRIARWOOD DR,2645,COUNTY ROAD,No,True,No,1/24/2025,No,Point,39.080962113,-76.855173988,PGCOPD,98,16,03,No,21,,21:37,2025,Friday,15,Parked Vehicle,99,Unknown,7,,,,,,99,Unknown,03,Dark - Lighted,1/24/2025,2025-01-24,S,7.42,F,N,,,85FAA85BBE49AD0FF23DBEDEACD67BC9E345B335A9F2579F72AAA7480F656DBC,CO,01,No,,,,,01,Dry,,,,,,,,
Property Damage Crashes,DA3120005C,Prince George's County Police,Front to Rear,Prince George's,Principal Arterial – Other Freeways and Expressways,No,No,No,No,No,INDIAN HEAD HWY,210,MARYLAND ROUTE,No,True,No,1/31/2025,No,Point,38.748376034,-76.992290473,PGCOPD,03,16,03,No,17,,17:00,2025,Friday,12,Motor Vehicle In Transport,05,On Roadway,2,,,,,,09,Through Roadway,04,Dark - Not Lighted,1/31/2025,2025-01-31,N,8.01,F,N,,,4A9EF32BE299312BB3390A4E67BBCE208144B8FA8932E8364A65EB24ECFF06F8,MD,02,"Yes, School Bus Directly Involved",,,,,09,Wet,,,,,,,,
Property Damage Crashes,MSP757700LD,Maryland State Police,"Sideswipe, Same Direction",Prince George's,Interstate,No,No,No,No,No,CAPITAL BELTWAY (SB/L),95,INTERSTATE ROUTE,No,True,No,5/30/2025,No,Point,38.985592503,-76.880675,MSP,07,16,03,No,4,,04:54,2025,Friday,12,Motor Vehicle In Transport,05,On Roadway,1,,,,,,09,Through Roadway,03,Dark - Lighted,5/30/2025,2025-05-30,N,28.12,F,N,,,253A38F1B564157195DD15A0720DC68E3255BFE2B020EAB73B03A88013E9B270,IS,01,No,25,Concrete Traffic Barrier,03,Median,01,Dry,,,,,,,,
Property Damage Crashes,MSP743900LW,Maryland State Police,Front to Rear,Prince George's,Interstate,No,No,No,No,No,JOHN HANSON HWY (WB/L),595,INTERSTATE ROUTE,No,True,No,1/23/2025,No,Point,38.946703333,-76.845481992,MSP,03,16,03,No,14,,14:52,2025,Thursday,12,Motor Vehicle In Transport,05,On Roadway,1,,,,,,09,Through Roadway,01,Daylight,1/23/2025,2025-01-23,S,53.02,F,N,,,2DD834389456537758844CD03FB385DED08ABBC110C63D44A48680CF068CD187,IS,01,No,,,,,01,Dry,,,,,,,,
Property Damage Crashes,DA391000BH,Prince George's County Police,"Sideswipe, Same Direction",Prince George's,Major Collector,No,No,No,No,No,METZEROTT RD,230,COUNTY ROAD,No,True,No,3/21/2025,No,Point,39.004223320,-76.980669200,PGCOPD,07,16,03,No,21,,21:00,2025,Friday,12,Motor Vehicle In Transport,05,On Roadway,5,,,,,,06,Non-Junction,03,Dark - Lighted,3/21/2025,2025-03-21,W,16.74,F,N,,,DB99CEB14F4A3B18A0EF96F0CA58B0C4BBDE6C07215772745F6BBA2402016B63,CO,01,No,,,,,01,Dry,,,,,,,,
Property Damage Crashes,DA4050006V,Prince George's County Police,"Sideswipe, Same Direction",Prince George's,Local,No,Yes,No,No,No,RIVERDALE RD,3048,COUNTY ROAD,Yes,True,No,3/6/2025,No,Point,38.959064095,-76.919216104,PGCOPD,07,16,03,No,16,,16:22,2025,Thursday,12,Motor Vehicle In Transport,05,On Roadway,7,,,,,,09,Through Roadway,01,Daylight,3/6/2025,2025-03-06,S,15.79,F,N,,,3BCB27F6055A1EDE33DFA57B5FD6D2B0772AD01409A2D5807A63347E1632E41D,CO,02,"Yes, School Bus Directly Involved",,,,,01,Dry,,,,,,,,
Property Damage Crashes,MSP77850045,Maryland State Police,"Sideswipe, Same Direction",Prince George's,Interstate,No,No,No,No,No,CAPITAL BELTWAY,95,INTERSTATE ROUTE,No,True,No,1/9/2025,No,Point,38.817820396,-76.907454566,MSP,07,16,03,No,16,,16:37,2025,Thursday,12,Motor Vehicle In Transport,05,On Roadway,1,,,,,,06,Non-Junction,01,Daylight,1/9/2025,2025-01-09,E,13.48,F,N,,,691AA85F717E2774D5B2235D25465550531C736808F3EE0C5033E7E2C5332DA2,IS,01,No,,,,,01,Dry,,,,,,,,
Property Damage Crashes,CBPD0048008L,Bowie Police Department,Front to Rear,Prince George's,Major Collector,No,No,No,No,No,OLD ANNAPOLIS RD,450,MARYLAND ROUTE,No,True,No,3/12/2025,No,Point,38.970016666,-76.764446372,BOWIE,03,16,03,No,19,,19:55,2025,Wednesday,12,Motor Vehicle In Transport,05,On Roadway,5,,,,,,99,Unknown,03,Dark - Lighted,3/12/2025,2025-03-12,E,414,F,N,,,67BAE461D093469C399B791D3AD3DB89B96EE938FA4EB4EC940477C8A7912C61,MD,01,No,12,Motor Vehicle In Transport,05,On Roadway,01,Dry,,,,,,,,
Property Damage Crashes,MSP6582016K,Maryland State Police,Front to Rear,Prince George's,Interstate,No,Yes,No,No,No,CAPITAL BELTWAY (SB/L),95,INTERSTATE ROUTE,No,True,No,5/8/2025,No,Point,38.8199,-76.927083333,MSP,03,16,03,No,16,,16:52,2025,Thursday,12,Motor Vehicle In Transport,05,On Roadway,1,,,,,,09,Through Roadway,01,Daylight,5/8/2025,2025-05-08,S,40.65,F,N,,,F63EF6967ADFBDD3B561CE7A7ABBFFD84F5FD8F4CA14E269221F5D86602149D5,IS,01,No,,,,,01,Dry,,,,,,,,
Property Damage Crashes,CBPD00680070,Bowie Police Department,Front to Rear,Prince George's,Major Collector,No,No,No,No,No,CHURCH RD,59,COUNTY ROAD,No,True,No,2/18/2025,No,Point,38.970546277,-76.765013987,BOWIE,03,16,03,No,8,,08:07,2025,Tuesday,12,Motor Vehicle In Transport,05,On Roadway,5,,,,OLD ANNAPOLIS RD,,06,Non-Junction,01,Daylight,2/18/2025,2025-02-18,N,19.94,F,N,,,66FD58933C94E75A1EEEFB4F7C33E9D3CCE21EB0CC882F68C48FD1B78643E09F,CO,01,No,,,,,02,Ice/Frost,,,,,,,,
Property Damage Crashes,ZP05190004,Prince George's County Sheriff's Office,Front to Rear,Prince George's,Interstate,No,No,No,No,No,CAPITAL BELTWAY (SB/L),95,INTERSTATE ROUTE,No,True,No,5/6/2025,No,Point,38.882856328,-76.844153259,PGCOSHERIFF,03,16,03,No,12,,12:15,2025,Tuesday,12,Motor Vehicle In Transport,05,On Roadway,1,,,,,,06,Non-Junction,01,Daylight,5/6/2025,2025-05-06,E,15.15,F,N,,,5B0EA74E94938243943ED90ACF2E2F5975FD8153790CE5D1EC2587ECB959FAAC,IS,01,No,12,Motor Vehicle In Transport,05,On Roadway,01,Dry,,,,,,,,
Property Damage Crashes,DA29790032,Prince George's County Police,Front to Rear,Prince George's,Principal Arterial – Other Freeways and Expressways,No,No,No,No,No,INDIAN HEAD HWY (SB/L),210,MARYLAND ROUTE,No,True,No,6/6/2025,No,Point,38.670372028,-77.011727602,PGCOPD,03,16,03,No,15,,15:25,2025,Friday,12,Motor Vehicle In Transport,05,On Roadway,2,,,,,,09,Through Roadway,01,Daylight,6/6/2025,2025-06-06,N,30.03,F,N,,,24BBFFC9C34DBD72704FD099A07F15279F03D6F06C94490BEA7BF50838B3A947,MD,01,No,,,,,01,Dry,,,,,,,,
Property Damage Crashes,AZ1717003J,Cheverly Police Department,Rear To Side,Prince George's,Major Collector,No,No,No,No,No,COLUMBIA PARK RD,3668,COUNTY ROAD,No,True,No,2/25/2025,No,Point,38.916158651,-76.914191839,CHEVERLY,05,16,03,No,8,03,08:37,2025,Tuesday,12,Motor Vehicle In Transport,05,On Roadway,5,Angled/Skewed,,,MINNESOTA AVE,01,05,Intersection or Related,01,Daylight,2/25/2025,2025-02-25,W,0,F,N,,,99097DA15AC4D006B64BD0A6E0F6CC679BA2B568DC548AB687EA041833BF6174,CO,01,No,97,Not Applicable,,,01,Dry,01,Signalized,,,,,,
Property Damage Crashes,DA44060019,Prince George's County Police,Single Vehicle,Prince George's,,No,No,No,No,Yes,,,,No,True,No,5/24/2025,No,Point,39.044016128,-76.940051822,PGCOPD,101,16,03,,10,,10:00,2025,Saturday,35,"Other Fixed Object (wall, building, tunnel, etc.)",04,"Off-Roadway, Location Unknown",,,,,,,,,01,Daylight,5/24/2025,2025-05-24,,,F,N,102,Parking Lot Way,,,01,No,27,Curb,03,Median,,,,,,,,,,
Property Damage Crashes,DA368800DM,Prince George's County Police,Other,Prince George's,,No,No,No,No,No,,210,PRIVATE ROAD,No,True,No,5/1/2025,No,Point,39.073478996,-76.850595670,PGCOPD,98,16,03,Yes,14,03,14:20,2025,Thursday,12,Motor Vehicle In Transport,05,On Roadway,,Perpendicular,,,CONTEE RD,03,05,Intersection or Related,01,Daylight,5/1/2025,2025-05-01,N,0,F,N,,,4F3CDBCEE5541AC33724C64027A961221CFD98CCE9CA0A5ED73FF0F02AF0347F,PV,01,No,12,Motor Vehicle In Transport,05,On Roadway,01,Dry,05,No Controls,,,,,,
Property Damage Crashes,CBPD01310008,Bowie Police Department,Single Vehicle,Prince George's,,No,No,No,No,Yes,,,,No,True,No,2/22/2025,No,Point,38.940702226,-76.734880637,BOWIE,101,16,03,,22,,22:02,2025,Saturday,13,Other Non-Fixed Object,04,"Off-Roadway, Location Unknown",,,,,,,,,03,Dark - Lighted,2/22/2025,2025-02-22,,,F,N,102,Parking Lot Way,,,01,No,,,,,,,,,,,,,,
Property Damage Crashes,MSP7416001F,Maryland State Police,Front to Rear,Prince George's,Interstate,No,No,No,No,No,CAPITAL BELTWAY,95,INTERSTATE ROUTE,No,True,No,4/2/2025,No,Point,38.991779963,-76.886072926,MSP,03,16,03,No,6,,06:39,2025,Wednesday,12,Motor Vehicle In Transport,09,Roadside,1,,,,,,09,Through Roadway,01,Daylight,4/2/2025,2025-04-02,E,25.62,F,N,,,4B3EFF35BBCD9371106962AAB17E50B4DD2058CD37CBE524E402DE47A02437B4,IS,01,No,,,,,01,Dry,,,,,,,,
Injury Crashes,MSP745000KM,Maryland State Police,Front to Rear,Prince George's,Principal Arterial – Other,No,No,No,No,No,BALTIMORE AVE (SB/L),1,UNITED STATE ROUTE,No,True,No,5/18/2025,No,Point,39.021934271,-76.924986089,MSP,03,16,02,No,7,,07:54,2025,Sunday,12,Motor Vehicle In Transport,05,On Roadway,3,,,,,,09,Through Roadway,01,Daylight,5/18/2025,2025-05-18,E,18.78,F,N,,,E96509F8E6EE907DE729B9E4A311964122FA901AF1B8B7CC0C1ECDA5777DAC7D,US,01,No,97,Not Applicable,,,01,Dry,,,,,,,,
Property Damage Crashes,MSP732800K5,Maryland State Police,"Sideswipe, Same Direction",Prince George's,Interstate,Yes,Yes,No,No,No,CAPITAL BELTWAY,95,INTERSTATE ROUTE,No,True,No,1/29/2025,No,Point,39.009314546,-76.900622699,MSP,07,16,03,No,6,,06:04,2025,Wednesday,12,Motor Vehicle In Transport,05,On Roadway,1,,101,State,,,06,Non-Junction,03,Dark - Lighted,1/29/2025,2025-01-29,W,7.85,F,N,,,97EE7910F4B7F7CCDA4782895A47E7BE27EBA6B907C6EA163D86A459B4444553,IS,01,No,12,Motor Vehicle In Transport,05,On Roadway,01,Dry,,,,,,,,
Property Damage Crashes,CE4573003R,Laurel Police Department,Front to Rear,Prince George's,Principal Arterial – Other,No,No,No,No,No,FORT MEADE RD,198,MARYLAND ROUTE,No,True,No,2/8/2025,No,Point,39.095482687,-76.843345880,LAUREL,03,16,03,No,12,,12:57,2025,Saturday,12,Motor Vehicle In Transport,05,On Roadway,3,,,,,,06,Non-Junction,01,Daylight,2/8/2025,2025-02-08,W,44.68,F,N,,,3517D212B96E760687CEE4558012CF2559A523C1626B5DFBB72FBD00F37DDA0B,MD,01,No,12,Motor Vehicle In Transport,05,On Roadway,01,Dry,,,,,,,,
Property Damage Crashes,MSP6859008V,Maryland State Police,Single Vehicle,Prince George's,Interstate,No,No,No,No,No,CAPITAL BELTWAY,95,INTERSTATE ROUTE,No,True,No,5/9/2025,No,Point,38.808203333,-76.971435,MSP,101,16,03,No,5,,05:35,2025,Friday,32,Guardrail Face,07,"On Shoulder, Right Side",1,,101,State,,,04,Entrance/Exit Ramp or Related,01,Daylight,5/9/2025,2025-05-09,N,36.35,F,N,,,A65F82388D38BEC16A5EB873F37434103B4FECCDECA469817B29E6C02B9914E6,IS,01,No,,,,,09,Wet,,,,,,,,
Property Damage Crashes,DA36840078,Prince George's County Police,Front to Rear,Prince George's,Local,No,No,No,No,No,GABLE LA,4433,OTHER PUBLIC ROAD,No,True,No,6/1/2025,No,Point,38.724145123,-76.993012519,PGCOPD,03,16,03,No,15,,15:35,2025,Sunday,15,Parked Vehicle,05,On Roadway,7,,,,,,06,Non-Junction,01,Daylight,6/1/2025,2025-06-01,N,26.63,F,N,,,624456C89CDA7D902D465BDAA934FB106E7E6D18866F2AB358D57F320FB86988,OP,01,No,,,,,01,Dry,,,,,,,,
Property Damage Crashes,DA4429000H,Prince George's County Police,"Sideswipe, Same Direction",Prince George's,Minor Arterial,No,Yes,No,No,No,LANHAM SEVERN RD,564,MARYLAND ROUTE,No,True,No,3/12/2025,No,Point,38.985786589,-76.822119662,PGCOPD,07,16,03,Yes,6,,06:45,2025,Wednesday,12,Motor Vehicle In Transport,05,On Roadway,4,,,,,,09,Through Roadway,99,Unknown,3/12/2025,2025-03-12,E,26.18,F,N,,,7037BBF74186456E567F6A7C2E64871A2AB9EBC671722F823A47EC95C11DD4F0,MD,01,No,,,,,01,Dry,,,,,,,,
Property Damage Crashes,DA351500D3,Prince George's County Police,Front to Rear,Prince George's,Principal Arterial – Other,No,No,No,No,No,MARTIN LUTHER KING JR HWY (WB/L),704,MARYLAND ROUTE,No,True,No,3/2/2025,No,Point,38.955949170,-76.824653769,PGCOPD,03,16,03,No,5,,05:10,2025,Sunday,12,Motor Vehicle In Transport,05,On Roadway,3,,,,,,06,Non-Junction,03,Dark - Lighted,3/2/2025,2025-03-02,W,34,F,N,,,674E1F0840B6C9295B469911AF0B59CCAD3D350656633970A4F99BDFAFEA1FC3,MD,01,No,12,Motor Vehicle In Transport,05,On Roadway,01,Dry,,,,,,,,
Property Damage Crashes,DA3325007Z,Prince George's County Police,Rear To Side,Prince George's,Local,No,No,No,No,No,68TH AVE,641,COUNTY ROAD,No,True,No,1/28/2025,No,Point,38.946988305,-76.903438195,PGCOPD,05,16,03,No,17,,17:01,2025,Tuesday,12,Motor Vehicle In Transport,05,On Roadway,7,,,,ALLISON ST,,06,Non-Junction,01,Daylight,1/28/2025,2025-01-28,E,27.1,F,N,,,D6D74CD415269186F67D26E45C84387AFA773F34D280DB5C7E7F4083CB84BEB6,CO,01,No,97,Not Applicable,,,01,Dry,,,,,,,,
Injury Crashes,DA4358002T,Prince George's County Police,Single Vehicle,Prince George's,Principal Arterial – Other,No,No,No,No,No,SILVER HILL RD (SB/L),458,MARYLAND ROUTE,No,True,No,4/19/2025,No,Point,38.840428345,-76.943683536,PGCOPD,101,16,02,No,3,,03:01,2025,Saturday,40,Tree (standing),09,Roadside,3,,,,,,06,Non-Junction,04,Dark - Not Lighted,4/19/2025,2025-04-19,E,26.18,F,N,,,B111AF2D36A5F0682BA16C91607AD528C6D55EEE670E4DE2DE1B7191B07D0279,MD,01,No,,,,,01,Dry,,,,,,,,
Property Damage Crashes,RD0134000Y,Riverdale Park Police Department,"Sideswipe, Same Direction",Prince George's,Local,No,No,No,No,No,RIVERDALE RD,3048,COUNTY ROAD,No,True,No,1/15/2025,No,Point,38.959067710,-76.919190626,RIVERDALE,07,16,03,No,10,,10:07,2025,Wednesday,12,Motor Vehicle In Transport,05,On Roadway,7,,,,,,06,Non-Junction,01,Daylight,1/15/2025,2025-01-15,S,19.21,F,N,,,3BCB27F6055A1EDE33DFA57B5FD6D2B0772AD01409A2D5807A63347E1632E41D,CO,01,No,,,,,01,Dry,,,,,,,,
Property Damage Crashes,BP1150000F,Forest Heights Police Department,"Sideswipe, Opposite Direction",Prince George's,Local,No,Yes,No,No,No,BIRCHWOOD DR,1439,COUNTY ROAD,No,True,No,4/7/2025,No,Point,38.809016074,-76.990753520,FORESTHEIGHTS,06,16,03,Yes,11,03,11:39,2025,Monday,12,Motor Vehicle In Transport,99,Unknown,7,Perpendicular,,,BIRCHWOOD DR,03,05,Intersection or Related,01,Daylight,4/7/2025,2025-04-07,S,0,F,N,,,0823BF5A7ED399CA5518F51764F6758A84315523DF238EDF5539F6881519591F,CO,01,No,12,Motor Vehicle In Transport,05,On Roadway,01,Dry,01,Signalized,,,,,,
Property Damage Crashes,DA2720007B,Prince George's County Police,"Sideswipe, Opposite Direction",Prince George's,,No,No,No,No,No,,123,COUNTY ROAD,No,True,No,4/2/2025,No,Point,38.795199036,-76.928289690,PGCOPD,06,16,03,No,6,,06:30,2025,Wednesday,12,Motor Vehicle In Transport,05,On Roadway,,,,,FARMER DR,,06,Non-Junction,100,Dawn,4/2/2025,2025-04-02,N,33.02,F,N,,,FF7482CC68A17EAEBBAEF8BF3E7E3CF7E21982E5A1FCB81E5A0153EB2B16F74B,CO,01,No,,,,,01,Dry,,,,,,,,
Injury Crashes,MSP745000HZ,Maryland State Police,Front to Front,Prince George's,Principal Arterial – Other Freeways and Expressways,No,No,No,No,No,JOHN HANSON HWY (WB/L),50,UNITED STATE ROUTE,No,True,No,1/26/2025,No,Point,38.916686333,-76.920202667,MSP,02,16,02,No,0,,00:08,2025,Sunday,12,Motor Vehicle In Transport,05,On Roadway,2,,101,State,,,09,Through Roadway,03,Dark - Lighted,1/26/2025,2025-01-26,N,47.23,F,N,,,C3FB6D05828BB7D26ABA310ADBD00746EDDFA14E1C4E372B1382E0ED1426CE90,US,01,No,31,Guardrail End Terminal,10,Separator/Traffic Island,01,Dry,,,,,,,,