Crash Severity Description,Reportnumber,Agencyname,CollisionImpact Description,Crash County Description,FunctionalClass Description,ImpairedCrash,Large Vehicle Involved,Motorcycle Crash,Non-Motorist Crash,OffRoad,RoadName,Route Number,RouteType Description,Unrestrained Occupants,WithinDateRange,Work Zone Related,Crashdate,Work Zone Crash,CrashPoint,Latitude,Longitude,AgencyCode,CollisionImpact,Crash County,Crash Severity,Crash Within Interchange,Crashhour,CrashInterchangeApproaches,Crashtime,CrashYear,Dayofweek,FirstHarmEvent,FirstHarmEvent Description,FirstHarmLocation,FirstHarmLocation Description,FunctionalClass,Geometry Description,GovPropertyDamage,GovPropertyDamage Description,IntersectingRoadName,Intersection Geometry,JunctionRelated,JunctionRelated Description,Light,Light Description,LOD Crash Date,LOD Date Level,MilepointDirection,MilepointDistance,MilepointUnits,NonTrafficFatal,OffroadLocation,OffroadLocation Description,RoadID,RouteType,SchoolBusRelated,SchoolBusRelated Description,SecondHarmEvent,SecondHarmEvent Description,SecondHarmLocation,SecondHarmLocation Description,Surface,Surface Description,TrafficControl,Trafficcontrol Description,WZLawEnforcementPresent,WZLocation,WZLocation Description,WZType,WZType Description,WZWorkersPresent
Property Damage Crashes,RD01240059,Riverdale Park Police Department,Other,Prince George's,Principal Arterial – Other,No,No,No,No,No,,1,UNITED STATE ROUTE,No,True,No,1/18/2025,No,Point,38.963182954,-76.939431858,RIVERDALE,98,16,03,No,14,,14:37,2025,Saturday,12,Motor Vehicle In Transport,05,On Roadway,3,,,,,,06,Non-Junction,01,Daylight,1/18/2025,2025-01-18,S,0,F,N,,,C2C9649A1531CBF0FED15058C5D3A2257AA140B465A6019011E5424CE7E6F79F,US,01,No,12,Motor Vehicle In Transport,05,On Roadway,09,Wet,,,,,,,,
Injury Crashes,DA4293004S,Prince George's County Police,"Sideswipe, Same Direction",Prince George's,Minor Arterial,No,No,No,No,No,ANNAPOLIS RD,450,MARYLAND ROUTE,No,True,Yes,2/22/2025,Yes,Point,38.950512150,-76.886170201,PGCOPD,07,16,02,No,17,,17:42,2025,Saturday,12,Motor Vehicle In Transport,05,On Roadway,4,,,,,,06,Non-Junction,98,Other,2/22/2025,2025-02-22,N,48.49,F,N,,,7006A7DB0F772CE1482CE4537DA1FC8F72EE4FF9C887185DBF68E7DC631D3395,MD,01,No,,,,,01,Dry,,,N,04,Activity Area,02,Lane Shift/Crossover,No
Property Damage Crashes,DA3826009C,Prince George's County Police,"Sideswipe, Same Direction",Prince George's,Principal Arterial – Other,No,Yes,No,No,No,BRANCH AVE,5,MARYLAND ROUTE,No,True,No,2/4/2025,No,Point,38.847522874,-76.952557986,PGCOPD,07,16,03,No,8,,08:06,2025,Tuesday,12,Motor Vehicle In Transport,05,On Roadway,3,,,,,,09,Through Roadway,01,Daylight,2/4/2025,2025-02-04,N,5.19,F,N,,,D3A2CED2C99857C2173DE376EC028A6695335214B11E9C4C6C57B42C0749B61D,MD,01,No,,,,,01,Dry,,,,,,,,
Property Damage Crashes,MSP7765005F,Maryland State Police,Front to Rear,Prince George's,Principal Arterial – Other,No,No,No,No,No,CRAIN HWY,301,UNITED STATE ROUTE,No,True,No,1/13/2025,No,Point,38.666932167,-76.875403833,MSP,03,16,03,No,18,,18:26,2025,Monday,12,Motor Vehicle In Transport,05,On Roadway,3,,,,,,09,Through Roadway,03,Dark - Lighted,1/13/2025,2025-01-13,S,31.57,F,N,,,60D479B493447F0E716811384C9BEB7E3793F036CAFB77DD6D83CD24B0E3EC1E,US,01,No,,,,,01,Dry,,,,,,,,
Property Damage Crashes,MSP7865002J,Maryland State Police,Single Vehicle,Prince George's,Interstate,No,No,No,No,No,RAMP 5 FR IS 95 SB TO MD 295 EB,95,RAMP,No,True,No,4/27/2025,No,Point,38.9898217,-76.8856663,MSP,101,16,03,No,2,,02:45,2025,Sunday,32,Guardrail Face,06,"On Shoulder, Left Side",1,,,,,,04,Entrance/Exit Ramp or Related,04,Dark - Not Lighted,4/27/2025,2025-04-27,N,15.38,F,N,,,01C1AC03AD585FCFE04A42815EBE515548423285031FABF12DE5265D5A403B16,RP,01,No,,,,,01,Dry,,,,,,,,
Property Damage Crashes,DA416800C2,Prince George's County Police,Front to Rear,Prince George's,,No,No,No,No,No,,114,COUNTY ROAD,No,True,No,3/24/2025,No,Point,38.771626644,-77.005992123,PGCOPD,03,16,03,No,14,,14:55,2025,Monday,12,Motor Vehicle In Transport,05,On Roadway,,,,,AUTUMN LAKE WAY POTOMAC RIDGE DR,,09,Through Roadway,01,Daylight,3/24/2025,2025-03-24,E,18.67,F,N,,,7FBEDA6A1E47910CA3AE54632C3896D20FB6CC0806417F11046A0D8D025E3BA8,CO,01,No,,,,,09,Wet,,,,,,,,
Property Damage Crashes,MSP78750030,Maryland State Police,Front to Rear,Prince George's,Local,No,No,No,No,No,NO NAME,5,MARYLAND ROUTE,No,True,No,4/8/2025,No,Point,38.788365353,-76.897440233,MSP,03,16,03,No,18,,18:49,2025,Tuesday,12,Motor Vehicle In Transport,05,On Roadway,7,,,,,,06,Non-Junction,01,Daylight,4/8/2025,2025-04-08,N,41.09,F,N,,,70EA45237DF4F636A4CCDD3643365E696D3A9C9686D8678B7C210A415FBC2575,MD,01,No,,,,,01,Dry,,,,,,,,
Property Damage Crashes,AM03950002,Bladensburg Police Department,Front to Rear,Prince George's,Principal Arterial – Other,No,No,No,No,No,ANNAPOLIS RD,450,MARYLAND ROUTE,Yes,True,No,3/6/2025,No,Point,38.939444679,-76.933198336,BLADENSBURG,03,16,03,No,10,,10:40,2025,Thursday,12,Motor Vehicle In Transport,05,On Roadway,3,,,,,,09,Through Roadway,01,Daylight,3/6/2025,2025-03-06,W,6,F,N,,,924C89DD23A95644146F9609B2632090CF6C39F668344EC07D9359885C2A9F48,MD,01,No,,,,,01,Dry,,,,,,,,
Injury Crashes,DA43630014,Prince George's County Police,Front to Rear,Prince George's,Minor Arterial,No,No,No,No,No,ENTERPRISE RD,193,MARYLAND ROUTE,No,True,No,5/17/2025,No,Point,38.952094727,-76.798915832,PGCOPD,03,16,02,No,20,,20:44,2025,Saturday,12,Motor Vehicle In Transport,05,On Roadway,4,,,,,,09,Through Roadway,03,Dark - Lighted,5/17/2025,2025-05-17,S,39.6,F,N,,,C68F9D54F904EC950758955539C56CBF67F82B159FA146B82B07B730BA7CCD9A,MD,01,No,,,,,01,Dry,,,,,,,,
Property Damage Crashes,CE4850008G,Laurel Police Department,"Sideswipe, Same Direction",Prince George's,Local,No,No,No,No,No,CYPRESS ST (EB/L),100,MUNICIPAL ROAD,No,True,No,1/22/2025,No,Point,39.082885519,-76.865236566,LAUREL,07,16,03,No,10,04,10:00,2025,Wednesday,12,Motor Vehicle In Transport,05,On Roadway,7,Perpendicular,,,LAUREL LAKES DR,03,05,Intersection or Related,01,Daylight,1/22/2025,2025-01-22,N,0,F,N,,,B989789A25064B93A183289AE5080E4AB5989879F774A0EBCC63B7645A2711E0,MU,01,No,,,,,01,Dry,05,No Controls,,,,,,
Property Damage Crashes,DA44100011,Prince George's County Police,Front to Rear,Prince George's,Minor Arterial,No,Yes,No,No,No,ADELPHI RD (NB/L),232,COUNTY ROAD,No,True,No,5/13/2025,No,Point,39.001350680,-76.964090876,PGCOPD,03,16,03,No,8,,08:37,2025,Tuesday,12,Motor Vehicle In Transport,05,On Roadway,4,,,,,,06,Non-Junction,01,Daylight,5/13/2025,2025-05-13,S,14.48,F,N,,,1F4E7CD2F0FA5E23DC5CD4188C55128EA8A399F745649AB965A022B907A366C6,CO,01,No,,,,,03,"Mud, Dirt, Gravel",,,,,,,,
Property Damage Crashes,DJ0105005Q,Seat Pleasant Police Department,Single Vehicle,Prince George's,Minor Arterial,No,No,No,No,No,ADDISON RD,366,COUNTY ROAD,No,True,No,5/2/2025,No,Point,38.893639554,-76.903163235,SEATPLEASANT,101,16,03,No,19,,19:08,2025,Friday,27,Curb,09,Roadside,4,,101,State,,,06,Non-Junction,01,Daylight,5/2/2025,2025-05-02,W,22.07,F,N,,,F74C610EC6294C90F8773F5E86F4C57D9B11B604F2854946A66A2B1F3580A825,CO,01,No,36,"Other Post, Pole, Or Support",09,Roadside,01,Dry,,,,,,,,
Property Damage Crashes,DA43540039,Prince George's County Police,"Sideswipe, Same Direction",Prince George's,Local,No,No,No,No,No,COOPER LA,332,COUNTY ROAD,No,True,No,2/8/2025,No,Point,38.944558888,-76.906331066,PGCOPD,07,16,03,No,20,,20:09,2025,Saturday,15,Parked Vehicle,09,Roadside,7,,,,,,08,Shared-Use Path or Trail,03,Dark - Lighted,2/8/2025,2025-02-08,E,5.46,F,N,,,1E9F9DBD961B172EFBE066749D91E101BF61792FAF342C01CAE0EB2A17296560,CO,01,No,12,Motor Vehicle In Transport,05,On Roadway,09,Wet,,,,,,,,
Property Damage Crashes,DA393200HT,Prince George's County Police,Angle,Prince George's,Principal Arterial – Other,No,No,No,No,No,BALTIMORE AVE,1,UNITED STATE ROUTE,No,True,No,5/15/2025,No,Point,38.973311116,-76.937875571,PGCOPD,01,16,03,No,21,,21:00,2025,Thursday,12,Motor Vehicle In Transport,05,On Roadway,3,,,,,,09,Through Roadway,03,Dark - Lighted,5/15/2025,2025-05-15,N,49.53,F,N,,,5849DEC835BDB532A4844D3F91E42380C3AC56CC1072F12C631DE90267F908FA,US,01,No,,,,,01,Dry,,,,,,,,
Property Damage Crashes,MSP726800HB,Maryland State Police,Front to Rear,Prince George's,Interstate,No,No,No,No,No,RAMP 4 FR IS 95 NB TO MD 4 EB,95,RAMP,No,True,No,4/22/2025,No,Point,38.837535375,-76.867318919,MSP,03,16,03,No,8,,08:00,2025,Tuesday,12,Motor Vehicle In Transport,05,On Roadway,1,,,,,,06,Non-Junction,01,Daylight,4/22/2025,2025-04-22,W,19.18,F,N,,,D6EF403AA2CD201A93718AE71202276B6D0294B31FF3E69DA7E9D457E2A95E5E,RP,01,No,,,,,01,Dry,,,,,,,,
Property Damage Crashes,ZP0515000D,Prince George's County Sheriff's Office,Single Vehicle,Prince George's,Principal Arterial – Other,No,No,No,No,No,LARGO RD (SB/L),202,MARYLAND ROUTE,No,True,No,5/15/2025,No,Point,38.884477776,-76.814847398,PGCOSHERIFF,101,16,03,No,4,,04:30,2025,Thursday,09,Animal (live),05,On Roadway,3,,,,,,06,Non-Junction,04,Dark - Not Lighted,5/15/2025,2025-05-15,N,17.3,F,N,,,3C6D5FE7048F12EAFDDAEF0DFFB96B85D6185362AB35953E82678D9B2B07A57C,MD,01,No,,,,,09,Wet,,,,,,,,
Property Damage Crashes,CBPD0032009C,Bowie Police Department,Unknown,Prince George's,Local,No,No,No,No,No,YOUNGWOOD TURN,3420,MUNICIPAL ROAD,No,True,No,4/19/2025,No,Point,38.992775476,-76.725780929,BOWIE,99,16,03,No,0,,00:15,2025,Saturday,12,Motor Vehicle In Transport,02,In Parking Lane Or Zone,7,,,,,,09,Through Roadway,03,Dark - Lighted,4/19/2025,2025-04-19,E,36.63,F,N,,,FA9DF03094E6F168327ADD511BA85F976C0E9CEEDE06E3C28A05C7BD30CBF084,MU,01,No,15,Parked Vehicle,02,In Parking Lane Or Zone,01,Dry,,,,,,,,
Injury Crashes,DA4358002M,Prince George's County Police,Angle,Prince George's,Principal Arterial – Other Freeways and Expressways,No,No,No,No,No,BRANCH AVE,5,MARYLAND ROUTE,No,True,No,2/27/2025,No,Point,38.821240168,-76.920687756,PGCOPD,01,16,02,No,8,,08:31,2025,Thursday,12,Motor Vehicle In Transport,05,On Roadway,2,,,,,,06,Non-Junction,01,Daylight,2/27/2025,2025-02-27,N,14.94,F,N,,,F01D0ACF6709C2C3C06D80F8DDD7001D2C24963951761DF78985A55BB3824592,MD,01,No,12,Motor Vehicle In Transport,05,On Roadway,01,Dry,,,,,,,,
Injury Crashes,CC02990015,Hyattsville Police Department,Other,Prince George's,Minor Arterial,No,No,No,No,No,ADELPHI RD (NB/L),232,COUNTY ROAD,No,True,No,1/27/2025,No,Point,38.983316272,-76.955034432,HYATTSVILLE,98,16,02,No,9,,09:10,2025,Monday,12,Motor Vehicle In Transport,05,On Roadway,4,,,,,,06,Non-Junction,01,Daylight,1/27/2025,2025-01-27,N,30.68,F,N,,,9F13169D4314A099B6C5BA1792F1DDE792D75E4E3AFCF697116E0C0D44362A1E,CO,01,No,,,,,01,Dry,,,,,,,,
Property Damage Crashes,DA4318004S,Prince George's County Police,Single Vehicle,Prince George's,,No,No,No,No,No,,123,COUNTY ROAD,No,True,No,6/7/2025,No,Point,38.815679877,-76.946711213,PGCOPD,101,16,03,No,5,,05:19,2025,Saturday,36,"Other Post, Pole, Or Support",05,On Roadway,,,100,Local,,,09,Through Roadway,100,Dawn,6/7/2025,2025-06-07,S,8.22,F,N,,,E857B335D0392764F6F6A869DB504198C2C36EDA51C4EDFC29B5D14D51E9147B,CO,01,No,,,,,01,Dry,,,,,,,,
Property Damage Crashes,MSP585801HC,Maryland State Police,Single Vehicle,Prince George's,Principal Arterial – Other Freeways and Expressways,No,No,No,No,No,PENNSYLVANIA AVE,4,MARYLAND ROUTE,No,True,No,5/1/2025,No,Point,38.812648333,-76.770873333,MSP,101,16,03,No,0,,00:02,2025,Thursday,31,Guardrail End Terminal,09,Roadside,2,,101,State,,,09,Through Roadway,04,Dark - Not Lighted,5/1/2025,2025-05-01,S,21.8,F,N,,,D4ECCCDA0CA95B3099C85CA2DFC74083815800F1B121C10AF98E317471DE56E2,MD,01,No,,,,,01,Dry,,,,,,,,
Injury Crashes,DA2260003P,Prince George's County Police,Single Vehicle,Prince George's,,No,No,No,No,Yes,,,,No,True,No,5/17/2025,No,Point,38.782754530,-77.017143973,PGCOPD,101,16,02,,17,,17:30,2025,Saturday,37,Other Traffic Barrier,02,In Parking Lane Or Zone,,,,,,,,,01,Daylight,5/17/2025,2025-05-17,,,F,N,104,Service Road,,,01,No,,,,,,,,,,,,,,
Property Damage Crashes,DA4252005J,Prince George's County Police,"Sideswipe, Same Direction",Prince George's,Local,No,Yes,No,No,No,STERLING ST,562,COUNTY ROAD,Yes,True,No,1/21/2025,No,Point,38.934201613,-76.858113540,PGCOPD,07,16,03,No,11,,11:13,2025,Tuesday,12,Motor Vehicle In Transport,05,On Roadway,7,,,,,,06,Non-Junction,01,Daylight,1/21/2025,2025-01-21,E,24.73,F,N,,,D25CCAD9D1483F68646427F0FB01F263A28BA51B41968A35CF3DC401A73EEC3B,CO,02,"Yes, School Bus Directly Involved",,,,,01,Dry,,,,,,,,
Property Damage Crashes,DA43830035,Prince George's County Police,Single Vehicle,Prince George's,Minor Arterial,No,No,No,No,No,GOOD LUCK RD,42,COUNTY ROAD,No,True,No,4/8/2025,No,Point,38.988720064,-76.836585117,PGCOPD,101,16,03,No,17,,17:37,2025,Tuesday,36,"Other Post, Pole, Or Support",05,On Roadway,4,,,,,,06,Non-Junction,01,Daylight,4/8/2025,2025-04-08,N,14.9,F,N,,,D4E0268262A876ABB8BEB11A7CD0A50B589E4B568EADDB0ACAC4903DAEFD9A32,CO,01,No,,,,,01,Dry,,,,,,,,
Property Damage Crashes,DA4276007K,Prince George's County Police,Single Vehicle,Prince George's,Major Collector,No,No,No,No,No,PENNSY DR,2428,COUNTY ROAD,No,True,No,4/10/2025,No,Point,38.940818154,-76.873275686,PGCOPD,101,16,03,No,15,,15:30,2025,Thursday,35,"Other Fixed Object (wall, building, tunnel, etc.)",05,On Roadway,5,,,,,,06,Non-Junction,01,Daylight,4/10/2025,2025-04-10,W,20.52,F,N,,,CD1D8CD52941B3D6F340C5B37C185C5B7688A41273FFE6D20E3A605C37F76108,CO,01,No,,,,,01,Dry,,,,,,,,
Property Damage Crashes,DA404800HB,Prince George's County Police,Front to Rear,Prince George's,Major Collector,No,No,No,No,No,BRINKLEY RD,122,COUNTY ROAD,No,True,No,5/11/2025,No,Point,38.804592670,-76.974476644,PGCOPD,03,16,03,No,21,,21:47,2025,Sunday,12,Motor Vehicle In Transport,05,On Roadway,5,,,,,,06,Non-Junction,03,Dark - Lighted,5/11/2025,2025-05-11,E,4.75,F,N,,,967E0A8E50B39B438F6191172DE4D3D331E4A84B1603403023C42957E500D4F8,CO,01,No,,,,,01,Dry,,,,,,,,
Property Damage Crashes,AZ17470010,Cheverly Police Department,Front to Rear,Prince George's,,No,No,No,No,Yes,,,,No,True,No,5/11/2025,No,Point,38.932153084,-76.902757855,CHEVERLY,03,16,03,,17,,17:56,2025,Sunday,12,Motor Vehicle In Transport,02,In Parking Lane Or Zone,,,,,,,,,01,Daylight,5/11/2025,2025-05-11,,,F,N,102,Parking Lot Way,,,01,No,,,,,,,,,,,,,,
Property Damage Crashes,DA43950029,Prince George's County Police,Angle,Prince George's,Local,No,No,No,No,No,FOX ST,1547,COUNTY ROAD,No,True,No,5/21/2025,No,Point,39.008385180,-76.977858892,PGCOPD,01,16,03,No,8,04,08:14,2025,Wednesday,12,Motor Vehicle In Transport,05,On Roadway,7,Perpendicular,,,19TH AVE ERIE ST (EB/L),03,05,Intersection or Related,01,Daylight,5/21/2025,2025-05-21,S,0,F,N,,,A69595F117CAD5F9120EE86F76F2ED93EC5B18B9C1D77754F62184944501DFEB,CO,01,No,,,,,09,Wet,02,Stop - All Way,,,,,,
Property Damage Crashes,DA333600GK,Prince George's County Police,"Sideswipe, Opposite Direction",Prince George's,Major Collector,No,Yes,No,No,No,SURRATTS RD,130,COUNTY ROAD,Yes,True,No,4/7/2025,No,Point,38.742482754,-76.869055142,PGCOPD,06,16,03,Unknown,14,,14:15,2025,Monday,12,Motor Vehicle In Transport,05,On Roadway,5,,,,,,09,Through Roadway,01,Daylight,4/7/2025,2025-04-07,S,32.15,F,N,,,2BBC1E747A99B12E5570F36DD86E98D8E7BBD54AB9A6A099B849E3DB29BB9788,CO,02,"Yes, School Bus Directly Involved",40,Tree (standing),08,Outside Road/Right-Of-Way,09,Wet,,,,,,,,
Property Damage Crashes,DA3315004R,Prince George's County Police,Front to Rear,Prince George's,Principal Arterial – Other,No,No,No,No,No,LAUREL BOWIE RD (SB/L),197,MARYLAND ROUTE,No,True,No,4/21/2025,No,Point,39.080367212,-76.848162951,PGCOPD,03,16,03,No,22,04,22:23,2025,Monday,12,Motor Vehicle In Transport,05,On Roadway,3,Perpendicular,,,BRIARWOOD DR,03,05,Intersection or Related,03,Dark - Lighted,4/21/2025,2025-04-21,S,0,F,N,,,D95ABF19BED02A46BA186B4B4869E6312B254F947DA6F3D52BD51770047EE377,MD,01,No,,,,,01,Dry,01,Signalized,,,,,,
Injury Crashes,DA3835006Q,Prince George's County Police,"Sideswipe, Opposite Direction",Prince George's,Major Collector,No,No,No,No,No,STEED RD,120,COUNTY ROAD,No,True,No,2/9/2025,No,Point,38.752023868,-76.929123045,PGCOPD,06,16,02,No,16,,16:13,2025,Sunday,12,Motor Vehicle In Transport,05,On Roadway,5,,,,,,06,Non-Junction,01,Daylight,2/9/2025,2025-02-09,N,317.28,F,N,,,8CC406605F713B0424275FD2E73441D9AE97BE694C9AB50B104ABAFC6B3FB2C8,CO,01,No,,,,,01,Dry,,,,,,,,
Property Damage Crashes,DA4388001X,Prince George's County Police,Front to Front,Prince George's,Local,No,No,No,No,No,DODGE PARK RD,3290,COUNTY ROAD,Yes,True,No,5/11/2025,No,Point,38.932002413,-76.877658982,PGCOPD,02,16,03,No,4,,04:45,2025,Sunday,12,Motor Vehicle In Transport,05,On Roadway,7,,,,,,06,Non-Junction,03,Dark - Lighted,5/11/2025,2025-05-11,N,18.84,F,N,,,6F62A748BACCECEA4A61D560A4A6EEF5F45E3C425BBAE202EF6C2592888DEE06,CO,01,No,,,,,01,Dry,,,,,,,,
Injury Crashes,MSP7657007D,Maryland State Police,Front to Rear,Prince George's,Interstate,No,No,No,No,No,CAPITAL BELTWAY,95,INTERSTATE ROUTE,Yes,True,No,2/9/2025,No,Point,38.818057723,-76.932711295,MSP,03,16,02,No,23,,23:38,2025,Sunday,12,Motor Vehicle In Transport,05,On Roadway,1,,,,,,06,Non-Junction,04,Dark - Not Lighted,2/9/2025,2025-02-09,N,60.69,F,N,,,37E0F11812C3F354C01824B1B3F5AC34802EE5445FE90352C0CF84400CA7D0A1,IS,01,No,,,,,09,Wet,,,,,,,,
Property Damage Crashes,DA4369002F,Prince George's County Police,"Sideswipe, Same Direction",Prince George's,Major Collector,Yes,No,No,No,No,DONNELL DR,1679,COUNTY ROAD,Yes,True,No,5/27/2025,No,Point,38.845059941,-76.884703779,PGCOPD,07,16,03,No,19,,19:30,2025,Tuesday,12,Motor Vehicle In Transport,05,On Roadway,5,,,,,,06,Non-Junction,01,Daylight,5/27/2025,2025-05-27,N,33.32,F,N,,,EA44799002CFBFD73DCAD02D8F32D68C9819224C6FA973C85FF689C07894866F,CO,01,No,,,,,09,Wet,,,,,,,,
Property Damage Crashes,MSP77760051,Maryland State Police,Single Vehicle,Prince George's,Principal Arterial – Other,No,No,No,No,No,SANDY SPRING RD (WB/L),198,MARYLAND ROUTE,No,True,No,3/5/2025,No,Point,39.099289950,-76.901942732,MSP,101,16,03,No,15,,15:15,2025,Wednesday,32,Guardrail Face,07,"On Shoulder, Right Side",3,,101,State,,,06,Non-Junction,01,Daylight,3/5/2025,2025-03-05,S,26.54,F,N,,,9AA51E20AE1D1E6C4056243459CA98D738DF1C3824E9DA68F72780E3E6554CDB,MD,01,No,,,,,09,Wet,,,,,,,,
Property Damage Crashes,BW02240008,Greenbelt Police Department,Single Vehicle,Prince George's,Major Collector,No,No,No,No,No,SOUTHWAY,470,MUNICIPAL ROAD,No,True,No,4/23/2025,No,Point,38.998565225,-76.877678080,GREENBELT,101,16,03,No,18,04,18:23,2025,Wednesday,38,Traffic Sign Support,03,Median,5,Perpendicular,,,RIDGE RD,03,05,Intersection or Related,01,Daylight,4/23/2025,2025-04-23,N,0,F,N,,,929BD7422EC9521200647F13E1DA8A0399B1B4485DB32BEA0659ED20C02B36E6,MU,01,No,,,,,01,Dry,02,Stop - All Way,,,,,,
Property Damage Crashes,MSP78390020,Maryland State Police,Front to Front,Prince George's,Interstate,No,No,No,No,No,RAMP 2 FR IS 95 SB TO AUTH RD,95,RAMP,No,True,No,2/4/2025,No,Point,38.822292077,-76.918335972,MSP,02,16,03,No,20,,20:54,2025,Tuesday,12,Motor Vehicle In Transport,05,On Roadway,1,,,,,,04,Entrance/Exit Ramp or Related,04,Dark - Not Lighted,2/4/2025,2025-02-04,N,45.9,F,N,,,446D84029FA5F29537ECFF6AC53CA154A04F042DA18B8B004C86CC628AF87C49,RP,01,No,,,,,01,Dry,,,,,,,,
Property Damage Crashes,CP0164002P,Mount Rainier Police Department,Front to Rear,Prince George's,Principal Arterial – Other,No,No,No,No,No,RHODE ISLAND AVE (SB/L),1,UNITED STATE ROUTE,No,True,No,5/7/2025,No,Point,38.935493724,-76.962870670,MTRAINIER,03,16,03,No,6,,06:30,2025,Wednesday,12,Motor Vehicle In Transport,05,On Roadway,3,,,,,,06,Non-Junction,01,Daylight,5/7/2025,2025-05-07,N,7.17,F,N,,,F186DC7ADB3FBCCE662AB89F64AC2F06D228BD352C8B3FB1ED0212A84A552992,US,01,No,,,,,01,Dry,,,,,,,,
Property Damage Crashes,DA4418000Z,Prince George's County Police,"Sideswipe, Same Direction",Prince George's,Local,No,Yes,No,No,No,TUCKERMAN ST,1527,COUNTY ROAD,No,True,No,3/27/2025,No,Point,38.966732647,-76.916810465,PGCOPD,07,16,03,No,12,,12:10,2025,Thursday,12,Motor Vehicle In Transport,05,On Roadway,7,,,,,,06,Non-Junction,01,Daylight,3/27/2025,2025-03-27,N,52.87,F,N,,,5D6FEEFDFA41337DD0195917A7901CD92B97976D905146EB6AEFF8BB1A76697A,CO,01,No,,,,,01,Dry,,,,,,,,
Property Damage Crashes,CE52400035,Laurel Police Department,Front to Rear,Prince George's,Principal Arterial – Other,No,No,No,No,No,SANDY SPRING RD (WB/L),198,MARYLAND ROUTE,No,True,No,5/28/2025,No,Point,39.102705374,-76.869380308,LAUREL,03,16,03,No,7,,07:28,2025,Wednesday,12,Motor Vehicle In Transport,05,On Roadway,3,,,,,,06,Non-Junction,01,Daylight,5/28/2025,2025-05-28,N,33.74,F,N,,,395EAE1025D8A46451F09C99310CC4D9DA7E78F593AC081424351150516B65C2,MD,01,No,,,,,09,Wet,,,,,,,,
Property Damage Crashes,DA3918000Q,Prince George's County Police,"Sideswipe, Same Direction",Prince George's,Principal Arterial – Other,No,No,Yes,No,No,CRAIN HWY,301,UNITED STATE ROUTE,No,True,No,5/2/2025,No,Point,38.714381490,-76.849693260,PGCOPD,07,16,03,No,18,,18:10,2025,Friday,12,Motor Vehicle In Transport,07,"On Shoulder, Right Side",3,,,,,,06,Non-Junction,01,Daylight,5/2/2025,2025-05-02,N,26.32,F,N,,,DCF555535BDA49F0464C599E410D5CD91EDEDACCBEA372E700C6AAAE9B0F4C29,US,01,No,,,,,01,Dry,,,,,,,,
Injury Crashes,CNC31840020,New Carrollton Police Department,Front to Rear,Prince George's,Local,No,No,No,No,No,LONGFELLOW ST,350,MUNICIPAL ROAD,No,True,No,3/31/2025,No,Point,38.959496489,-76.870031666,NCPD,03,16,02,Yes,11,02,11:53,2025,Monday,12,Motor Vehicle In Transport,05,On Roadway,7,Angled/Skewed,,,85TH AVE #3,01,05,Intersection or Related,01,Daylight,3/31/2025,2025-03-31,E,0,F,N,,,FEB1492D3AB301ED5F10E8CA4AF0A4298DD30A9083A213D58A07C6AD65DAC14D,MU,01,No,,,,,01,Dry,05,No Controls,,,,,,
Property Damage Crashes,MSP745000J0,Maryland State Police,Single Vehicle,Prince George's,Interstate,No,No,No,No,No,IS 95 NB CD LANE FR MD 200 TO MD 198,95,INTERSTATE ROUTE,No,True,No,1/29/2025,No,Point,39.065095760,-76.911156331,MSP,101,16,03,No,2,,02:26,2025,Wednesday,32,Guardrail Face,03,Median,1,,,,,,09,Through Roadway,03,Dark - Lighted,1/29/2025,2025-01-29,W,25.16,F,N,,,172466E4703A26001749931E747F8AA9FF8D5F85D53C92AC67E3287F0EFA3C16,IS,01,No,,,,,01,Dry,,,,,,,,
Property Damage Crashes,DA42040090,Prince George's County Police,Single Vehicle,Prince George's,Minor Arterial,No,No,No,No,No,RIGGS RD (SB/L),212,MARYLAND ROUTE,No,True,No,3/3/2025,No,Point,38.996912238,-76.972864046,PGCOPD,101,16,03,No,13,,13:45,2025,Monday,36,"Other Post, Pole, Or Support",09,Roadside,4,,,,,,06,Non-Junction,01,Daylight,3/3/2025,2025-03-03,N,27.69,F,N,,,120162076E79641F93ECA4AA07E19A087A83B175B6D69CB1900518AC31524A63,MD,01,No,,,,,01,Dry,,,,,,,,
Property Damage Crashes,HB05250006,Maryland-National Capital Park Police Prince George's County,"Sideswipe, Opposite Direction",Prince George's,,No,No,No,No,No,NO NAME,673,LOCAL ROAD,Yes,True,No,3/6/2025,No,Point,39.001587363,-76.935831708,PGPARK,06,16,03,No,8,,08:10,2025,Thursday,12,Motor Vehicle In Transport,07,"On Shoulder, Right Side",,,,,,,99,Unknown,01,Daylight,3/6/2025,2025-03-06,N,27.2,F,N,,,1B6D414CA50F9E693EAE144FA8B8C44C531677CB18B9C5C6BA6CA76078AC6157,LL,01,No,,,,,01,Dry,,,,,,,,
Property Damage Crashes,DA44370006,Prince George's County Police,Rear To Side,Prince George's,,No,No,No,No,Yes,,,,No,True,No,5/16/2025,No,Point,38.803088008,-76.953106987,PGCOPD,05,16,03,,16,,16:00,2025,Friday,12,Motor Vehicle In Transport,02,In Parking Lane Or Zone,,,,,,,,,01,Daylight,5/16/2025,2025-05-16,,,F,N,102,Parking Lot Way,,,01,No,,,,,,,,,,,,,,