Crash Severity Description,Reportnumber,Agencyname,CollisionImpact Description,Crash County Description,FunctionalClass Description,ImpairedCrash,Large Vehicle Involved,Motorcycle Crash,Non-Motorist Crash,OffRoad,RoadName,Route Number,RouteType Description,Unrestrained Occupants,WithinDateRange,Work Zone Related,Crashdate,Work Zone Crash,CrashPoint,Latitude,Longitude,AgencyCode,CollisionImpact,Crash County,Crash Severity,Crash Within Interchange,Crashhour,CrashInterchangeApproaches,Crashtime,CrashYear,Dayofweek,FirstHarmEvent,FirstHarmEvent Description,FirstHarmLocation,FirstHarmLocation Description,FunctionalClass,Geometry Description,GovPropertyDamage,GovPropertyDamage Description,IntersectingRoadName,Intersection Geometry,JunctionRelated,JunctionRelated Description,Light,Light Description,LOD Crash Date,LOD Date Level,MilepointDirection,MilepointDistance,MilepointUnits,NonTrafficFatal,OffroadLocation,OffroadLocation Description,RoadID,RouteType,SchoolBusRelated,SchoolBusRelated Description,SecondHarmEvent,SecondHarmEvent Description,SecondHarmLocation,SecondHarmLocation Description,Surface,Surface Description,TrafficControl,Trafficcontrol Description,WZLawEnforcementPresent,WZLocation,WZLocation Description,WZType,WZType Description,WZWorkersPresent
Property Damage Crashes,DA4398000W,Prince George's County Police,Unknown,Prince George's,,No,No,No,No,Yes,,,,No,True,No,1/21/2025,No,Point,38.845826398,-76.883705164,PGCOPD,99,16,03,,16,,16:00,2025,Tuesday,15,Parked Vehicle,02,In Parking Lane Or Zone,,,,,,,,,01,Daylight,1/21/2025,2025-01-21,,,F,N,102,Parking Lot Way,,,01,No,,,,,,,,,,,,,,
Property Damage Crashes,MSP7787005V,Maryland State Police,"Sideswipe, Same Direction",Prince George's,Interstate,Yes,No,No,No,No,NO NAME,95,INTERSTATE ROUTE,No,True,No,3/19/2025,No,Point,39.032835348,-76.943613326,MSP,07,16,03,No,23,,23:20,2025,Wednesday,12,Motor Vehicle In Transport,05,On Roadway,1,,,,,,06,Non-Junction,04,Dark - Not Lighted,3/19/2025,2025-03-19,S,83.73,F,N,,,58B1C5957F59BE28A7570CEBA109CC3C9F74F95FD988B2DC26B41B98B3700EC3,IS,01,No,,,,,01,Dry,,,,,,,,
Property Damage Crashes,MSP757700HS,Maryland State Police,Single Vehicle,Prince George's,Interstate,No,No,No,No,No,CAPITAL BELTWAY (SB/L),95,INTERSTATE ROUTE,No,True,No,2/18/2025,No,Point,38.970921667,-76.869103333,MSP,101,16,03,No,5,,05:13,2025,Tuesday,25,Concrete Traffic Barrier,09,Roadside,1,,,,,,09,Through Roadway,03,Dark - Lighted,2/18/2025,2025-02-18,S,40.74,F,N,,,E0A89063013739911BEAE65D1608D2EDD2EACDF7F19C2F304715A791C983C7B8,IS,01,No,97,Not Applicable,,,01,Dry,,,,,,,,
Property Damage Crashes,MSP6931014W,Maryland State Police,Single Vehicle,Prince George's,,No,Yes,No,No,No,,876,CROSSOVER,No,True,No,5/10/2025,No,Point,38.862924162,-76.848308528,MSP,101,16,03,No,11,,11:10,2025,Saturday,01,Cargo/Equipment Loss Or Shift,05,On Roadway,,,101,State,CAPITAL BELTWAY,,06,Non-Junction,01,Daylight,5/10/2025,2025-05-10,S,78.02,F,N,,,8AA3576A1884ABC542CCD70A8E4BD4D896A93FFDA54FDE09C11CD9CCE5FD78F1,XO,01,No,01,Cargo/Equipment Loss Or Shift,05,On Roadway,01,Dry,,,,,,,,
Property Damage Crashes,CBPD00920041,Bowie Police Department,Front to Rear,Prince George's,Local,No,No,No,No,No,DUNWOOD RIDGE TERR,3533,MUNICIPAL ROAD,No,True,No,1/24/2025,No,Point,38.933269995,-76.759979958,BOWIE,03,16,03,No,9,,09:30,2025,Friday,12,Motor Vehicle In Transport,05,On Roadway,7,,,,,,06,Non-Junction,01,Daylight,1/24/2025,2025-01-24,S,33.67,F,N,,,E66F1DDFA9D41983C87800453E854AA217D57160E902E9838B3879D4B627A7D9,MU,01,No,,,,,07,Snow,,,,,,,,
Property Damage Crashes,DS0471000Q,University of Maryland Police College Park,"Sideswipe, Same Direction",Prince George's,Major Collector,No,Yes,No,No,No,CAMPUS DR (WB/L),69,STATE ROAD,No,True,No,2/7/2025,No,Point,38.988687849,-76.935190207,UMCP,07,16,03,No,16,,16:06,2025,Friday,12,Motor Vehicle In Transport,05,On Roadway,5,,,,,,06,Non-Junction,01,Daylight,2/7/2025,2025-02-07,W,38.01,F,N,,,FE6D4A8D6548587BAB65B157A1C2C021C485F28E23592B4E9A59EF6975CE9EF4,SR,01,No,12,Motor Vehicle In Transport,05,On Roadway,01,Dry,,,,,,,,
Property Damage Crashes,MSP768100B9,Maryland State Police,Front to Rear,Prince George's,Principal Arterial – Other,No,No,No,No,No,,1,UNITED STATE ROUTE,No,True,No,1/17/2025,No,Point,39.041703333,-76.904065,MSP,03,16,03,No,19,,19:17,2025,Friday,15,Parked Vehicle,05,On Roadway,3,,,,,,09,Through Roadway,04,Dark - Not Lighted,1/17/2025,2025-01-17,S,3.66,F,N,,,E70C00D6613F74718C1C013B31A225B0E79F5934465C61919D3B835BECED33FF,US,01,No,,,,,01,Dry,,,,,,,,
Property Damage Crashes,MSP745800NM,Maryland State Police,Other,Prince George's,Principal Arterial – Other Freeways and Expressways,No,No,No,No,No,BRANCH AVE,5,MARYLAND ROUTE,No,True,No,1/2/2025,No,Point,38.81919,-76.91871,MSP,98,16,03,No,18,,18:12,2025,Thursday,12,Motor Vehicle In Transport,05,On Roadway,2,,,,,,01,Acceleration/Deceleration Lane,03,Dark - Lighted,1/2/2025,2025-01-02,S,23.48,F,N,,,FA3CB8330B57176EF577F8678E3ED704CDC1E951735245736E27FD8BFA8F561E,MD,01,No,,,,,01,Dry,,,,,,,,
Property Damage Crashes,MSP745800PK,Maryland State Police,Single Vehicle,Prince George's,,No,No,No,No,No,,142,SPUR,No,True,No,2/14/2025,No,Point,38.749978333,-76.879343333,MSP,101,16,03,No,23,,23:24,2025,Friday,36,"Other Post, Pole, Or Support",09,Roadside,,,101,State,,,01,Acceleration/Deceleration Lane,03,Dark - Lighted,2/14/2025,2025-02-14,S,44.54,F,N,,,E0CCF5791B9A4EEF3CEF415B1E48C9632CD9CE9A545C23F5395032A46F7238CA,SP,01,No,,,,,01,Dry,,,,,,,,
Property Damage Crashes,DA44290008,Prince George's County Police,Rear To Side,Prince George's,Major Collector,No,No,No,No,No,DONNELL DR,1679,COUNTY ROAD,No,True,No,1/11/2025,No,Point,38.846559100,-76.884996910,PGCOPD,05,16,03,Yes,14,04,14:13,2025,Saturday,12,Motor Vehicle In Transport,05,On Roadway,5,Perpendicular,,,FOREST VILLAGE MALL ENT,03,05,Intersection or Related,01,Daylight,1/11/2025,2025-01-11,S,0,F,N,,,715E725A016DDA97CC5C4E44574971D89A741BBBEFCE93D4DC657C63FCA789CA,CO,01,No,,,,,09,Wet,01,Signalized,,,,,,
Property Damage Crashes,DA4420000L,Prince George's County Police,Front to Rear,Prince George's,Minor Arterial,No,No,No,No,No,EDMONSTON AVE,201,MARYLAND ROUTE,No,True,No,1/29/2025,No,Point,39.023124027,-76.901411702,PGCOPD,03,16,03,No,18,,18:00,2025,Wednesday,12,Motor Vehicle In Transport,05,On Roadway,4,,,,SUNNYSIDE AVE,,06,Non-Junction,03,Dark - Lighted,1/29/2025,2025-01-29,S,23.92,F,N,,,F9873F3BA59A293B51CE6A72DC46DCB42391D9975B719FF9C134AF48D57CE42B,MD,01,No,,,,,01,Dry,,,,,,,,
Property Damage Crashes,DA3397004L,Prince George's County Police,Single Vehicle,Prince George's,Local,No,No,No,No,No,MARLBORO PIKE,3050,COUNTY ROAD,No,True,No,1/18/2025,No,Point,38.818390031,-76.846333976,PGCOPD,101,16,03,No,23,,23:30,2025,Saturday,40,Tree (standing),09,Roadside,7,,,,,,06,Non-Junction,03,Dark - Lighted,1/18/2025,2025-01-18,S,14.59,F,N,,,7FCBA5881B6FB35D7E9E9D62C94B1DA49FEF12638785980163969B8573CC3585,CO,01,No,35,"Other Fixed Object (wall, building, tunnel, etc.)",09,Roadside,01,Dry,,,,,,,,
Property Damage Crashes,DA27200072,Prince George's County Police,Single Vehicle,Prince George's,Local,No,No,No,No,No,CENTER DR,926,COUNTY ROAD,No,True,No,1/5/2025,No,Point,38.810218558,-76.914329438,PGCOPD,101,16,03,No,21,,21:30,2025,Sunday,30,Fence,07,"On Shoulder, Right Side",7,,,,,,09,Through Roadway,03,Dark - Lighted,1/5/2025,2025-01-05,S,26.49,F,N,,,7D9411B03B1A96557C0B2678171D7F737ABCCB7304792A9AF75A29F3FA3C461B,CO,01,No,41,Utility Pole/Light Support,09,Roadside,01,Dry,,,,,,,,
Property Damage Crashes,DA351500DC,Prince George's County Police,Front to Front,Prince George's,Major Collector,No,No,No,No,No,OLD FORT RD,118,COUNTY ROAD,No,True,No,5/2/2025,No,Point,38.712540756,-76.990310379,PGCOPD,02,16,03,No,22,,22:35,2025,Friday,12,Motor Vehicle In Transport,05,On Roadway,5,,,,SERVICE RD F,,06,Non-Junction,03,Dark - Lighted,5/2/2025,2025-05-02,S,17.09,F,N,,,DF633DADD66B372CA5D9F64FD1975E95A4F62F5B94D2E175C4A3C428C989DF6F,CO,01,No,12,Motor Vehicle In Transport,05,On Roadway,01,Dry,,,,,,,,
Property Damage Crashes,DA4375002X,Prince George's County Police,Angle,Prince George's,Local,No,Yes,No,No,No,NOVA AVE,371,COUNTY ROAD,Yes,True,No,4/1/2025,No,Point,38.874755213,-76.919597611,PGCOPD,01,16,03,No,15,,15:00,2025,Tuesday,12,Motor Vehicle In Transport,05,On Roadway,7,,,,,,06,Non-Junction,01,Daylight,4/1/2025,2025-04-01,N,46.45,F,N,,,CA5F17C822183F0D25F37153B76DA334ED6F68F53424E76176F5E7A8D6E7860F,CO,02,"Yes, School Bus Directly Involved",,,,,01,Dry,,,,,,,,
Property Damage Crashes,DA36620004,Prince George's County Police,"Sideswipe, Same Direction",Prince George's,Principal Arterial – Other Freeways and Expressways,No,No,No,No,No,KENILWORTH AVE (SB/L),201,MARYLAND ROUTE,No,True,No,5/24/2025,No,Point,38.914376232,-76.932845349,PGCOPD,07,16,03,Yes,8,,08:30,2025,Saturday,12,Motor Vehicle In Transport,05,On Roadway,2,,,,,,04,Entrance/Exit Ramp or Related,01,Daylight,5/24/2025,2025-05-24,E,23.06,F,N,,,497AE36F58BBD88D5DD7EE83D430E70F1C238B37B1255E64A71A02E66A09F4DD,MD,01,No,,,,,01,Dry,,,,,,,,
Property Damage Crashes,DA41300082,Prince George's County Police,Other,Prince George's,Local,No,No,No,No,No,ABILENE PL,3506,COUNTY ROAD,No,True,No,4/19/2025,No,Point,38.766203722,-76.918924342,PGCOPD,98,16,03,No,12,,12:46,2025,Saturday,12,Motor Vehicle In Transport,05,On Roadway,7,,,,,,01,Acceleration/Deceleration Lane,01,Daylight,4/19/2025,2025-04-19,N,19.73,F,N,,,609B4AAE2F9948C168CC9E8072E08F28D35EE4BCF5E7DBBD1F8DEE6FB3DF91C1,CO,01,No,,,,,01,Dry,,,,,,,,
Property Damage Crashes,DA28290017,Prince George's County Police,Angle,Prince George's,Minor Arterial,No,Yes,No,No,No,RIGGS RD (SB/L),212,MARYLAND ROUTE,Yes,True,No,2/21/2025,No,Point,38.971553510,-76.980170118,PGCOPD,01,16,03,No,9,,09:06,2025,Friday,12,Motor Vehicle In Transport,04,"Off-Roadway, Location Unknown",4,,,,,,06,Non-Junction,01,Daylight,2/21/2025,2025-02-21,N,17.15,F,N,,,9113E21080F8C3E11555088FDC998163C7942BC4679B703A76C44B79EAF82153,MD,02,"Yes, School Bus Directly Involved",,,,,01,Dry,,,,,,,,
Property Damage Crashes,DA3876007C,Prince George's County Police,"Sideswipe, Same Direction",Prince George's,Principal Arterial – Other,No,No,No,No,No,LANDOVER RD (SB/L),202,MARYLAND ROUTE,No,True,No,1/19/2025,No,Point,38.933563971,-76.909656310,PGCOPD,07,16,03,No,11,,11:00,2025,Sunday,12,Motor Vehicle In Transport,05,On Roadway,3,,,,,,06,Non-Junction,01,Daylight,1/19/2025,2025-01-19,S,23.9,F,N,,,C8D14EF8AF88C2DD0FE35FC6A06A176F826250F12BAF0E130ED0A49FE36E2088,MD,01,No,97,Not Applicable,,,09,Wet,,,,,,,,
Injury Crashes,DA37060064,Prince George's County Police,Angle,Prince George's,Minor Arterial,No,No,No,No,No,GOOD LUCK RD,42,COUNTY ROAD,No,True,No,5/11/2025,No,Point,38.980750162,-76.846921045,PGCOPD,01,16,02,Yes,15,04,15:44,2025,Sunday,12,Motor Vehicle In Transport,05,On Roadway,4,Perpendicular,,,96TH AVE,03,05,Intersection or Related,01,Daylight,5/11/2025,2025-05-11,E,0,F,N,,,CD096F78C6468DB41828494827405C93AA7030C8C61FE7125204803BF4C41799,CO,01,No,,,,,01,Dry,03,Stop - Partial,,,,,,
Property Damage Crashes,DA43150027,Prince George's County Police,Single Vehicle,Prince George's,Principal Arterial – Other,No,No,No,No,No,UNIVERSITY BLVD (WB/L),193,MARYLAND ROUTE,No,True,No,5/14/2025,No,Point,38.988106109,-76.986328871,PGCOPD,101,16,03,No,6,,06:00,2025,Wednesday,36,"Other Post, Pole, Or Support",05,On Roadway,3,,,,,,01,Acceleration/Deceleration Lane,03,Dark - Lighted,5/14/2025,2025-05-14,S,7.41,F,N,,,ADCA60F59F8F3D3B1379DB2E2C0F8595D895F4821B29E399F0F1DF92BC8DFA9E,MD,01,No,97,Not Applicable,,,09,Wet,,,,,,,,
Property Damage Crashes,DA43180046,Prince George's County Police,Single Vehicle,Prince George's,,No,No,No,No,Yes,,,,No,True,No,3/29/2025,No,Point,38.821732592,-76.899763873,PGCOPD,101,16,03,,15,,15:44,2025,Saturday,36,"Other Post, Pole, Or Support",04,"Off-Roadway, Location Unknown",,,,,,,,,01,Daylight,3/29/2025,2025-03-29,,,F,N,102,Parking Lot Way,,,01,No,,,,,,,,,,,,,,
Property Damage Crashes,DA4143008Q,Prince George's County Police,Front to Rear,Prince George's,,No,No,No,No,No,,483,COUNTY ROAD,No,True,No,3/20/2025,No,Point,38.847106262,-76.872574084,PGCOPD,03,16,03,No,17,,17:00,2025,Thursday,12,Motor Vehicle In Transport,05,On Roadway,,,,,,,06,Non-Junction,01,Daylight,3/20/2025,2025-03-20,N,20.58,F,N,,,5C53A5884D275A129219C85CBD3D16B6E7C9CCBD12018CD85CF8C28A99C2BE51,CO,01,No,,,,,01,Dry,,,,,,,,
Injury Crashes,DA3795006S,Prince George's County Police,Front to Rear,Prince George's,Major Collector,No,No,No,No,No,DONNELL DR (NB/L),1679,COUNTY ROAD,No,True,No,3/20/2025,No,Point,38.845369876,-76.884743071,PGCOPD,03,16,02,Yes,19,04,19:15,2025,Thursday,12,Motor Vehicle In Transport,05,On Roadway,5,Perpendicular,,,,03,05,Intersection or Related,99,Unknown,3/20/2025,2025-03-20,E,0,F,N,,,B2F74FBF7B985899AD703104EA942A3CEC246EC539B91C8807D6E299BDD500C4,CO,01,No,,,,,99,Unknown,05,No Controls,,,,,,
Property Damage Crashes,DA4283003J,Prince George's County Police,Single Vehicle,Prince George's,,No,No,No,No,No,,483,COUNTY ROAD,No,True,No,2/11/2025,No,Point,38.837731978,-76.876015194,PGCOPD,101,16,03,No,20,,20:40,2025,Tuesday,25,Concrete Traffic Barrier,09,Roadside,,,,,,,09,Through Roadway,03,Dark - Lighted,2/11/2025,2025-02-11,N,41.31,F,N,,,2709B763F6DE7B940A9C674301F999FC8FC71BA9BE96C34964D16D5C3C2716A0,CO,01,No,,,,,09,Wet,,,,,,,,
Property Damage Crashes,DA4361001M,Prince George's County Police,"Sideswipe, Same Direction",Prince George's,Principal Arterial – Other,No,No,No,No,No,ST BARNABAS RD,414,MARYLAND ROUTE,No,True,No,2/18/2025,No,Point,38.815631458,-76.962781198,PGCOPD,07,16,03,Yes,21,04,21:32,2025,Tuesday,12,Motor Vehicle In Transport,05,On Roadway,3,Perpendicular,,,WHEELER RD WINSTON ST,03,05,Intersection or Related,03,Dark - Lighted,2/18/2025,2025-02-18,S,0,F,N,,,F6BD872CB34A46CE5A3B111925D24B6E9C1BBEF016E37A2C4B30EF8CA3033E3F,MD,01,No,,,,,01,Dry,01,Signalized,,,,,,
Injury Crashes,MSP78720041,Maryland State Police,Front to Rear,Prince George's,Principal Arterial – Other,No,No,No,No,No,LARGO RD (SB/L),202,MARYLAND ROUTE,No,True,No,5/9/2025,No,Point,38.892536486,-76.827489326,MSP,03,16,02,No,17,,17:10,2025,Friday,12,Motor Vehicle In Transport,05,On Roadway,3,,,,,,09,Through Roadway,01,Daylight,5/9/2025,2025-05-09,N,30.41,F,N,,,E1DB65C528D9E8F136695F6B7A26E38A48563BDC1BA432D05CC7D14EF04747B4,MD,01,No,,,,,01,Dry,,,,,,,,
Property Damage Crashes,DA44220012,Prince George's County Police,Front to Rear,Prince George's,Principal Arterial – Other Freeways and Expressways,No,No,No,No,No,RAMP 6 FR MD 410 TO MD 295 SB,295,RAMP,No,True,No,5/8/2025,No,Point,38.961050513,-76.905199568,PGCOPD,03,16,03,Yes,22,,22:46,2025,Thursday,12,Motor Vehicle In Transport,05,On Roadway,2,,,,RAMP 8 FR MD 295 SB TO MD 410 RIVERDALE RD,,09,Through Roadway,03,Dark - Lighted,5/8/2025,2025-05-08,W,204.04,F,N,,,EC7F6FB5AE6AAAD4B1FE5B145D5D69996EE57712D90E3508E79FF5CF4E463231,RP,01,No,,,,,01,Dry,,,,,,,,
Property Damage Crashes,CBPD01310005,Bowie Police Department,Angle,Prince George's,Principal Arterial – Other,No,No,No,No,No,,450,MARYLAND ROUTE,No,True,No,2/4/2025,No,Point,38.979451396,-76.734122913,BOWIE,01,16,03,No,11,,11:15,2025,Tuesday,12,Motor Vehicle In Transport,05,On Roadway,3,,,,,,06,Non-Junction,01,Daylight,2/4/2025,2025-02-04,N,66.96,F,N,,,116E097672D5F14D73612C3DE12C954799411647931A38F641135AC158CFEAF0,MD,01,No,,,,,01,Dry,,,,,,,,
Property Damage Crashes,MSP546601R4,Maryland State Police,"Sideswipe, Same Direction",Prince George's,Principal Arterial – Other,No,No,No,No,No,LARGO RD (SB/L),202,MARYLAND ROUTE,No,True,No,1/24/2025,No,Point,38.874020253,-76.785564515,MSP,07,16,03,Yes,18,,18:47,2025,Friday,12,Motor Vehicle In Transport,05,On Roadway,3,,,,,,09,Through Roadway,04,Dark - Not Lighted,1/24/2025,2025-01-24,S,19.94,F,N,,,5F038A641C49057A6F1FC3D53A8FB38D8A101AE7C278DCBA112B701284DF7902,MD,01,No,28,Ditch,03,Median,01,Dry,,,,,,,,
Property Damage Crashes,DJ0170002P,Seat Pleasant Police Department,"Sideswipe, Same Direction",Prince George's,Principal Arterial – Other,No,No,No,No,No,CENTRAL AVE (WB/L),214,MARYLAND ROUTE,Yes,True,No,4/6/2025,No,Point,38.889846139,-76.862767739,SEATPLEASANT,07,16,03,No,17,,17:50,2025,Sunday,12,Motor Vehicle In Transport,05,On Roadway,3,,,,,,06,Non-Junction,01,Daylight,4/6/2025,2025-04-06,E,37.81,F,N,,,533A296B6F0107E898891D06C5A2C0E463D854FABACE7FF9513C2100FF0D9687,MD,01,No,97,Not Applicable,,,09,Wet,,,,,,,,
Property Damage Crashes,MSP7875003W,Maryland State Police,Front to Rear,Prince George's,Principal Arterial – Other,No,No,No,No,No,CRAIN HWY,301,UNITED STATE ROUTE,No,True,No,5/6/2025,No,Point,38.797675,-76.759888333,MSP,03,16,03,No,17,,17:31,2025,Tuesday,12,Motor Vehicle In Transport,05,On Roadway,3,,,,,,06,Non-Junction,01,Daylight,5/6/2025,2025-05-06,N,29.67,F,N,,,EE3592F373100759329F3E5ED619062C5C673F762DC4200BD8158187BE2049A8,US,01,No,,,,,01,Dry,,,,,,,,
Property Damage Crashes,MSP77640090,Maryland State Police,Single Vehicle,Prince George's,Interstate,Yes,No,No,No,No,CAPITAL BELTWAY (SB/L),95,INTERSTATE ROUTE,No,True,No,5/4/2025,No,Point,38.971859621,-76.869663170,MSP,101,16,03,No,6,,06:01,2025,Sunday,25,Concrete Traffic Barrier,10,Separator/Traffic Island,1,,,,,,06,Non-Junction,01,Daylight,5/4/2025,2025-05-04,N,47.94,F,N,,,20030C726E877114B64AEFD7872869E074A1F0A98FDCC95FB59684C1710319FA,IS,01,No,,,,,09,Wet,,,,,,,,
Injury Crashes,DJ01880005,Seat Pleasant Police Department,Front to Rear,Prince George's,Principal Arterial – Other,No,No,No,No,No,CENTRAL AVE,214,MARYLAND ROUTE,No,True,No,4/12/2025,No,Point,38.889636488,-76.862995688,SEATPLEASANT,03,16,02,Yes,23,04,23:15,2025,Saturday,12,Motor Vehicle In Transport,05,On Roadway,3,Perpendicular,,,RITCHIE RD (SB/L),03,05,Intersection or Related,03,Dark - Lighted,4/12/2025,2025-04-12,E,0,F,N,,,4BA5C6A350F5A5BE8423A99086CC812DC4BCC8DE67AEFD4E2A3F0E4BFEC462A8,MD,01,No,97,Not Applicable,,,09,Wet,01,Signalized,,,,,,
Property Damage Crashes,MSP738100CM,Maryland State Police,Front to Rear,Prince George's,Interstate,No,No,No,No,No,CAPITAL BELTWAY (SB/L),95,INTERSTATE ROUTE,No,True,No,4/28/2025,No,Point,38.902127251,-76.850250220,MSP,03,16,03,No,6,,06:00,2025,Monday,12,Motor Vehicle In Transport,05,On Roadway,1,,,,,,01,Acceleration/Deceleration Lane,01,Daylight,4/28/2025,2025-04-28,W,133.1,F,N,,,1C291668F89307B5ADCFC28062EAF4D0AE2C502B6EC68BE7E448B4929A53A82B,IS,01,No,,,,,01,Dry,,,,,,,,
Property Damage Crashes,RD01260047,Riverdale Park Police Department,Front to Rear,Prince George's,Local,No,No,No,No,No,OGLETHORPE ST,330,MUNICIPAL ROAD,No,True,No,4/9/2025,No,Point,38.959480418,-76.939778320,RIVERDALE,03,16,03,Yes,14,,14:35,2025,Wednesday,12,Motor Vehicle In Transport,05,On Roadway,7,,,,BALTIMORE AVE,,01,Acceleration/Deceleration Lane,01,Daylight,4/9/2025,2025-04-09,W,6.07,F,N,,,1D2A317C08621ACE85DA97D36723051279AE2F2BACDE1A5C93FDBA4A47CF4B64,MU,01,No,,,,,01,Dry,,,,,,,,
Property Damage Crashes,CBPD0075004T,Bowie Police Department,Other,Prince George's,Minor Arterial,No,No,No,No,No,,564,MARYLAND ROUTE,No,True,No,3/27/2025,No,Point,39.007089022,-76.784945501,BOWIE,98,16,03,No,18,,18:55,2025,Thursday,12,Motor Vehicle In Transport,05,On Roadway,4,,,,,,09,Through Roadway,101,Dusk,3/27/2025,2025-03-27,S,54.38,F,N,,,AE2AA57C27A19BD1515E48A84BD8C0A84DB0ACD296D605DC624972157CF7D12D,MD,01,No,,,,,01,Dry,,,,,,,,
Property Damage Crashes,DA418600CL,Prince George's County Police,"Sideswipe, Same Direction",Prince George's,Local,No,Yes,No,No,No,48TH PL,9485,MUNICIPAL ROAD,No,True,No,5/16/2025,No,Point,39.010170256,-76.925715930,PGCOPD,07,16,03,No,13,,13:50,2025,Friday,15,Parked Vehicle,05,On Roadway,7,,,,,,06,Non-Junction,01,Daylight,5/16/2025,2025-05-16,S,13.72,F,N,,,2AF794CA5F83409B46B2961A815BB8ADF507E4BB2862D416C87A2C30D155B2B3,MU,02,"Yes, School Bus Directly Involved",,,,,01,Dry,,,,,,,,
Property Damage Crashes,DA36610094,Prince George's County Police,Front to Front,Prince George's,Major Collector,No,No,No,No,No,ALTON ST,32,COUNTY ROAD,No,True,No,2/3/2025,No,Point,38.869004314,-76.938139108,PGCOPD,02,16,03,No,2,,02:07,2025,Monday,15,Parked Vehicle,07,"On Shoulder, Right Side",5,,,,,,06,Non-Junction,04,Dark - Not Lighted,2/3/2025,2025-02-03,E,32.97,F,N,,,CD3911D6E43DCD734D811F96EB7FA3E7C8AE8C8DEF2D06BEAE6A23198FCD5702,CO,01,No,,,,,01,Dry,,,,,,,,
Property Damage Crashes,MSP647600H5,Maryland State Police,Front to Rear,Prince George's,Interstate,No,No,No,No,No,ANACOSTIA FREEWAY,295,INTERSTATE ROUTE,No,True,No,3/4/2025,No,Point,38.803375685,-77.022006358,MSP,03,16,03,No,7,,07:22,2025,Tuesday,12,Motor Vehicle In Transport,05,On Roadway,1,,,,,,09,Through Roadway,01,Daylight,3/4/2025,2025-03-04,E,34.97,F,N,,,425E58C1F883CFE807780BE012A44886A268CF16E4CCBF7944236300AE14CEB6,IS,01,No,,,,,01,Dry,,,,,,,,
Property Damage Crashes,MSP745800T5,Maryland State Police,Front to Rear,Prince George's,Interstate,No,No,No,No,No,CAPITAL BELTWAY,95,INTERSTATE ROUTE,No,True,No,5/19/2025,No,Point,38.819511667,-76.894801667,MSP,03,16,03,No,17,,17:30,2025,Monday,12,Motor Vehicle In Transport,05,On Roadway,1,,,,,,01,Acceleration/Deceleration Lane,01,Daylight,5/19/2025,2025-05-19,S,34.57,F,N,,,977503D1E71C9C8EBCF085D3256DCB80F289D4D93384C6E98B9EE8D710F769A7,IS,01,No,,,,,01,Dry,,,,,,,,
Property Damage Crashes,AM0394000J,Bladensburg Police Department,Single Vehicle,Prince George's,Local,No,No,No,No,No,,769,MARYLAND ROUTE,No,True,No,3/19/2025,No,Point,38.937072002,-76.932223353,BLADENSBURG,101,16,03,No,8,,08:40,2025,Wednesday,13,Other Non-Fixed Object,05,On Roadway,7,,,,,,99,Unknown,01,Daylight,3/19/2025,2025-03-19,E,31.39,F,N,,,20A704F88D80231F7AFC929C8CD53A7ABCB85800F22B49E335F530C81CC5B184,MD,01,No,,,,,01,Dry,,,,,,,,
Property Damage Crashes,DA4339002Z,Prince George's County Police,Rear To Side,Prince George's,Principal Arterial – Other,No,Yes,No,No,No,OXON HILL RD (WB/L),414,MARYLAND ROUTE,No,True,No,5/2/2025,No,Point,38.803238681,-76.992015648,PGCOPD,05,16,03,No,8,,08:00,2025,Friday,12,Motor Vehicle In Transport,99,Unknown,3,,,,,,99,Unknown,01,Daylight,5/2/2025,2025-05-02,S,7.69,F,N,,,658D3E797F8ACD75BA0AEC33EEEAFC9749C3CEF7A5C63600AAE450957990C22D,MD,01,No,,,,,01,Dry,,,,,,,,
Property Damage Crashes,DA387800CB,Prince George's County Police,Front to Rear,Prince George's,Minor Arterial,No,No,No,No,No,ANNAPOLIS RD,450,MARYLAND ROUTE,No,True,No,2/4/2025,No,Point,38.961170535,-76.863110397,PGCOPD,03,16,03,No,10,,10:40,2025,Tuesday,12,Motor Vehicle In Transport,05,On Roadway,4,,,,,,04,Entrance/Exit Ramp or Related,01,Daylight,2/4/2025,2025-02-04,N,46.52,F,N,,,312CC37E00A1D2BE2C25F772A747B67E0E0976184B8062FC572619661D3A849D,MD,01,No,,,,,01,Dry,,,,,,,,
Property Damage Crashes,MSP617100NW,Maryland State Police,"Sideswipe, Same Direction",Prince George's,Interstate,No,Yes,No,No,No,CAPITAL BELTWAY (SB/L),95,INTERSTATE ROUTE,No,True,No,4/30/2025,No,Point,38.996679517,-76.890594638,MSP,07,16,03,No,8,,08:25,2025,Wednesday,12,Motor Vehicle In Transport,05,On Roadway,1,,,,,,06,Non-Junction,01,Daylight,4/30/2025,2025-04-30,E,49.12,F,N,,,2FA77359B17829C9393736EBD86078671C818D9CF20058EBDA1604C854C00833,IS,01,No,,,,,01,Dry,,,,,,,,
Injury Crashes,DA3877008Y,Prince George's County Police,Front to Rear,Prince George's,Minor Collector,No,No,No,No,No,,223,MARYLAND ROUTE,No,True,No,3/12/2025,No,Point,38.703030295,-76.966726224,PGCOPD,03,16,02,Yes,6,04,06:20,2025,Wednesday,12,Motor Vehicle In Transport,05,On Roadway,6,Perpendicular,,,FLORAL PARK RD PISCATAWAY RD,03,05,Intersection or Related,03,Dark - Lighted,3/12/2025,2025-03-12,W,0,F,N,,,1DDA6030490A890A298196AC43D1C24F5F3727059C346C3826D7819284675EE2,MD,01,No,,,,,01,Dry,03,Stop - Partial,,,,,,