Crash Severity Description,Reportnumber,Agencyname,CollisionImpact Description,Crash County Description,FunctionalClass Description,ImpairedCrash,Large Vehicle Involved,Motorcycle Crash,Non-Motorist Crash,OffRoad,RoadName,Route Number,RouteType Description,Unrestrained Occupants,WithinDateRange,Work Zone Related,Crashdate,Work Zone Crash,CrashPoint,Latitude,Longitude,AgencyCode,CollisionImpact,Crash County,Crash Severity,Crash Within Interchange,Crashhour,CrashInterchangeApproaches,Crashtime,CrashYear,Dayofweek,FirstHarmEvent,FirstHarmEvent Description,FirstHarmLocation,FirstHarmLocation Description,FunctionalClass,Geometry Description,GovPropertyDamage,GovPropertyDamage Description,IntersectingRoadName,Intersection Geometry,JunctionRelated,JunctionRelated Description,Light,Light Description,LOD Crash Date,LOD Date Level,MilepointDirection,MilepointDistance,MilepointUnits,NonTrafficFatal,OffroadLocation,OffroadLocation Description,RoadID,RouteType,SchoolBusRelated,SchoolBusRelated Description,SecondHarmEvent,SecondHarmEvent Description,SecondHarmLocation,SecondHarmLocation Description,Surface,Surface Description,TrafficControl,Trafficcontrol Description,WZLawEnforcementPresent,WZLocation,WZLocation Description,WZType,WZType Description,WZWorkersPresent
Injury Crashes,RD01350008,Riverdale Park Police Department,Single Vehicle,Prince George's,,No,No,No,Yes,No,,227,MUNICIPAL ROAD,No,True,No,2/9/2025,No,Point,38.960524883,-76.925894893,RIVERDALE,101,16,02,No,18,,18:31,2025,Sunday,17,Pedestrian,05,On Roadway,,,,,,,09,Through Roadway,03,Dark - Lighted,2/9/2025,2025-02-09,W,32.79,F,N,,,B6EF56DC3927E3AE3258E32F126D5E4F71CBCFF637C9B12445FB8DFB054D79DA,MU,01,No,,,,,01,Dry,,,,,,,,
Injury Crashes,DA411200D1,Prince George's County Police,Front to Front,Prince George's,Minor Arterial,No,No,No,No,No,RITCHIE RD,87,COUNTY ROAD,No,True,No,5/19/2025,No,Point,38.862284568,-76.870169317,PGCOPD,02,16,02,No,22,,22:25,2025,Monday,12,Motor Vehicle In Transport,05,On Roadway,4,,,,,,06,Non-Junction,03,Dark - Lighted,5/19/2025,2025-05-19,N,25.45,F,N,,,C88EF488BEC559FE775A3A2F4047CCAF010A990D04BB7E46A248835751F59660,CO,01,No,,,,,01,Dry,,,,,,,,
Property Damage Crashes,DA42190064,Prince George's County Police,"Sideswipe, Same Direction",Prince George's,Minor Arterial,No,No,No,No,No,,637,MARYLAND ROUTE,No,True,No,2/9/2025,No,Point,38.851967247,-76.961054817,PGCOPD,07,16,03,No,11,,11:30,2025,Sunday,12,Motor Vehicle In Transport,05,On Roadway,4,,,,,,06,Non-Junction,01,Daylight,2/9/2025,2025-02-09,N,28.13,F,N,,,436BDAF7250D78107368F2BCCBB4F9E6ABD9FAB920E9E0A9B616B8EE9CE1F7F6,MD,01,No,,,,,01,Dry,,,,,,,,
Injury Crashes,DA4038007F,Prince George's County Police,Front to Rear,Prince George's,Local,No,No,No,No,No,BUTTERFIELD DR,5119,COUNTY ROAD,No,True,No,1/24/2025,No,Point,38.773232264,-76.906773915,PGCOPD,03,16,02,No,17,,17:00,2025,Friday,12,Motor Vehicle In Transport,05,On Roadway,7,,,,,,99,Unknown,01,Daylight,1/24/2025,2025-01-24,N,20.39,F,N,,,56513FD1A6FFA8130E9825D79749AD73793F0C41E36A27C833E8D3D42D1A050A,CO,01,No,15,Parked Vehicle,05,On Roadway,01,Dry,,,,,,,,
Property Damage Crashes,CE5240002R,Laurel Police Department,Rear To Side,Prince George's,,No,No,No,No,Yes,,,,No,True,No,1/30/2025,No,Point,39.098908376,-76.848753920,LAUREL,05,16,03,,19,,19:22,2025,Thursday,12,Motor Vehicle In Transport,02,In Parking Lane Or Zone,,,,,,,,,03,Dark - Lighted,1/30/2025,2025-01-30,,,F,N,102,Parking Lot Way,,,01,No,,,,,,,,,,,,,,
Property Damage Crashes,MSP766500B4,Maryland State Police,"Sideswipe, Same Direction",Prince George's,Interstate,No,No,No,No,No,CAPITAL BELTWAY (SB/L),95,INTERSTATE ROUTE,No,True,No,3/6/2025,No,Point,39.009637231,-76.901486256,MSP,07,16,03,No,5,,05:26,2025,Thursday,15,Parked Vehicle,07,"On Shoulder, Right Side",1,,,,,,06,Non-Junction,04,Dark - Not Lighted,3/6/2025,2025-03-06,N,48.82,F,N,,,0C4195E27B8588FCDE2068DD75F0719EFE46D67863AA86F600C192C8751BFB8E,IS,01,No,,,,,01,Dry,,,,,,,,
Property Damage Crashes,CBPD0067005R,Bowie Police Department,Other,Prince George's,Local,No,No,No,No,No,EXCALIBUR RD,609,MUNICIPAL ROAD,No,True,No,6/2/2025,No,Point,38.940696322,-76.727441507,BOWIE,98,16,03,Yes,18,04,18:46,2025,Monday,12,Motor Vehicle In Transport,05,On Roadway,7,Perpendicular,,,MITCHELLVILLE RD (SB/L),03,05,Intersection or Related,01,Daylight,6/2/2025,2025-06-02,W,0,F,N,,,A0CD7F384E88502E630E7386155B49D1A0E1A5A49B7999D741F51104D017B4BC,MU,01,No,,,,,01,Dry,01,Signalized,,,,,,
Property Damage Crashes,DA43130036,Prince George's County Police,Front to Rear,Prince George's,Minor Arterial,No,No,No,No,No,IVERSON ST,5466,COUNTY ROAD,No,True,No,2/16/2025,No,Point,38.837901972,-76.950043264,PGCOPD,03,16,03,Yes,14,,14:25,2025,Sunday,12,Motor Vehicle In Transport,05,On Roadway,4,,,,,,02,Crossover-Related,01,Daylight,2/16/2025,2025-02-16,E,16.09,F,N,,,4383CDCCE037738F33D089A6A7E02228BD5EFFC8064F684532E6E4C069F2A275,CO,01,No,,,,,09,Wet,,,,,,,,
Property Damage Crashes,MSP7770007F,Maryland State Police,Front to Rear,Prince George's,Interstate,No,No,No,No,No,ANACOSTIA FREEWAY (SB/L),295,INTERSTATE ROUTE,No,True,No,4/7/2025,No,Point,38.803395919,-77.022268748,MSP,03,16,03,No,15,,15:07,2025,Monday,12,Motor Vehicle In Transport,05,On Roadway,1,,,,,,06,Non-Junction,01,Daylight,4/7/2025,2025-04-07,N,29.16,F,N,,,AABADAAA695D4275B942DCA11F77BC625220EAE3B4233090E1B18550D2D2C3DE,IS,01,No,,,,,01,Dry,,,,,,,,
Fatal Crashes,DA36550097,Prince George's County Police,Single Vehicle,Prince George's,Principal Arterial – Other,No,No,No,Yes,No,LANDOVER RD,202,MARYLAND ROUTE,No,True,No,4/2/2025,No,Point,38.938186818,-76.923997909,PGCOPD,101,16,01,No,5,,05:59,2025,Wednesday,17,Pedestrian,05,On Roadway,3,,,,,,02,Crossover-Related,04,Dark - Not Lighted,4/2/2025,2025-04-02,S,16.1,F,N,,,8C5DC0806B2594F5A6C1A652CB07DB24797ED0A5746124F7E83686D54281CEFF,MD,01,No,,,,,01,Dry,,,,,,,,
Property Damage Crashes,DA3465007R,Prince George's County Police,Other,Prince George's,,No,No,No,No,No,,185,COUNTY ROAD,No,True,No,1/14/2025,No,Point,38.666101779,-76.787166245,PGCOPD,98,16,03,No,10,,10:17,2025,Tuesday,12,Motor Vehicle In Transport,05,On Roadway,,,,,BRANDYWINE RD,,99,Unknown,01,Daylight,1/14/2025,2025-01-14,E,22.63,F,N,,,BA6686B5D33077820EAAA24CAC89E2746DA736C5C396A658F12FA11470CD8401,CO,01,No,97,Not Applicable,,,01,Dry,,,,,,,,
Property Damage Crashes,DA4256005V,Prince George's County Police,"Sideswipe, Opposite Direction",Prince George's,,No,Yes,No,No,No,,91,COUNTY ROAD,No,True,No,3/3/2025,No,Point,38.846612389,-76.831536370,PGCOPD,06,16,03,No,9,,09:24,2025,Monday,12,Motor Vehicle In Transport,05,On Roadway,,,,,,,09,Through Roadway,01,Daylight,3/3/2025,2025-03-03,N,155.64,F,N,,,B73F7415B74EC1B1FCD35547FA7756C982514E300EA8704EE85317D13065E673,CO,02,"Yes, School Bus Directly Involved",,,,,01,Dry,,,,,,,,
Property Damage Crashes,MSP7782005J,Maryland State Police,"Sideswipe, Same Direction",Prince George's,Local,No,No,No,No,No,LANTANA DR,6766,COUNTY ROAD,No,True,No,1/19/2025,No,Point,38.853565,-76.803965,MSP,07,16,03,No,23,,23:45,2025,Sunday,15,Parked Vehicle,99,Unknown,7,,,,,,09,Through Roadway,04,Dark - Not Lighted,1/19/2025,2025-01-19,S,18.58,F,N,,,48A5CC21155ECAF41ED0CDC083853BD6F6985553694C855255EF23D325CD701A,CO,01,No,,,,,02,Ice/Frost,,,,,,,,
Property Damage Crashes,DA41920088,Prince George's County Police,Single Vehicle,Prince George's,Minor Arterial,No,No,No,Yes,No,WATKINS PARK DR,193,MARYLAND ROUTE,No,True,No,4/20/2025,No,Point,38.896017406,-76.788945989,PGCOPD,101,16,03,No,18,04,18:40,2025,Sunday,17,Pedestrian,09,Roadside,4,Perpendicular,,,CAMBLETON DR,03,05,Intersection or Related,01,Daylight,4/20/2025,2025-04-20,E,0,F,N,,,888B359A3DF4E1068AFF758E4428651F2FAA255BEEE6930286B72465CBA7370C,MD,01,No,97,Not Applicable,,,01,Dry,03,Stop - Partial,,,,,,
Property Damage Crashes,DA4253004V,Prince George's County Police,Single Vehicle,Prince George's,,No,No,No,No,Yes,,,,Yes,True,No,3/30/2025,No,Point,39.044237887,-76.948023591,PGCOPD,101,16,03,,14,,14:35,2025,Sunday,35,"Other Fixed Object (wall, building, tunnel, etc.)",08,Outside Road/Right-Of-Way,,,,,,,,,01,Daylight,3/30/2025,2025-03-30,,,F,N,102,Parking Lot Way,,,01,No,,,,,,,,,,,,,,
Property Damage Crashes,DA418800GC,Prince George's County Police,"Sideswipe, Same Direction",Prince George's,Minor Arterial,No,No,No,No,No,ANNAPOLIS RD (WB/L),450,MARYLAND ROUTE,No,True,No,5/13/2025,No,Point,38.952523199,-76.881917515,PGCOPD,07,16,03,No,8,,08:39,2025,Tuesday,12,Motor Vehicle In Transport,05,On Roadway,4,,,,,,03,Driveway Access or Related,01,Daylight,5/13/2025,2025-05-13,W,26.6,F,N,,,F384A9B50168E6BE0111BF403BEA5ABC2F557D0750AC79382FE58612C936FF3F,MD,01,No,,,,,09,Wet,,,,,,,,
Injury Crashes,CNC3184002C,New Carrollton Police Department,Front to Front,Prince George's,,No,No,No,No,Yes,,,,No,True,No,5/27/2025,No,Point,38.959094200,-76.881434446,NCPD,02,16,02,,12,,12:46,2025,Tuesday,12,Motor Vehicle In Transport,05,On Roadway,,,,,,,,,01,Daylight,5/27/2025,2025-05-27,,,F,N,102,Parking Lot Way,,,01,No,,,,,,,,,,,,,,
Property Damage Crashes,GA0020002R,Colmar Manor Police Department,"Sideswipe, Same Direction",Prince George's,Minor Arterial,No,Yes,No,No,No,BLADENSBURG RD,1,UNITED STATE ROUTE,No,True,No,3/11/2025,No,Point,38.936733157,-76.946785127,COLMAR,07,16,03,No,16,,16:40,2025,Tuesday,12,Motor Vehicle In Transport,05,On Roadway,4,,,,,,06,Non-Junction,01,Daylight,3/11/2025,2025-03-11,E,13.15,F,N,,,8F29549116AA55A42A8336E0CCBE37F40520899721FC2D3C1A155D59FACB486A,US,01,No,97,Not Applicable,,,01,Dry,,,,,,,,
Property Damage Crashes,CE4961007R,Laurel Police Department,Front to Front,Prince George's,Local,No,No,No,No,No,MULBERRY ST,283,MUNICIPAL ROAD,No,True,No,5/27/2025,No,Point,39.087714977,-76.860675427,LAUREL,02,16,03,No,16,,16:45,2025,Tuesday,12,Motor Vehicle In Transport,05,On Roadway,7,,,,,,06,Non-Junction,01,Daylight,5/27/2025,2025-05-27,S,45.01,F,N,,,690ACA81894CCF9B47B1CF8129A0E70518833685E1D6FC6CD77A70866164DE0D,MU,01,No,,,,,09,Wet,,,,,,,,
Property Damage Crashes,MSP7778006S,Maryland State Police,Single Vehicle,Prince George's,Principal Arterial – Other Freeways and Expressways,No,No,No,No,No,RAMP 5 FR MD 201 SB TO US 50 EB,50,RAMP,No,True,No,1/1/2025,No,Point,38.918860733,-76.933868067,MSP,101,16,03,No,8,,08:00,2025,Wednesday,32,Guardrail Face,07,"On Shoulder, Right Side",2,,101,State,,,04,Entrance/Exit Ramp or Related,01,Daylight,1/1/2025,2025-01-01,S,25.81,F,N,,,0746602670C9FFAC52D07306F5BCF6529F0816295720319BDC10EFD936C3ED84,RP,01,No,,,,,01,Dry,,,,,,,,
Injury Crashes,GK0036000G,Upper Marlboro Police Department,Front to Rear,Prince George's,Local,No,No,No,No,No,MARLBOROUGH DR,55,MUNICIPAL ROAD,No,True,No,4/23/2025,No,Point,38.818569832,-76.758279247,UMARLBORO,03,16,02,Yes,11,03,11:00,2025,Wednesday,12,Motor Vehicle In Transport,05,On Roadway,7,Perpendicular,,,OLD MARLBORO PIKE,03,05,Intersection or Related,01,Daylight,4/23/2025,2025-04-23,E,0,F,N,,,7A05A08A25E8D6C9792CB0F6B56FFCA2E104A0E1AE269AFB370DC69318DF5C5B,MU,01,No,97,Not Applicable,,,01,Dry,05,No Controls,,,,,,
Injury Crashes,DA3707004Q,Prince George's County Police,Other,Prince George's,Interstate,No,No,No,No,No,RAMP 5 FR MD 704 SB TO IS 595 EB,595,RAMP,No,True,No,2/16/2025,No,Point,38.945472786,-76.846171575,PGCOPD,98,16,02,No,16,,16:18,2025,Sunday,12,Motor Vehicle In Transport,05,On Roadway,1,,,,MARTIN LUTHER KING JR HWY,,06,Non-Junction,01,Daylight,2/16/2025,2025-02-16,W,14.93,F,N,,,F4D9106833F358AD192092ED479E30632195BD63DC219F373570D7857B425DBB,RP,01,No,,,,,09,Wet,,,,,,,,
Injury Crashes,DA44140004,Prince George's County Police,Front to Rear,Prince George's,Principal Arterial – Other,No,No,No,No,No,ST BARNABAS RD,414,MARYLAND ROUTE,No,True,No,1/25/2025,No,Point,38.810854217,-76.968021418,PGCOPD,03,16,02,No,14,,14:17,2025,Saturday,12,Motor Vehicle In Transport,05,On Roadway,3,,,,,,09,Through Roadway,01,Daylight,1/25/2025,2025-01-25,N,97.22,F,N,,,5D0D8D82067336FC7ADE210C5C13E9A20962D957B19EAFC5D4906C7247D12DBD,MD,01,No,,,,,01,Dry,,,,,,,,
Property Damage Crashes,DA351500CZ,Prince George's County Police,Single Vehicle,Prince George's,Minor Arterial,No,Yes,No,No,No,LANHAM SEVERN RD,564,MARYLAND ROUTE,No,True,No,2/16/2025,No,Point,38.993476118,-76.807767727,PGCOPD,101,16,03,No,20,,20:20,2025,Sunday,40,Tree (standing),05,On Roadway,4,,,,,,06,Non-Junction,05,Dark - Unknown Lighting,2/16/2025,2025-02-16,W,7.32,F,N,,,FA48696412E1B45840A621C8ADED545F265E42F53C388F5CFD187DC5EF1FD6A2,MD,01,No,40,Tree (standing),07,"On Shoulder, Right Side",01,Dry,,,,,,,,
Property Damage Crashes,DA24510008,Prince George's County Police,Angle,Prince George's,Local,No,No,No,No,No,AEROSPACE RD,3248,COUNTY ROAD,No,True,No,5/6/2025,No,Point,38.993706438,-76.828812479,PGCOPD,01,16,03,Yes,16,03,16:40,2025,Tuesday,12,Motor Vehicle In Transport,01,Gore,7,Angled/Skewed,,,HUBBLE DR,01,05,Intersection or Related,01,Daylight,5/6/2025,2025-05-06,W,0,F,N,,,A655160DF6D4A1B21056892987A1A865A0C7C1F823297755916026EA6FE3FE78,CO,01,No,,,,,01,Dry,05,No Controls,,,,,,
Injury Crashes,DA4308004F,Prince George's County Police,Angle,Prince George's,Local,No,No,No,No,No,LANHAM LA,5011,OTHER PUBLIC ROAD,No,True,No,2/26/2025,No,Point,38.790268248,-76.935776413,PGCOPD,01,16,02,No,20,,20:26,2025,Wednesday,12,Motor Vehicle In Transport,05,On Roadway,7,,,,,,06,Non-Junction,03,Dark - Lighted,2/26/2025,2025-02-26,S,20.57,F,N,,,DB8BA2D25828CB4318F2F2571BA0B9E27CE6F1BE82BCAA152CB256756A4CDC5D,OP,01,No,,,,,01,Dry,,,,,,,,
Property Damage Crashes,BW02110016,Greenbelt Police Department,Front to Rear,Prince George's,Principal Arterial – Other,Yes,No,No,No,No,GREENBELT RD,193,MARYLAND ROUTE,No,True,No,4/26/2025,No,Point,38.996111063,-76.898544184,GREENBELT,03,16,03,No,21,,21:01,2025,Saturday,12,Motor Vehicle In Transport,05,On Roadway,3,,,,,,06,Non-Junction,03,Dark - Lighted,4/26/2025,2025-04-26,W,24.05,F,N,,,5BD7E10D700E9C9D2BABBB3E22699FEBEF97C08BF2FDA0389A32BDA4B388934E,MD,01,No,12,Motor Vehicle In Transport,05,On Roadway,01,Dry,,,,,,,,
Injury Crashes,DA44020018,Prince George's County Police,Unknown,Prince George's,Minor Arterial,No,No,No,Yes,No,MARLBORO PIKE,3074,COUNTY ROAD,No,True,No,5/22/2025,No,Point,38.873345738,-76.930509165,PGCOPD,99,16,02,No,11,,11:26,2025,Thursday,14,Other Non-Motorist,02,In Parking Lane Or Zone,4,,,,,,01,Acceleration/Deceleration Lane,01,Daylight,5/22/2025,2025-05-22,E,41.05,F,N,,,CD3DDA920026EDB04980134FEF5FDFB59B2CD1810BC6062EF6116E911BD2C917,CO,01,No,,,,,09,Wet,,,,,,,,
Property Damage Crashes,DA43010042,Prince George's County Police,Angle,Prince George's,Major Collector,No,No,No,No,No,OLD FORT RD,118,COUNTY ROAD,No,True,No,5/18/2025,No,Point,38.757164688,-76.995381812,PGCOPD,01,16,03,No,17,,17:06,2025,Sunday,12,Motor Vehicle In Transport,05,On Roadway,5,,,,,,06,Non-Junction,01,Daylight,5/18/2025,2025-05-18,W,23.74,F,N,,,2024358ED9958E8366D04F29F30678AD71D9394A9E297199CFEF82A6C74F58AB,CO,01,No,,,,,01,Dry,,,,,,,,
Property Damage Crashes,DA4313003K,Prince George's County Police,Single Vehicle,Prince George's,Principal Arterial – Other,No,No,No,No,No,BRANCH AVE,5,MARYLAND ROUTE,No,True,No,5/6/2025,No,Point,38.835845260,-76.943531784,PGCOPD,101,16,03,No,1,,01:46,2025,Tuesday,31,Guardrail End Terminal,09,Roadside,3,,,,,,09,Through Roadway,04,Dark - Not Lighted,5/6/2025,2025-05-06,N,41.45,F,N,,,8317F6F49B5E0AA91A4A220F421227C4987C550F81AC5B672D4E60E26A99B0E5,MD,01,No,,,,,09,Wet,,,,,,,,
Injury Crashes,DA4428000T,Prince George's County Police,Front to Front,Prince George's,Minor Arterial,No,No,No,No,No,GOOD LUCK RD,42,COUNTY ROAD,No,True,No,3/31/2025,No,Point,38.977913020,-76.854430142,PGCOPD,02,16,02,No,22,,22:18,2025,Monday,12,Motor Vehicle In Transport,05,On Roadway,4,,,,,,09,Through Roadway,03,Dark - Lighted,3/31/2025,2025-03-31,W,16.1,F,N,,,28EB94443BDD2A44152B184B04FAEDC92AA53C2CC32A02E20FB97F8D5BF2F5B2,CO,01,No,,,,,09,Wet,,,,,,,,
Injury Crashes,MSP78650016,Maryland State Police,"Sideswipe, Same Direction",Prince George's,Principal Arterial – Other Freeways and Expressways,No,Yes,No,No,No,JOHN HANSON HWY,50,UNITED STATE ROUTE,No,True,No,1/29/2025,No,Point,38.94405985,-76.8750051,MSP,07,16,02,No,11,,11:36,2025,Wednesday,12,Motor Vehicle In Transport,05,On Roadway,2,,,,,,06,Non-Junction,01,Daylight,1/29/2025,2025-01-29,S,22.86,F,N,,,0BB6DA7C82069BC579EF63FE48C59CF16EDAD2A8C5818A0B6BE5B729EE4E68BB,US,01,No,,,,,01,Dry,,,,,,,,
Injury Crashes,AM03940007,Bladensburg Police Department,Single Vehicle,Prince George's,Major Collector,No,No,No,Yes,No,57TH AVE,570,MUNICIPAL ROAD,No,True,No,1/13/2025,No,Point,38.943712211,-76.917009116,BLADENSBURG,101,16,02,No,6,,06:28,2025,Monday,17,Pedestrian,05,On Roadway,5,,,,,,06,Non-Junction,03,Dark - Lighted,1/13/2025,2025-01-13,N,55.41,F,N,,,B2EBAA4AAE4ABE7CBB8F46952D020B8170B62C88E739C624E4C919BA662BC8C4,MU,01,No,,,,,01,Dry,,,,,,,,
Property Damage Crashes,MSP745300BC,Maryland State Police,Single Vehicle,Prince George's,Interstate,No,No,No,No,No,NO NAME (SB/L),95,INTERSTATE ROUTE,No,True,No,4/25/2025,No,Point,39.031134135,-76.947637389,MSP,101,16,03,No,13,,13:04,2025,Friday,31,Guardrail End Terminal,09,Roadside,1,,101,State,,,06,Non-Junction,01,Daylight,4/25/2025,2025-04-25,E,13.23,F,N,,,9D9521FF7E1B66946545966E778C20B13F6DB21946F778A3E21205D3EDFA0B3B,IS,01,No,,,,,01,Dry,,,,,,,,
Property Damage Crashes,DA42490072,Prince George's County Police,Angle,Prince George's,Major Collector,No,No,No,No,No,ADDISON RD,351,COUNTY ROAD,No,True,No,5/4/2025,No,Point,38.910428054,-76.923518220,PGCOPD,01,16,03,No,20,,20:39,2025,Sunday,15,Parked Vehicle,06,"On Shoulder, Left Side",5,,,,,,06,Non-Junction,03,Dark - Lighted,5/4/2025,2025-05-04,W,13.43,F,N,,,BE3458F560EC6E1CFB568125871DE203C6FEF96A066BE127957879C57F4FC37D,CO,01,No,,,,,01,Dry,,,,,,,,
Property Damage Crashes,MSP77700070,Maryland State Police,Front to Rear,Prince George's,Interstate,No,No,No,No,No,CAPITAL BELTWAY,95,INTERSTATE ROUTE,No,True,No,3/13/2025,No,Point,38.819282141,-76.927945514,MSP,03,16,03,No,15,,15:40,2025,Thursday,12,Motor Vehicle In Transport,05,On Roadway,1,,,,,,06,Non-Junction,01,Daylight,3/13/2025,2025-03-13,E,17.8,F,N,,,A8A62ED593A3BEFACA750CFAC408CC169CABBB77FA1981CB4655C746C4CB09B2,IS,01,No,,,,,01,Dry,,,,,,,,
Property Damage Crashes,DA3813001V,Prince George's County Police,Other,Prince George's,,No,No,No,No,Yes,,,,No,True,No,2/10/2025,No,Point,39.028983,-76.9130979,PGCOPD,98,16,03,,13,,13:34,2025,Monday,15,Parked Vehicle,02,In Parking Lane Or Zone,,,,,,,,,01,Daylight,2/10/2025,2025-02-10,,,F,N,102,Parking Lot Way,,,01,No,97,Not Applicable,,,,,,,,,,,,
Property Damage Crashes,DA4164005D,Prince George's County Police,Angle,Prince George's,Minor Arterial,No,No,Yes,No,No,PALMER RD,3645,COUNTY ROAD,No,True,No,2/13/2025,No,Point,38.766825464,-76.991022823,PGCOPD,01,16,03,No,13,,13:16,2025,Thursday,12,Motor Vehicle In Transport,05,On Roadway,4,,,,,,09,Through Roadway,01,Daylight,2/13/2025,2025-02-13,S,62.16,F,N,,,873E0558154CAE62D4C36AB829E518FA56BE7304DB8B65AF8FADC156440EF997,CO,01,No,,,,,09,Wet,,,,,,,,
Property Damage Crashes,MSP647600HC,Maryland State Police,Front to Rear,Prince George's,Principal Arterial – Other,No,No,No,No,No,BRANCH AVE (SB/L),5,MARYLAND ROUTE,No,True,No,3/10/2025,No,Point,38.754548566,-76.879273896,MSP,03,16,03,No,16,,16:15,2025,Monday,12,Motor Vehicle In Transport,05,On Roadway,3,,,,,,09,Through Roadway,01,Daylight,3/10/2025,2025-03-10,N,52.15,F,N,,,9A2B26649A088052724DB6E7D13F9C00A5684B015B42D9C34530580EAF74EF85,MD,01,No,12,Motor Vehicle In Transport,05,On Roadway,01,Dry,,,,,,,,
Property Damage Crashes,DA43480027,Prince George's County Police,Front to Rear,Prince George's,Major Collector,No,No,No,No,No,CHILLUM RD,501,MARYLAND ROUTE,No,True,No,4/13/2025,No,Point,38.952549972,-76.970434692,PGCOPD,03,16,03,No,19,,19:30,2025,Sunday,12,Motor Vehicle In Transport,05,On Roadway,5,,,,,,06,Non-Junction,03,Dark - Lighted,4/13/2025,2025-04-13,S,14.93,F,N,,,8DADA64562C08DCD627A7B7694F1D8074A093DE4C2AABC6498F36BEF673FDDA1,MD,01,No,12,Motor Vehicle In Transport,05,On Roadway,01,Dry,,,,,,,,
Property Damage Crashes,DA26640005,Prince George's County Police,Front to Rear,Prince George's,Local,No,No,No,No,No,ZACHERY ST,5411,COUNTY ROAD,No,True,No,5/4/2025,No,Point,38.901358586,-76.837691919,PGCOPD,03,16,03,No,13,,13:44,2025,Sunday,12,Motor Vehicle In Transport,05,On Roadway,7,,,,LARGO CENTER DR (NB/L),,06,Non-Junction,01,Daylight,5/4/2025,2025-05-04,N,50.48,F,N,,,F874369CACBBDEF2B8FFC4B3143A1A4477A85F56040BB082A4476FEEA47C1C4B,CO,01,No,,,,,01,Dry,,,,,,,,
Property Damage Crashes,MSP7843003T,Maryland State Police,Single Vehicle,Prince George's,Principal Arterial – Other Freeways and Expressways,No,No,No,No,No,JOHN HANSON HWY,50,UNITED STATE ROUTE,No,True,No,5/25/2025,No,Point,38.943652925,-76.879470734,MSP,101,16,03,No,3,,03:00,2025,Sunday,13,Other Non-Fixed Object,05,On Roadway,2,,,,,,06,Non-Junction,04,Dark - Not Lighted,5/25/2025,2025-05-25,S,19.51,F,N,,,CE63770C59FA169FD433746BE673257CC0389580EB03DE471CD4ABF06E953A13,US,01,No,,,,,01,Dry,,,,,,,,
Property Damage Crashes,DA4344003C,Prince George's County Police,Single Vehicle,Prince George's,Principal Arterial – Other,No,No,No,No,No,SILVER HILL RD (SB/L),458,MARYLAND ROUTE,No,True,No,1/25/2025,No,Point,38.853663028,-76.908961068,PGCOPD,101,16,03,No,2,,02:45,2025,Saturday,13,Other Non-Fixed Object,05,On Roadway,3,,,,,,02,Crossover-Related,03,Dark - Lighted,1/25/2025,2025-01-25,N,12.78,F,N,,,424076847CBD817E5E1731C61EE7302A97AB4E303D95F43608CDDE80B737BA88,MD,01,No,,,,,01,Dry,,,,,,,,
Property Damage Crashes,CBPD0112005J,Bowie Police Department,Single Vehicle,Prince George's,,No,No,No,Yes,Yes,,,,No,True,No,5/8/2025,No,Point,38.936257307,-76.719425161,BOWIE,101,16,03,,16,,16:30,2025,Thursday,17,Pedestrian,02,In Parking Lane Or Zone,,,,,,,,,01,Daylight,5/8/2025,2025-05-08,,,F,N,102,Parking Lot Way,,,01,No,,,,,,,,,,,,,,
Property Damage Crashes,MSP7773001V,Maryland State Police,Front to Rear,Prince George's,Interstate,No,No,No,No,No,RAMP 7 FR IS 95 WB TO US 1 SB,95,RAMP,No,True,No,3/23/2025,No,Point,39.019373650,-76.925150122,MSP,03,16,03,No,21,,21:30,2025,Sunday,12,Motor Vehicle In Transport,05,On Roadway,1,,,,,,04,Entrance/Exit Ramp or Related,03,Dark - Lighted,3/23/2025,2025-03-23,W,27.55,F,N,,,A9FC37A715A21D78CA572D99CBD3E7BC4685BA8E7A5A46AD05C3F09CBCACA43A,RP,01,No,,,,,01,Dry,,,,,,,,
Property Damage Crashes,MSP745800QB,Maryland State Police,Front to Rear,Prince George's,Interstate,No,No,No,No,No,RAMP 8 FR MD 414 SB TO IS 95 WB,95,RAMP,No,True,No,3/6/2025,No,Point,38.80982,-76.9723,MSP,03,16,03,No,14,,14:16,2025,Thursday,12,Motor Vehicle In Transport,05,On Roadway,1,,,,,,01,Acceleration/Deceleration Lane,01,Daylight,3/6/2025,2025-03-06,S,26.74,F,N,,,92C6B92C756EE1444876374B56CBD85C5E602064D61472D2D234F8C9E68620A9,RP,01,No,,,,,01,Dry,,,,,,,,
Property Damage Crashes,MSP77700083,Maryland State Police,"Sideswipe, Same Direction",Prince George's,Interstate,No,No,No,No,No,CAPITAL BELTWAY (SB/L),95,INTERSTATE ROUTE,No,True,No,5/16/2025,No,Point,38.911521617,-76.850050407,MSP,07,16,03,No,8,,08:57,2025,Friday,12,Motor Vehicle In Transport,05,On Roadway,1,,,,,,06,Non-Junction,01,Daylight,5/16/2025,2025-05-16,W,29.06,F,N,,,92ABA555EC71BD4012C7560656B8B29D436B6B5889FEC62B5A903CE5F9236379,IS,01,No,,,,,01,Dry,,,,,,,,