Crash Severity Description,Reportnumber,Agencyname,CollisionImpact Description,Crash County Description,FunctionalClass Description,ImpairedCrash,Large Vehicle Involved,Motorcycle Crash,Non-Motorist Crash,OffRoad,RoadName,Route Number,RouteType Description,Unrestrained Occupants,WithinDateRange,Work Zone Related,Crashdate,Work Zone Crash,CrashPoint,Latitude,Longitude,AgencyCode,CollisionImpact,Crash County,Crash Severity,Crash Within Interchange,Crashhour,CrashInterchangeApproaches,Crashtime,CrashYear,Dayofweek,FirstHarmEvent,FirstHarmEvent Description,FirstHarmLocation,FirstHarmLocation Description,FunctionalClass,Geometry Description,GovPropertyDamage,GovPropertyDamage Description,IntersectingRoadName,Intersection Geometry,JunctionRelated,JunctionRelated Description,Light,Light Description,LOD Crash Date,LOD Date Level,MilepointDirection,MilepointDistance,MilepointUnits,NonTrafficFatal,OffroadLocation,OffroadLocation Description,RoadID,RouteType,SchoolBusRelated,SchoolBusRelated Description,SecondHarmEvent,SecondHarmEvent Description,SecondHarmLocation,SecondHarmLocation Description,Surface,Surface Description,TrafficControl,Trafficcontrol Description,WZLawEnforcementPresent,WZLocation,WZLocation Description,WZType,WZType Description,WZWorkersPresent
Injury Crashes,CC0261006J,Hyattsville Police Department,Single Vehicle,Prince George's,Local,No,No,No,Yes,No,43RD AVE #2,9432,MUNICIPAL ROAD,No,True,No,2/7/2025,No,Point,38.955238016,-76.943308275,HYATTSVILLE,101,16,02,No,15,,15:43,2025,Friday,16,Pedalcycle,05,On Roadway,7,,,,JEFFERSON ST,,06,Non-Junction,01,Daylight,2/7/2025,2025-02-07,S,49.12,F,N,,,F14A91B117F312CB7FFA5C172259105B58BF28221414E912ED66AABC1544077B,MU,01,No,,,,,01,Dry,,,,,,,,
Property Damage Crashes,DA384000JB,Prince George's County Police,Rear To Side,Prince George's,,No,No,No,No,Yes,,,,No,True,No,4/1/2025,No,Point,38.819019159,-77.001770199,PGCOPD,05,16,03,,9,,09:30,2025,Tuesday,12,Motor Vehicle In Transport,02,In Parking Lane Or Zone,,,,,,,,,01,Daylight,4/1/2025,2025-04-01,,,F,N,102,Parking Lot Way,,,01,No,,,,,,,,,,,,,,
Property Damage Crashes,DA4151005P,Prince George's County Police,Angle,Prince George's,Principal Arterial – Other,No,No,No,No,No,BALTIMORE AVE,1,UNITED STATE ROUTE,No,True,No,2/9/2025,No,Point,39.013026,-76.927871,PGCOPD,01,16,03,No,19,,19:59,2025,Sunday,12,Motor Vehicle In Transport,05,On Roadway,3,,,,,,06,Non-Junction,03,Dark - Lighted,2/9/2025,2025-02-09,W,50.73,F,N,,,B1315A914EB379FD1D4F6A1F08B996443A4C2D9B25FD4B20E2EF2A69404DB8A3,US,01,No,,,,,01,Dry,,,,,,,,
Injury Crashes,DA4268006Y,Prince George's County Police,"Sideswipe, Opposite Direction",Prince George's,Principal Arterial – Other,No,No,No,No,No,UNIVERSITY BLVD,193,MARYLAND ROUTE,No,True,No,1/26/2025,No,Point,38.984016695,-76.971611460,PGCOPD,06,16,02,Yes,16,,16:52,2025,Sunday,12,Motor Vehicle In Transport,05,On Roadway,3,,,,,,09,Through Roadway,01,Daylight,1/26/2025,2025-01-26,N,17.92,F,N,,,76671681DCC63971AB6F5AC932AE956152D0CB1B969C9B3A16F1B0553426190F,MD,01,No,,,,,01,Dry,,,,,,,,
Property Damage Crashes,DA415600DH,Prince George's County Police,Rear To Side,Prince George's,Major Collector,No,No,No,No,No,WESTPHALIA RD,91,COUNTY ROAD,No,True,No,5/26/2025,No,Point,38.843293050,-76.853330312,PGCOPD,05,16,03,Yes,14,,14:40,2025,Monday,12,Motor Vehicle In Transport,05,On Roadway,5,,,,,,09,Through Roadway,01,Daylight,5/26/2025,2025-05-26,W,25.07,F,N,,,6E0CFDD9EC328BED2FD46DA999452C071889202F185F29B68039C24CB8E04E76,CO,01,No,,,,,01,Dry,,,,,,,,
Property Damage Crashes,DA4416000G,Prince George's County Police,Front to Front,Prince George's,Minor Arterial,No,No,No,No,No,RITCHIE MARLBORO RD,221,MARYLAND ROUTE,No,True,No,3/17/2025,No,Point,38.868962795,-76.847661243,PGCOPD,02,16,03,No,20,,20:42,2025,Monday,12,Motor Vehicle In Transport,05,On Roadway,4,,,,,,06,Non-Junction,04,Dark - Not Lighted,3/17/2025,2025-03-17,N,97.08,F,N,,,0F9297091D0CD1677410EF7AFE894EB46D048AEE3F24B78F491C45FE01CB417E,MD,01,No,,,,,01,Dry,,,,,,,,
Injury Crashes,DA4346001Z,Prince George's County Police,Front to Front,Prince George's,Principal Arterial – Other,No,No,No,No,No,SILVER HILL RD,458,MARYLAND ROUTE,No,True,No,3/14/2025,No,Point,38.847978582,-76.925517807,PGCOPD,02,16,02,No,16,,16:09,2025,Friday,12,Motor Vehicle In Transport,05,On Roadway,3,,,,,,01,Acceleration/Deceleration Lane,01,Daylight,3/14/2025,2025-03-14,E,53.1,F,N,,,030AB2CA910C2FE0632905E782279C47E59C382D44AAC96D0CD2CD18AECB8E8F,MD,01,No,,,,,01,Dry,,,,,,,,
Property Damage Crashes,DA4183006Y,Prince George's County Police,Other,Prince George's,,No,No,No,No,Yes,,,,No,True,No,5/31/2025,No,Point,38.804165046,-76.978654792,PGCOPD,98,16,03,,22,,22:29,2025,Saturday,12,Motor Vehicle In Transport,04,"Off-Roadway, Location Unknown",,,,,,,,,03,Dark - Lighted,5/31/2025,2025-05-31,,,F,N,102,Parking Lot Way,,,01,No,,,,,,,,,,,,,,
Property Damage Crashes,MSP7843002J,Maryland State Police,Front to Rear,Prince George's,Interstate,No,No,No,No,No,RAMP 10 FR IS 495 EB TO IS 95 SB,95,RAMP,No,True,No,4/12/2025,No,Point,39.018218341,-76.927933575,MSP,03,16,03,Yes,6,,06:43,2025,Saturday,12,Motor Vehicle In Transport,05,On Roadway,1,,,,,,04,Entrance/Exit Ramp or Related,01,Daylight,4/12/2025,2025-04-12,E,49.23,F,N,,,813224A97E312CBAFF59D0FB35D07692E0C6AF0C1B12AE78B1F3799E2EEEED7E,RP,01,No,,,,,09,Wet,,,,,,,,
Property Damage Crashes,DA4395001K,Prince George's County Police,"Sideswipe, Same Direction",Prince George's,Minor Arterial,No,No,No,No,No,RIGGS RD,212,MARYLAND ROUTE,No,True,No,1/26/2025,No,Point,38.979382485,-76.978471148,PGCOPD,07,16,03,No,19,,19:01,2025,Sunday,12,Motor Vehicle In Transport,05,On Roadway,4,,,,,,09,Through Roadway,03,Dark - Lighted,1/26/2025,2025-01-26,N,33.14,F,N,,,5BD10CAB25185AC6F5B8D7D213B918C09B99C09748D2467FD21689A115EB8652,MD,01,No,,,,,01,Dry,,,,,,,,
Property Damage Crashes,DA3120005G,Prince George's County Police,Single Vehicle,Prince George's,Major Collector,No,No,No,No,No,ACCOKEEK RD,373,MARYLAND ROUTE,No,True,No,2/6/2025,No,Point,38.675365753,-76.945294819,PGCOPD,101,16,03,No,18,,18:30,2025,Thursday,40,Tree (standing),04,"Off-Roadway, Location Unknown",5,,,,,,09,Through Roadway,04,Dark - Not Lighted,2/6/2025,2025-02-06,S,39.25,F,N,,,F002D80E535BF4D8B0DFA1556F96198EAC1A83B1A180DB967947B5C3101AD023,MD,01,No,,,,,09,Wet,,,,,,,,
Property Damage Crashes,DS0467000C,University of Maryland Police College Park,Front to Rear,Prince George's,,No,No,No,No,Yes,,,,No,True,No,2/18/2025,No,Point,38.988613670,-76.949443880,UMCP,03,16,03,,19,,19:00,2025,Tuesday,15,Parked Vehicle,02,In Parking Lane Or Zone,,,,,,,,,03,Dark - Lighted,2/18/2025,2025-02-18,,,F,N,100,Parking Stall,,,01,No,15,Parked Vehicle,02,In Parking Lane Or Zone,,,,,,,,,,
Property Damage Crashes,DA4050006R,Prince George's County Police,Front to Rear,Prince George's,Principal Arterial – Other,No,No,No,No,No,UNIVERSITY BLVD (WB/L),193,MARYLAND ROUTE,No,True,No,2/16/2025,No,Point,38.999136552,-76.925175067,PGCOPD,03,16,03,No,19,,19:12,2025,Sunday,12,Motor Vehicle In Transport,05,On Roadway,3,,,,,,09,Through Roadway,03,Dark - Lighted,2/16/2025,2025-02-16,S,5.13,F,N,,,A6556F6DBFB9E46D2A89428C03BF261783F81527F69F0B9BE6CAC0E971477646,MD,01,No,,,,,01,Dry,,,,,,,,
Property Damage Crashes,MSP745800NZ,Maryland State Police,"Sideswipe, Opposite Direction",Prince George's,,No,No,No,No,No,,5,MARYLAND ROUTE,No,True,No,1/25/2025,No,Point,38.689413333,-76.872006667,MSP,06,16,03,No,1,,01:31,2025,Saturday,12,Motor Vehicle In Transport,05,On Roadway,,,,,,,01,Acceleration/Deceleration Lane,03,Dark - Lighted,1/25/2025,2025-01-25,S,33.55,F,N,,,C88FD60415F4FAB06896A9B4CA4E36F58E4031A1A235CE08FE26F1589E4AE531,MD,01,No,,,,,01,Dry,,,,,,,,
Property Damage Crashes,MSP743600C3,Maryland State Police,Front to Rear,Prince George's,Interstate,No,No,No,No,No,CAPITAL BELTWAY,95,INTERSTATE ROUTE,No,True,No,5/20/2025,No,Point,38.936100223,-76.855157074,MSP,03,16,03,No,22,,22:03,2025,Tuesday,12,Motor Vehicle In Transport,05,On Roadway,1,,,,,,06,Non-Junction,04,Dark - Not Lighted,5/20/2025,2025-05-20,N,37.09,F,N,,,27B267115F7D95B5A26C31C5A1D25BC4350981DF9E5C8BF92E66AD99013B020F,IS,01,No,,,,,01,Dry,,,,,,,,
Property Damage Crashes,DA4403000J,Prince George's County Police,Angle,Prince George's,Minor Arterial,No,No,No,No,No,ALLENTOWN RD,126,COUNTY ROAD,No,True,No,5/3/2025,No,Point,38.786645793,-76.938930858,PGCOPD,01,16,03,No,18,,18:22,2025,Saturday,12,Motor Vehicle In Transport,05,On Roadway,4,,,,,,06,Non-Junction,01,Daylight,5/3/2025,2025-05-03,N,58.82,F,N,,,24AB2D7735F87E913F1AD031CEBE40CCAF689FEA83A9AEB0CCB021EA995C9237,CO,01,No,,,,,01,Dry,,,,,,,,
Property Damage Crashes,DA391000BL,Prince George's County Police,Rear To Side,Prince George's,Local,No,No,No,No,No,EDWARDS WAY,1764,COUNTY ROAD,No,True,No,4/4/2025,No,Point,39.004639046,-76.970963335,PGCOPD,05,16,03,No,14,03,14:01,2025,Friday,12,Motor Vehicle In Transport,05,On Roadway,7,Angled/Skewed,,,RIGGS RD RIGGS RD (SB/L),01,05,Intersection or Related,01,Daylight,4/4/2025,2025-04-04,S,0,F,N,,,D6869427A8C7399495D8040C4E5097661B07368CA988F426036BF3B86882D016,CO,01,No,,,,,01,Dry,03,Stop - Partial,,,,,,
Injury Crashes,MSP757700HD,Maryland State Police,"Sideswipe, Same Direction",Prince George's,Principal Arterial – Other Freeways and Expressways,No,No,No,No,No,JOHN HANSON HWY (WB/L),50,UNITED STATE ROUTE,No,True,No,2/3/2025,No,Point,38.943081667,-76.881701667,MSP,07,16,02,No,6,,06:36,2025,Monday,12,Motor Vehicle In Transport,05,On Roadway,2,,,,,,09,Through Roadway,03,Dark - Lighted,2/3/2025,2025-02-03,S,14.56,F,N,,,7A7B9B39E305F5E096A75D5C210A9AEEEE2959DDB088C3B5C81A80B829F2FFB8,US,01,No,25,Concrete Traffic Barrier,03,Median,01,Dry,,,,,,,,
Injury Crashes,MSP718600HV,Maryland State Police,Other,Prince George's,Interstate,No,No,No,Yes,No,CAPITAL BELTWAY (SB/L),95,INTERSTATE ROUTE,Yes,True,No,1/8/2025,No,Point,38.921628617,-76.853037783,MSP,98,16,02,No,21,,21:31,2025,Wednesday,12,Motor Vehicle In Transport,05,On Roadway,1,,,,,,09,Through Roadway,05,Dark - Unknown Lighting,1/8/2025,2025-01-08,W,29.98,F,N,,,37C384C94918D0BF4CB9B5EA1483F9BA7B8F507B7DA7CE112428B2C7A3A53DD7,IS,01,No,,,,,01,Dry,,,,,,,,
Property Damage Crashes,DA4316004L,Prince George's County Police,Single Vehicle,Prince George's,Minor Arterial,No,No,No,No,No,OLD GUNPOWDER RD,2,COUNTY ROAD,No,True,No,1/9/2025,No,Point,39.084201841,-76.917375986,PGCOPD,101,16,03,No,19,,19:35,2025,Thursday,36,"Other Post, Pole, Or Support",09,Roadside,4,,,,,,06,Non-Junction,03,Dark - Lighted,1/9/2025,2025-01-09,N,26.51,F,N,,,3CEBBCFD51F64066224A3FCFDA4882087C8E656B1ADC1CE4EA5D05CB7FE4F03D,CO,01,No,,,,,02,Ice/Frost,,,,,,,,
Injury Crashes,MSP745000KP,Maryland State Police,"Sideswipe, Same Direction",Prince George's,Interstate,No,No,No,No,No,RAMP 9 FR IS 95 NB TO IS 95 NB,95,RAMP,No,True,No,5/19/2025,No,Point,39.056431133,-76.927015795,MSP,07,16,02,No,9,,09:34,2025,Monday,12,Motor Vehicle In Transport,05,On Roadway,1,,,,,,09,Through Roadway,01,Daylight,5/19/2025,2025-05-19,N,37.52,F,N,,,4ED28558DEA57699F34B1027CB2E9AB2106F82C073C185E4B294674CDA70ABF6,RP,01,No,12,Motor Vehicle In Transport,07,"On Shoulder, Right Side",01,Dry,,,,,,,,
Property Damage Crashes,CBPD0048008V,Bowie Police Department,Front to Rear,Prince George's,,No,No,No,No,No,,1,SPUR,No,True,No,5/8/2025,No,Point,38.970473573,-76.755387470,BOWIE,03,16,03,Yes,20,02,20:03,2025,Thursday,12,Motor Vehicle In Transport,05,On Roadway,,Perpendicular,,,COLLINGTON RD,03,05,Intersection or Related,03,Dark - Lighted,5/8/2025,2025-05-08,N,0,F,N,,,EE8755C42F07916E0667D4535863780F65D94E0768167A5967E6FA3720BB2721,SP,01,No,12,Motor Vehicle In Transport,05,On Roadway,09,Wet,01,Signalized,,,,,,
Property Damage Crashes,MSP744200QX,Maryland State Police,"Sideswipe, Same Direction",Prince George's,Interstate,No,No,No,No,No,NO NAME,95,INTERSTATE ROUTE,No,True,No,1/27/2025,No,Point,39.022780601,-76.941460061,MSP,07,16,03,Yes,14,,14:23,2025,Monday,12,Motor Vehicle In Transport,05,On Roadway,1,,,,,,09,Through Roadway,01,Daylight,1/27/2025,2025-01-27,W,28.4,F,N,,,FC0707DA3DDB81954912A4CD3399AD23EB373E5086A36F164E6C96464434688B,IS,01,No,,,,,01,Dry,,,,,,,,
Property Damage Crashes,CE45180053,Laurel Police Department,Other,Prince George's,Principal Arterial – Other,No,No,No,No,No,WASHINGTON BLVD (SB/L),1,UNITED STATE ROUTE,No,True,No,1/28/2025,No,Point,39.099463126,-76.848303229,LAUREL,98,16,03,Yes,20,02,20:58,2025,Tuesday,12,Motor Vehicle In Transport,05,On Roadway,3,Perpendicular,,,TALBOTT AVE (WB/L),03,05,Intersection or Related,03,Dark - Lighted,1/28/2025,2025-01-28,N,0,F,N,,,08250166F101461BB51BDCC0CAC95C0E961F5310C96A9E22D96A6549B0A76A01,US,01,No,07,Overturn/Rollover,05,On Roadway,01,Dry,01,Signalized,,,,,,
Property Damage Crashes,MSP7664009Q,Maryland State Police,Front to Rear,Prince George's,Principal Arterial – Other,No,No,No,No,No,CRAIN HWY (SB/L),301,UNITED STATE ROUTE,No,True,No,3/25/2025,No,Point,38.675070272,-76.876094616,MSP,03,16,03,No,19,,19:47,2025,Tuesday,12,Motor Vehicle In Transport,05,On Roadway,3,,,,,,09,Through Roadway,04,Dark - Not Lighted,3/25/2025,2025-03-25,S,8.54,F,N,,,B52C56A17851EF8C1FE02809858B8DCC9BC7ADA86BE03A2C820E9E8B99C9A6C0,US,01,No,,,,,01,Dry,,,,,,,,
Injury Crashes,DA415600D5,Prince George's County Police,"Sideswipe, Same Direction",Prince George's,,No,No,No,No,Yes,,,,No,True,No,3/9/2025,No,Point,38.8580609,-76.8957373,PGCOPD,07,16,02,,0,,00:30,2025,Sunday,12,Motor Vehicle In Transport,05,On Roadway,,,,,,,,,03,Dark - Lighted,3/9/2025,2025-03-09,,,F,N,106,Driveway,,,01,No,,,,,,,,,,,,,,
Property Damage Crashes,MSP745300B5,Maryland State Police,"Sideswipe, Same Direction",Prince George's,Principal Arterial – Other Freeways and Expressways,No,No,No,No,No,JOHN HANSON HWY (WB/L),50,UNITED STATE ROUTE,No,True,No,4/17/2025,No,Point,38.917312217,-76.92457625,MSP,07,16,03,No,4,,04:32,2025,Thursday,12,Motor Vehicle In Transport,05,On Roadway,2,,,,,,06,Non-Junction,04,Dark - Not Lighted,4/17/2025,2025-04-17,S,55.34,F,N,,,CD4E4DE04DA5DE06E646121CD48EC20171A15F4B7B6A73A88A57F27820EFDE9A,US,01,No,,,,,01,Dry,,,,,,,,
Injury Crashes,DA42870028,Prince George's County Police,Front to Rear,Prince George's,Minor Arterial,No,No,No,No,No,CHERRY LA,7,COUNTY ROAD,No,True,No,3/26/2025,No,Point,39.085314009,-76.847183566,PGCOPD,03,16,02,No,19,,19:00,2025,Wednesday,12,Motor Vehicle In Transport,05,On Roadway,4,,,,,,06,Non-Junction,01,Daylight,3/26/2025,2025-03-26,W,107.86,F,N,,,8EA2E0CE2748BA47204FADB0667D6B9815DD4CB413F0971C5CFDFEA4F02B08F3,CO,01,No,,,,,01,Dry,,,,,,,,
Property Damage Crashes,DA44210027,Prince George's County Police,Front to Rear,Prince George's,Minor Arterial,No,No,No,No,No,,223,MARYLAND ROUTE,No,True,No,5/9/2025,No,Point,38.764973503,-76.900599073,PGCOPD,03,16,03,No,15,,15:10,2025,Friday,12,Motor Vehicle In Transport,02,In Parking Lane Or Zone,4,,,,,,99,Unknown,01,Daylight,5/9/2025,2025-05-09,S,50.91,F,N,,,3802AF1CA8773DC6D59B8859C7E0955F01A8AAEA9CE59B25AF746C9A3D9D7E44,MD,01,No,,,,,01,Dry,,,,,,,,
Injury Crashes,HB05170006,Maryland-National Capital Park Police Prince George's County,Single Vehicle,Prince George's,,No,No,No,Yes,Yes,,,,No,True,No,5/17/2025,No,Point,38.944008970,-76.712436029,PGPARK,101,16,02,,21,,21:07,2025,Saturday,17,Pedestrian,02,In Parking Lane Or Zone,,,,,,,,,04,Dark - Not Lighted,5/17/2025,2025-05-17,,,F,N,101,Parking Aisle,,,01,No,,,,,,,,,,,,,,
Injury Crashes,DA44000016,Prince George's County Police,Front to Rear,Prince George's,Major Collector,No,No,No,No,No,BRINKLEY RD,122,COUNTY ROAD,Yes,True,No,4/5/2025,No,Point,38.801167624,-76.928485745,PGCOPD,03,16,02,No,20,,20:29,2025,Saturday,12,Motor Vehicle In Transport,05,On Roadway,5,,,,,,09,Through Roadway,03,Dark - Lighted,4/5/2025,2025-04-05,S,45.34,F,N,,,F6B0F69E861F2CA9E0535DA0CC266D95C9A35F4235470F4E86F841F941BBE5DA,CO,01,No,,,,,01,Dry,,,,,,,,
Property Damage Crashes,DM84980015,Takoma Park Police Department,"Sideswipe, Same Direction",Prince George's,Principal Arterial – Other,No,No,No,No,No,UNIVERSITY BLVD,193,MARYLAND ROUTE,No,True,No,4/13/2025,No,Point,38.987792739,-76.986154477,TAKOMA,07,16,03,No,18,,18:20,2025,Sunday,12,Motor Vehicle In Transport,99,Unknown,3,,100,Local,,,99,Unknown,01,Daylight,4/13/2025,2025-04-13,N,10.05,F,N,,,DDB1027088EDA574A58616F2042DBBEFAE2C535AC9B18CF889937BA288641D6D,MD,01,No,97,Not Applicable,,,01,Dry,,,,,,,,
Injury Crashes,DA40900062,Prince George's County Police,Front to Rear,Prince George's,Principal Arterial – Other Freeways and Expressways,No,No,No,No,No,INDIAN HEAD HWY,210,MARYLAND ROUTE,No,True,No,3/16/2025,No,Point,38.764998537,-76.994057136,PGCOPD,03,16,02,No,17,,17:41,2025,Sunday,12,Motor Vehicle In Transport,05,On Roadway,2,,,,,,09,Through Roadway,01,Daylight,3/16/2025,2025-03-16,W,6.63,F,N,,,B900FBC6C466F8C5BDBD92504657F1BD71B0E39B05E33D072C627AE427AD3588,MD,01,No,,,,,01,Dry,,,,,,,,
Property Damage Crashes,DA4395001X,Prince George's County Police,Angle,Prince George's,,No,No,No,No,No,,919,CROSSOVER,No,True,No,3/23/2025,No,Point,38.988112700,-76.986359458,PGCOPD,01,16,03,Yes,18,,18:06,2025,Sunday,12,Motor Vehicle In Transport,05,On Roadway,,,,,UNIVERSITY BLVD (WB/L),,03,Driveway Access or Related,01,Daylight,3/23/2025,2025-03-23,S,15.05,F,N,,,2B4518AD1190D2AE11A302CC42BD33CEDFC7B36E5C2CB77DBDEC672933CC432A,XO,01,No,,,,,01,Dry,,,,,,,,
Injury Crashes,MSP746700G4,Maryland State Police,Rear To Side,Prince George's,Major Collector,No,No,No,No,No,DOWER HOUSE RD,92,COUNTY ROAD,No,True,No,4/27/2025,No,Point,38.820825,-76.848843333,MSP,05,16,02,No,13,,13:30,2025,Sunday,12,Motor Vehicle In Transport,05,On Roadway,5,,,,,,06,Non-Junction,01,Daylight,4/27/2025,2025-04-27,S,30.59,F,N,,,FED25EAB51494EC5D063315E773457915EFCFF8507172C52F904A6AAD62B3F69,CO,01,No,,,,,01,Dry,,,,,,,,
Property Damage Crashes,DA33760020,Prince George's County Police,Single Vehicle,Prince George's,Minor Arterial,No,No,No,No,No,QUEENS CHAPEL RD,500,MARYLAND ROUTE,No,True,No,1/5/2025,No,Point,38.949774340,-76.967432405,PGCOPD,101,16,03,Yes,21,,21:00,2025,Sunday,39,Traffic Signal Support,03,Median,4,,,,BUCHANAN ST,,02,Crossover-Related,03,Dark - Lighted,1/5/2025,2025-01-05,S,32.67,F,N,,,2188C99770735A82CA6F9C16E437DFA29BC07FA92ABA8953C7EEE61A6F241A9B,MD,01,No,,,,,01,Dry,,,,,,,,
Property Damage Crashes,DA4363000P,Prince George's County Police,Front to Rear,Prince George's,Principal Arterial – Other,No,Yes,No,No,No,MARTIN LUTHER KING JR HWY (WB/L),704,MARYLAND ROUTE,No,True,No,2/13/2025,No,Point,38.941118078,-76.853429247,PGCOPD,03,16,03,No,13,,13:21,2025,Thursday,12,Motor Vehicle In Transport,05,On Roadway,3,,,,,,06,Non-Junction,01,Daylight,2/13/2025,2025-02-13,E,24.99,F,N,,,FD99CC5B21D222F9FD6212159FE3184C60E92840D697DDB282D7F982304FED8B,MD,01,No,,,,,01,Dry,,,,,,,,
Injury Crashes,CBPD01280008,Bowie Police Department,Other,Prince George's,Local,No,No,No,No,No,NORTHVIEW DR,1959,MUNICIPAL ROAD,No,True,No,1/30/2025,No,Point,38.947564085,-76.737461905,BOWIE,98,16,02,No,23,05,23:23,2025,Thursday,12,Motor Vehicle In Transport,05,On Roadway,7,Perpendicular,,,COLLINGTON RD,03,05,Intersection or Related,03,Dark - Lighted,1/30/2025,2025-01-30,S,0,F,N,,,0CFFD0982F3C2DDB9A96D464BA16F6411BD0B2FC7113E66EE2DEEDC1613BD871,MU,01,No,,,,,01,Dry,01,Signalized,,,,,,
Property Damage Crashes,DA4386001T,Prince George's County Police,Angle,Prince George's,Minor Arterial,No,No,No,No,No,MARLBORO PIKE (NB/L),3074,COUNTY ROAD,No,True,No,3/20/2025,No,Point,38.846663586,-76.876521764,PGCOPD,01,16,03,No,11,,11:41,2025,Thursday,12,Motor Vehicle In Transport,05,On Roadway,4,,,,,,09,Through Roadway,01,Daylight,3/20/2025,2025-03-20,W,30.02,F,N,,,11B875C67579F2C6770C1B110B04779AF8202730BF8628E906EF4DC5F083BB20,CO,01,No,,,,,01,Dry,,,,,,,,
Property Damage Crashes,DA419600DF,Prince George's County Police,Front to Rear,Prince George's,,No,Yes,No,No,No,,4475,COUNTY ROAD,No,True,Yes,3/21/2025,Yes,Point,38.8873978,-76.852462,PGCOPD,03,16,03,Unknown,18,,18:06,2025,Friday,15,Parked Vehicle,05,On Roadway,,,,,,,99,Unknown,01,Daylight,3/21/2025,2025-03-21,E,37.9,F,N,,,29AEA5277B4DD584C574128F5468FE2B844D6DAC230E5DB265D92D534A1B817E,CO,01,No,,,,,01,Dry,,,N,04,Activity Area,02,Lane Shift/Crossover,Yes
Property Damage Crashes,DA3120005T,Prince George's County Police,Front to Rear,Prince George's,Principal Arterial – Other Freeways and Expressways,No,No,No,No,No,INDIAN HEAD HWY,210,MARYLAND ROUTE,No,True,No,6/3/2025,No,Point,38.728255832,-76.990214996,PGCOPD,03,16,03,No,17,,17:40,2025,Tuesday,12,Motor Vehicle In Transport,05,On Roadway,2,,,,,,09,Through Roadway,01,Daylight,6/3/2025,2025-06-03,S,20.98,F,N,,,4380A42F1FBEA56C17DC96249843C2586E3C80954486F4101905F22F87F82FE9,MD,01,No,,,,,01,Dry,,,,,,,,
Property Damage Crashes,MSP653400WL,Maryland State Police,Front to Rear,Prince George's,Principal Arterial – Other,No,No,No,No,No,BRANCH AVE (SB/L),5,MARYLAND ROUTE,No,True,No,2/13/2025,No,Point,38.713442133,-76.878196672,MSP,03,16,03,No,21,,21:30,2025,Thursday,12,Motor Vehicle In Transport,05,On Roadway,3,,,,,,09,Through Roadway,03,Dark - Lighted,2/13/2025,2025-02-13,N,25.29,F,N,,,60E7905B0EAA20441083E7DE8F683674B7C0E7F393847ECC24D1559FB28EB6C8,MD,01,No,12,Motor Vehicle In Transport,05,On Roadway,01,Dry,,,,,,,,
Property Damage Crashes,DA3144003N,Prince George's County Police,Front to Rear,Prince George's,Minor Arterial,No,No,No,No,No,ADELPHI RD (NB/L),232,COUNTY ROAD,No,True,No,5/11/2025,No,Point,39.003933498,-76.967217584,PGCOPD,03,16,03,No,18,,18:05,2025,Sunday,12,Motor Vehicle In Transport,05,On Roadway,4,,,,,,06,Non-Junction,01,Daylight,5/11/2025,2025-05-11,W,53.05,F,N,,,01C9049FFEF70D43412BA7B6CAF9D4BDC93D571386B719AB5AB775568E34CB59,CO,01,No,97,Not Applicable,,,01,Dry,,,,,,,,
Property Damage Crashes,DA37060050,Prince George's County Police,Front to Rear,Prince George's,Minor Arterial,No,No,No,No,No,,193,MARYLAND ROUTE,No,True,No,1/13/2025,No,Point,38.949644447,-76.798685693,PGCOPD,03,16,03,No,8,,08:30,2025,Monday,12,Motor Vehicle In Transport,05,On Roadway,4,,,,,,09,Through Roadway,01,Daylight,1/13/2025,2025-01-13,N,18.93,F,N,,,C091DD96A3CB7E18298F56A33285D7DEB0C071F8E6759F6192B9CE3D45885923,MD,01,No,,,,,01,Dry,,,,,,,,
Injury Crashes,MSP7773002M,Maryland State Police,"Sideswipe, Same Direction",Prince George's,Interstate,No,No,No,No,No,CAPITAL BELTWAY,95,INTERSTATE ROUTE,No,True,No,5/17/2025,No,Point,39.006699594,-76.898279812,MSP,07,16,02,No,5,,05:30,2025,Saturday,12,Motor Vehicle In Transport,05,On Roadway,1,,,,,,06,Non-Junction,100,Dawn,5/17/2025,2025-05-17,S,8.04,F,N,,,834ED937E011628EE4BA56420EB9D2D17229882775C262D72FBA594FAEACEEFF,IS,01,No,,,,,01,Dry,,,,,,,,
Injury Crashes,CBPD0119002N,Bowie Police Department,Angle,Prince George's,,No,No,No,No,No,,66,COUNTY ROAD,No,True,No,5/10/2025,No,Point,38.925813962,-76.732934437,BOWIE,01,16,02,Yes,10,04,10:17,2025,Saturday,12,Motor Vehicle In Transport,05,On Roadway,,Perpendicular,,,MITCHELLVILLE RD MITCHELLVILLE RD (SB/L) MOUNT OAK RD,03,05,Intersection or Related,01,Daylight,5/10/2025,2025-05-10,S,0,F,N,,,BF7584DF272B42A59DCA59A2249C411D8BE96B8D9199124CD4A88CEE18B5C75C,CO,01,No,,,,,01,Dry,01,Signalized,,,,,,