Crash Severity Description,Reportnumber,Agencyname,CollisionImpact Description,Crash County Description,FunctionalClass Description,ImpairedCrash,Large Vehicle Involved,Motorcycle Crash,Non-Motorist Crash,OffRoad,RoadName,Route Number,RouteType Description,Unrestrained Occupants,WithinDateRange,Work Zone Related,Crashdate,Work Zone Crash,CrashPoint,Latitude,Longitude,AgencyCode,CollisionImpact,Crash County,Crash Severity,Crash Within Interchange,Crashhour,CrashInterchangeApproaches,Crashtime,CrashYear,Dayofweek,FirstHarmEvent,FirstHarmEvent Description,FirstHarmLocation,FirstHarmLocation Description,FunctionalClass,Geometry Description,GovPropertyDamage,GovPropertyDamage Description,IntersectingRoadName,Intersection Geometry,JunctionRelated,JunctionRelated Description,Light,Light Description,LOD Crash Date,LOD Date Level,MilepointDirection,MilepointDistance,MilepointUnits,NonTrafficFatal,OffroadLocation,OffroadLocation Description,RoadID,RouteType,SchoolBusRelated,SchoolBusRelated Description,SecondHarmEvent,SecondHarmEvent Description,SecondHarmLocation,SecondHarmLocation Description,Surface,Surface Description,TrafficControl,Trafficcontrol Description,WZLawEnforcementPresent,WZLocation,WZLocation Description,WZType,WZType Description,WZWorkersPresent
Property Damage Crashes,DA4335003X,Prince George's County Police,Single Vehicle,Prince George's,Local,No,No,No,No,No,ROLLINS AVE,369,COUNTY ROAD,No,True,No,1/20/2025,No,Point,38.865388754,-76.907628259,PGCOPD,101,16,03,No,3,,03:30,2025,Monday,36,"Other Post, Pole, Or Support",05,On Roadway,7,,,,,,06,Non-Junction,03,Dark - Lighted,1/20/2025,2025-01-20,N,66.91,F,N,,,9FB56028AD1663A332E26EF463C3E16B60C20AB0E4F5EA81B276291D91C91ABF,CO,01,No,,,,,02,Ice/Frost,,,,,,,,
Property Damage Crashes,DA351500CQ,Prince George's County Police,"Sideswipe, Same Direction",Prince George's,,No,Yes,No,No,No,FAIRVIEW VISTA DR,3388,LOCAL ROAD,No,True,No,1/22/2025,No,Point,38.952574661,-76.754896486,PGCOPD,07,16,03,No,9,,09:43,2025,Wednesday,12,Motor Vehicle In Transport,05,On Roadway,,,,,,,06,Non-Junction,01,Daylight,1/22/2025,2025-01-22,S,17.79,F,N,,,5EDD48EBE5E2EB2C7273003735336FD2E4B9498A1180B05CC67D3CE08984363E,LL,02,"Yes, School Bus Directly Involved",15,Parked Vehicle,05,On Roadway,01,Dry,,,,,,,,
Property Damage Crashes,DA379700CP,Prince George's County Police,Other,Prince George's,,No,No,No,No,No,,87,COUNTY ROAD,No,True,No,5/13/2025,No,Point,38.881703182,-76.859457856,PGCOPD,98,16,03,Yes,13,04,13:15,2025,Tuesday,12,Motor Vehicle In Transport,05,On Roadway,,Perpendicular,,,ASHWOOD DR,03,05,Intersection or Related,01,Daylight,5/13/2025,2025-05-13,N,0,F,N,,,A93DF64FE6CB288F81F116DAED447B1BF6CF077F15B913A525F9EF96D4DE1757,CO,01,No,12,Motor Vehicle In Transport,05,On Roadway,09,Wet,03,Stop - Partial,,,,,,
Property Damage Crashes,DA4308004M,Prince George's County Police,Other,Prince George's,Minor Arterial,No,No,No,No,No,ALLENTOWN RD,126,COUNTY ROAD,No,True,No,4/14/2025,No,Point,38.797457221,-76.913960346,PGCOPD,98,16,03,No,11,,11:25,2025,Monday,12,Motor Vehicle In Transport,05,On Roadway,4,,,,,,06,Non-Junction,01,Daylight,4/14/2025,2025-04-14,S,37.54,F,N,,,FFBAF28EBCF32DBBF01D0E3DC27CAB9A4A270A07377C113F3D54656C4013E703,CO,01,No,,,,,01,Dry,,,,,,,,
Property Damage Crashes,DA43910012,Prince George's County Police,Front to Rear,Prince George's,Minor Arterial,No,No,No,No,No,SUITLAND RD,218,MARYLAND ROUTE,No,True,No,4/1/2025,No,Point,38.850771011,-76.928850401,PGCOPD,03,16,03,No,17,,17:57,2025,Tuesday,12,Motor Vehicle In Transport,05,On Roadway,4,,,,,,06,Non-Junction,01,Daylight,4/1/2025,2025-04-01,E,14.6,F,N,,,8A7BD59A1CE38148D84A3D5FBBC07A5C01E8B4704B8135F56E8B31A8DBC15B51,MD,01,No,,,,,01,Dry,,,,,,,,
Property Damage Crashes,DA24510003,Prince George's County Police,Other,Prince George's,Minor Arterial,No,No,No,No,No,ANNAPOLIS RD (WB/L),450,MARYLAND ROUTE,No,True,No,3/10/2025,No,Point,38.961285752,-76.863276093,PGCOPD,98,16,03,No,16,,16:27,2025,Monday,12,Motor Vehicle In Transport,05,On Roadway,4,,,,,,99,Unknown,01,Daylight,3/10/2025,2025-03-10,S,11.07,F,N,,,D642A9E83C5C826AF4DBC859AC674FD6D7EDEDEB3ADD75C29F5EE07ECE7F3ABC,MD,01,No,12,Motor Vehicle In Transport,05,On Roadway,01,Dry,,,,,,,,
Property Damage Crashes,AZ1730002X,Cheverly Police Department,Front to Rear,Prince George's,Local,No,Yes,No,No,No,NO NAME (NB/L),202,MARYLAND ROUTE,No,True,No,6/2/2025,No,Point,38.934624440,-76.916170066,CHEVERLY,03,16,03,No,7,,07:49,2025,Monday,12,Motor Vehicle In Transport,05,On Roadway,7,,,,,,06,Non-Junction,01,Daylight,6/2/2025,2025-06-02,N,11.35,F,N,,,2334E68CBB24C5699343267C49912DC50760CBF80675AC4C7436292210242570,MD,01,No,,,,,01,Dry,,,,,,,,
Property Damage Crashes,DS0499000F,University of Maryland Police College Park,Front to Rear,Prince George's,Local,No,No,No,No,No,VALLEY DR #2,204,STATE ROAD,No,True,No,2/11/2025,No,Point,38.992820744,-76.948411370,UMCP,03,16,03,Unknown,18,,18:50,2025,Tuesday,15,Parked Vehicle,07,"On Shoulder, Right Side",7,,,,,,99,Unknown,03,Dark - Lighted,2/11/2025,2025-02-11,S,12.24,F,N,,,D621051BA03CDEE8AEF50BBD4E09FE5F99F6DAE4224DA308599C461796C245EB,SR,01,No,,,,,07,Snow,,,,,,,,
Property Damage Crashes,DA3223004N,Prince George's County Police,"Sideswipe, Same Direction",Prince George's,Principal Arterial – Other,No,No,No,No,No,,223,MARYLAND ROUTE,No,True,No,5/6/2025,No,Point,38.737661920,-76.941781568,PGCOPD,07,16,03,No,18,,18:06,2025,Tuesday,12,Motor Vehicle In Transport,05,On Roadway,3,,,,DELANCEY ST,,09,Through Roadway,01,Daylight,5/6/2025,2025-05-06,S,18.98,F,N,,,F38BC1BA32F7C791DF4FBC662563F8937D950CCD091A7AE1F270E4C69100299D,MD,01,No,,,,,01,Dry,,,,,,,,
Injury Crashes,DA3605006Y,Prince George's County Police,Front to Front,Prince George's,Local,No,No,No,No,No,N ADDISON RD,347,COUNTY ROAD,No,True,No,3/8/2025,No,Point,38.912508708,-76.931045999,PGCOPD,02,16,02,Yes,17,03,17:07,2025,Saturday,12,Motor Vehicle In Transport,05,On Roadway,7,Perpendicular,,,OLIVE ST,03,05,Intersection or Related,01,Daylight,3/8/2025,2025-03-08,E,0,F,N,,,6CC906723D5670E0F2D29A072929C9FDD0682115ED4C574D061672A414ECF168,CO,01,No,,,,,01,Dry,05,No Controls,,,,,,
Property Damage Crashes,MSP7875001N,Maryland State Police,Front to Rear,Prince George's,Principal Arterial – Other,No,No,No,No,No,CRAIN HWY,301,UNITED STATE ROUTE,No,True,No,1/31/2025,No,Point,38.674361667,-76.875931667,MSP,03,16,03,No,21,,21:31,2025,Friday,12,Motor Vehicle In Transport,05,On Roadway,3,,,,,,06,Non-Junction,04,Dark - Not Lighted,1/31/2025,2025-01-31,N,20.7,F,N,,,5B192996F76C2F92D8306B8E9BD58274A1B6A6CF452604300C4110EC02FD2383,US,01,No,,,,,09,Wet,,,,,,,,
Property Damage Crashes,CP0072002W,Mount Rainier Police Department,Single Vehicle,Prince George's,Major Collector,No,No,No,Yes,No,CHILLUM RD,70,MUNICIPAL ROAD,No,True,No,1/28/2025,No,Point,38.950671025,-76.964387500,MTRAINIER,101,16,03,No,17,,17:01,2025,Tuesday,17,Pedestrian,03,Median,5,,,,QUEENSTOWN DR,,09,Through Roadway,101,Dusk,1/28/2025,2025-01-28,W,15.46,F,N,,,A8BB12F28FCAD0095EA9D120F44B27A12BDE43FB56CD80679FE0006855272EE5,MU,01,No,,,,,01,Dry,,,,,,,,
Property Damage Crashes,DA43550037,Prince George's County Police,Front to Rear,Prince George's,Local,No,No,No,No,No,ST JOSEPHS DR,3132,COUNTY ROAD,No,True,No,5/21/2025,No,Point,38.930524003,-76.833897189,PGCOPD,03,16,03,Yes,11,,11:30,2025,Wednesday,12,Motor Vehicle In Transport,05,On Roadway,7,,,,,,09,Through Roadway,01,Daylight,5/21/2025,2025-05-21,N,53.89,F,N,,,4B0C4E4F2E3CA978D02A131346BDD16AF82573A2BB8F9EEACCFA0B6491B99A51,CO,01,No,,,,,09,Wet,,,,,,,,
Injury Crashes,CNC31850016,New Carrollton Police Department,Angle,Prince George's,Minor Arterial,No,No,No,No,No,ANNAPOLIS RD (WB/L),450,MARYLAND ROUTE,No,True,No,4/8/2025,No,Point,38.952786060,-76.878748718,NCPD,01,16,02,No,5,,05:10,2025,Tuesday,12,Motor Vehicle In Transport,05,On Roadway,4,,,,,,01,Acceleration/Deceleration Lane,03,Dark - Lighted,4/8/2025,2025-04-08,E,18.87,F,N,,,443141373F2BBD8405888F24ED472403EA5DADA7441C2B877734EA0759B9011A,MD,01,No,,,,,01,Dry,,,,,,,,
Injury Crashes,MSP77650078,Maryland State Police,"Sideswipe, Same Direction",Prince George's,Principal Arterial – Other Freeways and Expressways,No,No,No,No,No,BRANCH AVE,5,MARYLAND ROUTE,Yes,True,No,4/3/2025,No,Point,38.723227356,-76.880857816,MSP,07,16,02,No,15,,15:28,2025,Thursday,12,Motor Vehicle In Transport,05,On Roadway,2,,,,,,09,Through Roadway,01,Daylight,4/3/2025,2025-04-03,E,133.44,F,N,,,7F7C4BF308506380026A3E9DD8EE0DD81E7C7FDF3B34E6403B83609B2C41485F,MD,01,No,,,,,01,Dry,,,,,,,,
Property Damage Crashes,DA3804008L,Prince George's County Police,Single Vehicle,Prince George's,Minor Arterial,No,No,No,No,No,POWDER MILL RD (SB/L),212,MARYLAND ROUTE,No,True,No,1/12/2025,No,Point,39.031542378,-76.953190882,PGCOPD,101,16,03,No,6,,06:38,2025,Sunday,31,Guardrail End Terminal,09,Roadside,4,,,,,,06,Non-Junction,100,Dawn,1/12/2025,2025-01-12,W,26.02,F,N,,,CCAEFD24088D926DB793AD816EBD26249FC25353537066ACB6996C1CBB0EEA7C,MD,01,No,,,,,02,Ice/Frost,,,,,,,,
Property Damage Crashes,MSP78650033,Maryland State Police,Front to Rear,Prince George's,Local,Yes,No,No,No,No,CONTEE PL,261,COUNTY ROAD,No,True,No,5/23/2025,No,Point,39.078165235,-76.866254980,MSP,03,16,03,No,23,,23:47,2025,Friday,12,Motor Vehicle In Transport,05,On Roadway,7,,,,BALTIMORE AVE,,06,Non-Junction,03,Dark - Lighted,5/23/2025,2025-05-23,N,8.08,F,N,,,FCB29BBF50D8C95C1D90370E38F6505255957ABEA53D8B4F58860162EFB03C7B,CO,01,No,,,,,01,Dry,,,,,,,,
Property Damage Crashes,MSP585801GM,Maryland State Police,"Sideswipe, Same Direction",Prince George's,Interstate,No,No,No,No,No,CAPITAL BELTWAY,95,INTERSTATE ROUTE,No,True,No,3/29/2025,No,Point,38.79797,-77.008638659,MSP,07,16,03,No,19,,19:33,2025,Saturday,12,Motor Vehicle In Transport,05,On Roadway,1,,,,,,09,Through Roadway,03,Dark - Lighted,3/29/2025,2025-03-29,N,25.89,F,N,,,CD2216547C2583821331C4A200E873B9FDB8A2D50336E11B5D9EB38AED24F052,IS,01,No,,,,,01,Dry,,,,,,,,
Injury Crashes,DA3223004V,Prince George's County Police,Front to Rear,Prince George's,Major Collector,No,No,No,No,No,OLD FORT RD,118,COUNTY ROAD,No,True,No,6/8/2025,No,Point,38.755933681,-76.993305462,PGCOPD,03,16,02,No,4,04,04:54,2025,Sunday,12,Motor Vehicle In Transport,05,On Roadway,5,Angled/Skewed,,,INDIAN HEAD HWY (SB/L),01,05,Intersection or Related,03,Dark - Lighted,6/8/2025,2025-06-08,S,0,F,N,,,D0F6185F94C419F0C8F5E3B2EFB0DFC1160C32BAAE66C309913B4A22FB6694FF,CO,01,No,,,,,01,Dry,01,Signalized,,,,,,
Property Damage Crashes,MSP697200G3,Maryland State Police,Front to Rear,Prince George's,Interstate,No,No,No,No,No,CAPITAL BELTWAY (SB/L),95,INTERSTATE ROUTE,No,True,No,3/21/2025,No,Point,38.998368933,-76.891664805,MSP,03,16,03,No,8,,08:46,2025,Friday,12,Motor Vehicle In Transport,05,On Roadway,1,,,,,,06,Non-Junction,01,Daylight,3/21/2025,2025-03-21,N,8.95,F,N,,,4B2A76EFC939233D37707B4A01D3C93DFAF3B741E9BE45DB19995B1AC1B51424,IS,01,No,,,,,01,Dry,,,,,,,,
Property Damage Crashes,MSP585801HN,Maryland State Police,Front to Rear,Prince George's,Principal Arterial – Other,No,No,No,No,No,PENNSYLVANIA AVE (SB/L),4,MARYLAND ROUTE,No,True,No,5/12/2025,No,Point,38.830107342,-76.856996070,MSP,03,16,03,No,16,,16:33,2025,Monday,12,Motor Vehicle In Transport,05,On Roadway,3,,,,,,09,Through Roadway,01,Daylight,5/12/2025,2025-05-12,S,11.16,F,N,,,3B7FF610BD7CC0AA68EF44AFFF14034C61C380636A1435E201B64DC7187EECDA,MD,01,No,,,,,01,Dry,,,,,,,,
Injury Crashes,DA409900FC,Prince George's County Police,Single Vehicle,Prince George's,,No,No,No,Yes,Yes,,,,No,True,No,4/17/2025,No,Point,38.984459989,-76.968943851,PGCOPD,101,16,02,,18,,18:30,2025,Thursday,16,Pedalcycle,04,"Off-Roadway, Location Unknown",,,,,,,,,01,Daylight,4/17/2025,2025-04-17,,,F,N,102,Parking Lot Way,,,01,No,,,,,,,,,,,,,,
Injury Crashes,DA44240013,Prince George's County Police,Front to Rear,Prince George's,Local,No,No,No,No,No,WYNGATE RD,3660,COUNTY ROAD,No,True,No,5/21/2025,No,Point,38.860253671,-76.928522568,PGCOPD,03,16,02,No,21,,21:30,2025,Wednesday,12,Motor Vehicle In Transport,05,On Roadway,7,,,,,,06,Non-Junction,03,Dark - Lighted,5/21/2025,2025-05-21,S,15.94,F,N,,,45B133EFA4EA6319111AAADDC5ED3247A59F75283CE97503CBF7D4515365F8DF,CO,01,No,,,,,09,Wet,,,,,,,,
Property Damage Crashes,DA2654003X,Prince George's County Police,"Sideswipe, Same Direction",Prince George's,Principal Arterial – Other,No,No,No,No,No,MARTIN LUTHER KING JR HWY (WB/L),704,MARYLAND ROUTE,No,True,No,2/27/2025,No,Point,38.937217325,-76.859772413,PGCOPD,07,16,03,No,13,,13:00,2025,Thursday,12,Motor Vehicle In Transport,05,On Roadway,3,,,,,,06,Non-Junction,01,Daylight,2/27/2025,2025-02-27,S,27.16,F,N,,,60CBFC6E257022B7FFC2B854E10E3BCB8E2834BFA954EE3D86F382D18F2F0358,MD,01,No,,,,,01,Dry,,,,,,,,
Injury Crashes,DA379700CH,Prince George's County Police,Front to Front,Prince George's,Major Collector,No,No,No,No,No,CABIN BRANCH DR,950,COUNTY ROAD,No,True,No,4/14/2025,No,Point,38.913959189,-76.905870372,PGCOPD,02,16,02,No,23,,23:30,2025,Monday,12,Motor Vehicle In Transport,05,On Roadway,5,,,,,,09,Through Roadway,03,Dark - Lighted,4/14/2025,2025-04-14,N,2.98,F,N,,,9C320ECD4AABC86470B4D24A182C06558F87CF90BFD19FE813250C9718FF5195,CO,01,No,,,,,09,Wet,,,,,,,,
Property Damage Crashes,CC03050023,Hyattsville Police Department,"Sideswipe, Opposite Direction",Prince George's,Local,No,No,No,No,No,LIVINGSTON ST,250,MUNICIPAL ROAD,No,True,No,2/11/2025,No,Point,38.957567339,-76.951031791,HYATTSVILLE,06,16,03,No,20,,20:30,2025,Tuesday,12,Motor Vehicle In Transport,05,On Roadway,7,,,,,,09,Through Roadway,03,Dark - Lighted,2/11/2025,2025-02-11,E,35.24,F,N,,,E8E59604CF0F212A76D592063C701350800AA6A6C35E1503ED4E2DC1630B4B4F,MU,01,No,,,,,07,Snow,,,,,,,,
Property Damage Crashes,DA3707004B,Prince George's County Police,Front to Rear,Prince George's,Local,No,No,No,No,No,FAIRWOOD PKWY (NB/L),6665,COUNTY ROAD,No,True,No,1/18/2025,No,Point,38.964891842,-76.792651418,PGCOPD,03,16,03,No,21,,21:33,2025,Saturday,12,Motor Vehicle In Transport,05,On Roadway,7,,,,,,06,Non-Junction,03,Dark - Lighted,1/18/2025,2025-01-18,S,36.64,F,N,,,E3B5B8B92EAF43B8D15F42E186CCE44CC5B98E07E3B534409A9FD3F73DB06916,CO,01,No,,,,,09,Wet,,,,,,,,
Property Damage Crashes,DA4328003B,Prince George's County Police,Front to Front,Prince George's,Minor Arterial,No,No,No,No,No,BOCK RD,148,COUNTY ROAD,Yes,True,No,4/29/2025,No,Point,38.800092262,-76.980083557,PGCOPD,02,16,03,No,21,,21:15,2025,Tuesday,12,Motor Vehicle In Transport,05,On Roadway,4,,,,,,06,Non-Junction,03,Dark - Lighted,4/29/2025,2025-04-29,N,82.65,F,N,,,6EE46EBC779360C5544074C72078E7B3CD66BB2222957A53A2C591750FECC4D7,CO,01,No,,,,,01,Dry,,,,,,,,
Property Damage Crashes,MSP6931014H,Maryland State Police,Front to Rear,Prince George's,Interstate,No,No,No,No,No,CAPITAL BELTWAY,95,INTERSTATE ROUTE,No,True,No,4/27/2025,No,Point,38.930248957,-76.854508659,MSP,03,16,03,No,14,,14:24,2025,Sunday,12,Motor Vehicle In Transport,05,On Roadway,1,,,,,,06,Non-Junction,01,Daylight,4/27/2025,2025-04-27,E,38.19,F,N,,,F9284DF0F79229D25B9F9075060CE4BFA1EC3FD3DBE2438F5FE69A12882FAAEE,IS,01,No,,,,,01,Dry,,,,,,,,
Property Damage Crashes,MSP744700PH,Maryland State Police,Front to Rear,Prince George's,Principal Arterial – Other,No,No,No,No,No,CENTRAL AVE,214,MARYLAND ROUTE,No,True,No,5/10/2025,No,Point,38.901632827,-76.758205348,MSP,03,16,03,No,17,,17:37,2025,Saturday,12,Motor Vehicle In Transport,05,On Roadway,3,,,,,,06,Non-Junction,01,Daylight,5/10/2025,2025-05-10,N,117.92,F,N,,,449254942CBD4423976EBC3CFB776F7052F761B6C36B0DFF84D2CBF97E781AD1,MD,01,No,,,,,01,Dry,,,,,,,,
Injury Crashes,MSP757700HL,Maryland State Police,"Sideswipe, Same Direction",Prince George's,Principal Arterial – Other Freeways and Expressways,No,No,No,No,No,RAMP 4 FR MD 201 NB TO US 50 EB,50,RAMP,No,True,No,2/9/2025,No,Point,38.916805046,-76.932355727,MSP,07,16,02,No,19,,19:27,2025,Sunday,12,Motor Vehicle In Transport,05,On Roadway,2,,,,KENILWORTH AVE,,09,Through Roadway,03,Dark - Lighted,2/9/2025,2025-02-09,N,17.42,F,N,,,37377754AAF58EE1C9FEAA376F413E17369CEB12BA576F249BA88312104F3FC7,RP,01,No,97,Not Applicable,,,01,Dry,,,,,,,,
Property Damage Crashes,MSP745800NR,Maryland State Police,Front to Rear,Prince George's,Local,No,No,No,No,No,JUDGES DR,4980,OTHER PUBLIC ROAD,No,True,No,1/15/2025,No,Point,38.814498333,-76.74909,MSP,03,16,03,No,12,,12:27,2025,Wednesday,12,Motor Vehicle In Transport,05,On Roadway,7,,,,,,01,Acceleration/Deceleration Lane,01,Daylight,1/15/2025,2025-01-15,N,35.22,F,N,,,4CC664D986D8BFB205961DDC4F030741D53AE04782C155685990398BCD61FAC1,OP,01,No,,,,,01,Dry,,,,,,,,
Property Damage Crashes,DA43590018,Prince George's County Police,"Sideswipe, Opposite Direction",Prince George's,,No,No,No,No,No,CHERRY HILL RD (EB/L),14,COUNTY ROAD,No,True,No,1/5/2025,No,Point,39.037098551,-76.945509707,PGCOPD,06,16,03,No,14,,14:36,2025,Sunday,12,Motor Vehicle In Transport,05,On Roadway,,,,,COLLIER RD,,06,Non-Junction,01,Daylight,1/5/2025,2025-01-05,W,16.36,F,N,,,3D89867B8240C358ED48529AB6CF974A15F8CE687E80426D398B3CDB893BBBB2,CO,01,No,12,Motor Vehicle In Transport,05,On Roadway,01,Dry,,,,,,,,
Injury Crashes,CBPD0124001D,Bowie Police Department,Unknown,Prince George's,Principal Arterial – Other,No,No,No,No,No,CRAIN HWY,301,UNITED STATE ROUTE,No,True,No,5/28/2025,No,Point,38.707002204,-76.855572388,BOWIE,99,16,02,No,0,,00:25,2025,Wednesday,97,Not Applicable,05,On Roadway,3,,,,,,06,Non-Junction,04,Dark - Not Lighted,5/28/2025,2025-05-28,E,49.23,F,N,,,231888D53D09F5B969468C5C5AE1756813C4B9AADABCEE37C4F9AEAE576E5034,US,01,No,,,,,09,Wet,,,,,,,,
Property Damage Crashes,MSP7843002B,Maryland State Police,Single Vehicle,Prince George's,Interstate,No,No,No,No,No,CAPITAL BELTWAY,95,INTERSTATE ROUTE,No,True,No,3/31/2025,No,Point,38.94702,-76.859163333,MSP,101,16,03,No,23,,23:50,2025,Monday,35,"Other Fixed Object (wall, building, tunnel, etc.)",06,"On Shoulder, Left Side",1,,,,,,06,Non-Junction,03,Dark - Lighted,3/31/2025,2025-03-31,E,46.36,F,N,,,8E665D0E736CC91ADA744C2CB73B1A58FEDDE52134B33158CA255B0D5AC03C57,IS,01,No,,,,,09,Wet,,,,,,,,
Injury Crashes,MSP78710028,Maryland State Police,Single Vehicle,Prince George's,Interstate,Yes,No,No,No,No,CAPITAL BELTWAY,95,INTERSTATE ROUTE,No,True,No,2/16/2025,No,Point,39.0069755,-76.898379833,MSP,101,16,02,No,18,,18:39,2025,Sunday,28,Ditch,03,Median,1,,,,,,09,Through Roadway,04,Dark - Not Lighted,2/16/2025,2025-02-16,S,39.99,F,N,,,2D2070EE555081A69AEFB2666FF74D2A2985B9CB155E460BBFCE39BC452FB56A,IS,01,No,40,Tree (standing),08,Outside Road/Right-Of-Way,01,Dry,,,,,,,,
Property Damage Crashes,DS05310009,University of Maryland Police College Park,"Sideswipe, Same Direction",Prince George's,Major Collector,No,Yes,No,No,No,GUILFORD DR (WB/L),550,MUNICIPAL ROAD,No,True,No,3/20/2025,No,Point,38.978304704,-76.939311365,UMCP,07,16,03,No,10,,10:21,2025,Thursday,12,Motor Vehicle In Transport,05,On Roadway,5,,,,,,06,Non-Junction,01,Daylight,3/20/2025,2025-03-20,E,7.78,F,N,,,2649FDDFBB1AF4697DAE7EB5F714BAE72C47AF7B9A3022CBD580E74EEECA9269,MU,01,No,,,,,01,Dry,,,,,,,,
Property Damage Crashes,MSP744700NN,Maryland State Police,"Sideswipe, Same Direction",Prince George's,Principal Arterial – Other Freeways and Expressways,No,Yes,No,No,No,PENNSYLVANIA AVE,4,MARYLAND ROUTE,No,True,No,3/29/2025,No,Point,38.811106667,-76.813938698,MSP,07,16,03,No,5,,05:00,2025,Saturday,12,Motor Vehicle In Transport,05,On Roadway,2,,,,,,06,Non-Junction,04,Dark - Not Lighted,3/29/2025,2025-03-29,W,49.38,F,N,,,51F87574CC1E67E8FB10DEB6AECDAF529328F6F18AAC982715E3371FF328D9D6,MD,01,No,,,,,01,Dry,,,,,,,,
Property Damage Crashes,DA4294003S,Prince George's County Police,"Sideswipe, Same Direction",Prince George's,Principal Arterial – Other,No,No,No,No,No,OXON HILL RD,414,MARYLAND ROUTE,Yes,True,No,6/1/2025,No,Point,38.803023667,-76.993084216,PGCOPD,07,16,03,No,23,,23:00,2025,Sunday,12,Motor Vehicle In Transport,05,On Roadway,3,,,,,,06,Non-Junction,03,Dark - Lighted,6/1/2025,2025-06-01,N,37.84,F,N,,,F8E0F5C3669F80FC137B7D96466960E07A07CD7BABD73A20EB7B15A4FC0EA419,MD,01,No,,,,,01,Dry,,,,,,,,
Property Damage Crashes,DA4265001B,Prince George's County Police,Angle,Prince George's,,No,No,No,No,Yes,,,,No,True,No,1/21/2025,No,Point,38.819398606,-77.002139975,PGCOPD,01,16,03,,19,,19:03,2025,Tuesday,15,Parked Vehicle,04,"Off-Roadway, Location Unknown",,,,,,,,,03,Dark - Lighted,1/21/2025,2025-01-21,,,F,N,101,Parking Aisle,,,01,No,,,,,,,,,,,,,,
Injury Crashes,DA4304006B,Prince George's County Police,Front to Front,Prince George's,Minor Arterial,No,No,No,No,No,RIGGS RD (SB/L),212,MARYLAND ROUTE,No,True,No,3/25/2025,No,Point,39.020478258,-76.964798565,PGCOPD,02,16,02,No,17,,17:13,2025,Tuesday,12,Motor Vehicle In Transport,05,On Roadway,4,,,,,,99,Unknown,01,Daylight,3/25/2025,2025-03-25,S,53.43,F,N,,,0F9E5F69A545634A655E7C07D6825552AC75E55B47CD15E4811D3745280FC344,MD,01,No,,,,,01,Dry,,,,,,,,
Injury Crashes,MSP745800PT,Maryland State Police,Front to Rear,Prince George's,Interstate,No,No,No,No,No,RAMP 12 FR IS 295 SB TO MD 210 SB,95,RAMP,No,True,No,2/25/2025,No,Point,38.800186667,-77.002785,MSP,03,16,02,No,6,,06:03,2025,Tuesday,12,Motor Vehicle In Transport,05,On Roadway,1,,,,,,01,Acceleration/Deceleration Lane,01,Daylight,2/25/2025,2025-02-25,N,35.87,F,N,,,3161E7FAF282E129D5D5CFEA861801178188440B1BE54DE96566E7D7B617AFA2,RP,01,No,,,,,01,Dry,,,,,,,,
Property Damage Crashes,DA4407000V,Prince George's County Police,Single Vehicle,Prince George's,Local,No,No,No,No,No,GLACIER AVE,375,COUNTY ROAD,No,True,No,3/15/2025,No,Point,38.877985138,-76.921422917,PGCOPD,101,16,03,No,11,,11:25,2025,Saturday,30,Fence,05,On Roadway,7,,,,,,06,Non-Junction,01,Daylight,3/15/2025,2025-03-15,S,8.55,F,N,,,1F8586343E1F62B484A4D6C84A9A3B5A796FFC0394F47C10B69EA07A7C51C800,CO,01,No,,,,,01,Dry,,,,,,,,
Property Damage Crashes,DA387800CQ,Prince George's County Police,Other,Prince George's,Major Collector,No,No,No,No,No,CARTER AVE,1043,COUNTY ROAD,No,True,No,3/22/2025,No,Point,38.965468498,-76.845917769,PGCOPD,98,16,03,No,22,04,22:24,2025,Saturday,12,Motor Vehicle In Transport,05,On Roadway,5,Perpendicular,,,ANNAPOLIS RD (WB/L),03,05,Intersection or Related,03,Dark - Lighted,3/22/2025,2025-03-22,S,0,F,N,,,708CC9271947F6349518CA2301FD905C5C226901D68D42C4EE6B6A243C8757B8,CO,01,No,,,,,01,Dry,01,Signalized,,,,,,
Property Damage Crashes,BW0221000L,Greenbelt Police Department,Single Vehicle,Prince George's,Principal Arterial – Other,No,No,No,No,No,GREENBELT RD,193,MARYLAND ROUTE,No,True,No,2/4/2025,No,Point,38.994399805,-76.879452080,GREENBELT,101,16,03,No,5,,05:00,2025,Tuesday,40,Tree (standing),07,"On Shoulder, Right Side",3,,,,,,06,Non-Junction,04,Dark - Not Lighted,2/4/2025,2025-02-04,E,48.06,F,N,,,8C7244E75671CA0FF285E86633F8D046167FF38728FC1491BB278F3D8840455C,MD,01,No,,,,,01,Dry,,,,,,,,
Property Damage Crashes,CE4115003D,Laurel Police Department,Angle,Prince George's,Principal Arterial – Other,No,No,No,No,No,GORMAN AVE,198,MARYLAND ROUTE,No,True,No,3/31/2025,No,Point,39.100133542,-76.853017740,LAUREL,01,16,03,No,21,02,21:49,2025,Monday,12,Motor Vehicle In Transport,05,On Roadway,3,Perpendicular,,,FOURTH ST,03,05,Intersection or Related,03,Dark - Lighted,3/31/2025,2025-03-31,N,0,F,N,,,6B2F57F720586A78481AFAA9F92B708B3561F11979662C4A36BA51406C7FD17B,MD,01,No,,,,,09,Wet,01,Signalized,,,,,,