Crash Severity Description,Reportnumber,Agencyname,CollisionImpact Description,Crash County Description,FunctionalClass Description,ImpairedCrash,Large Vehicle Involved,Motorcycle Crash,Non-Motorist Crash,OffRoad,RoadName,Route Number,RouteType Description,Unrestrained Occupants,WithinDateRange,Work Zone Related,Crashdate,Work Zone Crash,CrashPoint,Latitude,Longitude,AgencyCode,CollisionImpact,Crash County,Crash Severity,Crash Within Interchange,Crashhour,CrashInterchangeApproaches,Crashtime,CrashYear,Dayofweek,FirstHarmEvent,FirstHarmEvent Description,FirstHarmLocation,FirstHarmLocation Description,FunctionalClass,Geometry Description,GovPropertyDamage,GovPropertyDamage Description,IntersectingRoadName,Intersection Geometry,JunctionRelated,JunctionRelated Description,Light,Light Description,LOD Crash Date,LOD Date Level,MilepointDirection,MilepointDistance,MilepointUnits,NonTrafficFatal,OffroadLocation,OffroadLocation Description,RoadID,RouteType,SchoolBusRelated,SchoolBusRelated Description,SecondHarmEvent,SecondHarmEvent Description,SecondHarmLocation,SecondHarmLocation Description,Surface,Surface Description,TrafficControl,Trafficcontrol Description,WZLawEnforcementPresent,WZLocation,WZLocation Description,WZType,WZType Description,WZWorkersPresent
Property Damage Crashes,MSP745800S1,Maryland State Police,Front to Rear,Prince George's,Interstate,No,No,No,No,No,CAPITAL BELTWAY (SB/L),95,INTERSTATE ROUTE,No,True,No,4/17/2025,No,Point,38.807343333,-76.980698333,MSP,03,16,03,No,6,,06:23,2025,Thursday,12,Motor Vehicle In Transport,05,On Roadway,1,,,,,,01,Acceleration/Deceleration Lane,01,Daylight,4/17/2025,2025-04-17,S,41.51,F,N,,,D080588D2B1294328C50A6A00D38CB760777904E8CBF57039325E0FEFF637C47,IS,01,No,,,,,01,Dry,,,,,,,,
Property Damage Crashes,DA4233007K,Prince George's County Police,Front to Rear,Prince George's,Minor Arterial,No,No,No,No,No,WOODYARD RD,223,MARYLAND ROUTE,No,True,No,2/1/2025,No,Point,38.810386657,-76.824233510,PGCOPD,03,16,03,Yes,17,04,17:00,2025,Saturday,12,Motor Vehicle In Transport,05,On Roadway,4,Angled/Skewed,,,MARLBORO PIKE,01,05,Intersection or Related,01,Daylight,2/1/2025,2025-02-01,W,0,F,N,,,2C4C30086E3FD3F253FCD00C63804A2A06DBAB91585E350B08E737B7FF7E686C,MD,01,No,,,,,01,Dry,01,Signalized,,,,,,
Property Damage Crashes,MSP59750096,Maryland State Police,Front to Rear,Prince George's,Interstate,No,No,No,No,No,CAPITAL BELTWAY,495,INTERSTATE ROUTE,No,True,No,4/25/2025,No,Point,39.018248265,-76.963381919,MSP,03,16,03,No,13,,13:48,2025,Friday,12,Motor Vehicle In Transport,05,On Roadway,1,,,,,,09,Through Roadway,01,Daylight,4/25/2025,2025-04-25,N,155.28,F,N,,,A65B306D0D79B2C57DBB0C7719DF04811CEE4A6E641D0E9446F3861F51F714E7,IS,01,No,12,Motor Vehicle In Transport,05,On Roadway,01,Dry,,,,,,,,
Property Damage Crashes,DA4414000Z,Prince George's County Police,Angle,Prince George's,Principal Arterial – Other,No,No,No,No,No,BERRY RD (WB/L),228,MARYLAND ROUTE,No,True,No,5/30/2025,No,Point,38.655224336,-76.998898901,PGCOPD,01,16,03,Yes,0,03,00:57,2025,Friday,12,Motor Vehicle In Transport,05,On Roadway,3,Perpendicular,,,BEALLE HILL RD,03,05,Intersection or Related,04,Dark - Not Lighted,5/30/2025,2025-05-30,W,0,F,N,,,C0781ACA0C33DBF282CBF330BD8BF9AA6DA6A09BA4B59B92297A6277C7C82C0F,MD,01,No,,,,,01,Dry,01,Signalized,,,,,,
Injury Crashes,AT1038000J,Capitol Heights Police Department,Front to Front,Prince George's,Major Collector,No,No,No,No,No,LARCHMONT AVE,828,COUNTY ROAD,No,True,No,4/11/2025,No,Point,38.879664326,-76.918852628,CAPITOLHEIGHTS,02,16,02,No,20,,20:19,2025,Friday,12,Motor Vehicle In Transport,05,On Roadway,5,,,,,,06,Non-Junction,04,Dark - Not Lighted,4/11/2025,2025-04-11,S,20.17,F,N,,,E305A5B59FA871937332034DDD2C8A4EECD8C393B82B2FCDE0A5896ABDFE0ED1,CO,01,No,,,,,09,Wet,,,,,,,,
Injury Crashes,AM0391001Y,Bladensburg Police Department,Single Vehicle,Prince George's,Local,No,No,No,Yes,No,47TH ST #2,472,MUNICIPAL ROAD,Yes,True,No,3/26/2025,No,Point,38.939967689,-76.938092666,BLADENSBURG,101,16,02,No,12,,12:25,2025,Wednesday,17,Pedestrian,04,"Off-Roadway, Location Unknown",7,,,,,,06,Non-Junction,01,Daylight,3/26/2025,2025-03-26,E,14.11,F,N,,,691E6D90F5DFE8290BBA0620EBE660EDA111181F3075CE4AE74FC3154F9CB54B,MU,01,No,,,,,01,Dry,,,,,,,,
Property Damage Crashes,DA3641009P,Prince George's County Police,Front to Rear,Prince George's,Minor Arterial,No,No,No,No,No,ADELPHI RD (NB/L),232,COUNTY ROAD,No,True,No,3/1/2025,No,Point,38.986684999,-76.955917114,PGCOPD,03,16,03,No,6,,06:32,2025,Saturday,12,Motor Vehicle In Transport,05,On Roadway,4,,,,,,09,Through Roadway,100,Dawn,3/1/2025,2025-03-01,N,9.93,F,N,,,44CE351D4782E22CA7CB34513C36B2DFCDCDF6A12657CC0EDB202A048FC0578B,CO,01,No,,,,,01,Dry,,,,,,,,
Property Damage Crashes,DA421200FK,Prince George's County Police,Angle,Prince George's,Minor Arterial,No,No,No,No,No,ANNAPOLIS RD,450,MARYLAND ROUTE,No,True,No,2/18/2025,No,Point,38.939150725,-76.907398849,PGCOPD,01,16,03,Yes,14,04,14:31,2025,Tuesday,12,Motor Vehicle In Transport,05,On Roadway,4,Angled/Skewed,,,65TH AVE,01,05,Intersection or Related,01,Daylight,2/18/2025,2025-02-18,S,0,F,N,,,EEC4578DEAFB1CB332788A0B08A168A9C4842897AFA3A95D2A658E0781AF2ADC,MD,01,No,,,,,01,Dry,01,Signalized,,,,,,
Property Damage Crashes,AM0376002D,Bladensburg Police Department,Single Vehicle,Prince George's,Local,No,No,No,No,No,UPSHUR ST,150,MUNICIPAL ROAD,No,True,No,1/11/2025,No,Point,38.941065630,-76.939772067,BLADENSBURG,101,16,03,No,7,,07:50,2025,Saturday,30,Fence,09,Roadside,7,,,,46TH ST,,99,Unknown,01,Daylight,1/11/2025,2025-01-11,E,11.87,F,N,,,5D91FE4443E60F6F94C5805CEABFC68A1ABBE0E43C353F9E65FBC61B080CBFAC,MU,01,No,,,,,02,Ice/Frost,,,,,,,,
Injury Crashes,DA4350002R,Prince George's County Police,Front to Rear,Prince George's,Interstate,No,No,No,No,No,CAPITAL BELTWAY (SB/L),95,INTERSTATE ROUTE,No,True,No,2/7/2025,No,Point,38.807948359,-76.975305413,PGCOPD,03,16,02,No,14,,14:34,2025,Friday,12,Motor Vehicle In Transport,05,On Roadway,1,,,,,,09,Through Roadway,01,Daylight,2/7/2025,2025-02-07,N,8.26,F,N,,,FE85B858B8D61DE41F5F0D4DD9819A1FD79413D581E94135E2ECF209AD74C27B,IS,01,No,,,,,01,Dry,,,,,,,,
Property Damage Crashes,MSP647600J0,Maryland State Police,Single Vehicle,Prince George's,Major Collector,No,No,No,No,No,MOUNT OAK RD,1915,MUNICIPAL ROAD,No,True,No,4/15/2025,No,Point,38.925849029,-76.717191504,MSP,101,16,03,No,0,,00:28,2025,Tuesday,09,Animal (live),05,On Roadway,5,,,,CRAIN HWY (SB/L),,09,Through Roadway,04,Dark - Not Lighted,4/15/2025,2025-04-15,N,23.46,F,N,,,685C1310F115A5A1E20AB796C3A4525540D76D1BD5F0D0F6F5BE0D0B28077D44,MU,01,No,,,,,09,Wet,,,,,,,,
Injury Crashes,AZ1741000G,Cheverly Police Department,"Sideswipe, Same Direction",Prince George's,Principal Arterial – Other,No,No,No,No,No,LANDOVER RD,202,MARYLAND ROUTE,No,True,No,3/18/2025,No,Point,38.935841187,-76.918462046,CHEVERLY,07,16,02,No,6,,06:25,2025,Tuesday,12,Motor Vehicle In Transport,05,On Roadway,3,,,,,,06,Non-Junction,03,Dark - Lighted,3/18/2025,2025-03-18,W,42.97,F,N,,,FA04796562E97D722D8D8FF4682747EB542D3DEB8635836A7FFA459F3AD288A7,MD,01,No,,,,,01,Dry,,,,,,,,
Property Damage Crashes,DA3299000L,Prince George's County Police,"Sideswipe, Same Direction",Prince George's,,No,No,No,No,Yes,,,,No,True,No,2/7/2025,No,Point,38.816010582,-76.748512911,PGCOPD,07,16,03,,9,,09:36,2025,Friday,15,Parked Vehicle,02,In Parking Lane Or Zone,,,,,,,,,01,Daylight,2/7/2025,2025-02-07,,,F,N,100,Parking Stall,,,01,No,,,,,,,,,,,,,,
Property Damage Crashes,DA43310039,Prince George's County Police,Front to Rear,Prince George's,,No,No,No,No,No,,302,COUNTY ROAD,No,True,No,4/11/2025,No,Point,38.964318057,-76.898036317,PGCOPD,03,16,03,No,18,,18:36,2025,Friday,12,Motor Vehicle In Transport,05,On Roadway,,,,,,,09,Through Roadway,01,Daylight,4/11/2025,2025-04-11,W,26.35,F,N,,,DB05FA1A7E0D42535E35341876E745D4EAD8527EC4D8C595D27192FF95F0510A,CO,01,No,,,,,09,Wet,,,,,,,,
Property Damage Crashes,DA4395001S,Prince George's County Police,Front to Rear,Prince George's,,No,No,No,No,Yes,,,,No,True,No,2/18/2025,No,Point,38.990999039,-76.983486577,PGCOPD,03,16,03,,8,,08:35,2025,Tuesday,15,Parked Vehicle,02,In Parking Lane Or Zone,,,,,,,,,01,Daylight,2/18/2025,2025-02-18,,,F,N,100,Parking Stall,,,01,No,,,,,,,,,,,,,,
Injury Crashes,DA4316004T,Prince George's County Police,Other,Prince George's,Minor Arterial,No,Yes,No,No,No,POWDER MILL RD,212,MARYLAND ROUTE,Yes,True,No,2/5/2025,No,Point,39.044998207,-76.941108052,PGCOPD,98,16,02,Yes,6,04,06:50,2025,Wednesday,12,Motor Vehicle In Transport,05,On Roadway,4,Perpendicular,,,ALLVIEW DR EVANS TRAIL,03,05,Intersection or Related,01,Daylight,2/5/2025,2025-02-05,W,0,F,N,,,A5F601226029F0657AB40756DC73BFA33B18596B794A7B2B50589526927FD904,MD,02,"Yes, School Bus Directly Involved",15,Parked Vehicle,05,On Roadway,01,Dry,01,Signalized,,,,,,
Property Damage Crashes,CBPD01120055,Bowie Police Department,Other,Prince George's,Interstate,No,No,No,No,No,RAMP 6 FR IS 595 EB TO MD 197,595,RAMP,No,True,No,1/20/2025,No,Point,38.951454718,-76.742253007,BOWIE,98,16,03,No,22,,22:00,2025,Monday,12,Motor Vehicle In Transport,05,On Roadway,1,,,,,,06,Non-Junction,03,Dark - Lighted,1/20/2025,2025-01-20,N,6.13,F,N,,,AC98FE042CD1012BD65864F2E41919C89635324A1B989ED30B477052CB5F364D,RP,01,No,,,,,01,Dry,,,,,,,,
Property Damage Crashes,DA419600DM,Prince George's County Police,"Sideswipe, Opposite Direction",Prince George's,,No,Yes,No,No,Yes,,,,No,True,No,4/23/2025,No,Point,38.8876691,-76.8513862,PGCOPD,06,16,03,,14,,14:10,2025,Wednesday,12,Motor Vehicle In Transport,02,In Parking Lane Or Zone,,,,,,,,,01,Daylight,4/23/2025,2025-04-23,,,F,N,102,Parking Lot Way,,,01,No,,,,,,,,,,,,,,
Property Damage Crashes,MSP647600JZ,Maryland State Police,Single Vehicle,Prince George's,Interstate,No,No,No,No,No,CAPITAL BELTWAY (SB/L),95,INTERSTATE ROUTE,No,True,No,5/26/2025,No,Point,38.818441990,-76.932451808,MSP,101,16,03,No,21,,21:23,2025,Monday,32,Guardrail Face,06,"On Shoulder, Left Side",1,,101,State,,,09,Through Roadway,04,Dark - Not Lighted,5/26/2025,2025-05-26,N,29.34,F,N,,,FDC93E71A253835227121AF3EE5A01AE09F6C1895C149337EA2384EE4E2E7CA9,IS,01,No,29,Embankment,03,Median,01,Dry,,,,,,,,
Property Damage Crashes,DA4425000J,Prince George's County Police,Front to Rear,Prince George's,,No,No,No,No,No,,1728,PRIVATE ROAD,Yes,True,No,4/22/2025,No,Point,38.902708062,-76.875114813,PGCOPD,03,16,03,No,12,,12:00,2025,Tuesday,12,Motor Vehicle In Transport,02,In Parking Lane Or Zone,,,,,,,99,Unknown,01,Daylight,4/22/2025,2025-04-22,E,59.02,F,N,,,34E8B013F61698193CEA56D102BE59FBC6362572B3406BED1850FD40B115BB7C,PV,02,"Yes, School Bus Directly Involved",,,,,01,Dry,,,,,,,,
Property Damage Crashes,MSP757700KC,Maryland State Police,Front to Rear,Prince George's,Interstate,No,No,No,No,No,JOHN HANSON HWY (WB/L),595,INTERSTATE ROUTE,No,True,No,4/27/2025,No,Point,38.946623708,-76.845593662,MSP,03,16,03,No,17,,17:33,2025,Sunday,12,Motor Vehicle In Transport,05,On Roadway,1,,,,,,09,Through Roadway,01,Daylight,4/27/2025,2025-04-27,S,22.85,F,N,,,55EF0246873B3BF6399C77A13778A1C7F8FE94B055F40E9FD82FDD1EB4AD397F,IS,01,No,97,Not Applicable,,,01,Dry,,,,,,,,
Injury Crashes,MSP718600KQ,Maryland State Police,Front to Front,Prince George's,Major Collector,No,No,No,No,No,HEATHERMORE BLVD (NB/L),3923,COUNTY ROAD,Yes,True,No,5/6/2025,No,Point,38.776312560,-76.800159593,MSP,02,16,02,No,6,03,06:08,2025,Tuesday,12,Motor Vehicle In Transport,05,On Roadway,5,Angled/Skewed,101,State,CRAIN HWY (SB/L),01,05,Intersection or Related,01,Daylight,5/6/2025,2025-05-06,N,0,F,N,,,E5471B3C696D193ECE6E64DC80AFCC398CA15EF87686357A63EE421CE63ACFF9,CO,01,No,,,,,09,Wet,01,Signalized,,,,,,
Property Damage Crashes,DA4342003Z,Prince George's County Police,Other,Prince George's,,No,No,No,No,Yes,,,,No,True,No,2/25/2025,No,Point,38.902486360,-76.887988832,PGCOPD,98,16,03,,15,,15:22,2025,Tuesday,15,Parked Vehicle,02,In Parking Lane Or Zone,,,,,,,,,01,Daylight,2/25/2025,2025-02-25,,,F,N,102,Parking Lot Way,,,01,No,35,"Other Fixed Object (wall, building, tunnel, etc.)",04,"Off-Roadway, Location Unknown",,,,,,,,,,
Property Damage Crashes,BE01130004,District Heights Police Department,"Sideswipe, Opposite Direction",Prince George's,,No,No,No,No,No,MARLBORO PIKE (NB/L),3074,COUNTY ROAD,No,True,No,4/19/2025,No,Point,38.853026455,-76.896149244,DISTHEIGHTS,06,16,03,No,19,,19:36,2025,Saturday,12,Motor Vehicle In Transport,05,On Roadway,,,,,,,06,Non-Junction,01,Daylight,4/19/2025,2025-04-19,S,62.7,F,N,,,1950C2370EBAA8A7F809B4FA4A6DFA22101D147AB52BCEBE3C42E81A6555E341,CO,01,No,,,,,01,Dry,,,,,,,,
Property Damage Crashes,DA4297003P,Prince George's County Police,Front to Front,Prince George's,Local,No,No,No,No,No,CYPRESS ST,1020,COUNTY ROAD,No,True,No,2/4/2025,No,Point,39.081253461,-76.860936343,PGCOPD,02,16,03,No,8,,08:18,2025,Tuesday,12,Motor Vehicle In Transport,05,On Roadway,7,,,,,,99,Unknown,01,Daylight,2/4/2025,2025-02-04,W,41.6,F,N,,,ADC31A064A6A3766C9D069C7C9A8D042C0560EE3288C4F3AF6A8EDFA3E939A97,CO,01,No,,,,,01,Dry,,,,,,,,
Injury Crashes,GE02430054,Morningside Police Department,Other,Prince George's,,No,No,No,No,No,NO NAME,1124,LOCAL ROAD,No,True,No,5/14/2025,No,Point,38.822514948,-76.884456473,MORNINGSIDE,98,16,02,No,15,,15:33,2025,Wednesday,12,Motor Vehicle In Transport,05,On Roadway,,,,,ALLENTOWN RD (SB/L),,09,Through Roadway,01,Daylight,5/14/2025,2025-05-14,N,4.83,F,N,,,D4ED47067536032E0504A5F79CBA5A621058E168D9DBE3D13A93EED8B5B285B0,LL,01,No,27,Curb,03,Median,01,Dry,,,,,,,,
Property Damage Crashes,DA4278007L,Prince George's County Police,Other,Prince George's,Principal Arterial – Other,No,No,No,No,No,MARTIN LUTHER KING JR HWY,704,MARYLAND ROUTE,No,True,No,5/28/2025,No,Point,38.955919753,-76.826836919,PGCOPD,98,16,03,No,15,,15:00,2025,Wednesday,12,Motor Vehicle In Transport,05,On Roadway,3,,,,,,02,Crossover-Related,01,Daylight,5/28/2025,2025-05-28,W,31.24,F,N,,,E5CC05650FB0853083D46AADAF270406F7787A03B11D1342F82A43E93DAD5EC7,MD,01,No,,,,,09,Wet,,,,,,,,
Property Damage Crashes,DA4057008Q,Prince George's County Police,Front to Rear,Prince George's,Local,No,No,No,No,No,E FRANKLIN AVE,1833,COUNTY ROAD,No,True,No,4/4/2025,No,Point,38.976971908,-76.815422769,PGCOPD,03,16,03,No,21,,21:42,2025,Friday,15,Parked Vehicle,07,"On Shoulder, Right Side",7,,,,,,06,Non-Junction,04,Dark - Not Lighted,4/4/2025,2025-04-04,W,41.65,F,N,,,25C435084EAE06D6FF6B9C89250D7C4218B1BB7A41946C079F2C16BEC0470A39,CO,01,No,,,,,01,Dry,,,,,,,,
Property Damage Crashes,MSP7872002P,Maryland State Police,"Sideswipe, Same Direction",Prince George's,Principal Arterial – Other,No,No,No,No,No,BRANCH AVE (SB/L),5,MARYLAND ROUTE,No,True,No,2/25/2025,No,Point,38.815815483,-76.915191254,MSP,07,16,03,Yes,20,,20:35,2025,Tuesday,12,Motor Vehicle In Transport,05,On Roadway,3,,,,,,09,Through Roadway,03,Dark - Lighted,2/25/2025,2025-02-25,S,63.26,F,N,,,AF915EFD84DB3C268C93CE7EF3FCE2E0F70610C0FE69EC7BAAA2B0C62E1C5A81,MD,01,No,,,,,01,Dry,,,,,,,,
Property Damage Crashes,DA4366002G,Prince George's County Police,Front to Rear,Prince George's,Major Collector,No,No,No,No,No,HILL RD,360,COUNTY ROAD,Yes,True,No,3/5/2025,No,Point,38.892986234,-76.878346954,PGCOPD,03,16,03,No,23,,23:00,2025,Wednesday,15,Parked Vehicle,05,On Roadway,5,,,,,,09,Through Roadway,04,Dark - Not Lighted,3/5/2025,2025-03-05,N,7.63,F,N,,,D3317BD3A6C6B92F753DE6078DCF8F9BBCA9A411D02AB8AAA507DE1BEF17B5CB,CO,01,No,,,,,01,Dry,,,,,,,,
Property Damage Crashes,DA40890090,Prince George's County Police,Front to Front,Prince George's,Major Collector,No,No,No,No,No,ADDISON RD,351,COUNTY ROAD,No,True,No,4/11/2025,No,Point,38.905130401,-76.916181965,PGCOPD,02,16,03,Unknown,23,04,23:50,2025,Friday,12,Motor Vehicle In Transport,05,On Roadway,5,Angled/Skewed,,,SHERIFF RD,01,05,Intersection or Related,03,Dark - Lighted,4/11/2025,2025-04-11,W,0,F,N,,,A698C91CAC9A871A92D923DB70C6365F7A2766A2ED76C0A154C725D6B43EE557,CO,01,No,,,,,09,Wet,01,Signalized,,,,,,
Property Damage Crashes,DA4431000C,Prince George's County Police,"Sideswipe, Same Direction",Prince George's,Principal Arterial – Other,No,Yes,No,No,No,BALTIMORE AVE,1,UNITED STATE ROUTE,No,True,No,1/17/2025,No,Point,39.011449051,-76.928459721,PGCOPD,07,16,03,No,8,04,08:00,2025,Friday,12,Motor Vehicle In Transport,05,On Roadway,3,Perpendicular,,,HOLLYWOOD RD,03,05,Intersection or Related,01,Daylight,1/17/2025,2025-01-17,N,0,F,N,,,FEF755C5F248392D6141766989956C554EF8701F3EC386B8DE9B4AFD755A755F,US,02,"Yes, School Bus Directly Involved",,,,,01,Dry,03,Stop - Partial,,,,,,
Injury Crashes,MSP78720035,Maryland State Police,Front to Rear,Prince George's,Interstate,No,No,No,No,No,CAPITAL BELTWAY (SB/L),95,INTERSTATE ROUTE,No,True,No,4/5/2025,No,Point,38.847427377,-76.861615310,MSP,03,16,02,No,14,,14:52,2025,Saturday,12,Motor Vehicle In Transport,05,On Roadway,1,,,,,,09,Through Roadway,01,Daylight,4/5/2025,2025-04-05,N,36.35,F,N,,,4D78FFF673FA13BBD6326CEBD6A6C1845DB9D115D873FCEDE7583236A7954D29,IS,01,No,,,,,01,Dry,,,,,,,,
Injury Crashes,DA3594003F,Prince George's County Police,Front to Rear,Prince George's,Principal Arterial – Other,No,No,No,No,No,ST BARNABAS RD (WB/L),414,MARYLAND ROUTE,No,True,No,1/6/2025,No,Point,38.831152819,-76.941215770,PGCOPD,03,16,02,No,19,04,19:00,2025,Monday,12,Motor Vehicle In Transport,05,On Roadway,3,Perpendicular,,,28TH AVE (NB/L) RAMP 6 FR RAMP 3 (FR MD 5) TO MD 414 SB,03,05,Intersection or Related,03,Dark - Lighted,1/6/2025,2025-01-06,N,0,F,N,,,8BDBB5F8803DF9A6FBFF93325E24D90E29937682668BC858CBC22FD0F53FA766,MD,01,No,,,,,02,Ice/Frost,01,Signalized,,,,,,
Injury Crashes,DA364800CJ,Prince George's County Police,Front to Front,Prince George's,Local,No,No,No,No,No,LAKE FOREST DR,7119,COUNTY ROAD,No,True,No,4/24/2025,No,Point,38.849927067,-76.741540033,PGCOPD,02,16,02,No,8,,08:20,2025,Thursday,12,Motor Vehicle In Transport,05,On Roadway,7,,,,BEECH ORCHARD LA (SB/L),,09,Through Roadway,01,Daylight,4/24/2025,2025-04-24,W,30.12,F,N,,,A3BE2EE6042BEA9D944756A9B4BE566C12A6AEEBB987E3BDC66BF2AFB317B481,CO,01,No,,,,,01,Dry,,,,,,,,
Property Damage Crashes,MSP7453009H,Maryland State Police,Front to Rear,Prince George's,Interstate,No,Yes,No,No,No,CAPITAL BELTWAY,95,INTERSTATE ROUTE,No,True,No,3/7/2025,No,Point,38.98079855,-76.875613117,MSP,03,16,03,No,8,,08:07,2025,Friday,12,Motor Vehicle In Transport,05,On Roadway,1,,,,,,06,Non-Junction,01,Daylight,3/7/2025,2025-03-07,W,42.06,F,N,,,6C1C20D30A2CDCEEA7572FBF0094926F8DEE9618D609EAA35114D9BDDAC66E1A,IS,01,No,12,Motor Vehicle In Transport,05,On Roadway,01,Dry,,,,,,,,
Property Damage Crashes,DA4397000V,Prince George's County Police,Single Vehicle,Prince George's,,No,No,No,No,Yes,,,,No,True,No,3/16/2025,No,Point,38.827392229,-76.944562575,PGCOPD,101,16,03,,12,,12:10,2025,Sunday,35,"Other Fixed Object (wall, building, tunnel, etc.)",02,In Parking Lane Or Zone,,,,,,,,,01,Daylight,3/16/2025,2025-03-16,,,F,N,102,Parking Lot Way,,,01,No,,,,,,,,,,,,,,
Property Damage Crashes,BW0222000M,Greenbelt Police Department,"Sideswipe, Same Direction",Prince George's,Local,No,No,No,No,No,EDMONSTON RD,90,MUNICIPAL ROAD,No,True,No,1/11/2025,No,Point,39.004621578,-76.897839740,GREENBELT,07,16,03,No,2,,02:15,2025,Saturday,12,Motor Vehicle In Transport,05,On Roadway,7,,,,,,06,Non-Junction,03,Dark - Lighted,1/11/2025,2025-01-11,N,40.88,F,N,,,775CAF23E5E88BB7DA0139ECE02F99FE0B266C757175B022AA6AE3B119138641,MU,01,No,,,,,07,Snow,,,,,,,,
Property Damage Crashes,DA4074007W,Prince George's County Police,Angle,Prince George's,Principal Arterial – Other,No,No,No,No,No,OXON HILL RD,414,MARYLAND ROUTE,No,True,No,3/19/2025,No,Point,38.803284234,-76.990406055,PGCOPD,01,16,03,Yes,9,,09:45,2025,Wednesday,12,Motor Vehicle In Transport,05,On Roadway,3,,,,,,03,Driveway Access or Related,01,Daylight,3/19/2025,2025-03-19,W,9.38,F,N,,,EA97B6486D051B9105BB0FE22F04AB312DBA8C39A52E6CFBC0CC80AEA12BF95B,MD,01,No,,,,,01,Dry,,,,,,,,
Injury Crashes,DA338900BZ,Prince George's County Police,Single Vehicle,Prince George's,Minor Arterial,Yes,No,No,Yes,No,LIVINGSTON RD,1203,COUNTY ROAD,No,True,No,5/9/2025,No,Point,38.804552342,-76.990349992,PGCOPD,101,16,02,No,14,,14:46,2025,Friday,17,Pedestrian,09,Roadside,4,,,,,,09,Through Roadway,01,Daylight,5/9/2025,2025-05-09,S,27.08,F,N,,,4A377C83D3425D22BC3EFD693A110976C013E1914AE4D08EE5699BDC5C6AE474,CO,01,No,,,,,01,Dry,,,,,,,,
Property Damage Crashes,MSP617100P7,Maryland State Police,"Sideswipe, Same Direction",Prince George's,Interstate,No,No,No,No,No,RAMP 7 FR IS 95 WB TO US 1 SB,95,RAMP,No,True,No,5/11/2025,No,Point,39.019647557,-76.925997132,MSP,07,16,03,No,18,,18:22,2025,Sunday,12,Motor Vehicle In Transport,05,On Roadway,1,,,,,,06,Non-Junction,01,Daylight,5/11/2025,2025-05-11,N,11.59,F,N,,,CBB7E201DA7CD7ACA5749BF78852C1452714E889AA5FA73D85C7837DF0DD386D,RP,01,No,,,,,01,Dry,,,,,,,,
Property Damage Crashes,DA3002006X,Prince George's County Police,Front to Rear,Prince George's,Local,No,No,No,No,No,KETTERING DR W,4736,COUNTY ROAD,No,True,No,5/3/2025,No,Point,38.884371271,-76.814737583,PGCOPD,03,16,03,No,20,04,20:28,2025,Saturday,12,Motor Vehicle In Transport,05,On Roadway,7,Perpendicular,,,LARGO RD (SB/L),03,05,Intersection or Related,03,Dark - Lighted,5/3/2025,2025-05-03,S,0,F,N,,,9F37B8C8C375A7B2C2928B14DC3D3406D06DEAFFF753C311237CEE11F7081C2E,CO,01,No,,,,,01,Dry,02,Stop - All Way,,,,,,
Property Damage Crashes,DA43400043,Prince George's County Police,Front to Front,Prince George's,Minor Arterial,Yes,No,No,No,No,ANNAPOLIS RD,450,MARYLAND ROUTE,No,True,No,2/15/2025,No,Point,38.963681394,-76.857543328,PGCOPD,02,16,03,No,23,,23:14,2025,Saturday,12,Motor Vehicle In Transport,99,Unknown,4,,,,WHITFIELD CHAPEL RD,,01,Acceleration/Deceleration Lane,03,Dark - Lighted,2/15/2025,2025-02-15,E,29.11,F,N,,,DE4FC597E2E9919F1F802194E85D507D14FBD35BF07E495769C26F0EFE80B600,MD,01,No,,,,,09,Wet,,,,,,,,
Injury Crashes,DA33400023,Prince George's County Police,Other,Prince George's,Local,No,No,No,No,No,AUDREY LA (NB/L),660,COUNTY ROAD,No,True,No,4/20/2025,No,Point,38.818732824,-76.999601131,PGCOPD,98,16,02,Yes,15,04,15:58,2025,Sunday,12,Motor Vehicle In Transport,05,On Roadway,7,Perpendicular,,,INDIAN HEAD HWY,03,05,Intersection or Related,01,Daylight,4/20/2025,2025-04-20,W,0,F,N,,,E05EAFED6AD5002795B5BB140DC4EA74AA1418386630AA5238B6D49BDAFDB830,CO,01,No,12,Motor Vehicle In Transport,05,On Roadway,01,Dry,01,Signalized,,,,,,
Property Damage Crashes,DJ01740034,Seat Pleasant Police Department,"Sideswipe, Same Direction",Prince George's,Major Collector,No,No,No,No,No,HILL RD,360,COUNTY ROAD,No,True,No,4/15/2025,No,Point,38.888705515,-76.877201660,SEATPLEASANT,07,16,03,Yes,17,03,17:43,2025,Tuesday,12,Motor Vehicle In Transport,05,On Roadway,5,Angled/Skewed,,,CENTRAL AVE (WB/L),01,05,Intersection or Related,01,Daylight,4/15/2025,2025-04-15,W,0,F,N,,,9BA04A38CF52F525D60AA02664B28A2048C36C6BFF7EA013EFA2CE1FDBC6961F,CO,01,No,12,Motor Vehicle In Transport,05,On Roadway,01,Dry,02,Stop - All Way,,,,,,
Property Damage Crashes,MSP745800QR,Maryland State Police,Front to Rear,Prince George's,Interstate,No,No,No,No,No,CAPITAL BELTWAY,95,INTERSTATE ROUTE,No,True,No,3/21/2025,No,Point,38.936545,-76.855195,MSP,03,16,03,No,12,,12:59,2025,Friday,12,Motor Vehicle In Transport,05,On Roadway,1,,,,,,01,Acceleration/Deceleration Lane,01,Daylight,3/21/2025,2025-03-21,N,31.73,F,N,,,80B69D79DB74E62FED573EA3B2E40E07671558D9B509B0F5DB98F11EC08E3E8D,IS,01,No,,,,,01,Dry,,,,,,,,