Crash Severity Description,Reportnumber,Agencyname,CollisionImpact Description,Crash County Description,FunctionalClass Description,ImpairedCrash,Large Vehicle Involved,Motorcycle Crash,Non-Motorist Crash,OffRoad,RoadName,Route Number,RouteType Description,Unrestrained Occupants,WithinDateRange,Work Zone Related,Crashdate,Work Zone Crash,CrashPoint,Latitude,Longitude,AgencyCode,CollisionImpact,Crash County,Crash Severity,Crash Within Interchange,Crashhour,CrashInterchangeApproaches,Crashtime,CrashYear,Dayofweek,FirstHarmEvent,FirstHarmEvent Description,FirstHarmLocation,FirstHarmLocation Description,FunctionalClass,Geometry Description,GovPropertyDamage,GovPropertyDamage Description,IntersectingRoadName,Intersection Geometry,JunctionRelated,JunctionRelated Description,Light,Light Description,LOD Crash Date,LOD Date Level,MilepointDirection,MilepointDistance,MilepointUnits,NonTrafficFatal,OffroadLocation,OffroadLocation Description,RoadID,RouteType,SchoolBusRelated,SchoolBusRelated Description,SecondHarmEvent,SecondHarmEvent Description,SecondHarmLocation,SecondHarmLocation Description,Surface,Surface Description,TrafficControl,Trafficcontrol Description,WZLawEnforcementPresent,WZLocation,WZLocation Description,WZType,WZType Description,WZWorkersPresent
Property Damage Crashes,DA418800G0,Prince George's County Police,Front to Rear,Prince George's,Local,No,No,No,No,No,TUCKERMAN ST,1527,COUNTY ROAD,No,True,Yes,3/23/2025,Yes,Point,38.967118621,-76.918196644,PGCOPD,03,16,03,No,8,04,08:51,2025,Sunday,12,Motor Vehicle In Transport,05,On Roadway,7,Perpendicular,,,KENILWORTH AVE RIVER RD,03,05,Intersection or Related,01,Daylight,3/23/2025,2025-03-23,S,0,F,N,,,F98E191781B1CB3E3AE4661B85974F9A3DF15875C6D133C3E13A15C1D6B197BA,CO,01,No,,,,,01,Dry,01,Signalized,N,04,Activity Area,04,Intermittent or Moving Work,No
Property Damage Crashes,MSP647600HS,Maryland State Police,Front to Rear,Prince George's,Principal Arterial – Other,No,No,No,No,No,CRAIN HWY (SB/L),301,UNITED STATE ROUTE,No,True,No,4/5/2025,No,Point,38.810484586,-76.740119683,MSP,03,16,03,No,15,,15:49,2025,Saturday,12,Motor Vehicle In Transport,05,On Roadway,3,,,,,,09,Through Roadway,01,Daylight,4/5/2025,2025-04-05,E,52.81,F,N,,,D6802FD4CEB2C28FC2249959CD3B0062952222BBC72911415D3ACCD328BCAC84,US,01,No,,,,,01,Dry,,,,,,,,
Property Damage Crashes,DA3746009R,Prince George's County Police,Single Vehicle,Prince George's,Minor Arterial,No,No,No,No,No,,223,MARYLAND ROUTE,No,True,No,1/7/2025,No,Point,38.775827043,-76.868477824,PGCOPD,101,16,03,No,16,,16:59,2025,Tuesday,41,Utility Pole/Light Support,09,Roadside,4,,,,,,06,Non-Junction,01,Daylight,1/7/2025,2025-01-07,E,20.78,F,N,,,B5B9D54269470A58AC1753B35A779CDB07D0727CA9C79A398DFDC8319ECDE965,MD,01,No,,,,,09,Wet,,,,,,,,
Property Damage Crashes,DA4294003L,Prince George's County Police,"Sideswipe, Same Direction",Prince George's,Principal Arterial – Other Freeways and Expressways,No,No,No,No,No,INDIAN HEAD HWY (SB/L),210,MARYLAND ROUTE,No,True,No,3/13/2025,No,Point,38.770505197,-76.995237596,PGCOPD,07,16,03,No,10,,10:45,2025,Thursday,12,Motor Vehicle In Transport,05,On Roadway,2,,,,,,06,Non-Junction,01,Daylight,3/13/2025,2025-03-13,W,50.02,F,N,,,B1ABA755EA042D8326740BCF7EA847976F541E339C4C8738637F2C58858EFA5B,MD,01,No,,,,,01,Dry,,,,,,,,
Property Damage Crashes,DA3352005J,Prince George's County Police,Single Vehicle,Prince George's,Local,No,No,No,No,No,R ST,349,COUNTY ROAD,No,True,No,1/9/2025,No,Point,38.912588,-76.932659,PGCOPD,101,16,03,No,7,,07:40,2025,Thursday,27,Curb,09,Roadside,7,,,,ALLEY,,09,Through Roadway,01,Daylight,1/9/2025,2025-01-09,W,46.95,F,N,,,C8D4D47164D602C220B3DCB203FB68263EF7A3E8634707A14C6AF5EC85053B3D,CO,01,No,,,,,02,Ice/Frost,,,,,,,,
Property Damage Crashes,DA4195006P,Prince George's County Police,Unknown,Prince George's,Local,No,No,No,No,No,HOLTON LA,1696,COUNTY ROAD,No,True,No,2/3/2025,No,Point,38.811316219,-76.945210243,PGCOPD,99,16,03,Unknown,21,,21:57,2025,Monday,97,Not Applicable,99,Unknown,7,,,,,,99,Unknown,05,Dark - Unknown Lighting,2/3/2025,2025-02-03,N,33.85,F,N,,,11C01CF2EE19D7DBCFCF2EF538CF0335D09C47B7254CD359A00BA3B4D5923AF5,CO,01,No,,,,,99,Unknown,,,,,,,,
Property Damage Crashes,MSP647600GP,Maryland State Police,Single Vehicle,Prince George's,Principal Arterial – Other,No,No,No,No,No,STEPHANIE ROPER HWY,4,MARYLAND ROUTE,No,True,No,1/19/2025,No,Point,38.811746045,-76.715911667,MSP,101,16,03,No,16,,16:14,2025,Sunday,29,Embankment,03,Median,3,,,,,,09,Through Roadway,01,Daylight,1/19/2025,2025-01-19,S,21.34,F,N,,,ACF0A72394C40A64712C3386A2B30218E0DE042E68828428C779DC699850176F,MD,01,No,,,,,02,Ice/Frost,,,,,,,,
Injury Crashes,MSP617100N1,Maryland State Police,Angle,Prince George's,Principal Arterial – Other Freeways and Expressways,No,No,No,No,No,INTERCOUNTY CONNECTOR (WB/L),200,MARYLAND ROUTE,No,True,No,2/23/2025,No,Point,39.065590004,-76.881311756,MSP,01,16,02,No,20,,20:35,2025,Sunday,12,Motor Vehicle In Transport,05,On Roadway,2,,,,,,06,Non-Junction,03,Dark - Lighted,2/23/2025,2025-02-23,N,16.05,F,N,,,098FD30611D35D7A60A7D8CA40D50FC6B72B1565F51F6920292D2E4D06FB38B8,MD,01,No,,,,,01,Dry,,,,,,,,
Property Damage Crashes,DA4049004H,Prince George's County Police,"Sideswipe, Same Direction",Prince George's,Local,No,No,No,No,No,CHAVEZ LA,2065,COUNTY ROAD,No,True,No,4/12/2025,No,Point,38.844416251,-76.891841351,PGCOPD,07,16,03,Yes,12,02,12:36,2025,Saturday,12,Motor Vehicle In Transport,05,On Roadway,7,Perpendicular,,,WALTERS LA,03,05,Intersection or Related,01,Daylight,4/12/2025,2025-04-12,W,0,F,N,,,512504CDFB41F6DAEC6385F4ED54267787748685D187A1724344BAF8B1AADC5A,CO,01,No,,,,,01,Dry,02,Stop - All Way,,,,,,
Property Damage Crashes,DA43940010,Prince George's County Police,Angle,Prince George's,Local,No,No,No,No,No,43RD AVE,1519,COUNTY ROAD,No,True,No,3/14/2025,No,Point,39.034002279,-76.921283569,PGCOPD,01,16,03,No,11,,11:28,2025,Friday,12,Motor Vehicle In Transport,02,In Parking Lane Or Zone,7,,,,,,06,Non-Junction,01,Daylight,3/14/2025,2025-03-14,N,61.61,F,N,,,6CF1E6BF93FD4ED8E19313924B0C0AECC66E96CF8D37E6B2B865F9D05B5C695C,CO,01,No,,,,,04,Oil,,,,,,,,
Property Damage Crashes,DA3381003P,Prince George's County Police,Front to Rear,Prince George's,Major Collector,No,No,No,No,No,HILL RD,360,COUNTY ROAD,No,True,No,2/1/2025,No,Point,38.893510917,-76.878496876,PGCOPD,03,16,03,Yes,12,03,12:32,2025,Saturday,12,Motor Vehicle In Transport,05,On Roadway,5,Perpendicular,,,MARY SCOTT DR,03,05,Intersection or Related,01,Daylight,2/1/2025,2025-02-01,S,0,F,N,,,7911031F2225B20509E874B4AEE3C8D7BDF18287A7C66846CB973DFA4567A2F9,CO,01,No,12,Motor Vehicle In Transport,05,On Roadway,01,Dry,05,No Controls,,,,,,
Property Damage Crashes,DA43500035,Prince George's County Police,Single Vehicle,Prince George's,Principal Arterial – Other,No,No,No,No,No,BRANCH AVE (SB/L),5,MARYLAND ROUTE,No,True,No,5/13/2025,No,Point,38.844154180,-76.950210947,PGCOPD,101,16,03,No,5,,05:11,2025,Tuesday,37,Other Traffic Barrier,05,On Roadway,3,,,,,,09,Through Roadway,03,Dark - Lighted,5/13/2025,2025-05-13,S,23.22,F,N,,,36774C5B3C8E9BE186C1138023A33053716049C15A7086785DCC21B6B0421CEF,MD,01,No,,,,,09,Wet,,,,,,,,
Property Damage Crashes,DA4389002Q,Prince George's County Police,Front to Front,Prince George's,Minor Arterial,No,No,No,No,No,RIGGS RD,212,MARYLAND ROUTE,No,True,No,4/25/2025,No,Point,38.981666173,-76.978865186,PGCOPD,02,16,03,No,15,,15:16,2025,Friday,12,Motor Vehicle In Transport,05,On Roadway,4,,,,,,09,Through Roadway,01,Daylight,4/25/2025,2025-04-25,S,30.48,F,N,,,AE8C17ACB1E4CED576C64405095BD73A92B9C16A2D89D714F575C573BC98B4B2,MD,01,No,,,,,01,Dry,,,,,,,,
Injury Crashes,DA41510063,Prince George's County Police,Single Vehicle,Prince George's,Principal Arterial – Other,No,No,No,Yes,No,LANDOVER RD,202,MARYLAND ROUTE,No,True,No,4/4/2025,No,Point,38.936714317,-76.920641403,PGCOPD,101,16,02,No,20,,20:32,2025,Friday,14,Other Non-Motorist,05,On Roadway,3,,,,,,09,Through Roadway,03,Dark - Lighted,4/4/2025,2025-04-04,E,24.04,F,N,,,E3E531DF112EB2DA60C6F4FEC7A8FC4FEBEAD16608E00C42801623DC2AFEA1D0,MD,01,No,,,,,01,Dry,,,,,,,,
Property Damage Crashes,DA34450013,Prince George's County Police,Single Vehicle,Prince George's,Principal Arterial – Other,No,No,No,No,No,CRAIN HWY (SB/L),301,UNITED STATE ROUTE,No,True,No,4/4/2025,No,Point,38.764017676,-76.806133757,PGCOPD,101,16,03,No,4,,04:00,2025,Friday,09,Animal (live),05,On Roadway,3,,100,Local,,,06,Non-Junction,03,Dark - Lighted,4/4/2025,2025-04-04,N,4.51,F,N,,,4EAEBBE58D72E6C1A2B862A1E82CBF7A4D995B89ACAF43B5A00F62BD0BC43A5A,US,01,No,,,,,01,Dry,,,,,,,,
Property Damage Crashes,DA3372003X,Prince George's County Police,Angle,Prince George's,Principal Arterial – Other,No,No,No,No,No,OXON HILL RD (WB/L),414,MARYLAND ROUTE,No,True,No,3/14/2025,No,Point,38.805085141,-76.976096913,PGCOPD,01,16,03,No,14,,14:54,2025,Friday,12,Motor Vehicle In Transport,05,On Roadway,3,,,,,,06,Non-Junction,01,Daylight,3/14/2025,2025-03-14,E,20.29,F,N,,,243EE8B1AA1AA44C0F58E95E723BBB162BFD9A4387E909D0B599DF27A4AB9680,MD,01,No,,,,,01,Dry,,,,,,,,
Property Damage Crashes,DA3546009G,Prince George's County Police,Angle,Prince George's,Minor Arterial,No,No,No,No,No,OLD BRANCH AVE,3675,COUNTY ROAD,No,True,No,5/11/2025,No,Point,38.765750058,-76.898304325,PGCOPD,01,16,03,Yes,11,,11:24,2025,Sunday,12,Motor Vehicle In Transport,05,On Roadway,4,,,,,,03,Driveway Access or Related,01,Daylight,5/11/2025,2025-05-11,S,31.55,F,N,,,9B6E4F063131DE9E506C0436E422FC2AA2C03F183DE65A4C89CBD73ADB46503D,CO,01,No,,,,,01,Dry,,,,,,,,
Property Damage Crashes,DA3127001P,Prince George's County Police,Front to Rear,Prince George's,Local,No,No,No,No,No,MCHENRY LA,1951,COUNTY ROAD,No,True,No,4/30/2025,No,Point,38.959871532,-76.851567446,PGCOPD,03,16,03,No,19,,19:00,2025,Wednesday,15,Parked Vehicle,05,On Roadway,7,,,,,,06,Non-Junction,01,Daylight,4/30/2025,2025-04-30,W,23.03,F,N,,,AD178493A3826B7BBFDC3D09498075F862E5F4043684B2F31894EDED0471606C,CO,01,No,,,,,01,Dry,,,,,,,,
Property Damage Crashes,DA398700CP,Prince George's County Police,Angle,Prince George's,,No,No,No,No,No,,1223,PRIVATE ROAD,No,True,No,5/18/2025,No,Point,38.988344692,-76.836770827,PGCOPD,01,16,03,Yes,0,03,00:01,2025,Sunday,12,Motor Vehicle In Transport,05,On Roadway,,Perpendicular,,,GOOD LUCK RD GOOD LUCK RD (WB/L),03,05,Intersection or Related,03,Dark - Lighted,5/18/2025,2025-05-18,N,0,F,N,,,AD2AE0D0325BC2DFDF4D31B7BFFB368DAA2725A9616BDDCC716D84AE69D8F702,PV,01,No,,,,,01,Dry,03,Stop - Partial,,,,,,
Property Damage Crashes,CP0164002C,Mount Rainier Police Department,Front to Front,Prince George's,Major Collector,No,No,No,No,No,BUNKER HILL RD,40,MUNICIPAL ROAD,No,True,No,3/3/2025,No,Point,38.938819194,-76.958771166,MTRAINIER,02,16,03,No,9,,09:35,2025,Monday,12,Motor Vehicle In Transport,05,On Roadway,5,,,,,,06,Non-Junction,01,Daylight,3/3/2025,2025-03-03,N,14.5,F,N,,,38756FD34F69893D5649FA700523AD6DC732D5C8C16AE223114EFFCC630B1495,MU,01,No,,,,,01,Dry,,,,,,,,
Property Damage Crashes,MSP744700LR,Maryland State Police,Front to Rear,Prince George's,Interstate,No,Yes,No,No,No,CAPITAL BELTWAY,95,INTERSTATE ROUTE,No,True,No,1/3/2025,No,Point,38.911405,-76.849785,MSP,03,16,03,No,20,,20:13,2025,Friday,12,Motor Vehicle In Transport,05,On Roadway,1,,,,,,06,Non-Junction,04,Dark - Not Lighted,1/3/2025,2025-01-03,E,7.69,F,N,,,EB215B000A3B01A6CC8DFED61764DB5341A2A2F46B892D4B3474E17D0865BDB2,IS,01,No,,,,,01,Dry,,,,,,,,
Property Damage Crashes,MSP718600JB,Maryland State Police,Front to Rear,Prince George's,Local,No,No,No,No,No,BEECH TREE PKWY,6872,COUNTY ROAD,No,True,No,2/28/2025,No,Point,38.852281083,-76.726170790,MSP,03,16,03,No,17,,17:12,2025,Friday,12,Motor Vehicle In Transport,05,On Roadway,7,,,,CRAIN HWY (SB/L) SWANSON RD,,09,Through Roadway,01,Daylight,2/28/2025,2025-02-28,S,42.08,F,N,,,FC9B042E5245CB0979ED75FA23D49D6DF9F9B710880046B90EE2A7CC534D2B34,CO,01,No,,,,,01,Dry,,,,,,,,
Property Damage Crashes,MSP757700JP,Maryland State Police,"Sideswipe, Same Direction",Prince George's,Interstate,No,No,No,No,No,NO NAME (SB/L),95,INTERSTATE ROUTE,No,True,No,3/29/2025,No,Point,39.103971667,-76.888145,MSP,07,16,03,No,20,,20:19,2025,Saturday,12,Motor Vehicle In Transport,05,On Roadway,1,,,,,,09,Through Roadway,03,Dark - Lighted,3/29/2025,2025-03-29,E,41.88,F,N,,,DD8389C7E102B864E66686F397181C99E52F76646EDD8009AE8217071AD869A3,IS,01,No,97,Not Applicable,,,01,Dry,,,,,,,,
Injury Crashes,BP1135001T,Forest Heights Police Department,"Sideswipe, Opposite Direction",Prince George's,Principal Arterial – Other Freeways and Expressways,No,No,No,No,No,RAMP 2 FR MD 414 WB TO MD 210 NB,210,RAMP,No,True,No,5/20/2025,No,Point,38.802321774,-76.996877078,FORESTHEIGHTS,06,16,02,Yes,6,,06:50,2025,Tuesday,12,Motor Vehicle In Transport,99,Unknown,2,,,,,,01,Acceleration/Deceleration Lane,01,Daylight,5/20/2025,2025-05-20,W,32.9,F,N,,,071CF40DF03BD57F33FE16E3B29972711ED2AB4DBCDFD91840F78D392F589A41,RP,01,No,12,Motor Vehicle In Transport,99,Unknown,01,Dry,,,,,,,,
Property Damage Crashes,CE51500022,Laurel Police Department,"Sideswipe, Same Direction",Prince George's,Local,No,No,No,No,No,SPLIT RAIL LA,4708,OTHER PUBLIC ROAD,No,True,No,5/16/2025,No,Point,39.107467215,-76.877592807,LAUREL,07,16,03,No,1,,01:21,2025,Friday,15,Parked Vehicle,05,On Roadway,7,,,,,,06,Non-Junction,03,Dark - Lighted,5/16/2025,2025-05-16,S,27.44,F,N,,,D8751446E61362F7F761C98AEEF708ED81995D343DAD2BC9B8CB077C6C069D09,OP,01,No,,,,,01,Dry,,,,,,,,
Property Damage Crashes,MSP657700DT,Maryland State Police,Single Vehicle,Prince George's,Interstate,No,No,No,No,No,RAMP 4 FR IS 95 NB TO IS 595 EB,95,RAMP,No,True,No,2/16/2025,No,Point,38.943166667,-76.85663,MSP,101,16,03,Yes,8,,08:40,2025,Sunday,29,Embankment,01,Gore,1,,101,State,,,04,Entrance/Exit Ramp or Related,01,Daylight,2/16/2025,2025-02-16,S,40.34,F,N,,,D554D1F33DFC30953DB3B9711345DCE44CA67A033D9804F82952A86DB5807D71,RP,01,No,41,Utility Pole/Light Support,01,Gore,09,Wet,,,,,,,,
Property Damage Crashes,DA393200H0,Prince George's County Police,"Sideswipe, Same Direction",Prince George's,Local,No,No,No,No,No,FAIRWOOD RD,212,COUNTY ROAD,No,True,No,1/18/2025,No,Point,38.936840023,-76.896651359,PGCOPD,07,16,03,No,21,,21:00,2025,Saturday,15,Parked Vehicle,05,On Roadway,7,,,,,,09,Through Roadway,04,Dark - Not Lighted,1/18/2025,2025-01-18,W,7.59,F,N,,,9CD67E4D96B6CBED67943A77D6B9620C714A1A765A533304864EB907281CCCBD,CO,01,No,,,,,09,Wet,,,,,,,,
Property Damage Crashes,DA4384002M,Prince George's County Police,Angle,Prince George's,Major Collector,No,No,No,No,No,OXON HILL RD,114,COUNTY ROAD,No,True,No,1/3/2025,No,Point,38.785615250,-77.005511755,PGCOPD,01,16,03,No,13,02,13:35,2025,Friday,12,Motor Vehicle In Transport,05,On Roadway,5,Perpendicular,,,ABBINGTON DR,03,05,Intersection or Related,01,Daylight,1/3/2025,2025-01-03,W,0,F,N,,,FFA969C16E0B7E636F123BA6FB050A77A371EAFB42519A89715D1B127476919B,CO,01,No,,,,,09,Wet,03,Stop - Partial,,,,,,
Injury Crashes,DA3965008S,Prince George's County Police,Other,Prince George's,Principal Arterial – Other,No,No,No,No,No,UNIVERSITY BLVD (WB/L),193,MARYLAND ROUTE,No,True,No,3/11/2025,No,Point,38.999215987,-76.925434907,PGCOPD,98,16,02,Yes,15,,15:57,2025,Tuesday,12,Motor Vehicle In Transport,05,On Roadway,3,,,,RHODE ISLAND AVE,,02,Crossover-Related,01,Daylight,3/11/2025,2025-03-11,N,12.51,F,N,,,8A8778DA4E9333FC81AD5D40FFD74A294B3BFA90C6338F4D6E0B13BA7CCAE000,MD,01,No,,,,,01,Dry,,,,,,,,
Property Damage Crashes,RD0124005D,Riverdale Park Police Department,"Sideswipe, Opposite Direction",Prince George's,Principal Arterial – Other,No,Yes,No,No,No,BALTIMORE AVE,1,UNITED STATE ROUTE,No,True,No,5/17/2025,No,Point,38.967006711,-76.938699615,RIVERDALE,06,16,03,Yes,18,02,18:52,2025,Saturday,12,Motor Vehicle In Transport,05,On Roadway,3,Perpendicular,,,TUCKERMAN ST #1,03,05,Intersection or Related,01,Daylight,5/17/2025,2025-05-17,S,0,F,N,,,CFE8A5BEAEF518F92DDB5B915FD1E8654E98D50032EF4D502E675905EB8F5CE5,US,01,No,12,Motor Vehicle In Transport,05,On Roadway,01,Dry,03,Stop - Partial,,,,,,
Property Damage Crashes,DA2949003F,Prince George's County Police,"Sideswipe, Same Direction",Prince George's,Principal Arterial – Other,No,No,No,No,No,GREENBELT RD (WB/L),193,MARYLAND ROUTE,No,True,No,5/9/2025,No,Point,38.991001250,-76.852634797,PGCOPD,07,16,03,No,9,,09:30,2025,Friday,12,Motor Vehicle In Transport,05,On Roadway,3,,100,Local,,,01,Acceleration/Deceleration Lane,01,Daylight,5/9/2025,2025-05-09,W,13.75,F,N,,,E6DC4CCD2B9EE573AEC030A6110D3FF13512FCF3452CF6C4EDC6DEC1F3C07445,MD,02,"Yes, School Bus Directly Involved",,,,,09,Wet,,,,,,,,
Property Damage Crashes,DA389000S0,Prince George's County Police,"Sideswipe, Same Direction",Prince George's,Local,No,No,No,No,No,49TH AVE #6,9496,MUNICIPAL ROAD,No,True,No,3/26/2025,No,Point,38.995174393,-76.928322601,PGCOPD,07,16,03,No,17,,17:00,2025,Wednesday,12,Motor Vehicle In Transport,05,On Roadway,7,,,,BERWYN RD,,06,Non-Junction,01,Daylight,3/26/2025,2025-03-26,N,19.19,F,N,,,1782DA64336BBC823D61CBD983298B65CB2E9887F4C7902A32998C9101D1DA78,MU,01,No,,,,,01,Dry,,,,,,,,
Injury Crashes,DA3088007P,Prince George's County Police,Front to Rear,Prince George's,Minor Arterial,No,No,No,No,No,ALLENTOWN RD (SB/L),126,COUNTY ROAD,No,True,No,5/24/2025,No,Point,38.804079903,-76.906826859,PGCOPD,03,16,02,No,20,,20:16,2025,Saturday,12,Motor Vehicle In Transport,05,On Roadway,4,,,,,,06,Non-Junction,101,Dusk,5/24/2025,2025-05-24,W,0,F,N,,,F037C76E34982671237FC11D864ABEBC7D971B10BC9801064FA3C37A548AA53B,CO,01,No,,,,,01,Dry,,,,,,,,
Injury Crashes,MSP745800RH,Maryland State Police,Other,Prince George's,Interstate,No,No,No,No,No,CAPITAL BELTWAY,95,INTERSTATE ROUTE,No,True,No,3/30/2025,No,Point,38.819811667,-76.926103333,MSP,98,16,02,No,20,,20:58,2025,Sunday,12,Motor Vehicle In Transport,05,On Roadway,1,,101,State,,,01,Acceleration/Deceleration Lane,03,Dark - Lighted,3/30/2025,2025-03-30,S,43.26,F,N,,,BCC40CD06FC9612C8F1B87C2C3EF06F495A6AA6FC23FDC451700436089499E13,IS,01,No,,,,,01,Dry,,,,,,,,
Property Damage Crashes,CE4644002V,Laurel Police Department,"Sideswipe, Same Direction",Prince George's,Minor Collector,No,No,No,No,No,FIFTH ST,9050,MUNICIPAL ROAD,No,True,No,3/11/2025,No,Point,39.104773801,-76.851495385,LAUREL,07,16,03,No,11,,11:39,2025,Tuesday,12,Motor Vehicle In Transport,05,On Roadway,6,,,,,,09,Through Roadway,01,Daylight,3/11/2025,2025-03-11,S,14.88,F,N,,,33C4B8DAA19802D0572B62DB69F5C3DCECCF9EE564927CDF52CDD09130C94228,MU,01,No,15,Parked Vehicle,05,On Roadway,01,Dry,,,,,,,,
Property Damage Crashes,MSP745000HX,Maryland State Police,Single Vehicle,Prince George's,Principal Arterial – Other Freeways and Expressways,No,No,No,No,No,RAMP 3 FR US 50 EB TO MD 202 NB,50,RAMP,No,True,No,1/22/2025,No,Point,38.931328982,-76.895817308,MSP,101,16,03,No,21,,21:58,2025,Wednesday,31,Guardrail End Terminal,01,Gore,2,,101,State,,,04,Entrance/Exit Ramp or Related,04,Dark - Not Lighted,1/22/2025,2025-01-22,W,14.79,F,N,,,605680D595250C39FA18C5ABDE1716770E584B40E62294F1C45B8464382BF469,RP,01,No,,,,,01,Dry,,,,,,,,
Property Damage Crashes,MSP585801F6,Maryland State Police,Front to Rear,Prince George's,Principal Arterial – Other,No,No,No,No,No,BRANCH AVE (SB/L),5,MARYLAND ROUTE,No,True,No,1/13/2025,No,Point,38.799342495,-76.902209427,MSP,03,16,03,No,17,,17:40,2025,Monday,12,Motor Vehicle In Transport,05,On Roadway,3,,,,,,09,Through Roadway,03,Dark - Lighted,1/13/2025,2025-01-13,S,14.82,F,N,,,B78843A6BF063C8007962CDA9A8ADEB24DC778FAE5EE95986D9D6BFEF09EFF33,MD,01,No,12,Motor Vehicle In Transport,05,On Roadway,01,Dry,,,,,,,,
Property Damage Crashes,DA372600B2,Prince George's County Police,Front to Rear,Prince George's,Principal Arterial – Other,No,No,No,No,No,,1,UNITED STATE ROUTE,No,True,No,5/4/2025,No,Point,38.995664356,-76.931973259,PGCOPD,03,16,03,Yes,0,02,00:51,2025,Sunday,12,Motor Vehicle In Transport,05,On Roadway,3,Perpendicular,,,BERWYN RD,03,05,Intersection or Related,03,Dark - Lighted,5/4/2025,2025-05-04,E,0,F,N,,,FFD6A82CE0061810E1C077F9940405F471D95591BEE4DB466DCA3EBD3C2F8E98,US,01,No,,,,,09,Wet,01,Signalized,,,,,,
Property Damage Crashes,DA3304004Q,Prince George's County Police,Front to Rear,Prince George's,Principal Arterial – Other Freeways and Expressways,No,No,No,No,No,INDIAN HEAD HWY (SB/L),210,MARYLAND ROUTE,No,True,No,4/26/2025,No,Point,38.736967732,-76.989426510,PGCOPD,03,16,03,No,14,,14:45,2025,Saturday,12,Motor Vehicle In Transport,05,On Roadway,2,,,,,,06,Non-Junction,01,Daylight,4/26/2025,2025-04-26,N,2733.15,F,N,,,EC40954D898DC80E160BA606E2C52FF44A1378E5542E85FEF5B69C00E756EC0D,MD,01,No,,,,,01,Dry,,,,,,,,
Property Damage Crashes,AT10390002,Capitol Heights Police Department,Angle,Prince George's,Minor Arterial,No,No,No,No,No,CENTRAL AVE,332,MARYLAND ROUTE,No,True,No,1/30/2025,No,Point,38.885043399,-76.910863611,CAPITOLHEIGHTS,01,16,03,No,17,,17:32,2025,Thursday,12,Motor Vehicle In Transport,05,On Roadway,4,,,,,,06,Non-Junction,01,Daylight,1/30/2025,2025-01-30,W,54.71,F,N,,,ACBEB1C15F2D12E38818E44EF42D57A435D776F359F6BA9EEF45BFAB08111723,MD,01,No,,,,,01,Dry,,,,,,,,
Property Damage Crashes,DA351500D9,Prince George's County Police,Front to Rear,Prince George's,Principal Arterial – Other Freeways and Expressways,No,No,No,No,No,INDIAN HEAD HWY,210,MARYLAND ROUTE,No,True,No,4/20/2025,No,Point,38.725219529,-76.989938893,PGCOPD,03,16,03,No,12,,12:13,2025,Sunday,12,Motor Vehicle In Transport,05,On Roadway,2,,,,,,06,Non-Junction,01,Daylight,4/20/2025,2025-04-20,N,44.76,F,N,,,455259D0AEF58F504211CEFADBA77CED6D8ABE1C1FE4D7D2D5F5756309EC4DF8,MD,01,No,12,Motor Vehicle In Transport,05,On Roadway,01,Dry,,,,,,,,
Property Damage Crashes,DA4293004Y,Prince George's County Police,"Sideswipe, Same Direction",Prince George's,Local,No,No,No,No,No,RAY RD,965,COUNTY ROAD,No,True,No,3/21/2025,No,Point,38.970642436,-76.994109631,PGCOPD,07,16,03,No,7,,07:06,2025,Friday,12,Motor Vehicle In Transport,05,On Roadway,7,,,,,,06,Non-Junction,01,Daylight,3/21/2025,2025-03-21,N,6.46,F,N,,,11E0C331BF7149D403768E8E517A723EFD03AED13053EDF3CEF8F4A77A81E510,CO,01,No,,,,,01,Dry,,,,,,,,
Injury Crashes,DA4135006C,Prince George's County Police,Front to Rear,Prince George's,Minor Arterial,No,No,No,No,No,POWDER MILL RD (SB/L),212,MARYLAND ROUTE,No,True,No,1/15/2025,No,Point,39.044116914,-76.942643655,PGCOPD,03,16,02,No,8,,08:16,2025,Wednesday,12,Motor Vehicle In Transport,05,On Roadway,4,,,,,,06,Non-Junction,01,Daylight,1/15/2025,2025-01-15,N,54.83,F,N,,,35E0F6E84D6618A621D988E076C7F7AC3E71BA5476A2A3EA71F0A153CC6D32DA,MD,01,No,,,,,01,Dry,,,,,,,,
Injury Crashes,MSP7765005D,Maryland State Police,Front to Rear,Prince George's,Principal Arterial – Other,No,No,No,No,No,CRAIN HWY,301,UNITED STATE ROUTE,No,True,No,1/9/2025,No,Point,38.671219620,-76.876015912,MSP,03,16,02,No,12,,12:11,2025,Thursday,12,Motor Vehicle In Transport,05,On Roadway,3,,,,,,09,Through Roadway,01,Daylight,1/9/2025,2025-01-09,N,18.53,F,N,,,CA880D7BB006983569AD369E18D499DA803CFA2BC44F131D9F234292186F5646,US,01,No,,,,,01,Dry,,,,,,,,
Property Damage Crashes,DA4429000B,Prince George's County Police,Angle,Prince George's,Major Collector,No,Yes,No,No,No,HAMPTON PARK BLVD,4475,COUNTY ROAD,Yes,True,No,1/15/2025,No,Point,38.890486444,-76.853625784,PGCOPD,01,16,03,Yes,9,04,09:00,2025,Wednesday,12,Motor Vehicle In Transport,05,On Roadway,5,Perpendicular,,,BRIGHTSEAT RD,03,05,Intersection or Related,01,Daylight,1/15/2025,2025-01-15,N,0,F,N,,,AC4EB439E5AB57D8AE48E702EDE6FA67F969ECB4C191FBC34F3ADE4F4E4A41FD,CO,02,"Yes, School Bus Directly Involved",,,,,01,Dry,01,Signalized,,,,,,