Crash Severity Description,Reportnumber,Agencyname,CollisionImpact Description,Crash County Description,FunctionalClass Description,ImpairedCrash,Large Vehicle Involved,Motorcycle Crash,Non-Motorist Crash,OffRoad,RoadName,Route Number,RouteType Description,Unrestrained Occupants,WithinDateRange,Work Zone Related,Crashdate,Work Zone Crash,CrashPoint,Latitude,Longitude,AgencyCode,CollisionImpact,Crash County,Crash Severity,Crash Within Interchange,Crashhour,CrashInterchangeApproaches,Crashtime,CrashYear,Dayofweek,FirstHarmEvent,FirstHarmEvent Description,FirstHarmLocation,FirstHarmLocation Description,FunctionalClass,Geometry Description,GovPropertyDamage,GovPropertyDamage Description,IntersectingRoadName,Intersection Geometry,JunctionRelated,JunctionRelated Description,Light,Light Description,LOD Crash Date,LOD Date Level,MilepointDirection,MilepointDistance,MilepointUnits,NonTrafficFatal,OffroadLocation,OffroadLocation Description,RoadID,RouteType,SchoolBusRelated,SchoolBusRelated Description,SecondHarmEvent,SecondHarmEvent Description,SecondHarmLocation,SecondHarmLocation Description,Surface,Surface Description,TrafficControl,Trafficcontrol Description,WZLawEnforcementPresent,WZLocation,WZLocation Description,WZType,WZType Description,WZWorkersPresent
Property Damage Crashes,MSP78750032,Maryland State Police,Front to Rear,Prince George's,Interstate,No,No,No,No,No,CAPITAL BELTWAY,95,INTERSTATE ROUTE,No,True,No,4/9/2025,No,Point,38.873128246,-76.843500830,MSP,03,16,03,No,16,,16:44,2025,Wednesday,12,Motor Vehicle In Transport,05,On Roadway,1,,,,,,06,Non-Junction,01,Daylight,4/9/2025,2025-04-09,S,10.87,F,N,,,36F7C6CF25F41F359CBEFDA642B846BA467A4775BBD7B072AAB8DF9D393736C1,IS,01,No,,,,,01,Dry,,,,,,,,
Property Damage Crashes,DA3597004J,Prince George's County Police,Single Vehicle,Prince George's,,No,No,No,No,No,,1533,PRIVATE ROAD,No,True,No,5/20/2025,No,Point,38.676963846,-76.807476585,PGCOPD,101,16,03,No,5,,05:10,2025,Tuesday,41,Utility Pole/Light Support,09,Roadside,,,,,BRANDYWINE RD,,06,Non-Junction,03,Dark - Lighted,5/20/2025,2025-05-20,S,45.54,F,N,,,695FE466AB900BF14AFFD0741B14D33635D079AAAF92471D235EB799C316A718,PV,01,No,,,,,01,Dry,,,,,,,,
Property Damage Crashes,MSP744200RP,Maryland State Police,Front to Rear,Prince George's,Interstate,No,No,No,No,No,CAPITAL BELTWAY (SB/L),95,INTERSTATE ROUTE,No,True,No,3/7/2025,No,Point,39.021107549,-76.936593549,MSP,03,16,03,No,15,,15:32,2025,Friday,12,Motor Vehicle In Transport,05,On Roadway,1,,,,,,09,Through Roadway,01,Daylight,3/7/2025,2025-03-07,W,23.26,F,N,,,6112044A1C1FD08EEDF4E5086086690881C559F7ABEBA21E93871B3A45D64937,IS,01,No,,,,,01,Dry,,,,,,,,
Property Damage Crashes,MSP7839005Y,Maryland State Police,Single Vehicle,Prince George's,Principal Arterial – Other,No,No,No,No,No,CRAIN HWY,301,UNITED STATE ROUTE,No,True,No,5/24/2025,No,Point,38.694235523,-76.871955330,MSP,101,16,03,No,2,,02:51,2025,Saturday,31,Guardrail End Terminal,09,Roadside,3,,,,,,06,Non-Junction,04,Dark - Not Lighted,5/24/2025,2025-05-24,S,2.66,F,N,,,E8C4EF687CD77A4ADC5B8101816777737C383CF0F86ED031E7DF96A4B26658AE,US,01,No,,,,,01,Dry,,,,,,,,
Property Damage Crashes,DA4301003Q,Prince George's County Police,Front to Rear,Prince George's,Minor Arterial,No,No,No,No,No,PISCATAWAY RD,223,MARYLAND ROUTE,No,True,No,2/20/2025,No,Point,38.747448542,-76.932536974,PGCOPD,03,16,03,No,15,,15:28,2025,Thursday,12,Motor Vehicle In Transport,05,On Roadway,4,,,,TIPPETT RD,,06,Non-Junction,01,Daylight,2/20/2025,2025-02-20,E,126.22,F,N,,,868EF167719B442BD63B3115592125F5DF281DE619B57711E3EC819E808911CD,MD,01,No,,,,,01,Dry,,,,,,,,
Property Damage Crashes,MSP546601RQ,Maryland State Police,Front to Rear,Prince George's,Interstate,No,No,No,No,No,RAMP 4 FR IS 95 NB TO MD 202F EB,95,RAMP,No,True,No,2/13/2025,No,Point,38.906593460,-76.848150873,MSP,03,16,03,Yes,9,,09:01,2025,Thursday,12,Motor Vehicle In Transport,05,On Roadway,1,,,,,,04,Entrance/Exit Ramp or Related,01,Daylight,2/13/2025,2025-02-13,W,21.67,F,N,,,FB5E02D81C10A682905E03113313F6267FE913FD42628A398C51DFDF2A82D4B1,RP,01,No,,,,,09,Wet,,,,,,,,
Property Damage Crashes,DA2720007H,Prince George's County Police,Front to Front,Prince George's,Local,Yes,No,No,No,No,LYONS ST (NB/L),3678,COUNTY ROAD,No,True,No,5/14/2025,No,Point,38.831126511,-76.951924645,PGCOPD,02,16,03,No,23,,23:18,2025,Wednesday,15,Parked Vehicle,05,On Roadway,7,,,,,,06,Non-Junction,03,Dark - Lighted,5/14/2025,2025-05-14,S,4.83,F,N,,,1E66EF3F0344080E7805933DD1FD8B465CE7F52E389538DA9782BFFCDF8A117F,CO,01,No,,,,,01,Dry,,,,,,,,
Property Damage Crashes,MSP7665009K,Maryland State Police,Single Vehicle,Prince George's,Interstate,No,No,No,No,No,RAMP 1 FR MD 197 NB TO IS 595 WB,595,RAMP,No,True,No,1/19/2025,No,Point,38.953212833,-76.742844175,MSP,101,16,03,Yes,18,,18:00,2025,Sunday,29,Embankment,09,Roadside,1,,,,,,04,Entrance/Exit Ramp or Related,04,Dark - Not Lighted,1/19/2025,2025-01-19,W,12.69,F,N,,,E16A0EFA5FB61291D185634A6FAB57AD300982012AE3B6C89E82A605821CCCEC,RP,01,No,,,,,02,Ice/Frost,,,,,,,,
Property Damage Crashes,MSP7865002H,Maryland State Police,Single Vehicle,Prince George's,Principal Arterial – Other Freeways and Expressways,No,No,No,No,No,RAMP 5 FR RAMP 8 (FR MD 202) TO US 50 EB,50,RAMP,No,True,No,4/26/2025,No,Point,38.927331,-76.899927317,MSP,101,16,03,No,23,,23:22,2025,Saturday,32,Guardrail Face,06,"On Shoulder, Left Side",2,,,,,,04,Entrance/Exit Ramp or Related,04,Dark - Not Lighted,4/26/2025,2025-04-26,W,34.4,F,N,,,54BDB55111F706AF26B30368734FE03DEF006978FB4C903E3283D1A6D314C964,RP,01,No,,,,,01,Dry,,,,,,,,
Injury Crashes,DA404800GV,Prince George's County Police,Angle,Prince George's,Principal Arterial – Other,No,No,No,No,No,OXON HILL RD (WB/L),414,MARYLAND ROUTE,No,True,No,2/28/2025,No,Point,38.804417181,-76.979445645,PGCOPD,01,16,02,Yes,23,04,23:37,2025,Friday,12,Motor Vehicle In Transport,05,On Roadway,3,Perpendicular,,,RIVERTOWN MALL E ENT,03,05,Intersection or Related,03,Dark - Lighted,2/28/2025,2025-02-28,N,0,F,N,,,20A4399714E2209A75A8C42FD64F789E16E0169EEBD7F9DC26E370C75E437C41,MD,01,No,,,,,01,Dry,01,Signalized,,,,,,
Property Damage Crashes,DA4274007D,Prince George's County Police,Front to Rear,Prince George's,Local,No,No,No,No,No,MARY CATHERINE DR,3890,COUNTY ROAD,No,True,No,3/9/2025,No,Point,38.730747683,-76.949386656,PGCOPD,03,16,03,No,19,,19:56,2025,Sunday,15,Parked Vehicle,05,On Roadway,7,,,,,,06,Non-Junction,03,Dark - Lighted,3/9/2025,2025-03-09,N,8.31,F,N,,,814BAA4FE8A87F88E6E1170130718C44B8F8B8950890A4DA41E176370A66D274,CO,01,No,,,,,01,Dry,,,,,,,,
Property Damage Crashes,CE4850008T,Laurel Police Department,Single Vehicle,Prince George's,Local,No,No,No,No,No,DORSET RD,146,MUNICIPAL ROAD,No,True,No,5/25/2025,No,Point,39.108488828,-76.876946479,LAUREL,101,16,03,No,13,,13:00,2025,Sunday,27,Curb,09,Roadside,7,,,,,,01,Acceleration/Deceleration Lane,01,Daylight,5/25/2025,2025-05-25,N,11.52,F,N,,,26053545A068EA8711C6FD1851D4838B976C75643EB2F5E68023AFB2066E617C,MU,01,No,35,"Other Fixed Object (wall, building, tunnel, etc.)",09,Roadside,01,Dry,,,,,,,,
Property Damage Crashes,AZ1749000K,Cheverly Police Department,Front to Rear,Prince George's,Local,No,No,No,No,No,64TH AVE,641,MUNICIPAL ROAD,No,True,No,2/28/2025,No,Point,38.916397626,-76.911362641,CHEVERLY,03,16,03,No,14,03,14:00,2025,Friday,12,Motor Vehicle In Transport,05,On Roadway,7,Perpendicular,,,COLUMBIA PARK RD,03,05,Intersection or Related,01,Daylight,2/28/2025,2025-02-28,S,0,F,N,,,C68EF208AA79F13A80E4E187FC3D6512A4AECE5E4A1FDD3D31124CA704EC5BB8,MU,01,No,,,,,01,Dry,01,Signalized,,,,,,
Property Damage Crashes,DS0502000R,University of Maryland Police College Park,"Sideswipe, Same Direction",Prince George's,Local,No,No,No,No,No,STADIUM DR (WB/L),165,STATE ROAD,No,True,No,4/10/2025,No,Point,38.992056137,-76.950423423,UMCP,07,16,03,No,12,,12:40,2025,Thursday,12,Motor Vehicle In Transport,05,On Roadway,7,,,,,,06,Non-Junction,01,Daylight,4/10/2025,2025-04-10,S,11.95,F,N,,,7CB4A35B1EC76E5DEA1EE85A8CC8A2523B8227CAE38AA39065150A6EB6CA69EC,SR,01,No,,,,,01,Dry,,,,,,,,
Injury Crashes,DA3667003G,Prince George's County Police,"Sideswipe, Opposite Direction",Prince George's,Principal Arterial – Other,No,No,No,No,No,RAMP 7 FR RAMP 6 (FR MD 214) TO MD 202C,202,RAMP,No,True,No,5/3/2025,No,Point,38.893245961,-76.838111362,PGCOPD,06,16,02,Yes,21,,21:00,2025,Saturday,12,Motor Vehicle In Transport,05,On Roadway,3,,,,,,04,Entrance/Exit Ramp or Related,03,Dark - Lighted,5/3/2025,2025-05-03,W,42.61,F,N,,,1957FFDA946F522D6B859AC5C7D1E53A47074F2F5057C478D0415F6701A70655,RP,01,No,,,,,01,Dry,,,,,,,,
Property Damage Crashes,CBPD00780099,Bowie Police Department,Other,Prince George's,Major Collector,No,No,No,No,No,STONYBROOK DR,2760,MUNICIPAL ROAD,No,True,No,1/21/2025,No,Point,38.978058801,-76.737328126,BOWIE,98,16,03,No,9,,09:22,2025,Tuesday,12,Motor Vehicle In Transport,05,On Roadway,5,,,,SUSSEX LA,,06,Non-Junction,01,Daylight,1/21/2025,2025-01-21,N,0,F,N,,,C7C995C530B202678781AFFD124942E4E610E231064440F4D6446D1926A48DE4,MU,01,No,,,,,01,Dry,,,,,,,,
Property Damage Crashes,MSP7872003F,Maryland State Police,Front to Rear,Prince George's,Principal Arterial – Other,No,No,No,No,No,BRANCH AVE (SB/L),5,MARYLAND ROUTE,No,True,No,4/16/2025,No,Point,38.702951814,-76.876512219,MSP,03,16,03,No,16,,16:17,2025,Wednesday,12,Motor Vehicle In Transport,05,On Roadway,3,,,,,,09,Through Roadway,01,Daylight,4/16/2025,2025-04-16,W,20.51,F,N,,,74F67A83437B073C704A7377CBA17D63C6539B679DFA3629A6DF8ED7EC213FA2,MD,01,No,12,Motor Vehicle In Transport,05,On Roadway,01,Dry,,,,,,,,
Injury Crashes,DA3199005N,Prince George's County Police,"Sideswipe, Opposite Direction",Prince George's,Local,No,No,No,No,No,KENT TOWN PL,3688,COUNTY ROAD,No,True,No,4/18/2025,No,Point,38.926655806,-76.886794800,PGCOPD,06,16,02,No,11,04,11:11,2025,Friday,12,Motor Vehicle In Transport,05,On Roadway,7,Perpendicular,,,75TH AVE,03,05,Intersection or Related,01,Daylight,4/18/2025,2025-04-18,W,0,F,N,,,4DC67DA5AA6FA1C6A61CFC7031A25C3E8DA6A419313186D78BA9F305960A5018,CO,01,No,,,,,01,Dry,01,Signalized,,,,,,
Property Damage Crashes,DA3522009Q,Prince George's County Police,Other,Prince George's,Principal Arterial – Other,No,No,No,No,No,EAST WEST HWY,410,MARYLAND ROUTE,No,True,No,1/5/2025,No,Point,38.971029046,-76.978556387,PGCOPD,98,16,03,No,19,,19:50,2025,Sunday,12,Motor Vehicle In Transport,05,On Roadway,3,,,,19TH PL,,02,Crossover-Related,03,Dark - Lighted,1/5/2025,2025-01-05,N,2.57,F,N,,,8A49F750F8B12AE9E2F027E14B6EB37EAABAB2C5D9F34B57479BEB59AB03FA60,MD,01,No,,,,,01,Dry,,,,,,,,
Property Damage Crashes,DA35980004,Prince George's County Police,Angle,Prince George's,Local,No,No,No,No,No,MGM NATIONAL AVE,5659,OTHER PUBLIC ROAD,No,True,No,3/30/2025,No,Point,38.797202574,-77.003582293,PGCOPD,01,16,03,Yes,0,,00:05,2025,Sunday,12,Motor Vehicle In Transport,05,On Roadway,7,,,,,,04,Entrance/Exit Ramp or Related,04,Dark - Not Lighted,3/30/2025,2025-03-30,W,47.92,F,N,,,55A1CA13F19027E6EF028F77A8EF6AB0073E5AA28F007BF55028792100FCC6ED,OP,01,No,97,Not Applicable,,,01,Dry,,,,,,,,
Injury Crashes,DA3397004P,Prince George's County Police,Rear To Side,Prince George's,Local,No,No,No,No,No,HELLEN LEE DR,3530,COUNTY ROAD,No,True,No,2/10/2025,No,Point,38.753599826,-76.895263031,PGCOPD,05,16,02,Yes,15,03,15:32,2025,Monday,12,Motor Vehicle In Transport,05,On Roadway,7,Perpendicular,,,BRANDYWINE RD,03,05,Intersection or Related,01,Daylight,2/10/2025,2025-02-10,E,0,F,N,,,43A2354E891F1B2513B30A08A847A0CEF5F8C656894C17E0A97B30A4F7E45808,CO,01,No,,,,,01,Dry,03,Stop - Partial,,,,,,
Property Damage Crashes,DA4415000D,Prince George's County Police,Front to Front,Prince George's,Principal Arterial – Other,No,No,No,No,No,BALTIMORE AVE,1,UNITED STATE ROUTE,No,True,No,2/20/2025,No,Point,39.014298044,-76.927708898,PGCOPD,02,16,03,No,19,,19:04,2025,Thursday,12,Motor Vehicle In Transport,05,On Roadway,3,,,,,,09,Through Roadway,03,Dark - Lighted,2/20/2025,2025-02-20,N,31.71,F,N,,,32626DFA69A379EF7E1702B7CF64B211E37545DA89FAA79DBCD5117B51E83838,US,01,No,12,Motor Vehicle In Transport,05,On Roadway,01,Dry,,,,,,,,
Injury Crashes,MSP718600JG,Maryland State Police,Front to Rear,Prince George's,Interstate,No,No,No,No,No,CAPITAL BELTWAY,95,INTERSTATE ROUTE,No,True,No,3/1/2025,No,Point,38.811427741,-76.962537715,MSP,03,16,02,No,22,,22:56,2025,Saturday,12,Motor Vehicle In Transport,05,On Roadway,1,,,,,,09,Through Roadway,05,Dark - Unknown Lighting,3/1/2025,2025-03-01,E,4.1,F,N,,,B668C26DD0083121796C821ED3A4C1A14C4C670218065ACF19378B8D71D9A89D,IS,01,No,,,,,01,Dry,,,,,,,,
Injury Crashes,MSP6931013P,Maryland State Police,Front to Rear,Prince George's,Interstate,No,No,No,No,No,CAPITAL BELTWAY,95,INTERSTATE ROUTE,No,True,No,3/15/2025,No,Point,38.988393827,-76.882978144,MSP,03,16,02,No,5,,05:37,2025,Saturday,12,Motor Vehicle In Transport,05,On Roadway,1,,,,,,06,Non-Junction,04,Dark - Not Lighted,3/15/2025,2025-03-15,N,66.95,F,N,,,ED8AEF236303CC458C95460F9F06C9B402D48106ACD85705612599439629F3BD,IS,01,No,,,,,01,Dry,,,,,,,,
Property Damage Crashes,MSP7773002Y,Maryland State Police,"Sideswipe, Same Direction",Prince George's,Interstate,No,No,No,No,No,CAPITAL BELTWAY,95,INTERSTATE ROUTE,No,True,No,5/29/2025,No,Point,39.015022020,-76.908132229,MSP,07,16,03,No,13,,13:35,2025,Thursday,12,Motor Vehicle In Transport,05,On Roadway,1,,,,,,04,Entrance/Exit Ramp or Related,01,Daylight,5/29/2025,2025-05-29,S,17.65,F,N,,,C7CC3E2262BD644740A77596F3C4596E24B341B68F67CB03D2EF102B4FB4C731,IS,01,No,,,,,01,Dry,,,,,,,,
Property Damage Crashes,MSP741900D0,Maryland State Police,Front to Rear,Prince George's,Interstate,No,No,No,No,No,CAPITAL BELTWAY,95,INTERSTATE ROUTE,No,True,No,1/4/2025,No,Point,39.007107643,-76.898710829,MSP,03,16,03,No,18,,18:08,2025,Saturday,12,Motor Vehicle In Transport,05,On Roadway,1,,,,,,06,Non-Junction,03,Dark - Lighted,1/4/2025,2025-01-04,N,48.41,F,N,,,1162F0F591F8C41DEAA10090530B64EA826E82CE15A6060BB7A42DE8D3F75057,IS,01,No,,,,,01,Dry,,,,,,,,
Injury Crashes,DA4278006V,Prince George's County Police,Other,Prince George's,,No,No,No,No,No,CIPRIANO RD (NB/L),28,COUNTY ROAD,No,True,No,3/29/2025,No,Point,38.985085751,-76.854545523,PGCOPD,98,16,02,No,8,02,08:05,2025,Saturday,12,Motor Vehicle In Transport,05,On Roadway,,Perpendicular,,,,03,05,Intersection or Related,01,Daylight,3/29/2025,2025-03-29,E,0,F,N,,,A05C28D6B0019F663083F66B16A21ABA5CBB23431976FC3DCD01A00B6AC4281B,CO,01,No,,,,,01,Dry,05,No Controls,,,,,,
Injury Crashes,DA43790019,Prince George's County Police,Single Vehicle,Prince George's,,No,No,No,Yes,No,,1793,PRIVATE ROAD,No,True,No,1/30/2025,No,Point,39.022077869,-76.926534043,PGCOPD,101,16,02,No,8,,08:40,2025,Thursday,17,Pedestrian,05,On Roadway,,,,,,,01,Acceleration/Deceleration Lane,01,Daylight,1/30/2025,2025-01-30,W,11.64,F,N,,,8FDCB3C40856B5E983C2176D53782A62D02BF3B8384D6525F64F981FB2EC8AF2,PV,01,No,,,,,01,Dry,,,,,,,,
Property Damage Crashes,CC02780061,Hyattsville Police Department,Single Vehicle,Prince George's,Major Collector,No,No,No,No,No,HAMILTON ST,1204,COUNTY ROAD,No,True,No,6/7/2025,No,Point,38.955674636,-76.965603739,HYATTSVILLE,101,16,03,No,14,,14:36,2025,Saturday,36,"Other Post, Pole, Or Support",07,"On Shoulder, Right Side",5,,,,,,06,Non-Junction,01,Daylight,6/7/2025,2025-06-07,N,8.26,F,N,,,8C28BEC34644E0A4DBCF94971C1C8BE4CA646383A0C00A079C3DED75CAEB84DB,CO,01,No,,,,,01,Dry,,,,,,,,
Property Damage Crashes,DA419600D5,Prince George's County Police,"Sideswipe, Opposite Direction",Prince George's,Minor Arterial,No,No,No,No,No,TUCKER RD,193,COUNTY ROAD,No,True,No,3/6/2025,No,Point,38.776562200,-76.952016637,PGCOPD,06,16,03,No,17,,17:26,2025,Thursday,12,Motor Vehicle In Transport,05,On Roadway,4,,,,ALLENTOWN RD ALLENTOWN RD (SB/L) ARUNDEL DR,,99,Unknown,01,Daylight,3/6/2025,2025-03-06,W,27.48,F,N,,,DF736E513DF71D02DDF906DC315309CD6A1E3324D703AD0728224AEECAE26167,CO,01,No,,,,,01,Dry,,,,,,,,
Property Damage Crashes,DA44200012,Prince George's County Police,Angle,Prince George's,Minor Arterial,No,No,No,No,No,BRIGGS CHANEY RD,12,COUNTY ROAD,No,True,No,4/24/2025,No,Point,39.061529041,-76.930965719,PGCOPD,01,16,03,No,6,,06:00,2025,Thursday,12,Motor Vehicle In Transport,05,On Roadway,4,,,,,,06,Non-Junction,100,Dawn,4/24/2025,2025-04-24,E,24.7,F,N,,,D7B846C64886E2729B43EC773984537DF6B389F264521E7E7121632FF2829E7D,CO,01,No,,,,,01,Dry,,,,,,,,
Property Damage Crashes,MSP732800L1,Maryland State Police,Front to Rear,Prince George's,Interstate,No,No,No,No,No,RAMP 8 FR IS 95 SB TO MD 295 WB,95,RAMP,No,True,No,4/14/2025,No,Point,38.994523627,-76.888732052,MSP,03,16,03,No,11,,11:18,2025,Monday,12,Motor Vehicle In Transport,05,On Roadway,1,,,,,,06,Non-Junction,01,Daylight,4/14/2025,2025-04-14,N,38.21,F,N,,,9B5D8938EE673516D358EFBA2D00B6A7DD9D569226D6DEC9DF64C9C6674F6433,RP,01,No,,,,,01,Dry,,,,,,,,
Property Damage Crashes,CBPD01090048,Bowie Police Department,Single Vehicle,Prince George's,Local,No,No,No,No,No,EXCALIBUR RD,611,MUNICIPAL ROAD,No,True,No,5/27/2025,No,Point,38.935465970,-76.724642889,BOWIE,101,16,03,No,23,,23:57,2025,Tuesday,40,Tree (standing),05,On Roadway,7,,,,,,06,Non-Junction,03,Dark - Lighted,5/27/2025,2025-05-27,N,179.89,F,N,,,CE710098505B55616D5EBE4B491EAB1896CC50D977A681E007888030EE84E374,MU,01,No,,,,,01,Dry,,,,,,,,
Property Damage Crashes,DA42780074,Prince George's County Police,Front to Rear,Prince George's,Minor Arterial,No,No,No,No,No,LAUREL BOWIE RD,197,MARYLAND ROUTE,No,True,No,4/21/2025,No,Point,39.032890052,-76.787148696,PGCOPD,03,16,03,No,19,,19:05,2025,Monday,12,Motor Vehicle In Transport,05,On Roadway,4,,,,,,01,Acceleration/Deceleration Lane,01,Daylight,4/21/2025,2025-04-21,S,11.45,F,N,,,23D960B0B42184CDFC0315FE9DF2E52FFCA2CDB7EEDD2A04F119D204F9DD9C2C,MD,01,No,,,,,01,Dry,,,,,,,,
Injury Crashes,DA33970052,Prince George's County Police,Single Vehicle,Prince George's,Major Collector,No,No,No,No,No,BRANDYWINE RD,381,MARYLAND ROUTE,No,True,No,5/18/2025,No,Point,38.661523046,-76.779942271,PGCOPD,101,16,02,No,14,,14:22,2025,Sunday,36,"Other Post, Pole, Or Support",05,On Roadway,5,,,,,,06,Non-Junction,01,Daylight,5/18/2025,2025-05-18,E,52.11,F,N,,,A9ECED443E2B148B94999B1936B7C72837386605F5A9D77F59DAE6C66A356421,MD,01,No,,,,,01,Dry,,,,,,,,
Injury Crashes,MSP7764007F,Maryland State Police,"Sideswipe, Same Direction",Prince George's,Interstate,No,No,No,No,No,NO NAME (SB/L),95,INTERSTATE ROUTE,No,True,No,2/1/2025,No,Point,39.064365575,-76.913525317,MSP,07,16,02,No,18,,18:18,2025,Saturday,12,Motor Vehicle In Transport,05,On Roadway,1,,,,,,06,Non-Junction,03,Dark - Lighted,2/1/2025,2025-02-01,S,46.17,F,N,,,377096A8C16A403ED922B0770E9DF5E63BD6CFABF7875609386B2309510A8236,IS,01,No,,,,,01,Dry,,,,,,,,
Property Damage Crashes,BW0219000P,Greenbelt Police Department,"Sideswipe, Same Direction",Prince George's,Local,No,No,No,No,No,FRANKFORT DR,135,MUNICIPAL ROAD,Yes,True,No,1/16/2025,No,Point,38.992914064,-76.868804539,GREENBELT,07,16,03,No,15,,15:50,2025,Thursday,12,Motor Vehicle In Transport,05,On Roadway,7,,,,,,01,Acceleration/Deceleration Lane,01,Daylight,1/16/2025,2025-01-16,E,1.89,F,N,,,14435F43D179876631C768ABC1D6A95C3750FDB53B1235433778CDCF1BFB0186,MU,01,No,,,,,01,Dry,,,,,,,,
Property Damage Crashes,BW02040031,Greenbelt Police Department,Other,Prince George's,,No,No,No,No,Yes,,,,No,True,No,5/7/2025,No,Point,39.005696277,-76.900607447,GREENBELT,98,16,03,,13,,13:25,2025,Wednesday,12,Motor Vehicle In Transport,02,In Parking Lane Or Zone,,,,,,,,,01,Daylight,5/7/2025,2025-05-07,,,F,N,101,Parking Aisle,,,01,No,,,,,,,,,,,,,,
Injury Crashes,AM03350088,Bladensburg Police Department,Unknown,Prince George's,Local,No,No,No,Yes,No,EDMONSTON RD,769,MARYLAND ROUTE,No,True,No,3/17/2025,No,Point,38.941137552,-76.934239767,BLADENSBURG,99,16,02,No,14,,14:48,2025,Monday,17,Pedestrian,05,On Roadway,7,,,,,,06,Non-Junction,01,Daylight,3/17/2025,2025-03-17,N,12.99,F,N,,,2BFA269A5CB93D7456BCC1CD0AC2520B9995126702AC6E038B7727A999CAB1C1,MD,01,No,,,,,01,Dry,,,,,,,,
Property Damage Crashes,DA3411001S,Prince George's County Police,"Sideswipe, Same Direction",Prince George's,Local,No,No,No,No,No,NALLEY RD,4883,COUNTY ROAD,No,True,No,5/29/2025,No,Point,38.905241395,-76.874616729,PGCOPD,07,16,03,No,0,,00:42,2025,Thursday,12,Motor Vehicle In Transport,05,On Roadway,7,,,,CAPITAL VIEW DR,,06,Non-Junction,03,Dark - Lighted,5/29/2025,2025-05-29,S,26.05,F,N,,,C6A365B4981ECD28E3B52972307FB2213E9B4044A34806553CBA92AAE9C1A272,CO,01,No,,,,,09,Wet,,,,,,,,
Property Damage Crashes,CC0278005V,Hyattsville Police Department,Other,Prince George's,Local,No,No,No,No,No,TOLEDO TERR (SB/L),1819,COUNTY ROAD,No,True,No,3/25/2025,No,Point,38.967020786,-76.962356793,HYATTSVILLE,98,16,03,No,18,04,18:38,2025,Tuesday,12,Motor Vehicle In Transport,05,On Roadway,7,Perpendicular,,,EAST WEST HWY (WB/L),03,05,Intersection or Related,01,Daylight,3/25/2025,2025-03-25,N,0,F,N,,,7BF0BF7CE969E584294D57FD96943AE28AF2EAD5E52042B5B7660E5DC5D26752,CO,01,No,,,,,09,Wet,01,Signalized,,,,,,
Injury Crashes,CC03010007,Hyattsville Police Department,Single Vehicle,Prince George's,,No,No,No,No,Yes,,,,No,True,No,1/14/2025,No,Point,38.960019838,-76.968000930,HYATTSVILLE,101,16,02,,8,,08:26,2025,Tuesday,02,Fell Jumped from Motor Vehicle,05,On Roadway,,,,,,,,,01,Daylight,1/14/2025,2025-01-14,,,F,N,102,Parking Lot Way,,,01,No,,,,,,,,,,,,,,
Property Damage Crashes,CE46360066,Laurel Police Department,Front to Rear,Prince George's,,No,No,No,No,Yes,,,,No,True,No,5/24/2025,No,Point,39.100922836,-76.845479726,LAUREL,03,16,03,,14,,14:30,2025,Saturday,12,Motor Vehicle In Transport,05,On Roadway,,,,,,,,,01,Daylight,5/24/2025,2025-05-24,,,F,N,102,Parking Lot Way,,,01,No,,,,,,,,,,,,,,
Injury Crashes,CE4909007B,Laurel Police Department,Angle,Prince George's,Minor Arterial,No,No,No,No,No,SEVENTH ST,216,MARYLAND ROUTE,No,True,No,2/1/2025,No,Point,39.101396836,-76.856141324,LAUREL,01,16,02,No,11,,11:40,2025,Saturday,12,Motor Vehicle In Transport,05,On Roadway,4,,,,,,06,Non-Junction,01,Daylight,2/1/2025,2025-02-01,N,10.33,F,N,,,73BB35AEB7FFC58D374369D36077388FADB1A9EE57DB2B026F99A51EF76D04C5,MD,01,No,,,,,01,Dry,,,,,,,,
Property Damage Crashes,DA40430099,Prince George's County Police,"Sideswipe, Opposite Direction",Prince George's,Principal Arterial – Other Freeways and Expressways,No,No,No,No,No,RAMP 6 FR MD 4 EB TO MD 223 SB,4,RAMP,No,True,No,1/29/2025,No,Point,38.812894393,-76.825213461,PGCOPD,06,16,03,Yes,16,,16:10,2025,Wednesday,12,Motor Vehicle In Transport,05,On Roadway,2,,,,RAMP 3 FR RAMP 6 (FR MD 4) TO MD 223 NB,,04,Entrance/Exit Ramp or Related,01,Daylight,1/29/2025,2025-01-29,S,20.22,F,N,,,DC59215832C31384C3010780D03F48FB3C7490ABFA3972B7C20A5908D2CCA76E,RP,01,No,,,,,01,Dry,,,,,,,,
Property Damage Crashes,DA380500DS,Prince George's County Police,Front to Rear,Prince George's,Major Collector,No,No,No,No,No,JEFFERSON ST,180,MUNICIPAL ROAD,No,True,No,4/18/2025,No,Point,38.953267003,-76.954648053,PGCOPD,03,16,03,Yes,15,04,15:19,2025,Friday,12,Motor Vehicle In Transport,05,On Roadway,5,Perpendicular,100,Local,38TH ST HAMILTON ST #1 HAMILTON ST (SB/L),03,05,Intersection or Related,01,Daylight,4/18/2025,2025-04-18,W,0,F,N,,,BD46FD5F42B6E749433DEFD04C7FFFA3C3B59B4D26696370DE35A652E9C42E03,MU,01,No,,,,,01,Dry,01,Signalized,,,,,,