Crash Severity Description,Reportnumber,Agencyname,CollisionImpact Description,Crash County Description,FunctionalClass Description,ImpairedCrash,Large Vehicle Involved,Motorcycle Crash,Non-Motorist Crash,OffRoad,RoadName,Route Number,RouteType Description,Unrestrained Occupants,WithinDateRange,Work Zone Related,Crashdate,Work Zone Crash,CrashPoint,Latitude,Longitude,AgencyCode,CollisionImpact,Crash County,Crash Severity,Crash Within Interchange,Crashhour,CrashInterchangeApproaches,Crashtime,CrashYear,Dayofweek,FirstHarmEvent,FirstHarmEvent Description,FirstHarmLocation,FirstHarmLocation Description,FunctionalClass,Geometry Description,GovPropertyDamage,GovPropertyDamage Description,IntersectingRoadName,Intersection Geometry,JunctionRelated,JunctionRelated Description,Light,Light Description,LOD Crash Date,LOD Date Level,MilepointDirection,MilepointDistance,MilepointUnits,NonTrafficFatal,OffroadLocation,OffroadLocation Description,RoadID,RouteType,SchoolBusRelated,SchoolBusRelated Description,SecondHarmEvent,SecondHarmEvent Description,SecondHarmLocation,SecondHarmLocation Description,Surface,Surface Description,TrafficControl,Trafficcontrol Description,WZLawEnforcementPresent,WZLocation,WZLocation Description,WZType,WZType Description,WZWorkersPresent
Property Damage Crashes,DA4318004K,Prince George's County Police,Front to Rear,Prince George's,Local,No,No,No,No,No,NORTHAM RD,2725,COUNTY ROAD,No,True,No,5/6/2025,No,Point,38.798550309,-76.924702667,PGCOPD,03,16,03,No,3,,03:56,2025,Tuesday,15,Parked Vehicle,05,On Roadway,7,,,,,,09,Through Roadway,04,Dark - Not Lighted,5/6/2025,2025-05-06,W,4.03,F,N,,,25416A8C317BEC0EDEB06BB77F4F01191450421B1833CBBF344C8692A1E0FC91,CO,01,No,,,,,09,Wet,,,,,,,,
Property Damage Crashes,GA00180026,Colmar Manor Police Department,"Sideswipe, Same Direction",Prince George's,Minor Arterial,No,No,No,No,No,,1,UNITED STATE ROUTE,No,True,No,1/15/2025,No,Point,38.937351865,-76.945489465,COLMAR,07,16,03,Yes,16,,16:35,2025,Wednesday,12,Motor Vehicle In Transport,05,On Roadway,4,,,,,,02,Crossover-Related,101,Dusk,1/15/2025,2025-01-15,E,38.36,F,N,,,1AD22C1EC45BAFD83B38E558BE6AF102A58D4CAA894DEFB1319CD09C662C0617,US,01,No,,,,,01,Dry,,,,,,,,
Property Damage Crashes,DA394600D1,Prince George's County Police,"Sideswipe, Same Direction",Prince George's,,No,No,No,No,No,,1,UNITED STATE ROUTE,No,True,No,4/8/2025,No,Point,38.930823873,-76.957667742,PGCOPD,07,16,03,No,8,,08:30,2025,Tuesday,12,Motor Vehicle In Transport,05,On Roadway,,,,,,,06,Non-Junction,01,Daylight,4/8/2025,2025-04-08,S,14.57,F,N,,,39CAA5EA71B2029308EAC3B871ED3E7961A92E49AED674821132A1F31464F0AC,US,01,No,,,,,01,Dry,,,,,,,,
Property Damage Crashes,DA4291004N,Prince George's County Police,Front to Rear,Prince George's,Principal Arterial – Other,No,No,No,No,No,VETERANS PKWY,410,MARYLAND ROUTE,No,True,No,1/17/2025,No,Point,38.946652503,-76.881686122,PGCOPD,03,16,03,Yes,13,,13:55,2025,Friday,12,Motor Vehicle In Transport,05,On Roadway,3,,,,,,99,Unknown,01,Daylight,1/17/2025,2025-01-17,S,32.7,F,N,,,1249C19F9ABC368376966B69FA88C314ABE0BC9162051D5037490DD1DA7A1255,MD,01,No,,,,,01,Dry,,,,,,,,
Injury Crashes,DA4069009Z,Prince George's County Police,Front to Rear,Prince George's,,No,No,No,No,No,,616,SPUR,No,True,No,2/23/2025,No,Point,39.014832946,-76.927681559,PGCOPD,03,16,02,No,18,,18:39,2025,Sunday,12,Motor Vehicle In Transport,05,On Roadway,,,,,,,09,Through Roadway,03,Dark - Lighted,2/23/2025,2025-02-23,N,16.37,F,N,,,A80EF3575C8D9AA04342EDB211169E2473E20FE96461CD7F86CE1C11816D86A7,SP,01,No,,,,,01,Dry,,,,,,,,
Property Damage Crashes,DA4276007S,Prince George's County Police,"Sideswipe, Same Direction",Prince George's,Principal Arterial – Other,No,No,No,No,No,CENTRAL AVE (WB/L),214,MARYLAND ROUTE,No,True,No,5/16/2025,No,Point,38.891516395,-76.849607874,PGCOPD,07,16,03,No,19,,19:47,2025,Friday,12,Motor Vehicle In Transport,05,On Roadway,3,,,,,,06,Non-Junction,01,Daylight,5/16/2025,2025-05-16,W,29.22,F,N,,,96956DC79D7A329FD9EAA104CC14A21476AF84B14CA31002FAB2235920E1ADDF,MD,01,No,,,,,09,Wet,,,,,,,,
Property Damage Crashes,CE44470070,Laurel Police Department,Front to Rear,Prince George's,Principal Arterial – Other,No,No,No,No,No,FORT MEADE RD (WB/L),198,MARYLAND ROUTE,No,True,No,6/5/2025,No,Point,39.095674286,-76.838771588,LAUREL,03,16,03,Yes,13,04,13:21,2025,Thursday,12,Motor Vehicle In Transport,05,On Roadway,3,Perpendicular,,,,03,05,Intersection or Related,01,Daylight,6/5/2025,2025-06-05,S,0,F,N,,,DB4A0AA64C125EEC2AF79F0E172A3CB0F511064A99BA75C449AD7B91F3405D91,MD,01,No,,,,,01,Dry,01,Signalized,,,,,,
Property Damage Crashes,MSP77650086,Maryland State Police,Front to Rear,Prince George's,Principal Arterial – Other Freeways and Expressways,No,No,No,No,No,RAMP 8 FR MD 5 SB TO MD 373,5,RAMP,No,True,No,5/25/2025,No,Point,38.704926667,-76.877971667,MSP,03,16,03,No,17,,17:43,2025,Sunday,12,Motor Vehicle In Transport,05,On Roadway,2,,,,,,04,Entrance/Exit Ramp or Related,01,Daylight,5/25/2025,2025-05-25,N,24.78,F,N,,,DDC4E3580ED61D347E1E02DF33EC3949BA452B2A5548C85D48F066991200759C,RP,01,No,,,,,01,Dry,,,,,,,,
Property Damage Crashes,MSP7875004B,Maryland State Police,Single Vehicle,Prince George's,Interstate,No,No,No,No,No,CAPITAL BELTWAY,95,INTERSTATE ROUTE,No,True,Yes,5/13/2025,Yes,Point,38.813065,-76.960196667,MSP,101,16,03,No,23,,23:33,2025,Tuesday,25,Concrete Traffic Barrier,10,Separator/Traffic Island,1,,,,,,06,Non-Junction,03,Dark - Lighted,5/13/2025,2025-05-13,E,36.12,F,N,,,40617FB6803B9620AF4B0B67E7FB720947A9EED63F523B65567FB105B60FC1F2,IS,01,No,,,,,09,Wet,,,N,02,Advance Warning Area,03,Work on Shoulder or Median,No
Property Damage Crashes,DA2977003F,Prince George's County Police,"Sideswipe, Same Direction",Prince George's,Principal Arterial – Other,No,No,No,No,No,WOODYARD RD (SB/L),223,MARYLAND ROUTE,No,True,No,2/10/2025,No,Point,38.786666957,-76.843294925,PGCOPD,07,16,03,No,8,,08:05,2025,Monday,12,Motor Vehicle In Transport,05,On Roadway,3,,,,,,99,Unknown,01,Daylight,2/10/2025,2025-02-10,N,43.72,F,N,,,289AC641A9122397D7BB8AD02D4000EE74FC08C35728CA2597D7AF6362B339F3,MD,01,No,12,Motor Vehicle In Transport,05,On Roadway,01,Dry,,,,,,,,
Property Damage Crashes,DA4252005R,Prince George's County Police,"Sideswipe, Same Direction",Prince George's,Local,No,No,No,No,No,FLAGSTAFF ST,3727,COUNTY ROAD,No,True,No,2/13/2025,No,Point,38.920843079,-76.886022914,PGCOPD,07,16,03,No,18,,18:45,2025,Thursday,15,Parked Vehicle,05,On Roadway,7,,,,,,06,Non-Junction,03,Dark - Lighted,2/13/2025,2025-02-13,S,11.52,F,N,,,56923B04C725FDC130F8278DFA3C5F25B70B46B8B3E1FA7BB4F0FBBEB89AC140,CO,01,No,,,,,01,Dry,,,,,,,,
Property Damage Crashes,DA3315004J,Prince George's County Police,Rear To Side,Prince George's,,No,Yes,No,No,Yes,,,,Yes,True,No,2/11/2025,No,Point,39.044211272,-76.944957828,PGCOPD,05,16,03,,7,,07:46,2025,Tuesday,15,Parked Vehicle,02,In Parking Lane Or Zone,,,,,,,,,01,Daylight,2/11/2025,2025-02-11,,,F,N,101,Parking Aisle,,,02,"Yes, School Bus Directly Involved",,,,,,,,,,,,,,
Property Damage Crashes,MSP726800H6,Maryland State Police,Front to Rear,Prince George's,Principal Arterial – Other,No,No,No,No,No,CRAIN HWY (SB/L),301,UNITED STATE ROUTE,No,True,No,2/13/2025,No,Point,38.675104197,-76.876088512,MSP,03,16,03,No,15,,15:35,2025,Thursday,12,Motor Vehicle In Transport,05,On Roadway,3,,,,,,06,Non-Junction,01,Daylight,2/13/2025,2025-02-13,S,20.84,F,N,,,B52C56A17851EF8C1FE02809858B8DCC9BC7ADA86BE03A2C820E9E8B99C9A6C0,US,01,No,,,,,01,Dry,,,,,,,,
Injury Crashes,RD0133001D,Riverdale Park Police Department,Other,Prince George's,Minor Collector,No,No,No,No,No,TAYLOR RD,280,MUNICIPAL ROAD,No,True,No,2/28/2025,No,Point,38.961142617,-76.929314112,RIVERDALE,98,16,02,Yes,19,04,19:37,2025,Friday,12,Motor Vehicle In Transport,05,On Roadway,6,Perpendicular,,,RIVERDALE RD,03,05,Intersection or Related,03,Dark - Lighted,2/28/2025,2025-02-28,W,0,F,N,,,D8414565A3C97D326F870DD01A1B0733E3A5A35CB80D87C6387ECB94C301E045,MU,01,No,,,,,01,Dry,02,Stop - All Way,,,,,,
Property Damage Crashes,DA44170005,Prince George's County Police,Single Vehicle,Prince George's,,No,No,No,No,Yes,,,,No,True,No,1/10/2025,No,Point,38.8434764,-76.9488512,PGCOPD,101,16,03,,22,,22:05,2025,Friday,35,"Other Fixed Object (wall, building, tunnel, etc.)",04,"Off-Roadway, Location Unknown",,,,,,,,,03,Dark - Lighted,1/10/2025,2025-01-10,,,F,N,102,Parking Lot Way,,,01,No,,,,,,,,,,,,,,
Injury Crashes,DA3047008C,Prince George's County Police,Single Vehicle,Prince George's,Local,No,No,No,No,No,LIVINGSTON RD,1201,COUNTY ROAD,No,True,No,5/9/2025,No,Point,38.665024402,-77.032788809,PGCOPD,101,16,02,No,16,,16:40,2025,Friday,40,Tree (standing),05,On Roadway,7,,,,,,06,Non-Junction,01,Daylight,5/9/2025,2025-05-09,N,19,F,N,,,8F8288810DD5607CAC31DF9520A1DC1C1CB162FDAB6888EE86F8A9CBAF830C37,CO,01,No,,,,,01,Dry,,,,,,,,
Property Damage Crashes,MSP68590092,Maryland State Police,"Sideswipe, Same Direction",Prince George's,Interstate,No,Yes,No,No,No,CAPITAL BELTWAY (SB/L),95,INTERSTATE ROUTE,No,True,No,5/14/2025,No,Point,38.80954565,-76.966451817,MSP,07,16,03,No,17,,17:06,2025,Wednesday,12,Motor Vehicle In Transport,05,On Roadway,1,,,,,,09,Through Roadway,01,Daylight,5/14/2025,2025-05-14,N,40.3,F,N,,,03DE9E7E38A8D1C4985CD203F731E0DB003D38365CD829C6498566A250304A13,IS,02,"Yes, School Bus Directly Involved",,,,,09,Wet,,,,,,,,
Property Damage Crashes,MSP715300F8,Maryland State Police,Single Vehicle,Prince George's,Interstate,Yes,No,No,No,No,CAPITAL BELTWAY (WB/L),495,INTERSTATE ROUTE,No,True,No,2/8/2025,No,Point,39.019217183,-76.964933445,MSP,101,16,03,No,4,,04:50,2025,Saturday,25,Concrete Traffic Barrier,10,Separator/Traffic Island,1,,101,State,,,06,Non-Junction,03,Dark - Lighted,2/8/2025,2025-02-08,S,236.62,F,N,,,84ABB8484F4277C86E7580FCEB27A8A263004EBD0AB2AB2FBE9922C6F113DB2C,IS,01,No,,,,,01,Dry,,,,,,,,
Property Damage Crashes,MSP757700KF,Maryland State Police,Single Vehicle,Prince George's,Interstate,Yes,No,No,No,No,RAMP 6 FR RAMP 10 (FR IS 495) TO US 1 SB,95,RAMP,No,True,No,4/26/2025,No,Point,39.018827591,-76.930855656,MSP,101,16,03,No,22,,22:31,2025,Saturday,37,Other Traffic Barrier,03,Median,1,,101,State,,,09,Through Roadway,03,Dark - Lighted,4/26/2025,2025-04-26,W,11.57,F,N,,,94C5CE2D2777D0C8BE21ABA73C5E970657CF8F34E08633040935A1BD54832DBF,RP,01,No,97,Not Applicable,,,01,Dry,,,,,,,,
Property Damage Crashes,DA3120005N,Prince George's County Police,"Sideswipe, Same Direction",Prince George's,Local,No,No,No,No,No,LAMPTON LA,4297,COUNTY ROAD,No,True,No,5/24/2025,No,Point,38.714280854,-76.991965484,PGCOPD,07,16,03,No,3,,03:30,2025,Saturday,15,Parked Vehicle,07,"On Shoulder, Right Side",7,,,,,,09,Through Roadway,04,Dark - Not Lighted,5/24/2025,2025-05-24,E,10.49,F,N,,,CE2384C11C7B1720B25E345DCCD02E5087236A705735E225989986E8758DA405,CO,01,No,,,,,01,Dry,,,,,,,,
Property Damage Crashes,MSP7843001H,Maryland State Police,Single Vehicle,Prince George's,Principal Arterial – Other Freeways and Expressways,No,No,No,No,No,JOHN HANSON HWY (WB/L),50,UNITED STATE ROUTE,No,True,No,3/3/2025,No,Point,38.932768992,-76.894446879,MSP,101,16,03,No,21,,21:31,2025,Monday,32,Guardrail Face,06,"On Shoulder, Left Side",2,,101,State,,,06,Non-Junction,04,Dark - Not Lighted,3/3/2025,2025-03-03,S,35.06,F,N,,,1E84F995B1403E560F8D60F74ED2AB1D3B27D66CAE7E7E01B3C41C903714D400,US,01,No,,,,,01,Dry,,,,,,,,
Property Damage Crashes,DA42520061,Prince George's County Police,"Sideswipe, Same Direction",Prince George's,Interstate,No,No,No,No,No,CAPITAL BELTWAY (SB/L),95,INTERSTATE ROUTE,No,True,No,5/3/2025,No,Point,38.911667688,-76.850139876,PGCOPD,07,16,03,No,7,,07:00,2025,Saturday,12,Motor Vehicle In Transport,05,On Roadway,1,,,,,,06,Non-Junction,01,Daylight,5/3/2025,2025-05-03,W,16.62,F,N,,,7DBFE39B8B9EDBB9AC666007498B0616001D322D1F73A8A6BD34DEAFFC5D2EB1,IS,01,No,,,,,01,Dry,,,,,,,,
Property Damage Crashes,DA4403000C,Prince George's County Police,Other,Prince George's,Principal Arterial – Other,No,No,No,No,No,BRANCH AVE (SB/L),5,MARYLAND ROUTE,No,True,No,2/27/2025,No,Point,38.847244127,-76.952626217,PGCOPD,98,16,03,Yes,21,04,21:12,2025,Thursday,12,Motor Vehicle In Transport,05,On Roadway,3,Perpendicular,,,CURTIS DR (SB/L),03,05,Intersection or Related,03,Dark - Lighted,2/27/2025,2025-02-27,E,0,F,N,,,9559E8080BCEFD749570C3C5BDBE72B211FC8AF17A8FB3929E525DD701519911,MD,01,No,,,,,01,Dry,01,Signalized,,,,,,
Injury Crashes,DA4242003Q,Prince George's County Police,Rear To Side,Prince George's,Major Collector,No,No,No,No,No,IVERSON ST,1478,COUNTY ROAD,No,True,No,2/18/2025,No,Point,38.823777080,-76.983698722,PGCOPD,05,16,02,No,10,,10:15,2025,Tuesday,12,Motor Vehicle In Transport,05,On Roadway,5,,,,,,06,Non-Junction,01,Daylight,2/18/2025,2025-02-18,E,26.72,F,N,,,4010112E84C2EA4BD312CE59A57B0B32B51A6ACBAD0985F40C93474289FABD01,CO,01,No,,,,,01,Dry,,,,,,,,
Injury Crashes,MSP7787006C,Maryland State Police,"Sideswipe, Same Direction",Prince George's,Interstate,No,No,Yes,No,No,NO NAME,95,INTERSTATE ROUTE,No,True,No,4/24/2025,No,Point,39.022744317,-76.941487476,MSP,07,16,02,No,8,,08:40,2025,Thursday,12,Motor Vehicle In Transport,05,On Roadway,1,,,,,,06,Non-Junction,01,Daylight,4/24/2025,2025-04-24,E,50.28,F,N,,,A8EB5E69D10732C943E442C75E17551ACEC1B29B7C015B2570114E1FB55DD98C,IS,01,No,,,,,01,Dry,,,,,,,,
Property Damage Crashes,MSP718600KT,Maryland State Police,Single Vehicle,Prince George's,Interstate,No,No,No,No,No,CAPITAL BELTWAY (SB/L),95,INTERSTATE ROUTE,No,True,No,5/14/2025,No,Point,38.819736622,-76.927338426,MSP,101,16,03,No,21,,21:05,2025,Wednesday,13,Other Non-Fixed Object,09,Roadside,1,,101,State,,,09,Through Roadway,05,Dark - Unknown Lighting,5/14/2025,2025-05-14,S,6.58,F,N,,,A8963E738398A51F355F95E5BDB008125CE1752CA85E7876FE06159AA23B1DC4,IS,01,No,,,,,01,Dry,,,,,,,,
Property Damage Crashes,DA4406001C,Prince George's County Police,Front to Front,Prince George's,Minor Arterial,No,No,No,No,No,VIRGINIA MANOR RD (SB/L),212,MARYLAND ROUTE,No,True,No,5/28/2025,No,Point,39.059397032,-76.892885965,PGCOPD,02,16,03,No,7,,07:36,2025,Wednesday,12,Motor Vehicle In Transport,05,On Roadway,4,,,,,,06,Non-Junction,01,Daylight,5/28/2025,2025-05-28,S,18.13,F,N,,,588486181BF4C508F83D0B65FCC72D38C150AF5B055D13DDD9C0FD2ABC295415,MD,01,No,12,Motor Vehicle In Transport,05,On Roadway,09,Wet,,,,,,,,
Property Damage Crashes,DA42960044,Prince George's County Police,Front to Rear,Prince George's,Minor Arterial,No,No,No,No,No,WALKER MILL RD (EB/L),367,COUNTY ROAD,No,True,No,3/16/2025,No,Point,38.869381846,-76.850565422,PGCOPD,03,16,03,No,18,,18:04,2025,Sunday,12,Motor Vehicle In Transport,05,On Roadway,4,,,,,,09,Through Roadway,01,Daylight,3/16/2025,2025-03-16,W,41.53,F,N,,,4AE3562AD26732C469BF522ECCD9FB99E455297D70B288E2D68183183FD45DC7,CO,01,No,,,,,01,Dry,,,,,,,,
Property Damage Crashes,DA3772006P,Prince George's County Police,Angle,Prince George's,,No,No,No,No,Yes,,,,No,True,No,1/20/2025,No,Point,38.828634845,-76.957577242,PGCOPD,01,16,03,,3,,03:37,2025,Monday,12,Motor Vehicle In Transport,99,Unknown,,,,,,,,,03,Dark - Lighted,1/20/2025,2025-01-20,,,F,N,102,Parking Lot Way,,,01,No,,,,,,,,,,,,,,
Injury Crashes,MSP78710043,Maryland State Police,Front to Rear,Prince George's,Interstate,No,Yes,No,No,No,NO NAME (SB/L),95,INTERSTATE ROUTE,No,True,No,5/16/2025,No,Point,39.050817099,-76.930839910,MSP,03,16,02,No,5,,05:54,2025,Friday,12,Motor Vehicle In Transport,05,On Roadway,1,,,,,,09,Through Roadway,01,Daylight,5/16/2025,2025-05-16,N,52.08,F,N,,,04EDC99758D34523310888043ACEF2995949B48C0B73CC8A5DBE74C3568C1A66,IS,01,No,,,,,01,Dry,,,,,,,,
Injury Crashes,MSP744700MD,Maryland State Police,Angle,Prince George's,Principal Arterial – Other,No,No,No,No,No,CENTRAL AVE (WB/L),214,MARYLAND ROUTE,No,True,No,1/31/2025,No,Point,38.901835959,-76.739641938,MSP,01,16,02,No,16,,16:39,2025,Friday,12,Motor Vehicle In Transport,05,On Roadway,3,,,,,,06,Non-Junction,01,Daylight,1/31/2025,2025-01-31,W,53.37,F,N,,,96D8A439337A234DE86E224BA298EB9BB3A59E73C133C35B113A6B6B0D3DE71F,MD,01,No,,,,,09,Wet,,,,,,,,
Property Damage Crashes,DA4356002W,Prince George's County Police,Front to Rear,Prince George's,,Yes,No,No,No,No,,81,COUNTY ROAD,No,True,No,1/17/2025,No,Point,38.837942160,-76.906234497,PGCOPD,03,16,03,No,17,,17:45,2025,Friday,12,Motor Vehicle In Transport,05,On Roadway,,,,,,,06,Non-Junction,03,Dark - Lighted,1/17/2025,2025-01-17,W,37.07,F,N,,,F971823BF4248ADF00D09FEF5CE814F6C78394519B268A0B94C8D2961ED8D0E4,CO,01,No,,,,,01,Dry,,,,,,,,
Property Damage Crashes,DA4427000K,Prince George's County Police,"Sideswipe, Same Direction",Prince George's,Local,No,No,No,No,No,ROLLING GREEN WAY,6721,COUNTY ROAD,No,True,No,3/25/2025,No,Point,38.748113273,-76.962503169,PGCOPD,07,16,03,No,20,,20:00,2025,Tuesday,15,Parked Vehicle,05,On Roadway,7,,,,,,06,Non-Junction,04,Dark - Not Lighted,3/25/2025,2025-03-25,W,76.68,F,N,,,5CB6B33484601E9812D2BB2A2A153938FECD83140D01C83BEFD8073CE9248C55,CO,01,No,,,,,01,Dry,,,,,,,,
Property Damage Crashes,MSP746700FC,Maryland State Police,Front to Rear,Prince George's,Principal Arterial – Other,No,No,No,No,No,CRAIN HWY,301,UNITED STATE ROUTE,No,True,No,2/21/2025,No,Point,38.946526667,-76.717753333,MSP,03,16,03,No,18,,18:25,2025,Friday,12,Motor Vehicle In Transport,05,On Roadway,3,,,,,,09,Through Roadway,01,Daylight,2/21/2025,2025-02-21,S,39.17,F,N,,,F5404B748F20D4046A632E1E9DAFD3C21B4322D929BBA25DA2B36F9AF1151B17,US,01,No,,,,,01,Dry,,,,,,,,
Property Damage Crashes,DA373600D6,Prince George's County Police,Other,Prince George's,,No,No,No,No,Yes,,,,No,True,No,4/17/2025,No,Point,38.805089503,-76.977595145,PGCOPD,98,16,03,,19,,19:37,2025,Thursday,12,Motor Vehicle In Transport,02,In Parking Lane Or Zone,,,,,,,,,01,Daylight,4/17/2025,2025-04-17,,,F,N,102,Parking Lot Way,,,01,No,,,,,,,,,,,,,,
Property Damage Crashes,MSP744700M4,Maryland State Police,Front to Rear,Prince George's,Principal Arterial – Other,No,No,No,No,No,CRAIN HWY (SB/L),301,UNITED STATE ROUTE,No,True,No,1/29/2025,No,Point,38.880640801,-76.720458703,MSP,03,16,03,No,16,,16:23,2025,Wednesday,12,Motor Vehicle In Transport,05,On Roadway,3,,,,,,06,Non-Junction,01,Daylight,1/29/2025,2025-01-29,S,41.07,F,N,,,E04EA2A7922D45BAC9B7A02743CDF2AA60087DB845C7DDD7AC9C8079A378437C,US,01,No,,,,,01,Dry,,,,,,,,
Property Damage Crashes,DA309400BV,Prince George's County Police,Front to Rear,Prince George's,,No,No,No,No,No,GOOD LUCK RD (WB/L),42,COUNTY ROAD,No,True,No,3/19/2025,No,Point,38.980132968,-76.848308681,PGCOPD,03,16,03,No,17,,17:00,2025,Wednesday,12,Motor Vehicle In Transport,05,On Roadway,,,,,,,06,Non-Junction,01,Daylight,3/19/2025,2025-03-19,S,8.52,F,N,,,D58027973D167313CB001D15C9898F463DC67FE0FAA16FA70AE36FC51DA9D7B7,CO,01,No,,,,,01,Dry,,,,,,,,
Property Damage Crashes,GC93770002,Glenarden Police Department,"Sideswipe, Opposite Direction",Prince George's,Local,No,Yes,No,No,No,HAYES ST,160,MUNICIPAL ROAD,No,True,No,4/17/2025,No,Point,38.934466526,-76.866988674,GLENARDEN,06,16,03,No,17,,17:18,2025,Thursday,12,Motor Vehicle In Transport,05,On Roadway,7,,,,,,06,Non-Junction,01,Daylight,4/17/2025,2025-04-17,N,7.27,F,N,,,B4EAD9C906765A822778CDA7833D22E7C6E5256884914F8F15837D69A5EABE1F,MU,01,No,97,Not Applicable,,,01,Dry,,,,,,,,
Property Damage Crashes,DA29630019,Prince George's County Police,Single Vehicle,Prince George's,Principal Arterial – Other,No,No,No,No,No,BERRY RD (WB/L),228,MARYLAND ROUTE,No,True,No,3/16/2025,No,Point,38.655296954,-76.999185193,PGCOPD,101,16,03,No,4,,04:24,2025,Sunday,32,Guardrail Face,07,"On Shoulder, Right Side",3,,,,,,06,Non-Junction,03,Dark - Lighted,3/16/2025,2025-03-16,N,26.72,F,N,,,F57F52C2355113067D62748517EDE19788A2C399A21EED7164E971DA5EBC8B37,MD,01,No,97,Not Applicable,,,01,Dry,,,,,,,,
Property Damage Crashes,DA4434000G,Prince George's County Police,"Sideswipe, Same Direction",Prince George's,Local,No,No,No,No,No,LORRING DR,1303,COUNTY ROAD,No,True,No,5/18/2025,No,Point,38.850664454,-76.882981304,PGCOPD,07,16,03,No,22,,22:08,2025,Sunday,12,Motor Vehicle In Transport,05,On Roadway,7,,,,,,06,Non-Junction,03,Dark - Lighted,5/18/2025,2025-05-18,S,110.47,F,N,,,6401CD36F4B3697B11D6A8E51BBF85B713E3AD5F94F8717453A551EE769BA56E,CO,01,No,,,,,01,Dry,,,,,,,,
Property Damage Crashes,DA3783006H,Prince George's County Police,Front to Rear,Prince George's,Principal Arterial – Other,No,No,No,No,No,GREENBELT RD,193,MARYLAND ROUTE,No,True,No,3/11/2025,No,Point,38.990742094,-76.836166359,PGCOPD,03,16,03,No,18,,18:40,2025,Tuesday,12,Motor Vehicle In Transport,05,On Roadway,3,,,,,,06,Non-Junction,01,Daylight,3/11/2025,2025-03-11,N,3.75,F,N,,,B769A9214FCE54970AF311014DB77AA3A21EA1E9CBC7887D134109E98C995883,MD,01,No,,,,,01,Dry,,,,,,,,
Property Damage Crashes,MSP77870063,Maryland State Police,Single Vehicle,Prince George's,Principal Arterial – Other Freeways and Expressways,Yes,No,No,No,No,EDMONSTON AVE (SB/L),201,MARYLAND ROUTE,No,True,No,4/11/2025,No,Point,39.016135359,-76.897519275,MSP,101,16,03,No,4,,04:35,2025,Friday,23,Bridge Rail,09,Roadside,2,,,,,,06,Non-Junction,04,Dark - Not Lighted,4/11/2025,2025-04-11,W,12.81,F,N,,,3811F4D161C95CCB5C59D8B5B5D814BAF228D1CE407EDD6DDF1415938A6E9C02,MD,01,No,,,,,01,Dry,,,,,,,,
Property Damage Crashes,MSP7871004C,Maryland State Police,Angle,Prince George's,Interstate,No,No,No,No,No,CAPITAL BELTWAY,495,INTERSTATE ROUTE,No,True,No,5/26/2025,No,Point,39.021267290,-76.945185131,MSP,01,16,03,No,14,,14:20,2025,Monday,12,Motor Vehicle In Transport,05,On Roadway,1,,,,,,09,Through Roadway,01,Daylight,5/26/2025,2025-05-26,N,5.47,F,N,,,45976D0921809875B5A31CCD850D2EC7649A7992F8EF639AE426A21A06BFA9F3,IS,01,No,,,,,01,Dry,,,,,,,,
Injury Crashes,MSP78430018,Maryland State Police,Other,Prince George's,Interstate,No,No,No,No,No,RAMP 3 FR IS 495 EB TO IS 95X NB,95,RAMP,No,True,No,3/1/2025,No,Point,39.017379708,-76.954614025,MSP,98,16,02,Yes,20,,20:16,2025,Saturday,12,Motor Vehicle In Transport,05,On Roadway,1,,,,,,04,Entrance/Exit Ramp or Related,04,Dark - Not Lighted,3/1/2025,2025-03-01,N,1392.54,F,N,,,DE081017D7F21C492394AC9A4166ADFFA95D12CB91DB477CA404FF9F538B3C28,RP,01,No,12,Motor Vehicle In Transport,05,On Roadway,01,Dry,,,,,,,,
Property Damage Crashes,MSP757700K6,Maryland State Police,Front to Rear,Prince George's,Principal Arterial – Other,No,No,No,No,No,BALTIMORE AVE,1,UNITED STATE ROUTE,No,True,No,4/24/2025,No,Point,39.035175417,-76.907036419,MSP,03,16,03,No,14,,14:58,2025,Thursday,12,Motor Vehicle In Transport,05,On Roadway,3,,,,,,09,Through Roadway,01,Daylight,4/24/2025,2025-04-24,E,31.77,F,N,,,6BDC558E68DF1FBD647E7592C26C08D45963413D71A95EE6BBA94D3FD082F82B,US,01,No,97,Not Applicable,,,01,Dry,,,,,,,,
Injury Crashes,CE4914009D,Laurel Police Department,Single Vehicle,Prince George's,Principal Arterial – Other,No,No,No,Yes,No,LAUREL BOWIE RD,197,MARYLAND ROUTE,No,True,No,4/3/2025,No,Point,39.093439064,-76.843320254,LAUREL,101,16,02,No,8,,08:33,2025,Thursday,17,Pedestrian,05,On Roadway,3,,,,MORRIS DR,,06,Non-Junction,01,Daylight,4/3/2025,2025-04-03,S,9.11,F,N,,,4157DCB6AAE47361441EE33B5A5CC11B58012A959BC48F2E4A7F82FFDE64B590,MD,01,No,,,,,09,Wet,,,,,,,,
Property Damage Crashes,DA4431001G,Prince George's County Police,Front to Rear,Prince George's,Minor Arterial,No,No,No,No,No,RIGGS RD (SB/L),212,MARYLAND ROUTE,No,True,No,5/11/2025,No,Point,38.972305105,-76.979570171,PGCOPD,03,16,03,No,1,,01:50,2025,Sunday,12,Motor Vehicle In Transport,05,On Roadway,4,,,,,,06,Non-Junction,03,Dark - Lighted,5/11/2025,2025-05-11,N,23.28,F,N,,,640A3F5130AC6F32B5E9527C94CF7BE930E7821C067425AE20BEFBBCB485FC16,MD,01,No,,,,,01,Dry,,,,,,,,