Crash Severity Description,Reportnumber,Agencyname,CollisionImpact Description,Crash County Description,FunctionalClass Description,ImpairedCrash,Large Vehicle Involved,Motorcycle Crash,Non-Motorist Crash,OffRoad,RoadName,Route Number,RouteType Description,Unrestrained Occupants,WithinDateRange,Work Zone Related,Crashdate,Work Zone Crash,CrashPoint,Latitude,Longitude,AgencyCode,CollisionImpact,Crash County,Crash Severity,Crash Within Interchange,Crashhour,CrashInterchangeApproaches,Crashtime,CrashYear,Dayofweek,FirstHarmEvent,FirstHarmEvent Description,FirstHarmLocation,FirstHarmLocation Description,FunctionalClass,Geometry Description,GovPropertyDamage,GovPropertyDamage Description,IntersectingRoadName,Intersection Geometry,JunctionRelated,JunctionRelated Description,Light,Light Description,LOD Crash Date,LOD Date Level,MilepointDirection,MilepointDistance,MilepointUnits,NonTrafficFatal,OffroadLocation,OffroadLocation Description,RoadID,RouteType,SchoolBusRelated,SchoolBusRelated Description,SecondHarmEvent,SecondHarmEvent Description,SecondHarmLocation,SecondHarmLocation Description,Surface,Surface Description,TrafficControl,Trafficcontrol Description,WZLawEnforcementPresent,WZLocation,WZLocation Description,WZType,WZType Description,WZWorkersPresent
Property Damage Crashes,MSP757700KQ,Maryland State Police,Single Vehicle,Prince George's,Interstate,No,No,No,No,No,CAPITAL BELTWAY,95,INTERSTATE ROUTE,No,True,No,5/13/2025,No,Point,38.962511667,-76.866971667,MSP,101,16,03,No,13,,13:33,2025,Tuesday,25,Concrete Traffic Barrier,03,Median,1,,,,,,09,Through Roadway,01,Daylight,5/13/2025,2025-05-13,N,34.39,F,N,,,85A2A4FC1C05090CF1C951AD9F414C72DAF90B663EC7090B4173D478D96928A3,IS,01,No,97,Not Applicable,,,09,Wet,,,,,,,,
Property Damage Crashes,MSP743900NC,Maryland State Police,Front to Rear,Prince George's,Interstate,No,No,No,No,No,RAMP 7 FR IS 595 WB TO IS 95 SB,95,RAMP,No,True,No,5/14/2025,No,Point,38.947147535,-76.857691595,MSP,03,16,03,No,1,,01:50,2025,Wednesday,12,Motor Vehicle In Transport,05,On Roadway,1,,,,,,04,Entrance/Exit Ramp or Related,04,Dark - Not Lighted,5/14/2025,2025-05-14,W,158.44,F,N,,,B849A66E5EC8B82D247290A3F4B5F43B6A6D83DD3AC8413C254AE8066D833B09,RP,01,No,,,,,09,Wet,,,,,,,,
Property Damage Crashes,MSP7787006T,Maryland State Police,Single Vehicle,Prince George's,Principal Arterial – Other,No,No,No,No,No,CRAIN HWY,3,MARYLAND ROUTE,Yes,True,No,5/15/2025,No,Point,38.982385798,-76.711654897,MSP,101,16,03,No,8,,08:19,2025,Thursday,28,Ditch,09,Roadside,3,,,,,,06,Non-Junction,01,Daylight,5/15/2025,2025-05-15,E,48.56,F,N,,,2B220568EB9075BED2DF518346FBACA5E304DFD296E58200A1DD07747DF1B001,MD,01,No,,,,,09,Wet,,,,,,,,
Property Damage Crashes,BW0215000S,Greenbelt Police Department,Front to Rear,Prince George's,Local,No,No,No,No,No,WEST WAY,520,MUNICIPAL ROAD,No,True,No,2/12/2025,No,Point,38.998360236,-76.883287609,GREENBELT,03,16,03,No,23,,23:00,2025,Wednesday,12,Motor Vehicle In Transport,05,On Roadway,7,,,,,,06,Non-Junction,03,Dark - Lighted,2/12/2025,2025-02-12,N,41.93,F,N,,,8BF9E58AEC8D2126B3A3BBF0D3265D4D3CCAA080BAFDCC6A88CBC52DEBF96876,MU,01,No,,,,,09,Wet,,,,,,,,
Property Damage Crashes,CE4644002R,Laurel Police Department,Other,Prince George's,Major Collector,No,No,No,No,No,FOURTH ST,9040,MUNICIPAL ROAD,No,True,No,3/4/2025,No,Point,39.100206069,-76.853080570,LAUREL,98,16,03,No,13,02,13:52,2025,Tuesday,12,Motor Vehicle In Transport,05,On Roadway,5,Perpendicular,,,GORMAN AVE,03,05,Intersection or Related,01,Daylight,3/4/2025,2025-03-04,N,0,F,N,,,A8DB17A1031519AA40879A2B92E0AFF4DE2FCA20E679874C8440680F87C8748A,MU,01,No,12,Motor Vehicle In Transport,05,On Roadway,01,Dry,01,Signalized,,,,,,
Property Damage Crashes,DA351500DJ,Prince George's County Police,Single Vehicle,Prince George's,Principal Arterial – Other,No,No,Yes,No,No,BERRY RD (WB/L),228,MARYLAND ROUTE,No,True,No,6/1/2025,No,Point,38.658095060,-77.010055043,PGCOPD,101,16,03,No,15,,15:30,2025,Sunday,02,Fell Jumped from Motor Vehicle,05,On Roadway,3,,,,,,06,Non-Junction,01,Daylight,6/1/2025,2025-06-01,N,23.95,F,N,,,1F200F32C126A63B5022B1844D559D105204522BE33585274B95D00BC24B077D,MD,01,No,,,,,01,Dry,,,,,,,,
Injury Crashes,MSP647600JH,Maryland State Police,Front to Rear,Prince George's,Interstate,No,No,No,No,No,RAMP 11 FR MD 210 NB TO IS 295 NB,95,RAMP,No,True,No,5/9/2025,No,Point,38.796251718,-76.998143802,MSP,03,16,02,No,4,,04:44,2025,Friday,12,Motor Vehicle In Transport,05,On Roadway,1,,,,,,09,Through Roadway,03,Dark - Lighted,5/9/2025,2025-05-09,S,32.52,F,N,,,1C17933F3ADF11606FD3181905BE859EB57C1FBD6D0F61EEEE7181EAF4162D05,RP,01,No,,,,,09,Wet,,,,,,,,
Injury Crashes,DA44150007,Prince George's County Police,"Sideswipe, Same Direction",Prince George's,Principal Arterial – Other Freeways and Expressways,No,No,No,No,No,RAMP 1 FR RAMP 4 (FR MD 295) TO MD 450,295,RAMP,No,True,No,1/3/2025,No,Point,38.938781823,-76.913271015,PGCOPD,07,16,02,No,10,04,10:01,2025,Friday,12,Motor Vehicle In Transport,05,On Roadway,2,Perpendicular,,,ANNAPOLIS RD ANNAPOLIS RD (WB/L) RAMP 3 FR MD 450 TO RAMP 2 (TO MD 295),03,05,Intersection or Related,01,Daylight,1/3/2025,2025-01-03,E,0,F,N,,,4C707F464AA73AA9C60695CC94E4CB0B299A67CF10E77DCAE8FF060B0F4E4EAC,RP,01,No,12,Motor Vehicle In Transport,05,On Roadway,01,Dry,01,Signalized,,,,,,
Injury Crashes,MSP76570076,Maryland State Police,Front to Rear,Prince George's,Interstate,No,No,No,No,No,CAPITAL BELTWAY,95,INTERSTATE ROUTE,No,True,No,1/24/2025,No,Point,38.918348333,-76.851678333,MSP,03,16,02,No,8,,08:14,2025,Friday,12,Motor Vehicle In Transport,05,On Roadway,1,,,,,,06,Non-Junction,01,Daylight,1/24/2025,2025-01-24,W,34.83,F,N,,,E526FFC87E43BF7E9120C49A03A133BF98173054F9B960780E1F23D71345ECAC,IS,01,No,12,Motor Vehicle In Transport,05,On Roadway,01,Dry,,,,,,,,
Property Damage Crashes,MSP76570085,Maryland State Police,Angle,Prince George's,,No,Yes,No,No,No,,131,COUNTY ROAD,No,True,No,5/1/2025,No,Point,38.756712534,-76.810376107,MSP,01,16,03,No,6,04,06:02,2025,Thursday,12,Motor Vehicle In Transport,05,On Roadway,,Perpendicular,,,CRAIN HWY (SB/L),03,05,Intersection or Related,01,Daylight,5/1/2025,2025-05-01,W,0,F,N,,,A62F196FABF4041135351CE608FCF3F44C38A615230AC85F68F8A5D3CF8491A3,CO,01,No,,,,,01,Dry,01,Signalized,,,,,,
Property Damage Crashes,DA1786000P,Prince George's County Police,Front to Rear,Prince George's,Principal Arterial – Other Freeways and Expressways,No,No,No,No,No,RAMP 8 FR SUITLAND RD TO SUITLAND PKWY,119,RAMP,No,True,No,5/27/2025,No,Point,38.835964356,-76.903787814,PGCOPD,03,16,03,Yes,19,,19:00,2025,Tuesday,12,Motor Vehicle In Transport,05,On Roadway,2,,,,,,04,Entrance/Exit Ramp or Related,01,Daylight,5/27/2025,2025-05-27,E,28.37,F,N,,,2DCB62E512F650693BE140F8DC6E6E5E64CAF245AFAAC5E20DAEF13374DCB1F6,RP,01,No,97,Not Applicable,,,09,Wet,,,,,,,,
Property Damage Crashes,DA4358002K,Prince George's County Police,"Sideswipe, Same Direction",Prince George's,Principal Arterial – Other,No,No,No,No,No,BRANCH AVE (SB/L),5,MARYLAND ROUTE,No,True,No,2/8/2025,No,Point,38.839641841,-76.947095847,PGCOPD,07,16,03,No,18,,18:59,2025,Saturday,12,Motor Vehicle In Transport,05,On Roadway,3,,,,,,09,Through Roadway,03,Dark - Lighted,2/8/2025,2025-02-08,N,119.99,F,N,,,4128850FB45F8A9720506A4A644A3FE61D80B7B13BFCE95A997DBC7CEE3E09A7,MD,01,No,,,,,09,Wet,,,,,,,,
Injury Crashes,MSP585801H1,Maryland State Police,Angle,Prince George's,Major Collector,Yes,No,No,No,No,ROSARYVILLE RD,131,COUNTY ROAD,No,True,No,4/19/2025,No,Point,38.756596459,-76.810656341,MSP,01,16,02,Yes,12,04,12:14,2025,Saturday,12,Motor Vehicle In Transport,05,On Roadway,5,Perpendicular,,,CRAIN HWY (SB/L),03,05,Intersection or Related,01,Daylight,4/19/2025,2025-04-19,E,0,F,N,,,5A945FC7CB1C0A8C75025F772D42DB611D4ACA6DC40E34004C05A725797A0479,CO,01,No,,,,,01,Dry,01,Signalized,,,,,,
Injury Crashes,DJ0183001P,Seat Pleasant Police Department,Front to Rear,Prince George's,Principal Arterial – Other,No,No,No,No,No,CENTRAL AVE,214,MARYLAND ROUTE,No,True,No,4/26/2025,No,Point,38.889618674,-76.863214264,SEATPLEASANT,03,16,02,No,0,,00:30,2025,Saturday,12,Motor Vehicle In Transport,05,On Roadway,3,,,,,,01,Acceleration/Deceleration Lane,03,Dark - Lighted,4/26/2025,2025-04-26,E,17.35,F,N,,,5CBDF5B68FE5353DF684836599C9DA72C688377F8332E35CF3A19A0C3ACAEB03,MD,01,No,,,,,09,Wet,,,,,,,,
Property Damage Crashes,CC02990013,Hyattsville Police Department,Front to Rear,Prince George's,Minor Arterial,No,Yes,No,No,No,QUEENS CHAPEL RD,500,MARYLAND ROUTE,No,True,No,1/16/2025,No,Point,38.962291706,-76.953449227,HYATTSVILLE,03,16,03,No,11,,11:20,2025,Thursday,12,Motor Vehicle In Transport,05,On Roadway,4,,,,OLIVER ST,,06,Non-Junction,01,Daylight,1/16/2025,2025-01-16,N,14.82,F,N,,,602D98DB49BAEEBE9F045E6D2EDDCE275379F0ACC96E5FDD755E789C15D19392,MD,01,No,,,,,01,Dry,,,,,,,,
Property Damage Crashes,MSP7764007R,Maryland State Police,Front to Rear,Prince George's,Interstate,No,No,No,No,No,CAPITAL BELTWAY,95,INTERSTATE ROUTE,No,True,No,2/26/2025,No,Point,38.984765,-76.879131667,MSP,03,16,03,No,18,,18:30,2025,Wednesday,12,Motor Vehicle In Transport,05,On Roadway,1,,,,,,06,Non-Junction,03,Dark - Lighted,2/26/2025,2025-02-26,W,39.89,F,N,,,636C1054188B4F42056FA016257CB8F9093B4F7B5BDB9132F14CB65AD3116024,IS,01,No,,,,,01,Dry,,,,,,,,
Property Damage Crashes,DA3135000V,Prince George's County Police,Front to Rear,Prince George's,Local,No,No,No,No,No,CHARLES L ARMENTROUT DR (WB/L),5562,COUNTY ROAD,No,True,No,2/25/2025,No,Point,38.946138865,-76.945515237,PGCOPD,03,16,03,No,16,,16:15,2025,Tuesday,12,Motor Vehicle In Transport,05,On Roadway,7,,,,,,06,Non-Junction,01,Daylight,2/25/2025,2025-02-25,N,33.82,F,N,,,4B8E30BD1561E384C94667D403BF2473C9980E9B1CE87514B89D2F2B5C7248CF,CO,01,No,97,Not Applicable,,,01,Dry,,,,,,,,
Property Damage Crashes,MSP7764008Q,Maryland State Police,Single Vehicle,Prince George's,Interstate,No,No,No,No,No,NO NAME (SB/L),95,INTERSTATE ROUTE,No,True,No,4/16/2025,No,Point,39.030448333,-76.948886667,MSP,101,16,03,No,14,,14:09,2025,Wednesday,33,Impact Attenuator/Crash Cushion,05,On Roadway,1,,101,State,,,04,Entrance/Exit Ramp or Related,01,Daylight,4/16/2025,2025-04-16,S,41.75,F,N,,,80263986B1EEBFC0BDDFBB07CB2778C8C4911A3E876F3DD94C27CBBE13C38C1E,IS,01,No,,,,,01,Dry,,,,,,,,
Injury Crashes,DA43630012,Prince George's County Police,Front to Front,Prince George's,Minor Arterial,No,No,No,No,No,LANHAM SEVERN RD,564,MARYLAND ROUTE,No,True,No,5/3/2025,No,Point,38.967512887,-76.854963115,PGCOPD,02,16,02,No,19,,19:21,2025,Saturday,12,Motor Vehicle In Transport,05,On Roadway,4,,,,MAIN ST,,09,Through Roadway,01,Daylight,5/3/2025,2025-05-03,N,22.62,F,N,,,FD525E66D24C653B2FCB55143629A6D2FD9508CA780C713B3555D06A1FADDD76,MD,01,No,,,,,09,Wet,,,,,,,,
Property Damage Crashes,MSP744200ST,Maryland State Police,Single Vehicle,Prince George's,Interstate,Yes,No,No,No,No,RAMP 7 FR RAMP 10 (FR IS 595) TO MD 3 SB,595,RAMP,No,True,No,4/10/2025,No,Point,38.955323745,-76.718149537,MSP,101,16,03,Yes,18,,18:25,2025,Thursday,40,Tree (standing),09,Roadside,1,,,,,,04,Entrance/Exit Ramp or Related,01,Daylight,4/10/2025,2025-04-10,W,35.42,F,N,,,733C82F9EDF02114628A9E2EFF73A3F17596FC95FBC8EC33A5D2FB78EBABA949,RP,01,No,,,,,01,Dry,,,,,,,,
Property Damage Crashes,MSP647600H6,Maryland State Police,"Sideswipe, Same Direction",Prince George's,Interstate,No,No,No,No,No,CAPITAL BELTWAY (SB LOCAL),95,INTERSTATE ROUTE,No,True,No,3/4/2025,No,Point,38.798325464,-77.009431767,MSP,07,16,03,No,7,,07:32,2025,Tuesday,12,Motor Vehicle In Transport,05,On Roadway,1,,,,,,09,Through Roadway,01,Daylight,3/4/2025,2025-03-04,S,38.06,F,N,,,8649AC92D97CA68FEE5BA793EAA55175E620BDF40ADE75652C2F75FB412B1578,IS,01,No,12,Motor Vehicle In Transport,05,On Roadway,01,Dry,,,,,,,,
Property Damage Crashes,MSP745800Q7,Maryland State Police,Front to Front,Prince George's,,No,No,No,No,No,,5,MARYLAND ROUTE,No,True,No,3/5/2025,No,Point,38.664193333,-76.874565,MSP,02,16,03,No,15,,15:53,2025,Wednesday,12,Motor Vehicle In Transport,05,On Roadway,,,,,,,01,Acceleration/Deceleration Lane,01,Daylight,3/5/2025,2025-03-05,N,5.75,F,N,,,42BB166F4E128271591BAEC0DA8C27B7FDA9FB616D2A72AF9798E8D58E5F7042,MD,01,No,,,,,09,Wet,,,,,,,,
Property Damage Crashes,DA4421000R,Prince George's County Police,Angle,Prince George's,,No,No,No,No,No,ALLENTOWN RD (SB/L),126,COUNTY ROAD,No,True,No,1/31/2025,No,Point,38.762489065,-76.955071140,PGCOPD,01,16,03,Yes,11,,11:20,2025,Friday,12,Motor Vehicle In Transport,05,On Roadway,,,,,STEED RD,,09,Through Roadway,01,Daylight,1/31/2025,2025-01-31,W,31.41,F,N,,,E2284D4E8BAA739C36B702170C787C7365A467D381D506BE4D32FDF93E7A9CFE,CO,01,No,,,,,09,Wet,,,,,,,,
Injury Crashes,MSP617100NT,Maryland State Police,Front to Rear,Prince George's,Principal Arterial – Other Freeways and Expressways,No,Yes,No,No,No,JOHN HANSON HWY (WB/L),50,UNITED STATE ROUTE,No,True,No,4/8/2025,No,Point,38.9303,-76.897873333,MSP,03,16,02,No,11,,11:00,2025,Tuesday,12,Motor Vehicle In Transport,05,On Roadway,2,,,,,,06,Non-Junction,01,Daylight,4/8/2025,2025-04-08,N,23.27,F,N,,,9F2AAD936D85515FDB66EE893DDFD615527ED135A948A094DF997F1F976767DA,US,01,No,,,,,01,Dry,,,,,,,,
Property Damage Crashes,DA4343002B,Prince George's County Police,Single Vehicle,Prince George's,Local,No,No,No,No,No,POWDER MILL RD,6,GOVERNMENT ROAD,No,True,No,1/15/2025,No,Point,39.047869808,-76.817039747,PGCOPD,101,16,03,No,12,,12:38,2025,Wednesday,31,Guardrail End Terminal,01,Gore,7,,,,,,06,Non-Junction,01,Daylight,1/15/2025,2025-01-15,E,159.56,F,N,,,8D6B4A8A1F43D0A285374BAF822D6BBE15FCEE05C7854554287AE5804E0D9775,GV,01,No,,,,,06,Slush,,,,,,,,
Property Damage Crashes,DA43130039,Prince George's County Police,Front to Rear,Prince George's,Principal Arterial – Other,No,No,No,No,No,BRANCH AVE,5,MARYLAND ROUTE,No,True,No,3/3/2025,No,Point,38.841896049,-76.948217001,PGCOPD,03,16,03,Yes,1,,01:21,2025,Monday,12,Motor Vehicle In Transport,05,On Roadway,3,,,,,,09,Through Roadway,03,Dark - Lighted,3/3/2025,2025-03-03,W,12.84,F,N,,,63688E82C8C618BC6292E0ECDE4784283154A6177840C85A3E2E03EA7B832E14,MD,01,No,,,,,01,Dry,,,,,,,,
Property Damage Crashes,CE450600NX,Laurel Police Department,Single Vehicle,Prince George's,,Yes,No,No,No,Yes,,,,No,True,No,1/11/2025,No,Point,39.096523377,-76.848981348,LAUREL,101,16,03,,4,,04:23,2025,Saturday,35,"Other Fixed Object (wall, building, tunnel, etc.)",04,"Off-Roadway, Location Unknown",,,,,,,,,03,Dark - Lighted,1/11/2025,2025-01-11,,,F,N,102,Parking Lot Way,,,01,No,,,,,,,,,,,,,,
Property Damage Crashes,DA3728009M,Prince George's County Police,"Sideswipe, Opposite Direction",Prince George's,Local,No,No,No,No,No,SPRUCE DR,1997,COUNTY ROAD,No,True,No,3/9/2025,No,Point,38.7822684,-76.910806,PGCOPD,06,16,03,No,20,,20:30,2025,Sunday,12,Motor Vehicle In Transport,05,On Roadway,7,,,,,,99,Unknown,03,Dark - Lighted,3/9/2025,2025-03-09,E,52.79,F,N,,,33232DDE2EE9A4A91B019902BD1463EEBCFCC9A978BF5C517E8B2785552F3606,CO,01,No,,,,,01,Dry,,,,,,,,
Property Damage Crashes,DA4233007W,Prince George's County Police,Single Vehicle,Prince George's,Major Collector,No,No,No,No,No,CROOM RD,382,MARYLAND ROUTE,No,True,No,3/24/2025,No,Point,38.730213760,-76.755122977,PGCOPD,101,16,03,No,23,,23:00,2025,Monday,40,Tree (standing),05,On Roadway,5,,,,,,06,Non-Junction,04,Dark - Not Lighted,3/24/2025,2025-03-24,N,23.72,F,N,,,0F1DE2924ED0781D9DF189883FCE125323DF66F39F69E2D709DE72BA0AAC37FB,MD,01,No,,,,,01,Dry,,,,,,,,
Injury Crashes,DA3877008V,Prince George's County Police,Front to Rear,Prince George's,Principal Arterial – Other Freeways and Expressways,No,No,No,No,No,INDIAN HEAD HWY,210,MARYLAND ROUTE,Yes,True,No,2/7/2025,No,Point,38.755481909,-76.993009581,PGCOPD,03,16,02,No,19,,19:53,2025,Friday,12,Motor Vehicle In Transport,05,On Roadway,2,,,,,,06,Non-Junction,03,Dark - Lighted,2/7/2025,2025-02-07,N,26.81,F,N,,,59C47C1014AD0C8941CDE6EEFF9511BF2D42B13292CF77FFE93D4CC4D69F6892,MD,01,No,12,Motor Vehicle In Transport,05,On Roadway,01,Dry,,,,,,,,
Property Damage Crashes,MSP745800T6,Maryland State Police,Front to Rear,Prince George's,Principal Arterial – Other,No,No,No,No,No,CRAIN HWY,301,UNITED STATE ROUTE,No,True,No,5/19/2025,No,Point,38.793877642,-76.768068965,MSP,03,16,03,No,20,,20:47,2025,Monday,12,Motor Vehicle In Transport,05,On Roadway,3,,,,,,01,Acceleration/Deceleration Lane,03,Dark - Lighted,5/19/2025,2025-05-19,E,28.39,F,N,,,2E629F43F95D4BDFD45400112D357BDF837DAB9C992232F017E8925143A6F806,US,01,No,,,,,01,Dry,,,,,,,,
Property Damage Crashes,HB0506000F,Maryland-National Capital Park Police Prince George's County,"Sideswipe, Same Direction",Prince George's,Local,No,Yes,No,No,No,PRINCE GEORGES BLVD,4640,COUNTY ROAD,No,True,No,2/12/2025,No,Point,38.872890525,-76.727688839,PGPARK,07,16,03,No,16,,16:31,2025,Wednesday,12,Motor Vehicle In Transport,05,On Roadway,7,,100,Local,QUEENS CT,,06,Non-Junction,01,Daylight,2/12/2025,2025-02-12,N,0,F,N,,,322F5BE122CBC47B09EDFA9CA3775E67F22996D30AC1B8BEC3700CB4409440E6,CO,01,No,,,,,09,Wet,,,,,,,,
Property Damage Crashes,DA43080044,Prince George's County Police,Angle,Prince George's,,No,No,No,No,No,,427,SPUR,No,True,No,1/26/2025,No,Point,38.852472820,-76.956082726,PGCOPD,01,16,03,No,20,,20:44,2025,Sunday,12,Motor Vehicle In Transport,05,On Roadway,,,,,,,06,Non-Junction,03,Dark - Lighted,1/26/2025,2025-01-26,N,51.93,F,N,,,A8D6695E0E66AC55FFE081EDA83F86B15B1ABE6C1902B1EB8AC79BD560940360,SP,01,No,,,,,01,Dry,,,,,,,,
Property Damage Crashes,DA4414000F,Prince George's County Police,Front to Rear,Prince George's,,No,No,No,No,No,,122,COUNTY ROAD,No,True,No,3/3/2025,No,Point,38.804930478,-76.958475578,PGCOPD,03,16,03,Yes,9,,09:23,2025,Monday,12,Motor Vehicle In Transport,05,On Roadway,,,,,,,09,Through Roadway,01,Daylight,3/3/2025,2025-03-03,E,23.45,F,N,,,98EEE43446C75CD971E5D1811B2685F7503DA2A15F8D4DF69BF05B2712D25974,CO,01,No,,,,,01,Dry,,,,,,,,
Property Damage Crashes,DA3978001V,Prince George's County Police,Angle,Prince George's,,No,No,No,No,No,,2737,COUNTY ROAD,No,True,No,4/30/2025,No,Point,39.063411440,-76.888846390,PGCOPD,01,16,03,Yes,8,02,08:00,2025,Wednesday,12,Motor Vehicle In Transport,05,On Roadway,,Perpendicular,,,MUIRKIRK RD,03,05,Intersection or Related,01,Daylight,4/30/2025,2025-04-30,N,0,F,N,,,7BB740F84D02AFFA047DB265872A46086980DF3D13DE3F947DCA1E6A36FCB4D2,CO,01,No,12,Motor Vehicle In Transport,05,On Roadway,01,Dry,05,No Controls,,,,,,
Property Damage Crashes,DA2969000T,Prince George's County Police,Front to Rear,Prince George's,Minor Arterial,No,No,No,No,No,ALLENTOWN RD,126,COUNTY ROAD,No,True,No,1/23/2025,No,Point,38.789068679,-76.937196808,PGCOPD,03,16,03,No,21,,21:35,2025,Thursday,12,Motor Vehicle In Transport,05,On Roadway,4,,,,PAYNE DR,,06,Non-Junction,03,Dark - Lighted,1/23/2025,2025-01-23,S,3.93,F,N,,,E177681C956F30C2C865C5479E23E543E2AF2556D66B4EBF96F9DFDF3D7A254A,CO,01,No,,,,,01,Dry,,,,,,,,
Injury Crashes,DA32230047,Prince George's County Police,Single Vehicle,Prince George's,Local,No,No,No,No,No,GALLAHAN RD,144,COUNTY ROAD,No,True,No,1/28/2025,No,Point,38.708126341,-76.967080834,PGCOPD,101,16,02,No,12,,12:37,2025,Tuesday,40,Tree (standing),07,"On Shoulder, Right Side",7,,,,,,06,Non-Junction,01,Daylight,1/28/2025,2025-01-28,N,37.45,F,N,,,25BB3664AE0D9F7631195C58BFAC5231408A3912DCC7410C033A16CC59FF6717,CO,01,No,,,,,01,Dry,,,,,,,,
Property Damage Crashes,RD01350007,Riverdale Park Police Department,Rear To Side,Prince George's,Principal Arterial – Other,No,No,No,No,No,EAST WEST HWY (WB/L),410,MARYLAND ROUTE,No,True,No,1/25/2025,No,Point,38.960507779,-76.919694623,RIVERDALE,05,16,03,No,5,,05:11,2025,Saturday,12,Motor Vehicle In Transport,05,On Roadway,3,,,,KENILWORTH AVE,,09,Through Roadway,03,Dark - Lighted,1/25/2025,2025-01-25,W,42.74,F,N,,,B97E852CF0E2A80DC38D363110C63C27A65A40C49F13BB7C2F3302E4850DB212,MD,01,No,,,,,01,Dry,,,,,,,,
Property Damage Crashes,DA43730028,Prince George's County Police,Front to Rear,Prince George's,Principal Arterial – Other Freeways and Expressways,No,No,No,No,No,BRANCH AVE,5,MARYLAND ROUTE,No,True,No,3/8/2025,No,Point,38.827030145,-76.926889197,PGCOPD,03,16,03,No,19,,19:10,2025,Saturday,12,Motor Vehicle In Transport,05,On Roadway,2,,,,,,09,Through Roadway,04,Dark - Not Lighted,3/8/2025,2025-03-08,E,48.29,F,N,,,EA4849D42DC27C77840BF528AAEE58F9D600A6B98A01944C017E3ABFF9D43142,MD,01,No,,,,,01,Dry,,,,,,,,
Property Damage Crashes,MSP732800LH,Maryland State Police,Front to Rear,Prince George's,Interstate,No,No,No,No,No,NO NAME (SB/L),95,INTERSTATE ROUTE,No,True,No,5/22/2025,No,Point,39.087054889,-76.895853037,MSP,03,16,03,No,4,,04:46,2025,Thursday,12,Motor Vehicle In Transport,05,On Roadway,1,,,,,,06,Non-Junction,04,Dark - Not Lighted,5/22/2025,2025-05-22,S,19.94,F,N,,,06B6512AF4375DE54BB0143586EF4C4174DA7F68F41C71911B0D9BD01474CB2A,IS,01,No,,,,,09,Wet,,,,,,,,
Property Damage Crashes,CE5258001R,Laurel Police Department,Front to Rear,Prince George's,Local,No,No,No,No,No,CYPRESS ST,100,MUNICIPAL ROAD,No,True,No,3/21/2025,No,Point,39.084379498,-76.870487740,LAUREL,03,16,03,No,21,,21:35,2025,Friday,12,Motor Vehicle In Transport,05,On Roadway,7,,,,,,01,Acceleration/Deceleration Lane,03,Dark - Lighted,3/21/2025,2025-03-21,W,28.59,F,N,,,4A713CD88CDB7FDE494D0CD25C4D5829B3B19F486F54E8185C2076DE62FCAE54,MU,01,No,,,,,01,Dry,,,,,,,,
Property Damage Crashes,DA421200G9,Prince George's County Police,Front to Rear,Prince George's,Local,No,No,No,No,No,67TH AVE,976,COUNTY ROAD,No,True,No,5/22/2025,No,Point,38.953962571,-76.904875356,PGCOPD,03,16,03,No,8,,08:40,2025,Thursday,12,Motor Vehicle In Transport,09,Roadside,7,,,,,,09,Through Roadway,01,Daylight,5/22/2025,2025-05-22,W,29.61,F,N,,,91ACD47CBDB9B3A58FEB76B621A345B8CF1AAD70D9F604E21DB93813E509D900,CO,01,No,,,,,09,Wet,,,,,,,,
Property Damage Crashes,BE0112000B,District Heights Police Department,Front to Rear,Prince George's,Local,No,No,No,No,No,GATEWAY BLVD,150,MUNICIPAL ROAD,No,True,No,5/31/2025,No,Point,38.857592602,-76.890050195,DISTHEIGHTS,03,16,03,No,12,,12:24,2025,Saturday,12,Motor Vehicle In Transport,05,On Roadway,7,,,,,,09,Through Roadway,01,Daylight,5/31/2025,2025-05-31,N,21.93,F,N,,,E628788EB6B2CC0A99B71E6CA1E499CE4F16DDF3F2DB2E77F0E96B1D68D84F93,MU,01,No,,,,,09,Wet,,,,,,,,
Property Damage Crashes,CE52400033,Laurel Police Department,Front to Rear,Prince George's,Major Collector,No,No,No,No,No,VAN DUSEN RD,415,MUNICIPAL ROAD,No,True,No,5/12/2025,No,Point,39.102914843,-76.870919754,LAUREL,03,16,03,No,13,,13:02,2025,Monday,12,Motor Vehicle In Transport,05,On Roadway,5,,,,SANDY SPRING RD (WB/L),,06,Non-Junction,01,Daylight,5/12/2025,2025-05-12,E,8.4,F,N,,,5CE7FB4003006A03759456317C4C46EE1C3E9F62DAA78A9ABB806EF0D499DFCC,MU,01,No,,,,,01,Dry,,,,,,,,
Property Damage Crashes,CE41520086,Laurel Police Department,"Sideswipe, Same Direction",Prince George's,Local,No,No,No,No,No,LAUREL PL (SB/L),219,MUNICIPAL ROAD,No,True,No,1/5/2025,No,Point,39.087810254,-76.861258785,LAUREL,07,16,03,No,16,,16:55,2025,Sunday,12,Motor Vehicle In Transport,05,On Roadway,7,,,,MULBERRY ST,,06,Non-Junction,01,Daylight,1/5/2025,2025-01-05,W,11.76,F,N,,,F49F1A310E2D93AA05C96413BF4FAFDA8DABDFC8CE5E2C9BE9BA0406146C4253,MU,01,No,,,,,01,Dry,,,,,,,,
Property Damage Crashes,MSP78390040,Maryland State Police,Front to Rear,Prince George's,Interstate,No,No,No,No,No,CAPITAL BELTWAY,95,INTERSTATE ROUTE,No,True,No,4/12/2025,No,Point,38.857668333,-76.851671302,MSP,03,16,03,No,7,,07:04,2025,Saturday,15,Parked Vehicle,05,On Roadway,1,,,,,,09,Through Roadway,100,Dawn,4/12/2025,2025-04-12,W,40.74,F,N,,,6DA48F8A46FC198AF374BA54E365211211DBDA1680FA61A6A496880332488CA1,IS,01,No,,,,,09,Wet,,,,,,,,