Crash Severity Description,Reportnumber,Agencyname,CollisionImpact Description,Crash County Description,FunctionalClass Description,ImpairedCrash,Large Vehicle Involved,Motorcycle Crash,Non-Motorist Crash,OffRoad,RoadName,Route Number,RouteType Description,Unrestrained Occupants,WithinDateRange,Work Zone Related,Crashdate,Work Zone Crash,CrashPoint,Latitude,Longitude,AgencyCode,CollisionImpact,Crash County,Crash Severity,Crash Within Interchange,Crashhour,CrashInterchangeApproaches,Crashtime,CrashYear,Dayofweek,FirstHarmEvent,FirstHarmEvent Description,FirstHarmLocation,FirstHarmLocation Description,FunctionalClass,Geometry Description,GovPropertyDamage,GovPropertyDamage Description,IntersectingRoadName,Intersection Geometry,JunctionRelated,JunctionRelated Description,Light,Light Description,LOD Crash Date,LOD Date Level,MilepointDirection,MilepointDistance,MilepointUnits,NonTrafficFatal,OffroadLocation,OffroadLocation Description,RoadID,RouteType,SchoolBusRelated,SchoolBusRelated Description,SecondHarmEvent,SecondHarmEvent Description,SecondHarmLocation,SecondHarmLocation Description,Surface,Surface Description,TrafficControl,Trafficcontrol Description,WZLawEnforcementPresent,WZLocation,WZLocation Description,WZType,WZType Description,WZWorkersPresent
Property Damage Crashes,MSP744200S9,Maryland State Police,Front to Rear,Prince George's,Principal Arterial – Other,No,Yes,No,No,No,BALTIMORE AVE,1,UNITED STATE ROUTE,No,True,Yes,4/9/2025,Yes,Point,39.088855520,-76.859420247,MSP,03,16,03,Yes,21,,21:13,2025,Wednesday,15,Parked Vehicle,05,On Roadway,3,,,,,,09,Through Roadway,03,Dark - Lighted,4/9/2025,2025-04-09,E,19.79,F,N,,,7FF261F1576F854F5BCD772A77939D57E1C17FFE609CE5DE859C12F79AF9717E,US,01,No,,,,,01,Dry,,,N,04,Activity Area,05,Other Type of Work Zone,No
Injury Crashes,BW02140012,Greenbelt Police Department,"Sideswipe, Same Direction",Prince George's,Major Collector,No,No,No,No,No,CHERRYWOOD LA,40,MUNICIPAL ROAD,No,True,No,1/21/2025,No,Point,39.011758038,-76.892427652,GREENBELT,07,16,02,No,18,03,18:09,2025,Tuesday,12,Motor Vehicle In Transport,05,On Roadway,5,Perpendicular,,,EDMONSTON AVE EDMONSTON AVE (SB/L),03,05,Intersection or Related,03,Dark - Lighted,1/21/2025,2025-01-21,N,0,F,N,,,B0E28DD19F82AEB4662B2AE83A449794CB910FCA4401A7B6EB1D1331081E860C,MU,01,No,,,,,01,Dry,01,Signalized,,,,,,
Injury Crashes,DA4418000D,Prince George's County Police,Angle,Prince George's,Major Collector,No,No,No,No,No,RIVERDALE RD,302,COUNTY ROAD,Yes,True,No,1/2/2025,No,Point,38.964244021,-76.898206638,PGCOPD,01,16,02,No,17,,17:18,2025,Thursday,12,Motor Vehicle In Transport,05,On Roadway,5,,,,,,03,Driveway Access or Related,03,Dark - Lighted,1/2/2025,2025-01-02,N,41.66,F,N,,,AB5506D82AF6B26B50DE282343565E191B00D8DB8A05EDBD9872B9048CA46F34,CO,01,No,,,,,01,Dry,,,,,,,,
Property Damage Crashes,DA3635006B,Prince George's County Police,Front to Rear,Prince George's,Principal Arterial – Other Freeways and Expressways,No,No,No,No,No,INDIAN HEAD HWY (SB/L),210,MARYLAND ROUTE,No,True,No,1/28/2025,No,Point,38.712741278,-76.990038560,PGCOPD,03,16,03,No,19,,19:00,2025,Tuesday,12,Motor Vehicle In Transport,05,On Roadway,2,,,,,,06,Non-Junction,03,Dark - Lighted,1/28/2025,2025-01-28,S,9.44,F,N,,,1E0064EC88D3A85F55C68F6F2639716ED6FD69EE01F4D88814F88BAE6821D07C,MD,01,No,,,,,01,Dry,,,,,,,,
Property Damage Crashes,DA44140010,Prince George's County Police,Front to Front,Prince George's,,No,No,No,No,Yes,,,,No,True,No,6/5/2025,No,Point,38.837432580,-76.950905689,PGCOPD,02,16,03,,18,,18:15,2025,Thursday,12,Motor Vehicle In Transport,04,"Off-Roadway, Location Unknown",,,,,,,,,01,Daylight,6/5/2025,2025-06-05,,,F,N,102,Parking Lot Way,,,01,No,,,,,,,,,,,,,,
Property Damage Crashes,DA3546009J,Prince George's County Police,"Sideswipe, Same Direction",Prince George's,Major Collector,No,No,No,No,No,BRANDYWINE RD,631,MARYLAND ROUTE,No,True,No,5/25/2025,No,Point,38.705242538,-76.876224381,PGCOPD,07,16,03,Yes,1,04,01:34,2025,Sunday,12,Motor Vehicle In Transport,05,On Roadway,5,Perpendicular,100,Local,BRANDYWINE RD RAMP 2 FR BRANDYWINE RD TO MD 5 NB SPINE RD,03,05,Intersection or Related,03,Dark - Lighted,5/25/2025,2025-05-25,S,0,F,N,,,B55D23CB8414C0145B43B42AF745DACE7FD9F360536ED06782CDB6B8B49F2BE1,MD,01,No,32,Guardrail Face,07,"On Shoulder, Right Side",01,Dry,01,Signalized,,,,,,
Property Damage Crashes,DA35830018,Prince George's County Police,"Sideswipe, Same Direction",Prince George's,Interstate,No,No,No,No,No,RAMP 17 FR RAMP 14 TO RAMP 9,95,RAMP,No,True,No,4/10/2025,No,Point,38.791731823,-77.016012274,PGCOPD,07,16,03,Yes,10,,10:02,2025,Thursday,12,Motor Vehicle In Transport,05,On Roadway,1,,,,,,04,Entrance/Exit Ramp or Related,01,Daylight,4/10/2025,2025-04-10,E,63.27,F,N,,,30EA15B5329B87CEDEAE60E19A972B5C31A06333F4EEF3B5E5F1CF5C1DB027A9,RP,01,No,,,,,01,Dry,,,,,,,,
Property Damage Crashes,BP1147000R,Forest Heights Police Department,Front to Rear,Prince George's,Principal Arterial – Other,No,No,No,No,No,OXON HILL RD,414,MARYLAND ROUTE,No,True,No,1/4/2025,No,Point,38.803328214,-76.990104669,FORESTHEIGHTS,03,16,03,No,18,,18:20,2025,Saturday,12,Motor Vehicle In Transport,05,On Roadway,3,,,,,,09,Through Roadway,03,Dark - Lighted,1/4/2025,2025-01-04,S,22.08,F,N,,,55C926B0DF718B3401B86E8103050136650CE024B0794DC72BC3CA46DF7B5E12,MD,01,No,,,,,01,Dry,,,,,,,,
Property Damage Crashes,BP9424003Q,Forest Heights Police Department,Front to Front,Prince George's,Principal Arterial – Other Freeways and Expressways,Yes,Yes,No,No,No,INDIAN HEAD HWY (SB/L),210,MARYLAND ROUTE,No,True,No,3/17/2025,No,Point,38.780722835,-76.997528376,FORESTHEIGHTS,02,16,03,No,1,,01:25,2025,Monday,12,Motor Vehicle In Transport,05,On Roadway,2,,,,,,04,Entrance/Exit Ramp or Related,04,Dark - Not Lighted,3/17/2025,2025-03-17,W,10.27,F,N,,,A302D975BCBC83F024F7329A4CC08F458B32E6B369A6A392B1BFD43FE93A7693,MD,01,No,,,,,09,Wet,,,,,,,,
Property Damage Crashes,DA43500038,Prince George's County Police,Front to Rear,Prince George's,Principal Arterial – Other Freeways and Expressways,No,No,No,No,No,BRANCH AVE,5,MARYLAND ROUTE,No,True,No,6/4/2025,No,Point,38.8235185,-76.9223585,PGCOPD,03,16,03,No,22,,22:17,2025,Wednesday,12,Motor Vehicle In Transport,05,On Roadway,2,,,,,,09,Through Roadway,03,Dark - Lighted,6/4/2025,2025-06-04,E,32.31,F,N,,,4E3513C8BCD8F31D8F0874755E5C352E45EE9864AA1C5B7779B4EA95BF3B6FDE,MD,01,No,,,,,01,Dry,,,,,,,,
Property Damage Crashes,DA406900B0,Prince George's County Police,Front to Rear,Prince George's,Principal Arterial – Other,No,No,No,No,No,UNIVERSITY BLVD,193,MARYLAND ROUTE,No,True,No,3/18/2025,No,Point,38.999697423,-76.944184368,PGCOPD,03,16,03,No,14,,14:22,2025,Tuesday,12,Motor Vehicle In Transport,05,On Roadway,3,,,,,,09,Through Roadway,01,Daylight,3/18/2025,2025-03-18,S,4.06,F,N,,,115B1CA5656F71A0A6AA4F2358494BEDC3BF8D1FC80A81E82733B043CD5AF075,MD,01,No,,,,,01,Dry,,,,,,,,
Property Damage Crashes,CNC31840026,New Carrollton Police Department,Front to Rear,Prince George's,Minor Arterial,No,No,No,No,No,ANNAPOLIS RD,450,MARYLAND ROUTE,No,True,No,5/4/2025,No,Point,38.957572358,-76.870247428,NCPD,03,16,03,No,11,,11:02,2025,Sunday,12,Motor Vehicle In Transport,05,On Roadway,4,,,,,,03,Driveway Access or Related,01,Daylight,5/4/2025,2025-05-04,S,131.65,F,N,,,9FAFE3D92B88AC17C44E8338EFC7053D701C146A8AE8943546096148FBB30F0F,MD,01,No,,,,,09,Wet,,,,,,,,
Property Damage Crashes,DA43460024,Prince George's County Police,Single Vehicle,Prince George's,Principal Arterial – Other,No,No,No,No,No,SILVER HILL RD (SB/L),458,MARYLAND ROUTE,No,True,No,5/23/2025,No,Point,38.8549574,-76.906924,PGCOPD,101,16,03,No,17,,17:00,2025,Friday,35,"Other Fixed Object (wall, building, tunnel, etc.)",04,"Off-Roadway, Location Unknown",3,,,,,,99,Unknown,01,Daylight,5/23/2025,2025-05-23,E,45.16,F,N,,,698CA173713C53DBB464157E34C2AE901183D6DFDE72590E6650BDFD5F73A552,MD,01,No,,,,,01,Dry,,,,,,,,
Injury Crashes,MSP745000J6,Maryland State Police,"Sideswipe, Same Direction",Prince George's,Principal Arterial – Other,No,No,Yes,No,No,BALTIMORE AVE,1,UNITED STATE ROUTE,No,True,No,2/26/2025,No,Point,39.016190746,-76.927115884,MSP,07,16,02,No,21,,21:41,2025,Wednesday,12,Motor Vehicle In Transport,05,On Roadway,3,,,,,,04,Entrance/Exit Ramp or Related,03,Dark - Lighted,2/26/2025,2025-02-26,S,2.44,F,N,,,ACD7E0F07B88C88C8BE89687CE40F22B95731AB15E83E7062C976ACD9E717555,US,01,No,97,Not Applicable,,,01,Dry,,,,,,,,
Property Damage Crashes,MSP77760057,Maryland State Police,Rear To Rear,Prince George's,Interstate,No,No,No,No,No,CAPITAL BELTWAY (SB/L),95,INTERSTATE ROUTE,No,True,No,3/7/2025,No,Point,39.012865026,-76.905566890,MSP,04,16,03,No,19,,19:34,2025,Friday,12,Motor Vehicle In Transport,05,On Roadway,1,,,,,,06,Non-Junction,04,Dark - Not Lighted,3/7/2025,2025-03-07,N,277.45,F,N,,,FEA7C067CF7EC896C3FB03570C50A48B0141C2502B3D60E081FE016329150CE3,IS,01,No,12,Motor Vehicle In Transport,09,Roadside,01,Dry,,,,,,,,
Property Damage Crashes,DA43430034,Prince George's County Police,Single Vehicle,Prince George's,Major Collector,No,No,No,No,No,CONTEE RD,6,COUNTY ROAD,No,True,No,4/10/2025,No,Point,39.080125110,-76.880204443,PGCOPD,101,16,03,No,18,,18:20,2025,Thursday,41,Utility Pole/Light Support,01,Gore,5,,,,,,06,Non-Junction,01,Daylight,4/10/2025,2025-04-10,E,45.31,F,N,,,478C72B5E4B04EC0177EA858F1AE6383FAC9D7E1981C2CF063E30FD9B8595026,CO,01,No,,,,,01,Dry,,,,,,,,
Property Damage Crashes,DA36620002,Prince George's County Police,Front to Rear,Prince George's,Local,No,No,No,No,No,DUNBAR OAKS DR,239,COUNTY ROAD,No,True,No,5/4/2025,No,Point,38.907075922,-76.918305155,PGCOPD,03,16,03,No,12,,12:15,2025,Sunday,12,Motor Vehicle In Transport,05,On Roadway,7,,,,,,06,Non-Junction,01,Daylight,5/4/2025,2025-05-04,N,19.72,F,N,,,2741B040C440E747E2DFCD10702F5EA59B564BEF8AC32FE24B822B21A7C239C5,CO,01,No,15,Parked Vehicle,08,Outside Road/Right-Of-Way,01,Dry,,,,,,,,
Property Damage Crashes,DA30470088,Prince George's County Police,Other,Prince George's,Local,No,No,Yes,No,No,DIAZ DR,3612,COUNTY ROAD,No,True,No,4/8/2025,No,Point,38.729901028,-77.001155506,PGCOPD,98,16,03,No,14,,14:20,2025,Tuesday,15,Parked Vehicle,05,On Roadway,7,,,,,,06,Non-Junction,01,Daylight,4/8/2025,2025-04-08,W,42.22,F,N,,,3B1DF291924B553E0A945BB5CC632733FB74A835E67018E3F94392C09D039085,CO,01,No,,,,,01,Dry,,,,,,,,
Property Damage Crashes,MSP718600K0,Maryland State Police,Front to Rear,Prince George's,Interstate,Yes,No,No,No,No,CAPITAL BELTWAY (SB/L),95,INTERSTATE ROUTE,No,True,No,3/24/2025,No,Point,38.846945848,-76.862027946,MSP,03,16,03,No,16,,16:50,2025,Monday,12,Motor Vehicle In Transport,05,On Roadway,1,,,,,,09,Through Roadway,01,Daylight,3/24/2025,2025-03-24,N,16.93,F,N,,,BC4F453624E18E029438B46023C3BC0364BE20A46DA0E1DF9ED639D4C541E057,IS,01,No,,,,,09,Wet,,,,,,,,
Property Damage Crashes,DA4431000V,Prince George's County Police,"Sideswipe, Same Direction",Prince George's,Minor Arterial,No,No,No,No,No,ADELPHI RD,105,COUNTY ROAD,No,True,No,3/11/2025,No,Point,39.008431835,-76.973317636,PGCOPD,07,16,03,No,21,,21:00,2025,Tuesday,12,Motor Vehicle In Transport,05,On Roadway,4,,,,,,06,Non-Junction,03,Dark - Lighted,3/11/2025,2025-03-11,E,13.26,F,N,,,82C2633B8293930D847869C69D543E7C0FCB2254CCE7EC4EC38E011B3A8AEA65,CO,01,No,,,,,01,Dry,,,,,,,,
Property Damage Crashes,DA4417000N,Prince George's County Police,Front to Rear,Prince George's,Minor Arterial,No,No,No,No,No,IVERSON ST,5466,COUNTY ROAD,No,True,No,3/24/2025,No,Point,38.836213497,-76.953599676,PGCOPD,03,16,03,No,0,,00:00,2025,Monday,12,Motor Vehicle In Transport,09,Roadside,4,,,,,,06,Non-Junction,03,Dark - Lighted,3/24/2025,2025-03-24,S,37.05,F,N,,,68AE194D48CA4B7BCA4E475F06E2A7EA7773CADB7AAE5E98EC05485ABD7C99A3,CO,01,No,,,,,01,Dry,,,,,,,,
Fatal Crashes,DA44080016,Prince George's County Police,Angle,Prince George's,,No,No,No,No,Yes,,,,No,True,No,3/1/2025,No,Point,38.838170560,-76.947683607,PGCOPD,01,16,01,,16,,16:39,2025,Saturday,12,Motor Vehicle In Transport,02,In Parking Lane Or Zone,,,,,,,,,01,Daylight,3/1/2025,2025-03-01,,,F,Y,102,Parking Lot Way,,,01,No,,,,,,,,,,,,,,
Property Damage Crashes,DA4361001K,Prince George's County Police,Angle,Prince George's,Interstate,No,No,No,No,No,RAMP 9 FR MD 414 TO RAMP 4 (TO IS 95 NB),95,RAMP,No,True,No,1/1/2025,No,Point,38.802470269,-76.995797965,PGCOPD,01,16,03,Yes,1,04,01:15,2025,Wednesday,12,Motor Vehicle In Transport,05,On Roadway,1,Angled/Skewed,,,OXON HILL RD OXON HILL RD (WB/L),01,05,Intersection or Related,03,Dark - Lighted,1/1/2025,2025-01-01,W,0,F,N,,,C6CCAFF3EA64A27C2CA465C5257FF2723A214C10F879143CB9F40A45A693899B,RP,01,No,,,,,01,Dry,01,Signalized,,,,,,
Property Damage Crashes,DA4356003F,Prince George's County Police,Other,Prince George's,Principal Arterial – Other,No,No,No,No,No,BRANCH AVE (SB/L),5,MARYLAND ROUTE,No,True,No,4/26/2025,No,Point,38.852959175,-76.956202890,PGCOPD,98,16,03,No,23,,23:50,2025,Saturday,12,Motor Vehicle In Transport,05,On Roadway,3,,,,,,06,Non-Junction,04,Dark - Not Lighted,4/26/2025,2025-04-26,W,69.86,F,N,,,9D2C42CE2E64CBE393D2274C6FE92E71ADB049EA2E70E40332E232E5CCD54345,MD,01,No,,,,,01,Dry,,,,,,,,
Property Damage Crashes,MSP7871001V,Maryland State Police,Single Vehicle,Prince George's,Interstate,No,Yes,No,No,No,JOHN HANSON HWY (WB/L),595,INTERSTATE ROUTE,No,True,No,1/22/2025,No,Point,38.946811333,-76.814231667,MSP,101,16,03,No,15,,15:11,2025,Wednesday,03,Explosion Or Fire,07,"On Shoulder, Right Side",1,,,,,,10,"Other Location Not Listed Above Within an Interchange Area (median,
shoulder and roadside)",01,Daylight,1/22/2025,2025-01-22,W,35.27,F,N,,,BA1A925F745E8B8C749EAD42FBA4244941EB02306E97050174FBE70AE82F9D1F,IS,01,No,,,,,01,Dry,,,,,,,,
Property Damage Crashes,MSP78720021,Maryland State Police,Front to Rear,Prince George's,Principal Arterial – Other Freeways and Expressways,Yes,No,No,No,No,BRANCH AVE,5,MARYLAND ROUTE,No,True,No,2/7/2025,No,Point,38.813873333,-76.912828333,MSP,03,16,03,No,1,,01:43,2025,Friday,12,Motor Vehicle In Transport,05,On Roadway,2,,,,,,09,Through Roadway,03,Dark - Lighted,2/7/2025,2025-02-07,N,54.93,F,N,,,689B4BF6245DCDE0BC7FA745749510906E2C5FD76445663F491B8DE67110E6E9,MD,01,No,12,Motor Vehicle In Transport,05,On Roadway,01,Dry,,,,,,,,
Injury Crashes,DA4372001G,Prince George's County Police,Unknown,Prince George's,Local,No,No,No,No,No,BERKLEY ST,1094,COUNTY ROAD,No,True,No,6/1/2025,No,Point,38.842325135,-76.964628366,PGCOPD,99,16,02,No,19,,19:39,2025,Sunday,12,Motor Vehicle In Transport,05,On Roadway,7,,,,,,06,Non-Junction,01,Daylight,6/1/2025,2025-06-01,S,5.29,F,N,,,648F753B76691DA685DCA3B72A7DBD0174EA2000E8C6E192713AF06192EE7AA2,CO,01,No,,,,,01,Dry,,,,,,,,
Property Damage Crashes,RD0130004S,Riverdale Park Police Department,Rear To Side,Prince George's,,No,No,No,No,Yes,,,,No,True,No,3/28/2025,No,Point,38.959381118,-76.919663107,RIVERDALE,05,16,03,,13,,13:39,2025,Friday,12,Motor Vehicle In Transport,02,In Parking Lane Or Zone,,,,,,,,,01,Daylight,3/28/2025,2025-03-28,,,F,N,102,Parking Lot Way,,,01,No,,,,,,,,,,,,,,
Property Damage Crashes,BW0217000L,Greenbelt Police Department,"Sideswipe, Opposite Direction",Prince George's,,No,No,No,No,Yes,,,,No,True,No,2/22/2025,No,Point,38.998350214,-76.912239021,GREENBELT,06,16,03,,20,,20:15,2025,Saturday,15,Parked Vehicle,02,In Parking Lane Or Zone,,,,,,,,,03,Dark - Lighted,2/22/2025,2025-02-22,,,F,N,100,Parking Stall,,,01,No,,,,,,,,,,,,,,
Property Damage Crashes,DA4283003L,Prince George's County Police,Other,Prince George's,Principal Arterial – Other,No,No,No,No,No,PENNSYLVANIA AVE (SB/L),4,MARYLAND ROUTE,No,True,No,2/19/2025,No,Point,38.845338940,-76.891829705,PGCOPD,98,16,03,No,22,04,22:21,2025,Wednesday,12,Motor Vehicle In Transport,05,On Roadway,3,Angled/Skewed,,,WALTERS LA,01,05,Intersection or Related,03,Dark - Lighted,2/19/2025,2025-02-19,E,0,F,N,,,D84CEF1924701FE664C2A4F657B81B446FBA4678D4FEC7A2F71A2BF368BED3DD,MD,01,No,,,,,01,Dry,01,Signalized,,,,,,
Property Damage Crashes,DA3539001M,Prince George's County Police,Front to Front,Prince George's,Minor Arterial,No,No,No,No,No,BRANDYWINE RD,599,COUNTY ROAD,No,True,No,3/5/2025,No,Point,38.736723705,-76.895045958,PGCOPD,02,16,03,No,10,,10:11,2025,Wednesday,12,Motor Vehicle In Transport,05,On Roadway,4,,,,,,06,Non-Junction,01,Daylight,3/5/2025,2025-03-05,S,12.56,F,N,,,508951B95FCCC1D43B8C5E2C3F219954AE373F9878E755697E51071F9BA3FF97,CO,01,No,,,,,01,Dry,,,,,,,,
Property Damage Crashes,MSP744700P8,Maryland State Police,Front to Rear,Prince George's,Interstate,No,No,No,No,No,CAPITAL BELTWAY,95,INTERSTATE ROUTE,No,True,No,5/1/2025,No,Point,38.905478333,-76.850023333,MSP,03,16,03,No,12,,12:03,2025,Thursday,12,Motor Vehicle In Transport,05,On Roadway,1,,,,,,06,Non-Junction,01,Daylight,5/1/2025,2025-05-01,S,27.97,F,N,,,FB12637F7ECC93F5C8B531E7306EAE9F843FEF2764AD48FFCDE366370C7BF5F4,IS,01,No,,,,,01,Dry,,,,,,,,
Property Damage Crashes,DA3380009W,Prince George's County Police,Front to Front,Prince George's,Local,No,No,No,No,No,ARBUTUS LA,3605,COUNTY ROAD,No,True,No,4/18/2025,No,Point,38.785812147,-76.897829503,PGCOPD,02,16,03,No,17,02,17:10,2025,Friday,12,Motor Vehicle In Transport,05,On Roadway,7,Perpendicular,,,OLD BRANCH AVE,03,05,Intersection or Related,01,Daylight,4/18/2025,2025-04-18,S,0,F,N,,,4BDDED11B2F760F4F5D45D7293FE9F36D5FFF962E0C4A287BD060829C363B1E7,CO,01,No,12,Motor Vehicle In Transport,05,On Roadway,01,Dry,03,Stop - Partial,,,,,,
Injury Crashes,DA3731000P,Prince George's County Police,Single Vehicle,Prince George's,,No,No,No,Yes,Yes,,,,No,True,No,3/4/2025,No,Point,38.7950567,-77.00916,PGCOPD,101,16,02,,21,,21:31,2025,Tuesday,17,Pedestrian,02,In Parking Lane Or Zone,,,,,,,,,03,Dark - Lighted,3/4/2025,2025-03-04,,,F,N,101,Parking Aisle,,,01,No,,,,,,,,,,,,,,
Property Damage Crashes,DA4309002J,Prince George's County Police,Front to Rear,Prince George's,,No,Yes,No,No,Yes,,,,No,True,No,1/27/2025,No,Point,38.887040695,-76.823482813,PGCOPD,03,16,03,,12,,12:27,2025,Monday,12,Motor Vehicle In Transport,02,In Parking Lane Or Zone,,,,,,,,,01,Daylight,1/27/2025,2025-01-27,,,F,N,102,Parking Lot Way,,,02,"Yes, School Bus Directly Involved",,,,,,,,,,,,,,
Injury Crashes,DA33510020,Prince George's County Police,Single Vehicle,Prince George's,Local,No,No,No,No,No,SPRINGFIELD RD,57,COUNTY ROAD,No,True,No,5/21/2025,No,Point,39.041016289,-76.852717564,PGCOPD,101,16,02,No,7,,07:30,2025,Wednesday,40,Tree (standing),09,Roadside,7,,,,,,06,Non-Junction,01,Daylight,5/21/2025,2025-05-21,N,30.93,F,N,,,0E2562000057DAD374DB62D5E43511D89280C769C14465EB36B3667663DD1286,CO,01,No,,,,,09,Wet,,,,,,,,
Property Damage Crashes,DA4365003Q,Prince George's County Police,Angle,Prince George's,Local,No,No,No,No,No,AEROSPACE RD,3248,COUNTY ROAD,No,True,No,2/28/2025,No,Point,38.992280003,-76.832527190,PGCOPD,01,16,03,No,21,04,21:10,2025,Friday,12,Motor Vehicle In Transport,05,On Roadway,7,Angled/Skewed,,,,01,05,Intersection or Related,03,Dark - Lighted,2/28/2025,2025-02-28,N,0,F,N,,,E825EA885662FC8809A23D0DFEC982A42359477E787EAD018874187321869C17,CO,01,No,,,,,01,Dry,05,No Controls,,,,,,
Property Damage Crashes,DA4424000Y,Prince George's County Police,"Sideswipe, Same Direction",Prince George's,Minor Arterial,No,No,No,No,No,MARLBORO PIKE,3074,COUNTY ROAD,No,True,No,4/24/2025,No,Point,38.872410770,-76.926119979,PGCOPD,07,16,03,No,7,,07:45,2025,Thursday,12,Motor Vehicle In Transport,05,On Roadway,4,,,,HYBRID AVE,,09,Through Roadway,01,Daylight,4/24/2025,2025-04-24,E,12.67,F,N,,,7FD140EB277631BA24CF6B2D4F8943C69F276DF9A6DD2384A4E34640FAE692FF,CO,01,No,,,,,01,Dry,,,,,,,,
Injury Crashes,DA4421001Y,Prince George's County Police,Angle,Prince George's,Major Collector,No,No,Yes,No,No,SURRATTS RD,130,COUNTY ROAD,No,True,No,4/22/2025,No,Point,38.750452057,-76.875324046,PGCOPD,01,16,02,No,14,,14:48,2025,Tuesday,12,Motor Vehicle In Transport,05,On Roadway,5,,,,,,09,Through Roadway,01,Daylight,4/22/2025,2025-04-22,W,31.89,F,N,,,247B01FFF02AC62CBD0E848220BEFC9405DA7833A63F0762E06DA379374F38F2,CO,01,No,,,,,01,Dry,,,,,,,,
Injury Crashes,MSP78430022,Maryland State Police,Other,Prince George's,Principal Arterial – Other,No,No,No,No,No,BALTIMORE AVE,1,UNITED STATE ROUTE,No,True,No,3/27/2025,No,Point,39.087463697,-76.860297437,MSP,98,16,02,No,17,,17:49,2025,Thursday,12,Motor Vehicle In Transport,05,On Roadway,3,,,,,,06,Non-Junction,01,Daylight,3/27/2025,2025-03-27,N,30.43,F,N,,,6AF6913ACC5EA5A5542DBDBCF67B769BC285F7480946EEAA5BCDE723ECC095CA,US,01,No,,,,,01,Dry,,,,,,,,
Injury Crashes,DS02420025,University of Maryland Police College Park,Single Vehicle,Prince George's,Local,No,No,No,Yes,No,PAINT BRANCH DR,95,STATE ROAD,No,True,No,4/25/2025,No,Point,38.998150081,-76.941200328,UMCP,101,16,02,Yes,16,02,16:20,2025,Friday,16,Pedalcycle,05,On Roadway,7,Angled/Skewed,,,TERRAPIN TR,01,05,Intersection or Related,01,Daylight,4/25/2025,2025-04-25,N,0,F,N,,,198336381BAF1439B85C419AA39BDC63CE76687BA480E9F3D0E25BE707C4C39F,SR,01,No,97,Not Applicable,,,01,Dry,03,Stop - Partial,,,,,,
Injury Crashes,DA4249006K,Prince George's County Police,Front to Rear,Prince George's,Minor Arterial,No,No,No,No,No,GARRETT A MORGAN BLVD (SB/L),5730,COUNTY ROAD,Yes,True,No,1/26/2025,No,Point,38.899272305,-76.865969620,PGCOPD,03,16,02,No,18,,18:49,2025,Sunday,12,Motor Vehicle In Transport,05,On Roadway,4,,,,,,06,Non-Junction,03,Dark - Lighted,1/26/2025,2025-01-26,N,6.22,F,N,,,DF937DEDF520B7A7B6229F2AA4DDBCB77B955BA8CAF438208B6E30BFEBC32B95,CO,01,No,,,,,01,Dry,,,,,,,,
Property Damage Crashes,MSP7871002H,Maryland State Police,"Sideswipe, Same Direction",Prince George's,Principal Arterial – Other Freeways and Expressways,No,No,No,No,No,JOHN HANSON HWY (WB/L),50,UNITED STATE ROUTE,No,True,No,3/3/2025,No,Point,38.918889622,-76.932253618,MSP,07,16,03,No,12,,12:57,2025,Monday,12,Motor Vehicle In Transport,05,On Roadway,2,,,,,,09,Through Roadway,01,Daylight,3/3/2025,2025-03-03,S,7.22,F,N,,,523F3FA5939C68F6B0B5FFE3519980DFFDC7854639004329C3DAA5EFEA4A78EB,US,01,No,,,,,01,Dry,,,,,,,,
Injury Crashes,DA35460097,Prince George's County Police,"Sideswipe, Same Direction",Prince George's,Minor Arterial,No,No,No,No,No,WOODYARD RD,223,MARYLAND ROUTE,No,True,No,4/17/2025,No,Point,38.765594598,-76.896935681,PGCOPD,07,16,02,No,18,,18:29,2025,Thursday,12,Motor Vehicle In Transport,05,On Roadway,4,,,,,,06,Non-Junction,01,Daylight,4/17/2025,2025-04-17,W,31.26,F,N,,,B72BD01D3263D60EC578CF20126FFE96CD1E525158D127459F721DBD04E3FB66,MD,01,No,,,,,01,Dry,,,,,,,,
Property Damage Crashes,DA405300KC,Prince George's County Police,Front to Rear,Prince George's,Minor Arterial,No,Yes,No,No,No,QUEENS CHAPEL RD (WB/L),500,MARYLAND ROUTE,Yes,True,No,5/19/2025,No,Point,38.964289733,-76.951276862,PGCOPD,03,16,03,No,15,,15:40,2025,Monday,12,Motor Vehicle In Transport,05,On Roadway,4,,,,,,09,Through Roadway,01,Daylight,5/19/2025,2025-05-19,N,6.8,F,N,,,EC47F525979E5F7B60819E9BECE854CABB6D46D0C685B5108BCF408A20FB8D17,MD,03,"Yes, School Bus Indirectly Involved",,,,,01,Dry,,,,,,,,
Injury Crashes,DA4411000M,Prince George's County Police,Unknown,Prince George's,Major Collector,No,No,No,No,No,CAMPUS WAY NORTH,5095,COUNTY ROAD,Yes,True,No,3/29/2025,No,Point,38.904911281,-76.826242910,PGCOPD,99,16,02,No,1,,01:30,2025,Saturday,12,Motor Vehicle In Transport,99,Unknown,5,,,,,,01,Acceleration/Deceleration Lane,03,Dark - Lighted,3/29/2025,2025-03-29,N,61.54,F,N,,,4DE1679B5A9FF4AB33330715542DCE1F23E929BCE830C1AB578EC3CF2FFCB743,CO,01,No,,,,,01,Dry,,,,,,,,