Crash Severity Description,Reportnumber,Agencyname,CollisionImpact Description,Crash County Description,FunctionalClass Description,ImpairedCrash,Large Vehicle Involved,Motorcycle Crash,Non-Motorist Crash,OffRoad,RoadName,Route Number,RouteType Description,Unrestrained Occupants,WithinDateRange,Work Zone Related,Crashdate,Work Zone Crash,CrashPoint,Latitude,Longitude,AgencyCode,CollisionImpact,Crash County,Crash Severity,Crash Within Interchange,Crashhour,CrashInterchangeApproaches,Crashtime,CrashYear,Dayofweek,FirstHarmEvent,FirstHarmEvent Description,FirstHarmLocation,FirstHarmLocation Description,FunctionalClass,Geometry Description,GovPropertyDamage,GovPropertyDamage Description,IntersectingRoadName,Intersection Geometry,JunctionRelated,JunctionRelated Description,Light,Light Description,LOD Crash Date,LOD Date Level,MilepointDirection,MilepointDistance,MilepointUnits,NonTrafficFatal,OffroadLocation,OffroadLocation Description,RoadID,RouteType,SchoolBusRelated,SchoolBusRelated Description,SecondHarmEvent,SecondHarmEvent Description,SecondHarmLocation,SecondHarmLocation Description,Surface,Surface Description,TrafficControl,Trafficcontrol Description,WZLawEnforcementPresent,WZLocation,WZLocation Description,WZType,WZType Description,WZWorkersPresent
Property Damage Crashes,DA3019003C,Prince George's County Police,Front to Rear,Prince George's,,No,No,No,No,No,MARLBORO PIKE (NB/L),3074,COUNTY ROAD,No,True,No,5/11/2025,No,Point,38.865404751,-76.916302362,PGCOPD,03,16,03,No,21,,21:00,2025,Sunday,12,Motor Vehicle In Transport,05,On Roadway,,,,,,,06,Non-Junction,03,Dark - Lighted,5/11/2025,2025-05-11,E,46.27,F,N,,,FF71914BDE10957BE6778A2EAF43CF0AB154FC5ABFC4DB67266F3DACD397F8F5,CO,01,No,,,,,01,Dry,,,,,,,,
Property Damage Crashes,MSP69310148,Maryland State Police,"Sideswipe, Same Direction",Prince George's,Interstate,No,No,No,No,No,CAPITAL BELTWAY (SB/L),95,INTERSTATE ROUTE,No,True,No,4/19/2025,No,Point,38.819295,-76.929496667,MSP,07,16,03,No,12,,12:41,2025,Saturday,12,Motor Vehicle In Transport,05,On Roadway,1,,101,State,,,09,Through Roadway,01,Daylight,4/19/2025,2025-04-19,S,31.13,F,N,,,921C4483E5118062C12A9E7BE290EB4194ECD1244D553CAB9C5766EBFE2D101E,IS,01,No,32,Guardrail Face,09,Roadside,01,Dry,,,,,,,,
Property Damage Crashes,DA393900GC,Prince George's County Police,"Sideswipe, Same Direction",Prince George's,,No,No,No,No,No,,2828,COUNTY ROAD,Yes,True,No,4/4/2025,No,Point,38.853419572,-76.920364274,PGCOPD,07,16,03,No,14,,14:30,2025,Friday,15,Parked Vehicle,07,"On Shoulder, Right Side",,,,,,,09,Through Roadway,01,Daylight,4/4/2025,2025-04-04,E,25.84,F,N,,,61562809879C02BC730ADEC6A943DD817CEC1B842CE87011EEA301DBC86E5EED,CO,01,No,,,,,01,Dry,,,,,,,,
Property Damage Crashes,DA3088007L,Prince George's County Police,Rear To Side,Prince George's,Principal Arterial – Other,No,No,No,No,No,ST BARNABAS RD,414,MARYLAND ROUTE,No,True,No,4/22/2025,No,Point,38.828768446,-76.942802965,PGCOPD,05,16,03,Yes,11,04,11:47,2025,Tuesday,12,Motor Vehicle In Transport,05,On Roadway,3,Angled/Skewed,,,LEISURE DR,01,05,Intersection or Related,01,Daylight,4/22/2025,2025-04-22,E,0,F,N,,,ED760B1AA2C78690450E78E8BF7B65E1FBEF7643AAD2DFCEC3438AE4F7D2C186,MD,01,No,,,,,01,Dry,01,Signalized,,,,,,
Property Damage Crashes,DA43990010,Prince George's County Police,Front to Rear,Prince George's,Minor Arterial,No,No,No,No,No,RIGGS RD,212,MARYLAND ROUTE,No,True,No,3/9/2025,No,Point,38.981678487,-76.979280280,PGCOPD,03,16,03,Yes,12,02,12:30,2025,Sunday,12,Motor Vehicle In Transport,05,On Roadway,4,Perpendicular,,,DREXEL ST,03,05,Intersection or Related,01,Daylight,3/9/2025,2025-03-09,E,0,F,N,,,CA039EF1719F23BEB68A9A17116611447317149C4DDC67355CF175EE6722BD82,MD,01,No,,,,,01,Dry,01,Signalized,,,,,,
Property Damage Crashes,BW0178004L,Greenbelt Police Department,Single Vehicle,Prince George's,,No,No,No,No,Yes,,,,No,True,No,4/12/2025,No,Point,38.997682923,-76.907288021,GREENBELT,101,16,03,,0,,00:06,2025,Saturday,35,"Other Fixed Object (wall, building, tunnel, etc.)",02,In Parking Lane Or Zone,,,,,,,,,03,Dark - Lighted,4/12/2025,2025-04-12,,,F,N,102,Parking Lot Way,,,01,No,,,,,,,,,,,,,,
Property Damage Crashes,DA39640028,Prince George's County Police,Single Vehicle,Prince George's,,No,No,No,No,Yes,,,,No,True,No,3/18/2025,No,Point,38.818029613,-76.750018700,PGCOPD,101,16,03,,16,,16:00,2025,Tuesday,13,Other Non-Fixed Object,02,In Parking Lane Or Zone,,,,,,,,,01,Daylight,3/18/2025,2025-03-18,,,F,N,100,Parking Stall,,,01,No,,,,,,,,,,,,,,
Property Damage Crashes,MSP745800PN,Maryland State Police,Single Vehicle,Prince George's,Interstate,No,No,No,No,No,CAPITAL BELTWAY (SB/L),95,INTERSTATE ROUTE,No,True,No,2/16/2025,No,Point,38.833735,-76.871343333,MSP,101,16,03,No,22,,22:57,2025,Sunday,32,Guardrail Face,07,"On Shoulder, Right Side",1,,101,State,,,01,Acceleration/Deceleration Lane,03,Dark - Lighted,2/16/2025,2025-02-16,E,15.35,F,N,,,D685157FF364D3D6C0A5DF82B9CAB7331F91EE18BEC14955A774C9C0D3F5A679,IS,01,No,,,,,01,Dry,,,,,,,,
Property Damage Crashes,MSP0568005M,Maryland State Police,Front to Rear,Prince George's,Interstate,No,No,No,No,No,CAPITAL BELTWAY (SB/L),95,INTERSTATE ROUTE,No,True,No,3/6/2025,No,Point,38.819723315,-76.919315467,MSP,03,16,03,No,9,,09:30,2025,Thursday,12,Motor Vehicle In Transport,05,On Roadway,1,,,,,,09,Through Roadway,01,Daylight,3/6/2025,2025-03-06,E,14.1,F,N,,,72366B6673BAE41B45B4837F5E890E9472500F140C10B9A0F399C19FA8013575,IS,01,No,12,Motor Vehicle In Transport,05,On Roadway,01,Dry,,,,,,,,
Property Damage Crashes,MSP744700PR,Maryland State Police,"Sideswipe, Same Direction",Prince George's,Interstate,No,Yes,No,No,No,CAPITAL BELTWAY (SB/L),95,INTERSTATE ROUTE,No,True,No,5/28/2025,No,Point,38.820034337,-76.925802582,MSP,07,16,03,No,13,,13:31,2025,Wednesday,12,Motor Vehicle In Transport,05,On Roadway,1,,101,State,,,06,Non-Junction,01,Daylight,5/28/2025,2025-05-28,E,37.64,F,N,,,E8C349F2CE562C86CBC8053751DC7A65D1F306761071BB6FC9B20E59EEE6D837,IS,01,No,32,Guardrail Face,09,Roadside,09,Wet,,,,,,,,
Injury Crashes,DA4390001D,Prince George's County Police,Angle,Prince George's,Principal Arterial – Other,No,No,No,No,No,WALKER MILL RD (EB/L),367,COUNTY ROAD,No,True,No,3/26/2025,No,Point,38.864853164,-76.893560603,PGCOPD,01,16,02,No,21,,21:59,2025,Wednesday,12,Motor Vehicle In Transport,05,On Roadway,3,,,,,,09,Through Roadway,04,Dark - Not Lighted,3/26/2025,2025-03-26,N,17.15,F,N,,,902B79F14134F62C21B0C05CB3BE3F9755BE1403D9CC4D9DFC56DC21E576C2AE,CO,01,No,,,,,01,Dry,,,,,,,,
Injury Crashes,MSP7843002X,Maryland State Police,Single Vehicle,Prince George's,Interstate,No,No,No,No,No,NO NAME (SB/L),95,INTERSTATE ROUTE,No,True,No,4/25/2025,No,Point,39.11441,-76.874858333,MSP,101,16,02,No,23,,23:30,2025,Friday,28,Ditch,01,Gore,1,,,,,,06,Non-Junction,04,Dark - Not Lighted,4/25/2025,2025-04-25,W,31.52,F,N,,,70C489E48FD02A783267B1AC07E86F5B3FDB05C606CBB942626FCE141F33D665,IS,01,No,,,,,09,Wet,,,,,,,,
Property Damage Crashes,DA4146006K,Prince George's County Police,Front to Rear,Prince George's,Minor Arterial,No,No,No,No,No,LIVINGSTON RD,1203,COUNTY ROAD,No,True,No,3/28/2025,No,Point,38.802838386,-76.988425182,PGCOPD,03,16,03,No,17,,17:43,2025,Friday,12,Motor Vehicle In Transport,05,On Roadway,4,,,,,,09,Through Roadway,01,Daylight,3/28/2025,2025-03-28,S,80.85,F,N,,,5D5809CB3287A7FFC57F0C3DC3371796367B92F6A00A5CCBE896D88FC9192CC7,CO,01,No,,,,,09,Wet,,,,,,,,
Property Damage Crashes,DA3729009B,Prince George's County Police,Single Vehicle,Prince George's,Local,No,No,No,No,No,CROOM STATION RD,108,COUNTY ROAD,No,True,No,2/9/2025,No,Point,38.780294295,-76.763242718,PGCOPD,101,16,03,No,0,,00:20,2025,Sunday,40,Tree (standing),09,Roadside,7,,,,,,06,Non-Junction,04,Dark - Not Lighted,2/9/2025,2025-02-09,S,29.99,F,N,,,92334BDF9089ED549A561ADFBC21464728ADD65C89756E249A27917722F6A80D,CO,01,No,,,,,09,Wet,,,,,,,,
Property Damage Crashes,MSP7773000Z,Maryland State Police,"Sideswipe, Same Direction",Prince George's,Interstate,No,No,No,No,No,JOHN HANSON HWY (WB/L),595,INTERSTATE ROUTE,No,True,No,1/31/2025,No,Point,38.946097562,-76.852035325,MSP,07,16,03,No,15,,15:50,2025,Friday,12,Motor Vehicle In Transport,05,On Roadway,1,,,,,,04,Entrance/Exit Ramp or Related,01,Daylight,1/31/2025,2025-01-31,E,45.87,F,N,,,4D26BBEC532C498AB4013A6DC9D27964999B3D937BD2BBF260832C3AB7A53E0B,IS,01,No,,,,,09,Wet,,,,,,,,
Injury Crashes,MSP7872004D,Maryland State Police,Angle,Prince George's,Principal Arterial – Other,No,No,No,No,No,CRAIN HWY (SB/L),301,UNITED STATE ROUTE,No,True,No,5/20/2025,No,Point,38.908933810,-76.718015343,MSP,01,16,02,No,1,03,01:07,2025,Tuesday,12,Motor Vehicle In Transport,05,On Roadway,3,Perpendicular,,,POINTER RIDGE DR,03,05,Intersection or Related,03,Dark - Lighted,5/20/2025,2025-05-20,W,0,F,N,,,8BA5882AB961FEE071B74D7D5C477A6D745A5A297BE30C8A15FA93E7D53C59FF,US,01,No,,,,,01,Dry,01,Signalized,,,,,,
Property Damage Crashes,MSP743900MD,Maryland State Police,"Sideswipe, Same Direction",Prince George's,Interstate,No,Yes,No,No,No,CAPITAL BELTWAY,95,INTERSTATE ROUTE,No,True,No,2/11/2025,No,Point,38.969856043,-76.868800651,MSP,07,16,03,No,6,,06:42,2025,Tuesday,12,Motor Vehicle In Transport,05,On Roadway,1,,,,,,09,Through Roadway,01,Daylight,2/11/2025,2025-02-11,N,46.31,F,N,,,A0EC10E98BD93C002B9E542CD98C646CE4A286C9038F4CCF47EADCF10CEC77BE,IS,01,No,,,,,01,Dry,,,,,,,,
Property Damage Crashes,DS05110005,University of Maryland Police College Park,Single Vehicle,Prince George's,Local,No,Yes,No,No,No,REGENTS DR,162,STATE ROAD,No,True,No,5/5/2025,No,Point,38.992366309,-76.940362563,UMCP,101,16,03,No,21,,21:41,2025,Monday,36,"Other Post, Pole, Or Support",05,On Roadway,7,,101,State,,,06,Non-Junction,03,Dark - Lighted,5/5/2025,2025-05-05,E,66.02,F,N,,,B989BB0B10AE8951CF7BCF00408F63372A0E3A00DDF5BED2B855D1D9F1DABE45,SR,01,No,97,Not Applicable,,,09,Wet,,,,,,,,
Property Damage Crashes,MSP757700HV,Maryland State Police,Single Vehicle,Prince George's,,No,No,No,No,No,,50,UNITED STATE ROUTE,No,True,No,2/24/2025,No,Point,38.945595,-76.76425,MSP,101,16,03,No,9,,09:30,2025,Monday,03,Explosion Or Fire,05,On Roadway,,,,,,,09,Through Roadway,01,Daylight,2/24/2025,2025-02-24,N,27.99,F,N,,,D1CC9D0DFED92050C3C0659A90FB9C9A03408396CD744863DAB23CB84021872D,US,01,No,97,Not Applicable,,,01,Dry,,,,,,,,
Injury Crashes,MSP617100N3,Maryland State Police,Single Vehicle,Prince George's,Interstate,No,No,No,No,No,RAMP 6 FR RAMP 10 (FR IS 495) TO US 1 SB,95,RAMP,No,True,No,2/25/2025,No,Point,39.017311423,-76.928338488,MSP,101,16,02,No,18,,18:48,2025,Tuesday,41,Utility Pole/Light Support,03,Median,1,,101,State,,,04,Entrance/Exit Ramp or Related,03,Dark - Lighted,2/25/2025,2025-02-25,N,30.31,F,N,,,274CEF4E0352530D7758C500AFE2F11407674497D8F234A3E76BB480EBDCE1E3,RP,01,No,,,,,01,Dry,,,,,,,,
Property Damage Crashes,MSP766500BP,Maryland State Police,Single Vehicle,Prince George's,Interstate,Yes,No,No,No,No,JOHN HANSON HWY,595,INTERSTATE ROUTE,No,True,No,4/13/2025,No,Point,38.955495,-76.700121667,MSP,101,16,03,No,0,,00:55,2025,Sunday,32,Guardrail Face,09,Roadside,1,,,,,,06,Non-Junction,04,Dark - Not Lighted,4/13/2025,2025-04-13,S,8.2,F,N,,,55DB1C0423DE66FDF115A6F1ADEB5CE4C6F0764927EBEE7F65F1CEDC36680DB8,IS,01,No,,,,,01,Dry,,,,,,,,
Injury Crashes,MSP745800QP,Maryland State Police,Front to Rear,Prince George's,Interstate,No,No,No,No,No,CAPITAL BELTWAY (SB/L),95,INTERSTATE ROUTE,No,True,No,3/15/2025,No,Point,38.817971667,-76.946006667,MSP,03,16,02,No,3,,03:46,2025,Saturday,12,Motor Vehicle In Transport,05,On Roadway,1,,,,,,01,Acceleration/Deceleration Lane,03,Dark - Lighted,3/15/2025,2025-03-15,N,18.3,F,N,,,F64126E6512869C10CE59484FA53EC59D4D5CCB5C4DB77A47EFE4C11E9DE07D2,IS,01,No,,,,,01,Dry,,,,,,,,
Property Damage Crashes,DA4008008H,Prince George's County Police,Front to Rear,Prince George's,Local,No,No,No,No,No,SELLMAN RD,15,COUNTY ROAD,No,True,No,5/22/2025,No,Point,39.033917845,-76.909720779,PGCOPD,03,16,03,No,11,,11:17,2025,Thursday,12,Motor Vehicle In Transport,05,On Roadway,7,,,,,,09,Through Roadway,01,Daylight,5/22/2025,2025-05-22,S,29.42,F,N,,,7D431D32776788224835F0D2887750301945DFBF3F17C46C64E6A46B36038AB5,CO,01,No,,,,,09,Wet,,,,,,,,
Property Damage Crashes,DA43400049,Prince George's County Police,Front to Rear,Prince George's,,No,No,No,No,No,,125,BIKE ROUTE,No,True,No,3/29/2025,No,Point,38.972423,-76.773563,PGCOPD,03,16,03,Yes,17,,17:00,2025,Saturday,12,Motor Vehicle In Transport,99,Unknown,,,,,,,99,Unknown,01,Daylight,3/29/2025,2025-03-29,E,53.82,F,N,,,FA00F8CA3FCEE5665430A7D3834FBC56380FA95FA68523F2DA70FA0987E09A7D,BK,01,No,,,,,01,Dry,,,,,,,,
Injury Crashes,MSP7843003F,Maryland State Police,Front to Rear,Prince George's,Interstate,No,No,No,No,No,CAPITAL BELTWAY (SB/L),95,INTERSTATE ROUTE,No,True,No,5/15/2025,No,Point,39.00472,-76.8969,MSP,03,16,02,No,15,,15:25,2025,Thursday,12,Motor Vehicle In Transport,05,On Roadway,1,,,,,,06,Non-Junction,01,Daylight,5/15/2025,2025-05-15,S,38.83,F,N,,,92CB11933B40F173F1EC586ECAEFAD76E41F6621CAE57177F9D38254EFF5F84C,IS,01,No,,,,,01,Dry,,,,,,,,
Property Damage Crashes,DA4374003X,Prince George's County Police,Single Vehicle,Prince George's,Principal Arterial – Other,No,No,No,No,No,ANNAPOLIS RD,450,MARYLAND ROUTE,No,True,No,5/26/2025,No,Point,38.956816283,-76.813052190,PGCOPD,101,16,03,No,8,04,08:59,2025,Monday,36,"Other Post, Pole, Or Support",04,"Off-Roadway, Location Unknown",3,Perpendicular,101,State,GLENN DALE RD,03,05,Intersection or Related,01,Daylight,5/26/2025,2025-05-26,N,0,F,N,,,BA36F26EA3ED6550EC8B7D3DACD053ADB018AC1E0629843F00AB42B6A5C02FCD,MD,01,No,,,,,01,Dry,01,Signalized,,,,,,
Property Damage Crashes,DA4195006Z,Prince George's County Police,"Sideswipe, Same Direction",Prince George's,Minor Collector,No,No,No,No,No,BALD EAGLE SCHOOL RD,170,COUNTY ROAD,No,True,No,5/19/2025,No,Point,38.666652087,-76.734800290,PGCOPD,07,16,03,No,15,,15:03,2025,Monday,12,Motor Vehicle In Transport,05,On Roadway,6,,,,,,99,Unknown,01,Daylight,5/19/2025,2025-05-19,S,11.81,F,N,,,22F7491DCEC9D479D5F91997B37F7FB00A279420A56A656483D01D37CB230F56,CO,01,No,,,,,01,Dry,,,,,,,,
Property Damage Crashes,DA4405001D,Prince George's County Police,"Sideswipe, Same Direction",Prince George's,Local,No,No,No,No,No,71ST AVE (SB/L),9710,MUNICIPAL ROAD,No,True,No,5/15/2025,No,Point,38.897660088,-76.900144751,PGCOPD,07,16,03,No,7,,07:21,2025,Thursday,12,Motor Vehicle In Transport,05,On Roadway,7,,,,,,06,Non-Junction,01,Daylight,5/15/2025,2025-05-15,N,37.1,F,N,,,7F6292D5D89752051690E4FA6C51A619E594DA9F0502F92AB4AE009B27A901AB,MU,01,No,,,,,01,Dry,,,,,,,,
Injury Crashes,MSP647600HQ,Maryland State Police,Front to Rear,Prince George's,Interstate,No,No,No,No,No,RAMP 2 FR IS 95 WB TO MD 414 NB,95,RAMP,No,True,No,4/4/2025,No,Point,38.810671155,-76.967285872,MSP,03,16,02,No,15,,15:42,2025,Friday,12,Motor Vehicle In Transport,05,On Roadway,1,,,,,,09,Through Roadway,01,Daylight,4/4/2025,2025-04-04,N,40.39,F,N,,,B8A4D7CE6A5A1F282EB19DC1D7F1FD2765B75838B23DB65F384A734C8779AA1D,RP,01,No,,,,,01,Dry,,,,,,,,
Injury Crashes,DA42510066,Prince George's County Police,Other,Prince George's,Minor Arterial,No,No,No,No,No,ANNAPOLIS RD (WB/L),450,MARYLAND ROUTE,No,True,No,2/9/2025,No,Point,38.961149446,-76.829913600,PGCOPD,98,16,02,Yes,0,,00:45,2025,Sunday,12,Motor Vehicle In Transport,05,On Roadway,4,,,,,,09,Through Roadway,03,Dark - Lighted,2/9/2025,2025-02-09,S,19.76,F,N,,,1FF695FF1823C9D3C1CCF73453941268923EF384A1002D2E590D1DC12CAE1489,MD,01,No,,,,,09,Wet,,,,,,,,
Property Damage Crashes,MSP617100P5,Maryland State Police,Front to Rear,Prince George's,Interstate,No,No,No,No,No,CAPITAL BELTWAY (SB/L),95,INTERSTATE ROUTE,No,True,No,5/11/2025,No,Point,39.011486667,-76.903815,MSP,03,16,03,No,15,,15:25,2025,Sunday,12,Motor Vehicle In Transport,05,On Roadway,1,,,,,,06,Non-Junction,01,Daylight,5/11/2025,2025-05-11,E,34.63,F,N,,,25B3CEB79E30A80D2FB65F06E9BCF1F79351AD5B26F2302C0C271FDC680EDCB0,IS,01,No,,,,,01,Dry,,,,,,,,
Property Damage Crashes,DA4294003F,Prince George's County Police,"Sideswipe, Same Direction",Prince George's,Minor Arterial,No,No,No,No,No,INDIAN HEAD HWY (SB/L),210,MARYLAND ROUTE,No,True,No,2/21/2025,No,Point,38.820232528,-77.001033884,PGCOPD,07,16,03,No,17,,17:20,2025,Friday,12,Motor Vehicle In Transport,05,On Roadway,4,,,,,,06,Non-Junction,01,Daylight,2/21/2025,2025-02-21,N,118.63,F,N,,,7502198FFA490A4736254BD112CF5CA2FBA54503D1F716B9D49798C71454806F,MD,01,No,,,,,01,Dry,,,,,,,,
Property Damage Crashes,MSP647600GR,Maryland State Police,"Sideswipe, Opposite Direction",Prince George's,Principal Arterial – Other,No,No,No,No,No,CRAIN HWY,301,UNITED STATE ROUTE,No,True,No,1/19/2025,No,Point,38.812045775,-76.738769877,MSP,06,16,03,No,19,,19:32,2025,Sunday,12,Motor Vehicle In Transport,05,On Roadway,3,,100,Local,,,09,Through Roadway,03,Dark - Lighted,1/19/2025,2025-01-19,N,35.13,F,N,,,7DF7CED4747DE35F5D849F712D2B12780CEB0B8EDC7DE6643F31641B2A9A1CF4,US,01,No,32,Guardrail Face,10,Separator/Traffic Island,09,Wet,,,,,,,,
Property Damage Crashes,DA4413000H,Prince George's County Police,Front to Front,Prince George's,Local,Yes,No,No,No,No,AUTOVILLE DR #2,72,MUNICIPAL ROAD,No,True,No,2/23/2025,No,Point,39.002849259,-76.932407472,PGCOPD,02,16,03,No,0,,00:13,2025,Sunday,12,Motor Vehicle In Transport,05,On Roadway,7,,,,,,06,Non-Junction,03,Dark - Lighted,2/23/2025,2025-02-23,N,72.1,F,N,,,4DDF46E4C1099138B5339522501A0E2AAFFC3AED11A03FD7188FF11D7A0F49AD,MU,01,No,,,,,01,Dry,,,,,,,,
Property Damage Crashes,DA373600CT,Prince George's County Police,Rear To Side,Prince George's,,No,No,No,No,Yes,,,,No,True,No,2/5/2025,No,Point,38.803953769,-76.987646104,PGCOPD,05,16,03,,20,,20:42,2025,Wednesday,15,Parked Vehicle,02,In Parking Lane Or Zone,,,,,,,,,03,Dark - Lighted,2/5/2025,2025-02-05,,,F,N,101,Parking Aisle,,,01,No,,,,,,,,,,,,,,
Property Damage Crashes,MSP743900LZ,Maryland State Police,Front to Rear,Prince George's,Interstate,No,No,No,No,No,CAPITAL BELTWAY (SB/L),95,INTERSTATE ROUTE,No,True,No,1/24/2025,No,Point,38.978858333,-76.874375,MSP,03,16,03,No,14,,14:55,2025,Friday,12,Motor Vehicle In Transport,05,On Roadway,1,,,,,,09,Through Roadway,01,Daylight,1/24/2025,2025-01-24,W,57.41,F,N,,,D5C0D12CC977C508D25E3AA9D2DE7985AC6FBE445F4E530B157AA03F5D39A99E,IS,01,No,12,Motor Vehicle In Transport,05,On Roadway,01,Dry,,,,,,,,
Property Damage Crashes,DA393600G6,Prince George's County Police,Front to Rear,Prince George's,Principal Arterial – Other,No,No,No,No,No,SILVER HILL RD,458,MARYLAND ROUTE,No,True,No,5/19/2025,No,Point,38.852258614,-76.913664346,PGCOPD,03,16,03,No,13,,13:55,2025,Monday,12,Motor Vehicle In Transport,05,On Roadway,3,,,,,,06,Non-Junction,01,Daylight,5/19/2025,2025-05-19,E,25.46,F,N,,,BBD4B4B7A402B4C55A869DA1E959401FBC9B320BD6121B4E462B43A8A56C20C7,MD,01,No,,,,,01,Dry,,,,,,,,
Property Damage Crashes,DA409400C4,Prince George's County Police,"Sideswipe, Same Direction",Prince George's,Major Collector,No,No,No,No,No,57TH AVE,258,COUNTY ROAD,Yes,True,No,5/23/2025,No,Point,38.939089680,-76.918337042,PGCOPD,07,16,03,No,8,,08:00,2025,Friday,12,Motor Vehicle In Transport,05,On Roadway,5,,,,,,01,Acceleration/Deceleration Lane,01,Daylight,5/23/2025,2025-05-23,N,9.61,F,N,,,3ED3CFF3E20D8907509B243889024D557322C2EFEB90C132694ECC8B9BB42FC2,CO,01,No,,,,,01,Dry,,,,,,,,
Property Damage Crashes,MSP77850048,Maryland State Police,Single Vehicle,Prince George's,Principal Arterial – Other,No,No,No,No,No,CRAIN HWY (SB/L),301,UNITED STATE ROUTE,No,True,No,1/11/2025,No,Point,38.918751667,-76.717595326,MSP,101,16,03,No,14,,14:40,2025,Saturday,28,Ditch,09,Roadside,3,,,,,,06,Non-Junction,01,Daylight,1/11/2025,2025-01-11,S,30.3,F,N,,,6BDAF75CCE33F8FD8FD39DD05DFBECDF21E549B72CC5A1FF1F73FD71FE533CC4,US,01,No,,,,,01,Dry,,,,,,,,
Property Damage Crashes,MSP718600JM,Maryland State Police,Single Vehicle,Prince George's,Principal Arterial – Other,No,No,No,No,No,RAMP 7 FR RAMP 6 (FR MD 214) TO MD 202C,202,RAMP,No,True,No,3/3/2025,No,Point,38.895239781,-76.834663602,MSP,101,16,03,No,14,,14:46,2025,Monday,32,Guardrail Face,09,Roadside,3,,101,State,,,01,Acceleration/Deceleration Lane,01,Daylight,3/3/2025,2025-03-03,S,25.46,F,N,,,DB23E2C31A20573553BD9D982534EE2055C1959009BEA7BFFD6CF71DCF967D0D,RP,01,No,,,,,01,Dry,,,,,,,,
Injury Crashes,MSP745800RG,Maryland State Police,Front to Rear,Prince George's,Interstate,No,No,No,No,No,CAPITAL BELTWAY (SB/L),95,INTERSTATE ROUTE,No,True,No,3/30/2025,No,Point,38.793175318,-77.026169222,MSP,03,16,02,No,13,,13:59,2025,Sunday,12,Motor Vehicle In Transport,05,On Roadway,1,,,,,,01,Acceleration/Deceleration Lane,01,Daylight,3/30/2025,2025-03-30,S,31.71,F,N,,,040483321CA3C8410B6F568DD6F8F76F1FD5B41CE138705E53037A6DC7FA32AF,IS,01,No,,,,,01,Dry,,,,,,,,
Property Damage Crashes,DA4083006Q,Prince George's County Police,Other,Prince George's,Principal Arterial – Other,No,No,No,No,No,UNIVERSITY BLVD (WB/L),193,MARYLAND ROUTE,No,True,No,4/26/2025,No,Point,38.984712794,-76.966106193,PGCOPD,98,16,03,No,17,,17:37,2025,Saturday,12,Motor Vehicle In Transport,05,On Roadway,3,,,,WEST PARK DR,,06,Non-Junction,01,Daylight,4/26/2025,2025-04-26,W,21.04,F,N,,,E0AF156FD11501E8CFFA3109A1893E268E51B6753D79EA8171D0BB916FC19A50,MD,01,No,,,,,01,Dry,,,,,,,,
Property Damage Crashes,CC0298003H,Hyattsville Police Department,Single Vehicle,Prince George's,Local,No,No,No,No,No,LONGFELLOW ST,260,MUNICIPAL ROAD,No,True,No,2/28/2025,No,Point,38.956366972,-76.953935633,HYATTSVILLE,101,16,03,No,0,,00:30,2025,Friday,36,"Other Post, Pole, Or Support",06,"On Shoulder, Left Side",7,,100,Local,,,06,Non-Junction,03,Dark - Lighted,2/28/2025,2025-02-28,N,35.6,F,N,,,AC31544338F39A42B7E3F0D6F8D754FB666B10C4A66F089C426E1B1AD491D6C7,MU,01,No,,,,,01,Dry,,,,,,,,
Property Damage Crashes,DA27350063,Prince George's County Police,Front to Rear,Prince George's,Minor Arterial,No,No,No,No,No,RITCHIE MARLBORO RD,221,MARYLAND ROUTE,No,True,No,2/25/2025,No,Point,38.868343214,-76.841239425,PGCOPD,03,16,03,No,12,,12:19,2025,Tuesday,12,Motor Vehicle In Transport,05,On Roadway,4,,,,,,10,"Other Location Not Listed Above Within an Interchange Area (median,
shoulder and roadside)",01,Daylight,2/25/2025,2025-02-25,S,35.81,F,N,,,AC8821455C7F19BF409E790D686008F8A8CEDB2229CECC6483D9B603723BC2B6,MD,01,No,,,,,01,Dry,,,,,,,,
Property Damage Crashes,AM0393001V,Bladensburg Police Department,Rear To Side,Prince George's,Major Collector,No,No,No,No,No,57TH AVE,570,MUNICIPAL ROAD,No,True,No,6/7/2025,No,Point,38.940543861,-76.917568882,BLADENSBURG,05,16,03,No,6,,06:50,2025,Saturday,12,Motor Vehicle In Transport,05,On Roadway,5,,,,,,06,Non-Junction,01,Daylight,6/7/2025,2025-06-07,S,35.34,F,N,,,D7137B6B7B84C6CA47D99DD9D33DC97E14FDB8CA89B8027E2301DCC76C73B41F,MU,01,No,,,,,01,Dry,,,,,,,,
Property Damage Crashes,DA43370032,Prince George's County Police,Front to Front,Prince George's,Principal Arterial – Other,No,No,No,No,No,NEW HAMPSHIRE AVE,650,MARYLAND ROUTE,Yes,True,No,3/21/2025,No,Point,38.968418026,-77.000338560,PGCOPD,02,16,03,No,17,,17:35,2025,Friday,12,Motor Vehicle In Transport,05,On Roadway,3,,,,,,06,Non-Junction,01,Daylight,3/21/2025,2025-03-21,N,27.34,F,N,,,0A45911561F7B8C8BDEA9C9016DD93B06AF17E9C1EED56A68D96436A1E0CF327,MD,01,No,,,,,01,Dry,,,,,,,,