Crash Severity Description,Reportnumber,Agencyname,CollisionImpact Description,Crash County Description,FunctionalClass Description,ImpairedCrash,Large Vehicle Involved,Motorcycle Crash,Non-Motorist Crash,OffRoad,RoadName,Route Number,RouteType Description,Unrestrained Occupants,WithinDateRange,Work Zone Related,Crashdate,Work Zone Crash,CrashPoint,Latitude,Longitude,AgencyCode,CollisionImpact,Crash County,Crash Severity,Crash Within Interchange,Crashhour,CrashInterchangeApproaches,Crashtime,CrashYear,Dayofweek,FirstHarmEvent,FirstHarmEvent Description,FirstHarmLocation,FirstHarmLocation Description,FunctionalClass,Geometry Description,GovPropertyDamage,GovPropertyDamage Description,IntersectingRoadName,Intersection Geometry,JunctionRelated,JunctionRelated Description,Light,Light Description,LOD Crash Date,LOD Date Level,MilepointDirection,MilepointDistance,MilepointUnits,NonTrafficFatal,OffroadLocation,OffroadLocation Description,RoadID,RouteType,SchoolBusRelated,SchoolBusRelated Description,SecondHarmEvent,SecondHarmEvent Description,SecondHarmLocation,SecondHarmLocation Description,Surface,Surface Description,TrafficControl,Trafficcontrol Description,WZLawEnforcementPresent,WZLocation,WZLocation Description,WZType,WZType Description,WZWorkersPresent
Property Damage Crashes,DA4183006K,Prince George's County Police,Rear To Side,Prince George's,,No,No,No,No,No,,165,COUNTY ROAD,Yes,True,No,1/21/2025,No,Point,38.803584091,-76.975841553,PGCOPD,05,16,03,No,9,,09:07,2025,Tuesday,12,Motor Vehicle In Transport,05,On Roadway,,,,,,,06,Non-Junction,01,Daylight,1/21/2025,2025-01-21,S,40.87,F,N,,,DC0E16E9CB4F56FB88D50BBD2FDFF3DE16641CBCE19EB160FD50D30C8B30DA25,CO,01,No,,,,,01,Dry,,,,,,,,
Property Damage Crashes,DA3040001M,Prince George's County Police,"Sideswipe, Same Direction",Prince George's,Principal Arterial – Other,No,No,No,No,No,SILVER HILL RD,458,MARYLAND ROUTE,No,True,No,5/9/2025,No,Point,38.853908032,-76.908176663,PGCOPD,07,16,03,No,20,04,20:32,2025,Friday,12,Motor Vehicle In Transport,05,On Roadway,3,Perpendicular,,,OLD SILVER HILL RD,03,05,Intersection or Related,01,Daylight,5/9/2025,2025-05-09,S,0,F,N,,,86B09CF5904AD4352D36C18A11CE3AC64D432E4AF4FCB3D0C90CB560952AAE71,MD,01,No,,,,,01,Dry,01,Signalized,,,,,,
Property Damage Crashes,CNC3181000S,New Carrollton Police Department,Unknown,Prince George's,,No,No,No,No,Yes,,,,No,True,No,1/7/2025,No,Point,38.957681394,-76.874718748,NCPD,99,16,03,,15,,15:11,2025,Tuesday,12,Motor Vehicle In Transport,02,In Parking Lane Or Zone,,,,,,,,,01,Daylight,1/7/2025,2025-01-07,,,F,N,100,Parking Stall,,,01,No,15,Parked Vehicle,99,Unknown,,,,,,,,,,
Property Damage Crashes,MSP7773002S,Maryland State Police,Front to Rear,Prince George's,Interstate,No,No,No,No,No,CAPITAL BELTWAY,95,INTERSTATE ROUTE,No,True,No,5/27/2025,No,Point,38.987045517,-76.881432867,MSP,03,16,03,No,10,,10:40,2025,Tuesday,12,Motor Vehicle In Transport,05,On Roadway,1,,,,,,06,Non-Junction,01,Daylight,5/27/2025,2025-05-27,S,44.41,F,N,,,E4761D1027C0AC11F32B9934815A04A959ECEBAD13881B3AB0569C809FAB03C8,IS,01,No,,,,,01,Dry,,,,,,,,
Property Damage Crashes,DA418100FS,Prince George's County Police,Other,Prince George's,Principal Arterial – Other Freeways and Expressways,No,No,No,No,No,RAMP 8 FR MD 201 SB TO MD 459 WB,50,RAMP,No,True,No,5/4/2025,No,Point,38.921389465,-76.931265235,PGCOPD,98,16,03,No,20,,20:06,2025,Sunday,12,Motor Vehicle In Transport,05,On Roadway,2,,,,KENILWORTH AVE,,09,Through Roadway,101,Dusk,5/4/2025,2025-05-04,W,34.39,F,N,,,32826DCECD4CD59D59B61C2A1D3F2923B55E300041128BB6B193E29F75EAC526,RP,01,No,,,,,01,Dry,,,,,,,,
Property Damage Crashes,DA3451001W,Prince George's County Police,Front to Front,Prince George's,Principal Arterial – Other Freeways and Expressways,No,No,No,No,No,INDIAN HEAD HWY,210,MARYLAND ROUTE,No,True,No,4/26/2025,No,Point,38.772295329,-76.995738170,PGCOPD,02,16,03,No,23,,23:57,2025,Saturday,12,Motor Vehicle In Transport,05,On Roadway,2,,,,,,06,Non-Junction,04,Dark - Not Lighted,4/26/2025,2025-04-26,E,39.3,F,N,,,BFCE55E1ADAF963271699B84B2DACCE68EC4D7330121ECB6A11A1C3AD4DCA946,MD,01,No,,,,,01,Dry,,,,,,,,
Property Damage Crashes,DA4344003Q,Prince George's County Police,"Sideswipe, Same Direction",Prince George's,Local,No,Yes,No,No,No,HALLECK ST #1,191,MUNICIPAL ROAD,Yes,True,No,5/27/2025,No,Point,38.858093932,-76.884459694,PGCOPD,07,16,03,No,16,,16:16,2025,Tuesday,15,Parked Vehicle,05,On Roadway,7,,,,,,06,Non-Junction,98,Other,5/27/2025,2025-05-27,S,13.53,F,N,,,9DDA3FE454B7CA21961D83388CB5B5A0E2FA118D9EE04DB671352CD88D984375,MU,02,"Yes, School Bus Directly Involved",,,,,01,Dry,,,,,,,,
Property Damage Crashes,DA401800C6,Prince George's County Police,"Sideswipe, Same Direction",Prince George's,Major Collector,No,No,No,No,No,AUBURN AVE,299,COUNTY ROAD,No,True,No,2/8/2025,No,Point,38.964871929,-76.896632827,PGCOPD,07,16,03,No,16,,16:20,2025,Saturday,12,Motor Vehicle In Transport,05,On Roadway,5,,,,,,06,Non-Junction,01,Daylight,2/8/2025,2025-02-08,S,41.14,F,N,,,E9714F85C8AA6EA1E20DCCC2BF0600205DF727909CE0503F4DEBE0548DA9F8EB,CO,01,No,,,,,09,Wet,,,,,,,,
Property Damage Crashes,DA4396000X,Prince George's County Police,Front to Rear,Prince George's,Local,No,No,No,No,No,TRAPPER CT,4919,COUNTY ROAD,No,True,No,1/8/2025,No,Point,39.012768753,-76.961952050,PGCOPD,03,16,03,No,14,,14:20,2025,Wednesday,15,Parked Vehicle,09,Roadside,7,,,,,,06,Non-Junction,01,Daylight,1/8/2025,2025-01-08,S,74.24,F,N,,,A1386F28E94C793FF55EC7B904F9E7603D02889240BFEFC15B87C7F895316AEC,CO,01,No,,,,,02,Ice/Frost,,,,,,,,
Property Damage Crashes,MSP653400WR,Maryland State Police,Other,Prince George's,Principal Arterial – Other,No,No,No,No,No,CRAIN HWY,301,UNITED STATE ROUTE,No,True,No,3/12/2025,No,Point,38.715098333,-76.849301667,MSP,98,16,03,Yes,17,,17:02,2025,Wednesday,12,Motor Vehicle In Transport,05,On Roadway,3,,,,,,09,Through Roadway,01,Daylight,3/12/2025,2025-03-12,E,19.69,F,N,,,0304434DB751F01EE05DB6330C3EAF2275C6D0845FCBA02A35E35294B8BCAC7B,US,01,No,12,Motor Vehicle In Transport,05,On Roadway,01,Dry,,,,,,,,
Property Damage Crashes,CC02790049,Hyattsville Police Department,Rear To Rear,Prince George's,,No,No,No,No,Yes,,,,No,True,No,4/28/2025,No,Point,38.950267221,-76.943063452,HYATTSVILLE,04,16,03,,12,,12:04,2025,Monday,12,Motor Vehicle In Transport,02,In Parking Lane Or Zone,,,,,,,,,98,Other,4/28/2025,2025-04-28,,,F,N,100,Parking Stall,,,01,No,,,,,,,,,,,,,,
Injury Crashes,DA4405000Y,Prince George's County Police,"Sideswipe, Opposite Direction",Prince George's,Local,No,No,No,No,No,VIRGINIA AVE,3686,COUNTY ROAD,No,True,No,2/25/2025,No,Point,38.9206033,-76.8897734,PGCOPD,06,16,02,No,15,,15:29,2025,Tuesday,12,Motor Vehicle In Transport,05,On Roadway,7,,,,,,06,Non-Junction,01,Daylight,2/25/2025,2025-02-25,N,44.33,F,N,,,A60B7D1B74D0C185238BBC60A23CA86DE872FEC50B179E24FEE5304D83D3A8D7,CO,01,No,30,Fence,08,Outside Road/Right-Of-Way,01,Dry,,,,,,,,
Injury Crashes,CE5049002P,Laurel Police Department,"Sideswipe, Opposite Direction",Prince George's,Local,No,No,No,No,No,GREENVIEW RD,175,MUNICIPAL ROAD,Yes,True,No,1/3/2025,No,Point,39.087563802,-76.844535895,LAUREL,06,16,02,No,23,,23:06,2025,Friday,15,Parked Vehicle,02,In Parking Lane Or Zone,7,,,,,,09,Through Roadway,03,Dark - Lighted,1/3/2025,2025-01-03,N,12.35,F,N,,,30463F0E0003554570A797B8D888968B9B27C59CF765A5B227A0035BB2AAFC00,MU,01,No,28,Ditch,09,Roadside,02,Ice/Frost,,,,,,,,
Injury Crashes,DA43780031,Prince George's County Police,Angle,Prince George's,Principal Arterial – Other Freeways and Expressways,No,No,No,No,No,RAMP 5 FR RAMP 8 (FR MD 295) TO MD 197,295,RAMP,No,True,No,5/23/2025,No,Point,39.062038097,-76.839251243,PGCOPD,01,16,02,No,13,05,13:50,2025,Friday,12,Motor Vehicle In Transport,05,On Roadway,2,Perpendicular,,,LAUREL BOWIE RD RAMP 5 FR RAMP 8 (FR MD 295) TO MD 197,03,05,Intersection or Related,01,Daylight,5/23/2025,2025-05-23,E,0,F,N,,,F421069F075B9B8D463BACCA0243E3528EC381C2CDEBA4016B2C1A4BC310E4FB,RP,01,No,,,,,01,Dry,01,Signalized,,,,,,
Property Damage Crashes,DA2297000F,Prince George's County Police,Front to Front,Prince George's,Major Collector,No,No,No,No,No,PARKLAND DR,86,COUNTY ROAD,No,True,No,1/16/2025,No,Point,38.850374306,-76.905340992,PGCOPD,02,16,03,No,18,02,18:09,2025,Thursday,12,Motor Vehicle In Transport,05,On Roadway,5,Perpendicular,,,PENNSYLVANIA AVE (SB/L),03,05,Intersection or Related,03,Dark - Lighted,1/16/2025,2025-01-16,S,0,F,N,,,27ABD66AFB2F202F1F5C47CBA867875A280E5C8352A08830BADB6CC274D3256F,CO,01,No,,,,,01,Dry,01,Signalized,,,,,,
Injury Crashes,DA43800032,Prince George's County Police,Front to Rear,Prince George's,Principal Arterial – Other,No,No,No,No,No,BERRY RD (WB/L),228,MARYLAND ROUTE,No,True,No,3/29/2025,No,Point,38.655261168,-76.998765955,PGCOPD,03,16,02,No,22,,22:19,2025,Saturday,12,Motor Vehicle In Transport,05,On Roadway,3,,,,BEALLE HILL RD,,01,Acceleration/Deceleration Lane,03,Dark - Lighted,3/29/2025,2025-03-29,W,84.04,F,N,,,C0781ACA0C33DBF282CBF330BD8BF9AA6DA6A09BA4B59B92297A6277C7C82C0F,MD,01,No,,,,,01,Dry,,,,,,,,
Injury Crashes,AM0354004Y,Bladensburg Police Department,"Sideswipe, Opposite Direction",Prince George's,,No,No,No,No,No,,635,SPUR,No,True,No,4/25/2025,No,Point,38.939035645,-76.940239015,BLADENSBURG,06,16,02,No,16,,16:50,2025,Friday,12,Motor Vehicle In Transport,05,On Roadway,,,,,,,06,Non-Junction,01,Daylight,4/25/2025,2025-04-25,W,41.75,F,N,,,CE8A2FF71754E51F16432B490A668B830FC0038B86165EA62270ED82C0BE3EE6,SP,01,No,,,,,01,Dry,,,,,,,,
Property Damage Crashes,DA36040019,Prince George's County Police,Front to Rear,Prince George's,Principal Arterial – Other,No,No,No,No,No,ST BARNABAS RD (WB/L),414,MARYLAND ROUTE,No,True,No,4/30/2025,No,Point,38.817167748,-76.961170056,PGCOPD,03,16,03,No,21,,21:02,2025,Wednesday,12,Motor Vehicle In Transport,05,On Roadway,3,,,,,,06,Non-Junction,03,Dark - Lighted,4/30/2025,2025-04-30,S,26.5,F,N,,,2B332BC26DB882CA4C811E0A8DC903922D09C687CE60115E10CD373EDE67530B,MD,01,No,,,,,01,Dry,,,,,,,,
Property Damage Crashes,GC93780003,Glenarden Police Department,Front to Front,Prince George's,,No,No,No,No,No,GEATON PARK PL,2324,LOCAL ROAD,No,True,No,4/9/2025,No,Point,38.926775553,-76.845836475,GLENARDEN,02,16,03,No,11,,11:00,2025,Wednesday,12,Motor Vehicle In Transport,05,On Roadway,,,,,,,06,Non-Junction,01,Daylight,4/9/2025,2025-04-09,W,17.77,F,N,,,74690D561B893FB31577ED769E2409F982B6B74E0665C6F8D0AC4122ACF99E57,LL,01,No,12,Motor Vehicle In Transport,05,On Roadway,01,Dry,,,,,,,,
Injury Crashes,DA4324001X,Prince George's County Police,Front to Rear,Prince George's,Principal Arterial – Other,No,No,No,No,No,PENNSYLVANIA AVE,4,MARYLAND ROUTE,No,True,No,2/18/2025,No,Point,38.853312318,-76.909954521,PGCOPD,03,16,02,Yes,8,,08:07,2025,Tuesday,12,Motor Vehicle In Transport,05,On Roadway,3,,,,,,09,Through Roadway,01,Daylight,2/18/2025,2025-02-18,S,99.22,F,N,,,CFCA7B8F32B3E2541EA3F2640A85C80F722F977D7BFDF74C4749E0955369334D,MD,01,No,97,Not Applicable,,,01,Dry,,,,,,,,
Property Damage Crashes,MSP78650010,Maryland State Police,Single Vehicle,Prince George's,Interstate,No,No,No,No,No,IS 95 NB CD LANE FR MD 200 TO MD 198,95,INTERSTATE ROUTE,No,True,No,1/14/2025,No,Point,39.065883633,-76.909885533,MSP,101,16,03,No,21,,21:38,2025,Tuesday,32,Guardrail Face,06,"On Shoulder, Left Side",1,,,,,,06,Non-Junction,03,Dark - Lighted,1/14/2025,2025-01-14,W,20.58,F,N,,,8B612D88391C2453E63B9F0228F8A4954E2167E313809025AF9FF080E6E60E32,IS,01,No,,,,,01,Dry,,,,,,,,
Injury Crashes,DA4365003Z,Prince George's County Police,Single Vehicle,Prince George's,,No,No,No,Yes,Yes,,,,No,True,No,3/28/2025,No,Point,38.954077689,-76.809133149,PGCOPD,101,16,02,,14,,14:00,2025,Friday,17,Pedestrian,02,In Parking Lane Or Zone,,,,,,,,,01,Daylight,3/28/2025,2025-03-28,,,F,N,100,Parking Stall,,,01,No,,,,,,,,,,,,,,
Property Damage Crashes,DA4424000R,Prince George's County Police,Front to Rear,Prince George's,Major Collector,No,No,No,No,No,DONNELL DR,1679,COUNTY ROAD,No,True,No,3/27/2025,No,Point,38.845381958,-76.884816642,PGCOPD,03,16,03,No,19,,19:30,2025,Thursday,12,Motor Vehicle In Transport,05,On Roadway,5,,,,,,09,Through Roadway,01,Daylight,3/27/2025,2025-03-27,N,14.96,F,N,,,5EC6ECAB09052CE3D97378E5047066996AA6AC2E8B2556D841FCBDAD77958B0A,CO,01,No,,,,,01,Dry,,,,,,,,
Property Damage Crashes,DA4411000F,Prince George's County Police,Single Vehicle,Prince George's,Principal Arterial – Other,No,No,No,No,No,ANNAPOLIS RD,450,MARYLAND ROUTE,No,True,No,2/6/2025,No,Point,38.986300566,-76.711814186,PGCOPD,101,16,03,No,9,,09:00,2025,Thursday,29,Embankment,01,Gore,3,,,,,,06,Non-Junction,01,Daylight,2/6/2025,2025-02-06,S,12.78,F,N,,,6B7DA818F62776F08F3929F1DFF5E71BD2511C6B9EC46B1F68BB90424D7DF8AE,MD,01,No,,,,,09,Wet,,,,,,,,
Property Damage Crashes,MSP77730012,Maryland State Police,"Sideswipe, Same Direction",Prince George's,Interstate,No,No,No,No,No,CAPITAL BELTWAY (SB/L),95,INTERSTATE ROUTE,No,True,No,2/1/2025,No,Point,38.994577575,-76.888732672,MSP,07,16,03,No,18,,18:30,2025,Saturday,12,Motor Vehicle In Transport,05,On Roadway,1,,,,,,04,Entrance/Exit Ramp or Related,04,Dark - Not Lighted,2/1/2025,2025-02-01,W,8.43,F,N,,,FCACE554CEE8671AE2246F588898F7BE0C5E1EA79AC245D3C9C25F03D6827124,IS,01,No,,,,,01,Dry,,,,,,,,
Property Damage Crashes,DA4296003H,Prince George's County Police,Front to Front,Prince George's,Minor Arterial,No,No,No,No,No,RITCHIE RD,87,COUNTY ROAD,No,True,No,1/17/2025,No,Point,38.849640873,-76.871252950,PGCOPD,02,16,03,No,21,,21:44,2025,Friday,12,Motor Vehicle In Transport,05,On Roadway,4,,,,,,09,Through Roadway,03,Dark - Lighted,1/17/2025,2025-01-17,N,28.05,F,N,,,0D2A45F38C1D354FBC641A523CC822EDC3293C2FBAA7EE0F2433E78024F6F4C4,CO,01,No,,,,,01,Dry,,,,,,,,
Property Damage Crashes,DA34760050,Prince George's County Police,Front to Front,Prince George's,Local,No,No,No,No,No,RHODE ISLAND RD,1090,MUNICIPAL ROAD,No,True,No,6/6/2025,No,Point,39.005850046,-76.923415165,PGCOPD,02,16,03,No,14,,14:54,2025,Friday,12,Motor Vehicle In Transport,05,On Roadway,7,,,,,,09,Through Roadway,01,Daylight,6/6/2025,2025-06-06,S,12.5,F,N,,,9EDD3B47598B370ED761486A73299B825837C18B3B43A5CAD53020433F747854,MU,01,No,,,,,01,Dry,,,,,,,,
Property Damage Crashes,DA4421001R,Prince George's County Police,"Sideswipe, Opposite Direction",Prince George's,Local,Yes,No,No,No,No,SUDAN PL,5369,COUNTY ROAD,No,True,No,4/9/2025,No,Point,38.756726460,-76.814332383,PGCOPD,06,16,03,No,2,,02:19,2025,Wednesday,12,Motor Vehicle In Transport,05,On Roadway,7,,,,,,06,Non-Junction,03,Dark - Lighted,4/9/2025,2025-04-09,S,12.62,F,N,,,DFF3783B41C4A62F466A7E9684FF74766491D4B5AF6D3EE07E0E7DEE3B7DB00F,CO,01,No,,,,,01,Dry,,,,,,,,
Injury Crashes,DA3426004K,Prince George's County Police,Front to Front,Prince George's,Local,No,No,No,No,No,FIELDSTONE WAY,5731,COUNTY ROAD,No,True,No,3/22/2025,No,Point,38.891870880,-76.864344249,PGCOPD,02,16,02,No,19,03,19:00,2025,Saturday,12,Motor Vehicle In Transport,05,On Roadway,7,Perpendicular,,,GARRETT A MORGAN BLVD,03,05,Intersection or Related,01,Daylight,3/22/2025,2025-03-22,E,0,F,N,,,C4B22194290A04A81ABA5DC411C1956D230E7F1AD55AED63C73C08F42AC7AA88,CO,01,No,97,Not Applicable,,,01,Dry,01,Signalized,,,,,,
Property Damage Crashes,CE4152008X,Laurel Police Department,Rear To Rear,Prince George's,,No,No,No,No,Yes,,,,No,True,No,5/30/2025,No,Point,39.097849919,-76.855565126,LAUREL,04,16,03,,14,,14:40,2025,Friday,15,Parked Vehicle,02,In Parking Lane Or Zone,,,,,,,,,01,Daylight,5/30/2025,2025-05-30,,,F,N,101,Parking Aisle,,,01,No,,,,,,,,,,,,,,
Property Damage Crashes,DA3095002W,Prince George's County Police,Front to Rear,Prince George's,Local,No,No,No,No,No,NEW RIGGS RD (SB/L),872,COUNTY ROAD,No,True,No,2/8/2025,No,Point,38.989156485,-76.976573848,PGCOPD,03,16,03,No,9,,09:51,2025,Saturday,12,Motor Vehicle In Transport,05,On Roadway,7,,,,,,06,Non-Junction,01,Daylight,2/8/2025,2025-02-08,S,28.74,F,N,,,7498924D75F80A625110DA0CEAE9DEBFF309E00CB2701F211BE0D5A571B1816C,CO,01,No,15,Parked Vehicle,05,On Roadway,01,Dry,,,,,,,,
Property Damage Crashes,MSP7770007T,Maryland State Police,"Sideswipe, Same Direction",Prince George's,Interstate,No,Yes,No,No,No,CAPITAL BELTWAY,95,INTERSTATE ROUTE,No,True,No,4/28/2025,No,Point,38.807175847,-76.979022417,MSP,07,16,03,No,14,,14:10,2025,Monday,12,Motor Vehicle In Transport,05,On Roadway,1,,,,,,06,Non-Junction,01,Daylight,4/28/2025,2025-04-28,N,22.68,F,N,,,3253B0EF419A13027DA147D06906ADF5B518E14E1896D01D38F9706B46A9C1C1,IS,01,No,,,,,01,Dry,,,,,,,,
Property Damage Crashes,DS0483001G,University of Maryland Police College Park,Single Vehicle,Prince George's,,No,Yes,No,No,Yes,,,,No,True,No,3/27/2025,No,Point,38.983490822,-76.942401119,UMCP,101,16,03,,9,,09:52,2025,Thursday,41,Utility Pole/Light Support,01,Gore,,,101,State,,,,,01,Daylight,3/27/2025,2025-03-27,,,F,N,104,Service Road,,,01,No,12,Motor Vehicle In Transport,01,Gore,,,,,,,,,,
Property Damage Crashes,DA393200GW,Prince George's County Police,Angle,Prince George's,Principal Arterial – Other Freeways and Expressways,No,No,No,No,No,RAMP 8 FR MD 201 SB TO MD 459 WB,50,RAMP,No,True,No,1/4/2025,No,Point,38.921439162,-76.931394046,PGCOPD,01,16,03,No,17,,17:12,2025,Saturday,12,Motor Vehicle In Transport,05,On Roadway,2,,,,,,02,Crossover-Related,03,Dark - Lighted,1/4/2025,2025-01-04,N,21.13,F,N,,,3AE8A8FA6AC3BB413BEEA056E8E217DE07AD395FD1401655158AC600D3058C57,RP,01,No,,,,,01,Dry,,,,,,,,
Injury Crashes,DA4239007L,Prince George's County Police,Angle,Prince George's,Minor Arterial,No,No,No,No,No,LANHAM SEVERN RD,564,MARYLAND ROUTE,No,True,No,3/7/2025,No,Point,38.969234848,-76.852604653,PGCOPD,01,16,02,No,13,,13:13,2025,Friday,12,Motor Vehicle In Transport,05,On Roadway,4,,,,,,09,Through Roadway,01,Daylight,3/7/2025,2025-03-07,S,4.98,F,N,,,F9186898051AF46AFB3180DE40209BBF148FEBD337B7ECE22F56919BCD527E6E,MD,01,No,12,Motor Vehicle In Transport,05,On Roadway,01,Dry,,,,,,,,
Property Damage Crashes,DA43860021,Prince George's County Police,Front to Rear,Prince George's,Minor Arterial,No,No,No,No,No,ARENA DR,5342,COUNTY ROAD,No,True,No,5/26/2025,No,Point,38.904840275,-76.845143553,PGCOPD,03,16,03,No,17,,17:47,2025,Monday,12,Motor Vehicle In Transport,05,On Roadway,4,,,,,,09,Through Roadway,01,Daylight,5/26/2025,2025-05-26,W,46.5,F,N,,,DA0B6C6E63BA9F9C4FA3835BC73E19BBF76CEC905F3685162614780DFA9FBAAE,CO,01,No,,,,,01,Dry,,,,,,,,
Property Damage Crashes,DA39730068,Prince George's County Police,Single Vehicle,Prince George's,Local,No,No,No,No,No,LEBANON ST,670,COUNTY ROAD,No,True,No,1/19/2025,No,Point,38.991295341,-76.987597051,PGCOPD,101,16,03,No,4,,04:50,2025,Sunday,27,Curb,03,Median,7,,,,NEW HAMPSHIRE AVE,,06,Non-Junction,03,Dark - Lighted,1/19/2025,2025-01-19,N,0,F,N,,,E7CAD3498C6DB1980A4005BCF233806A3E6B62792897102CEE0F061218622256,CO,01,No,,,,,01,Dry,,,,,,,,
Property Damage Crashes,DA4368001X,Prince George's County Police,Front to Rear,Prince George's,Minor Arterial,No,No,No,No,No,ALLENTOWN RD,337,MARYLAND ROUTE,No,True,No,5/7/2025,No,Point,38.806375940,-76.904035509,PGCOPD,03,16,03,No,1,,01:05,2025,Wednesday,12,Motor Vehicle In Transport,05,On Roadway,4,,,,,,99,Unknown,04,Dark - Not Lighted,5/7/2025,2025-05-07,E,38.51,F,N,,,951443DBCFE29E7094E3CACFDACC6F9CF71CE9BD6D2EF1399338DE861989DD3D,MD,01,No,,,,,01,Dry,,,,,,,,
Injury Crashes,DA4291004R,Prince George's County Police,"Sideswipe, Same Direction",Prince George's,Major Collector,No,Yes,No,No,No,PARKWOOD ST,210,COUNTY ROAD,No,True,No,3/6/2025,No,Point,38.932984504,-76.896643461,PGCOPD,07,16,02,No,16,,16:05,2025,Thursday,12,Motor Vehicle In Transport,05,On Roadway,5,,,,,,09,Through Roadway,01,Daylight,3/6/2025,2025-03-06,E,49.36,F,N,,,65800899C506702AF8AC892E79B96B9ADA36FE19660424DE419E92350385FFCF,CO,02,"Yes, School Bus Directly Involved",15,Parked Vehicle,05,On Roadway,01,Dry,,,,,,,,
Property Damage Crashes,DA4252005N,Prince George's County Police,Single Vehicle,Prince George's,Local,No,No,No,No,No,WALKER MILL DR,364,COUNTY ROAD,No,True,No,2/7/2025,No,Point,38.881512851,-76.863284839,PGCOPD,101,16,03,No,20,,20:09,2025,Friday,40,Tree (standing),05,On Roadway,7,,,,,,06,Non-Junction,04,Dark - Not Lighted,2/7/2025,2025-02-07,S,22.97,F,N,,,FF763686E3E951F04520EB6C192D353EB39AE780D7BFD73592E4C914684A5C8C,CO,01,No,,,,,01,Dry,,,,,,,,
Property Damage Crashes,DA3315004V,Prince George's County Police,Single Vehicle,Prince George's,Local,No,No,No,No,No,CONTEE RD,6,COUNTY ROAD,No,True,No,5/7/2025,No,Point,39.091176712,-76.885204580,PGCOPD,101,16,03,No,1,,01:41,2025,Wednesday,41,Utility Pole/Light Support,01,Gore,7,,,,,,09,Through Roadway,03,Dark - Lighted,5/7/2025,2025-05-07,S,82.55,F,N,,,A345E0489C8595B3D77BFFEED3AE1FCC592D394B4208CCFB21DA27142F7D7776,CO,01,No,,,,,09,Wet,,,,,,,,
Injury Crashes,DA364800C8,Prince George's County Police,Single Vehicle,Prince George's,Minor Arterial,No,No,No,No,No,WHITE HOUSE RD,97,COUNTY ROAD,No,True,No,2/13/2025,No,Point,38.871029516,-76.811644368,PGCOPD,101,16,02,No,21,,21:30,2025,Thursday,34,Mailbox,04,"Off-Roadway, Location Unknown",4,,,,,,09,Through Roadway,03,Dark - Lighted,2/13/2025,2025-02-13,S,10.44,F,N,,,46C601CAAC10AE5C4D24775F6FAD6FBDDAFF2E7FE0806A2E21E5CADEC1817E87,CO,01,No,40,Tree (standing),04,"Off-Roadway, Location Unknown",01,Dry,,,,,,,,
Property Damage Crashes,DA404800HF,Prince George's County Police,Angle,Prince George's,Local,No,No,No,No,No,LIVINGSTON RD,4524,COUNTY ROAD,No,True,No,5/20/2025,No,Point,38.758745840,-76.995781431,PGCOPD,01,16,03,Yes,15,,15:30,2025,Tuesday,12,Motor Vehicle In Transport,05,On Roadway,7,,,,,,03,Driveway Access or Related,01,Daylight,5/20/2025,2025-05-20,N,24.18,F,N,,,A4182C1189903EC8B6214165E69A2593AE6821E30C1F73ABC92C97C7ED074BC0,CO,01,No,,,,,01,Dry,,,,,,,,
Property Damage Crashes,DA35990055,Prince George's County Police,"Sideswipe, Opposite Direction",Prince George's,Major Collector,No,No,No,No,No,KONTERRA DR,206,MARYLAND ROUTE,No,True,No,1/30/2025,No,Point,39.064047513,-76.890574099,PGCOPD,06,16,03,No,10,,10:00,2025,Thursday,12,Motor Vehicle In Transport,05,On Roadway,5,,,,,,06,Non-Junction,01,Daylight,1/30/2025,2025-01-30,N,44.17,F,N,,,2C0F1B7D9EA3F7D0F170FE6D9E12DF0F8DB38069729DDED0B58D726918A4C4EE,MD,01,No,,,,,01,Dry,,,,,,,,
Property Damage Crashes,CE4515009V,Laurel Police Department,Front to Rear,Prince George's,Local,Yes,No,No,No,No,HARRISON DR,180,MUNICIPAL ROAD,No,True,No,4/13/2025,No,Point,39.098434082,-76.862611533,LAUREL,03,16,03,No,1,,01:52,2025,Sunday,15,Parked Vehicle,05,On Roadway,7,,,,,,06,Non-Junction,04,Dark - Not Lighted,4/13/2025,2025-04-13,W,205.2,F,N,,,45176ABC55A6B39FF1399E6DD3ECB88F49A0C0626FF6FD29F2B6F6EEAFB85982,MU,01,No,97,Not Applicable,,,01,Dry,,,,,,,,
Property Damage Crashes,DA43660025,Prince George's County Police,Front to Rear,Prince George's,Local,No,No,No,No,No,WALKER MILL DR,364,COUNTY ROAD,Yes,True,No,1/23/2025,No,Point,38.884759445,-76.868693107,PGCOPD,03,16,03,No,17,,17:20,2025,Thursday,15,Parked Vehicle,05,On Roadway,7,,,,,,09,Through Roadway,04,Dark - Not Lighted,1/23/2025,2025-01-23,N,17.48,F,N,,,522897A511496054841118881B4A1EFAFDE89897CF99A683EA62F07EE3A8FDBF,CO,01,No,,,,,06,Slush,,,,,,,,
Property Damage Crashes,DA3120005R,Prince George's County Police,Single Vehicle,Prince George's,Major Collector,No,No,No,No,No,ACCOKEEK RD,373,MARYLAND ROUTE,No,True,No,5/24/2025,No,Point,38.673763294,-76.965618612,PGCOPD,101,16,03,No,20,,20:23,2025,Saturday,41,Utility Pole/Light Support,01,Gore,5,,,,,,09,Through Roadway,04,Dark - Not Lighted,5/24/2025,2025-05-24,E,40.6,F,N,,,325F9479E26B199BFCE1E135CAF281E1C26F4326CD04E16A9482D974E4590A39,MD,01,No,,,,,01,Dry,,,,,,,,