Crash Severity Description,Reportnumber,Agencyname,CollisionImpact Description,Crash County Description,FunctionalClass Description,ImpairedCrash,Large Vehicle Involved,Motorcycle Crash,Non-Motorist Crash,OffRoad,RoadName,Route Number,RouteType Description,Unrestrained Occupants,WithinDateRange,Work Zone Related,Crashdate,Work Zone Crash,CrashPoint,Latitude,Longitude,AgencyCode,CollisionImpact,Crash County,Crash Severity,Crash Within Interchange,Crashhour,CrashInterchangeApproaches,Crashtime,CrashYear,Dayofweek,FirstHarmEvent,FirstHarmEvent Description,FirstHarmLocation,FirstHarmLocation Description,FunctionalClass,Geometry Description,GovPropertyDamage,GovPropertyDamage Description,IntersectingRoadName,Intersection Geometry,JunctionRelated,JunctionRelated Description,Light,Light Description,LOD Crash Date,LOD Date Level,MilepointDirection,MilepointDistance,MilepointUnits,NonTrafficFatal,OffroadLocation,OffroadLocation Description,RoadID,RouteType,SchoolBusRelated,SchoolBusRelated Description,SecondHarmEvent,SecondHarmEvent Description,SecondHarmLocation,SecondHarmLocation Description,Surface,Surface Description,TrafficControl,Trafficcontrol Description,WZLawEnforcementPresent,WZLocation,WZLocation Description,WZType,WZType Description,WZWorkersPresent
Property Damage Crashes,DA3896009G,Prince George's County Police,Angle,Prince George's,Local,No,No,No,No,No,RHODE ISLAND AVE,6699,COUNTY ROAD,No,True,No,3/21/2025,No,Point,39.037967564,-76.911250293,PGCOPD,01,16,03,Yes,5,04,05:16,2025,Friday,12,Motor Vehicle In Transport,05,On Roadway,7,Perpendicular,,,POWDER MILL RD,03,05,Intersection or Related,03,Dark - Lighted,3/21/2025,2025-03-21,N,0,F,N,,,2B3EEE2F5237BE50454CD289493F5E3DE30D0948B28D5B9609DFDD017256BB69,CO,01,No,,,,,01,Dry,01,Signalized,,,,,,
Injury Crashes,MSP6931015D,Maryland State Police,Single Vehicle,Prince George's,Interstate,No,No,Yes,No,No,RAMP 2 FR IS 95 WB TO MD 414 NB,95,RAMP,No,True,No,6/5/2025,No,Point,38.810659666,-76.964314507,MSP,101,16,02,No,9,,09:34,2025,Thursday,02,Fell Jumped from Motor Vehicle,09,Roadside,1,,,,,,06,Non-Junction,01,Daylight,6/5/2025,2025-06-05,W,44.89,F,N,,,C06D3B81119ECEA92520A32CF2F92575943FFADDA8CC9F6EE12B48FEC9246CB6,RP,01,No,,,,,01,Dry,,,,,,,,
Injury Crashes,DA37060056,Prince George's County Police,Single Vehicle,Prince George's,Minor Arterial,No,No,No,No,No,,564,MARYLAND ROUTE,No,True,No,2/28/2025,No,Point,38.964892670,-76.858651170,PGCOPD,101,16,02,No,11,,11:37,2025,Friday,27,Curb,09,Roadside,4,,,,,,09,Through Roadway,01,Daylight,2/28/2025,2025-02-28,W,25.91,F,N,,,8363DBD674F7E142E73D78C9DE48546E32F516127834A620CB4075EF200F300C,MD,01,No,,,,,01,Dry,,,,,,,,
Property Damage Crashes,DA33760026,Prince George's County Police,"Sideswipe, Same Direction",Prince George's,Principal Arterial – Other,No,No,No,No,No,UNIVERSITY BLVD,193,MARYLAND ROUTE,No,True,Yes,6/2/2025,Yes,Point,38.983885438,-76.971755455,PGCOPD,07,16,03,No,12,,12:30,2025,Monday,12,Motor Vehicle In Transport,05,On Roadway,3,,,,,,06,Non-Junction,01,Daylight,6/2/2025,2025-06-02,N,50.59,F,N,,,DA857C8167A0C31EE75997DBC8750224ADCE82C17A3DD70E99568448BDDB7C9B,MD,01,No,,,,,01,Dry,,,N,04,Activity Area,01,Lane Closure,No
Property Damage Crashes,DA4420001G,Prince George's County Police,Front to Rear,Prince George's,Major Collector,No,No,No,No,No,CEDARBROOK LA,2595,COUNTY ROAD,No,True,No,5/3/2025,No,Point,39.060536663,-76.851619895,PGCOPD,03,16,03,No,16,,16:15,2025,Saturday,12,Motor Vehicle In Transport,05,On Roadway,5,,,,,,06,Non-Junction,01,Daylight,5/3/2025,2025-05-03,N,9.32,F,N,,,0454D9CB195EE2E56BD050B5F7F6D0D23421DE1C7279014237FD1832332C56D1,CO,01,No,,,,,01,Dry,,,,,,,,
Property Damage Crashes,CBPD00980071,Bowie Police Department,Rear To Side,Prince George's,Local,No,No,No,No,No,MYRTLE AVE,1930,MUNICIPAL ROAD,No,True,No,1/23/2025,No,Point,39.006477873,-76.775145855,BOWIE,05,16,03,Yes,6,04,06:30,2025,Thursday,12,Motor Vehicle In Transport,05,On Roadway,7,Perpendicular,,,11TH ST,03,05,Intersection or Related,03,Dark - Lighted,1/23/2025,2025-01-23,W,0,F,N,,,D8F8A9FC5FB84F26EF605BBD7B5B4A73CB5EDDD5609007D185AD4D60D83C0C65,MU,01,No,12,Motor Vehicle In Transport,05,On Roadway,01,Dry,03,Stop - Partial,,,,,,
Injury Crashes,MSP7773001L,Maryland State Police,"Sideswipe, Same Direction",Prince George's,Interstate,No,No,No,No,No,CAPITAL BELTWAY,95,INTERSTATE ROUTE,No,True,No,3/19/2025,No,Point,38.988522370,-76.883066192,MSP,07,16,02,No,22,,22:00,2025,Wednesday,12,Motor Vehicle In Transport,05,On Roadway,1,,,,,,04,Entrance/Exit Ramp or Related,04,Dark - Not Lighted,3/19/2025,2025-03-19,W,19.1,F,N,,,ED8AEF236303CC458C95460F9F06C9B402D48106ACD85705612599439629F3BD,IS,01,No,,,,,01,Dry,,,,,,,,
Property Damage Crashes,MSP78710034,Maryland State Police,"Sideswipe, Same Direction",Prince George's,Interstate,No,No,No,No,No,CAPITAL BELTWAY (SB/L),95,INTERSTATE ROUTE,No,True,No,3/20/2025,No,Point,39.007092349,-76.899064541,MSP,07,16,03,No,0,,00:05,2025,Thursday,12,Motor Vehicle In Transport,05,On Roadway,1,,,,,,09,Through Roadway,03,Dark - Lighted,3/20/2025,2025-03-20,S,19.52,F,N,,,BB4F371818FE2E525B849EB7E24AE1D495C10D38DCFDE0888EE6218AF4717867,IS,01,No,,,,,01,Dry,,,,,,,,
Injury Crashes,MSP647600HY,Maryland State Police,"Sideswipe, Same Direction",Prince George's,Interstate,Yes,No,No,No,No,CAPITAL BELTWAY (SB/L),95,INTERSTATE ROUTE,No,True,No,4/11/2025,No,Point,38.911385901,-76.850046708,MSP,07,16,02,No,0,,00:37,2025,Friday,12,Motor Vehicle In Transport,05,On Roadway,1,,,,,,09,Through Roadway,03,Dark - Lighted,4/11/2025,2025-04-11,N,52.1,F,N,,,92ABA555EC71BD4012C7560656B8B29D436B6B5889FEC62B5A903CE5F9236379,IS,01,No,25,Concrete Traffic Barrier,03,Median,09,Wet,,,,,,,,
Injury Crashes,DA4342003W,Prince George's County Police,Angle,Prince George's,Principal Arterial – Other,No,No,No,No,No,MARTIN LUTHER KING JR HWY,704,MARYLAND ROUTE,No,True,No,2/6/2025,No,Point,38.920753246,-76.877920293,PGCOPD,01,16,02,Yes,17,03,17:30,2025,Thursday,12,Motor Vehicle In Transport,05,On Roadway,3,Perpendicular,,,GREENLEAF RD,03,05,Intersection or Related,101,Dusk,2/6/2025,2025-02-06,S,0,F,N,,,C642EDF095DC965EF62C999BBC75F240F2A8F5A37636A149B33A0246BFE9D2CA,MD,01,No,,,,,01,Dry,01,Signalized,,,,,,
Property Damage Crashes,MSP743900LR,Maryland State Police,Front to Rear,Prince George's,Interstate,No,No,No,No,No,CAPITAL BELTWAY,95,INTERSTATE ROUTE,No,True,No,1/15/2025,No,Point,38.932536813,-76.854643358,MSP,03,16,03,No,7,,07:15,2025,Wednesday,12,Motor Vehicle In Transport,05,On Roadway,1,,,,,,09,Through Roadway,01,Daylight,1/15/2025,2025-01-15,S,15.45,F,N,,,C1595E2254F50DA424DBC818208F546938E30C5C882EFDA610A911BA52EAFC56,IS,01,No,,,,,01,Dry,,,,,,,,
Property Damage Crashes,DA392000CM,Prince George's County Police,Other,Prince George's,Major Collector,No,No,No,No,No,RIVERDALE RD,302,COUNTY ROAD,No,True,No,5/23/2025,No,Point,38.964284739,-76.894769324,PGCOPD,98,16,03,No,16,,16:30,2025,Friday,12,Motor Vehicle In Transport,05,On Roadway,5,,,,,,03,Driveway Access or Related,01,Daylight,5/23/2025,2025-05-23,E,9.04,F,N,,,8162B3CFEF569D731CF984221AC66044F782729D85EEE9B813DDA3A55872D5B4,CO,01,No,,,,,01,Dry,,,,,,,,
Property Damage Crashes,CBPD00320097,Bowie Police Department,Front to Rear,Prince George's,Minor Arterial,No,No,No,No,No,LAUREL BOWIE RD,197,MARYLAND ROUTE,No,True,No,3/15/2025,No,Point,38.984680954,-76.757252185,BOWIE,03,16,03,No,15,,15:20,2025,Saturday,12,Motor Vehicle In Transport,05,On Roadway,4,,,,,,09,Through Roadway,01,Daylight,3/15/2025,2025-03-15,N,29.46,F,N,,,85C182CFC1F86FFF09EA11F3E2D2F0C2A3EA23962C6817151305E723004DEBB0,MD,01,No,12,Motor Vehicle In Transport,05,On Roadway,01,Dry,,,,,,,,
Injury Crashes,DA4363000V,Prince George's County Police,Front to Rear,Prince George's,Minor Arterial,No,No,No,No,No,ANNAPOLIS RD (WB/L),450,MARYLAND ROUTE,No,True,No,3/26/2025,No,Point,38.964825325,-76.849124669,PGCOPD,03,16,02,No,13,,13:55,2025,Wednesday,12,Motor Vehicle In Transport,05,On Roadway,4,,,,,,09,Through Roadway,01,Daylight,3/26/2025,2025-03-26,E,35.82,F,N,,,139A00CE05516561CF5FD8058D3CADC780F7119F3252FD35CB170415F8137AE3,MD,01,No,,,,,01,Dry,,,,,,,,
Property Damage Crashes,DA3377005C,Prince George's County Police,"Sideswipe, Same Direction",Prince George's,,Yes,No,No,No,No,,416,COUNTY ROAD,No,True,No,4/6/2025,No,Point,38.715470598,-77.008175864,PGCOPD,07,16,03,Yes,20,03,20:03,2025,Sunday,12,Motor Vehicle In Transport,05,On Roadway,,Perpendicular,,,ST ANDREWS DR (EB/L) ST ANDREWS DR E,03,05,Intersection or Related,03,Dark - Lighted,4/6/2025,2025-04-06,S,0,F,N,,,F454E20DAE2227DEB22087CB7B482BA09011D1B079AE059650872433A1746D53,CO,01,No,30,Fence,04,"Off-Roadway, Location Unknown",01,Dry,05,No Controls,,,,,,
Property Damage Crashes,MSP745800QX,Maryland State Police,Single Vehicle,Prince George's,Principal Arterial – Other,No,No,No,No,No,CRAIN HWY,301,UNITED STATE ROUTE,No,True,No,3/24/2025,No,Point,38.897824852,-76.718175037,MSP,101,16,03,No,9,,09:29,2025,Monday,09,Animal (live),05,On Roadway,3,,,,,,01,Acceleration/Deceleration Lane,01,Daylight,3/24/2025,2025-03-24,S,124.79,F,N,,,EB089DFE87C81700A4E3F567B078568FA4E962E94DFB1D70E8FCF9384921D599,US,01,No,,,,,09,Wet,,,,,,,,
Property Damage Crashes,DA3985004S,Prince George's County Police,"Sideswipe, Opposite Direction",Prince George's,Minor Arterial,No,No,No,No,No,,223,MARYLAND ROUTE,No,True,No,4/21/2025,No,Point,38.763000192,-76.909519362,PGCOPD,06,16,03,No,21,,21:40,2025,Monday,12,Motor Vehicle In Transport,06,"On Shoulder, Left Side",4,,,,,,06,Non-Junction,04,Dark - Not Lighted,4/21/2025,2025-04-21,E,11.24,F,N,,,9713968A4DEA8D871572C1C4D3E97E641578B7315EB02F36F02F04EA76B75910,MD,01,No,12,Motor Vehicle In Transport,05,On Roadway,01,Dry,,,,,,,,
Property Damage Crashes,DA4425000G,Prince George's County Police,Front to Front,Prince George's,Major Collector,No,Yes,No,No,No,HILL RD,360,COUNTY ROAD,Yes,True,No,4/12/2025,No,Point,38.901388305,-76.885042224,PGCOPD,02,16,03,No,20,,20:15,2025,Saturday,12,Motor Vehicle In Transport,05,On Roadway,5,,,,,,99,Unknown,05,Dark - Unknown Lighting,4/12/2025,2025-04-12,W,37.1,F,N,,,4275301C9C939D7D84D1E2CCD24B461B39E1BA5782CB927448E8A0197239B8EE,CO,01,No,,,,,01,Dry,,,,,,,,
Property Damage Crashes,DA4381002K,Prince George's County Police,Front to Rear,Prince George's,,No,No,No,No,Yes,,,,Yes,True,No,2/1/2025,No,Point,38.940123594,-76.908084319,PGCOPD,03,16,03,,12,,12:45,2025,Saturday,12,Motor Vehicle In Transport,05,On Roadway,,,,,,,,,01,Daylight,2/1/2025,2025-02-01,,,F,N,102,Parking Lot Way,,,01,No,,,,,,,,,,,,,,
Injury Crashes,MSP7843003N,Maryland State Police,Front to Front,Prince George's,Principal Arterial – Other Freeways and Expressways,Yes,No,No,No,No,RAMP 5 FR MD 410 SB TO RAMP 4 (TO US 50),50,RAMP,No,True,No,5/25/2025,No,Point,38.942702561,-76.880275181,MSP,02,16,02,No,2,,02:42,2025,Sunday,12,Motor Vehicle In Transport,05,On Roadway,2,,,,,,06,Non-Junction,04,Dark - Not Lighted,5/25/2025,2025-05-25,W,23.38,F,N,,,AD0000837B4E9F7F2EA6C46B98E30134359DA3F96BCC1DDA2BDBCF281C62DFB4,RP,01,No,,,,,01,Dry,,,,,,,,
Property Damage Crashes,DA3372004C,Prince George's County Police,Front to Front,Prince George's,,No,No,No,No,No,,193,PRIVATE ROAD,No,True,No,4/26/2025,No,Point,38.767085077,-76.988887244,PGCOPD,02,16,03,No,12,,12:37,2025,Saturday,12,Motor Vehicle In Transport,05,On Roadway,,,,,PALMER RD,,06,Non-Junction,01,Daylight,4/26/2025,2025-04-26,N,5.16,F,N,,,25ABFE44CF130644991126157B0D61B294BE5A920705C52BDEDBF42B4FEBAC0F,PV,01,No,,,,,01,Dry,,,,,,,,
Property Damage Crashes,DA391000BY,Prince George's County Police,Front to Rear,Prince George's,Minor Arterial,No,No,No,No,No,RIGGS RD,212,MARYLAND ROUTE,No,True,No,5/3/2025,No,Point,38.982861460,-76.979306915,PGCOPD,03,16,03,No,21,,21:16,2025,Saturday,12,Motor Vehicle In Transport,05,On Roadway,4,,,,,,09,Through Roadway,03,Dark - Lighted,5/3/2025,2025-05-03,E,46.2,F,N,,,C56BBDC1F7B9853984BC8C63C3279383A9F7AED9346E6A1ED5B6D4CE91B3C429,MD,01,No,,,,,01,Dry,,,,,,,,
Injury Crashes,AM0342008H,Bladensburg Police Department,Other,Prince George's,Minor Arterial,No,No,Yes,No,No,ANNAPOLIS RD (WB/L),450,MARYLAND ROUTE,No,True,No,2/9/2025,No,Point,38.938876755,-76.923486517,BLADENSBURG,98,16,02,Yes,15,,15:50,2025,Sunday,12,Motor Vehicle In Transport,05,On Roadway,4,,,,,,02,Crossover-Related,01,Daylight,2/9/2025,2025-02-09,N,15.06,F,N,,,EE3B72B81F511F2846999A53867F221F78D4F714F3C4215FA7AA65AE45318E1E,MD,01,No,12,Motor Vehicle In Transport,05,On Roadway,01,Dry,,,,,,,,
Injury Crashes,AZ1730002R,Cheverly Police Department,Front to Rear,Prince George's,Principal Arterial – Other,No,No,No,No,No,LANDOVER RD,202,MARYLAND ROUTE,No,True,No,4/26/2025,No,Point,38.932331567,-76.902088548,CHEVERLY,03,16,02,No,21,04,21:29,2025,Saturday,12,Motor Vehicle In Transport,05,On Roadway,3,Perpendicular,,,KILMER ST,03,05,Intersection or Related,03,Dark - Lighted,4/26/2025,2025-04-26,S,0,F,N,,,5B50F275285AA5F9DD4EA9A5CEF33CC7E5C969404856523B5E10170D35DF4CF2,MD,01,No,,,,,01,Dry,01,Signalized,,,,,,
Property Damage Crashes,DA44140005,Prince George's County Police,Front to Rear,Prince George's,Principal Arterial – Other,No,No,No,No,No,ST BARNABAS RD (WB/L),414,MARYLAND ROUTE,No,True,No,1/26/2025,No,Point,38.806136971,-76.973378057,PGCOPD,03,16,03,No,12,,12:30,2025,Sunday,12,Motor Vehicle In Transport,05,On Roadway,3,,,,,,06,Non-Junction,01,Daylight,1/26/2025,2025-01-26,E,73.63,F,N,,,86395A349E530DD3789B551BD61D850D2885AEE99FEAD9081CB397D976D22EC3,MD,01,No,,,,,01,Dry,,,,,,,,
Property Damage Crashes,DA3707004P,Prince George's County Police,Front to Rear,Prince George's,Principal Arterial – Other,No,No,No,No,No,MARTIN LUTHER KING JR HWY (WB/L),704,MARYLAND ROUTE,No,True,No,2/15/2025,No,Point,38.949413269,-76.840198295,PGCOPD,03,16,03,No,8,,08:37,2025,Saturday,12,Motor Vehicle In Transport,05,On Roadway,3,,,,,,09,Through Roadway,01,Daylight,2/15/2025,2025-02-15,S,10.85,F,N,,,508EC8784FDE5D8FF0993D1463BFF0449F4623849459E31A5E868D78E09DAB10,MD,01,No,,,,,01,Dry,,,,,,,,
Property Damage Crashes,DA3223004D,Prince George's County Police,"Sideswipe, Same Direction",Prince George's,Major Collector,No,No,No,No,No,OLD FORT RD,118,COUNTY ROAD,No,True,No,3/28/2025,No,Point,38.712667568,-76.990014391,PGCOPD,07,16,03,No,9,03,09:10,2025,Friday,12,Motor Vehicle In Transport,05,On Roadway,5,Perpendicular,,,INDIAN HEAD HWY (SB/L),03,05,Intersection or Related,01,Daylight,3/28/2025,2025-03-28,S,0,F,N,,,DB2FE445188D788CDC62C0A0254B39653563C485A5190707DE1B5FF4F2ADE40A,CO,01,No,,,,,01,Dry,01,Signalized,,,,,,
Property Damage Crashes,MSP726800H9,Maryland State Police,Front to Rear,Prince George's,Interstate,No,No,No,No,No,CAPITAL BELTWAY,95,INTERSTATE ROUTE,No,True,No,4/21/2025,No,Point,38.792774978,-77.029741899,MSP,03,16,03,No,7,,07:45,2025,Monday,12,Motor Vehicle In Transport,05,On Roadway,1,,,,,,06,Non-Junction,01,Daylight,4/21/2025,2025-04-21,W,47.9,F,N,,,0E03B18C5CD29A7570895424E809C23D7FBE89185E335B6DCA7176FD92B76352,IS,01,No,12,Motor Vehicle In Transport,05,On Roadway,01,Dry,,,,,,,,
Injury Crashes,CNC31850014,New Carrollton Police Department,Front to Front,Prince George's,Principal Arterial – Other,No,No,No,No,No,VETERANS PKWY,410,MARYLAND ROUTE,No,True,No,3/30/2025,No,Point,38.954059600,-76.887997029,NCPD,02,16,02,No,5,,05:28,2025,Sunday,12,Motor Vehicle In Transport,05,On Roadway,3,,,,,,06,Non-Junction,03,Dark - Lighted,3/30/2025,2025-03-30,N,19.83,F,N,,,57E129A2A70C7039D78245AE3B9304F231A2D91EB761D23792AF1B54DB5E9963,MD,01,No,,,,,01,Dry,,,,,,,,
Injury Crashes,DA42490073,Prince George's County Police,Front to Rear,Prince George's,Minor Arterial,No,No,No,No,No,SHERIFF RD,75,COUNTY ROAD,No,True,No,5/21/2025,No,Point,38.907572638,-76.901469649,PGCOPD,03,16,02,No,7,03,07:32,2025,Wednesday,12,Motor Vehicle In Transport,05,On Roadway,4,Angled/Skewed,,,,01,05,Intersection or Related,01,Daylight,5/21/2025,2025-05-21,W,0,F,N,,,28312F718036E034BBC9FDEADC95380381A22B807A9CC185DFA8E457F338AA0D,CO,01,No,,,,,09,Wet,01,Signalized,,,,,,
Property Damage Crashes,RD0135000D,Riverdale Park Police Department,Single Vehicle,Prince George's,,No,No,No,No,Yes,,,,No,True,No,4/5/2025,No,Point,38.957859439,-76.918741292,RIVERDALE,101,16,03,,18,,18:01,2025,Saturday,35,"Other Fixed Object (wall, building, tunnel, etc.)",02,In Parking Lane Or Zone,,,,,,,,,01,Daylight,4/5/2025,2025-04-05,,,F,N,102,Parking Lot Way,,,01,No,,,,,,,,,,,,,,
Injury Crashes,MDTA20300004,Maryland Transportation Authority Police,Front to Rear,Prince George's,Principal Arterial – Other Freeways and Expressways,No,No,No,No,No,RAMP 6 FR MD 200 EB TO KONTERRA DR,200,RAMP,No,True,No,4/23/2025,No,Point,39.067085508,-76.894464201,MDTA,03,16,02,No,17,,17:51,2025,Wednesday,12,Motor Vehicle In Transport,05,On Roadway,2,,101,State,,,01,Acceleration/Deceleration Lane,01,Daylight,4/23/2025,2025-04-23,N,29.62,F,N,,,2761E6FE696148E9D86712CC336654D327BD1269E914BDF6C16E8FDC5E9C9812,RP,01,No,32,Guardrail Face,07,"On Shoulder, Right Side",01,Dry,,,,,,,,
Property Damage Crashes,DA281000GG,Prince George's County Police,Rear To Side,Prince George's,Minor Arterial,No,No,No,No,No,,564,MARYLAND ROUTE,No,True,No,5/16/2025,No,Point,38.975982903,-76.839706320,PGCOPD,05,16,03,Yes,16,02,16:53,2025,Friday,12,Motor Vehicle In Transport,05,On Roadway,4,Perpendicular,,,98TH AVE,03,05,Intersection or Related,01,Daylight,5/16/2025,2025-05-16,E,0,F,N,,,EEFE89C10154798D5AD86B5759A0C5F427AD615818FA304E7AB16D9E3326E223,MD,01,No,,,,,01,Dry,03,Stop - Partial,,,,,,
Property Damage Crashes,MSP7875001L,Maryland State Police,Front to Rear,Prince George's,Principal Arterial – Other Freeways and Expressways,No,No,No,No,No,BRANCH AVE,5,MARYLAND ROUTE,No,True,No,1/26/2025,No,Point,38.729647333,-76.881360183,MSP,03,16,03,No,21,,21:13,2025,Sunday,12,Motor Vehicle In Transport,05,On Roadway,2,,,,,,06,Non-Junction,04,Dark - Not Lighted,1/26/2025,2025-01-26,N,14.3,F,N,,,A0A6EEAAC41A13A4106DC12BB911766204FE63FAA1D6F0B2E52FD3BB5C27DEA6,MD,01,No,,,,,01,Dry,,,,,,,,
Property Damage Crashes,GK0036000F,Upper Marlboro Police Department,"Sideswipe, Opposite Direction",Prince George's,Minor Arterial,No,No,No,No,No,MARLBORO PIKE,725,MARYLAND ROUTE,No,True,No,2/24/2025,No,Point,38.819243943,-76.747498397,UMARLBORO,06,16,03,No,16,,16:45,2025,Monday,12,Motor Vehicle In Transport,05,On Roadway,4,,,,,,06,Non-Junction,01,Daylight,2/24/2025,2025-02-24,S,30.38,F,N,,,AE8C9B52210B442CB9DBFAAF266F3DB0A165A04458F6E666A09147A43DB19891,MD,01,No,12,Motor Vehicle In Transport,05,On Roadway,01,Dry,,,,,,,,
Property Damage Crashes,DA43010043,Prince George's County Police,Front to Rear,Prince George's,Principal Arterial – Other Freeways and Expressways,No,No,No,No,No,INDIAN HEAD HWY (SB/L),210,MARYLAND ROUTE,No,True,No,5/19/2025,No,Point,38.752957468,-76.993560742,PGCOPD,03,16,03,No,0,,00:49,2025,Monday,12,Motor Vehicle In Transport,05,On Roadway,2,,,,,,06,Non-Junction,03,Dark - Lighted,5/19/2025,2025-05-19,N,974.2,F,N,,,56F3115A0267560F99825771DF9379EF459015074BDEE5151FD3775E4B4342FD,MD,01,No,,,,,01,Dry,,,,,,,,
Injury Crashes,MSP745300CC,Maryland State Police,Single Vehicle,Prince George's,,No,No,No,No,No,,50,UNITED STATE ROUTE,No,True,No,5/31/2025,No,Point,38.953371468,-76.726999082,MSP,101,16,02,No,15,,15:13,2025,Saturday,32,Guardrail Face,09,Roadside,,,101,State,,,06,Non-Junction,01,Daylight,5/31/2025,2025-05-31,W,26.09,F,N,,,CDBAC413B79DB7C8466F593E2AB81955821F7EADD98836B9BBCB22326395E07C,US,01,No,,,,,09,Wet,,,,,,,,
Property Damage Crashes,DA4308004G,Prince George's County Police,Angle,Prince George's,Principal Arterial – Other,No,No,No,No,No,BRANCH AVE,5,MARYLAND ROUTE,No,True,No,3/21/2025,No,Point,38.839500868,-76.946402864,PGCOPD,01,16,03,Yes,23,04,23:51,2025,Friday,12,Motor Vehicle In Transport,05,On Roadway,3,Perpendicular,,,SILVER HILL RD (SB/L),03,05,Intersection or Related,03,Dark - Lighted,3/21/2025,2025-03-21,N,0,F,N,,,BA31372246FAE3CBDD05463F82EF55B43684DDFA0B27F6571FD9F2E6DD0CB0EE,MD,01,No,,,,,01,Dry,01,Signalized,,,,,,
Property Damage Crashes,DA4308004S,Prince George's County Police,Front to Rear,Prince George's,Principal Arterial – Other,No,No,No,No,No,ST BARNABAS RD,414,MARYLAND ROUTE,No,True,No,5/22/2025,No,Point,38.814299780,-76.964320795,PGCOPD,03,16,03,No,16,,16:10,2025,Thursday,12,Motor Vehicle In Transport,05,On Roadway,3,,,,,,06,Non-Junction,01,Daylight,5/22/2025,2025-05-22,E,28.41,F,N,,,F75354B362983273A54CB7A3396A76E69BEB3ED4FB2D667F60ABCC616C2C11DF,MD,01,No,,,,,01,Dry,,,,,,,,
Property Damage Crashes,DA44240015,Prince George's County Police,"Sideswipe, Same Direction",Prince George's,Local,No,No,No,No,No,NOVA AVE,272,COUNTY ROAD,No,True,No,6/5/2025,No,Point,38.869158292,-76.932326290,PGCOPD,07,16,03,No,18,,18:00,2025,Thursday,12,Motor Vehicle In Transport,05,On Roadway,7,,,,,,06,Non-Junction,01,Daylight,6/5/2025,2025-06-05,W,41.82,F,N,,,5CE55AFC9924D2AED0536763E74873B3DC1BF18B085B47A9405B310D0DA627F6,CO,01,No,,,,,01,Dry,,,,,,,,
Property Damage Crashes,DA3804008R,Prince George's County Police,Angle,Prince George's,Principal Arterial – Other,No,No,No,No,No,,1,UNITED STATE ROUTE,No,True,No,2/23/2025,No,Point,39.030593641,-76.913544269,PGCOPD,01,16,03,No,17,,17:29,2025,Sunday,12,Motor Vehicle In Transport,05,On Roadway,3,,,,,,06,Non-Junction,01,Daylight,2/23/2025,2025-02-23,S,16.66,F,N,,,37B1088FF8A8C5FC496750458ACF10B57E3323E041440086F9C9F5174AE5DA61,US,01,No,,,,,01,Dry,,,,,,,,
Property Damage Crashes,DA3476004W,Prince George's County Police,Angle,Prince George's,Principal Arterial – Other,No,No,No,No,No,BALTIMORE AVE,1,UNITED STATE ROUTE,No,True,No,4/8/2025,No,Point,39.003507259,-76.930646401,PGCOPD,01,16,03,No,16,02,16:09,2025,Tuesday,12,Motor Vehicle In Transport,05,On Roadway,3,Angled/Skewed,,,CHEROKEE ST #2,01,05,Intersection or Related,01,Daylight,4/8/2025,2025-04-08,E,0,F,N,,,A9736B05D70A43B50F2333138A5986B796382B33A054A81DCC47E25470221AF0,US,01,No,,,,,01,Dry,01,Signalized,,,,,,
Property Damage Crashes,CNC31850010,New Carrollton Police Department,Front to Rear,Prince George's,,No,No,No,No,No,,186,SPUR,Yes,True,No,2/19/2025,No,Point,38.956041480,-76.872859673,NCPD,03,16,03,No,13,,13:15,2025,Wednesday,12,Motor Vehicle In Transport,05,On Roadway,,,,,,,01,Acceleration/Deceleration Lane,01,Daylight,2/19/2025,2025-02-19,S,36.04,F,N,,,F8C394FDAD322FD63E3CE429A06F992EAF09E82CF3A7960C5742F0BBD94637DE,SP,01,No,,,,,01,Dry,,,,,,,,
Property Damage Crashes,MSP5164000Y,Maryland State Police,"Sideswipe, Same Direction",Prince George's,,No,No,No,No,No,,50,UNITED STATE ROUTE,No,True,No,1/5/2025,No,Point,38.954963412,-76.717412643,MSP,07,16,03,No,22,,22:59,2025,Sunday,12,Motor Vehicle In Transport,05,On Roadway,,,,,,,06,Non-Junction,03,Dark - Lighted,1/5/2025,2025-01-05,N,1.68,F,N,,,DD117C566EC1F950B46740A9212E0D95D5EE3D3767C46383807BD57D5393C03C,US,01,No,,,,,01,Dry,,,,,,,,
Property Damage Crashes,DA379700CN,Prince George's County Police,Front to Rear,Prince George's,Principal Arterial – Other,No,No,No,No,No,MARTIN LUTHER KING JR HWY (WB/L),704,MARYLAND ROUTE,No,True,No,5/12/2025,No,Point,38.910165947,-76.891398496,PGCOPD,03,16,03,No,9,,09:45,2025,Monday,12,Motor Vehicle In Transport,05,On Roadway,3,,,,,,06,Non-Junction,01,Daylight,5/12/2025,2025-05-12,N,26.97,F,N,,,995DFD0ADB91B08ABA56AC4C62CDFA830325C35D66DB3C9E2ACF613C54B722C4,MD,01,No,,,,,01,Dry,,,,,,,,