Crash Severity Description,Reportnumber,Agencyname,CollisionImpact Description,Crash County Description,FunctionalClass Description,ImpairedCrash,Large Vehicle Involved,Motorcycle Crash,Non-Motorist Crash,OffRoad,RoadName,Route Number,RouteType Description,Unrestrained Occupants,WithinDateRange,Work Zone Related,Crashdate,Work Zone Crash,CrashPoint,Latitude,Longitude,AgencyCode,CollisionImpact,Crash County,Crash Severity,Crash Within Interchange,Crashhour,CrashInterchangeApproaches,Crashtime,CrashYear,Dayofweek,FirstHarmEvent,FirstHarmEvent Description,FirstHarmLocation,FirstHarmLocation Description,FunctionalClass,Geometry Description,GovPropertyDamage,GovPropertyDamage Description,IntersectingRoadName,Intersection Geometry,JunctionRelated,JunctionRelated Description,Light,Light Description,LOD Crash Date,LOD Date Level,MilepointDirection,MilepointDistance,MilepointUnits,NonTrafficFatal,OffroadLocation,OffroadLocation Description,RoadID,RouteType,SchoolBusRelated,SchoolBusRelated Description,SecondHarmEvent,SecondHarmEvent Description,SecondHarmLocation,SecondHarmLocation Description,Surface,Surface Description,TrafficControl,Trafficcontrol Description,WZLawEnforcementPresent,WZLocation,WZLocation Description,WZType,WZType Description,WZWorkersPresent
Property Damage Crashes,DA3223004P,Prince George's County Police,Single Vehicle,Prince George's,Major Collector,No,No,No,No,No,STEED RD,120,COUNTY ROAD,No,True,No,5/9/2025,No,Point,38.758517855,-76.941851305,PGCOPD,101,16,03,No,21,,21:59,2025,Friday,41,Utility Pole/Light Support,09,Roadside,5,,,,,,09,Through Roadway,03,Dark - Lighted,5/9/2025,2025-05-09,N,51.63,F,N,,,3A553D22629F1AD9A5EFFE4978029F6A6C0CE5EA06EA16D0EF7E838D5F8C5093,CO,01,No,28,Ditch,09,Roadside,01,Dry,,,,,,,,
Injury Crashes,DA3988009W,Prince George's County Police,Single Vehicle,Prince George's,Major Collector,No,No,No,No,No,GLENN DALE RD,953,MARYLAND ROUTE,No,True,No,1/20/2025,No,Point,38.962627617,-76.813484367,PGCOPD,101,16,02,Yes,19,,19:49,2025,Monday,07,Overturn/Rollover,07,"On Shoulder, Right Side",5,,,,,,09,Through Roadway,04,Dark - Not Lighted,1/20/2025,2025-01-20,W,9.28,F,N,,,014ACD5CD42A19FE7CAB7E49106E00FB6DD6C946C86D2844411F36572244B7E1,MD,01,No,,,,,02,Ice/Frost,,,,,,,,
Property Damage Crashes,BW01930018,Greenbelt Police Department,Front to Rear,Prince George's,Principal Arterial – Other,No,No,No,No,No,GREENBELT RD (WB/L),193,MARYLAND ROUTE,No,True,No,1/29/2025,No,Point,38.996363915,-76.900031292,GREENBELT,03,16,03,Yes,18,02,18:41,2025,Wednesday,12,Motor Vehicle In Transport,05,On Roadway,3,Angled/Skewed,,,KENILWORTH AVE,01,05,Intersection or Related,03,Dark - Lighted,1/29/2025,2025-01-29,E,0,F,N,,,FE587EF6CA9355EFB165FD6E1AEA7521836659DCE6C36B6A8D083279D91D5316,MD,01,No,12,Motor Vehicle In Transport,05,On Roadway,01,Dry,01,Signalized,,,,,,
Property Damage Crashes,MSP732800JZ,Maryland State Police,"Sideswipe, Same Direction",Prince George's,Principal Arterial – Other Freeways and Expressways,No,No,No,No,No,JOHN HANSON HWY,50,UNITED STATE ROUTE,No,True,No,1/18/2025,No,Point,38.918613304,-76.938279322,MSP,07,16,03,No,2,,02:23,2025,Saturday,12,Motor Vehicle In Transport,07,"On Shoulder, Right Side",2,,,,,,06,Non-Junction,04,Dark - Not Lighted,1/18/2025,2025-01-18,W,23.71,F,N,,,E4901D4AF0E4478C916C80A9AEAB80D477D2F974BB06B3A4CB5CC2302FA943A4,US,01,No,28,Ditch,03,Median,01,Dry,,,,,,,,
Property Damage Crashes,CC026200CX,Hyattsville Police Department,Other,Prince George's,Major Collector,No,No,No,No,No,BELCREST RD (SB/L),5678,COUNTY ROAD,No,True,No,1/3/2025,No,Point,38.969897453,-76.953998605,HYATTSVILLE,98,16,03,Yes,18,04,18:37,2025,Friday,12,Motor Vehicle In Transport,05,On Roadway,5,Angled/Skewed,,,TOLEDO RD,01,05,Intersection or Related,03,Dark - Lighted,1/3/2025,2025-01-03,N,0,F,N,,,D86EA3A8CBBEC4F8AED86E182C3AED9B4428FDDC6FA27724CC86E960FCDD358F,CO,01,No,12,Motor Vehicle In Transport,05,On Roadway,01,Dry,01,Signalized,,,,,,
Injury Crashes,DA402900J8,Prince George's County Police,Angle,Prince George's,Minor Arterial,No,No,No,No,No,GARRETT A MORGAN BLVD (SB/L),5730,COUNTY ROAD,No,True,No,6/7/2025,No,Point,38.895860657,-76.866097452,PGCOPD,01,16,02,Yes,18,02,18:38,2025,Saturday,12,Motor Vehicle In Transport,05,On Roadway,4,Perpendicular,,,GIBBS WAY,03,05,Intersection or Related,01,Daylight,6/7/2025,2025-06-07,E,0,F,N,,,E602A04AA9CA65BD69684D88D1359EE1B20F58A4D2BCF199FB6D802E5855A105,CO,01,No,12,Motor Vehicle In Transport,05,On Roadway,01,Dry,01,Signalized,,,,,,
Property Damage Crashes,MSP7657007V,Maryland State Police,"Sideswipe, Same Direction",Prince George's,Principal Arterial – Other,No,No,No,No,No,CRAIN HWY,301,UNITED STATE ROUTE,No,True,No,4/7/2025,No,Point,38.848384067,-76.72620515,MSP,07,16,03,No,9,,09:15,2025,Monday,12,Motor Vehicle In Transport,05,On Roadway,3,,,,,,06,Non-Junction,01,Daylight,4/7/2025,2025-04-07,W,26.25,F,N,,,52836CAAD4AC566AA41D4D518E04FF03C60A6CABF9936044154C8A3941152CBC,US,01,No,28,Ditch,09,Roadside,09,Wet,,,,,,,,
Property Damage Crashes,AT1037000F,Capitol Heights Police Department,Unknown,Prince George's,Principal Arterial – Other,No,Yes,No,No,No,WALKER MILL RD,367,COUNTY ROAD,No,True,No,4/16/2025,No,Point,38.865296371,-76.893170960,CAPITOLHEIGHTS,99,16,03,No,18,,18:03,2025,Wednesday,97,Not Applicable,99,Unknown,3,,,,,,09,Through Roadway,01,Daylight,4/16/2025,2025-04-16,E,11.99,F,N,,,338BBF299136269B014F13BB7290E5C5DAB8CEEEA6C7E6F3DD6B070D77C557E5,CO,01,No,,,,,01,Dry,,,,,,,,
Property Damage Crashes,MSP546601S5,Maryland State Police,"Sideswipe, Same Direction",Prince George's,Principal Arterial – Other,No,No,No,No,No,CENTRAL AVE,214,MARYLAND ROUTE,No,True,No,3/17/2025,No,Point,38.899579526,-76.794692144,MSP,07,16,03,Yes,19,,19:45,2025,Monday,12,Motor Vehicle In Transport,05,On Roadway,3,,,,,,09,Through Roadway,03,Dark - Lighted,3/17/2025,2025-03-17,W,32.67,F,N,,,5D7F79C70FD38C1DCEECBCE83AD4BCE246986B95064DE81AB6EFCB3ACFD4DC75,MD,01,No,,,,,01,Dry,,,,,,,,
Injury Crashes,DA44270006,Prince George's County Police,Single Vehicle,Prince George's,Major Collector,No,No,No,No,No,BROOKS DR,2828,COUNTY ROAD,No,True,No,1/18/2025,No,Point,38.852286295,-76.920164594,PGCOPD,101,16,02,No,19,,19:20,2025,Saturday,41,Utility Pole/Light Support,09,Roadside,5,,,,,,06,Non-Junction,03,Dark - Lighted,1/18/2025,2025-01-18,E,22.31,F,N,,,8918C233D3C8D0CC4FDA80AEAD3E4D813DA1BB02FB1AD61C40F9FF2ADF0A789D,CO,01,No,97,Not Applicable,,,01,Dry,,,,,,,,
Property Damage Crashes,DA371200FJ,Prince George's County Police,"Sideswipe, Same Direction",Prince George's,Local,No,No,No,No,No,NOVA AVE,272,COUNTY ROAD,No,True,No,2/4/2025,No,Point,38.869143314,-76.926491439,PGCOPD,07,16,03,No,19,,19:35,2025,Tuesday,15,Parked Vehicle,09,Roadside,7,,,,,,06,Non-Junction,04,Dark - Not Lighted,2/4/2025,2025-02-04,W,17.56,F,N,,,ADC09AB49F0B431961EF281301373665D9E93ECF80D35CF8E5725045818CD1DC,CO,01,No,,,,,01,Dry,,,,,,,,
Property Damage Crashes,MSP744200S4,Maryland State Police,Single Vehicle,Prince George's,Principal Arterial – Other,No,Yes,No,No,No,,1,UNITED STATE ROUTE,Yes,True,No,4/8/2025,No,Point,38.967162042,-76.938720486,MSP,101,16,03,Yes,14,,14:12,2025,Tuesday,41,Utility Pole/Light Support,09,Roadside,3,,101,State,,,09,Through Roadway,01,Daylight,4/8/2025,2025-04-08,N,12.35,F,N,,,406D1FDBC7860A060607B381E822066D5329F25E5BF336FAFED6EDB4B1FAD222,US,01,No,,,,,01,Dry,,,,,,,,
Injury Crashes,DS0505000R,University of Maryland Police College Park,Unknown,Prince George's,,No,No,No,Yes,Yes,,,,No,True,No,1/29/2025,No,Point,38.987458191,-76.949446965,UMCP,99,16,02,,16,,16:00,2025,Wednesday,16,Pedalcycle,02,In Parking Lane Or Zone,,,,,,,,,01,Daylight,1/29/2025,2025-01-29,,,F,N,102,Parking Lot Way,,,01,No,,,,,,,,,,,,,,
Property Damage Crashes,DA373600DK,Prince George's County Police,Other,Prince George's,Local,No,No,No,No,No,KNOLL DR,1962,COUNTY ROAD,No,True,No,5/24/2025,No,Point,38.816679752,-76.980597810,PGCOPD,98,16,03,No,21,,21:22,2025,Saturday,15,Parked Vehicle,05,On Roadway,7,,,,,,09,Through Roadway,03,Dark - Lighted,5/24/2025,2025-05-24,N,16.48,F,N,,,30FFC1CD62340421F3AA9A9DE9DB87EDEE3E7B14FE1D12C990F548A0EE1B8DD6,CO,01,No,,,,,01,Dry,,,,,,,,
Property Damage Crashes,CC0278005N,Hyattsville Police Department,Single Vehicle,Prince George's,,No,No,No,No,Yes,,,,No,True,No,2/16/2025,No,Point,38.968934488,-76.957849400,HYATTSVILLE,101,16,03,,13,,13:45,2025,Sunday,36,"Other Post, Pole, Or Support",04,"Off-Roadway, Location Unknown",,,,,,,,,01,Daylight,2/16/2025,2025-02-16,,,F,N,100,Parking Stall,,,01,No,,,,,,,,,,,,,,
Property Damage Crashes,MSP7875002V,Maryland State Police,Single Vehicle,Prince George's,Principal Arterial – Other,No,No,No,No,No,BRANCH AVE (SB/L),5,MARYLAND ROUTE,No,True,No,3/26/2025,No,Point,38.756378333,-76.879285,MSP,101,16,03,No,2,,02:17,2025,Wednesday,05,Jackknife,05,On Roadway,3,,,,,,06,Non-Junction,04,Dark - Not Lighted,3/26/2025,2025-03-26,S,31.32,F,N,,,B3A6AD9057138A30CE5E79BC55D2D8F7A37687862B9708EE6B1387B6AF5FC1A9,MD,01,No,,,,,01,Dry,,,,,,,,
Property Damage Crashes,MSP585801HQ,Maryland State Police,"Sideswipe, Same Direction",Prince George's,Interstate,No,No,No,No,No,CAPITAL BELTWAY (SB/L),95,INTERSTATE ROUTE,No,True,No,5/13/2025,No,Point,38.818418333,-76.93259,MSP,07,16,03,No,10,,10:16,2025,Tuesday,12,Motor Vehicle In Transport,05,On Roadway,1,,,,,,09,Through Roadway,01,Daylight,5/13/2025,2025-05-13,N,30.74,F,N,,,F9EDEC7FA36631BBE4BDD2DDF0B31FA536E617B9BD267AE3EA1DD1D0FB1403A3,IS,01,No,,,,,09,Wet,,,,,,,,
Property Damage Crashes,DA44220016,Prince George's County Police,Angle,Prince George's,,No,Yes,No,No,No,,2281,PRIVATE ROAD,No,True,No,6/4/2025,No,Point,38.962276873,-76.907474410,PGCOPD,01,16,03,No,7,,07:08,2025,Wednesday,12,Motor Vehicle In Transport,05,On Roadway,,,,,64TH AVE,,09,Through Roadway,01,Daylight,6/4/2025,2025-06-04,N,48.58,F,N,,,E4AEAFF634464FADDADE74FA1243D20272A1F0E9700DB48F4159F9E594225C65,PV,02,"Yes, School Bus Directly Involved",,,,,01,Dry,,,,,,,,
Injury Crashes,DA4349003R,Prince George's County Police,Front to Rear,Prince George's,,No,Yes,No,No,No,,366,COUNTY ROAD,Yes,True,No,2/11/2025,No,Point,38.876989812,-76.895792761,PGCOPD,03,16,02,No,21,,21:30,2025,Tuesday,15,Parked Vehicle,07,"On Shoulder, Right Side",,,,,,,06,Non-Junction,03,Dark - Lighted,2/11/2025,2025-02-11,S,51.69,F,N,,,939DED02291059C3851748B36B7F01B481E08C37BD19ADDFD3E095128035A0C4,CO,01,No,,,,,07,Snow,,,,,,,,
Injury Crashes,DS0426001P,University of Maryland Police College Park,Single Vehicle,Prince George's,Major Collector,No,No,No,Yes,No,CAMPUS DR,69,STATE ROAD,No,True,No,2/24/2025,No,Point,38.987573680,-76.942549950,UMCP,101,16,02,No,12,,12:02,2025,Monday,14,Other Non-Motorist,05,On Roadway,5,,,,,,06,Non-Junction,01,Daylight,2/24/2025,2025-02-24,E,23.31,F,N,,,F8F8137A6FB2E5DF30DE2026306CDB3834B7E0AFDCC5731EC8CA5891B5937DF9,SR,01,No,14,Other Non-Motorist,05,On Roadway,01,Dry,,,,,,,,
Injury Crashes,DA418600CH,Prince George's County Police,Single Vehicle,Prince George's,Interstate,No,No,No,Yes,No,NO NAME,95,INTERSTATE ROUTE,No,True,No,5/7/2025,No,Point,39.036018208,-76.939467838,PGCOPD,101,16,02,No,17,,17:18,2025,Wednesday,17,Pedestrian,05,On Roadway,1,,,,,,09,Through Roadway,01,Daylight,5/7/2025,2025-05-07,N,15.83,F,N,,,EE2BFC10EB558CE77C484C2F5B59A82A83035A34868DA44C7875403366141B7B,IS,01,No,,,,,01,Dry,,,,,,,,
Property Damage Crashes,DA345600FM,Prince George's County Police,Front to Rear,Prince George's,Minor Arterial,No,No,No,No,No,RIGGS RD,212,MARYLAND ROUTE,No,True,No,4/20/2025,No,Point,39.017898563,-76.964300982,PGCOPD,03,16,03,No,22,,22:43,2025,Sunday,12,Motor Vehicle In Transport,09,Roadside,4,,,,,,06,Non-Junction,03,Dark - Lighted,4/20/2025,2025-04-20,N,8.33,F,N,,,C1722324C96776C7CFD9EA93E39296016D1C4C14D430D76E6B47B6CF75CFCC81,MD,01,No,,,,,01,Dry,,,,,,,,
Property Damage Crashes,DA43750032,Prince George's County Police,Front to Rear,Prince George's,Minor Arterial,No,No,No,No,No,RITCHIE RD,87,COUNTY ROAD,No,True,No,4/18/2025,No,Point,38.872393464,-76.856417285,PGCOPD,03,16,03,No,15,,15:40,2025,Friday,12,Motor Vehicle In Transport,05,On Roadway,4,,,,,,06,Non-Junction,01,Daylight,4/18/2025,2025-04-18,W,33.38,F,N,,,CE20F1929936EC57FF6FFCDF29707B550B140966087CC452C12C3091CFCC1843,CO,01,No,,,,,01,Dry,,,,,,,,
Property Damage Crashes,MSP77640081,Maryland State Police,Single Vehicle,Prince George's,Interstate,No,No,No,No,No,RAMP 5 FR IS 95 SB TO MD 295 EB,95,RAMP,No,True,No,3/19/2025,No,Point,38.990049844,-76.885394976,MSP,101,16,03,No,21,,21:38,2025,Wednesday,32,Guardrail Face,06,"On Shoulder, Left Side",1,,101,State,,,04,Entrance/Exit Ramp or Related,04,Dark - Not Lighted,3/19/2025,2025-03-19,N,25.24,F,N,,,6450CFB3CB3465614B10DD10E4C04E9660DDDBFEB6F6698BCE778169797E8F2D,RP,01,No,,,,,01,Dry,,,,,,,,
Property Damage Crashes,MSP745800P0,Maryland State Police,"Sideswipe, Same Direction",Prince George's,Principal Arterial – Other Freeways and Expressways,No,No,No,No,No,BRANCH AVE,5,MARYLAND ROUTE,No,True,No,1/30/2025,No,Point,38.824961667,-76.923666667,MSP,07,16,03,No,7,,07:12,2025,Thursday,12,Motor Vehicle In Transport,05,On Roadway,2,,,,,,01,Acceleration/Deceleration Lane,01,Daylight,1/30/2025,2025-01-30,S,14.34,F,N,,,62D0E42A2B6AC82129EBED0431242FD7A0F6AAC765B8DE6BC3F1706CAF2435EE,MD,01,No,,,,,01,Dry,,,,,,,,
Property Damage Crashes,DA3475001F,Prince George's County Police,Single Vehicle,Prince George's,,No,No,No,No,Yes,,,,No,True,No,3/5/2025,No,Point,38.892743117,-76.869141569,PGCOPD,101,16,03,,9,,09:00,2025,Wednesday,36,"Other Post, Pole, Or Support",02,In Parking Lane Or Zone,,,102,Federal,,,,,01,Daylight,3/5/2025,2025-03-05,,,F,N,102,Parking Lot Way,,,01,No,,,,,,,,,,,,,,
Property Damage Crashes,CE4115003B,Laurel Police Department,Rear To Side,Prince George's,,No,No,No,No,Yes,,,,Yes,True,No,3/8/2025,No,Point,39.0950333,-76.8412697,LAUREL,05,16,03,,17,,17:08,2025,Saturday,15,Parked Vehicle,02,In Parking Lane Or Zone,,,,,,,,,01,Daylight,3/8/2025,2025-03-08,,,F,N,102,Parking Lot Way,,,01,No,35,"Other Fixed Object (wall, building, tunnel, etc.)",02,In Parking Lane Or Zone,,,,,,,,,,
Property Damage Crashes,DA4038007S,Prince George's County Police,Other,Prince George's,,No,No,No,No,Yes,,,,No,True,No,4/5/2025,No,Point,38.674843627,-76.874710002,PGCOPD,98,16,03,,18,,18:00,2025,Saturday,12,Motor Vehicle In Transport,05,On Roadway,,,,,,,,,01,Daylight,4/5/2025,2025-04-05,,,F,N,102,Parking Lot Way,,,01,No,,,,,,,,,,,,,,
Fatal Crashes,MSP556300B5,Maryland State Police,Single Vehicle,Prince George's,Interstate,No,No,No,Yes,No,CAPITAL BELTWAY (SB/L),95,INTERSTATE ROUTE,No,True,No,2/1/2025,No,Point,38.807659333,-76.977225333,MSP,101,16,01,No,20,,20:08,2025,Saturday,17,Pedestrian,05,On Roadway,1,,,,,,06,Non-Junction,03,Dark - Lighted,2/1/2025,2025-02-01,E,36.61,F,N,,,2247FD3B34599A8FFD077534231A7F08D5F99C7E2709E2646A0BD42F62BCACB1,IS,01,No,17,Pedestrian,05,On Roadway,01,Dry,,,,,,,,
Property Damage Crashes,MSP7770006B,Maryland State Police,"Sideswipe, Same Direction",Prince George's,Interstate,No,Yes,No,No,No,CAPITAL BELTWAY,95,INTERSTATE ROUTE,No,True,No,2/4/2025,No,Point,38.806715395,-76.983662835,MSP,07,16,03,No,13,,13:11,2025,Tuesday,12,Motor Vehicle In Transport,05,On Roadway,1,,,,,,06,Non-Junction,01,Daylight,2/4/2025,2025-02-04,N,9.33,F,N,,,B9922E177265513FA5880FF970DCD0FB34557B73C4FD77C12FD1626ED437A6F6,IS,01,No,,,,,01,Dry,,,,,,,,
Property Damage Crashes,DA4304005Z,Prince George's County Police,Front to Front,Prince George's,Local,No,No,No,No,No,RHODE ISLAND AVE,6699,COUNTY ROAD,No,True,No,2/20/2025,No,Point,39.041172645,-76.909108542,PGCOPD,02,16,03,Yes,13,,13:21,2025,Thursday,12,Motor Vehicle In Transport,05,On Roadway,7,,,,HOWARD AVE,,02,Crossover-Related,01,Daylight,2/20/2025,2025-02-20,E,10.56,F,N,,,DF478881437AC43E5430181F647716E6F04724FB80CA6995C605446BADD04AF3,CO,01,No,,,,,01,Dry,,,,,,,,
Property Damage Crashes,DA4407000P,Prince George's County Police,Angle,Prince George's,Minor Arterial,No,No,No,No,No,RITCHIE MARLBORO RD,221,MARYLAND ROUTE,No,True,No,1/27/2025,No,Point,38.869195241,-76.847486766,PGCOPD,01,16,03,Yes,18,02,18:20,2025,Monday,12,Motor Vehicle In Transport,05,On Roadway,4,Roundabout/Traffic Circle,,,RAMP 8 FR IS 95 SB TO MD 221A WB,02,05,Intersection or Related,03,Dark - Lighted,1/27/2025,2025-01-27,N,0,F,N,,,4EF1051EA8F9CA815DA2345FAE1312E93ED9E340EB5D1CAE8972E8503745B8CD,MD,01,No,,,,,01,Dry,05,No Controls,,,,,,
Property Damage Crashes,MSP766500C0,Maryland State Police,Single Vehicle,Prince George's,Interstate,No,No,No,No,No,RAMP 10 FR IS 495 EB TO IS 95 SB,95,RAMP,No,True,No,5/9/2025,No,Point,39.021390000,-76.942911192,MSP,101,16,03,No,4,,04:18,2025,Friday,25,Concrete Traffic Barrier,09,Roadside,1,,,,,,06,Non-Junction,04,Dark - Not Lighted,5/9/2025,2025-05-09,N,6.6,F,N,,,7C2CC1A9E7FD3D886D262FB1F639766FBB0FB48F0913F1CBFFB86B5CFF261A1A,RP,01,No,,,,,09,Wet,,,,,,,,
Injury Crashes,CE5240002G,Laurel Police Department,Front to Rear,Prince George's,Principal Arterial – Other,No,No,No,No,No,SANDY SPRING RD,198,MARYLAND ROUTE,No,True,No,1/4/2025,No,Point,39.102693851,-76.871335639,LAUREL,03,16,02,No,18,,18:16,2025,Saturday,12,Motor Vehicle In Transport,05,On Roadway,3,,,,,,06,Non-Junction,03,Dark - Lighted,1/4/2025,2025-01-04,E,30.14,F,N,,,6E58A198E3DE86BBDA76AF96F0E4A99F5CADB11AB49E0AF82A19943A11A7A280,MD,01,No,,,,,01,Dry,,,,,,,,
Property Damage Crashes,DA421200FM,Prince George's County Police,"Sideswipe, Same Direction",Prince George's,,No,Yes,No,No,No,,302,COUNTY ROAD,No,True,No,2/21/2025,No,Point,38.960765814,-76.881226151,PGCOPD,07,16,03,No,14,,14:15,2025,Friday,12,Motor Vehicle In Transport,05,On Roadway,,,,,,,09,Through Roadway,01,Daylight,2/21/2025,2025-02-21,W,40.11,F,N,,,DF6C3E07910A992678C0C2CBC10A89DC71BC8D45E30B2B77651D1CDE0A41263C,CO,02,"Yes, School Bus Directly Involved",,,,,01,Dry,,,,,,,,
Property Damage Crashes,DA409900F8,Prince George's County Police,"Sideswipe, Same Direction",Prince George's,Minor Arterial,No,Yes,No,No,No,RIGGS RD (SB/L),212,MARYLAND ROUTE,Yes,True,No,3/14/2025,No,Point,38.962766664,-76.992173792,PGCOPD,07,16,03,No,10,,10:35,2025,Friday,12,Motor Vehicle In Transport,05,On Roadway,4,,,,,,09,Through Roadway,01,Daylight,3/14/2025,2025-03-14,N,52.68,F,N,,,C49EF557FBDCC4B80EA75C8A301A056132DC1C760F6DC8BBD4A68C38CA39046F,MD,01,No,97,Not Applicable,,,01,Dry,,,,,,,,
Property Damage Crashes,DA4421000H,Prince George's County Police,Angle,Prince George's,Interstate,Yes,No,No,No,No,RAMP 2 FR IS 95 WB TO MD 414 NB,95,RAMP,No,True,No,1/18/2025,No,Point,38.810613629,-76.964230296,PGCOPD,01,16,03,No,23,,23:05,2025,Saturday,12,Motor Vehicle In Transport,05,On Roadway,1,,,,,,04,Entrance/Exit Ramp or Related,03,Dark - Lighted,1/18/2025,2025-01-18,W,126.48,F,N,,,58964D12C857568A98821A71729F018B7AEC3695E8062BFD0F8FDE093F79FBA9,RP,01,No,,,,,01,Dry,,,,,,,,
Property Damage Crashes,DA3641009V,Prince George's County Police,Single Vehicle,Prince George's,,No,Yes,No,No,Yes,,,,No,True,No,5/1/2025,No,Point,39.005579660,-76.971041421,PGCOPD,101,16,03,,13,,13:05,2025,Thursday,41,Utility Pole/Light Support,01,Gore,,,100,Local,,,,,01,Daylight,5/1/2025,2025-05-01,,,F,N,102,Parking Lot Way,,,01,No,,,,,,,,,,,,,,
Injury Crashes,AT1038000L,Capitol Heights Police Department,Unknown,Prince George's,Local,No,No,No,No,No,SUFFOLK AVE,370,COUNTY ROAD,No,True,No,4/20/2025,No,Point,38.885132609,-76.909902097,CAPITOLHEIGHTS,99,16,02,Yes,15,04,15:21,2025,Sunday,12,Motor Vehicle In Transport,05,On Roadway,7,Angled/Skewed,100,Local,CENTRAL AVE SULTAN AVE,01,05,Intersection or Related,01,Daylight,4/20/2025,2025-04-20,N,0,F,N,,,66FB9D63CD1AEAA3DF5795C5CE8FF38BD069D0C657FD957F9DE80AEF84374782,CO,01,No,40,Tree (standing),04,"Off-Roadway, Location Unknown",01,Dry,03,Stop - Partial,,,,,,
Property Damage Crashes,CNC31800016,New Carrollton Police Department,"Sideswipe, Same Direction",Prince George's,Minor Arterial,No,No,Yes,No,No,ANNAPOLIS RD (WB/L),450,MARYLAND ROUTE,No,True,No,3/4/2025,No,Point,38.957320136,-76.870545581,NCPD,07,16,03,No,19,,19:14,2025,Tuesday,12,Motor Vehicle In Transport,05,On Roadway,4,,,,,,06,Non-Junction,03,Dark - Lighted,3/4/2025,2025-03-04,S,55.69,F,N,,,40E776943571A2F6A070B2767C8F15937888F1BA3A5AED81D29A0D9CB3362701,MD,01,No,,,,,01,Dry,,,,,,,,
Property Damage Crashes,DA4350002T,Prince George's County Police,"Sideswipe, Same Direction",Prince George's,Major Collector,No,No,No,No,No,BRINKLEY RD,122,COUNTY ROAD,No,True,No,2/21/2025,No,Point,38.805770281,-76.970466493,PGCOPD,07,16,03,No,18,,18:04,2025,Friday,12,Motor Vehicle In Transport,05,On Roadway,5,,,,,,01,Acceleration/Deceleration Lane,03,Dark - Lighted,2/21/2025,2025-02-21,W,19.53,F,N,,,B3241FEFBE9F6AB91640057D289DDC081D802691F06CE82998EFF9A067DB855E,CO,01,No,,,,,01,Dry,,,,,,,,
Property Damage Crashes,MSP744200S1,Maryland State Police,Front to Rear,Prince George's,Interstate,No,No,No,No,No,CAPITAL BELTWAY (SB/L),95,INTERSTATE ROUTE,No,True,No,4/2/2025,No,Point,39.012235606,-76.904722607,MSP,03,16,03,No,6,,06:29,2025,Wednesday,12,Motor Vehicle In Transport,05,On Roadway,1,,,,,,09,Through Roadway,100,Dawn,4/2/2025,2025-04-02,S,19.78,F,N,,,11313D73C99C4125298EF8DB19B8003F02F1920F2C73089AF7B4D71C015F9DAD,IS,01,No,,,,,01,Dry,,,,,,,,
Injury Crashes,MSP585801GW,Maryland State Police,Front to Rear,Prince George's,Principal Arterial – Other,No,No,Yes,No,No,CRAIN HWY (SB/L),301,UNITED STATE ROUTE,No,True,No,4/6/2025,No,Point,38.746541078,-76.816380039,MSP,03,16,02,No,5,,05:22,2025,Sunday,12,Motor Vehicle In Transport,05,On Roadway,3,,,,,,09,Through Roadway,04,Dark - Not Lighted,4/6/2025,2025-04-06,S,42.15,F,N,,,50B273F855BB3F99BCCF294F9651B3495413343FA497AA68A396A267709BA159,US,01,No,,,,,01,Dry,,,,,,,,
Property Damage Crashes,MSP77640077,Maryland State Police,Front to Rear,Prince George's,Interstate,No,No,No,No,No,RAMP 1 FR MD 201 NB TO IS 95 WB,95,RAMP,No,True,No,1/28/2025,No,Point,39.003532665,-76.893636340,MSP,03,16,03,No,16,,16:59,2025,Tuesday,12,Motor Vehicle In Transport,05,On Roadway,1,,,,,,04,Entrance/Exit Ramp or Related,01,Daylight,1/28/2025,2025-01-28,S,3.22,F,N,,,B2717285CF10EDC417E512D1B353DB2EA0BA0A16B2C1751E064D90E9CEF0A10B,RP,01,No,,,,,01,Dry,,,,,,,,
Property Damage Crashes,MSP7657007S,Maryland State Police,Single Vehicle,Prince George's,Local,No,No,Yes,No,No,PRESIDENTIAL PKWY,5529,COUNTY ROAD,No,True,No,3/30/2025,No,Point,38.829876933,-76.856435794,MSP,101,16,03,Yes,1,04,01:07,2025,Sunday,06,Other Non-Collision,05,On Roadway,7,Angled/Skewed,101,State,PENNSYLVANIA AVE,01,05,Intersection or Related,03,Dark - Lighted,3/30/2025,2025-03-30,N,0,F,N,,,4D5CD7FEFB7A4C9D09DEB4AE0BF11CF768F5A5F154B0BE1D917790401D291D3C,CO,01,No,32,Guardrail Face,09,Roadside,01,Dry,01,Signalized,,,,,,
Property Damage Crashes,HB04890006,Maryland-National Capital Park Police Prince George's County,Front to Rear,Prince George's,,No,Yes,No,No,No,,188,SPUR,Yes,True,No,2/12/2025,No,Point,38.901339440,-76.758001849,PGPARK,03,16,03,No,5,,05:10,2025,Wednesday,12,Motor Vehicle In Transport,05,On Roadway,,,,,CHURCH RD CHURCH RD (NB/L),,06,Non-Junction,03,Dark - Lighted,2/12/2025,2025-02-12,W,38.77,F,N,,,982C1E647CB6120C8CE88C918DADBEB2D85BE29E589EC102807D2175692C85A4,SP,01,No,,,,,07,Snow,,,,,,,,