Crash Severity Description,Reportnumber,Agencyname,CollisionImpact Description,Crash County Description,FunctionalClass Description,ImpairedCrash,Large Vehicle Involved,Motorcycle Crash,Non-Motorist Crash,OffRoad,RoadName,Route Number,RouteType Description,Unrestrained Occupants,WithinDateRange,Work Zone Related,Crashdate,Work Zone Crash,CrashPoint,Latitude,Longitude,AgencyCode,CollisionImpact,Crash County,Crash Severity,Crash Within Interchange,Crashhour,CrashInterchangeApproaches,Crashtime,CrashYear,Dayofweek,FirstHarmEvent,FirstHarmEvent Description,FirstHarmLocation,FirstHarmLocation Description,FunctionalClass,Geometry Description,GovPropertyDamage,GovPropertyDamage Description,IntersectingRoadName,Intersection Geometry,JunctionRelated,JunctionRelated Description,Light,Light Description,LOD Crash Date,LOD Date Level,MilepointDirection,MilepointDistance,MilepointUnits,NonTrafficFatal,OffroadLocation,OffroadLocation Description,RoadID,RouteType,SchoolBusRelated,SchoolBusRelated Description,SecondHarmEvent,SecondHarmEvent Description,SecondHarmLocation,SecondHarmLocation Description,Surface,Surface Description,TrafficControl,Trafficcontrol Description,WZLawEnforcementPresent,WZLocation,WZLocation Description,WZType,WZType Description,WZWorkersPresent
Property Damage Crashes,DA43070045,Prince George's County Police,Front to Rear,Prince George's,Principal Arterial – Other Freeways and Expressways,No,No,No,No,No,INDIAN HEAD HWY,210,MARYLAND ROUTE,No,True,No,1/19/2025,No,Point,38.712667584,-76.989703090,PGCOPD,03,16,03,Yes,5,04,05:30,2025,Sunday,12,Motor Vehicle In Transport,05,On Roadway,2,Perpendicular,,,OLD FORT RD,03,05,Intersection or Related,03,Dark - Lighted,1/19/2025,2025-01-19,W,0,F,N,,,AAC99C80070263F751368288E330C50818220E0BF4C4D73B193F864881A8091E,MD,01,No,,,,,09,Wet,01,Signalized,,,,,,
Property Damage Crashes,MSP77760068,Maryland State Police,Front to Rear,Prince George's,Interstate,No,No,No,No,No,NO NAME,95,INTERSTATE ROUTE,No,True,No,5/4/2025,No,Point,39.105887119,-76.885058670,MSP,03,16,03,No,4,,04:23,2025,Sunday,12,Motor Vehicle In Transport,05,On Roadway,1,,,,,,06,Non-Junction,04,Dark - Not Lighted,5/4/2025,2025-05-04,N,42.85,F,N,,,730499B3A6120C66E0AD6C477F6A2EB85A4E5D9E76D570C725B467A6B8F022DE,IS,01,No,,,,,01,Dry,,,,,,,,
Property Damage Crashes,MSP546601S0,Maryland State Police,Front to Rear,Prince George's,Principal Arterial – Other,No,No,No,No,No,CRAIN HWY,301,UNITED STATE ROUTE,No,True,No,3/10/2025,No,Point,38.732802921,-76.828658737,MSP,03,16,03,Yes,6,,06:51,2025,Monday,12,Motor Vehicle In Transport,05,On Roadway,3,,,,,,09,Through Roadway,100,Dawn,3/10/2025,2025-03-10,S,47.46,F,N,,,4B79283EF15D801D091DB60E695823E2ACCCCC2609B05C72E13122892B02CFE6,US,01,No,,,,,01,Dry,,,,,,,,
Injury Crashes,DA4333003T,Prince George's County Police,Angle,Prince George's,Local,No,No,No,No,No,18TH AVE,889,COUNTY ROAD,No,True,No,2/4/2025,No,Point,38.955242278,-76.980924139,PGCOPD,01,16,02,Yes,6,02,06:10,2025,Tuesday,12,Motor Vehicle In Transport,05,On Roadway,7,Angled/Skewed,,,CHILLUM RD,01,05,Intersection or Related,03,Dark - Lighted,2/4/2025,2025-02-04,E,0,F,N,,,BD1A03733734C371509ED3BF4FD1D88A393E8762BEAA411C39263D90ED9216FE,CO,01,No,,,,,01,Dry,05,No Controls,,,,,,
Injury Crashes,MSP77640084,Maryland State Police,Front to Rear,Prince George's,Interstate,No,No,No,No,No,RAMP 5 FR IS 95 SB TO MD 212 EB,95,RAMP,No,True,No,3/21/2025,No,Point,39.049047756,-76.931611336,MSP,03,16,02,No,15,,15:16,2025,Friday,12,Motor Vehicle In Transport,05,On Roadway,1,,,,NO NAME (SB/L),,06,Non-Junction,01,Daylight,3/21/2025,2025-03-21,E,3.81,F,N,,,D996289BD32E793BCEBBD5252E53B8744352EC8682808EAF95E72F257122D066,RP,01,No,,,,,01,Dry,,,,,,,,
Property Damage Crashes,MSP585801HT,Maryland State Police,Front to Rear,Prince George's,Interstate,No,No,No,No,No,CAPITAL BELTWAY,95,INTERSTATE ROUTE,No,True,No,5/14/2025,No,Point,38.818059577,-76.942123754,MSP,03,16,03,No,8,,08:04,2025,Wednesday,12,Motor Vehicle In Transport,05,On Roadway,1,,101,State,,,09,Through Roadway,01,Daylight,5/14/2025,2025-05-14,S,71.64,F,N,,,75E1B8CA6FAB7DF0E91928FD0E2500284D1994C932B6FE8125EE01E154FF9492,IS,01,No,07,Overturn/Rollover,09,Roadside,09,Wet,,,,,,,,
Property Damage Crashes,MSP7875002S,Maryland State Police,Front to Rear,Prince George's,Interstate,No,Yes,No,No,No,CAPITAL BELTWAY (NB LOCAL),95,INTERSTATE ROUTE,No,True,No,3/22/2025,No,Point,38.792299260,-77.029996347,MSP,03,16,03,No,4,,04:05,2025,Saturday,12,Motor Vehicle In Transport,05,On Roadway,1,,,,,,06,Non-Junction,04,Dark - Not Lighted,3/22/2025,2025-03-22,N,109,F,N,,,278945D4ECB664A54DB89DB96350E1FED21DC65514BA8685038D5A9CF25ECEF1,IS,01,No,,,,,01,Dry,,,,,,,,
Property Damage Crashes,CE4909007K,Laurel Police Department,Front to Rear,Prince George's,,No,No,No,No,No,NO NAME,90,LOCAL ROAD,No,True,No,4/2/2025,No,Point,39.093907261,-76.872906577,LAUREL,03,16,03,Yes,15,02,15:46,2025,Wednesday,12,Motor Vehicle In Transport,05,On Roadway,,Perpendicular,,,CHERRY LA (WB/L),03,05,Intersection or Related,01,Daylight,4/2/2025,2025-04-02,W,0,F,N,,,D02570CF8611FC2B622F7487E111514111C4640A6F2026595A92A6B9D5D1F52C,LL,01,No,,,,,01,Dry,05,No Controls,,,,,,
Property Damage Crashes,DA34330052,Prince George's County Police,Front to Rear,Prince George's,Local,No,No,No,No,No,VILLAGE DR W,3199,COUNTY ROAD,No,True,No,1/28/2025,No,Point,38.836373773,-76.714741112,PGCOPD,03,16,03,No,15,,15:37,2025,Tuesday,12,Motor Vehicle In Transport,05,On Roadway,7,,,,,,09,Through Roadway,01,Daylight,1/28/2025,2025-01-28,W,26.41,F,N,,,D6E0035C5786F0A9C8A6638ADCC3BEADC5485AFDB16B32E47FE9A34AE0F127FB,CO,01,No,,,,,98,Other,,,,,,,,
Property Damage Crashes,MSP78750054,Maryland State Police,"Sideswipe, Same Direction",Prince George's,Interstate,No,No,Yes,No,No,CAPITAL BELTWAY,95,INTERSTATE ROUTE,No,True,Yes,5/29/2025,Yes,Point,38.811958333,-76.96189,MSP,07,16,03,No,22,,22:33,2025,Thursday,12,Motor Vehicle In Transport,05,On Roadway,1,,,,,,06,Non-Junction,03,Dark - Lighted,5/29/2025,2025-05-29,E,48.22,F,N,,,B1A843B5BB0693DEA5A0DEBEFB799B9D29BAEDD9A9FC7098252D18A7C27200D5,IS,01,No,,,,,01,Dry,,,Y,02,Advance Warning Area,03,Work on Shoulder or Median,Yes
Property Damage Crashes,AM0339005R,Bladensburg Police Department,Front to Rear,Prince George's,Principal Arterial – Other,No,No,No,No,No,,450,MARYLAND ROUTE,No,True,No,3/23/2025,No,Point,38.939575666,-76.929276988,BLADENSBURG,03,16,03,No,0,04,00:10,2025,Sunday,12,Motor Vehicle In Transport,99,Unknown,3,Angled/Skewed,,,53RD ST #1 53RD ST #1 (NB/L),01,05,Intersection or Related,03,Dark - Lighted,3/23/2025,2025-03-23,E,0,F,N,,,B32F7B6AC8B6C92AE35F315A9F6104B683B57B2DB35EF436A5F4E39A932310C4,MD,01,No,27,Curb,09,Roadside,01,Dry,05,No Controls,,,,,,
Property Damage Crashes,DA43540032,Prince George's County Police,Front to Rear,Prince George's,,No,No,No,No,No,,355,SPUR,No,True,No,1/24/2025,No,Point,38.963057199,-76.900347415,PGCOPD,03,16,03,No,8,,08:06,2025,Friday,12,Motor Vehicle In Transport,05,On Roadway,,,,,,,09,Through Roadway,01,Daylight,1/24/2025,2025-01-24,E,54.73,F,N,,,F092725ED2C2AE19F7FBC80563CC65C7E4EF967A903686E792949440BE1A8786,SP,01,No,12,Motor Vehicle In Transport,05,On Roadway,01,Dry,,,,,,,,
Injury Crashes,DA404800GN,Prince George's County Police,Front to Front,Prince George's,Local,No,No,No,No,No,SHELBY DR,1066,COUNTY ROAD,No,True,No,1/1/2025,No,Point,38.794763290,-76.993356043,PGCOPD,02,16,02,No,3,,03:25,2025,Wednesday,15,Parked Vehicle,06,"On Shoulder, Left Side",7,,,,,,06,Non-Junction,03,Dark - Lighted,1/1/2025,2025-01-01,S,21.79,F,N,,,C2F818D4FF88A4D3B124F2362EB6361D15CB4FF5D7505E52E1F48D4D8AC91A1A,CO,01,No,15,Parked Vehicle,06,"On Shoulder, Left Side",09,Wet,,,,,,,,
Property Damage Crashes,DA43900017,Prince George's County Police,Front to Rear,Prince George's,Principal Arterial – Other,No,No,No,No,No,PENNSYLVANIA AVE (SB/L),4,MARYLAND ROUTE,No,True,No,2/12/2025,No,Point,38.862933452,-76.940850412,PGCOPD,03,16,03,No,23,,23:57,2025,Wednesday,12,Motor Vehicle In Transport,05,On Roadway,3,,,,,,09,Through Roadway,04,Dark - Not Lighted,2/12/2025,2025-02-12,S,15.88,F,N,,,9390351F7C3D806BCD735B7DDE6AABACE1A18E03978FCC1CA6319CD8A1422BD2,MD,01,No,,,,,09,Wet,,,,,,,,
Property Damage Crashes,DA4327003Q,Prince George's County Police,Angle,Prince George's,Minor Arterial,No,No,No,No,No,WALKER MILL RD,367,COUNTY ROAD,No,True,No,3/2/2025,No,Point,38.868186261,-76.891588063,PGCOPD,01,16,03,Yes,21,04,21:10,2025,Sunday,12,Motor Vehicle In Transport,05,On Roadway,4,Angled/Skewed,,,ADDISON RD,01,05,Intersection or Related,03,Dark - Lighted,3/2/2025,2025-03-02,W,0,F,N,,,FDFC3D1CD4E1D540D7A03F15ECC16152F5BA033006EC06B4CD5331FEE98B433C,CO,01,No,,,,,01,Dry,01,Signalized,,,,,,
Property Damage Crashes,DA43160050,Prince George's County Police,Front to Rear,Prince George's,Local,No,No,No,No,No,SWEITZER LA,4820,OTHER PUBLIC ROAD,No,True,No,4/11/2025,No,Point,39.092631337,-76.899450601,PGCOPD,03,16,03,No,8,,08:00,2025,Friday,12,Motor Vehicle In Transport,05,On Roadway,7,,,,,,06,Non-Junction,01,Daylight,4/11/2025,2025-04-11,N,19.36,F,N,,,33FC4474B72E2879879E431ABB4FDDB2A1C38A5ED687793904B0C27806C73C31,OP,01,No,12,Motor Vehicle In Transport,05,On Roadway,01,Dry,,,,,,,,
Injury Crashes,DJ0156001M,Seat Pleasant Police Department,Angle,Prince George's,Interstate,No,No,No,No,No,RAMP 9 FR RAMP 8 (FR IS95) TO MD 214 WB,95,RAMP,No,True,No,4/19/2025,No,Point,38.891555623,-76.849559555,SEATPLEASANT,01,16,02,Yes,10,02,10:35,2025,Saturday,12,Motor Vehicle In Transport,05,On Roadway,1,Angled/Skewed,,,CENTRAL AVE (WB/L),01,05,Intersection or Related,01,Daylight,4/19/2025,2025-04-19,S,0,F,N,,,AF3CEA15378F331976D32DEF893766FF2F96F0E0494BFF31A7CBF20B64A96B72,RP,01,No,12,Motor Vehicle In Transport,05,On Roadway,01,Dry,01,Signalized,,,,,,
Property Damage Crashes,MSP744200QW,Maryland State Police,Front to Rear,Prince George's,Interstate,No,No,No,No,No,NO NAME (SB/L),95,INTERSTATE ROUTE,No,True,No,1/27/2025,No,Point,39.034426781,-76.942019419,MSP,03,16,03,No,16,,16:20,2025,Monday,12,Motor Vehicle In Transport,05,On Roadway,1,,,,,,09,Through Roadway,01,Daylight,1/27/2025,2025-01-27,S,24.97,F,N,,,8FEF04DF4B8C0F3900F75BB39C805FA62A091B3880B2075F91FA518BA203511C,IS,01,No,,,,,01,Dry,,,,,,,,
Property Damage Crashes,DA391000C0,Prince George's County Police,Angle,Prince George's,Local,No,No,No,No,No,NO NAME,388,OTHER PUBLIC ROAD,No,True,No,5/21/2025,No,Point,39.003613270,-76.974861579,PGCOPD,01,16,03,No,7,,07:03,2025,Wednesday,12,Motor Vehicle In Transport,05,On Roadway,7,,,,METZEROTT RD,,09,Through Roadway,01,Daylight,5/21/2025,2025-05-21,S,7.54,F,N,,,903C81DF4AEF21893D3DCA00CBE7B0F8F6A03FDC502B1513CF0D4DF56410FE78,OP,01,No,,,,,09,Wet,,,,,,,,
Property Damage Crashes,DA3111002Z,Prince George's County Police,"Sideswipe, Same Direction",Prince George's,Principal Arterial – Other,No,No,No,No,No,NEW HAMPSHIRE AVE,650,MARYLAND ROUTE,No,True,No,2/16/2025,No,Point,39.004303180,-76.980793369,PGCOPD,07,16,03,No,5,,05:40,2025,Sunday,12,Motor Vehicle In Transport,05,On Roadway,3,,,,,,09,Through Roadway,03,Dark - Lighted,2/16/2025,2025-02-16,N,35.17,F,N,,,15858131998B0B35903B7429FD388887185E61DCA269E2AD7B3B9240BABDF8C6,MD,01,No,97,Not Applicable,,,09,Wet,,,,,,,,
Property Damage Crashes,DA393900GG,Prince George's County Police,"Sideswipe, Same Direction",Prince George's,,No,Yes,No,No,No,,18,SPUR,Yes,True,No,4/24/2025,No,Point,38.864303906,-76.914544608,PGCOPD,07,16,03,No,17,,17:04,2025,Thursday,12,Motor Vehicle In Transport,05,On Roadway,,,,,WALKER MILL RD WALKER MILL RD (EB/L),,03,Driveway Access or Related,01,Daylight,4/24/2025,2025-04-24,E,55.82,F,N,,,446164CC20A3C94EB5D1F6C3A9F4233AC4B690C17DD0A84FE025104E045A9BE9,SP,02,"Yes, School Bus Directly Involved",,,,,01,Dry,,,,,,,,
Injury Crashes,MSP718600LD,Maryland State Police,Front to Rear,Prince George's,Principal Arterial – Other,No,No,No,No,No,CRAIN HWY (SB/L),301,UNITED STATE ROUTE,No,True,No,6/3/2025,No,Point,38.852056891,-76.726195699,MSP,03,16,02,No,9,,09:07,2025,Tuesday,12,Motor Vehicle In Transport,05,On Roadway,3,,,,,,09,Through Roadway,01,Daylight,6/3/2025,2025-06-03,S,12.95,F,N,,,4B995A5C338BC41C3CD46A554925C3E4C6513A1CF0340B5B199926967693EBCB,US,01,No,,,,,01,Dry,,,,,,,,
Property Damage Crashes,MSP7787004R,Maryland State Police,Front to Rear,Prince George's,Interstate,No,No,No,No,No,RAMP 7 FR IS 95 WB TO US 1 SB,95,RAMP,No,True,No,1/22/2025,No,Point,39.018560459,-76.920845905,MSP,03,16,03,No,22,,22:03,2025,Wednesday,12,Motor Vehicle In Transport,05,On Roadway,1,,,,CAPITAL BELTWAY,,06,Non-Junction,04,Dark - Not Lighted,1/22/2025,2025-01-22,W,44.08,F,N,,,64232BE10148D2463B57C3B995DEBD1DCA9D3613304A8160CEC1AE492B833D67,RP,01,No,,,,,01,Dry,,,,,,,,
Property Damage Crashes,DA3397004Y,Prince George's County Police,Single Vehicle,Prince George's,,No,No,No,No,Yes,,,,No,True,No,5/2/2025,No,Point,38.665596526,-76.872278896,PGCOPD,101,16,03,,12,,12:11,2025,Friday,30,Fence,02,In Parking Lane Or Zone,,,,,,,,,01,Daylight,5/2/2025,2025-05-02,,,F,N,102,Parking Lot Way,,,01,No,,,,,,,,,,,,,,
Property Damage Crashes,MSP647600HN,Maryland State Police,Front to Rear,Prince George's,Principal Arterial – Other,No,No,No,No,No,BRANCH AVE (SB/L),5,MARYLAND ROUTE,No,True,No,3/30/2025,No,Point,38.750638513,-76.879555852,MSP,03,16,03,No,11,,11:56,2025,Sunday,12,Motor Vehicle In Transport,05,On Roadway,3,,,,,,09,Through Roadway,01,Daylight,3/30/2025,2025-03-30,W,58.7,F,N,,,EFAC587E30337A4DE4CB65952044C2BF7761A66285AD71173C5FE2197B74A659,MD,01,No,,,,,01,Dry,,,,,,,,
Injury Crashes,DA3088007H,Prince George's County Police,Single Vehicle,Prince George's,Minor Arterial,No,No,No,Yes,No,ALLENTOWN RD,337,MARYLAND ROUTE,No,True,No,4/11/2025,No,Point,38.811737735,-76.895676874,PGCOPD,101,16,02,No,20,03,20:24,2025,Friday,17,Pedestrian,05,On Roadway,4,Angled/Skewed,,,AUTH RD,01,05,Intersection or Related,04,Dark - Not Lighted,4/11/2025,2025-04-11,N,0,F,N,,,E3E51615E65F8517F1F0024DFD64AB8AD9B741C76FEB8EFD1AA6886DBD27E8FD,MD,01,No,,,,,09,Wet,01,Signalized,,,,,,
Property Damage Crashes,DA3522009X,Prince George's County Police,Front to Rear,Prince George's,Principal Arterial – Other,No,No,No,No,No,NEW HAMPSHIRE AVE (SB/L),650,MARYLAND ROUTE,No,True,No,2/28/2025,No,Point,39.001639596,-76.982114823,PGCOPD,03,16,03,No,21,,21:20,2025,Friday,12,Motor Vehicle In Transport,05,On Roadway,3,,,,,,06,Non-Junction,03,Dark - Lighted,2/28/2025,2025-02-28,N,30.25,F,N,,,153619FA9EB470CEA6B6B41546CC2888C18D370490E73BE61AD3BFF9663AD152,MD,01,No,,,,,01,Dry,,,,,,,,
Property Damage Crashes,DA4415000M,Prince George's County Police,"Sideswipe, Same Direction",Prince George's,Local,No,Yes,No,No,No,VALLEY DR (NB/L),176,STATE ROAD,No,True,No,4/30/2025,No,Point,38.991158609,-76.949519401,PGCOPD,07,16,03,No,9,,09:57,2025,Wednesday,12,Motor Vehicle In Transport,05,On Roadway,7,,,,,,09,Through Roadway,01,Daylight,4/30/2025,2025-04-30,S,41.68,F,N,,,954F3E46DFEBE603EFB3615F9B0C9486325DEEB48E902CDCBEE28DF82028B706,SR,01,No,12,Motor Vehicle In Transport,05,On Roadway,01,Dry,,,,,,,,
Property Damage Crashes,MSP647600GM,Maryland State Police,Single Vehicle,Prince George's,Interstate,No,Yes,No,No,No,CAPITAL BELTWAY,95,INTERSTATE ROUTE,No,True,No,1/18/2025,No,Point,38.937391667,-76.855206667,MSP,101,16,03,No,20,,20:06,2025,Saturday,100,Spilled Cargo,05,On Roadway,1,,,,,,09,Through Roadway,03,Dark - Lighted,1/18/2025,2025-01-18,N,55.86,F,N,,,0890C812ABD7FE0F1953EFD711B0BB04A9A425A4EDE4B2D6F17CA453E1C6CF0D,IS,01,No,,,,,01,Dry,,,,,,,,
Property Damage Crashes,CBPD0061005J,Bowie Police Department,Angle,Prince George's,Major Collector,No,No,No,No,No,HIGH BRIDGE RD,5068,COUNTY ROAD,No,True,No,4/8/2025,No,Point,38.973339960,-76.773240769,BOWIE,01,16,03,No,18,,18:06,2025,Tuesday,12,Motor Vehicle In Transport,05,On Roadway,5,,,,,,06,Non-Junction,01,Daylight,4/8/2025,2025-04-08,S,32.44,F,N,,,94E2744B15F7840CFF5A2F52F54A595245137DE6D785D338EBB332F907BB5C4F,CO,01,No,,,,,01,Dry,,,,,,,,
Property Damage Crashes,CE4644002N,Laurel Police Department,Other,Prince George's,Principal Arterial – Other,No,No,No,No,No,TALBOTT AVE (WB/L),198,MARYLAND ROUTE,No,True,No,2/8/2025,No,Point,39.102245922,-76.858691751,LAUREL,98,16,03,No,17,,17:17,2025,Saturday,12,Motor Vehicle In Transport,05,On Roadway,3,,,,,,09,Through Roadway,04,Dark - Not Lighted,2/8/2025,2025-02-08,W,28.34,F,N,,,C435F714A42A621F887D5320BAF40FD810A67FE8B7C600D138E5603A95AC0DC3,MD,01,No,12,Motor Vehicle In Transport,05,On Roadway,09,Wet,,,,,,,,
Property Damage Crashes,DA4420000Y,Prince George's County Police,Front to Rear,Prince George's,Major Collector,No,No,No,No,No,CONTEE RD,6,COUNTY ROAD,No,True,No,3/23/2025,No,Point,39.073634326,-76.848062894,PGCOPD,03,16,03,No,12,,12:40,2025,Sunday,12,Motor Vehicle In Transport,05,On Roadway,5,,,,,,06,Non-Junction,01,Daylight,3/23/2025,2025-03-23,W,14.69,F,N,,,68DDAF5EF8B1AF5425526AAF8C7C42CA5D2AAC073D44BB0A4CA605EE00859595,CO,01,No,,,,,01,Dry,,,,,,,,
Property Damage Crashes,MSP7701005K,Maryland State Police,Single Vehicle,Prince George's,Interstate,No,No,No,No,No,CAPITAL BELTWAY (SB LOCAL),95,INTERSTATE ROUTE,No,True,No,1/4/2025,No,Point,38.795216155,-77.016440544,MSP,101,16,03,No,12,,12:30,2025,Saturday,100,Spilled Cargo,05,On Roadway,1,,,,,,09,Through Roadway,01,Daylight,1/4/2025,2025-01-04,S,22.67,F,N,,,2FAE968FDDBE79F6197A40F6437C9A0D3364A6BF027230D419BFFB5ED8D86133,IS,01,No,,,,,01,Dry,,,,,,,,
Fatal Crashes,BW0178004H,Greenbelt Police Department,Single Vehicle,Prince George's,Principal Arterial – Other,No,No,No,Yes,No,GREENBELT RD (WB/L),193,MARYLAND ROUTE,No,True,No,2/5/2025,No,Point,38.994850964,-76.880760023,GREENBELT,101,16,01,No,23,,23:30,2025,Wednesday,17,Pedestrian,05,On Roadway,3,,,,,,01,Acceleration/Deceleration Lane,04,Dark - Not Lighted,2/5/2025,2025-02-05,E,30.39,F,N,,,5A74D77005FCABB1F71E4C0FDE5A3FC802952AF5E675AE26CC1B3DFDE75D30E8,MD,01,No,,,,,09,Wet,,,,,,,,
Injury Crashes,DA4370001D,Prince George's County Police,Front to Front,Prince George's,,No,No,No,No,No,,974,COUNTY ROAD,Yes,True,No,1/23/2025,No,Point,38.815614326,-76.778230649,PGCOPD,02,16,02,No,5,04,05:45,2025,Thursday,12,Motor Vehicle In Transport,05,On Roadway,,Perpendicular,,,OLD MARLBORO PIKE RITCHIE MARLBORO RD,03,05,Intersection or Related,03,Dark - Lighted,1/23/2025,2025-01-23,W,0,F,N,,,66F268DBC78F498BFAE8C88292FD82120D41FE75A25BC6315E6FCDBEDC14F4E4,CO,01,No,,,,,01,Dry,01,Signalized,,,,,,
Property Damage Crashes,DA3729009F,Prince George's County Police,"Sideswipe, Same Direction",Prince George's,Minor Arterial,No,No,No,No,No,WOODYARD RD,223,MARYLAND ROUTE,No,True,No,4/5/2025,No,Point,38.769460736,-76.882227838,PGCOPD,07,16,03,No,18,,18:02,2025,Saturday,12,Motor Vehicle In Transport,05,On Roadway,4,,,,,,06,Non-Junction,01,Daylight,4/5/2025,2025-04-05,N,17.76,F,N,,,EB9FEAD34B924A77D5700B4A0813574906DA5F1DAD1E8DF784E72942C3083464,MD,01,No,,,,,01,Dry,,,,,,,,
Property Damage Crashes,BW0190003M,Greenbelt Police Department,Single Vehicle,Prince George's,,No,No,No,No,Yes,,,,No,True,No,4/12/2025,No,Point,39.011562570,-76.891850636,GREENBELT,101,16,03,,8,,08:41,2025,Saturday,28,Ditch,09,Roadside,,,,,,,,,01,Daylight,4/12/2025,2025-04-12,,,F,N,105,Dirt Road/Trail,,,01,No,,,,,,,,,,,,,,
Property Damage Crashes,DA37470066,Prince George's County Police,Front to Rear,Prince George's,Local,No,No,No,No,No,WOODBERRY ST,901,COUNTY ROAD,No,True,No,4/12/2025,No,Point,38.972569912,-76.972647506,PGCOPD,03,16,03,No,20,,20:40,2025,Saturday,15,Parked Vehicle,07,"On Shoulder, Right Side",7,,,,,,06,Non-Junction,03,Dark - Lighted,4/12/2025,2025-04-12,S,20.75,F,N,,,9F9B9BAA14486192435B32EBE7DCC56A9AD562DF13F40EAE79AFD7AD70700C8D,CO,01,No,15,Parked Vehicle,07,"On Shoulder, Right Side",09,Wet,,,,,,,,
Property Damage Crashes,DA44060011,Prince George's County Police,Front to Rear,Prince George's,,No,No,No,No,Yes,,,,No,True,No,3/6/2025,No,Point,39.027541724,-76.917410940,PGCOPD,03,16,03,,19,,19:25,2025,Thursday,12,Motor Vehicle In Transport,02,In Parking Lane Or Zone,,,,,,,,,03,Dark - Lighted,3/6/2025,2025-03-06,,,F,N,102,Parking Lot Way,,,01,No,,,,,,,,,,,,,,
Property Damage Crashes,MSP546601SF,Maryland State Police,Front to Rear,Prince George's,,No,No,No,No,Yes,,,,No,True,No,3/23/2025,No,Point,38.850728067,-76.921833297,MSP,03,16,03,,4,,04:16,2025,Sunday,12,Motor Vehicle In Transport,02,In Parking Lane Or Zone,,,101,State,,,,,03,Dark - Lighted,3/23/2025,2025-03-23,,,F,N,102,Parking Lot Way,,,01,No,,,,,,,,,,,,,,
Property Damage Crashes,MSP732800L6,Maryland State Police,Front to Rear,Prince George's,Interstate,No,Yes,No,No,No,CAPITAL BELTWAY,95,INTERSTATE ROUTE,No,True,No,5/5/2025,No,Point,38.980876065,-76.875848392,MSP,03,16,03,No,6,,06:58,2025,Monday,12,Motor Vehicle In Transport,05,On Roadway,1,,,,,,06,Non-Junction,01,Daylight,5/5/2025,2025-05-05,N,15.38,F,N,,,522D56AF95A86DF8F122BD06F50E1284C4308F505F998F3E0DE1FA330204E474,IS,01,No,12,Motor Vehicle In Transport,05,On Roadway,01,Dry,,,,,,,,
Property Damage Crashes,DA389000RX,Prince George's County Police,Front to Front,Prince George's,,No,No,No,No,Yes,,,,No,True,No,3/22/2025,No,Point,39.015825626,-76.928912981,PGCOPD,02,16,03,,18,,18:00,2025,Saturday,12,Motor Vehicle In Transport,02,In Parking Lane Or Zone,,,,,,,,,01,Daylight,3/22/2025,2025-03-22,,,F,N,102,Parking Lot Way,,,01,No,,,,,,,,,,,,,,
Property Damage Crashes,DA4243009T,Prince George's County Police,Single Vehicle,Prince George's,Local,No,No,No,No,No,MILLPONDS CT,5228,OTHER PUBLIC ROAD,No,True,No,4/24/2025,No,Point,38.899495653,-76.817917744,PGCOPD,101,16,03,No,17,,17:53,2025,Thursday,13,Other Non-Fixed Object,05,On Roadway,7,,,,,,09,Through Roadway,01,Daylight,4/24/2025,2025-04-24,E,10.55,F,N,,,05276EBC653002EA59D5C2DEC265B8C5203D476925B9AD943FA799ABD39A4133,OP,01,No,,,,,01,Dry,,,,,,,,
Property Damage Crashes,DA382000C9,Prince George's County Police,"Sideswipe, Same Direction",Prince George's,Local,No,Yes,No,No,No,HOBART ST,1396,COUNTY ROAD,Yes,True,No,4/18/2025,No,Point,38.939254182,-76.843353667,PGCOPD,07,16,03,No,8,,08:38,2025,Friday,15,Parked Vehicle,05,On Roadway,7,,,,,,06,Non-Junction,01,Daylight,4/18/2025,2025-04-18,W,38.47,F,N,,,613F611F72ECD72460397399900E8D818B98371D97D5D6A9B2F5AAC8CC79269B,CO,01,No,,,,,01,Dry,,,,,,,,
Property Damage Crashes,MSP7395008P,Maryland State Police,Front to Rear,Prince George's,Principal Arterial – Other Freeways and Expressways,No,No,No,No,No,RAMP 9 FR MD 459 TO US 50 WB,50,RAMP,No,True,No,1/2/2025,No,Point,38.918904321,-76.931165993,MSP,03,16,03,No,7,,07:03,2025,Thursday,12,Motor Vehicle In Transport,05,On Roadway,2,,,,,,06,Non-Junction,01,Daylight,1/2/2025,2025-01-02,S,6.41,F,N,,,7AC0290F991A4A5E0EED943A8BBE318B7912414AF3CC721A3E1BF9C129563D43,RP,01,No,,,,,01,Dry,,,,,,,,
Property Damage Crashes,DA42720027,Prince George's County Police,"Sideswipe, Same Direction",Prince George's,Principal Arterial – Other,No,No,No,No,No,SILVER HILL RD,458,MARYLAND ROUTE,No,True,No,3/28/2025,No,Point,38.842958494,-76.931484939,PGCOPD,07,16,03,No,16,,16:50,2025,Friday,12,Motor Vehicle In Transport,05,On Roadway,3,,,,,,06,Non-Junction,01,Daylight,3/28/2025,2025-03-28,W,35.8,F,N,,,929A865B54492437E5CFAFBF8D26C94C925961637288BD0F84F1849EF026B7DA,MD,01,No,,,,,01,Dry,,,,,,,,
Property Damage Crashes,DA345600DK,Prince George's County Police,"Sideswipe, Same Direction",Prince George's,Principal Arterial – Other,No,Yes,No,No,No,UNIVERSITY BLVD,193,MARYLAND ROUTE,No,True,No,1/11/2025,No,Point,38.983911052,-76.979601543,PGCOPD,07,16,03,No,14,,14:47,2025,Saturday,12,Motor Vehicle In Transport,05,On Roadway,3,,,,,,06,Non-Junction,01,Daylight,1/11/2025,2025-01-11,E,42.52,F,N,,,BC2054512E95943C695CCDE88F5BB32E55A9C76258F1C261D2E7A8441B77AFC2,MD,01,No,,,,,09,Wet,,,,,,,,