Crash Severity Description,Reportnumber,Agencyname,CollisionImpact Description,Crash County Description,FunctionalClass Description,ImpairedCrash,Large Vehicle Involved,Motorcycle Crash,Non-Motorist Crash,OffRoad,RoadName,Route Number,RouteType Description,Unrestrained Occupants,WithinDateRange,Work Zone Related,Crashdate,Work Zone Crash,CrashPoint,Latitude,Longitude,AgencyCode,CollisionImpact,Crash County,Crash Severity,Crash Within Interchange,Crashhour,CrashInterchangeApproaches,Crashtime,CrashYear,Dayofweek,FirstHarmEvent,FirstHarmEvent Description,FirstHarmLocation,FirstHarmLocation Description,FunctionalClass,Geometry Description,GovPropertyDamage,GovPropertyDamage Description,IntersectingRoadName,Intersection Geometry,JunctionRelated,JunctionRelated Description,Light,Light Description,LOD Crash Date,LOD Date Level,MilepointDirection,MilepointDistance,MilepointUnits,NonTrafficFatal,OffroadLocation,OffroadLocation Description,RoadID,RouteType,SchoolBusRelated,SchoolBusRelated Description,SecondHarmEvent,SecondHarmEvent Description,SecondHarmLocation,SecondHarmLocation Description,Surface,Surface Description,TrafficControl,Trafficcontrol Description,WZLawEnforcementPresent,WZLocation,WZLocation Description,WZType,WZType Description,WZWorkersPresent
Property Damage Crashes,DA3715008V,Prince George's County Police,Unknown,Prince George's,Major Collector,No,No,No,No,No,SEAT PLEASANT DR,361,COUNTY ROAD,Yes,True,No,4/1/2025,No,Point,38.899187950,-76.888908316,PGCOPD,99,16,03,No,18,,18:00,2025,Tuesday,12,Motor Vehicle In Transport,05,On Roadway,5,,,,,,06,Non-Junction,99,Unknown,4/1/2025,2025-04-01,N,785.99,F,N,,,BB57DD65316F176BC0B9897AB07F2B224C549AD1800B06B21F1D273A391C05F3,CO,01,No,,,,,01,Dry,,,,,,,,
Property Damage Crashes,MSP744200SG,Maryland State Police,"Sideswipe, Same Direction",Prince George's,Interstate,No,No,No,No,No,CAPITAL BELTWAY,495,INTERSTATE ROUTE,No,True,No,4/17/2025,No,Point,39.020918645,-76.947355500,MSP,07,16,03,No,2,,02:00,2025,Thursday,12,Motor Vehicle In Transport,05,On Roadway,1,,,,,,09,Through Roadway,04,Dark - Not Lighted,4/17/2025,2025-04-17,W,39.1,F,N,,,FB8FF5612EA68C37BF565CB3E7EA573A238667A75BA7B9CC227CDA9338537194,IS,01,No,25,Concrete Traffic Barrier,09,Roadside,01,Dry,,,,,,,,
Property Damage Crashes,DA36840070,Prince George's County Police,"Sideswipe, Same Direction",Prince George's,Local,No,No,No,No,No,GABLE LA,4433,OTHER PUBLIC ROAD,No,True,No,2/3/2025,No,Point,38.724763984,-76.993372288,PGCOPD,07,16,03,No,16,,16:07,2025,Monday,12,Motor Vehicle In Transport,05,On Roadway,7,,,,SWAN CREEK RD,,06,Non-Junction,01,Daylight,2/3/2025,2025-02-03,S,13.59,F,N,,,47017CA71EC6A3E104EAE024AE61F1B0E54968CCFDD8F2BE86A22616E6F6C619,OP,01,No,,,,,01,Dry,,,,,,,,
Property Damage Crashes,CC03060010,Hyattsville Police Department,Front to Front,Prince George's,Local,No,No,No,No,No,ALLEY #26,8260,MUNICIPAL ROAD,No,True,No,2/28/2025,No,Point,38.952835583,-76.955566080,HYATTSVILLE,02,16,03,No,12,,12:51,2025,Friday,12,Motor Vehicle In Transport,05,On Roadway,7,,,,,,06,Non-Junction,01,Daylight,2/28/2025,2025-02-28,W,46.62,F,N,,,839E4D0462FB409DED0542DCDB7FA42026A44418CDB624C4D4C5C37C8EE8D571,MU,01,No,,,,,01,Dry,,,,,,,,
Property Damage Crashes,DA3706005X,Prince George's County Police,Front to Rear,Prince George's,,No,Yes,No,No,Yes,,,,Yes,True,No,5/5/2025,No,Point,38.960578225,-76.839791063,PGCOPD,03,16,03,,14,,14:55,2025,Monday,12,Motor Vehicle In Transport,02,In Parking Lane Or Zone,,,,,,,,,01,Daylight,5/5/2025,2025-05-05,,,F,N,101,Parking Aisle,,,02,"Yes, School Bus Directly Involved",,,,,,,,,,,,,,
Property Damage Crashes,DA3315004G,Prince George's County Police,Other,Prince George's,Local,No,No,No,No,No,COLLIER RD,2289,COUNTY ROAD,No,True,No,1/17/2025,No,Point,39.037061748,-76.945564825,PGCOPD,98,16,03,No,18,04,18:16,2025,Friday,12,Motor Vehicle In Transport,05,On Roadway,7,Angled/Skewed,,,CHERRY HILL RD CHERRY HILL RD (EB/L),01,05,Intersection or Related,03,Dark - Lighted,1/17/2025,2025-01-17,N,0,F,N,,,26AA2B2F81F0B30989BA9235A732409090A79F07554B3E06D336E307F2070B9F,CO,01,No,,,,,09,Wet,03,Stop - Partial,,,,,,
Property Damage Crashes,DA418600BR,Prince George's County Police,Front to Rear,Prince George's,Principal Arterial – Other,No,No,No,No,No,KENILWORTH AVE,201,MARYLAND ROUTE,No,True,No,1/12/2025,No,Point,38.919491092,-76.931901663,PGCOPD,03,16,03,No,6,,06:45,2025,Sunday,12,Motor Vehicle In Transport,05,On Roadway,3,,,,,,09,Through Roadway,01,Daylight,1/12/2025,2025-01-12,W,31.11,F,N,,,C059A45BCECFA29864E157D6974FD06621B8D2C48B01AB15213B91A467D1E339,MD,01,No,,,,,02,Ice/Frost,,,,,,,,
Property Damage Crashes,DA43920015,Prince George's County Police,"Sideswipe, Opposite Direction",Prince George's,Local,No,No,No,No,No,VIRGINIA LA,3046,OTHER PUBLIC ROAD,Yes,True,No,4/21/2025,No,Point,38.812725484,-76.969100759,PGCOPD,06,16,03,No,7,,07:30,2025,Monday,12,Motor Vehicle In Transport,05,On Roadway,7,,,,,,09,Through Roadway,01,Daylight,4/21/2025,2025-04-21,S,19.89,F,N,,,263F89348CA1AA71F76B028B4564A68F89BA1764796B898A63386573D8F3C89F,OP,01,No,,,,,01,Dry,,,,,,,,
Property Damage Crashes,DA44170008,Prince George's County Police,Front to Rear,Prince George's,Principal Arterial – Other,No,No,No,No,No,OXON HILL RD,414,MARYLAND ROUTE,No,True,No,1/24/2025,No,Point,38.802629533,-76.995184078,PGCOPD,03,16,03,No,22,,22:05,2025,Friday,12,Motor Vehicle In Transport,05,On Roadway,3,,,,,,06,Non-Junction,03,Dark - Lighted,1/24/2025,2025-01-24,N,14.94,F,N,,,B67911823024428E20C9C681EC0D26909F56744436812D673E6A942148921374,MD,01,No,,,,,01,Dry,,,,,,,,
Injury Crashes,MSP738100CZ,Maryland State Police,Front to Rear,Prince George's,Principal Arterial – Other,No,No,No,No,No,CRAIN HWY (SB/L),301,UNITED STATE ROUTE,No,True,No,5/22/2025,No,Point,38.880274064,-76.720476431,MSP,03,16,02,No,8,,08:57,2025,Thursday,12,Motor Vehicle In Transport,05,On Roadway,3,,,,TRADE ZONE AVE,,01,Acceleration/Deceleration Lane,01,Daylight,5/22/2025,2025-05-22,N,18.98,F,N,,,B5FA80E081679F504419FB7D6D4E0C9806AEBADF8515D7EC1E6C5839655BC682,US,01,No,,,,,09,Wet,,,,,,,,
Property Damage Crashes,DA43560030,Prince George's County Police,Other,Prince George's,Local,No,No,No,No,No,HIL MAR DR,5512,COUNTY ROAD,No,True,No,2/20/2025,No,Point,38.841984713,-76.910587722,PGCOPD,98,16,03,No,8,,08:00,2025,Thursday,12,Motor Vehicle In Transport,05,On Roadway,7,,,,,,06,Non-Junction,01,Daylight,2/20/2025,2025-02-20,S,3.29,F,N,,,83B096E3E064A7D5D2F630DAEC017C60EE451650C2F8105E416459E1304B3E8E,CO,01,No,,,,,01,Dry,,,,,,,,
Property Damage Crashes,DA4228005H,Prince George's County Police,Front to Front,Prince George's,Major Collector,No,No,No,No,No,CAMPUS WAY SOUTH,4638,COUNTY ROAD,No,True,No,5/20/2025,No,Point,38.890998497,-76.824836166,PGCOPD,02,16,03,No,19,,19:00,2025,Tuesday,12,Motor Vehicle In Transport,01,Gore,5,,,,,,01,Acceleration/Deceleration Lane,01,Daylight,5/20/2025,2025-05-20,W,0.83,F,N,,,76494C39C582417290E74B69ED27EE11CA022D42ABF5C1215E0737A7DE0161D3,CO,01,No,,,,,01,Dry,,,,,,,,
Property Damage Crashes,DA30580044,Prince George's County Police,Angle,Prince George's,Local,No,No,No,No,No,BELLE CHASSE BLVD (NB/L),6959,COUNTY ROAD,No,True,No,3/20/2025,No,Point,39.079295892,-76.878772782,PGCOPD,01,16,03,No,15,,15:00,2025,Thursday,12,Motor Vehicle In Transport,08,Outside Road/Right-Of-Way,7,,,,,,06,Non-Junction,01,Daylight,3/20/2025,2025-03-20,W,87.92,F,N,,,F979460076BCF68D7274B3DD11E3EF433E5A0B4CF9649DDDBAF414EEAB2C1668,CO,01,No,12,Motor Vehicle In Transport,08,Outside Road/Right-Of-Way,01,Dry,,,,,,,,
Property Damage Crashes,DA4320002S,Prince George's County Police,"Sideswipe, Same Direction",Prince George's,,Yes,No,No,No,Yes,,,,No,True,No,3/7/2025,No,Point,38.823267920,-76.953674647,PGCOPD,07,16,03,,10,,10:19,2025,Friday,15,Parked Vehicle,04,"Off-Roadway, Location Unknown",,,,,,,,,01,Daylight,3/7/2025,2025-03-07,,,F,N,101,Parking Aisle,,,01,No,,,,,,,,,,,,,,
Property Damage Crashes,DA4318004F,Prince George's County Police,Front to Rear,Prince George's,Local,No,No,No,No,No,FARMER DR,946,COUNTY ROAD,No,True,No,4/26/2025,No,Point,38.795314100,-76.928458039,PGCOPD,03,16,03,No,19,,19:51,2025,Saturday,12,Motor Vehicle In Transport,05,On Roadway,7,,,,,,09,Through Roadway,03,Dark - Lighted,4/26/2025,2025-04-26,S,4.07,F,N,,,3FC4426A3CED8B1B570250CA387C5EFF2474E83E6F17ECE2AFE4D36B5A2CB30E,CO,01,No,,,,,01,Dry,,,,,,,,
Injury Crashes,DA4388001M,Prince George's County Police,Angle,Prince George's,Major Collector,No,No,No,No,No,VETERANS PKWY,410,MARYLAND ROUTE,No,True,No,4/22/2025,No,Point,38.942610121,-76.880612477,PGCOPD,01,16,02,Yes,12,04,12:25,2025,Tuesday,12,Motor Vehicle In Transport,05,On Roadway,5,Angled/Skewed,,,RAMP 3 FR RAMP 6 (FR US 50) TO MD 410 NB,01,05,Intersection or Related,01,Daylight,4/22/2025,2025-04-22,S,0,F,N,,,7683F3ED39E5C84AAFA4475FB1AB1BD9CF7D902FCD5D391272FEA9D5EF548AC1,MD,01,No,,,,,01,Dry,01,Signalized,,,,,,
Property Damage Crashes,DA309400C1,Prince George's County Police,Front to Rear,Prince George's,Minor Arterial,No,Yes,No,No,No,ENTERPRISE RD,193,MARYLAND ROUTE,No,True,No,4/13/2025,No,Point,38.947756285,-76.798432096,PGCOPD,03,16,03,No,12,,12:15,2025,Sunday,12,Motor Vehicle In Transport,05,On Roadway,4,,,,,,06,Non-Junction,01,Daylight,4/13/2025,2025-04-13,N,47.24,F,N,,,E2643B4D1472466E27739E8DC4753A52357F6C124329EEADEF4A8551BC006C77,MD,01,No,,,,,01,Dry,,,,,,,,
Property Damage Crashes,HV0141000S,University Park Police,Front to Rear,Prince George's,Principal Arterial – Other,Yes,No,No,No,No,,1,UNITED STATE ROUTE,No,True,No,4/15/2025,No,Point,38.964915217,-76.939063160,UNIVERSITYPARK,03,16,03,No,22,,22:33,2025,Tuesday,12,Motor Vehicle In Transport,05,On Roadway,3,,,,,,06,Non-Junction,03,Dark - Lighted,4/15/2025,2025-04-15,S,26.5,F,N,,,D72ECDB322F4F4AE0C308040F0A494EEF9E3E707FE982E980B08163D42227E90,US,01,No,,,,,01,Dry,,,,,,,,
Property Damage Crashes,MSP585801FD,Maryland State Police,Front to Rear,Prince George's,Interstate,No,Yes,No,No,No,CAPITAL BELTWAY,95,INTERSTATE ROUTE,No,True,No,1/31/2025,No,Point,38.818474406,-76.931479060,MSP,03,16,03,No,13,,13:14,2025,Friday,12,Motor Vehicle In Transport,05,On Roadway,1,,,,,,09,Through Roadway,01,Daylight,1/31/2025,2025-01-31,E,15.92,F,N,,,724282E4F0C47E7EEDE7B56EF318A67932AAA4B8BD94C5CC9DA2CDF5737EDBD3,IS,01,No,,,,,09,Wet,,,,,,,,
Injury Crashes,CE4914008X,Laurel Police Department,Single Vehicle,Prince George's,,No,No,No,Yes,Yes,,,,No,True,No,1/23/2025,No,Point,39.094210458,-76.840325160,LAUREL,101,16,02,,13,,13:44,2025,Thursday,17,Pedestrian,02,In Parking Lane Or Zone,,,,,,,,,01,Daylight,1/23/2025,2025-01-23,,,F,N,101,Parking Aisle,,,01,No,,,,,,,,,,,,,,
Property Damage Crashes,MSP718600L2,Maryland State Police,"Sideswipe, Same Direction",Prince George's,Interstate,No,No,No,No,No,CAPITAL BELTWAY (SB LOCAL),95,INTERSTATE ROUTE,No,True,No,5/16/2025,No,Point,38.806437892,-76.990914435,MSP,07,16,03,No,16,,16:42,2025,Friday,12,Motor Vehicle In Transport,05,On Roadway,1,,,,,,09,Through Roadway,01,Daylight,5/16/2025,2025-05-16,S,32.2,F,N,,,8EAF92555BB41F0BD97071B582F8F750984314926B67777EAAFD2B52D0747DF6,IS,01,No,,,,,01,Dry,,,,,,,,
Property Damage Crashes,DA4372001J,Prince George's County Police,Front to Rear,Prince George's,Local,No,No,No,No,No,23RD PL,1093,COUNTY ROAD,No,True,No,6/4/2025,No,Point,38.833128414,-76.957314809,PGCOPD,03,16,03,No,18,,18:31,2025,Wednesday,15,Parked Vehicle,05,On Roadway,7,,,,,,06,Non-Junction,99,Unknown,6/4/2025,2025-06-04,N,31.07,F,N,,,7B6BE05ED2CA147FBA894C00039F75C5118F8A2B0C1824F39CDF9F7104A45B49,CO,01,No,,,,,01,Dry,,,,,,,,
Injury Crashes,MSP7770007K,Maryland State Police,Single Vehicle,Prince George's,Interstate,No,No,No,No,No,CAPITAL BELTWAY (SB/L),95,INTERSTATE ROUTE,No,True,Yes,4/13/2025,Yes,Point,38.819218333,-76.915501667,MSP,101,16,02,No,23,,23:31,2025,Sunday,10,Construction Equipment,05,On Roadway,1,,,,,,06,Non-Junction,03,Dark - Lighted,4/13/2025,2025-04-13,W,31.53,F,N,,,14B87EE5F83A14BD52B3BCDC3883C5B6EC7A7CCFA516E663AEB42F10C255BA72,IS,01,No,,,,,01,Dry,,,Y,04,Activity Area,01,Lane Closure,Yes
Property Damage Crashes,DA3651004G,Prince George's County Police,Rear To Rear,Prince George's,,No,No,No,No,Yes,,,,No,True,No,4/1/2025,No,Point,38.817932327,-76.737765872,PGCOPD,04,16,03,,16,,16:20,2025,Tuesday,12,Motor Vehicle In Transport,02,In Parking Lane Or Zone,,,,,,,,,01,Daylight,4/1/2025,2025-04-01,,,F,N,102,Parking Lot Way,,,01,No,,,,,,,,,,,,,,
Property Damage Crashes,DA30470085,Prince George's County Police,"Sideswipe, Same Direction",Prince George's,Local,No,No,No,No,No,KIDDER RD,3636,COUNTY ROAD,No,True,No,3/24/2025,No,Point,38.718318644,-76.953060816,PGCOPD,07,16,03,No,4,,04:09,2025,Monday,15,Parked Vehicle,05,On Roadway,7,,,,,,06,Non-Junction,04,Dark - Not Lighted,3/24/2025,2025-03-24,N,10.21,F,N,,,EAFBFCB2CE5A6F2F2FAC4268360D9EFC161F64C93CE1E7AC52FFA6299B072DC0,CO,01,No,,,,,09,Wet,,,,,,,,
Property Damage Crashes,DA4417000C,Prince George's County Police,Front to Rear,Prince George's,Principal Arterial – Other Freeways and Expressways,No,No,No,No,No,INDIAN HEAD HWY (SB/L),210,MARYLAND ROUTE,No,True,No,2/4/2025,No,Point,38.796992975,-76.998460866,PGCOPD,03,16,03,No,5,,05:27,2025,Tuesday,12,Motor Vehicle In Transport,05,On Roadway,2,,,,,,06,Non-Junction,03,Dark - Lighted,2/4/2025,2025-02-04,W,74.38,F,N,,,389722BA8E6FF0D9B5E0D2991E1F0BFAF85F4376CD3EA98ACE87F1B3223FD526,MD,01,No,,,,,01,Dry,,,,,,,,
Injury Crashes,MSP647600H8,Maryland State Police,Front to Rear,Prince George's,Interstate,No,No,No,No,No,CAPITAL BELTWAY (SB/L),95,INTERSTATE ROUTE,No,True,No,3/5/2025,No,Point,38.816460801,-76.950957331,MSP,03,16,02,No,7,,07:31,2025,Wednesday,12,Motor Vehicle In Transport,05,On Roadway,1,,,,,,09,Through Roadway,01,Daylight,3/5/2025,2025-03-05,N,34.04,F,N,,,B4989236834EE5412064EAFBA446C6A2BAAD8646AB6CC6788F74281073A39E89,IS,01,No,12,Motor Vehicle In Transport,05,On Roadway,01,Dry,,,,,,,,
Property Damage Crashes,DA4422000W,Prince George's County Police,Angle,Prince George's,Local,No,No,No,No,No,EMERSON ST,484,COUNTY ROAD,No,True,No,4/19/2025,No,Point,38.948994984,-76.927431390,PGCOPD,01,16,03,No,14,,14:45,2025,Saturday,12,Motor Vehicle In Transport,05,On Roadway,7,,,,,,09,Through Roadway,01,Daylight,4/19/2025,2025-04-19,W,137.85,F,N,,,CE322B351F453DF6924BD16650AFD3F58F063931BF1144FAE59E693135B19DEF,CO,01,No,,,,,01,Dry,,,,,,,,
Fatal Crashes,MSP745800T8,Maryland State Police,Angle,Prince George's,,No,No,No,No,No,,889,CROSSOVER,No,True,No,5/20/2025,No,Point,38.923503333,-76.7173,MSP,01,16,01,No,18,,18:29,2025,Tuesday,12,Motor Vehicle In Transport,05,On Roadway,,,,,,,01,Acceleration/Deceleration Lane,01,Daylight,5/20/2025,2025-05-20,N,18.83,F,N,,,6665B5E632A83FE25BA7BF314B534F1A946C73B80889AC6E2706D3A0E597111D,XO,01,No,,,,,01,Dry,,,,,,,,
Injury Crashes,DA4375002S,Prince George's County Police,Front to Front,Prince George's,Minor Arterial,No,No,No,No,No,SUITLAND RD (SB/L),81,COUNTY ROAD,No,True,No,3/17/2025,No,Point,38.838996396,-76.911404391,PGCOPD,02,16,02,No,17,,17:00,2025,Monday,12,Motor Vehicle In Transport,05,On Roadway,4,,,,REGENCY PKWY,,06,Non-Junction,01,Daylight,3/17/2025,2025-03-17,W,27.8,F,N,,,7507D7D18EE9601D95460BD0D3FC56B8985378C99BA14D9DF84E2D18530CF6B6,CO,01,No,,,,,01,Dry,,,,,,,,
Property Damage Crashes,HB04390009,Maryland-National Capital Park Police Prince George's County,Rear To Rear,Prince George's,,No,No,No,No,Yes,,,,No,True,No,2/28/2025,No,Point,38.898242957,-76.884356199,PGPARK,04,16,03,,12,,12:43,2025,Friday,12,Motor Vehicle In Transport,02,In Parking Lane Or Zone,,,,,,,,,01,Daylight,2/28/2025,2025-02-28,,,F,N,100,Parking Stall,,,01,No,15,Parked Vehicle,02,In Parking Lane Or Zone,,,,,,,,,,
Property Damage Crashes,DA4356003K,Prince George's County Police,Single Vehicle,Prince George's,Major Collector,No,No,No,No,No,REGENCY PKWY,5791,COUNTY ROAD,No,True,No,5/14/2025,No,Point,38.849787576,-76.902696074,PGCOPD,101,16,03,No,19,,19:00,2025,Wednesday,27,Curb,10,Separator/Traffic Island,5,,,,,,06,Non-Junction,01,Daylight,5/14/2025,2025-05-14,E,5.74,F,N,,,4E544A17F1E45EB111C36B4DBB25ECC754CFCED70C688311259D74DD8AB4A69E,CO,01,No,27,Curb,10,Separator/Traffic Island,09,Wet,,,,,,,,
Property Damage Crashes,DA43880016,Prince George's County Police,Front to Rear,Prince George's,Local,No,No,No,No,No,LANDOVER SERVICE RD,1226,COUNTY ROAD,No,True,No,1/22/2025,No,Point,38.924360838,-76.870694851,PGCOPD,03,16,03,No,12,,12:20,2025,Wednesday,12,Motor Vehicle In Transport,05,On Roadway,7,,,,,,06,Non-Junction,01,Daylight,1/22/2025,2025-01-22,W,39.95,F,N,,,B353ED0D7714E2BAE1C1FBEBC5AD60EAFFDA88D2E458CEEF3D5A557FE78543D7,CO,01,No,,,,,01,Dry,,,,,,,,
Property Damage Crashes,RD01330012,Riverdale Park Police Department,Single Vehicle,Prince George's,Major Collector,No,Yes,No,No,No,QUEENSBURY RD,180,MUNICIPAL ROAD,Yes,True,No,1/17/2025,No,Point,38.962807143,-76.936334125,RIVERDALE,101,16,03,No,7,,07:02,2025,Friday,40,Tree (standing),04,"Off-Roadway, Location Unknown",5,,,,,,09,Through Roadway,03,Dark - Lighted,1/17/2025,2025-01-17,S,26.86,F,N,,,7E1E39E5282ADD1B9584199EBE883F67CE66E57641200A84ED3FF40688253A7F,MU,01,No,,,,,01,Dry,,,,,,,,
Property Damage Crashes,MSP7770008H,Maryland State Police,Single Vehicle,Prince George's,Interstate,No,No,No,No,No,CAPITAL BELTWAY,95,INTERSTATE ROUTE,No,True,No,5/27/2025,No,Point,38.838680337,-76.867350893,MSP,101,16,03,No,15,,15:28,2025,Tuesday,32,Guardrail Face,06,"On Shoulder, Left Side",1,,101,State,,,06,Non-Junction,01,Daylight,5/27/2025,2025-05-27,E,6.27,F,N,,,B367387FC45B0228ADA23C29B67126BFEE498723DBF11F46D6A8C974C504B142,IS,01,No,,,,,09,Wet,,,,,,,,
Property Damage Crashes,MSP746700FS,Maryland State Police,Single Vehicle,Prince George's,Principal Arterial – Other,No,No,No,No,No,STEPHANIE ROPER HWY,4,MARYLAND ROUTE,No,True,No,4/4/2025,No,Point,38.811246894,-76.713652774,MSP,101,16,03,No,6,,06:32,2025,Friday,28,Ditch,03,Median,3,,,,,,06,Non-Junction,01,Daylight,4/4/2025,2025-04-04,N,44.03,F,N,,,9ED552096E5E8FB3F495F685E4459846E54117275B9B1B28E6C6842AFC366E29,MD,01,No,,,,,01,Dry,,,,,,,,
Property Damage Crashes,DA3973006K,Prince George's County Police,Front to Front,Prince George's,Minor Arterial,No,No,No,No,No,RIGGS RD,212,MARYLAND ROUTE,No,True,No,4/16/2025,No,Point,38.981742961,-76.978900821,PGCOPD,02,16,03,Yes,15,04,15:30,2025,Wednesday,12,Motor Vehicle In Transport,05,On Roadway,4,Perpendicular,,,DREXEL ST (NB/L),03,05,Intersection or Related,01,Daylight,4/16/2025,2025-04-16,S,0,F,N,,,1C3A3D18F30C710CCA8B7F78883058F39A88D9C556398F28F22AE6004AAE67CE,MD,01,No,,,,,01,Dry,04,Yield,,,,,,
Property Damage Crashes,DA4383003B,Prince George's County Police,"Sideswipe, Same Direction",Prince George's,Minor Arterial,No,No,No,No,No,ANNAPOLIS RD (WB/L),450,MARYLAND ROUTE,No,True,No,5/10/2025,No,Point,38.961251954,-76.863356578,PGCOPD,07,16,03,No,12,,12:45,2025,Saturday,12,Motor Vehicle In Transport,05,On Roadway,4,,,,,,06,Non-Junction,01,Daylight,5/10/2025,2025-05-10,E,18.5,F,N,,,D642A9E83C5C826AF4DBC859AC674FD6D7EDEDEB3ADD75C29F5EE07ECE7F3ABC,MD,01,No,,,,,01,Dry,,,,,,,,
Property Damage Crashes,DA364800CK,Prince George's County Police,"Sideswipe, Same Direction",Prince George's,,No,No,No,No,Yes,,,,No,True,No,4/29/2025,No,Point,38.906572392,-76.836777291,PGCOPD,07,16,03,,16,,16:00,2025,Tuesday,12,Motor Vehicle In Transport,02,In Parking Lane Or Zone,,,,,,,,,01,Daylight,4/29/2025,2025-04-29,,,F,N,102,Parking Lot Way,,,01,No,,,,,,,,,,,,,,
Property Damage Crashes,DA4347001G,Prince George's County Police,"Sideswipe, Same Direction",Prince George's,Local,No,Yes,No,No,No,IRVINGTON ST (SB/L),1666,COUNTY ROAD,No,True,No,1/14/2025,No,Point,38.822087306,-76.996243643,PGCOPD,07,16,03,Yes,16,,16:33,2025,Tuesday,15,Parked Vehicle,05,On Roadway,7,,,,,,99,Unknown,01,Daylight,1/14/2025,2025-01-14,S,43.69,F,N,,,A885DF182A4B2686E642EB257055119DA238E4ABE76A17491B364B6B6F5C7B47,CO,02,"Yes, School Bus Directly Involved",,,,,01,Dry,,,,,,,,
Property Damage Crashes,MSP743900N4,Maryland State Police,Single Vehicle,Prince George's,Interstate,No,No,No,No,No,RAMP 5 FR IS 95 SB TO IS 595 EB,95,RAMP,No,True,No,4/26/2025,No,Point,38.944934463,-76.858309793,MSP,101,16,03,No,12,,12:32,2025,Saturday,25,Concrete Traffic Barrier,09,Roadside,1,,,,,,04,Entrance/Exit Ramp or Related,01,Daylight,4/26/2025,2025-04-26,W,111.29,F,N,,,EC0D4E5050A078BB8FB68B378F60FAE852FEDD055469BFED953297E83264302B,RP,01,No,,,,,09,Wet,,,,,,,,
Property Damage Crashes,DA3952008H,Prince George's County Police,"Sideswipe, Same Direction",Prince George's,Minor Arterial,No,No,No,No,No,ANNAPOLIS RD,450,MARYLAND ROUTE,No,True,No,3/16/2025,No,Point,38.961876482,-76.862266527,PGCOPD,07,16,03,No,0,,00:12,2025,Sunday,12,Motor Vehicle In Transport,05,On Roadway,4,,,,,,06,Non-Junction,03,Dark - Lighted,3/16/2025,2025-03-16,W,18.47,F,N,,,396FAEF189FDDF3BB0A396CBB316F5D42AD13B6E8E298FC342B519426E117DCE,MD,01,No,,,,,01,Dry,,,,,,,,
Injury Crashes,CE1133004Y,Laurel Police Department,Single Vehicle,Prince George's,,No,No,No,Yes,Yes,,,,No,True,No,2/18/2025,No,Point,39.085626232,-76.863371175,LAUREL,101,16,02,,14,,14:39,2025,Tuesday,17,Pedestrian,02,In Parking Lane Or Zone,,,,,,,,,01,Daylight,2/18/2025,2025-02-18,,,F,N,106,Driveway,,,01,No,97,Not Applicable,,,,,,,,,,,,
Property Damage Crashes,MSP718600K4,Maryland State Police,Front to Front,Prince George's,Principal Arterial – Other,No,No,No,No,No,COLLINGTON RD,197,MARYLAND ROUTE,No,True,No,3/29/2025,No,Point,38.942580190,-76.718131875,MSP,02,16,03,No,19,03,19:33,2025,Saturday,12,Motor Vehicle In Transport,05,On Roadway,3,Angled/Skewed,,,CRAIN HWY (SB/L),01,05,Intersection or Related,05,Dark - Unknown Lighting,3/29/2025,2025-03-29,N,0,F,N,,,A91E6C1874C07D6066F430F2663C6DE884039DF8E0960BF179D5EAF33440F680,MD,01,No,,,,,01,Dry,01,Signalized,,,,,,
Injury Crashes,DA40890091,Prince George's County Police,Angle,Prince George's,Major Collector,No,No,No,No,No,PENNSY DR,2428,COUNTY ROAD,No,True,No,5/9/2025,No,Point,38.931072388,-76.891347391,PGCOPD,01,16,02,Yes,17,,17:30,2025,Friday,12,Motor Vehicle In Transport,05,On Roadway,5,,,,,,99,Unknown,01,Daylight,5/9/2025,2025-05-09,S,66.97,F,N,,,80900583814CA89EA61A4DA55F81764B1EF2518BA6FFC5F8CDE0C80F0537CD0B,CO,01,No,12,Motor Vehicle In Transport,05,On Roadway,01,Dry,,,,,,,,
Injury Crashes,DA4074007V,Prince George's County Police,Angle,Prince George's,Principal Arterial – Other,No,No,No,No,No,OXON HILL RD,414,MARYLAND ROUTE,No,True,No,3/15/2025,No,Point,38.803964608,-76.985112717,PGCOPD,01,16,02,Yes,10,,10:00,2025,Saturday,12,Motor Vehicle In Transport,05,On Roadway,3,,,,,,03,Driveway Access or Related,01,Daylight,3/15/2025,2025-03-15,S,22.06,F,N,,,26D31860A07743D1C7255CC3D4ED63395515EB69D00A0837F8F2F4ADE715885C,MD,01,No,,,,,09,Wet,,,,,,,,
Property Damage Crashes,RD0130004G,Riverdale Park Police Department,"Sideswipe, Same Direction",Prince George's,Local,No,No,No,No,No,OGLETHORPE ST,140,MUNICIPAL ROAD,Yes,True,No,1/10/2025,No,Point,38.960189483,-76.934451365,RIVERDALE,07,16,03,No,21,,21:18,2025,Friday,12,Motor Vehicle In Transport,05,On Roadway,7,,,,,,09,Through Roadway,04,Dark - Not Lighted,1/10/2025,2025-01-10,W,32.5,F,N,,,77A9141D91BB2DC0132FA604D26D8EC8C43B70C1A727EC348C49978E21E99752,MU,01,No,15,Parked Vehicle,07,"On Shoulder, Right Side",02,Ice/Frost,,,,,,,,