Crash Severity Description,Reportnumber,Agencyname,CollisionImpact Description,Crash County Description,FunctionalClass Description,ImpairedCrash,Large Vehicle Involved,Motorcycle Crash,Non-Motorist Crash,OffRoad,RoadName,Route Number,RouteType Description,Unrestrained Occupants,WithinDateRange,Work Zone Related,Crashdate,Work Zone Crash,CrashPoint,Latitude,Longitude,AgencyCode,CollisionImpact,Crash County,Crash Severity,Crash Within Interchange,Crashhour,CrashInterchangeApproaches,Crashtime,CrashYear,Dayofweek,FirstHarmEvent,FirstHarmEvent Description,FirstHarmLocation,FirstHarmLocation Description,FunctionalClass,Geometry Description,GovPropertyDamage,GovPropertyDamage Description,IntersectingRoadName,Intersection Geometry,JunctionRelated,JunctionRelated Description,Light,Light Description,LOD Crash Date,LOD Date Level,MilepointDirection,MilepointDistance,MilepointUnits,NonTrafficFatal,OffroadLocation,OffroadLocation Description,RoadID,RouteType,SchoolBusRelated,SchoolBusRelated Description,SecondHarmEvent,SecondHarmEvent Description,SecondHarmLocation,SecondHarmLocation Description,Surface,Surface Description,TrafficControl,Trafficcontrol Description,WZLawEnforcementPresent,WZLocation,WZLocation Description,WZType,WZType Description,WZWorkersPresent
Property Damage Crashes,CBPD00680073,Bowie Police Department,Front to Rear,Prince George's,Local,No,No,No,No,No,QUILL POINT DR,2201,MUNICIPAL ROAD,No,True,No,3/9/2025,No,Point,38.995028833,-76.787086778,BOWIE,03,16,03,No,4,,04:00,2025,Sunday,15,Parked Vehicle,05,On Roadway,7,,,,,,06,Non-Junction,03,Dark - Lighted,3/9/2025,2025-03-09,E,28.71,F,N,,,2A00767C9864BC5A174D78FEED783383F96E1EF0FAE6608DFF5E683312E74B06,MU,01,No,,,,,01,Dry,,,,,,,,
Property Damage Crashes,DA4417000Z,Prince George's County Police,Front to Rear,Prince George's,Minor Arterial,No,No,No,No,No,IVERSON ST,5466,COUNTY ROAD,No,True,No,5/13/2025,No,Point,38.8368865,-76.9520279,PGCOPD,03,16,03,No,21,,21:31,2025,Tuesday,12,Motor Vehicle In Transport,05,On Roadway,4,,,,,,06,Non-Junction,03,Dark - Lighted,5/13/2025,2025-05-13,N,70.31,F,N,,,E104CA05DA02F3515E9DF09EB6DC6A404E4C9F38D623700B15BFBDA7076C7F97,CO,01,No,,,,,09,Wet,,,,,,,,
Property Damage Crashes,CBPD01000047,Bowie Police Department,Single Vehicle,Prince George's,,Yes,No,No,No,No,,1655,PRIVATE ROAD,No,True,No,5/17/2025,No,Point,38.888138572,-76.722094085,BOWIE,101,16,03,Yes,23,,23:30,2025,Saturday,36,"Other Post, Pole, Or Support",99,Unknown,,,100,Local,,,99,Unknown,03,Dark - Lighted,5/17/2025,2025-05-17,E,33.04,F,N,,,D1DCD5448778A4192ED13F69038743AB230B4B16144FAD2201766C4051CB4BC6,PV,01,No,,,,,01,Dry,,,,,,,,
Injury Crashes,DA4366002F,Prince George's County Police,Single Vehicle,Prince George's,,No,No,No,Yes,No,,1345,PRIVATE ROAD,Yes,True,No,3/20/2025,No,Point,38.898827293,-76.863822015,PGCOPD,101,16,02,No,18,,18:20,2025,Thursday,17,Pedestrian,04,"Off-Roadway, Location Unknown",,,,,,,09,Through Roadway,01,Daylight,3/20/2025,2025-03-20,N,35.96,F,N,,,C856DBCA5BB5C58164D32A7A8A13BF36E6F12D36C5CF776CB64017CDA71B1498,PV,01,No,,,,,09,Wet,,,,,,,,
Property Damage Crashes,DA4422000N,Prince George's County Police,Single Vehicle,Prince George's,Local,Yes,No,No,No,No,WAYNE PL,435,MUNICIPAL ROAD,No,True,No,3/7/2025,No,Point,38.923317935,-76.908556242,PGCOPD,101,16,03,No,22,,22:17,2025,Friday,40,Tree (standing),05,On Roadway,7,,,,,,09,Through Roadway,03,Dark - Lighted,3/7/2025,2025-03-07,S,8.31,F,N,,,42225AE8FE27C51D66792E8F36D41D7977FF1626EE41EDDAC9C94D60AB283D9D,MU,01,No,,,,,01,Dry,,,,,,,,
Property Damage Crashes,MSP7408006M,Maryland State Police,Single Vehicle,Prince George's,Local,No,No,No,No,No,NO NAME,5,MARYLAND ROUTE,No,True,No,1/1/2025,No,Point,38.78802,-76.897575,MSP,101,16,03,No,5,,05:42,2025,Wednesday,27,Curb,09,Roadside,7,,,,,,09,Through Roadway,03,Dark - Lighted,1/1/2025,2025-01-01,E,20.19,F,N,,,474EDF39741583BFADABEF8147D39EAF99DBA96BFD1806D26179804A6D7C9A2C,MD,01,No,,,,,01,Dry,,,,,,,,
Property Damage Crashes,MSP726800HV,Maryland State Police,Single Vehicle,Prince George's,Interstate,No,No,No,No,No,RAMP 2 FR MD 4 WB TO IS 95 NB,95,RAMP,No,True,No,6/3/2025,No,Point,38.843044070,-76.864000044,MSP,101,16,03,No,1,,01:33,2025,Tuesday,32,Guardrail Face,03,Median,1,,101,State,,,06,Non-Junction,04,Dark - Not Lighted,6/3/2025,2025-06-03,W,51.18,F,N,,,58CAC522A2AF6B2776FC8B28EC1EFB8079006D75FCFAD845785CC213ABE23CE6,RP,01,No,,,,,01,Dry,,,,,,,,
Property Damage Crashes,DA44250004,Prince George's County Police,Front to Rear,Prince George's,,No,No,No,No,Yes,,,,No,True,No,1/18/2025,No,Point,38.872982706,-76.930361991,PGCOPD,03,16,03,,11,,11:15,2025,Saturday,12,Motor Vehicle In Transport,02,In Parking Lane Or Zone,,,,,,,,,01,Daylight,1/18/2025,2025-01-18,,,F,N,101,Parking Aisle,,,01,No,12,Motor Vehicle In Transport,02,In Parking Lane Or Zone,,,,,,,,,,
Injury Crashes,CP0167000G,Mount Rainier Police Department,"Sideswipe, Same Direction",Prince George's,Major Collector,No,No,No,No,No,BUNKER HILL RD,40,MUNICIPAL ROAD,No,True,No,3/17/2025,No,Point,38.937945712,-76.966607546,MTRAINIER,07,16,02,No,8,,08:29,2025,Monday,12,Motor Vehicle In Transport,05,On Roadway,5,,,,29TH ST,,99,Unknown,01,Daylight,3/17/2025,2025-03-17,W,28.79,F,N,,,2C202558E51BF6BA905D10FE25195D57F0F49F9886D9FCEBF3DD6EADD0CC9A05,MU,01,No,19,Strikes Object at Rest from Motor Vehicle In Transport,05,On Roadway,01,Dry,,,,,,,,
Injury Crashes,DA42780072,Prince George's County Police,Front to Front,Prince George's,,No,No,No,No,No,GOOD LUCK RD (WB/L),42,COUNTY ROAD,No,True,No,4/16/2025,No,Point,38.984772607,-76.840175199,PGCOPD,02,16,02,No,6,,06:35,2025,Wednesday,12,Motor Vehicle In Transport,05,On Roadway,,,,,,,09,Through Roadway,01,Daylight,4/16/2025,2025-04-16,S,17.82,F,N,,,FD62CE308ADF92592EBF615F17E397192DA8B61E302032CBE69405309EAD737D,CO,01,No,,,,,01,Dry,,,,,,,,
Property Damage Crashes,CE5039003F,Laurel Police Department,Single Vehicle,Prince George's,,Yes,No,No,No,No,PLAYER DR,345,LOCAL ROAD,No,True,No,2/23/2025,No,Point,39.088088329,-76.844530774,LAUREL,101,16,03,No,4,,04:55,2025,Sunday,27,Curb,09,Roadside,,,,,,,06,Non-Junction,03,Dark - Lighted,2/23/2025,2025-02-23,E,149.04,F,N,,,D1ACA0954EA9873EAC4173C0727A71B66143CE9333420F9B264E2D850ACDDC68,LL,01,No,,,,,01,Dry,,,,,,,,
Injury Crashes,MSP7776005H,Maryland State Police,"Sideswipe, Opposite Direction",Prince George's,,No,No,No,No,No,,50,UNITED STATE ROUTE,No,True,No,3/23/2025,No,Point,38.946732348,-76.822121577,MSP,06,16,02,No,12,,12:49,2025,Sunday,12,Motor Vehicle In Transport,05,On Roadway,,,101,State,,,06,Non-Junction,01,Daylight,3/23/2025,2025-03-23,N,21.81,F,N,,,581E522951CBB1601DA32642B24350A4DD13157EF603BAD623DDD925E4F7B130,US,01,No,32,Guardrail Face,09,Roadside,01,Dry,,,,,,,,
Property Damage Crashes,DA419600D3,Prince George's County Police,Front to Rear,Prince George's,,No,No,No,No,No,,111,SPUR,No,True,No,2/14/2025,No,Point,38.823472192,-76.949485303,PGCOPD,03,16,03,No,12,,12:09,2025,Friday,12,Motor Vehicle In Transport,05,On Roadway,,,,,,,99,Unknown,01,Daylight,2/14/2025,2025-02-14,S,33.92,F,N,,,1C30A3C204E2D6EA079C9756543E99D36465BAE124CF5678601C3D449679A297,SP,01,No,,,,,01,Dry,,,,,,,,
Injury Crashes,DA4419000T,Prince George's County Police,"Sideswipe, Opposite Direction",Prince George's,Local,No,No,No,No,No,ST JOSEPHS DR (SB/L),3132,COUNTY ROAD,No,True,No,4/25/2025,No,Point,38.924058871,-76.838538991,PGCOPD,06,16,02,Yes,18,04,18:50,2025,Friday,12,Motor Vehicle In Transport,05,On Roadway,7,Perpendicular,,,CAMPUS WAY N,03,05,Intersection or Related,01,Daylight,4/25/2025,2025-04-25,N,0,F,N,,,DEAD21C5384753F6387F6F5BD8EDA94A775C491F82FF472A5FD8BD7FD9303A62,CO,01,No,,,,,01,Dry,01,Signalized,,,,,,
Property Damage Crashes,DA33720040,Prince George's County Police,Front to Rear,Prince George's,Local,No,Yes,No,No,No,CALTOR LA,2977,COUNTY ROAD,No,True,No,2/24/2025,No,Point,38.757630107,-76.976762471,PGCOPD,03,16,03,No,7,,07:10,2025,Monday,15,Parked Vehicle,05,On Roadway,7,,,,,,06,Non-Junction,100,Dawn,2/24/2025,2025-02-24,E,18.44,F,N,,,0735B5A95D3B95F1CC506B394C0BF4DED2F63AF0036D943294A218416B54566D,CO,01,No,,,,,01,Dry,,,,,,,,
Property Damage Crashes,DA33970054,Prince George's County Police,Front to Front,Prince George's,Major Collector,No,No,No,No,No,FRANK TIPPETT RD,132,COUNTY ROAD,No,True,No,5/27/2025,No,Point,38.770698391,-76.829894629,PGCOPD,02,16,03,No,0,,00:06,2025,Tuesday,12,Motor Vehicle In Transport,05,On Roadway,5,,,,,,06,Non-Junction,04,Dark - Not Lighted,5/27/2025,2025-05-27,N,8.24,F,N,,,FDF8C489B0186C8935865D3A3C97C7904D17E91C766BF1C03F49122A8E6FD0FC,CO,01,No,,,,,01,Dry,,,,,,,,
Property Damage Crashes,AZ1744000L,Cheverly Police Department,Front to Front,Prince George's,Principal Arterial – Other Freeways and Expressways,No,No,No,No,No,RAMP 1 FR RAMP 4 (FR MD 295) TO MD 202B,295,RAMP,No,True,No,2/9/2025,No,Point,38.933643489,-76.918102545,CHEVERLY,02,16,03,Yes,4,04,04:54,2025,Sunday,12,Motor Vehicle In Transport,05,On Roadway,2,Angled/Skewed,,,NO NAME NO NAME (NB/L),01,05,Intersection or Related,04,Dark - Not Lighted,2/9/2025,2025-02-09,N,0,F,N,,,712BFCC0287058DFA6600329A294BBA0FE43AA1D79E3BC5C1ED32E3AA2524768,RP,01,No,12,Motor Vehicle In Transport,05,On Roadway,09,Wet,02,Stop - All Way,,,,,,
Property Damage Crashes,DA4309002V,Prince George's County Police,Front to Rear,Prince George's,Local,No,No,No,No,No,STATON DR,3777,COUNTY ROAD,No,True,No,3/14/2025,No,Point,38.891968098,-76.783367434,PGCOPD,03,16,03,No,10,,10:45,2025,Friday,12,Motor Vehicle In Transport,02,In Parking Lane Or Zone,7,,,,,,03,Driveway Access or Related,98,Other,3/14/2025,2025-03-14,W,1.91,F,N,,,5283D4CBF261750C178FBF20BAC665352334C54C8F9E2B2A6FCA2389EF6161D9,CO,01,No,15,Parked Vehicle,02,In Parking Lane Or Zone,01,Dry,,,,,,,,
Injury Crashes,RD0127006Y,Riverdale Park Police Department,Angle,Prince George's,Principal Arterial – Other,No,No,No,No,No,KENILWORTH AVE,201,MARYLAND ROUTE,No,True,No,2/10/2025,No,Point,38.972037182,-76.915236629,RIVERDALE,01,16,02,Yes,17,04,17:25,2025,Monday,12,Motor Vehicle In Transport,03,Median,3,Perpendicular,,,GOOD LUCK RD,03,05,Intersection or Related,101,Dusk,2/10/2025,2025-02-10,E,0,F,N,,,55BFFB6FACBD2699496DB443C64FDD58DE56CEEE5B1ECA407E744F0F13B01D83,MD,01,No,,,,,01,Dry,01,Signalized,,,,,,
Injury Crashes,DA36050077,Prince George's County Police,Front to Rear,Prince George's,Interstate,No,No,No,No,No,CAPITAL BELTWAY (SB/L),95,INTERSTATE ROUTE,No,True,No,6/4/2025,No,Point,38.947910732,-76.859857490,PGCOPD,03,16,02,No,10,,10:03,2025,Wednesday,12,Motor Vehicle In Transport,05,On Roadway,1,,,,,,06,Non-Junction,01,Daylight,6/4/2025,2025-06-04,N,45.4,F,N,,,C477EC6D063E07A397267D69BA2BF1855CD763DFBFC7ECBF77BC9A5CF39C1320,IS,01,No,,,,,01,Dry,,,,,,,,
Property Damage Crashes,DA4365003M,Prince George's County Police,"Sideswipe, Same Direction",Prince George's,Principal Arterial – Other,No,No,No,No,No,GREENBELT RD,193,MARYLAND ROUTE,No,True,No,2/14/2025,No,Point,38.991337193,-76.839902594,PGCOPD,07,16,03,No,8,,08:48,2025,Friday,12,Motor Vehicle In Transport,05,On Roadway,3,,,,,,06,Non-Junction,01,Daylight,2/14/2025,2025-02-14,W,39.19,F,N,,,749254147AF4847255FA13533EC840876A47E2FF0EC56496844332DF5B84DCB5,MD,01,No,,,,,01,Dry,,,,,,,,
Property Damage Crashes,DA405100DD,Prince George's County Police,Single Vehicle,Prince George's,Principal Arterial – Other,No,Yes,No,No,No,KENILWORTH AVE (SB/L),201,MARYLAND ROUTE,No,True,No,2/25/2025,No,Point,38.924167134,-76.929380485,PGCOPD,101,16,03,No,13,,13:30,2025,Tuesday,32,Guardrail Face,07,"On Shoulder, Right Side",3,,101,State,,,01,Acceleration/Deceleration Lane,01,Daylight,2/25/2025,2025-02-25,S,26.98,F,N,,,98E0E007F3EC3289030C42F6641BAA508BA8DD77046D53FA24A4655AD58DACDA,MD,01,No,,,,,01,Dry,,,,,,,,
Property Damage Crashes,MSP7552009J,Maryland State Police,Single Vehicle,Prince George's,Interstate,No,No,No,No,No,RAMP 6 FR IS 595 EB TO MD 704 SB,595,RAMP,No,True,No,1/21/2025,No,Point,38.945014283,-76.843753317,MSP,101,16,03,Yes,8,,08:02,2025,Tuesday,25,Concrete Traffic Barrier,09,Roadside,1,,,,,,04,Entrance/Exit Ramp or Related,01,Daylight,1/21/2025,2025-01-21,E,31.82,F,N,,,BCDD61BC1F01BF1200FCF25D78CAC140FC966C3F6CB44F1824B534278F8EE309,RP,01,No,,,,,01,Dry,,,,,,,,
Property Damage Crashes,DA4411000Q,Prince George's County Police,Front to Rear,Prince George's,Local,No,No,No,No,No,WINTERBOURNE DR,7270,COUNTY ROAD,Yes,True,No,4/8/2025,No,Point,38.849893989,-76.745427815,PGCOPD,03,16,03,No,19,,19:00,2025,Tuesday,12,Motor Vehicle In Transport,05,On Roadway,7,,,,,,01,Acceleration/Deceleration Lane,01,Daylight,4/8/2025,2025-04-08,W,10.02,F,N,,,BBBD7EACC0DD04C3D3EBC34928E238061EF603C0D38D2DB7D62106644F5BA523,CO,01,No,,,,,01,Dry,,,,,,,,
Property Damage Crashes,DA41340070,Prince George's County Police,Angle,Prince George's,Local,No,No,No,No,No,N PLATTE DR,3549,MUNICIPAL ROAD,No,True,No,5/2/2025,No,Point,38.929333599,-76.734422533,PGCOPD,01,16,03,Yes,17,04,17:30,2025,Friday,12,Motor Vehicle In Transport,05,On Roadway,7,Perpendicular,,,MITCHELLVILLE RD,03,05,Intersection or Related,01,Daylight,5/2/2025,2025-05-02,S,0,F,N,,,A6500AB4C70D364337F7BCAC4F412BD53B4DD64CA3B82284AB6ED1C37392DD4C,MU,01,No,12,Motor Vehicle In Transport,05,On Roadway,01,Dry,04,Yield,,,,,,
Property Damage Crashes,DA3380009K,Prince George's County Police,Other,Prince George's,Major Collector,No,No,No,No,No,SURRATTS RD,130,COUNTY ROAD,No,True,No,3/3/2025,No,Point,38.756575865,-76.894700335,PGCOPD,98,16,03,No,19,,19:12,2025,Monday,12,Motor Vehicle In Transport,05,On Roadway,5,,,,,,01,Acceleration/Deceleration Lane,03,Dark - Lighted,3/3/2025,2025-03-03,E,53.55,F,N,,,C69046C90D010F327476453394FD860A6F190A4E3D8D6DBC1EEC677920E26F90,CO,01,No,12,Motor Vehicle In Transport,05,On Roadway,01,Dry,,,,,,,,
Property Damage Crashes,MSP77730026,Maryland State Police,Angle,Prince George's,Principal Arterial – Other,No,No,No,No,No,,1,UNITED STATE ROUTE,No,True,No,4/14/2025,No,Point,39.030105717,-76.9141619,MSP,01,16,03,No,18,,18:50,2025,Monday,12,Motor Vehicle In Transport,05,On Roadway,3,,,,,,03,Driveway Access or Related,01,Daylight,4/14/2025,2025-04-14,N,29.37,F,N,,,2CB76FC27FFC3280F06CB4FF333BC8B2D7722DC57DF8F6FE116059A98EC3BEB0,US,01,No,,,,,01,Dry,,,,,,,,
Property Damage Crashes,MSP7453009T,Maryland State Police,"Sideswipe, Same Direction",Prince George's,,No,Yes,No,No,No,,581,PRIVATE ROAD,No,True,No,4/3/2025,No,Point,39.01145055,-76.877105383,MSP,07,16,03,No,9,,09:51,2025,Thursday,15,Parked Vehicle,09,Roadside,,,101,State,,,06,Non-Junction,01,Daylight,4/3/2025,2025-04-03,S,15.44,F,N,,,979C0D2A14CE60781ABC618C1E2C612090434B5B05188F60DC7D3EF70A4957F7,PV,01,No,,,,,09,Wet,,,,,,,,
Injury Crashes,DA37070054,Prince George's County Police,Front to Rear,Prince George's,Principal Arterial – Other Freeways and Expressways,No,Yes,No,No,No,BALTIMORE WASHINGTON PKWY,295,MARYLAND ROUTE,No,True,No,5/20/2025,No,Point,38.994304407,-76.881869426,PGCOPD,03,16,02,No,10,,10:20,2025,Tuesday,12,Motor Vehicle In Transport,05,On Roadway,2,,,,,,06,Non-Junction,01,Daylight,5/20/2025,2025-05-20,N,34.72,F,N,,,045055B726189B28A44C3EE6E1E685E503098B9125E02696C97D0C4BCFF76762,MD,02,"Yes, School Bus Directly Involved",,,,,01,Dry,,,,,,,,
Property Damage Crashes,DA3008001J,Prince George's County Police,"Sideswipe, Same Direction",Prince George's,Principal Arterial – Other,No,Yes,No,No,No,CRAIN HWY,301,UNITED STATE ROUTE,Yes,True,No,6/6/2025,No,Point,38.855497042,-76.725546479,PGCOPD,07,16,03,No,14,,14:09,2025,Friday,12,Motor Vehicle In Transport,07,"On Shoulder, Right Side",3,,,,,,06,Non-Junction,01,Daylight,6/6/2025,2025-06-06,W,20.83,F,N,,,F30F5030EA63A13E59A6CF8A4AC9C75680337BC6C8B010A60728ABBC1CF35B3B,US,02,"Yes, School Bus Directly Involved",,,,,01,Dry,,,,,,,,
Property Damage Crashes,DA4228005C,Prince George's County Police,Rear To Rear,Prince George's,Minor Arterial,No,No,No,No,No,WATKINS PARK DR (WB/L),193,MARYLAND ROUTE,No,True,No,4/8/2025,No,Point,38.897908322,-76.790358751,PGCOPD,04,16,03,No,17,,17:30,2025,Tuesday,15,Parked Vehicle,02,In Parking Lane Or Zone,4,,,,CHESTERTON DR,,06,Non-Junction,01,Daylight,4/8/2025,2025-04-08,S,22.11,F,N,,,7206ECEC8303C48057DCB519D66031316143F9E52E36B1817CDD56031B97DABC,MD,02,"Yes, School Bus Directly Involved",,,,,01,Dry,,,,,,,,
Property Damage Crashes,CC0290003Z,Hyattsville Police Department,"Sideswipe, Opposite Direction",Prince George's,Local,No,No,No,No,No,38TH AVE,9380,MUNICIPAL ROAD,No,True,No,4/16/2025,No,Point,38.957124822,-76.954443192,HYATTSVILLE,06,16,03,No,16,,16:30,2025,Wednesday,12,Motor Vehicle In Transport,05,On Roadway,7,,,,,,06,Non-Junction,01,Daylight,4/16/2025,2025-04-16,S,13.47,F,N,,,E687A79FAAF81F8AAF1F83DD453103ED7B6848E741FF819DD957208516A755B4,MU,01,No,97,Not Applicable,,,09,Wet,,,,,,,,
Property Damage Crashes,MSP7657007B,Maryland State Police,Front to Rear,Prince George's,Interstate,No,No,No,No,No,CAPITAL BELTWAY (SB/L),95,INTERSTATE ROUTE,No,True,No,1/30/2025,No,Point,38.898171667,-76.849496667,MSP,03,16,03,No,15,,15:36,2025,Thursday,12,Motor Vehicle In Transport,05,On Roadway,1,,,,,,06,Non-Junction,01,Daylight,1/30/2025,2025-01-30,W,39.78,F,N,,,72ABB78AE03E4802C22C12312046DABC67C9BB0DB5F534B5BFB5487CE58ECCE4,IS,01,No,12,Motor Vehicle In Transport,05,On Roadway,01,Dry,,,,,,,,
Property Damage Crashes,DA4257004T,Prince George's County Police,Front to Front,Prince George's,Local,Yes,No,No,No,No,POWDER MILL RD,3542,COUNTY ROAD,No,True,No,3/23/2025,No,Point,39.049685891,-76.922004475,PGCOPD,02,16,03,No,22,,22:00,2025,Sunday,12,Motor Vehicle In Transport,05,On Roadway,7,,,,,,06,Non-Junction,03,Dark - Lighted,3/23/2025,2025-03-23,N,671.96,F,N,,,7A50FB4A87E288D7387EFBBE9C6C652090BFA10EA3A53BE1FFA425B20E3642E6,CO,01,No,,,,,01,Dry,,,,,,,,
Property Damage Crashes,DA418600BY,Prince George's County Police,Front to Rear,Prince George's,Principal Arterial – Other,No,No,No,No,No,,1,UNITED STATE ROUTE,No,True,No,1/21/2025,No,Point,39.009501914,-76.929024774,PGCOPD,03,16,03,No,17,,17:05,2025,Tuesday,12,Motor Vehicle In Transport,05,On Roadway,3,,,,,,06,Non-Junction,01,Daylight,1/21/2025,2025-01-21,N,13.15,F,N,,,5FA7DF1AED794229A07AFAF534CAFF45AEC4D7D2F11F51B897363C77D29CA4D8,US,01,No,,,,,02,Ice/Frost,,,,,,,,
Property Damage Crashes,CE4862004S,Laurel Police Department,Angle,Prince George's,Major Collector,No,No,No,No,No,FOURTH ST,9040,MUNICIPAL ROAD,No,True,No,3/17/2025,No,Point,39.100275140,-76.853101172,LAUREL,01,16,03,Yes,14,02,14:44,2025,Monday,12,Motor Vehicle In Transport,05,On Roadway,5,Perpendicular,,,GORMAN AVE,03,05,Intersection or Related,01,Daylight,3/17/2025,2025-03-17,E,0,F,N,,,A8DB17A1031519AA40879A2B92E0AFF4DE2FCA20E679874C8440680F87C8748A,MU,01,No,,,,,01,Dry,01,Signalized,,,,,,
Property Damage Crashes,MSP697200G8,Maryland State Police,Front to Rear,Prince George's,Interstate,No,No,No,No,No,NO NAME (SB/L),95,INTERSTATE ROUTE,No,True,No,3/24/2025,No,Point,39.028195456,-76.949771299,MSP,03,16,03,No,7,,07:40,2025,Monday,12,Motor Vehicle In Transport,05,On Roadway,1,,,,,,06,Non-Junction,01,Daylight,3/24/2025,2025-03-24,W,26.34,F,N,,,4AFC606A6BCB5A7EEE0CB9F65AA80D5F62329D8C5C89F0C6837FDDC3B2987369,IS,01,No,,,,,09,Wet,,,,,,,,
Fatal Crashes,DA2260003N,Prince George's County Police,Single Vehicle,Prince George's,Minor Arterial,No,No,No,No,No,RIGGS RD,212,MARYLAND ROUTE,Yes,True,No,5/5/2025,No,Point,38.998292325,-76.973263498,PGCOPD,101,16,01,No,0,,00:51,2025,Monday,07,Overturn/Rollover,06,"On Shoulder, Left Side",4,,,,,,06,Non-Junction,03,Dark - Lighted,5/5/2025,2025-05-05,E,36.89,F,N,,,FF7B5B0B772655671548E870299BF9A8B6F9B0009F2EA5766EEE0C57BE09E6F1,MD,01,No,15,Parked Vehicle,08,Outside Road/Right-Of-Way,01,Dry,,,,,,,,
Property Damage Crashes,DA4320002X,Prince George's County Police,Angle,Prince George's,Principal Arterial – Other,No,No,No,No,No,ST BARNABAS RD,414,MARYLAND ROUTE,No,True,No,3/29/2025,No,Point,38.823471779,-76.949605372,PGCOPD,01,16,03,No,18,,18:44,2025,Saturday,12,Motor Vehicle In Transport,05,On Roadway,3,,,,,,03,Driveway Access or Related,101,Dusk,3/29/2025,2025-03-29,N,3.17,F,N,,,4D44674861F996A024B9EC373CFFD84B5699487165C40622EDD8D53EAB6CCB2C,MD,01,No,,,,,01,Dry,,,,,,,,
Property Damage Crashes,DA3315004L,Prince George's County Police,Front to Rear,Prince George's,Minor Arterial,No,No,No,No,No,CHERRY HILL RD,14,COUNTY ROAD,No,True,No,3/11/2025,No,Point,39.044097957,-76.951195477,PGCOPD,03,16,03,No,20,,20:31,2025,Tuesday,12,Motor Vehicle In Transport,05,On Roadway,4,,,,,,06,Non-Junction,03,Dark - Lighted,3/11/2025,2025-03-11,N,9.79,F,N,,,13924709645940AC5D28F7E88C4DD854CC857320C9B53103D4A39A8C8376741C,CO,01,No,,,,,01,Dry,,,,,,,,
Property Damage Crashes,MSP7875002B,Maryland State Police,"Sideswipe, Same Direction",Prince George's,Principal Arterial – Other,No,No,No,No,No,CRAIN HWY,301,UNITED STATE ROUTE,No,True,No,2/25/2025,No,Point,38.868973033,-76.721826966,MSP,07,16,03,No,5,,05:19,2025,Tuesday,12,Motor Vehicle In Transport,05,On Roadway,3,,,,,,06,Non-Junction,04,Dark - Not Lighted,2/25/2025,2025-02-25,N,15.72,F,N,,,BC7DB7ECEC6787D4C4F0AB4498C0E440169585C2FA831757EE31331D20707EE7,US,01,No,,,,,01,Dry,,,,,,,,
Property Damage Crashes,DA4318004M,Prince George's County Police,"Sideswipe, Same Direction",Prince George's,,No,No,No,No,No,,423,SPUR,No,True,No,5/10/2025,No,Point,38.805760428,-76.973250495,PGCOPD,07,16,03,No,22,,22:46,2025,Saturday,12,Motor Vehicle In Transport,05,On Roadway,,,,,,,09,Through Roadway,05,Dark - Unknown Lighting,5/10/2025,2025-05-10,W,3.15,F,N,,,23B17AEB0266013677349E49771A217B74B6454B6F4E6A463C09C3ACFE70B8CC,SP,01,No,,,,,01,Dry,,,,,,,,
Property Damage Crashes,RD0133001B,Riverdale Park Police Department,Other,Prince George's,Principal Arterial – Other,No,No,No,No,No,EAST WEST HWY,410,MARYLAND ROUTE,No,True,No,3/16/2025,No,Point,38.960359778,-76.919846607,RIVERDALE,98,16,03,Yes,17,04,17:35,2025,Sunday,12,Motor Vehicle In Transport,05,On Roadway,3,Perpendicular,,,KENILWORTH AVE,03,05,Intersection or Related,01,Daylight,3/16/2025,2025-03-16,N,0,F,N,,,A787CBE8FD8C9D1CBB7A75724BB6CD061E6379CA5CAC789494D31C9C4D441F3F,MD,01,No,,,,,01,Dry,01,Signalized,,,,,,
Injury Crashes,DA4388001F,Prince George's County Police,Front to Rear,Prince George's,Principal Arterial – Other,No,No,No,No,No,LANDOVER RD (SB/L),202,MARYLAND ROUTE,No,True,No,3/19/2025,No,Point,38.927310320,-76.880822872,PGCOPD,03,16,02,No,7,,07:45,2025,Wednesday,12,Motor Vehicle In Transport,05,On Roadway,3,,,,,,06,Non-Junction,01,Daylight,3/19/2025,2025-03-19,E,52.61,F,N,,,111420C41CA631D1A48A96C93BF0EC108B596E36C48B5DE7CF4C87785D7C47FC,MD,01,No,,,,,01,Dry,,,,,,,,
Property Damage Crashes,MSP585801GF,Maryland State Police,"Sideswipe, Same Direction",Prince George's,Interstate,No,No,No,No,No,CAPITAL BELTWAY (SB/L),95,INTERSTATE ROUTE,No,True,No,3/21/2025,No,Point,38.808419031,-76.972694126,MSP,07,16,03,No,7,,07:36,2025,Friday,12,Motor Vehicle In Transport,05,On Roadway,1,,,,,,09,Through Roadway,01,Daylight,3/21/2025,2025-03-21,S,12.88,F,N,,,08D0430AF6925D34852C1E20FCA826E3E8D8E1251AA4B5CC92B640D5C6F03D0D,IS,01,No,,,,,01,Dry,,,,,,,,