Crash Severity Description,Reportnumber,Agencyname,CollisionImpact Description,Crash County Description,FunctionalClass Description,ImpairedCrash,Large Vehicle Involved,Motorcycle Crash,Non-Motorist Crash,OffRoad,RoadName,Route Number,RouteType Description,Unrestrained Occupants,WithinDateRange,Work Zone Related,Crashdate,Work Zone Crash,CrashPoint,Latitude,Longitude,AgencyCode,CollisionImpact,Crash County,Crash Severity,Crash Within Interchange,Crashhour,CrashInterchangeApproaches,Crashtime,CrashYear,Dayofweek,FirstHarmEvent,FirstHarmEvent Description,FirstHarmLocation,FirstHarmLocation Description,FunctionalClass,Geometry Description,GovPropertyDamage,GovPropertyDamage Description,IntersectingRoadName,Intersection Geometry,JunctionRelated,JunctionRelated Description,Light,Light Description,LOD Crash Date,LOD Date Level,MilepointDirection,MilepointDistance,MilepointUnits,NonTrafficFatal,OffroadLocation,OffroadLocation Description,RoadID,RouteType,SchoolBusRelated,SchoolBusRelated Description,SecondHarmEvent,SecondHarmEvent Description,SecondHarmLocation,SecondHarmLocation Description,Surface,Surface Description,TrafficControl,Trafficcontrol Description,WZLawEnforcementPresent,WZLocation,WZLocation Description,WZType,WZType Description,WZWorkersPresent
Property Damage Crashes,DA4252005T,Prince George's County Police,Front to Rear,Prince George's,Principal Arterial – Other,No,No,No,No,No,LANDOVER RD,202,MARYLAND ROUTE,No,True,No,2/27/2025,No,Point,38.927385932,-76.879973192,PGCOPD,03,16,03,No,11,,11:22,2025,Thursday,12,Motor Vehicle In Transport,05,On Roadway,3,,,,,,06,Non-Junction,01,Daylight,2/27/2025,2025-02-27,N,36.62,F,N,,,635D85D63065A68F1F4B9DD956399C496B5F68F8DF64B794B7912D06FCA66402,MD,01,No,,,,,01,Dry,,,,,,,,
Property Damage Crashes,MSP76570081,Maryland State Police,Angle,Prince George's,Local,No,No,No,No,No,,978,MARYLAND ROUTE,No,True,No,4/17/2025,No,Point,38.896878589,-76.721692359,MSP,01,16,03,No,18,03,18:04,2025,Thursday,12,Motor Vehicle In Transport,05,On Roadway,7,Perpendicular,,,CRAIN HWY (SB/L),03,05,Intersection or Related,01,Daylight,4/17/2025,2025-04-17,S,0,F,N,,,16B2A8EE2BA46D4EBF1C76B01A3CCA98051008BA2440F11DCF913FFF6A695A32,MD,01,No,,,,,01,Dry,03,Stop - Partial,,,,,,
Injury Crashes,MSP76570072,Maryland State Police,Single Vehicle,Prince George's,Principal Arterial – Other,No,No,No,No,No,CRAIN HWY,301,UNITED STATE ROUTE,No,True,No,1/7/2025,No,Point,38.804645067,-76.747702917,MSP,101,16,02,No,15,,15:09,2025,Tuesday,29,Embankment,09,Roadside,3,,,,,,06,Non-Junction,01,Daylight,1/7/2025,2025-01-07,S,29.17,F,N,,,05F055F190C4CD22765B34504BD8E85F3E3198BF71FAA47012B149519ADEF5D3,US,01,No,40,Tree (standing),09,Roadside,02,Ice/Frost,,,,,,,,
Property Damage Crashes,MSP697200GH,Maryland State Police,Front to Rear,Prince George's,Interstate,No,No,No,No,No,CAPITAL BELTWAY,95,INTERSTATE ROUTE,No,True,No,4/15/2025,No,Point,38.988223854,-76.882772834,MSP,03,16,03,No,9,,09:33,2025,Tuesday,12,Motor Vehicle In Transport,05,On Roadway,1,,,,,,06,Non-Junction,01,Daylight,4/15/2025,2025-04-15,N,47.14,F,N,,,A6C8DC3284FE7E08B3FBF8D7F1B618E6F9CD50ABD48934B19432625DB7D3FC1B,IS,01,No,,,,,01,Dry,,,,,,,,
Injury Crashes,ZP03330002,Prince George's County Sheriff's Office,Front to Rear,Prince George's,Principal Arterial – Other,No,No,No,No,No,CRAIN HWY,301,UNITED STATE ROUTE,No,True,No,4/28/2025,No,Point,38.886699734,-76.719518965,PGCOSHERIFF,03,16,02,No,12,,12:11,2025,Monday,12,Motor Vehicle In Transport,05,On Roadway,3,,,,,,06,Non-Junction,01,Daylight,4/28/2025,2025-04-28,S,11.37,F,N,,,4F76CAA1BAFE87917D5F2E4733674A477C00EFC5DCBA0A80E55342B00B6DB540,US,01,No,,,,,01,Dry,,,,,,,,
Property Damage Crashes,DA351500D8,Prince George's County Police,Unknown,Prince George's,Local,No,No,No,No,No,HOLLY WAY,2186,COUNTY ROAD,No,True,No,4/18/2025,No,Point,38.659616070,-77.025913351,PGCOPD,99,16,03,No,13,,13:48,2025,Friday,12,Motor Vehicle In Transport,05,On Roadway,7,,,,,,06,Non-Junction,01,Daylight,4/18/2025,2025-04-18,S,39.07,F,N,,,A69DFFDB6B85121F440712699A0D0A7CD6FE1202F41DE4B8112D3C3FD826320E,CO,01,No,15,Parked Vehicle,05,On Roadway,01,Dry,,,,,,,,
Property Damage Crashes,MSP585801G6,Maryland State Police,Front to Rear,Prince George's,Principal Arterial – Other,No,No,No,No,No,CRAIN HWY (SB/L),301,UNITED STATE ROUTE,No,True,No,3/5/2025,No,Point,38.676650760,-76.875799402,MSP,03,16,03,No,13,,13:50,2025,Wednesday,12,Motor Vehicle In Transport,05,On Roadway,3,,,,,,09,Through Roadway,01,Daylight,3/5/2025,2025-03-05,N,23.76,F,N,,,36BEC729DEEE4FBBC2C6B998BFE72F86576F2DE394F730E93DB02BFF423D2214,US,01,No,,,,,09,Wet,,,,,,,,
Property Damage Crashes,MSP7776006Y,Maryland State Police,"Sideswipe, Same Direction",Prince George's,Interstate,No,No,No,No,No,CAPITAL BELTWAY (SB/L),95,INTERSTATE ROUTE,No,True,No,5/26/2025,No,Point,38.997901772,-76.891247379,MSP,07,16,03,No,23,,23:34,2025,Monday,12,Motor Vehicle In Transport,05,On Roadway,1,,,,,,06,Non-Junction,04,Dark - Not Lighted,5/26/2025,2025-05-26,S,25.14,F,N,,,529014D6F81862D7ABC4CEB2D1F7EA8FA4D1CCBB692B68F3BFF678E5FB9CC444,IS,01,No,,,,,01,Dry,,,,,,,,
Property Damage Crashes,DA3597004K,Prince George's County Police,"Sideswipe, Same Direction",Prince George's,,No,No,No,No,No,ALLENTOWN RD (SB/L),126,COUNTY ROAD,No,True,No,5/20/2025,No,Point,38.761128109,-76.958734763,PGCOPD,07,16,03,No,12,,12:23,2025,Tuesday,12,Motor Vehicle In Transport,05,On Roadway,,,,,,,06,Non-Junction,01,Daylight,5/20/2025,2025-05-20,S,1.87,F,N,,,E39BE0B9B94DFD58876EBA225378794DEFA968D92A592C03E52DA9A58877717E,CO,01,No,,,,,01,Dry,,,,,,,,
Property Damage Crashes,DA3826009H,Prince George's County Police,"Sideswipe, Same Direction",Prince George's,Major Collector,Yes,No,No,No,No,FISHER RD,125,COUNTY ROAD,Yes,True,No,5/18/2025,No,Point,38.807028874,-76.956789839,PGCOPD,07,16,03,No,23,,23:42,2025,Sunday,12,Motor Vehicle In Transport,05,On Roadway,5,,,,,,09,Through Roadway,04,Dark - Not Lighted,5/18/2025,2025-05-18,S,12.59,F,N,,,F142B7798149ACA333A1317E00433D270268A1DA3FD6849325C80FE74F647D41,CO,01,No,,,,,01,Dry,,,,,,,,
Property Damage Crashes,CNC3184001X,New Carrollton Police Department,Front to Rear,Prince George's,Minor Arterial,No,No,No,No,No,ANNAPOLIS RD (WB/L),450,MARYLAND ROUTE,No,True,No,3/13/2025,No,Point,38.951915823,-76.885245616,NCPD,03,16,03,Yes,19,,19:27,2025,Thursday,12,Motor Vehicle In Transport,05,On Roadway,4,,,,,,09,Through Roadway,01,Daylight,3/13/2025,2025-03-13,E,18.52,F,N,,,2629575BB14E8E1476CBEA0D6B54F579EE7A7D547B7C13F781968FEC95311C32,MD,01,No,,,,,01,Dry,,,,,,,,
Property Damage Crashes,DA4327003H,Prince George's County Police,Front to Rear,Prince George's,Minor Collector,No,Yes,No,No,No,COUNTY RD,84,COUNTY ROAD,No,True,No,1/14/2025,No,Point,38.858042983,-76.898971934,PGCOPD,03,16,03,No,22,,22:30,2025,Tuesday,12,Motor Vehicle In Transport,05,On Roadway,6,,,,,,06,Non-Junction,03,Dark - Lighted,1/14/2025,2025-01-14,S,36.35,F,N,,,FB8F22A3EF17D290ADBA9D6EFD2199219940BEA0CE430FEFA023065C5EE737FB,CO,01,No,,,,,01,Dry,,,,,,,,
Property Damage Crashes,MSP585801H5,Maryland State Police,Single Vehicle,Prince George's,Interstate,No,No,No,No,No,CAPITAL BELTWAY (SB/L),95,INTERSTATE ROUTE,No,True,No,4/23/2025,No,Point,38.819720734,-76.894888202,MSP,101,16,03,No,22,,22:21,2025,Wednesday,13,Other Non-Fixed Object,05,On Roadway,1,,,,,,09,Through Roadway,04,Dark - Not Lighted,4/23/2025,2025-04-23,S,16.19,F,N,,,3AB88BE4F65FAE5FE66388D9A54434BEB9C7830A4599362D0D62B961FAB55A3C,IS,01,No,,,,,01,Dry,,,,,,,,
Injury Crashes,DA4429000C,Prince George's County Police,Angle,Prince George's,Principal Arterial – Other,No,No,No,No,No,LANDOVER RD,202,MARYLAND ROUTE,No,True,No,1/29/2025,No,Point,38.926650084,-76.886936721,PGCOPD,01,16,02,Yes,20,04,20:22,2025,Wednesday,12,Motor Vehicle In Transport,05,On Roadway,3,Perpendicular,,,75TH AVE,03,05,Intersection or Related,03,Dark - Lighted,1/29/2025,2025-01-29,N,0,F,N,,,25E20BB40E5C676063A25547E3E666F38129FBCD5AF8E7718714C630EE91C621,MD,01,No,,,,,01,Dry,01,Signalized,,,,,,
Property Damage Crashes,MSP78750022,Maryland State Police,Front to Rear,Prince George's,,No,No,No,No,No,,866,CROSSOVER,No,True,No,2/18/2025,No,Point,38.794713649,-77.015419623,MSP,03,16,03,No,22,,22:20,2025,Tuesday,12,Motor Vehicle In Transport,05,On Roadway,,,,,CAPITAL BELTWAY (NB LOCAL),,06,Non-Junction,03,Dark - Lighted,2/18/2025,2025-02-18,E,16.48,F,N,,,3FFB4242168E4BAB852BFF0439978B980AA0BBD4E1F99AF1D1DE2DC67DEC3AFD,XO,01,No,,,,,01,Dry,,,,,,,,
Property Damage Crashes,DA4135006B,Prince George's County Police,Other,Prince George's,Minor Arterial,No,No,No,No,No,RIGGS RD,212,MARYLAND ROUTE,No,True,No,1/1/2025,No,Point,39.025494338,-76.966342852,PGCOPD,98,16,03,No,8,,08:30,2025,Wednesday,12,Motor Vehicle In Transport,08,Outside Road/Right-Of-Way,4,,,,,,06,Non-Junction,01,Daylight,1/1/2025,2025-01-01,S,31.97,F,N,,,C8B25AC38D223CC8A19F4F2B42B4371DC93DADB7CDB6B68059E432387727C1D6,MD,01,No,15,Parked Vehicle,08,Outside Road/Right-Of-Way,01,Dry,,,,,,,,
Property Damage Crashes,DA416800C9,Prince George's County Police,Front to Rear,Prince George's,Principal Arterial – Other Freeways and Expressways,No,No,No,No,No,INDIAN HEAD HWY,210,MARYLAND ROUTE,No,True,No,4/17/2025,No,Point,38.761228080,-76.993663565,PGCOPD,03,16,03,No,6,,06:05,2025,Thursday,12,Motor Vehicle In Transport,05,On Roadway,2,,,,,,09,Through Roadway,01,Daylight,4/17/2025,2025-04-17,S,32.97,F,N,,,C6A30485247994199A4FCDD807FC2D860D6EF7ECF3DF20092002127AFB216427,MD,01,No,,,,,01,Dry,,,,,,,,
Property Damage Crashes,MSP7839004Y,Maryland State Police,"Sideswipe, Same Direction",Prince George's,Interstate,No,No,Yes,No,No,CAPITAL BELTWAY (SB/L),95,INTERSTATE ROUTE,No,True,Yes,5/5/2025,Yes,Point,38.819561667,-76.92791,MSP,07,16,03,No,15,,15:14,2025,Monday,12,Motor Vehicle In Transport,05,On Roadway,1,,101,State,,,06,Non-Junction,01,Daylight,5/5/2025,2025-05-05,N,23.23,F,N,,,F95497F66381C55F65FBCAE9573C48B21AF8F7C4DB9F556E0D7CF8D03DB46B21,IS,01,No,,,,,01,Dry,,,N,03,Transition Area,03,Work on Shoulder or Median,No
Property Damage Crashes,DA3667003F,Prince George's County Police,"Sideswipe, Same Direction",Prince George's,Major Collector,No,No,No,No,No,LAKE ARBOR WAY,3460,COUNTY ROAD,No,True,No,4/23/2025,No,Point,38.902489713,-76.812453619,PGCOPD,07,16,03,No,19,,19:36,2025,Wednesday,12,Motor Vehicle In Transport,05,On Roadway,5,,,,,,06,Non-Junction,01,Daylight,4/23/2025,2025-04-23,W,72.15,F,N,,,3BC6EDF84C93CDED1627E2630AEC370E03A793F1065B3A24C90E3A68C701E424,CO,01,No,,,,,01,Dry,,,,,,,,
Property Damage Crashes,DA404800GW,Prince George's County Police,Front to Rear,Prince George's,Interstate,No,No,No,No,No,RAMP 9 FR RAMP 2 (FR IS 95) TO MD 414 SB,95,RAMP,No,True,No,3/17/2025,No,Point,38.810999406,-76.967836323,PGCOPD,03,16,03,No,2,04,02:23,2025,Monday,12,Motor Vehicle In Transport,05,On Roadway,1,Perpendicular,,,ST BARNABAS RD,03,05,Intersection or Related,03,Dark - Lighted,3/17/2025,2025-03-17,E,0,F,N,,,8DFBF6B488032E88F62054C7541E354189D5EEA98A232395C82E71992F4EB7FE,RP,01,No,,,,,09,Wet,01,Signalized,,,,,,
Property Damage Crashes,DA4301003P,Prince George's County Police,Single Vehicle,Prince George's,Local,No,No,No,No,No,PISCATAWAY DR,2924,COUNTY ROAD,No,True,No,2/8/2025,No,Point,38.706948696,-76.994931608,PGCOPD,101,16,03,No,15,,15:35,2025,Saturday,36,"Other Post, Pole, Or Support",07,"On Shoulder, Right Side",7,,,,,,06,Non-Junction,01,Daylight,2/8/2025,2025-02-08,W,680.7,F,N,,,F29D57290E748C4DE6A591D16D62158C034D4AD62A4D2D8229CA5F32F6D13E5F,CO,01,No,,,,,09,Wet,,,,,,,,
Property Damage Crashes,MSP7839001X,Maryland State Police,Front to Rear,Prince George's,Interstate,No,No,No,No,No,CAPITAL BELTWAY,95,INTERSTATE ROUTE,No,True,No,1/29/2025,No,Point,38.900268092,-76.849983867,MSP,03,16,03,No,10,,10:34,2025,Wednesday,12,Motor Vehicle In Transport,05,On Roadway,1,,,,,,06,Non-Junction,01,Daylight,1/29/2025,2025-01-29,W,12,F,N,,,1BB2511DE31A0F4F22AF7F61B35C7122C5547E34ED42D62727C5F3F7911D2C5B,IS,01,No,,,,,01,Dry,,,,,,,,
Injury Crashes,DA44200007,Prince George's County Police,Front to Rear,Prince George's,Principal Arterial – Other,No,No,No,No,No,LAUREL BOWIE RD (SB/L),197,MARYLAND ROUTE,Yes,True,No,1/1/2025,No,Point,39.085316624,-76.847344967,PGCOPD,03,16,02,No,14,03,14:52,2025,Wednesday,12,Motor Vehicle In Transport,05,On Roadway,3,Perpendicular,,,CHERRY LA,03,05,Intersection or Related,01,Daylight,1/1/2025,2025-01-01,S,0,F,N,,,68BC9460046C6FB9117FF25FB99A4978B45181E12681E6CCF5BC893ED5EE085F,MD,01,No,,,,,01,Dry,01,Signalized,,,,,,
Property Damage Crashes,DA4293004X,Prince George's County Police,Front to Rear,Prince George's,Major Collector,No,No,No,No,No,RIVERDALE RD,302,COUNTY ROAD,No,True,No,3/9/2025,No,Point,38.964297210,-76.894777334,PGCOPD,03,16,03,No,6,04,06:23,2025,Sunday,12,Motor Vehicle In Transport,05,On Roadway,5,Perpendicular,,,,03,05,Intersection or Related,03,Dark - Lighted,3/9/2025,2025-03-09,E,0,F,N,,,8162B3CFEF569D731CF984221AC66044F782729D85EEE9B813DDA3A55872D5B4,CO,01,No,,,,,01,Dry,02,Stop - All Way,,,,,,
Property Damage Crashes,AT10390003,Capitol Heights Police Department,Rear To Rear,Prince George's,,No,No,No,No,Yes,,,,No,True,No,3/8/2025,No,Point,38.885595321,-76.918294377,CAPITOLHEIGHTS,04,16,03,,10,,10:30,2025,Saturday,15,Parked Vehicle,02,In Parking Lane Or Zone,,,,,,,,,01,Daylight,3/8/2025,2025-03-08,,,F,N,102,Parking Lot Way,,,01,No,12,Motor Vehicle In Transport,02,In Parking Lane Or Zone,,,,,,,,,,
Property Damage Crashes,DA3304004P,Prince George's County Police,"Sideswipe, Same Direction",Prince George's,Minor Collector,No,No,No,No,No,FORT WASHINGTON RD,416,COUNTY ROAD,No,True,No,3/25/2025,No,Point,38.733321129,-77.004332724,PGCOPD,07,16,03,No,22,,22:23,2025,Tuesday,12,Motor Vehicle In Transport,05,On Roadway,6,,,,BEECH ST,,06,Non-Junction,03,Dark - Lighted,3/25/2025,2025-03-25,S,33.16,F,N,,,4B0F37D87520379E205535E809C115A19A847FB1050DD023ED1D19FB38E772BF,CO,01,No,,,,,01,Dry,,,,,,,,
Property Damage Crashes,MSP546601SQ,Maryland State Police,"Sideswipe, Same Direction",Prince George's,Interstate,No,No,No,No,No,CAPITAL BELTWAY,95,INTERSTATE ROUTE,No,True,No,4/3/2025,No,Point,38.832304892,-76.871435579,MSP,07,16,03,Yes,6,,06:45,2025,Thursday,12,Motor Vehicle In Transport,05,On Roadway,1,,,,,,09,Through Roadway,100,Dawn,4/3/2025,2025-04-03,N,120.73,F,N,,,9CC1E2AE639A260A6E3F6816ACB65769A8FEB2D6E0A1A025FAC58812D3A31230,IS,01,No,,,,,01,Dry,,,,,,,,
Injury Crashes,DS0502000S,University of Maryland Police College Park,Single Vehicle,Prince George's,Local,No,No,No,Yes,No,GUILFORD DR,550,MUNICIPAL ROAD,No,True,No,4/23/2025,No,Point,38.979730827,-76.942566562,UMCP,101,16,02,No,10,04,10:14,2025,Wednesday,17,Pedestrian,05,On Roadway,7,Angled/Skewed,,,ROSSBURG DR,01,05,Intersection or Related,01,Daylight,4/23/2025,2025-04-23,S,0,F,N,,,6A2E91E80DE5E37B4778BC8E778EA590CD195A70509561A00D427DEF0E5AF0D1,MU,01,No,97,Not Applicable,,,01,Dry,02,Stop - All Way,,,,,,
Property Damage Crashes,CE5357000M,Laurel Police Department,Angle,Prince George's,Local,No,No,No,No,No,EIGHTH ST,9080,MUNICIPAL ROAD,No,True,No,3/8/2025,No,Point,39.102584429,-76.857341128,LAUREL,01,16,03,No,17,,17:30,2025,Saturday,12,Motor Vehicle In Transport,05,On Roadway,7,,,,TALBOTT AVE (WB/L),,06,Non-Junction,01,Daylight,3/8/2025,2025-03-08,W,25.7,F,N,,,80656CEA6EC1ACA141960AF808E8A8A6BDAFADDE0DD25F24E89BBF0BADEFFD15,MU,01,No,,,,,01,Dry,,,,,,,,
Injury Crashes,MSP757700H7,Maryland State Police,"Sideswipe, Opposite Direction",Prince George's,Principal Arterial – Other,No,No,No,No,No,BALTIMORE AVE,1,UNITED STATE ROUTE,No,True,No,1/17/2025,No,Point,39.042029149,-76.903892968,MSP,06,16,02,Yes,18,02,18:54,2025,Friday,12,Motor Vehicle In Transport,05,On Roadway,3,Perpendicular,,,ODELL RD,03,05,Intersection or Related,03,Dark - Lighted,1/17/2025,2025-01-17,N,0,F,N,,,E33B41F28BBCEE5CB21EA9D95FC94F5C25F652EFE93BFFB725E67C9E48D5E0C4,US,01,No,97,Not Applicable,,,01,Dry,03,Stop - Partial,,,,,,
Property Damage Crashes,DA4427000M,Prince George's County Police,"Sideswipe, Opposite Direction",Prince George's,Major Collector,No,No,No,No,No,OLD FORT RD,118,COUNTY ROAD,No,True,No,3/29/2025,No,Point,38.732944596,-76.975622016,PGCOPD,06,16,03,No,16,,16:48,2025,Saturday,15,Parked Vehicle,02,In Parking Lane Or Zone,5,,,,,,06,Non-Junction,01,Daylight,3/29/2025,2025-03-29,W,101.03,F,N,,,68C5C9B32448F64968291E48BAB791F17FB6BF7506B289498B55B6C161DFC7B6,CO,01,No,,,,,01,Dry,,,,,,,,
Property Damage Crashes,MSP744700N5,Maryland State Police,Front to Rear,Prince George's,Principal Arterial – Other Freeways and Expressways,Yes,No,No,No,No,BRANCH AVE,5,MARYLAND ROUTE,No,True,No,3/8/2025,No,Point,38.748388333,-76.87934,MSP,03,16,03,No,18,,18:25,2025,Saturday,12,Motor Vehicle In Transport,05,On Roadway,2,,,,,,06,Non-Junction,04,Dark - Not Lighted,3/8/2025,2025-03-08,W,39.66,F,N,,,4102EEC37AB1A3619A5B1B5799DCB99A24D89585F6B703E2CBB02A3C7DB8F393,MD,01,No,,,,,01,Dry,,,,,,,,
Property Damage Crashes,MSP77870052,Maryland State Police,Front to Rear,Prince George's,Interstate,No,No,No,No,No,NO NAME (SB/L),95,INTERSTATE ROUTE,No,True,No,2/16/2025,No,Point,39.050201517,-76.931268417,MSP,03,16,03,No,14,,14:31,2025,Sunday,12,Motor Vehicle In Transport,05,On Roadway,1,,,,,,06,Non-Junction,01,Daylight,2/16/2025,2025-02-16,E,52.75,F,N,,,DB6075EDB693838AECEFBE12A28989CD84A4BA2F0B308AD1C58B14D4E0DA33E7,IS,01,No,,,,,01,Dry,,,,,,,,
Property Damage Crashes,MSP69310143,Maryland State Police,Front to Rear,Prince George's,Interstate,No,No,No,No,No,CAPITAL BELTWAY,95,INTERSTATE ROUTE,No,True,No,4/15/2025,No,Point,38.93542,-76.854936667,MSP,03,16,03,No,12,,12:38,2025,Tuesday,12,Motor Vehicle In Transport,05,On Roadway,1,,100,Local,,,06,Non-Junction,01,Daylight,4/15/2025,2025-04-15,N,39.33,F,N,,,FFE1FB92F0310D8A2145D32FFA1A051F577CDFD92B511BCD37E65351341724A4,IS,01,No,10,Construction Equipment,05,On Roadway,01,Dry,,,,,,,,
Property Damage Crashes,MSP744700P3,Maryland State Police,Single Vehicle,Prince George's,Principal Arterial – Other,No,No,No,No,No,CRAIN HWY (SB/L),301,UNITED STATE ROUTE,No,True,No,4/21/2025,No,Point,38.728307004,-76.834702624,MSP,101,16,03,No,2,,02:53,2025,Monday,09,Animal (live),05,On Roadway,3,,,,,,06,Non-Junction,04,Dark - Not Lighted,4/21/2025,2025-04-21,W,16.57,F,N,,,C0307476C41BB5429A90BA8F4B316921C8AF351DFD29A0BBA27201A5C49B3158,US,01,No,,,,,01,Dry,,,,,,,,
Property Damage Crashes,MSP78430029,Maryland State Police,Front to Rear,Prince George's,Interstate,No,No,No,No,No,NO NAME (SB/L),95,INTERSTATE ROUTE,No,True,No,3/28/2025,No,Point,39.033132096,-76.943875099,MSP,03,16,03,No,20,,20:56,2025,Friday,12,Motor Vehicle In Transport,05,On Roadway,1,,,,,,06,Non-Junction,04,Dark - Not Lighted,3/28/2025,2025-03-28,N,24.37,F,N,,,4C02998304B1D7887CC8EFA00AFFDB9D9AA5F7EDC515370240C13A03E5457CBD,IS,01,No,,,,,01,Dry,,,,,,,,
Injury Crashes,MSP7871002C,Maryland State Police,"Sideswipe, Same Direction",Prince George's,Interstate,No,No,No,No,No,CAPITAL BELTWAY (SB/L),95,INTERSTATE ROUTE,No,True,No,2/23/2025,No,Point,38.966200671,-76.868051220,MSP,07,16,02,No,1,,01:32,2025,Sunday,12,Motor Vehicle In Transport,05,On Roadway,1,,,,,,09,Through Roadway,04,Dark - Not Lighted,2/23/2025,2025-02-23,N,26.71,F,N,,,883FADB6612CC5B1F0BAF035EDE1E5B11D72C42196566BE321CF618566F86687,IS,01,No,,,,,01,Dry,,,,,,,,
Property Damage Crashes,DA373600D0,Prince George's County Police,Single Vehicle,Prince George's,,No,No,No,No,Yes,,,,No,True,No,3/28/2025,No,Point,38.812511185,-76.969250844,PGCOPD,101,16,03,,19,,19:24,2025,Friday,27,Curb,09,Roadside,,,,,,,,,03,Dark - Lighted,3/28/2025,2025-03-28,,,F,N,101,Parking Aisle,,,01,No,35,"Other Fixed Object (wall, building, tunnel, etc.)",02,In Parking Lane Or Zone,,,,,,,,,,
Injury Crashes,CE4914009B,Laurel Police Department,Angle,Prince George's,,No,No,No,No,No,SC ENT,3415,LOCAL ROAD,No,True,No,3/27/2025,No,Point,39.095352776,-76.838691024,LAUREL,01,16,02,No,17,,17:03,2025,Thursday,12,Motor Vehicle In Transport,05,On Roadway,,,,,FORT MEADE RD,,06,Non-Junction,01,Daylight,3/27/2025,2025-03-27,S,8.27,F,N,,,BE6D3B3A9E7F87E4601AAAF79D3878E13BEF19893871CAD9FB40F7D64A6F54DC,LL,01,No,,,,,01,Dry,,,,,,,,
Property Damage Crashes,DA43200032,Prince George's County Police,Front to Rear,Prince George's,Minor Arterial,No,No,No,No,No,RITCHIE MARLBORO RD,221,MARYLAND ROUTE,No,True,No,4/26/2025,No,Point,38.868298662,-76.841212403,PGCOPD,03,16,03,Yes,20,02,20:56,2025,Saturday,12,Motor Vehicle In Transport,05,On Roadway,4,Roundabout/Traffic Circle,,,RAMP 2 FR MD 221A WB TO IS 95 NB,02,05,Intersection or Related,04,Dark - Not Lighted,4/26/2025,2025-04-26,N,0,F,N,,,512BA6D695757D0D92A982C36C11CB117D4389669B18A19364830142D7A47C7B,MD,01,No,,,,,01,Dry,04,Yield,,,,,,
Property Damage Crashes,DA345600F6,Prince George's County Police,Angle,Prince George's,Principal Arterial – Other,No,Yes,No,No,No,NEW HAMPSHIRE AVE (SB/L),650,MARYLAND ROUTE,No,True,No,3/13/2025,No,Point,39.001645266,-76.982169412,PGCOPD,01,16,03,Yes,6,02,06:17,2025,Thursday,12,Motor Vehicle In Transport,05,On Roadway,3,Angled/Skewed,,,PINEY BRANCH RD (WB/L),01,05,Intersection or Related,03,Dark - Lighted,3/13/2025,2025-03-13,S,0,F,N,,,6F274667DCDCA9356A05AD4F1E08DD3B0ABAB17BFE02C96926E862388DEF2069,MD,01,No,,,,,01,Dry,01,Signalized,,,,,,
Property Damage Crashes,MSP617100MK,Maryland State Police,Single Vehicle,Prince George's,Interstate,No,No,No,No,No,NO NAME (SB/L),95,INTERSTATE ROUTE,No,True,No,2/1/2025,No,Point,39.057398251,-76.927408016,MSP,101,16,03,Yes,17,,17:41,2025,Saturday,29,Embankment,03,Median,1,,,,,,01,Acceleration/Deceleration Lane,03,Dark - Lighted,2/1/2025,2025-02-01,E,49.71,F,N,,,1E8ED18D4DF066A87BEE39F0C554759CAD153BCF0388097C4B411C262FBADE09,IS,01,No,,,,,01,Dry,,,,,,,,
Property Damage Crashes,DA4043009C,Prince George's County Police,Single Vehicle,Prince George's,Major Collector,No,No,No,No,No,CROOM RD,382,MARYLAND ROUTE,No,True,No,2/3/2025,No,Point,38.716554013,-76.747049145,PGCOPD,101,16,03,No,15,,15:55,2025,Monday,09,Animal (live),05,On Roadway,5,,,,NO NAME,,03,Driveway Access or Related,01,Daylight,2/3/2025,2025-02-03,W,10.62,F,N,,,3168FAD21317734D298695594E4C800A45F53DAC4ACAD9CB1D42B0A723AA53CD,MD,01,No,,,,,01,Dry,,,,,,,,
Injury Crashes,MSP69310135,Maryland State Police,Front to Rear,Prince George's,,No,No,No,No,No,,353,SPUR,No,True,No,2/15/2025,No,Point,38.890983333,-76.825195,MSP,03,16,02,No,1,,01:12,2025,Saturday,12,Motor Vehicle In Transport,05,On Roadway,,,,,LARGO RD (SB/L),,06,Non-Junction,03,Dark - Lighted,2/15/2025,2025-02-15,S,24.66,F,N,,,EC956B2B3ACF29B366D06931A245FC11DFBAE8875005FBD96FE6C7B376A0F1DC,SP,01,No,,,,,01,Dry,,,,,,,,
Injury Crashes,BP9419001X,Forest Heights Police Department,Front to Front,Prince George's,Local,No,No,No,No,No,AUDREY LA (NB/L),660,COUNTY ROAD,No,True,No,2/27/2025,No,Point,38.818690258,-76.999596851,FORESTHEIGHTS,02,16,02,No,16,,16:40,2025,Thursday,12,Motor Vehicle In Transport,05,On Roadway,7,,,,INDIAN HEAD HWY,,01,Acceleration/Deceleration Lane,01,Daylight,2/27/2025,2025-02-27,N,15.64,F,N,,,E05EAFED6AD5002795B5BB140DC4EA74AA1418386630AA5238B6D49BDAFDB830,CO,01,No,,,,,09,Wet,,,,,,,,
Injury Crashes,DA4235007Q,Prince George's County Police,Angle,Prince George's,Principal Arterial – Other,No,No,No,No,No,NEW HAMPSHIRE AVE (SB/L),650,MARYLAND ROUTE,No,True,No,5/22/2025,No,Point,38.990236509,-76.987751213,PGCOPD,01,16,02,Yes,18,04,18:50,2025,Thursday,12,Motor Vehicle In Transport,05,On Roadway,3,Perpendicular,,,,03,05,Intersection or Related,01,Daylight,5/22/2025,2025-05-22,E,0,F,N,,,AC467B8AC30A1B5C8C529C27AFCF1C7F691D9DB25B9D7E08F5B128B4B0C5AAB3,MD,01,No,,,,,09,Wet,01,Signalized,,,,,,