Crash Severity Description,Reportnumber,Agencyname,CollisionImpact Description,Crash County Description,FunctionalClass Description,ImpairedCrash,Large Vehicle Involved,Motorcycle Crash,Non-Motorist Crash,OffRoad,RoadName,Route Number,RouteType Description,Unrestrained Occupants,WithinDateRange,Work Zone Related,Crashdate,Work Zone Crash,CrashPoint,Latitude,Longitude,AgencyCode,CollisionImpact,Crash County,Crash Severity,Crash Within Interchange,Crashhour,CrashInterchangeApproaches,Crashtime,CrashYear,Dayofweek,FirstHarmEvent,FirstHarmEvent Description,FirstHarmLocation,FirstHarmLocation Description,FunctionalClass,Geometry Description,GovPropertyDamage,GovPropertyDamage Description,IntersectingRoadName,Intersection Geometry,JunctionRelated,JunctionRelated Description,Light,Light Description,LOD Crash Date,LOD Date Level,MilepointDirection,MilepointDistance,MilepointUnits,NonTrafficFatal,OffroadLocation,OffroadLocation Description,RoadID,RouteType,SchoolBusRelated,SchoolBusRelated Description,SecondHarmEvent,SecondHarmEvent Description,SecondHarmLocation,SecondHarmLocation Description,Surface,Surface Description,TrafficControl,Trafficcontrol Description,WZLawEnforcementPresent,WZLocation,WZLocation Description,WZType,WZType Description,WZWorkersPresent
Property Damage Crashes,CE5294001R,Laurel Police Department,"Sideswipe, Same Direction",Prince George's,Local,No,No,No,No,No,BOWIE RD,55,MUNICIPAL ROAD,No,True,No,3/3/2025,No,Point,39.096403440,-76.849199961,LAUREL,07,16,03,No,13,,13:19,2025,Monday,12,Motor Vehicle In Transport,05,On Roadway,7,,,,,,06,Non-Junction,01,Daylight,3/3/2025,2025-03-03,W,15.44,F,N,,,8406B908C9CE4CC8482C9714513BFC992C7EEE4215171C654FE3D5A643CBF7FD,MU,01,No,,,,,01,Dry,,,,,,,,
Property Damage Crashes,BP94120035,Forest Heights Police Department,Front to Rear,Prince George's,Principal Arterial – Other,No,No,No,No,No,ST BARNABAS RD,414,MARYLAND ROUTE,No,True,No,4/24/2025,No,Point,38.810757544,-76.968085009,FORESTHEIGHTS,03,16,03,No,19,,19:33,2025,Thursday,12,Motor Vehicle In Transport,05,On Roadway,3,,,,,,01,Acceleration/Deceleration Lane,01,Daylight,4/24/2025,2025-04-24,S,26.64,F,N,,,C461354EDB113038AAC98E54F0B900651AFB3177733BE563568A3328AA8D9199,MD,01,No,,,,,01,Dry,,,,,,,,
Property Damage Crashes,DA402100D6,Prince George's County Police,Front to Front,Prince George's,Major Collector,No,No,No,No,No,PRINCESS GARDEN PKWY,300,COUNTY ROAD,No,True,No,5/2/2025,No,Point,38.970641485,-76.865634247,PGCOPD,02,16,03,Yes,16,02,16:52,2025,Friday,12,Motor Vehicle In Transport,05,On Roadway,5,Angled/Skewed,,,HILTON HILL DR,01,05,Intersection or Related,01,Daylight,5/2/2025,2025-05-02,N,0,F,N,,,49DEBC43EDA16CE107E735CB2ED64C6635626CA22C438B9B0901631FF14C017E,CO,01,No,,,,,01,Dry,03,Stop - Partial,,,,,,
Property Damage Crashes,DA4307004F,Prince George's County Police,Angle,Prince George's,Interstate,No,No,No,No,No,RAMP 6 FR IS 95 EB TO MD 414 SB,95,RAMP,No,True,No,2/24/2025,No,Point,38.806034611,-76.973422786,PGCOPD,01,16,03,Yes,5,03,05:17,2025,Monday,12,Motor Vehicle In Transport,05,On Roadway,1,Perpendicular,,,ST BARNABAS RD (WB/L),03,05,Intersection or Related,03,Dark - Lighted,2/24/2025,2025-02-24,S,0,F,N,,,1630D391551C48AF3B81B8788BA236FC251D8234AC44FA9D1A59E1DC92BF6662,RP,01,No,,,,,01,Dry,01,Signalized,,,,,,
Property Damage Crashes,CE5357000T,Laurel Police Department,Single Vehicle,Prince George's,,No,No,No,No,No,CONTEE RD (EB/L),2201,LOCAL ROAD,No,True,No,4/4/2025,No,Point,39.080109858,-76.885297533,LAUREL,101,16,03,No,9,,09:00,2025,Friday,27,Curb,09,Roadside,,,,,,,06,Non-Junction,01,Daylight,4/4/2025,2025-04-04,N,3.19,F,N,,,ADFE247754DA4E1FED8380D8FAC3F4F5F2C583E8A89DA658A2AC37D8562D41D2,LL,01,No,,,,,09,Wet,,,,,,,,
Property Damage Crashes,CE49090078,Laurel Police Department,Front to Rear,Prince George's,,No,No,No,No,No,,396,SPUR,No,True,No,1/16/2025,No,Point,39.097979986,-76.849348704,LAUREL,03,16,03,Yes,12,,12:45,2025,Thursday,12,Motor Vehicle In Transport,05,On Roadway,,,,,,,01,Acceleration/Deceleration Lane,01,Daylight,1/16/2025,2025-01-16,W,31.12,F,N,,,71D76327E3AD4129EA8A087FE3E5C57FFD8E8ACAE0FDCCA6ABB5BCF951879210,SP,01,No,,,,,01,Dry,,,,,,,,
Injury Crashes,DA4427000T,Prince George's County Police,"Sideswipe, Opposite Direction",Prince George's,Major Collector,No,No,No,No,No,OLD FORT RD,118,COUNTY ROAD,No,True,No,5/1/2025,No,Point,38.755666061,-76.993332684,PGCOPD,06,16,02,No,1,,01:28,2025,Thursday,12,Motor Vehicle In Transport,05,On Roadway,5,,,,INDIAN HEAD HWY,,06,Non-Junction,03,Dark - Lighted,5/1/2025,2025-05-01,N,94.76,F,N,,,C936FB9D4F07828ECA097C1F60DAEAA7421AE53F2FC64134D001802BD6D44FA4,CO,01,No,,,,,01,Dry,,,,,,,,
Property Damage Crashes,MSP757700J0,Maryland State Police,"Sideswipe, Same Direction",Prince George's,Interstate,No,No,No,No,No,NO NAME,95,INTERSTATE ROUTE,No,True,No,2/26/2025,No,Point,39.079278253,-76.901116018,MSP,07,16,03,No,13,,13:43,2025,Wednesday,12,Motor Vehicle In Transport,05,On Roadway,1,,,,,,09,Through Roadway,01,Daylight,2/26/2025,2025-02-26,N,25.91,F,N,,,7F128CD0E127FBE384C3A6A5D41918DE108CD2BD9FCE054876358B9C1163118F,IS,01,No,97,Not Applicable,,,01,Dry,,,,,,,,
Property Damage Crashes,RD0123005Q,Riverdale Park Police Department,Angle,Prince George's,Local,No,No,No,No,No,RIVERDALE RD,3048,COUNTY ROAD,No,True,No,3/10/2025,No,Point,38.959168149,-76.918899607,RIVERDALE,01,16,03,Yes,14,,14:39,2025,Monday,12,Motor Vehicle In Transport,05,On Roadway,7,,,,57TH AVE,,03,Driveway Access or Related,01,Daylight,3/10/2025,2025-03-10,S,18.97,F,N,,,8C281EAF58E5FC1E8044D6A9CDF28A4B2EB1CF0A59CD628FB41220AA4622FA59,CO,01,No,,,,,01,Dry,,,,,,,,
Property Damage Crashes,MSP78430016,Maryland State Police,Single Vehicle,Prince George's,Interstate,No,No,No,No,No,CAPITAL BELTWAY,95,INTERSTATE ROUTE,No,True,No,3/1/2025,No,Point,39.002342570,-76.894483575,MSP,101,16,03,No,17,,17:30,2025,Saturday,03,Explosion Or Fire,05,On Roadway,1,,,,,,06,Non-Junction,01,Daylight,3/1/2025,2025-03-01,N,32.69,F,N,,,15287EDBBB1EC27951E8ABE3C2F125A47BD041BDB272CF8C3C22AC596D95C27E,IS,01,No,,,,,01,Dry,,,,,,,,
Property Damage Crashes,DA4296003T,Prince George's County Police,Front to Rear,Prince George's,,No,No,No,No,No,,87,COUNTY ROAD,No,True,No,2/11/2025,No,Point,38.864669248,-76.866577977,PGCOPD,03,16,03,No,17,,17:30,2025,Tuesday,12,Motor Vehicle In Transport,05,On Roadway,,,,,,,09,Through Roadway,03,Dark - Lighted,2/11/2025,2025-02-11,N,34.91,F,N,,,58E7FEFFDD788D07F0CED5647848CC905A31BEA669F97AF66945D28898EAAC42,CO,01,No,,,,,07,Snow,,,,,,,,
Injury Crashes,MSP746700FM,Maryland State Police,Single Vehicle,Prince George's,Principal Arterial – Other,No,No,No,No,No,CRAIN HWY (SB/L),301,UNITED STATE ROUTE,No,True,No,3/22/2025,No,Point,38.778294433,-76.799276372,MSP,101,16,02,No,3,,03:47,2025,Saturday,09,Animal (live),05,On Roadway,3,,,,WEST MARLTON AVE,,09,Through Roadway,04,Dark - Not Lighted,3/22/2025,2025-03-22,N,64.15,F,N,,,9CA40E2D165CD3EE121972439CE7A1C1983E7940B78BB70F3CC72363592D4A2A,US,01,No,,,,,01,Dry,,,,,,,,
Property Damage Crashes,CBPD0117007J,Bowie Police Department,"Sideswipe, Same Direction",Prince George's,Minor Arterial,No,No,No,No,No,COLLINGTON RD,197,MARYLAND ROUTE,No,True,No,2/25/2025,No,Point,38.956625191,-76.745373077,BOWIE,07,16,03,No,14,,14:40,2025,Tuesday,12,Motor Vehicle In Transport,05,On Roadway,4,,,,,,06,Non-Junction,01,Daylight,2/25/2025,2025-02-25,N,21.49,F,N,,,8A27DD10AD0AD6196E595CEF7B638CB0EB6645EDF7E7561198E23EF229330BC2,MD,01,No,,,,,01,Dry,,,,,,,,
Property Damage Crashes,DA4365003F,Prince George's County Police,Angle,Prince George's,Local,No,No,No,No,No,BRIGHTLEA DR,2408,COUNTY ROAD,No,True,No,1/14/2025,No,Point,38.977010488,-76.856094119,PGCOPD,01,16,03,No,20,,20:17,2025,Tuesday,12,Motor Vehicle In Transport,05,On Roadway,7,,,,,,06,Non-Junction,03,Dark - Lighted,1/14/2025,2025-01-14,E,45.26,F,N,,,D3B5FC4749FFCD1EAFD936E709841D5D6149615435CF3110C93E066EF19E065E,CO,01,No,,,,,01,Dry,,,,,,,,
Injury Crashes,DA4421001N,Prince George's County Police,Single Vehicle,Prince George's,Local,No,No,No,No,No,DENT RD,186,COUNTY ROAD,No,True,No,3/30/2025,No,Point,38.6523656,-76.8395234,PGCOPD,101,16,02,No,17,,17:25,2025,Sunday,40,Tree (standing),09,Roadside,7,,,,,,09,Through Roadway,01,Daylight,3/30/2025,2025-03-30,S,49.34,F,N,,,8196A3E6058D365C966E6A9CBC0B858965EF331340FC12D4F80340DA1D6257A2,CO,01,No,,,,,01,Dry,,,,,,,,
Property Damage Crashes,DA43260021,Prince George's County Police,Single Vehicle,Prince George's,Minor Arterial,No,Yes,No,No,No,GARRETT A MORGAN BLVD (SB/L),5730,COUNTY ROAD,No,True,No,4/7/2025,No,Point,38.892035850,-76.864689027,PGCOPD,101,16,03,No,6,,06:47,2025,Monday,40,Tree (standing),05,On Roadway,4,,,,,,06,Non-Junction,01,Daylight,4/7/2025,2025-04-07,N,71.26,F,N,,,8778A9882799B5A6CC39AC760CA0CDE97AC7F18CE24E26356F168D6E0F21761C,CO,02,"Yes, School Bus Directly Involved",,,,,09,Wet,,,,,,,,
Property Damage Crashes,DS0529000F,University of Maryland Police College Park,Front to Rear,Prince George's,Principal Arterial – Other,No,Yes,No,No,No,BALTIMORE AVE,1,UNITED STATE ROUTE,No,True,No,2/26/2025,No,Point,38.977566990,-76.938088629,UMCP,03,16,03,No,10,,10:46,2025,Wednesday,12,Motor Vehicle In Transport,05,On Roadway,3,,,,GUILFORD DR GUILFORD DR (WB/L) GUILFORD RD,,06,Non-Junction,01,Daylight,2/26/2025,2025-02-26,E,47.51,F,N,,,8FDB4B3217924EB3845A5B625732FA517F3AB3C087B69B66106DD06535D208E6,US,01,No,,,,,01,Dry,,,,,,,,
Property Damage Crashes,MSP766400BW,Maryland State Police,Single Vehicle,Prince George's,Minor Arterial,No,No,No,No,No,CENTRAL AVE,214,MARYLAND ROUTE,No,True,No,5/9/2025,No,Point,38.898056102,-76.709839793,MSP,101,16,03,No,10,,10:05,2025,Friday,40,Tree (standing),09,Roadside,4,,,,,,09,Through Roadway,01,Daylight,5/9/2025,2025-05-09,W,22.35,F,N,,,53264394B7708D2C99A4B2E19694D54409CBEF120E8075A5FB23F637A9BC5BBE,MD,01,No,,,,,09,Wet,,,,,,,,
Property Damage Crashes,DA418100FY,Prince George's County Police,Other,Prince George's,,No,No,No,No,Yes,,,,No,True,No,6/5/2025,No,Point,38.934930951,-76.925539474,PGCOPD,98,16,03,,14,,14:16,2025,Thursday,12,Motor Vehicle In Transport,04,"Off-Roadway, Location Unknown",,,,,,,,,01,Daylight,6/5/2025,2025-06-05,,,F,N,106,Driveway,,,01,No,,,,,,,,,,,,,,
Property Damage Crashes,MSP653400WP,Maryland State Police,Front to Rear,Prince George's,Principal Arterial – Other,No,No,No,No,No,CRAIN HWY,301,UNITED STATE ROUTE,No,True,No,3/4/2025,No,Point,38.915524245,-76.717148716,MSP,03,16,03,No,9,,09:34,2025,Tuesday,12,Motor Vehicle In Transport,05,On Roadway,3,,,,,,09,Through Roadway,01,Daylight,3/4/2025,2025-03-04,S,14.83,F,N,,,5320FED8A70819A4FB3A14E83951C03F5908A81B676284E05D85A01FBA4A42F0,US,01,No,12,Motor Vehicle In Transport,05,On Roadway,01,Dry,,,,,,,,
Injury Crashes,DA4423000K,Prince George's County Police,Other,Prince George's,Principal Arterial – Other,No,No,No,No,No,PENNSYLVANIA AVE,4,MARYLAND ROUTE,No,True,No,1/26/2025,No,Point,38.853106291,-76.909908744,PGCOPD,98,16,02,Yes,18,,18:30,2025,Sunday,12,Motor Vehicle In Transport,05,On Roadway,3,,,,,,09,Through Roadway,03,Dark - Lighted,1/26/2025,2025-01-26,E,10.39,F,N,,,2E6B54E78C9B3FA483CC7E9C92F673AA603F2A9117409DE0A9105EF03DF5B718,MD,01,No,,,,,01,Dry,,,,,,,,
Property Damage Crashes,DA4430000G,Prince George's County Police,Front to Front,Prince George's,Interstate,No,No,No,No,No,RAMP 8 FR IS 95 SB TO MD 202F WB,95,RAMP,No,True,No,3/16/2025,No,Point,38.907181207,-76.851046290,PGCOPD,02,16,03,Yes,21,,21:27,2025,Sunday,12,Motor Vehicle In Transport,05,On Roadway,1,,,,,,09,Through Roadway,03,Dark - Lighted,3/16/2025,2025-03-16,N,2.5,F,N,,,A01215887180BB900D3459411045005BEE0440844B203ADB4349F25C536A906E,RP,01,No,,,,,01,Dry,,,,,,,,
Property Damage Crashes,MSP657700DY,Maryland State Police,Front to Rear,Prince George's,Principal Arterial – Other,No,No,No,No,No,CRAIN HWY,3,MARYLAND ROUTE,No,True,No,4/14/2025,No,Point,38.972681959,-76.715369226,MSP,03,16,03,No,16,,16:59,2025,Monday,12,Motor Vehicle In Transport,05,On Roadway,3,,,,,,09,Through Roadway,01,Daylight,4/14/2025,2025-04-14,N,10.95,F,N,,,3A0CF6E37CD273D306848BEC08D848BB5DBDAA6AFDDBA3ED6F7ADBA366AA768E,MD,01,No,97,Not Applicable,,,01,Dry,,,,,,,,
Property Damage Crashes,AZ1743000B,Cheverly Police Department,"Sideswipe, Opposite Direction",Prince George's,Local,No,Yes,No,No,No,BELLEVIEW AVE #1,21,MUNICIPAL ROAD,No,True,No,1/3/2025,No,Point,38.918877549,-76.916252722,CHEVERLY,06,16,03,No,5,,05:44,2025,Friday,12,Motor Vehicle In Transport,05,On Roadway,7,,,,,,03,Driveway Access or Related,05,Dark - Unknown Lighting,1/3/2025,2025-01-03,S,50.95,F,N,,,E654DD1C6630A3936BC1CFCBFE2ACBB344C05D66D34F03C65BAB2BCA3B774C06,MU,01,No,,,,,01,Dry,,,,,,,,
Injury Crashes,DA4352002W,Prince George's County Police,Single Vehicle,Prince George's,Local,No,No,No,No,No,GABLE LA,4433,OTHER PUBLIC ROAD,No,True,No,4/19/2025,No,Point,38.723899604,-76.992607557,PGCOPD,101,16,02,No,23,,23:16,2025,Saturday,34,Mailbox,99,Unknown,7,,,,,,09,Through Roadway,03,Dark - Lighted,4/19/2025,2025-04-19,S,46.06,F,N,,,D0E739850DACC0823C8723A113FD3DFFD0FA595CCE0447838A42148F6F0FE8BB,OP,01,No,40,Tree (standing),99,Unknown,01,Dry,,,,,,,,
Property Damage Crashes,DA43370038,Prince George's County Police,"Sideswipe, Same Direction",Prince George's,Local,No,No,No,No,No,ERIE ST,1545,COUNTY ROAD,No,True,No,5/2/2025,No,Point,39.007962289,-76.977221271,PGCOPD,07,16,03,No,19,,19:22,2025,Friday,12,Motor Vehicle In Transport,05,On Roadway,7,,,,,,06,Non-Junction,03,Dark - Lighted,5/2/2025,2025-05-02,W,27.73,F,N,,,6B06EAC95DCC8715AAFDE2F6131275808865BD486C1EA11B24E5258AF8ED7A30,CO,01,No,,,,,01,Dry,,,,,,,,
Property Damage Crashes,CC0298003B,Hyattsville Police Department,"Sideswipe, Same Direction",Prince George's,Local,No,No,No,No,No,46TH AVE,9460,MUNICIPAL ROAD,No,True,No,1/7/2025,No,Point,38.948647701,-76.939156329,HYATTSVILLE,07,16,03,No,14,,14:20,2025,Tuesday,12,Motor Vehicle In Transport,07,"On Shoulder, Right Side",7,,100,Local,,,06,Non-Junction,01,Daylight,1/7/2025,2025-01-07,N,21.7,F,N,,,F627B6C1219C2C5B50AB371599936CC8A1D427586DDB5F52D0E7690628313C1E,MU,01,No,,,,,07,Snow,,,,,,,,
Injury Crashes,CC0261006R,Hyattsville Police Department,Single Vehicle,Prince George's,Local,No,No,No,Yes,No,TOLEDO TERR (SB/L),1819,COUNTY ROAD,No,True,No,4/25/2025,No,Point,38.967058746,-76.962289152,HYATTSVILLE,101,16,02,Yes,20,04,20:33,2025,Friday,17,Pedestrian,05,On Roadway,7,Perpendicular,,,EAST WEST HWY (WB/L),03,05,Intersection or Related,03,Dark - Lighted,4/25/2025,2025-04-25,N,0,F,N,,,7BF0BF7CE969E584294D57FD96943AE28AF2EAD5E52042B5B7660E5DC5D26752,CO,01,No,,,,,01,Dry,01,Signalized,,,,,,
Injury Crashes,DA4403000B,Prince George's County Police,Front to Rear,Prince George's,Principal Arterial – Other,No,No,No,No,No,ST BARNABAS RD,414,MARYLAND ROUTE,No,True,No,2/26/2025,No,Point,38.815830714,-76.962618787,PGCOPD,03,16,02,No,21,,21:39,2025,Wednesday,12,Motor Vehicle In Transport,05,On Roadway,3,,,,,,06,Non-Junction,03,Dark - Lighted,2/26/2025,2025-02-26,E,57.4,F,N,,,34BC4A1FF3EA83C7E464B5A781E6941E32E48190B3819DEFE77F94EA8AD1316F,MD,01,No,,,,,01,Dry,,,,,,,,
Property Damage Crashes,MSP6931013C,Maryland State Police,"Sideswipe, Same Direction",Prince George's,Interstate,No,No,No,No,No,CAPITAL BELTWAY,95,INTERSTATE ROUTE,No,True,No,2/28/2025,No,Point,38.898407764,-76.849573333,MSP,07,16,03,No,7,,07:21,2025,Friday,12,Motor Vehicle In Transport,05,On Roadway,1,,,,,,06,Non-Junction,01,Daylight,2/28/2025,2025-02-28,N,83.74,F,N,,,936D9B16276CD6F72A3C345A4DA320939D4A965BF0B3127D9F870D0073E80CBF,IS,01,No,,,,,01,Dry,,,,,,,,
Property Damage Crashes,DA416800BT,Prince George's County Police,Angle,Prince George's,Local,No,No,No,No,No,LIVINGSTON RD,4524,COUNTY ROAD,No,True,No,2/19/2025,No,Point,38.765168235,-76.994983891,PGCOPD,01,16,03,No,7,,07:41,2025,Wednesday,12,Motor Vehicle In Transport,05,On Roadway,7,,,,,,09,Through Roadway,01,Daylight,2/19/2025,2025-02-19,N,25.3,F,N,,,433235D752FCC8C841B3FF914212F49B47B3EAAF3367EC65962739B88BC6C21E,CO,01,No,,,,,01,Dry,,,,,,,,
Property Damage Crashes,MSP766400BL,Maryland State Police,Front to Rear,Prince George's,Principal Arterial – Other,No,No,No,No,No,BRANCH AVE (SB/L),5,MARYLAND ROUTE,No,True,No,5/5/2025,No,Point,38.73746,-76.880811667,MSP,03,16,03,No,10,,10:37,2025,Monday,12,Motor Vehicle In Transport,05,On Roadway,3,,,,,,09,Through Roadway,01,Daylight,5/5/2025,2025-05-05,S,4.83,F,N,,,A71FBA1628602EA6951AA16F7B8FB1022532FC093D9CE0EAE3BDC9B8F9BB9B2C,MD,01,No,,,,,01,Dry,,,,,,,,
Property Damage Crashes,DA4410000N,Prince George's County Police,"Sideswipe, Opposite Direction",Prince George's,Local,Yes,No,No,No,No,FAIRVIEW AVE,763,COUNTY ROAD,No,True,No,1/15/2025,No,Point,38.975155300,-76.988122009,PGCOPD,06,16,03,No,12,,12:28,2025,Wednesday,12,Motor Vehicle In Transport,05,On Roadway,7,,,,,,06,Non-Junction,01,Daylight,1/15/2025,2025-01-15,S,34.66,F,N,,,8E510E9C16A95B63A5190BE18A990CD3B14202E75FB57A613D0091021702D969,CO,01,No,,,,,01,Dry,,,,,,,,
Property Damage Crashes,DA3772006Q,Prince George's County Police,Front to Front,Prince George's,,No,No,No,No,No,ALLENTOWN ANDREWS DR,3332,LOCAL ROAD,No,True,No,2/6/2025,No,Point,38.806085494,-76.904330029,PGCOPD,02,16,03,Yes,12,02,12:56,2025,Thursday,12,Motor Vehicle In Transport,05,On Roadway,,Perpendicular,,,ALLENTOWN RD ALLENTOWN RD (SB/L),03,05,Intersection or Related,01,Daylight,2/6/2025,2025-02-06,N,0,F,N,,,822FF06750CA8E3EB9915E54872A4B4BD32A77E60B107F6603AA1915FBB1013B,LL,01,No,,,,,09,Wet,01,Signalized,,,,,,
Property Damage Crashes,DA42960045,Prince George's County Police,Single Vehicle,Prince George's,,No,No,No,No,No,,2828,COUNTY ROAD,No,True,No,3/19/2025,No,Point,38.856218524,-76.920761400,PGCOPD,101,16,03,No,20,,20:00,2025,Wednesday,30,Fence,09,Roadside,,,,,,,09,Through Roadway,03,Dark - Lighted,3/19/2025,2025-03-19,S,33.49,F,N,,,475EEAB0C5F0D8B3D0B1C4B5C9ABD7DC281AB5536D24E69F80733A005B2F2646,CO,01,No,34,Mailbox,09,Roadside,01,Dry,,,,,,,,
Injury Crashes,DA4381002V,Prince George's County Police,Single Vehicle,Prince George's,Local,No,No,No,Yes,No,LAMONT DR,3728,COUNTY ROAD,Yes,True,No,6/3/2025,No,Point,38.975213055,-76.882463173,PGCOPD,101,16,02,No,9,,09:00,2025,Tuesday,17,Pedestrian,05,On Roadway,7,,,,,,06,Non-Junction,01,Daylight,6/3/2025,2025-06-03,N,34.41,F,N,,,D1D66342D7B0F7702EC839A0780E2B47EBE465F1AD7B5AD5AA374E6ADE97200B,CO,01,No,,,,,01,Dry,,,,,,,,
Property Damage Crashes,MSP757700JF,Maryland State Police,Single Vehicle,Prince George's,Interstate,No,No,No,No,No,CAPITAL BELTWAY (SB/L),95,INTERSTATE ROUTE,No,True,No,3/22/2025,No,Point,38.984598958,-76.87972,MSP,101,16,03,No,12,,12:02,2025,Saturday,20,"Struck by Falling, Shifting Cargo Or Anything Set In Motion by Motor Vehicle",05,On Roadway,1,,,,,,09,Through Roadway,01,Daylight,3/22/2025,2025-03-22,E,36.29,F,N,,,D17F2E40839639FD13BFA12A88A6D00F3F83BFD0D92EF37A9D4CBC65A97411AC,IS,01,No,97,Not Applicable,,,01,Dry,,,,,,,,
Injury Crashes,MSP653400WK,Maryland State Police,Other,Prince George's,Minor Arterial,No,No,No,No,No,CENTRAL AVE,214,MARYLAND ROUTE,No,True,No,2/12/2025,No,Point,38.904923333,-76.68171,MSP,98,16,02,No,16,,16:40,2025,Wednesday,12,Motor Vehicle In Transport,05,On Roadway,4,,,,,,09,Through Roadway,01,Daylight,2/12/2025,2025-02-12,W,36.88,F,N,,,D0C39204D2684ED96D8B1A9B25AD0F4E7014A3FD171AD48A1AA244A5CD3ECB29,MD,01,No,12,Motor Vehicle In Transport,05,On Roadway,09,Wet,,,,,,,,
Injury Crashes,DA4272002D,Prince George's County Police,Front to Front,Prince George's,Principal Arterial – Other,No,No,No,No,No,ST BARNABAS RD,414,MARYLAND ROUTE,No,True,No,5/20/2025,No,Point,38.828808563,-76.942727447,PGCOPD,02,16,02,Yes,16,04,16:59,2025,Tuesday,12,Motor Vehicle In Transport,05,On Roadway,3,Angled/Skewed,,,LEISURE DR,01,05,Intersection or Related,01,Daylight,5/20/2025,2025-05-20,S,0,F,N,,,ED760B1AA2C78690450E78E8BF7B65E1FBEF7643AAD2DFCEC3438AE4F7D2C186,MD,01,No,,,,,01,Dry,01,Signalized,,,,,,
Property Damage Crashes,MSP7773002J,Maryland State Police,Front to Rear,Prince George's,Interstate,No,No,No,No,No,JOHN HANSON HWY (WB/L),595,INTERSTATE ROUTE,No,True,No,5/12/2025,No,Point,38.9536496,-76.726879017,MSP,03,16,03,No,18,,18:40,2025,Monday,12,Motor Vehicle In Transport,05,On Roadway,1,,,,RAMP 8 FR MD 3 SB TO IS 595 WB,,06,Non-Junction,01,Daylight,5/12/2025,2025-05-12,E,46.03,F,N,,,A9EBBB39AC7FBEB2C4C49745F10FACD5B1A024BDB4E900C302B7576480034716,IS,01,No,,,,,01,Dry,,,,,,,,
Property Damage Crashes,MSP7764009C,Maryland State Police,Front to Rear,Prince George's,Interstate,No,No,No,No,No,NO NAME (SB/L),95,INTERSTATE ROUTE,No,True,No,5/16/2025,No,Point,39.031983431,-76.946270774,MSP,03,16,03,No,5,,05:43,2025,Friday,12,Motor Vehicle In Transport,05,On Roadway,1,,,,,,06,Non-Junction,01,Daylight,5/16/2025,2025-05-16,S,47.45,F,N,,,97555CF6BADC81DD65949ECD0EC10F396E53AD58FA12A7CE36DE3A822109456C,IS,01,No,,,,,01,Dry,,,,,,,,
Property Damage Crashes,DA44060015,Prince George's County Police,Front to Rear,Prince George's,Principal Arterial – Other,No,No,No,No,No,LAUREL BOWIE RD (SB/L),197,MARYLAND ROUTE,No,True,No,4/7/2025,No,Point,39.064735481,-76.839519278,PGCOPD,03,16,03,No,14,02,14:38,2025,Monday,12,Motor Vehicle In Transport,05,On Roadway,3,Angled/Skewed,,,MUIRKIRK RD,01,05,Intersection or Related,01,Daylight,4/7/2025,2025-04-07,S,0,F,N,,,09AF21288148672096C52F4169A1829A246EE51AF908D7615B4EC0292EFA82A8,MD,01,No,,,,,09,Wet,01,Signalized,,,,,,
Property Damage Crashes,MSP7765005R,Maryland State Police,Front to Rear,Prince George's,Interstate,No,No,No,No,No,RAMP 6 FR IS 95 NB TO MD 5 SB,95,RAMP,No,True,No,1/22/2025,No,Point,38.816846690,-76.916649713,MSP,03,16,03,No,17,,17:54,2025,Wednesday,12,Motor Vehicle In Transport,05,On Roadway,1,,,,,,04,Entrance/Exit Ramp or Related,03,Dark - Lighted,1/22/2025,2025-01-22,N,31.79,F,N,,,280BEA25377EA2C75F013040FF51EDC1741A9B5DC0C1E9B0D5024B522F8E287B,RP,01,No,,,,,01,Dry,,,,,,,,
Injury Crashes,CBPD0092004G,Bowie Police Department,Single Vehicle,Prince George's,Minor Collector,No,No,No,Yes,No,FLETCHERTOWN RD,61,COUNTY ROAD,No,True,No,4/23/2025,No,Point,38.994966568,-76.795598797,BOWIE,101,16,02,No,22,,22:30,2025,Wednesday,14,Other Non-Motorist,05,On Roadway,6,,,,QUATRAIN PL QUILL POINT DR,,06,Non-Junction,03,Dark - Lighted,4/23/2025,2025-04-23,S,51.2,F,N,,,3918F463EDC92A9B91091A053F49E8979BEDDE67ECEF1B5C39BAB8DE3951A406,CO,01,No,,,,,01,Dry,,,,,,,,
Injury Crashes,MSP744200RF,Maryland State Police,Single Vehicle,Prince George's,Interstate,No,No,No,No,No,RAMP 10 FR IS 495 EB TO IS 95 SB,95,RAMP,No,True,No,2/20/2025,No,Point,39.018244818,-76.921458083,MSP,101,16,02,Yes,17,,17:29,2025,Thursday,32,Guardrail Face,07,"On Shoulder, Right Side",1,,101,State,,,09,Through Roadway,101,Dusk,2/20/2025,2025-02-20,W,18.45,F,N,,,3FBAF6322BE8E080922BFE62FADC4586F913678EAAB9FA0A747EF4CC6787366F,RP,01,No,,,,,01,Dry,,,,,,,,
Property Damage Crashes,MSP6582015H,Maryland State Police,"Sideswipe, Same Direction",Prince George's,Interstate,No,Yes,No,No,No,CAPITAL BELTWAY (SB LOCAL),95,INTERSTATE ROUTE,No,True,No,2/18/2025,No,Point,38.806443333,-76.991555,MSP,07,16,03,No,7,,07:04,2025,Tuesday,12,Motor Vehicle In Transport,05,On Roadway,1,,,,,,09,Through Roadway,01,Daylight,2/18/2025,2025-02-18,S,57.76,F,N,,,6E41BB1ECD5D90FA0E91B5CA2D04674D0CC0E1D82EBBC2641E3A70389B0EE719,IS,01,No,,,,,01,Dry,,,,,,,,