Crash Severity Description,Reportnumber,Agencyname,CollisionImpact Description,Crash County Description,FunctionalClass Description,ImpairedCrash,Large Vehicle Involved,Motorcycle Crash,Non-Motorist Crash,OffRoad,RoadName,Route Number,RouteType Description,Unrestrained Occupants,WithinDateRange,Work Zone Related,Crashdate,Work Zone Crash,CrashPoint,Latitude,Longitude,AgencyCode,CollisionImpact,Crash County,Crash Severity,Crash Within Interchange,Crashhour,CrashInterchangeApproaches,Crashtime,CrashYear,Dayofweek,FirstHarmEvent,FirstHarmEvent Description,FirstHarmLocation,FirstHarmLocation Description,FunctionalClass,Geometry Description,GovPropertyDamage,GovPropertyDamage Description,IntersectingRoadName,Intersection Geometry,JunctionRelated,JunctionRelated Description,Light,Light Description,LOD Crash Date,LOD Date Level,MilepointDirection,MilepointDistance,MilepointUnits,NonTrafficFatal,OffroadLocation,OffroadLocation Description,RoadID,RouteType,SchoolBusRelated,SchoolBusRelated Description,SecondHarmEvent,SecondHarmEvent Description,SecondHarmLocation,SecondHarmLocation Description,Surface,Surface Description,TrafficControl,Trafficcontrol Description,WZLawEnforcementPresent,WZLocation,WZLocation Description,WZType,WZType Description,WZWorkersPresent
Property Damage Crashes,HB05020009,Maryland-National Capital Park Police Prince George's County,Rear To Side,Prince George's,Principal Arterial – Other,No,No,No,No,No,OXON HILL RD (WB/L),414,MARYLAND ROUTE,No,True,No,5/22/2025,No,Point,38.804617203,-76.978387522,PGPARK,05,16,03,Yes,13,,13:04,2025,Thursday,12,Motor Vehicle In Transport,05,On Roadway,3,,101,State,,,03,Driveway Access or Related,01,Daylight,5/22/2025,2025-05-22,E,4.19,F,N,,,4AEC75DD9C5C6D8B0AE961C38A5D9B2AC38D13C39C1B1168CAE5D9853B55C978,MD,01,No,12,Motor Vehicle In Transport,05,On Roadway,09,Wet,,,,,,,,
Property Damage Crashes,DA36840074,Prince George's County Police,"Sideswipe, Opposite Direction",Prince George's,,No,Yes,No,No,No,,600,COUNTY ROAD,No,True,No,2/21/2025,No,Point,38.724233052,-76.998926279,PGCOPD,06,16,03,Yes,8,04,08:13,2025,Friday,12,Motor Vehicle In Transport,05,On Roadway,,Angled/Skewed,,,ASBURY DR,01,05,Intersection or Related,01,Daylight,2/21/2025,2025-02-21,S,0,F,N,,,0A6A9D0E5BCCA6298E324E9EE325F12A5787DEC77AE9C4141520952397F91F68,CO,02,"Yes, School Bus Directly Involved",,,,,01,Dry,05,No Controls,,,,,,
Property Damage Crashes,DA4382001P,Prince George's County Police,"Sideswipe, Same Direction",Prince George's,Local,No,No,No,No,No,KAREN BLVD,3367,COUNTY ROAD,No,True,No,2/21/2025,No,Point,38.876237172,-76.887515247,PGCOPD,07,16,03,No,15,,15:05,2025,Friday,12,Motor Vehicle In Transport,07,"On Shoulder, Right Side",7,,,,,,06,Non-Junction,01,Daylight,2/21/2025,2025-02-21,S,8.2,F,N,,,4433B0AB3B003107B13949DDB760811D5FDEAD2D84F922EFD7001C778CD34C34,CO,01,No,,,,,01,Dry,,,,,,,,
Property Damage Crashes,MSP745800R3,Maryland State Police,Front to Rear,Prince George's,Interstate,No,No,No,No,No,CAPITAL BELTWAY,95,INTERSTATE ROUTE,No,True,No,3/25/2025,No,Point,38.864496667,-76.84715,MSP,03,16,03,No,8,,08:19,2025,Tuesday,12,Motor Vehicle In Transport,05,On Roadway,1,,,,,,01,Acceleration/Deceleration Lane,01,Daylight,3/25/2025,2025-03-25,S,44.78,F,N,,,627346B1B0A166056E1665D8EEC0C213C9F2E9A07F53ABCC8B73AA8A0E2BC701,IS,01,No,,,,,01,Dry,,,,,,,,
Property Damage Crashes,CE5240002J,Laurel Police Department,Front to Rear,Prince George's,,No,No,No,No,Yes,,,,No,True,No,1/9/2025,No,Point,39.094344427,-76.840252855,LAUREL,03,16,03,,21,,21:30,2025,Thursday,15,Parked Vehicle,02,In Parking Lane Or Zone,,,,,,,,,03,Dark - Lighted,1/9/2025,2025-01-09,,,F,N,102,Parking Lot Way,,,01,No,,,,,,,,,,,,,,
Property Damage Crashes,DA4371001X,Prince George's County Police,Front to Front,Prince George's,Minor Arterial,No,No,No,No,No,TEMPLE HILL RD,123,COUNTY ROAD,No,True,No,2/4/2025,No,Point,38.792692661,-76.928450076,PGCOPD,02,16,03,No,7,,07:56,2025,Tuesday,12,Motor Vehicle In Transport,05,On Roadway,4,,,,,,06,Non-Junction,01,Daylight,2/4/2025,2025-02-04,N,26.02,F,N,,,B29CB4B612FFE66B0AECEFFBF3ADF373D291D6C4A412DA10704BB34443E7717A,CO,01,No,,,,,01,Dry,,,,,,,,
Property Damage Crashes,MSP718600J9,Maryland State Police,Front to Rear,Prince George's,Major Collector,No,No,No,No,No,POINTER RIDGE DR,2170,MUNICIPAL ROAD,No,True,No,2/22/2025,No,Point,38.908906556,-76.717229128,MSP,03,16,03,No,13,02,13:12,2025,Saturday,12,Motor Vehicle In Transport,05,On Roadway,5,Angled/Skewed,,,CRAIN HWY,01,05,Intersection or Related,01,Daylight,2/22/2025,2025-02-22,N,0,F,N,,,6A1165B243A41B79C3C7112E80C655AA10F96DD70E00635B68FDCE4A4B807386,MU,01,No,,,,,01,Dry,01,Signalized,,,,,,
Property Damage Crashes,DA4304005W,Prince George's County Police,Front to Rear,Prince George's,Principal Arterial – Other Freeways and Expressways,No,No,No,No,No,EDMONSTON AVE (SB/L),201,MARYLAND ROUTE,No,True,No,2/10/2025,No,Point,39.030729753,-76.900209112,PGCOPD,03,16,03,No,18,,18:32,2025,Monday,12,Motor Vehicle In Transport,99,Unknown,2,,,,,,99,Unknown,03,Dark - Lighted,2/10/2025,2025-02-10,S,48.2,F,N,,,8E3E1B0A4458DA01C1D66F8F524C18105A0151EF759DC308935B5032F1A803D2,MD,01,No,,,,,01,Dry,,,,,,,,
Property Damage Crashes,MSP78720038,Maryland State Police,Rear To Side,Prince George's,Minor Arterial,No,Yes,No,No,No,COVENTRY WAY,2525,COUNTY ROAD,No,True,No,4/8/2025,No,Point,38.782202775,-76.896362663,MSP,05,16,03,No,7,,07:59,2025,Tuesday,12,Motor Vehicle In Transport,05,On Roadway,4,,,,,,09,Through Roadway,01,Daylight,4/8/2025,2025-04-08,W,35.37,F,N,,,F25239E0A2097A585120430A98A09EBD4256AD4033B8A0780899D392B6C0A439,CO,01,No,,,,,01,Dry,,,,,,,,
Injury Crashes,DA4260003W,Prince George's County Police,Single Vehicle,Prince George's,Local,No,No,No,Yes,No,WALTERS LA,85,COUNTY ROAD,No,True,No,2/19/2025,No,Point,38.840947575,-76.892608924,PGCOPD,101,16,02,No,18,,18:21,2025,Wednesday,17,Pedestrian,05,On Roadway,7,,,,ANTON DR,,09,Through Roadway,03,Dark - Lighted,2/19/2025,2025-02-19,S,9.17,F,N,,,87261BBBD26CCA3535853535288C38681F1D445BBBC9C8C022A1E7652287E4CE,CO,01,No,17,Pedestrian,01,Gore,01,Dry,,,,,,,,
Injury Crashes,MSP647600K2,Maryland State Police,Single Vehicle,Prince George's,Principal Arterial – Other Freeways and Expressways,No,No,No,No,No,PENNSYLVANIA AVE,4,MARYLAND ROUTE,No,True,No,6/3/2025,No,Point,38.81127,-76.81319,MSP,101,16,02,No,4,,04:54,2025,Tuesday,29,Embankment,01,Gore,2,,,,,,09,Through Roadway,04,Dark - Not Lighted,6/3/2025,2025-06-03,S,19.77,F,N,,,E8F2828C9D63E6C02B10355549DEFCBB41387B3C2096A56E17AB8533DEC72C1B,MD,01,No,,,,,01,Dry,,,,,,,,
Property Damage Crashes,AM0391001R,Bladensburg Police Department,Single Vehicle,Prince George's,Principal Arterial – Other,No,No,No,No,No,KENILWORTH AVE,201,MARYLAND ROUTE,No,True,No,1/25/2025,No,Point,38.934564944,-76.935389045,BLADENSBURG,101,16,03,No,2,,02:36,2025,Saturday,37,Other Traffic Barrier,05,On Roadway,3,,,,,,06,Non-Junction,04,Dark - Not Lighted,1/25/2025,2025-01-25,E,110.79,F,N,,,B5512DC20E4AA2F985FA441497B7FDABA1C90D618AAE987D30E516CB64508305,MD,01,No,,,,,01,Dry,,,,,,,,
Property Damage Crashes,DA409900F5,Prince George's County Police,"Sideswipe, Same Direction",Prince George's,Principal Arterial – Other,No,Yes,No,No,No,UNIVERSITY BLVD (WB/L),193,MARYLAND ROUTE,No,True,No,1/28/2025,No,Point,38.983874443,-76.980059747,PGCOPD,07,16,03,No,16,,16:48,2025,Tuesday,12,Motor Vehicle In Transport,05,On Roadway,3,,,,,,09,Through Roadway,01,Daylight,1/28/2025,2025-01-28,N,149.44,F,N,,,8CBFF8C91E5B84DEB4A14061F9D0E40DDF5D6C1B24D32C93A146695B2B8A6BF2,MD,01,No,,,,,01,Dry,,,,,,,,
Property Damage Crashes,DA3779002V,Prince George's County Police,Single Vehicle,Prince George's,,No,No,No,No,Yes,,,,No,True,No,4/22/2025,No,Point,38.972182809,-76.846968347,PGCOPD,101,16,03,,16,,16:00,2025,Tuesday,35,"Other Fixed Object (wall, building, tunnel, etc.)",02,In Parking Lane Or Zone,,,,,,,,,01,Daylight,4/22/2025,2025-04-22,,,F,N,102,Parking Lot Way,,,01,No,,,,,,,,,,,,,,
Property Damage Crashes,AZ17300026,Cheverly Police Department,"Sideswipe, Same Direction",Prince George's,Major Collector,No,Yes,No,No,No,COLUMBIA PARK RD (SB/L),459,MARYLAND ROUTE,No,True,No,1/5/2025,No,Point,38.917559161,-76.915458662,CHEVERLY,07,16,03,No,20,02,20:40,2025,Sunday,12,Motor Vehicle In Transport,05,On Roadway,5,Perpendicular,,,COLUMBIA PARK RD RAMP 3 FR US 50 EB TO MD 459 NB,03,05,Intersection or Related,03,Dark - Lighted,1/5/2025,2025-01-05,N,0,F,N,,,FC5A0EB668D01403B80861D74216726F84D72C825B08BD56FD3D42FBD54AC696,MD,01,No,,,,,99,Unknown,01,Signalized,,,,,,
Property Damage Crashes,CC02800034,Hyattsville Police Department,"Sideswipe, Same Direction",Prince George's,Local,No,No,No,No,No,OGLETHORPE ST,330,MUNICIPAL ROAD,No,True,No,3/18/2025,No,Point,38.960477992,-76.950725794,HYATTSVILLE,07,16,03,No,9,,09:00,2025,Tuesday,15,Parked Vehicle,05,On Roadway,7,,,,,,06,Non-Junction,01,Daylight,3/18/2025,2025-03-18,S,32.53,F,N,,,571661ABAB14730A88EC33F0FB135337493458A04F64E49B563FDFCE76BEF487,MU,01,No,,,,,01,Dry,,,,,,,,
Property Damage Crashes,MSP617100MP,Maryland State Police,Front to Rear,Prince George's,Interstate,No,Yes,No,No,No,NO NAME,95,INTERSTATE ROUTE,No,True,No,2/14/2025,No,Point,39.108416228,-76.880819656,MSP,03,16,03,No,8,,08:04,2025,Friday,12,Motor Vehicle In Transport,05,On Roadway,1,,,,,,06,Non-Junction,01,Daylight,2/14/2025,2025-02-14,N,41.83,F,N,,,3880ACA4C2C4E516D0F2349407991552F7CDF70DEA9B56D91DE83CDE4AB21E72,IS,01,No,,,,,01,Dry,,,,,,,,
Injury Crashes,DA4414000Q,Prince George's County Police,Front to Rear,Prince George's,Principal Arterial – Other Freeways and Expressways,No,No,No,No,No,BRANCH AVE,5,MARYLAND ROUTE,No,True,No,5/12/2025,No,Point,38.825069665,-76.923938150,PGCOPD,03,16,02,No,9,,09:02,2025,Monday,12,Motor Vehicle In Transport,05,On Roadway,2,,,,,,06,Non-Junction,01,Daylight,5/12/2025,2025-05-12,N,20.53,F,N,,,0CF6725114A1C15D0E77735E1E31FAB9DBAA43CCF6B76CE52E226A94B9C493FA,MD,01,No,,,,,01,Dry,,,,,,,,
Property Damage Crashes,DA4350002Y,Prince George's County Police,Front to Rear,Prince George's,Principal Arterial – Other,No,No,No,No,No,BRANCH AVE,5,MARYLAND ROUTE,No,True,No,3/4/2025,No,Point,38.839935872,-76.946745401,PGCOPD,03,16,03,No,9,,09:54,2025,Tuesday,12,Motor Vehicle In Transport,05,On Roadway,3,,,,,,09,Through Roadway,01,Daylight,3/4/2025,2025-03-04,N,37.99,F,N,,,E34C05A037ABA9F74EBB262D82C282B7B95521F3F2BFC12121C6962EA9A592CF,MD,01,No,,,,,01,Dry,,,,,,,,
Injury Crashes,DA3835007B,Prince George's County Police,Single Vehicle,Prince George's,Minor Arterial,Yes,No,No,No,No,ALLENTOWN RD,126,COUNTY ROAD,No,True,No,6/1/2025,No,Point,38.792921978,-76.920609893,PGCOPD,101,16,02,No,18,,18:52,2025,Sunday,36,"Other Post, Pole, Or Support",09,Roadside,4,,,,,,06,Non-Junction,01,Daylight,6/1/2025,2025-06-01,S,0.36,F,N,,,70201D99D8AF9838AE266E714B5FC5D88BA5B07A57122FDAB336D6951E6593B6,CO,01,No,38,Traffic Sign Support,09,Roadside,01,Dry,,,,,,,,
Property Damage Crashes,CC0278005R,Hyattsville Police Department,Other,Prince George's,,Yes,No,No,No,Yes,,,,No,True,No,2/25/2025,No,Point,38.957643573,-76.959971140,HYATTSVILLE,98,16,03,,5,,05:11,2025,Tuesday,12,Motor Vehicle In Transport,02,In Parking Lane Or Zone,,,,,,,,,03,Dark - Lighted,2/25/2025,2025-02-25,,,F,N,102,Parking Lot Way,,,01,No,,,,,,,,,,,,,,
Injury Crashes,DA4349003N,Prince George's County Police,"Sideswipe, Same Direction",Prince George's,,No,No,No,No,No,,483,COUNTY ROAD,No,True,No,2/2/2025,No,Point,38.844694305,-76.874208629,PGCOPD,07,16,02,No,18,04,18:59,2025,Sunday,12,Motor Vehicle In Transport,05,On Roadway,,Perpendicular,,,MARLBORO PIKE MARLBORO PIKE (NB/L),03,05,Intersection or Related,03,Dark - Lighted,2/2/2025,2025-02-02,S,0,F,N,,,A2B850724E24A5279BC8A0617CB21D55DE396447214C49981FD3AD90C71EFFAE,CO,01,No,,,,,01,Dry,01,Signalized,,,,,,
Property Damage Crashes,DA4333003Y,Prince George's County Police,Unknown,Prince George's,Local,No,No,No,No,No,18TH AVE,1155,COUNTY ROAD,No,True,No,2/22/2025,No,Point,38.979379051,-76.979411374,PGCOPD,99,16,03,No,8,,08:30,2025,Saturday,12,Motor Vehicle In Transport,05,On Roadway,7,,,,,,06,Non-Junction,01,Daylight,2/22/2025,2025-02-22,N,44.5,F,N,,,0441AE79003053A03C8A5FCF5ECFD3BBFDE3ED0B52ABFF0876483DCB04DF95A8,CO,01,No,,,,,01,Dry,,,,,,,,
Property Damage Crashes,CE4909007F,Laurel Police Department,"Sideswipe, Same Direction",Prince George's,Local,No,No,No,No,No,CYPRESS ST (EB/L),100,MUNICIPAL ROAD,No,True,No,2/8/2025,No,Point,39.082913995,-76.865234087,LAUREL,07,16,03,No,11,02,11:15,2025,Saturday,12,Motor Vehicle In Transport,05,On Roadway,7,Perpendicular,,,LAUREL LAKES DR,03,05,Intersection or Related,01,Daylight,2/8/2025,2025-02-08,N,0,F,N,,,B989789A25064B93A183289AE5080E4AB5989879F774A0EBCC63B7645A2711E0,MU,01,No,,,,,01,Dry,02,Stop - All Way,,,,,,
Property Damage Crashes,GC9347001G,Glenarden Police Department,Single Vehicle,Prince George's,Local,No,No,No,No,No,RUBY LOCKHART BLVD (EB/L),6839,COUNTY ROAD,No,True,No,2/9/2025,No,Point,38.9197346,-76.8436505,GLENARDEN,101,16,03,No,6,,06:22,2025,Sunday,13,Other Non-Fixed Object,03,Median,7,,100,Local,,,99,Unknown,03,Dark - Lighted,2/9/2025,2025-02-09,S,53.97,F,N,,,211D3E5E352ECB8449B27CA9DF00718525D309F34320BA638A242DF7CC199480,CO,01,No,13,Other Non-Fixed Object,03,Median,09,Wet,,,,,,,,
Property Damage Crashes,MSP732800KB,Maryland State Police,"Sideswipe, Same Direction",Prince George's,Interstate,No,No,No,No,No,NO NAME,95,INTERSTATE ROUTE,No,True,No,2/3/2025,No,Point,39.035369916,-76.940110213,MSP,07,16,03,No,15,,15:38,2025,Monday,12,Motor Vehicle In Transport,05,On Roadway,1,,101,State,,,06,Non-Junction,01,Daylight,2/3/2025,2025-02-03,W,15.1,F,N,,,2BF0047CD0CEBF94DB5DECD53E6E05C4E28D8D5AA9D005EF3BB17AB625B5FFE8,IS,01,No,,,,,01,Dry,,,,,,,,
Property Damage Crashes,DA333600FX,Prince George's County Police,Front to Rear,Prince George's,,No,No,No,No,No,ALLENTOWN RD (SB/L),126,COUNTY ROAD,No,True,No,2/16/2025,No,Point,38.787727756,-76.938484691,PGCOPD,03,16,03,No,13,,13:30,2025,Sunday,12,Motor Vehicle In Transport,05,On Roadway,,,,,,,09,Through Roadway,01,Daylight,2/16/2025,2025-02-16,N,43.74,F,N,,,457E6B36C03F9993DB18AD2656AAEB700A4B215EEF5F0B8A166ED208B7BD3DFD,CO,01,No,,,,,09,Wet,,,,,,,,
Property Damage Crashes,MSP74160011,Maryland State Police,Single Vehicle,Prince George's,Interstate,No,No,No,No,No,CAPITAL BELTWAY,95,INTERSTATE ROUTE,No,True,No,2/4/2025,No,Point,38.990122968,-76.884489134,MSP,101,16,03,No,1,,01:31,2025,Tuesday,28,Ditch,09,Roadside,1,,,,,,09,Through Roadway,04,Dark - Not Lighted,2/4/2025,2025-02-04,S,19.14,F,N,,,1DC1C1EBB773B000F19B301CC1BE1FA1DF417C78D0D5BB50ACB8A0013FDABA5A,IS,01,No,,,,,01,Dry,,,,,,,,
Property Damage Crashes,DA3728009K,Prince George's County Police,Front to Rear,Prince George's,Minor Arterial,No,No,No,No,No,PISCATAWAY RD,223,MARYLAND ROUTE,No,True,No,2/21/2025,No,Point,38.764900069,-76.900211874,PGCOPD,03,16,03,No,15,,15:38,2025,Friday,12,Motor Vehicle In Transport,05,On Roadway,4,,,,,,06,Non-Junction,01,Daylight,2/21/2025,2025-02-21,E,8.91,F,N,,,89F67F04AF5F2F111D0F7C5EA1495E8F0569E3236A552D4623A5FE453DF11B0B,MD,01,No,,,,,01,Dry,,,,,,,,
Property Damage Crashes,DA43980019,Prince George's County Police,Unknown,Prince George's,Local,No,No,No,No,No,HIL MAR DR,2668,COUNTY ROAD,No,True,No,5/31/2025,No,Point,38.844053216,-76.901549694,PGCOPD,99,16,03,No,20,,20:00,2025,Saturday,15,Parked Vehicle,08,Outside Road/Right-Of-Way,7,,,,,,06,Non-Junction,05,Dark - Unknown Lighting,5/31/2025,2025-05-31,N,10.99,F,N,,,DB3491288A818EC9E90B935A4D4A4B4864CD1B108530CADAE8A359D24817ADB8,CO,01,No,,,,,99,Unknown,,,,,,,,
Property Damage Crashes,DA4343002D,Prince George's County Police,Angle,Prince George's,Minor Arterial,No,No,No,No,No,CHERRY LA,7,COUNTY ROAD,No,True,No,1/21/2025,No,Point,39.090219136,-76.857555910,PGCOPD,01,16,03,Yes,12,,12:00,2025,Tuesday,12,Motor Vehicle In Transport,05,On Roadway,4,,,,,,03,Driveway Access or Related,01,Daylight,1/21/2025,2025-01-21,E,474.87,F,N,,,82E27BD657FE0913D64CB6BD63DD4BB230A27655C3D6BBAB5DD50EE914BE414E,CO,01,No,,,,,01,Dry,,,,,,,,
Property Damage Crashes,HB0420000B,Maryland-National Capital Park Police Prince George's County,"Sideswipe, Same Direction",Prince George's,Principal Arterial – Other,No,Yes,No,No,No,MARTIN LUTHER KING JR HWY,704,MARYLAND ROUTE,No,True,No,5/6/2025,No,Point,38.896179297,-76.906862602,PGPARK,07,16,03,Yes,12,,12:07,2025,Tuesday,12,Motor Vehicle In Transport,05,On Roadway,3,,,,,,09,Through Roadway,01,Daylight,5/6/2025,2025-05-06,N,61.14,F,N,,,4102448A496DBA2EFBDD6A68CF3AFD4B552025D0FB6D79767D9DD13FAB9183A2,MD,01,No,,,,,01,Dry,,,,,,,,
Injury Crashes,AM0394000C,Bladensburg Police Department,Front to Rear,Prince George's,Minor Arterial,No,No,No,No,No,ANNAPOLIS RD (WB/L),450,MARYLAND ROUTE,No,True,No,1/14/2025,No,Point,38.939517982,-76.917571803,BLADENSBURG,03,16,02,Yes,7,,07:45,2025,Tuesday,12,Motor Vehicle In Transport,05,On Roadway,4,,,,,,99,Unknown,01,Daylight,1/14/2025,2025-01-14,E,37.08,F,N,,,5C1476D7B1EF548647906CEEEB710F66F5B1B08636661AD29B5523BC2C1ED5D8,MD,01,No,,,,,01,Dry,,,,,,,,
Property Damage Crashes,DA380100F0,Prince George's County Police,"Sideswipe, Same Direction",Prince George's,Major Collector,No,No,No,No,No,AGER RD,1599,COUNTY ROAD,No,True,No,4/10/2025,No,Point,38.970469413,-76.978094215,PGCOPD,07,16,03,No,18,,18:31,2025,Thursday,12,Motor Vehicle In Transport,05,On Roadway,5,,,,,,06,Non-Junction,01,Daylight,4/10/2025,2025-04-10,S,16.45,F,N,,,7C6D277DDDC3B32F5D7513D19B9F5A56F08F317858F9A143063AD639D9496EC3,CO,01,No,,,,,01,Dry,,,,,,,,
Property Damage Crashes,DA4407000L,Prince George's County Police,Single Vehicle,Prince George's,,No,No,No,No,No,MARLBORO PIKE (NB/L),3074,COUNTY ROAD,No,True,No,1/9/2025,No,Point,38.849782491,-76.884742649,PGCOPD,101,16,03,No,15,,15:45,2025,Thursday,32,Guardrail Face,07,"On Shoulder, Right Side",,,,,,,06,Non-Junction,01,Daylight,1/9/2025,2025-01-09,W,4.28,F,N,,,E90083352B15AB5E82F42769137DB058B1A7E9527E514C0881DF67D8C0683CEB,CO,01,No,,,,,02,Ice/Frost,,,,,,,,
Property Damage Crashes,DA4234004H,Prince George's County Police,Front to Rear,Prince George's,Minor Arterial,No,No,No,No,No,WHEELER RD,110,COUNTY ROAD,No,True,No,6/2/2025,No,Point,38.818998551,-76.965520291,PGCOPD,03,16,03,No,18,,18:00,2025,Monday,12,Motor Vehicle In Transport,05,On Roadway,4,,,,,,09,Through Roadway,01,Daylight,6/2/2025,2025-06-02,N,31.86,F,N,,,FBD0E0B59102D93C7C03ED6950D8C434B2AC918A2015EFD1464B8FBF3D42AAC8,CO,01,No,12,Motor Vehicle In Transport,05,On Roadway,01,Dry,,,,,,,,
Property Damage Crashes,DA4421000T,Prince George's County Police,Front to Rear,Prince George's,Minor Arterial,No,No,No,No,No,PALMER RD,3645,COUNTY ROAD,No,True,No,1/31/2025,No,Point,38.767058430,-76.987164531,PGCOPD,03,16,03,No,16,,16:00,2025,Friday,12,Motor Vehicle In Transport,05,On Roadway,4,,,,,,09,Through Roadway,01,Daylight,1/31/2025,2025-01-31,W,191.49,F,N,,,D72D90253ABB63E4531057CCA466C3F0974008D1EFCC25F7D17D5138F71D05AB,CO,01,No,,,,,09,Wet,,,,,,,,
Property Damage Crashes,DA4233007Q,Prince George's County Police,"Sideswipe, Opposite Direction",Prince George's,,No,No,No,No,Yes,,,,No,True,No,2/19/2025,No,Point,38.769069591,-76.889115409,PGCOPD,06,16,03,,21,,21:00,2025,Wednesday,12,Motor Vehicle In Transport,04,"Off-Roadway, Location Unknown",,,,,,,,,03,Dark - Lighted,2/19/2025,2025-02-19,,,F,N,102,Parking Lot Way,,,01,No,,,,,,,,,,,,,,
Property Damage Crashes,DA421200FQ,Prince George's County Police,"Sideswipe, Same Direction",Prince George's,Minor Arterial,No,No,No,No,No,ANNAPOLIS RD (WB/L),450,MARYLAND ROUTE,No,True,No,3/17/2025,No,Point,38.939915379,-76.906361802,PGCOPD,07,16,03,No,17,,17:43,2025,Monday,12,Motor Vehicle In Transport,05,On Roadway,4,,,,,,09,Through Roadway,01,Daylight,3/17/2025,2025-03-17,S,18.41,F,N,,,DA33C9097D1C7DEAFFB9B06F9C8FA62D6C7B1650F163E800DB6A177F6214ED80,MD,01,No,,,,,01,Dry,,,,,,,,
Property Damage Crashes,DA43080042,Prince George's County Police,"Sideswipe, Same Direction",Prince George's,Local,No,No,No,No,No,28TH AVE (NB/L),1263,COUNTY ROAD,No,True,No,1/21/2025,No,Point,38.831187271,-76.941233294,PGCOPD,07,16,03,No,18,04,18:36,2025,Tuesday,12,Motor Vehicle In Transport,05,On Roadway,7,Angled/Skewed,,,NO NAME,01,05,Intersection or Related,03,Dark - Lighted,1/21/2025,2025-01-21,N,0,F,N,,,3DFDC1100D617C3C22E688CF7113BA85B7EDC20F414B431925BA833474C514E1,CO,01,No,,,,,01,Dry,01,Signalized,,,,,,
Injury Crashes,DA3877008P,Prince George's County Police,Single Vehicle,Prince George's,Local,No,No,No,Yes,No,LIVINGSTON RD,4524,COUNTY ROAD,No,True,No,1/15/2025,No,Point,38.735122242,-76.993432355,PGCOPD,101,16,02,No,12,,12:47,2025,Wednesday,17,Pedestrian,07,"On Shoulder, Right Side",7,,,,,,06,Non-Junction,01,Daylight,1/15/2025,2025-01-15,S,21.07,F,N,,,7098BAB361E21B46FE784DDEF2447A3E6F2F27230DFD378C8C9236A95A73F23F,CO,01,No,,,,,01,Dry,,,,,,,,
Property Damage Crashes,DA387800CK,Prince George's County Police,Other,Prince George's,Principal Arterial – Other,No,No,No,No,No,GREENBELT RD,193,MARYLAND ROUTE,No,True,No,3/7/2025,No,Point,38.991129630,-76.856987597,PGCOPD,98,16,03,No,21,,21:02,2025,Friday,12,Motor Vehicle In Transport,05,On Roadway,3,,,,,,06,Non-Junction,03,Dark - Lighted,3/7/2025,2025-03-07,N,21.75,F,N,,,F225480EA60FD380ED871B9FFD0BA4BAA23219F69405C74F83EC1CD23E385DB3,MD,01,No,,,,,01,Dry,,,,,,,,
Property Damage Crashes,DA4339002S,Prince George's County Police,Rear To Side,Prince George's,,No,Yes,No,No,Yes,,,,No,True,No,1/7/2025,No,Point,38.805498829,-76.985308924,PGCOPD,05,16,03,,16,,16:00,2025,Tuesday,12,Motor Vehicle In Transport,99,Unknown,,,,,,,,,01,Daylight,1/7/2025,2025-01-07,,,F,N,101,Parking Aisle,,,01,No,,,,,,,,,,,,,,
Property Damage Crashes,BW02240004,Greenbelt Police Department,"Sideswipe, Same Direction",Prince George's,Principal Arterial – Other Freeways and Expressways,No,No,No,No,No,RAMP 5 FR MD 201 SB TO MD 193 EB,201,RAMP,No,True,No,1/18/2025,No,Point,38.997199806,-76.900055641,GREENBELT,07,16,03,Yes,12,,12:27,2025,Saturday,12,Motor Vehicle In Transport,05,On Roadway,2,,,,,,04,Entrance/Exit Ramp or Related,01,Daylight,1/18/2025,2025-01-18,E,15.7,F,N,,,CD10238DDA97BF9A7E4152F145C0CBD0762AE3C845AEB512C431989041A1E121,RP,01,No,,,,,09,Wet,,,,,,,,
Property Damage Crashes,MSP7657007Y,Maryland State Police,Front to Rear,Prince George's,Interstate,No,Yes,No,No,No,CAPITAL BELTWAY (SB/L),95,INTERSTATE ROUTE,No,True,No,4/8/2025,No,Point,38.81786085,-76.9473418,MSP,03,16,03,No,8,,08:34,2025,Tuesday,12,Motor Vehicle In Transport,05,On Roadway,1,,,,,,06,Non-Junction,01,Daylight,4/8/2025,2025-04-08,S,60.12,F,N,,,D3259770E5D3EE298B5E8DE5FE5F3FC506B82EA437EE82BA46C946863B266013,IS,01,No,,,,,01,Dry,,,,,,,,
Property Damage Crashes,DA43730022,Prince George's County Police,Other,Prince George's,,No,No,No,No,No,NO NAME,1111,LOCAL ROAD,No,True,No,1/25/2025,No,Point,38.817913714,-76.891100692,PGCOPD,98,16,03,No,19,,19:20,2025,Saturday,12,Motor Vehicle In Transport,05,On Roadway,,,,,ALLENTOWN RD,,09,Through Roadway,03,Dark - Lighted,1/25/2025,2025-01-25,N,27.84,F,N,,,B156C423CC8F465DE6591D90B6AEC3E946E17A2759BEF997519AABF9C7FC11B5,LL,01,No,,,,,01,Dry,,,,,,,,