Crash Severity Description,Reportnumber,Agencyname,CollisionImpact Description,Crash County Description,FunctionalClass Description,ImpairedCrash,Large Vehicle Involved,Motorcycle Crash,Non-Motorist Crash,OffRoad,RoadName,Route Number,RouteType Description,Unrestrained Occupants,WithinDateRange,Work Zone Related,Crashdate,Work Zone Crash,CrashPoint,Latitude,Longitude,AgencyCode,CollisionImpact,Crash County,Crash Severity,Crash Within Interchange,Crashhour,CrashInterchangeApproaches,Crashtime,CrashYear,Dayofweek,FirstHarmEvent,FirstHarmEvent Description,FirstHarmLocation,FirstHarmLocation Description,FunctionalClass,Geometry Description,GovPropertyDamage,GovPropertyDamage Description,IntersectingRoadName,Intersection Geometry,JunctionRelated,JunctionRelated Description,Light,Light Description,LOD Crash Date,LOD Date Level,MilepointDirection,MilepointDistance,MilepointUnits,NonTrafficFatal,OffroadLocation,OffroadLocation Description,RoadID,RouteType,SchoolBusRelated,SchoolBusRelated Description,SecondHarmEvent,SecondHarmEvent Description,SecondHarmLocation,SecondHarmLocation Description,Surface,Surface Description,TrafficControl,Trafficcontrol Description,WZLawEnforcementPresent,WZLocation,WZLocation Description,WZType,WZType Description,WZWorkersPresent
Property Damage Crashes,DA42500030,Prince George's County Police,Front to Front,Prince George's,Minor Arterial,No,No,No,No,No,ANNAPOLIS RD (WB/L),450,MARYLAND ROUTE,Yes,True,No,4/7/2025,No,Point,38.941852987,-76.903411080,PGCOPD,02,16,03,No,19,04,19:49,2025,Monday,12,Motor Vehicle In Transport,05,On Roadway,4,Perpendicular,,,COOPER LA,03,05,Intersection or Related,03,Dark - Lighted,4/7/2025,2025-04-07,W,0,F,N,,,E45F7CC7BF9CDFFFEA7545287218AA308BFAB17D6FDF88E64697B5726ECB9F75,MD,01,No,12,Motor Vehicle In Transport,05,On Roadway,01,Dry,01,Signalized,,,,,,
Property Damage Crashes,CE45730040,Laurel Police Department,Front to Front,Prince George's,Principal Arterial – Other,No,Yes,No,No,No,WASHINGTON BLVD (SB/L),1,UNITED STATE ROUTE,No,True,No,3/24/2025,No,Point,39.098438400,-76.849478115,LAUREL,02,16,03,No,11,,11:20,2025,Monday,12,Motor Vehicle In Transport,05,On Roadway,3,,,,,,04,Entrance/Exit Ramp or Related,01,Daylight,3/24/2025,2025-03-24,N,43.58,F,N,,,12804945CED4316950324A7CB9463D2BC5E4BAE5B5E884E5B702759B6483BB0A,US,01,No,,,,,09,Wet,,,,,,,,
Property Damage Crashes,DA4389002N,Prince George's County Police,Front to Front,Prince George's,Local,No,No,No,No,No,MERRIMACK DR,1669,COUNTY ROAD,No,True,No,4/12/2025,No,Point,38.990071383,-76.973862867,PGCOPD,02,16,03,No,18,,18:20,2025,Saturday,12,Motor Vehicle In Transport,05,On Roadway,7,,,,RIGGS RD RIGGS RD (SB/L),,09,Through Roadway,01,Daylight,4/12/2025,2025-04-12,W,16.12,F,N,,,819D80C13895C6CD107BF85C10F332A6D779F68A22B82EE690C90ACAF6B0778C,CO,01,No,,,,,09,Wet,,,,,,,,
Injury Crashes,DA4428001B,Prince George's County Police,Front to Rear,Prince George's,Principal Arterial – Other,No,No,No,No,No,GLENN DALE BLVD (WB/L),193,MARYLAND ROUTE,No,True,No,5/26/2025,No,Point,38.978213885,-76.803077820,PGCOPD,03,16,02,Yes,20,,20:30,2025,Monday,12,Motor Vehicle In Transport,05,On Roadway,3,,,,DAISY LA,,09,Through Roadway,03,Dark - Lighted,5/26/2025,2025-05-26,E,5.62,F,N,,,B041C07515F53361691B046F077DB1FBF6F531E68F0BF0B90DAFE87DDC81764E,MD,01,No,,,,,01,Dry,,,,,,,,
Property Damage Crashes,DA29690010,Prince George's County Police,Single Vehicle,Prince George's,Minor Arterial,No,No,No,No,No,WOODYARD RD,223,MARYLAND ROUTE,No,True,No,2/24/2025,No,Point,38.773908692,-76.872523094,PGCOPD,101,16,03,No,22,,22:15,2025,Monday,40,Tree (standing),08,Outside Road/Right-Of-Way,4,,,,,,06,Non-Junction,03,Dark - Lighted,2/24/2025,2025-02-24,N,10.74,F,N,,,4D2E5ED24055B0F4E349318A3921F6BDB3FB392F30BE0DDCA4A4B2AD189E4553,MD,01,No,,,,,01,Dry,,,,,,,,
Property Damage Crashes,DA30080019,Prince George's County Police,Front to Rear,Prince George's,Major Collector,No,No,No,No,No,CHURCH RD,59,COUNTY ROAD,No,True,No,1/28/2025,No,Point,38.925706469,-76.760834291,PGCOPD,03,16,03,No,16,,16:00,2025,Tuesday,12,Motor Vehicle In Transport,05,On Roadway,5,,,,,,99,Unknown,01,Daylight,1/28/2025,2025-01-28,S,23.38,F,N,,,AECF6A8AAD0284177B7056A6724E56B2716B90CAE2230239D6049EEF1C6445D4,CO,01,No,,,,,01,Dry,,,,,,,,
Property Damage Crashes,DA4259003D,Prince George's County Police,Front to Rear,Prince George's,Principal Arterial – Other,No,No,No,No,No,BRANCH AVE (SB/L),5,MARYLAND ROUTE,No,True,No,4/19/2025,No,Point,38.830832936,-76.934397777,PGCOPD,03,16,03,No,21,,21:05,2025,Saturday,12,Motor Vehicle In Transport,05,On Roadway,3,,,,OLD BRANCH AVE,,09,Through Roadway,03,Dark - Lighted,4/19/2025,2025-04-19,S,26.54,F,N,,,C556A1EC23B6DD566C07846796E5A7BDE1B88B22D30B08F886ECA7399FFF03D7,MD,01,No,,,,,01,Dry,,,,,,,,
Property Damage Crashes,MSP7875002Y,Maryland State Police,Single Vehicle,Prince George's,Interstate,No,No,No,No,No,RAMP 4 FR IS 95 NB TO IS 595 EB,95,RAMP,No,True,No,4/4/2025,No,Point,38.942873182,-76.856678493,MSP,101,16,03,No,11,,11:47,2025,Friday,05,Jackknife,05,On Roadway,1,,,,,,06,Non-Junction,01,Daylight,4/4/2025,2025-04-04,S,53.95,F,N,,,A7EF7768551A414E9995E48B7B93C5CF7F7306066EB096362F5D3BBC313512F0,RP,01,No,,,,,01,Dry,,,,,,,,
Property Damage Crashes,DA421200G3,Prince George's County Police,Angle,Prince George's,Local,No,No,No,No,No,ARDWICK ARDMORE RD,2282,COUNTY ROAD,No,True,No,5/4/2025,No,Point,38.947433121,-76.886162254,PGCOPD,01,16,03,No,2,,02:46,2025,Sunday,12,Motor Vehicle In Transport,07,"On Shoulder, Right Side",7,,,,,,09,Through Roadway,04,Dark - Not Lighted,5/4/2025,2025-05-04,S,2.02,F,N,,,AECDE0B608E689595D92EC05413116C14BF54ED106D54E2571BB242347D1EEC9,CO,01,No,,,,,09,Wet,,,,,,,,
Property Damage Crashes,MSP77760062,Maryland State Police,Front to Rear,Prince George's,Interstate,No,No,No,No,No,CAPITAL BELTWAY (SB/L),95,INTERSTATE ROUTE,No,True,No,4/23/2025,No,Point,38.966936995,-76.866454040,MSP,03,16,03,No,15,,15:15,2025,Wednesday,12,Motor Vehicle In Transport,05,On Roadway,1,,,,,,06,Non-Junction,01,Daylight,4/23/2025,2025-04-23,N,1275.85,F,N,,,E1ABB66DE016D497851D5E6CCE329659037AE77E81767729ECBB2EDDA22E1407,IS,01,No,,,,,01,Dry,,,,,,,,
Property Damage Crashes,DA400000B9,Prince George's County Police,"Sideswipe, Same Direction",Prince George's,Interstate,No,No,No,No,No,JOHN HANSON HWY,595,INTERSTATE ROUTE,No,True,No,5/20/2025,No,Point,38.953337637,-76.727669991,PGCOPD,07,16,03,No,15,,15:10,2025,Tuesday,12,Motor Vehicle In Transport,05,On Roadway,1,,,,,,04,Entrance/Exit Ramp or Related,01,Daylight,5/20/2025,2025-05-20,E,10,F,N,,,DB13F57CCCA9CAAE9F5778D478DD0864BEAA1BAD3DEC0F9B7857E669D9A091FE,IS,01,No,,,,,01,Dry,,,,,,,,
Fatal Crashes,DA31190036,Prince George's County Police,Single Vehicle,Prince George's,Minor Arterial,Yes,No,No,No,No,ALLENTOWN RD,337,MARYLAND ROUTE,Yes,True,No,4/23/2025,No,Point,38.807855562,-76.899119198,PGCOPD,101,16,01,No,14,,14:13,2025,Wednesday,07,Overturn/Rollover,05,On Roadway,4,,,,,,03,Driveway Access or Related,01,Daylight,4/23/2025,2025-04-23,E,11.77,F,N,,,97981764CCA00D369318F0F89B6768EEF3FDEB2298FC9836AB1FC5BA7C3294E3,MD,01,No,12,Motor Vehicle In Transport,05,On Roadway,01,Dry,,,,,,,,
Injury Crashes,DA3635006D,Prince George's County Police,Other,Prince George's,Minor Arterial,No,No,No,No,No,WOODYARD RD,223,MARYLAND ROUTE,No,True,No,2/5/2025,No,Point,38.794222738,-76.836195421,PGCOPD,98,16,02,Yes,8,04,08:10,2025,Wednesday,12,Motor Vehicle In Transport,05,On Roadway,4,Perpendicular,,,DOWER HOUSE RD,03,05,Intersection or Related,01,Daylight,2/5/2025,2025-02-05,W,0,F,N,,,9BC7C2ADFC02459D2AE10B2115F8E8B324A0CF95D90E42D825174BF59CA5961E,MD,01,No,,,,,01,Dry,01,Signalized,,,,,,
Injury Crashes,DA3546009L,Prince George's County Police,Angle,Prince George's,Minor Arterial,No,No,No,No,No,PISCATAWAY RD,223,MARYLAND ROUTE,No,True,No,6/3/2025,No,Point,38.751996004,-76.927186352,PGCOPD,01,16,02,Yes,17,03,17:09,2025,Tuesday,12,Motor Vehicle In Transport,05,On Roadway,4,Angled/Skewed,,,STEED RD,01,05,Intersection or Related,01,Daylight,6/3/2025,2025-06-03,S,0,F,N,,,ABDD0D809C3A725BEE837BB0452CA58755E98E3E9F5A4C3E4668B92B91BEBE4E,MD,01,No,,,,,01,Dry,01,Signalized,,,,,,
Injury Crashes,BW02140014,Greenbelt Police Department,"Sideswipe, Same Direction",Prince George's,Major Collector,No,No,No,No,No,CHERRYWOOD LA,40,MUNICIPAL ROAD,No,True,No,1/27/2025,No,Point,38.998047358,-76.912042646,GREENBELT,07,16,02,Yes,12,04,12:21,2025,Monday,12,Motor Vehicle In Transport,05,On Roadway,5,Perpendicular,,,60TH AVE GREENBELT RD (WB/L),03,05,Intersection or Related,01,Daylight,1/27/2025,2025-01-27,S,0,F,N,,,FAE7394B9B1148EB4803F3E35F1943FB24D3B8917B2E768899596134E4D5C788,MU,01,No,,,,,01,Dry,01,Signalized,,,,,,
Property Damage Crashes,MSP738100BG,Maryland State Police,Front to Rear,Prince George's,Principal Arterial – Other Freeways and Expressways,No,No,No,No,No,BRANCH AVE,5,MARYLAND ROUTE,No,True,No,1/17/2025,No,Point,38.723651667,-76.880583333,MSP,03,16,03,No,11,,11:12,2025,Friday,12,Motor Vehicle In Transport,05,On Roadway,2,,,,,,01,Acceleration/Deceleration Lane,01,Daylight,1/17/2025,2025-01-17,S,30.55,F,N,,,63E082533078B8F89D6051DF12347A5320A5349BE5EBE500148C6D6F7F4DDE25,MD,01,No,,,,,01,Dry,,,,,,,,
Property Damage Crashes,MSP77760066,Maryland State Police,Angle,Prince George's,Principal Arterial – Other,No,No,Yes,No,No,,1,UNITED STATE ROUTE,No,True,No,4/27/2025,No,Point,39.079153478,-76.865654636,MSP,01,16,03,No,18,,18:42,2025,Sunday,12,Motor Vehicle In Transport,05,On Roadway,3,,,,,,06,Non-Junction,01,Daylight,4/27/2025,2025-04-27,N,7.77,F,N,,,41823E7B1BDCA10F71DE29B8B26EEA48E6535BE7DA67BCFB491CB000C49A90BE,US,01,No,,,,,01,Dry,,,,,,,,
Property Damage Crashes,BW0170005G,Greenbelt Police Department,Angle,Prince George's,Interstate,No,No,No,No,No,RAMP 2 FR IS 95 WB TO MD 201 NB,95,RAMP,Yes,True,No,1/7/2025,No,Point,39.004559955,-76.893837481,GREENBELT,01,16,03,No,13,,13:47,2025,Tuesday,15,Parked Vehicle,05,On Roadway,1,,100,Local,,,04,Entrance/Exit Ramp or Related,01,Daylight,1/7/2025,2025-01-07,E,59.67,F,N,,,2DCB6FEE6A73407A5AFCB2A6A0701CD9FC7C48F20E07FB7EF9F80B09D516AFE6,RP,01,No,,,,,06,Slush,,,,,,,,
Injury Crashes,BW01910026,Greenbelt Police Department,Other,Prince George's,,No,No,No,No,No,,505,PRIVATE ROAD,No,True,No,4/15/2025,No,Point,38.992852460,-76.881576315,GREENBELT,98,16,02,No,16,,16:10,2025,Tuesday,12,Motor Vehicle In Transport,04,"Off-Roadway, Location Unknown",,,,,,,06,Non-Junction,01,Daylight,4/15/2025,2025-04-15,W,11.73,F,N,,,FACF65D3B26C12F428B4D9A03E53F5DB9E6056A8DF0884AD59B3EF872E829D1C,PV,01,No,,,,,01,Dry,,,,,,,,
Injury Crashes,CP0164002H,Mount Rainier Police Department,Front to Rear,Prince George's,Principal Arterial – Other,No,No,Yes,No,No,RHODE ISLAND AVE,1,UNITED STATE ROUTE,No,True,No,3/13/2025,No,Point,38.935890854,-76.961791969,MTRAINIER,03,16,02,No,14,,14:21,2025,Thursday,12,Motor Vehicle In Transport,05,On Roadway,3,,,,,,06,Non-Junction,01,Daylight,3/13/2025,2025-03-13,W,34.04,F,N,,,E17826FEF8AA52EF3AA8BD58D55550FE388C825786BA7329E9A9B388687F7590,US,01,No,12,Motor Vehicle In Transport,05,On Roadway,01,Dry,,,,,,,,
Property Damage Crashes,MSP78390046,Maryland State Police,Angle,Prince George's,Interstate,No,No,No,No,No,CAPITAL BELTWAY,95,INTERSTATE ROUTE,No,True,No,4/15/2025,No,Point,38.890521667,-76.846176667,MSP,01,16,03,No,13,,13:29,2025,Tuesday,12,Motor Vehicle In Transport,05,On Roadway,1,,,,,,06,Non-Junction,01,Daylight,4/15/2025,2025-04-15,W,40.61,F,N,,,1D9DFD40489C6F6893C5EA81FDAB47EEABC0F3EA647FE1674B8A30483378B57E,IS,01,No,,,,,01,Dry,,,,,,,,
Injury Crashes,DA406900B6,Prince George's County Police,Angle,Prince George's,,No,No,No,No,No,,1291,COUNTY ROAD,No,True,No,5/27/2025,No,Point,39.025359438,-76.917336670,PGCOPD,01,16,02,Yes,19,,19:02,2025,Tuesday,12,Motor Vehicle In Transport,05,On Roadway,,,,,,,09,Through Roadway,01,Daylight,5/27/2025,2025-05-27,N,6.67,F,N,,,1076712C2F280AA6D10287A535906B893D1980B143DF2F41A5DD0619A81934E7,CO,01,No,,,,,09,Wet,,,,,,,,
Property Damage Crashes,DA37790031,Prince George's County Police,Single Vehicle,Prince George's,Local,No,No,No,No,No,PRESIDENTIAL GOLF DR,7117,COUNTY ROAD,No,True,No,5/14/2025,No,Point,38.844694156,-76.739889680,PGCOPD,101,16,03,No,13,,13:42,2025,Wednesday,36,"Other Post, Pole, Or Support",09,Roadside,7,,,,,,06,Non-Junction,01,Daylight,5/14/2025,2025-05-14,S,11.95,F,N,,,EA240C04C4BAB83A1E2CF0321CCD7B9552D155545C618480AF16AF4DCE33FBF8,CO,01,No,,,,,01,Dry,,,,,,,,
Property Damage Crashes,DA30190038,Prince George's County Police,Front to Rear,Prince George's,,No,No,No,No,No,,18,SPUR,Yes,True,No,4/12/2025,No,Point,38.864366795,-76.914915660,PGCOPD,03,16,03,No,9,02,09:10,2025,Saturday,12,Motor Vehicle In Transport,05,On Roadway,,Angled/Skewed,,,MARLBORO PIKE MARLBORO PIKE (NB/L),01,05,Intersection or Related,01,Daylight,4/12/2025,2025-04-12,W,0,F,N,,,1BAF6B23ECFCA2D55B5B967864411384E8398601A32B06DC954FE5989C0092BE,SP,01,No,,,,,09,Wet,03,Stop - Partial,,,,,,
Property Damage Crashes,MSP77640079,Maryland State Police,"Sideswipe, Same Direction",Prince George's,Principal Arterial – Other,No,No,No,No,No,BALTIMORE AVE,1,UNITED STATE ROUTE,No,True,No,1/30/2025,No,Point,39.087573996,-76.860237967,MSP,07,16,03,No,18,,18:13,2025,Thursday,12,Motor Vehicle In Transport,05,On Roadway,3,,,,,,06,Non-Junction,03,Dark - Lighted,1/30/2025,2025-01-30,E,10.99,F,N,,,A417E8AFC92A5A8C55E0BC02238AFE82B506A9FAF1E08D7A14C454CAC6F88ADA,US,01,No,,,,,01,Dry,,,,,,,,
Property Damage Crashes,MSP585801HZ,Maryland State Police,"Sideswipe, Same Direction",Prince George's,Interstate,No,Yes,No,No,No,CAPITAL BELTWAY (SB/L),95,INTERSTATE ROUTE,No,True,Yes,5/19/2025,Yes,Point,38.81875,-76.931963333,MSP,07,16,03,No,15,,15:20,2025,Monday,12,Motor Vehicle In Transport,05,On Roadway,1,,,,,,09,Through Roadway,01,Daylight,5/19/2025,2025-05-19,S,48.57,F,N,,,0D915C9002B547D7EDBBAA44127B1742EC53729D690DA28029B2EA753E6C7641,IS,01,No,,,,,01,Dry,,,Y,03,Transition Area,01,Lane Closure,Yes
Property Damage Crashes,MSP7839002R,Maryland State Police,Front to Rear,Prince George's,Interstate,No,No,No,No,No,RAMP 3 FR IS 495 EB TO IS 95X NB,95,RAMP,No,True,No,3/1/2025,No,Point,39.019074477,-76.957808192,MSP,03,16,03,No,20,,20:41,2025,Saturday,12,Motor Vehicle In Transport,05,On Roadway,1,,,,,,06,Non-Junction,04,Dark - Not Lighted,3/1/2025,2025-03-01,W,40.41,F,N,,,643F05E9822EF7620331C8DAED8FDC22F143D3B3043C59CFD9F7AC08BE7DEC1D,RP,01,No,,,,,01,Dry,,,,,,,,
Property Damage Crashes,BW01960021,Greenbelt Police Department,Front to Front,Prince George's,,No,No,No,No,Yes,,,,No,True,No,3/22/2025,No,Point,39.010850640,-76.908725484,GREENBELT,02,16,03,,12,,12:00,2025,Saturday,12,Motor Vehicle In Transport,04,"Off-Roadway, Location Unknown",,,,,,,,,99,Unknown,3/22/2025,2025-03-22,,,F,N,101,Parking Aisle,,,01,No,12,Motor Vehicle In Transport,04,"Off-Roadway, Location Unknown",,,,,,,,,,
Property Damage Crashes,MSP745300C7,Maryland State Police,Single Vehicle,Prince George's,Interstate,No,No,No,No,No,JOHN HANSON HWY,595,INTERSTATE ROUTE,No,True,No,5/29/2025,No,Point,38.953768533,-76.723127033,MSP,101,16,03,No,21,,21:43,2025,Thursday,28,Ditch,09,Roadside,1,,101,State,,,06,Non-Junction,04,Dark - Not Lighted,5/29/2025,2025-05-29,N,37.38,F,N,,,FA704B222FF67F971892B1E1DFA628C18DFC5AB712E0A6979DF4C153202E3B50,IS,01,No,,,,,01,Dry,,,,,,,,
Injury Crashes,DA384000J4,Prince George's County Police,Front to Front,Prince George's,Minor Arterial,No,No,No,No,No,LIVINGSTON RD,1202,COUNTY ROAD,No,True,No,2/8/2025,No,Point,38.718605806,-76.984607414,PGCOPD,02,16,02,No,14,,14:00,2025,Saturday,12,Motor Vehicle In Transport,05,On Roadway,4,,,,,,06,Non-Junction,01,Daylight,2/8/2025,2025-02-08,N,44.17,F,N,,,DB6F8F9C07BC25F49162272A0405FE6BD293B0E8F1BFFAAAD49D54AB7B7FE139,CO,01,No,,,,,09,Wet,,,,,,,,
Property Damage Crashes,MSP7765007N,Maryland State Police,Front to Rear,Prince George's,Interstate,No,No,No,No,No,CAPITAL BELTWAY (SB/L),95,INTERSTATE ROUTE,No,True,No,4/23/2025,No,Point,38.811507016,-76.963018974,MSP,03,16,03,No,6,,06:21,2025,Wednesday,12,Motor Vehicle In Transport,05,On Roadway,1,,,,,,09,Through Roadway,01,Daylight,4/23/2025,2025-04-23,E,44.88,F,N,,,413B3AACC01481A7ABAEFB7B5C6D92D9847829E724670A28E5DFBCAFDE96ED0D,IS,01,No,,,,,01,Dry,,,,,,,,
Injury Crashes,DA43060057,Prince George's County Police,Front to Rear,Prince George's,Principal Arterial – Other Freeways and Expressways,No,No,No,No,No,KENILWORTH AVE (SB/L),201,MARYLAND ROUTE,No,True,No,3/29/2025,No,Point,38.913902778,-76.932996595,PGCOPD,03,16,02,No,0,,00:01,2025,Saturday,12,Motor Vehicle In Transport,05,On Roadway,2,,,,,,06,Non-Junction,03,Dark - Lighted,3/29/2025,2025-03-29,S,5.8,F,N,,,4188F73A5E5624E6E0F9D9A1F81EB2EB7D6BBD29A7C7FDF0502CEA862BA1D3D7,MD,01,No,,,,,01,Dry,,,,,,,,
Injury Crashes,DA42870023,Prince George's County Police,Front to Rear,Prince George's,Major Collector,No,No,No,No,No,KONTERRA DR,206,MARYLAND ROUTE,No,True,No,2/3/2025,No,Point,39.088695018,-76.911736290,PGCOPD,03,16,02,No,17,,17:00,2025,Monday,12,Motor Vehicle In Transport,05,On Roadway,5,,,,,,06,Non-Junction,04,Dark - Not Lighted,2/3/2025,2025-02-03,W,15.25,F,N,,,9805098BB41FFDDA23C26DE1DF82547BE00DF4CD4C6F79C91FC6A0707B2E21FC,MD,01,No,,,,,01,Dry,,,,,,,,
Property Damage Crashes,MSP7664008S,Maryland State Police,Front to Rear,Prince George's,Principal Arterial – Other,No,No,No,No,No,CRAIN HWY (SB/L),301,UNITED STATE ROUTE,No,True,No,2/4/2025,No,Point,38.686226430,-76.872399140,MSP,03,16,03,No,18,,18:29,2025,Tuesday,12,Motor Vehicle In Transport,05,On Roadway,3,,,,,,09,Through Roadway,04,Dark - Not Lighted,2/4/2025,2025-02-04,N,12.17,F,N,,,CBF8172FC9568F58731A2F13081D29C3983B6260BA78D48FAA5B398E2E4E8B14,US,01,No,,,,,01,Dry,,,,,,,,
Injury Crashes,MSP7416000Y,Maryland State Police,Single Vehicle,Prince George's,Interstate,No,No,No,No,No,NO NAME,95,INTERSTATE ROUTE,No,True,No,2/21/2025,No,Point,39.063726361,-76.913295289,MSP,101,16,02,No,19,,19:27,2025,Friday,28,Ditch,09,Roadside,1,,,,,,09,Through Roadway,04,Dark - Not Lighted,2/21/2025,2025-02-21,W,19.13,F,N,,,2CC16E279E8973AA628A0A04BAB6AFFE6377F1B19473ED59CDBA4478121DEDDE,IS,01,No,,,,,01,Dry,,,,,,,,
Property Damage Crashes,DA3173005K,Prince George's County Police,Front to Rear,Prince George's,Local,No,No,No,No,No,OAK POINTE DR,297,MUNICIPAL ROAD,No,True,No,5/2/2025,No,Point,39.087284614,-76.869910913,PGCOPD,03,16,03,No,3,,03:30,2025,Friday,15,Parked Vehicle,02,In Parking Lane Or Zone,7,,,,,,06,Non-Junction,03,Dark - Lighted,5/2/2025,2025-05-02,N,10.53,F,N,,,BEF7D31A26BEFE658D53CB1CEFD98DF6A0833D6C670CA79C0F36B06FC148152A,MU,01,No,97,Not Applicable,,,01,Dry,,,,,,,,
Property Damage Crashes,MSP745000JR,Maryland State Police,Single Vehicle,Prince George's,Interstate,No,No,No,No,No,RAMP 2 FR RAMP 10(FR IS595 WB) TO RAMP 3,595,RAMP,No,True,No,4/13/2025,No,Point,38.955763670,-76.710118372,MSP,101,16,03,Yes,0,,00:34,2025,Sunday,32,Guardrail Face,07,"On Shoulder, Right Side",1,,101,State,RAMP 10 FR IS 595 WB TO IS 595 WB,,04,Entrance/Exit Ramp or Related,03,Dark - Lighted,4/13/2025,2025-04-13,S,25.61,F,N,,,B9B8BBC8232C0EB4F36DFE830DA3D41D3F0CF2E9949CA2F54516BDE4570B82C5,RP,01,No,97,Not Applicable,,,01,Dry,,,,,,,,
Fatal Crashes,MSP78750018,Maryland State Police,Single Vehicle,Prince George's,,No,No,No,Yes,No,,144,SPUR,No,True,No,1/15/2025,No,Point,38.915904597,-76.844673960,MSP,101,16,01,No,11,,11:45,2025,Wednesday,14,Other Non-Motorist,05,On Roadway,,,,,LARGO RD (SB/L),,01,Acceleration/Deceleration Lane,01,Daylight,1/15/2025,2025-01-15,N,16.48,F,N,,,7246D0C6D648E8B87DD841DCD3DB516D45C40A7FD97371E806CBB18E2349FE65,SP,01,No,,,,,01,Dry,,,,,,,,
Injury Crashes,AM03930012,Bladensburg Police Department,"Sideswipe, Same Direction",Prince George's,Principal Arterial – Other,No,No,No,No,No,,450,MARYLAND ROUTE,No,True,No,1/31/2025,No,Point,38.939579500,-76.930200075,BLADENSBURG,07,16,02,No,14,,14:20,2025,Friday,12,Motor Vehicle In Transport,05,On Roadway,3,,,,,,06,Non-Junction,01,Daylight,1/31/2025,2025-01-31,W,10.5,F,N,,,EAF736E5F3770E988F414342FAAA5B1D7A830421155DF7607680A25CDB619F7D,MD,01,No,,,,,09,Wet,,,,,,,,
Injury Crashes,MSP726800HM,Maryland State Police,"Sideswipe, Same Direction",Prince George's,Interstate,Yes,No,No,No,No,CAPITAL BELTWAY (SB LOCAL),95,INTERSTATE ROUTE,No,True,No,5/9/2025,No,Point,38.792940983,-77.037285767,MSP,07,16,02,No,1,,01:20,2025,Friday,12,Motor Vehicle In Transport,05,On Roadway,1,,,,,,06,Non-Junction,03,Dark - Lighted,5/9/2025,2025-05-09,S,7.4,F,N,,,BC34E7E6107CD383472212C6BD328C65B9E1DEBEB4CDCF904FDDA276CC665DD7,IS,01,No,,,,,01,Dry,,,,,,,,
Injury Crashes,DA3567009S,Prince George's County Police,Angle,Prince George's,Minor Arterial,No,No,No,No,No,BRIGGS CHANEY RD,12,COUNTY ROAD,No,True,No,5/23/2025,No,Point,39.061364692,-76.930611343,PGCOPD,01,16,02,Yes,21,03,21:20,2025,Friday,12,Motor Vehicle In Transport,05,On Roadway,4,Perpendicular,,,DUNNINGTON RD,03,05,Intersection or Related,03,Dark - Lighted,5/23/2025,2025-05-23,E,0,F,N,,,46F15E31045377579C0F32ABD7F3FF77B9752F2ECA613720E49C4F1072791D48,CO,01,No,,,,,01,Dry,05,No Controls,,,,,,
Injury Crashes,DA43410025,Prince George's County Police,Angle,Prince George's,Principal Arterial – Other,No,No,No,No,No,BRANCH AVE (SB/L),5,MARYLAND ROUTE,No,True,No,5/20/2025,No,Point,38.851617602,-76.955528844,PGCOPD,01,16,02,No,21,03,21:02,2025,Tuesday,12,Motor Vehicle In Transport,05,On Roadway,3,Perpendicular,,,RAMP 6 FR SUITLAND PKWY EB TO MD 5 SB,03,05,Intersection or Related,03,Dark - Lighted,5/20/2025,2025-05-20,W,0,F,N,,,E365B61ADCB741CA735FB094E83276DD5E7D4ECAEC9C56D239F1EEE78E4B0140,MD,01,No,,,,,01,Dry,03,Stop - Partial,,,,,,
Property Damage Crashes,MSP7776005S,Maryland State Police,"Sideswipe, Same Direction",Prince George's,,No,No,No,No,No,,50,UNITED STATE ROUTE,No,True,No,4/1/2025,No,Point,38.946552993,-76.814477903,MSP,07,16,03,No,17,,17:33,2025,Tuesday,12,Motor Vehicle In Transport,05,On Roadway,,,,,,,06,Non-Junction,01,Daylight,4/1/2025,2025-04-01,S,11.57,F,N,,,64182408A3F09654C05213AD4C614205E3C6AEA19F1E21F391A544B16DA3F6BD,US,01,No,,,,,01,Dry,,,,,,,,
Property Damage Crashes,DA3806008B,Prince George's County Police,Front to Rear,Prince George's,Principal Arterial – Other,No,No,No,No,No,SILVER HILL RD (SB/L),458,MARYLAND ROUTE,No,True,No,3/20/2025,No,Point,38.851873680,-76.919442140,PGCOPD,03,16,03,No,15,,15:45,2025,Thursday,12,Motor Vehicle In Transport,05,On Roadway,3,,,,,,06,Non-Junction,01,Daylight,3/20/2025,2025-03-20,S,15.19,F,N,,,06A460C328A7CE4D98701B0AC80A59B50381F38B52990FB1CD26FAB5F1B6511B,MD,01,No,97,Not Applicable,,,01,Dry,,,,,,,,
Property Damage Crashes,MSP77730031,Maryland State Police,"Sideswipe, Same Direction",Prince George's,Principal Arterial – Other,No,No,No,No,No,CRAIN HWY,301,UNITED STATE ROUTE,No,True,No,6/4/2025,No,Point,38.949757157,-76.717502246,MSP,07,16,03,No,15,,15:55,2025,Wednesday,12,Motor Vehicle In Transport,05,On Roadway,3,,,,,,06,Non-Junction,01,Daylight,6/4/2025,2025-06-04,W,17.57,F,N,,,5EF72E13A0D3B39841F5E8A559BD77FBE8F5229E97C7B60CD8427181D4C8D8F2,US,01,No,,,,,01,Dry,,,,,,,,
Property Damage Crashes,DA4365003W,Prince George's County Police,Single Vehicle,Prince George's,Major Collector,No,No,No,No,No,HILLMEADE RD,41,COUNTY ROAD,No,True,No,3/30/2025,No,Point,38.978854307,-76.790778643,PGCOPD,101,16,03,No,12,03,12:18,2025,Sunday,28,Ditch,09,Roadside,5,Angled/Skewed,,,DAISY LA,01,05,Intersection or Related,01,Daylight,3/30/2025,2025-03-30,N,0,F,N,,,E8F34965D03541E37E94D472D0E09C2DF4BB1E45110B1CBB3EC51AEAC7B92EE6,CO,01,No,,,,,01,Dry,03,Stop - Partial,,,,,,