Crash Severity Description,Reportnumber,Agencyname,CollisionImpact Description,Crash County Description,FunctionalClass Description,ImpairedCrash,Large Vehicle Involved,Motorcycle Crash,Non-Motorist Crash,OffRoad,RoadName,Route Number,RouteType Description,Unrestrained Occupants,WithinDateRange,Work Zone Related,Crashdate,Work Zone Crash,CrashPoint,Latitude,Longitude,AgencyCode,CollisionImpact,Crash County,Crash Severity,Crash Within Interchange,Crashhour,CrashInterchangeApproaches,Crashtime,CrashYear,Dayofweek,FirstHarmEvent,FirstHarmEvent Description,FirstHarmLocation,FirstHarmLocation Description,FunctionalClass,Geometry Description,GovPropertyDamage,GovPropertyDamage Description,IntersectingRoadName,Intersection Geometry,JunctionRelated,JunctionRelated Description,Light,Light Description,LOD Crash Date,LOD Date Level,MilepointDirection,MilepointDistance,MilepointUnits,NonTrafficFatal,OffroadLocation,OffroadLocation Description,RoadID,RouteType,SchoolBusRelated,SchoolBusRelated Description,SecondHarmEvent,SecondHarmEvent Description,SecondHarmLocation,SecondHarmLocation Description,Surface,Surface Description,TrafficControl,Trafficcontrol Description,WZLawEnforcementPresent,WZLocation,WZLocation Description,WZType,WZType Description,WZWorkersPresent
Property Damage Crashes,DA4309002L,Prince George's County Police,Unknown,Prince George's,Minor Arterial,No,No,No,No,No,HARRY S TRUMAN DR (SB/L),3465,COUNTY ROAD,No,True,No,2/2/2025,No,Point,38.877425499,-76.827099766,PGCOPD,99,16,03,No,7,,07:00,2025,Sunday,97,Not Applicable,05,On Roadway,4,,,,,,99,Unknown,01,Daylight,2/2/2025,2025-02-02,S,60.51,F,N,,,04B96D085AC2753BD6733CF4254ABC39C26179A56B98CC17C027F0DC91DB3A66,CO,01,No,12,Motor Vehicle In Transport,05,On Roadway,01,Dry,,,,,,,,
Property Damage Crashes,DA4394001F,Prince George's County Police,Angle,Prince George's,Minor Arterial,No,No,No,No,No,POWDER MILL RD,212,MARYLAND ROUTE,Yes,True,No,5/6/2025,No,Point,39.044081136,-76.940053411,PGCOPD,01,16,03,No,8,03,08:00,2025,Tuesday,12,Motor Vehicle In Transport,05,On Roadway,4,Angled/Skewed,,,ALLVIEW DR EVANS TRAIL,01,05,Intersection or Related,01,Daylight,5/6/2025,2025-05-06,N,0,F,N,,,A5F601226029F0657AB40756DC73BFA33B18596B794A7B2B50589526927FD904,MD,01,No,,,,,01,Dry,01,Signalized,,,,,,
Property Damage Crashes,DA4380002S,Prince George's County Police,"Sideswipe, Same Direction",Prince George's,Local,No,No,No,No,No,OLD FORT RD E,4551,COUNTY ROAD,No,True,No,2/16/2025,No,Point,38.743453164,-76.966274475,PGCOPD,07,16,03,No,0,,00:17,2025,Sunday,12,Motor Vehicle In Transport,05,On Roadway,7,,,,,,01,Acceleration/Deceleration Lane,03,Dark - Lighted,2/16/2025,2025-02-16,N,27.23,F,N,,,ABBFA26E85920C3B093B39533B370D672B2EC0F28B0534E7A5C684BE11810070,CO,01,No,,,,,09,Wet,,,,,,,,
Property Damage Crashes,DA35460091,Prince George's County Police,Single Vehicle,Prince George's,Major Collector,No,No,No,No,No,BRANDYWINE RD,381,MARYLAND ROUTE,No,True,No,1/31/2025,No,Point,38.677677933,-76.809397096,PGCOPD,101,16,03,No,23,,23:00,2025,Friday,41,Utility Pole/Light Support,09,Roadside,5,,,,,,06,Non-Junction,04,Dark - Not Lighted,1/31/2025,2025-01-31,N,35.54,F,N,,,97CB0FC29EDC43B71A00A389878939BC36ECD9BE88445D3A2F709BFB94E52519,MD,01,No,,,,,09,Wet,,,,,,,,
Property Damage Crashes,DA4387001J,Prince George's County Police,Angle,Prince George's,Major Collector,No,No,No,No,No,RHODE ISLAND AVE,171,MUNICIPAL ROAD,No,True,No,3/21/2025,No,Point,39.015224140,-76.921007893,PGCOPD,01,16,03,No,18,,18:20,2025,Friday,12,Motor Vehicle In Transport,05,On Roadway,5,,,,,,99,Unknown,01,Daylight,3/21/2025,2025-03-21,N,20.14,F,N,,,64FC5A8F48E4C0F5A3B15B47C3EA76C86C879DED6D8921ABE5D96472B89D8A5A,MU,01,No,,,,,01,Dry,,,,,,,,
Property Damage Crashes,DA34650083,Prince George's County Police,Unknown,Prince George's,Local,No,No,No,No,No,PLATA ST,3293,COUNTY ROAD,No,True,No,4/3/2025,No,Point,38.772173976,-76.910640302,PGCOPD,99,16,03,No,16,,16:00,2025,Thursday,12,Motor Vehicle In Transport,05,On Roadway,7,,,,,,06,Non-Junction,99,Unknown,4/3/2025,2025-04-03,N,14,F,N,,,731CDE54AF7BCB8AB7DAD4E96356F703FD3AB3678008D71D68094BE39E4A0151,CO,01,No,,,,,99,Unknown,,,,,,,,
Property Damage Crashes,DS02420023,University of Maryland Police College Park,Front to Rear,Prince George's,Local,Yes,No,No,No,No,BOTELER LA,205,STATE ROAD,Yes,True,No,3/28/2025,No,Point,39.000954208,-76.941266840,UMCP,03,16,03,No,14,,14:38,2025,Friday,12,Motor Vehicle In Transport,05,On Roadway,7,,,,UNIVERSITY BLVD (WB/L),,06,Non-Junction,01,Daylight,3/28/2025,2025-03-28,S,0,F,N,,,E8F947ABCC88590DFE861545C3E38B3C2DF19EE29A50D69332D8C152D9F1CD87,SR,01,No,97,Not Applicable,,,01,Dry,,,,,,,,
Property Damage Crashes,DA3095002Z,Prince George's County Police,Front to Rear,Prince George's,,No,No,No,No,No,,105,COUNTY ROAD,No,True,No,5/2/2025,No,Point,39.006725586,-76.970721224,PGCOPD,03,16,03,Unknown,18,,18:05,2025,Friday,12,Motor Vehicle In Transport,05,On Roadway,,,,,,,99,Unknown,01,Daylight,5/2/2025,2025-05-02,S,21.05,F,N,,,C1C65C45FBB0C1CDF45F405265565C5D973EF25E43C286A6E67868876B72128B,CO,01,No,,,,,01,Dry,,,,,,,,
Property Damage Crashes,DA4249006M,Prince George's County Police,"Sideswipe, Opposite Direction",Prince George's,,No,No,No,No,Yes,,,,No,True,No,2/3/2025,No,Point,38.931343673,-76.880377106,PGCOPD,06,16,03,,11,,11:55,2025,Monday,15,Parked Vehicle,02,In Parking Lane Or Zone,,,,,,,,,01,Daylight,2/3/2025,2025-02-03,,,F,N,101,Parking Aisle,,,01,No,,,,,,,,,,,,,,
Property Damage Crashes,DA36350069,Prince George's County Police,Front to Rear,Prince George's,Principal Arterial – Other Freeways and Expressways,No,No,No,No,No,INDIAN HEAD HWY,210,MARYLAND ROUTE,No,True,No,1/22/2025,No,Point,38.744106601,-76.991854893,PGCOPD,03,16,03,No,10,,10:30,2025,Wednesday,12,Motor Vehicle In Transport,05,On Roadway,2,,,,,,06,Non-Junction,01,Daylight,1/22/2025,2025-01-22,E,1.69,F,N,,,899F0B75FACB520010F912E512E62569ADA0FBAAE77AC2C0CC4273239C4E2E90,MD,01,No,,,,,01,Dry,,,,,,,,
Injury Crashes,DA4341001V,Prince George's County Police,Single Vehicle,Prince George's,Local,No,No,No,No,No,TEMPLE LA,1675,COUNTY ROAD,Yes,True,No,2/1/2025,No,Point,38.826672808,-76.955574371,PGCOPD,101,16,02,No,0,,00:53,2025,Saturday,36,"Other Post, Pole, Or Support",09,Roadside,7,,,,,,06,Non-Junction,03,Dark - Lighted,2/1/2025,2025-02-01,E,17.15,F,N,,,FDF95DC87BFFAC93D33ADB01CDFB25E9D57A6B2EAC8BDC25EB174C1539CD40AE,CO,01,No,,,,,09,Wet,,,,,,,,
Property Damage Crashes,DA42970040,Prince George's County Police,Front to Rear,Prince George's,Major Collector,No,No,No,No,No,MONTPELIER DR,70,COUNTY ROAD,No,True,No,4/18/2025,No,Point,39.070039639,-76.843096645,PGCOPD,03,16,03,No,6,,06:30,2025,Friday,12,Motor Vehicle In Transport,05,On Roadway,5,,,,LAUREL BOWIE RD (SB/L),,99,Unknown,01,Daylight,4/18/2025,2025-04-18,S,3.85,F,N,,,1B6312B67DA5068DA2E5C3BB9618FC0E765FCBD356341A7375678C5074FD493A,CO,01,No,,,,,01,Dry,,,,,,,,
Property Damage Crashes,MSP77870068,Maryland State Police,"Sideswipe, Same Direction",Prince George's,Interstate,No,Yes,No,No,No,NO NAME,95,INTERSTATE ROUTE,No,True,No,4/22/2025,No,Point,39.064415663,-76.911764088,MSP,07,16,03,No,13,,13:33,2025,Tuesday,12,Motor Vehicle In Transport,05,On Roadway,1,,,,,,06,Non-Junction,01,Daylight,4/22/2025,2025-04-22,N,107.53,F,N,,,458FCBB00925729C23650D3749C9E74B60F31438A47CA64F06036F9681967329,IS,01,No,,,,,01,Dry,,,,,,,,
Property Damage Crashes,DA4411000K,Prince George's County Police,"Sideswipe, Opposite Direction",Prince George's,Local,No,No,No,No,No,CHRYSLER DR,4277,COUNTY ROAD,Yes,True,No,3/14/2025,No,Point,38.817511924,-76.738053816,PGCOPD,06,16,03,No,12,,12:50,2025,Friday,12,Motor Vehicle In Transport,05,On Roadway,7,,,,,,09,Through Roadway,01,Daylight,3/14/2025,2025-03-14,N,21.29,F,N,,,4D4FF148D3D5945E819B95F44DFB22E3823D5AF303283EAFC92C1ACA93CD26E6,CO,01,No,,,,,01,Dry,,,,,,,,
Property Damage Crashes,MSP746700FH,Maryland State Police,Front to Rear,Prince George's,Principal Arterial – Other Freeways and Expressways,No,No,No,No,No,BRANCH AVE,5,MARYLAND ROUTE,No,True,No,3/10/2025,No,Point,38.811307219,-76.910347883,MSP,03,16,03,No,6,,06:59,2025,Monday,12,Motor Vehicle In Transport,05,On Roadway,2,,,,,,09,Through Roadway,01,Daylight,3/10/2025,2025-03-10,S,15.61,F,N,,,473C588DB7425E7C1C7F7AEDEDF79417D17E22E4F2B42B782C6AFF93DBC6D8D3,MD,01,No,,,,,01,Dry,,,,,,,,
Property Damage Crashes,DA43950020,Prince George's County Police,"Sideswipe, Same Direction",Prince George's,Local,No,No,No,No,No,WILLOW LA,2758,COUNTY ROAD,No,True,No,3/26/2025,No,Point,39.005420606,-76.968111452,PGCOPD,07,16,03,No,10,,10:39,2025,Wednesday,12,Motor Vehicle In Transport,05,On Roadway,7,,,,RIGGS RD RIGGS RD (SB/L),,09,Through Roadway,01,Daylight,3/26/2025,2025-03-26,N,62.72,F,N,,,ECD842C9099413E753D0F60E4438625652DC920D50C89AD8BA48C45507952D50,CO,01,No,,,,,01,Dry,,,,,,,,
Property Damage Crashes,MSP726800H3,Maryland State Police,Front to Rear,Prince George's,Principal Arterial – Other,No,No,No,No,No,CRAIN HWY (SB/L),301,UNITED STATE ROUTE,No,True,No,2/13/2025,No,Point,38.680601811,-76.874194142,MSP,03,16,03,No,20,,20:23,2025,Thursday,12,Motor Vehicle In Transport,05,On Roadway,3,,,,,,06,Non-Junction,03,Dark - Lighted,2/13/2025,2025-02-13,N,43.55,F,N,,,E92A3B03B37F1F2C484C0FB49CC1245A03A56E994E78DE814F19C1D73D0CB2A3,US,01,No,,,,,01,Dry,,,,,,,,
Injury Crashes,MSP732800JT,Maryland State Police,Single Vehicle,Prince George's,Principal Arterial – Other Freeways and Expressways,No,No,No,No,No,JOHN HANSON HWY (WB/L),50,UNITED STATE ROUTE,No,True,No,1/9/2025,No,Point,38.919202708,-76.911569443,MSP,101,16,02,No,18,,18:29,2025,Thursday,32,Guardrail Face,03,Median,2,,101,State,,,06,Non-Junction,04,Dark - Not Lighted,1/9/2025,2025-01-09,S,9.57,F,N,,,B0345379171E18AAB5CAF6B8C3C20E0806508B2434D250AC98849F12AA62F3B8,US,01,No,,,,,01,Dry,,,,,,,,
Property Damage Crashes,DA3835006X,Prince George's County Police,Front to Rear,Prince George's,Local,No,No,No,No,No,HALE DR,2533,COUNTY ROAD,No,True,No,2/26/2025,No,Point,38.7554533,-76.8901581,PGCOPD,03,16,03,No,7,,07:47,2025,Wednesday,12,Motor Vehicle In Transport,05,On Roadway,7,,,,,,06,Non-Junction,01,Daylight,2/26/2025,2025-02-26,E,99.76,F,N,,,6A6868F88E44CDC9D4D5D86B241D1D0BB8C086940C405B7530CB3B0B637B6C06,CO,01,No,,,,,01,Dry,,,,,,,,
Property Damage Crashes,AM03860022,Bladensburg Police Department,Angle,Prince George's,Principal Arterial – Other,No,No,No,No,No,ANNAPOLIS RD,450,MARYLAND ROUTE,Yes,True,No,2/17/2025,No,Point,38.939435642,-76.933939098,BLADENSBURG,01,16,03,No,18,,18:00,2025,Monday,12,Motor Vehicle In Transport,05,On Roadway,3,,,,,,06,Non-Junction,01,Daylight,2/17/2025,2025-02-17,S,6.79,F,N,,,3C2B4AF900D43286763F48C2E25DCB8AAB4766C529DEEC7E12F91C297CFD4BAA,MD,01,No,,,,,01,Dry,,,,,,,,
Property Damage Crashes,DA393200GZ,Prince George's County Police,Angle,Prince George's,Local,No,No,No,No,No,71ST AVE,632,COUNTY ROAD,No,True,No,1/17/2025,No,Point,38.946522007,-76.894095213,PGCOPD,01,16,03,No,18,,18:29,2025,Friday,12,Motor Vehicle In Transport,09,Roadside,7,,,,ANNAPOLIS RD (WB/L),,09,Through Roadway,03,Dark - Lighted,1/17/2025,2025-01-17,S,21.24,F,N,,,E54893ED2E7772BED76BACCD55F50CA64F9FDB7C5D2B2CDBE2585CC06C82DB57,CO,01,No,,,,,01,Dry,,,,,,,,
Property Damage Crashes,DA364800C5,Prince George's County Police,Single Vehicle,Prince George's,Major Collector,No,No,No,No,No,CHURCH RD,59,COUNTY ROAD,No,True,No,1/10/2025,No,Point,38.941620584,-76.768848787,PGCOPD,101,16,03,No,9,,09:00,2025,Friday,06,Other Non-Collision,05,On Roadway,5,,,,,,09,Through Roadway,01,Daylight,1/10/2025,2025-01-10,S,49.97,F,N,,,BE9DEA95B146DD93A805BBF49AF5CE9FC1110DA1CE8142533CD916EB7D521D0A,CO,01,No,,,,,02,Ice/Frost,,,,,,,,
Property Damage Crashes,DA4388001Q,Prince George's County Police,"Sideswipe, Same Direction",Prince George's,Major Collector,No,No,No,No,No,ARDWICK ARDMORE RD,65,COUNTY ROAD,Yes,True,No,5/5/2025,No,Point,38.937340967,-76.859096083,PGCOPD,07,16,03,No,7,,07:50,2025,Monday,12,Motor Vehicle In Transport,05,On Roadway,5,,,,MARTIN LUTHER KING JR HWY,,06,Non-Junction,01,Daylight,5/5/2025,2025-05-05,N,27.82,F,N,,,5F04248A7D55CAD258FE4F37D59AF333208EFDD5906D048DEB247ECA045876C8,CO,01,No,,,,,01,Dry,,,,,,,,
Property Damage Crashes,MSP77650070,Maryland State Police,Front to Rear,Prince George's,Interstate,No,No,No,No,No,CAPITAL BELTWAY,95,INTERSTATE ROUTE,No,True,No,3/17/2025,No,Point,38.843883359,-76.863628034,MSP,03,16,03,No,2,,02:29,2025,Monday,12,Motor Vehicle In Transport,05,On Roadway,1,,,,,,09,Through Roadway,03,Dark - Lighted,3/17/2025,2025-03-17,N,61.49,F,N,,,3E7F6FBE9FED8D2BF8BA1D983915CD958C7E7A0FBC27B8E1A95CE12836886E34,IS,01,No,,,,,09,Wet,,,,,,,,
Property Damage Crashes,DA4276007B,Prince George's County Police,Front to Rear,Prince George's,Minor Arterial,No,No,No,No,No,SHERIFF RD,75,COUNTY ROAD,No,True,No,2/22/2025,No,Point,38.904358519,-76.921684195,PGCOPD,03,16,03,No,12,,12:00,2025,Saturday,12,Motor Vehicle In Transport,05,On Roadway,4,,,,,,06,Non-Junction,01,Daylight,2/22/2025,2025-02-22,E,32.07,F,N,,,63E1E89F7CCC501CBA0D499D522CCF767C4F93490141542A720D62F3B34C791E,CO,01,No,,,,,01,Dry,,,,,,,,
Property Damage Crashes,DA2448000P,Prince George's County Police,Other,Prince George's,Major Collector,No,No,No,No,No,KIRBY RD,96,COUNTY ROAD,No,True,No,4/3/2025,No,Point,38.786272933,-76.900818867,PGCOPD,98,16,03,No,23,,23:10,2025,Thursday,15,Parked Vehicle,07,"On Shoulder, Right Side",5,,,,,,06,Non-Junction,03,Dark - Lighted,4/3/2025,2025-04-03,E,90.49,F,N,,,32672D03066865A32F416E7D7932BCE1677786242DC85A3482569C986EA6DD87,CO,01,No,,,,,01,Dry,,,,,,,,
Property Damage Crashes,MSP77650083,Maryland State Police,Single Vehicle,Prince George's,Interstate,No,No,No,No,No,CAPITAL BELTWAY (SB/L),95,INTERSTATE ROUTE,No,True,No,5/23/2025,No,Point,38.864445,-76.847631667,MSP,101,16,03,No,22,,22:18,2025,Friday,32,Guardrail Face,07,"On Shoulder, Right Side",1,,101,State,,,09,Through Roadway,03,Dark - Lighted,5/23/2025,2025-05-23,E,50.08,F,N,,,1DF81F3ED98B713708E8E213B8A14B304251609DBC4172B55477F179176DFB38,IS,01,No,28,Ditch,09,Roadside,01,Dry,,,,,,,,
Property Damage Crashes,MSP7875001F,Maryland State Police,Front to Rear,Prince George's,Principal Arterial – Other,No,No,No,No,No,CRAIN HWY (SB/L),301,UNITED STATE ROUTE,No,True,No,1/23/2025,No,Point,38.785985767,-76.791607217,MSP,03,16,03,No,18,,18:04,2025,Thursday,12,Motor Vehicle In Transport,05,On Roadway,3,,,,,,06,Non-Junction,04,Dark - Not Lighted,1/23/2025,2025-01-23,N,21.98,F,N,,,1CDB02BDF95A535E156EFBBE07ABD15F61F0977DA84CA065F55C79369211A881,US,01,No,,,,,01,Dry,,,,,,,,
Property Damage Crashes,CE5258001S,Laurel Police Department,Rear To Side,Prince George's,Major Collector,No,No,No,No,No,FOURTH ST,9040,MUNICIPAL ROAD,No,True,No,3/26/2025,No,Point,39.100240932,-76.853098261,LAUREL,05,16,03,Unknown,17,,17:55,2025,Wednesday,12,Motor Vehicle In Transport,05,On Roadway,5,,,,GORMAN AVE,,01,Acceleration/Deceleration Lane,01,Daylight,3/26/2025,2025-03-26,N,14.86,F,N,,,A8DB17A1031519AA40879A2B92E0AFF4DE2FCA20E679874C8440680F87C8748A,MU,01,No,,,,,01,Dry,,,,,,,,
Property Damage Crashes,BE0112000C,District Heights Police Department,Unknown,Prince George's,,No,No,No,No,Yes,,,,No,True,No,6/4/2025,No,Point,38.862402604,-76.882110782,DISTHEIGHTS,99,16,03,,14,,14:30,2025,Wednesday,12,Motor Vehicle In Transport,04,"Off-Roadway, Location Unknown",,,,,,,,,01,Daylight,6/4/2025,2025-06-04,,,F,N,102,Parking Lot Way,,,01,No,,,,,,,,,,,,,,
Property Damage Crashes,DA421200G8,Prince George's County Police,Front to Rear,Prince George's,Local,No,Yes,No,No,No,52ND AVE,769,MARYLAND ROUTE,No,True,No,5/21/2025,No,Point,38.926691441,-76.930796224,PGCOPD,03,16,03,No,8,,08:18,2025,Wednesday,12,Motor Vehicle In Transport,05,On Roadway,7,,,,,,07,Railway Grade Crossing,01,Daylight,5/21/2025,2025-05-21,N,21.68,F,N,,,AA5D1E213AC4E48D541B966C1547442C52C5A729F9E4D1E5E276442479C1132E,MD,01,No,,,,,09,Wet,,,,,,,,
Property Damage Crashes,DA3057009S,Prince George's County Police,Front to Rear,Prince George's,Local,No,No,No,No,No,KERBY PKWY,2497,COUNTY ROAD,No,True,No,5/2/2025,No,Point,38.776614384,-76.999712001,PGCOPD,03,16,03,No,23,,23:15,2025,Friday,15,Parked Vehicle,05,On Roadway,7,,,,,,06,Non-Junction,03,Dark - Lighted,5/2/2025,2025-05-02,N,19.53,F,N,,,3CA4A33FCF3CFCAF691B947A6F1E2DCE852653D4CD7E584BC66CC367938CE4B8,CO,01,No,,,,,01,Dry,,,,,,,,
Property Damage Crashes,CBPD0048008H,Bowie Police Department,Front to Rear,Prince George's,Principal Arterial – Other,No,No,No,No,No,COLLINGTON RD (SB/L),197,MARYLAND ROUTE,No,True,No,2/22/2025,No,Point,38.945429813,-76.724444233,BOWIE,03,16,03,No,18,,18:07,2025,Saturday,12,Motor Vehicle In Transport,05,On Roadway,3,,,,,,99,Unknown,03,Dark - Lighted,2/22/2025,2025-02-22,S,56.04,F,N,,,46AEEC5BE3356D1B607E6C64230CE7EB7A861908FD23DF98B736AC9872B972AB,MD,01,No,12,Motor Vehicle In Transport,05,On Roadway,01,Dry,,,,,,,,
Property Damage Crashes,GB1031000M,Edmonston Police Department,Front to Rear,Prince George's,Principal Arterial – Other,No,No,No,No,No,,450,MARYLAND ROUTE,Yes,True,No,1/5/2025,No,Point,38.938854807,-76.926194201,EDMONSTON,03,16,03,No,20,,20:45,2025,Sunday,12,Motor Vehicle In Transport,05,On Roadway,3,,,,,,06,Non-Junction,03,Dark - Lighted,1/5/2025,2025-01-05,N,16.38,F,N,,,37C436764372C357E73A6643FD9697534F17F82821AF5E8956E3D3E3FA0FE3ED,MD,01,No,,,,,01,Dry,,,,,,,,
Property Damage Crashes,MSP546601R8,Maryland State Police,Front to Rear,Prince George's,Interstate,No,No,No,No,No,CAPITAL BELTWAY,95,INTERSTATE ROUTE,No,True,No,1/27/2025,No,Point,38.818379572,-76.931735768,MSP,03,16,03,Yes,17,,17:57,2025,Monday,12,Motor Vehicle In Transport,05,On Roadway,1,,,,,,09,Through Roadway,101,Dusk,1/27/2025,2025-01-27,W,7.82,F,N,,,18C82A7BA497B2950817EFD286EA94C603A42ED7E8D7BEAD93FD49413E99E6A4,IS,01,No,,,,,01,Dry,,,,,,,,
Injury Crashes,DA3372003L,Prince George's County Police,Other,Prince George's,Principal Arterial – Other,No,No,No,Yes,No,OXON HILL RD (WB/L),414,MARYLAND ROUTE,No,True,No,2/5/2025,No,Point,38.803918438,-76.985216713,PGCOPD,98,16,02,No,21,,21:14,2025,Wednesday,12,Motor Vehicle In Transport,05,On Roadway,3,,,,,,06,Non-Junction,04,Dark - Not Lighted,2/5/2025,2025-02-05,S,6.56,F,N,,,D0815B29F27C2C135E798F6AF7D5A287C8C45AE4CC9DF8E561869B37305BA507,MD,01,No,14,Other Non-Motorist,05,On Roadway,01,Dry,,,,,,,,
Property Damage Crashes,DA3707005L,Prince George's County Police,Angle,Prince George's,Major Collector,No,No,No,No,No,ARDWICK ARDMORE RD,65,COUNTY ROAD,No,True,No,6/3/2025,No,Point,38.937124460,-76.850798549,PGCOPD,01,16,03,No,16,,16:02,2025,Tuesday,12,Motor Vehicle In Transport,05,On Roadway,5,,,,,,02,Crossover-Related,01,Daylight,6/3/2025,2025-06-03,E,44.64,F,N,,,BC88688D5337249B59D037B572D15C482F03F7E49C8656FE81244EB88CD1B07B,CO,01,No,,,,,01,Dry,,,,,,,,
Injury Crashes,DA38770099,Prince George's County Police,Other,Prince George's,Minor Collector,No,No,No,No,No,FLORAL PARK RD,225,COUNTY ROAD,No,True,No,5/30/2025,No,Point,38.703037315,-76.966776816,PGCOPD,98,16,02,Yes,17,04,17:20,2025,Friday,12,Motor Vehicle In Transport,05,On Roadway,6,Perpendicular,,,PISCATAWAY RD,03,05,Intersection or Related,01,Daylight,5/30/2025,2025-05-30,S,0,F,N,,,A21E62E16E1C14D5352BC5F7A9213835880667F2A64C5CCF019B6CF7169F6BD0,CO,01,No,,,,,01,Dry,03,Stop - Partial,,,,,,
Property Damage Crashes,MSP78390050,Maryland State Police,Single Vehicle,Prince George's,Principal Arterial – Other,No,No,No,No,No,CRAIN HWY,301,UNITED STATE ROUTE,No,True,No,5/6/2025,No,Point,38.933641667,-76.71745,MSP,101,16,03,No,6,,06:38,2025,Tuesday,38,Traffic Sign Support,09,Roadside,3,,,,,,06,Non-Junction,01,Daylight,5/6/2025,2025-05-06,E,25.06,F,N,,,78014740DD79B7B9DF8734177C261B0079AFCE9A2AEB64E9B479D24784688BEF,US,01,No,,,,,01,Dry,,,,,,,,
Property Damage Crashes,DA4413000V,Prince George's County Police,Front to Rear,Prince George's,Principal Arterial – Other,No,No,No,No,No,VETERANS PKWY (WB/L),410,MARYLAND ROUTE,No,True,No,4/28/2025,No,Point,38.962619529,-76.899142981,PGCOPD,03,16,03,No,11,,11:00,2025,Monday,12,Motor Vehicle In Transport,05,On Roadway,3,,,,,,06,Non-Junction,01,Daylight,4/28/2025,2025-04-28,E,19,F,N,,,B4A1D547D19964C80CDDB080EFE49F77FB2F1BE9E838D20CFFB481C64654F29A,MD,01,No,,,,,01,Dry,,,,,,,,
Property Damage Crashes,DA4426000B,Prince George's County Police,Unknown,Prince George's,,No,No,No,No,Yes,,,,No,True,No,1/10/2025,No,Point,38.912530152,-76.929015668,PGCOPD,99,16,03,,15,,15:29,2025,Friday,13,Other Non-Fixed Object,02,In Parking Lane Or Zone,,,,,,,,,01,Daylight,1/10/2025,2025-01-10,,,F,N,102,Parking Lot Way,,,01,No,,,,,,,,,,,,,,
Injury Crashes,DA4400000Z,Prince George's County Police,Single Vehicle,Prince George's,Major Collector,Yes,No,No,No,No,23RD PKWY,1084,COUNTY ROAD,Yes,True,No,2/18/2025,No,Point,38.828341238,-76.953574473,PGCOPD,101,16,02,No,1,,01:55,2025,Tuesday,30,Fence,99,Unknown,5,,,,LYONS ST LYONS ST (NB/L) OLSON ST,,99,Unknown,03,Dark - Lighted,2/18/2025,2025-02-18,N,44.42,F,N,,,276EDD4A247DABF4FCFC827B9A7D11317B13F59AD66082FA7B9DAE402B082302,CO,01,No,30,Fence,04,"Off-Roadway, Location Unknown",01,Dry,,,,,,,,
Injury Crashes,MSP617100P3,Maryland State Police,Front to Rear,Prince George's,Interstate,No,No,No,No,No,CAPITAL BELTWAY,95,INTERSTATE ROUTE,No,True,No,5/10/2025,No,Point,38.982513333,-76.877138333,MSP,03,16,02,No,21,,21:08,2025,Saturday,12,Motor Vehicle In Transport,05,On Roadway,1,,,,,,06,Non-Junction,03,Dark - Lighted,5/10/2025,2025-05-10,W,29.37,F,N,,,A282BDDC134229C859DFB8E56A45052E3D11DE6BDE99FDA94809DA044569AA36,IS,01,No,,,,,01,Dry,,,,,,,,
Injury Crashes,DA4333004D,Prince George's County Police,Unknown,Prince George's,Local,Yes,No,No,No,No,TORREY PL,1419,COUNTY ROAD,No,True,No,5/17/2025,No,Point,38.965289180,-76.981149338,PGCOPD,99,16,02,Yes,19,03,19:30,2025,Saturday,12,Motor Vehicle In Transport,05,On Roadway,7,Angled/Skewed,,,BALFOUR DR,01,05,Intersection or Related,99,Unknown,5/17/2025,2025-05-17,S,0,F,N,,,E60E234FE2202D0C9F566E62CEFE5AC32091F6457604D9A9144EB460F2AE9E87,CO,01,No,,,,,01,Dry,05,No Controls,,,,,,
Property Damage Crashes,MSP647600GT,Maryland State Police,Front to Rear,Prince George's,Principal Arterial – Other,No,No,No,No,No,BRANCH AVE (SB/L),5,MARYLAND ROUTE,No,True,No,1/20/2025,No,Point,38.815095,-76.914483333,MSP,03,16,03,No,22,,22:25,2025,Monday,12,Motor Vehicle In Transport,05,On Roadway,3,,,,,,09,Through Roadway,03,Dark - Lighted,1/20/2025,2025-01-20,S,18.19,F,N,,,C698788108D6178365C9FDDF52DFFB01A7490DE795152CD407A8DA0D15A70F65,MD,01,No,,,,,01,Dry,,,,,,,,
Injury Crashes,MSP7773001B,Maryland State Police,"Sideswipe, Same Direction",Prince George's,Interstate,Yes,No,No,No,No,NO NAME,95,INTERSTATE ROUTE,No,True,No,2/23/2025,No,Point,39.089398962,-76.893335290,MSP,07,16,02,No,16,,16:47,2025,Sunday,12,Motor Vehicle In Transport,05,On Roadway,1,,,,,,06,Non-Junction,01,Daylight,2/23/2025,2025-02-23,N,19.74,F,N,,,DFA394A9298996F63E6449DF0D0F71B86846F0AFEEAA66B1A910F5C783526E41,IS,01,No,,,,,01,Dry,,,,,,,,
Injury Crashes,DA41990070,Prince George's County Police,Other,Prince George's,Principal Arterial – Other,No,No,No,No,No,PENNSYLVANIA AVE,4,MARYLAND ROUTE,No,True,No,1/24/2025,No,Point,38.843837554,-76.885040314,PGCOPD,98,16,02,Yes,12,,12:00,2025,Friday,12,Motor Vehicle In Transport,05,On Roadway,3,,,,DONNELL DR DONNELL DR (NB/L),,09,Through Roadway,01,Daylight,1/24/2025,2025-01-24,E,22.06,F,N,,,8DFE11F91774FAB09ACBE9F1E3C95E6CA4DCB8B52D38AD28FB9B773BC3110641,MD,01,No,,,,,01,Dry,,,,,,,,