Crash Severity Description,Reportnumber,Agencyname,CollisionImpact Description,Crash County Description,FunctionalClass Description,ImpairedCrash,Large Vehicle Involved,Motorcycle Crash,Non-Motorist Crash,OffRoad,RoadName,Route Number,RouteType Description,Unrestrained Occupants,WithinDateRange,Work Zone Related,Crashdate,Work Zone Crash,CrashPoint,Latitude,Longitude,AgencyCode,CollisionImpact,Crash County,Crash Severity,Crash Within Interchange,Crashhour,CrashInterchangeApproaches,Crashtime,CrashYear,Dayofweek,FirstHarmEvent,FirstHarmEvent Description,FirstHarmLocation,FirstHarmLocation Description,FunctionalClass,Geometry Description,GovPropertyDamage,GovPropertyDamage Description,IntersectingRoadName,Intersection Geometry,JunctionRelated,JunctionRelated Description,Light,Light Description,LOD Crash Date,LOD Date Level,MilepointDirection,MilepointDistance,MilepointUnits,NonTrafficFatal,OffroadLocation,OffroadLocation Description,RoadID,RouteType,SchoolBusRelated,SchoolBusRelated Description,SecondHarmEvent,SecondHarmEvent Description,SecondHarmLocation,SecondHarmLocation Description,Surface,Surface Description,TrafficControl,Trafficcontrol Description,WZLawEnforcementPresent,WZLocation,WZLocation Description,WZType,WZType Description,WZWorkersPresent
Property Damage Crashes,DA3597004B,Prince George's County Police,Front to Rear,Prince George's,Local,No,No,No,No,No,GRANDHAVEN AVE,4039,COUNTY ROAD,No,True,No,3/1/2025,No,Point,38.760017928,-76.779789174,PGCOPD,03,16,03,No,2,,02:24,2025,Saturday,15,Parked Vehicle,07,"On Shoulder, Right Side",7,,,,,,06,Non-Junction,03,Dark - Lighted,3/1/2025,2025-03-01,S,11.48,F,N,,,5836F33B2D697DBD4123B7DFB2D8DB0926C4FDD172613E034C5602C680A0D643,CO,01,No,,,,,01,Dry,,,,,,,,
Property Damage Crashes,MSP7416000Q,Maryland State Police,Front to Rear,Prince George's,Interstate,No,No,No,No,No,CAPITAL BELTWAY (SB/L),95,INTERSTATE ROUTE,No,True,No,2/9/2025,No,Point,38.996833371,-76.890493305,MSP,03,16,03,No,13,,13:03,2025,Sunday,12,Motor Vehicle In Transport,05,On Roadway,1,,,,,,09,Through Roadway,01,Daylight,2/9/2025,2025-02-09,S,5.49,F,N,,,411319535A1A54C9400029D3142C573AC359B23E259297E0D260AE852C00626A,IS,01,No,,,,,01,Dry,,,,,,,,
Property Damage Crashes,DA4135006K,Prince George's County Police,Angle,Prince George's,Minor Arterial,No,No,No,No,No,POWDER MILL RD (SB/L),212,MARYLAND ROUTE,No,True,No,5/26/2025,No,Point,39.047290012,-76.937508547,PGCOPD,01,16,03,No,19,04,19:33,2025,Monday,12,Motor Vehicle In Transport,05,On Roadway,4,Angled/Skewed,,,BELTSVILLE DR,01,05,Intersection or Related,01,Daylight,5/26/2025,2025-05-26,S,0,F,N,,,CCBE7930DEA0FB3A8964B5DB9FFBB32E5AFB8604F6388D2DDF1355ADC62FD755,MD,01,No,,,,,01,Dry,01,Signalized,,,,,,
Property Damage Crashes,DS0524000B,University of Maryland Police College Park,Unknown,Prince George's,,No,No,No,No,Yes,,,,No,True,No,2/11/2025,No,Point,38.994087701,-76.946330330,UMCP,99,16,03,,0,,00:00,2025,Tuesday,97,Not Applicable,99,Unknown,,,,,,,,,99,Unknown,2/11/2025,2025-02-11,,,F,N,100,Parking Stall,,,01,No,,,,,,,,,,,,,,
Property Damage Crashes,DA4358002V,Prince George's County Police,Front to Rear,Prince George's,Principal Arterial – Other Freeways and Expressways,No,No,No,No,No,BRANCH AVE,5,MARYLAND ROUTE,No,True,No,4/19/2025,No,Point,38.821666369,-76.921095067,PGCOPD,03,16,03,No,14,,14:30,2025,Saturday,12,Motor Vehicle In Transport,05,On Roadway,2,,,,,,06,Non-Junction,01,Daylight,4/19/2025,2025-04-19,S,72.59,F,N,,,C0C9BBAFA242864CA9059CCD461C9AABFE6C5CBF393D020F2B382CF49B883065,MD,01,No,,,,,01,Dry,,,,,,,,
Property Damage Crashes,DJ0183001M,Seat Pleasant Police Department,Rear To Rear,Prince George's,Principal Arterial – Other,No,No,No,No,No,CENTRAL AVE,214,MARYLAND ROUTE,No,True,No,3/29/2025,No,Point,38.890277713,-76.856311917,SEATPLEASANT,04,16,03,No,17,,17:58,2025,Saturday,12,Motor Vehicle In Transport,05,On Roadway,3,,,,,,01,Acceleration/Deceleration Lane,01,Daylight,3/29/2025,2025-03-29,W,17.14,F,N,,,81D548D81A39CD0D934C3A3AE298D42299BB5020AB26D1099769B159C7A1384B,MD,01,No,,,,,01,Dry,,,,,,,,
Property Damage Crashes,MSP7839002Z,Maryland State Police,Angle,Prince George's,Minor Arterial,No,No,No,No,No,ENTERPRISE RD,193,MARYLAND ROUTE,No,True,No,3/7/2025,No,Point,38.900300912,-76.792648509,MSP,01,16,03,No,23,,23:34,2025,Friday,12,Motor Vehicle In Transport,05,On Roadway,4,,,,,,06,Non-Junction,04,Dark - Not Lighted,3/7/2025,2025-03-07,N,15.63,F,N,,,2EAF2B739A8100F7352631C5ECC7C4501173A8EC730D1CDBF6060068319ADE04,MD,01,No,,,,,01,Dry,,,,,,,,
Property Damage Crashes,DA4429000J,Prince George's County Police,Front to Rear,Prince George's,,No,No,No,No,No,,87,COUNTY ROAD,No,True,No,3/12/2025,No,Point,38.861713353,-76.870600994,PGCOPD,03,16,03,No,15,,15:59,2025,Wednesday,12,Motor Vehicle In Transport,05,On Roadway,,,,,,,09,Through Roadway,01,Daylight,3/12/2025,2025-03-12,N,38.8,F,N,,,BCEC2FBB6381CFBE11C6DFDAA6A8209B9E8ACA6E403318D5550F817593181E8D,CO,01,No,,,,,01,Dry,,,,,,,,
Property Damage Crashes,DA4301003Y,Prince George's County Police,Angle,Prince George's,Local,No,No,No,No,No,MARGE CT,6433,COUNTY ROAD,No,True,No,4/16/2025,No,Point,38.708223567,-77.005519868,PGCOPD,01,16,03,No,13,,13:30,2025,Wednesday,12,Motor Vehicle In Transport,05,On Roadway,7,,,,OLD FORT RD,,06,Non-Junction,01,Daylight,4/16/2025,2025-04-16,W,146.64,F,N,,,71BA4E4630E94BD8B2E4AE1BCD37910D55A0FE451917ACD5B4F0F3F11B2E87BB,CO,01,No,,,,,01,Dry,,,,,,,,
Property Damage Crashes,DA4379001W,Prince George's County Police,"Sideswipe, Same Direction",Prince George's,Principal Arterial – Other,No,No,No,No,No,,410,MARYLAND ROUTE,No,True,No,5/21/2025,No,Point,38.975648535,-76.991162879,PGCOPD,07,16,03,No,8,,08:25,2025,Wednesday,12,Motor Vehicle In Transport,05,On Roadway,3,,,,,,01,Acceleration/Deceleration Lane,01,Daylight,5/21/2025,2025-05-21,N,32.67,F,N,,,AA9FC06A1BC52D1E2718A9B558B57612928798322D90F891E1C097B4526B3D37,MD,01,No,,,,,09,Wet,,,,,,,,
Property Damage Crashes,MSP646300V3,Maryland State Police,"Sideswipe, Same Direction",Prince George's,Interstate,No,No,No,No,No,NO NAME,95,INTERSTATE ROUTE,No,True,No,3/30/2025,No,Point,39.070945203,-76.907101251,MSP,07,16,03,No,0,,00:35,2025,Sunday,12,Motor Vehicle In Transport,05,On Roadway,1,,,,,,06,Non-Junction,04,Dark - Not Lighted,3/30/2025,2025-03-30,N,10.02,F,N,,,F4ED6ECC8C8CB56CCD492FC76B1BCEEE1B1DA0C3E0A81D88B0BD354B5B24D355,IS,01,No,,,,,01,Dry,,,,,,,,
Property Damage Crashes,MSP78750041,Maryland State Police,Front to Rear,Prince George's,Interstate,No,No,No,No,No,CAPITAL BELTWAY,95,INTERSTATE ROUTE,No,True,No,5/7/2025,No,Point,38.846278333,-76.861903333,MSP,03,16,03,No,19,,19:06,2025,Wednesday,12,Motor Vehicle In Transport,05,On Roadway,1,,,,,,06,Non-Junction,01,Daylight,5/7/2025,2025-05-07,N,39.6,F,N,,,DBA6CAEDAEDA6F2F64B924E8788611E720778BC43151ADC1569D87063FFAE0A3,IS,01,No,,,,,01,Dry,,,,,,,,
Property Damage Crashes,CBPD0119002B,Bowie Police Department,Front to Rear,Prince George's,Local,No,No,No,No,No,SUPERIOR LA,2800,MUNICIPAL ROAD,No,True,No,1/14/2025,No,Point,38.975009416,-76.733791108,BOWIE,03,16,03,No,15,,15:54,2025,Tuesday,15,Parked Vehicle,09,Roadside,7,,,,,,06,Non-Junction,01,Daylight,1/14/2025,2025-01-14,N,9.08,F,N,,,4A16E75E140F72474B9914605E474D21FC3DB47F004F752D34F4BE363D33D2F3,MU,01,No,,,,,07,Snow,,,,,,,,
Property Damage Crashes,DA351500D1,Prince George's County Police,Rear To Side,Prince George's,Principal Arterial – Other,No,No,No,No,No,GREENBELT RD (WB/L),193,MARYLAND ROUTE,No,True,No,3/1/2025,No,Point,38.990904231,-76.835975318,PGCOPD,05,16,03,No,12,04,12:10,2025,Saturday,12,Motor Vehicle In Transport,05,On Roadway,3,Perpendicular,,,GOOD LUCK RD GOOD LUCK RD (WB/L),03,05,Intersection or Related,01,Daylight,3/1/2025,2025-03-01,S,0,F,N,,,0C32C1DE79A2ACE8FA357AB2CE886B50BD189D5249F7598156C943541C58081C,MD,01,No,12,Motor Vehicle In Transport,05,On Roadway,01,Dry,01,Signalized,,,,,,
Property Damage Crashes,MSP7765007F,Maryland State Police,Single Vehicle,Prince George's,Interstate,No,No,No,No,No,RAMP 4 FR IS 95 NB TO MD 202F EB,95,RAMP,Yes,True,No,4/6/2025,No,Point,38.904745167,-76.849719667,MSP,101,16,03,No,20,,20:46,2025,Sunday,31,Guardrail End Terminal,01,Gore,1,,101,State,,,04,Entrance/Exit Ramp or Related,04,Dark - Not Lighted,4/6/2025,2025-04-06,S,59.24,F,N,,,CA39791B04B7C3885D7DDDC0D8657DCD6D583B51BC84CFCEB4466B8CCE395FED,RP,01,No,,,,,01,Dry,,,,,,,,
Property Damage Crashes,DA43330049,Prince George's County Police,Unknown,Prince George's,Local,No,No,No,No,No,NICHOLSON ST,1530,COUNTY ROAD,No,True,No,5/3/2025,No,Point,38.962487927,-76.983926748,PGCOPD,99,16,03,No,16,02,16:00,2025,Saturday,12,Motor Vehicle In Transport,05,On Roadway,7,Angled/Skewed,,,14TH PL,01,05,Intersection or Related,01,Daylight,5/3/2025,2025-05-03,E,0,F,N,,,FA7F379C28D977967DB18EE97CA353462AB0211FEE92E902CB5596E3312C22E1,CO,01,No,,,,,01,Dry,03,Stop - Partial,,,,,,
Property Damage Crashes,DA3726009T,Prince George's County Police,"Sideswipe, Opposite Direction",Prince George's,Local,No,No,No,No,No,CRESTON ST,1812,COUNTY ROAD,No,True,No,1/25/2025,No,Point,38.920993880,-76.930862154,PGCOPD,06,16,03,Yes,18,02,18:20,2025,Saturday,12,Motor Vehicle In Transport,05,On Roadway,7,Angled/Skewed,,,KENILWORTH AVE RAMP 8 FR MD 201 SB TO MD 459 WB,01,05,Intersection or Related,04,Dark - Not Lighted,1/25/2025,2025-01-25,N,0,F,N,,,870A783D64748E83FDFEBC808345988ADA78DB345C06DEB58C714631C08FB5C1,CO,01,No,,,,,01,Dry,02,Stop - All Way,,,,,,
Property Damage Crashes,MSP744200QL,Maryland State Police,Single Vehicle,Prince George's,Principal Arterial – Other,No,No,No,No,No,BALTIMORE AVE (SB/L),1,UNITED STATE ROUTE,No,True,No,1/19/2025,No,Point,39.063930731,-76.883615959,MSP,101,16,03,Yes,21,,21:40,2025,Sunday,27,Curb,09,Roadside,3,,,,,,09,Through Roadway,04,Dark - Not Lighted,1/19/2025,2025-01-19,S,37.83,F,N,,,DC20EC57B5302179A374FE9ED8A60D898A17F3372B17770E401B7829982B2EEC,US,01,No,,,,,07,Snow,,,,,,,,
Property Damage Crashes,MSP7765006X,Maryland State Police,Front to Rear,Prince George's,Interstate,No,No,No,No,No,CAPITAL BELTWAY,95,INTERSTATE ROUTE,No,True,No,3/12/2025,No,Point,38.902030833,-76.8501995,MSP,03,16,03,No,17,,17:22,2025,Wednesday,12,Motor Vehicle In Transport,05,On Roadway,1,,,,,,09,Through Roadway,01,Daylight,3/12/2025,2025-03-12,W,42.21,F,N,,,B96A0BA6C2B6B80B80463988CC8EB49E1F0BD8205A818CDD0410B406E92AAD62,IS,01,No,,,,,01,Dry,,,,,,,,
Injury Crashes,DA44300013,Prince George's County Police,Angle,Prince George's,Minor Arterial,No,No,No,No,No,SHERIFF RD,75,COUNTY ROAD,No,True,No,5/15/2025,No,Point,38.914036687,-76.865093425,PGCOPD,01,16,02,No,17,,17:45,2025,Thursday,12,Motor Vehicle In Transport,05,On Roadway,4,,,,,,09,Through Roadway,01,Daylight,5/15/2025,2025-05-15,E,16.16,F,N,,,2E050C8172303069C109794BE900692AB3D3640D063ECEC137DA547DE0C3E442,CO,01,No,,,,,01,Dry,,,,,,,,
Property Damage Crashes,MSP546601TL,Maryland State Police,Single Vehicle,Prince George's,Interstate,No,No,No,No,No,CAPITAL BELTWAY (SB LOCAL),95,INTERSTATE ROUTE,No,True,No,5/21/2025,No,Point,38.806631667,-76.989336667,MSP,101,16,03,Yes,10,,10:35,2025,Wednesday,25,Concrete Traffic Barrier,03,Median,1,,,,,,09,Through Roadway,01,Daylight,5/21/2025,2025-05-21,S,32.16,F,N,,,6EB0EA704E049D70BF32768702F52FF03525D8815E958B7D50126992E7BF4B5C,IS,01,No,,,,,09,Wet,,,,,,,,
Property Damage Crashes,DA44350003,Prince George's County Police,Front to Front,Prince George's,Minor Arterial,No,No,No,No,No,POWDER MILL RD (SB/L),212,MARYLAND ROUTE,No,True,No,4/22/2025,No,Point,39.040523497,-76.947320816,PGCOPD,02,16,03,No,8,,08:18,2025,Tuesday,12,Motor Vehicle In Transport,03,Median,4,,,,,,01,Acceleration/Deceleration Lane,01,Daylight,4/22/2025,2025-04-22,E,15.86,F,N,,,4DDFD7753A5D07E5ECD98C45634E08177B4A18662C44A8D8DD9692F6D08560B9,MD,01,No,,,,,01,Dry,,,,,,,,
Injury Crashes,MSP6582016B,Maryland State Police,Single Vehicle,Prince George's,Interstate,No,No,No,No,No,RAMP 19 FR RAMP 16 TO RAMP 1,95,RAMP,No,True,No,4/25/2025,No,Point,38.793529549,-77.013486320,MSP,101,16,02,No,16,,16:20,2025,Friday,25,Concrete Traffic Barrier,09,Roadside,1,,101,State,,,09,Through Roadway,01,Daylight,4/25/2025,2025-04-25,S,10.09,F,N,,,82425EB999E1D525302F4AAEA9B788707122C711CB254C83A8CB137F5E67F5C1,RP,01,No,,,,,01,Dry,,,,,,,,
Property Damage Crashes,DA35160071,Prince George's County Police,Front to Rear,Prince George's,Principal Arterial – Other,No,No,No,No,No,CRAIN HWY (SB/L),301,UNITED STATE ROUTE,No,True,No,3/17/2025,No,Point,38.740232545,-76.820197371,PGCOPD,03,16,03,No,8,,08:08,2025,Monday,15,Parked Vehicle,99,Unknown,3,,,,,,06,Non-Junction,01,Daylight,3/17/2025,2025-03-17,E,33.75,F,N,,,681C8CE938C39D06E79CC638740F17C24A340923EB72E74E74B8A818B872C6EA,US,01,No,,,,,01,Dry,,,,,,,,
Property Damage Crashes,DA43280034,Prince George's County Police,Angle,Prince George's,Principal Arterial – Other,No,No,No,No,No,OXON HILL RD (WB/L),414,MARYLAND ROUTE,Yes,True,No,2/4/2025,No,Point,38.804719945,-76.977820685,PGCOPD,01,16,03,No,15,,15:13,2025,Tuesday,12,Motor Vehicle In Transport,05,On Roadway,3,,,,,,06,Non-Junction,01,Daylight,2/4/2025,2025-02-04,E,51.35,F,N,,,53D4917AE35BEED69D9259B99BD0D5B075F17E43267669CC38B78CE6D4149700,MD,01,No,,,,,01,Dry,,,,,,,,
Property Damage Crashes,AM03910021,Bladensburg Police Department,Single Vehicle,Prince George's,Local,No,Yes,No,No,No,WEBSTER ST,190,MUNICIPAL ROAD,No,True,Yes,4/1/2025,Yes,Point,38.943148308,-76.935635609,BLADENSBURG,101,16,03,No,7,,07:24,2025,Tuesday,10,Construction Equipment,05,On Roadway,7,,,,49TH ST,,09,Through Roadway,01,Daylight,4/1/2025,2025-04-01,N,130.13,F,N,,,7E0FDFDC31A9E127126D996896963E0602898C66FE0CD1B2292F1905D9AFAF4D,MU,01,No,,,,,01,Dry,,,N,04,Activity Area,05,Other Type of Work Zone,No
Property Damage Crashes,DA4302002X,Prince George's County Police,"Sideswipe, Opposite Direction",Prince George's,Principal Arterial – Other,No,No,No,No,No,CENTRAL AVE (WB/L),214,MARYLAND ROUTE,No,True,No,4/16/2025,No,Point,38.898583020,-76.795242217,PGCOPD,06,16,03,No,20,,20:34,2025,Wednesday,12,Motor Vehicle In Transport,05,On Roadway,3,,,,,,01,Acceleration/Deceleration Lane,03,Dark - Lighted,4/16/2025,2025-04-16,N,397.52,F,N,,,791DBCF789F84BE54062F618BCA896060EBC5B6498C6EE0E6162C3FF32B1B091,MD,01,No,,,,,01,Dry,,,,,,,,
Property Damage Crashes,HB05270003,Maryland-National Capital Park Police Prince George's County,Other,Prince George's,,No,No,No,No,No,NO NAME,673,LOCAL ROAD,Yes,True,No,5/23/2025,No,Point,39.001917432,-76.935846332,PGPARK,98,16,03,No,16,,16:42,2025,Friday,12,Motor Vehicle In Transport,05,On Roadway,,,,,,,01,Acceleration/Deceleration Lane,01,Daylight,5/23/2025,2025-05-23,S,13.79,F,N,,,92E6C569909ABBCC39DD651B2C730EBD6D3421BADE474450DC7D882FF8F497E6,LL,01,No,,,,,01,Dry,,,,,,,,
Injury Crashes,BP11340023,Forest Heights Police Department,Unknown,Prince George's,Minor Arterial,No,No,No,No,No,INDIAN HEAD HWY,210,MARYLAND ROUTE,No,True,No,3/4/2025,No,Point,38.818068781,-76.999287278,FORESTHEIGHTS,99,16,02,No,11,,11:30,2025,Tuesday,37,Other Traffic Barrier,05,On Roadway,4,,101,State,,,06,Non-Junction,01,Daylight,3/4/2025,2025-03-04,N,19.37,F,N,,,3A6DB360148EEBA65718ACB93F0F81343E6EC2ACC4F3F2DA217A8BC8FEC2737D,MD,01,No,12,Motor Vehicle In Transport,05,On Roadway,01,Dry,,,,,,,,
Property Damage Crashes,DA4332003L,Prince George's County Police,Other,Prince George's,Principal Arterial – Other,No,No,No,No,No,,1,UNITED STATE ROUTE,No,True,No,5/19/2025,No,Point,38.998558424,-76.931496780,PGCOPD,98,16,03,Yes,20,04,20:30,2025,Monday,12,Motor Vehicle In Transport,05,On Roadway,3,Perpendicular,,,GREENBELT RD GREENBELT RD (WB/L),03,05,Intersection or Related,101,Dusk,5/19/2025,2025-05-19,S,0,F,N,,,E4E880BA64776B3268FA658218829B558DD485C7CFD612BF839C3ADA51CDBF85,US,01,No,,,,,01,Dry,01,Signalized,,,,,,
Property Damage Crashes,CBPD0107002K,Bowie Police Department,Single Vehicle,Prince George's,,No,No,No,No,Yes,,,,No,True,No,4/17/2025,No,Point,38.909519705,-76.719304175,BOWIE,101,16,03,,9,,09:54,2025,Thursday,35,"Other Fixed Object (wall, building, tunnel, etc.)",04,"Off-Roadway, Location Unknown",,,102,Federal,,,,,01,Daylight,4/17/2025,2025-04-17,,,F,N,100,Parking Stall,,,01,No,35,"Other Fixed Object (wall, building, tunnel, etc.)",04,"Off-Roadway, Location Unknown",,,,,,,,,,
Property Damage Crashes,DA4359001N,Prince George's County Police,Front to Front,Prince George's,Major Collector,No,No,No,No,No,CONTEE RD,6,COUNTY ROAD,No,True,No,5/14/2025,No,Point,39.073546134,-76.851045117,PGCOPD,02,16,03,No,11,,11:04,2025,Wednesday,12,Motor Vehicle In Transport,05,On Roadway,5,,,,,,06,Non-Junction,01,Daylight,5/14/2025,2025-05-14,S,7.35,F,N,,,BE9194A5F449BAF1631B15F7177C9D07E0FD0F0974E77684C24E4AC87CA9CCEB,CO,01,No,,,,,09,Wet,,,,,,,,
Property Damage Crashes,CE450600P0,Laurel Police Department,Other,Prince George's,Local,Yes,No,No,No,No,FAIRLAWN AVE,150,MUNICIPAL ROAD,No,True,No,3/3/2025,No,Point,39.099785893,-76.851383751,LAUREL,98,16,03,No,3,,03:24,2025,Monday,15,Parked Vehicle,05,On Roadway,7,,,,,,06,Non-Junction,03,Dark - Lighted,3/3/2025,2025-03-03,S,9.67,F,N,,,7D642D5F53899FB045F9309C3463E09293079E4529C0626E1984F2AD0C42320F,MU,01,No,,,,,01,Dry,,,,,,,,
Property Damage Crashes,DA35990053,Prince George's County Police,Single Vehicle,Prince George's,Major Collector,No,No,No,No,No,BROCK BRIDGE RD,3049,COUNTY ROAD,No,True,No,1/8/2025,No,Point,39.070312676,-76.840363146,PGCOPD,101,16,03,No,0,,00:15,2025,Wednesday,40,Tree (standing),05,On Roadway,5,,,,,,06,Non-Junction,04,Dark - Not Lighted,1/8/2025,2025-01-08,S,23.88,F,N,,,62B14C5A982D79707E8B8DCBE8939EDE7BA6C4352E7C6F8BBE4005674B9B65AB,CO,01,No,,,,,02,Ice/Frost,,,,,,,,
Injury Crashes,DA4239007J,Prince George's County Police,Angle,Prince George's,,No,No,No,No,No,GOOD LUCK RD (WB/L),42,COUNTY ROAD,No,True,No,2/4/2025,No,Point,38.994314910,-76.835009402,PGCOPD,01,16,02,No,17,,17:00,2025,Tuesday,12,Motor Vehicle In Transport,05,On Roadway,,,,,,,09,Through Roadway,01,Daylight,2/4/2025,2025-02-04,N,21.18,F,N,,,D9DC97301FC9E94B62966AC682C34730A4BC8A33FC0273267F09F42C198460DD,CO,01,No,12,Motor Vehicle In Transport,05,On Roadway,01,Dry,,,,,,,,
Property Damage Crashes,DA4252005H,Prince George's County Police,Other,Prince George's,Local,No,No,No,No,No,OLIVE ST,348,COUNTY ROAD,No,True,No,1/21/2025,No,Point,38.911196833,-76.932721195,PGCOPD,98,16,03,Yes,11,,11:00,2025,Tuesday,12,Motor Vehicle In Transport,05,On Roadway,7,,,,,,99,Unknown,01,Daylight,1/21/2025,2025-01-21,N,34.64,F,N,,,4F32B8CDFB8337A13BA6386A08A06E57F43C3223AF3611991C5992ABE2AD50C3,CO,01,No,,,,,02,Ice/Frost,,,,,,,,
Property Damage Crashes,DA4291004T,Prince George's County Police,Single Vehicle,Prince George's,,No,No,No,No,Yes,,,,No,True,Yes,4/14/2025,Yes,Point,38.947229788,-76.879816010,PGCOPD,101,16,03,,4,,04:08,2025,Monday,13,Other Non-Fixed Object,08,Outside Road/Right-Of-Way,,,,,,,,,03,Dark - Lighted,4/14/2025,2025-04-14,,,F,N,103,Private Road,,,01,No,,,,,,,,,Y,02,Advance Warning Area,01,Lane Closure,No
Property Damage Crashes,AZ17470012,Cheverly Police Department,Front to Rear,Prince George's,Major Collector,No,No,No,No,No,COLUMBIA PARK RD,459,MARYLAND ROUTE,No,True,No,6/2/2025,No,Point,38.918194897,-76.915420865,CHEVERLY,03,16,03,No,12,,12:41,2025,Monday,12,Motor Vehicle In Transport,05,On Roadway,5,,,,,,09,Through Roadway,01,Daylight,6/2/2025,2025-06-02,S,47.82,F,N,,,F54653D2634593454687B846012A92BDEF8AA25FE564F6214BA92096CC36C332,MD,01,No,,,,,01,Dry,,,,,,,,
Property Damage Crashes,DA3835006S,Prince George's County Police,Single Vehicle,Prince George's,,No,No,No,No,Yes,,,,No,True,No,2/9/2025,No,Point,38.769644883,-76.891393721,PGCOPD,101,16,03,,22,,22:49,2025,Sunday,06,Other Non-Collision,04,"Off-Roadway, Location Unknown",,,,,,,,,04,Dark - Not Lighted,2/9/2025,2025-02-09,,,F,N,105,Dirt Road/Trail,,,01,No,,,,,,,,,,,,,,
Property Damage Crashes,DA4388001Z,Prince George's County Police,Front to Rear,Prince George's,Minor Arterial,No,No,No,No,No,FEDEX WAY,5802,COUNTY ROAD,Yes,True,No,5/19/2025,No,Point,38.906335212,-76.865039188,PGCOPD,03,16,03,No,18,,18:15,2025,Monday,12,Motor Vehicle In Transport,05,On Roadway,4,,,,GARRETT A MORGAN BLVD,,06,Non-Junction,01,Daylight,5/19/2025,2025-05-19,W,14.97,F,N,,,4C1DEB917330B6EB96F6EE25F75A837E31959A65262E94A28937846FE37EC987,CO,01,No,,,,,01,Dry,,,,,,,,
Injury Crashes,DA4318004Q,Prince George's County Police,Single Vehicle,Prince George's,,No,No,No,No,No,ALLENTOWN RD (SB/L),126,COUNTY ROAD,No,True,No,5/25/2025,No,Point,38.789951729,-76.936323513,PGCOPD,101,16,02,No,5,,05:07,2025,Sunday,41,Utility Pole/Light Support,09,Roadside,,,100,Local,,,09,Through Roadway,100,Dawn,5/25/2025,2025-05-25,E,36.33,F,N,,,C19A122C8E2BB50C2891BFB0080001241066E30B0A41C6CFD33CDC858A1B3788,CO,01,No,,,,,01,Dry,,,,,,,,
Injury Crashes,AM03860029,Bladensburg Police Department,Front to Rear,Prince George's,Minor Arterial,No,No,No,No,No,ANNAPOLIS RD,450,MARYLAND ROUTE,No,True,No,3/22/2025,No,Point,38.939049646,-76.940710730,BLADENSBURG,03,16,02,No,15,,15:00,2025,Saturday,12,Motor Vehicle In Transport,05,On Roadway,4,,,,,,06,Non-Junction,01,Daylight,3/22/2025,2025-03-22,W,24.95,F,N,,,C0B97794AF3E14B4C6E4A905490D9958BD38DD33E6793CBD2FE46DCBF8F9DC89,MD,01,No,,,,,01,Dry,,,,,,,,
Property Damage Crashes,MSP745300BK,Maryland State Police,Single Vehicle,Prince George's,Interstate,No,No,No,No,No,RAMP 6 FR IS 595 EB TO MD 704 SB,595,RAMP,No,True,No,5/4/2025,No,Point,38.945397307,-76.843039017,MSP,101,16,03,No,14,,14:24,2025,Sunday,32,Guardrail Face,09,Roadside,1,,101,State,,,04,Entrance/Exit Ramp or Related,01,Daylight,5/4/2025,2025-05-04,N,29.17,F,N,,,B0D0ACCA1F2B5A67102F76F9F72A9BD6C5F5E0C91AE7DBBDD8F389ABE90B0182,RP,01,No,,,,,09,Wet,,,,,,,,
Injury Crashes,CE5155001Q,Laurel Police Department,Single Vehicle,Prince George's,Principal Arterial – Other,Yes,No,No,No,No,WASHINGTON BLVD (SB/L),1,UNITED STATE ROUTE,No,True,No,5/16/2025,No,Point,39.097595625,-76.850401726,LAUREL,101,16,02,No,1,,01:56,2025,Friday,27,Curb,09,Roadside,3,,,,,,06,Non-Junction,03,Dark - Lighted,5/16/2025,2025-05-16,S,13.34,F,N,,,42119B16FE22294AC8C29C1861C2E18AA87DBFE07F19DDE4799F46FBA9F5CA9F,US,01,No,,,,,01,Dry,,,,,,,,
Property Damage Crashes,MSP657700F7,Maryland State Police,Single Vehicle,Prince George's,Interstate,No,No,No,No,No,NO NAME,95,INTERSTATE ROUTE,No,True,No,5/11/2025,No,Point,39.03217,-76.94463,MSP,101,16,03,No,15,,15:09,2025,Sunday,03,Explosion Or Fire,05,On Roadway,1,,,,,,09,Through Roadway,01,Daylight,5/11/2025,2025-05-11,N,32.77,F,N,,,034CC09C287A199780EFEA637AC3B083E90A0C3237450E08DCB58A23FEF42C06,IS,01,No,97,Not Applicable,,,01,Dry,,,,,,,,
Property Damage Crashes,DA4307004K,Prince George's County Police,Front to Front,Prince George's,,No,No,No,No,Yes,,,,No,True,No,4/13/2025,No,Point,38.800543074,-76.994660472,PGCOPD,02,16,03,,17,,17:28,2025,Sunday,12,Motor Vehicle In Transport,02,In Parking Lane Or Zone,,,,,,,,,01,Daylight,4/13/2025,2025-04-13,,,F,N,100,Parking Stall,,,01,No,,,,,,,,,,,,,,
Property Damage Crashes,AZ1747000P,Cheverly Police Department,Front to Rear,Prince George's,,No,Yes,No,No,No,,15,RAILROAD,No,True,No,2/20/2025,No,Point,38.916747989,-76.915257806,CHEVERLY,03,16,03,No,8,,08:31,2025,Thursday,12,Motor Vehicle In Transport,05,On Roadway,,,,,COLUMBIA PARK RD,,01,Acceleration/Deceleration Lane,01,Daylight,2/20/2025,2025-02-20,N,142.05,F,N,,,D1CCF33B73C61A77BE16DACA8F9395D04E36F3F878E586B7A97FA2DF36D2308C,RR,01,No,,,,,01,Dry,,,,,,,,