Crash Severity Description,Reportnumber,Agencyname,CollisionImpact Description,Crash County Description,FunctionalClass Description,ImpairedCrash,Large Vehicle Involved,Motorcycle Crash,Non-Motorist Crash,OffRoad,RoadName,Route Number,RouteType Description,Unrestrained Occupants,WithinDateRange,Work Zone Related,Crashdate,Work Zone Crash,CrashPoint,Latitude,Longitude,AgencyCode,CollisionImpact,Crash County,Crash Severity,Crash Within Interchange,Crashhour,CrashInterchangeApproaches,Crashtime,CrashYear,Dayofweek,FirstHarmEvent,FirstHarmEvent Description,FirstHarmLocation,FirstHarmLocation Description,FunctionalClass,Geometry Description,GovPropertyDamage,GovPropertyDamage Description,IntersectingRoadName,Intersection Geometry,JunctionRelated,JunctionRelated Description,Light,Light Description,LOD Crash Date,LOD Date Level,MilepointDirection,MilepointDistance,MilepointUnits,NonTrafficFatal,OffroadLocation,OffroadLocation Description,RoadID,RouteType,SchoolBusRelated,SchoolBusRelated Description,SecondHarmEvent,SecondHarmEvent Description,SecondHarmLocation,SecondHarmLocation Description,Surface,Surface Description,TrafficControl,Trafficcontrol Description,WZLawEnforcementPresent,WZLocation,WZLocation Description,WZType,WZType Description,WZWorkersPresent
Property Damage Crashes,DA3433005L,Prince George's County Police,Angle,Prince George's,,No,Yes,No,No,Yes,,,,No,True,No,5/15/2025,No,Point,38.889715807,-76.788059009,PGCOPD,01,16,03,,19,,19:52,2025,Thursday,15,Parked Vehicle,02,In Parking Lane Or Zone,,,,,,,,,01,Daylight,5/15/2025,2025-05-15,,,F,N,102,Parking Lot Way,,,02,"Yes, School Bus Directly Involved",,,,,,,,,,,,,,
Property Damage Crashes,MSP744700P7,Maryland State Police,"Sideswipe, Same Direction",Prince George's,Principal Arterial – Other Freeways and Expressways,No,Yes,No,No,No,BRANCH AVE,5,MARYLAND ROUTE,No,True,No,5/1/2025,No,Point,38.789684586,-76.897338995,MSP,07,16,03,No,8,,08:06,2025,Thursday,12,Motor Vehicle In Transport,05,On Roadway,2,,,,,,01,Acceleration/Deceleration Lane,01,Daylight,5/1/2025,2025-05-01,S,24.86,F,N,,,3D449B2A600FF1CB6201B975A9B6591C0927D523BF658A147B023ED0893D4B69,MD,01,No,,,,,01,Dry,,,,,,,,
Property Damage Crashes,CBPD01120058,Bowie Police Department,"Sideswipe, Opposite Direction",Prince George's,Local,No,No,No,No,No,EXCALIBUR RD,609,MUNICIPAL ROAD,No,True,No,3/3/2025,No,Point,38.940634203,-76.727486042,BOWIE,06,16,03,No,14,04,14:23,2025,Monday,12,Motor Vehicle In Transport,05,On Roadway,7,Perpendicular,,,MITCHELLVILLE RD (SB/L),03,05,Intersection or Related,01,Daylight,3/3/2025,2025-03-03,N,0,F,N,,,A0CD7F384E88502E630E7386155B49D1A0E1A5A49B7999D741F51104D017B4BC,MU,01,No,,,,,01,Dry,01,Signalized,,,,,,
Property Damage Crashes,CE5357000Y,Laurel Police Department,Rear To Rear,Prince George's,,No,No,No,No,Yes,,,,Yes,True,No,4/16/2025,No,Point,39.096558847,-76.848341921,LAUREL,04,16,03,,17,,17:00,2025,Wednesday,12,Motor Vehicle In Transport,02,In Parking Lane Or Zone,,,,,,,,,01,Daylight,4/16/2025,2025-04-16,,,F,N,102,Parking Lot Way,,,01,No,,,,,,,,,,,,,,
Property Damage Crashes,MSP69310147,Maryland State Police,Angle,Prince George's,Principal Arterial – Other,No,No,No,No,No,CENTRAL AVE (WB/L),214,MARYLAND ROUTE,No,True,No,4/19/2025,No,Point,38.899976068,-76.793799501,MSP,01,16,03,No,9,,09:52,2025,Saturday,12,Motor Vehicle In Transport,05,On Roadway,3,,,,,,02,Crossover-Related,01,Daylight,4/19/2025,2025-04-19,W,48.05,F,N,,,0A95B5A0FBAD00CCA230B5D954DD154C2E010D951A44DB8ACFB7F561554C750F,MD,01,No,27,Curb,09,Roadside,01,Dry,,,,,,,,
Property Damage Crashes,CE4447006H,Laurel Police Department,Front to Rear,Prince George's,Local,Yes,No,No,No,No,WEST ST,440,MUNICIPAL ROAD,No,True,No,3/1/2025,No,Point,39.104114857,-76.863081789,LAUREL,03,16,03,No,21,,21:44,2025,Saturday,12,Motor Vehicle In Transport,05,On Roadway,7,,,,,,06,Non-Junction,03,Dark - Lighted,3/1/2025,2025-03-01,E,18.08,F,N,,,744204FFAA0FF684D188D62DBC78FF85FE4E0A3F812C79668103D28A0DCC3FD4,MU,01,No,,,,,01,Dry,,,,,,,,
Injury Crashes,DA43100022,Prince George's County Police,Single Vehicle,Prince George's,Local,No,No,No,No,No,BISHOPMILL DR,3492,COUNTY ROAD,Yes,True,No,3/28/2025,No,Point,38.835411409,-76.715563383,PGCOPD,101,16,02,No,13,,13:31,2025,Friday,13,Other Non-Fixed Object,09,Roadside,7,,,,,,06,Non-Junction,01,Daylight,3/28/2025,2025-03-28,E,55.43,F,N,,,98633A65B56F36E2CC5DA60CA6BE66D1CBF936346AF37260B7C4D822F3522AEA,CO,01,No,,,,,01,Dry,,,,,,,,
Property Damage Crashes,DA3146003V,Prince George's County Police,Rear To Side,Prince George's,Principal Arterial – Other,No,No,No,No,No,LANDOVER RD,202,MARYLAND ROUTE,No,True,No,4/15/2025,No,Point,38.916205409,-76.844846499,PGCOPD,05,16,03,Yes,12,04,12:45,2025,Tuesday,12,Motor Vehicle In Transport,05,On Roadway,3,Perpendicular,,,ST JOSEPHS DR (SB/L),03,05,Intersection or Related,01,Daylight,4/15/2025,2025-04-15,N,0,F,N,,,B1DE2A975F53AEB063A07DE26113A244D865805D4C4E2D38B918132BCE3A39E3,MD,01,No,,,,,01,Dry,01,Signalized,,,,,,
Property Damage Crashes,MSP77870056,Maryland State Police,Front to Rear,Prince George's,Interstate,No,No,No,No,No,CAPITAL BELTWAY (SB/L),95,INTERSTATE ROUTE,No,True,No,3/3/2025,No,Point,38.975645533,-76.871624117,MSP,03,16,03,No,10,,10:02,2025,Monday,12,Motor Vehicle In Transport,05,On Roadway,1,,,,,,06,Non-Junction,01,Daylight,3/3/2025,2025-03-03,W,35.79,F,N,,,AF51152A730EB1BB23391A0B41BC92F38848F8B02D1A6860C69BB5A52A476100,IS,01,No,,,,,01,Dry,,,,,,,,
Property Damage Crashes,DA38350071,Prince George's County Police,"Sideswipe, Same Direction",Prince George's,,No,Yes,No,No,No,ALLENTOWN RD (SB/L),126,COUNTY ROAD,No,True,No,3/22/2025,No,Point,38.793351,-76.928257793,PGCOPD,07,16,03,No,13,,13:08,2025,Saturday,15,Parked Vehicle,02,In Parking Lane Or Zone,,,,,,,10,"Other Location Not Listed Above Within an Interchange Area (median,
shoulder and roadside)",01,Daylight,3/22/2025,2025-03-22,N,37.53,F,N,,,68C9F43D64E2AD34849E57E11743149DE1FA2E95262C933D620A4BF9361FA76F,CO,01,No,,,,,01,Dry,,,,,,,,
Property Damage Crashes,DA43090034,Prince George's County Police,Front to Rear,Prince George's,Major Collector,No,No,No,No,No,LAKE ARBOR WAY (SB/L),3460,COUNTY ROAD,No,True,No,4/23/2025,No,Point,38.907012539,-76.821602664,PGCOPD,03,16,03,No,3,,03:10,2025,Wednesday,15,Parked Vehicle,05,On Roadway,5,,,,,,99,Unknown,03,Dark - Lighted,4/23/2025,2025-04-23,S,34.58,F,N,,,CE697CDDC150D1649364AC22E13132B5419AACBB7F7B8463F3DCB87E029E4773,CO,01,No,,,,,01,Dry,,,,,,,,
Property Damage Crashes,DA44140003,Prince George's County Police,Front to Rear,Prince George's,Local,No,No,No,No,No,MARCY AVE,964,COUNTY ROAD,No,True,No,1/20/2025,No,Point,38.817814509,-76.993582640,PGCOPD,03,16,03,No,5,,05:46,2025,Monday,15,Parked Vehicle,05,On Roadway,7,,,,,,06,Non-Junction,03,Dark - Lighted,1/20/2025,2025-01-20,S,395.21,F,N,,,6F289F1E2B35CD4A4D57B3A7F03D67AB1C1746363509729B877947EA3990116C,CO,01,No,,,,,06,Slush,,,,,,,,
Property Damage Crashes,DA43010045,Prince George's County Police,Angle,Prince George's,Minor Collector,No,No,No,No,No,BRYAN POINT RD,228,COUNTY ROAD,No,True,No,5/23/2025,No,Point,38.675813315,-77.016724779,PGCOPD,01,16,03,No,14,,14:05,2025,Friday,12,Motor Vehicle In Transport,05,On Roadway,6,,,,,,06,Non-Junction,01,Daylight,5/23/2025,2025-05-23,W,1273.51,F,N,,,C55C946558C9FAD19E57A4295ACEBE5294ABD20AE6DA55556B4CBCB79CD0D32B,CO,01,No,,,,,01,Dry,,,,,,,,
Property Damage Crashes,DA4131007R,Prince George's County Police,Front to Front,Prince George's,Local,No,No,No,No,No,E WASHINGTON AVE,3740,COUNTY ROAD,No,True,No,1/17/2025,No,Point,38.912772046,-76.891006773,PGCOPD,02,16,03,No,12,04,12:35,2025,Friday,12,Motor Vehicle In Transport,05,On Roadway,7,Angled/Skewed,,,BALLINGER AVE,01,05,Intersection or Related,01,Daylight,1/17/2025,2025-01-17,S,0,F,N,,,F44A36FC5A78F94A444C2D51D79078653CF0078AF0AC3D5BC4E164D38B737B6A,CO,01,No,,,,,01,Dry,02,Stop - All Way,,,,,,
Property Damage Crashes,DA4313003L,Prince George's County Police,Front to Rear,Prince George's,Principal Arterial – Other Freeways and Expressways,No,Yes,No,No,No,RAMP 3 FR MD 5P EB TO MD 5 NB,5,RAMP,No,True,No,5/28/2025,No,Point,38.813159049,-76.911792918,PGCOPD,03,16,03,Yes,16,,16:01,2025,Wednesday,12,Motor Vehicle In Transport,05,On Roadway,2,,,,,,04,Entrance/Exit Ramp or Related,01,Daylight,5/28/2025,2025-05-28,S,11.13,F,N,,,659049FCB76374F0BC6E20E5602DF8871C43E0F94C72B72456B3B8C0807F2E9A,RP,01,No,,,,,09,Wet,,,,,,,,
Property Damage Crashes,DA387800C8,Prince George's County Police,Angle,Prince George's,,No,No,No,No,No,CIPRIANO RD (NB/L),28,COUNTY ROAD,No,True,No,1/30/2025,No,Point,38.977924724,-76.855066987,PGCOPD,01,16,03,No,15,04,15:23,2025,Thursday,12,Motor Vehicle In Transport,05,On Roadway,,Perpendicular,,,GOOD LUCK RD (WB/L),03,05,Intersection or Related,01,Daylight,1/30/2025,2025-01-30,N,0,F,N,,,E732533E3F2E1108032632D6841AAF1D8637E5B75BFC83B5D8AC16B95A1E4271,CO,01,No,,,,,01,Dry,01,Signalized,,,,,,
Property Damage Crashes,MSP7657007M,Maryland State Police,Front to Rear,Prince George's,Interstate,No,No,No,No,No,CAPITAL BELTWAY (SB/L),95,INTERSTATE ROUTE,No,True,No,3/19/2025,No,Point,38.794377691,-77.018946424,MSP,03,16,03,No,16,,16:45,2025,Wednesday,12,Motor Vehicle In Transport,05,On Roadway,1,,,,,,06,Non-Junction,01,Daylight,3/19/2025,2025-03-19,S,17.21,F,N,,,186C944469C0BC7785AF8AD5C2B645AF5D8F9CEEECD8BDDA4A3DCDA8C39A24B4,IS,01,No,,,,,01,Dry,,,,,,,,
Property Damage Crashes,DA3223004B,Prince George's County Police,Single Vehicle,Prince George's,Principal Arterial – Other Freeways and Expressways,Yes,No,No,No,No,INDIAN HEAD HWY (SB/L),210,MARYLAND ROUTE,No,True,No,3/2/2025,No,Point,38.663989883,-77.019164639,PGCOPD,101,16,03,No,17,,17:41,2025,Sunday,32,Guardrail Face,03,Median,2,,100,Local,,,09,Through Roadway,01,Daylight,3/2/2025,2025-03-02,N,13.04,F,N,,,1D7D395AF09E1AD59AFDCE9A4EFEA75521EF07B677F088AEFB315B0BF22AED07,MD,01,No,,,,,01,Dry,,,,,,,,
Injury Crashes,DA4418001G,Prince George's County Police,Angle,Prince George's,Local,No,No,No,No,No,76TH AVE,999,COUNTY ROAD,No,True,No,5/27/2025,No,Point,38.952559637,-76.884660588,PGCOPD,01,16,02,No,13,,13:20,2025,Tuesday,12,Motor Vehicle In Transport,05,On Roadway,7,,,,,,09,Through Roadway,01,Daylight,5/27/2025,2025-05-27,S,13.62,F,N,,,A0D45E7F622BBE9018F63262B20B507D107D461CB82D102EF55A3FC217267A8E,CO,01,No,,,,,09,Wet,,,,,,,,
Injury Crashes,RD0135000B,Riverdale Park Police Department,Front to Front,Prince George's,Principal Arterial – Other,No,No,No,No,No,EAST WEST HWY,410,MARYLAND ROUTE,No,True,No,3/31/2025,No,Point,38.963437239,-76.933895888,RIVERDALE,02,16,02,No,21,,21:04,2025,Monday,12,Motor Vehicle In Transport,05,On Roadway,3,,,,,,06,Non-Junction,03,Dark - Lighted,3/31/2025,2025-03-31,E,36.08,F,N,,,DE93330FBA375E1425780C6C024C3552FD43B799C343F5AE8C14EE0CEC7548C1,MD,01,No,,,,,09,Wet,,,,,,,,
Injury Crashes,DA3707004V,Prince George's County Police,Single Vehicle,Prince George's,Principal Arterial – Other,No,No,No,No,No,GREENBELT RD (WB/L),193,MARYLAND ROUTE,No,True,No,3/19/2025,No,Point,38.990728208,-76.849843519,PGCOPD,101,16,02,No,19,,19:20,2025,Wednesday,32,Guardrail Face,07,"On Shoulder, Right Side",3,,,,,,06,Non-Junction,03,Dark - Lighted,3/19/2025,2025-03-19,W,53.45,F,N,,,3866F8CA5BA506E75C840E1F2CBFEB96138A49BFB292DE7CA1C80B98A68ECAC8,MD,01,No,,,,,01,Dry,,,,,,,,
Injury Crashes,DS0499000J,University of Maryland Police College Park,Single Vehicle,Prince George's,,No,No,No,Yes,Yes,,,,No,True,No,3/8/2025,No,Point,38.980869170,-76.938769580,UMCP,101,16,02,,1,,01:50,2025,Saturday,17,Pedestrian,05,On Roadway,,,,,,,,,03,Dark - Lighted,3/8/2025,2025-03-08,,,F,N,102,Parking Lot Way,,,01,No,,,,,,,,,,,,,,
Injury Crashes,MSP78650037,Maryland State Police,"Sideswipe, Same Direction",Prince George's,Interstate,No,No,No,No,No,NO NAME,95,INTERSTATE ROUTE,No,True,No,5/30/2025,No,Point,39.024501457,-76.946416320,MSP,07,16,02,No,11,,11:00,2025,Friday,12,Motor Vehicle In Transport,05,On Roadway,1,,,,,,06,Non-Junction,01,Daylight,5/30/2025,2025-05-30,S,58.77,F,N,,,0D24FFE5B5ECB5B5CD43E4557A85F9623F53351F8AEF7D8F54E50AEACEB4B2F5,IS,01,No,,,,,01,Dry,,,,,,,,
Property Damage Crashes,RD0130004W,Riverdale Park Police Department,Front to Rear,Prince George's,,No,No,No,No,Yes,,,,No,True,No,5/11/2025,No,Point,38.959235352,-76.939408322,RIVERDALE,03,16,03,,17,,17:54,2025,Sunday,15,Parked Vehicle,02,In Parking Lane Or Zone,,,,,,,,,01,Daylight,5/11/2025,2025-05-11,,,F,N,100,Parking Stall,,,01,No,12,Motor Vehicle In Transport,02,In Parking Lane Or Zone,,,,,,,,,,
Property Damage Crashes,DA384400FM,Prince George's County Police,Other,Prince George's,Principal Arterial – Other,No,No,No,No,No,RHODE ISLAND AVE (SB/L),1,UNITED STATE ROUTE,No,True,No,5/4/2025,No,Point,38.942110382,-76.951666713,PGCOPD,98,16,03,No,0,,00:45,2025,Sunday,15,Parked Vehicle,02,In Parking Lane Or Zone,3,,,,,,06,Non-Junction,03,Dark - Lighted,5/4/2025,2025-05-04,S,35.45,F,N,,,7667B996A163FEA5E8EE4C0158741B4ACF4FB4D17AE569FA369B859B72F5E3D8,US,01,No,15,Parked Vehicle,02,In Parking Lane Or Zone,09,Wet,,,,,,,,
Property Damage Crashes,DA43180044,Prince George's County Police,Single Vehicle,Prince George's,Major Collector,No,No,No,No,No,MANCHESTER DR,5,MARYLAND ROUTE,Yes,True,No,3/24/2025,No,Point,38.815494104,-76.917112058,PGCOPD,101,16,03,No,7,03,07:40,2025,Monday,27,Curb,09,Roadside,5,Perpendicular,,,OLD BRANCH AVE,03,05,Intersection or Related,01,Daylight,3/24/2025,2025-03-24,S,0,F,N,,,CD33123E5383DE68D4CC2FE5876DE10F12D7271E228AF8B7D0B93C6117C67F4D,MD,01,No,37,Other Traffic Barrier,05,On Roadway,09,Wet,02,Stop - All Way,,,,,,
Injury Crashes,DA4372001C,Prince George's County Police,Other,Prince George's,,No,No,No,No,No,,122,COUNTY ROAD,No,True,No,4/20/2025,No,Point,38.803989953,-76.956451284,PGCOPD,98,16,02,No,21,,21:25,2025,Sunday,12,Motor Vehicle In Transport,05,On Roadway,,,,,,,06,Non-Junction,03,Dark - Lighted,4/20/2025,2025-04-20,N,39.93,F,N,,,3C6400AD12C9A314B2DD1B857801CCFD5DE11AA9292AD3DE0DFC32A3DFC43B31,CO,01,No,,,,,01,Dry,,,,,,,,
Property Damage Crashes,DA3795006Q,Prince George's County Police,Unknown,Prince George's,Minor Arterial,No,No,No,No,No,PALMER RD,3645,COUNTY ROAD,No,True,No,2/21/2025,No,Point,38.769038260,-76.982568648,PGCOPD,99,16,03,No,21,,21:00,2025,Friday,15,Parked Vehicle,07,"On Shoulder, Right Side",4,,,,,,06,Non-Junction,99,Unknown,2/21/2025,2025-02-21,N,53.91,F,N,,,DD752279DD71B8EBBC791E2A6AB18ADD91456D7493D443B05F86FAF311E07DD4,CO,01,No,12,Motor Vehicle In Transport,09,Roadside,99,Unknown,,,,,,,,
Property Damage Crashes,MSP617100MX,Maryland State Police,Front to Rear,Prince George's,Interstate,No,No,No,No,No,NO NAME (SB/L),95,INTERSTATE ROUTE,No,True,No,2/18/2025,No,Point,39.064258368,-76.913464067,MSP,03,16,03,No,11,,11:05,2025,Tuesday,12,Motor Vehicle In Transport,05,On Roadway,1,,,,,,06,Non-Junction,01,Daylight,2/18/2025,2025-02-18,E,17.05,F,N,,,377096A8C16A403ED922B0770E9DF5E63BD6CFABF7875609386B2309510A8236,IS,01,No,,,,,01,Dry,,,,,,,,
Injury Crashes,BW0217000H,Greenbelt Police Department,Front to Front,Prince George's,Principal Arterial – Other,No,No,No,No,No,GREENBELT RD,193,MARYLAND ROUTE,Yes,True,No,1/5/2025,No,Point,38.996150533,-76.901071246,GREENBELT,02,16,02,No,16,,16:30,2025,Sunday,12,Motor Vehicle In Transport,05,On Roadway,3,,,,,,04,Entrance/Exit Ramp or Related,101,Dusk,1/5/2025,2025-01-05,E,27.09,F,N,,,7CAE4919265C8A4951D6757D2587BCD21030157C14569B77D9E625227EBB40D8,MD,01,No,,,,,01,Dry,,,,,,,,
Property Damage Crashes,DA41300080,Prince George's County Police,Angle,Prince George's,Major Collector,No,No,No,No,No,OLD FORT RD,118,COUNTY ROAD,No,True,No,2/14/2025,No,Point,38.712523067,-76.989551118,PGCOPD,01,16,03,Yes,18,,18:25,2025,Friday,12,Motor Vehicle In Transport,05,On Roadway,5,,,,,,01,Acceleration/Deceleration Lane,01,Daylight,2/14/2025,2025-02-14,N,51.71,F,N,,,611B4A930E1C9C76304E00C8FB3301BA076E3CFC542FA046BEEAA264350EA43C,CO,01,No,,,,,01,Dry,,,,,,,,
Property Damage Crashes,DA4375002Z,Prince George's County Police,Front to Rear,Prince George's,,No,No,No,No,No,,342,SPUR,No,True,No,4/4/2025,No,Point,38.853160305,-76.909587865,PGCOPD,03,16,03,No,10,,10:20,2025,Friday,12,Motor Vehicle In Transport,05,On Roadway,,,,,,,04,Entrance/Exit Ramp or Related,01,Daylight,4/4/2025,2025-04-04,E,6.51,F,N,,,0B19D2717CAAF2CF4EE6B92999DCDA90D42D08410C57EDF2BD92E6939CE15462,SP,01,No,,,,,01,Dry,,,,,,,,
Injury Crashes,DA4283003H,Prince George's County Police,Other,Prince George's,,Yes,Yes,No,No,No,,60,SPUR,No,True,No,1/23/2025,No,Point,38.837370621,-76.861371801,PGCOPD,98,16,02,No,15,,15:00,2025,Thursday,12,Motor Vehicle In Transport,05,On Roadway,,,,,,,09,Through Roadway,01,Daylight,1/23/2025,2025-01-23,N,64.1,F,N,,,D429A807858A3ADB87379E8FA14E1BEB49C61A67C4B609E6669F4FC45ABF5686,SP,01,No,,,,,01,Dry,,,,,,,,
Property Damage Crashes,MSP718600J1,Maryland State Police,Front to Rear,Prince George's,Interstate,No,No,No,No,No,CAPITAL BELTWAY,95,INTERSTATE ROUTE,No,True,No,1/12/2025,No,Point,38.916295067,-76.85128795,MSP,03,16,03,No,19,,19:25,2025,Sunday,12,Motor Vehicle In Transport,05,On Roadway,1,,,,,,09,Through Roadway,05,Dark - Unknown Lighting,1/12/2025,2025-01-12,N,44.21,F,N,,,5F531C75C1F23BCE8FFF25366CAF7054FBB25E895AFD7B28DF037A349A444F24,IS,01,No,12,Motor Vehicle In Transport,05,On Roadway,01,Dry,,,,,,,,
Property Damage Crashes,DA4356003B,Prince George's County Police,Unknown,Prince George's,Local,No,No,No,No,No,WYNGATE RD,3660,COUNTY ROAD,No,True,No,3/29/2025,No,Point,38.859685421,-76.928481666,PGCOPD,99,16,03,No,19,,19:00,2025,Saturday,15,Parked Vehicle,05,On Roadway,7,,,,,,06,Non-Junction,04,Dark - Not Lighted,3/29/2025,2025-03-29,S,13.56,F,N,,,FDCAD558BAC30589E2A1B67E614B2DDBA8A198B8B19E8382B61AA65DBBF6B406,CO,01,No,,,,,01,Dry,,,,,,,,
Property Damage Crashes,DA4417000J,Prince George's County Police,Angle,Prince George's,Principal Arterial – Other,No,No,No,No,No,ST BARNABAS RD (WB/L),414,MARYLAND ROUTE,No,True,No,2/26/2025,No,Point,38.830662976,-76.941451633,PGCOPD,01,16,03,No,19,,19:26,2025,Wednesday,12,Motor Vehicle In Transport,05,On Roadway,3,,,,,,06,Non-Junction,03,Dark - Lighted,2/26/2025,2025-02-26,E,22.73,F,N,,,09148E98CE68E7676EB52CA44F66CE496E1B948EEB23ACD97DE9360CF73DE4FD,MD,01,No,,,,,01,Dry,,,,,,,,
Property Damage Crashes,DA37060066,Prince George's County Police,Front to Rear,Prince George's,Principal Arterial – Other,No,No,No,No,No,GREENBELT RD,193,MARYLAND ROUTE,No,True,No,3/1/2025,No,Point,38.990727393,-76.835441191,PGCOPD,03,16,03,Yes,10,,10:20,2025,Saturday,12,Motor Vehicle In Transport,05,On Roadway,3,,,,,,04,Entrance/Exit Ramp or Related,01,Daylight,3/1/2025,2025-03-01,E,48.06,F,N,,,04EBB3BE8F99700694398901FCCF387B38731480EB474DF7CEDE1033BF77310F,MD,01,No,,,,,01,Dry,,,,,,,,
Injury Crashes,DA338900BK,Prince George's County Police,Front to Rear,Prince George's,,No,No,No,No,No,,111,SPUR,Yes,True,No,1/21/2025,No,Point,38.823332212,-76.949729079,PGCOPD,03,16,02,Yes,9,,09:24,2025,Tuesday,12,Motor Vehicle In Transport,05,On Roadway,,,,,,,04,Entrance/Exit Ramp or Related,01,Daylight,1/21/2025,2025-01-21,S,21.17,F,N,,,A578A08C803FFD1E8E0C7CC6B9EB1B1901F4C84B1CBCE92530FDA4B20EB4D512,SP,01,No,,,,,01,Dry,,,,,,,,
Injury Crashes,DA373600DM,Prince George's County Police,Single Vehicle,Prince George's,Minor Arterial,No,No,No,Yes,No,INDIAN HEAD HWY (SB/L),210,MARYLAND ROUTE,No,True,No,5/26/2025,No,Point,38.805644469,-76.998879750,PGCOPD,101,16,02,No,1,,01:22,2025,Monday,14,Other Non-Motorist,05,On Roadway,4,,,,,,09,Through Roadway,03,Dark - Lighted,5/26/2025,2025-05-26,S,22.2,F,N,,,B7169D3C426F8C20D10DD56011DDC64165172B4CD36159A04CD9C177C24B44E4,MD,01,No,,,,,01,Dry,,,,,,,,
Injury Crashes,DA4349003T,Prince George's County Police,Single Vehicle,Prince George's,,No,No,No,Yes,No,,87,COUNTY ROAD,No,True,No,3/6/2025,No,Point,38.868286869,-76.858214753,PGCOPD,101,16,02,No,16,,16:20,2025,Thursday,17,Pedestrian,05,On Roadway,,,,,,,06,Non-Junction,01,Daylight,3/6/2025,2025-03-06,W,15.86,F,N,,,03078D85B7C87A4EFA79E1C7F2175091E157DC624EE37FEEBBC40D76405F3786,CO,01,No,,,,,01,Dry,,,,,,,,
Property Damage Crashes,DA2963001B,Prince George's County Police,Single Vehicle,Prince George's,Local,No,No,No,No,No,LIVINGSTON RD,810,MARYLAND ROUTE,No,True,No,6/8/2025,No,Point,38.638363153,-77.050841517,PGCOPD,101,16,03,No,14,,14:17,2025,Sunday,09,Animal (live),05,On Roadway,7,,100,Local,,,06,Non-Junction,01,Daylight,6/8/2025,2025-06-08,N,20.02,F,N,,,F88287DC23DEB2D4021ECF440525292E6B8CC0CD794ACBC2F5EF9BD90EDC5C16,MD,01,No,,,,,09,Wet,,,,,,,,
Property Damage Crashes,DA43750034,Prince George's County Police,Angle,Prince George's,Minor Arterial,No,No,No,No,No,WALKER MILL RD (EB/L),367,COUNTY ROAD,No,True,No,5/4/2025,No,Point,38.872866846,-76.856751700,PGCOPD,01,16,03,No,1,,01:20,2025,Sunday,12,Motor Vehicle In Transport,05,On Roadway,4,,,,RITCHIE RD,,06,Non-Junction,03,Dark - Lighted,5/4/2025,2025-05-04,S,33.6,F,N,,,0E617D4EFDA591B647A3D81BE155421B6A8501B593091F682F3F205638ACB315,CO,01,No,,,,,09,Wet,,,,,,,,
Property Damage Crashes,RD01260045,Riverdale Park Police Department,Front to Rear,Prince George's,Principal Arterial – Other,No,No,No,No,No,KENILWORTH AVE (SB/L),201,MARYLAND ROUTE,No,True,No,3/4/2025,No,Point,38.942706068,-76.934575505,RIVERDALE,03,16,03,Yes,17,04,17:15,2025,Tuesday,12,Motor Vehicle In Transport,05,On Roadway,3,Angled/Skewed,,,UPSHUR ST,01,05,Intersection or Related,01,Daylight,3/4/2025,2025-03-04,S,0,F,N,,,2D33127222563039D6211B6041804B0C0817389C3FA6DC46BD97E168E8892C6E,MD,01,No,,,,,01,Dry,01,Signalized,,,,,,
Property Damage Crashes,CE1089001Z,Laurel Police Department,"Sideswipe, Opposite Direction",Prince George's,,No,No,No,No,Yes,,,,No,True,No,1/12/2025,No,Point,39.095440545,-76.857305923,LAUREL,06,16,03,,17,,17:01,2025,Sunday,12,Motor Vehicle In Transport,02,In Parking Lane Or Zone,,,,,,,,,01,Daylight,1/12/2025,2025-01-12,,,F,N,102,Parking Lot Way,,,01,No,,,,,,,,,,,,,,
Injury Crashes,DJ01880007,Seat Pleasant Police Department,Front to Front,Prince George's,Principal Arterial – Other,No,No,Yes,No,No,MARTIN LUTHER KING JR HWY (WB/L),704,MARYLAND ROUTE,No,True,No,4/17/2025,No,Point,38.894689367,-76.910331126,SEATPLEASANT,02,16,02,Yes,23,,23:31,2025,Thursday,12,Motor Vehicle In Transport,99,Unknown,3,,,,,,99,Unknown,03,Dark - Lighted,4/17/2025,2025-04-17,N,36.73,F,N,,,CAE13D4C88C5662015B96688E40E809FA985C82F189121C6491E5C188F3A6108,MD,01,No,,,,,01,Dry,,,,,,,,
Property Damage Crashes,DA36610096,Prince George's County Police,Angle,Prince George's,Principal Arterial – Other,No,No,No,No,No,SILVER HILL RD (SB/L),458,MARYLAND ROUTE,No,True,No,2/14/2025,No,Point,38.853131298,-76.910544541,PGCOPD,01,16,03,No,16,,16:29,2025,Friday,12,Motor Vehicle In Transport,05,On Roadway,3,,,,,,02,Crossover-Related,01,Daylight,2/14/2025,2025-02-14,E,44.3,F,N,,,0D287C4B6EB3A7F14AEB1853CB8E78E4E433867A2BA207EF7F08EAD785F4ECED,MD,01,No,97,Not Applicable,,,01,Dry,,,,,,,,
Property Damage Crashes,DA41940066,Prince George's County Police,Other,Prince George's,,No,No,No,No,No,,501,SPUR,No,True,No,5/13/2025,No,Point,38.850439990,-76.905173147,PGCOPD,98,16,03,No,14,,14:54,2025,Tuesday,12,Motor Vehicle In Transport,05,On Roadway,,,,,,,09,Through Roadway,01,Daylight,5/13/2025,2025-05-13,N,50.72,F,N,,,AC4C4AB4F82E8EF1DC1B8EB9155F199C1F943EA6A87199EB2C5C4ED7D60160FE,SP,01,No,,,,,09,Wet,,,,,,,,