Crash Severity Description,Reportnumber,Agencyname,CollisionImpact Description,Crash County Description,FunctionalClass Description,ImpairedCrash,Large Vehicle Involved,Motorcycle Crash,Non-Motorist Crash,OffRoad,RoadName,Route Number,RouteType Description,Unrestrained Occupants,WithinDateRange,Work Zone Related,Crashdate,Work Zone Crash,CrashPoint,Latitude,Longitude,AgencyCode,CollisionImpact,Crash County,Crash Severity,Crash Within Interchange,Crashhour,CrashInterchangeApproaches,Crashtime,CrashYear,Dayofweek,FirstHarmEvent,FirstHarmEvent Description,FirstHarmLocation,FirstHarmLocation Description,FunctionalClass,Geometry Description,GovPropertyDamage,GovPropertyDamage Description,IntersectingRoadName,Intersection Geometry,JunctionRelated,JunctionRelated Description,Light,Light Description,LOD Crash Date,LOD Date Level,MilepointDirection,MilepointDistance,MilepointUnits,NonTrafficFatal,OffroadLocation,OffroadLocation Description,RoadID,RouteType,SchoolBusRelated,SchoolBusRelated Description,SecondHarmEvent,SecondHarmEvent Description,SecondHarmLocation,SecondHarmLocation Description,Surface,Surface Description,TrafficControl,Trafficcontrol Description,WZLawEnforcementPresent,WZLocation,WZLocation Description,WZType,WZType Description,WZWorkersPresent
Property Damage Crashes,CBPD0086007W,Bowie Police Department,Single Vehicle,Prince George's,Local,No,No,No,No,No,DRIFTWOOD RD (SB/L),582,MUNICIPAL ROAD,No,True,No,3/29/2025,No,Point,38.919750329,-76.757925885,BOWIE,101,16,03,No,14,,14:00,2025,Saturday,27,Curb,03,Median,7,,,,,,06,Non-Junction,01,Daylight,3/29/2025,2025-03-29,N,16.27,F,N,,,D4CD151C23801B906393A066315CFCCB2F18BC4605CF20696C45D9005CB4928C,MU,01,No,30,Fence,03,Median,01,Dry,,,,,,,,
Property Damage Crashes,DJ0184001C,Seat Pleasant Police Department,Front to Rear,Prince George's,Principal Arterial – Other,No,No,No,No,No,MARTIN LUTHER KING JR HWY (WB/L),704,MARYLAND ROUTE,No,True,No,5/14/2025,No,Point,38.896327951,-76.907036207,SEATPLEASANT,03,16,03,No,15,,15:37,2025,Wednesday,12,Motor Vehicle In Transport,05,On Roadway,3,,,,,,06,Non-Junction,01,Daylight,5/14/2025,2025-05-14,E,34.95,F,N,,,E335D6D2E0548215955301B1338240D699844F4C182577129BA4291DE51C91E7,MD,01,No,,,,,01,Dry,,,,,,,,
Property Damage Crashes,DA3198003K,Prince George's County Police,Front to Rear,Prince George's,Principal Arterial – Other Freeways and Expressways,No,No,No,No,No,INDIAN HEAD HWY,210,MARYLAND ROUTE,No,True,No,1/1/2025,No,Point,38.744724020,-76.992246212,PGCOPD,03,16,03,No,21,,21:51,2025,Wednesday,12,Motor Vehicle In Transport,05,On Roadway,2,,,,,,06,Non-Junction,04,Dark - Not Lighted,1/1/2025,2025-01-01,N,304.09,F,N,,,E1C204AD11196FC5612098DC26456A74A5A7B2F6FF5E9EC0D915F472489F83AD,MD,01,No,12,Motor Vehicle In Transport,05,On Roadway,01,Dry,,,,,,,,
Property Damage Crashes,MSP726800HR,Maryland State Police,Front to Rear,Prince George's,Interstate,No,No,No,No,No,CAPITAL BELTWAY (SB LOCAL),95,INTERSTATE ROUTE,No,True,No,5/25/2025,No,Point,38.793104717,-77.0285321,MSP,03,16,03,No,16,,16:39,2025,Sunday,12,Motor Vehicle In Transport,05,On Roadway,1,,,,,,06,Non-Junction,01,Daylight,5/25/2025,2025-05-25,E,33.39,F,N,,,324AD95E6393B46570BE81AB860E49BED8FEA2E5CF76B73AC9636542F0288F90,IS,01,No,12,Motor Vehicle In Transport,05,On Roadway,01,Dry,,,,,,,,
Property Damage Crashes,MSP7664008L,Maryland State Police,Front to Rear,Prince George's,Principal Arterial – Other,No,No,No,No,No,CRAIN HWY,301,UNITED STATE ROUTE,No,True,No,1/29/2025,No,Point,38.856150919,-76.725563135,MSP,03,16,03,No,8,,08:20,2025,Wednesday,12,Motor Vehicle In Transport,05,On Roadway,3,,,,,,09,Through Roadway,01,Daylight,1/29/2025,2025-01-29,S,18.46,F,N,,,590E43B3562FB45D18FF6556FD941ACE25EA494079DDE043920ACCF4D363EAF2,US,01,No,,,,,01,Dry,,,,,,,,
Property Damage Crashes,AM0388002V,Bladensburg Police Department,Other,Prince George's,Major Collector,No,No,No,No,No,TANGLEWOOD DR,100,MUNICIPAL ROAD,No,True,No,4/2/2025,No,Point,38.943868746,-76.941061327,BLADENSBURG,98,16,03,No,15,,15:49,2025,Wednesday,12,Motor Vehicle In Transport,05,On Roadway,5,,,,BALTIMORE AVE,,01,Acceleration/Deceleration Lane,01,Daylight,4/2/2025,2025-04-02,W,0.48,F,N,,,0344DF02E4C05B50390EDC9AFD7982118FE1E3A9F03822CAE5A2CFD23CBC5AC0,MU,01,No,,,,,01,Dry,,,,,,,,
Injury Crashes,GC9351002X,Glenarden Police Department,Other,Prince George's,Local,No,Yes,No,No,No,GLENARDEN PKWY,140,MUNICIPAL ROAD,No,True,No,2/27/2025,No,Point,38.932583770,-76.866938413,GLENARDEN,98,16,02,No,18,,18:35,2025,Thursday,12,Motor Vehicle In Transport,05,On Roadway,7,,,,,,99,Unknown,01,Daylight,2/27/2025,2025-02-27,E,14.29,F,N,,,5E3B8EEDD9DDF9196C39167BC8EE0F5EDF80BA15F9450A818A0E15FB581235CB,MU,01,No,,,,,01,Dry,,,,,,,,
Property Damage Crashes,DA3706005Q,Prince George's County Police,Front to Rear,Prince George's,Minor Arterial,No,No,No,No,No,ANNAPOLIS RD,450,MARYLAND ROUTE,No,True,No,4/25/2025,No,Point,38.963755838,-76.857049518,PGCOPD,03,16,03,No,16,,16:00,2025,Friday,12,Motor Vehicle In Transport,05,On Roadway,4,,,,,,09,Through Roadway,01,Daylight,4/25/2025,2025-04-25,S,24.8,F,N,,,C605563FEF6B9AA209C55546B45712E2F6469707FE068D1A3B6FB255FE9AE7D8,MD,01,No,,,,,01,Dry,,,,,,,,
Injury Crashes,MSP745000JM,Maryland State Police,Front to Rear,Prince George's,Interstate,Yes,No,No,No,No,JOHN HANSON HWY (WB/L),595,INTERSTATE ROUTE,No,True,No,4/5/2025,No,Point,38.955741016,-76.699742278,MSP,03,16,02,No,22,,22:37,2025,Saturday,12,Motor Vehicle In Transport,05,On Roadway,1,,,,,,09,Through Roadway,04,Dark - Not Lighted,4/5/2025,2025-04-05,E,17.63,F,N,,,E3CAF60576AC5408D116C88330DC7260409B93B96E7A78FF32CEEF24A391E4C5,IS,01,No,97,Not Applicable,,,01,Dry,,,,,,,,
Property Damage Crashes,CE46440037,Laurel Police Department,Single Vehicle,Prince George's,,No,No,No,No,Yes,,,,Yes,True,No,5/16/2025,No,Point,39.078665889,-76.871985450,LAUREL,101,16,03,,9,,09:03,2025,Friday,07,Overturn/Rollover,05,On Roadway,,,,,,,,,01,Daylight,5/16/2025,2025-05-16,,,F,N,102,Parking Lot Way,,,01,No,,,,,,,,,,,,,,
Property Damage Crashes,MSP726800GQ,Maryland State Police,Single Vehicle,Prince George's,Interstate,No,No,No,No,No,RAMP 19 FR RAMP 16 TO RAMP 1,95,RAMP,No,True,No,1/1/2025,No,Point,38.792846667,-77.012795,MSP,101,16,03,No,1,,01:12,2025,Wednesday,27,Curb,09,Roadside,1,,,,,,06,Non-Junction,03,Dark - Lighted,1/1/2025,2025-01-01,E,35.94,F,N,,,75631980A6AF6FF15F17E7D4F4EC2A210903FD7BF326D1E7B9C997ECBD98B27B,RP,01,No,,,,,09,Wet,,,,,,,,
Property Damage Crashes,DA36840079,Prince George's County Police,Single Vehicle,Prince George's,Principal Arterial – Other Freeways and Expressways,No,Yes,No,No,No,INDIAN HEAD HWY,210,MARYLAND ROUTE,No,True,No,6/4/2025,No,Point,38.699950913,-76.986467929,PGCOPD,101,16,03,No,8,,08:50,2025,Wednesday,32,Guardrail Face,03,Median,2,,,,,,06,Non-Junction,01,Daylight,6/4/2025,2025-06-04,N,14.01,F,N,,,417797E2E6C16297FE1F273D87385736B89F9E7C378B28D24FCFBB5ABC888CB0,MD,01,No,,,,,01,Dry,,,,,,,,
Injury Crashes,RD01380001,Riverdale Park Police Department,Single Vehicle,Prince George's,Local,No,No,No,No,No,TAYLOR RD,280,MUNICIPAL ROAD,No,True,No,4/6/2025,No,Point,38.962472920,-76.929241576,RIVERDALE,101,16,02,Yes,5,04,05:00,2025,Sunday,32,Guardrail Face,09,Roadside,7,Perpendicular,101,State,EAST WEST HWY (WB/L),03,05,Intersection or Related,03,Dark - Lighted,4/6/2025,2025-04-06,N,0,F,N,,,6297F78F650F0F68B55E46A857797F186CC2B8DA9158A9379B7F1BB97657693A,MU,01,No,97,Not Applicable,,,01,Dry,01,Signalized,,,,,,
Property Damage Crashes,DA29790033,Prince George's County Police,Single Vehicle,Prince George's,Principal Arterial – Other Freeways and Expressways,No,No,No,No,No,INDIAN HEAD HWY,210,MARYLAND ROUTE,No,True,No,6/6/2025,No,Point,38.725679614,-76.989924588,PGCOPD,101,16,03,Yes,16,,16:00,2025,Friday,07,Overturn/Rollover,05,On Roadway,2,,,,,,09,Through Roadway,01,Daylight,6/6/2025,2025-06-06,S,18.82,F,N,,,2D384283471D92C188CB839C09483B453131E314E507A542DF96227C21C724FF,MD,01,No,,,,,01,Dry,,,,,,,,
Property Damage Crashes,DA368800DL,Prince George's County Police,"Sideswipe, Same Direction",Prince George's,Minor Arterial,No,No,No,No,No,LAUREL BOWIE RD,197,MARYLAND ROUTE,Yes,True,No,5/1/2025,No,Point,39.054821729,-76.837981331,PGCOPD,07,16,03,No,11,02,11:30,2025,Thursday,12,Motor Vehicle In Transport,05,On Roadway,4,Perpendicular,,,,03,05,Intersection or Related,01,Daylight,5/1/2025,2025-05-01,N,0,F,N,,,3D2BCF7CBAA8E3B62949F7D9FC130235707311F5C53C27461D7D3A313F5CBD59,MD,01,No,,,,,01,Dry,05,No Controls,,,,,,
Injury Crashes,MSP7776005L,Maryland State Police,Front to Rear,Prince George's,Interstate,No,No,No,No,No,NO NAME (SB/L),95,INTERSTATE ROUTE,No,True,No,3/29/2025,No,Point,39.061306667,-76.920580938,MSP,03,16,02,No,15,,15:15,2025,Saturday,12,Motor Vehicle In Transport,05,On Roadway,1,,,,,,06,Non-Junction,01,Daylight,3/29/2025,2025-03-29,W,29.42,F,N,,,25D08E1DC9E3088A3531FEE85DC8AA30275C3F71E5CD93E6ABB27A87435A0637,IS,01,No,,,,,01,Dry,,,,,,,,
Injury Crashes,MSP7765007Q,Maryland State Police,Single Vehicle,Prince George's,Interstate,No,No,No,No,No,CAPITAL BELTWAY (SB/L),95,INTERSTATE ROUTE,No,True,No,4/28/2025,No,Point,38.814978167,-76.9555915,MSP,101,16,02,No,14,,14:17,2025,Monday,32,Guardrail Face,03,Median,1,,101,State,,,09,Through Roadway,01,Daylight,4/28/2025,2025-04-28,N,50.36,F,N,,,E49B1641922AE428281AA8D76C761C34BF99F6CC767C6C626EACE90184F8A5D7,IS,01,No,07,Overturn/Rollover,03,Median,01,Dry,,,,,,,,
Injury Crashes,CE4573003S,Laurel Police Department,Front to Front,Prince George's,Principal Arterial – Other,No,No,No,No,No,SECOND ST,1,UNITED STATE ROUTE,No,True,No,2/21/2025,No,Point,39.096984583,-76.849468022,LAUREL,02,16,02,No,15,,15:44,2025,Friday,12,Motor Vehicle In Transport,05,On Roadway,3,,,,,,06,Non-Junction,01,Daylight,2/21/2025,2025-02-21,N,15.81,F,N,,,F87841EE00766812D54AA10D64B67858AE4BCAD3E35B111402CA8D314F6C31ED,US,01,No,,,,,01,Dry,,,,,,,,
Property Damage Crashes,DA389000RQ,Prince George's County Police,"Sideswipe, Same Direction",Prince George's,,No,No,No,No,No,,3523,COUNTY ROAD,No,True,No,1/29/2025,No,Point,39.051203661,-76.936630752,PGCOPD,07,16,03,Yes,11,05,11:30,2025,Wednesday,12,Motor Vehicle In Transport,05,On Roadway,,Perpendicular,,,CALVERTON BLVD,03,05,Intersection or Related,01,Daylight,1/29/2025,2025-01-29,N,0,F,N,,,763E716244C6CFA22F27565FA586E348549D27AC9E2BD27ADE0A3427C56AE2D8,CO,01,No,,,,,01,Dry,01,Signalized,,,,,,
Property Damage Crashes,MSP744700NB,Maryland State Police,Front to Rear,Prince George's,Principal Arterial – Other,Yes,No,No,No,No,BRANCH AVE (SB/L),5,MARYLAND ROUTE,No,True,No,3/19/2025,No,Point,38.804744906,-76.905898669,MSP,03,16,03,No,22,,22:24,2025,Wednesday,12,Motor Vehicle In Transport,05,On Roadway,3,,,,,,06,Non-Junction,04,Dark - Not Lighted,3/19/2025,2025-03-19,S,19.34,F,N,,,EEA41E8F0F3CF1230CC4E458083F98410668DAF74C58CD0EFB09B48EF698271B,MD,01,No,,,,,01,Dry,,,,,,,,
Property Damage Crashes,DA4410000R,Prince George's County Police,Angle,Prince George's,Local,No,Yes,No,No,No,CROSBY RD,770,COUNTY ROAD,No,True,No,2/13/2025,No,Point,38.977853657,-76.978478945,PGCOPD,01,16,03,No,1,02,01:27,2025,Thursday,12,Motor Vehicle In Transport,05,On Roadway,7,Perpendicular,,,RIGGS RD (SB/L),03,05,Intersection or Related,03,Dark - Lighted,2/13/2025,2025-02-13,S,0,F,N,,,D8E3134B8DA3A4AF0B2E29A895A099E7B0618280FE48B7863FB7D1DC8CA1F64E,CO,01,No,,,,,09,Wet,03,Stop - Partial,,,,,,
Property Damage Crashes,MSP743900MR,Maryland State Police,Front to Rear,Prince George's,Principal Arterial – Other,No,No,No,No,No,,1,UNITED STATE ROUTE,No,True,No,3/15/2025,No,Point,39.087291667,-76.860106667,MSP,03,16,03,No,16,,16:33,2025,Saturday,12,Motor Vehicle In Transport,05,On Roadway,3,,,,MULBERRY ST,,09,Through Roadway,01,Daylight,3/15/2025,2025-03-15,N,72.4,F,N,,,484550C0E5BE32E8133B9E46586FC7CD1DCDBAC78B7541A7B8FB94F9382B33DA,US,01,No,,,,,01,Dry,,,,,,,,
Injury Crashes,MSP7872001S,Maryland State Police,Single Vehicle,Prince George's,Interstate,No,No,No,No,No,CAPITAL BELTWAY (SB/L),95,INTERSTATE ROUTE,Yes,True,No,1/30/2025,No,Point,38.817908663,-76.946605498,MSP,101,16,02,No,15,,15:52,2025,Thursday,07,Overturn/Rollover,03,Median,1,,,,,,09,Through Roadway,01,Daylight,1/30/2025,2025-01-30,E,32.63,F,N,,,69FBD106FD164069A225B4389E7E9ECB37B67B0B11E09D2EE8B8E5C57B5F30F4,IS,01,No,,,,,01,Dry,,,,,,,,
Property Damage Crashes,DA4342003V,Prince George's County Police,Angle,Prince George's,Major Collector,No,No,No,No,No,HAMPTON PARK BLVD,4475,COUNTY ROAD,No,True,No,1/22/2025,No,Point,38.871652787,-76.850492282,PGCOPD,01,16,03,No,14,,14:33,2025,Wednesday,12,Motor Vehicle In Transport,05,On Roadway,5,,,,,,09,Through Roadway,01,Daylight,1/22/2025,2025-01-22,S,41.49,F,N,,,6559E2B635DDDE1C2CAB409B4CAB1EBE2A3ADF11E36878CC0C950CD2AF063C10,CO,01,No,,,,,01,Dry,,,,,,,,
Property Damage Crashes,MSP744700PD,Maryland State Police,"Sideswipe, Same Direction",Prince George's,Interstate,No,No,No,No,No,CAPITAL BELTWAY (SB/L),95,INTERSTATE ROUTE,No,True,No,5/9/2025,No,Point,38.918215,-76.852008333,MSP,07,16,03,No,17,,17:56,2025,Friday,12,Motor Vehicle In Transport,05,On Roadway,1,,,,,,06,Non-Junction,01,Daylight,5/9/2025,2025-05-09,W,33.36,F,N,,,CEAD967A80502D27F3EF4A10397B94AA087B72E2565FF89DFFF353472501C20D,IS,01,No,,,,,01,Dry,,,,,,,,
Property Damage Crashes,DA3372004B,Prince George's County Police,Angle,Prince George's,Interstate,No,No,No,No,No,RAMP 6 FR IS 95 EB TO MD 414 SB,95,RAMP,No,True,No,4/26/2025,No,Point,38.805982127,-76.973460142,PGCOPD,01,16,03,No,6,02,06:31,2025,Saturday,12,Motor Vehicle In Transport,03,Median,1,Angled/Skewed,,,ST BARNABAS RD (WB/L),01,05,Intersection or Related,01,Daylight,4/26/2025,2025-04-26,S,0,F,N,,,1630D391551C48AF3B81B8788BA236FC251D8234AC44FA9D1A59E1DC92BF6662,RP,01,No,27,Curb,03,Median,09,Wet,01,Signalized,,,,,,
Property Damage Crashes,DA3120005S,Prince George's County Police,Single Vehicle,Prince George's,,No,No,No,No,No,,3853,COUNTY ROAD,No,True,No,5/28/2025,No,Point,38.678896746,-76.894750873,PGCOPD,101,16,03,No,22,,22:44,2025,Wednesday,40,Tree (standing),05,On Roadway,,,,,,,09,Through Roadway,04,Dark - Not Lighted,5/28/2025,2025-05-28,N,25.95,F,N,,,B684701BA3DACB0E5E645CA4ADB4C0DED35B5DACDADB3411DD01E0F41B4A80A1,CO,01,No,,,,,09,Wet,,,,,,,,
Property Damage Crashes,DA4363000W,Prince George's County Police,Single Vehicle,Prince George's,Principal Arterial – Other,No,No,No,No,No,GREENBELT RD,193,MARYLAND ROUTE,No,True,No,3/27/2025,No,Point,38.990732116,-76.827905352,PGCOPD,101,16,03,No,7,,07:46,2025,Thursday,27,Curb,09,Roadside,3,,100,Local,,,09,Through Roadway,01,Daylight,3/27/2025,2025-03-27,S,6.6,F,N,,,A0F618D3FEA13A902F21CE88598FDBC6B0E6B6D1A45EE1C67DC180F9204BB40C,MD,01,No,41,Utility Pole/Light Support,03,Median,01,Dry,,,,,,,,
Property Damage Crashes,DA4425000F,Prince George's County Police,"Sideswipe, Same Direction",Prince George's,Minor Arterial,No,Yes,No,No,No,GARRETT A MORGAN BLVD,5730,COUNTY ROAD,Yes,True,No,4/8/2025,No,Point,38.892012684,-76.864409673,PGCOPD,07,16,03,No,20,,20:07,2025,Tuesday,12,Motor Vehicle In Transport,05,On Roadway,4,,,,,,99,Unknown,01,Daylight,4/8/2025,2025-04-08,S,48.07,F,N,,,0857989B18C18BC306E93CB7F1567F0555649267219403EC0AFC6582C0E3DCBE,CO,02,"Yes, School Bus Directly Involved",,,,,01,Dry,,,,,,,,
Injury Crashes,DA3377005B,Prince George's County Police,Front to Front,Prince George's,Local,No,No,No,No,No,KYDAN CT,6145,COUNTY ROAD,No,True,No,2/17/2025,No,Point,38.693627032,-76.900044595,PGCOPD,02,16,02,No,20,,20:14,2025,Monday,15,Parked Vehicle,07,"On Shoulder, Right Side",7,,,,,,06,Non-Junction,03,Dark - Lighted,2/17/2025,2025-02-17,N,34.57,F,N,,,A31E4A580FE59023CEE4A744C8601C21AA16AC24952CE9A5517102E0BAA5C54A,CO,01,No,34,Mailbox,04,"Off-Roadway, Location Unknown",01,Dry,,,,,,,,
Property Damage Crashes,MSP745800PX,Maryland State Police,Front to Rear,Prince George's,Interstate,No,No,No,No,No,CAPITAL BELTWAY (SB/L),95,INTERSTATE ROUTE,No,True,No,2/26/2025,No,Point,38.798238333,-77.008781667,MSP,03,16,03,No,5,,05:51,2025,Wednesday,12,Motor Vehicle In Transport,05,On Roadway,1,,,,,,01,Acceleration/Deceleration Lane,98,Other,2/26/2025,2025-02-26,N,17.71,F,N,,,7C0CAB924FE07D89FF0152F7303166964B15F1178BBB1CCECB68CA40C73DE598,IS,01,No,,,,,01,Dry,,,,,,,,
Property Damage Crashes,DA4354002Z,Prince George's County Police,Unknown,Prince George's,Local,No,No,No,No,No,KENNEDY ST,1577,COUNTY ROAD,No,True,No,1/9/2025,No,Point,38.954058355,-76.911546296,PGCOPD,99,16,03,No,13,,13:00,2025,Thursday,15,Parked Vehicle,09,Roadside,7,,,,,,08,Shared-Use Path or Trail,01,Daylight,1/9/2025,2025-01-09,W,26.65,F,N,,,2015D7C63CB6D6683819BD714E90D5AC4018D0D93E81FC8D3193B1DE44D9131C,CO,01,No,12,Motor Vehicle In Transport,05,On Roadway,02,Ice/Frost,,,,,,,,
Property Damage Crashes,DA3985004R,Prince George's County Police,Front to Rear,Prince George's,Principal Arterial – Other,No,No,No,No,No,WOODYARD RD (SB/L),223,MARYLAND ROUTE,No,True,No,3/2/2025,No,Point,38.810481205,-76.824606102,PGCOPD,03,16,03,No,21,,21:58,2025,Sunday,12,Motor Vehicle In Transport,05,On Roadway,3,,,,,,06,Non-Junction,04,Dark - Not Lighted,3/2/2025,2025-03-02,N,31.3,F,N,,,2B08487FBA976964F4CE4E306A6D405E2870B1118C656391DAA08705AAE82625,MD,01,No,,,,,01,Dry,,,,,,,,
Property Damage Crashes,DA37060057,Prince George's County Police,Front to Rear,Prince George's,Principal Arterial – Other,No,No,No,No,No,GREENBELT RD,193,MARYLAND ROUTE,No,True,No,3/1/2025,No,Point,38.990736184,-76.835407817,PGCOPD,03,16,03,No,10,,10:20,2025,Saturday,12,Motor Vehicle In Transport,05,On Roadway,3,,,,,,04,Entrance/Exit Ramp or Related,01,Daylight,3/1/2025,2025-03-01,E,38.19,F,N,,,04EBB3BE8F99700694398901FCCF387B38731480EB474DF7CEDE1033BF77310F,MD,01,No,,,,,01,Dry,,,,,,,,
Property Damage Crashes,MSP78710024,Maryland State Police,Front to Front,Prince George's,Principal Arterial – Other,No,No,No,No,No,,1,UNITED STATE ROUTE,No,True,No,2/15/2025,No,Point,39.033327167,-76.9096,MSP,02,16,03,No,20,,20:39,2025,Saturday,12,Motor Vehicle In Transport,05,On Roadway,3,,,,,,09,Through Roadway,03,Dark - Lighted,2/15/2025,2025-02-15,N,26.62,F,N,,,491D6B73C0E18A6510FF13046C651F5EAD7AA999EA33EEB2F16850940A70A344,US,01,No,,,,,09,Wet,,,,,,,,
Property Damage Crashes,DA4420001F,Prince George's County Police,"Sideswipe, Opposite Direction",Prince George's,,No,No,No,No,Yes,,,,No,True,No,5/3/2025,No,Point,39.061711055,-76.843195249,PGCOPD,06,16,03,,6,,06:30,2025,Saturday,12,Motor Vehicle In Transport,04,"Off-Roadway, Location Unknown",,,,,,,,,01,Daylight,5/3/2025,2025-05-03,,,F,N,102,Parking Lot Way,,,01,No,,,,,,,,,,,,,,
Property Damage Crashes,DA391000BX,Prince George's County Police,"Sideswipe, Same Direction",Prince George's,Major Collector,No,No,No,No,No,MERRIMAC DR,668,COUNTY ROAD,No,True,No,4/29/2025,No,Point,38.992414054,-76.982610518,PGCOPD,07,16,03,No,21,,21:30,2025,Tuesday,15,Parked Vehicle,09,Roadside,5,,,,,,09,Through Roadway,04,Dark - Not Lighted,4/29/2025,2025-04-29,E,18.86,F,N,,,919CCB03431FE170FC5A210C35A8836D29451D37E35286E19CA519E0779A24B3,CO,01,No,,,,,01,Dry,,,,,,,,
Property Damage Crashes,DA43310035,Prince George's County Police,"Sideswipe, Same Direction",Prince George's,Local,No,No,No,No,No,69TH PL,627,COUNTY ROAD,No,True,No,3/24/2025,No,Point,38.947206737,-76.898266816,PGCOPD,07,16,03,No,20,,20:36,2025,Monday,15,Parked Vehicle,07,"On Shoulder, Right Side",7,,,,,,06,Non-Junction,04,Dark - Not Lighted,3/24/2025,2025-03-24,N,2.27,F,N,,,1F4757EC8B284172AB09521393B7DAF3FDF0D1DBFA9241F69ECB633AF1644C2D,CO,01,No,,,,,09,Wet,,,,,,,,
Property Damage Crashes,DA392000CL,Prince George's County Police,Other,Prince George's,Local,No,No,No,No,No,56TH AVE,506,COUNTY ROAD,No,True,No,5/24/2025,No,Point,38.937398708,-76.922113450,PGCOPD,98,16,03,Yes,14,02,14:04,2025,Saturday,12,Motor Vehicle In Transport,05,On Roadway,7,Perpendicular,,,LANDOVER RD,03,05,Intersection or Related,01,Daylight,5/24/2025,2025-05-24,S,0,F,N,,,A4335645ECA153DC8ABC6B95BA76D6454186FEE5AFCCE31BE0832A1555EC01CD,CO,01,No,,,,,01,Dry,02,Stop - All Way,,,,,,
Property Damage Crashes,DA4386001S,Prince George's County Police,Front to Rear,Prince George's,Minor Arterial,No,Yes,No,No,No,FORESTVILLE RD,483,COUNTY ROAD,No,True,No,3/19/2025,No,Point,38.834393947,-76.876079740,PGCOPD,03,16,03,No,9,,09:00,2025,Wednesday,12,Motor Vehicle In Transport,05,On Roadway,4,,,,,,09,Through Roadway,01,Daylight,3/19/2025,2025-03-19,S,34.31,F,N,,,F5005EBC87A1D2C0CF3F177E6CED3871C37260FDFB81770FB0AD5F87ADB718A8,CO,02,"Yes, School Bus Directly Involved",,,,,01,Dry,,,,,,,,
Property Damage Crashes,MSP6931014D,Maryland State Police,Front to Rear,Prince George's,Principal Arterial – Other Freeways and Expressways,No,No,No,No,No,BRANCH AVE,5,MARYLAND ROUTE,No,True,No,4/25/2025,No,Point,38.815005994,-76.914094127,MSP,03,16,03,No,20,,20:46,2025,Friday,12,Motor Vehicle In Transport,05,On Roadway,2,,,,,,06,Non-Junction,03,Dark - Lighted,4/25/2025,2025-04-25,N,15.93,F,N,,,DF14FBF19406343AC45C2498B1F3B2EED00D3050C7106367D46DCCB8857AF203,MD,01,No,,,,,01,Dry,,,,,,,,
Injury Crashes,DA42760071,Prince George's County Police,Front to Front,Prince George's,Major Collector,No,No,No,No,No,COLUMBIA PARK RD,3668,COUNTY ROAD,No,True,No,1/17/2025,No,Point,38.916947892,-76.906148840,PGCOPD,02,16,02,No,4,,04:42,2025,Friday,12,Motor Vehicle In Transport,05,On Roadway,5,,,,,,06,Non-Junction,03,Dark - Lighted,1/17/2025,2025-01-17,N,36.31,F,N,,,7A00588D54FDDE0718327F2B10DE666910D7EB15CC50F4F3FA2FAFA0D61AD668,CO,01,No,,,,,01,Dry,,,,,,,,
Property Damage Crashes,MSP718600L6,Maryland State Police,Front to Rear,Prince George's,Interstate,No,No,No,No,No,CAPITAL BELTWAY,95,INTERSTATE ROUTE,No,True,No,5/22/2025,No,Point,38.93877,-76.855741667,MSP,03,16,03,No,10,,10:21,2025,Thursday,12,Motor Vehicle In Transport,05,On Roadway,1,,,,,,01,Acceleration/Deceleration Lane,01,Daylight,5/22/2025,2025-05-22,E,44.94,F,N,,,6F04CD374FB320E052277F7ECCE913ABA74AEF1108A5816DB530A4BCC5E8C1B8,IS,01,No,,,,,09,Wet,,,,,,,,
Property Damage Crashes,DA4366002K,Prince George's County Police,Front to Rear,Prince George's,Principal Arterial – Other,No,No,No,No,No,MARTIN LUTHER KING JR HWY (WB/L),704,MARYLAND ROUTE,Yes,True,No,5/20/2025,No,Point,38.930640214,-76.870051204,PGCOPD,03,16,03,No,9,,09:30,2025,Tuesday,12,Motor Vehicle In Transport,05,On Roadway,3,,,,,,09,Through Roadway,01,Daylight,5/20/2025,2025-05-20,E,19.6,F,N,,,1A40C36BBA93FE103C359ADB6F2D5498D9BD9DC4A03FB559ED46D01F73F90503,MD,01,No,,,,,01,Dry,,,,,,,,
Property Damage Crashes,DA364800CF,Prince George's County Police,Single Vehicle,Prince George's,Principal Arterial – Other,No,No,No,No,No,MARLBORO PIKE,725,MARYLAND ROUTE,No,True,No,3/23/2025,No,Point,38.823006766,-76.741403267,PGCOPD,101,16,03,No,5,,05:20,2025,Sunday,40,Tree (standing),04,"Off-Roadway, Location Unknown",3,,,,,,09,Through Roadway,03,Dark - Lighted,3/23/2025,2025-03-23,S,13.65,F,N,,,3E2801AF4D3F63B7F95A76317A4BDF2B9B3E05E2D05C2A1A24C4018CDE453ED9,MD,01,No,,,,,01,Dry,,,,,,,,
Property Damage Crashes,DA4417000W,Prince George's County Police,Front to Front,Prince George's,,No,No,No,No,Yes,,,,No,True,No,4/24/2025,No,Point,38.791129762,-76.956432053,PGCOPD,02,16,03,,2,,02:48,2025,Thursday,12,Motor Vehicle In Transport,02,In Parking Lane Or Zone,,,,,,,,,03,Dark - Lighted,4/24/2025,2025-04-24,,,F,N,100,Parking Stall,,,01,No,,,,,,,,,,,,,,