Crash Severity Description,Reportnumber,Agencyname,CollisionImpact Description,Crash County Description,FunctionalClass Description,ImpairedCrash,Large Vehicle Involved,Motorcycle Crash,Non-Motorist Crash,OffRoad,RoadName,Route Number,RouteType Description,Unrestrained Occupants,WithinDateRange,Work Zone Related,Crashdate,Work Zone Crash,CrashPoint,Latitude,Longitude,AgencyCode,CollisionImpact,Crash County,Crash Severity,Crash Within Interchange,Crashhour,CrashInterchangeApproaches,Crashtime,CrashYear,Dayofweek,FirstHarmEvent,FirstHarmEvent Description,FirstHarmLocation,FirstHarmLocation Description,FunctionalClass,Geometry Description,GovPropertyDamage,GovPropertyDamage Description,IntersectingRoadName,Intersection Geometry,JunctionRelated,JunctionRelated Description,Light,Light Description,LOD Crash Date,LOD Date Level,MilepointDirection,MilepointDistance,MilepointUnits,NonTrafficFatal,OffroadLocation,OffroadLocation Description,RoadID,RouteType,SchoolBusRelated,SchoolBusRelated Description,SecondHarmEvent,SecondHarmEvent Description,SecondHarmLocation,SecondHarmLocation Description,Surface,Surface Description,TrafficControl,Trafficcontrol Description,WZLawEnforcementPresent,WZLocation,WZLocation Description,WZType,WZType Description,WZWorkersPresent
Property Damage Crashes,CNC31740052,New Carrollton Police Department,Front to Rear,Prince George's,Minor Arterial,No,No,No,No,No,ANNAPOLIS RD,450,MARYLAND ROUTE,Yes,True,No,5/10/2025,No,Point,38.956090781,-76.872057041,NCPD,03,16,03,No,18,,18:24,2025,Saturday,12,Motor Vehicle In Transport,05,On Roadway,4,,,,,,09,Through Roadway,01,Daylight,5/10/2025,2025-05-10,W,16.63,F,N,,,F024356AEEC51B9FBF1AACBA5B8B486896911B7133CCD0D99A6A581F81BC6A83,MD,01,No,,,,,01,Dry,,,,,,,,
Property Damage Crashes,DA42730061,Prince George's County Police,"Sideswipe, Same Direction",Prince George's,Minor Arterial,No,No,No,No,No,ADELPHI RD,232,COUNTY ROAD,No,True,No,5/20/2025,No,Point,39.002449400,-76.965634126,PGCOPD,07,16,03,No,14,,14:48,2025,Tuesday,12,Motor Vehicle In Transport,05,On Roadway,4,,,,METZEROTT RD,,09,Through Roadway,01,Daylight,5/20/2025,2025-05-20,N,5.8,F,N,,,25E95C36D5E0858FD28EA24A0CA6B223D2FE8301AA5929CFC232D3F5ACDDC788,CO,01,No,12,Motor Vehicle In Transport,05,On Roadway,01,Dry,,,,,,,,
Property Damage Crashes,CC0287005G,Hyattsville Police Department,Front to Rear,Prince George's,Local,No,No,No,No,No,GUMWOOD DR,133,MUNICIPAL ROAD,No,True,No,2/11/2025,No,Point,38.979262229,-76.961072334,HYATTSVILLE,03,16,03,No,8,,08:23,2025,Tuesday,15,Parked Vehicle,09,Roadside,7,,,,,,06,Non-Junction,01,Daylight,2/11/2025,2025-02-11,S,7.23,F,N,,,484783137A55A97AE89C5134E7F98518753B3E807CCE8F6CC9C53C02047F7A0E,MU,01,No,,,,,01,Dry,,,,,,,,
Property Damage Crashes,DA3599005K,Prince George's County Police,"Sideswipe, Opposite Direction",Prince George's,Principal Arterial – Other Freeways and Expressways,No,No,No,No,No,EDMONSTON AVE (SB/L),201,MARYLAND ROUTE,No,True,No,5/26/2025,No,Point,39.031417903,-76.899662753,PGCOPD,06,16,03,No,7,04,07:41,2025,Monday,12,Motor Vehicle In Transport,05,On Roadway,2,Angled/Skewed,,,EDMONSTON RD POWDER MILL RD,01,05,Intersection or Related,01,Daylight,5/26/2025,2025-05-26,S,0,F,N,,,D258B4E43DD26EC62BC5E6A9004333EA637C15C6C957BE90CD1B8E450B23C254,MD,01,No,,,,,01,Dry,01,Signalized,,,,,,
Property Damage Crashes,MSP7770008L,Maryland State Police,Single Vehicle,Prince George's,Interstate,No,No,No,No,No,CAPITAL BELTWAY,95,INTERSTATE ROUTE,No,True,No,5/31/2025,No,Point,38.811576667,-76.962486667,MSP,101,16,03,No,23,,23:15,2025,Saturday,32,Guardrail Face,03,Median,1,,101,State,,,06,Non-Junction,03,Dark - Lighted,5/31/2025,2025-05-31,S,32.09,F,N,,,D7328FFBB452ABB75FF172717EB8B4F75ADCFA0B7B0F028FDBF93798237A0D47,IS,01,No,,,,,01,Dry,,,,,,,,
Property Damage Crashes,DA4361001R,Prince George's County Police,Angle,Prince George's,Interstate,No,No,No,No,No,RAMP 6 FR IS 95 EB TO MD 414 SB,95,RAMP,No,True,No,3/23/2025,No,Point,38.805965210,-76.973432205,PGCOPD,01,16,03,No,6,04,06:05,2025,Sunday,12,Motor Vehicle In Transport,05,On Roadway,1,Angled/Skewed,,,ST BARNABAS RD (WB/L),01,05,Intersection or Related,04,Dark - Not Lighted,3/23/2025,2025-03-23,W,0,F,N,,,1630D391551C48AF3B81B8788BA236FC251D8234AC44FA9D1A59E1DC92BF6662,RP,01,No,,,,,01,Dry,01,Signalized,,,,,,
Property Damage Crashes,RD0130004J,Riverdale Park Police Department,Front to Rear,Prince George's,Principal Arterial – Other,No,No,No,No,No,EAST WEST HWY (WB/L),410,MARYLAND ROUTE,No,True,No,1/30/2025,No,Point,38.961335162,-76.923704284,RIVERDALE,03,16,03,No,10,,10:03,2025,Thursday,12,Motor Vehicle In Transport,05,On Roadway,3,,,,,,09,Through Roadway,01,Daylight,1/30/2025,2025-01-30,E,55.03,F,N,,,43326060748C00F9AF3A9E04959597A6F25C40FB57794D4ABFA328D631F4BEED,MD,01,No,12,Motor Vehicle In Transport,05,On Roadway,01,Dry,,,,,,,,
Property Damage Crashes,DA404800H8,Prince George's County Police,"Sideswipe, Same Direction",Prince George's,Interstate,No,No,No,No,No,RAMP 6 FR IS 95 EB TO MD 414 SB,95,RAMP,No,True,No,4/26/2025,No,Point,38.805919538,-76.973516288,PGCOPD,07,16,03,No,19,04,19:10,2025,Saturday,12,Motor Vehicle In Transport,05,On Roadway,1,Perpendicular,,,ST BARNABAS RD,03,05,Intersection or Related,01,Daylight,4/26/2025,2025-04-26,E,0,F,N,,,5B9B93486099FE649D07C09EF8F8B27DAAFAFF777E1FF6851AE9153C0A4D71E6,RP,01,No,,,,,01,Dry,01,Signalized,,,,,,
Property Damage Crashes,DA333600G1,Prince George's County Police,Other,Prince George's,Local,Yes,No,No,No,No,RAMBLEWOOD AVE,2125,COUNTY ROAD,No,True,No,3/5/2025,No,Point,38.780581096,-76.909600022,PGCOPD,98,16,03,No,20,,20:38,2025,Wednesday,15,Parked Vehicle,05,On Roadway,7,,,,,,09,Through Roadway,03,Dark - Lighted,3/5/2025,2025-03-05,E,135.24,F,N,,,789515024F3E1EA8ECF5D253C204FB4EA19E0A0A090F6CF7366E243E6F0B53E5,CO,01,No,,,,,09,Wet,,,,,,,,
Property Damage Crashes,DA3594003J,Prince George's County Police,Front to Front,Prince George's,,No,No,No,No,Yes,,,,Yes,True,No,1/13/2025,No,Point,38.767728578,-76.991246344,PGCOPD,02,16,03,,8,,08:20,2025,Monday,12,Motor Vehicle In Transport,02,In Parking Lane Or Zone,,,,,,,,,01,Daylight,1/13/2025,2025-01-13,,,F,N,101,Parking Aisle,,,01,No,,,,,,,,,,,,,,
Property Damage Crashes,DA3973006F,Prince George's County Police,Front to Rear,Prince George's,,Yes,No,No,No,Yes,,,,No,True,No,3/14/2025,No,Point,38.971774890,-76.978532017,PGCOPD,03,16,03,,22,,22:27,2025,Friday,15,Parked Vehicle,02,In Parking Lane Or Zone,,,,,,,,,03,Dark - Lighted,3/14/2025,2025-03-14,,,F,N,102,Parking Lot Way,,,01,No,,,,,,,,,,,,,,
Property Damage Crashes,DA38540011,Prince George's County Police,Single Vehicle,Prince George's,Local,No,Yes,No,No,No,ORION LA,5861,COUNTY ROAD,No,True,No,5/27/2025,No,Point,38.846437804,-76.812796755,PGCOPD,101,16,03,Yes,1,04,01:40,2025,Tuesday,13,Other Non-Fixed Object,05,On Roadway,7,Perpendicular,,,RITCHIE MARLBORO RD,03,05,Intersection or Related,03,Dark - Lighted,5/27/2025,2025-05-27,W,0,F,N,,,DBF7073AE39569A7A442EC264A66D42BD68CE3A6426E76EC5B27481C8EF7DAFB,CO,01,No,,,,,01,Dry,03,Stop - Partial,,,,,,
Property Damage Crashes,MSP7871003Q,Maryland State Police,Front to Rear,Prince George's,Interstate,No,No,No,No,No,RAMP 3 FR IS 495 EB TO IS 95X NB,95,RAMP,No,True,No,4/28/2025,No,Point,39.019000801,-76.959606802,MSP,03,16,03,No,19,,19:04,2025,Monday,12,Motor Vehicle In Transport,05,On Roadway,1,,,,,,01,Acceleration/Deceleration Lane,01,Daylight,4/28/2025,2025-04-28,E,31.18,F,N,,,6078AF56EF80BEEE1ADE67B2FE8475834FF25C1523308CBE7DBC71099858627F,RP,01,No,,,,,01,Dry,,,,,,,,
Injury Crashes,DA4143008N,Prince George's County Police,Angle,Prince George's,,No,No,No,No,No,,988,PRIVATE ROAD,No,True,No,2/19/2025,No,Point,38.846672362,-76.883944321,PGCOPD,01,16,02,No,13,,13:00,2025,Wednesday,12,Motor Vehicle In Transport,05,On Roadway,,,,,,,09,Through Roadway,01,Daylight,2/19/2025,2025-02-19,W,21.62,F,N,,,B68E9070AAABA6806C17A2792A766AEE08806A50A8E759DA9AFC41ECD2F1BE4D,PV,01,No,,,,,01,Dry,,,,,,,,
Property Damage Crashes,DA338900BV,Prince George's County Police,Front to Rear,Prince George's,Principal Arterial – Other,No,No,No,No,No,SILVER HILL RD (SB/L),458,MARYLAND ROUTE,No,True,No,3/4/2025,No,Point,38.840904107,-76.942240351,PGCOPD,03,16,03,Yes,2,,02:57,2025,Tuesday,15,Parked Vehicle,05,On Roadway,3,,,,,,09,Through Roadway,03,Dark - Lighted,3/4/2025,2025-03-04,S,12.99,F,N,,,19A5F72165415415EC694936EDADC1E93403C3EBB1E39EF6F7A48C1AC02701D1,MD,01,No,,,,,01,Dry,,,,,,,,
Property Damage Crashes,MSP77010059,Maryland State Police,Front to Rear,Prince George's,Principal Arterial – Other Freeways and Expressways,No,No,No,No,No,BRANCH AVE,5,MARYLAND ROUTE,No,True,No,1/9/2025,No,Point,38.727644311,-76.881248590,MSP,03,16,03,No,16,,16:17,2025,Thursday,12,Motor Vehicle In Transport,05,On Roadway,2,,,,,,09,Through Roadway,01,Daylight,1/9/2025,2025-01-09,N,47.27,F,N,,,6F07F035B4BDFFB21954B4DD4685F8E1A490ABBA3CE3A911CEF4CCE263B3D58E,MD,01,No,,,,,01,Dry,,,,,,,,
Property Damage Crashes,DA4038007B,Prince George's County Police,Other,Prince George's,Local,No,No,No,No,No,MIMOSA AVE,1466,COUNTY ROAD,No,True,No,1/10/2025,No,Point,38.772440424,-76.891029563,PGCOPD,98,16,03,Yes,10,,10:30,2025,Friday,12,Motor Vehicle In Transport,05,On Roadway,7,,,,,,01,Acceleration/Deceleration Lane,01,Daylight,1/10/2025,2025-01-10,N,37.08,F,N,,,7409EFB631B5B8526480EA40F9C7A5EC643011E46CBCC99D4A8D20D75FD9CA3F,CO,01,No,,,,,02,Ice/Frost,,,,,,,,
Property Damage Crashes,CE5240002V,Laurel Police Department,Front to Rear,Prince George's,Principal Arterial – Other,No,No,No,No,No,FORT MEADE RD,198,MARYLAND ROUTE,No,True,No,3/19/2025,No,Point,39.095161485,-76.842123499,LAUREL,03,16,03,No,22,,22:49,2025,Wednesday,12,Motor Vehicle In Transport,05,On Roadway,3,,,,,,06,Non-Junction,03,Dark - Lighted,3/19/2025,2025-03-19,E,14.66,F,N,,,233462258956888045098E5D3927A8CC97A705D3550014D7F28E4B42D17FD9B5,MD,01,No,,,,,01,Dry,,,,,,,,
Property Damage Crashes,DA3413008V,Prince George's County Police,Front to Rear,Prince George's,,No,No,No,No,No,,558,COUNTY ROAD,No,True,No,1/16/2025,No,Point,38.781549382,-76.877903023,PGCOPD,03,16,03,No,21,,21:26,2025,Thursday,12,Motor Vehicle In Transport,99,Unknown,,,,,,,06,Non-Junction,03,Dark - Lighted,1/16/2025,2025-01-16,N,84.48,F,N,,,425C537C69FBE4AFDE43249356C9E9667BF4793E7E5BA93D7188AD7AFC742927,CO,01,No,,,,,09,Wet,,,,,,,,
Property Damage Crashes,DA4382001L,Prince George's County Police,Front to Front,Prince George's,Local,No,No,No,No,No,SWANN RD,1035,COUNTY ROAD,No,True,No,1/25/2025,No,Point,38.846445720,-76.926835069,PGCOPD,02,16,03,Yes,23,04,23:00,2025,Saturday,12,Motor Vehicle In Transport,05,On Roadway,7,Angled/Skewed,,,SILVER HILL RD,01,05,Intersection or Related,03,Dark - Lighted,1/25/2025,2025-01-25,S,0,F,N,,,B7769DD50727539BAEF61159F12A0258F38B8E7E1ACE028B060ED037D5FC1D56,CO,01,No,,,,,01,Dry,01,Signalized,,,,,,
Property Damage Crashes,DA43130032,Prince George's County Police,Front to Rear,Prince George's,Major Collector,No,No,No,No,No,BEECH RD,2606,COUNTY ROAD,No,True,No,2/11/2025,No,Point,38.8224923,-76.936006,PGCOPD,03,16,03,No,8,,08:09,2025,Tuesday,12,Motor Vehicle In Transport,05,On Roadway,5,,,,,,09,Through Roadway,01,Daylight,2/11/2025,2025-02-11,W,23.1,F,N,,,C3CE2F084C194209B605844791CCB8B6AC599491DB2D5EA455EF67F7589B5DA4,CO,01,No,,,,,01,Dry,,,,,,,,
Property Damage Crashes,DA3728009F,Prince George's County Police,Angle,Prince George's,Minor Arterial,No,No,No,No,No,WOODYARD RD,223,MARYLAND ROUTE,No,True,No,1/16/2025,No,Point,38.766412694,-76.891039934,PGCOPD,01,16,03,No,22,,22:12,2025,Thursday,12,Motor Vehicle In Transport,05,On Roadway,4,,,,,,06,Non-Junction,03,Dark - Lighted,1/16/2025,2025-01-16,N,86.95,F,N,,,AF11BF816AB09BBD68B7BC6D5D058C8B9C2AB92E312EAE1CED67BA6E831FAAF6,MD,01,No,,,,,09,Wet,,,,,,,,
Property Damage Crashes,MSP745800P5,Maryland State Police,"Sideswipe, Same Direction",Prince George's,Interstate,No,No,No,No,No,CAPITAL BELTWAY (SB/L),95,INTERSTATE ROUTE,No,True,No,2/3/2025,No,Point,38.900950155,-76.850665865,MSP,07,16,03,No,5,,05:48,2025,Monday,12,Motor Vehicle In Transport,05,On Roadway,1,,,,,,01,Acceleration/Deceleration Lane,03,Dark - Lighted,2/3/2025,2025-02-03,E,37.24,F,N,,,14D304644852D19AB5ADF8F172BA8F59A88FF75499BAF0DD85A3716AE2453D15,IS,01,No,,,,,01,Dry,,,,,,,,
Property Damage Crashes,DA4414000M,Prince George's County Police,Angle,Prince George's,Local,No,No,No,No,No,BLACKWATER RD,3630,COUNTY ROAD,No,True,No,4/23/2025,No,Point,38.711516604,-76.940104450,PGCOPD,01,16,03,Yes,18,,18:35,2025,Wednesday,12,Motor Vehicle In Transport,05,On Roadway,7,,,,THRIFT RD WINDBROOK DR,,09,Through Roadway,01,Daylight,4/23/2025,2025-04-23,W,33.86,F,N,,,925333FFB3827BE28182FC880ACC2FF7B815BB5A7567DB09B42108A3F4EB1F08,CO,01,No,,,,,01,Dry,,,,,,,,
Property Damage Crashes,DA43980014,Prince George's County Police,Rear To Rear,Prince George's,Local,No,No,No,No,No,TIMBERCREST DR,4726,COUNTY ROAD,No,True,No,5/18/2025,No,Point,38.852470563,-76.864147632,PGCOPD,04,16,03,No,22,,22:09,2025,Sunday,12,Motor Vehicle In Transport,05,On Roadway,7,,,,,,06,Non-Junction,03,Dark - Lighted,5/18/2025,2025-05-18,S,13.81,F,N,,,EADBB211B777591853CB51F04FB4AC255D89B08E8B09AA423361614FF328AC33,CO,01,No,,,,,01,Dry,,,,,,,,
Property Damage Crashes,DA4421000Y,Prince George's County Police,Unknown,Prince George's,Minor Arterial,No,No,No,No,No,LIVINGSTON RD,1203,COUNTY ROAD,No,True,No,2/6/2025,No,Point,38.804832075,-76.990236618,PGCOPD,99,16,03,No,13,,13:28,2025,Thursday,35,"Other Fixed Object (wall, building, tunnel, etc.)",99,Unknown,4,,,,,,99,Unknown,01,Daylight,2/6/2025,2025-02-06,N,195.09,F,N,,,D84F93A709630C9124AEC18C1B67777A530AE4D24FCBCD286C2CD8E3FC21A10A,CO,01,No,,,,,09,Wet,,,,,,,,
Injury Crashes,DA387800CF,Prince George's County Police,Front to Rear,Prince George's,Minor Arterial,No,No,No,No,No,ANNAPOLIS RD (WB/L),450,MARYLAND ROUTE,No,True,No,2/9/2025,No,Point,38.965101784,-76.843463599,PGCOPD,03,16,02,No,12,,12:58,2025,Sunday,12,Motor Vehicle In Transport,05,On Roadway,4,,,,,,06,Non-Junction,01,Daylight,2/9/2025,2025-02-09,W,17.66,F,N,,,7D409DC6059AEE97E3B2BE2C05E9BF571C9EDA6662DE8294DEA2224EC3572AB0,MD,01,No,,,,,01,Dry,,,,,,,,
Property Damage Crashes,DA4176006R,Prince George's County Police,Front to Rear,Prince George's,Local,No,No,No,No,No,MILL BRANCH RD,104,COUNTY ROAD,Yes,True,No,4/8/2025,No,Point,38.934703755,-76.716226244,PGCOPD,03,16,03,Unknown,12,,12:05,2025,Tuesday,12,Motor Vehicle In Transport,99,Unknown,7,,,,,,99,Unknown,01,Daylight,4/8/2025,2025-04-08,N,30.78,F,N,,,05E517008ADEB244CF0FA531CA99C7C2192EB76AE1955FEF84FAA7C71C6FC61C,CO,01,No,97,Not Applicable,,,01,Dry,,,,,,,,
Property Damage Crashes,MSP766400BN,Maryland State Police,Front to Rear,Prince George's,Interstate,No,No,No,No,No,CAPITAL BELTWAY (SB/L),95,INTERSTATE ROUTE,No,True,No,5/7/2025,No,Point,38.921223974,-76.852938716,MSP,03,16,03,No,8,,08:45,2025,Wednesday,12,Motor Vehicle In Transport,05,On Roadway,1,,,,,,09,Through Roadway,01,Daylight,5/7/2025,2025-05-07,S,26.78,F,N,,,F2AF35D2B46D421B47A822495DEC70B755D990A3B0792E9A96F3013ED8908FAE,IS,01,No,12,Motor Vehicle In Transport,05,On Roadway,01,Dry,,,,,,,,
Property Damage Crashes,DA4057008K,Prince George's County Police,Front to Rear,Prince George's,Principal Arterial – Other,No,No,No,No,No,ANNAPOLIS RD (WB/L),450,MARYLAND ROUTE,No,True,No,1/26/2025,No,Point,38.956847136,-76.812787820,PGCOPD,03,16,03,No,15,,15:10,2025,Sunday,12,Motor Vehicle In Transport,05,On Roadway,3,,,,,,06,Non-Junction,01,Daylight,1/26/2025,2025-01-26,N,53.89,F,N,,,0800D6A37D7527D599B56EBB932308148AB36E32A45AD5A019B5E67C26B25D99,MD,01,No,,,,,01,Dry,,,,,,,,
Property Damage Crashes,MSP7872003W,Maryland State Police,"Sideswipe, Same Direction",Prince George's,Interstate,No,No,No,No,No,CAPITAL BELTWAY,95,INTERSTATE ROUTE,No,True,No,5/3/2025,No,Point,38.946534959,-76.858771640,MSP,07,16,03,No,6,,06:56,2025,Saturday,12,Motor Vehicle In Transport,05,On Roadway,1,,,,,,09,Through Roadway,01,Daylight,5/3/2025,2025-05-03,S,8.06,F,N,,,46DCE54B75B51A3173C7BE2B3E152C87188718487CE66664B0738A14FDE91A9C,IS,01,No,,,,,01,Dry,,,,,,,,
Property Damage Crashes,MSP75520094,Maryland State Police,Front to Rear,Prince George's,Interstate,No,No,No,No,No,CAPITAL BELTWAY,95,INTERSTATE ROUTE,No,True,No,1/4/2025,No,Point,38.985277891,-76.879628883,MSP,03,16,03,No,18,,18:56,2025,Saturday,12,Motor Vehicle In Transport,05,On Roadway,1,,,,,,06,Non-Junction,03,Dark - Lighted,1/4/2025,2025-01-04,W,33.57,F,N,,,7F45A82EE11609514D2BE0E0A0FD12AAC53C052AD6F70CB30F827438B24B4039,IS,01,No,,,,,01,Dry,,,,,,,,
Property Damage Crashes,DA4403000H,Prince George's County Police,Single Vehicle,Prince George's,Local,No,Yes,No,No,No,DALLAS PL,2243,COUNTY ROAD,Yes,True,No,4/9/2025,No,Point,38.826122376,-76.948678291,PGCOPD,101,16,03,No,16,,16:25,2025,Wednesday,36,"Other Post, Pole, Or Support",05,On Roadway,7,,,,POHANKA PL,,06,Non-Junction,01,Daylight,4/9/2025,2025-04-09,E,181.43,F,N,,,DB48E169EFE692433FB4199FD5D0FAA0F54632D83AD38C118D1DA6963DEEF2E7,CO,02,"Yes, School Bus Directly Involved",,,,,01,Dry,,,,,,,,
Property Damage Crashes,DA33670004,Prince George's County Police,Single Vehicle,Prince George's,Local,No,No,No,No,No,SERVICE RD,983,COUNTY ROAD,No,True,No,1/4/2025,No,Point,38.987220458,-76.984640846,PGCOPD,101,16,03,No,22,,22:28,2025,Saturday,36,"Other Post, Pole, Or Support",04,"Off-Roadway, Location Unknown",7,,,,,,01,Acceleration/Deceleration Lane,03,Dark - Lighted,1/4/2025,2025-01-04,S,4.94,F,N,,,61D050F4735C627680129B332BA3175014C42D64C927F3E0496E84FA37B449EF,CO,01,No,,,,,01,Dry,,,,,,,,
Property Damage Crashes,MSP647600HJ,Maryland State Police,Front to Rear,Prince George's,Interstate,No,No,No,No,No,CAPITAL BELTWAY (SB/L),95,INTERSTATE ROUTE,No,True,No,3/26/2025,No,Point,38.818728651,-76.912606261,MSP,03,16,03,No,10,,10:17,2025,Wednesday,12,Motor Vehicle In Transport,05,On Roadway,1,,,,,,09,Through Roadway,01,Daylight,3/26/2025,2025-03-26,N,38.7,F,N,,,486892D85A8A5166BC04972BA78F295B43813B6DB9937CC15E4A2BA29A7F4AC9,IS,01,No,,,,,01,Dry,,,,,,,,
Property Damage Crashes,BW0204002N,Greenbelt Police Department,"Sideswipe, Same Direction",Prince George's,Principal Arterial – Other Freeways and Expressways,No,No,No,No,No,RAMP 5 FR MD 201 SB TO MD 193 EB,201,RAMP,No,True,No,1/10/2025,No,Point,38.997753876,-76.899564852,GREENBELT,07,16,03,No,12,,12:52,2025,Friday,12,Motor Vehicle In Transport,05,On Roadway,2,,,,,,06,Non-Junction,01,Daylight,1/10/2025,2025-01-10,N,27.78,F,N,,,9F8C1CD7EE5CD86D67F23FECDF7D09C042ECD4F67C340A906D7763B656FAF6E3,RP,01,No,,,,,01,Dry,,,,,,,,
Property Damage Crashes,DA4370001P,Prince George's County Police,Front to Rear,Prince George's,,No,No,No,No,Yes,,,,Yes,True,No,3/19/2025,No,Point,38.909202814,-76.797213972,PGCOPD,03,16,03,,8,,08:00,2025,Wednesday,12,Motor Vehicle In Transport,04,"Off-Roadway, Location Unknown",,,,,,,,,01,Daylight,3/19/2025,2025-03-19,,,F,N,102,Parking Lot Way,,,01,No,,,,,,,,,,,,,,
Injury Crashes,CBPD0124001C,Bowie Police Department,Angle,Prince George's,Local,No,No,No,No,No,CHALFORD LA,380,MUNICIPAL ROAD,No,True,No,5/17/2025,No,Point,38.987620780,-76.750911144,BOWIE,01,16,02,No,5,,05:56,2025,Saturday,12,Motor Vehicle In Transport,05,On Roadway,7,,,,,,99,Unknown,01,Daylight,5/17/2025,2025-05-17,N,60.21,F,N,,,039E5C6F555732326E5798DBBF6B4E5F0196CC706AB0838563FD89B933020950,MU,01,No,,,,,01,Dry,,,,,,,,
Property Damage Crashes,DA351500DB,Prince George's County Police,Front to Rear,Prince George's,Principal Arterial – Other Freeways and Expressways,No,No,No,No,No,INDIAN HEAD HWY,210,MARYLAND ROUTE,No,True,No,4/28/2025,No,Point,38.664818205,-77.017922340,PGCOPD,03,16,03,No,21,,21:35,2025,Monday,12,Motor Vehicle In Transport,05,On Roadway,2,,,,,,09,Through Roadway,05,Dark - Unknown Lighting,4/28/2025,2025-04-28,S,13.24,F,N,,,DBDC1CAEA002657B28232440DB0AF4A6E9B436F1AC6FA35D2FEC68628120D9A0,MD,01,No,12,Motor Vehicle In Transport,05,On Roadway,01,Dry,,,,,,,,
Property Damage Crashes,DA3397004M,Prince George's County Police,Other,Prince George's,,No,No,No,No,Yes,,,,No,True,No,2/5/2025,No,Point,38.764270470,-76.900636914,PGCOPD,98,16,03,,10,,10:20,2025,Wednesday,15,Parked Vehicle,02,In Parking Lane Or Zone,,,,,,,,,01,Daylight,2/5/2025,2025-02-05,,,F,N,102,Parking Lot Way,,,01,No,,,,,,,,,,,,,,
Property Damage Crashes,DS0471000P,University of Maryland Police College Park,"Sideswipe, Same Direction",Prince George's,,No,Yes,No,No,Yes,,,,No,True,No,1/27/2025,No,Point,38.995863465,-76.936665660,UMCP,07,16,03,,12,,12:57,2025,Monday,12,Motor Vehicle In Transport,02,In Parking Lane Or Zone,,,,,,,,,01,Daylight,1/27/2025,2025-01-27,,,F,N,101,Parking Aisle,,,01,No,15,Parked Vehicle,02,In Parking Lane Or Zone,,,,,,,,,,
Property Damage Crashes,DA44290009,Prince George's County Police,Single Vehicle,Prince George's,,No,No,No,No,No,RIDGEFIELD BLVD,1742,LOCAL ROAD,No,True,No,1/15/2025,No,Point,38.898266392,-76.861855796,PGCOPD,101,16,03,No,8,,08:00,2025,Wednesday,27,Curb,01,Gore,,,,,RIDGEFIELD BLVD,,99,Unknown,01,Daylight,1/15/2025,2025-01-15,S,20.54,F,N,,,DCC6BA4587357148684F7247D122240F52B00D5A109E3C274A46ECAFEB4D3E5A,LL,01,No,,,,,01,Dry,,,,,,,,
Property Damage Crashes,DA4354003Q,Prince George's County Police,Angle,Prince George's,,No,No,No,No,Yes,,,,No,True,No,5/18/2025,No,Point,38.940074310,-76.908159720,PGCOPD,01,16,03,,11,,11:23,2025,Sunday,12,Motor Vehicle In Transport,02,In Parking Lane Or Zone,,,,,,,,,01,Daylight,5/18/2025,2025-05-18,,,F,N,104,Service Road,,,01,No,12,Motor Vehicle In Transport,02,In Parking Lane Or Zone,,,,,,,,,,
Property Damage Crashes,DA4420000M,Prince George's County Police,Front to Rear,Prince George's,Local,No,No,No,No,No,DECATUR PL,906,COUNTY ROAD,No,True,No,2/5/2025,No,Point,38.949240625,-76.896463201,PGCOPD,03,16,03,No,4,,04:00,2025,Wednesday,12,Motor Vehicle In Transport,05,On Roadway,7,,,,,,06,Non-Junction,03,Dark - Lighted,2/5/2025,2025-02-05,N,17.99,F,N,,,D52836AE71298F999A1E24DFBE7926FC07886F96C9106A1D85F3E0BA11BD5023,CO,01,No,,,,,01,Dry,,,,,,,,
Property Damage Crashes,MSP7787004V,Maryland State Police,Single Vehicle,Prince George's,Interstate,No,No,No,No,No,RAMP 7 FR RAMP 10 (FR IS 595) TO MD 3 SB,595,RAMP,No,True,No,2/12/2025,No,Point,38.95682775,-76.718152867,MSP,101,16,03,Yes,20,,20:05,2025,Wednesday,28,Ditch,09,Roadside,1,,,,,,04,Entrance/Exit Ramp or Related,04,Dark - Not Lighted,2/12/2025,2025-02-12,S,38.72,F,N,,,D9B5D561C327A3245443979A7E2505F1879B1230A84D658855E85528108E669A,RP,01,No,,,,,07,Snow,,,,,,,,
Property Damage Crashes,MSP745800QK,Maryland State Police,Single Vehicle,Prince George's,Interstate,No,No,No,No,No,ANACOSTIA FREEWAY,295,INTERSTATE ROUTE,No,True,No,3/8/2025,No,Point,38.795865,-77.015993333,MSP,101,16,03,No,15,,15:40,2025,Saturday,25,Concrete Traffic Barrier,09,Roadside,1,,,,,,01,Acceleration/Deceleration Lane,01,Daylight,3/8/2025,2025-03-08,W,18.48,F,N,,,359214F19535A170B4EBBEE9F3215D5D10D276243298EF9FF2929A82191FAB65,IS,01,No,,,,,01,Dry,,,,,,,,
Property Damage Crashes,DA37150092,Prince George's County Police,Other,Prince George's,Local,No,Yes,No,No,No,ROLLINS AVE,369,COUNTY ROAD,Yes,True,No,5/8/2025,No,Point,38.885907901,-76.903474494,PGCOPD,98,16,03,No,11,,11:09,2025,Thursday,12,Motor Vehicle In Transport,05,On Roadway,7,,,,CENTRAL AVE,,06,Non-Junction,01,Daylight,5/8/2025,2025-05-08,N,79.76,F,N,,,B772407C076C308A8F511DFAAA5D83B03F4519EA5083F370D73E3239D18FEAA8,CO,01,No,,,,,01,Dry,,,,,,,,