Crash Severity Description,Reportnumber,Agencyname,CollisionImpact Description,Crash County Description,FunctionalClass Description,ImpairedCrash,Large Vehicle Involved,Motorcycle Crash,Non-Motorist Crash,OffRoad,RoadName,Route Number,RouteType Description,Unrestrained Occupants,WithinDateRange,Work Zone Related,Crashdate,Work Zone Crash,CrashPoint,Latitude,Longitude,AgencyCode,CollisionImpact,Crash County,Crash Severity,Crash Within Interchange,Crashhour,CrashInterchangeApproaches,Crashtime,CrashYear,Dayofweek,FirstHarmEvent,FirstHarmEvent Description,FirstHarmLocation,FirstHarmLocation Description,FunctionalClass,Geometry Description,GovPropertyDamage,GovPropertyDamage Description,IntersectingRoadName,Intersection Geometry,JunctionRelated,JunctionRelated Description,Light,Light Description,LOD Crash Date,LOD Date Level,MilepointDirection,MilepointDistance,MilepointUnits,NonTrafficFatal,OffroadLocation,OffroadLocation Description,RoadID,RouteType,SchoolBusRelated,SchoolBusRelated Description,SecondHarmEvent,SecondHarmEvent Description,SecondHarmLocation,SecondHarmLocation Description,Surface,Surface Description,TrafficControl,Trafficcontrol Description,WZLawEnforcementPresent,WZLocation,WZLocation Description,WZType,WZType Description,WZWorkersPresent
Property Damage Crashes,DA27200073,Prince George's County Police,Front to Front,Prince George's,Principal Arterial – Other,No,No,No,No,No,ST BARNABAS RD (WB/L),414,MARYLAND ROUTE,No,True,No,1/27/2025,No,Point,38.825216302,-76.946739935,PGCOPD,02,16,03,Yes,14,,14:17,2025,Monday,12,Motor Vehicle In Transport,05,On Roadway,3,,,,,,01,Acceleration/Deceleration Lane,01,Daylight,1/27/2025,2025-01-27,E,5.68,F,N,,,4AD97F0E3CCCF195E3B58B68A09815FC3433785F07061116FD709068AC401693,MD,01,No,,,,,01,Dry,,,,,,,,
Property Damage Crashes,DA4278006K,Prince George's County Police,Single Vehicle,Prince George's,Major Collector,No,No,No,No,No,SPRINGFIELD RD,3641,COUNTY ROAD,No,True,No,1/17/2025,No,Point,39.020501024,-76.829563650,PGCOPD,101,16,03,No,18,,18:40,2025,Friday,30,Fence,07,"On Shoulder, Right Side",5,,102,Federal,,,09,Through Roadway,04,Dark - Not Lighted,1/17/2025,2025-01-17,E,17.97,F,N,,,739099A84A6A162E077BA231D6D328956EA9F879A0A560B5940AECF3A859A76E,CO,01,No,,,,,02,Ice/Frost,,,,,,,,
Property Damage Crashes,AZ1749000G,Cheverly Police Department,Angle,Prince George's,Major Collector,No,No,No,No,No,TUXEDO RD (SB/L),459,MARYLAND ROUTE,No,True,No,1/29/2025,No,Point,38.918668227,-76.916254832,CHEVERLY,01,16,03,No,17,04,17:30,2025,Wednesday,12,Motor Vehicle In Transport,05,On Roadway,5,Perpendicular,,,BELLEVIEW AVE #1,03,05,Intersection or Related,01,Daylight,1/29/2025,2025-01-29,S,0,F,N,,,AB09382ABA60D69E892D3812BBBE044CAF022694FBE5E982D8E49DDDEE9B66F6,MD,01,No,,,,,01,Dry,01,Signalized,,,,,,
Injury Crashes,DA351500D5,Prince George's County Police,Angle,Prince George's,Principal Arterial – Other,No,No,No,No,No,ANNAPOLIS RD (WB/L),450,MARYLAND ROUTE,No,True,No,3/16/2025,No,Point,38.957809648,-76.805116558,PGCOPD,01,16,02,No,12,03,12:20,2025,Sunday,12,Motor Vehicle In Transport,05,On Roadway,3,Perpendicular,,,SILVERGATE LA,03,05,Intersection or Related,01,Daylight,3/16/2025,2025-03-16,N,0,F,N,,,9EFE49350CD378F32C196AE64F0A3C441920C75B5A60160D726F511E5178DE78,MD,01,No,12,Motor Vehicle In Transport,05,On Roadway,01,Dry,05,No Controls,,,,,,
Property Damage Crashes,DA3098002K,Prince George's County Police,Other,Prince George's,,No,No,No,No,Yes,,,,No,True,No,3/15/2025,No,Point,38.798462995,-77.004133762,PGCOPD,98,16,03,,5,,05:14,2025,Saturday,15,Parked Vehicle,02,In Parking Lane Or Zone,,,,,,,,,03,Dark - Lighted,3/15/2025,2025-03-15,,,F,N,102,Parking Lot Way,,,01,No,,,,,,,,,,,,,,
Property Damage Crashes,DA4429000N,Prince George's County Police,Single Vehicle,Prince George's,Principal Arterial – Other,No,No,No,No,No,PENNSYLVANIA AVE (SB/L),4,MARYLAND ROUTE,No,True,No,4/24/2025,No,Point,38.844542675,-76.888843814,PGCOPD,101,16,03,No,10,,10:42,2025,Thursday,09,Animal (live),99,Unknown,3,,,,,,09,Through Roadway,01,Daylight,4/24/2025,2025-04-24,E,14.29,F,N,,,B6380777B7BFBF982ECC6441F9B3C20FCD298CAFE87C1C50591EDFA5D4CFBE1B,MD,01,No,,,,,01,Dry,,,,,,,,
Injury Crashes,MSP7865001K,Maryland State Police,Front to Rear,Prince George's,Principal Arterial – Other Freeways and Expressways,No,No,No,No,No,JOHN HANSON HWY,50,UNITED STATE ROUTE,No,True,No,2/21/2025,No,Point,38.91743345,-76.9169238,MSP,03,16,02,No,9,,09:20,2025,Friday,12,Motor Vehicle In Transport,05,On Roadway,2,,,,,,06,Non-Junction,01,Daylight,2/21/2025,2025-02-21,S,20.52,F,N,,,8770EBD264886420B758AF39F8F612DC2C63AD9A665C026C4905AF6313C623C8,US,01,No,,,,,01,Dry,,,,,,,,
Property Damage Crashes,MSP17880042,Maryland State Police,Single Vehicle,Prince George's,Principal Arterial – Other Freeways and Expressways,No,No,Yes,No,No,PENNSYLVANIA AVE,4,MARYLAND ROUTE,No,True,No,5/18/2025,No,Point,38.812845,-76.749755,MSP,101,16,03,No,11,,11:55,2025,Sunday,21,Bridge Overhead Structure,05,On Roadway,2,,,,WATER ST,,06,Non-Junction,01,Daylight,5/18/2025,2025-05-18,W,36.83,F,N,,,CE0B5495FCAD9FF744E7ABF5EC5C76AB1D768134B709099E208B7C10E4AB9B57,MD,01,No,,,,,01,Dry,,,,,,,,
Injury Crashes,MSP7776004Z,Maryland State Police,Front to Rear,Prince George's,Interstate,No,No,No,No,No,CAPITAL BELTWAY (SB/L),95,INTERSTATE ROUTE,No,True,No,3/4/2025,No,Point,38.959344719,-76.866230838,MSP,03,16,02,No,19,,19:42,2025,Tuesday,12,Motor Vehicle In Transport,05,On Roadway,1,,,,,,06,Non-Junction,03,Dark - Lighted,3/4/2025,2025-03-04,N,41.38,F,N,,,5EBD79EB441830C2A3C109F3823ACEA1129832F9556BE219884DC375BBC33603,IS,01,No,,,,,01,Dry,,,,,,,,
Property Damage Crashes,GC93790007,Glenarden Police Department,Front to Front,Prince George's,,No,No,No,No,Yes,,,,No,True,No,5/9/2025,No,Point,38.921962506,-76.845359084,GLENARDEN,02,16,03,,21,,21:18,2025,Friday,12,Motor Vehicle In Transport,02,In Parking Lane Or Zone,,,100,Local,,,,,03,Dark - Lighted,5/9/2025,2025-05-09,,,F,N,102,Parking Lot Way,,,01,No,,,,,,,,,,,,,,
Property Damage Crashes,MSP744200QS,Maryland State Police,Single Vehicle,Prince George's,Interstate,No,No,No,No,No,RAMP 10 FR MD 950 TO RAMP 5 (TO IS 595),95,RAMP,No,True,No,1/23/2025,No,Point,38.951311891,-76.862228153,MSP,101,16,03,Yes,16,,16:21,2025,Thursday,25,Concrete Traffic Barrier,09,Roadside,1,,101,State,,,04,Entrance/Exit Ramp or Related,01,Daylight,1/23/2025,2025-01-23,N,4.77,F,N,,,470A415CF445BDCB37C4333AA3A47DB11DA0D78C5F57FD76419D9A9F68EC7750,RP,01,No,,,,,01,Dry,,,,,,,,
Fatal Crashes,MSP7765006G,Maryland State Police,Single Vehicle,Prince George's,Interstate,Yes,No,No,No,No,ANACOSTIA FREEWAY,295,INTERSTATE ROUTE,Yes,True,No,2/22/2025,No,Point,38.8032295,-77.0218255,MSP,101,16,01,No,5,,05:36,2025,Saturday,25,Concrete Traffic Barrier,09,Roadside,1,,,,,,09,Through Roadway,04,Dark - Not Lighted,2/22/2025,2025-02-22,S,50.32,F,N,,,C3ADDD71EC29107F15E34AD44BC7DD947AA231FE71620B3146E89631DB5E5383,IS,01,No,07,Overturn/Rollover,05,On Roadway,01,Dry,,,,,,,,
Property Damage Crashes,MSP7416001P,Maryland State Police,Single Vehicle,Prince George's,Principal Arterial – Other Freeways and Expressways,Yes,No,No,No,No,JOHN HANSON HWY (WB/L),50,UNITED STATE ROUTE,No,True,No,4/20/2025,No,Point,38.944538925,-76.871797560,MSP,101,16,03,No,2,,02:47,2025,Sunday,07,Overturn/Rollover,05,On Roadway,2,,,,,,06,Non-Junction,04,Dark - Not Lighted,4/20/2025,2025-04-20,S,39.53,F,N,,,DC894769526ACC9AA76D31FF67E0083F45FD06F48B4BC2F8B1F414D0BFD1F430,US,01,No,,,,,01,Dry,,,,,,,,
Property Damage Crashes,DA4274007H,Prince George's County Police,Front to Rear,Prince George's,Principal Arterial – Other Freeways and Expressways,No,No,No,No,No,INDIAN HEAD HWY,210,MARYLAND ROUTE,No,True,No,4/14/2025,No,Point,38.663934071,-77.018959135,PGCOPD,03,16,03,No,5,,05:12,2025,Monday,12,Motor Vehicle In Transport,05,On Roadway,2,,,,,,06,Non-Junction,03,Dark - Lighted,4/14/2025,2025-04-14,N,2.22,F,N,,,928E91D42A66D6AC0674727B46B46153EA28A5A2A442AE6F05BED5DEB89C4DAE,MD,01,No,,,,,01,Dry,,,,,,,,
Property Damage Crashes,DA404800GZ,Prince George's County Police,"Sideswipe, Same Direction",Prince George's,Interstate,No,No,No,No,No,RAMP 12 FR IS 295 SB TO MD 210 SB,95,RAMP,No,True,No,4/3/2025,No,Point,38.795007880,-77.014416748,PGCOPD,07,16,03,No,14,,14:00,2025,Thursday,12,Motor Vehicle In Transport,05,On Roadway,1,,,,,,04,Entrance/Exit Ramp or Related,01,Daylight,4/3/2025,2025-04-03,E,21.59,F,N,,,98E6FC3A3B85C8A9FB30389EB5F785BB06C84F0891CDB890ECCDD88E0BF70D47,RP,01,No,,,,,01,Dry,,,,,,,,
Property Damage Crashes,DA416800C4,Prince George's County Police,Front to Front,Prince George's,Minor Arterial,No,No,No,No,No,PALMER RD,3645,COUNTY ROAD,No,True,No,4/8/2025,No,Point,38.767821206,-76.985597607,PGCOPD,02,16,03,No,8,,08:26,2025,Tuesday,12,Motor Vehicle In Transport,05,On Roadway,4,,,,,,09,Through Roadway,01,Daylight,4/8/2025,2025-04-08,S,57.04,F,N,,,807CDA134B90F9DA084F812DF2D99986CF2CBE57AAE9CA4A19C67EFC461733AD,CO,01,No,,,,,01,Dry,,,,,,,,
Injury Crashes,DA40740089,Prince George's County Police,Other,Prince George's,Local,No,No,No,No,No,ALICE AVE,3047,COUNTY ROAD,No,True,No,6/3/2025,No,Point,38.811101491,-76.967898339,PGCOPD,98,16,02,Yes,23,04,23:15,2025,Tuesday,12,Motor Vehicle In Transport,05,On Roadway,7,Angled/Skewed,,,RAMP 9 FR RAMP 2 (FR IS 95) TO MD 414 SB ST BARNABAS RD (WB/L),01,05,Intersection or Related,03,Dark - Lighted,6/3/2025,2025-06-03,S,0,F,N,,,6F66EBD74C9BB2CD241467CB568BD9B99CCCB6C40D1E096D4F0506F58C7E20FD,CO,01,No,,,,,01,Dry,01,Signalized,,,,,,
Property Damage Crashes,MSP585801J6,Maryland State Police,Front to Rear,Prince George's,,No,No,No,No,No,,5,MARYLAND ROUTE,No,True,No,5/25/2025,No,Point,38.664578228,-76.874739839,MSP,03,16,03,No,21,,21:04,2025,Sunday,12,Motor Vehicle In Transport,05,On Roadway,,,,,,,09,Through Roadway,04,Dark - Not Lighted,5/25/2025,2025-05-25,N,16.48,F,N,,,C6FA65ECCC7F8DD2CBA847DB350553E841DF981C4A028EB44671CADB8F4D94EA,MD,01,No,12,Motor Vehicle In Transport,05,On Roadway,01,Dry,,,,,,,,
Property Damage Crashes,DA4358002R,Prince George's County Police,Angle,Prince George's,Minor Arterial,No,No,No,No,No,ALLENTOWN RD,126,COUNTY ROAD,No,True,No,3/7/2025,No,Point,38.787496414,-76.938530552,PGCOPD,01,16,03,No,16,,16:26,2025,Friday,12,Motor Vehicle In Transport,05,On Roadway,4,,,,,,99,Unknown,01,Daylight,3/7/2025,2025-03-07,N,27.41,F,N,,,1FE65E08255ADFBF91D855F9DAE58419F1B26BA66BF37CE4840A75DCB06C97B2,CO,01,No,,,,,01,Dry,,,,,,,,
Injury Crashes,DA2720007D,Prince George's County Police,Front to Rear,Prince George's,Local,No,No,No,No,No,28TH AVE,1263,COUNTY ROAD,No,True,No,4/25/2025,No,Point,38.831197682,-76.941157768,PGCOPD,03,16,02,No,18,,18:57,2025,Friday,12,Motor Vehicle In Transport,05,On Roadway,7,,,,,,09,Through Roadway,01,Daylight,4/25/2025,2025-04-25,W,20.71,F,N,,,908822B587ED37ADEAE9C9D363844810F5D39511AD3A9AE7E1B78B67210F283B,CO,01,No,,,,,01,Dry,,,,,,,,
Property Damage Crashes,MSP7871002S,Maryland State Police,Front to Rear,Prince George's,Interstate,No,No,No,No,No,CAPITAL BELTWAY (SB/L),95,INTERSTATE ROUTE,No,True,No,3/11/2025,No,Point,38.983459875,-76.878483315,MSP,03,16,03,No,18,,18:31,2025,Tuesday,12,Motor Vehicle In Transport,05,On Roadway,1,,,,,,09,Through Roadway,01,Daylight,3/11/2025,2025-03-11,W,9.48,F,N,,,77719E24626FEFA30085B02EBBB725AEE590CF885203A74BE6A0F2C6E1CE077B,IS,01,No,,,,,01,Dry,,,,,,,,
Property Damage Crashes,DA4074007P,Prince George's County Police,Single Vehicle,Prince George's,Principal Arterial – Other,Yes,No,No,No,No,ST BARNABAS RD (WB/L),414,MARYLAND ROUTE,No,True,No,2/19/2025,No,Point,38.805609861,-76.974490539,PGCOPD,101,16,03,No,1,,01:45,2025,Wednesday,27,Curb,10,Separator/Traffic Island,3,,,,,,06,Non-Junction,03,Dark - Lighted,2/19/2025,2025-02-19,S,15.72,F,N,,,F06EB069C5532F0D5F59C0FD44547AB9D06D335FA557AE96635ABFBBE3C97EBE,MD,01,No,,,,,01,Dry,,,,,,,,
Property Damage Crashes,MSP743900M5,Maryland State Police,Angle,Prince George's,Principal Arterial – Other,No,No,No,No,No,BALTIMORE AVE,1,UNITED STATE ROUTE,No,True,No,1/26/2025,No,Point,39.084782344,-76.861829138,MSP,01,16,03,No,13,,13:57,2025,Sunday,12,Motor Vehicle In Transport,05,On Roadway,3,,,,LINDENDALE DR,,09,Through Roadway,01,Daylight,1/26/2025,2025-01-26,N,35.81,F,N,,,3BDC224E140166D39190B73C1AA60F02A71B4DD73D86A46F48236413F5782A8C,US,01,No,,,,,01,Dry,,,,,,,,
Property Damage Crashes,DA4397000Q,Prince George's County Police,Front to Rear,Prince George's,Minor Arterial,No,No,No,No,No,ALLENTOWN RD,126,COUNTY ROAD,No,True,No,2/15/2025,No,Point,38.798522692,-76.912947530,PGCOPD,03,16,03,No,0,,00:30,2025,Saturday,12,Motor Vehicle In Transport,05,On Roadway,4,,,,COOLRIDGE DR,,09,Through Roadway,04,Dark - Not Lighted,2/15/2025,2025-02-15,N,7.56,F,N,,,FFDB0C9D2B9DDEF55A1E9AA84049BF528925252F43E9C7A71BA945162B233B99,CO,01,No,,,,,01,Dry,,,,,,,,
Injury Crashes,DA42390079,Prince George's County Police,Angle,Prince George's,,No,No,No,No,No,,300,COUNTY ROAD,No,True,No,1/15/2025,No,Point,38.980062544,-76.866798111,PGCOPD,01,16,02,Yes,8,04,08:13,2025,Wednesday,12,Motor Vehicle In Transport,05,On Roadway,,Angled/Skewed,,,GOOD LUCK RD GOOD LUCK RD (WB/L) HANOVER PKWY HANOVER PKWY (NB/L),01,05,Intersection or Related,01,Daylight,1/15/2025,2025-01-15,N,0,F,N,,,A81D0AA0499CAC9D0646F32982981491005BFB96C34A687B007B69E779BEFADF,CO,01,No,12,Motor Vehicle In Transport,05,On Roadway,01,Dry,01,Signalized,,,,,,
Property Damage Crashes,DA4431000D,Prince George's County Police,Front to Rear,Prince George's,Principal Arterial – Other,Yes,No,No,No,No,LANDOVER RD (SB/L),202,MARYLAND ROUTE,No,True,No,1/17/2025,No,Point,38.934239974,-76.914535228,PGCOPD,03,16,03,No,14,,14:00,2025,Friday,12,Motor Vehicle In Transport,05,On Roadway,3,,,,,,09,Through Roadway,01,Daylight,1/17/2025,2025-01-17,N,3.31,F,N,,,59EFEF2F1DF78FDD3CC7537F48CD3C18B721923A9083985B7941211F92A62805,MD,01,No,,,,,01,Dry,,,,,,,,
Property Damage Crashes,DA3952008N,Prince George's County Police,"Sideswipe, Same Direction",Prince George's,Principal Arterial – Other,No,No,No,No,No,MARTIN LUTHER KING JR HWY,704,MARYLAND ROUTE,No,True,No,5/9/2025,No,Point,38.955937303,-76.826860554,PGCOPD,07,16,03,No,21,,21:44,2025,Friday,12,Motor Vehicle In Transport,05,On Roadway,3,,,,,,09,Through Roadway,03,Dark - Lighted,5/9/2025,2025-05-09,W,23.51,F,N,,,E5CC05650FB0853083D46AADAF270406F7787A03B11D1342F82A43E93DAD5EC7,MD,01,No,,,,,01,Dry,,,,,,,,
Property Damage Crashes,DA4361001Y,Prince George's County Police,Front to Rear,Prince George's,Local,Yes,No,No,No,No,ALICE AVE,3047,COUNTY ROAD,No,True,No,4/9/2025,No,Point,38.811116974,-76.967968291,PGCOPD,03,16,03,No,21,,21:10,2025,Wednesday,12,Motor Vehicle In Transport,05,On Roadway,7,,,,,,06,Non-Junction,03,Dark - Lighted,4/9/2025,2025-04-09,S,7.1,F,N,,,05F95B0BAFD27CD6025716E3E5D73AA3238C10193BBB7E75046252165CA105DF,CO,01,No,,,,,01,Dry,,,,,,,,
Property Damage Crashes,DA404800H3,Prince George's County Police,"Sideswipe, Same Direction",Prince George's,Major Collector,No,No,No,No,No,LIVINGSTON RD,1203,COUNTY ROAD,No,True,No,4/11/2025,No,Point,38.801180839,-76.986808771,PGCOPD,07,16,03,No,16,,16:25,2025,Friday,12,Motor Vehicle In Transport,05,On Roadway,5,,,,,,06,Non-Junction,01,Daylight,4/11/2025,2025-04-11,N,52.99,F,N,,,11B78B7E33009EC35F3717E2725712B7C7ABC6FFFC43F0F82245772330BBD000,CO,01,No,,,,,09,Wet,,,,,,,,
Property Damage Crashes,MSP7770006M,Maryland State Police,Front to Rear,Prince George's,Principal Arterial – Other,Yes,No,No,No,No,RAMP 2 FR MD 214 WB TO MD 202 NB,202,RAMP,No,True,No,2/15/2025,No,Point,38.899211183,-76.825372098,MSP,03,16,03,No,18,,18:56,2025,Saturday,12,Motor Vehicle In Transport,05,On Roadway,3,,,,,,01,Acceleration/Deceleration Lane,03,Dark - Lighted,2/15/2025,2025-02-15,E,12.84,F,N,,,7BB34D16A40BC16DDD7E47BE59AA26A0846E2266324D8B25587EA8457255A2B2,RP,01,No,,,,,09,Wet,,,,,,,,
Property Damage Crashes,MSP6582015R,Maryland State Police,Single Vehicle,Prince George's,Interstate,No,No,No,No,No,CAPITAL BELTWAY (SB/L),95,INTERSTATE ROUTE,No,True,No,2/26/2025,No,Point,38.817996189,-76.945874224,MSP,101,16,03,No,16,,16:00,2025,Wednesday,32,Guardrail Face,07,"On Shoulder, Right Side",1,,101,State,,,09,Through Roadway,01,Daylight,2/26/2025,2025-02-26,W,25.04,F,N,,,F64126E6512869C10CE59484FA53EC59D4D5CCB5C4DB77A47EFE4C11E9DE07D2,IS,01,No,,,,,01,Dry,,,,,,,,
Property Damage Crashes,DA34070048,Prince George's County Police,Front to Rear,Prince George's,Principal Arterial – Other,No,No,No,No,No,PENNSYLVANIA AVE,4,MARYLAND ROUTE,No,True,No,5/6/2025,No,Point,38.841309625,-76.874886902,PGCOPD,03,16,03,No,17,,17:18,2025,Tuesday,12,Motor Vehicle In Transport,05,On Roadway,3,,,,,,06,Non-Junction,01,Daylight,5/6/2025,2025-05-06,N,12,F,N,,,C42AE60B9DFA919E8A2AB2ADD43345F2117FBD48BFD67D25878D903D6DBFFCC9,MD,01,No,,,,,01,Dry,,,,,,,,
Property Damage Crashes,CBPD0114004V,Bowie Police Department,Single Vehicle,Prince George's,Minor Arterial,No,No,No,No,No,RACE TRACK RD,49,COUNTY ROAD,No,True,No,3/24/2025,No,Point,39.003969763,-76.739761490,BOWIE,101,16,03,No,13,,13:41,2025,Monday,41,Utility Pole/Light Support,09,Roadside,4,,,,,,06,Non-Junction,01,Daylight,3/24/2025,2025-03-24,N,62.68,F,N,,,2583B1C180130D4BBC33D64DBA5C1D5F2942990FEFC6186834101D0F9401FAAF,CO,01,No,,,,,09,Wet,,,,,,,,
Property Damage Crashes,MSP7764006Z,Maryland State Police,"Sideswipe, Same Direction",Prince George's,Interstate,No,No,No,No,No,CAPITAL BELTWAY,495,INTERSTATE ROUTE,No,True,No,1/21/2025,No,Point,39.0185906,-76.961958283,MSP,07,16,03,No,11,,11:00,2025,Tuesday,12,Motor Vehicle In Transport,05,On Roadway,1,,,,,,06,Non-Junction,01,Daylight,1/21/2025,2025-01-21,N,51.75,F,N,,,6DC138666FA5C26F7428C47CEA15B6575882CC3DB9C8CCF5B207B68A162E7AFC,IS,01,No,,,,,01,Dry,,,,,,,,
Property Damage Crashes,DA44230009,Prince George's County Police,Angle,Prince George's,Local,No,No,No,No,No,HEATH ST,374,COUNTY ROAD,No,True,No,1/12/2025,No,Point,38.875488710,-76.928139992,PGCOPD,01,16,03,Yes,18,04,18:51,2025,Sunday,12,Motor Vehicle In Transport,05,On Roadway,7,Perpendicular,,,CLOVIS AVE,03,05,Intersection or Related,03,Dark - Lighted,1/12/2025,2025-01-12,S,0,F,N,,,BA0ACAA2DE627A4876249FD5D7EE1407F777382CD8ADA6CACF0468E3943D390E,CO,01,No,,,,,01,Dry,03,Stop - Partial,,,,,,
Property Damage Crashes,CC02900041,Hyattsville Police Department,Front to Rear,Prince George's,Minor Arterial,No,No,No,No,No,HAMILTON ST,208,MARYLAND ROUTE,No,True,No,5/5/2025,No,Point,38.955203978,-76.960831682,HYATTSVILLE,03,16,03,No,16,,16:26,2025,Monday,12,Motor Vehicle In Transport,05,On Roadway,4,,,,,,06,Non-Junction,01,Daylight,5/5/2025,2025-05-05,S,26.94,F,N,,,9D2BAE5C435D5D3AA57E728B646A074811D90599A3E9B12B61F62F8DA786A92D,MD,01,No,97,Not Applicable,,,01,Dry,,,,,,,,
Property Damage Crashes,MSP7665009G,Maryland State Police,Single Vehicle,Prince George's,,No,No,No,No,No,,50,UNITED STATE ROUTE,No,True,No,1/19/2025,No,Point,38.945933333,-76.761923333,MSP,101,16,03,No,16,,16:08,2025,Sunday,28,Ditch,09,Roadside,,,,,,,06,Non-Junction,01,Daylight,1/19/2025,2025-01-19,W,33.48,F,N,,,732BC6780FB212D38DABCCC32B000B8133E078C53302D7F8A42B2450308A2CCF,US,01,No,29,Embankment,09,Roadside,02,Ice/Frost,,,,,,,,
Property Damage Crashes,CBPD0053002P,Bowie Police Department,Front to Rear,Prince George's,Minor Arterial,No,No,No,No,No,LAUREL BOWIE RD,197,MARYLAND ROUTE,No,True,No,5/15/2025,No,Point,38.973784713,-76.755808629,BOWIE,03,16,03,Yes,8,,08:00,2025,Thursday,12,Motor Vehicle In Transport,05,On Roadway,4,,,,,,09,Through Roadway,01,Daylight,5/15/2025,2025-05-15,N,6.17,F,N,,,4D6A484253EA38E893B6208F8C6138A639AF41EBA1556D0BEB5E8693384313BD,MD,01,No,,,,,01,Dry,,,,,,,,
Property Damage Crashes,DA3272000K,Prince George's County Police,Angle,Prince George's,Major Collector,No,No,No,No,No,57TH AVE,570,MUNICIPAL ROAD,No,True,No,3/8/2025,No,Point,38.939816306,-76.917977940,PGCOPD,01,16,03,No,9,,09:16,2025,Saturday,12,Motor Vehicle In Transport,05,On Roadway,5,,,,,,06,Non-Junction,01,Daylight,3/8/2025,2025-03-08,S,8.23,F,N,,,C507DD4A4A5C333F809D7C5AD2932F8AABBFCE0F808EB014D17BC2525661BBDF,MU,01,No,,,,,01,Dry,,,,,,,,
Property Damage Crashes,DA3949008G,Prince George's County Police,Front to Rear,Prince George's,Local,No,No,No,No,No,NO NAME,44,OTHER PUBLIC ROAD,No,True,No,2/10/2025,No,Point,38.886527223,-76.900399621,PGCOPD,03,16,03,No,19,,19:00,2025,Monday,12,Motor Vehicle In Transport,05,On Roadway,7,,,,OLD CENTRAL AVE,,09,Through Roadway,03,Dark - Lighted,2/10/2025,2025-02-10,S,4,F,N,,,98A4A63138D8DDDFDCD96F1C284B3F7C5E8CA6159044E09237454C3A820C828A,OP,01,No,,,,,01,Dry,,,,,,,,
Property Damage Crashes,DA3774008S,Prince George's County Police,"Sideswipe, Same Direction",Prince George's,Local,No,Yes,No,No,No,SPRAGUE PL,600,MUNICIPAL ROAD,No,True,No,5/19/2025,No,Point,38.971829956,-76.876908044,PGCOPD,07,16,03,No,7,,07:08,2025,Monday,12,Motor Vehicle In Transport,05,On Roadway,7,,100,Local,,,09,Through Roadway,01,Daylight,5/19/2025,2025-05-19,E,21.06,F,N,,,778489465B50EF5A55760D65840A008C27A222BA880FC7B1D4136C9057CD4551,MU,02,"Yes, School Bus Directly Involved",,,,,01,Dry,,,,,,,,
Injury Crashes,DA4309002P,Prince George's County Police,"Sideswipe, Opposite Direction",Prince George's,,No,No,No,No,No,,1460,PRIVATE ROAD,No,True,No,2/15/2025,No,Point,38.892632475,-76.807868549,PGCOPD,06,16,02,No,9,,09:55,2025,Saturday,12,Motor Vehicle In Transport,05,On Roadway,,,,,,,99,Unknown,01,Daylight,2/15/2025,2025-02-15,N,10.69,F,N,,,BEAB5BF3DBBF4CBAEA23EB902EA5CF2CCFF484904605EDE7F90C021BB1C6D43C,PV,01,No,,,,,01,Dry,,,,,,,,
Property Damage Crashes,DA4421001C,Prince George's County Police,Angle,Prince George's,Local,No,No,No,No,No,SAVANNAH DR (EB/L),5660,OTHER PUBLIC ROAD,No,True,No,3/15/2025,No,Point,38.716738032,-76.889141713,PGCOPD,01,16,03,No,14,,14:52,2025,Saturday,12,Motor Vehicle In Transport,05,On Roadway,7,,,,BRANDYWINE RD,,09,Through Roadway,01,Daylight,3/15/2025,2025-03-15,S,13.77,F,N,,,DE04683FC7362A7FC4831E45D094E1B771DBA230B120379538C07B7321459ED7,OP,01,No,,,,,01,Dry,,,,,,,,
Property Damage Crashes,DA4411000W,Prince George's County Police,Unknown,Prince George's,Local,No,No,No,No,No,GEATON DR,4453,COUNTY ROAD,Yes,True,No,4/30/2025,No,Point,38.849829637,-76.800307052,PGCOPD,99,16,03,No,7,,07:00,2025,Wednesday,12,Motor Vehicle In Transport,05,On Roadway,7,,,,BROWN STATION RD,,01,Acceleration/Deceleration Lane,01,Daylight,4/30/2025,2025-04-30,E,438.32,F,N,,,3B15124852FCE9B7E06203E3919F8D86E685403B98DCEE7C41A78C76DEF984E9,CO,01,No,,,,,01,Dry,,,,,,,,
Injury Crashes,MSP77730017,Maryland State Police,"Sideswipe, Same Direction",Prince George's,Principal Arterial – Other,No,No,No,No,No,CRAIN HWY,301,UNITED STATE ROUTE,No,True,No,2/22/2025,No,Point,38.953479733,-76.717150758,MSP,07,16,02,No,17,,17:50,2025,Saturday,12,Motor Vehicle In Transport,05,On Roadway,3,,,,,,06,Non-Junction,03,Dark - Lighted,2/22/2025,2025-02-22,N,43.85,F,N,,,920216BF80F1D3082943DE2680DFA9001A877D0D9071D0B3D4F62F23E06A20A5,US,01,No,,,,,01,Dry,,,,,,,,
Property Damage Crashes,DA3380009M,Prince George's County Police,Single Vehicle,Prince George's,,No,No,No,No,Yes,,,,No,True,No,3/21/2025,No,Point,38.790580948,-76.927678552,PGCOPD,101,16,03,,23,,23:25,2025,Friday,35,"Other Fixed Object (wall, building, tunnel, etc.)",08,Outside Road/Right-Of-Way,,,,,,,,,03,Dark - Lighted,3/21/2025,2025-03-21,,,F,N,105,Dirt Road/Trail,,,01,No,35,"Other Fixed Object (wall, building, tunnel, etc.)",08,Outside Road/Right-Of-Way,,,,,,,,,,