Crash Severity Description,Reportnumber,Agencyname,CollisionImpact Description,Crash County Description,FunctionalClass Description,ImpairedCrash,Large Vehicle Involved,Motorcycle Crash,Non-Motorist Crash,OffRoad,RoadName,Route Number,RouteType Description,Unrestrained Occupants,WithinDateRange,Work Zone Related,Crashdate,Work Zone Crash,CrashPoint,Latitude,Longitude,AgencyCode,CollisionImpact,Crash County,Crash Severity,Crash Within Interchange,Crashhour,CrashInterchangeApproaches,Crashtime,CrashYear,Dayofweek,FirstHarmEvent,FirstHarmEvent Description,FirstHarmLocation,FirstHarmLocation Description,FunctionalClass,Geometry Description,GovPropertyDamage,GovPropertyDamage Description,IntersectingRoadName,Intersection Geometry,JunctionRelated,JunctionRelated Description,Light,Light Description,LOD Crash Date,LOD Date Level,MilepointDirection,MilepointDistance,MilepointUnits,NonTrafficFatal,OffroadLocation,OffroadLocation Description,RoadID,RouteType,SchoolBusRelated,SchoolBusRelated Description,SecondHarmEvent,SecondHarmEvent Description,SecondHarmLocation,SecondHarmLocation Description,Surface,Surface Description,TrafficControl,Trafficcontrol Description,WZLawEnforcementPresent,WZLocation,WZLocation Description,WZType,WZType Description,WZWorkersPresent
Property Damage Crashes,DM8421003J,Takoma Park Police Department,Front to Rear,Prince George's,Principal Arterial – Other,No,No,No,No,No,UNIVERSITY BLVD (WB/L),193,MARYLAND ROUTE,No,True,No,3/31/2025,No,Point,38.989685479,-76.988072494,TAKOMA,03,16,03,No,7,,07:05,2025,Monday,12,Motor Vehicle In Transport,05,On Roadway,3,,,,,,09,Through Roadway,01,Daylight,3/31/2025,2025-03-31,N,266.72,F,N,,,B463F2061FB6A54FC5D81791F14EDDF642E538912877C1872558C34C22CF7098,MD,01,No,97,Not Applicable,,,01,Dry,,,,,,,,
Property Damage Crashes,DA4387001V,Prince George's County Police,Other,Prince George's,Local,No,No,No,No,No,METZEROTT RD,231,COUNTY ROAD,No,True,No,5/26/2025,No,Point,39.000500567,-76.941144818,PGCOPD,98,16,03,No,6,,06:07,2025,Monday,12,Motor Vehicle In Transport,05,On Roadway,7,,,,,,06,Non-Junction,01,Daylight,5/26/2025,2025-05-26,S,13.24,F,N,,,82D1A311DB0322921F5F2CEA34D236AD3EE7F8A2BF4C2AAC16A290A5CF79A093,CO,01,No,,,,,01,Dry,,,,,,,,
Property Damage Crashes,DA421200GF,Prince George's County Police,Single Vehicle,Prince George's,,No,No,No,No,Yes,,,,No,True,No,6/4/2025,No,Point,38.942648161,-76.897365171,PGCOPD,101,16,03,,6,,06:13,2025,Wednesday,30,Fence,08,Outside Road/Right-Of-Way,,,,,,,,,01,Daylight,6/4/2025,2025-06-04,,,F,N,106,Driveway,,,01,No,,,,,,,,,,,,,,
Property Damage Crashes,DA368800CZ,Prince George's County Police,"Sideswipe, Same Direction",Prince George's,Minor Arterial,No,No,No,No,No,LAUREL BOWIE RD,197,MARYLAND ROUTE,No,True,No,1/31/2025,No,Point,39.056522634,-76.837930504,PGCOPD,07,16,03,No,17,,17:30,2025,Friday,12,Motor Vehicle In Transport,05,On Roadway,4,,,,,,06,Non-Junction,03,Dark - Lighted,1/31/2025,2025-01-31,N,36.79,F,N,,,76FEF2CC6562A188DC6EE6DCDAF879F98C8739841211C748D2EFE9487C2C8608,MD,01,No,,,,,09,Wet,,,,,,,,
Property Damage Crashes,MSP78430035,Maryland State Police,"Sideswipe, Same Direction",Prince George's,Interstate,No,Yes,No,No,No,CAPITAL BELTWAY,495,INTERSTATE ROUTE,No,True,No,5/6/2025,No,Point,39.018970224,-76.959924983,MSP,07,16,03,No,11,,11:37,2025,Tuesday,12,Motor Vehicle In Transport,05,On Roadway,1,,,,,,06,Non-Junction,01,Daylight,5/6/2025,2025-05-06,N,8.73,F,N,,,BEC0B5637D9C66FB1A21E6F7C0DD9BA967CAFF2FAE895A6098F003055FBA08BC,IS,01,No,,,,,01,Dry,,,,,,,,
Injury Crashes,DA4296003Y,Prince George's County Police,Front to Rear,Prince George's,Principal Arterial – Other Freeways and Expressways,No,No,No,No,No,PENNSYLVANIA AVE,4,MARYLAND ROUTE,No,True,No,2/20/2025,No,Point,38.818324002,-76.840463990,PGCOPD,03,16,02,No,8,,08:48,2025,Thursday,12,Motor Vehicle In Transport,05,On Roadway,2,,,,,,09,Through Roadway,01,Daylight,2/20/2025,2025-02-20,W,16.91,F,N,,,527C0FE96F08EE1B95174814C09F424B366A3085BD7E3F98CE464B4A8C8552B8,MD,01,No,,,,,01,Dry,,,,,,,,
Property Damage Crashes,DA4391000Z,Prince George's County Police,"Sideswipe, Same Direction",Prince George's,Major Collector,No,No,No,No,No,WESTPHALIA RD,91,COUNTY ROAD,No,True,No,3/21/2025,No,Point,38.842761881,-76.856740554,PGCOPD,07,16,03,No,16,,16:25,2025,Friday,12,Motor Vehicle In Transport,05,On Roadway,5,,,,,,06,Non-Junction,01,Daylight,3/21/2025,2025-03-21,S,19.46,F,N,,,FAC6A5E34479006F24A70E1EE7F0B95C7A5D77A98E4F7DF2A5B8BDECB2F6D110,CO,01,No,12,Motor Vehicle In Transport,05,On Roadway,01,Dry,,,,,,,,
Property Damage Crashes,MSP7770007Q,Maryland State Police,Front to Rear,Prince George's,Minor Arterial,No,Yes,No,No,No,RITCHIE MARLBORO RD,221,MARYLAND ROUTE,No,True,No,4/24/2025,No,Point,38.869188333,-76.84748,MSP,03,16,03,No,10,,10:01,2025,Thursday,12,Motor Vehicle In Transport,05,On Roadway,4,,,,RAMP 8 FR IS 95 SB TO MD 221A WB,,04,Entrance/Exit Ramp or Related,01,Daylight,4/24/2025,2025-04-24,N,26.46,F,N,,,4EF1051EA8F9CA815DA2345FAE1312E93ED9E340EB5D1CAE8972E8503745B8CD,MD,01,No,,,,,01,Dry,,,,,,,,
Property Damage Crashes,DA37070052,Prince George's County Police,Rear To Side,Prince George's,,No,No,No,No,Yes,,,,No,True,No,5/19/2025,No,Point,38.964258432,-76.796022644,PGCOPD,05,16,03,,9,,09:15,2025,Monday,12,Motor Vehicle In Transport,04,"Off-Roadway, Location Unknown",,,,,,,,,01,Daylight,5/19/2025,2025-05-19,,,F,N,101,Parking Aisle,,,01,No,,,,,,,,,,,,,,
Property Damage Crashes,DA44280017,Prince George's County Police,"Sideswipe, Opposite Direction",Prince George's,Minor Arterial,No,No,No,No,No,GOOD LUCK RD,42,COUNTY ROAD,No,True,No,5/8/2025,No,Point,38.979944504,-76.848777297,PGCOPD,06,16,03,No,6,,06:51,2025,Thursday,12,Motor Vehicle In Transport,05,On Roadway,4,,,,,,09,Through Roadway,01,Daylight,5/8/2025,2025-05-08,S,8.28,F,N,,,7DB05C67F5C0156D2524ED1341D866D0DD16B9441547281E4C6A34AE9E4FEC69,CO,01,No,,,,,01,Dry,,,,,,,,
Property Damage Crashes,HV0141000R,University Park Police,Single Vehicle,Prince George's,Local,No,No,No,No,No,44TH AVE,440,MUNICIPAL ROAD,No,True,No,3/22/2025,No,Point,38.969148040,-76.939748608,UNIVERSITYPARK,101,16,03,No,17,03,17:00,2025,Saturday,27,Curb,09,Roadside,7,Perpendicular,,,UNDERWOOD ST #1,03,05,Intersection or Related,01,Daylight,3/22/2025,2025-03-22,E,0,F,N,,,11EF63FD86B6EB0467B06A6565369F5F0310311D7124EC4E91E29956D98E3145,MU,01,No,,,,,01,Dry,02,Stop - All Way,,,,,,
Property Damage Crashes,DA4388001L,Prince George's County Police,"Sideswipe, Same Direction",Prince George's,,No,No,No,No,Yes,,,,No,True,No,4/3/2025,No,Point,38.932393688,-76.891461548,PGCOPD,07,16,03,,12,,12:00,2025,Thursday,12,Motor Vehicle In Transport,02,In Parking Lane Or Zone,,,,,,,,,01,Daylight,4/3/2025,2025-04-03,,,F,N,101,Parking Aisle,,,01,No,,,,,,,,,,,,,,
Property Damage Crashes,DA43560031,Prince George's County Police,Single Vehicle,Prince George's,Principal Arterial – Other,No,No,No,No,No,PENNSYLVANIA AVE,4,MARYLAND ROUTE,No,True,No,2/25/2025,No,Point,38.862279784,-76.921180431,PGCOPD,101,16,03,No,17,,17:50,2025,Tuesday,28,Ditch,09,Roadside,3,,,,,,06,Non-Junction,01,Daylight,2/25/2025,2025-02-25,E,44.16,F,N,,,E185E8FB52CB73CC5412DF53F5F37AB24855C49E9EDF7BD541E5B955658188A4,MD,01,No,,,,,01,Dry,,,,,,,,
Injury Crashes,MSP738100BZ,Maryland State Police,"Sideswipe, Same Direction",Prince George's,Minor Collector,No,No,No,No,No,OLD INDIAN HEAD RD,135,COUNTY ROAD,No,True,No,3/15/2025,No,Point,38.75652,-76.810005,MSP,07,16,02,Yes,21,04,21:02,2025,Saturday,12,Motor Vehicle In Transport,05,On Roadway,6,Perpendicular,,,CRAIN HWY,03,05,Intersection or Related,03,Dark - Lighted,3/15/2025,2025-03-15,N,0,F,N,,,90FF9B89B9C0F38B25EB01E787AA5C9C709B1852186B65657A6D8DE496173D25,CO,01,No,,,,,01,Dry,01,Signalized,,,,,,
Property Damage Crashes,DA44010015,Prince George's County Police,Single Vehicle,Prince George's,Local,No,No,No,No,No,EMO ST,389,COUNTY ROAD,No,True,No,4/26/2025,No,Point,38.878013624,-76.919820569,PGCOPD,101,16,03,No,3,,03:36,2025,Saturday,30,Fence,05,On Roadway,7,,100,Local,,,06,Non-Junction,03,Dark - Lighted,4/26/2025,2025-04-26,N,17.53,F,N,,,911E597228727924EF9925E8695AE86036C29E90C4DA7AB7D823D5E333E4EA1D,CO,01,No,,,,,09,Wet,,,,,,,,
Property Damage Crashes,DA4368001H,Prince George's County Police,Front to Rear,Prince George's,Local,No,No,No,No,No,23RD PL,1093,COUNTY ROAD,No,True,No,1/19/2025,No,Point,38.835740002,-76.958353460,PGCOPD,03,16,03,No,19,,19:46,2025,Sunday,12,Motor Vehicle In Transport,05,On Roadway,7,,,,,,09,Through Roadway,03,Dark - Lighted,1/19/2025,2025-01-19,S,68.69,F,N,,,F7CE5C156A9D06A1D3373A58F56CFD4D93CD8E53376541EA21296CDABFE3A5A2,CO,01,No,,,,,02,Ice/Frost,,,,,,,,
Property Damage Crashes,DA4318004G,Prince George's County Police,Front to Rear,Prince George's,Minor Arterial,No,No,No,No,No,,637,MARYLAND ROUTE,No,True,No,4/30/2025,No,Point,38.851955994,-76.960192213,PGCOPD,03,16,03,No,16,,16:15,2025,Wednesday,12,Motor Vehicle In Transport,05,On Roadway,4,,,,,,09,Through Roadway,01,Daylight,4/30/2025,2025-04-30,W,143.88,F,N,,,41CBD015AB43A2514A98C907F452DF6BC697E6D2CF1C8BDD9988A761CBDCA52B,MD,01,No,,,,,01,Dry,,,,,,,,
Property Damage Crashes,RD0133001H,Riverdale Park Police Department,Front to Rear,Prince George's,,No,No,No,No,Yes,,,,No,True,No,6/7/2025,No,Point,38.964073598,-76.939512535,RIVERDALE,03,16,03,,0,,00:49,2025,Saturday,12,Motor Vehicle In Transport,02,In Parking Lane Or Zone,,,,,,,,,03,Dark - Lighted,6/7/2025,2025-06-07,,,F,N,106,Driveway,,,01,No,,,,,,,,,,,,,,
Property Damage Crashes,MSP585801HG,Maryland State Police,"Sideswipe, Same Direction",Prince George's,Principal Arterial – Other,Yes,No,No,No,No,CENTRAL AVE,214,MARYLAND ROUTE,No,True,No,5/4/2025,No,Point,38.898753380,-76.829883965,MSP,07,16,03,No,5,,05:10,2025,Sunday,12,Motor Vehicle In Transport,05,On Roadway,3,,101,State,,,09,Through Roadway,03,Dark - Lighted,5/4/2025,2025-05-04,E,54.46,F,N,,,164FEE839472FE3F30DA06F1C8A6E15ED4D8918AFEE56ED56C1A5EE85E9FEC9B,MD,01,No,32,Guardrail Face,09,Roadside,01,Dry,,,,,,,,
Property Damage Crashes,RD0136000H,Riverdale Park Police Department,Front to Rear,Prince George's,Principal Arterial – Other,No,No,No,No,No,,1,UNITED STATE ROUTE,Yes,True,No,4/28/2025,No,Point,38.965543400,-76.938918686,RIVERDALE,03,16,03,No,5,,05:52,2025,Monday,12,Motor Vehicle In Transport,05,On Roadway,3,,,,,,99,Unknown,01,Daylight,4/28/2025,2025-04-28,N,15.43,F,N,,,2C72031DF7560282694AD35E91330EFE07AB5EE04A13BDCC40B4981AA3443864,US,01,No,,,,,01,Dry,,,,,,,,
Property Damage Crashes,DA309400C0,Prince George's County Police,Other,Prince George's,Principal Arterial – Other,No,No,No,No,No,GLENN DALE BLVD (WB/L),193,MARYLAND ROUTE,No,True,No,4/11/2025,No,Point,38.978244328,-76.803072859,PGCOPD,98,16,03,Yes,7,04,07:50,2025,Friday,12,Motor Vehicle In Transport,05,On Roadway,3,Angled/Skewed,,,DAISY LA,01,05,Intersection or Related,01,Daylight,4/11/2025,2025-04-11,S,0,F,N,,,B041C07515F53361691B046F077DB1FBF6F531E68F0BF0B90DAFE87DDC81764E,MD,01,No,,,,,01,Dry,01,Signalized,,,,,,
Property Damage Crashes,DA43920014,Prince George's County Police,Front to Front,Prince George's,Local,No,No,No,No,No,LIVINGSTON TERR,2481,COUNTY ROAD,Yes,True,No,4/12/2025,No,Point,38.815061160,-76.996115999,PGCOPD,02,16,03,No,3,,03:40,2025,Saturday,12,Motor Vehicle In Transport,05,On Roadway,7,,,,,,09,Through Roadway,03,Dark - Lighted,4/12/2025,2025-04-12,N,11.49,F,N,,,2727CC366144F08B53440FC539F034B19180149503D67286E96F90D22FF15AB7,CO,01,No,,,,,09,Wet,,,,,,,,
Injury Crashes,MSP585801GD,Maryland State Police,Single Vehicle,Prince George's,Principal Arterial – Other,Yes,No,No,No,No,CRAIN HWY,301,UNITED STATE ROUTE,No,True,No,3/16/2025,No,Point,38.7976,-76.760585,MSP,101,16,02,No,0,,00:40,2025,Sunday,31,Guardrail End Terminal,09,Roadside,3,,101,State,,,09,Through Roadway,04,Dark - Not Lighted,3/16/2025,2025-03-16,W,4.65,F,N,,,D099F33ED6F4A7FE280C467C015789852513C4EBB7CC01576272A1FD8D3AF3D5,US,01,No,,,,,01,Dry,,,,,,,,
Property Damage Crashes,DA2977003J,Prince George's County Police,Unknown,Prince George's,Local,No,No,No,No,No,SWANN RD,1035,COUNTY ROAD,No,True,No,5/12/2025,No,Point,38.837201895,-76.919545884,PGCOPD,99,16,03,No,1,,01:00,2025,Monday,12,Motor Vehicle In Transport,05,On Roadway,7,,,,,,06,Non-Junction,05,Dark - Unknown Lighting,5/12/2025,2025-05-12,W,35.79,F,N,,,EA7A6EEA35BA08DDC11A7785C6EE08EC4C670267A1E36B0BED18DAC09629DD0A,CO,01,No,15,Parked Vehicle,02,In Parking Lane Or Zone,01,Dry,,,,,,,,
Property Damage Crashes,DA4320002R,Prince George's County Police,Single Vehicle,Prince George's,Major Collector,No,No,No,No,No,FISHER RD,125,COUNTY ROAD,No,True,No,2/9/2025,No,Point,38.806184831,-76.957557025,PGCOPD,101,16,03,No,19,,19:31,2025,Sunday,40,Tree (standing),08,Outside Road/Right-Of-Way,5,,,,,,09,Through Roadway,03,Dark - Lighted,2/9/2025,2025-02-09,E,28.32,F,N,,,E1317957A9EB0C07355134FA4965388CFEEC4AD43F0F904D818F898F2C22DBC6,CO,01,No,,,,,01,Dry,,,,,,,,
Injury Crashes,MSP7765008F,Maryland State Police,Front to Rear,Prince George's,Principal Arterial – Other,Yes,No,No,No,No,CRAIN HWY,301,UNITED STATE ROUTE,No,True,No,6/2/2025,No,Point,38.815524962,-76.737680223,MSP,03,16,02,No,0,,00:54,2025,Monday,12,Motor Vehicle In Transport,05,On Roadway,3,,,,,,09,Through Roadway,03,Dark - Lighted,6/2/2025,2025-06-02,E,3.92,F,N,,,A9048A976749BDADDBBA1330C3A453190D3E11897AE8258094330CD91E7ADEC1,US,01,No,,,,,01,Dry,,,,,,,,
Property Damage Crashes,DA4327003N,Prince George's County Police,Angle,Prince George's,Major Collector,No,No,No,No,No,WESTPHALIA RD,91,COUNTY ROAD,No,True,No,2/19/2025,No,Point,38.839257432,-76.861933645,PGCOPD,01,16,03,No,15,,15:50,2025,Wednesday,12,Motor Vehicle In Transport,05,On Roadway,5,,,,,,04,Entrance/Exit Ramp or Related,01,Daylight,2/19/2025,2025-02-19,S,13.66,F,N,,,089F31F2BB2639C176C6B5244BBBEE8FE5C157F5BDEA05C080C09F9BFDA900BC,CO,01,No,,,,,07,Snow,,,,,,,,
Injury Crashes,DA3304004V,Prince George's County Police,Rear To Side,Prince George's,Local,No,No,No,No,No,POWDER HORN DR,4754,COUNTY ROAD,No,True,No,5/14/2025,No,Point,38.739845503,-76.973865260,PGCOPD,05,16,02,No,7,,07:44,2025,Wednesday,12,Motor Vehicle In Transport,05,On Roadway,7,,,,OLD FORT RD,,06,Non-Junction,01,Daylight,5/14/2025,2025-05-14,S,9.03,F,N,,,AF2BF396A3A9A8186D406209ACDFD02D2A2AAE8DAAFF08C93AFA50CCC45EC625,CO,01,No,,,,,09,Wet,,,,,,,,
Property Damage Crashes,DA4274007C,Prince George's County Police,Single Vehicle,Prince George's,Major Collector,No,No,No,No,No,ACCOKEEK RD,373,MARYLAND ROUTE,No,True,No,2/13/2025,No,Point,38.673421646,-76.972168188,PGCOPD,101,16,03,Yes,8,02,08:59,2025,Thursday,30,Fence,08,Outside Road/Right-Of-Way,5,Angled/Skewed,,,BERRY RD,01,05,Intersection or Related,01,Daylight,2/13/2025,2025-02-13,S,0,F,N,,,E9F79412EF34142D9B202C3A98B378E110AE90425A4757165EF06CB8030E65F4,MD,01,No,,,,,09,Wet,03,Stop - Partial,,,,,,
Injury Crashes,MSP745000JY,Maryland State Police,Front to Rear,Prince George's,Principal Arterial – Other,No,No,No,No,No,CRAIN HWY,301,UNITED STATE ROUTE,No,True,No,4/23/2025,No,Point,38.946413333,-76.717736667,MSP,03,16,02,No,13,,13:03,2025,Wednesday,12,Motor Vehicle In Transport,05,On Roadway,3,,,,,,09,Through Roadway,01,Daylight,4/23/2025,2025-04-23,S,54.04,F,N,,,9CB1D157D913CE29F71760AEB81B81379AF4995D0BBCEF8C7149E57968DA3BBF,US,01,No,97,Not Applicable,,,01,Dry,,,,,,,,
Property Damage Crashes,DJ0183001B,Seat Pleasant Police Department,Rear To Side,Prince George's,Local,No,No,No,No,No,GLEN WILLOW DR,2949,COUNTY ROAD,Yes,True,No,2/6/2025,No,Point,38.902362499,-76.900380027,SEATPLEASANT,05,16,03,No,18,,18:30,2025,Thursday,12,Motor Vehicle In Transport,05,On Roadway,7,,,,,,01,Acceleration/Deceleration Lane,03,Dark - Lighted,2/6/2025,2025-02-06,N,23.54,F,N,,,71854F6E5B12715E0F6D9A072A40DA752EA40D3DC6468F74DADF5D12D0A10403,CO,01,No,,,,,01,Dry,,,,,,,,
Injury Crashes,DA43350047,Prince George's County Police,Single Vehicle,Prince George's,Local,No,No,No,Yes,No,HIL MAR DR,2668,COUNTY ROAD,No,True,No,5/15/2025,No,Point,38.843417768,-76.893032748,PGCOPD,101,16,02,No,0,,00:19,2025,Thursday,17,Pedestrian,05,On Roadway,7,,,,,,06,Non-Junction,04,Dark - Not Lighted,5/15/2025,2025-05-15,W,16.09,F,N,,,E69F66189E982611F7F21EF992E7A1F1A4BA186A7E4C3976B2788AEEDE5BB772,CO,01,No,,,,,09,Wet,,,,,,,,
Property Damage Crashes,CE5221002Q,Laurel Police Department,Front to Rear,Prince George's,Principal Arterial – Other,No,No,No,No,No,FORT MEADE RD,198,MARYLAND ROUTE,No,True,No,2/14/2025,No,Point,39.095079268,-76.840286905,LAUREL,03,16,03,No,13,,13:19,2025,Friday,12,Motor Vehicle In Transport,05,On Roadway,3,,,,,,06,Non-Junction,01,Daylight,2/14/2025,2025-02-14,E,30.29,F,N,,,E09E9425864BE2F2B124B9061FCAFB02515CDB0EC1D2F61D5CEC61173217BE46,MD,01,No,,,,,01,Dry,,,,,,,,
Property Damage Crashes,DA40740082,Prince George's County Police,Single Vehicle,Prince George's,Principal Arterial – Other Freeways and Expressways,Yes,No,No,No,No,INDIAN HEAD HWY (SB/L),210,MARYLAND ROUTE,No,True,No,4/26/2025,No,Point,38.769492514,-76.995295434,PGCOPD,101,16,03,No,7,,07:00,2025,Saturday,32,Guardrail Face,07,"On Shoulder, Right Side",2,,,,,,06,Non-Junction,01,Daylight,4/26/2025,2025-04-26,S,59.32,F,N,,,A0202E73BAFB7C92EDCB9A8BA4A944D45544F6DBE660C412CC63B43703D38378,MD,01,No,,,,,09,Wet,,,,,,,,
Property Damage Crashes,DA404800GQ,Prince George's County Police,Front to Rear,Prince George's,Minor Arterial,No,No,No,No,No,INDIAN HEAD HWY,210,MARYLAND ROUTE,No,True,No,1/5/2025,No,Point,38.814974522,-76.998475039,PGCOPD,03,16,03,No,2,,02:10,2025,Sunday,12,Motor Vehicle In Transport,05,On Roadway,4,,,,,,06,Non-Junction,03,Dark - Lighted,1/5/2025,2025-01-05,S,46.98,F,N,,,96DA5DCFD876F990B3E178C34CA80549A0741B71CA5AF8BD077ACE5DBFEADC63,MD,01,No,,,,,01,Dry,,,,,,,,
Property Damage Crashes,DA4301003V,Prince George's County Police,Front to Rear,Prince George's,Local,No,No,No,No,No,MCKENDREE RD (EB/L),3853,COUNTY ROAD,No,True,No,3/26/2025,No,Point,38.663237123,-76.876824221,PGCOPD,03,16,03,No,16,,16:13,2025,Wednesday,12,Motor Vehicle In Transport,05,On Roadway,7,,,,,,06,Non-Junction,01,Daylight,3/26/2025,2025-03-26,E,543.69,F,N,,,E2F61E6AA52EC95B67497DFA69E1511C95D8A6730223228460CED6C33CA1E995,CO,01,No,,,,,01,Dry,,,,,,,,
Property Damage Crashes,DA4379001X,Prince George's County Police,Angle,Prince George's,Local,No,No,No,No,No,LEBANON ST,879,COUNTY ROAD,No,True,No,6/1/2025,No,Point,38.987831278,-76.970604719,PGCOPD,01,16,03,No,1,,01:18,2025,Sunday,12,Motor Vehicle In Transport,05,On Roadway,7,,,,20TH AVE,,01,Acceleration/Deceleration Lane,03,Dark - Lighted,6/1/2025,2025-06-01,N,9.85,F,N,,,FC929BE5BC15BEF864B7D83D739807EF47F8AC3F6EF8B8AB0FB807344CF706A5,CO,01,No,,,,,01,Dry,,,,,,,,
Property Damage Crashes,DA4358002Y,Prince George's County Police,"Sideswipe, Same Direction",Prince George's,Major Collector,No,No,No,No,No,RALEIGH RD,3733,COUNTY ROAD,No,True,No,5/3/2025,No,Point,38.823436528,-76.949959372,PGCOPD,07,16,03,No,15,04,15:46,2025,Saturday,12,Motor Vehicle In Transport,05,On Roadway,5,Perpendicular,,,ST BARNABAS RD ST BARNABAS RD (WB/L) TEMPLE HILL RD TEMPLE HILL RD (SB/L),03,05,Intersection or Related,01,Daylight,5/3/2025,2025-05-03,S,0,F,N,,,AC35A7F09AC8E7EB76A4F925227B0681A895AF0D7E05A07C072E0438F425BDFB,CO,01,No,,,,,01,Dry,01,Signalized,,,,,,
Property Damage Crashes,MSP7776005X,Maryland State Police,Front to Rear,Prince George's,Interstate,Yes,No,No,No,No,JOHN HANSON HWY,595,INTERSTATE ROUTE,No,True,No,4/7/2025,No,Point,38.944921130,-76.803487802,MSP,03,16,03,No,1,,01:21,2025,Monday,15,Parked Vehicle,05,On Roadway,1,,,,,,06,Non-Junction,04,Dark - Not Lighted,4/7/2025,2025-04-07,N,36.48,F,N,,,922F4A1880F3966842AD75518126679E27849B09F449938539D337B755930069,IS,01,No,,,,,01,Dry,,,,,,,,
Property Damage Crashes,MSP7664008X,Maryland State Police,Single Vehicle,Prince George's,Minor Arterial,No,No,No,No,No,CENTRAL AVE,214,MARYLAND ROUTE,No,True,No,2/10/2025,No,Point,38.906720449,-76.674664717,MSP,101,16,03,No,5,,05:14,2025,Monday,31,Guardrail End Terminal,09,Roadside,4,,101,State,,,09,Through Roadway,04,Dark - Not Lighted,2/10/2025,2025-02-10,E,29.97,F,N,,,A2EC1164B5D8D57BC7C061471BB4C45059FFE2F50C44C9A619D534322B5F4511,MD,01,No,,,,,01,Dry,,,,,,,,
Property Damage Crashes,MSP78750042,Maryland State Police,Single Vehicle,Prince George's,Interstate,No,No,No,No,No,CAPITAL BELTWAY (SB/L),95,INTERSTATE ROUTE,No,True,Yes,5/7/2025,Yes,Point,38.818283333,-76.933493333,MSP,101,16,03,No,20,,20:43,2025,Wednesday,13,Other Non-Fixed Object,05,On Roadway,1,,,,,,06,Non-Junction,03,Dark - Lighted,5/7/2025,2025-05-07,N,15.04,F,N,,,A33AC2FC40B3BDFF54EB73D5177C5647B839CB87CA0056AC244F2645DF3E0200,IS,01,No,,,,,01,Dry,,,N,02,Advance Warning Area,03,Work on Shoulder or Median,Yes
Property Damage Crashes,AT10390005,Capitol Heights Police Department,"Sideswipe, Same Direction",Prince George's,Major Collector,No,No,No,No,No,LARCHMONT AVE,828,COUNTY ROAD,No,True,No,4/3/2025,No,Point,38.8790797,-76.9193674,CAPITOLHEIGHTS,07,16,03,No,23,,23:00,2025,Thursday,15,Parked Vehicle,05,On Roadway,5,,,,,,06,Non-Junction,05,Dark - Unknown Lighting,4/3/2025,2025-04-03,S,68.26,F,N,,,450759D467D360578B1EE0CB2107046B20EB90E992980101D036BFC6AB55CF9F,CO,01,No,,,,,01,Dry,,,,,,,,
Property Damage Crashes,ZP0375000C,Prince George's County Sheriff's Office,Angle,Prince George's,Principal Arterial – Other,No,No,No,No,No,LANDOVER RD (SB/L),202,MARYLAND ROUTE,No,True,No,5/19/2025,No,Point,38.917226278,-76.849072964,PGCOSHERIFF,01,16,03,Yes,12,,12:33,2025,Monday,12,Motor Vehicle In Transport,05,On Roadway,3,,,,,,04,Entrance/Exit Ramp or Related,01,Daylight,5/19/2025,2025-05-19,E,14.7,F,N,,,5417CD15323775C3762F07DC04D18F78A8373AD294E9E16617D6A2428BABA114,MD,01,No,,,,,01,Dry,,,,,,,,
Fatal Crashes,MSP726800HF,Maryland State Police,Single Vehicle,Prince George's,Principal Arterial – Other,Yes,No,No,No,No,PENNSYLVANIA AVE (SB/L),4,MARYLAND ROUTE,No,True,No,4/23/2025,No,Point,38.811588427,-76.810337008,MSP,101,16,01,No,8,,08:55,2025,Wednesday,101,Units Separated,04,"Off-Roadway, Location Unknown",3,,,,,,06,Non-Junction,01,Daylight,4/23/2025,2025-04-23,W,32.31,F,N,,,6DFE6FDF5BDBC1651CE79FF0EE4F010E1AB01ED1E96EF6E1136D3BD8156C1F70,MD,01,No,,,,,01,Dry,,,,,,,,
Property Damage Crashes,MSP7839002Y,Maryland State Police,Front to Rear,Prince George's,Interstate,No,No,No,No,No,NO NAME (SB/L),95,INTERSTATE ROUTE,No,True,No,3/1/2025,No,Point,39.033766586,-76.942993800,MSP,03,16,03,No,18,,18:01,2025,Saturday,12,Motor Vehicle In Transport,05,On Roadway,1,,,,,,06,Non-Junction,01,Daylight,3/1/2025,2025-03-01,S,25.52,F,N,,,3DB6F32B95DEE29280257B641DF1A8A2E8792FFBBEFFCD73EB70109B48815E2F,IS,01,No,,,,,01,Dry,,,,,,,,
Property Damage Crashes,DA3442004G,Prince George's County Police,"Sideswipe, Opposite Direction",Prince George's,Major Collector,No,No,No,No,No,38TH AVE,208,MARYLAND ROUTE,No,True,No,5/11/2025,No,Point,38.937127914,-76.952466176,PGCOPD,06,16,03,No,3,,03:25,2025,Sunday,12,Motor Vehicle In Transport,05,On Roadway,5,,,,,,09,Through Roadway,03,Dark - Lighted,5/11/2025,2025-05-11,S,34.16,F,N,,,A9A0D1E454190F66A46A1B151771CAE003E463C0E67FFBE9298D6F67EE11BB37,MD,01,No,,,,,01,Dry,,,,,,,,