Crash Severity Description,Reportnumber,Agencyname,CollisionImpact Description,Crash County Description,FunctionalClass Description,ImpairedCrash,Large Vehicle Involved,Motorcycle Crash,Non-Motorist Crash,OffRoad,RoadName,Route Number,RouteType Description,Unrestrained Occupants,WithinDateRange,Work Zone Related,Crashdate,Work Zone Crash,CrashPoint,Latitude,Longitude,AgencyCode,CollisionImpact,Crash County,Crash Severity,Crash Within Interchange,Crashhour,CrashInterchangeApproaches,Crashtime,CrashYear,Dayofweek,FirstHarmEvent,FirstHarmEvent Description,FirstHarmLocation,FirstHarmLocation Description,FunctionalClass,Geometry Description,GovPropertyDamage,GovPropertyDamage Description,IntersectingRoadName,Intersection Geometry,JunctionRelated,JunctionRelated Description,Light,Light Description,LOD Crash Date,LOD Date Level,MilepointDirection,MilepointDistance,MilepointUnits,NonTrafficFatal,OffroadLocation,OffroadLocation Description,RoadID,RouteType,SchoolBusRelated,SchoolBusRelated Description,SecondHarmEvent,SecondHarmEvent Description,SecondHarmLocation,SecondHarmLocation Description,Surface,Surface Description,TrafficControl,Trafficcontrol Description,WZLawEnforcementPresent,WZLocation,WZLocation Description,WZType,WZType Description,WZWorkersPresent
Property Damage Crashes,DA4251006X,Prince George's County Police,Angle,Prince George's,Minor Arterial,No,No,No,No,No,ANNAPOLIS RD,450,MARYLAND ROUTE,No,True,No,5/7/2025,No,Point,38.963620499,-76.857518403,PGCOPD,01,16,03,No,8,,08:10,2025,Wednesday,12,Motor Vehicle In Transport,05,On Roadway,4,,,,,,09,Through Roadway,01,Daylight,5/7/2025,2025-05-07,W,17.63,F,N,,,A90419A54B6267342A911911166891B913876DD644C98EF50B9F89D0EC893CFE,MD,01,No,,,,,01,Dry,,,,,,,,
Property Damage Crashes,DA42680078,Prince George's County Police,"Sideswipe, Same Direction",Prince George's,Principal Arterial – Other,No,No,No,No,No,UNIVERSITY BLVD,193,MARYLAND ROUTE,No,True,Yes,2/22/2025,Yes,Point,38.984535227,-76.966438918,PGCOPD,07,16,03,No,9,,09:42,2025,Saturday,12,Motor Vehicle In Transport,05,On Roadway,3,,,,,,09,Through Roadway,01,Daylight,2/22/2025,2025-02-22,E,28.42,F,N,,,1C0BB566C95B3F7E9B5D6E0BFB7F564CA6E1CFA893B457008F1B7288D8A83012,MD,01,No,,,,,01,Dry,,,N,04,Activity Area,05,Other Type of Work Zone,Yes
Property Damage Crashes,DA4378002B,Prince George's County Police,"Sideswipe, Same Direction",Prince George's,Minor Arterial,No,No,No,No,No,AMMENDALE RD,212,MARYLAND ROUTE,No,True,No,1/13/2025,No,Point,39.053573147,-76.918100658,PGCOPD,07,16,03,No,20,,20:00,2025,Monday,12,Motor Vehicle In Transport,05,On Roadway,4,,,,,,06,Non-Junction,04,Dark - Not Lighted,1/13/2025,2025-01-13,S,8.87,F,N,,,A3C39C78EA7EC7D268042B10CCBD437CA7235245249893662BAB6B5C40FABF9A,MD,01,No,,,,,01,Dry,,,,,,,,
Property Damage Crashes,MSP7839004F,Maryland State Police,Front to Rear,Prince George's,Principal Arterial – Other Freeways and Expressways,No,No,No,No,No,BRANCH AVE,5,MARYLAND ROUTE,No,True,No,4/19/2025,No,Point,38.811293333,-76.91023,MSP,03,16,03,No,20,,20:46,2025,Saturday,12,Motor Vehicle In Transport,05,On Roadway,2,,,,,,06,Non-Junction,01,Daylight,4/19/2025,2025-04-19,W,40.95,F,N,,,473C588DB7425E7C1C7F7AEDEDF79417D17E22E4F2B42B782C6AFF93DBC6D8D3,MD,01,No,,,,,01,Dry,,,,,,,,
Property Damage Crashes,MSP7839001G,Maryland State Police,Single Vehicle,Prince George's,Interstate,No,No,No,No,No,CAPITAL BELTWAY,95,INTERSTATE ROUTE,No,True,No,1/13/2025,No,Point,38.818226742,-76.899125095,MSP,101,16,03,No,1,,01:55,2025,Monday,31,Guardrail End Terminal,09,Roadside,1,,101,State,,,06,Non-Junction,04,Dark - Not Lighted,1/13/2025,2025-01-13,E,63.75,F,N,,,ECC8E9B16B413DD36710F43A5A867CFA39A3DF20224EC3BE6ED5A0F850425B4D,IS,01,No,28,Ditch,03,Median,01,Dry,,,,,,,,
Property Damage Crashes,DA38370026,Prince George's County Police,Single Vehicle,Prince George's,Local,No,No,No,No,No,MARBLE CT,5358,COUNTY ROAD,No,True,No,2/23/2025,No,Point,38.855143436,-76.862230041,PGCOPD,101,16,03,No,22,,22:00,2025,Sunday,06,Other Non-Collision,99,Unknown,7,,,,,,99,Unknown,03,Dark - Lighted,2/23/2025,2025-02-23,S,17.18,F,N,,,BB02F4D6E7C418D3A690ECDD658E692EBF551A7015EACDC6856FEEB1D5699370,CO,01,No,,,,,01,Dry,,,,,,,,
Property Damage Crashes,DA43710026,Prince George's County Police,Front to Front,Prince George's,,No,No,No,No,No,,5,MARYLAND ROUTE,No,True,No,5/22/2025,No,Point,38.675999701,-76.875390833,PGCOPD,02,16,03,No,17,,17:56,2025,Thursday,12,Motor Vehicle In Transport,05,On Roadway,,,,,,,06,Non-Junction,01,Daylight,5/22/2025,2025-05-22,W,89.82,F,N,,,FFEED657F0662C63BD1B651ED00F19D2AABFAA8A78EB04904ECA9D3999F006B7,MD,01,No,,,,,09,Wet,,,,,,,,
Property Damage Crashes,MSP546601SN,Maryland State Police,"Sideswipe, Same Direction",Prince George's,Interstate,No,No,No,No,No,CAPITAL BELTWAY (SB LOCAL),95,INTERSTATE ROUTE,No,True,No,4/2/2025,No,Point,38.804906667,-76.996573333,MSP,07,16,03,Yes,6,,06:44,2025,Wednesday,12,Motor Vehicle In Transport,07,"On Shoulder, Right Side",1,,,,,,09,Through Roadway,01,Daylight,4/2/2025,2025-04-02,S,33.56,F,N,,,D9FEBED127F8510E2174A983C2C722B93562EE320AE87C478D8BC7E88AB18EF4,IS,01,No,,,,,01,Dry,,,,,,,,
Property Damage Crashes,CE4233002P,Laurel Police Department,Front to Front,Prince George's,,No,No,No,No,Yes,,,,No,True,No,3/31/2025,No,Point,39.096003622,-76.839222177,LAUREL,02,16,03,,20,,20:48,2025,Monday,15,Parked Vehicle,02,In Parking Lane Or Zone,,,,,,,,,03,Dark - Lighted,3/31/2025,2025-03-31,,,F,N,100,Parking Stall,,,01,No,,,,,,,,,,,,,,
Injury Crashes,DA4359001C,Prince George's County Police,"Sideswipe, Same Direction",Prince George's,Minor Arterial,No,No,No,No,No,MUIRKIRK RD,21,COUNTY ROAD,No,True,No,1/14/2025,No,Point,39.063627512,-76.841330366,PGCOPD,07,16,02,No,7,,07:34,2025,Tuesday,12,Motor Vehicle In Transport,05,On Roadway,4,,,,,,06,Non-Junction,01,Daylight,1/14/2025,2025-01-14,N,32.71,F,N,,,D53BB1D2DE01A12D71DE1615ED02F7980AE20FA5F08A9BE7743567DE3BEFEA4E,CO,01,No,,,,,01,Dry,,,,,,,,
Property Damage Crashes,DA3726009Y,Prince George's County Police,Other,Prince George's,Minor Arterial,No,No,No,No,No,ANNAPOLIS RD (WB/L),450,MARYLAND ROUTE,No,True,No,2/4/2025,No,Point,38.938839458,-76.910860250,PGCOPD,98,16,03,Yes,6,02,06:27,2025,Tuesday,12,Motor Vehicle In Transport,05,On Roadway,4,Perpendicular,,,62ND AVE NO NAME,03,05,Intersection or Related,100,Dawn,2/4/2025,2025-02-04,N,0,F,N,,,95067DEED2F9D699F2E2A9AC2F35FD650691C5B4176FC0D6F5F237EB5FC07258,MD,01,No,,,,,01,Dry,05,No Controls,,,,,,
Property Damage Crashes,DA43280039,Prince George's County Police,Front to Front,Prince George's,Minor Arterial,No,No,No,No,No,WHEELER RD,110,COUNTY ROAD,Yes,True,No,4/29/2025,No,Point,38.824079396,-76.971352397,PGCOPD,02,16,03,No,15,,15:29,2025,Tuesday,12,Motor Vehicle In Transport,99,Unknown,4,,,,,,06,Non-Junction,01,Daylight,4/29/2025,2025-04-29,W,33.21,F,N,,,19B8750C4A28A2CFE542F4ADDCA833EEEB6DBA727349CA503F5D8450B8F707BA,CO,01,No,,,,,01,Dry,,,,,,,,
Property Damage Crashes,DA43740036,Prince George's County Police,Single Vehicle,Prince George's,Local,No,No,No,No,No,97TH AVE,2861,COUNTY ROAD,No,True,No,2/4/2025,No,Point,38.985661050,-76.844983184,PGCOPD,101,16,03,No,16,,16:39,2025,Tuesday,40,Tree (standing),08,Outside Road/Right-Of-Way,7,,,,,,09,Through Roadway,01,Daylight,2/4/2025,2025-02-04,S,13.14,F,N,,,8AB993E03F0C0145607A18082FC1690789FB0E6F96888ECAD1086D6DB6E2216C,CO,01,No,,,,,01,Dry,,,,,,,,
Property Damage Crashes,MSP7395008X,Maryland State Police,Single Vehicle,Prince George's,Interstate,No,No,No,No,No,IS 95 SB CD LANE FR MD 198 TO MD 200,95,INTERSTATE ROUTE,No,True,No,1/16/2025,No,Point,39.085454961,-76.900604416,MSP,101,16,03,No,4,,04:45,2025,Thursday,32,Guardrail Face,07,"On Shoulder, Right Side",1,,101,State,,,06,Non-Junction,03,Dark - Lighted,1/16/2025,2025-01-16,E,782.02,F,N,,,D9E97C214206B07BC01D57846AE5AC05697BB587E2564D2C11EE2D5EE1CB6135,IS,01,No,,,,,01,Dry,,,,,,,,
Property Damage Crashes,AT1036000B,Capitol Heights Police Department,Front to Rear,Prince George's,Minor Arterial,No,No,No,No,No,CENTRAL AVE,332,MARYLAND ROUTE,No,True,No,4/20/2025,No,Point,38.884983756,-76.916232287,CAPITOLHEIGHTS,03,16,03,No,13,,13:30,2025,Sunday,12,Motor Vehicle In Transport,05,On Roadway,4,,,,,,01,Acceleration/Deceleration Lane,01,Daylight,4/20/2025,2025-04-20,N,42.8,F,N,,,14C58719FAC0ADDF5A1CA32BCAFCD95C0A6695B11235F43FD2F4DDEEBB3E39E8,MD,01,No,12,Motor Vehicle In Transport,05,On Roadway,01,Dry,,,,,,,,
Property Damage Crashes,DA44230012,Prince George's County Police,"Sideswipe, Same Direction",Prince George's,Principal Arterial – Other,No,No,No,No,No,MARTIN LUTHER KING JR HWY,704,MARYLAND ROUTE,No,True,No,3/27/2025,No,Point,38.921254824,-76.877517212,PGCOPD,07,16,03,No,14,,14:18,2025,Thursday,12,Motor Vehicle In Transport,05,On Roadway,3,,,,,,09,Through Roadway,01,Daylight,3/27/2025,2025-03-27,W,15.02,F,N,,,EDDF6DCA0AE974EACFB63D01963C168438E867CE6BCC0BE3C3F49E659656AB17,MD,01,No,,,,,01,Dry,,,,,,,,
Property Damage Crashes,HB04720009,Maryland-National Capital Park Police Prince George's County,Angle,Prince George's,,No,No,No,No,Yes,,,,No,True,No,1/11/2025,No,Point,38.812171483,-76.744237337,PGPARK,01,16,03,,8,,08:22,2025,Saturday,12,Motor Vehicle In Transport,05,On Roadway,,,,,,,,,99,Unknown,1/11/2025,2025-01-11,,,F,N,102,Parking Lot Way,,,01,No,15,Parked Vehicle,05,On Roadway,,,,,,,,,,
Property Damage Crashes,DJ01740036,Seat Pleasant Police Department,Front to Rear,Prince George's,Major Collector,No,No,No,No,No,ADDISON RD,351,COUNTY ROAD,No,True,No,5/14/2025,No,Point,38.896719517,-76.908606306,SEATPLEASANT,03,16,03,No,16,,16:26,2025,Wednesday,12,Motor Vehicle In Transport,05,On Roadway,5,,,,,,01,Acceleration/Deceleration Lane,01,Daylight,5/14/2025,2025-05-14,W,19.31,F,N,,,DB101B3640FF8BD76C3A34C1AFFDA7B6F5D22CFC418926A17B34240A0DDE2A6D,CO,01,No,97,Not Applicable,,,01,Dry,,,,,,,,
Property Damage Crashes,DA4374003P,Prince George's County Police,Front to Rear,Prince George's,,No,No,No,No,No,CIPRIANO RD (NB/L),28,COUNTY ROAD,No,True,No,4/5/2025,No,Point,38.970852063,-76.858632683,PGCOPD,03,16,03,No,16,,16:20,2025,Saturday,12,Motor Vehicle In Transport,05,On Roadway,,,,,5TH ST,,09,Through Roadway,01,Daylight,4/5/2025,2025-04-05,W,23.53,F,N,,,0599534F6E143996A5531C8138BCE0A3F119BDDBE5C22ACFC52D3F0881C3F717,CO,01,No,,,,,01,Dry,,,,,,,,
Property Damage Crashes,DA418800G2,Prince George's County Police,Angle,Prince George's,Major Collector,No,No,No,No,No,COOPER LA,332,COUNTY ROAD,No,True,No,4/9/2025,No,Point,38.941519381,-76.903011803,PGCOPD,01,16,03,No,21,,21:36,2025,Wednesday,12,Motor Vehicle In Transport,05,On Roadway,5,,,,,,03,Driveway Access or Related,03,Dark - Lighted,4/9/2025,2025-04-09,N,17.29,F,N,,,925BEC34B5F5B3067BFE14165DBC6AF25A39F38071A661D1693C53BCAE7536CB,CO,01,No,,,,,01,Dry,,,,,,,,
Property Damage Crashes,DA4357002H,Prince George's County Police,Front to Rear,Prince George's,Minor Arterial,No,No,No,No,No,BRANDYWINE RD,599,COUNTY ROAD,No,True,No,1/14/2025,No,Point,38.7098073,-76.8844528,PGCOPD,03,16,03,No,8,,08:08,2025,Tuesday,12,Motor Vehicle In Transport,05,On Roadway,4,,,,,,06,Non-Junction,01,Daylight,1/14/2025,2025-01-14,S,67.46,F,N,,,CB0200EA3A955A9A49169C12EED05571B30BD35DECEE3EA167B9843DF072F929,CO,01,No,,,,,01,Dry,,,,,,,,
Property Damage Crashes,MSP647600JS,Maryland State Police,Front to Rear,Prince George's,Interstate,No,No,No,No,No,CAPITAL BELTWAY,95,INTERSTATE ROUTE,No,True,No,5/23/2025,No,Point,38.900098333,-76.850061667,MSP,03,16,03,No,13,,13:28,2025,Friday,12,Motor Vehicle In Transport,06,"On Shoulder, Left Side",1,,101,State,,,10,"Other Location Not Listed Above Within an Interchange Area (median,
shoulder and roadside)",01,Daylight,5/23/2025,2025-05-23,N,26.11,F,N,,,901D3F4BB13083185E1EF4223C57FA1514C5724A9D8BE7F6CA6C40432E8258C6,IS,01,No,32,Guardrail Face,06,"On Shoulder, Left Side",01,Dry,,,,,,,,
Property Damage Crashes,MSP757700KJ,Maryland State Police,Single Vehicle,Prince George's,Interstate,Yes,No,No,No,No,RAMP 4 FR IS 95 NB TO MD 295 EB,95,RAMP,No,True,No,5/5/2025,No,Point,38.989591667,-76.883856667,MSP,101,16,03,No,0,,00:05,2025,Monday,28,Ditch,03,Median,1,,,,,,09,Through Roadway,03,Dark - Lighted,5/5/2025,2025-05-05,N,25.05,F,N,,,C0880C7D9EB7B6144FB07CA1DC6CBC826FE188BB169B5177E2BFD569532456A2,RP,01,No,97,Not Applicable,,,01,Dry,,,,,,,,
Injury Crashes,DA43400041,Prince George's County Police,Single Vehicle,Prince George's,Minor Arterial,No,No,No,No,No,LAUREL BOWIE RD,197,MARYLAND ROUTE,No,True,No,2/11/2025,No,Point,39.034430224,-76.789811915,PGCOPD,101,16,02,No,17,,17:20,2025,Tuesday,28,Ditch,09,Roadside,4,,,,,,06,Non-Junction,04,Dark - Not Lighted,2/11/2025,2025-02-11,S,17.25,F,N,,,EE6F6B3064965B11FBDEEAF280E53344CC4A11056F78CFB8E71740CF33BBC7AA,MD,01,No,,,,,07,Snow,,,,,,,,
Property Damage Crashes,CBPD0115003J,Bowie Police Department,Single Vehicle,Prince George's,Local,No,No,No,No,No,APPLEGREEN LA,61,MUNICIPAL ROAD,No,True,No,3/15/2025,No,Point,38.929483152,-76.721727121,BOWIE,101,16,03,No,5,,05:20,2025,Saturday,34,Mailbox,01,Gore,7,,,,,,06,Non-Junction,04,Dark - Not Lighted,3/15/2025,2025-03-15,S,22.82,F,N,,,0BE71FFAA0ADEE081F4A114B651052EB516E4D3A2DB41B9954417AAB83D88675,MU,01,No,,,,,09,Wet,,,,,,,,
Property Damage Crashes,DA33400021,Prince George's County Police,Rear To Side,Prince George's,,No,Yes,No,No,Yes,,,,No,True,No,1/29/2025,No,Point,38.804885523,-76.974547958,PGCOPD,05,16,03,,12,,12:39,2025,Wednesday,15,Parked Vehicle,02,In Parking Lane Or Zone,,,,,,,,,01,Daylight,1/29/2025,2025-01-29,,,F,N,101,Parking Aisle,,,01,No,97,Not Applicable,,,,,,,,,,,,
Injury Crashes,DA4195006R,Prince George's County Police,Other,Prince George's,Major Collector,No,No,No,No,No,DOWER HOUSE RD,92,COUNTY ROAD,No,True,No,4/17/2025,No,Point,38.820482301,-76.849087044,PGCOPD,98,16,02,No,13,04,13:49,2025,Thursday,12,Motor Vehicle In Transport,99,Unknown,5,Perpendicular,,,MARLBORO PIKE,03,05,Intersection or Related,01,Daylight,4/17/2025,2025-04-17,W,0,F,N,,,4B8301A1D3962924E167D678D17FAC79DBCEC6FF482B1AB7B1659AAD70DFDA4B,CO,01,No,,,,,01,Dry,01,Signalized,,,,,,
Property Damage Crashes,DA4426000T,Prince George's County Police,Unknown,Prince George's,,No,No,No,No,Yes,,,,No,True,No,3/22/2025,No,Point,38.914539424,-76.884028987,PGCOPD,99,16,03,,13,,13:11,2025,Saturday,12,Motor Vehicle In Transport,04,"Off-Roadway, Location Unknown",,,,,,,,,01,Daylight,3/22/2025,2025-03-22,,,F,N,102,Parking Lot Way,,,01,No,,,,,,,,,,,,,,
Property Damage Crashes,DA4396001M,Prince George's County Police,Angle,Prince George's,Major Collector,No,No,No,No,No,MERRIMAC DR (EB/L),668,COUNTY ROAD,No,True,No,4/30/2025,No,Point,38.992330321,-76.984553864,PGCOPD,01,16,03,No,8,,08:15,2025,Wednesday,12,Motor Vehicle In Transport,05,On Roadway,5,,,,14TH AVE,,06,Non-Junction,01,Daylight,4/30/2025,2025-04-30,E,52.69,F,N,,,37AF31B42AC306865E0E7B4C246F08FC8B2F69243807C76602CC238646FE5469,CO,01,No,,,,,01,Dry,,,,,,,,
Property Damage Crashes,DA4378002S,Prince George's County Police,Front to Rear,Prince George's,Minor Arterial,No,No,No,No,No,MUIRKIRK RD,21,COUNTY ROAD,No,True,No,3/2/2025,No,Point,39.064626786,-76.839725352,PGCOPD,03,16,03,No,19,,19:42,2025,Sunday,12,Motor Vehicle In Transport,05,On Roadway,4,,,,,,06,Non-Junction,04,Dark - Not Lighted,3/2/2025,2025-03-02,W,20.82,F,N,,,9FEB123B85E9862BB3EFFF7043C68387840358F762FDE60E73B288534B4D9860,CO,01,No,,,,,01,Dry,,,,,,,,
Injury Crashes,MSP744200SJ,Maryland State Police,Front to Rear,Prince George's,Interstate,No,No,No,No,No,CAPITAL BELTWAY (SB/L),95,INTERSTATE ROUTE,No,True,No,5/3/2025,No,Point,39.018085042,-76.924358275,MSP,03,16,02,No,14,,14:00,2025,Saturday,12,Motor Vehicle In Transport,05,On Roadway,1,,,,,,09,Through Roadway,01,Daylight,5/3/2025,2025-05-03,W,17.44,F,N,,,E7B323271683E2F5E5DB20D67C027834ED33C9CD4776231EFF3F63AC940F350C,IS,01,No,,,,,01,Dry,,,,,,,,
Property Damage Crashes,MSP697200GR,Maryland State Police,"Sideswipe, Same Direction",Prince George's,Principal Arterial – Other Freeways and Expressways,No,No,No,No,No,JOHN HANSON HWY,50,UNITED STATE ROUTE,No,True,No,4/30/2025,No,Point,38.925476461,-76.902220696,MSP,07,16,03,No,23,,23:28,2025,Wednesday,12,Motor Vehicle In Transport,05,On Roadway,2,,,,,,06,Non-Junction,04,Dark - Not Lighted,4/30/2025,2025-04-30,S,21.79,F,N,,,2996A9574756290A23F935227F5D408DB82FCB197CC35D5A4CF3A7D2571DAFF8,US,01,No,,,,,01,Dry,,,,,,,,
Property Damage Crashes,DA44130007,Prince George's County Police,Angle,Prince George's,Principal Arterial – Other,No,No,No,No,No,UNIVERSITY BLVD (WB/L),193,MARYLAND ROUTE,Yes,True,No,1/12/2025,No,Point,38.983768481,-76.976201520,PGCOPD,01,16,03,No,8,,08:49,2025,Sunday,12,Motor Vehicle In Transport,05,On Roadway,3,,,,GUILFORD RD,,09,Through Roadway,01,Daylight,1/12/2025,2025-01-12,E,42.59,F,N,,,445D1D03FB7263E7289344D6A15C24509013400FFB9863E7F3C6AEEB9EA8BD21,MD,01,No,12,Motor Vehicle In Transport,05,On Roadway,01,Dry,,,,,,,,
Property Damage Crashes,DA36500053,Prince George's County Police,"Sideswipe, Same Direction",Prince George's,Minor Arterial,No,No,No,No,No,ANNAPOLIS RD (WB/L),450,MARYLAND ROUTE,Yes,True,No,4/28/2025,No,Point,38.938866408,-76.913119768,PGCOPD,07,16,03,Yes,21,,21:11,2025,Monday,12,Motor Vehicle In Transport,05,On Roadway,4,,,,,,02,Crossover-Related,03,Dark - Lighted,4/28/2025,2025-04-28,E,33.4,F,N,,,83AB26B01FB8A882B5B44E11E16C1DF947CBEF6EDE43F6B644F3F6073BF65102,MD,01,No,,,,,01,Dry,,,,,,,,
Property Damage Crashes,DA4359001R,Prince George's County Police,Angle,Prince George's,Minor Arterial,No,No,No,No,No,LAUREL BOWIE RD,197,MARYLAND ROUTE,No,True,No,5/24/2025,No,Point,39.054908471,-76.837996176,PGCOPD,01,16,03,No,20,,20:05,2025,Saturday,12,Motor Vehicle In Transport,05,On Roadway,4,,,,,,06,Non-Junction,03,Dark - Lighted,5/24/2025,2025-05-24,S,6.21,F,N,,,4C99D255B365E0D13883995DFBE7BE325D4A7638413841293C3DABF544625E9D,MD,01,No,,,,,01,Dry,,,,,,,,
Property Damage Crashes,CC0309000N,Hyattsville Police Department,Front to Front,Prince George's,Local,No,No,No,No,No,42ND PL #2,9424,MUNICIPAL ROAD,No,True,No,1/26/2025,No,Point,38.963629910,-76.944755576,HYATTSVILLE,02,16,03,Yes,20,02,20:00,2025,Sunday,12,Motor Vehicle In Transport,05,On Roadway,7,Angled/Skewed,,,QUEENSBURY RD,01,05,Intersection or Related,04,Dark - Not Lighted,1/26/2025,2025-01-26,W,0,F,N,,,785827FB214ACF07F5DAC27774389CE5284758FBD226C47152E763730D344098,MU,01,No,,,,,01,Dry,05,No Controls,,,,,,
Injury Crashes,DA3406002W,Prince George's County Police,Single Vehicle,Prince George's,Minor Arterial,No,No,No,No,No,EDMONSTON RD,38,COUNTY ROAD,No,True,No,2/7/2025,No,Point,39.045045969,-76.895784697,PGCOPD,101,16,02,No,18,,18:16,2025,Friday,28,Ditch,09,Roadside,4,,101,State,,,06,Non-Junction,101,Dusk,2/7/2025,2025-02-07,S,14.66,F,N,,,DA5950CC403927845798595F6C8F6086FE82C655666F6DD29ABF4D3850930806,CO,01,No,,,,,01,Dry,,,,,,,,
Property Damage Crashes,HB05010007,Maryland-National Capital Park Police Prince George's County,Single Vehicle,Prince George's,Major Collector,No,No,No,No,No,THRIFT RD,145,COUNTY ROAD,Yes,True,No,5/5/2025,No,Point,38.742091613,-76.905242959,PGPARK,101,16,03,No,17,,17:30,2025,Monday,38,Traffic Sign Support,09,Roadside,5,,101,State,,,10,"Other Location Not Listed Above Within an Interchange Area (median,
shoulder and roadside)",01,Daylight,5/5/2025,2025-05-05,S,11.26,F,N,,,A962759C07FAF7303C0D211B2B8921F96B6FF74A25A82C4ED45BD41007E9C855,CO,01,No,97,Not Applicable,,,09,Wet,,,,,,,,
Property Damage Crashes,MSP7764007L,Maryland State Police,"Sideswipe, Opposite Direction",Prince George's,Principal Arterial – Other Freeways and Expressways,No,No,No,No,No,JOHN HANSON HWY,50,UNITED STATE ROUTE,No,True,No,2/15/2025,No,Point,38.9190443,-76.93586115,MSP,06,16,03,No,5,,05:40,2025,Saturday,12,Motor Vehicle In Transport,05,On Roadway,2,,,,,,06,Non-Junction,03,Dark - Lighted,2/15/2025,2025-02-15,W,18.35,F,N,,,A34D39C91D4BA4FA31322DDC26B7F0B8DA82C11ECBBB03D425EF8CD88AD94224,US,01,No,,,,,01,Dry,,,,,,,,
Property Damage Crashes,DA3465007T,Prince George's County Police,Front to Rear,Prince George's,Local,No,No,Yes,No,No,LADD AVE,2229,COUNTY ROAD,No,True,No,1/19/2025,No,Point,38.7774496,-76.9442789,PGCOPD,03,16,03,No,10,,10:41,2025,Sunday,12,Motor Vehicle In Transport,05,On Roadway,7,,,,,,06,Non-Junction,01,Daylight,1/19/2025,2025-01-19,E,12.7,F,N,,,361CBCCF34DD31B554BCB46E4B31AF4FDD54BF4DF80B29BCF605331D61A3C8B1,CO,01,No,,,,,09,Wet,,,,,,,,
Injury Crashes,DA4314003H,Prince George's County Police,"Sideswipe, Opposite Direction",Prince George's,,No,No,No,No,Yes,,,,No,True,No,2/8/2025,No,Point,38.897103444,-76.825539818,PGCOPD,06,16,02,,11,,11:27,2025,Saturday,12,Motor Vehicle In Transport,02,In Parking Lane Or Zone,,,,,,,,,01,Daylight,2/8/2025,2025-02-08,,,F,N,102,Parking Lot Way,,,01,No,12,Motor Vehicle In Transport,02,In Parking Lane Or Zone,,,,,,,,,,
Property Damage Crashes,CE4961007T,Laurel Police Department,"Sideswipe, Same Direction",Prince George's,Local,No,No,No,No,No,ELEVENTH ST,9110,MUNICIPAL ROAD,No,True,No,5/28/2025,No,Point,39.099272635,-76.867284390,LAUREL,07,16,03,No,17,,17:50,2025,Wednesday,15,Parked Vehicle,05,On Roadway,7,,,,,,06,Non-Junction,01,Daylight,5/28/2025,2025-05-28,E,10.06,F,N,,,3D6FE3A1E514D076790823D2EAE126717E7736B0473869263956A13D74855AED,MU,01,No,,,,,09,Wet,,,,,,,,
Property Damage Crashes,DA4340004F,Prince George's County Police,Single Vehicle,Prince George's,Minor Arterial,No,No,No,No,No,,197,MARYLAND ROUTE,No,True,No,4/12/2025,No,Point,39.046332,-76.82737,PGCOPD,101,16,03,No,2,,02:00,2025,Saturday,28,Ditch,09,Roadside,4,,,,NO NAME,,06,Non-Junction,04,Dark - Not Lighted,4/12/2025,2025-04-12,E,48.37,F,N,,,FC6FBAAFB4969F3CF3E350FBD4C7B4A38834A47E85AF474D18514B2EA9506C13,MD,01,No,,,,,09,Wet,,,,,,,,
Property Damage Crashes,DA42940039,Prince George's County Police,Front to Rear,Prince George's,Principal Arterial – Other,No,No,No,No,No,OXON HILL RD (WB/L),414,MARYLAND ROUTE,No,True,No,2/8/2025,No,Point,38.802609129,-76.995587825,PGCOPD,03,16,03,No,19,,19:30,2025,Saturday,12,Motor Vehicle In Transport,05,On Roadway,3,,,,,,06,Non-Junction,03,Dark - Lighted,2/8/2025,2025-02-08,E,55.83,F,N,,,842C53BFF4DA4EC390FF6C3F50D755948C88A0483DC84FD1999A6D4F60573C30,MD,01,No,,,,,09,Wet,,,,,,,,
Property Damage Crashes,DA351500CP,Prince George's County Police,Single Vehicle,Prince George's,Major Collector,No,No,No,No,No,LOTTSFORD VISTA RD,67,COUNTY ROAD,No,True,No,1/3/2025,No,Point,38.934531724,-76.821991945,PGCOPD,101,16,03,No,14,,14:12,2025,Friday,41,Utility Pole/Light Support,09,Roadside,5,,100,Local,,,06,Non-Junction,01,Daylight,1/3/2025,2025-01-03,S,24.17,F,N,,,0094DD0773E0A7BA899EAE97D6DD92733378D3A46E51BB5469C265E10345922C,CO,01,No,36,"Other Post, Pole, Or Support",07,"On Shoulder, Right Side",01,Dry,,,,,,,,
Property Damage Crashes,DA43550036,Prince George's County Police,Front to Rear,Prince George's,,No,No,No,No,No,ARDWICK ARDMORE RD (EB/L),65,COUNTY ROAD,No,True,No,5/19/2025,No,Point,38.935999103,-76.841343985,PGCOPD,03,16,03,Yes,1,,01:00,2025,Monday,15,Parked Vehicle,05,On Roadway,,,,,,,09,Through Roadway,03,Dark - Lighted,5/19/2025,2025-05-19,W,18.98,F,N,,,CA1DFA7CFD80BB4AC4358796A357C92D0599F7581432753044EFCDF8195C6B91,CO,01,No,,,,,01,Dry,,,,,,,,
Property Damage Crashes,MSP77650068,Maryland State Police,Front to Rear,Prince George's,,No,No,No,No,No,,5,MARYLAND ROUTE,No,True,No,2/13/2025,No,Point,38.663948557,-76.874519357,MSP,03,16,03,No,13,,13:53,2025,Thursday,12,Motor Vehicle In Transport,05,On Roadway,,,,,,,09,Through Roadway,01,Daylight,2/13/2025,2025-02-13,N,43.61,F,N,,,ACAEC50BB63B9968E427654B51D13FD1D3238C9902151A591A0E58FCDACB9D46,MD,01,No,,,,,09,Wet,,,,,,,,