Crash Severity Description,Reportnumber,Agencyname,CollisionImpact Description,Crash County Description,FunctionalClass Description,ImpairedCrash,Large Vehicle Involved,Motorcycle Crash,Non-Motorist Crash,OffRoad,RoadName,Route Number,RouteType Description,Unrestrained Occupants,WithinDateRange,Work Zone Related,Crashdate,Work Zone Crash,CrashPoint,Latitude,Longitude,AgencyCode,CollisionImpact,Crash County,Crash Severity,Crash Within Interchange,Crashhour,CrashInterchangeApproaches,Crashtime,CrashYear,Dayofweek,FirstHarmEvent,FirstHarmEvent Description,FirstHarmLocation,FirstHarmLocation Description,FunctionalClass,Geometry Description,GovPropertyDamage,GovPropertyDamage Description,IntersectingRoadName,Intersection Geometry,JunctionRelated,JunctionRelated Description,Light,Light Description,LOD Crash Date,LOD Date Level,MilepointDirection,MilepointDistance,MilepointUnits,NonTrafficFatal,OffroadLocation,OffroadLocation Description,RoadID,RouteType,SchoolBusRelated,SchoolBusRelated Description,SecondHarmEvent,SecondHarmEvent Description,SecondHarmLocation,SecondHarmLocation Description,Surface,Surface Description,TrafficControl,Trafficcontrol Description,WZLawEnforcementPresent,WZLocation,WZLocation Description,WZType,WZType Description,WZWorkersPresent
Property Damage Crashes,DA4335003Y,Prince George's County Police,"Sideswipe, Opposite Direction",Prince George's,,No,No,No,No,No,,81,COUNTY ROAD,No,True,No,2/26/2025,No,Point,38.847205624,-76.922367003,PGCOPD,06,16,03,No,20,,20:45,2025,Wednesday,12,Motor Vehicle In Transport,05,On Roadway,,,,,,,06,Non-Junction,03,Dark - Lighted,2/26/2025,2025-02-26,E,92.32,F,N,,,F321CECD3FA00D070149C544C63FBD8F1987D80260A370DB0A555D78E351DC4F,CO,01,No,,,,,01,Dry,,,,,,,,
Property Damage Crashes,DA43910013,Prince George's County Police,Front to Rear,Prince George's,Principal Arterial – Other,No,No,No,No,No,SILVER HILL RD,458,MARYLAND ROUTE,No,True,No,4/15/2025,No,Point,38.853045218,-76.910232518,PGCOPD,03,16,03,No,19,,19:08,2025,Tuesday,12,Motor Vehicle In Transport,05,On Roadway,3,,,,,,06,Non-Junction,01,Daylight,4/15/2025,2025-04-15,S,2.15,F,N,,,A298971053A72E8773F4F354850D99AE71644ADABD8323D93EC566559C2AC860,MD,01,No,,,,,01,Dry,,,,,,,,
Injury Crashes,DA387800C5,Prince George's County Police,"Sideswipe, Opposite Direction",Prince George's,Minor Arterial,No,No,No,No,No,ANNAPOLIS RD,450,MARYLAND ROUTE,No,True,No,1/29/2025,No,Point,38.962115605,-76.862059078,PGCOPD,06,16,02,No,9,,09:31,2025,Wednesday,12,Motor Vehicle In Transport,05,On Roadway,4,,,,,,10,"Other Location Not Listed Above Within an Interchange Area (median,
shoulder and roadside)",01,Daylight,1/29/2025,2025-01-29,W,19.05,F,N,,,EB1FD335ACBF9547976978FCBE0CB3C779A98D0CD03E3DB1C2E12DA4564A05D8,MD,01,No,12,Motor Vehicle In Transport,05,On Roadway,01,Dry,,,,,,,,
Injury Crashes,DA3804008M,Prince George's County Police,Front to Rear,Prince George's,Minor Arterial,No,No,No,No,No,POWDER MILL RD (SB/L),212,MARYLAND ROUTE,No,True,No,1/20/2025,No,Point,39.042964563,-76.944612978,PGCOPD,03,16,02,No,15,,15:41,2025,Monday,12,Motor Vehicle In Transport,05,On Roadway,4,,,,,,09,Through Roadway,01,Daylight,1/20/2025,2025-01-20,S,38.37,F,N,,,CB588311EB578BF57914060E015B2406F3D2EC0C36264DB54A74630ED1EA721F,MD,01,No,,,,,01,Dry,,,,,,,,
Property Damage Crashes,DA44020012,Prince George's County Police,Front to Rear,Prince George's,Principal Arterial – Other,No,Yes,No,No,No,BALTIMORE AVE,1,UNITED STATE ROUTE,No,True,No,4/11/2025,No,Point,39.062155086,-76.885246039,PGCOPD,03,16,03,No,13,,13:24,2025,Friday,12,Motor Vehicle In Transport,05,On Roadway,3,,,,,,09,Through Roadway,01,Daylight,4/11/2025,2025-04-11,S,31.59,F,N,,,124D243EE413B93356D7927395252B1B9C7F1A67DC6A2A758D0220CFDC55C9DD,US,01,No,,,,,09,Wet,,,,,,,,
Property Damage Crashes,DA362200C4,Prince George's County Police,Single Vehicle,Prince George's,Local,No,No,No,No,No,TRUMPET CT,6811,COUNTY ROAD,No,True,No,3/11/2025,No,Point,38.757978086,-76.787018983,PGCOPD,101,16,03,No,13,,13:49,2025,Tuesday,34,Mailbox,05,On Roadway,7,,,,,,09,Through Roadway,01,Daylight,3/11/2025,2025-03-11,S,13.13,F,N,,,A7A679172EF1ADFCB8BFBF288E22CDD0AF45CCE03BEDE8743071BA73F1B57B82,CO,01,No,,,,,01,Dry,,,,,,,,
Property Damage Crashes,CP0072002V,Mount Rainier Police Department,Angle,Prince George's,Local,No,No,No,No,No,33RD ST,9330,MUNICIPAL ROAD,No,True,No,2/20/2025,No,Point,38.939862668,-76.962287237,MTRAINIER,01,16,03,No,13,04,13:55,2025,Thursday,12,Motor Vehicle In Transport,05,On Roadway,7,Angled/Skewed,,,SHEPHERD ST,01,05,Intersection or Related,01,Daylight,2/20/2025,2025-02-20,N,0,F,N,,,80B63213444E717A52800D3BF73972BF77E9F080CCB7298C956EF010EAF8BA73,MU,01,No,97,Not Applicable,,,01,Dry,02,Stop - All Way,,,,,,
Injury Crashes,DA379700CQ,Prince George's County Police,Single Vehicle,Prince George's,Principal Arterial – Other,No,No,No,Yes,No,E CAPITOL ST (WB/L),214,MARYLAND ROUTE,No,True,No,5/26/2025,No,Point,38.889676863,-76.913203987,PGCOPD,101,16,02,No,20,04,20:25,2025,Monday,17,Pedestrian,05,On Roadway,3,Angled/Skewed,,,SOUTHERN AVE,01,05,Intersection or Related,101,Dusk,5/26/2025,2025-05-26,N,0,F,N,,,D2EDC69F5A823039B4A97BF13022FB39C1E6FE644D246969D079FEFEEAB476F6,MD,01,No,,,,,01,Dry,01,Signalized,,,,,,
Property Damage Crashes,DA4308004L,Prince George's County Police,Front to Rear,Prince George's,Local,No,No,No,No,No,CHERRYFIELD RD,4732,COUNTY ROAD,No,True,No,4/9/2025,No,Point,38.792321731,-76.940334346,PGCOPD,03,16,03,No,15,,15:15,2025,Wednesday,12,Motor Vehicle In Transport,05,On Roadway,7,,,,,,06,Non-Junction,01,Daylight,4/9/2025,2025-04-09,N,23.05,F,N,,,2E48CF3C207C46E69F258058D1E5AEE7DDD1ED10781CB23F63C3C82927BA9E21,CO,01,No,,,,,01,Dry,,,,,,,,
Property Damage Crashes,DA4418001J,Prince George's County Police,"Sideswipe, Opposite Direction",Prince George's,,No,No,No,No,Yes,,,,No,True,No,6/6/2025,No,Point,38.942503490,-76.907577539,PGCOPD,06,16,03,,14,,14:00,2025,Friday,12,Motor Vehicle In Transport,02,In Parking Lane Or Zone,,,,,,,,,01,Daylight,6/6/2025,2025-06-06,,,F,N,102,Parking Lot Way,,,01,No,,,,,,,,,,,,,,
Injury Crashes,DA3875008Q,Prince George's County Police,Angle,Prince George's,Minor Arterial,No,Yes,No,No,No,WOODYARD RD,223,MARYLAND ROUTE,Yes,True,No,3/3/2025,No,Point,38.783305985,-76.849187072,PGCOPD,01,16,02,Yes,11,,11:24,2025,Monday,12,Motor Vehicle In Transport,05,On Roadway,4,,,,,,03,Driveway Access or Related,01,Daylight,3/3/2025,2025-03-03,W,6.7,F,N,,,31AE061C663F997D088A7DB8937FAB6E129F455C8706FBBC9AE7979B07A8D37B,MD,01,No,,,,,01,Dry,,,,,,,,
Property Damage Crashes,MSP653400WV,Maryland State Police,Single Vehicle,Prince George's,Principal Arterial – Other,No,No,No,No,No,CRAIN HWY,301,UNITED STATE ROUTE,No,True,No,4/21/2025,No,Point,38.903063340,-76.717651889,MSP,101,16,03,No,9,,09:15,2025,Monday,29,Embankment,09,Roadside,3,,,,,,09,Through Roadway,01,Daylight,4/21/2025,2025-04-21,E,46.55,F,N,,,EFBEE43AD20F8B676CB077D64F2022455A32C1E536E1AA1AF7A051FDFEF672C2,US,01,No,,,,,01,Dry,,,,,,,,
Property Damage Crashes,BW0216000C,Greenbelt Police Department,Front to Front,Prince George's,Local,No,No,No,No,No,MANDAN RD (SB/L),334,MUNICIPAL ROAD,No,True,No,4/4/2025,No,Point,38.990678959,-76.864458459,GREENBELT,02,16,03,No,12,,12:20,2025,Friday,12,Motor Vehicle In Transport,05,On Roadway,7,,,,,,06,Non-Junction,01,Daylight,4/4/2025,2025-04-04,N,32.43,F,N,,,28AD9D7077C0C0B7F44642B2319EE1E588C30E4FF70BC602B00CE5980C9B0FF5,MU,01,No,,,,,01,Dry,,,,,,,,
Property Damage Crashes,DA43480021,Prince George's County Police,Angle,Prince George's,Local,No,No,No,No,No,37TH PL,371,MUNICIPAL ROAD,No,True,No,2/10/2025,No,Point,38.935541685,-76.952676522,PGCOPD,01,16,03,No,16,,16:45,2025,Monday,12,Motor Vehicle In Transport,05,On Roadway,7,,,,,,06,Non-Junction,01,Daylight,2/10/2025,2025-02-10,N,86.48,F,N,,,A91CF0498DBF4B4D8F82FBCB64559FF61FC718C3BD6F349EDE2053EA75560DFF,MU,01,No,12,Motor Vehicle In Transport,05,On Roadway,01,Dry,,,,,,,,
Property Damage Crashes,MSP744700LY,Maryland State Police,Single Vehicle,Prince George's,Principal Arterial – Other,No,No,No,No,No,BRANCH AVE (SB/L),5,MARYLAND ROUTE,No,True,No,1/20/2025,No,Point,38.782277228,-76.893802201,MSP,101,16,03,No,6,,06:52,2025,Monday,25,Concrete Traffic Barrier,09,Roadside,3,,101,State,,,06,Non-Junction,01,Daylight,1/20/2025,2025-01-20,W,14.28,F,N,,,989DE909131DF6459839376FBD91506860A204D47C85CF7D5D211C1DF89A8255,MD,01,No,,,,,02,Ice/Frost,,,,,,,,
Injury Crashes,MSP766400BQ,Maryland State Police,Front to Rear,Prince George's,Interstate,No,No,No,No,No,CAPITAL BELTWAY (SB LOCAL),95,INTERSTATE ROUTE,No,True,No,5/8/2025,No,Point,38.795469072,-77.015354996,MSP,03,16,02,No,6,,06:23,2025,Thursday,12,Motor Vehicle In Transport,05,On Roadway,1,,,,,,09,Through Roadway,01,Daylight,5/8/2025,2025-05-08,N,13.86,F,N,,,8467F38302D2A9549AD2C1D23030989DEB84305C834DC2DC05F5E9CE441FF6B4,IS,01,No,,,,,01,Dry,,,,,,,,
Property Damage Crashes,DA418100FG,Prince George's County Police,Front to Rear,Prince George's,Principal Arterial – Other,No,No,No,No,No,,1,UNITED STATE ROUTE,No,True,No,2/9/2025,No,Point,38.993685304,-76.932776936,PGCOPD,03,16,03,No,15,,15:07,2025,Sunday,12,Motor Vehicle In Transport,05,On Roadway,3,,,,,,09,Through Roadway,01,Daylight,2/9/2025,2025-02-09,E,27.56,F,N,,,4355E6CAD078EBDA912A3D093718EAB093EADC165248AA11D1B14AC18BC5B9C8,US,01,No,12,Motor Vehicle In Transport,05,On Roadway,01,Dry,,,,,,,,
Property Damage Crashes,DA4430000Y,Prince George's County Police,Other,Prince George's,Principal Arterial – Other,No,No,No,No,No,CENTRAL AVE (WB/L),214,MARYLAND ROUTE,No,True,No,4/27/2025,No,Point,38.889796114,-76.862886259,PGCOPD,98,16,03,Yes,7,,07:25,2025,Sunday,12,Motor Vehicle In Transport,05,On Roadway,3,,,,GARRETT A MORGAN BLVD (SB/L),,09,Through Roadway,01,Daylight,4/27/2025,2025-04-27,N,9.92,F,N,,,81FCF7EBC30BCDF2778DAE210F0BC3C0404EA08D2F736F0C3F6C829CE256A9BD,MD,01,No,,,,,01,Dry,,,,,,,,
Property Damage Crashes,DA4151005V,Prince George's County Police,"Sideswipe, Same Direction",Prince George's,Local,No,No,No,No,No,PEPSI PL,380,MUNICIPAL ROAD,No,True,No,2/22/2025,No,Point,38.926102643,-76.927562214,PGCOPD,07,16,03,Yes,22,,22:00,2025,Saturday,12,Motor Vehicle In Transport,05,On Roadway,7,,,,LYDELL RD LYDELL RD (WB/L),,02,Crossover-Related,04,Dark - Not Lighted,2/22/2025,2025-02-22,N,39.85,F,N,,,8BD9A5C27FB215ECAFFE4B77F87120C5515E81076E6056DB09A896241BD0AE25,MU,01,No,,,,,01,Dry,,,,,,,,
Property Damage Crashes,MSP7872003H,Maryland State Police,Angle,Prince George's,Principal Arterial – Other,No,No,No,No,No,CRAIN HWY (SB/L),301,UNITED STATE ROUTE,No,True,No,4/16/2025,No,Point,38.923635052,-76.717350757,MSP,01,16,03,No,19,,19:03,2025,Wednesday,12,Motor Vehicle In Transport,05,On Roadway,3,,,,,,09,Through Roadway,01,Daylight,4/16/2025,2025-04-16,N,23.77,F,N,,,102E04B003C76542B93CF75D22FAD786A297CBE311DC12DAFE06C9963CE592A8,US,01,No,,,,,01,Dry,,,,,,,,
Property Damage Crashes,CNC3181000W,New Carrollton Police Department,Front to Rear,Prince George's,,No,No,No,No,Yes,,,,No,True,No,1/31/2025,No,Point,38.956942690,-76.869721045,NCPD,03,16,03,,20,,20:13,2025,Friday,12,Motor Vehicle In Transport,04,"Off-Roadway, Location Unknown",,,,,,,,,03,Dark - Lighted,1/31/2025,2025-01-31,,,F,N,102,Parking Lot Way,,,01,No,12,Motor Vehicle In Transport,10,Separator/Traffic Island,,,,,,,,,,
Property Damage Crashes,MSP745800RC,Maryland State Police,Single Vehicle,Prince George's,Principal Arterial – Other,No,No,No,No,No,CENTRAL AVE (WB/L),214,MARYLAND ROUTE,No,True,No,3/28/2025,No,Point,38.898673333,-76.817763333,MSP,101,16,03,No,18,,18:54,2025,Friday,32,Guardrail Face,07,"On Shoulder, Right Side",3,,,,,,01,Acceleration/Deceleration Lane,01,Daylight,3/28/2025,2025-03-28,S,24,F,N,,,95C29328AC164FDEBE66B41CFDBE0F63F1DD56C051F78AEF952A06B0E0F4BBC3,MD,01,No,,,,,09,Wet,,,,,,,,
Property Damage Crashes,DA384000JD,Prince George's County Police,"Sideswipe, Same Direction",Prince George's,Local,No,No,No,No,No,WEAVER TERR,1961,COUNTY ROAD,No,True,No,4/14/2025,No,Point,38.817113382,-76.980902928,PGCOPD,07,16,03,No,20,,20:00,2025,Monday,15,Parked Vehicle,07,"On Shoulder, Right Side",7,,,,,,06,Non-Junction,04,Dark - Not Lighted,4/14/2025,2025-04-14,N,35.75,F,N,,,170BA2AA42FB8F0E51FD92BCBE539EC9CA8DE120AA883ED465FB07DBA2C10FEC,CO,01,No,,,,,09,Wet,,,,,,,,
Property Damage Crashes,BW0170005H,Greenbelt Police Department,Other,Prince George's,,No,No,No,No,Yes,,,,No,True,No,4/4/2025,No,Point,39.008646132,-76.902783971,GREENBELT,98,16,03,,13,,13:52,2025,Friday,15,Parked Vehicle,02,In Parking Lane Or Zone,,,,,,,,,01,Daylight,4/4/2025,2025-04-04,,,F,N,102,Parking Lot Way,,,01,No,,,,,,,,,,,,,,
Property Damage Crashes,DA3229000P,Prince George's County Police,Single Vehicle,Prince George's,Local,No,No,No,No,No,MARINER PASSAGE,6711,COUNTY ROAD,No,True,No,1/31/2025,No,Point,38.783111053,-77.014721579,PGCOPD,101,16,03,No,17,,17:00,2025,Friday,36,"Other Post, Pole, Or Support",04,"Off-Roadway, Location Unknown",7,,,,,,10,"Other Location Not Listed Above Within an Interchange Area (median,
shoulder and roadside)",101,Dusk,1/31/2025,2025-01-31,N,35.21,F,N,,,54899C326974237DC3B0C7E6B86291455F8B3E26E5B9AB136716502B295B41E7,CO,01,No,,,,,01,Dry,,,,,,,,
Injury Crashes,BW01910029,Greenbelt Police Department,Other,Prince George's,Principal Arterial – Other Freeways and Expressways,No,No,No,No,No,KENILWORTH AVE (SB/L),201,MARYLAND ROUTE,No,True,No,5/5/2025,No,Point,39.000999249,-76.896853563,GREENBELT,98,16,02,No,9,02,09:34,2025,Monday,12,Motor Vehicle In Transport,05,On Roadway,2,Perpendicular,,,RAMP 3 FR RAMP 6 (FR IS 95) TO MD 201 NB,03,05,Intersection or Related,01,Daylight,5/5/2025,2025-05-05,N,0,F,N,,,A1EC9B00F3F9C17B6EFED3947B02470C8E8D5AA9EAEF52CAA220E2B120471048,MD,01,No,32,Guardrail Face,03,Median,01,Dry,01,Signalized,,,,,,
Injury Crashes,DA3635006K,Prince George's County Police,Other,Prince George's,Principal Arterial – Other Freeways and Expressways,No,No,No,No,No,INDIAN HEAD HWY (SB/L),210,MARYLAND ROUTE,No,True,No,4/18/2025,No,Point,38.728973260,-76.990476331,PGCOPD,98,16,02,No,2,,02:59,2025,Friday,12,Motor Vehicle In Transport,05,On Roadway,2,,,,,,06,Non-Junction,04,Dark - Not Lighted,4/18/2025,2025-04-18,N,22.51,F,N,,,FA91FA5B1BB632A1A33EA7A80989F8713AA7B5009662982D8E1D34B051D7FCAF,MD,01,No,12,Motor Vehicle In Transport,05,On Roadway,01,Dry,,,,,,,,
Injury Crashes,DA43500031,Prince George's County Police,"Sideswipe, Opposite Direction",Prince George's,Principal Arterial – Other Freeways and Expressways,No,No,No,No,No,ALLENTOWN RD (SB/L),337,MARYLAND ROUTE,No,True,No,4/24/2025,No,Point,38.814247509,-76.894433499,PGCOPD,06,16,02,No,6,02,06:20,2025,Thursday,12,Motor Vehicle In Transport,05,On Roadway,2,Angled/Skewed,,,MAXWELL DR,01,05,Intersection or Related,01,Daylight,4/24/2025,2025-04-24,W,0,F,N,,,A0F17629ED6745CD437DEE00965ACE368B239E083B13EB175683C7E33C91A137,MD,01,No,,,,,01,Dry,03,Stop - Partial,,,,,,
Property Damage Crashes,CP0164002G,Mount Rainier Police Department,Front to Front,Prince George's,Principal Arterial – Other,No,Yes,No,No,No,RHODE ISLAND AVE,1,UNITED STATE ROUTE,No,True,No,3/12/2025,No,Point,38.937111433,-76.959315167,MTRAINIER,02,16,03,No,15,,15:41,2025,Wednesday,12,Motor Vehicle In Transport,05,On Roadway,3,,,,,,06,Non-Junction,01,Daylight,3/12/2025,2025-03-12,N,5.05,F,N,,,08C1C32A27164EECF88CFA611A55A38230909CF6326525E7038DC565197440BE,US,01,No,12,Motor Vehicle In Transport,05,On Roadway,01,Dry,,,,,,,,
Property Damage Crashes,DA349300FJ,Prince George's County Police,Single Vehicle,Prince George's,Local,No,No,No,No,No,NAVIGATORS CT,5646,COUNTY ROAD,No,True,No,4/4/2025,No,Point,38.735459799,-76.978756925,PGCOPD,101,16,03,No,18,,18:45,2025,Friday,36,"Other Post, Pole, Or Support",99,Unknown,7,,,,,,99,Unknown,01,Daylight,4/4/2025,2025-04-04,N,37.72,F,N,,,45E75F0986C0C365999BAA1532BD620C0C3B45AF8E7854D8041B113CD5A90D17,CO,01,No,,,,,01,Dry,,,,,,,,
Injury Crashes,DA44110009,Prince George's County Police,Single Vehicle,Prince George's,Local,No,No,No,No,No,MCCORMICK DR,4565,COUNTY ROAD,Yes,True,No,1/27/2025,No,Point,38.910732718,-76.846371257,PGCOPD,101,16,02,No,14,,14:15,2025,Monday,41,Utility Pole/Light Support,09,Roadside,7,,,,,,06,Non-Junction,98,Other,1/27/2025,2025-01-27,N,16.26,F,N,,,50342C204F950BB9958B4E0EDAA41529FFC99E49FAA0B14164004409242568CB,CO,01,No,,,,,01,Dry,,,,,,,,
Property Damage Crashes,MSP738100BD,Maryland State Police,Front to Rear,Prince George's,Principal Arterial – Other,Yes,No,No,No,No,BRANCH AVE (SB/L),5,MARYLAND ROUTE,No,True,No,1/4/2025,No,Point,38.803936667,-76.905468333,MSP,03,16,03,No,0,,00:43,2025,Saturday,12,Motor Vehicle In Transport,05,On Roadway,3,,,,,,01,Acceleration/Deceleration Lane,03,Dark - Lighted,1/4/2025,2025-01-04,N,26.92,F,N,,,55A09A9646C7544FBC5700E5EBC11E0636008A6B032C6A2E22A856A290570552,MD,01,No,,,,,01,Dry,,,,,,,,
Property Damage Crashes,DA3546009C,Prince George's County Police,Angle,Prince George's,Minor Collector,No,Yes,No,No,No,CANDY HILL RD,3852,COUNTY ROAD,No,True,No,5/5/2025,No,Point,38.712435536,-76.745585700,PGCOPD,01,16,03,Yes,6,04,06:30,2025,Monday,12,Motor Vehicle In Transport,05,On Roadway,6,Perpendicular,,,CROOM RD,03,05,Intersection or Related,01,Daylight,5/5/2025,2025-05-05,W,0,F,N,,,845EB1A74A5AEB11A8D8C3086A8A166984826C26A96AF5D210AA036640E1657D,CO,02,"Yes, School Bus Directly Involved",,,,,01,Dry,03,Stop - Partial,,,,,,
Property Damage Crashes,MSP77640089,Maryland State Police,"Sideswipe, Same Direction",Prince George's,Interstate,No,No,No,No,No,RAMP 8 FR IS 95 SB TO MD 295 WB,95,RAMP,No,True,No,3/21/2025,No,Point,38.993389830,-76.888281748,MSP,07,16,03,No,21,,21:48,2025,Friday,12,Motor Vehicle In Transport,01,Gore,1,,,,,,06,Non-Junction,03,Dark - Lighted,3/21/2025,2025-03-21,N,33.23,F,N,,,B74C0E1DABAE1B44EA590D46491EC546FFCECA65C4624D7D012DB2FA32D7950B,RP,01,No,,,,,01,Dry,,,,,,,,
Property Damage Crashes,MSP585801GZ,Maryland State Police,Front to Rear,Prince George's,Interstate,No,No,No,No,No,CAPITAL BELTWAY,95,INTERSTATE ROUTE,No,True,No,4/17/2025,No,Point,38.808424215,-76.969575284,MSP,03,16,03,No,8,,08:04,2025,Thursday,12,Motor Vehicle In Transport,05,On Roadway,1,,,,,,09,Through Roadway,01,Daylight,4/17/2025,2025-04-17,E,256.78,F,N,,,DBCAC4536D125EA201A9E47000B1F860CA2AA43B81F06CCC3CFD6D365493D778,IS,01,No,,,,,01,Dry,,,,,,,,
Property Damage Crashes,DA43940014,Prince George's County Police,Angle,Prince George's,Local,No,No,No,No,No,KENNY ST,2008,COUNTY ROAD,No,True,No,4/3/2025,No,Point,39.048913096,-76.920817511,PGCOPD,01,16,03,No,22,,22:20,2025,Thursday,12,Motor Vehicle In Transport,05,On Roadway,7,,,,,,06,Non-Junction,04,Dark - Not Lighted,4/3/2025,2025-04-03,N,23.17,F,N,,,E2A1E22206437C25A21C99241C19E2A9D5F25D08AEB357CE6A6A453C45D66EEB,CO,01,No,,,,,01,Dry,,,,,,,,
Injury Crashes,DA281000FK,Prince George's County Police,Front to Front,Prince George's,Major Collector,No,No,No,No,No,WHITFIELD CHAPEL RD,74,COUNTY ROAD,No,True,No,1/29/2025,No,Point,38.940734441,-76.853669568,PGCOPD,02,16,02,Yes,18,04,18:01,2025,Wednesday,12,Motor Vehicle In Transport,05,On Roadway,5,Angled/Skewed,,,MARTIN LUTHER KING JR HWY,01,05,Intersection or Related,03,Dark - Lighted,1/29/2025,2025-01-29,W,0,F,N,,,DA2516F06A46D2DFD3BF9B30333CAB23F304A780666137F6E93592FE1288713E,CO,01,No,12,Motor Vehicle In Transport,05,On Roadway,01,Dry,01,Signalized,,,,,,
Injury Crashes,MSP77760065,Maryland State Police,Front to Rear,Prince George's,,No,No,No,No,No,,50,UNITED STATE ROUTE,No,True,No,4/25/2025,No,Point,38.946391667,-76.843656667,MSP,03,16,02,No,16,,16:52,2025,Friday,12,Motor Vehicle In Transport,05,On Roadway,,,,,,,06,Non-Junction,01,Daylight,4/25/2025,2025-04-25,N,57.57,F,N,,,914A69FA76CDC4CE6145F08DC5C5C0CF5020B605C5DA6EF2320665FE4F6D187E,US,01,No,,,,,01,Dry,,,,,,,,
Property Damage Crashes,MSP7839005P,Maryland State Police,Single Vehicle,Prince George's,Interstate,No,No,No,No,No,CAPITAL BELTWAY (SB/L),95,INTERSTATE ROUTE,No,True,Yes,5/16/2025,Yes,Point,38.818671667,-76.93169,MSP,101,16,03,No,21,,21:08,2025,Friday,32,Guardrail Face,09,Roadside,1,,,,,,06,Non-Junction,04,Dark - Not Lighted,5/16/2025,2025-05-16,W,40.53,F,N,,,0D915C9002B547D7EDBBAA44127B1742EC53729D690DA28029B2EA753E6C7641,IS,01,No,,,,,01,Dry,,,N,04,Activity Area,03,Work on Shoulder or Median,No
Property Damage Crashes,DA43440038,Prince George's County Police,Unknown,Prince George's,Local,No,No,No,No,No,GATEWAY BLVD,150,MUNICIPAL ROAD,No,True,No,1/2/2025,No,Point,38.856373742,-76.894055141,PGCOPD,99,16,03,No,3,,03:33,2025,Thursday,15,Parked Vehicle,07,"On Shoulder, Right Side",7,,,,,,06,Non-Junction,03,Dark - Lighted,1/2/2025,2025-01-02,S,47.5,F,N,,,89714C437A8C452BDBE675C906A2A6E49D703CCA3CD4920E180B6C915B54D3CD,MU,01,No,,,,,01,Dry,,,,,,,,
Property Damage Crashes,CBPD01240012,Bowie Police Department,Unknown,Prince George's,Minor Collector,No,No,No,No,No,CHESTNUT AVE,564,MARYLAND ROUTE,No,True,No,4/23/2025,No,Point,39.008685772,-76.779044875,BOWIE,99,16,03,No,7,,07:52,2025,Wednesday,30,Fence,99,Unknown,6,,,,CHESTNUT AVE,,99,Unknown,01,Daylight,4/23/2025,2025-04-23,E,53.88,F,N,,,175B9B2552F8C0AFDCF224B08C9A6CA2543161311D635FB07A48E356E5B0F6DC,MD,01,No,,,,,01,Dry,,,,,,,,
Property Damage Crashes,MSP546601RX,Maryland State Police,Front to Rear,Prince George's,Principal Arterial – Other,Yes,No,No,No,No,CRAIN HWY,301,UNITED STATE ROUTE,No,True,No,2/21/2025,No,Point,38.734243533,-76.826810115,MSP,03,16,03,Yes,17,,17:40,2025,Friday,12,Motor Vehicle In Transport,05,On Roadway,3,,,,,,09,Through Roadway,101,Dusk,2/21/2025,2025-02-21,S,32.68,F,N,,,5B79CCCD3F7F41D26DDD73E4494266AD59988F73817CCC53F5996EE20050E1B2,US,01,No,,,,,01,Dry,,,,,,,,
Property Damage Crashes,CBPD0115003D,Bowie Police Department,Angle,Prince George's,Principal Arterial – Other,No,No,No,No,No,COLLINGTON RD,197,MARYLAND ROUTE,No,True,No,2/15/2025,No,Point,38.944704942,-76.723082307,BOWIE,01,16,03,Yes,13,04,13:50,2025,Saturday,12,Motor Vehicle In Transport,05,On Roadway,3,Perpendicular,,,MITCHELLVILLE RD,03,05,Intersection or Related,01,Daylight,2/15/2025,2025-02-15,W,0,F,N,,,D198940F4461EE2E46F968F4049D5C5FBAFA7CF904C12D290EAA8C73F5F72BBD,MD,01,No,,,,,09,Wet,01,Signalized,,,,,,
Injury Crashes,CO00900011,Cottage City Police Department,Angle,Prince George's,Local,No,No,No,No,No,37TH PL,371,MUNICIPAL ROAD,No,True,No,1/18/2025,No,Point,38.934481705,-76.951851363,COTTAGECITY,01,16,02,No,19,03,19:07,2025,Saturday,12,Motor Vehicle In Transport,05,On Roadway,7,Angled/Skewed,100,Local,BLADENSBURG RD,01,05,Intersection or Related,03,Dark - Lighted,1/18/2025,2025-01-18,W,0,F,N,,,21F8DCB0C247B7E0018F87A82BF704D0FD7BE41DAC3F2304F945A5D5DE05F351,MU,01,No,12,Motor Vehicle In Transport,05,On Roadway,01,Dry,05,No Controls,,,,,,
Injury Crashes,CE45180055,Laurel Police Department,Angle,Prince George's,Local,No,No,No,No,No,GORMAN AVE,1163,OTHER PUBLIC ROAD,No,True,No,4/29/2025,No,Point,39.097188936,-76.849170541,LAUREL,01,16,02,Yes,15,02,15:52,2025,Tuesday,12,Motor Vehicle In Transport,05,On Roadway,7,Perpendicular,,,SECOND ST,03,05,Intersection or Related,01,Daylight,4/29/2025,2025-04-29,W,0,F,N,,,CC28F9849FD26FC3D676A13298D48DDE3BA8EFBBB1403FD51CE538C030B2B29A,OP,01,No,,,,,01,Dry,03,Stop - Partial,,,,,,