Crash Severity Description,Reportnumber,Agencyname,CollisionImpact Description,Crash County Description,FunctionalClass Description,ImpairedCrash,Large Vehicle Involved,Motorcycle Crash,Non-Motorist Crash,OffRoad,RoadName,Route Number,RouteType Description,Unrestrained Occupants,WithinDateRange,Work Zone Related,Crashdate,Work Zone Crash,CrashPoint,Latitude,Longitude,AgencyCode,CollisionImpact,Crash County,Crash Severity,Crash Within Interchange,Crashhour,CrashInterchangeApproaches,Crashtime,CrashYear,Dayofweek,FirstHarmEvent,FirstHarmEvent Description,FirstHarmLocation,FirstHarmLocation Description,FunctionalClass,Geometry Description,GovPropertyDamage,GovPropertyDamage Description,IntersectingRoadName,Intersection Geometry,JunctionRelated,JunctionRelated Description,Light,Light Description,LOD Crash Date,LOD Date Level,MilepointDirection,MilepointDistance,MilepointUnits,NonTrafficFatal,OffroadLocation,OffroadLocation Description,RoadID,RouteType,SchoolBusRelated,SchoolBusRelated Description,SecondHarmEvent,SecondHarmEvent Description,SecondHarmLocation,SecondHarmLocation Description,Surface,Surface Description,TrafficControl,Trafficcontrol Description,WZLawEnforcementPresent,WZLocation,WZLocation Description,WZType,WZType Description,WZWorkersPresent
Injury Crashes,CC0279004P,Hyattsville Police Department,"Sideswipe, Same Direction",Prince George's,Principal Arterial – Other,No,No,No,No,No,EAST WEST HWY (WB/L),410,MARYLAND ROUTE,Yes,True,No,6/5/2025,No,Point,38.966597086,-76.951135714,HYATTSVILLE,07,16,02,No,8,,08:30,2025,Thursday,12,Motor Vehicle In Transport,07,"On Shoulder, Right Side",3,,,,,,06,Non-Junction,01,Daylight,6/5/2025,2025-06-05,S,29.67,F,N,,,3378B1F95CD84C6910B689AFBC4C8119BF2B538F59B8732F019459488431DA98,MD,01,No,,,,,01,Dry,,,,,,,,
Property Damage Crashes,DA43520024,Prince George's County Police,Single Vehicle,Prince George's,Minor Arterial,No,No,No,No,No,BEALLE HILL RD,626,COUNTY ROAD,No,True,No,1/7/2025,No,Point,38.673078258,-76.989663408,PGCOPD,101,16,03,No,13,,13:58,2025,Tuesday,35,"Other Fixed Object (wall, building, tunnel, etc.)",07,"On Shoulder, Right Side",4,,100,Local,ALHAMBRA AVE,,09,Through Roadway,01,Daylight,1/7/2025,2025-01-07,S,9.45,F,N,,,F596791E775DF47CCFF494AE577F7212DACE36151FEC0F4CEF9EC5DC40D519EB,CO,01,No,,,,,06,Slush,,,,,,,,
Property Damage Crashes,DA44210021,Prince George's County Police,Angle,Prince George's,Major Collector,No,Yes,No,No,No,SURRATTS RD,130,COUNTY ROAD,No,True,No,4/30/2025,No,Point,38.731883666,-76.855592899,PGCOPD,01,16,03,No,6,,06:45,2025,Wednesday,12,Motor Vehicle In Transport,05,On Roadway,5,,,,,,09,Through Roadway,01,Daylight,4/30/2025,2025-04-30,N,298.83,F,N,,,2AA0EC77C1BD4CB0E8005890850AB307CBC6F529A804AD4F875F49D832935704,CO,01,No,,,,,01,Dry,,,,,,,,
Property Damage Crashes,MSP744200RY,Maryland State Police,Front to Rear,Prince George's,Interstate,Yes,No,No,No,No,CAPITAL BELTWAY,95,INTERSTATE ROUTE,No,True,No,3/31/2025,No,Point,38.988001260,-76.882556541,MSP,03,16,03,No,6,,06:04,2025,Monday,12,Motor Vehicle In Transport,05,On Roadway,1,,,,,,09,Through Roadway,100,Dawn,3/31/2025,2025-03-31,S,16.12,F,N,,,0F723588B22C93550E43A57A4AB72A3B7CCE145B22828B489AF072EEC24E3B1E,IS,01,No,,,,,01,Dry,,,,,,,,
Injury Crashes,DA44000010,Prince George's County Police,Front to Rear,Prince George's,Minor Arterial,No,No,No,No,No,ALLENTOWN RD,126,COUNTY ROAD,Yes,True,No,2/23/2025,No,Point,38.789099659,-76.937218127,PGCOPD,03,16,02,Unknown,18,,18:38,2025,Sunday,12,Motor Vehicle In Transport,05,On Roadway,4,,,,PAYNE DR,,09,Through Roadway,03,Dark - Lighted,2/23/2025,2025-02-23,S,14.92,F,N,,,E177681C956F30C2C865C5479E23E543E2AF2556D66B4EBF96F9DFDF3D7A254A,CO,01,No,,,,,01,Dry,,,,,,,,
Property Damage Crashes,DA3351001X,Prince George's County Police,Front to Front,Prince George's,Major Collector,No,No,No,No,No,CONTEE RD,6,COUNTY ROAD,No,True,No,2/22/2025,No,Point,39.073552357,-76.850405278,PGCOPD,02,16,03,No,15,,15:36,2025,Saturday,12,Motor Vehicle In Transport,05,On Roadway,5,,,,,,06,Non-Junction,01,Daylight,2/22/2025,2025-02-22,W,49.15,F,N,,,799E442143238C70525692531E8CF761A1130FF4EFA914AE4A912019850E3B9D,CO,01,No,,,,,01,Dry,,,,,,,,
Property Damage Crashes,MSP7765005M,Maryland State Police,Front to Rear,Prince George's,Interstate,No,No,No,No,No,CAPITAL BELTWAY (SB LOCAL),95,INTERSTATE ROUTE,No,True,No,1/17/2025,No,Point,38.795026789,-77.016856438,MSP,03,16,03,No,17,,17:30,2025,Friday,12,Motor Vehicle In Transport,05,On Roadway,1,,,,,,09,Through Roadway,03,Dark - Lighted,1/17/2025,2025-01-17,W,51.9,F,N,,,C8D46D9194BF2576869933188AA2A7AA45DF8423BD78139E3299404964420145,IS,01,No,,,,,01,Dry,,,,,,,,
Property Damage Crashes,MSP7665009B,Maryland State Police,"Sideswipe, Same Direction",Prince George's,Interstate,No,Yes,No,No,No,IS 95 SB CD LANE FR MD 198 TO MD 200,95,INTERSTATE ROUTE,No,True,No,1/13/2025,No,Point,39.064808333,-76.91286,MSP,07,16,03,No,7,,07:02,2025,Monday,12,Motor Vehicle In Transport,05,On Roadway,1,,,,NO NAME (SB/L),,06,Non-Junction,01,Daylight,1/13/2025,2025-01-13,E,47.15,F,N,,,6FA185A293094006F332C5EFB9C588239615FF7D134F978177194FD480923354,IS,01,No,,,,,01,Dry,,,,,,,,
Property Damage Crashes,DA4199006Z,Prince George's County Police,Front to Rear,Prince George's,Principal Arterial – Other,No,No,No,No,No,SILVER HILL RD,458,MARYLAND ROUTE,No,True,No,1/20/2025,No,Point,38.844543755,-76.928508050,PGCOPD,03,16,03,No,11,,11:40,2025,Monday,12,Motor Vehicle In Transport,05,On Roadway,3,,,,,,99,Unknown,01,Daylight,1/20/2025,2025-01-20,N,11.89,F,N,,,8D5D9FEC207377130F10DCCE72F8AF461288CE7780157C4E80C940FFFD6F8817,MD,01,No,,,,,01,Dry,,,,,,,,
Injury Crashes,DA40900064,Prince George's County Police,Angle,Prince George's,Principal Arterial – Other,No,No,No,No,No,OXON HILL RD,414,MARYLAND ROUTE,No,True,No,4/3/2025,No,Point,38.803450231,-76.988880819,PGCOPD,01,16,02,Yes,14,,14:21,2025,Thursday,12,Motor Vehicle In Transport,05,On Roadway,3,,,,,,09,Through Roadway,01,Daylight,4/3/2025,2025-04-03,S,7.45,F,N,,,A440D9BED88A908FAE5F2E073863A04FEC447CA4600B59D4D063BC63ACE4E5CB,MD,01,No,,,,,01,Dry,,,,,,,,
Property Damage Crashes,MSP74160020,Maryland State Police,Front to Rear,Prince George's,Principal Arterial – Other,No,No,No,No,No,SANDY SPRING RD,198,MARYLAND ROUTE,No,True,No,5/4/2025,No,Point,39.101050887,-76.906986899,MSP,03,16,03,Yes,13,04,13:54,2025,Sunday,12,Motor Vehicle In Transport,05,On Roadway,3,Perpendicular,,,OLD GUNPOWDER RD,03,05,Intersection or Related,01,Daylight,5/4/2025,2025-05-04,S,0,F,N,,,FDC6C9EE75E72A7D7E8DEC6CFDC0FFEC5358DCA96A717B4D875481141429A04E,MD,01,No,,,,,09,Wet,01,Signalized,,,,,,
Injury Crashes,MSP546601R2,Maryland State Police,Front to Rear,Prince George's,Principal Arterial – Other,No,No,No,No,No,PENNSYLVANIA AVE (SB/L),4,MARYLAND ROUTE,No,True,No,1/23/2025,No,Point,38.828078661,-76.855448531,MSP,03,16,02,Yes,20,,20:09,2025,Thursday,12,Motor Vehicle In Transport,05,On Roadway,3,,,,,,09,Through Roadway,03,Dark - Lighted,1/23/2025,2025-01-23,N,66.55,F,N,,,D66CAA8AA99CD715DEBF8925E72DB31604F90BE3DF74CDD236C17982916E51F5,MD,01,No,,,,,01,Dry,,,,,,,,
Property Damage Crashes,MSP77640096,Maryland State Police,Other,Prince George's,Principal Arterial – Other Freeways and Expressways,No,Yes,No,No,No,JOHN HANSON HWY (WB/L),50,UNITED STATE ROUTE,No,True,No,5/9/2025,No,Point,38.944837044,-76.867563962,MSP,98,16,03,No,13,,13:32,2025,Friday,12,Motor Vehicle In Transport,05,On Roadway,2,,,,,,06,Non-Junction,01,Daylight,5/9/2025,2025-05-09,S,17.65,F,N,,,2686CC6577665CCAA4F0CB44CC656D50670A487EE40AF7337CC6DE7F2AADF041,US,01,No,,,,,01,Dry,,,,,,,,
Property Damage Crashes,MSP738100CK,Maryland State Police,Front to Rear,Prince George's,Interstate,No,No,No,No,No,CAPITAL BELTWAY,95,INTERSTATE ROUTE,No,True,No,4/26/2025,No,Point,38.867498333,-76.845185,MSP,03,16,03,No,13,,13:50,2025,Saturday,12,Motor Vehicle In Transport,05,On Roadway,1,,,,,,01,Acceleration/Deceleration Lane,01,Daylight,4/26/2025,2025-04-26,E,22.48,F,N,,,9158887D7925115D861BD7B7B12E34E78B902D98C049AA8575AA8F4698ED5ABC,IS,01,No,12,Motor Vehicle In Transport,05,On Roadway,01,Dry,,,,,,,,
Property Damage Crashes,DA44120008,Prince George's County Police,Angle,Prince George's,Local,No,No,No,No,No,LIVINGSTON RD,4524,COUNTY ROAD,No,True,No,1/31/2025,No,Point,38.766022126,-76.994846515,PGCOPD,01,16,03,No,19,,19:00,2025,Friday,12,Motor Vehicle In Transport,05,On Roadway,7,,,,,,09,Through Roadway,04,Dark - Not Lighted,1/31/2025,2025-01-31,S,20.17,F,N,,,CBD30D4889EF2C9F382C4E2A03581859D3543D885CD7C4A4AFE961C8E7799300,CO,01,No,,,,,09,Wet,,,,,,,,
Injury Crashes,DA34330059,Prince George's County Police,"Sideswipe, Same Direction",Prince George's,,No,No,No,No,Yes,,,,No,True,No,3/24/2025,No,Point,38.915904837,-76.837776448,PGCOPD,07,16,02,,8,,08:00,2025,Monday,12,Motor Vehicle In Transport,04,"Off-Roadway, Location Unknown",,,,,,,,,01,Daylight,3/24/2025,2025-03-24,,,F,N,102,Parking Lot Way,,,01,No,,,,,,,,,,,,,,
Property Damage Crashes,DA345600FW,Prince George's County Police,Front to Rear,Prince George's,Principal Arterial – Other,No,No,No,No,No,EAST WEST HWY (WB/L),410,MARYLAND ROUTE,No,True,No,5/18/2025,No,Point,38.969372479,-76.974209733,PGCOPD,03,16,03,No,12,,12:42,2025,Sunday,12,Motor Vehicle In Transport,05,On Roadway,3,,,,,,06,Non-Junction,01,Daylight,5/18/2025,2025-05-18,W,298.89,F,N,,,D9AE74B78C8ED64252B8FED2319A93369340503177962F9BB49758A22734E0E7,MD,01,No,,,,,01,Dry,,,,,,,,
Property Damage Crashes,CC0278005T,Hyattsville Police Department,"Sideswipe, Same Direction",Prince George's,Minor Arterial,Yes,No,No,No,No,QUEENS CHAPEL RD (WB/L),500,MARYLAND ROUTE,No,True,No,3/16/2025,No,Point,38.954113852,-76.965164301,HYATTSVILLE,07,16,03,No,0,,00:24,2025,Sunday,12,Motor Vehicle In Transport,05,On Roadway,4,,,,,,06,Non-Junction,03,Dark - Lighted,3/16/2025,2025-03-16,W,26.1,F,N,,,24DC9ADC7BD3D0B8619B59414D44654A95BB88F15A879804310023967AFC5ED8,MD,01,No,36,"Other Post, Pole, Or Support",07,"On Shoulder, Right Side",01,Dry,,,,,,,,
Property Damage Crashes,DA4349003H,Prince George's County Police,Front to Rear,Prince George's,Local,No,No,No,No,No,NOVA AVE,272,COUNTY ROAD,No,True,No,1/4/2025,No,Point,38.868749743,-76.925366797,PGCOPD,03,16,03,No,2,,02:00,2025,Saturday,12,Motor Vehicle In Transport,07,"On Shoulder, Right Side",7,,,,,,06,Non-Junction,03,Dark - Lighted,1/4/2025,2025-01-04,N,11.79,F,N,,,FAF3783309A03B3AEC10C83EFE2D29C7A153AD2FD2A9B2E0DE4BFFB03E3CADA3,CO,01,No,15,Parked Vehicle,07,"On Shoulder, Right Side",07,Snow,,,,,,,,
Injury Crashes,MSP744200R3,Maryland State Police,Front to Rear,Prince George's,Interstate,No,No,No,No,No,RAMP 5 FR IS 95 SB TO IS 595 EB,95,RAMP,No,True,No,2/10/2025,No,Point,38.951318324,-76.861896912,MSP,03,16,02,Yes,11,,11:27,2025,Monday,12,Motor Vehicle In Transport,05,On Roadway,1,,,,,,04,Entrance/Exit Ramp or Related,01,Daylight,2/10/2025,2025-02-10,E,10.28,F,N,,,5BF3F30DDE4697ECE16D41C9DCB70CA50B34B29E88A8E3BFC79C2BE98C82A2A3,RP,01,No,28,Ditch,01,Gore,01,Dry,,,,,,,,
Injury Crashes,DA380500DQ,Prince George's County Police,Angle,Prince George's,Local,No,No,No,No,No,12TH AVE,887,COUNTY ROAD,No,True,No,4/6/2025,No,Point,38.996717577,-76.985898763,PGCOPD,01,16,02,Yes,12,04,12:34,2025,Sunday,12,Motor Vehicle In Transport,05,On Roadway,7,Perpendicular,,,QUEBEC ST,03,05,Intersection or Related,01,Daylight,4/6/2025,2025-04-06,W,0,F,N,,,B77D679083DCE56106848FBD7A0455434591AAE22CA527034A317A273995FF04,CO,01,No,15,Parked Vehicle,05,On Roadway,09,Wet,03,Stop - Partial,,,,,,
Property Damage Crashes,DA4352002V,Prince George's County Police,Single Vehicle,Prince George's,Local,No,No,No,No,No,THE MALL,1077,COUNTY ROAD,No,True,No,4/19/2025,No,Point,38.691440751,-76.989275652,PGCOPD,101,16,03,No,2,,02:13,2025,Saturday,31,Guardrail End Terminal,03,Median,7,,,,INDIAN HEAD HWY,,09,Through Roadway,03,Dark - Lighted,4/19/2025,2025-04-19,E,61.98,F,N,,,883204050A33167904E2EB57FD3D44F56A4AD60DD0466BB989764B5C5BAE9E7C,CO,01,No,,,,,01,Dry,,,,,,,,
Injury Crashes,MSP647600JD,Maryland State Police,Single Vehicle,Prince George's,Interstate,No,No,Yes,No,No,CAPITAL BELTWAY (SB/L),95,INTERSTATE ROUTE,No,True,No,5/6/2025,No,Point,38.814183176,-76.958287145,MSP,101,16,02,No,4,,04:55,2025,Tuesday,07,Overturn/Rollover,05,On Roadway,1,,,,,,09,Through Roadway,04,Dark - Not Lighted,5/6/2025,2025-05-06,W,34.36,F,N,,,C629BA80403657DAE561D5FC3AB4BCD2DB2F9DB1CE4A048D9B31D4E0315290ED,IS,01,No,,,,,09,Wet,,,,,,,,
Injury Crashes,AZ1743000C,Cheverly Police Department,Angle,Prince George's,Principal Arterial – Other,No,No,No,No,No,LANDOVER RD (SB/L),202,MARYLAND ROUTE,No,True,No,2/15/2025,No,Point,38.931971845,-76.902323962,CHEVERLY,01,16,02,No,4,,04:20,2025,Saturday,12,Motor Vehicle In Transport,05,On Roadway,3,,,,KILMER ST,,09,Through Roadway,03,Dark - Lighted,2/15/2025,2025-02-15,N,95.49,F,N,,,DC8C72681325350740899389BE7489EDC3EC57D467E002CDE7E2AEA37ECC24D4,MD,01,No,,,,,01,Dry,,,,,,,,
Property Damage Crashes,DA43370039,Prince George's County Police,Front to Rear,Prince George's,Local,No,No,No,No,No,COOL SPRING RD,252,COUNTY ROAD,No,True,No,5/17/2025,No,Point,38.992948840,-76.968391987,PGCOPD,03,16,03,No,20,,20:28,2025,Saturday,15,Parked Vehicle,07,"On Shoulder, Right Side",7,,,,,,06,Non-Junction,04,Dark - Not Lighted,5/17/2025,2025-05-17,N,14.73,F,N,,,EB39797DE2781525E10F3C220796A47649F81617AA68ACECD6CF350D0A04DAAE,CO,01,No,,,,,01,Dry,,,,,,,,
Property Damage Crashes,CC0298003C,Hyattsville Police Department,Front to Rear,Prince George's,Major Collector,No,No,No,No,No,HAMILTON ST (WB/L),1204,COUNTY ROAD,No,True,No,1/12/2025,No,Point,38.956116540,-76.963996256,HYATTSVILLE,03,16,03,No,14,,14:00,2025,Sunday,12,Motor Vehicle In Transport,01,Gore,5,,,,,,06,Non-Junction,01,Daylight,1/12/2025,2025-01-12,E,43.25,F,N,,,049215FC9204214895D6F5F05767FA1B2C607563B7D112723A26691BBABDDF27,CO,01,No,,,,,01,Dry,,,,,,,,
Property Damage Crashes,MSP7787006X,Maryland State Police,Single Vehicle,Prince George's,Principal Arterial – Other Freeways and Expressways,No,No,No,No,No,RAMP 6 FR US 50 EB TO MD 410 SB,50,RAMP,No,True,No,5/18/2025,No,Point,38.941444167,-76.882720133,MSP,101,16,03,Yes,8,,08:19,2025,Sunday,32,Guardrail Face,09,Roadside,2,,,,,,04,Entrance/Exit Ramp or Related,01,Daylight,5/18/2025,2025-05-18,W,54.66,F,N,,,B2F9DAE26E8305F3861BC6DF9374FF1C5FB8E1001272547F2BC1A49AEAFDC8D4,RP,01,No,,,,,01,Dry,,,,,,,,
Property Damage Crashes,CC02790042,Hyattsville Police Department,Single Vehicle,Prince George's,,No,No,No,No,Yes,,,,No,True,No,1/21/2025,No,Point,38.968868380,-76.949556103,HYATTSVILLE,101,16,03,,21,,21:41,2025,Tuesday,36,"Other Post, Pole, Or Support",02,In Parking Lane Or Zone,,,100,Local,,,,,03,Dark - Lighted,1/21/2025,2025-01-21,,,F,N,101,Parking Aisle,,,01,No,,,,,,,,,,,,,,
Property Damage Crashes,DA4430000F,Prince George's County Police,Angle,Prince George's,Local,No,No,No,No,No,NALLEY RD,4883,COUNTY ROAD,No,True,No,2/20/2025,No,Point,38.898839640,-76.876322021,PGCOPD,01,16,03,No,7,,07:45,2025,Thursday,12,Motor Vehicle In Transport,05,On Roadway,7,,,,,,06,Non-Junction,01,Daylight,2/20/2025,2025-02-20,E,9.88,F,N,,,7393CB5C1B75908ED70F58D577238F5D6000DC56C35C3AF55FFB5E9DB01A6C3B,CO,01,No,15,Parked Vehicle,05,On Roadway,01,Dry,,,,,,,,
Property Damage Crashes,DA3650004Z,Prince George's County Police,"Sideswipe, Same Direction",Prince George's,Principal Arterial – Other,No,No,No,No,No,,410,MARYLAND ROUTE,No,True,No,2/18/2025,No,Point,38.963293437,-76.900376593,PGCOPD,07,16,03,Yes,14,03,14:36,2025,Tuesday,12,Motor Vehicle In Transport,05,On Roadway,3,Perpendicular,,,RIVERDALE RD,03,05,Intersection or Related,01,Daylight,2/18/2025,2025-02-18,E,0,F,N,,,7CE2685120762FDD3284E93B56FD8C5A442D0206738A372A6D0F803FCB137ADB,MD,01,No,27,Curb,09,Roadside,01,Dry,01,Signalized,,,,,,
Injury Crashes,CNC3179003X,New Carrollton Police Department,Angle,Prince George's,Minor Arterial,No,No,No,No,No,ANNAPOLIS RD (WB/L),450,MARYLAND ROUTE,No,True,Yes,5/4/2025,Yes,Point,38.952142107,-76.884928864,NCPD,01,16,02,No,21,,21:42,2025,Sunday,12,Motor Vehicle In Transport,05,On Roadway,4,,,,,,99,Unknown,03,Dark - Lighted,5/4/2025,2025-05-04,E,43.68,F,N,,,F72D4A6DE13F8AAA0C2CE63A1EC5EFDD19D60F07DF32B8BCBDC14DFD218EDC66,MD,01,No,,,,,01,Dry,,,N,01,Before the First Work Zone Warning Sign,05,Other Type of Work Zone,No
Property Damage Crashes,MSP6931012X,Maryland State Police,Front to Rear,Prince George's,Principal Arterial – Other Freeways and Expressways,No,No,No,No,No,RAMP 6 FR MD 4 EB TO OLD CRAIN HWY SB,4,RAMP,No,True,No,1/16/2025,No,Point,38.810413175,-76.766351623,MSP,03,16,03,No,14,,14:15,2025,Thursday,12,Motor Vehicle In Transport,05,On Roadway,2,,101,State,,,06,Non-Junction,01,Daylight,1/16/2025,2025-01-16,S,50.74,F,N,,,3CA0ED9F1558A7C1DE229CC73D94B7362ECD4326DE830393F4C34A851C9BB90B,RP,01,No,32,Guardrail Face,09,Roadside,01,Dry,,,,,,,,
Injury Crashes,DA3040001F,Prince George's County Police,Front to Front,Prince George's,,No,No,No,No,No,,91,COUNTY ROAD,No,True,No,4/5/2025,No,Point,38.844485312,-76.845193806,PGCOPD,02,16,02,No,21,,21:31,2025,Saturday,12,Motor Vehicle In Transport,05,On Roadway,,,,,,,06,Non-Junction,03,Dark - Lighted,4/5/2025,2025-04-05,S,3.66,F,N,,,BC9165E21AF97326A0410EDDA8F83ACEEDA5DD7E1EA38BD09274B1017C5B8CF5,CO,01,No,,,,,01,Dry,,,,,,,,
Property Damage Crashes,MSP7872002N,Maryland State Police,"Sideswipe, Same Direction",Prince George's,Principal Arterial – Other Freeways and Expressways,No,No,No,No,No,BRANCH AVE,5,MARYLAND ROUTE,No,True,No,2/25/2025,No,Point,38.789908327,-76.897393498,MSP,07,16,03,Yes,18,,18:09,2025,Tuesday,12,Motor Vehicle In Transport,05,On Roadway,2,,,,,,09,Through Roadway,01,Daylight,2/25/2025,2025-02-25,N,51.55,F,N,,,34232B6055C624F079B924E9760F5AB6CB0255DE3AFEF25376CC507CC13EA44B,MD,01,No,,,,,01,Dry,,,,,,,,
Property Damage Crashes,DA27350068,Prince George's County Police,Front to Rear,Prince George's,,No,No,No,No,No,,974,COUNTY ROAD,No,True,No,4/22/2025,No,Point,38.825991580,-76.794287356,PGCOPD,03,16,03,No,8,,08:12,2025,Tuesday,12,Motor Vehicle In Transport,05,On Roadway,,,,,,,06,Non-Junction,01,Daylight,4/22/2025,2025-04-22,S,26.38,F,N,,,A4F7FEEBAD4F1FBD4F6760F2016CAF5CDCD1EA696CEA94A7314EEE5418FF129B,CO,01,No,,,,,01,Dry,,,,,,,,
Property Damage Crashes,MSP7875004Y,Maryland State Police,"Sideswipe, Same Direction",Prince George's,Interstate,No,No,No,No,No,CAPITAL BELTWAY (SB/L),95,INTERSTATE ROUTE,No,True,Yes,5/28/2025,Yes,Point,38.807083333,-76.983616667,MSP,07,16,03,No,16,,16:01,2025,Wednesday,12,Motor Vehicle In Transport,05,On Roadway,1,,,,,,06,Non-Junction,01,Daylight,5/28/2025,2025-05-28,S,51.24,F,N,,,7ACB6E85382DFBA4471FD788D1A40CE804436FA8C6EAFDD763E86D1FB496D134,IS,01,No,,,,,09,Wet,,,N,05,Termination Area,03,Work on Shoulder or Median,No
Property Damage Crashes,MSP77760053,Maryland State Police,Front to Rear,Prince George's,Interstate,No,No,No,No,No,JOHN HANSON HWY (WB/L),595,INTERSTATE ROUTE,No,True,No,3/5/2025,No,Point,38.953575698,-76.728028473,MSP,03,16,03,No,17,,17:00,2025,Wednesday,12,Motor Vehicle In Transport,05,On Roadway,1,,,,,,06,Non-Junction,01,Daylight,3/5/2025,2025-03-05,S,12.48,F,N,,,5390AD59362F2F0B72BA6BDCE465CC700C54CD017805FB3AA69EA08C3D18A134,IS,01,No,,,,,09,Wet,,,,,,,,
Property Damage Crashes,MSP78390022,Maryland State Police,"Sideswipe, Same Direction",Prince George's,Interstate,No,No,No,No,No,CAPITAL BELTWAY,95,INTERSTATE ROUTE,No,True,No,2/5/2025,No,Point,38.930388333,-76.854286667,MSP,07,16,03,No,18,,18:26,2025,Wednesday,12,Motor Vehicle In Transport,05,On Roadway,1,,,,,,06,Non-Junction,04,Dark - Not Lighted,2/5/2025,2025-02-05,W,33.26,F,N,,,C0A69C2EFBC74EA3849BED3C9B70D7D708568A4044993193B2958157AADC140C,IS,01,No,,,,,01,Dry,,,,,,,,
Property Damage Crashes,DA41380061,Prince George's County Police,Front to Rear,Prince George's,Local,No,No,No,No,No,JOHN HANSON LA (SB/L),975,MARYLAND ROUTE,No,True,No,5/19/2025,No,Point,38.804493913,-76.974799309,PGCOPD,03,16,03,No,16,,16:27,2025,Monday,12,Motor Vehicle In Transport,05,On Roadway,7,,,,,,06,Non-Junction,01,Daylight,5/19/2025,2025-05-19,N,11.73,F,N,,,DF8F16B6C4E2C6C949CB8913F469EF1E096229986BEEC3FA509E6AE007604DF2,MD,01,No,,,,,01,Dry,,,,,,,,
Property Damage Crashes,DA29690016,Prince George's County Police,Angle,Prince George's,Major Collector,No,No,No,No,No,BRANDYWINE RD,381,MARYLAND ROUTE,No,True,No,5/29/2025,No,Point,38.697197412,-76.850378449,PGCOPD,01,16,03,No,11,,11:30,2025,Thursday,12,Motor Vehicle In Transport,05,On Roadway,5,,,,BANK ST BRANDYWINE HEIGHTS RD,,06,Non-Junction,01,Daylight,5/29/2025,2025-05-29,S,0.97,F,N,,,DE22EB162F70719CBC25E0EB4FA712F14B722948622C04CA4955B58211EBC52E,MD,01,No,,,,,01,Dry,,,,,,,,
Fatal Crashes,DA418000BN,Prince George's County Police,Single Vehicle,Prince George's,Minor Arterial,No,No,No,No,No,MARLBORO PIKE,3074,COUNTY ROAD,Yes,True,No,3/29/2025,No,Point,38.857502044,-76.905205286,PGCOPD,101,16,01,No,1,,01:59,2025,Saturday,35,"Other Fixed Object (wall, building, tunnel, etc.)",05,On Roadway,4,,,,,,06,Non-Junction,03,Dark - Lighted,3/29/2025,2025-03-29,W,6.28,F,N,,,96FEFEEA6A456BBF2CB429CF2C170125F30E45E2F900B7838AC03E8D3A0B5700,CO,01,No,,,,,01,Dry,,,,,,,,
Property Damage Crashes,CNC31840022,New Carrollton Police Department,Front to Front,Prince George's,Local,No,No,No,No,No,,433,MARYLAND ROUTE,No,True,No,4/18/2025,No,Point,38.957741036,-76.869142236,NCPD,02,16,03,Yes,12,02,12:52,2025,Friday,12,Motor Vehicle In Transport,05,On Roadway,7,Angled/Skewed,,,ANNAPOLIS RD,01,05,Intersection or Related,01,Daylight,4/18/2025,2025-04-18,N,0,F,N,,,698B2FCFAF6E818E891EB59DF14864ED7BEF26641FAE55F9E12004BD71088259,MD,01,No,,,,,01,Dry,01,Signalized,,,,,,
Property Damage Crashes,DA38770094,Prince George's County Police,Front to Rear,Prince George's,Major Collector,No,No,No,No,No,LIVINGSTON RD,810,MARYLAND ROUTE,No,True,No,4/24/2025,No,Point,38.670339827,-77.011547675,PGCOPD,03,16,03,Yes,9,04,09:08,2025,Thursday,12,Motor Vehicle In Transport,05,On Roadway,5,Perpendicular,,,LIVINGSTON RD,03,05,Intersection or Related,01,Daylight,4/24/2025,2025-04-24,W,0,F,N,,,A0C8158AAFAB056860A8D0AE48E7E001728EB85EBBD198895D16B6116FD35CC5,MD,01,No,,,,,01,Dry,01,Signalized,,,,,,
Injury Crashes,DA4418000P,Prince George's County Police,"Sideswipe, Same Direction",Prince George's,Local,No,Yes,No,No,No,FURMAN PKWY,1777,COUNTY ROAD,No,True,No,2/17/2025,No,Point,38.954113370,-76.899881057,PGCOPD,07,16,02,No,16,,16:00,2025,Monday,12,Motor Vehicle In Transport,05,On Roadway,7,,,,,,01,Acceleration/Deceleration Lane,01,Daylight,2/17/2025,2025-02-17,S,15.08,F,N,,,E3A83183DA73F979EF23424B46FAD6EB20541629699E345C919F55FCE9DADF4C,CO,01,No,15,Parked Vehicle,07,"On Shoulder, Right Side",01,Dry,,,,,,,,
Property Damage Crashes,DA421200G5,Prince George's County Police,"Sideswipe, Same Direction",Prince George's,Major Collector,No,No,No,No,No,OLD LANDOVER RD,1734,COUNTY ROAD,No,True,No,5/8/2025,No,Point,38.932440906,-76.898934263,PGCOPD,07,16,03,Yes,17,,17:27,2025,Thursday,12,Motor Vehicle In Transport,05,On Roadway,5,,,,,,03,Driveway Access or Related,01,Daylight,5/8/2025,2025-05-08,N,16.92,F,N,,,FB8395C306144A30F98D92493645E9C0C236822A2293B314970F6C87205F7CA9,CO,01,No,,,,,01,Dry,,,,,,,,
Property Damage Crashes,DA4259003B,Prince George's County Police,Front to Front,Prince George's,Minor Arterial,No,No,No,No,No,ALLENTOWN RD,337,MARYLAND ROUTE,No,True,No,3/31/2025,No,Point,38.808755119,-76.897809394,PGCOPD,02,16,03,No,20,,20:30,2025,Monday,12,Motor Vehicle In Transport,05,On Roadway,4,,,,,,09,Through Roadway,03,Dark - Lighted,3/31/2025,2025-03-31,N,23.7,F,N,,,C702CA65E65BC7AD60D23E9BB41EB0FB75F0DE6BA8257FBA187AB2F139A1BB44,MD,01,No,,,,,09,Wet,,,,,,,,