Crash Severity Description,Reportnumber,Agencyname,CollisionImpact Description,Crash County Description,FunctionalClass Description,ImpairedCrash,Large Vehicle Involved,Motorcycle Crash,Non-Motorist Crash,OffRoad,RoadName,Route Number,RouteType Description,Unrestrained Occupants,WithinDateRange,Work Zone Related,Crashdate,Work Zone Crash,CrashPoint,Latitude,Longitude,AgencyCode,CollisionImpact,Crash County,Crash Severity,Crash Within Interchange,Crashhour,CrashInterchangeApproaches,Crashtime,CrashYear,Dayofweek,FirstHarmEvent,FirstHarmEvent Description,FirstHarmLocation,FirstHarmLocation Description,FunctionalClass,Geometry Description,GovPropertyDamage,GovPropertyDamage Description,IntersectingRoadName,Intersection Geometry,JunctionRelated,JunctionRelated Description,Light,Light Description,LOD Crash Date,LOD Date Level,MilepointDirection,MilepointDistance,MilepointUnits,NonTrafficFatal,OffroadLocation,OffroadLocation Description,RoadID,RouteType,SchoolBusRelated,SchoolBusRelated Description,SecondHarmEvent,SecondHarmEvent Description,SecondHarmLocation,SecondHarmLocation Description,Surface,Surface Description,TrafficControl,Trafficcontrol Description,WZLawEnforcementPresent,WZLocation,WZLocation Description,WZType,WZType Description,WZWorkersPresent
Property Damage Crashes,DA43730024,Prince George's County Police,"Sideswipe, Same Direction",Prince George's,Local,No,No,No,No,No,SURREY SQUARE LA,2834,COUNTY ROAD,No,True,No,1/30/2025,No,Point,38.847138052,-76.902899729,PGCOPD,07,16,03,No,16,,16:30,2025,Thursday,12,Motor Vehicle In Transport,05,On Roadway,7,,,,,,09,Through Roadway,01,Daylight,1/30/2025,2025-01-30,N,40.43,F,N,,,475E3AA4FD2D450B023D8CF3DE7FEED708C17DC10168425F65AA67653B1F7087,CO,01,No,,,,,01,Dry,,,,,,,,
Injury Crashes,DA44210010,Prince George's County Police,Angle,Prince George's,Local,No,No,No,No,No,MATAPEAKE BUSINESS DR,6293,COUNTY ROAD,No,True,No,2/14/2025,No,Point,38.671421340,-76.875345594,PGCOPD,01,16,02,No,17,,17:25,2025,Friday,12,Motor Vehicle In Transport,05,On Roadway,7,,,,,,09,Through Roadway,01,Daylight,2/14/2025,2025-02-14,W,33.7,F,N,,,65172FFD31F6C5CA1F075DF196C8D4215B8F61F6118AF3ADA03623B27CD65572,CO,01,No,,,,,01,Dry,,,,,,,,
Property Damage Crashes,CE4914009F,Laurel Police Department,Angle,Prince George's,Principal Arterial – Other,No,No,No,No,No,WASHINGTON BLVD (SB/L),1,UNITED STATE ROUTE,No,True,No,4/5/2025,No,Point,39.097355821,-76.850709332,LAUREL,01,16,03,No,11,,11:18,2025,Saturday,12,Motor Vehicle In Transport,05,On Roadway,3,,,,BOWIE RD,,06,Non-Junction,01,Daylight,4/5/2025,2025-04-05,S,10.49,F,N,,,F2EE7F123B7B91025C23C4BC586CD6C83DD1F92B76EE81C44E75ABDD49F21E0E,US,01,No,,,,,01,Dry,,,,,,,,
Injury Crashes,MSP757700L7,Maryland State Police,Front to Rear,Prince George's,Interstate,No,No,No,No,No,CAPITAL BELTWAY (SB/L),95,INTERSTATE ROUTE,No,True,No,5/25/2025,No,Point,39.016717579,-76.911518145,MSP,03,16,02,No,23,,23:01,2025,Sunday,12,Motor Vehicle In Transport,05,On Roadway,1,,,,,,09,Through Roadway,03,Dark - Lighted,5/25/2025,2025-05-25,N,36.33,F,N,,,DD1D2CD4C5F51097BF62EDAC2EF2500AEDD93927C76488371D7AFB7742B0C774,IS,01,No,12,Motor Vehicle In Transport,03,Median,01,Dry,,,,,,,,
Property Damage Crashes,CC0271008G,Hyattsville Police Department,Front to Rear,Prince George's,,No,No,No,No,Yes,,,,No,True,No,4/9/2025,No,Point,38.947085462,-76.941488011,HYATTSVILLE,03,16,03,,10,,10:39,2025,Wednesday,12,Motor Vehicle In Transport,02,In Parking Lane Or Zone,,,,,,,,,01,Daylight,4/9/2025,2025-04-09,,,F,N,102,Parking Lot Way,,,01,No,,,,,,,,,,,,,,
Property Damage Crashes,CBPD0098007D,Bowie Police Department,Single Vehicle,Prince George's,,No,No,No,No,No,TOWN CENTER BLVD,2090,LOCAL ROAD,No,True,No,3/29/2025,No,Point,38.945629182,-76.734231578,BOWIE,101,16,03,No,0,,00:50,2025,Saturday,40,Tree (standing),07,"On Shoulder, Right Side",,,,,,,06,Non-Junction,03,Dark - Lighted,3/29/2025,2025-03-29,E,20.53,F,N,,,71131F656EFA7E00A0050AA89CD7C8CABA26123A2E3704E4E470C88C60A44603,LL,01,No,40,Tree (standing),07,"On Shoulder, Right Side",01,Dry,,,,,,,,
Injury Crashes,MSP617100NM,Maryland State Police,Front to Rear,Prince George's,Interstate,No,No,No,No,No,CAPITAL BELTWAY (SB/L),95,INTERSTATE ROUTE,No,True,No,3/23/2025,No,Point,39.019385,-76.93144,MSP,03,16,02,No,20,,20:34,2025,Sunday,12,Motor Vehicle In Transport,05,On Roadway,1,,,,,,06,Non-Junction,03,Dark - Lighted,3/23/2025,2025-03-23,S,48.96,F,N,,,58E86E1896216C2F8589894B0B1204B49DDFE54FEF798ECE07205C3DBC3A7EE1,IS,01,No,,,,,01,Dry,,,,,,,,
Property Damage Crashes,MSP78430038,Maryland State Police,Single Vehicle,Prince George's,Interstate,No,No,No,No,No,RAMP 4 FR IS 95 NB CD LANE TO MD 198 EB,95,RAMP,No,True,No,5/7/2025,No,Point,39.098746097,-76.885668459,MSP,101,16,03,Yes,12,,12:43,2025,Wednesday,31,Guardrail End Terminal,01,Gore,1,,,,,,04,Entrance/Exit Ramp or Related,01,Daylight,5/7/2025,2025-05-07,N,24.82,F,N,,,BC1BF3590D3FDDBEAFC0AC19EF4AE8591F18EA0A363A00D8CF3AD6A47B1F70B4,RP,01,No,,,,,01,Dry,,,,,,,,
Property Damage Crashes,DA4340003Y,Prince George's County Police,Front to Rear,Prince George's,Principal Arterial – Other,No,No,No,No,No,GREENBELT RD (WB/L),193,MARYLAND ROUTE,No,True,No,1/23/2025,No,Point,38.990842045,-76.836382977,PGCOPD,03,16,03,No,15,,15:00,2025,Thursday,12,Motor Vehicle In Transport,99,Unknown,3,,,,,,99,Unknown,01,Daylight,1/23/2025,2025-01-23,E,57.39,F,N,,,D847859E9B60DA96C2FCD3FC7627F76AF3B57D8A5883CF9911AC02BF92C12C8B,MD,01,No,,,,,01,Dry,,,,,,,,
Property Damage Crashes,RD0123005L,Riverdale Park Police Department,Angle,Prince George's,Local,No,No,No,No,No,58TH AVE,317,COUNTY ROAD,No,True,No,1/6/2025,No,Point,38.960161682,-76.917633187,RIVERDALE,01,16,03,Yes,5,04,05:30,2025,Monday,12,Motor Vehicle In Transport,05,On Roadway,7,Angled/Skewed,,,RIVERDALE RD (WB/L),01,05,Intersection or Related,03,Dark - Lighted,1/6/2025,2025-01-06,S,0,F,N,,,937F181CFD2861DACC944CCF5181D48B809869BA597E18E0ED96EA6EFC5AE8E4,CO,01,No,,,,,07,Snow,01,Signalized,,,,,,
Property Damage Crashes,MSP69310152,Maryland State Police,Single Vehicle,Prince George's,Principal Arterial – Other,Yes,No,No,No,No,CENTRAL AVE,214,MARYLAND ROUTE,No,True,No,5/4/2025,No,Point,38.8959995,-76.8358987,MSP,101,16,03,No,3,,03:20,2025,Sunday,27,Curb,09,Roadside,3,,,,,,06,Non-Junction,03,Dark - Lighted,5/4/2025,2025-05-04,N,57.69,F,N,,,5763FE78082141899556F33901DDA6FDB1A54D0444624C41BC0A6CAD5CFDCCC1,MD,01,No,,,,,01,Dry,,,,,,,,
Property Damage Crashes,CNC31790042,New Carrollton Police Department,Angle,Prince George's,Minor Arterial,No,No,No,No,No,ANNAPOLIS RD (WB/L),450,MARYLAND ROUTE,No,True,No,5/27/2025,No,Point,38.953930724,-76.876469176,NCPD,01,16,03,No,19,,19:21,2025,Tuesday,12,Motor Vehicle In Transport,05,On Roadway,4,,,,,,99,Unknown,01,Daylight,5/27/2025,2025-05-27,S,15.38,F,N,,,69BBBE7C36472EAD4EB0987C3331827366D772E03D1EC7743A497F11916F6B7D,MD,01,No,,,,,01,Dry,,,,,,,,
Property Damage Crashes,DA373600D4,Prince George's County Police,Rear To Side,Prince George's,,No,No,No,No,No,,582,COUNTY ROAD,No,True,No,4/8/2025,No,Point,38.779739026,-77.003601865,PGCOPD,05,16,03,No,17,,17:26,2025,Tuesday,12,Motor Vehicle In Transport,05,On Roadway,,,,,CLAUDIA DR,,09,Through Roadway,01,Daylight,4/8/2025,2025-04-08,N,31.9,F,N,,,D8C6374956DE82087EFA509978D1B47107436C55940CA529462E2D69556478C5,CO,01,No,,,,,01,Dry,,,,,,,,
Property Damage Crashes,DA37100002,Prince George's County Police,Front to Rear,Prince George's,Local,No,No,No,No,No,VIRGINIA AVE,3686,COUNTY ROAD,No,True,No,6/6/2025,No,Point,38.924066718,-76.886838297,PGCOPD,03,16,03,No,20,,20:10,2025,Friday,15,Parked Vehicle,02,In Parking Lane Or Zone,7,,,,,,06,Non-Junction,101,Dusk,6/6/2025,2025-06-06,E,37.63,F,N,,,0840720E710CD206534CA2EEBBC000A81EC9252B71C25FDBFDD2ACCA87CAD0A4,CO,01,No,,,,,01,Dry,,,,,,,,
Property Damage Crashes,DA3764003H,Prince George's County Police,Front to Front,Prince George's,,No,No,No,No,Yes,,,,No,True,No,1/7/2025,No,Point,38.938763328,-76.957446574,PGCOPD,02,16,03,,10,,10:07,2025,Tuesday,12,Motor Vehicle In Transport,02,In Parking Lane Or Zone,,,,,,,,,01,Daylight,1/7/2025,2025-01-07,,,F,N,102,Parking Lot Way,,,01,No,,,,,,,,,,,,,,
Property Damage Crashes,DA43410023,Prince George's County Police,Angle,Prince George's,Local,No,No,No,No,No,POHANKA PL,2244,COUNTY ROAD,No,True,No,5/9/2025,No,Point,38.825149714,-76.946859117,PGCOPD,01,16,03,No,14,,14:36,2025,Friday,12,Motor Vehicle In Transport,05,On Roadway,7,,,,,,06,Non-Junction,01,Daylight,5/9/2025,2025-05-09,W,20.61,F,N,,,3F614F11FE2FAA4697733DFAF1E6BCF9725117E9CEB5DD001D52820B40AF9F35,CO,01,No,,,,,09,Wet,,,,,,,,
Property Damage Crashes,MSP7776006R,Maryland State Police,"Sideswipe, Same Direction",Prince George's,Interstate,No,No,No,No,No,JOHN HANSON HWY (WB/L),595,INTERSTATE ROUTE,No,True,No,5/20/2025,No,Point,38.945815978,-76.855207113,MSP,07,16,03,No,16,,16:01,2025,Tuesday,12,Motor Vehicle In Transport,05,On Roadway,1,,,,,,06,Non-Junction,01,Daylight,5/20/2025,2025-05-20,S,8.74,F,N,,,9C5131FFE5E60E1AC8AF2DE9B8A79EC1A045DF3F406E2992CCB329029A2CA13F,IS,01,No,,,,,01,Dry,,,,,,,,
Property Damage Crashes,MSP7839004R,Maryland State Police,Front to Rear,Prince George's,Principal Arterial – Other,No,No,No,No,No,PENNSYLVANIA AVE (SB/L),4,MARYLAND ROUTE,No,True,No,4/22/2025,No,Point,38.838051667,-76.863135,MSP,03,16,03,No,22,,22:43,2025,Tuesday,12,Motor Vehicle In Transport,05,On Roadway,3,,,,,,06,Non-Junction,04,Dark - Not Lighted,4/22/2025,2025-04-22,S,17,F,N,,,5E8CE422036066EB0865ED203DC9D76801B0180186FBBF48BF02A77A15BA813B,MD,01,No,,,,,01,Dry,,,,,,,,
Injury Crashes,MSP675100KS,Maryland State Police,"Sideswipe, Same Direction",Prince George's,Principal Arterial – Other Freeways and Expressways,No,No,No,No,No,BRANCH AVE,5,MARYLAND ROUTE,Yes,True,No,1/8/2025,No,Point,38.811104441,-76.910234389,MSP,07,16,02,No,22,,22:00,2025,Wednesday,12,Motor Vehicle In Transport,05,On Roadway,2,,,,,,06,Non-Junction,04,Dark - Not Lighted,1/8/2025,2025-01-08,N,25.92,F,N,,,6B771663F379737CD3B2C87D1CFC97F23DC6592972F23F9C3ACD07E3DACCAF55,MD,01,No,,,,,01,Dry,,,,,,,,
Property Damage Crashes,DA43060051,Prince George's County Police,"Sideswipe, Same Direction",Prince George's,Major Collector,No,Yes,No,No,No,ARDWICK ARDMORE RD (EB/L),65,COUNTY ROAD,No,True,No,3/2/2025,No,Point,38.943102414,-76.871329332,PGCOPD,07,16,03,No,15,,15:56,2025,Sunday,12,Motor Vehicle In Transport,05,On Roadway,5,,,,,,06,Non-Junction,01,Daylight,3/2/2025,2025-03-02,S,7.27,F,N,,,E9B2D4F4492AD8D7E1D1C9A10A0004DD00FB5A3DC67FF4C908AE6713F910A8D2,CO,01,No,,,,,01,Dry,,,,,,,,
Property Damage Crashes,MSP697200GC,Maryland State Police,Single Vehicle,Prince George's,Interstate,No,No,No,No,No,RAMP 3 FR MD 198 EB TO IS 95 NB CD LANE,95,RAMP,No,True,No,4/7/2025,No,Point,39.099534194,-76.887602635,MSP,101,16,03,No,0,,00:19,2025,Monday,07,Overturn/Rollover,01,Gore,1,,,,,,04,Entrance/Exit Ramp or Related,04,Dark - Not Lighted,4/7/2025,2025-04-07,S,10.84,F,N,,,3923A6738CB84D70FD765BE3CEABA1350F89D017CAEF03446E4495AA8A23054E,RP,01,No,,,,,09,Wet,,,,,,,,
Injury Crashes,DA42870025,Prince George's County Police,"Sideswipe, Same Direction",Prince George's,Principal Arterial – Other,No,No,No,No,No,LAUREL BOWIE RD,197,MARYLAND ROUTE,No,True,No,2/23/2025,No,Point,39.065382804,-76.839547516,PGCOPD,07,16,02,No,2,,02:30,2025,Sunday,12,Motor Vehicle In Transport,05,On Roadway,3,,,,,,99,Unknown,04,Dark - Not Lighted,2/23/2025,2025-02-23,N,51.48,F,N,,,4F68CEF6B9E8B95DC1CE5D6D692B0DC2F155667DFBFF0CE1FD49B159A0201B7A,MD,01,No,,,,,01,Dry,,,,,,,,
Property Damage Crashes,CNC3184001S,New Carrollton Police Department,Front to Rear,Prince George's,Principal Arterial – Other,No,No,No,No,No,VETERANS PKWY (WB/L),410,MARYLAND ROUTE,No,True,No,2/12/2025,No,Point,38.951454924,-76.885187721,NCPD,03,16,03,Yes,19,04,19:34,2025,Wednesday,12,Motor Vehicle In Transport,05,On Roadway,3,Angled/Skewed,,,ANNAPOLIS RD,01,05,Intersection or Related,03,Dark - Lighted,2/12/2025,2025-02-12,N,0,F,N,,,6929BECB1E47DA55D5BA1D5AA5A5EFDB9A15319740BAF61937FD2D182E08CAE2,MD,01,No,,,,,09,Wet,01,Signalized,,,,,,
Property Damage Crashes,AM03930014,Bladensburg Police Department,Front to Rear,Prince George's,Local,No,No,No,No,No,54TH PL,540,MUNICIPAL ROAD,No,True,No,2/5/2025,No,Point,38.941003871,-76.924762567,BLADENSBURG,03,16,03,No,8,,08:00,2025,Wednesday,12,Motor Vehicle In Transport,05,On Roadway,7,,,,,,06,Non-Junction,01,Daylight,2/5/2025,2025-02-05,S,23.3,F,N,,,E1AB6141B83F06831EACEC760D950D6D17E357724CD5DCA8D1DDB6138E26B97C,MU,01,No,,,,,01,Dry,,,,,,,,
Property Damage Crashes,BE01130002,District Heights Police Department,Single Vehicle,Prince George's,Local,No,No,No,No,No,DELANO LA,818,COUNTY ROAD,Yes,True,No,1/12/2025,No,Point,38.857626731,-76.901975373,DISTHEIGHTS,101,16,03,No,20,,20:23,2025,Sunday,30,Fence,06,"On Shoulder, Left Side",7,,,,,,09,Through Roadway,03,Dark - Lighted,1/12/2025,2025-01-12,N,11.58,F,N,,,797427779F4EC0BF080CF79D28ACE2E06162BEBAF877A0851CA59ABD079DA29F,CO,01,No,12,Motor Vehicle In Transport,05,On Roadway,02,Ice/Frost,,,,,,,,
Property Damage Crashes,DA4410000X,Prince George's County Police,"Sideswipe, Opposite Direction",Prince George's,Local,No,No,No,No,No,KEOKEE ST,869,COUNTY ROAD,No,True,No,5/7/2025,No,Point,38.990617091,-76.979516289,PGCOPD,06,16,03,No,6,,06:36,2025,Wednesday,12,Motor Vehicle In Transport,05,On Roadway,7,,,,,,06,Non-Junction,01,Daylight,5/7/2025,2025-05-07,W,21.83,F,N,,,067E61E322DB4ECE854B55572779BBD28B8053607797A1F804C51C12AC9E880D,CO,01,No,,,,,01,Dry,,,,,,,,
Property Damage Crashes,MSP757700HB,Maryland State Police,Single Vehicle,Prince George's,Interstate,No,No,No,No,No,RAMP 2 FR IS 95 WB TO MD 201 NB,95,RAMP,No,True,No,1/31/2025,No,Point,39.001731322,-76.892813261,MSP,101,16,03,No,6,,06:17,2025,Friday,32,Guardrail Face,03,Median,1,,,,,,09,Through Roadway,03,Dark - Lighted,1/31/2025,2025-01-31,S,21.65,F,N,,,AB5A7A91BCAAEA262E547C7C8A2CC604E61B40B8DDBCB75DC5FDD51AD2C33EE6,RP,01,No,12,Motor Vehicle In Transport,05,On Roadway,01,Dry,,,,,,,,
Property Damage Crashes,DA43680020,Prince George's County Police,Front to Rear,Prince George's,Principal Arterial – Other Freeways and Expressways,No,No,No,No,No,BRANCH AVE,5,MARYLAND ROUTE,No,True,No,5/23/2025,No,Point,38.826017435,-76.925228962,PGCOPD,03,16,03,No,13,,13:36,2025,Friday,12,Motor Vehicle In Transport,05,On Roadway,2,,,,,,99,Unknown,01,Daylight,5/23/2025,2025-05-23,S,59.13,F,N,,,C8AFA3E61640D5EF97E0AD393FF4A6D06DE872F6A2E7A29FF6F721B73A61D072,MD,01,No,,,,,01,Dry,,,,,,,,
Property Damage Crashes,MSP6931014F,Maryland State Police,Front to Rear,Prince George's,Interstate,No,No,No,No,No,CAPITAL BELTWAY,95,INTERSTATE ROUTE,No,True,No,4/26/2025,No,Point,38.936471667,-76.855268333,MSP,03,16,03,No,15,,15:22,2025,Saturday,12,Motor Vehicle In Transport,05,On Roadway,1,,,,,,06,Non-Junction,01,Daylight,4/26/2025,2025-04-26,S,58.03,F,N,,,41A36FB7E40300627AD5AC64F586C288F90D52698413735B7F056FE34510C05A,IS,01,No,,,,,09,Wet,,,,,,,,
Property Damage Crashes,MSP745800PZ,Maryland State Police,Front to Rear,Prince George's,Principal Arterial – Other Freeways and Expressways,No,No,No,No,No,BRANCH AVE,5,MARYLAND ROUTE,No,True,No,2/26/2025,No,Point,38.810493333,-76.90955,MSP,03,16,03,No,8,,08:18,2025,Wednesday,12,Motor Vehicle In Transport,05,On Roadway,2,,,,,,01,Acceleration/Deceleration Lane,01,Daylight,2/26/2025,2025-02-26,W,34.9,F,N,,,019A9540E3B34AC07F20AA76D161DBC56FDDE42A64A18C434C322FBC48AC8674,MD,01,No,,,,,01,Dry,,,,,,,,
Property Damage Crashes,MSP7843002L,Maryland State Police,Front to Rear,Prince George's,Interstate,No,Yes,No,No,No,NO NAME,95,INTERSTATE ROUTE,Yes,True,No,4/14/2025,No,Point,39.022896127,-76.942090427,MSP,03,16,03,No,12,,12:29,2025,Monday,12,Motor Vehicle In Transport,05,On Roadway,1,,,,,,04,Entrance/Exit Ramp or Related,01,Daylight,4/14/2025,2025-04-14,S,13.19,F,N,,,A4E6943F45687B6ADC6BB9A7FD640108D34FA28AAEDAA29C2C6A8F7F048A02D4,IS,01,No,12,Motor Vehicle In Transport,05,On Roadway,01,Dry,,,,,,,,
Property Damage Crashes,DA3372004H,Prince George's County Police,Angle,Prince George's,Local,No,No,No,No,No,BROAD VIEW RD,161,COUNTY ROAD,No,True,No,5/10/2025,No,Point,38.755918627,-76.988043027,PGCOPD,01,16,03,No,6,,06:51,2025,Saturday,15,Parked Vehicle,05,On Roadway,7,,,,,,06,Non-Junction,01,Daylight,5/10/2025,2025-05-10,W,25.73,F,N,,,99DD3F5F391A0D2932D47F5EE58A9A934D5883C1DF889EA8FE3CF0698C88AABA,CO,01,No,,,,,01,Dry,,,,,,,,
Property Damage Crashes,MSP78710026,Maryland State Police,Single Vehicle,Prince George's,Interstate,No,No,No,No,No,CAPITAL BELTWAY,495,INTERSTATE ROUTE,No,True,No,2/16/2025,No,Point,39.018335834,-76.968909994,MSP,101,16,03,No,13,,13:49,2025,Sunday,32,Guardrail Face,07,"On Shoulder, Right Side",1,,101,State,,,09,Through Roadway,01,Daylight,2/16/2025,2025-02-16,E,21.06,F,N,,,689059E99282FC2D8BB627996A7E8F6D4A565F758FF00FC34F5DDA524310FC30,IS,01,No,,,,,09,Wet,,,,,,,,
Property Damage Crashes,MSP7872001Q,Maryland State Police,"Sideswipe, Opposite Direction",Prince George's,Principal Arterial – Other,No,No,No,No,No,CRAIN HWY,301,UNITED STATE ROUTE,No,True,No,1/24/2025,No,Point,38.901516672,-76.717546994,MSP,06,16,03,No,11,,11:32,2025,Friday,12,Motor Vehicle In Transport,05,On Roadway,3,,,,,,09,Through Roadway,01,Daylight,1/24/2025,2025-01-24,N,76.88,F,N,,,B8ACC166B8FED38A4176D16800DBA22B6028245BD969BF4ADECBF5783322AA53,US,01,No,,,,,01,Dry,,,,,,,,
Property Damage Crashes,DA392000CF,Prince George's County Police,Other,Prince George's,Local,No,No,No,No,No,FLINTRIDGE DR,847,COUNTY ROAD,No,True,No,3/24/2025,No,Point,38.950050853,-76.893267798,PGCOPD,98,16,03,Yes,8,04,08:24,2025,Monday,12,Motor Vehicle In Transport,05,On Roadway,7,Perpendicular,,,70TH PL,03,05,Intersection or Related,01,Daylight,3/24/2025,2025-03-24,W,0,F,N,,,ADA44D98D91D26F5428C8B8C21D9E13F3FECC18A6B6F181F827C80D586BF4B37,CO,01,No,15,Parked Vehicle,05,On Roadway,01,Dry,02,Stop - All Way,,,,,,
Property Damage Crashes,DA419600DK,Prince George's County Police,"Sideswipe, Same Direction",Prince George's,Principal Arterial – Other,No,No,No,No,No,SILVER HILL RD (SB/L),458,MARYLAND ROUTE,No,True,No,4/22/2025,No,Point,38.843305048,-76.930921299,PGCOPD,07,16,03,No,16,,16:42,2025,Tuesday,12,Motor Vehicle In Transport,05,On Roadway,3,,,,RAMP 2 FR MD 458 WB TO SUITLAND PKWY,,99,Unknown,01,Daylight,4/22/2025,2025-04-22,S,57.4,F,N,,,E5792BDCC5A85E6B02D8BDEB4BB1AC76878A60FF8D7DE1984BF5B4BDCFD2DFD0,MD,01,No,,,,,01,Dry,,,,,,,,
Injury Crashes,DA4278007J,Prince George's County Police,Other,Prince George's,Minor Arterial,No,No,No,No,No,ANNAPOLIS RD,450,MARYLAND ROUTE,No,True,No,5/23/2025,No,Point,38.963829020,-76.856288128,PGCOPD,98,16,02,No,12,,12:55,2025,Friday,12,Motor Vehicle In Transport,05,On Roadway,4,,,,,,09,Through Roadway,01,Daylight,5/23/2025,2025-05-23,S,35.45,F,N,,,9FDA7145CE902B958B50B62ED5B2DF98ECBCB7C45F20B2BA04DBA8B812D9C98A,MD,01,No,,,,,01,Dry,,,,,,,,
Injury Crashes,DA43650041,Prince George's County Police,Single Vehicle,Prince George's,Local,No,No,No,No,No,MOCKINGBIRD LA,240,OTHER PUBLIC ROAD,No,True,No,5/9/2025,No,Point,38.987698575,-76.777425386,PGCOPD,101,16,02,No,21,,21:21,2025,Friday,34,Mailbox,09,Roadside,7,,,,,,06,Non-Junction,04,Dark - Not Lighted,5/9/2025,2025-05-09,N,18.62,F,N,,,7BE520F52C87595A1C30B3EACE1A9A000FA2FD9CB6CB22AD6B6519379397B5E1,OP,01,No,36,"Other Post, Pole, Or Support",09,Roadside,01,Dry,,,,,,,,
Injury Crashes,DA4297003V,Prince George's County Police,Other,Prince George's,Principal Arterial – Other,No,No,No,No,No,LAUREL BOWIE RD,197,MARYLAND ROUTE,No,True,No,3/18/2025,No,Point,39.063287056,-76.839249342,PGCOPD,98,16,02,No,23,,23:07,2025,Tuesday,12,Motor Vehicle In Transport,05,On Roadway,3,,,,,,99,Unknown,03,Dark - Lighted,3/18/2025,2025-03-18,N,9.06,F,N,,,49350CC2450D8C661E7C9001A864F61AD0084B085D96E017C97AC4107737FF43,MD,01,No,,,,,01,Dry,,,,,,,,
Property Damage Crashes,DA41020086,Prince George's County Police,Single Vehicle,Prince George's,Local,No,No,No,No,No,HARVARD RD,570,MUNICIPAL ROAD,No,True,No,3/1/2025,No,Point,38.977777371,-76.932744808,PGCOPD,101,16,03,Unknown,22,02,22:56,2025,Saturday,40,Tree (standing),05,On Roadway,7,Angled/Skewed,,,RHODE ISLAND AVE #7,01,05,Intersection or Related,03,Dark - Lighted,3/1/2025,2025-03-01,N,0,F,N,,,0171B7D4F13BFE6C3D55EAC8DBDBC9F610C1269A6C5D6BFB17AA074D05BA2F03,MU,01,No,,,,,01,Dry,05,No Controls,,,,,,
Property Damage Crashes,MSP743900MP,Maryland State Police,Front to Rear,Prince George's,Principal Arterial – Other,No,No,No,No,No,BALTIMORE AVE,1,UNITED STATE ROUTE,No,True,No,2/21/2025,No,Point,39.091888267,-76.857109800,MSP,03,16,03,No,20,,20:36,2025,Friday,12,Motor Vehicle In Transport,05,On Roadway,3,,,,,,09,Through Roadway,03,Dark - Lighted,2/21/2025,2025-02-21,E,124.54,F,N,,,2E451FF0BC30D67A16CB66AEC3F4C0E5AE425635E6FD9829DA81F031B08571D5,US,01,No,,,,,01,Dry,,,,,,,,
Injury Crashes,DA38890084,Prince George's County Police,Other,Prince George's,,No,No,No,No,No,RACE TRACK RD (WB/L),49,COUNTY ROAD,No,True,No,5/5/2025,No,Point,39.010807328,-76.758174093,PGCOPD,98,16,02,No,14,,14:40,2025,Monday,12,Motor Vehicle In Transport,05,On Roadway,,,,,,,06,Non-Junction,01,Daylight,5/5/2025,2025-05-05,S,10.74,F,N,,,94885F2AD4D2653BAE1E27F293D1D9AED7618E681CEC790716FEE9043258A45B,CO,01,No,,,,,01,Dry,,,,,,,,
Property Damage Crashes,MSP647600JL,Maryland State Police,"Sideswipe, Same Direction",Prince George's,Interstate,No,No,No,No,No,CAPITAL BELTWAY (SB/L),95,INTERSTATE ROUTE,No,True,No,5/17/2025,No,Point,38.819436667,-76.928883333,MSP,07,16,03,No,6,,06:55,2025,Saturday,12,Motor Vehicle In Transport,05,On Roadway,1,,101,State,,,09,Through Roadway,01,Daylight,5/17/2025,2025-05-17,S,53.56,F,N,,,66B0126A7848510A517A0CA77D1FFFCB3FEC6F4B2ADD66A0DE15E5D529F75879,IS,01,No,32,Guardrail Face,07,"On Shoulder, Right Side",09,Wet,,,,,,,,
Property Damage Crashes,DA4370001L,Prince George's County Police,Front to Rear,Prince George's,Local,No,No,No,No,No,WATER FOWL WAY,5848,COUNTY ROAD,Yes,True,No,3/6/2025,No,Point,38.875661576,-76.782783485,PGCOPD,03,16,03,No,7,,07:00,2025,Thursday,12,Motor Vehicle In Transport,05,On Roadway,7,,,,WATKINS PARK DR,,06,Non-Junction,01,Daylight,3/6/2025,2025-03-06,N,43.16,F,N,,,5FE41B52F85B6ACA178CFAA9A68238C37A53A8D352559B872B5D42C3D449C973,CO,01,No,,,,,01,Dry,,,,,,,,
Property Damage Crashes,DA3397004Q,Prince George's County Police,Front to Rear,Prince George's,Local,No,No,No,No,No,CLINTON MANOR DR,1030,COUNTY ROAD,No,True,No,2/19/2025,No,Point,38.760403899,-76.895902144,PGCOPD,03,16,03,Yes,14,03,14:54,2025,Wednesday,12,Motor Vehicle In Transport,05,On Roadway,7,Angled/Skewed,,,BRANDYWINE RD,01,05,Intersection or Related,01,Daylight,2/19/2025,2025-02-19,S,0,F,N,,,E0EC5ED0B794DEB10237273B17AB26352CE34D045213EC03EFE9C1008BA9DC59,CO,01,No,,,,,07,Snow,03,Stop - Partial,,,,,,
Injury Crashes,DA4278006W,Prince George's County Police,Other,Prince George's,,No,No,No,No,Yes,,,,Yes,True,No,3/30/2025,No,Point,38.985968684,-76.821252983,PGCOPD,98,16,02,,12,,12:45,2025,Sunday,15,Parked Vehicle,05,On Roadway,,,,,,,,,01,Daylight,3/30/2025,2025-03-30,,,F,N,102,Parking Lot Way,,,01,No,,,,,,,,,,,,,,