Crash Severity Description,Reportnumber,Agencyname,CollisionImpact Description,Crash County Description,FunctionalClass Description,ImpairedCrash,Large Vehicle Involved,Motorcycle Crash,Non-Motorist Crash,OffRoad,RoadName,Route Number,RouteType Description,Unrestrained Occupants,WithinDateRange,Work Zone Related,Crashdate,Work Zone Crash,CrashPoint,Latitude,Longitude,AgencyCode,CollisionImpact,Crash County,Crash Severity,Crash Within Interchange,Crashhour,CrashInterchangeApproaches,Crashtime,CrashYear,Dayofweek,FirstHarmEvent,FirstHarmEvent Description,FirstHarmLocation,FirstHarmLocation Description,FunctionalClass,Geometry Description,GovPropertyDamage,GovPropertyDamage Description,IntersectingRoadName,Intersection Geometry,JunctionRelated,JunctionRelated Description,Light,Light Description,LOD Crash Date,LOD Date Level,MilepointDirection,MilepointDistance,MilepointUnits,NonTrafficFatal,OffroadLocation,OffroadLocation Description,RoadID,RouteType,SchoolBusRelated,SchoolBusRelated Description,SecondHarmEvent,SecondHarmEvent Description,SecondHarmLocation,SecondHarmLocation Description,Surface,Surface Description,TrafficControl,Trafficcontrol Description,WZLawEnforcementPresent,WZLocation,WZLocation Description,WZType,WZType Description,WZWorkersPresent
Property Damage Crashes,DA3616001Z,Prince George's County Police,Front to Rear,Prince George's,Local,No,No,No,No,No,NORCROSS ST,1293,COUNTY ROAD,No,True,No,5/5/2025,No,Point,38.831816939,-76.949782228,PGCOPD,03,16,03,No,8,,08:55,2025,Monday,12,Motor Vehicle In Transport,05,On Roadway,7,,,,,,01,Acceleration/Deceleration Lane,01,Daylight,5/5/2025,2025-05-05,W,42.8,F,N,,,9FE2B78D287C29EC26DB9C30C8CB400F38DFDF48156FDC59E7A4F43F8809B1EB,CO,01,No,,,,,01,Dry,,,,,,,,
Property Damage Crashes,CNC3179003P,New Carrollton Police Department,Other,Prince George's,,No,No,No,No,Yes,,,,No,True,No,3/23/2025,No,Point,38.956721502,-76.869897764,NCPD,98,16,03,,12,,12:51,2025,Sunday,12,Motor Vehicle In Transport,02,In Parking Lane Or Zone,,,,,,,,,01,Daylight,3/23/2025,2025-03-23,,,F,N,102,Parking Lot Way,,,01,No,,,,,,,,,,,,,,
Property Damage Crashes,MSP718600KG,Maryland State Police,Front to Rear,Prince George's,Principal Arterial – Other,No,No,No,No,No,CRAIN HWY,301,UNITED STATE ROUTE,No,True,No,4/20/2025,No,Point,38.698912528,-76.868663992,MSP,03,16,03,Yes,14,,14:52,2025,Sunday,12,Motor Vehicle In Transport,05,On Roadway,3,,,,,,09,Through Roadway,01,Daylight,4/20/2025,2025-04-20,S,29.83,F,N,,,597B855CD342DBC2663D68ED6FA5225262EDCED7AA3A518412B97FA6D944032A,US,01,No,,,,,01,Dry,,,,,,,,
Property Damage Crashes,MSP743900NG,Maryland State Police,"Sideswipe, Same Direction",Prince George's,Principal Arterial – Other,No,No,No,No,No,CRAIN HWY (SB/L),3,MARYLAND ROUTE,No,True,No,5/15/2025,No,Point,38.963893333,-76.717281667,MSP,07,16,03,No,5,,05:08,2025,Thursday,15,Parked Vehicle,09,Roadside,3,,101,State,,,09,Through Roadway,04,Dark - Not Lighted,5/15/2025,2025-05-15,E,70.59,F,N,,,BA6CC4C8C2769D3A286074878A750A3F9A4DC0D49A0EB62372184D8A237E5664,MD,01,No,41,Utility Pole/Light Support,09,Roadside,09,Wet,,,,,,,,
Property Damage Crashes,CC02780060,Hyattsville Police Department,Single Vehicle,Prince George's,,No,Yes,No,No,Yes,,,,No,True,No,5/11/2025,No,Point,38.968914959,-76.957848781,HYATTSVILLE,101,16,03,,0,,00:23,2025,Sunday,35,"Other Fixed Object (wall, building, tunnel, etc.)",04,"Off-Roadway, Location Unknown",,,,,,,,,03,Dark - Lighted,5/11/2025,2025-05-11,,,F,N,107,Alley,,,01,No,,,,,,,,,,,,,,
Injury Crashes,MSP7872002F,Maryland State Police,Front to Rear,Prince George's,Interstate,No,No,No,No,No,CAPITAL BELTWAY,95,INTERSTATE ROUTE,No,True,No,2/22/2025,No,Point,38.921693891,-76.852923753,MSP,03,16,02,Yes,14,,14:00,2025,Saturday,12,Motor Vehicle In Transport,05,On Roadway,1,,,,,,09,Through Roadway,01,Daylight,2/22/2025,2025-02-22,N,54.27,F,N,,,19D90B536AB2A451A5F080318FC0A0202CA2DB351F913635A7695D955371755C,IS,01,No,,,,,01,Dry,,,,,,,,
Property Damage Crashes,DA43790018,Prince George's County Police,"Sideswipe, Same Direction",Prince George's,Principal Arterial – Other,No,No,No,No,No,UNIVERSITY BLVD (WB/L),193,MARYLAND ROUTE,No,True,No,1/24/2025,No,Point,38.988129309,-76.986342301,PGCOPD,07,16,03,No,15,,15:51,2025,Friday,12,Motor Vehicle In Transport,05,On Roadway,3,,,,,,01,Acceleration/Deceleration Lane,01,Daylight,1/24/2025,2025-01-24,S,16.68,F,N,,,ADCA60F59F8F3D3B1379DB2E2C0F8595D895F4821B29E399F0F1DF92BC8DFA9E,MD,01,No,,,,,01,Dry,,,,,,,,
Property Damage Crashes,MSP7872003X,Maryland State Police,Angle,Prince George's,Interstate,No,No,No,No,No,CAPITAL BELTWAY (SB/L),95,INTERSTATE ROUTE,No,True,No,5/3/2025,No,Point,38.818701305,-76.931587500,MSP,01,16,03,No,13,,13:19,2025,Saturday,12,Motor Vehicle In Transport,05,On Roadway,1,,,,,,09,Through Roadway,01,Daylight,5/3/2025,2025-05-03,E,374.06,F,N,,,51D1F90AAA1155DC7C1197D2D29F8488453F42511CA9A4FCC999361084AB6EA9,IS,01,No,32,Guardrail Face,09,Roadside,01,Dry,,,,,,,,
Property Damage Crashes,MSP653400WF,Maryland State Police,Front to Rear,Prince George's,Principal Arterial – Other,No,No,No,No,No,CRAIN HWY,301,UNITED STATE ROUTE,No,True,No,1/10/2025,No,Point,38.878955825,-76.720320607,MSP,03,16,03,No,9,,09:20,2025,Friday,12,Motor Vehicle In Transport,05,On Roadway,3,,,,,,09,Through Roadway,01,Daylight,1/10/2025,2025-01-10,N,36.1,F,N,,,070674705DF82570D52A00427424833C0849DCE13FDDC5707C0CE28453FE24DB,US,01,No,12,Motor Vehicle In Transport,05,On Roadway,01,Dry,,,,,,,,
Injury Crashes,BW0202002S,Greenbelt Police Department,Unknown,Prince George's,Major Collector,No,No,No,Yes,No,CHERRYWOOD LA,40,MUNICIPAL ROAD,No,True,No,1/30/2025,No,Point,39.004682969,-76.907880325,GREENBELT,99,16,02,No,18,03,18:24,2025,Thursday,17,Pedestrian,05,On Roadway,5,Perpendicular,,,CHERRYWOOD CT,03,05,Intersection or Related,101,Dusk,1/30/2025,2025-01-30,N,0,F,N,,,C83EB23692828AA35FD658558F4195DC777A8D1E5D0FAC2208730A409EC498E6,MU,01,No,,,,,01,Dry,03,Stop - Partial,,,,,,
Injury Crashes,MSP718600JY,Maryland State Police,Front to Rear,Prince George's,Principal Arterial – Other,No,No,No,No,No,CRAIN HWY (SB/L),301,UNITED STATE ROUTE,No,True,No,3/19/2025,No,Point,38.945848276,-76.718116310,MSP,03,16,02,No,13,,13:20,2025,Wednesday,12,Motor Vehicle In Transport,05,On Roadway,3,,,,,,09,Through Roadway,01,Daylight,3/19/2025,2025-03-19,S,11.87,F,N,,,861E698EF885043E5539735923DF8BEF16B4AE3E7E9A8A451A6ECC6C90B55434,US,01,No,,,,,01,Dry,,,,,,,,
Property Damage Crashes,DA3746009T,Prince George's County Police,Single Vehicle,Prince George's,,No,Yes,No,No,No,NORBOURNE FARM RD,2970,LOCAL ROAD,No,True,No,2/26/2025,No,Point,38.808601333,-76.825596790,PGCOPD,101,16,03,No,17,,17:00,2025,Wednesday,35,"Other Fixed Object (wall, building, tunnel, etc.)",05,On Roadway,,,,,,,06,Non-Junction,01,Daylight,2/26/2025,2025-02-26,S,7.42,F,N,,,04F3837FDEC40918480B4B9E620DB595B74495C0C60B286CAB07EF464D7B2D10,LL,01,No,,,,,01,Dry,,,,,,,,
Property Damage Crashes,MSP6931013N,Maryland State Police,"Sideswipe, Same Direction",Prince George's,Principal Arterial – Other,No,Yes,No,No,No,CENTRAL AVE (WB/L),214,MARYLAND ROUTE,No,True,No,3/12/2025,No,Point,38.901320813,-76.767369333,MSP,07,16,03,No,12,,12:10,2025,Wednesday,12,Motor Vehicle In Transport,05,On Roadway,3,,,,,,06,Non-Junction,01,Daylight,3/12/2025,2025-03-12,W,39.93,F,N,,,63D79A38EA5196D2192F2C40150185F125B05905011B4FB6432F0264982806AB,MD,01,No,,,,,01,Dry,,,,,,,,
Property Damage Crashes,DA4195006V,Prince George's County Police,Single Vehicle,Prince George's,Major Collector,No,No,No,No,No,BRANDYWINE RD,381,MARYLAND ROUTE,No,True,No,4/22/2025,No,Point,38.666566156,-76.791462993,PGCOPD,101,16,03,No,20,,20:44,2025,Tuesday,41,Utility Pole/Light Support,09,Roadside,5,,,,,,06,Non-Junction,04,Dark - Not Lighted,4/22/2025,2025-04-22,N,855.19,F,N,,,EB201EE138E15E0D333BBB8A7C8FC1DADFE8AF99B591F1A302951295B1ABC0A8,MD,01,No,,,,,01,Dry,,,,,,,,
Property Damage Crashes,DA4374003T,Prince George's County Police,"Sideswipe, Opposite Direction",Prince George's,Local,No,No,No,No,No,WOODBURN CT,4695,COUNTY ROAD,No,True,No,4/14/2025,No,Point,38.972702094,-76.865029205,PGCOPD,06,16,03,No,12,,12:47,2025,Monday,15,Parked Vehicle,05,On Roadway,7,,,,,,09,Through Roadway,01,Daylight,4/14/2025,2025-04-14,S,9.3,F,N,,,771E516DD87C3A74B5E77D872C0F79FEE1A8FE09821F0A257F4877943DF4BAD0,CO,01,No,,,,,01,Dry,,,,,,,,
Property Damage Crashes,MSP745800RS,Maryland State Police,Front to Rear,Prince George's,Principal Arterial – Other Freeways and Expressways,No,No,No,No,No,PENNSYLVANIA AVE,4,MARYLAND ROUTE,No,True,No,4/8/2025,No,Point,38.828503333,-76.85548,MSP,03,16,03,No,5,,05:49,2025,Tuesday,12,Motor Vehicle In Transport,05,On Roadway,2,,,,,,01,Acceleration/Deceleration Lane,03,Dark - Lighted,4/8/2025,2025-04-08,N,28.64,F,N,,,5B828BB534B6B98E932C34150596D9DAE9DB1E53F62AFC0A2A9BE0418A96B872,MD,01,No,,,,,01,Dry,,,,,,,,
Injury Crashes,DA4008008D,Prince George's County Police,Front to Rear,Prince George's,Local,Yes,No,No,No,No,BELTSVILLE DR,3523,COUNTY ROAD,No,True,No,5/3/2025,No,Point,39.052686360,-76.935504854,PGCOPD,03,16,02,Yes,1,,01:55,2025,Saturday,12,Motor Vehicle In Transport,05,On Roadway,7,,,,,,01,Acceleration/Deceleration Lane,03,Dark - Lighted,5/3/2025,2025-05-03,S,9.03,F,N,,,9E2E4675467F7D36377FE660B665E810ABB3FEA880DF24D8224615A67667F82C,CO,01,No,15,Parked Vehicle,05,On Roadway,01,Dry,,,,,,,,
Injury Crashes,DA43400045,Prince George's County Police,"Sideswipe, Same Direction",Prince George's,Major Collector,No,Yes,No,No,No,HANOVER PKWY,205,MUNICIPAL ROAD,No,True,No,3/10/2025,No,Point,38.985855944,-76.876134455,PGCOPD,07,16,02,Yes,9,04,09:10,2025,Monday,12,Motor Vehicle In Transport,99,Unknown,5,Roundabout/Traffic Circle,,,,02,05,Intersection or Related,01,Daylight,3/10/2025,2025-03-10,N,0,F,N,,,CFD29081341CAFCED8AC399A34D67117CE80C342178047F78179095F9AA69C66,MU,02,"Yes, School Bus Directly Involved",,,,,01,Dry,04,Yield,,,,,,
Property Damage Crashes,DA3352005L,Prince George's County Police,Front to Rear,Prince George's,Minor Arterial,No,No,No,No,No,SHERIFF RD,75,COUNTY ROAD,No,True,No,2/19/2025,No,Point,38.905108696,-76.916573793,PGCOPD,03,16,03,No,22,,22:30,2025,Wednesday,12,Motor Vehicle In Transport,05,On Roadway,4,,,,,,09,Through Roadway,03,Dark - Lighted,2/19/2025,2025-02-19,S,19.64,F,N,,,235185B088FF682644D827DD9FB02E0CD172A8F2885CF9FC4EA695651FCE65BB,CO,01,No,,,,,01,Dry,,,,,,,,
Property Damage Crashes,DA4405001H,Prince George's County Police,Front to Rear,Prince George's,,No,No,No,No,No,GIBBS WAY,2572,LOCAL ROAD,No,True,No,5/19/2025,No,Point,38.895681342,-76.866390220,PGCOPD,03,16,03,No,18,,18:12,2025,Monday,12,Motor Vehicle In Transport,05,On Roadway,,,,,,,06,Non-Junction,01,Daylight,5/19/2025,2025-05-19,N,86.5,F,N,,,EE7760CFCDBC30BF80A522A15FCF9169B7782121A4DBBA815B0A9E12C710CF00,LL,01,No,,,,,01,Dry,,,,,,,,
Property Damage Crashes,DA39250057,Prince George's County Police,Other,Prince George's,Major Collector,No,No,No,No,No,DONNELL DR,1679,COUNTY ROAD,No,True,No,4/21/2025,No,Point,38.849732909,-76.885160212,PGCOPD,98,16,03,Yes,16,02,16:20,2025,Monday,12,Motor Vehicle In Transport,05,On Roadway,5,Perpendicular,,,MARLBORO PIKE MARLBORO PIKE (NB/L),03,05,Intersection or Related,01,Daylight,4/21/2025,2025-04-21,N,0,F,N,,,CA1CEDC225E22CA0F39D3BBF6B8BF6C1A8BB8F0B636CA247066BDC9F70DDBAE3,CO,01,No,97,Not Applicable,,,01,Dry,01,Signalized,,,,,,
Property Damage Crashes,DA4357002L,Prince George's County Police,Front to Rear,Prince George's,Minor Arterial,No,No,No,No,No,COVENTRY WAY,2525,COUNTY ROAD,No,True,No,1/18/2025,No,Point,38.782390092,-76.897662328,PGCOPD,03,16,03,No,13,,13:29,2025,Saturday,12,Motor Vehicle In Transport,05,On Roadway,4,,,,,,03,Driveway Access or Related,01,Daylight,1/18/2025,2025-01-18,E,34.11,F,N,,,4A8D53428FAF324B7863E299D74595986483E067E477F486195C534358F6F722,CO,01,No,,,,,09,Wet,,,,,,,,
Property Damage Crashes,DA373600CX,Prince George's County Police,Other,Prince George's,Local,No,No,No,No,No,OXON RUN PKWY,1739,COUNTY ROAD,No,True,No,3/6/2025,No,Point,38.820778144,-77.001486303,PGCOPD,98,16,03,No,11,,11:20,2025,Thursday,15,Parked Vehicle,05,On Roadway,7,,,,,,09,Through Roadway,01,Daylight,3/6/2025,2025-03-06,S,7.06,F,N,,,EC95C33C6EE77E80EC6CB461264BAD8BC82F0D8C052FA4A3422773413B8348D1,CO,01,No,,,,,01,Dry,,,,,,,,
Property Damage Crashes,MSP757700JK,Maryland State Police,Front to Rear,Prince George's,Interstate,No,No,No,No,No,NO NAME (SB/L),95,INTERSTATE ROUTE,No,True,No,3/25/2025,No,Point,39.033342392,-76.943708499,MSP,03,16,03,No,10,,10:07,2025,Tuesday,12,Motor Vehicle In Transport,05,On Roadway,1,,,,,,09,Through Roadway,01,Daylight,3/25/2025,2025-03-25,S,70.27,F,N,,,4C02998304B1D7887CC8EFA00AFFDB9D9AA5F7EDC515370240C13A03E5457CBD,IS,01,No,12,Motor Vehicle In Transport,05,On Roadway,01,Dry,,,,,,,,
Property Damage Crashes,DA4426000P,Prince George's County Police,Front to Rear,Prince George's,Principal Arterial – Other,No,No,No,No,No,LANDOVER RD,202,MARYLAND ROUTE,No,True,No,3/3/2025,No,Point,38.926797962,-76.886009647,PGCOPD,03,16,03,No,15,,15:30,2025,Monday,12,Motor Vehicle In Transport,05,On Roadway,3,,,,,,06,Non-Junction,01,Daylight,3/3/2025,2025-03-03,S,5.53,F,N,,,C4F6D4D125F544F772323B0D6AE1A8C2E60486398F623742FC493F3C9C7E2973,MD,01,No,,,,,01,Dry,,,,,,,,
Property Damage Crashes,DA4294003J,Prince George's County Police,Front to Front,Prince George's,Local,No,No,No,No,No,MARCY AVE,964,COUNTY ROAD,No,True,No,3/9/2025,No,Point,38.8169778,-76.9947107,PGCOPD,02,16,03,Yes,15,,15:00,2025,Sunday,12,Motor Vehicle In Transport,05,On Roadway,7,,,,,,02,Crossover-Related,01,Daylight,3/9/2025,2025-03-09,S,5.05,F,N,,,026B49197E341F559E39D8EE0F70C896954FE6CF57F386CC009290459E5502DC,CO,01,No,,,,,01,Dry,,,,,,,,
Property Damage Crashes,MSP744700P0,Maryland State Police,Angle,Prince George's,Local,No,No,No,No,No,GOVERNORS PARK LA,7261,COUNTY ROAD,No,True,No,4/17/2025,No,Point,38.834899310,-76.730791447,MSP,01,16,03,No,15,,15:59,2025,Thursday,12,Motor Vehicle In Transport,05,On Roadway,7,,,,,,02,Crossover-Related,01,Daylight,4/17/2025,2025-04-17,E,109.15,F,N,,,C7AE5E3DC81BB6720B351DDDEFAD1CEA6BC87D7EAEA5AFF3F00BAED34D8A8F31,CO,01,No,,,,,01,Dry,,,,,,,,
Property Damage Crashes,AM03620051,Bladensburg Police Department,Front to Rear,Prince George's,Minor Arterial,No,Yes,No,No,No,BALTIMORE AVE (SB/L),1,UNITED STATE ROUTE,No,True,No,3/20/2025,No,Point,38.940540029,-76.941576653,BLADENSBURG,03,16,03,No,12,,12:28,2025,Thursday,12,Motor Vehicle In Transport,05,On Roadway,4,,,,,,06,Non-Junction,01,Daylight,3/20/2025,2025-03-20,W,1.81,F,N,,,94B3EBF9172E0F2A59F2A06550F870ABF04EC5512C4C758B54E7C6AE0ECFE671,US,01,No,,,,,01,Dry,,,,,,,,
Property Damage Crashes,DJ01840011,Seat Pleasant Police Department,Front to Rear,Prince George's,Principal Arterial – Other,No,No,No,No,No,CENTRAL AVE (WB/L),214,MARYLAND ROUTE,No,True,No,1/1/2025,No,Point,38.890593944,-76.854154203,SEATPLEASANT,03,16,03,No,1,,01:50,2025,Wednesday,12,Motor Vehicle In Transport,05,On Roadway,3,,,,,,06,Non-Junction,03,Dark - Lighted,1/1/2025,2025-01-01,N,54.38,F,N,,,B8B238E6B92B77B9D6245F3AA9F3D1686EDBBC48D28F2EA08C69D7A61AC6DE7E,MD,01,No,,,,,01,Dry,,,,,,,,
Property Damage Crashes,CE5357000B,Laurel Police Department,Angle,Prince George's,Principal Arterial – Other,No,No,No,No,No,LAUREL BOWIE RD,197,MARYLAND ROUTE,No,True,No,1/9/2025,No,Point,39.088895345,-76.846194525,LAUREL,01,16,03,No,22,,22:00,2025,Thursday,12,Motor Vehicle In Transport,05,On Roadway,3,,,,,,01,Acceleration/Deceleration Lane,03,Dark - Lighted,1/9/2025,2025-01-09,S,19.8,F,N,,,F8578498A2C0586B14DD2920BE123219C4BC5ACACA74605BA0126AA94700295F,MD,01,No,,,,,02,Ice/Frost,,,,,,,,
Property Damage Crashes,CC0222001Y,Hyattsville Police Department,Front to Rear,Prince George's,,No,No,No,No,No,,5527,OTHER PUBLIC ROAD,No,True,No,1/13/2025,No,Point,38.968970899,-76.952092279,HYATTSVILLE,03,16,03,No,14,03,14:15,2025,Monday,12,Motor Vehicle In Transport,05,On Roadway,,Perpendicular,,,CONSTITUTION DR,03,05,Intersection or Related,01,Daylight,1/13/2025,2025-01-13,N,0,F,N,,,B6A6F294E1E28209E6947E5FADBF9FD150D2AAD9CA3716131EFE5667A060A33C,OP,01,No,,,,,01,Dry,02,Stop - All Way,,,,,,
Property Damage Crashes,DA4383002N,Prince George's County Police,Angle,Prince George's,Local,No,No,No,No,No,TUCKERMAN ST,1129,COUNTY ROAD,No,True,No,1/27/2025,No,Point,38.975042921,-76.848197998,PGCOPD,01,16,03,No,22,,22:33,2025,Monday,12,Motor Vehicle In Transport,05,On Roadway,7,,,,94TH AVE 94TH AVE (SB/L),,06,Non-Junction,03,Dark - Lighted,1/27/2025,2025-01-27,S,10.73,F,N,,,0440E73E9AD6D6E8B5F8E4A22DBE36E18FBB1BA1D04731899C6DE067FE11F0E2,CO,01,No,,,,,01,Dry,,,,,,,,
Property Damage Crashes,MSP757700H4,Maryland State Police,Front to Rear,Prince George's,Interstate,No,No,No,No,No,CAPITAL BELTWAY (SB/L),95,INTERSTATE ROUTE,No,True,No,1/16/2025,No,Point,39.018442067,-76.9171237,MSP,03,16,03,No,16,,16:27,2025,Thursday,12,Motor Vehicle In Transport,05,On Roadway,1,,,,,,09,Through Roadway,01,Daylight,1/16/2025,2025-01-16,S,20.41,F,N,,,BE9801D4980C75624ED27E4E145B4E92C1B49288720AABD9D29990121720C5A0,IS,01,No,97,Not Applicable,,,01,Dry,,,,,,,,
Injury Crashes,DA42570051,Prince George's County Police,Front to Front,Prince George's,Local,No,No,No,No,No,INDIAN CREEK CT,5467,COUNTY ROAD,No,True,No,4/28/2025,No,Point,39.056546450,-76.896848707,PGCOPD,02,16,02,No,18,,18:20,2025,Monday,12,Motor Vehicle In Transport,05,On Roadway,7,,,,,,06,Non-Junction,01,Daylight,4/28/2025,2025-04-28,N,16.8,F,N,,,B93A795BAC6F1C9B04CF23ECB1FF018A373E3C783979AEF2D7696280E7B73C0E,CO,01,No,,,,,01,Dry,,,,,,,,
Property Damage Crashes,MSP77870051,Maryland State Police,"Sideswipe, Same Direction",Prince George's,Interstate,Yes,No,No,No,No,CAPITAL BELTWAY (SB/L),95,INTERSTATE ROUTE,No,True,No,2/12/2025,No,Point,38.996279889,-76.890163616,MSP,07,16,03,No,21,,21:25,2025,Wednesday,12,Motor Vehicle In Transport,05,On Roadway,1,,,,,,06,Non-Junction,04,Dark - Not Lighted,2/12/2025,2025-02-12,N,79.6,F,N,,,4C85144E2D00A1F68D31CA1EF51ACF8EE924267F891365AFA0A8EF5D0F1D9C1F,IS,01,No,,,,,01,Dry,,,,,,,,
Property Damage Crashes,MSP69310140,Maryland State Police,Front to Rear,Prince George's,Principal Arterial – Other,No,No,No,No,No,CRAIN HWY,301,UNITED STATE ROUTE,No,True,No,4/2/2025,No,Point,38.945965624,-76.717725326,MSP,03,16,03,No,17,,17:48,2025,Wednesday,12,Motor Vehicle In Transport,05,On Roadway,3,,,,,,06,Non-Junction,01,Daylight,4/2/2025,2025-04-02,W,26.21,F,N,,,7D44D86D9310281777C44D84A693CF0A15FA6F210B177C682B9A82083064B683,US,01,No,,,,,01,Dry,,,,,,,,
Property Damage Crashes,DA4401000Z,Prince George's County Police,Rear To Rear,Prince George's,Local,No,No,No,No,No,AZTEC DR,32,MUNICIPAL ROAD,No,True,No,2/16/2025,No,Point,38.853639992,-76.896983704,PGCOPD,04,16,03,No,10,,10:51,2025,Sunday,15,Parked Vehicle,05,On Roadway,7,,,,,,06,Non-Junction,01,Daylight,2/16/2025,2025-02-16,E,13.32,F,N,,,5803080B1266C7F34AB7905611AD7D383B2F0649BA1B627A0CD8C33C203C2339,MU,01,No,,,,,09,Wet,,,,,,,,
Injury Crashes,CE4914009M,Laurel Police Department,Angle,Prince George's,Principal Arterial – Other,No,No,No,No,No,SECOND ST,1,UNITED STATE ROUTE,Yes,True,No,4/19/2025,No,Point,39.096754758,-76.849836943,LAUREL,01,16,02,No,20,,20:12,2025,Saturday,12,Motor Vehicle In Transport,05,On Roadway,3,,,,BOWIE RD,,06,Non-Junction,101,Dusk,4/19/2025,2025-04-19,E,9.36,F,N,,,3793C68D86CAB1FE0705D47637D2A360CB8607576BB9F0178A9522BA2C97BFCE,US,01,No,,,,,01,Dry,,,,,,,,
Property Damage Crashes,CE5294001D,Laurel Police Department,Front to Front,Prince George's,,No,No,No,No,No,,415,MUNICIPAL ROAD,No,True,No,1/25/2025,No,Point,39.083474841,-76.883766569,LAUREL,02,16,03,No,17,,17:28,2025,Saturday,12,Motor Vehicle In Transport,05,On Roadway,,,,,CONTEE RD VAN DUSEN RD,,06,Non-Junction,04,Dark - Not Lighted,1/25/2025,2025-01-25,N,8.04,F,N,,,C63AB45EC6A4529A3DC1AF87B364EF6DBFECE86D21D2400072E85614F488A3A3,MU,01,No,,,,,01,Dry,,,,,,,,
Property Damage Crashes,DA32150053,Prince George's County Police,Front to Rear,Prince George's,Minor Arterial,No,No,No,No,No,RITCHIE RD (SB/L),87,COUNTY ROAD,No,True,No,2/9/2025,No,Point,38.873505562,-76.857024839,PGCOPD,03,16,03,No,18,,18:42,2025,Sunday,12,Motor Vehicle In Transport,05,On Roadway,4,,,,,,06,Non-Junction,03,Dark - Lighted,2/9/2025,2025-02-09,S,36.97,F,N,,,842312CAB5D2FCE87C65FB1678F4EDC38EF3ECFF3B2525588479647E8B1FD1CD,CO,01,No,,,,,01,Dry,,,,,,,,
Property Damage Crashes,DA389000S6,Prince George's County Police,Rear To Side,Prince George's,,No,No,No,No,Yes,,,,No,True,No,5/17/2025,No,Point,39.021692430,-76.926355346,PGCOPD,05,16,03,,23,,23:20,2025,Saturday,12,Motor Vehicle In Transport,02,In Parking Lane Or Zone,,,,,,,,,03,Dark - Lighted,5/17/2025,2025-05-17,,,F,N,102,Parking Lot Way,,,01,No,,,,,,,,,,,,,,
Property Damage Crashes,BP1135001R,Forest Heights Police Department,Other,Prince George's,Minor Arterial,No,No,No,No,No,INDIAN HEAD HWY,210,MARYLAND ROUTE,Yes,True,No,5/15/2025,No,Point,38.818643417,-76.999621648,FORESTHEIGHTS,98,16,03,No,14,,14:30,2025,Thursday,12,Motor Vehicle In Transport,99,Unknown,4,,,,,,06,Non-Junction,01,Daylight,5/15/2025,2025-05-15,N,51.61,F,N,,,4729A26D23ABD6A86409FFD854C646D87D569CEE072F0ABB9FEBFC9AF7F60BD6,MD,01,No,,,,,01,Dry,,,,,,,,
Property Damage Crashes,MSP745800TH,Maryland State Police,Front to Rear,Prince George's,Principal Arterial – Other,No,Yes,No,No,No,CRAIN HWY (SB/L),301,UNITED STATE ROUTE,No,True,No,6/4/2025,No,Point,38.665334107,-76.875238734,MSP,03,16,03,No,8,,08:38,2025,Wednesday,12,Motor Vehicle In Transport,05,On Roadway,3,,,,,,01,Acceleration/Deceleration Lane,01,Daylight,6/4/2025,2025-06-04,N,5.33,F,N,,,DD7D4396EF3261335827C8710821066592C2280645401D0BE31AFEB8F9D7EC9C,US,01,No,,,,,01,Dry,,,,,,,,
Property Damage Crashes,MSP647600GK,Maryland State Police,Front to Rear,Prince George's,,No,No,No,No,No,,577,SPUR,No,True,No,1/13/2025,No,Point,38.72854,-76.8813,MSP,03,16,03,No,5,,05:53,2025,Monday,12,Motor Vehicle In Transport,05,On Roadway,,,,,,,09,Through Roadway,04,Dark - Not Lighted,1/13/2025,2025-01-13,S,6.58,F,N,,,E3B15C31C2EDFE33702225B6CFF22CF62B6BDEE6ADBFA2745C2AF9974E9DB67C,SP,01,No,12,Motor Vehicle In Transport,05,On Roadway,01,Dry,,,,,,,,
Property Damage Crashes,MSP7787004T,Maryland State Police,Single Vehicle,Prince George's,Interstate,No,No,No,No,No,RAMP 4 FR RAMP 9 (FR IS 95) TO MD 212 EB,95,RAMP,No,True,No,1/26/2025,No,Point,39.049095264,-76.928718141,MSP,101,16,03,Yes,1,,01:30,2025,Sunday,03,Explosion Or Fire,05,On Roadway,1,,,,,,04,Entrance/Exit Ramp or Related,04,Dark - Not Lighted,1/26/2025,2025-01-26,S,36.14,F,N,,,33F333FDE2B7F45D4BAE77CA3E6C681E1C823FCA3F2E77DCF1C19DD7263A9851,RP,01,No,,,,,01,Dry,,,,,,,,
Property Damage Crashes,DA410400BR,Prince George's County Police,Angle,Prince George's,Principal Arterial – Other,No,No,No,No,No,ADDISON RD,366,COUNTY ROAD,No,True,No,4/13/2025,No,Point,38.867185585,-76.892462177,PGCOPD,01,16,03,No,0,02,00:50,2025,Sunday,12,Motor Vehicle In Transport,05,On Roadway,3,Perpendicular,,,WALKER MILL RD,03,05,Intersection or Related,04,Dark - Not Lighted,4/13/2025,2025-04-13,W,0,F,N,,,476ABEBE84D5B1024712988D51EDF113E728AAEC6332D020FFFF304A4351E5A9,CO,01,No,,,,,09,Wet,01,Signalized,,,,,,