Crash Severity Description,Reportnumber,Agencyname,CollisionImpact Description,Crash County Description,FunctionalClass Description,ImpairedCrash,Large Vehicle Involved,Motorcycle Crash,Non-Motorist Crash,OffRoad,RoadName,Route Number,RouteType Description,Unrestrained Occupants,WithinDateRange,Work Zone Related,Crashdate,Work Zone Crash,CrashPoint,Latitude,Longitude,AgencyCode,CollisionImpact,Crash County,Crash Severity,Crash Within Interchange,Crashhour,CrashInterchangeApproaches,Crashtime,CrashYear,Dayofweek,FirstHarmEvent,FirstHarmEvent Description,FirstHarmLocation,FirstHarmLocation Description,FunctionalClass,Geometry Description,GovPropertyDamage,GovPropertyDamage Description,IntersectingRoadName,Intersection Geometry,JunctionRelated,JunctionRelated Description,Light,Light Description,LOD Crash Date,LOD Date Level,MilepointDirection,MilepointDistance,MilepointUnits,NonTrafficFatal,OffroadLocation,OffroadLocation Description,RoadID,RouteType,SchoolBusRelated,SchoolBusRelated Description,SecondHarmEvent,SecondHarmEvent Description,SecondHarmLocation,SecondHarmLocation Description,Surface,Surface Description,TrafficControl,Trafficcontrol Description,WZLawEnforcementPresent,WZLocation,WZLocation Description,WZType,WZType Description,WZWorkersPresent
Property Damage Crashes,MSP646600W4,Maryland State Police,Front to Rear,Prince George's,Interstate,No,No,No,No,No,NO NAME (SB/L),95,INTERSTATE ROUTE,No,True,Yes,1/15/2025,Yes,Point,39.112072183,-76.877843533,MSP,03,16,03,No,9,,09:13,2025,Wednesday,12,Motor Vehicle In Transport,05,On Roadway,1,,101,State,,,06,Non-Junction,01,Daylight,1/15/2025,2025-01-15,E,47.39,F,N,,,197F3CBC8000DB4FCBE28E71D872BBAC68905B253E54104D900D563DD6A1455E,IS,01,No,,,,,01,Dry,,,N,04,Activity Area,03,Work on Shoulder or Median,No
Injury Crashes,MSP77700088,Maryland State Police,Angle,Prince George's,Major Collector,No,No,No,No,No,SURRATTS RD,130,COUNTY ROAD,No,True,No,5/18/2025,No,Point,38.750506343,-76.880077891,MSP,01,16,02,No,7,,07:53,2025,Sunday,12,Motor Vehicle In Transport,05,On Roadway,5,,101,State,,,06,Non-Junction,01,Daylight,5/18/2025,2025-05-18,E,39.64,F,N,,,486C0BDA640A15268047CA503B26D25831F4159FC17C1AFC7F2395538AAE06CD,CO,01,No,,,,,01,Dry,,,,,,,,
Property Damage Crashes,MSP718600LB,Maryland State Police,"Sideswipe, Same Direction",Prince George's,Interstate,No,No,No,No,No,RAMP 1 FR MD 210 NB TO IS 95 LS,95,RAMP,No,True,No,6/2/2025,No,Point,38.805630828,-76.998378153,MSP,07,16,03,No,8,,08:04,2025,Monday,12,Motor Vehicle In Transport,05,On Roadway,1,,,,,,09,Through Roadway,01,Daylight,6/2/2025,2025-06-02,S,9.56,F,N,,,1478E5E83A8D2F62607EC2817D9FB0B7B78887670DE64B95B04D0D86E534AF3E,RP,01,No,,,,,01,Dry,,,,,,,,
Property Damage Crashes,DA393200H6,Prince George's County Police,"Sideswipe, Opposite Direction",Prince George's,,No,No,No,No,Yes,,,,No,True,No,2/28/2025,No,Point,38.939601223,-76.905876817,PGCOPD,06,16,03,,17,,17:30,2025,Friday,12,Motor Vehicle In Transport,02,In Parking Lane Or Zone,,,,,,,,,01,Daylight,2/28/2025,2025-02-28,,,F,N,102,Parking Lot Way,,,01,No,,,,,,,,,,,,,,
Property Damage Crashes,CBPD0107002Q,Bowie Police Department,Other,Prince George's,,No,No,No,No,Yes,,,,No,True,No,5/23/2025,No,Point,38.897095543,-76.724480635,BOWIE,98,16,03,,8,,08:28,2025,Friday,12,Motor Vehicle In Transport,05,On Roadway,,,,,,,,,01,Daylight,5/23/2025,2025-05-23,,,F,N,103,Private Road,,,01,No,,,,,,,,,,,,,,
Injury Crashes,CBPD0116003R,Bowie Police Department,Single Vehicle,Prince George's,Principal Arterial – Other,No,No,No,No,No,COLLINGTON RD (SB/L),197,MARYLAND ROUTE,Yes,True,No,1/1/2025,No,Point,38.946045344,-76.733336718,BOWIE,101,16,02,No,4,,04:07,2025,Wednesday,40,Tree (standing),05,On Roadway,3,,,,,,01,Acceleration/Deceleration Lane,03,Dark - Lighted,1/1/2025,2025-01-01,N,14.56,F,N,,,9A8651A2DA24920F8A53DE45C81D203A26499803112DBE65C846097E751CEAE8,MD,01,No,,,,,09,Wet,,,,,,,,
Property Damage Crashes,RD0124005B,Riverdale Park Police Department,Front to Rear,Prince George's,Principal Arterial – Other,No,No,No,No,No,KENILWORTH AVE (SB/L),201,MARYLAND ROUTE,No,True,No,1/23/2025,No,Point,38.957277467,-76.921440941,RIVERDALE,03,16,03,No,8,,08:07,2025,Thursday,12,Motor Vehicle In Transport,05,On Roadway,3,,,,,,06,Non-Junction,01,Daylight,1/23/2025,2025-01-23,N,243.03,F,N,,,DA4264496D408E1966EE4F846B76467FD4E7005DD3154D6B57716A49FE0028A2,MD,01,No,12,Motor Vehicle In Transport,05,On Roadway,01,Dry,,,,,,,,
Injury Crashes,DA27200079,Prince George's County Police,Angle,Prince George's,Local,No,No,No,No,No,OXON RUN PKWY,1739,COUNTY ROAD,No,True,No,3/30/2025,No,Point,38.819521894,-77.003087112,PGCOPD,01,16,02,No,15,,15:23,2025,Sunday,12,Motor Vehicle In Transport,05,On Roadway,7,,,,,,09,Through Roadway,01,Daylight,3/30/2025,2025-03-30,S,5.34,F,N,,,E5A61BC143ADEF6B451A22CE5E9D2080F0FBFA5510488E0CD1CC3D42346114CF,CO,01,No,13,Other Non-Fixed Object,09,Roadside,01,Dry,,,,,,,,
Property Damage Crashes,DA33730026,Prince George's County Police,Single Vehicle,Prince George's,,No,No,No,No,Yes,,,,No,True,No,4/12/2025,No,Point,39.086953624,-76.860380770,PGCOPD,101,16,03,,18,,18:37,2025,Saturday,35,"Other Fixed Object (wall, building, tunnel, etc.)",99,Unknown,,,,,,,,,01,Daylight,4/12/2025,2025-04-12,,,F,N,102,Parking Lot Way,,,01,No,,,,,,,,,,,,,,
Property Damage Crashes,MSP647600HH,Maryland State Police,Front to Rear,Prince George's,Principal Arterial – Other,No,No,No,No,No,BRANCH AVE (SB/L),5,MARYLAND ROUTE,No,True,No,3/11/2025,No,Point,38.727697187,-76.881602050,MSP,03,16,03,No,22,,22:59,2025,Tuesday,12,Motor Vehicle In Transport,05,On Roadway,3,,,,,,09,Through Roadway,04,Dark - Not Lighted,3/11/2025,2025-03-11,N,20.85,F,N,,,20D804AFDCA9F276A4964E9051FD220D95A50EE5A0CE4C29A20840D9FE99FE00,MD,01,No,,,,,01,Dry,,,,,,,,
Property Damage Crashes,DA351500DH,Prince George's County Police,Single Vehicle,Prince George's,Local,No,No,No,No,No,SERVICE RD E,210,MARYLAND ROUTE,No,True,No,5/17/2025,No,Point,38.730961956,-76.990255838,PGCOPD,101,16,03,No,3,,03:05,2025,Saturday,09,Animal (live),05,On Roadway,7,,,,,,06,Non-Junction,04,Dark - Not Lighted,5/17/2025,2025-05-17,N,16.61,F,N,,,E516577D8E5DED062B6774DE3077FB42CFA2B8D6B8C50CA5C7210C0883917929,MD,01,No,,,,,01,Dry,,,,,,,,
Property Damage Crashes,CE51500024,Laurel Police Department,Front to Front,Prince George's,Local,Yes,No,No,No,No,IRVING ST,850,OTHER PUBLIC ROAD,Yes,True,No,5/31/2025,No,Point,39.093597292,-76.843699614,LAUREL,02,16,03,Yes,3,,03:48,2025,Saturday,12,Motor Vehicle In Transport,05,On Roadway,7,,,,MORRIS DR,,99,Unknown,03,Dark - Lighted,5/31/2025,2025-05-31,W,13.22,F,N,,,7581C9B6B563FBB81C172883851BD1B68D0627A7151A8BB66D837B34D3EDCAB0,OP,01,No,,,,,09,Wet,,,,,,,,
Property Damage Crashes,DA4146006Q,Prince George's County Police,Rear To Rear,Prince George's,Minor Arterial,No,No,No,No,No,LIVINGSTON RD,1203,COUNTY ROAD,No,True,No,6/3/2025,No,Point,38.802475526,-76.988292165,PGCOPD,04,16,03,No,11,,11:10,2025,Tuesday,12,Motor Vehicle In Transport,05,On Roadway,4,,,,,,02,Crossover-Related,01,Daylight,6/3/2025,2025-06-03,S,0.6,F,N,,,0FB614A5E949C20F6167B62DB112899E0162B55C6E6CAF3CD536CE7FAFAA46B6,CO,01,No,,,,,01,Dry,,,,,,,,
Property Damage Crashes,DA4420000G,Prince George's County Police,Front to Rear,Prince George's,Principal Arterial – Other,No,No,No,No,No,RIVERDALE RD,410,MARYLAND ROUTE,No,True,Yes,1/21/2025,Yes,Point,38.960250860,-76.913420618,PGCOPD,03,16,03,No,15,,15:48,2025,Tuesday,12,Motor Vehicle In Transport,05,On Roadway,3,,,,,,06,Non-Junction,01,Daylight,1/21/2025,2025-01-21,S,14.13,F,N,,,800CD4AA0A253A1F176AD71B605736DDA9CFC44619F523BABADDC75B86637302,MD,01,No,,,,,01,Dry,,,N,01,Before the First Work Zone Warning Sign,01,Lane Closure,No
Property Damage Crashes,DA29460014,Prince George's County Police,Unknown,Prince George's,,No,Yes,No,No,No,,3132,COUNTY ROAD,Yes,True,No,1/16/2025,No,Point,38.932213729,-76.832662162,PGCOPD,99,16,03,Yes,7,,07:56,2025,Thursday,97,Not Applicable,99,Unknown,,,,,ARDWICK ARDMORE RD ARDWICK ARDMORE RD (EB/L) NEEDLELEAF LA,,99,Unknown,01,Daylight,1/16/2025,2025-01-16,W,26.01,F,N,,,E640E4FEB219D4D757C8E314B688AF6B01465BBC42D475D8EC2681ACD61A4C85,CO,02,"Yes, School Bus Directly Involved",12,Motor Vehicle In Transport,99,Unknown,02,Ice/Frost,,,,,,,,
Property Damage Crashes,MSP7453009S,Maryland State Police,Single Vehicle,Prince George's,Principal Arterial – Other Freeways and Expressways,No,No,No,No,No,JOHN HANSON HWY (WB/L),50,UNITED STATE ROUTE,No,True,No,3/31/2025,No,Point,38.944814503,-76.867782953,MSP,101,16,03,No,10,,10:29,2025,Monday,25,Concrete Traffic Barrier,09,Roadside,2,,,,,,06,Non-Junction,01,Daylight,3/31/2025,2025-03-31,S,14.02,F,N,,,855FED5EF3F6A95D7EAFF3204386BEE57E7C1B52213606FE52443F94D5C6CBAF,US,01,No,,,,,01,Dry,,,,,,,,
Property Damage Crashes,DA36350068,Prince George's County Police,"Sideswipe, Opposite Direction",Prince George's,Major Collector,No,No,No,No,No,WINDBROOK DR,3764,COUNTY ROAD,No,True,No,1/8/2025,No,Point,38.719425536,-76.945102632,PGCOPD,06,16,03,No,8,,08:00,2025,Wednesday,12,Motor Vehicle In Transport,05,On Roadway,5,,,,,,06,Non-Junction,01,Daylight,1/8/2025,2025-01-08,N,17.12,F,N,,,0A3F9CC067F92B997954794FCDB62938AEDBA37A31BCCB64AEE43BFB68040F22,CO,01,No,,,,,02,Ice/Frost,,,,,,,,
Property Damage Crashes,DA4387001K,Prince George's County Police,"Sideswipe, Same Direction",Prince George's,Local,No,No,No,No,No,WESTCHESTER PARK DR,4292,OTHER PUBLIC ROAD,No,True,No,3/23/2025,No,Point,38.989866991,-76.903620755,PGCOPD,07,16,03,No,23,,23:19,2025,Sunday,12,Motor Vehicle In Transport,05,On Roadway,7,,,,,,06,Non-Junction,03,Dark - Lighted,3/23/2025,2025-03-23,E,46.31,F,N,,,C4C4F21D8FA3B188C1C2F192F93A9944DC777E4C1030AD639D9086AF9FA6FA90,OP,01,No,,,,,01,Dry,,,,,,,,
Property Damage Crashes,DS0483001K,University of Maryland Police College Park,Front to Rear,Prince George's,,No,No,No,No,Yes,,,,Yes,True,No,5/15/2025,No,Point,38.988464570,-76.945897692,UMCP,03,16,03,,16,,16:46,2025,Thursday,15,Parked Vehicle,02,In Parking Lane Or Zone,,,,,,,,,01,Daylight,5/15/2025,2025-05-15,,,F,N,101,Parking Aisle,,,01,No,12,Motor Vehicle In Transport,02,In Parking Lane Or Zone,,,,,,,,,,
Injury Crashes,DA4341001W,Prince George's County Police,Other,Prince George's,Major Collector,No,No,No,No,No,BEECH RD,2606,COUNTY ROAD,No,True,No,3/14/2025,No,Point,38.828107779,-76.928574584,PGCOPD,98,16,02,No,6,04,06:51,2025,Friday,12,Motor Vehicle In Transport,05,On Roadway,5,Perpendicular,,,BRANCH AVE (SB/L),03,05,Intersection or Related,100,Dawn,3/14/2025,2025-03-14,N,0,F,N,,,EB0D59904495433DAEF114B3EFFCFB0FCC66ABC276CC3D658B5347FF56282758,CO,01,No,,,,,01,Dry,01,Signalized,,,,,,
Property Damage Crashes,DA405300KD,Prince George's County Police,Other,Prince George's,Local,No,Yes,No,No,No,SARANAC ST,1312,COUNTY ROAD,No,True,No,5/28/2025,No,Point,38.998709649,-76.973159948,PGCOPD,98,16,03,Yes,11,,11:40,2025,Wednesday,12,Motor Vehicle In Transport,05,On Roadway,7,,,,,,09,Through Roadway,01,Daylight,5/28/2025,2025-05-28,E,10.28,F,N,,,F8E4FA230D7F422ED4993AF3DC9C916D24F3C315D8D94B8EAACEAAE6837A6E3D,CO,01,No,03,Explosion Or Fire,05,On Roadway,09,Wet,,,,,,,,
Property Damage Crashes,DA4411000J,Prince George's County Police,Rear To Side,Prince George's,Principal Arterial – Other,No,Yes,No,No,No,LARGO RD (SB/L),202,MARYLAND ROUTE,Yes,True,No,3/14/2025,No,Point,38.890886988,-76.825136838,PGCOPD,05,16,03,No,9,,09:00,2025,Friday,12,Motor Vehicle In Transport,05,On Roadway,3,,,,,,99,Unknown,01,Daylight,3/14/2025,2025-03-14,S,22.68,F,N,,,7EBE6E8FF61F8569E95B49A6CFC285021A0593F1678EF5B783315E0A2E5953C0,MD,01,No,,,,,01,Dry,,,,,,,,
Property Damage Crashes,DA34650082,Prince George's County Police,"Sideswipe, Same Direction",Prince George's,Minor Arterial,No,No,No,No,No,PISCATAWAY RD,223,MARYLAND ROUTE,No,True,No,3/24/2025,No,Point,38.764269532,-76.905056512,PGCOPD,07,16,03,No,7,,07:30,2025,Monday,12,Motor Vehicle In Transport,05,On Roadway,4,,,,HARDESTY DR,,06,Non-Junction,03,Dark - Lighted,3/24/2025,2025-03-24,S,57.47,F,N,,,6BF8FFE5D2282572BA576036AA9381978919BF40AC2B0CFFE6C36C8C3095DB5E,MD,01,No,,,,,01,Dry,,,,,,,,
Property Damage Crashes,CNC3164007P,New Carrollton Police Department,Angle,Prince George's,Minor Arterial,No,No,No,No,No,ANNAPOLIS RD,450,MARYLAND ROUTE,No,True,No,2/11/2025,No,Point,38.956797827,-76.870858812,NCPD,01,16,03,No,20,,20:07,2025,Tuesday,12,Motor Vehicle In Transport,05,On Roadway,4,,,,,,06,Non-Junction,03,Dark - Lighted,2/11/2025,2025-02-11,N,52.68,F,N,,,FACF9267CCF0027EE7213970090A344D02C7F941340E2E68D74ECFD29F2539A6,MD,01,No,,,,,07,Snow,,,,,,,,
Property Damage Crashes,DA42970041,Prince George's County Police,Other,Prince George's,Local,No,No,No,No,No,BRIARWOOD DR,2618,COUNTY ROAD,No,True,No,5/8/2025,No,Point,39.076661451,-76.856488994,PGCOPD,98,16,03,No,1,,01:52,2025,Thursday,15,Parked Vehicle,05,On Roadway,7,,,,KIAMA RD,,99,Unknown,03,Dark - Lighted,5/8/2025,2025-05-08,E,14.6,F,N,,,574589A983A2F7718C1FD58D048E7A314BA264813B022EA3BFB5F407949404C6,CO,01,No,,,,,01,Dry,,,,,,,,
Property Damage Crashes,DA4365003V,Prince George's County Police,Angle,Prince George's,Local,No,No,No,No,No,EDGERTON DR,3245,COUNTY ROAD,No,True,No,3/24/2025,No,Point,38.979576293,-76.870756044,PGCOPD,01,16,03,Yes,8,03,08:55,2025,Monday,12,Motor Vehicle In Transport,05,On Roadway,7,Angled/Skewed,,,GOOD LUCK RD GOOD LUCK RD (WB/L),01,05,Intersection or Related,01,Daylight,3/24/2025,2025-03-24,W,0,F,N,,,E02EB451362BC999037319ADB19F6EC6B96AC8F365C9046A2D62061B4C103697,CO,01,No,31,Guardrail End Terminal,09,Roadside,09,Wet,03,Stop - Partial,,,,,,
Property Damage Crashes,DA3774008N,Prince George's County Police,Front to Rear,Prince George's,Principal Arterial – Other,No,No,No,No,No,VETERANS PKWY (WB/L),410,MARYLAND ROUTE,No,True,No,4/22/2025,No,Point,38.943842719,-76.880810389,PGCOPD,03,16,03,No,22,,22:25,2025,Tuesday,12,Motor Vehicle In Transport,05,On Roadway,3,,,,,,01,Acceleration/Deceleration Lane,03,Dark - Lighted,4/22/2025,2025-04-22,N,10.47,F,N,,,E46D009B06D0B4C5AF17F768FF2C3BE66244C07CA77DEAEC6074515FC1E18821,MD,01,No,,,,,01,Dry,,,,,,,,
Property Damage Crashes,DA4309002M,Prince George's County Police,Single Vehicle,Prince George's,,No,No,No,No,Yes,,,,No,True,No,2/11/2025,No,Point,38.900687662,-76.844808263,PGCOPD,101,16,03,,6,,06:30,2025,Tuesday,35,"Other Fixed Object (wall, building, tunnel, etc.)",99,Unknown,,,,,,,,,01,Daylight,2/11/2025,2025-02-11,,,F,N,102,Parking Lot Way,,,01,No,,,,,,,,,,,,,,
Property Damage Crashes,MSP77730021,Maryland State Police,Front to Rear,Prince George's,Principal Arterial – Other Freeways and Expressways,No,No,No,No,No,JOHN HANSON HWY (WB/L),50,UNITED STATE ROUTE,No,True,No,4/7/2025,No,Point,38.930889100,-76.897590263,MSP,03,16,03,No,7,,07:35,2025,Monday,12,Motor Vehicle In Transport,05,On Roadway,2,,,,,,06,Non-Junction,01,Daylight,4/7/2025,2025-04-07,E,121.67,F,N,,,A31915C9B845ED495412146C8ABC7C419C131A99EFD599324E97716995980CB3,US,01,No,,,,,09,Wet,,,,,,,,
Property Damage Crashes,DA3426004G,Prince George's County Police,Front to Rear,Prince George's,Local,No,No,No,No,No,GLEN WILLOW DR,2949,COUNTY ROAD,No,True,No,1/21/2025,No,Point,38.902705896,-76.900631241,PGCOPD,03,16,03,No,7,,07:00,2025,Tuesday,12,Motor Vehicle In Transport,05,On Roadway,7,,,,,,06,Non-Junction,01,Daylight,1/21/2025,2025-01-21,S,36.12,F,N,,,09C2F803D25D1497BBA35E14B0A55F9ADFC4499A66B5A6B196FB556BAB4F7252,CO,01,No,,,,,01,Dry,,,,,,,,
Property Damage Crashes,DA4380002R,Prince George's County Police,Front to Front,Prince George's,Local,No,No,No,No,No,AUDREY LA,660,COUNTY ROAD,No,True,No,1/17/2025,No,Point,38.819903370,-76.996528639,PGCOPD,02,16,03,No,20,,20:08,2025,Friday,15,Parked Vehicle,05,On Roadway,7,,,,,,01,Acceleration/Deceleration Lane,03,Dark - Lighted,1/17/2025,2025-01-17,E,38.23,F,N,,,D74ABE9656EEBA7BD5519F2FEB79A8038712C8E582CBBF54E611EE300D138599,CO,01,No,,,,,01,Dry,,,,,,,,
Injury Crashes,DA3019003D,Prince George's County Police,Front to Rear,Prince George's,Principal Arterial – Other,No,No,No,No,No,SILVER HILL RD (SB/L),458,MARYLAND ROUTE,No,True,No,5/28/2025,No,Point,38.852290306,-76.914943824,PGCOPD,03,16,02,No,13,02,13:20,2025,Wednesday,12,Motor Vehicle In Transport,05,On Roadway,3,Perpendicular,,,,03,05,Intersection or Related,01,Daylight,5/28/2025,2025-05-28,W,0,F,N,,,2412494CACA807408729CCD5F9F70814C9B8BD20D10C7E6F311C41B046ADBE40,MD,01,No,,,,,09,Wet,05,No Controls,,,,,,
Property Damage Crashes,MSP766400B7,Maryland State Police,"Sideswipe, Same Direction",Prince George's,Principal Arterial – Other,No,No,No,No,No,CENTRAL AVE,214,MARYLAND ROUTE,No,True,No,4/18/2025,No,Point,38.891919052,-76.847636349,MSP,07,16,03,No,21,,21:26,2025,Friday,12,Motor Vehicle In Transport,05,On Roadway,3,,,,,,09,Through Roadway,04,Dark - Not Lighted,4/18/2025,2025-04-18,E,37.92,F,N,,,54AEC763F36316F2E5CC847C8B12CD4FD9A97F4D5A9BFE40C6803121F2A01217,MD,01,No,,,,,01,Dry,,,,,,,,
Property Damage Crashes,MSP563100JS,Maryland State Police,Single Vehicle,Prince George's,Principal Arterial – Other,No,No,No,No,No,BRANCH AVE (SB/L),5,MARYLAND ROUTE,No,True,No,4/29/2025,No,Point,38.786495725,-76.897153128,MSP,101,16,03,No,10,,10:45,2025,Tuesday,25,Concrete Traffic Barrier,09,Roadside,3,,101,State,,,06,Non-Junction,01,Daylight,4/29/2025,2025-04-29,S,31.3,F,N,,,9F81790BB45B1C87E4FC3A7C8D78E4BC76C002DB6383B1FE2D4B4E3C6B4AE110,MD,01,No,07,Overturn/Rollover,05,On Roadway,01,Dry,,,,,,,,
Injury Crashes,MSP69310138,Maryland State Police,Front to Rear,Prince George's,Interstate,No,No,No,No,No,CAPITAL BELTWAY (SB/L),95,INTERSTATE ROUTE,No,True,No,2/26/2025,No,Point,38.800885,-77.003596667,MSP,03,16,02,No,8,,08:38,2025,Wednesday,12,Motor Vehicle In Transport,05,On Roadway,1,,,,,,06,Non-Junction,01,Daylight,2/26/2025,2025-02-26,N,30.44,F,N,,,5AABE046F67DECC45DDD1374A9EA01CA262E289F8BA3834179B4BAC7D71034BA,IS,01,No,,,,,01,Dry,,,,,,,,
Property Damage Crashes,HB05300001,Maryland-National Capital Park Police Prince George's County,Front to Rear,Prince George's,,No,Yes,No,No,No,,880,CROSSOVER,No,True,No,1/22/2025,No,Point,38.868995186,-76.847518959,PGPARK,03,16,03,No,7,,07:45,2025,Wednesday,12,Motor Vehicle In Transport,05,On Roadway,,,100,Local,,,06,Non-Junction,01,Daylight,1/22/2025,2025-01-22,N,51.82,F,N,,,BB0DEB09797AAC827FE125DDE30185731E4CB2D28B1397C3ED5E9C2F059755B3,XO,01,No,97,Not Applicable,,,01,Dry,,,,,,,,
Property Damage Crashes,DA43950021,Prince George's County Police,Other,Prince George's,,No,Yes,No,No,No,,668,COUNTY ROAD,No,True,No,3/31/2025,No,Point,38.992354956,-76.982606109,PGCOPD,98,16,03,No,10,,10:20,2025,Monday,15,Parked Vehicle,05,On Roadway,,,,,,,09,Through Roadway,01,Daylight,3/31/2025,2025-03-31,N,24.2,F,N,,,C646D0BB35F1C9A369D9EBD02849F93C0F9FFEFD75FD31A22A211AD9559750F1,CO,01,No,,,,,01,Dry,,,,,,,,
Property Damage Crashes,DA3835006Y,Prince George's County Police,Angle,Prince George's,Major Collector,No,No,No,No,No,FRANK TIPPETT RD,132,COUNTY ROAD,No,True,No,3/3/2025,No,Point,38.761824426,-76.830988790,PGCOPD,01,16,03,No,7,,07:18,2025,Monday,12,Motor Vehicle In Transport,05,On Roadway,5,,,,,,06,Non-Junction,01,Daylight,3/3/2025,2025-03-03,S,6.64,F,N,,,84D7468B537C1BB8E4F14A6BA39A208ED53006FF433011A89B12E127B1C9C3C9,CO,01,No,,,,,01,Dry,,,,,,,,
Property Damage Crashes,DA4276007C,Prince George's County Police,Front to Rear,Prince George's,Principal Arterial – Other Freeways and Expressways,No,No,No,No,No,RAMP 4 FR PENNSY DR TO RAMP 5 (TO US50),50,RAMP,No,True,No,3/12/2025,No,Point,38.943254806,-76.871387411,PGCOPD,03,16,03,No,19,,19:00,2025,Wednesday,12,Motor Vehicle In Transport,05,On Roadway,2,,,,PENNSY DR,,06,Non-Junction,01,Daylight,3/12/2025,2025-03-12,W,23.92,F,N,,,A4E060B5BBED19CA1C4524BBF78C2079B20C4FCC99697A71330949E8F12E7949,RP,01,No,,,,,01,Dry,,,,,,,,
Injury Crashes,DA2448000Q,Prince George's County Police,Angle,Prince George's,Principal Arterial – Other,No,No,No,No,No,MARTIN LUTHER KING JR HWY (WB/L),704,MARYLAND ROUTE,No,True,No,4/22/2025,No,Point,38.921910399,-76.877351107,PGCOPD,01,16,02,No,18,,18:40,2025,Tuesday,12,Motor Vehicle In Transport,05,On Roadway,3,,,,,,03,Driveway Access or Related,01,Daylight,4/22/2025,2025-04-22,S,20.74,F,N,,,0E66E14D9CCF1B326129176AD918ACD15BD6DE4D3CECED259AB23003B346EE8E,MD,01,No,,,,,01,Dry,,,,,,,,
Property Damage Crashes,DA333600GC,Prince George's County Police,Other,Prince George's,Major Collector,No,No,No,No,No,STEED RD,120,COUNTY ROAD,No,True,No,3/25/2025,No,Point,38.751979664,-76.927139192,PGCOPD,98,16,03,Yes,15,03,15:58,2025,Tuesday,12,Motor Vehicle In Transport,05,On Roadway,5,Perpendicular,,,PISCATAWAY RD,03,05,Intersection or Related,01,Daylight,3/25/2025,2025-03-25,S,0,F,N,,,53F57B8C76909661A8474B21A429FEAC895CE069C90D4FAB8850E05FB8F98DB7,CO,01,No,,,,,01,Dry,01,Signalized,,,,,,
Property Damage Crashes,DA3419008J,Prince George's County Police,Angle,Prince George's,Principal Arterial – Other,No,No,No,No,No,MARTIN LUTHER KING JR HWY,704,MARYLAND ROUTE,No,True,No,4/9/2025,No,Point,38.940715667,-76.853691036,PGCOPD,01,16,03,No,14,04,14:27,2025,Wednesday,12,Motor Vehicle In Transport,05,On Roadway,3,Perpendicular,,,WHITFIELD CHAPEL RD (NB/L),03,05,Intersection or Related,01,Daylight,4/9/2025,2025-04-09,N,0,F,N,,,6EF233F8D2FEF6A2E057FA7BAAB5CAB3ABFD5A4CCEDB2B6EF3AF13DD01F9D995,MD,01,No,,,,,01,Dry,01,Signalized,,,,,,
Property Damage Crashes,MSP77650060,Maryland State Police,"Sideswipe, Same Direction",Prince George's,Interstate,No,Yes,No,No,No,CAPITAL BELTWAY (SB/L),95,INTERSTATE ROUTE,No,True,No,2/6/2025,No,Point,38.818107,-76.935008318,MSP,07,16,03,No,6,,06:23,2025,Thursday,12,Motor Vehicle In Transport,05,On Roadway,1,,101,State,,,09,Through Roadway,03,Dark - Lighted,2/6/2025,2025-02-06,E,39.59,F,N,,,7CBB5999FC41DA337845317F3CCEDC31457A4013304750D766BF7C97FBA5D042,IS,01,No,32,Guardrail Face,03,Median,08,"Water (standing, moving)",,,,,,,,
Property Damage Crashes,AM03860023,Bladensburg Police Department,"Sideswipe, Opposite Direction",Prince George's,Local,No,No,No,No,No,56TH AVE,560,MUNICIPAL ROAD,No,True,No,1/20/2025,No,Point,38.939096435,-76.921989275,BLADENSBURG,06,16,03,No,22,04,22:30,2025,Monday,12,Motor Vehicle In Transport,05,On Roadway,7,Angled/Skewed,,,ANNAPOLIS RD (WB/L),01,05,Intersection or Related,03,Dark - Lighted,1/20/2025,2025-01-20,E,0,F,N,,,3D1C7D4A8AB9A27E6D2351265FD3FA3816ABEFAD6DD0EBD400DD2E98BDA969F4,MU,01,No,,,,,09,Wet,01,Signalized,,,,,,
Property Damage Crashes,DA4368001T,Prince George's County Police,Front to Front,Prince George's,Local,No,No,No,No,No,23RD PL,1093,COUNTY ROAD,No,True,No,4/30/2025,No,Point,38.836649886,-76.960762084,PGCOPD,02,16,03,No,18,,18:50,2025,Wednesday,12,Motor Vehicle In Transport,05,On Roadway,7,,,,23RD PKWY,,09,Through Roadway,01,Daylight,4/30/2025,2025-04-30,N,1.5,F,N,,,A06B759B8FB585F91720DD09A949C6E6ED8AA11F9751C73566251E5F14AA7287,CO,01,No,,,,,01,Dry,,,,,,,,
Property Damage Crashes,CE53570011,Laurel Police Department,Other,Prince George's,Major Collector,No,No,No,No,No,CONTEE RD,6,COUNTY ROAD,No,True,No,5/5/2025,No,Point,39.077310697,-76.872140312,LAUREL,98,16,03,No,21,,21:15,2025,Monday,12,Motor Vehicle In Transport,05,On Roadway,5,,,,,,01,Acceleration/Deceleration Lane,03,Dark - Lighted,5/5/2025,2025-05-05,N,17.6,F,N,,,D07B5F0C043896CAA5D4CEB345DD732D85688B38B1CD01CB902D14AC306F5297,CO,01,No,,,,,09,Wet,,,,,,,,
Property Damage Crashes,DA4388001P,Prince George's County Police,"Sideswipe, Same Direction",Prince George's,,No,No,No,No,Yes,,,,No,True,No,4/30/2025,No,Point,38.931549127,-76.879802737,PGCOPD,07,16,03,,1,,01:00,2025,Wednesday,12,Motor Vehicle In Transport,02,In Parking Lane Or Zone,,,,,,,,,04,Dark - Not Lighted,4/30/2025,2025-04-30,,,F,N,101,Parking Aisle,,,01,No,,,,,,,,,,,,,,