Crash Severity Description,Reportnumber,Agencyname,CollisionImpact Description,Crash County Description,FunctionalClass Description,ImpairedCrash,Large Vehicle Involved,Motorcycle Crash,Non-Motorist Crash,OffRoad,RoadName,Route Number,RouteType Description,Unrestrained Occupants,WithinDateRange,Work Zone Related,Crashdate,Work Zone Crash,CrashPoint,Latitude,Longitude,AgencyCode,CollisionImpact,Crash County,Crash Severity,Crash Within Interchange,Crashhour,CrashInterchangeApproaches,Crashtime,CrashYear,Dayofweek,FirstHarmEvent,FirstHarmEvent Description,FirstHarmLocation,FirstHarmLocation Description,FunctionalClass,Geometry Description,GovPropertyDamage,GovPropertyDamage Description,IntersectingRoadName,Intersection Geometry,JunctionRelated,JunctionRelated Description,Light,Light Description,LOD Crash Date,LOD Date Level,MilepointDirection,MilepointDistance,MilepointUnits,NonTrafficFatal,OffroadLocation,OffroadLocation Description,RoadID,RouteType,SchoolBusRelated,SchoolBusRelated Description,SecondHarmEvent,SecondHarmEvent Description,SecondHarmLocation,SecondHarmLocation Description,Surface,Surface Description,TrafficControl,Trafficcontrol Description,WZLawEnforcementPresent,WZLocation,WZLocation Description,WZType,WZType Description,WZWorkersPresent
Property Damage Crashes,DA364800C4,Prince George's County Police,Front to Rear,Prince George's,Major Collector,No,No,No,No,No,CAMPUS WAY SOUTH (NB/L),4770,OTHER PUBLIC ROAD,No,True,No,1/6/2025,No,Point,38.894139895,-76.822828507,PGCOPD,03,16,03,Yes,12,,12:15,2025,Monday,12,Motor Vehicle In Transport,05,On Roadway,5,,,,CAMPUS WAY SOUTH (NB/L) JOYCETON DR,,02,Crossover-Related,01,Daylight,1/6/2025,2025-01-06,N,35.39,F,N,,,D735DE2D0705CEBCE258E9436F3DA6280C335FFCD47CD7A6A72662FB3DAF7BA1,OP,01,No,,,,,07,Snow,,,,,,,,
Property Damage Crashes,MSP68590087,Maryland State Police,Angle,Prince George's,Local,No,No,No,No,No,ROBERT LEWIS AVE,5225,COUNTY ROAD,No,True,No,1/28/2025,No,Point,38.871853333,-76.781528333,MSP,01,16,03,Yes,9,,09:13,2025,Tuesday,12,Motor Vehicle In Transport,05,On Roadway,7,,,,,,02,Crossover-Related,01,Daylight,1/28/2025,2025-01-28,N,10.23,F,N,,,0A7257178760A1DB856AE4654755E7374F0D4802BB9EA454014820B6B0058676,CO,01,No,,,,,01,Dry,,,,,,,,
Property Damage Crashes,DA43660029,Prince George's County Police,Front to Rear,Prince George's,Principal Arterial – Other,No,No,No,No,No,MARTIN LUTHER KING JR HWY,704,MARYLAND ROUTE,Yes,True,No,2/20/2025,No,Point,38.920394438,-76.878144144,PGCOPD,03,16,03,No,5,,05:45,2025,Thursday,12,Motor Vehicle In Transport,05,On Roadway,3,,,,,,09,Through Roadway,03,Dark - Lighted,2/20/2025,2025-02-20,N,30.74,F,N,,,54ECD26862BCE3013B383443CB46C76CF425D7A5711D1B178E5EEEF94C934143,MD,01,No,,,,,01,Dry,,,,,,,,
Property Damage Crashes,CC0301000F,Hyattsville Police Department,Angle,Prince George's,Principal Arterial – Other,No,No,No,No,No,EAST WEST HWY (WB/L),410,MARYLAND ROUTE,No,True,No,3/3/2025,No,Point,38.966818715,-76.957615417,HYATTSVILLE,01,16,03,No,11,,11:15,2025,Monday,12,Motor Vehicle In Transport,05,On Roadway,3,,,,,,06,Non-Junction,01,Daylight,3/3/2025,2025-03-03,W,50.89,F,N,,,D0A73A424D9DBB6D0B90D44130C5AEB3C65AD2C19A6153A672F84D9D7EA21740,MD,01,No,,,,,01,Dry,,,,,,,,
Property Damage Crashes,DA4412000K,Prince George's County Police,Front to Front,Prince George's,Local,No,No,No,No,No,LIVINGSTON TERR,2481,COUNTY ROAD,No,True,No,4/6/2025,No,Point,38.815068268,-76.996110765,PGCOPD,02,16,03,No,11,,11:00,2025,Sunday,12,Motor Vehicle In Transport,05,On Roadway,7,,,,LIVINGSTON RD,,09,Through Roadway,01,Daylight,4/6/2025,2025-04-06,S,45.32,F,N,,,6D2B87D315A96C47DF9AA1CBD57F1F4E6DC30E2A6F0BDA0C5DA83EFB36694511,CO,01,No,,,,,01,Dry,,,,,,,,
Property Damage Crashes,MSP744700M0,Maryland State Police,"Sideswipe, Same Direction",Prince George's,Interstate,No,No,No,No,No,CAPITAL BELTWAY (SB/L),95,INTERSTATE ROUTE,No,True,No,1/22/2025,No,Point,38.894395,-76.84829,MSP,07,16,03,No,7,,07:56,2025,Wednesday,12,Motor Vehicle In Transport,05,On Roadway,1,,,,,,06,Non-Junction,01,Daylight,1/22/2025,2025-01-22,E,35.21,F,N,,,0270E4AD8B24BB0A2A6579D6A0110FC859A3970320AEE327575B5D278D1CCBBD,IS,01,No,,,,,01,Dry,,,,,,,,
Property Damage Crashes,DA38350077,Prince George's County Police,Single Vehicle,Prince George's,Major Collector,No,No,No,No,No,BRANDYWINE RD,381,MARYLAND ROUTE,No,True,No,5/22/2025,No,Point,38.677740667,-76.809290859,PGCOPD,101,16,03,No,23,,23:45,2025,Thursday,30,Fence,04,"Off-Roadway, Location Unknown",5,,,,,,06,Non-Junction,04,Dark - Not Lighted,5/22/2025,2025-05-22,E,51.85,F,N,,,CCD7E19420E16F03BB524CA64240C7236C472040C0DFCC8F4E7A836A4307E97C,MD,01,No,,,,,01,Dry,,,,,,,,
Injury Crashes,DA4043009H,Prince George's County Police,Front to Front,Prince George's,Major Collector,No,No,No,No,No,FRANK TIPPETT RD,132,COUNTY ROAD,No,True,No,2/17/2025,No,Point,38.739343895,-76.831538110,PGCOPD,02,16,02,No,5,,05:00,2025,Monday,12,Motor Vehicle In Transport,05,On Roadway,5,,,,,,09,Through Roadway,03,Dark - Lighted,2/17/2025,2025-02-17,S,9.34,F,N,,,2039FEAD21D84744737F07ADE604023ABA53F56896B5C4C0471EC41EBE558F5B,CO,01,No,,,,,01,Dry,,,,,,,,
Property Damage Crashes,MSP757700K2,Maryland State Police,Front to Rear,Prince George's,Interstate,No,No,No,No,No,RAMP 6 FR RAMP 10 (FR IS 495) TO US 1 SB,95,RAMP,No,True,No,4/18/2025,No,Point,39.018137230,-76.929452556,MSP,03,16,03,No,8,,08:04,2025,Friday,12,Motor Vehicle In Transport,05,On Roadway,1,,,,,,09,Through Roadway,01,Daylight,4/18/2025,2025-04-18,W,38.69,F,N,,,B803CD0801A5E613328A9FA5379816F7B6DB3E60D0A5E3FD62E5DB12F4717E04,RP,01,No,12,Motor Vehicle In Transport,05,On Roadway,01,Dry,,,,,,,,
Property Damage Crashes,DA390800B9,Prince George's County Police,Front to Rear,Prince George's,,No,No,No,No,Yes,,,,No,True,No,5/7/2025,No,Point,38.819119082,-76.999370868,PGCOPD,03,16,03,,14,,14:45,2025,Wednesday,12,Motor Vehicle In Transport,04,"Off-Roadway, Location Unknown",,,,,,,,,01,Daylight,5/7/2025,2025-05-07,,,F,N,102,Parking Lot Way,,,01,No,,,,,,,,,,,,,,
Property Damage Crashes,MSP7871004G,Maryland State Police,Single Vehicle,Prince George's,Interstate,No,No,No,No,No,RAMP 5 FR IS 95 SB TO IS 595 EB,95,RAMP,No,True,No,5/30/2025,No,Point,38.944860143,-76.857201488,MSP,101,16,03,No,23,,23:03,2025,Friday,25,Concrete Traffic Barrier,09,Roadside,1,,,,,,09,Through Roadway,04,Dark - Not Lighted,5/30/2025,2025-05-30,W,26.96,F,N,,,22CF80697F0BC53829AAC342CA8C5552A6243C7D90A7B6C18756D6B4A7A5C155,RP,01,No,,,,,09,Wet,,,,,,,,
Injury Crashes,CE4914009P,Laurel Police Department,Angle,Prince George's,Principal Arterial – Other,No,No,No,No,No,TALBOTT AVE (WB/L),198,MARYLAND ROUTE,No,True,No,5/3/2025,No,Point,39.101629210,-76.851677609,LAUREL,01,16,02,No,8,,08:48,2025,Saturday,12,Motor Vehicle In Transport,05,On Roadway,3,,,,FOURTH ST,,06,Non-Junction,01,Daylight,5/3/2025,2025-05-03,E,11.73,F,N,,,A99B85543C7E77BAE2D700B7EEA2B224715F51888251CE11CDD78C36EBD18B80,MD,01,No,,,,,01,Dry,,,,,,,,
Property Damage Crashes,DA3433005J,Prince George's County Police,Angle,Prince George's,Major Collector,No,No,No,No,No,BROWN STATION RD,99,COUNTY ROAD,No,True,No,4/26/2025,No,Point,38.819245881,-76.763662808,PGCOPD,01,16,03,No,17,03,17:14,2025,Saturday,12,Motor Vehicle In Transport,05,On Roadway,5,Angled/Skewed,,,OLD MARLBORO PIKE,01,05,Intersection or Related,01,Daylight,4/26/2025,2025-04-26,S,0,F,N,,,D6AFBADFA69442997A9FB078AA5979CB711C71DE5EBB0B5B560ECF7FB0B2DF9A,CO,01,No,,,,,09,Wet,01,Signalized,,,,,,
Property Damage Crashes,CE5294001Y,Laurel Police Department,"Sideswipe, Same Direction",Prince George's,,No,No,No,No,Yes,,,,No,True,No,3/29/2025,No,Point,39.094174542,-76.857507213,LAUREL,07,16,03,,14,,14:06,2025,Saturday,12,Motor Vehicle In Transport,02,In Parking Lane Or Zone,,,,,,,,,01,Daylight,3/29/2025,2025-03-29,,,F,N,102,Parking Lot Way,,,01,No,,,,,,,,,,,,,,
Property Damage Crashes,BP9419001S,Forest Heights Police Department,"Sideswipe, Same Direction",Prince George's,Local,No,No,No,No,No,BALD EAGLE RD,210,MARYLAND ROUTE,No,True,No,1/24/2025,No,Point,38.806161542,-76.998774039,FORESTHEIGHTS,07,16,03,Yes,22,,22:59,2025,Friday,12,Motor Vehicle In Transport,05,On Roadway,7,,,,INDIAN HEAD HWY (SB/L) RAMP 10 FR RAMP 2 TO BALD EAGLE RD,,01,Acceleration/Deceleration Lane,03,Dark - Lighted,1/24/2025,2025-01-24,N,4.39,F,N,,,A1C288C6A949759912F66FA318F2D74D513B8337A088BEE7ED5AF865466ABA1F,MD,01,No,,,,,01,Dry,,,,,,,,
Property Damage Crashes,AZ1747000V,Cheverly Police Department,"Sideswipe, Same Direction",Prince George's,Principal Arterial – Other,No,No,No,No,No,LANDOVER RD (SB/L),202,MARYLAND ROUTE,No,True,No,4/1/2025,No,Point,38.932043973,-76.902820579,CHEVERLY,07,16,03,No,17,,17:30,2025,Tuesday,12,Motor Vehicle In Transport,05,On Roadway,3,,,,,,01,Acceleration/Deceleration Lane,01,Daylight,4/1/2025,2025-04-01,N,121.16,F,N,,,73B28311EC7AF66A5F2938FEA7CEC6886E4B17BF63612A0213841E2EE048FEE4,MD,01,No,,,,,99,Unknown,,,,,,,,
Property Damage Crashes,MSP746700FG,Maryland State Police,"Sideswipe, Same Direction",Prince George's,Principal Arterial – Other Freeways and Expressways,Yes,No,No,No,No,BRANCH AVE,5,MARYLAND ROUTE,No,True,No,3/8/2025,No,Point,38.724648767,-76.880827783,MSP,07,16,03,No,6,,06:09,2025,Saturday,12,Motor Vehicle In Transport,05,On Roadway,2,,,,,,09,Through Roadway,01,Daylight,3/8/2025,2025-03-08,S,27.83,F,N,,,FCABCDE926C08E11788F60FCC24391120D03B49A502F9242EB111DA92CD5348D,MD,01,No,,,,,01,Dry,,,,,,,,
Property Damage Crashes,DA42910050,Prince George's County Police,"Sideswipe, Same Direction",Prince George's,,Yes,No,No,No,Yes,,,,Yes,True,No,6/7/2025,No,Point,38.962360044,-76.903581939,PGCOPD,07,16,03,,18,,18:47,2025,Saturday,15,Parked Vehicle,05,On Roadway,,,,,,,,,01,Daylight,6/7/2025,2025-06-07,,,F,N,102,Parking Lot Way,,,01,No,,,,,,,,,,,,,,
Property Damage Crashes,DA3256004Y,Prince George's County Police,Front to Front,Prince George's,Major Collector,No,No,No,No,No,BEECH RD,2606,COUNTY ROAD,No,True,No,3/15/2025,No,Point,38.824481905,-76.939703458,PGCOPD,02,16,03,No,4,,04:20,2025,Saturday,15,Parked Vehicle,07,"On Shoulder, Right Side",5,,,,,,06,Non-Junction,03,Dark - Lighted,3/15/2025,2025-03-15,E,24.52,F,N,,,7921D45A4627A2DE3A4F24DCE7E2CF4673AD2E397292714A067BE84211607990,CO,01,No,97,Not Applicable,,,01,Dry,,,,,,,,
Property Damage Crashes,MSP77870067,Maryland State Police,"Sideswipe, Same Direction",Prince George's,Interstate,Yes,No,No,No,No,RAMP 9 FR IS 595 WB TO MD 950 SB,95,RAMP,No,True,No,4/20/2025,No,Point,38.946113669,-76.851908152,MSP,07,16,03,Yes,9,,09:49,2025,Sunday,12,Motor Vehicle In Transport,05,On Roadway,1,,,,,,04,Entrance/Exit Ramp or Related,01,Daylight,4/20/2025,2025-04-20,E,132.69,F,N,,,C576DECF581DBDA1B5AA977E3A4100614712BBD4FB4FDB585CA35C700AF9A19A,RP,01,No,,,,,01,Dry,,,,,,,,
Property Damage Crashes,DA418800GH,Prince George's County Police,Angle,Prince George's,,No,No,No,No,No,,1924,PRIVATE ROAD,No,True,No,5/13/2025,No,Point,38.956818983,-76.917248042,PGCOPD,01,16,03,Yes,15,02,15:39,2025,Tuesday,12,Motor Vehicle In Transport,05,On Roadway,,Perpendicular,,,57TH AVE NICHOLSON ST,03,05,Intersection or Related,01,Daylight,5/13/2025,2025-05-13,S,0,F,N,,,876F8196016C375CD028B6DA03FF67A68AD0187640DB00D64D45AF98E5962374,PV,01,No,,,,,09,Wet,03,Stop - Partial,,,,,,
Property Damage Crashes,DA3533002T,Prince George's County Police,Front to Front,Prince George's,Local,No,No,No,No,No,16TH AVE,455,COUNTY ROAD,No,True,No,1/11/2025,No,Point,38.979089181,-76.982871377,PGCOPD,02,16,03,No,12,,12:00,2025,Saturday,15,Parked Vehicle,05,On Roadway,7,,,,16TH AVE CT,,06,Non-Junction,01,Daylight,1/11/2025,2025-01-11,S,27.26,F,N,,,8BB93ECDA4DC94086879C77B818DD980E93CD468AF37C9406C659CA72CC3225C,CO,01,No,,,,,07,Snow,,,,,,,,
Property Damage Crashes,DA3406002Z,Prince George's County Police,Single Vehicle,Prince George's,Major Collector,No,No,No,No,No,GREEN CASTLE RD,18,COUNTY ROAD,No,True,No,3/3/2025,No,Point,39.076292928,-76.927055901,PGCOPD,101,16,03,No,9,,09:37,2025,Monday,32,Guardrail Face,07,"On Shoulder, Right Side",5,,100,Local,,,06,Non-Junction,01,Daylight,3/3/2025,2025-03-03,E,27.57,F,N,,,67E98BBB2B203CEB66549C6A26933212AF64560EF9D3D351F10467D24AEDCC46,CO,01,No,28,Ditch,09,Roadside,01,Dry,,,,,,,,
Property Damage Crashes,DA44050016,Prince George's County Police,"Sideswipe, Opposite Direction",Prince George's,Local,Yes,No,No,No,No,VIRGINIA AVE,3686,COUNTY ROAD,Yes,True,No,4/27/2025,No,Point,38.921550678,-76.889271458,PGCOPD,06,16,03,No,14,,14:46,2025,Sunday,12,Motor Vehicle In Transport,05,On Roadway,7,,,,FOREST TERR,,06,Non-Junction,01,Daylight,4/27/2025,2025-04-27,N,6.95,F,N,,,06B950DAEBD4DADF46C77546A0ACDFC91AB60B3AECEA76CE80E93CF7584417C3,CO,01,No,,,,,01,Dry,,,,,,,,
Property Damage Crashes,MSP7865001Q,Maryland State Police,"Sideswipe, Same Direction",Prince George's,Interstate,No,No,No,No,No,NO NAME (SB/L),95,INTERSTATE ROUTE,No,True,No,2/28/2025,No,Point,39.021677048,-76.944776993,MSP,07,16,03,No,18,,18:15,2025,Friday,12,Motor Vehicle In Transport,05,On Roadway,1,,,,,,06,Non-Junction,01,Daylight,2/28/2025,2025-02-28,W,35.24,F,N,,,E4E4C87DB8B3F99D0CEBB43A63518E629B2CECD2CA392C8E445887FC6CF34B25,IS,01,No,,,,,01,Dry,,,,,,,,
Property Damage Crashes,MSP6859008Z,Maryland State Police,Single Vehicle,Prince George's,Interstate,No,No,No,No,No,CAPITAL BELTWAY,95,INTERSTATE ROUTE,No,True,No,5/13/2025,No,Point,38.805858198,-76.992029851,MSP,101,16,03,No,18,,18:34,2025,Tuesday,29,Embankment,03,Median,1,,101,State,,,06,Non-Junction,01,Daylight,5/13/2025,2025-05-13,E,29.45,F,N,,,5FA83004A8FC51DD27EC9D6C7593401AC5214BA4520324D13F36462ECEF91541,IS,01,No,32,Guardrail Face,03,Median,09,Wet,,,,,,,,
Injury Crashes,DA306200DN,Prince George's County Police,Angle,Prince George's,Principal Arterial – Other,Yes,Yes,No,No,No,MARTIN LUTHER KING JR HWY (WB/L),704,MARYLAND ROUTE,No,True,No,4/14/2025,No,Point,38.918266790,-76.880401633,PGCOPD,01,16,02,No,18,,18:13,2025,Monday,12,Motor Vehicle In Transport,05,On Roadway,3,,101,State,E RIDGE DR,,06,Non-Junction,01,Daylight,4/14/2025,2025-04-14,N,35.23,F,N,,,5B3C4E1FEF15B3882F11E2EA20604BF44EA65D00246DFB26C6CE28FD22ACD694,MD,01,No,37,Other Traffic Barrier,03,Median,01,Dry,,,,,,,,
Injury Crashes,DA43520032,Prince George's County Police,Other,Prince George's,Principal Arterial – Other Freeways and Expressways,No,No,No,No,No,INDIAN HEAD HWY,210,MARYLAND ROUTE,Yes,True,No,5/27/2025,No,Point,38.662244064,-77.020669183,PGCOPD,98,16,02,No,4,,04:38,2025,Tuesday,12,Motor Vehicle In Transport,05,On Roadway,2,,,,,,09,Through Roadway,99,Unknown,5/27/2025,2025-05-27,N,104.56,F,N,,,266088630850525DF4874B7B70227CDD80F4C6293472CC361147BDFBEE293098,MD,01,No,32,Guardrail Face,06,"On Shoulder, Left Side",01,Dry,,,,,,,,
Property Damage Crashes,MSP732800K9,Maryland State Police,Single Vehicle,Prince George's,Principal Arterial – Other,Yes,No,No,No,No,BALTIMORE AVE (SB/L),1,UNITED STATE ROUTE,No,True,No,2/2/2025,No,Point,39.026141301,-76.920139156,MSP,101,16,03,No,20,,20:59,2025,Sunday,27,Curb,09,Roadside,3,,,,,,06,Non-Junction,03,Dark - Lighted,2/2/2025,2025-02-02,E,44.67,F,N,,,49F5C2E70313F82146746E11C0A2D7311D601C232CB7321A5DCE52B26B27E2C2,US,01,No,,,,,01,Dry,,,,,,,,
Property Damage Crashes,MSP78370015,Maryland State Police,Front to Rear,Prince George's,Principal Arterial – Other,No,No,No,No,No,BRANCH AVE (SB/L),5,MARYLAND ROUTE,No,True,No,1/14/2025,No,Point,38.797777783,-76.901193767,MSP,03,16,03,No,15,,15:48,2025,Tuesday,12,Motor Vehicle In Transport,05,On Roadway,3,,,,,,09,Through Roadway,01,Daylight,1/14/2025,2025-01-14,N,22.35,F,N,,,A072DC9DB5D715DBB6323BE40B47F3E9747B38220C8E9FE5C120CDA6AE6F9EB6,MD,01,No,,,,,01,Dry,,,,,,,,
Injury Crashes,MSP6582016G,Maryland State Police,Front to Rear,Prince George's,Principal Arterial – Other,No,No,No,No,No,CENTRAL AVE,214,MARYLAND ROUTE,No,True,No,5/3/2025,No,Point,38.897353039,-76.809180135,MSP,03,16,02,No,10,,10:05,2025,Saturday,12,Motor Vehicle In Transport,09,Roadside,3,,,,,,09,Through Roadway,01,Daylight,5/3/2025,2025-05-03,N,7.85,F,N,,,A08A29C90D1DE5D047C4B78539EDC65B17B8A521837154F0D55C9BAC1BA64FA4,MD,01,No,,,,,01,Dry,,,,,,,,
Injury Crashes,DA43960017,Prince George's County Police,Front to Front,Prince George's,Principal Arterial – Other,No,No,No,No,No,NEW HAMPSHIRE AVE (SB/L),650,MARYLAND ROUTE,Yes,True,No,2/15/2025,No,Point,39.002525218,-76.981654218,PGCOPD,02,16,02,No,22,,22:20,2025,Saturday,12,Motor Vehicle In Transport,05,On Roadway,3,,,,,,06,Non-Junction,03,Dark - Lighted,2/15/2025,2025-02-15,S,29.1,F,N,,,100E6DDE9B9E5C370D78E9A8385360F6B910C406CA2F96547D73B7A19987786C,MD,01,No,,,,,09,Wet,,,,,,,,
Property Damage Crashes,DA4251006D,Prince George's County Police,Front to Rear,Prince George's,Local,No,No,No,No,No,ELLARD DR,5820,COUNTY ROAD,No,True,No,2/23/2025,No,Point,38.966454690,-76.833260505,PGCOPD,03,16,03,No,3,,03:40,2025,Sunday,15,Parked Vehicle,09,Roadside,7,,,,,,09,Through Roadway,03,Dark - Lighted,2/23/2025,2025-02-23,S,8.89,F,N,,,DF65237AC48A6666B261135AB78F854DC58EB801F06E5454EE964F9B22074B72,CO,01,No,,,,,01,Dry,,,,,,,,
Property Damage Crashes,MSP75140072,Maryland State Police,Front to Rear,Prince George's,Interstate,No,No,No,No,No,CAPITAL BELTWAY,95,INTERSTATE ROUTE,No,True,No,1/15/2025,No,Point,39.021630570,-76.936817806,MSP,03,16,03,No,7,,07:13,2025,Wednesday,12,Motor Vehicle In Transport,05,On Roadway,1,,,,,,06,Non-Junction,01,Daylight,1/15/2025,2025-01-15,S,7.67,F,N,,,84C0E86AFDF0CACDA2D38E39D9F61D10040CC8154EA13E9BD0B109C038B6CFA3,IS,01,No,,,,,01,Dry,,,,,,,,
Property Damage Crashes,MSP647600G8,Maryland State Police,Single Vehicle,Prince George's,Interstate,No,No,No,No,No,CAPITAL BELTWAY,95,INTERSTATE ROUTE,No,True,No,1/1/2025,No,Point,38.819182275,-76.928303049,MSP,101,16,03,No,4,,04:02,2025,Wednesday,32,Guardrail Face,06,"On Shoulder, Left Side",1,,101,State,,,01,Acceleration/Deceleration Lane,03,Dark - Lighted,1/1/2025,2025-01-01,N,26.7,F,N,,,059FD75912FF7AF80DC63B5B00BB4CD60B16FA14DE28FF01761811EC96AF2521,IS,01,No,,,,,09,Wet,,,,,,,,
Injury Crashes,DA37060060,Prince George's County Police,Front to Front,Prince George's,Major Collector,No,No,No,No,No,PROSPECT HILL RD,56,COUNTY ROAD,No,True,No,5/9/2025,No,Point,38.982661070,-76.808663357,PGCOPD,02,16,02,Yes,9,,09:10,2025,Friday,12,Motor Vehicle In Transport,05,On Roadway,5,,,,GLENN DALE BLVD,,02,Crossover-Related,01,Daylight,5/9/2025,2025-05-09,S,9.78,F,N,,,FDAEA839BC33332C21B06075F246196B687ED3DB07C30542FEDD746F361DBB8D,CO,01,No,,,,,09,Wet,,,,,,,,
Injury Crashes,MSP7871003V,Maryland State Police,Single Vehicle,Prince George's,Interstate,No,No,No,No,No,RAMP 3 FR IS 495 EB TO IS 95X NB,95,RAMP,No,True,No,5/1/2025,No,Point,39.018170424,-76.951367212,MSP,101,16,02,No,16,,16:40,2025,Thursday,28,Ditch,09,Roadside,1,,,,,,04,Entrance/Exit Ramp or Related,01,Daylight,5/1/2025,2025-05-01,E,14.82,F,N,,,B8DC830331C6BDF60EEB52EDEFB3232CED9EA5995C2E9EC95EE8DB543D2DCFED,RP,01,No,,,,,01,Dry,,,,,,,,
Property Damage Crashes,AL1454001L,Berwyn Heights Police Department,Unknown,Prince George's,Local,No,No,No,No,No,BERWYN RD,10,MUNICIPAL ROAD,No,True,No,5/26/2025,No,Point,38.988432042,-76.912600106,BERWYNHEIGHTS,99,16,03,No,8,,08:58,2025,Monday,06,Other Non-Collision,99,Unknown,7,,,,,,06,Non-Junction,99,Unknown,5/26/2025,2025-05-26,W,10.03,F,N,,,4131FB50FC4A5D39B57A27D206592747DB6C4B788826DBA9B5F2472CF11AD6EB,MU,01,No,,,,,01,Dry,,,,,,,,
Property Damage Crashes,DA4417000L,Prince George's County Police,Single Vehicle,Prince George's,Principal Arterial – Other,No,No,No,Yes,No,BRANCH AVE (SB/L),5,MARYLAND ROUTE,No,True,No,3/3/2025,No,Point,38.846972579,-76.952463251,PGCOPD,101,16,03,No,19,,19:00,2025,Monday,17,Pedestrian,05,On Roadway,3,,,,,,06,Non-Junction,04,Dark - Not Lighted,3/3/2025,2025-03-03,E,21.04,F,N,,,439EEBA4074DF41EE2004819D79BAC2CC3C7EFC130A43AF40E1D107C0D075C70,MD,01,No,,,,,01,Dry,,,,,,,,
Injury Crashes,DA3594003Q,Prince George's County Police,Rear To Side,Prince George's,Principal Arterial – Other Freeways and Expressways,No,No,No,No,No,INDIAN HEAD HWY,210,MARYLAND ROUTE,No,True,No,3/13/2025,No,Point,38.649870333,-77.035334863,PGCOPD,05,16,02,Yes,16,,16:33,2025,Thursday,12,Motor Vehicle In Transport,05,On Roadway,2,,,,,,02,Crossover-Related,01,Daylight,3/13/2025,2025-03-13,W,33.58,F,N,,,8EA322D52DF0D0F77CC3208C9B27EF58109326A724102276C68AC7C4F49C6FB6,MD,01,No,,,,,01,Dry,,,,,,,,
Injury Crashes,DA44080014,Prince George's County Police,Unknown,Prince George's,Principal Arterial – Other,No,No,No,Yes,No,BRANCH AVE (SB/L),5,MARYLAND ROUTE,No,True,No,2/10/2025,No,Point,38.840107208,-76.947007825,PGCOPD,99,16,02,No,14,,14:07,2025,Monday,17,Pedestrian,05,On Roadway,3,,,,,,99,Unknown,01,Daylight,2/10/2025,2025-02-10,W,29.38,F,N,,,0ACB89E2F24A1CBB93549FA354F0F5ED1D00ACA6077DFC6ADB58A58AFFB4F954,MD,01,No,,,,,01,Dry,,,,,,,,
Property Damage Crashes,DA338900BM,Prince George's County Police,Other,Prince George's,Local,No,No,No,No,No,GREER DR,2295,COUNTY ROAD,No,True,No,1/29/2025,No,Point,38.786806515,-76.962884643,PGCOPD,98,16,03,Yes,17,02,17:07,2025,Wednesday,12,Motor Vehicle In Transport,05,On Roadway,7,Angled/Skewed,,,GREER CT,01,05,Intersection or Related,01,Daylight,1/29/2025,2025-01-29,S,0,F,N,,,65FFD8475DED1A7AF28793FD93D807E6F43D44AC2B7CF700CF03DEA4034ED62F,CO,01,No,12,Motor Vehicle In Transport,05,On Roadway,01,Dry,05,No Controls,,,,,,
Property Damage Crashes,RD0130004Q,Riverdale Park Police Department,"Sideswipe, Same Direction",Prince George's,,No,No,No,No,No,,231,SPUR,No,True,No,3/16/2025,No,Point,38.960378755,-76.919219770,RIVERDALE,07,16,03,No,18,,18:03,2025,Sunday,12,Motor Vehicle In Transport,05,On Roadway,,,,,,,09,Through Roadway,01,Daylight,3/16/2025,2025-03-16,W,25.9,F,N,,,63BA71862A127F2C10E23B9AC5388B302DAEA62CCD90EA210B849A68CCCEED6D,SP,01,No,12,Motor Vehicle In Transport,05,On Roadway,01,Dry,,,,,,,,
Property Damage Crashes,DA4356003D,Prince George's County Police,Front to Rear,Prince George's,Principal Arterial – Other,No,No,No,No,No,PENNSYLVANIA AVE (SB/L),4,MARYLAND ROUTE,No,True,No,4/11/2025,No,Point,38.830334995,-76.857169028,PGCOPD,03,16,03,No,13,,13:00,2025,Friday,12,Motor Vehicle In Transport,05,On Roadway,3,,,,,,06,Non-Junction,01,Daylight,4/11/2025,2025-04-11,S,47.31,F,N,,,87A245FEC99E3D2F98BA01C3F08C31554194117A2FD49BE47BD28FD0D754B81F,MD,01,No,,,,,09,Wet,,,,,,,,
Property Damage Crashes,DA3876007G,Prince George's County Police,Front to Rear,Prince George's,,No,No,No,No,No,,206,SPUR,No,True,No,5/23/2025,No,Point,38.918049601,-76.859681587,PGCOPD,03,16,03,Yes,18,04,18:30,2025,Friday,12,Motor Vehicle In Transport,05,On Roadway,,Perpendicular,,,LANDOVER RD,03,05,Intersection or Related,01,Daylight,5/23/2025,2025-05-23,E,0,F,N,,,C89978A3BC74838E4A626DBA391923314831E1659506E2808E34EAB9E95B7D2F,SP,01,No,,,,,01,Dry,01,Signalized,,,,,,
Property Damage Crashes,DA4422000X,Prince George's County Police,Front to Rear,Prince George's,Principal Arterial – Other,No,No,No,No,No,VETERANS PKWY (WB/L),410,MARYLAND ROUTE,No,True,No,4/19/2025,No,Point,38.963091884,-76.900668190,PGCOPD,03,16,03,Yes,16,,16:30,2025,Saturday,12,Motor Vehicle In Transport,05,On Roadway,3,,,,,,09,Through Roadway,01,Daylight,4/19/2025,2025-04-19,E,281.59,F,N,,,952A722E91644999845188848012CA60F90B70C47FC9FDFC36554B5AD8ECDE0D,MD,01,No,,,,,01,Dry,,,,,,,,