Crash Severity Description,Reportnumber,Agencyname,CollisionImpact Description,Crash County Description,FunctionalClass Description,ImpairedCrash,Large Vehicle Involved,Motorcycle Crash,Non-Motorist Crash,OffRoad,RoadName,Route Number,RouteType Description,Unrestrained Occupants,WithinDateRange,Work Zone Related,Crashdate,Work Zone Crash,CrashPoint,Latitude,Longitude,AgencyCode,CollisionImpact,Crash County,Crash Severity,Crash Within Interchange,Crashhour,CrashInterchangeApproaches,Crashtime,CrashYear,Dayofweek,FirstHarmEvent,FirstHarmEvent Description,FirstHarmLocation,FirstHarmLocation Description,FunctionalClass,Geometry Description,GovPropertyDamage,GovPropertyDamage Description,IntersectingRoadName,Intersection Geometry,JunctionRelated,JunctionRelated Description,Light,Light Description,LOD Crash Date,LOD Date Level,MilepointDirection,MilepointDistance,MilepointUnits,NonTrafficFatal,OffroadLocation,OffroadLocation Description,RoadID,RouteType,SchoolBusRelated,SchoolBusRelated Description,SecondHarmEvent,SecondHarmEvent Description,SecondHarmLocation,SecondHarmLocation Description,Surface,Surface Description,TrafficControl,Trafficcontrol Description,WZLawEnforcementPresent,WZLocation,WZLocation Description,WZType,WZType Description,WZWorkersPresent
Injury Crashes,BW0217000N,Greenbelt Police Department,Single Vehicle,Prince George's,Principal Arterial – Other,No,No,No,No,No,GREENBELT RD,193,MARYLAND ROUTE,No,True,No,4/25/2025,No,Point,38.996223333,-76.902138765,GREENBELT,101,16,02,Yes,5,,05:23,2025,Friday,27,Curb,01,Gore,3,,101,State,EDMONSTON RD,,04,Entrance/Exit Ramp or Related,01,Daylight,4/25/2025,2025-04-25,E,16.47,F,N,,,E362DDC87AEAF1093853AC8B6E5ED69D283B56F50F166BDA6AC7E4F079B5ECCB,MD,01,No,,,,,01,Dry,,,,,,,,
Property Damage Crashes,DA41300086,Prince George's County Police,"Sideswipe, Same Direction",Prince George's,,No,No,No,No,No,SARAH LANDING DR,3290,LOCAL ROAD,No,True,No,5/3/2025,No,Point,38.738379186,-76.827742770,PGCOPD,07,16,03,No,20,,20:05,2025,Saturday,15,Parked Vehicle,02,In Parking Lane Or Zone,,,,,,,06,Non-Junction,03,Dark - Lighted,5/3/2025,2025-05-03,S,9.22,F,N,,,98A6F693E3FC1A61B4B85DF36785997EE7884BB3B29D5C6C945C36B3536C6264,LL,01,No,,,,,01,Dry,,,,,,,,
Property Damage Crashes,DA4283003N,Prince George's County Police,"Sideswipe, Same Direction",Prince George's,Principal Arterial – Other Freeways and Expressways,No,Yes,No,No,No,PENNSYLVANIA AVE,4,MARYLAND ROUTE,No,True,No,2/25/2025,No,Point,38.812463528,-76.820010804,PGCOPD,07,16,03,No,8,,08:50,2025,Tuesday,12,Motor Vehicle In Transport,05,On Roadway,2,,,,,,09,Through Roadway,01,Daylight,2/25/2025,2025-02-25,E,13.5,F,N,,,463123016932D9E2B1DD3BCA629D4DD0DC18FA643D5431193C7F48EB9D04D0D5,MD,02,"Yes, School Bus Directly Involved",,,,,01,Dry,,,,,,,,
Property Damage Crashes,DA43880019,Prince George's County Police,Front to Rear,Prince George's,Principal Arterial – Other,No,No,No,No,No,LANDOVER RD,202,MARYLAND ROUTE,No,True,No,2/14/2025,No,Point,38.917949702,-76.859442313,PGCOPD,03,16,03,No,20,,20:15,2025,Friday,12,Motor Vehicle In Transport,05,On Roadway,3,,,,,,06,Non-Junction,03,Dark - Lighted,2/14/2025,2025-02-14,E,48.23,F,N,,,D5111D0B1A5F87F33F2AFD258ADB81FE386D8C7F3C3D7F7093F90637DFD2D06E,MD,01,No,,,,,01,Dry,,,,,,,,
Property Damage Crashes,DA384400FK,Prince George's County Police,Front to Rear,Prince George's,Principal Arterial – Other,Yes,No,No,No,No,NEW HAMPSHIRE AVE (SB/L),650,MARYLAND ROUTE,No,True,No,3/21/2025,No,Point,38.974491330,-76.995199636,PGCOPD,03,16,03,No,23,,23:40,2025,Friday,12,Motor Vehicle In Transport,05,On Roadway,3,,,,,,06,Non-Junction,03,Dark - Lighted,3/21/2025,2025-03-21,N,12.93,F,N,,,B46165FB65CEA9CE3864BD0427A4721C97E67B58A48219C388DDBF2F9FF3461E,MD,01,No,12,Motor Vehicle In Transport,05,On Roadway,01,Dry,,,,,,,,
Injury Crashes,MSP617100NY,Maryland State Police,Front to Rear,Prince George's,Interstate,No,Yes,No,No,No,NO NAME (SB/L),95,INTERSTATE ROUTE,No,True,No,5/1/2025,No,Point,39.028231667,-76.95088,MSP,03,16,02,No,7,,07:42,2025,Thursday,12,Motor Vehicle In Transport,05,On Roadway,1,,101,State,,,06,Non-Junction,01,Daylight,5/1/2025,2025-05-01,N,23.62,F,N,,,765198DE7F91F65CB556A8369916708923B457BCE9B05379EF9A07FD08B203B8,IS,01,No,,,,,01,Dry,,,,,,,,
Property Damage Crashes,CE4914008W,Laurel Police Department,Angle,Prince George's,Local,No,No,No,No,No,AVONDALE ST,30,MUNICIPAL ROAD,No,True,No,1/12/2025,No,Point,39.106485634,-76.846211938,LAUREL,01,16,03,No,22,,22:35,2025,Sunday,15,Parked Vehicle,05,On Roadway,7,,,,,,06,Non-Junction,04,Dark - Not Lighted,1/12/2025,2025-01-12,W,31.13,F,N,,,B1AAE40D2C805A99E09C94BD0B81E9F933E8D929C0BFA7942C92CA876B5D792A,MU,01,No,,,,,01,Dry,,,,,,,,
Injury Crashes,MSP718600L1,Maryland State Police,Single Vehicle,Prince George's,Interstate,No,No,No,No,No,CAPITAL BELTWAY (SB/L),95,INTERSTATE ROUTE,No,True,No,5/16/2025,No,Point,38.819472076,-76.929244885,MSP,101,16,02,No,13,,13:43,2025,Friday,13,Other Non-Fixed Object,06,"On Shoulder, Left Side",1,,,,,,09,Through Roadway,01,Daylight,5/16/2025,2025-05-16,W,353.08,F,N,,,51D1F90AAA1155DC7C1197D2D29F8488453F42511CA9A4FCC999361084AB6EA9,IS,01,No,,,,,01,Dry,,,,,,,,
Property Damage Crashes,MDTA1921001H,Maryland Transportation Authority Police,"Sideswipe, Same Direction",Prince George's,Local,No,No,No,No,No,VANDERBUILT WAY,505,MUNICIPAL ROAD,No,True,No,1/29/2025,No,Point,39.077873518,-76.873802807,MDTA,07,16,03,No,11,,11:03,2025,Wednesday,12,Motor Vehicle In Transport,05,On Roadway,7,,,,CONTEE RD,,06,Non-Junction,01,Daylight,1/29/2025,2025-01-29,W,29.35,F,N,,,8A4CBE387A2CC66605E15E25DA6C6A7F2B326733A432C277034DE8FD244ED790,MU,01,No,13,Other Non-Fixed Object,05,On Roadway,01,Dry,,,,,,,,
Property Damage Crashes,MSP7770007H,Maryland State Police,Single Vehicle,Prince George's,Principal Arterial – Other,No,No,No,No,No,CRAIN HWY,301,UNITED STATE ROUTE,No,True,No,4/7/2025,No,Point,38.732402138,-76.829428374,MSP,101,16,03,No,21,,21:11,2025,Monday,06,Other Non-Collision,03,Median,3,,,,,,06,Non-Junction,03,Dark - Lighted,4/7/2025,2025-04-07,S,82.76,F,N,,,CCC4DBDBCFDFB209069821BA7A23FDB8BEE6FE738DFDBCC073C1A245BE3C9240,US,01,No,,,,,01,Dry,,,,,,,,
Property Damage Crashes,MSP7770008K,Maryland State Police,Single Vehicle,Prince George's,Interstate,No,No,No,No,No,CAPITAL BELTWAY,95,INTERSTATE ROUTE,No,True,No,5/31/2025,No,Point,38.817993333,-76.943391667,MSP,101,16,03,No,0,,00:03,2025,Saturday,32,Guardrail Face,06,"On Shoulder, Left Side",1,,101,State,,,06,Non-Junction,03,Dark - Lighted,5/31/2025,2025-05-31,S,28.55,F,N,,,C1F9EAA33F74FB9918BB5A952C529835C9306B8DDAE93A4C93C50C4DD1010504,IS,01,No,,,,,01,Dry,,,,,,,,
Injury Crashes,DA4431000T,Prince George's County Police,Rear To Rear,Prince George's,Local,No,No,No,Yes,No,FAIRVIEW AVE,763,COUNTY ROAD,No,True,No,3/10/2025,No,Point,38.973680458,-76.990134162,PGCOPD,04,16,02,No,17,,17:30,2025,Monday,12,Motor Vehicle In Transport,02,In Parking Lane Or Zone,7,,,,,,06,Non-Junction,01,Daylight,3/10/2025,2025-03-10,N,4.7,F,N,,,1A98470C998F50D90142C281E129DC5388C007D0DD991C2A7A12184B3450AE54,CO,01,No,,,,,01,Dry,,,,,,,,
Property Damage Crashes,GD3163005P,Landover Police Department,"Sideswipe, Same Direction",Prince George's,Local,No,No,No,No,No,TAYLOR TERR,80,MUNICIPAL ROAD,No,True,No,3/14/2025,No,Point,38.941901298,-76.892058597,LANDOVER,07,16,03,No,5,,05:50,2025,Friday,12,Motor Vehicle In Transport,05,On Roadway,7,,,,,,06,Non-Junction,03,Dark - Lighted,3/14/2025,2025-03-14,S,16.46,F,N,,,E355FBE6C2CF7DC99F3E3D991A91464F960D3B0709584D13B746CE2DF1B5684D,MU,01,No,,,,,01,Dry,,,,,,,,
Property Damage Crashes,MSP7875004T,Maryland State Police,Single Vehicle,Prince George's,Interstate,Yes,No,No,No,No,CAPITAL BELTWAY,95,INTERSTATE ROUTE,No,True,Yes,5/23/2025,Yes,Point,38.818126930,-76.932599832,MSP,101,16,03,No,12,,12:33,2025,Friday,32,Guardrail Face,05,On Roadway,1,,,,,,06,Non-Junction,01,Daylight,5/23/2025,2025-05-23,N,27.78,F,N,,,37E0F11812C3F354C01824B1B3F5AC34802EE5445FE90352C0CF84400CA7D0A1,IS,01,No,,,,,01,Dry,,,N,02,Advance Warning Area,03,Work on Shoulder or Median,No
Property Damage Crashes,CE49140095,Laurel Police Department,Angle,Prince George's,Local,No,No,No,No,No,OXFORD DR,295,MUNICIPAL ROAD,No,True,No,3/3/2025,No,Point,39.084579905,-76.868937624,LAUREL,01,16,03,No,15,,15:42,2025,Monday,12,Motor Vehicle In Transport,05,On Roadway,7,,,,CONCORD AVE CYPRESS ST CYPRESS ST (EB/L),,06,Non-Junction,01,Daylight,3/3/2025,2025-03-03,S,11.63,F,N,,,FA1F26FE0EBC580428AF190900663A6B6297D4DAD3308496B77D2A00A6E907AE,MU,01,No,,,,,01,Dry,,,,,,,,
Injury Crashes,CC02710084,Hyattsville Police Department,Single Vehicle,Prince George's,Local,No,No,No,Yes,No,NO NAME,5102,OTHER PUBLIC ROAD,No,True,No,3/12/2025,No,Point,38.966979890,-76.962343446,HYATTSVILLE,101,16,02,No,19,04,19:00,2025,Wednesday,16,Pedalcycle,05,On Roadway,7,Perpendicular,,,EAST WEST HWY,03,05,Intersection or Related,01,Daylight,3/12/2025,2025-03-12,E,0,F,N,,,A0497BD7F89EBCF6D1ED29C48271228831EB6F7B986F5B8347B595A7BA00239C,OP,01,No,,,,,01,Dry,01,Signalized,,,,,,
Injury Crashes,DA3357003S,Prince George's County Police,Rear To Side,Prince George's,,No,No,No,No,Yes,,,,No,True,No,3/11/2025,No,Point,38.836197884,-76.945707701,PGCOPD,05,16,02,,17,,17:30,2025,Tuesday,12,Motor Vehicle In Transport,02,In Parking Lane Or Zone,,,,,,,,,01,Daylight,3/11/2025,2025-03-11,,,F,N,102,Parking Lot Way,,,01,No,97,Not Applicable,,,,,,,,,,,,
Property Damage Crashes,DA44310016,Prince George's County Police,"Sideswipe, Same Direction",Prince George's,Principal Arterial – Other,No,No,No,No,No,NEW HAMPSHIRE AVE (SB/L),650,MARYLAND ROUTE,No,True,No,4/22/2025,No,Point,39.005503156,-76.980775894,PGCOPD,07,16,03,No,18,,18:17,2025,Tuesday,12,Motor Vehicle In Transport,05,On Roadway,3,,,,,,06,Non-Junction,01,Daylight,4/22/2025,2025-04-22,S,31.08,F,N,,,956B4B809CE11E5C45DD8DA0223D9A12D4F41398D44D8EAF927F264431FA0AF4,MD,01,No,,,,,01,Dry,,,,,,,,
Property Damage Crashes,DA371200FF,Prince George's County Police,Single Vehicle,Prince George's,Minor Arterial,No,No,No,No,No,WOODYARD RD,223,MARYLAND ROUTE,No,True,No,1/8/2025,No,Point,38.802235764,-76.824937408,PGCOPD,101,16,03,No,21,,21:00,2025,Wednesday,09,Animal (live),05,On Roadway,4,,,,,,09,Through Roadway,04,Dark - Not Lighted,1/8/2025,2025-01-08,S,16.19,F,N,,,47B553516786E16ECDB861879FEB46B36DE29CD4514DD1BF81A45AC951AE3964,MD,01,No,,,,,02,Ice/Frost,,,,,,,,
Injury Crashes,DA418600CD,Prince George's County Police,Other,Prince George's,Local,No,No,No,No,No,LACKAWANNA ST #1,681,MUNICIPAL ROAD,No,True,No,4/11/2025,No,Point,39.012006467,-76.922421615,PGCOPD,98,16,02,No,1,,01:40,2025,Friday,12,Motor Vehicle In Transport,05,On Roadway,7,,,,,,06,Non-Junction,03,Dark - Lighted,4/11/2025,2025-04-11,W,28.53,F,N,,,F766FCD425442716CA9F912AA0C7A345EF9CFE169D297E5362D90CE91E1D07B6,MU,01,No,,,,,01,Dry,,,,,,,,
Property Damage Crashes,AM0341004Q,Bladensburg Police Department,Front to Front,Prince George's,Principal Arterial – Other,No,No,No,No,No,,450,MARYLAND ROUTE,No,True,No,3/29/2025,No,Point,38.939440747,-76.933343423,BLADENSBURG,02,16,03,No,13,,13:15,2025,Saturday,12,Motor Vehicle In Transport,05,On Roadway,3,,,,,,03,Driveway Access or Related,01,Daylight,3/29/2025,2025-03-29,W,15.81,F,N,,,AA8E120011136662A5CB9654213B94BD0B552050C97023489B0541A83AC812DD,MD,01,No,,,,,01,Dry,,,,,,,,
Injury Crashes,DA373600DG,Prince George's County Police,Single Vehicle,Prince George's,Principal Arterial – Other,No,No,No,Yes,No,OXON HILL RD,414,MARYLAND ROUTE,No,True,No,5/20/2025,No,Point,38.803809243,-76.986074881,PGCOPD,101,16,02,No,21,,21:25,2025,Tuesday,17,Pedestrian,05,On Roadway,3,,,,,,09,Through Roadway,03,Dark - Lighted,5/20/2025,2025-05-20,W,23.08,F,N,,,5EA6F1ECD9438350D014D10540B887B7EE71A5F75D29EA3D0ED18E314D227374,MD,01,No,,,,,01,Dry,,,,,,,,
Property Damage Crashes,DA44340006,Prince George's County Police,Unknown,Prince George's,Principal Arterial – Other Freeways and Expressways,No,No,No,No,No,KENILWORTH AVE (SB/L),201,MARYLAND ROUTE,No,True,No,4/14/2025,No,Point,38.915595189,-76.932515358,PGCOPD,99,16,03,No,22,,22:32,2025,Monday,27,Curb,03,Median,2,,,,,,06,Non-Junction,03,Dark - Lighted,4/14/2025,2025-04-14,S,17.23,F,N,,,660C3551322DAF117A95F40A5117D0215ABD688717A3B9C97EEC5384671E2F59,MD,01,No,,,,,09,Wet,,,,,,,,
Property Damage Crashes,DA3198003M,Prince George's County Police,Front to Rear,Prince George's,Local,No,Yes,No,No,No,CAPTAIN JOHN SMITH DR,802,COUNTY ROAD,No,True,No,2/8/2025,No,Point,38.692738540,-77.008187922,PGCOPD,03,16,03,No,9,,09:25,2025,Saturday,12,Motor Vehicle In Transport,05,On Roadway,7,,,,,,06,Non-Junction,01,Daylight,2/8/2025,2025-02-08,S,58.75,F,N,,,BBCA482045DEB723A1CFE44BD0B97301D8AF4BE1C73BE1BA5795330BE393A1B9,CO,01,No,,,,,09,Wet,,,,,,,,
Injury Crashes,CE42340041,Laurel Police Department,Single Vehicle,Prince George's,Principal Arterial – Other,Yes,No,No,No,No,WASHINGTON BLVD (SB/L),1,UNITED STATE ROUTE,Yes,True,No,4/5/2025,No,Point,39.095420822,-76.852922265,LAUREL,101,16,02,No,1,,01:39,2025,Saturday,27,Curb,10,Separator/Traffic Island,3,,101,State,,,06,Non-Junction,03,Dark - Lighted,4/5/2025,2025-04-05,S,12.33,F,N,,,DD870B3E934395062CF7669859EFE4D9B6A4C78DE6356F3418DEFC9B228178CA,US,01,No,41,Utility Pole/Light Support,10,Separator/Traffic Island,98,Other,,,,,,,,
Property Damage Crashes,DA36230009,Prince George's County Police,"Sideswipe, Opposite Direction",Prince George's,Principal Arterial – Other,No,Yes,No,No,No,SILVER HILL RD (SB/L),458,MARYLAND ROUTE,No,True,No,5/30/2025,No,Point,38.852886146,-76.911194656,PGCOPD,06,16,03,No,15,,15:05,2025,Friday,12,Motor Vehicle In Transport,05,On Roadway,3,,,,,,09,Through Roadway,01,Daylight,5/30/2025,2025-05-30,W,29.25,F,N,,,9D2F2A11E4C70F9BB50E37BEA89ECD69EFB5E6B245D4DE7C08BD48ABCED3C066,MD,02,"Yes, School Bus Directly Involved",12,Motor Vehicle In Transport,05,On Roadway,01,Dry,,,,,,,,
Property Damage Crashes,DA4419000F,Prince George's County Police,Front to Front,Prince George's,,No,No,No,No,Yes,,,,No,True,No,2/10/2025,No,Point,38.888038657,-76.807232934,PGCOPD,02,16,03,,12,,12:00,2025,Monday,12,Motor Vehicle In Transport,02,In Parking Lane Or Zone,,,,,,,,,99,Unknown,2/10/2025,2025-02-10,,,F,N,102,Parking Lot Way,,,01,No,,,,,,,,,,,,,,
Property Damage Crashes,DA3561004R,Prince George's County Police,"Sideswipe, Same Direction",Prince George's,Principal Arterial – Other,No,No,No,No,No,UNIVERSITY BLVD (WB/L),193,MARYLAND ROUTE,No,True,No,3/22/2025,No,Point,38.984583813,-76.979188761,PGCOPD,07,16,03,No,13,,13:13,2025,Saturday,12,Motor Vehicle In Transport,05,On Roadway,3,,,,,,06,Non-Junction,01,Daylight,3/22/2025,2025-03-22,W,224.57,F,N,,,AB6BF420EC2218CF782F8640B4DF190617897B53684692A9834C6B7D029104A2,MD,01,No,,,,,01,Dry,,,,,,,,
Injury Crashes,DA3814006V,Prince George's County Police,Single Vehicle,Prince George's,Major Collector,No,No,No,No,No,SWAN CREEK RD (WB/L),600,COUNTY ROAD,No,True,No,3/17/2025,No,Point,38.725254471,-76.991500645,PGCOPD,101,16,02,No,12,,12:45,2025,Monday,27,Curb,03,Median,5,,,,,,06,Non-Junction,01,Daylight,3/17/2025,2025-03-17,E,2.47,F,N,,,49CFA1DE5F631CB148940CC14BAAB880A89471FEC132E32B6D863014B7E4010D,CO,01,No,,,,,01,Dry,,,,,,,,
Injury Crashes,DA3696000F,Prince George's County Police,Front to Front,Prince George's,Minor Arterial,No,No,No,No,No,POWDER MILL RD,212,MARYLAND ROUTE,No,True,No,5/8/2025,No,Point,39.039761889,-76.947703416,PGCOPD,02,16,02,No,17,04,17:00,2025,Thursday,12,Motor Vehicle In Transport,05,On Roadway,4,Perpendicular,,,CHERRY HILL RD CHERRY HILL RD (EB/L),03,05,Intersection or Related,01,Daylight,5/8/2025,2025-05-08,S,0,F,N,,,95474D7990F1F5E4791B9C97A781A07CA9B09DB24FA440C466A7D147A1EEFC6E,MD,01,No,,,,,09,Wet,01,Signalized,,,,,,
Property Damage Crashes,CE46440031,Laurel Police Department,"Sideswipe, Same Direction",Prince George's,Principal Arterial – Other,No,No,No,No,No,WASHINGTON BLVD (SB/L),1,UNITED STATE ROUTE,No,True,No,3/29/2025,No,Point,39.094941177,-76.853519308,LAUREL,07,16,03,No,21,,21:01,2025,Saturday,12,Motor Vehicle In Transport,05,On Roadway,3,,,,,,09,Through Roadway,03,Dark - Lighted,3/29/2025,2025-03-29,S,31.59,F,N,,,83B51D0359FAA55CA2D241AC22CCF620BBE10886B1CC69C189228FD33820456A,US,01,No,,,,,01,Dry,,,,,,,,
Property Damage Crashes,DA381700L9,Prince George's County Police,Other,Prince George's,,No,No,No,No,No,,123,COUNTY ROAD,No,True,No,2/7/2025,No,Point,38.769666398,-76.926928776,PGCOPD,98,16,03,No,7,,07:18,2025,Friday,15,Parked Vehicle,09,Roadside,,,,,,,06,Non-Junction,01,Daylight,2/7/2025,2025-02-07,N,39.55,F,N,,,011D2BE9EAEB7CE9AB9AEE714F0C9B437B38BDAFEB9DB7D886DFF86B7F63E1A1,CO,01,No,,,,,01,Dry,,,,,,,,
Property Damage Crashes,MSP732800L5,Maryland State Police,Single Vehicle,Prince George's,Interstate,No,Yes,No,No,No,NO NAME (SB/L),95,INTERSTATE ROUTE,No,True,No,4/22/2025,No,Point,39.021685032,-76.940741694,MSP,101,16,03,No,16,,16:03,2025,Tuesday,32,Guardrail Face,07,"On Shoulder, Right Side",1,,101,State,,,06,Non-Junction,01,Daylight,4/22/2025,2025-04-22,W,38.22,F,N,,,34B77DC6EEEB60DABE9CEB7BB34074F7B3650717254A1A15749187B6BB42A1F7,IS,01,No,,,,,01,Dry,,,,,,,,
Property Damage Crashes,DA368800DJ,Prince George's County Police,Angle,Prince George's,Minor Arterial,No,No,No,No,No,EDMONSTON AVE,201,MARYLAND ROUTE,No,True,No,4/27/2025,No,Point,39.031222726,-76.899810492,PGCOPD,01,16,03,Yes,16,04,16:30,2025,Sunday,12,Motor Vehicle In Transport,05,On Roadway,4,Perpendicular,,,EDMONSTON RD POWDER MILL RD,03,05,Intersection or Related,01,Daylight,4/27/2025,2025-04-27,N,0,F,N,,,1B7B540D5493C69A3915035BB4D709B0975F4B3C1B44EBB8057E6FDD3069A4BA,MD,01,No,,,,,01,Dry,01,Signalized,,,,,,
Property Damage Crashes,DA389000RW,Prince George's County Police,Front to Rear,Prince George's,Principal Arterial – Other,No,No,No,No,No,LAUREL BOWIE RD (SB/L),197,MARYLAND ROUTE,No,True,No,3/21/2025,No,Point,39.064701607,-76.839601709,PGCOPD,03,16,03,No,20,,20:45,2025,Friday,12,Motor Vehicle In Transport,05,On Roadway,3,,,,,,06,Non-Junction,03,Dark - Lighted,3/21/2025,2025-03-21,N,27.13,F,N,,,9A2625499E98DED57D9368C20C87DE36F554334FD17EC6ED1AFCAB55F4AF42EF,MD,01,No,,,,,01,Dry,,,,,,,,
Property Damage Crashes,MSP7764007B,Maryland State Police,Front to Rear,Prince George's,Interstate,No,No,No,No,No,CAPITAL BELTWAY,495,INTERSTATE ROUTE,No,True,No,1/31/2025,No,Point,39.021627217,-76.943193767,MSP,03,16,03,No,16,,16:59,2025,Friday,12,Motor Vehicle In Transport,05,On Roadway,1,,,,,,06,Non-Junction,01,Daylight,1/31/2025,2025-01-31,S,58.62,F,N,,,3635E420A41EB5D5FD1D0D76C9346E847B75041465D415153605966BD732C3D5,IS,01,No,,,,,09,Wet,,,,,,,,
Property Damage Crashes,CBPD0117007L,Bowie Police Department,Single Vehicle,Prince George's,Local,No,No,No,No,No,MADDOX LA,1570,MUNICIPAL ROAD,No,True,No,3/1/2025,No,Point,38.978593545,-76.755609058,BOWIE,101,16,03,No,10,,10:37,2025,Saturday,38,Traffic Sign Support,03,Median,7,,100,Local,,,06,Non-Junction,01,Daylight,3/1/2025,2025-03-01,W,29.28,F,N,,,70157B1715B3A232E493C34832927AA0C241DDCB2FE6E04016EE5972B7BEEB9A,MU,01,No,,,,,01,Dry,,,,,,,,
Property Damage Crashes,MSP7839004M,Maryland State Police,Front to Rear,Prince George's,Principal Arterial – Other,No,No,No,No,No,PENNSYLVANIA AVE (SB/L),4,MARYLAND ROUTE,No,True,No,4/22/2025,No,Point,38.821056045,-76.849016667,MSP,03,16,03,No,15,,15:46,2025,Tuesday,12,Motor Vehicle In Transport,05,On Roadway,3,,,,,,06,Non-Junction,01,Daylight,4/22/2025,2025-04-22,W,33.35,F,N,,,E8C30E18390F4E477B0A02C410EEE6DE98B320BC3AFB5C4C9E9C061DCF8B2F47,MD,01,No,,,,,01,Dry,,,,,,,,
Injury Crashes,AL1449001J,Berwyn Heights Police Department,Single Vehicle,Prince George's,Principal Arterial – Other,No,No,No,Yes,No,GREENBELT RD,193,MARYLAND ROUTE,No,True,No,2/4/2025,No,Point,38.998062099,-76.914544013,BERWYNHEIGHTS,101,16,02,No,8,,08:50,2025,Tuesday,17,Pedestrian,05,On Roadway,3,,,,,,06,Non-Junction,01,Daylight,2/4/2025,2025-02-04,E,28.89,F,N,,,2BD872907DFDAF34F11045C5BC35092AE11DD2897CD0B8DE6CE5DF7B4B0F57AE,MD,01,No,14,Other Non-Motorist,99,Unknown,01,Dry,,,,,,,,
Property Damage Crashes,ZP05190003,Prince George's County Sheriff's Office,Front to Front,Prince George's,,No,No,No,No,Yes,,,,No,True,No,1/31/2025,No,Point,38.677091887,-76.874408576,PGCOSHERIFF,02,16,03,,20,,20:43,2025,Friday,12,Motor Vehicle In Transport,04,"Off-Roadway, Location Unknown",,,,,,,,,03,Dark - Lighted,1/31/2025,2025-01-31,,,F,N,104,Service Road,,,01,No,19,Strikes Object at Rest from Motor Vehicle In Transport,04,"Off-Roadway, Location Unknown",,,,,,,,,,
Property Damage Crashes,DA42720028,Prince George's County Police,Front to Front,Prince George's,Minor Arterial,No,No,No,No,No,TEMPLE HILL RD,123,COUNTY ROAD,No,True,No,4/12/2025,No,Point,38.800675458,-76.928677074,PGCOPD,02,16,03,Yes,20,04,20:24,2025,Saturday,12,Motor Vehicle In Transport,05,On Roadway,4,Angled/Skewed,,,BRINKLEY RD,01,05,Intersection or Related,03,Dark - Lighted,4/12/2025,2025-04-12,N,0,F,N,,,E709B1DBCAB524177F29A7F5FE0D001ECCBE5975FB3CFB1E1D3A2193419B9D88,CO,01,No,,,,,09,Wet,01,Signalized,,,,,,
Fatal Crashes,MSP7776006M,Maryland State Police,Single Vehicle,Prince George's,Principal Arterial – Other,No,No,No,Yes,No,SANDY SPRING RD,198,MARYLAND ROUTE,No,True,No,5/18/2025,No,Point,39.101089897,-76.881179613,MSP,101,16,01,Yes,21,,21:18,2025,Sunday,17,Pedestrian,05,On Roadway,3,,,,,,04,Entrance/Exit Ramp or Related,04,Dark - Not Lighted,5/18/2025,2025-05-18,W,43.75,F,N,,,F5A13F5C7DFC45C5708F152FA264AC350DD4FE643F144843A4BFB0EEA2EC4922,MD,01,No,,,,,01,Dry,,,,,,,,
Property Damage Crashes,AZ1717003M,Cheverly Police Department,"Sideswipe, Same Direction",Prince George's,Principal Arterial – Other,No,No,No,No,No,LANDOVER RD (SB/L),202,MARYLAND ROUTE,No,True,No,3/19/2025,No,Point,38.931911703,-76.901680339,CHEVERLY,07,16,03,No,6,,06:03,2025,Wednesday,12,Motor Vehicle In Transport,05,On Roadway,3,,,,,,09,Through Roadway,03,Dark - Lighted,3/19/2025,2025-03-19,N,46.8,F,N,,,83EB86E9D5947311234F5584DC207C32D64BCDE19FB9AA566A626133D76237D0,MD,01,No,97,Not Applicable,,,01,Dry,,,,,,,,
Property Damage Crashes,DA3715008Y,Prince George's County Police,Front to Rear,Prince George's,Major Collector,No,No,No,No,No,ADDISON RD,351,COUNTY ROAD,Yes,True,No,4/15/2025,No,Point,38.904264409,-76.914866734,PGCOPD,03,16,03,No,18,,18:00,2025,Tuesday,12,Motor Vehicle In Transport,05,On Roadway,5,,,,SHERIFF RD,,06,Non-Junction,01,Daylight,4/15/2025,2025-04-15,N,513.24,F,N,,,A698C91CAC9A871A92D923DB70C6365F7A2766A2ED76C0A154C725D6B43EE557,CO,01,No,,,,,01,Dry,,,,,,,,
Property Damage Crashes,DA382000C6,Prince George's County Police,Single Vehicle,Prince George's,Local,No,Yes,No,No,No,ASHLEIGH GLEN CT,6598,COUNTY ROAD,Yes,True,No,3/18/2025,No,Point,38.961778164,-76.816694165,PGCOPD,101,16,03,No,16,,16:34,2025,Tuesday,34,Mailbox,08,Outside Road/Right-Of-Way,7,,,,,,06,Non-Junction,01,Daylight,3/18/2025,2025-03-18,S,51.8,F,N,,,DD06A5F27526E39D95EFBF241B716A1CFDB76243CA0F7B73F8DB72C6BB4753E1,CO,02,"Yes, School Bus Directly Involved",,,,,01,Dry,,,,,,,,
Property Damage Crashes,MSP7395008S,Maryland State Police,Front to Rear,Prince George's,Principal Arterial – Other,No,Yes,No,No,No,WASHINGTON BLVD (SB/L),1,UNITED STATE ROUTE,No,True,No,1/10/2025,No,Point,39.094841251,-76.853657815,MSP,03,16,03,No,17,,17:53,2025,Friday,12,Motor Vehicle In Transport,05,On Roadway,3,,101,State,,,06,Non-Junction,03,Dark - Lighted,1/10/2025,2025-01-10,E,82.52,F,N,,,AFC212FB72D7C6BB247B88AFDBC8E02E6C171CCACF3B91D787D6E4DC48663227,US,01,No,,,,,01,Dry,,,,,,,,