Crash Severity Description,Reportnumber,Agencyname,CollisionImpact Description,Crash County Description,FunctionalClass Description,ImpairedCrash,Large Vehicle Involved,Motorcycle Crash,Non-Motorist Crash,OffRoad,RoadName,Route Number,RouteType Description,Unrestrained Occupants,WithinDateRange,Work Zone Related,Crashdate,Work Zone Crash,CrashPoint,Latitude,Longitude,AgencyCode,CollisionImpact,Crash County,Crash Severity,Crash Within Interchange,Crashhour,CrashInterchangeApproaches,Crashtime,CrashYear,Dayofweek,FirstHarmEvent,FirstHarmEvent Description,FirstHarmLocation,FirstHarmLocation Description,FunctionalClass,Geometry Description,GovPropertyDamage,GovPropertyDamage Description,IntersectingRoadName,Intersection Geometry,JunctionRelated,JunctionRelated Description,Light,Light Description,LOD Crash Date,LOD Date Level,MilepointDirection,MilepointDistance,MilepointUnits,NonTrafficFatal,OffroadLocation,OffroadLocation Description,RoadID,RouteType,SchoolBusRelated,SchoolBusRelated Description,SecondHarmEvent,SecondHarmEvent Description,SecondHarmLocation,SecondHarmLocation Description,Surface,Surface Description,TrafficControl,Trafficcontrol Description,WZLawEnforcementPresent,WZLocation,WZLocation Description,WZType,WZType Description,WZWorkersPresent
Property Damage Crashes,MSP7839001L,Maryland State Police,Single Vehicle,Prince George's,Principal Arterial – Other,No,No,No,No,No,CENTRAL AVE (WB/L),214,MARYLAND ROUTE,No,True,No,1/24/2025,No,Point,38.900591383,-76.779698417,MSP,101,16,03,No,8,,08:40,2025,Friday,09,Animal (live),05,On Roadway,3,,,,,,06,Non-Junction,01,Daylight,1/24/2025,2025-01-24,S,37.19,F,N,,,3C9CAE9FD56282BC1F8AB8670A271F3DB89CFA5941FF73E0CF8102CBA17D0038,MD,01,No,,,,,01,Dry,,,,,,,,
Property Damage Crashes,MSP732800K3,Maryland State Police,Front to Rear,Prince George's,Interstate,No,No,No,No,No,CAPITAL BELTWAY,95,INTERSTATE ROUTE,No,True,No,1/26/2025,No,Point,38.957643540,-76.865015384,MSP,03,16,03,No,9,,09:27,2025,Sunday,12,Motor Vehicle In Transport,05,On Roadway,1,,,,,,06,Non-Junction,01,Daylight,1/26/2025,2025-01-26,S,13.2,F,N,,,F127FAAF24A0D10732A7B2FD47964E46EE7D30509933710EDE68059B9A56F44F,IS,01,No,,,,,01,Dry,,,,,,,,
Injury Crashes,MSP6859008P,Maryland State Police,Angle,Prince George's,Interstate,No,Yes,No,No,No,CAPITAL BELTWAY,95,INTERSTATE ROUTE,No,True,No,3/25/2025,No,Point,38.916124596,-76.851104161,MSP,01,16,02,No,14,,14:00,2025,Tuesday,12,Motor Vehicle In Transport,05,On Roadway,1,,,,,,01,Acceleration/Deceleration Lane,01,Daylight,3/25/2025,2025-03-25,N,55.44,F,N,,,ED19F6DCB32DD3277A91488321FCE352513A019041734943C9A43CDEE61BE65B,IS,01,No,,,,,01,Dry,,,,,,,,
Property Damage Crashes,DA4243009B,Prince George's County Police,Front to Front,Prince George's,,No,No,No,No,No,NORTH RIDING RD,2859,LOCAL ROAD,No,True,No,1/1/2025,No,Point,38.839463874,-76.821337558,PGCOPD,02,16,03,No,19,,19:20,2025,Wednesday,15,Parked Vehicle,09,Roadside,,,,,,,09,Through Roadway,04,Dark - Not Lighted,1/1/2025,2025-01-01,N,52.7,F,N,,,D0CE5ADC3F4B40A01BCC5673D3534CB2E9ECBCBBA1A95525D2832556CF55D411,LL,01,No,15,Parked Vehicle,09,Roadside,01,Dry,,,,,,,,
Injury Crashes,DA419600D8,Prince George's County Police,Single Vehicle,Prince George's,,No,No,No,Yes,Yes,,,,No,True,No,3/10/2025,No,Point,38.8308749,-76.9435978,PGCOPD,101,16,02,,16,,16:57,2025,Monday,17,Pedestrian,09,Roadside,,,,,,,,,01,Daylight,3/10/2025,2025-03-10,,,F,N,106,Driveway,,,01,No,,,,,,,,,,,,,,
Property Damage Crashes,DA44360003,Prince George's County Police,Rear To Side,Prince George's,Local,No,No,No,No,No,96TH AVE,1072,COUNTY ROAD,No,True,No,5/23/2025,No,Point,38.980472563,-76.846869352,PGCOPD,05,16,03,No,23,,23:26,2025,Friday,12,Motor Vehicle In Transport,05,On Roadway,7,,,,,,06,Non-Junction,04,Dark - Not Lighted,5/23/2025,2025-05-23,E,42.47,F,N,,,1FEBBBF88B9895427F83566033B6292F2F842F9BED370F420935C894D24FAA7C,CO,01,No,,,,,01,Dry,,,,,,,,
Property Damage Crashes,CBPD0131000B,Bowie Police Department,Other,Prince George's,Principal Arterial – Other,No,No,No,No,No,ANNAPOLIS RD (WB/L),450,MARYLAND ROUTE,No,True,No,3/12/2025,No,Point,38.975657007,-76.747936184,BOWIE,98,16,03,Yes,20,02,20:05,2025,Wednesday,12,Motor Vehicle In Transport,05,On Roadway,3,Perpendicular,,,MOYLAN DR,03,05,Intersection or Related,03,Dark - Lighted,3/12/2025,2025-03-12,N,0,F,N,,,AFBD520FD112A37DAD199523366B1E163F99A442550700EE726E877F6E2C3763,MD,01,No,,,,,01,Dry,01,Signalized,,,,,,
Property Damage Crashes,MSP744200QC,Maryland State Police,Front to Rear,Prince George's,Interstate,No,No,No,No,No,CAPITAL BELTWAY,95,INTERSTATE ROUTE,No,True,No,1/18/2025,No,Point,38.961215680,-76.866528083,MSP,03,16,03,No,20,,20:30,2025,Saturday,12,Motor Vehicle In Transport,05,On Roadway,1,,,,,,09,Through Roadway,04,Dark - Not Lighted,1/18/2025,2025-01-18,S,31.57,F,N,,,2C4B0562D5E58FDBACFF174DD66B949F6277BBE86772ACF83AF8A6033D8F7430,IS,01,No,12,Motor Vehicle In Transport,05,On Roadway,01,Dry,,,,,,,,
Property Damage Crashes,CBPD0091005X,Bowie Police Department,Single Vehicle,Prince George's,,No,Yes,No,No,Yes,,,,No,True,No,4/30/2025,No,Point,38.979457978,-76.733762132,BOWIE,101,16,03,,19,,19:20,2025,Wednesday,35,"Other Fixed Object (wall, building, tunnel, etc.)",04,"Off-Roadway, Location Unknown",,,,,,,,,01,Daylight,4/30/2025,2025-04-30,,,F,N,102,Parking Lot Way,,,01,No,,,,,,,,,,,,,,
Property Damage Crashes,DA392000C5,Prince George's County Police,Other,Prince George's,Local,No,Yes,No,No,No,67TH PL,244,COUNTY ROAD,No,True,No,1/31/2025,No,Point,38.962529510,-76.900726978,PGCOPD,98,16,03,No,15,,15:45,2025,Friday,15,Parked Vehicle,05,On Roadway,7,,,,,,06,Non-Junction,01,Daylight,1/31/2025,2025-01-31,W,25.97,F,N,,,6405C286A47B5C1D62FADC8D08202A6E790F258C4353B29F4C0D50391C0103F3,CO,02,"Yes, School Bus Directly Involved",,,,,01,Dry,,,,,,,,
Injury Crashes,CNC3185000Y,New Carrollton Police Department,"Sideswipe, Same Direction",Prince George's,Principal Arterial – Other,No,No,No,No,No,VETERANS PKWY (WB/L),410,MARYLAND ROUTE,Yes,True,No,2/16/2025,No,Point,38.951390417,-76.885010913,NCPD,07,16,02,No,11,05,11:20,2025,Sunday,12,Motor Vehicle In Transport,05,On Roadway,3,Perpendicular,,,,03,05,Intersection or Related,01,Daylight,2/16/2025,2025-02-16,W,0,F,N,,,8F46D2F3D3C0E5849225EEBF5156F61EEB3E93BFB14C3B4FE9ED88B5273E9B3D,MD,01,No,,,,,09,Wet,01,Signalized,,,,,,
Property Damage Crashes,DA4399000R,Prince George's County Police,Single Vehicle,Prince George's,Minor Arterial,No,No,No,No,No,RIGGS RD,212,MARYLAND ROUTE,No,True,No,1/20/2025,No,Point,38.976853094,-76.978017648,PGCOPD,101,16,03,No,8,,08:32,2025,Monday,30,Fence,05,On Roadway,4,,,,,,06,Non-Junction,01,Daylight,1/20/2025,2025-01-20,W,57.62,F,N,,,19E32E2B7EE5DD052E80DAC06D0CE700D6CB4062F229E12C2B6185576F2DF6D7,MD,01,No,,,,,01,Dry,,,,,,,,
Injury Crashes,MSP745000KK,Maryland State Police,Angle,Prince George's,Principal Arterial – Other,No,No,No,No,No,BALTIMORE AVE,1,UNITED STATE ROUTE,No,True,No,5/16/2025,No,Point,39.074672487,-76.869967697,MSP,01,16,02,No,14,,14:17,2025,Friday,12,Motor Vehicle In Transport,05,On Roadway,3,,,,,,09,Through Roadway,01,Daylight,5/16/2025,2025-05-16,N,2.51,F,N,,,5643A757D203B74D732A9134BDDAD7C587DF92F94582CF1DD86361E27A0D766B,US,01,No,97,Not Applicable,,,01,Dry,,,,,,,,
Property Damage Crashes,MSP51640010,Maryland State Police,"Sideswipe, Same Direction",Prince George's,Interstate,No,No,No,No,No,RAMP 1 FR IS 95 NB CD LANE TO MD 200 WB,95,RAMP,No,True,No,1/23/2025,No,Point,39.072989249,-76.904575815,MSP,07,16,03,Yes,21,,21:20,2025,Thursday,12,Motor Vehicle In Transport,05,On Roadway,1,,,,RAMP 3 FR RP 6 (FR MD200 EB) TO IS 95 NB,,04,Entrance/Exit Ramp or Related,03,Dark - Lighted,1/23/2025,2025-01-23,E,4.81,F,N,,,9A3B990846F3A22F0E25501B4CCAE4B55F00ABE35424852E81F2E14E547C5C78,RP,01,No,,,,,01,Dry,,,,,,,,
Property Damage Crashes,AM03350085,Bladensburg Police Department,"Sideswipe, Same Direction",Prince George's,,No,No,No,No,Yes,,,,No,True,No,1/25/2025,No,Point,38.939229452,-76.916962389,BLADENSBURG,07,16,03,,11,,11:11,2025,Saturday,12,Motor Vehicle In Transport,04,"Off-Roadway, Location Unknown",,,,,,,,,98,Other,1/25/2025,2025-01-25,,,F,N,102,Parking Lot Way,,,01,No,,,,,,,,,,,,,,
Injury Crashes,DA3198003T,Prince George's County Police,Angle,Prince George's,Principal Arterial – Other,No,No,No,No,No,MARTIN LUTHER KING JR HWY,704,MARYLAND ROUTE,No,True,No,4/25/2025,No,Point,38.949146159,-76.840304451,PGCOPD,01,16,02,Yes,5,04,05:23,2025,Friday,12,Motor Vehicle In Transport,05,On Roadway,3,Perpendicular,,,RAMP 8 FR MD 704 SB TO IS 595 WB,03,05,Intersection or Related,03,Dark - Lighted,4/25/2025,2025-04-25,S,0,F,N,,,0CBB80DC03D4048E33AA6CCC937DDE14E2377B07741E8CD8BD92376DC7A0B65E,MD,01,No,,,,,01,Dry,01,Signalized,,,,,,
Property Damage Crashes,DA3706005N,Prince George's County Police,Single Vehicle,Prince George's,Local,No,Yes,No,No,No,ALCONA ST,1897,COUNTY ROAD,No,True,No,4/25/2025,No,Point,38.957311763,-76.850858309,PGCOPD,101,16,03,No,9,,09:40,2025,Friday,35,"Other Fixed Object (wall, building, tunnel, etc.)",05,On Roadway,7,,,,,,09,Through Roadway,01,Daylight,4/25/2025,2025-04-25,S,14.4,F,N,,,D97D912B32813A6AA80DFACF72F60B8C3BA0A740888D4314F0F63329C3461E9A,CO,02,"Yes, School Bus Directly Involved",,,,,01,Dry,,,,,,,,
Property Damage Crashes,CBPD00320090,Bowie Police Department,Unknown,Prince George's,,No,No,No,No,Yes,,,,No,True,No,2/26/2025,No,Point,38.983075241,-76.730335739,BOWIE,99,16,03,,14,,14:48,2025,Wednesday,12,Motor Vehicle In Transport,02,In Parking Lane Or Zone,,,,,,,,,01,Daylight,2/26/2025,2025-02-26,,,F,N,101,Parking Aisle,,,01,No,12,Motor Vehicle In Transport,02,In Parking Lane Or Zone,,,,,,,,,,
Property Damage Crashes,DA4423000C,Prince George's County Police,Front to Rear,Prince George's,Minor Arterial,No,No,No,No,No,MARLBORO PIKE,3074,COUNTY ROAD,No,True,No,1/16/2025,No,Point,38.857046032,-76.904378302,PGCOPD,03,16,03,Yes,20,04,20:55,2025,Thursday,12,Motor Vehicle In Transport,05,On Roadway,4,Perpendicular,,,SILVER HILL RD,03,05,Intersection or Related,03,Dark - Lighted,1/16/2025,2025-01-16,N,0,F,N,,,8D80C2236EDD7E40C0E05322663A574DF2BDCB82020467568DE26B387F5BA8FE,CO,01,No,,,,,09,Wet,01,Signalized,,,,,,
Property Damage Crashes,AZ1743000J,Cheverly Police Department,Angle,Prince George's,Local,No,No,No,No,No,63RD PL,1217,COUNTY ROAD,No,True,No,3/19/2025,No,Point,38.933219283,-76.907826808,CHEVERLY,01,16,03,Yes,13,,13:28,2025,Wednesday,12,Motor Vehicle In Transport,05,On Roadway,7,,,,LANDOVER RD (SB/L),,02,Crossover-Related,01,Daylight,3/19/2025,2025-03-19,W,28.43,F,N,,,FE7BD583698B78892E65995CF63E8C34E0564F46636A0E5E286EC20CEB191A97,CO,01,No,,,,,01,Dry,,,,,,,,
Injury Crashes,DA401800C4,Prince George's County Police,Single Vehicle,Prince George's,Major Collector,No,No,No,Yes,No,RIVERDALE RD,302,COUNTY ROAD,No,True,No,1/26/2025,No,Point,38.964271302,-76.896933235,PGCOPD,101,16,02,No,19,,19:27,2025,Sunday,17,Pedestrian,05,On Roadway,5,,,,,,99,Unknown,04,Dark - Not Lighted,1/26/2025,2025-01-26,N,41.45,F,N,,,E9CCA2CFD71B9C1B9F66994BE483C2481FCD92435A7AB290E3539FCD15000EE4,CO,01,No,,,,,01,Dry,,,,,,,,
Property Damage Crashes,DA4396000Z,Prince George's County Police,"Sideswipe, Same Direction",Prince George's,Principal Arterial – Other,No,No,No,No,No,NEW HAMPSHIRE AVE (SB/L),650,MARYLAND ROUTE,No,True,No,1/23/2025,No,Point,38.990250511,-76.987623932,PGCOPD,07,16,03,No,15,,15:35,2025,Thursday,12,Motor Vehicle In Transport,05,On Roadway,3,,,,,,06,Non-Junction,01,Daylight,1/23/2025,2025-01-23,N,27.87,F,N,,,5E51A19BF387165880F30A19CEF3EB38714F8855A16A09389DFAF35E87D4337B,MD,01,No,,,,,01,Dry,,,,,,,,
Property Damage Crashes,DA3407004B,Prince George's County Police,Front to Rear,Prince George's,,No,No,No,No,No,,87,COUNTY ROAD,Yes,True,No,6/3/2025,No,Point,38.859531338,-76.871778893,PGCOPD,03,16,03,No,16,,16:27,2025,Tuesday,12,Motor Vehicle In Transport,05,On Roadway,,,,,,,06,Non-Junction,01,Daylight,6/3/2025,2025-06-03,N,52.83,F,N,,,77BC3CCFC8B4CFF12FEE1CDE113C39511BA99053ECE5D94B237AAB2E6CA449D0,CO,01,No,,,,,01,Dry,,,,,,,,
Property Damage Crashes,DA418100FQ,Prince George's County Police,Other,Prince George's,Minor Arterial,No,Yes,No,No,No,GOOD LUCK RD,42,COUNTY ROAD,No,True,No,4/14/2025,No,Point,38.973756300,-76.888140222,PGCOPD,98,16,03,No,14,,14:53,2025,Monday,12,Motor Vehicle In Transport,05,On Roadway,4,,,,JODIE ST,,09,Through Roadway,01,Daylight,4/14/2025,2025-04-14,S,26.36,F,N,,,7DFF5F98F2F783093965CFF9D40182FB71138C331BCFC9E8B76C55E27638058A,CO,01,No,12,Motor Vehicle In Transport,09,Roadside,01,Dry,,,,,,,,
Property Damage Crashes,DA27350061,Prince George's County Police,"Sideswipe, Same Direction",Prince George's,Major Collector,No,No,No,No,No,WOODMORE RD,111,COUNTY ROAD,No,True,No,2/16/2025,No,Point,38.925043058,-76.760913300,PGCOPD,07,16,03,No,1,,01:12,2025,Sunday,12,Motor Vehicle In Transport,05,On Roadway,5,,,,,,06,Non-Junction,03,Dark - Lighted,2/16/2025,2025-02-16,N,11.14,F,N,,,7DD31C12C45D6E5C7917AB264E661D71789D3676EF828DBD3BEAFD52CED66EFB,CO,01,No,,,,,09,Wet,,,,,,,,
Property Damage Crashes,MSP7787005Z,Maryland State Police,Front to Rear,Prince George's,Interstate,No,No,No,No,No,RAMP 3 FR IS 495 EB TO IS 95X NB,95,RAMP,No,True,No,3/29/2025,No,Point,39.018933967,-76.95905405,MSP,03,16,03,Yes,9,,09:56,2025,Saturday,12,Motor Vehicle In Transport,05,On Roadway,1,,,,,,04,Entrance/Exit Ramp or Related,01,Daylight,3/29/2025,2025-03-29,N,41.91,F,N,,,79337854DCC1E6A2C2A9B0E540492774FEF7C7B9CEF7440EAE241075FA3B4F30,RP,01,No,,,,,01,Dry,,,,,,,,
Property Damage Crashes,DA4344003S,Prince George's County Police,"Sideswipe, Same Direction",Prince George's,Major Collector,No,Yes,No,No,No,REGENCY PKWY,5791,COUNTY ROAD,No,True,No,6/4/2025,No,Point,38.854543105,-76.899198238,PGCOPD,07,16,03,No,6,,06:24,2025,Wednesday,12,Motor Vehicle In Transport,05,On Roadway,5,,,,COUNTY RD GATEWAY BLVD MARLBORO PIKE MARLBORO PIKE (NB/L),,06,Non-Junction,01,Daylight,6/4/2025,2025-06-04,W,19.86,F,N,,,E5D62225F3A00D5DFC35A6289802DD7CAB19D103E534405B09DBD56C6E34E0E4,CO,01,No,,,,,01,Dry,,,,,,,,
Property Damage Crashes,DA4083006S,Prince George's County Police,Front to Front,Prince George's,Local,No,No,No,No,No,BUCK LODGE RD,1331,COUNTY ROAD,Yes,True,No,5/11/2025,No,Point,39.009944929,-76.964036971,PGCOPD,02,16,03,No,0,,00:55,2025,Sunday,12,Motor Vehicle In Transport,05,On Roadway,7,,,,,,06,Non-Junction,03,Dark - Lighted,5/11/2025,2025-05-11,N,32.17,F,N,,,985525727E862DE265CE1511875EAC879783FB40C2F4D46785581764AD113009,CO,01,No,,,,,01,Dry,,,,,,,,
Property Damage Crashes,CC0298003J,Hyattsville Police Department,Single Vehicle,Prince George's,Major Collector,Yes,No,No,No,No,JEFFERSON ST,180,MUNICIPAL ROAD,No,True,No,3/3/2025,No,Point,38.954770982,-76.946174763,HYATTSVILLE,101,16,03,No,18,,18:19,2025,Monday,40,Tree (standing),09,Roadside,5,,,,,,06,Non-Junction,01,Daylight,3/3/2025,2025-03-03,N,44.83,F,N,,,3C28627FBCAA36EE1064E0C6F78922B859524DDE94BD96295B11BA685F36C93A,MU,01,No,27,Curb,09,Roadside,01,Dry,,,,,,,,
Property Damage Crashes,DA42810069,Prince George's County Police,"Sideswipe, Same Direction",Prince George's,Minor Arterial,No,Yes,No,No,No,SHERIFF RD,75,COUNTY ROAD,No,True,No,3/24/2025,No,Point,38.906070077,-76.908917147,PGCOPD,07,16,03,No,5,,05:50,2025,Monday,12,Motor Vehicle In Transport,05,On Roadway,4,,,,CLAYBRICK RD,,10,"Other Location Not Listed Above Within an Interchange Area (median,
shoulder and roadside)",04,Dark - Not Lighted,3/24/2025,2025-03-24,S,5.77,F,N,,,A36256779F434671E4C3B733EB1B31EBA0D67138273EFEA95C60F4A156471D82,CO,01,No,,,,,09,Wet,,,,,,,,
Property Damage Crashes,MSP7773000S,Maryland State Police,Front to Rear,Prince George's,Interstate,No,No,No,No,No,RAMP 3 FR RAMP 10 (FR IS 495) TO US 1 NB,95,RAMP,No,True,No,1/23/2025,No,Point,39.016983445,-76.925778773,MSP,03,16,03,No,7,,07:40,2025,Thursday,12,Motor Vehicle In Transport,05,On Roadway,1,,,,,,06,Non-Junction,01,Daylight,1/23/2025,2025-01-23,E,47.27,F,N,,,48A06A17615A1A2B82BCB51BFDA7E06D72660523A6C751EDD0ECEFC2A06F16B4,RP,01,No,,,,,01,Dry,,,,,,,,
Property Damage Crashes,CNC31820014,New Carrollton Police Department,"Sideswipe, Opposite Direction",Prince George's,,No,No,No,No,No,,260,MUNICIPAL ROAD,No,True,No,3/2/2025,No,Point,38.972311836,-76.880925643,NCPD,06,16,03,No,11,,11:54,2025,Sunday,15,Parked Vehicle,02,In Parking Lane Or Zone,,,,,,,09,Through Roadway,99,Unknown,3/2/2025,2025-03-02,N,21.57,F,N,,,15385C19AA283880B7248FE1E87CAEB73C0CE9853D1306D63209177490F3525C,MU,01,No,,,,,01,Dry,,,,,,,,
Property Damage Crashes,CE5049002R,Laurel Police Department,Angle,Prince George's,Principal Arterial – Other,No,No,No,No,No,SANDY SPRING RD,198,MARYLAND ROUTE,No,True,No,1/12/2025,No,Point,39.102707140,-76.871116709,LAUREL,01,16,03,No,3,04,03:43,2025,Sunday,12,Motor Vehicle In Transport,05,On Roadway,3,Perpendicular,101,State,VAN DUSEN RD (SB/L),03,05,Intersection or Related,03,Dark - Lighted,1/12/2025,2025-01-12,W,0,F,N,,,C977CEEB96C981B0D1D8A9EF94862C84B68A3980D33016D87403B69A3BF771DE,MD,01,No,,,,,01,Dry,01,Signalized,,,,,,
Property Damage Crashes,AM0393001T,Bladensburg Police Department,Front to Rear,Prince George's,Principal Arterial – Other,No,No,No,No,No,ANNAPOLIS RD,450,MARYLAND ROUTE,No,True,No,6/6/2025,No,Point,38.939158599,-76.936601837,BLADENSBURG,03,16,03,No,16,,16:20,2025,Friday,12,Motor Vehicle In Transport,05,On Roadway,3,,,,,,06,Non-Junction,01,Daylight,6/6/2025,2025-06-06,N,54.71,F,N,,,603D2D53D0710FCD9A5610A7FC7A6CC57443BAA36D211EDDF5CA31B1CC91D5CD,MD,01,No,,,,,01,Dry,,,,,,,,
Injury Crashes,MSP7843002Q,Maryland State Police,Single Vehicle,Prince George's,Interstate,No,No,Yes,No,No,NO NAME,95,INTERSTATE ROUTE,No,True,No,4/20/2025,No,Point,39.105665959,-76.885456123,MSP,101,16,02,No,20,,20:19,2025,Sunday,02,Fell Jumped from Motor Vehicle,05,On Roadway,1,,,,,,06,Non-Junction,04,Dark - Not Lighted,4/20/2025,2025-04-20,E,21.34,F,N,,,0CA6BC04E97756A215A48B2237D62B2169E48B8822B0FF05F53A0A1788B81FAD,IS,01,No,,,,,01,Dry,,,,,,,,
Property Damage Crashes,HB0442000M,Maryland-National Capital Park Police Prince George's County,"Sideswipe, Same Direction",Prince George's,Local,No,No,No,No,No,POLK ST,1034,COUNTY ROAD,No,True,No,5/21/2025,No,Point,38.9408145,-76.8719167,PGPARK,07,16,03,No,5,,05:15,2025,Wednesday,15,Parked Vehicle,02,In Parking Lane Or Zone,7,,100,Local,,,06,Non-Junction,100,Dawn,5/21/2025,2025-05-21,S,33.5,F,N,,,BCD7C28DD7D1A897EC746D97626D2B57651A3E0CDD744733C29DBD5BB386004D,CO,01,No,,,,,01,Dry,,,,,,,,
Property Damage Crashes,MSP7408006S,Maryland State Police,Single Vehicle,Prince George's,Interstate,No,No,No,No,No,RAMP 7 FR RAMP 10 (FR IS 595) TO MD 3 SB,595,RAMP,No,True,No,1/19/2025,No,Point,38.956090054,-76.717545011,MSP,101,16,03,No,19,,19:00,2025,Sunday,41,Utility Pole/Light Support,09,Roadside,1,,,,,,04,Entrance/Exit Ramp or Related,04,Dark - Not Lighted,1/19/2025,2025-01-19,S,10.11,F,N,,,5D12F14BB0BE9837F635B1114C5CB603885A4900FD5D4454B1A1AB3456556F76,RP,01,No,,,,,09,Wet,,,,,,,,
Injury Crashes,DA34070045,Prince George's County Police,Angle,Prince George's,Local,No,No,No,No,No,MARLBORO PIKE,3050,COUNTY ROAD,No,True,No,4/13/2025,No,Point,38.820458900,-76.849088861,PGCOPD,01,16,02,No,16,,16:45,2025,Sunday,12,Motor Vehicle In Transport,05,On Roadway,7,,,,DOWER HOUSE RD,,06,Non-Junction,01,Daylight,4/13/2025,2025-04-13,N,8.3,F,N,,,C9277E04AD3C1536EFB78BFC234AFE5124D21B873A50AFC18D87BCBF6D6F0F0B,CO,01,No,,,,,01,Dry,,,,,,,,
Property Damage Crashes,CE41620071,Laurel Police Department,Rear To Side,Prince George's,,No,No,No,No,No,,270,MUNICIPAL ROAD,No,True,No,3/1/2025,No,Point,39.097573970,-76.856073020,LAUREL,05,16,03,No,12,,12:00,2025,Saturday,12,Motor Vehicle In Transport,05,On Roadway,,,,,FOURTH ST,,06,Non-Junction,01,Daylight,3/1/2025,2025-03-01,S,7.2,F,N,,,FF9D39F17C7E7BE1EA723FEE6D9023C5D37C2475E2C3A34B1A37E7D9118A5732,MU,01,No,,,,,01,Dry,,,,,,,,
Property Damage Crashes,HB03840007,Maryland-National Capital Park Police Prince George's County,Rear To Side,Prince George's,Local,No,No,No,No,No,CASKADILLA LN,6880,COUNTY ROAD,No,True,No,6/3/2025,No,Point,38.654077794,-77.028743772,PGPARK,05,16,03,No,15,,15:06,2025,Tuesday,12,Motor Vehicle In Transport,05,On Roadway,7,,,,,,06,Non-Junction,98,Other,6/3/2025,2025-06-03,W,46.28,F,N,,,D9808C7C0C32028C9AAF6D8B7357C196B49357BD32B05052876C578FAEAE59CF,CO,01,No,,,,,01,Dry,,,,,,,,
Property Damage Crashes,MSP7839002W,Maryland State Police,Single Vehicle,Prince George's,Principal Arterial – Other,No,No,No,No,No,CRAIN HWY (SB/L),301,UNITED STATE ROUTE,No,True,No,3/3/2025,No,Point,38.784905349,-76.793569616,MSP,101,16,03,No,15,,15:23,2025,Monday,41,Utility Pole/Light Support,09,Roadside,3,,,,,,06,Non-Junction,01,Daylight,3/3/2025,2025-03-03,E,25.58,F,N,,,BAAE47D8510D96FBE3F0AAE757437135605414BA82D4CD6EFEC56B70F7DB0194,US,01,No,,,,,01,Dry,,,,,,,,
Injury Crashes,DA27570040,Prince George's County Police,Front to Rear,Prince George's,Minor Arterial,No,Yes,No,No,No,OLD BRANCH AVE,3675,COUNTY ROAD,No,True,No,1/5/2025,No,Point,38.782217133,-76.898820181,PGCOPD,03,16,02,No,21,,21:05,2025,Sunday,12,Motor Vehicle In Transport,05,On Roadway,4,,,,COVENTRY WAY COVENTRY WAY (EB/L),,06,Non-Junction,03,Dark - Lighted,1/5/2025,2025-01-05,S,5.07,F,N,,,0465A715D2FD1148872B400E8FD9DB642336816BFB9E7B79C8C9D6FE2656427B,CO,01,No,,,,,01,Dry,,,,,,,,
Property Damage Crashes,DA3949008J,Prince George's County Police,Front to Rear,Prince George's,,No,No,No,No,Yes,,,,No,True,No,3/29/2025,No,Point,38.890927593,-76.854325960,PGCOPD,03,16,03,,1,,01:19,2025,Saturday,15,Parked Vehicle,02,In Parking Lane Or Zone,,,,,,,,,03,Dark - Lighted,3/29/2025,2025-03-29,,,F,N,102,Parking Lot Way,,,01,No,,,,,,,,,,,,,,
Property Damage Crashes,DA44300008,Prince George's County Police,"Sideswipe, Same Direction",Prince George's,Local,No,Yes,No,No,No,PENN CROSSING DR,5725,COUNTY ROAD,No,True,No,2/4/2025,No,Point,38.858413640,-76.908970033,PGCOPD,07,16,03,No,18,,18:50,2025,Tuesday,12,Motor Vehicle In Transport,09,Roadside,7,,,,,,10,"Other Location Not Listed Above Within an Interchange Area (median,
shoulder and roadside)",03,Dark - Lighted,2/4/2025,2025-02-04,E,23.14,F,N,,,77E33E3E036D3FD9D06D4178A74EBC2C57270253DF9255C64D60B12462B6C7B4,CO,01,No,,,,,01,Dry,,,,,,,,
Property Damage Crashes,BW02020037,Greenbelt Police Department,Angle,Prince George's,Local,No,No,No,No,No,GREENWAY CENTER DR,185,MUNICIPAL ROAD,No,True,No,5/14/2025,No,Point,38.991263887,-76.880253283,GREENBELT,01,16,03,No,10,,10:42,2025,Wednesday,12,Motor Vehicle In Transport,05,On Roadway,7,,,,,,09,Through Roadway,01,Daylight,5/14/2025,2025-05-14,N,14.21,F,N,,,B9D88F0090A801D5AC912551FA2415F0DC3869002072DFDA1F45B0E5280A0D8F,MU,01,No,,,,,09,Wet,,,,,,,,
Property Damage Crashes,DA44260014,Prince George's County Police,Other,Prince George's,Local,No,No,No,No,No,ASHWOOD DR,3957,COUNTY ROAD,No,True,No,5/3/2025,No,Point,38.885326721,-76.851458710,PGCOPD,98,16,03,Yes,11,04,11:47,2025,Saturday,12,Motor Vehicle In Transport,05,On Roadway,7,Perpendicular,,,HAMPTON OVERLOOK HAMPTON PARK BLVD,03,05,Intersection or Related,01,Daylight,5/3/2025,2025-05-03,W,0,F,N,,,3646DC3517F75E9CC5BA3762C30CF0044ACC1D9E4C9EC51FD7653021B065901B,CO,01,No,,,,,01,Dry,01,Signalized,,,,,,