Crash Severity Description,Reportnumber,Agencyname,CollisionImpact Description,Crash County Description,FunctionalClass Description,ImpairedCrash,Large Vehicle Involved,Motorcycle Crash,Non-Motorist Crash,OffRoad,RoadName,Route Number,RouteType Description,Unrestrained Occupants,WithinDateRange,Work Zone Related,Crashdate,Work Zone Crash,CrashPoint,Latitude,Longitude,AgencyCode,CollisionImpact,Crash County,Crash Severity,Crash Within Interchange,Crashhour,CrashInterchangeApproaches,Crashtime,CrashYear,Dayofweek,FirstHarmEvent,FirstHarmEvent Description,FirstHarmLocation,FirstHarmLocation Description,FunctionalClass,Geometry Description,GovPropertyDamage,GovPropertyDamage Description,IntersectingRoadName,Intersection Geometry,JunctionRelated,JunctionRelated Description,Light,Light Description,LOD Crash Date,LOD Date Level,MilepointDirection,MilepointDistance,MilepointUnits,NonTrafficFatal,OffroadLocation,OffroadLocation Description,RoadID,RouteType,SchoolBusRelated,SchoolBusRelated Description,SecondHarmEvent,SecondHarmEvent Description,SecondHarmLocation,SecondHarmLocation Description,Surface,Surface Description,TrafficControl,Trafficcontrol Description,WZLawEnforcementPresent,WZLocation,WZLocation Description,WZType,WZType Description,WZWorkersPresent
Injury Crashes,MSP7765007K,Maryland State Police,Front to Rear,Prince George's,Interstate,Yes,No,No,No,No,CAPITAL BELTWAY (SB/L),95,INTERSTATE ROUTE,No,True,No,4/13/2025,No,Point,38.911536167,-76.8503315,MSP,03,16,02,No,3,,03:12,2025,Sunday,12,Motor Vehicle In Transport,05,On Roadway,1,,,,,,09,Through Roadway,03,Dark - Lighted,4/13/2025,2025-04-13,N,56.2,F,N,,,7DBFE39B8B9EDBB9AC666007498B0616001D322D1F73A8A6BD34DEAFFC5D2EB1,IS,01,No,,,,,01,Dry,,,,,,,,
Property Damage Crashes,CC0279004L,Hyattsville Police Department,"Sideswipe, Same Direction",Prince George's,Major Collector,No,No,No,No,No,JEFFERSON ST,180,MUNICIPAL ROAD,No,True,No,5/26/2025,No,Point,38.953282312,-76.954783518,HYATTSVILLE,07,16,03,Yes,17,04,17:30,2025,Monday,12,Motor Vehicle In Transport,05,On Roadway,5,Perpendicular,,,38TH ST HAMILTON ST #1 HAMILTON ST (SB/L),03,05,Intersection or Related,01,Daylight,5/26/2025,2025-05-26,E,0,F,N,,,BD46FD5F42B6E749433DEFD04C7FFFA3C3B59B4D26696370DE35A652E9C42E03,MU,01,No,,,,,01,Dry,01,Signalized,,,,,,
Injury Crashes,DA401800CC,Prince George's County Police,Single Vehicle,Prince George's,,No,Yes,No,No,Yes,,,,No,True,Yes,3/31/2025,Yes,Point,38.930851862,-76.934896470,PGCOPD,101,16,02,,11,,11:50,2025,Monday,07,Overturn/Rollover,04,"Off-Roadway, Location Unknown",,,,,,,,,01,Daylight,3/31/2025,2025-03-31,,,F,N,100,Parking Stall,,,01,No,,,,,,,,,N,05,Termination Area,05,Other Type of Work Zone,No
Injury Crashes,CBPD00920048,Bowie Police Department,Front to Rear,Prince George's,Minor Arterial,No,No,No,No,No,COLLINGTON RD (SB/L),197,MARYLAND ROUTE,No,True,No,3/26/2025,No,Point,38.962430821,-76.751479923,BOWIE,03,16,02,No,16,,16:45,2025,Wednesday,12,Motor Vehicle In Transport,05,On Roadway,4,,,,,,06,Non-Junction,01,Daylight,3/26/2025,2025-03-26,S,28.7,F,N,,,75EF8D1F96288D28D7F092339F43DC2F268B7E3E793A79282C018CEE76A5C6C9,MD,01,No,,,,,01,Dry,,,,,,,,
Property Damage Crashes,MSP74160016,Maryland State Police,Single Vehicle,Prince George's,,Yes,No,No,No,No,,50,UNITED STATE ROUTE,No,True,No,3/14/2025,No,Point,38.955447412,-76.702239916,MSP,101,16,03,No,22,,22:31,2025,Friday,25,Concrete Traffic Barrier,09,Roadside,,,,,,,09,Through Roadway,04,Dark - Not Lighted,3/14/2025,2025-03-14,W,41.87,F,N,,,A2900740C21486A346E482A3AB60B741B728007A52BBF83ED8BDB1408FC47E74,US,01,No,,,,,01,Dry,,,,,,,,
Property Damage Crashes,RD01260044,Riverdale Park Police Department,Front to Front,Prince George's,,No,No,No,No,Yes,,,,No,True,No,3/17/2025,No,Point,38.964334628,-76.939571790,RIVERDALE,02,16,03,,20,,20:30,2025,Monday,12,Motor Vehicle In Transport,02,In Parking Lane Or Zone,,,,,,,,,03,Dark - Lighted,3/17/2025,2025-03-17,,,F,N,101,Parking Aisle,,,01,No,,,,,,,,,,,,,,
Property Damage Crashes,DJ0184001B,Seat Pleasant Police Department,Front to Rear,Prince George's,Minor Arterial,No,No,No,No,No,ADDISON RD,366,COUNTY ROAD,No,True,No,5/11/2025,No,Point,38.889199782,-76.898871917,SEATPLEASANT,03,16,03,No,18,,18:54,2025,Sunday,12,Motor Vehicle In Transport,05,On Roadway,4,,,,,,06,Non-Junction,01,Daylight,5/11/2025,2025-05-11,W,43.2,F,N,,,7F03019ECCFEDFD5E44BF2D3F9F584C093E3DC4CB946DF3916B2BF93C3E33C69,CO,01,No,,,,,01,Dry,,,,,,,,
Injury Crashes,MSP546601T5,Maryland State Police,Single Vehicle,Prince George's,Interstate,No,No,No,No,No,ANACOSTIA FREEWAY,295,INTERSTATE ROUTE,No,True,No,4/12/2025,No,Point,38.799859444,-77.019847598,MSP,101,16,02,Yes,18,,18:51,2025,Saturday,07,Overturn/Rollover,03,Median,1,,,,,,09,Through Roadway,01,Daylight,4/12/2025,2025-04-12,N,18.46,F,N,,,A5AFA06AA94C4AE38188B9B9F77B3ADE4C1860EFD4B1B0D0DE30ED28D1787B0D,IS,01,No,,,,,09,Wet,,,,,,,,
Property Damage Crashes,DA43750035,Prince George's County Police,Angle,Prince George's,Local,No,No,No,No,No,OLD SILVER HILL RD (WB/L),972,MARYLAND ROUTE,No,True,No,5/16/2025,No,Point,38.854012002,-76.908061017,PGCOPD,01,16,03,No,18,,18:00,2025,Friday,12,Motor Vehicle In Transport,05,On Roadway,7,,,,SILVER HILL RD (SB/L),,06,Non-Junction,01,Daylight,5/16/2025,2025-05-16,W,46.65,F,N,,,B860DC3BF1F42E92D764C4A8DC444EB75B100A88F1646F372C5546226F43E1CE,MD,01,No,,,,,09,Wet,,,,,,,,
Property Damage Crashes,CBPD0075004V,Bowie Police Department,"Sideswipe, Same Direction",Prince George's,,No,No,No,No,Yes,,,,No,True,No,5/14/2025,No,Point,38.982876261,-76.730002593,BOWIE,07,16,03,,13,,13:00,2025,Wednesday,12,Motor Vehicle In Transport,02,In Parking Lane Or Zone,,,,,,,,,01,Daylight,5/14/2025,2025-05-14,,,F,N,100,Parking Stall,,,01,No,,,,,,,,,,,,,,
Injury Crashes,DA373600DL,Prince George's County Police,"Sideswipe, Same Direction",Prince George's,Minor Arterial,No,No,No,No,No,INDIAN HEAD HWY (SB/L),210,MARYLAND ROUTE,No,True,No,5/26/2025,No,Point,38.805644469,-76.998879750,PGCOPD,07,16,02,No,1,,01:22,2025,Monday,12,Motor Vehicle In Transport,05,On Roadway,4,,,,,,09,Through Roadway,03,Dark - Lighted,5/26/2025,2025-05-26,S,22.2,F,N,,,B7169D3C426F8C20D10DD56011DDC64165172B4CD36159A04CD9C177C24B44E4,MD,01,No,,,,,01,Dry,,,,,,,,
Property Damage Crashes,DA44220011,Prince George's County Police,Angle,Prince George's,Local,No,No,No,No,No,KENNEDY ST,638,COUNTY ROAD,No,True,No,5/2/2025,No,Point,38.954543372,-76.921023,PGCOPD,01,16,03,No,18,,18:40,2025,Friday,15,Parked Vehicle,05,On Roadway,7,,,,,,09,Through Roadway,01,Daylight,5/2/2025,2025-05-02,N,62.33,F,N,,,EE4BAF8869AFD4DD8887E63B1D534903C711397D8DA8E01353D885F1C003A8C6,CO,01,No,,,,,01,Dry,,,,,,,,
Property Damage Crashes,DA32150057,Prince George's County Police,Angle,Prince George's,Principal Arterial – Other,No,No,No,No,No,MARTIN LUTHER KING JR HWY,704,MARYLAND ROUTE,No,True,No,4/14/2025,No,Point,38.935892364,-76.861490306,PGCOPD,01,16,03,No,22,,22:02,2025,Monday,12,Motor Vehicle In Transport,05,On Roadway,3,,,,,,06,Non-Junction,03,Dark - Lighted,4/14/2025,2025-04-14,S,6.08,F,N,,,2EAAE0323AA662F8E7E1C9E7B581717BCDAD4FE4DFDF1A01A7A190FE0DCC4841,MD,01,No,,,,,09,Wet,,,,,,,,
Property Damage Crashes,CC0271008H,Hyattsville Police Department,Front to Front,Prince George's,Minor Arterial,Yes,No,No,No,No,ADELPHI RD,232,COUNTY ROAD,Yes,True,No,5/3/2025,No,Point,38.967591781,-76.948933153,HYATTSVILLE,02,16,03,No,2,,02:08,2025,Saturday,12,Motor Vehicle In Transport,07,"On Shoulder, Right Side",4,,,,,,06,Non-Junction,03,Dark - Lighted,5/3/2025,2025-05-03,N,39.47,F,N,,,1805CA2664336CD8014236FE376DE483ABDF6D44E4FBB630D0A5B8641FFDB331,CO,01,No,,,,,01,Dry,,,,,,,,
Property Damage Crashes,MSP617100NN,Maryland State Police,"Sideswipe, Same Direction",Prince George's,Principal Arterial – Other Freeways and Expressways,No,No,No,No,No,JOHN HANSON HWY (WB/L),50,UNITED STATE ROUTE,No,True,No,3/27/2025,No,Point,38.932965186,-76.893932901,MSP,07,16,03,No,5,,05:20,2025,Thursday,12,Motor Vehicle In Transport,05,On Roadway,2,,101,State,,,06,Non-Junction,03,Dark - Lighted,3/27/2025,2025-03-27,W,10.28,F,N,,,5764F2393290058F291994FEF2E937B12DFB1236182B2E4D7328458971E4B866,US,01,No,32,Guardrail Face,03,Median,01,Dry,,,,,,,,
Property Damage Crashes,DA4356002Z,Prince George's County Police,Unknown,Prince George's,Local,No,No,No,No,No,RIDLEY ST,3794,COUNTY ROAD,No,True,No,2/16/2025,No,Point,38.864599658,-76.918524265,PGCOPD,99,16,03,No,4,,04:00,2025,Sunday,15,Parked Vehicle,09,Roadside,7,,,,,,06,Non-Junction,04,Dark - Not Lighted,2/16/2025,2025-02-16,S,9.16,F,N,,,2A6F38E624FE35D1A248CC7CF29AF69361ED5DB725A7612E5660608562B25804,CO,01,No,,,,,09,Wet,,,,,,,,
Property Damage Crashes,CBPD0048008C,Bowie Police Department,Single Vehicle,Prince George's,,No,No,No,No,No,MITCHELLVILLE RD (SB/L),73,COUNTY ROAD,No,True,No,1/20/2025,No,Point,38.915393209,-76.724760148,BOWIE,101,16,03,No,7,,07:05,2025,Monday,27,Curb,01,Gore,,,,,,,06,Non-Junction,01,Daylight,1/20/2025,2025-01-20,W,8.95,F,N,,,2C43DC00F90FAB2C1E8704106CCB0276DAC22ADB0F810EF47703B8CFCFFFC549,CO,01,No,29,Embankment,01,Gore,02,Ice/Frost,,,,,,,,
Injury Crashes,CNC31790041,New Carrollton Police Department,Angle,Prince George's,Interstate,No,No,No,No,No,CAPITAL BELTWAY,95,INTERSTATE ROUTE,No,True,No,5/26/2025,No,Point,38.959488186,-76.865968328,NCPD,01,16,02,No,22,,22:33,2025,Monday,12,Motor Vehicle In Transport,05,On Roadway,1,,,,ANNAPOLIS RD,,99,Unknown,03,Dark - Lighted,5/26/2025,2025-05-26,N,15.27,F,N,,,247C9095B6ED77758DD2E7E9CADBC02815C80EE0CE58B53CCD18BA1E0B0788A8,IS,01,No,,,,,01,Dry,,,,,,,,
Property Damage Crashes,CE5357000F,Laurel Police Department,Front to Rear,Prince George's,Minor Arterial,No,No,No,No,No,CHERRY LA (WB/L),83,MUNICIPAL ROAD,No,True,No,2/4/2025,No,Point,39.092982693,-76.864969497,LAUREL,03,16,03,No,13,04,13:38,2025,Tuesday,12,Motor Vehicle In Transport,05,On Roadway,4,Perpendicular,,,ASHFORD BLVD,03,05,Intersection or Related,01,Daylight,2/4/2025,2025-02-04,W,0,F,N,,,C7E4271311D1EC2D1080B6D5AB8BF8C722BB0759300A49DE80F561FE6BA33E67,MU,01,No,,,,,01,Dry,01,Signalized,,,,,,
Property Damage Crashes,DA4340003V,Prince George's County Police,"Sideswipe, Same Direction",Prince George's,Minor Arterial,No,No,No,No,No,,193,MARYLAND ROUTE,No,True,No,1/4/2025,No,Point,38.9344086,-76.8037706,PGCOPD,07,16,03,Yes,10,02,10:19,2025,Saturday,12,Motor Vehicle In Transport,99,Unknown,4,Angled/Skewed,,,DOGWOOD LA LOCUST DALE CT,01,05,Intersection or Related,01,Daylight,1/4/2025,2025-01-04,W,0,F,N,,,46C314F1678A8FE7D4F2EEC2758E907C80B89A4EF64AD9073373D7A00CA9EB76,MD,01,No,,,,,01,Dry,02,Stop - All Way,,,,,,
Property Damage Crashes,MSP69310151,Maryland State Police,Single Vehicle,Prince George's,Interstate,No,No,No,No,No,RAMP 8 FR IS 295 SB TO IS 95 LS,95,RAMP,No,True,No,5/20/2025,No,Point,38.799658794,-77.020211319,MSP,101,16,03,No,0,,00:44,2025,Tuesday,31,Guardrail End Terminal,09,Roadside,1,,101,State,,,06,Non-Junction,03,Dark - Lighted,5/20/2025,2025-05-20,W,26,F,N,,,2E4B09E26C258F6E5AED6AD8340DC974E3E8E5F2267EFA0B3B3925EDA81EF6E8,RP,01,No,28,Ditch,01,Gore,01,Dry,,,,,,,,
Property Damage Crashes,MSP617100PH,Maryland State Police,Front to Rear,Prince George's,Interstate,No,Yes,No,No,No,CAPITAL BELTWAY,95,INTERSTATE ROUTE,No,True,No,5/28/2025,No,Point,39.003459383,-76.895435824,MSP,03,16,03,No,13,,13:36,2025,Wednesday,12,Motor Vehicle In Transport,05,On Roadway,1,,,,,,06,Non-Junction,01,Daylight,5/28/2025,2025-05-28,N,61.52,F,N,,,143D16D3D4DA7604545407E5195E9A7A30817C139DD67A9C3FC674E737E89ECB,IS,01,No,,,,,09,Wet,,,,,,,,
Property Damage Crashes,CNC31850013,New Carrollton Police Department,"Sideswipe, Same Direction",Prince George's,Local,No,No,No,No,No,85TH AVE,433,MARYLAND ROUTE,No,True,No,3/30/2025,No,Point,38.957546828,-76.869204075,NCPD,07,16,03,No,21,,21:10,2025,Sunday,12,Motor Vehicle In Transport,05,On Roadway,7,,,,,,06,Non-Junction,03,Dark - Lighted,3/30/2025,2025-03-30,N,66.84,F,N,,,319FD87D1BE9C44F9063E5D634480D2608B398FB6710B1BBA86C0439A0027D1C,MD,01,No,,,,,01,Dry,,,,,,,,
Property Damage Crashes,DA4289003X,Prince George's County Police,Front to Front,Prince George's,Major Collector,No,No,No,No,No,PENNSY DR,2428,COUNTY ROAD,No,True,No,1/28/2025,No,Point,38.938889939,-76.875519675,PGCOPD,02,16,03,No,14,,14:35,2025,Tuesday,12,Motor Vehicle In Transport,05,On Roadway,5,,,,,,06,Non-Junction,01,Daylight,1/28/2025,2025-01-28,E,47.74,F,N,,,669AA7DC12C5E080DCD08C29B18F36BF41E16709C7FEC226849190A74BEE5BD0,CO,01,No,,,,,01,Dry,,,,,,,,
Property Damage Crashes,DA3988009X,Prince George's County Police,Front to Rear,Prince George's,Minor Arterial,No,No,No,No,No,ANNAPOLIS RD,450,MARYLAND ROUTE,No,True,No,1/24/2025,No,Point,38.960544755,-76.829209000,PGCOPD,03,16,03,No,22,,22:14,2025,Friday,12,Motor Vehicle In Transport,05,On Roadway,4,,,,,,10,"Other Location Not Listed Above Within an Interchange Area (median,
shoulder and roadside)",03,Dark - Lighted,1/24/2025,2025-01-24,W,31.11,F,N,,,0096D6D808AB6E961A67FBEDAE0294BD6B7DE06196D8D5264704905E11401E84,MD,01,No,,,,,01,Dry,,,,,,,,
Property Damage Crashes,MSP7875001K,Maryland State Police,"Sideswipe, Same Direction",Prince George's,Interstate,No,No,No,No,No,CAPITAL BELTWAY (SB LOCAL),95,INTERSTATE ROUTE,No,True,No,1/26/2025,No,Point,38.80654005,-76.99022525,MSP,07,16,03,No,16,,16:50,2025,Sunday,12,Motor Vehicle In Transport,05,On Roadway,1,,,,,,06,Non-Junction,01,Daylight,1/26/2025,2025-01-26,S,29.53,F,N,,,D076A3CBF12B1358C14F3209F0ECBE0F8A60931A743E58200417FEB527FAC622,IS,01,No,,,,,01,Dry,,,,,,,,
Injury Crashes,DA4428000N,Prince George's County Police,"Sideswipe, Same Direction",Prince George's,Principal Arterial – Other,No,No,No,No,No,ANNAPOLIS RD,450,MARYLAND ROUTE,No,True,No,3/13/2025,No,Point,38.956629065,-76.809424623,PGCOPD,07,16,02,No,8,,08:22,2025,Thursday,12,Motor Vehicle In Transport,05,On Roadway,3,,,,ATWELL AVE (NB/L),,09,Through Roadway,01,Daylight,3/13/2025,2025-03-13,E,36.47,F,N,,,AADC650F32E51644B976E9DED451F6379B18DA67640456366813ABD814BEB368,MD,01,No,12,Motor Vehicle In Transport,05,On Roadway,09,Wet,,,,,,,,
Property Damage Crashes,DA33030001,Prince George's County Police,"Sideswipe, Same Direction",Prince George's,Principal Arterial – Other,No,Yes,No,No,No,CRAIN HWY,301,UNITED STATE ROUTE,No,True,No,1/21/2025,No,Point,38.915813890,-76.717070730,PGCOPD,07,16,03,No,12,,12:30,2025,Tuesday,12,Motor Vehicle In Transport,05,On Roadway,3,,,,,,09,Through Roadway,01,Daylight,1/21/2025,2025-01-21,S,16.97,F,N,,,FE1741ECC726675FBE172508E7E6A989302896898A655A6F198C7BEA61CE54F0,US,01,No,,,,,01,Dry,,,,,,,,
Property Damage Crashes,BW01930017,Greenbelt Police Department,"Sideswipe, Same Direction",Prince George's,Local,No,No,No,No,No,CAPITOL DR,25,MUNICIPAL ROAD,No,True,No,1/20/2025,No,Point,38.996154271,-76.892945665,GREENBELT,07,16,03,Yes,17,,17:00,2025,Monday,12,Motor Vehicle In Transport,05,On Roadway,7,,,,,,04,Entrance/Exit Ramp or Related,01,Daylight,1/20/2025,2025-01-20,N,10.24,F,N,,,53AB03BF3F8D30039B6DAF763A14419BD0886E6CCFD4AAFA1A271CEAB3B4E630,MU,01,No,12,Motor Vehicle In Transport,05,On Roadway,01,Dry,,,,,,,,
Property Damage Crashes,DA43800036,Prince George's County Police,Single Vehicle,Prince George's,Principal Arterial – Other Freeways and Expressways,No,No,No,No,No,INDIAN HEAD HWY (SB/L),210,MARYLAND ROUTE,No,True,No,4/12/2025,No,Point,38.740529037,-76.991726436,PGCOPD,101,16,03,No,0,,00:12,2025,Saturday,32,Guardrail Face,06,"On Shoulder, Left Side",2,,,,,,01,Acceleration/Deceleration Lane,03,Dark - Lighted,4/12/2025,2025-04-12,N,35.9,F,N,,,7B44C75318FAD562855CB1D84FF74118C3D877618CCC491E31917C6DCE3DB7BC,MD,01,No,,,,,09,Wet,,,,,,,,
Property Damage Crashes,MSP745300CD,Maryland State Police,Front to Rear,Prince George's,Principal Arterial – Other,No,No,No,No,No,BALTIMORE AVE,1,UNITED STATE ROUTE,No,True,No,5/31/2025,No,Point,39.091169781,-76.857637086,MSP,03,16,03,No,19,,19:12,2025,Saturday,12,Motor Vehicle In Transport,05,On Roadway,3,,,,,,06,Non-Junction,01,Daylight,5/31/2025,2025-05-31,N,51.86,F,N,,,E206BBBCFF2A1B9C4303D5C2D0015949F27BBA75FC6718C8B76D010D7667D7CA,US,01,No,,,,,01,Dry,,,,,,,,
Property Damage Crashes,DA3476004X,Prince George's County Police,Front to Front,Prince George's,Principal Arterial – Other,No,No,No,No,No,,1,UNITED STATE ROUTE,No,True,No,5/14/2025,No,Point,39.011667075,-76.928375911,PGCOPD,02,16,03,No,21,,21:46,2025,Wednesday,12,Motor Vehicle In Transport,05,On Roadway,3,,,,,,09,Through Roadway,03,Dark - Lighted,5/14/2025,2025-05-14,N,41.86,F,N,,,8E8F0C53145DFFAAD31F66BF2D083F5DE6380C5B74383178A19BFB5531D4CBE8,US,01,No,,,,,01,Dry,,,,,,,,
Property Damage Crashes,DA409900FJ,Prince George's County Police,"Sideswipe, Same Direction",Prince George's,Local,No,No,No,No,No,RAY RD,965,COUNTY ROAD,No,True,No,5/25/2025,No,Point,38.966480435,-76.987998264,PGCOPD,07,16,03,No,0,,00:57,2025,Sunday,15,Parked Vehicle,05,On Roadway,7,,,,,,09,Through Roadway,03,Dark - Lighted,5/25/2025,2025-05-25,S,9.99,F,N,,,E69921A23BE91ADCDCA94834B8367C777A68D8082815884A8849834C8B567D11,CO,01,No,,,,,01,Dry,,,,,,,,
Property Damage Crashes,DA3319000P,Prince George's County Police,Rear To Side,Prince George's,,No,No,Yes,No,No,,2599,PRIVATE ROAD,No,True,No,2/13/2025,No,Point,38.953083544,-76.921031703,PGCOPD,05,16,03,No,17,,17:00,2025,Thursday,12,Motor Vehicle In Transport,02,In Parking Lane Or Zone,,,,,,,06,Non-Junction,01,Daylight,2/13/2025,2025-02-13,N,54.83,F,N,,,523B87E5BFDA9DC5BC9030E0C5605B1DD63722544D327CA00A4982D75D54935F,PV,01,No,,,,,01,Dry,,,,,,,,
Property Damage Crashes,DA40400084,Prince George's County Police,Other,Prince George's,Principal Arterial – Other,No,No,No,No,No,CENTRAL AVE (WB/L),214,MARYLAND ROUTE,No,True,No,3/28/2025,No,Point,38.899280574,-76.797178520,PGCOPD,98,16,03,No,18,,18:39,2025,Friday,12,Motor Vehicle In Transport,05,On Roadway,3,,,,,,06,Non-Junction,01,Daylight,3/28/2025,2025-03-28,E,42.73,F,N,,,8ABD5D9FFC2C6435C4F7E196CC004461C50B59421B0999D91F4A842C2422EAE9,MD,01,No,12,Motor Vehicle In Transport,05,On Roadway,01,Dry,,,,,,,,
Property Damage Crashes,RD0135000F,Riverdale Park Police Department,Unknown,Prince George's,Principal Arterial – Other,No,No,No,No,No,,1,UNITED STATE ROUTE,No,True,No,4/15/2025,No,Point,38.964589701,-76.939018792,RIVERDALE,99,16,03,No,15,,15:20,2025,Tuesday,36,"Other Post, Pole, Or Support",99,Unknown,3,,101,State,EAST WEST HWY,,06,Non-Junction,01,Daylight,4/15/2025,2025-04-15,W,21.03,F,N,,,CCB9D28FEE704EC295E1C2814CDFFA051F24309BD470A459DD2DE1F092281EFA,US,01,No,,,,,01,Dry,,,,,,,,
Property Damage Crashes,DA43010041,Prince George's County Police,Single Vehicle,Prince George's,Minor Collector,No,No,No,No,No,FORT FOOTE RD,88,COUNTY ROAD,No,True,No,5/16/2025,No,Point,38.755884480,-77.014897628,PGCOPD,101,16,03,No,17,,17:49,2025,Friday,40,Tree (standing),05,On Roadway,6,,,,,,06,Non-Junction,01,Daylight,5/16/2025,2025-05-16,N,1273.57,F,N,,,723EBDBB625AABFC399723C5651622F52EF7099E9F2EACB702201DDD6AB89E49,CO,01,No,,,,,01,Dry,,,,,,,,
Property Damage Crashes,MSP7875003L,Maryland State Police,Front to Rear,Prince George's,Principal Arterial – Other Freeways and Expressways,No,No,No,No,No,PENNSYLVANIA AVE,4,MARYLAND ROUTE,No,True,No,4/28/2025,No,Point,38.81473595,-76.8269595,MSP,03,16,03,No,8,,08:11,2025,Monday,12,Motor Vehicle In Transport,05,On Roadway,2,,,,,,06,Non-Junction,01,Daylight,4/28/2025,2025-04-28,W,24.73,F,N,,,4E5B40EA6C8ED41ED0A113AB0FEFE87F00CCEA732F96FC64F353E3D3D174DD34,MD,01,No,,,,,01,Dry,,,,,,,,
Property Damage Crashes,DA3428006W,Prince George's County Police,Front to Rear,Prince George's,Minor Arterial,No,No,No,No,No,WOODYARD RD,223,MARYLAND ROUTE,No,True,No,4/28/2025,No,Point,38.782275352,-76.851447852,PGCOPD,03,16,03,No,6,,06:09,2025,Monday,12,Motor Vehicle In Transport,05,On Roadway,4,,,,,,06,Non-Junction,100,Dawn,4/28/2025,2025-04-28,S,61.03,F,N,,,0456FB68F8B7B4128CDFE3B004621135CB07AAF9A89436176E8EF3A6BC2CD7A0,MD,01,No,,,,,01,Dry,,,,,,,,
Property Damage Crashes,MSP62000024,Maryland State Police,Front to Rear,Prince George's,Interstate,No,No,No,No,No,CAPITAL BELTWAY (SB LOCAL),95,INTERSTATE ROUTE,No,True,No,2/23/2025,No,Point,38.791346093,-77.030764053,MSP,03,16,03,No,15,,15:11,2025,Sunday,12,Motor Vehicle In Transport,05,On Roadway,1,,,,,,06,Non-Junction,01,Daylight,2/23/2025,2025-02-23,N,616.77,F,N,,,976E648705345CECD7DD1E9520CC636E71AB8A745115610AB8F64ECD0D74EBB1,IS,01,No,,,,,01,Dry,,,,,,,,
Property Damage Crashes,DA4313003H,Prince George's County Police,Single Vehicle,Prince George's,Major Collector,No,No,No,No,No,OLD SILVER HILL RD (WB/L),414,MARYLAND ROUTE,No,True,No,4/16/2025,No,Point,38.842192864,-76.947134359,PGCOPD,101,16,03,No,13,,13:30,2025,Wednesday,36,"Other Post, Pole, Or Support",05,On Roadway,5,,,,,,09,Through Roadway,01,Daylight,4/16/2025,2025-04-16,S,6.52,F,N,,,99BC74DF3CD10505BA8E8260BDD362784270663C42E5FD72C3B38DA7147BB6B9,MD,01,No,,,,,01,Dry,,,,,,,,
Injury Crashes,GK0036000D,Upper Marlboro Police Department,Rear To Side,Prince George's,Minor Arterial,No,Yes,No,No,No,OLD MARLBORO PIKE,4024,COUNTY ROAD,No,True,No,2/19/2025,No,Point,38.815652627,-76.777782988,UMARLBORO,05,16,02,Yes,15,,15:05,2025,Wednesday,12,Motor Vehicle In Transport,05,On Roadway,4,,,,,,02,Crossover-Related,01,Daylight,2/19/2025,2025-02-19,S,7.53,F,N,,,0CC25038C7825ED306B45B16994D3782062D146E4ECFF03C5782D5C41263E860,CO,01,No,12,Motor Vehicle In Transport,05,On Roadway,07,Snow,,,,,,,,
Property Damage Crashes,DA42490071,Prince George's County Police,Single Vehicle,Prince George's,Interstate,No,No,No,No,No,CAPITAL BELTWAY,95,INTERSTATE ROUTE,No,True,No,5/4/2025,No,Point,38.867625324,-76.843947329,PGCOPD,101,16,03,No,0,,00:56,2025,Sunday,35,"Other Fixed Object (wall, building, tunnel, etc.)",05,On Roadway,1,,101,State,,,06,Non-Junction,04,Dark - Not Lighted,5/4/2025,2025-05-04,N,529.93,F,N,,,77E045D8378EC3D58567617D7A7D028640E272C7213040A982016027F0F9A9EF,IS,01,No,,,,,09,Wet,,,,,,,,
Property Damage Crashes,DA3330004P,Prince George's County Police,Other,Prince George's,Major Collector,No,No,No,No,No,38TH ST,208,MARYLAND ROUTE,No,True,No,4/11/2025,No,Point,38.937705250,-76.954348713,PGCOPD,98,16,03,No,22,,22:35,2025,Friday,12,Motor Vehicle In Transport,05,On Roadway,5,,,,,,02,Crossover-Related,03,Dark - Lighted,4/11/2025,2025-04-11,N,10.09,F,N,,,3796112903492FC31402919DF1F508FC94DF38B5570611A24F58124003B5D3F4,MD,01,No,,,,,09,Wet,,,,,,,,
Property Damage Crashes,DA4418001C,Prince George's County Police,Front to Rear,Prince George's,Local,No,No,No,No,No,LAMONT DR,3728,COUNTY ROAD,No,True,No,5/17/2025,No,Point,38.975314,-76.882626,PGCOPD,03,16,03,No,21,,21:36,2025,Saturday,12,Motor Vehicle In Transport,05,On Roadway,7,,,,,,09,Through Roadway,03,Dark - Lighted,5/17/2025,2025-05-17,E,34.96,F,N,,,D1D66342D7B0F7702EC839A0780E2B47EBE465F1AD7B5AD5AA374E6ADE97200B,CO,01,No,,,,,01,Dry,,,,,,,,
Property Damage Crashes,DA4131007V,Prince George's County Police,Front to Rear,Prince George's,,No,No,No,No,Yes,,,,No,True,No,5/27/2025,No,Point,38.931032736,-76.878443868,PGCOPD,03,16,03,,12,,12:24,2025,Tuesday,15,Parked Vehicle,99,Unknown,,,,,,,,,01,Daylight,5/27/2025,2025-05-27,,,F,N,102,Parking Lot Way,,,01,No,,,,,,,,,,,,,,