Crash Severity Description,Reportnumber,Agencyname,CollisionImpact Description,Crash County Description,FunctionalClass Description,ImpairedCrash,Large Vehicle Involved,Motorcycle Crash,Non-Motorist Crash,OffRoad,RoadName,Route Number,RouteType Description,Unrestrained Occupants,WithinDateRange,Work Zone Related,Crashdate,Work Zone Crash,CrashPoint,Latitude,Longitude,AgencyCode,CollisionImpact,Crash County,Crash Severity,Crash Within Interchange,Crashhour,CrashInterchangeApproaches,Crashtime,CrashYear,Dayofweek,FirstHarmEvent,FirstHarmEvent Description,FirstHarmLocation,FirstHarmLocation Description,FunctionalClass,Geometry Description,GovPropertyDamage,GovPropertyDamage Description,IntersectingRoadName,Intersection Geometry,JunctionRelated,JunctionRelated Description,Light,Light Description,LOD Crash Date,LOD Date Level,MilepointDirection,MilepointDistance,MilepointUnits,NonTrafficFatal,OffroadLocation,OffroadLocation Description,RoadID,RouteType,SchoolBusRelated,SchoolBusRelated Description,SecondHarmEvent,SecondHarmEvent Description,SecondHarmLocation,SecondHarmLocation Description,Surface,Surface Description,TrafficControl,Trafficcontrol Description,WZLawEnforcementPresent,WZLocation,WZLocation Description,WZType,WZType Description,WZWorkersPresent
Injury Crashes,DA351500CY,Prince George's County Police,Front to Front,Prince George's,Principal Arterial – Other,No,No,No,No,No,MARTIN LUTHER KING JR HWY (WB/L),704,MARYLAND ROUTE,No,True,No,2/16/2025,No,Point,38.955985671,-76.824714119,PGCOPD,02,16,02,No,1,,01:30,2025,Sunday,12,Motor Vehicle In Transport,05,On Roadway,3,,,,,,06,Non-Junction,03,Dark - Lighted,2/16/2025,2025-02-16,W,19.93,F,N,,,674E1F0840B6C9295B469911AF0B59CCAD3D350656633970A4F99BDFAFEA1FC3,MD,01,No,15,Parked Vehicle,02,In Parking Lane Or Zone,09,Wet,,,,,,,,
Fatal Crashes,MSP585801FH,Maryland State Police,Front to Front,Prince George's,Interstate,Yes,Yes,No,No,No,CAPITAL BELTWAY (SB/L),95,INTERSTATE ROUTE,No,True,No,2/7/2025,No,Point,38.794157373,-77.019093352,MSP,02,16,01,No,14,,14:03,2025,Friday,15,Parked Vehicle,09,Roadside,1,,,,,,02,Crossover-Related,01,Daylight,2/7/2025,2025-02-07,N,56.26,F,Y,,,1173EB68AFB5A3C479B92C38D8A147414345179A1AE6AEB2E5687BE43E0F712C,IS,01,No,03,Explosion Or Fire,09,Roadside,01,Dry,,,,,,,,
Injury Crashes,DA44140007,Prince George's County Police,Front to Rear,Prince George's,Principal Arterial – Other Freeways and Expressways,No,No,No,No,No,INDIAN HEAD HWY (SB/L),210,MARYLAND ROUTE,No,True,No,2/8/2025,No,Point,38.766254451,-76.994232656,PGCOPD,03,16,02,No,20,,20:10,2025,Saturday,12,Motor Vehicle In Transport,05,On Roadway,2,,,,,,06,Non-Junction,04,Dark - Not Lighted,2/8/2025,2025-02-08,N,145.15,F,N,,,6DEAECA70FAD0FD187F3A22CBB478DDB657190F13756B0FEB19C988B7DCF1460,MD,01,No,,,,,09,Wet,,,,,,,,
Injury Crashes,AZ1730002P,Cheverly Police Department,Front to Front,Prince George's,Major Collector,No,No,No,No,No,57TH AVE,258,COUNTY ROAD,No,True,No,4/8/2025,No,Point,38.936467744,-76.919856762,CHEVERLY,02,16,02,No,8,04,08:55,2025,Tuesday,12,Motor Vehicle In Transport,05,On Roadway,5,Perpendicular,,,LANDOVER RD,03,05,Intersection or Related,01,Daylight,4/8/2025,2025-04-08,S,0,F,N,,,D221A3634A69C4C6F7409666A44BF27ADE337FA123AE6E5CCCCCCDB865CB6570,CO,01,No,,,,,01,Dry,01,Signalized,,,,,,
Injury Crashes,DA423700CR,Prince George's County Police,Front to Rear,Prince George's,Minor Arterial,No,No,No,No,No,RIGGS RD,212,MARYLAND ROUTE,No,True,No,1/10/2025,No,Point,38.961914860,-76.994765965,PGCOPD,03,16,02,No,19,,19:56,2025,Friday,12,Motor Vehicle In Transport,05,On Roadway,4,,,,,,09,Through Roadway,03,Dark - Lighted,1/10/2025,2025-01-10,N,39.01,F,N,,,EABBB973F72BC729979C5CEFDC9205E2F91A2E515CF10C81D2FB683A55CA2D2A,MD,01,No,12,Motor Vehicle In Transport,05,On Roadway,09,Wet,,,,,,,,
Injury Crashes,AM0342008J,Bladensburg Police Department,Single Vehicle,Prince George's,Local,No,No,No,No,No,UPSHUR ST,150,MUNICIPAL ROAD,No,True,No,5/19/2025,No,Point,38.942496899,-76.935670577,BLADENSBURG,101,16,02,No,12,,12:02,2025,Monday,07,Overturn/Rollover,05,On Roadway,7,,,,,,06,Non-Junction,01,Daylight,5/19/2025,2025-05-19,E,24.56,F,N,,,173092D7EF252586E4641684FCAD4F4F0EBAAFC73B1DC6F97AB74F18AAFDBE22,MU,01,No,,,,,01,Dry,,,,,,,,
Property Damage Crashes,BW02110015,Greenbelt Police Department,Other,Prince George's,,No,No,No,No,Yes,,,,No,True,No,3/13/2025,No,Point,38.994742,-76.874122,GREENBELT,98,16,03,,11,,11:30,2025,Thursday,12,Motor Vehicle In Transport,02,In Parking Lane Or Zone,,,,,,,,,01,Daylight,3/13/2025,2025-03-13,,,F,N,102,Parking Lot Way,,,01,No,12,Motor Vehicle In Transport,02,In Parking Lane Or Zone,,,,,,,,,,
Property Damage Crashes,DA401800CH,Prince George's County Police,Single Vehicle,Prince George's,Major Collector,No,Yes,No,No,No,KENILWORTH AVE,459,MARYLAND ROUTE,Yes,True,No,5/18/2025,No,Point,38.922740650,-76.930288058,PGCOPD,101,16,03,No,4,,04:40,2025,Sunday,101,Units Separated,07,"On Shoulder, Right Side",5,,,,,,06,Non-Junction,05,Dark - Unknown Lighting,5/18/2025,2025-05-18,S,11.04,F,N,,,7DC9CF46BFC75775E6B722707A7C5CA654E0A15F1629A629692FE62D85F20EFA,MD,01,No,,,,,01,Dry,,,,,,,,
Property Damage Crashes,DA418800FY,Prince George's County Police,Rear To Rear,Prince George's,,No,No,No,No,Yes,,,,Yes,True,No,3/8/2025,No,Point,38.938584191,-76.923967863,PGCOPD,04,16,03,,14,,14:22,2025,Saturday,12,Motor Vehicle In Transport,02,In Parking Lane Or Zone,,,,,,,,,01,Daylight,3/8/2025,2025-03-08,,,F,N,102,Parking Lot Way,,,01,No,,,,,,,,,,,,,,
Property Damage Crashes,MSP745300B0,Maryland State Police,Front to Rear,Prince George's,Interstate,No,No,No,No,No,RAMP 1 FR IS 95 NB TO MD 450 WB,95,RAMP,No,True,No,4/10/2025,No,Point,38.960647817,-76.864876667,MSP,03,16,03,No,17,,17:42,2025,Thursday,12,Motor Vehicle In Transport,05,On Roadway,1,,,,,,06,Non-Junction,01,Daylight,4/10/2025,2025-04-10,S,9.8,F,N,,,1B1581416A3420319F90A4A40C29930A171C8987C6D8CFFEEDBA39303CD4EA95,RP,01,No,,,,,01,Dry,,,,,,,,
Injury Crashes,MSP7776004T,Maryland State Police,Front to Rear,Prince George's,Principal Arterial – Other,No,No,No,No,No,CRAIN HWY (SB/L),3,MARYLAND ROUTE,No,True,No,2/18/2025,No,Point,38.986047261,-76.708694630,MSP,03,16,02,No,5,,05:26,2025,Tuesday,12,Motor Vehicle In Transport,05,On Roadway,3,,,,,,06,Non-Junction,04,Dark - Not Lighted,2/18/2025,2025-02-18,N,13.71,F,N,,,9B0F9C59DE5C68D0833B595BFD3707024DB780228F5E297B26D1423154E7FFBF,MD,01,No,,,,,01,Dry,,,,,,,,
Property Damage Crashes,MSP585801J8,Maryland State Police,Front to Front,Prince George's,Principal Arterial – Other,No,No,No,No,No,CENTRAL AVE,214,MARYLAND ROUTE,No,True,No,5/28/2025,No,Point,38.898932040,-76.822968955,MSP,02,16,03,Yes,4,,04:57,2025,Wednesday,12,Motor Vehicle In Transport,05,On Roadway,3,,101,State,,,09,Through Roadway,04,Dark - Not Lighted,5/28/2025,2025-05-28,E,43.31,F,N,,,822C0DC30748DE5C179EFF35E47D03A005652909D21124D52B193D3DB0E71733,MD,01,No,25,Concrete Traffic Barrier,03,Median,09,Wet,,,,,,,,
Property Damage Crashes,DA31660011,Prince George's County Police,"Sideswipe, Same Direction",Prince George's,Major Collector,No,No,No,No,No,SURRATTS RD,130,COUNTY ROAD,No,True,Yes,4/8/2025,Yes,Point,38.750512576,-76.879697130,PGCOPD,07,16,03,Yes,12,02,12:01,2025,Tuesday,12,Motor Vehicle In Transport,05,On Roadway,5,Perpendicular,,,BRANCH AVE (SB/L),03,05,Intersection or Related,01,Daylight,4/8/2025,2025-04-08,S,0,F,N,,,8B779521C4E8C30CFBBE5B47C0A22D4A1E1474B861057D66C1FBD0F49ABE7DD9,CO,01,No,97,Not Applicable,,,01,Dry,01,Signalized,N,01,Before the First Work Zone Warning Sign,01,Lane Closure,No
Property Damage Crashes,DA394600CZ,Prince George's County Police,Single Vehicle,Prince George's,,No,No,No,Yes,No,,1136,PRIVATE ROAD,No,True,No,3/20/2025,No,Point,38.966598919,-76.987387006,PGCOPD,101,16,03,No,20,,20:30,2025,Thursday,16,Pedalcycle,04,"Off-Roadway, Location Unknown",,,,,,,06,Non-Junction,03,Dark - Lighted,3/20/2025,2025-03-20,N,14.46,F,N,,,4BF00650B8A6C195AE97E27F63F436AFC7C2EF2EABB674FFD9AD071648079941,PV,01,No,,,,,01,Dry,,,,,,,,
Injury Crashes,CC0294002B,Hyattsville Police Department,Front to Front,Prince George's,Minor Arterial,No,No,No,No,No,40TH PL,9403,MUNICIPAL ROAD,Yes,True,No,1/11/2025,No,Point,38.950902605,-76.948127191,HYATTSVILLE,02,16,02,No,23,,23:10,2025,Saturday,12,Motor Vehicle In Transport,05,On Roadway,4,,,,,,99,Unknown,03,Dark - Lighted,1/11/2025,2025-01-11,N,15.82,F,N,,,46AA9C36FD7B61870B96A756567427DB7EEC17CDE6E6EEC13C526D8E2A9108C6,MU,01,No,12,Motor Vehicle In Transport,05,On Roadway,09,Wet,,,,,,,,
Property Damage Crashes,CC0279004G,Hyattsville Police Department,Rear To Side,Prince George's,,No,No,No,No,Yes,,,,No,True,No,5/16/2025,No,Point,38.956031,-76.962201,HYATTSVILLE,05,16,03,,20,,20:58,2025,Friday,12,Motor Vehicle In Transport,02,In Parking Lane Or Zone,,,,,,,,,03,Dark - Lighted,5/16/2025,2025-05-16,,,F,N,101,Parking Aisle,,,01,No,,,,,,,,,,,,,,
Injury Crashes,DA3834006W,Prince George's County Police,Front to Rear,Prince George's,Principal Arterial – Other Freeways and Expressways,No,No,No,No,No,INDIAN HEAD HWY,210,MARYLAND ROUTE,No,True,No,4/8/2025,No,Point,38.758361869,-76.993452874,PGCOPD,03,16,02,No,14,,14:30,2025,Tuesday,12,Motor Vehicle In Transport,05,On Roadway,2,,,,,,06,Non-Junction,01,Daylight,4/8/2025,2025-04-08,N,34.67,F,N,,,23FE37D1DEA4DFAFC9B05D0B54D935A6B7317D0AA3A5E49CFAA6060BF4EA558C,MD,01,No,97,Not Applicable,,,01,Dry,,,,,,,,
Property Damage Crashes,DA4396001D,Prince George's County Police,Angle,Prince George's,Major Collector,No,No,No,No,No,CHILLUM RD (WB/L),501,MARYLAND ROUTE,No,True,No,3/5/2025,No,Point,38.962128664,-76.994013332,PGCOPD,01,16,03,No,15,04,15:20,2025,Wednesday,12,Motor Vehicle In Transport,05,On Roadway,5,Angled/Skewed,,,RIGGS RD,01,05,Intersection or Related,01,Daylight,3/5/2025,2025-03-05,W,0,F,N,,,DC1AA68D24DAD8827AFFC9E747ECD60BECD363B62C2D706E012ABF37C3590FCD,MD,01,No,,,,,09,Wet,01,Signalized,,,,,,
Property Damage Crashes,CNC31830021,New Carrollton Police Department,Front to Rear,Prince George's,Minor Arterial,No,No,No,No,No,ANNAPOLIS RD (WB/L),450,MARYLAND ROUTE,No,True,No,1/11/2025,No,Point,38.958392104,-76.868353857,NCPD,03,16,03,No,17,,17:46,2025,Saturday,12,Motor Vehicle In Transport,05,On Roadway,4,,,,,,09,Through Roadway,03,Dark - Lighted,1/11/2025,2025-01-11,S,8.54,F,N,,,863B3B978B77A2C9B53EDDEA920CEBB256A321115398623FA88C36864BCA0344,MD,01,No,,,,,01,Dry,,,,,,,,
Property Damage Crashes,MSP7787005M,Maryland State Police,Single Vehicle,Prince George's,Interstate,No,No,No,No,No,RAMP 10 FR IS 495 EB TO IS 95 SB,95,RAMP,No,True,No,3/11/2025,No,Point,39.021418067,-76.941384516,MSP,101,16,03,No,22,,22:30,2025,Tuesday,25,Concrete Traffic Barrier,09,Roadside,1,,101,State,,,06,Non-Junction,04,Dark - Not Lighted,3/11/2025,2025-03-11,W,68.19,F,N,,,7D1A7A23190FC8BBAFE0190E12EFDDBE6A13A32561A956C018BDD3735E976D86,RP,01,No,,,,,01,Dry,,,,,,,,
Injury Crashes,MSP6931014L,Maryland State Police,Angle,Prince George's,Principal Arterial – Other,No,No,No,No,No,CENTRAL AVE (WB/L),214,MARYLAND ROUTE,No,True,No,4/27/2025,No,Point,38.897933333,-76.807563333,MSP,01,16,02,No,22,04,22:40,2025,Sunday,12,Motor Vehicle In Transport,05,On Roadway,3,Perpendicular,,,LAKE ARBOR WAY,03,05,Intersection or Related,03,Dark - Lighted,4/27/2025,2025-04-27,S,0,F,N,,,BD67474160B34114E845F4BA5A702350A54678DF00CEBDA48AF175308DD55BC3,MD,01,No,,,,,01,Dry,01,Signalized,,,,,,
Property Damage Crashes,CBPD0117007G,Bowie Police Department,"Sideswipe, Same Direction",Prince George's,Principal Arterial – Other,No,No,No,No,No,ANNAPOLIS RD (WB/L),450,MARYLAND ROUTE,No,True,No,2/19/2025,No,Point,38.978595635,-76.738182772,BOWIE,07,16,03,No,23,,23:12,2025,Wednesday,12,Motor Vehicle In Transport,05,On Roadway,3,,,,,,06,Non-Junction,04,Dark - Not Lighted,2/19/2025,2025-02-19,S,12.38,F,N,,,945769B436B0BEE94E7F01DDB5521A26AF5B0D66C3934AC4FB6BAF5C2773192B,MD,01,No,,,,,01,Dry,,,,,,,,
Property Damage Crashes,DA3437004H,Prince George's County Police,Front to Front,Prince George's,Minor Arterial,No,No,No,No,No,PISCATAWAY RD,223,MARYLAND ROUTE,No,True,No,1/10/2025,No,Point,38.764490610,-76.902534406,PGCOPD,02,16,03,No,13,,13:35,2025,Friday,12,Motor Vehicle In Transport,05,On Roadway,4,,,,,,06,Non-Junction,01,Daylight,1/10/2025,2025-01-10,N,37.9,F,N,,,01EA4BAD902F9809579C96602E8650CAF4E260B33F75661AF379DBCD6CFBE431,MD,01,No,,,,,01,Dry,,,,,,,,
Property Damage Crashes,MSP0568005S,Maryland State Police,Front to Rear,Prince George's,Interstate,No,Yes,No,No,No,CAPITAL BELTWAY (SB/L),95,INTERSTATE ROUTE,No,True,No,5/8/2025,No,Point,38.819280648,-76.928525155,MSP,03,16,03,No,16,,16:20,2025,Thursday,12,Motor Vehicle In Transport,05,On Roadway,1,,,,,,09,Through Roadway,01,Daylight,5/8/2025,2025-05-08,N,63.56,F,N,,,7FF0067C235A3FCBF9B3D7B16CCC8A093F7671DD8ED426BE5809C953EC76EC29,IS,01,No,,,,,01,Dry,,,,,,,,
Property Damage Crashes,MSP745800NV,Maryland State Police,Single Vehicle,Prince George's,Principal Arterial – Other,No,No,No,No,No,CRAIN HWY (SB/L),3,MARYLAND ROUTE,No,True,No,1/16/2025,No,Point,38.970876667,-76.716466667,MSP,101,16,03,No,9,,09:57,2025,Thursday,09,Animal (live),05,On Roadway,3,,,,,,01,Acceleration/Deceleration Lane,01,Daylight,1/16/2025,2025-01-16,E,22.17,F,N,,,5047FA2A57CEBD70B2C9EF05198FE2CE1747F563F17005F62B7F75C39ADE2A74,MD,01,No,,,,,01,Dry,,,,,,,,
Property Damage Crashes,DA43400048,Prince George's County Police,Single Vehicle,Prince George's,,No,No,No,No,No,GOOD LUCK RD (WB/L),42,COUNTY ROAD,No,True,No,3/28/2025,No,Point,38.984992903,-76.839973961,PGCOPD,101,16,03,No,17,,17:20,2025,Friday,27,Curb,09,Roadside,,,,,,,99,Unknown,01,Daylight,3/28/2025,2025-03-28,E,44.03,F,N,,,0C2DEED0172393810A1E31D1E0D72E0EF04B9871B333EA5D24A0B68A73C323A2,CO,01,No,,,,,01,Dry,,,,,,,,
Injury Crashes,MSP7843002F,Maryland State Police,Single Vehicle,Prince George's,Interstate,No,No,No,No,No,CAPITAL BELTWAY,95,INTERSTATE ROUTE,No,True,No,4/5/2025,No,Point,38.988599187,-76.883160732,MSP,101,16,02,Yes,2,,02:13,2025,Saturday,31,Guardrail End Terminal,10,Separator/Traffic Island,1,,,,,,04,Entrance/Exit Ramp or Related,04,Dark - Not Lighted,4/5/2025,2025-04-05,S,25.45,F,N,,,ED8AEF236303CC458C95460F9F06C9B402D48106ACD85705612599439629F3BD,IS,01,No,,,,,01,Dry,,,,,,,,
Injury Crashes,DA3002006S,Prince George's County Police,Single Vehicle,Prince George's,,No,No,No,No,No,,182,BIKE ROUTE,No,True,No,1/30/2025,No,Point,38.923799668,-76.837640296,PGCOPD,101,16,02,No,16,,16:24,2025,Thursday,27,Curb,09,Roadside,,,,,,,06,Non-Junction,01,Daylight,1/30/2025,2025-01-30,N,25.12,F,N,,,85BC78F8B8E48C6573BF5C0BB945B60EB960801E1E43FF5CAFD4A72DE6DF3AA7,BK,01,No,40,Tree (standing),04,"Off-Roadway, Location Unknown",01,Dry,,,,,,,,
Property Damage Crashes,MSP744700PL,Maryland State Police,Single Vehicle,Prince George's,Interstate,No,No,No,No,No,CAPITAL BELTWAY,95,INTERSTATE ROUTE,No,True,No,5/26/2025,No,Point,38.818150899,-76.941506044,MSP,101,16,03,No,7,,07:33,2025,Monday,32,Guardrail Face,09,Roadside,1,,101,State,,,06,Non-Junction,01,Daylight,5/26/2025,2025-05-26,S,125.07,F,N,,,B19186F92BF15498F850CD4237B31FBBDB812511DCDC64D48944166CA0616E14,IS,01,No,,,,,01,Dry,,,,,,,,
Injury Crashes,MSP743900MZ,Maryland State Police,Single Vehicle,Prince George's,Principal Arterial – Other,No,No,No,Yes,No,BALTIMORE AVE,1,UNITED STATE ROUTE,No,True,No,3/22/2025,No,Point,39.088766667,-76.859438333,MSP,101,16,02,No,0,,00:29,2025,Saturday,17,Pedestrian,05,On Roadway,3,,,,,,09,Through Roadway,03,Dark - Lighted,3/22/2025,2025-03-22,S,6.52,F,N,,,4DE8E5AB5A52721DE4431149FBFB8F3C15560701B5B7ECEB9E6B70F97DBB1BB1,US,01,No,,,,,01,Dry,,,,,,,,
Property Damage Crashes,MSP757700HH,Maryland State Police,Single Vehicle,Prince George's,Interstate,No,No,No,No,No,NO NAME (SB/L),95,INTERSTATE ROUTE,No,True,No,2/7/2025,No,Point,39.060845,-76.921705,MSP,101,16,03,No,15,,15:56,2025,Friday,28,Ditch,03,Median,1,,,,,,09,Through Roadway,01,Daylight,2/7/2025,2025-02-07,N,33.18,F,N,,,799F471BF6A52668E0B777284AB2A0CD0C55D1DC3C40C9F1D5453683E0AF1393,IS,01,No,97,Not Applicable,,,01,Dry,,,,,,,,
Property Damage Crashes,DA4374003Y,Prince George's County Police,Front to Rear,Prince George's,,No,No,No,No,No,,1117,PRIVATE ROAD,No,True,No,5/27/2025,No,Point,38.962033076,-76.862019750,PGCOPD,03,16,03,No,7,,07:28,2025,Tuesday,12,Motor Vehicle In Transport,05,On Roadway,,,,,,,04,Entrance/Exit Ramp or Related,01,Daylight,5/27/2025,2025-05-27,S,38.4,F,N,,,DC51D48584589E9B4A606093F0FDF014F96F226F0C6B3E4E619458F1DCAC9C09,PV,01,No,,,,,01,Dry,,,,,,,,
Property Damage Crashes,CC0290003V,Hyattsville Police Department,"Sideswipe, Same Direction",Prince George's,Minor Arterial,No,No,No,No,No,QUEENS CHAPEL RD,500,MARYLAND ROUTE,No,True,No,2/1/2025,No,Point,38.953372482,-76.965743459,HYATTSVILLE,07,16,03,No,16,,16:03,2025,Saturday,12,Motor Vehicle In Transport,05,On Roadway,4,,,,AGER RD (NB/L),,06,Non-Junction,01,Daylight,2/1/2025,2025-02-01,S,3.91,F,N,,,4389BEDC9909A63C81526DDB54AB579BF0C1313396603C54B4E16B0B7A07CA4D,MD,01,No,97,Not Applicable,,,01,Dry,,,,,,,,
Injury Crashes,DA4320002T,Prince George's County Police,Single Vehicle,Prince George's,Principal Arterial – Other,No,No,No,No,No,ST BARNABAS RD,414,MARYLAND ROUTE,Yes,True,No,3/17/2025,No,Point,38.832814958,-76.940545234,PGCOPD,101,16,02,Yes,7,,07:39,2025,Monday,32,Guardrail Face,01,Gore,3,,,,,,04,Entrance/Exit Ramp or Related,01,Daylight,3/17/2025,2025-03-17,W,4.63,F,N,,,E736101D656F94C26C2D13BFDA157B3DD4C38EE74B658B46BC3B6CC7F15982A3,MD,01,No,,,,,01,Dry,,,,,,,,
Property Damage Crashes,MSP77650084,Maryland State Police,Front to Rear,Prince George's,Interstate,No,No,No,No,No,CAPITAL BELTWAY,95,INTERSTATE ROUTE,No,True,No,5/24/2025,No,Point,38.817815,-76.939023333,MSP,03,16,03,No,16,,16:17,2025,Saturday,12,Motor Vehicle In Transport,05,On Roadway,1,,101,State,,,09,Through Roadway,01,Daylight,5/24/2025,2025-05-24,S,35.13,F,N,,,75B08F8C86CE89102DF7F105492BAE3656EEA58EC1594F21EE2E7A0DC08D5D0E,IS,01,No,,,,,01,Dry,,,,,,,,
Property Damage Crashes,CNC31850019,New Carrollton Police Department,Front to Rear,Prince George's,Local,No,Yes,No,No,No,JODIE ST,220,MUNICIPAL ROAD,No,True,No,4/26/2025,No,Point,38.970234498,-76.883402502,NCPD,03,16,03,No,10,,10:00,2025,Saturday,15,Parked Vehicle,05,On Roadway,7,,,,,,01,Acceleration/Deceleration Lane,99,Unknown,4/26/2025,2025-04-26,N,40.55,F,N,,,4F1DC86C2B19EF275CCE6B439F5067F5E68D6BB105B919580AA080A2D6A49377,MU,01,No,,,,,09,Wet,,,,,,,,
Property Damage Crashes,DA4252005X,Prince George's County Police,"Sideswipe, Same Direction",Prince George's,,No,No,No,No,No,,880,CROSSOVER,No,True,No,3/22/2025,No,Point,38.869135315,-76.847562703,PGCOPD,07,16,03,Yes,9,,09:05,2025,Saturday,12,Motor Vehicle In Transport,05,On Roadway,,,,,,,04,Entrance/Exit Ramp or Related,01,Daylight,3/22/2025,2025-03-22,W,32.34,F,N,,,BB0DEB09797AAC827FE125DDE30185731E4CB2D28B1397C3ED5E9C2F059755B3,XO,01,No,,,,,01,Dry,,,,,,,,
Property Damage Crashes,DA4368001N,Prince George's County Police,Front to Rear,Prince George's,Local,No,No,No,No,No,COLEBROOKE DR,607,COUNTY ROAD,No,True,No,3/19/2025,No,Point,38.842358593,-76.947969288,PGCOPD,03,16,03,No,19,,19:44,2025,Wednesday,12,Motor Vehicle In Transport,99,Unknown,7,,,,,,03,Driveway Access or Related,03,Dark - Lighted,3/19/2025,2025-03-19,N,8.7,F,N,,,E2603E6D02973002D4896B5B03333228328982E799E00858FBBE1EF1093648B5,CO,01,No,,,,,01,Dry,,,,,,,,
Property Damage Crashes,HV0141000T,University Park Police,Single Vehicle,Prince George's,Principal Arterial – Other,No,No,No,No,No,EAST WEST HWY (WB/L),410,MARYLAND ROUTE,No,True,No,3/24/2025,No,Point,38.966349409,-76.947852903,UNIVERSITYPARK,101,16,03,No,16,,16:31,2025,Monday,02,Fell Jumped from Motor Vehicle,05,On Roadway,3,,,,,,06,Non-Junction,01,Daylight,3/24/2025,2025-03-24,N,4.54,F,N,,,879A53CCC11416406B5BC5B903575898E9A0161CED106FFCB05B1C748A35282A,MD,01,No,,,,,09,Wet,,,,,,,,
Property Damage Crashes,DA43560037,Prince George's County Police,Other,Prince George's,,No,No,No,No,No,,951,PRIVATE ROAD,No,True,No,3/24/2025,No,Point,38.841771101,-76.885780641,PGCOPD,98,16,03,No,9,,09:05,2025,Monday,12,Motor Vehicle In Transport,05,On Roadway,,,,,DONNELL DR,,06,Non-Junction,01,Daylight,3/24/2025,2025-03-24,N,38.29,F,N,,,2C3B9F9CF7382E5D45B768779CB3D3981FE256607E5BB02D051A9F47F8CDB738,PV,01,No,,,,,09,Wet,,,,,,,,
Property Damage Crashes,DA3652001W,Prince George's County Police,Front to Rear,Prince George's,,No,No,No,No,Yes,,,,No,True,No,1/22/2025,No,Point,38.815253353,-76.748458588,PGCOPD,03,16,03,,10,,10:30,2025,Wednesday,15,Parked Vehicle,02,In Parking Lane Or Zone,,,,,,,,,01,Daylight,1/22/2025,2025-01-22,,,F,N,102,Parking Lot Way,,,01,No,,,,,,,,,,,,,,
Property Damage Crashes,DA43920012,Prince George's County Police,Front to Rear,Prince George's,Principal Arterial – Other Freeways and Expressways,No,No,No,No,No,INDIAN HEAD HWY (SB/L),210,MARYLAND ROUTE,Yes,True,No,1/17/2025,No,Point,38.767550756,-76.994771668,PGCOPD,03,16,03,No,16,,16:20,2025,Friday,12,Motor Vehicle In Transport,05,On Roadway,2,,,,,,09,Through Roadway,01,Daylight,1/17/2025,2025-01-17,S,5.74,F,N,,,FD64B73D3D63E8EE5B8B655C0A50000658B632C8A3422D3B6F68DB3DD8A1EF70,MD,01,No,,,,,01,Dry,,,,,,,,
Property Damage Crashes,CBPD00320096,Bowie Police Department,"Sideswipe, Opposite Direction",Prince George's,,No,No,No,No,Yes,,,,No,True,No,3/9/2025,No,Point,38.982808357,-76.729760435,BOWIE,06,16,03,,13,,13:00,2025,Sunday,12,Motor Vehicle In Transport,02,In Parking Lane Or Zone,,,,,,,,,01,Daylight,3/9/2025,2025-03-09,,,F,N,102,Parking Lot Way,,,01,No,15,Parked Vehicle,02,In Parking Lane Or Zone,,,,,,,,,,
Property Damage Crashes,DA2919000N,Prince George's County Police,Front to Front,Prince George's,Major Collector,No,No,No,No,No,COLUMBIA PARK RD,3668,COUNTY ROAD,No,True,No,1/27/2025,No,Point,38.916483687,-76.882834743,PGCOPD,02,16,03,No,11,03,11:59,2025,Monday,12,Motor Vehicle In Transport,05,On Roadway,5,Angled/Skewed,,,MARTIN LUTHER KING JR HWY (WB/L),01,05,Intersection or Related,01,Daylight,1/27/2025,2025-01-27,S,0,F,N,,,91C79A8D0FDB6AFC1E9B51EDE3F021FFDA044E6E70BAB27DDCC8817C20415D7E,CO,01,No,12,Motor Vehicle In Transport,05,On Roadway,01,Dry,01,Signalized,,,,,,
Property Damage Crashes,BE0107000Y,District Heights Police Department,Other,Prince George's,Local,No,No,No,No,No,AZTEC DR,32,MUNICIPAL ROAD,No,True,No,4/24/2025,No,Point,38.855207789,-76.897725888,DISTHEIGHTS,98,16,03,No,14,,14:45,2025,Thursday,12,Motor Vehicle In Transport,05,On Roadway,7,,,,GATEWAY BLVD,,06,Non-Junction,01,Daylight,4/24/2025,2025-04-24,S,36.75,F,N,,,7ACAF62D2ABBCF9A265E88FC6C37D47704F0F8FCA8214DF51A29E2AD41F99097,MU,01,No,,,,,01,Dry,,,,,,,,
Injury Crashes,DA3564006F,Prince George's County Police,Front to Front,Prince George's,Principal Arterial – Other,No,No,Yes,No,No,WOODYARD RD (SB/L),223,MARYLAND ROUTE,No,True,No,4/22/2025,No,Point,38.769410770,-76.882723678,PGCOPD,02,16,02,No,17,,17:00,2025,Tuesday,12,Motor Vehicle In Transport,09,Roadside,3,,,,,,02,Crossover-Related,01,Daylight,4/22/2025,2025-04-22,S,8.97,F,N,,,C0914715ECC9CD3EC84D548CC041F3D2611B075F899EDC8936EE72D23B29759C,MD,01,No,97,Not Applicable,,,01,Dry,,,,,,,,
Property Damage Crashes,AM0362004X,Bladensburg Police Department,Front to Rear,Prince George's,Principal Arterial – Other,Yes,No,No,No,No,,450,MARYLAND ROUTE,No,True,No,1/4/2025,No,Point,38.939315805,-76.936221821,BLADENSBURG,03,16,03,No,22,,22:45,2025,Saturday,12,Motor Vehicle In Transport,05,On Roadway,3,,,,,,06,Non-Junction,04,Dark - Not Lighted,1/4/2025,2025-01-04,W,4.05,F,N,,,8EE6D85067C1D72A58B8282C33F5DD9A71E040D8C53AE0EF26E5B86624189C06,MD,01,No,,,,,01,Dry,,,,,,,,