Crash Severity Description,Reportnumber,Agencyname,CollisionImpact Description,Crash County Description,FunctionalClass Description,ImpairedCrash,Large Vehicle Involved,Motorcycle Crash,Non-Motorist Crash,OffRoad,RoadName,Route Number,RouteType Description,Unrestrained Occupants,WithinDateRange,Work Zone Related,Crashdate,Work Zone Crash,CrashPoint,Latitude,Longitude,AgencyCode,CollisionImpact,Crash County,Crash Severity,Crash Within Interchange,Crashhour,CrashInterchangeApproaches,Crashtime,CrashYear,Dayofweek,FirstHarmEvent,FirstHarmEvent Description,FirstHarmLocation,FirstHarmLocation Description,FunctionalClass,Geometry Description,GovPropertyDamage,GovPropertyDamage Description,IntersectingRoadName,Intersection Geometry,JunctionRelated,JunctionRelated Description,Light,Light Description,LOD Crash Date,LOD Date Level,MilepointDirection,MilepointDistance,MilepointUnits,NonTrafficFatal,OffroadLocation,OffroadLocation Description,RoadID,RouteType,SchoolBusRelated,SchoolBusRelated Description,SecondHarmEvent,SecondHarmEvent Description,SecondHarmLocation,SecondHarmLocation Description,Surface,Surface Description,TrafficControl,Trafficcontrol Description,WZLawEnforcementPresent,WZLocation,WZLocation Description,WZType,WZType Description,WZWorkersPresent
Property Damage Crashes,MSP726800H4,Maryland State Police,"Sideswipe, Same Direction",Prince George's,Local,No,No,No,No,No,TRUMPS HILL RD,136,COUNTY ROAD,No,True,No,2/14/2025,No,Point,38.764229061,-76.805732034,MSP,07,16,03,Yes,15,,15:04,2025,Friday,12,Motor Vehicle In Transport,05,On Roadway,7,,,,CRAIN HWY,,02,Crossover-Related,01,Daylight,2/14/2025,2025-02-14,S,125.13,F,N,,,A7DDE4B65D813000416DDB96E754F08D3E4D9A7A88FFAECE2F9E612CF80D8E9F,CO,01,No,,,,,01,Dry,,,,,,,,
Property Damage Crashes,DA309400C6,Prince George's County Police,Front to Rear,Prince George's,Principal Arterial – Other,No,No,No,No,No,GREENBELT RD (WB/L),193,MARYLAND ROUTE,No,True,No,5/14/2025,No,Point,38.991208481,-76.854659473,PGCOPD,03,16,03,No,20,,20:00,2025,Wednesday,12,Motor Vehicle In Transport,05,On Roadway,3,,,,,,06,Non-Junction,101,Dusk,5/14/2025,2025-05-14,W,23.37,F,N,,,1FB9D3E1CDA7DA9D8F6C4BADFA3350CF72521EFBBB704392BB24763267E9AB92,MD,01,No,,,,,01,Dry,,,,,,,,
Injury Crashes,DA3802004N,Prince George's County Police,Other,Prince George's,Minor Arterial,No,No,No,No,No,INDIAN HEAD HWY,210,MARYLAND ROUTE,No,True,No,1/9/2025,No,Point,38.806181299,-76.998689571,PGCOPD,98,16,02,Yes,17,04,17:28,2025,Thursday,12,Motor Vehicle In Transport,05,On Roadway,4,Perpendicular,100,Local,RAMP 10 FR RAMP 2 TO BALD EAGLE RD,03,05,Intersection or Related,101,Dusk,1/9/2025,2025-01-09,E,0,F,N,,,F961C887763349D1E40A61548CEB9F8994D2B8BED573A799CA2BCED487CE3E08,MD,01,No,12,Motor Vehicle In Transport,05,On Roadway,01,Dry,01,Signalized,,,,,,
Property Damage Crashes,CNC3181000T,New Carrollton Police Department,"Sideswipe, Opposite Direction",Prince George's,Interstate,No,No,No,No,No,RAMP 6 FR MD 450 EB TO RAMP 7 (TO IS 95),95,RAMP,No,True,No,1/22/2025,No,Point,38.958911296,-76.867483885,NCPD,06,16,03,No,17,,17:50,2025,Wednesday,12,Motor Vehicle In Transport,05,On Roadway,1,,,,,,09,Through Roadway,03,Dark - Lighted,1/22/2025,2025-01-22,N,23.88,F,N,,,5AC47F7163AEB323246FCAFFC4377EB3B22479413827D00B75BE330C45E35D9B,RP,01,No,12,Motor Vehicle In Transport,05,On Roadway,01,Dry,,,,,,,,
Property Damage Crashes,AM0393001M,Bladensburg Police Department,Single Vehicle,Prince George's,Local,No,No,No,No,No,UPSHUR ST,150,MUNICIPAL ROAD,No,True,No,5/9/2025,No,Point,38.941106095,-76.940763285,BLADENSBURG,101,16,03,No,17,,17:00,2025,Friday,30,Fence,06,"On Shoulder, Left Side",7,,,,,,06,Non-Junction,01,Daylight,5/9/2025,2025-05-09,S,13.28,F,N,,,C21382A0ADC2A13DF0FD99F6CD71AE5E40931EC0ECEC7407BE1E85A410E9769D,MU,01,No,30,Fence,09,Roadside,01,Dry,,,,,,,,
Property Damage Crashes,DA4151005Y,Prince George's County Police,"Sideswipe, Same Direction",Prince George's,Local,No,Yes,No,No,No,CRITTENDEN ST,343,COUNTY ROAD,Yes,True,No,3/3/2025,No,Point,38.9453053,-76.9272877,PGCOPD,07,16,03,No,7,,07:12,2025,Monday,12,Motor Vehicle In Transport,05,On Roadway,7,,,,,,06,Non-Junction,01,Daylight,3/3/2025,2025-03-03,S,82.42,F,N,,,ACC918CE7891ECD5AC17C921A1E9494DAA5CED3DE521E1767527032B5BBD2C16,CO,02,"Yes, School Bus Directly Involved",97,Not Applicable,,,01,Dry,,,,,,,,
Property Damage Crashes,MSP672800C3,Maryland State Police,"Sideswipe, Same Direction",Prince George's,Interstate,No,No,No,No,No,CAPITAL BELTWAY (SB LOCAL),95,INTERSTATE ROUTE,No,True,No,1/3/2025,No,Point,38.806308894,-76.991643589,MSP,07,16,03,No,1,,01:30,2025,Friday,12,Motor Vehicle In Transport,05,On Roadway,1,,,,,,09,Through Roadway,03,Dark - Lighted,1/3/2025,2025-01-03,E,15.62,F,N,,,FF43DF86F29F161D18F84166296BD3D6A1E2EDA78145E804F6DE0C126CDAA060,IS,01,No,,,,,01,Dry,,,,,,,,
Property Damage Crashes,DA4416000N,Prince George's County Police,Front to Rear,Prince George's,Minor Arterial,No,No,No,No,No,SHERIFF RD,75,COUNTY ROAD,No,True,No,4/24/2025,No,Point,38.904524336,-76.921339703,PGCOPD,03,16,03,No,20,,20:32,2025,Thursday,12,Motor Vehicle In Transport,05,On Roadway,4,,,,,,06,Non-Junction,04,Dark - Not Lighted,4/24/2025,2025-04-24,E,99.7,F,N,,,34BED93059B230FD70DC782E7CA5F56E5B49EEDF191DD0278C452A52F9FD28AA,CO,01,No,,,,,01,Dry,,,,,,,,
Injury Crashes,CC03090017,Hyattsville Police Department,Single Vehicle,Prince George's,Local,No,No,No,Yes,No,FREEDOM WAY,5529,OTHER PUBLIC ROAD,No,True,No,5/8/2025,No,Point,38.968123446,-76.952252895,HYATTSVILLE,101,16,02,Yes,23,03,23:00,2025,Thursday,16,Pedalcycle,05,On Roadway,7,Perpendicular,,,AMERICA BLVD,03,05,Intersection or Related,03,Dark - Lighted,5/8/2025,2025-05-08,N,0,F,N,,,D03C7D3B2211DE66E7EF774F618D59B457F9927B7E9FAD7A2075237946477300,OP,01,No,,,,,01,Dry,02,Stop - All Way,,,,,,
Injury Crashes,DA4400001B,Prince George's County Police,Unknown,Prince George's,Local,No,No,No,No,No,OLD BRANCH AVE,967,MARYLAND ROUTE,Yes,True,No,4/18/2025,No,Point,38.830560332,-76.934322835,PGCOPD,99,16,02,Unknown,21,,21:05,2025,Friday,12,Motor Vehicle In Transport,05,On Roadway,7,,,,BRANCH AVE (SB/L),,09,Through Roadway,03,Dark - Lighted,4/18/2025,2025-04-18,N,78.03,F,N,,,DBBB5BAAF0448CC08CB2FFF6AAB0DA49215D1ECDB14C5D793B12A337EDB364FF,MD,01,No,,,,,01,Dry,,,,,,,,
Property Damage Crashes,MSP7843000V,Maryland State Police,Front to Rear,Prince George's,Interstate,No,No,No,No,No,NO NAME,95,INTERSTATE ROUTE,No,True,No,2/21/2025,No,Point,39.104192568,-76.887291520,MSP,03,16,03,No,12,,12:18,2025,Friday,12,Motor Vehicle In Transport,05,On Roadway,1,,,,,,06,Non-Junction,01,Daylight,2/21/2025,2025-02-21,E,40.16,F,N,,,EA38E2D7D8D35901F2EC29DC54D923F1D170706B8111D917FFACD48CA1694F9F,IS,01,No,97,Not Applicable,,,01,Dry,,,,,,,,
Property Damage Crashes,DA42510070,Prince George's County Police,Front to Rear,Prince George's,Principal Arterial – Other,No,No,No,No,No,MARTIN LUTHER KING JR HWY,704,MARYLAND ROUTE,No,True,No,6/1/2025,No,Point,38.955343031,-76.829417570,PGCOPD,03,16,03,Yes,7,,07:20,2025,Sunday,12,Motor Vehicle In Transport,05,On Roadway,3,,,,,,09,Through Roadway,01,Daylight,6/1/2025,2025-06-01,W,14.63,F,N,,,FDC592B43B6945B39CD59F5C5C578DEACD3E6F089DD668DA2E71ECF49CF02621,MD,01,No,,,,,01,Dry,,,,,,,,
Injury Crashes,DA4183006P,Prince George's County Police,"Sideswipe, Same Direction",Prince George's,Principal Arterial – Other Freeways and Expressways,No,No,No,No,No,INDIAN HEAD HWY (SB/L),210,MARYLAND ROUTE,No,True,No,2/21/2025,No,Point,38.779325646,-76.997354441,PGCOPD,07,16,02,No,18,,18:33,2025,Friday,12,Motor Vehicle In Transport,05,On Roadway,2,,,,,,06,Non-Junction,03,Dark - Lighted,2/21/2025,2025-02-21,N,24.58,F,N,,,EFDB6AB8EF176EC469D572F0ED1D4E6A362F7CDE7A60D66638E0147C064858EA,MD,01,No,,,,,01,Dry,,,,,,,,
Property Damage Crashes,DA4083006J,Prince George's County Police,Front to Front,Prince George's,Minor Arterial,No,No,No,No,No,RIGGS RD (SB/L),212,MARYLAND ROUTE,No,True,No,1/14/2025,No,Point,38.999957584,-76.973552546,PGCOPD,02,16,03,No,18,,18:25,2025,Tuesday,12,Motor Vehicle In Transport,05,On Roadway,4,,,,,,06,Non-Junction,03,Dark - Lighted,1/14/2025,2025-01-14,E,311.19,F,N,,,42E65FC9FFE749DA2E56A07A8D730E944ACE81ED717F53F6BB69866E044D3CC5,MD,01,No,,,,,01,Dry,,,,,,,,
Property Damage Crashes,DA384000JK,Prince George's County Police,Rear To Side,Prince George's,Principal Arterial – Other Freeways and Expressways,No,No,No,No,No,INDIAN HEAD HWY (SB/L),210,MARYLAND ROUTE,No,True,No,5/16/2025,No,Point,38.777864279,-76.997086567,PGCOPD,05,16,03,No,19,,19:03,2025,Friday,12,Motor Vehicle In Transport,05,On Roadway,2,,,,,,06,Non-Junction,01,Daylight,5/16/2025,2025-05-16,N,38.72,F,N,,,B8806E49ADB476B68A6F85737057B8315D1DAAED71566BEFFD5424361549EF08,MD,01,No,,,,,09,Wet,,,,,,,,
Property Damage Crashes,DA31730054,Prince George's County Police,Single Vehicle,Prince George's,Minor Arterial,No,No,No,No,No,BRIGGS CHANEY RD,12,COUNTY ROAD,No,True,No,1/5/2025,No,Point,39.063703102,-76.935809610,PGCOPD,101,16,03,No,2,,02:50,2025,Sunday,06,Other Non-Collision,09,Roadside,4,,,,,,06,Non-Junction,03,Dark - Lighted,1/5/2025,2025-01-05,W,24.78,F,N,,,8B19FFD4F7B9BB648F39D5C242E617D1E24C92B2BDBE15DD7FFA60D6F153E727,CO,01,No,34,Mailbox,09,Roadside,01,Dry,,,,,,,,
Property Damage Crashes,MSP7872003K,Maryland State Police,Angle,Prince George's,Principal Arterial – Other,No,No,No,No,No,LARGO RD (SB/L),202,MARYLAND ROUTE,No,True,No,4/17/2025,No,Point,38.871848053,-76.781589279,MSP,01,16,03,No,16,03,16:45,2025,Thursday,12,Motor Vehicle In Transport,05,On Roadway,3,Perpendicular,,,ROBERT LEWIS AVE (NB/L),03,05,Intersection or Related,01,Daylight,4/17/2025,2025-04-17,S,0,F,N,,,E86F8133E3955B8476A2D3F73A8C7DA027ED0DE3743DD7CB5BFE0D9A4E252983,MD,01,No,28,Ditch,03,Median,01,Dry,05,No Controls,,,,,,
Injury Crashes,DA4430000V,Prince George's County Police,Front to Rear,Prince George's,Principal Arterial – Other,No,No,No,No,No,LANDOVER RD (SB/L),202,MARYLAND ROUTE,No,True,No,4/16/2025,No,Point,38.917224567,-76.849395283,PGCOPD,03,16,02,Yes,8,,08:30,2025,Wednesday,12,Motor Vehicle In Transport,05,On Roadway,3,,,,RAMP 10 FR RP 4 (FR IS95 NB) TO MD202 WB,,09,Through Roadway,01,Daylight,4/16/2025,2025-04-16,E,42,F,N,,,1D250C5498FE1DE20CEAB60F369859143B2E7E643A1AF8B8DCB865EB06D90E17,MD,01,No,12,Motor Vehicle In Transport,05,On Roadway,01,Dry,,,,,,,,
Property Damage Crashes,DA4357003F,Prince George's County Police,"Sideswipe, Opposite Direction",Prince George's,Local,No,No,No,No,No,SIMMONS LA,2168,COUNTY ROAD,No,True,No,5/24/2025,No,Point,38.744728705,-76.890796342,PGCOPD,06,16,03,No,20,,20:25,2025,Saturday,12,Motor Vehicle In Transport,05,On Roadway,7,,,,,,06,Non-Junction,03,Dark - Lighted,5/24/2025,2025-05-24,N,13.85,F,N,,,13A4CFE58B7FEC5907E019A6F68595D47D3FAFDEAC790AB84CA9AD53876E5223,CO,01,No,,,,,01,Dry,,,,,,,,
Property Damage Crashes,DA4421002C,Prince George's County Police,Angle,Prince George's,Major Collector,No,Yes,No,No,No,BRANDYWINE RD,631,MARYLAND ROUTE,No,True,No,5/15/2025,No,Point,38.705068256,-76.876222978,PGCOPD,01,16,03,Yes,15,,15:20,2025,Thursday,12,Motor Vehicle In Transport,05,On Roadway,5,,,,,,09,Through Roadway,01,Daylight,5/15/2025,2025-05-15,N,27.28,F,N,,,A1D1E3DADDDB71EEB1B3E91EE7F3863A430AC01D86EA95DE64FEC2149BB20CE3,MD,01,No,,,,,01,Dry,,,,,,,,
Property Damage Crashes,DA4423000Z,Prince George's County Police,Front to Rear,Prince George's,Major Collector,No,Yes,No,No,No,CABIN BRANCH DR,950,COUNTY ROAD,No,True,No,3/8/2025,No,Point,38.909753202,-76.903323409,PGCOPD,03,16,03,No,2,,02:00,2025,Saturday,12,Motor Vehicle In Transport,05,On Roadway,5,,,,,,09,Through Roadway,03,Dark - Lighted,3/8/2025,2025-03-08,W,35.22,F,N,,,F03118871828FDAD7D8AEE9CFCE54A6FAB6F289D7EA2770CBCB59D16BCD104B3,CO,01,No,,,,,01,Dry,,,,,,,,
Property Damage Crashes,DA3829005S,Prince George's County Police,Rear To Rear,Prince George's,,No,No,No,No,Yes,,,,No,True,No,5/12/2025,No,Point,38.903692546,-76.867010665,PGCOPD,04,16,03,,17,,17:05,2025,Monday,15,Parked Vehicle,02,In Parking Lane Or Zone,,,,,,,,,01,Daylight,5/12/2025,2025-05-12,,,F,N,101,Parking Aisle,,,01,No,,,,,,,,,,,,,,
Property Damage Crashes,CBPD0117008B,Bowie Police Department,Single Vehicle,Prince George's,,No,No,No,No,No,MARCONI DR,626,LOCAL ROAD,No,True,No,5/1/2025,No,Point,38.958721514,-76.700887237,BOWIE,101,16,03,No,8,,08:59,2025,Thursday,27,Curb,09,Roadside,,,100,Local,,,06,Non-Junction,01,Daylight,5/1/2025,2025-05-01,N,42.74,F,N,,,D01F75CC7E2DCCD6FCA18A0DF44EB0AE60C4E96038D6BD332CFBFED6E10ECACB,LL,01,No,,,,,01,Dry,,,,,,,,
Property Damage Crashes,GC9376000M,Glenarden Police Department,Angle,Prince George's,Local,No,No,No,No,No,REED ST,270,MUNICIPAL ROAD,Yes,True,No,3/11/2025,No,Point,38.931624297,-76.863451334,GLENARDEN,01,16,03,Yes,9,04,09:49,2025,Tuesday,12,Motor Vehicle In Transport,05,On Roadway,7,Perpendicular,,,GLENARDEN PKWY,03,05,Intersection or Related,01,Daylight,3/11/2025,2025-03-11,W,0,F,N,,,49551308E5E997F12BAEDE45525E7E1C8B99AD2967CEA3242EE39DADC0ED225A,MU,01,No,,,,,01,Dry,03,Stop - Partial,,,,,,
Property Damage Crashes,DA4378002D,Prince George's County Police,Front to Rear,Prince George's,Minor Arterial,No,No,No,No,No,POWDER MILL RD,212,MARYLAND ROUTE,No,True,No,1/19/2025,No,Point,39.048978145,-76.918740364,PGCOPD,03,16,03,No,17,,17:15,2025,Sunday,12,Motor Vehicle In Transport,05,On Roadway,4,,,,,,06,Non-Junction,03,Dark - Lighted,1/19/2025,2025-01-19,S,34.07,F,N,,,791E275EA1F7167F9ADAAAA6F8598EAF99F2A6262928EDEFA7BB03A135DA4D37,MD,01,No,,,,,07,Snow,,,,,,,,
Property Damage Crashes,MSP7865000V,Maryland State Police,"Sideswipe, Same Direction",Prince George's,Minor Arterial,No,Yes,No,No,No,QUEENS CHAPEL RD (WB/L),500,MARYLAND ROUTE,No,True,No,1/6/2025,No,Point,38.946649633,-76.977139617,MSP,07,16,03,No,13,,13:11,2025,Monday,15,Parked Vehicle,05,On Roadway,4,,,,,,06,Non-Junction,01,Daylight,1/6/2025,2025-01-06,E,28.67,F,N,,,A2E158E5AB2C4F633F62FC08301F7DD3A1249389BAE55F583CE644EB0CC75E3F,MD,01,No,,,,,07,Snow,,,,,,,,
Property Damage Crashes,DA4332003G,Prince George's County Police,Other,Prince George's,Principal Arterial – Other,No,No,No,No,No,UNIVERSITY BLVD (WB/L),193,MARYLAND ROUTE,No,True,No,4/21/2025,No,Point,38.999176479,-76.925342451,PGCOPD,98,16,03,Yes,16,,16:00,2025,Monday,12,Motor Vehicle In Transport,05,On Roadway,3,,,,,,02,Crossover-Related,01,Daylight,4/21/2025,2025-04-21,N,10.51,F,N,,,36C1371761982AEC139AF97FB621283BCDBE7872CD9E390F59C33778A2B3D21E,MD,01,No,,,,,01,Dry,,,,,,,,
Property Damage Crashes,DA4302002S,Prince George's County Police,Front to Rear,Prince George's,Minor Arterial,No,No,No,No,No,ARENA DR (EB/L),5342,COUNTY ROAD,No,True,No,3/20/2025,No,Point,38.903930795,-76.844662326,PGCOPD,03,16,03,No,16,,16:04,2025,Thursday,12,Motor Vehicle In Transport,05,On Roadway,4,,,,,,01,Acceleration/Deceleration Lane,01,Daylight,3/20/2025,2025-03-20,N,1036.06,F,N,,,7EE14BEDE48402AB81EF94FEE10624888D3106CA2359BD26F6CFB168C3C773A3,CO,01,No,,,,,01,Dry,,,,,,,,
Property Damage Crashes,MSP7664008G,Maryland State Police,Single Vehicle,Prince George's,Interstate,No,No,No,No,No,CAPITAL BELTWAY,95,INTERSTATE ROUTE,No,True,No,1/27/2025,No,Point,38.938144941,-76.855475129,MSP,101,16,03,No,11,,11:16,2025,Monday,25,Concrete Traffic Barrier,09,Roadside,1,,,,,,09,Through Roadway,01,Daylight,1/27/2025,2025-01-27,N,35.03,F,N,,,4F98C326664BB1825B81293FEF1175A5BDAB0723601D986F5F69326204FF1EF6,IS,01,No,,,,,01,Dry,,,,,,,,
Property Damage Crashes,MSP7839002F,Maryland State Police,Front to Rear,Prince George's,Principal Arterial – Other,No,No,No,No,No,BRANCH AVE (SB/L),5,MARYLAND ROUTE,No,True,No,2/21/2025,No,Point,38.733041667,-76.882001667,MSP,03,16,03,No,9,,09:48,2025,Friday,12,Motor Vehicle In Transport,05,On Roadway,3,,,,,,09,Through Roadway,01,Daylight,2/21/2025,2025-02-21,N,12.74,F,N,,,922A53E02A5573AAF20E56AB779F69ADFC8CF5339D589CDF7DCC66C7DEAA69CA,MD,01,No,,,,,01,Dry,,,,,,,,
Property Damage Crashes,DA401400C7,Prince George's County Police,"Sideswipe, Same Direction",Prince George's,,No,No,No,No,No,GOOD LUCK RD (WB/L),42,COUNTY ROAD,No,True,No,1/17/2025,No,Point,38.989192889,-76.836305411,PGCOPD,07,16,03,No,22,,22:10,2025,Friday,12,Motor Vehicle In Transport,05,On Roadway,,,,,,,06,Non-Junction,03,Dark - Lighted,1/17/2025,2025-01-17,N,150.72,F,N,,,F9BBA6D61997A02C497D114273EBEF6C5555F5C69BF27D8FB4F5C651C6E33D83,CO,01,No,,,,,01,Dry,,,,,,,,
Injury Crashes,MSP7776005G,Maryland State Police,Single Vehicle,Prince George's,Principal Arterial – Other,No,No,No,No,No,MARTIN LUTHER KING JR HWY,704,MARYLAND ROUTE,No,True,No,3/22/2025,No,Point,38.946439434,-76.844556354,MSP,101,16,02,No,12,,12:32,2025,Saturday,25,Concrete Traffic Barrier,09,Roadside,3,,101,State,,,06,Non-Junction,01,Daylight,3/22/2025,2025-03-22,W,54.11,F,N,,,8A0DC4CE76FD8CF2273417EC377D8D2E82CCC01E4BA7D4518EBA626427474B0F,MD,01,No,,,,,01,Dry,,,,,,,,
Property Damage Crashes,DA3536003N,Prince George's County Police,Front to Rear,Prince George's,Principal Arterial – Other,No,No,No,No,No,MARTIN LUTHER KING JR HWY (WB/L),704,MARYLAND ROUTE,No,True,No,4/21/2025,No,Point,38.905372385,-76.897266664,PGCOPD,03,16,03,Yes,18,04,18:09,2025,Monday,12,Motor Vehicle In Transport,05,On Roadway,3,Perpendicular,,,CARRINGTON AVE,03,05,Intersection or Related,01,Daylight,4/21/2025,2025-04-21,W,0,F,N,,,C1D538F8BD490A046035AC25ED6468B31B9B3C191BB6D327B1B214750862035D,MD,01,No,,,,,01,Dry,01,Signalized,,,,,,
Property Damage Crashes,MSP77780073,Maryland State Police,Single Vehicle,Prince George's,Interstate,No,No,No,No,No,JOHN HANSON HWY (WB/L),595,INTERSTATE ROUTE,No,True,No,1/10/2025,No,Point,38.954780068,-76.719687221,MSP,101,16,03,No,15,,15:17,2025,Friday,13,Other Non-Fixed Object,05,On Roadway,1,,,,,,09,Through Roadway,01,Daylight,1/10/2025,2025-01-10,E,21.43,F,N,,,D40F95DB6FB695133579CE35C2DA579DEDAB2B64733D4799F540D5ADAB53D66E,IS,01,No,,,,,01,Dry,,,,,,,,
Property Damage Crashes,DA43710020,Prince George's County Police,Front to Rear,Prince George's,Minor Arterial,No,No,No,No,No,OLD BRANCH AVE,3675,COUNTY ROAD,No,True,No,4/1/2025,No,Point,38.765426147,-76.898222051,PGCOPD,03,16,03,No,12,,12:54,2025,Tuesday,12,Motor Vehicle In Transport,05,On Roadway,4,,,,,,06,Non-Junction,01,Daylight,4/1/2025,2025-04-01,S,19.1,F,N,,,006744A7384933EBF1B9ABEF00C1B8E84CFCD03306E328EF7A2EB3A821DA7AF1,CO,01,No,,,,,01,Dry,,,,,,,,
Property Damage Crashes,DA43330042,Prince George's County Police,Single Vehicle,Prince George's,,Yes,No,No,No,Yes,,,,No,True,Yes,3/21/2025,Yes,Point,38.986497989,-76.983773191,PGCOPD,101,16,03,,20,,20:07,2025,Friday,13,Other Non-Fixed Object,04,"Off-Roadway, Location Unknown",,,,,,,,,03,Dark - Lighted,3/21/2025,2025-03-21,,,F,N,105,Dirt Road/Trail,,,01,No,,,,,,,,,N,04,Activity Area,01,Lane Closure,No
Injury Crashes,DA4340004Q,Prince George's County Police,Angle,Prince George's,Minor Arterial,No,No,No,No,No,,197,MARYLAND ROUTE,No,True,No,5/6/2025,No,Point,39.036940180,-76.793335704,PGCOPD,01,16,02,No,11,,11:00,2025,Tuesday,12,Motor Vehicle In Transport,99,Unknown,4,,,,,,99,Unknown,01,Daylight,5/6/2025,2025-05-06,S,49.27,F,N,,,90A71BD26036F4F3C93FFCECC3CB7519298B3D864B2CF1D11625F04D9503BDDA,MD,01,No,,,,,01,Dry,,,,,,,,
Property Damage Crashes,DA44350008,Prince George's County Police,Front to Rear,Prince George's,,No,No,No,No,No,HIGH POINT HS ENT,1855,PRIVATE ROAD,No,True,No,6/2/2025,No,Point,39.043398267,-76.943788891,PGCOPD,03,16,03,No,18,,18:26,2025,Monday,12,Motor Vehicle In Transport,05,On Roadway,,,,,POWDER MILL RD POWDER MILL RD (SB/L),,01,Acceleration/Deceleration Lane,01,Daylight,6/2/2025,2025-06-02,N,14.57,F,N,,,A2C27F428A629DB1141CB95BE529B3B5AFE7B080E403EE11BBD7EEC86816ADB8,PV,01,No,,,,,01,Dry,,,,,,,,
Property Damage Crashes,MSP726800GZ,Maryland State Police,Single Vehicle,Prince George's,Principal Arterial – Other,No,No,No,No,No,PENNSYLVANIA AVE (SB/L),4,MARYLAND ROUTE,No,True,No,1/21/2025,No,Point,38.820441777,-76.847827720,MSP,101,16,03,No,16,,16:00,2025,Tuesday,40,Tree (standing),06,"On Shoulder, Left Side",3,,,,,,06,Non-Junction,01,Daylight,1/21/2025,2025-01-21,S,53.12,F,N,,,5B7BCCC750D4457CB2F2C3B53867225751006F36094ADF9AC1186DDE116D16E2,MD,01,No,,,,,01,Dry,,,,,,,,
Injury Crashes,MSP745000JF,Maryland State Police,Single Vehicle,Prince George's,Principal Arterial – Other Freeways and Expressways,No,No,No,No,No,JOHN HANSON HWY (WB/L),50,UNITED STATE ROUTE,No,True,No,3/27/2025,No,Point,38.944844442,-76.867517908,MSP,101,16,02,No,23,,23:00,2025,Thursday,40,Tree (standing),08,Outside Road/Right-Of-Way,2,,,,,,09,Through Roadway,03,Dark - Lighted,3/27/2025,2025-03-27,S,18.03,F,N,,,2686CC6577665CCAA4F0CB44CC656D50670A487EE40AF7337CC6DE7F2AADF041,US,01,No,12,Motor Vehicle In Transport,08,Outside Road/Right-Of-Way,01,Dry,,,,,,,,
Property Damage Crashes,DA3491000Q,Prince George's County Police,Front to Rear,Prince George's,Local,Yes,No,No,No,No,WEST AVE,705,COUNTY ROAD,No,True,No,1/26/2025,No,Point,38.849277700,-76.911441182,PGCOPD,03,16,03,No,1,,01:00,2025,Sunday,15,Parked Vehicle,05,On Roadway,7,,,,,,06,Non-Junction,03,Dark - Lighted,1/26/2025,2025-01-26,N,18.98,F,N,,,F107F6B04EA60DBC44AC7AC2A7B6F9440CF79F81352AC54234D706CA6C9A0AD8,CO,01,No,,,,,01,Dry,,,,,,,,
Property Damage Crashes,MSP7872002D,Maryland State Police,Front to Rear,Prince George's,Principal Arterial – Other Freeways and Expressways,No,No,No,No,No,BRANCH AVE,5,MARYLAND ROUTE,No,True,No,2/18/2025,No,Point,38.815142032,-76.913998347,MSP,03,16,03,Yes,5,,05:43,2025,Tuesday,12,Motor Vehicle In Transport,05,On Roadway,2,,,,,,01,Acceleration/Deceleration Lane,04,Dark - Not Lighted,2/18/2025,2025-02-18,W,77.44,F,N,,,E55B3D3F7F0F30A0BD6A160F8CC3417BBF9C1755FBA11D9A6F5D90838D52573E,MD,01,No,12,Motor Vehicle In Transport,05,On Roadway,01,Dry,,,,,,,,
Injury Crashes,DA4146006M,Prince George's County Police,Front to Front,Prince George's,Principal Arterial – Other,No,No,No,No,No,OXON HILL RD,414,MARYLAND ROUTE,No,True,No,5/10/2025,No,Point,38.803702507,-76.987179048,PGCOPD,02,16,02,No,18,,18:10,2025,Saturday,12,Motor Vehicle In Transport,05,On Roadway,3,,,,,,02,Crossover-Related,01,Daylight,5/10/2025,2025-05-10,E,37.9,F,N,,,D51E46D58091F2E9F0D6BEAF4C8BF20EF736AB7F333C0ADA390EDAC2A44221F2,MD,01,No,,,,,01,Dry,,,,,,,,
Property Damage Crashes,DA42760082,Prince George's County Police,"Sideswipe, Same Direction",Prince George's,,No,No,No,No,No,,880,CROSSOVER,No,True,No,6/5/2025,No,Point,38.868921710,-76.847567384,PGCOPD,07,16,03,No,13,,13:23,2025,Thursday,12,Motor Vehicle In Transport,05,On Roadway,,,,,RITCHIE MARLBORO RD (SB/L),,06,Non-Junction,01,Daylight,6/5/2025,2025-06-05,S,41.3,F,N,,,CA7BB01F5B03142BD232E3B9CE4BB31B8EBBAFCBA6ADF585F35CF26D1CA5F5A4,XO,01,No,,,,,01,Dry,,,,,,,,
Property Damage Crashes,DA3729009D,Prince George's County Police,Angle,Prince George's,Local,No,No,No,No,No,TWIN KNOLL WAY,5555,COUNTY ROAD,No,True,No,2/22/2025,No,Point,38.747673423,-76.783538484,PGCOPD,01,16,03,No,2,,02:00,2025,Saturday,15,Parked Vehicle,05,On Roadway,7,,,,,,06,Non-Junction,03,Dark - Lighted,2/22/2025,2025-02-22,N,5.47,F,N,,,EC1809DF781553545733E01EC62CC37814B8EAF20D285861FC162D26E8E1BF25,CO,01,No,,,,,01,Dry,,,,,,,,