Crash Severity Description,Reportnumber,Agencyname,CollisionImpact Description,Crash County Description,FunctionalClass Description,ImpairedCrash,Large Vehicle Involved,Motorcycle Crash,Non-Motorist Crash,OffRoad,RoadName,Route Number,RouteType Description,Unrestrained Occupants,WithinDateRange,Work Zone Related,Crashdate,Work Zone Crash,CrashPoint,Latitude,Longitude,AgencyCode,CollisionImpact,Crash County,Crash Severity,Crash Within Interchange,Crashhour,CrashInterchangeApproaches,Crashtime,CrashYear,Dayofweek,FirstHarmEvent,FirstHarmEvent Description,FirstHarmLocation,FirstHarmLocation Description,FunctionalClass,Geometry Description,GovPropertyDamage,GovPropertyDamage Description,IntersectingRoadName,Intersection Geometry,JunctionRelated,JunctionRelated Description,Light,Light Description,LOD Crash Date,LOD Date Level,MilepointDirection,MilepointDistance,MilepointUnits,NonTrafficFatal,OffroadLocation,OffroadLocation Description,RoadID,RouteType,SchoolBusRelated,SchoolBusRelated Description,SecondHarmEvent,SecondHarmEvent Description,SecondHarmLocation,SecondHarmLocation Description,Surface,Surface Description,TrafficControl,Trafficcontrol Description,WZLawEnforcementPresent,WZLocation,WZLocation Description,WZType,WZType Description,WZWorkersPresent
Property Damage Crashes,DA3088007J,Prince George's County Police,Front to Rear,Prince George's,Major Collector,No,No,No,No,No,TEMPLE HILL RD,123,COUNTY ROAD,No,True,No,4/12/2025,No,Point,38.823405629,-76.949884529,PGCOPD,03,16,03,Yes,20,,20:45,2025,Saturday,12,Motor Vehicle In Transport,05,On Roadway,5,,,,RALEIGH RD ST BARNABAS RD ST BARNABAS RD (WB/L),,10,"Other Location Not Listed Above Within an Interchange Area (median,
shoulder and roadside)",03,Dark - Lighted,4/12/2025,2025-04-12,W,20.75,F,N,,,6361F438F60F708D202D051248E6D8D9C2070F8F0CAA5B2AA8F72D2530D79403,CO,01,No,,,,,09,Wet,,,,,,,,
Injury Crashes,MSP7843001Y,Maryland State Police,Angle,Prince George's,Interstate,No,Yes,No,No,No,CAPITAL BELTWAY (SB/L),95,INTERSTATE ROUTE,No,True,No,3/24/2025,No,Point,38.986922791,-76.882211858,MSP,01,16,02,No,20,,20:05,2025,Monday,12,Motor Vehicle In Transport,05,On Roadway,1,,,,,,06,Non-Junction,04,Dark - Not Lighted,3/24/2025,2025-03-24,E,109.55,F,N,,,F1E9B5524D1F7CA6C6779BB8E261B0795A813E201DC6B7E278D463DBDDFC80C5,IS,01,No,,,,,01,Dry,,,,,,,,
Property Damage Crashes,BP1135001N,Forest Heights Police Department,Front to Rear,Prince George's,Minor Arterial,No,No,No,No,No,INDIAN HEAD HWY (SB/L),210,MARYLAND ROUTE,No,True,No,5/6/2025,No,Point,38.806538265,-76.998720426,FORESTHEIGHTS,03,16,03,No,13,,13:05,2025,Tuesday,12,Motor Vehicle In Transport,99,Unknown,4,,,,,,06,Non-Junction,01,Daylight,5/6/2025,2025-05-06,N,23.45,F,N,,,D47A15C09851B7E2C5AF495696114D04228A0DFBEFE4A54C6A0888E9278ECEC6,MD,01,No,12,Motor Vehicle In Transport,05,On Roadway,01,Dry,,,,,,,,
Property Damage Crashes,DA43990016,Prince George's County Police,Front to Rear,Prince George's,Minor Arterial,No,No,No,No,No,RIGGS RD,212,MARYLAND ROUTE,No,True,No,4/4/2025,No,Point,38.981707704,-76.978950413,PGCOPD,03,16,03,No,23,,23:33,2025,Friday,12,Motor Vehicle In Transport,05,On Roadway,4,,,,,,06,Non-Junction,03,Dark - Lighted,4/4/2025,2025-04-04,N,16.24,F,N,,,03EC543B0A832B6FF2B6A9155D40454994AEE058A13B11B3AC8134F2D57D32A1,MD,01,No,,,,,01,Dry,,,,,,,,
Injury Crashes,CC0299001K,Hyattsville Police Department,Front to Rear,Prince George's,Principal Arterial – Other,Yes,No,No,No,No,EAST WEST HWY,410,MARYLAND ROUTE,No,True,No,4/19/2025,No,Point,38.966602418,-76.954540790,HYATTSVILLE,03,16,02,No,1,,01:11,2025,Saturday,12,Motor Vehicle In Transport,05,On Roadway,3,,,,,,06,Non-Junction,03,Dark - Lighted,4/19/2025,2025-04-19,E,46.35,F,N,,,57A8370439EE596B4758F62F006ED569D24C1B1E28FE2BE929987CB02C6907B9,MD,01,No,,,,,01,Dry,,,,,,,,
Injury Crashes,DA4370001F,Prince George's County Police,Front to Rear,Prince George's,Local,No,No,No,No,No,PRESIDENTIAL GOLF DR,7117,COUNTY ROAD,Yes,True,No,1/23/2025,No,Point,38.847768086,-76.729183402,PGCOPD,03,16,02,No,10,,10:45,2025,Thursday,12,Motor Vehicle In Transport,05,On Roadway,7,,,,,,06,Non-Junction,01,Daylight,1/23/2025,2025-01-23,N,59.6,F,N,,,71675F18C4DF025393AC588FF56EB6C7E93CC9C68DE12784185AEE0F94BC0A30,CO,01,No,,,,,02,Ice/Frost,,,,,,,,
Property Damage Crashes,CNC3179003R,New Carrollton Police Department,Other,Prince George's,,No,No,No,No,No,,260,MUNICIPAL ROAD,No,True,No,4/18/2025,No,Point,38.965230204,-76.880415821,NCPD,98,16,03,No,20,,20:54,2025,Friday,12,Motor Vehicle In Transport,05,On Roadway,,,,,,,99,Unknown,03,Dark - Lighted,4/18/2025,2025-04-18,N,23.59,F,N,,,060D72186FABB879965BE8BBBDD75DC2CC09E98456C9E1A5F7F57437CE5A76E8,MU,01,No,,,,,01,Dry,,,,,,,,
Property Damage Crashes,DA3522009Z,Prince George's County Police,Front to Rear,Prince George's,Major Collector,No,No,No,No,No,MERRIMAC DR,668,COUNTY ROAD,No,True,No,3/2/2025,No,Point,38.992906439,-76.986055151,PGCOPD,03,16,03,No,20,,20:50,2025,Sunday,12,Motor Vehicle In Transport,05,On Roadway,5,,,,,,06,Non-Junction,03,Dark - Lighted,3/2/2025,2025-03-02,S,2.08,F,N,,,0F055FE906D95E49E20477A7E98C8A6612D0B676668A27339579087070282DBC,CO,01,No,,,,,01,Dry,,,,,,,,
Property Damage Crashes,DA2910002S,Prince George's County Police,Front to Rear,Prince George's,Principal Arterial – Other,No,No,No,No,No,,1,UNITED STATE ROUTE,No,True,No,1/17/2025,No,Point,38.998590933,-76.931488908,PGCOPD,03,16,03,No,18,03,18:38,2025,Friday,12,Motor Vehicle In Transport,05,On Roadway,3,Perpendicular,,,GREENBELT RD GREENBELT RD (WB/L),03,05,Intersection or Related,03,Dark - Lighted,1/17/2025,2025-01-17,S,0,F,N,,,E4E880BA64776B3268FA658218829B558DD485C7CFD612BF839C3ADA51CDBF85,US,01,No,27,Curb,10,Separator/Traffic Island,01,Dry,01,Signalized,,,,,,
Property Damage Crashes,MSP7787006R,Maryland State Police,Front to Rear,Prince George's,Interstate,No,No,No,No,No,CAPITAL BELTWAY,95,INTERSTATE ROUTE,No,True,No,5/1/2025,No,Point,38.933768317,-76.8547521,MSP,03,16,03,No,20,,20:08,2025,Thursday,12,Motor Vehicle In Transport,05,On Roadway,1,,,,,,06,Non-Junction,04,Dark - Not Lighted,5/1/2025,2025-05-01,W,22.84,F,N,,,465577EF3553E6A03EBEB74CBE4C3B925E76059C3912F4BC5EC9A720D7EE34E1,IS,01,No,12,Motor Vehicle In Transport,05,On Roadway,01,Dry,,,,,,,,
Injury Crashes,BW0178004J,Greenbelt Police Department,Front to Rear,Prince George's,Principal Arterial – Other,No,No,No,No,No,GREENBELT RD,193,MARYLAND ROUTE,No,True,No,2/16/2025,No,Point,38.994236009,-76.878769788,GREENBELT,03,16,02,No,2,,02:20,2025,Sunday,12,Motor Vehicle In Transport,05,On Roadway,3,,101,State,,,01,Acceleration/Deceleration Lane,04,Dark - Not Lighted,2/16/2025,2025-02-16,N,16.18,F,N,,,86154C05BFBAB36A0075C3CD9ECC14ED40D8FB63805B41401F8EC83D0E7622DA,MD,01,No,38,Traffic Sign Support,03,Median,09,Wet,,,,,,,,
Property Damage Crashes,MSP757700KW,Maryland State Police,Front to Rear,Prince George's,Interstate,No,No,No,No,No,CAPITAL BELTWAY,95,INTERSTATE ROUTE,No,True,No,5/20/2025,No,Point,39.013088333,-76.905563333,MSP,03,16,03,No,15,,15:38,2025,Tuesday,12,Motor Vehicle In Transport,05,On Roadway,1,,,,,,09,Through Roadway,01,Daylight,5/20/2025,2025-05-20,E,40.5,F,N,,,F670B4C8E62CECAD41381FF2C8C7D92BF5EF475512B9C8B28EB583AFF4D6096F,IS,01,No,97,Not Applicable,,,01,Dry,,,,,,,,
Injury Crashes,DA4296003X,Prince George's County Police,Rear To Side,Prince George's,,No,No,No,No,No,,87,COUNTY ROAD,No,True,No,2/19/2025,No,Point,38.866749526,-76.861997037,PGCOPD,05,16,02,Yes,14,04,14:56,2025,Wednesday,12,Motor Vehicle In Transport,05,On Roadway,,Angled/Skewed,,,ALBERTA DR LAURA LA,01,05,Intersection or Related,01,Daylight,2/19/2025,2025-02-19,N,0,F,N,,,FA9F11A0A738699467D99511831A6BDBF54A5FD68C906474DCE3835796C6869F,CO,01,No,,,,,01,Dry,01,Signalized,,,,,,
Property Damage Crashes,DA3380009L,Prince George's County Police,Front to Rear,Prince George's,Local,No,No,No,No,No,CANBERRA DR,4016,COUNTY ROAD,No,True,No,3/17/2025,No,Point,38.7682266,-76.8737878,PGCOPD,03,16,03,No,21,,21:12,2025,Monday,12,Motor Vehicle In Transport,05,On Roadway,7,,,,,,09,Through Roadway,04,Dark - Not Lighted,3/17/2025,2025-03-17,N,12.23,F,N,,,F80E04D3977C3939C03CE1AC2C96A6C3CDE3F42566A494FA8376837F46D786C5,CO,01,No,15,Parked Vehicle,05,On Roadway,01,Dry,,,,,,,,
Property Damage Crashes,DA4249006P,Prince George's County Police,Angle,Prince George's,Major Collector,No,No,No,No,No,HILL RD,360,COUNTY ROAD,No,True,No,2/13/2025,No,Point,38.905534941,-76.892938256,PGCOPD,01,16,03,No,14,,14:41,2025,Thursday,12,Motor Vehicle In Transport,05,On Roadway,5,,,,,,06,Non-Junction,01,Daylight,2/13/2025,2025-02-13,N,28.52,F,N,,,37486D8F5B2CCDCC0AC51ACE34306DD48B30DBC758A53207CFBC3955AFA81583,CO,01,No,,,,,01,Dry,,,,,,,,
Property Damage Crashes,CE4152008H,Laurel Police Department,Single Vehicle,Prince George's,,No,No,No,No,Yes,,,,No,True,Yes,3/15/2025,Yes,Point,39.094516707,-76.861072372,LAUREL,101,16,03,,18,,18:36,2025,Saturday,13,Other Non-Fixed Object,02,In Parking Lane Or Zone,,,,,,,,,01,Daylight,3/15/2025,2025-03-15,,,F,N,102,Parking Lot Way,,,01,No,,,,,,,,,N,04,Activity Area,05,Other Type of Work Zone,No
Property Damage Crashes,MSP7770006Q,Maryland State Police,"Sideswipe, Same Direction",Prince George's,Principal Arterial – Other,No,No,No,No,No,CRAIN HWY,301,UNITED STATE ROUTE,No,True,No,3/4/2025,No,Point,38.84234,-76.727125,MSP,07,16,03,No,7,,07:25,2025,Tuesday,12,Motor Vehicle In Transport,05,On Roadway,3,,,,,,06,Non-Junction,01,Daylight,3/4/2025,2025-03-04,E,19.75,F,N,,,ED38012DEB6B788531585F04D88546CA59917053A36053884F5421D289737A99,US,01,No,,,,,01,Dry,,,,,,,,
Property Damage Crashes,CNC3183002B,New Carrollton Police Department,"Sideswipe, Same Direction",Prince George's,Local,No,No,No,No,No,,433,MARYLAND ROUTE,No,True,No,2/4/2025,No,Point,38.957812800,-76.869161873,NCPD,07,16,03,No,15,,15:48,2025,Tuesday,12,Motor Vehicle In Transport,05,On Roadway,7,,,,,,09,Through Roadway,01,Daylight,2/4/2025,2025-02-04,S,34.64,F,N,,,AAE30DFAD14502BB2EFB4BDE26FA0FD61C58FD852EAE6375B3E6F9AD7DD04C1D,MD,01,No,,,,,01,Dry,,,,,,,,
Injury Crashes,DA4373002F,Prince George's County Police,Single Vehicle,Prince George's,Principal Arterial – Other Freeways and Expressways,No,No,No,No,No,ALLENTOWN RD (SB/L),337,MARYLAND ROUTE,No,True,No,4/20/2025,No,Point,38.805713502,-76.905141846,PGCOPD,101,16,02,No,6,,06:00,2025,Sunday,32,Guardrail Face,09,Roadside,2,,,,,,09,Through Roadway,100,Dawn,4/20/2025,2025-04-20,S,31.87,F,N,,,A9B6E08097BBD67129818ED2F16DBA47265C428462B470FD649E033968F1F436,MD,01,No,,,,,01,Dry,,,,,,,,
Injury Crashes,DA405100DC,Prince George's County Police,Single Vehicle,Prince George's,,No,No,No,Yes,Yes,,,,No,True,No,2/14/2025,No,Point,38.992548172,-76.933888607,PGCOPD,101,16,02,,21,,21:03,2025,Friday,14,Other Non-Motorist,04,"Off-Roadway, Location Unknown",,,,,,,,,03,Dark - Lighted,2/14/2025,2025-02-14,,,F,N,107,Alley,,,01,No,14,Other Non-Motorist,04,"Off-Roadway, Location Unknown",,,,,,,,,,
Property Damage Crashes,AZ1744000K,Cheverly Police Department,Front to Rear,Prince George's,Local,No,No,No,No,No,OLD LANDOVER RD,1734,COUNTY ROAD,No,True,No,1/10/2025,No,Point,38.933274192,-76.907895398,CHEVERLY,03,16,03,No,21,04,21:22,2025,Friday,12,Motor Vehicle In Transport,05,On Roadway,7,Perpendicular,,,63RD PL,03,05,Intersection or Related,03,Dark - Lighted,1/10/2025,2025-01-10,N,0,F,N,,,0CB10AA81CD49922CA78F4F486217536B12CA6AB4B828CE13C59EC4B5F264172,CO,01,No,12,Motor Vehicle In Transport,05,On Roadway,01,Dry,05,No Controls,,,,,,
Property Damage Crashes,DA4380002N,Prince George's County Police,"Sideswipe, Same Direction",Prince George's,Local,No,Yes,No,No,No,LAMPTON LA,4297,COUNTY ROAD,No,True,No,1/8/2025,No,Point,38.717928137,-76.991395926,PGCOPD,07,16,03,No,12,,12:10,2025,Wednesday,12,Motor Vehicle In Transport,05,On Roadway,7,,,,,,01,Acceleration/Deceleration Lane,01,Daylight,1/8/2025,2025-01-08,S,16.72,F,N,,,0E629605394969FEEE52C9B1E5DB8A7E7A360606DD8B69F0EE462248304E0963,CO,01,No,,,,,02,Ice/Frost,,,,,,,,
Property Damage Crashes,DA4411000V,Prince George's County Police,Unknown,Prince George's,,No,No,No,No,Yes,,,,Yes,True,No,4/26/2025,No,Point,38.899732367,-76.795977320,PGCOPD,99,16,03,,12,,12:30,2025,Saturday,19,Strikes Object at Rest from Motor Vehicle In Transport,02,In Parking Lane Or Zone,,,,,,,,,01,Daylight,4/26/2025,2025-04-26,,,F,N,102,Parking Lot Way,,,01,No,,,,,,,,,,,,,,
Property Damage Crashes,CBPD0048008W,Bowie Police Department,Unknown,Prince George's,Local,No,No,No,No,No,MAPLE AVE,1660,MUNICIPAL ROAD,Yes,True,No,5/13/2025,No,Point,39.008343235,-76.781689524,BOWIE,99,16,03,Yes,14,,14:48,2025,Tuesday,12,Motor Vehicle In Transport,05,On Roadway,7,,,,,,99,Unknown,01,Daylight,5/13/2025,2025-05-13,S,0.62,F,N,,,82C497E2F912AD0DE124B63E64ADC4C5070D428D8ACFDC233E1665BAC04E2E3A,MU,01,No,12,Motor Vehicle In Transport,05,On Roadway,09,Wet,,,,,,,,
Injury Crashes,DA37070053,Prince George's County Police,Front to Rear,Prince George's,Minor Arterial,No,No,No,No,No,GOOD LUCK RD,42,COUNTY ROAD,No,True,No,5/19/2025,No,Point,38.977821358,-76.855825177,PGCOPD,03,16,02,No,15,,15:07,2025,Monday,12,Motor Vehicle In Transport,05,On Roadway,4,,,,,,06,Non-Junction,01,Daylight,5/19/2025,2025-05-19,N,24.31,F,N,,,7A4CCEBA98417885AA75554058906A01405C3E5E37EF9FD2CDBE9DCD6185ABAC,CO,01,No,,,,,01,Dry,,,,,,,,
Property Damage Crashes,MSP744700N9,Maryland State Police,Single Vehicle,Prince George's,Major Collector,No,No,No,No,No,CHURCH RD,59,COUNTY ROAD,No,True,No,3/19/2025,No,Point,38.910546446,-76.756038237,MSP,101,16,03,No,19,,19:02,2025,Wednesday,35,"Other Fixed Object (wall, building, tunnel, etc.)",09,Roadside,5,,,,,,06,Non-Junction,01,Daylight,3/19/2025,2025-03-19,W,42.98,F,N,,,44530E14F916F5723178F6584A18254F7D9B8DBEEF2106B056F7284849D2749E,CO,01,No,,,,,01,Dry,,,,,,,,
Injury Crashes,DA4365003J,Prince George's County Police,Angle,Prince George's,Local,No,No,No,No,No,WELLINGTON ST,1516,COUNTY ROAD,No,True,No,2/10/2025,No,Point,38.978932966,-76.845719335,PGCOPD,01,16,02,No,12,04,12:33,2025,Monday,12,Motor Vehicle In Transport,05,On Roadway,7,Perpendicular,,,96TH AVE,03,05,Intersection or Related,01,Daylight,2/10/2025,2025-02-10,W,0,F,N,,,15AD131CE6670DF97A76109451360508B84D1E118AACB72F583F70BC421F88F7,CO,01,No,,,,,01,Dry,03,Stop - Partial,,,,,,
Property Damage Crashes,DA4402000Z,Prince George's County Police,Angle,Prince George's,Minor Arterial,No,No,No,No,No,BENNING RD,377,COUNTY ROAD,No,True,No,4/5/2025,No,Point,38.873143117,-76.928730424,PGCOPD,01,16,03,No,16,,16:35,2025,Saturday,12,Motor Vehicle In Transport,05,On Roadway,4,,,,,,09,Through Roadway,01,Daylight,4/5/2025,2025-04-05,S,12.44,F,N,,,105CFC3D01810268F97D2BE6DA6F0AA217412BB46D3076FF6FF4AC3AE2E9C7FD,CO,01,No,,,,,01,Dry,,,,,,,,
Property Damage Crashes,DA3829005N,Prince George's County Police,Angle,Prince George's,Major Collector,No,No,No,No,No,ACCOKEEK RD,373,MARYLAND ROUTE,No,True,No,3/18/2025,No,Point,38.678116334,-76.939201461,PGCOPD,01,16,03,No,17,04,17:45,2025,Tuesday,12,Motor Vehicle In Transport,05,On Roadway,5,Perpendicular,,,GARDNER RD,03,05,Intersection or Related,01,Daylight,3/18/2025,2025-03-18,S,0,F,N,,,6B5F7183B8C9C7D7883FA40CA40018CEA8AE71AF2A26BF303BC164583D6DC2FB,MD,01,No,,,,,01,Dry,03,Stop - Partial,,,,,,
Property Damage Crashes,MSP745800TG,Maryland State Police,Single Vehicle,Prince George's,Interstate,No,No,No,No,No,RAMP 4 FR IS 95 NB TO IS 595 EB,95,RAMP,No,True,No,5/30/2025,No,Point,38.942986667,-76.856696667,MSP,101,16,03,No,5,,05:17,2025,Friday,07,Overturn/Rollover,07,"On Shoulder, Right Side",1,,,,,,01,Acceleration/Deceleration Lane,100,Dawn,5/30/2025,2025-05-30,N,30.59,F,N,,,D554D1F33DFC30953DB3B9711345DCE44CA67A033D9804F82952A86DB5807D71,RP,01,No,,,,,09,Wet,,,,,,,,
Injury Crashes,DA34060033,Prince George's County Police,Angle,Prince George's,Local,No,No,No,No,No,AMMENDALE RD,10,COUNTY ROAD,Yes,True,No,5/4/2025,No,Point,39.057681168,-76.904448232,PGCOPD,01,16,02,No,16,03,16:07,2025,Sunday,12,Motor Vehicle In Transport,05,On Roadway,7,Perpendicular,,,VIRGINIA MANOR RD,03,05,Intersection or Related,01,Daylight,5/4/2025,2025-05-04,S,0,F,N,,,367748DBDBBF6AF19A47351AD6297C5A0A088DEEF80819B5A54B0555BE816942,CO,01,No,,,,,01,Dry,04,Yield,,,,,,
Property Damage Crashes,CE5049002V,Laurel Police Department,Single Vehicle,Prince George's,Minor Arterial,Yes,No,No,No,No,VAN DUSEN RD,415,MUNICIPAL ROAD,No,True,No,5/21/2025,No,Point,39.101741105,-76.871164153,LAUREL,101,16,03,No,3,,03:06,2025,Wednesday,27,Curb,10,Separator/Traffic Island,4,,,,,,09,Through Roadway,03,Dark - Lighted,5/21/2025,2025-05-21,N,18.64,F,N,,,F2BF85DE0E90A1CE2B1DE181B2773D05E5FF43441DC55E391E6D338B13D193B0,MU,01,No,,,,,09,Wet,,,,,,,,
Injury Crashes,MSP7773001R,Maryland State Police,Front to Rear,Prince George's,Interstate,No,No,No,No,No,CAPITAL BELTWAY,95,INTERSTATE ROUTE,No,True,No,3/22/2025,No,Point,38.983408333,-76.877846667,MSP,03,16,02,No,22,,22:47,2025,Saturday,12,Motor Vehicle In Transport,05,On Roadway,1,,,,,,06,Non-Junction,04,Dark - Not Lighted,3/22/2025,2025-03-22,S,44.08,F,N,,,B93BB9EEF778C247A4C11FA743A8AF97CB1CF08A7F519D7EC8A9BC64DD4EC1D5,IS,01,No,,,,,01,Dry,,,,,,,,
Property Damage Crashes,MSP77700074,Maryland State Police,"Sideswipe, Same Direction",Prince George's,Interstate,No,Yes,No,No,No,CAPITAL BELTWAY (SB/L),95,INTERSTATE ROUTE,No,True,No,3/27/2025,No,Point,38.93401,-76.855313333,MSP,07,16,03,No,8,,08:49,2025,Thursday,12,Motor Vehicle In Transport,05,On Roadway,1,,,,,,06,Non-Junction,01,Daylight,3/27/2025,2025-03-27,E,51.94,F,N,,,F08EFCA97A3AAA34BFDC3C849E15F450A3048C6003BE14ADB8E65519AE0AA1EB,IS,01,No,,,,,01,Dry,,,,,,,,
Property Damage Crashes,DA4083006W,Prince George's County Police,Front to Rear,Prince George's,,No,No,No,No,Yes,,,,No,True,No,6/2/2025,No,Point,39.003916878,-76.976438538,PGCOPD,03,16,03,,14,,14:04,2025,Monday,12,Motor Vehicle In Transport,99,Unknown,,,,,,,,,01,Daylight,6/2/2025,2025-06-02,,,F,N,102,Parking Lot Way,,,01,No,,,,,,,,,,,,,,
Property Damage Crashes,DA384000JV,Prince George's County Police,"Sideswipe, Opposite Direction",Prince George's,Principal Arterial – Other,No,No,No,No,No,OXON HILL RD,414,MARYLAND ROUTE,No,True,No,6/5/2025,No,Point,38.803032080,-76.993760299,PGCOPD,06,16,03,No,13,,13:48,2025,Thursday,12,Motor Vehicle In Transport,05,On Roadway,3,,,,,,06,Non-Junction,01,Daylight,6/5/2025,2025-06-05,E,34.47,F,N,,,D178B23263467A84C0340668E2824504F09AE4EEAF633E937814B3DD7AF94006,MD,01,No,,,,,01,Dry,,,,,,,,
Property Damage Crashes,MSP7701005B,Maryland State Police,Front to Rear,Prince George's,Interstate,No,No,No,No,No,CAPITAL BELTWAY,95,INTERSTATE ROUTE,No,True,No,1/10/2025,No,Point,38.819027481,-76.929057678,MSP,03,16,03,No,14,,14:36,2025,Friday,12,Motor Vehicle In Transport,05,On Roadway,1,,,,,,09,Through Roadway,01,Daylight,1/10/2025,2025-01-10,W,2.81,F,N,,,ED5A18B12A7C3599FE78B24DD1F49BAFDA2687531DEFE2C858F8E1F5556B933E,IS,01,No,,,,,01,Dry,,,,,,,,
Injury Crashes,DA43370034,Prince George's County Police,Front to Rear,Prince George's,Minor Arterial,No,No,No,No,No,ADELPHI RD,232,COUNTY ROAD,No,True,No,4/15/2025,No,Point,38.984657244,-76.955545670,PGCOPD,03,16,02,No,13,,13:34,2025,Tuesday,12,Motor Vehicle In Transport,05,On Roadway,4,,,,,,06,Non-Junction,01,Daylight,4/15/2025,2025-04-15,E,12.77,F,N,,,A13AE3197120BFD708A21E5C66A1A6ACF31C45E4CF6EAFD183E4D009144B28E2,CO,01,No,,,,,01,Dry,,,,,,,,
Property Damage Crashes,DA4373001Z,Prince George's County Police,Front to Rear,Prince George's,Principal Arterial – Other,No,No,No,No,No,BRANCH AVE,5,MARYLAND ROUTE,No,True,No,1/15/2025,No,Point,38.837261760,-76.944824546,PGCOPD,03,16,03,No,19,,19:00,2025,Wednesday,12,Motor Vehicle In Transport,05,On Roadway,3,,,,,,09,Through Roadway,03,Dark - Lighted,1/15/2025,2025-01-15,E,44.02,F,N,,,A354DA4BF8527A4CBC988A0BF743510D6B5F68B9C564A7C6B9DD6422268A5BBB,MD,01,No,,,,,01,Dry,,,,,,,,
Property Damage Crashes,DA4183006M,Prince George's County Police,Other,Prince George's,Local,No,No,No,No,No,CEDAR RIDGE RD,3699,COUNTY ROAD,No,True,No,2/9/2025,No,Point,38.784299329,-77.001138113,PGCOPD,98,16,03,No,3,,03:16,2025,Sunday,15,Parked Vehicle,05,On Roadway,7,,,,,,06,Non-Junction,03,Dark - Lighted,2/9/2025,2025-02-09,S,9.49,F,N,,,BCA05A8C6347398408761B179C633E7BE7BC18E391747FEDA049878C4B409E4C,CO,01,No,,,,,09,Wet,,,,,,,,
Injury Crashes,DA3040001K,Prince George's County Police,Angle,Prince George's,Major Collector,No,No,No,No,No,DONNELL DR (NB/L),1679,COUNTY ROAD,No,True,No,4/21/2025,No,Point,38.847665177,-76.885085789,PGCOPD,01,16,02,No,18,,18:45,2025,Monday,12,Motor Vehicle In Transport,05,On Roadway,5,,,,,,03,Driveway Access or Related,01,Daylight,4/21/2025,2025-04-21,S,34.72,F,N,,,FD5CCC2B6BA755B9F72BA56E14A1301AEB6D15D223104BCEF15DACC1E51C7248,CO,01,No,,,,,01,Dry,,,,,,,,
Property Damage Crashes,DA3973006P,Prince George's County Police,"Sideswipe, Same Direction",Prince George's,Principal Arterial – Other,No,No,No,No,No,NEW HAMPSHIRE AVE (SB/L),650,MARYLAND ROUTE,No,True,No,5/20/2025,No,Point,39.002606101,-76.981790231,PGCOPD,07,16,03,No,8,,08:37,2025,Tuesday,12,Motor Vehicle In Transport,05,On Roadway,3,,,,,,06,Non-Junction,01,Daylight,5/20/2025,2025-05-20,N,69.16,F,N,,,A7CE6877D84444DB64576E5ADC58AF8BFB05EBC32C2602793735F14F78082963,MD,01,No,,,,,01,Dry,,,,,,,,
Property Damage Crashes,MSP746700FT,Maryland State Police,Single Vehicle,Prince George's,Principal Arterial – Other,No,No,No,No,No,PENNSYLVANIA AVE (SB/L),4,MARYLAND ROUTE,No,True,No,4/9/2025,No,Point,38.813043333,-76.79624,MSP,101,16,03,No,19,,19:19,2025,Wednesday,40,Tree (standing),05,On Roadway,3,,,,,,09,Through Roadway,04,Dark - Not Lighted,4/9/2025,2025-04-09,S,35.49,F,N,,,224FCA7B5587D99B576813DCD62B6022EEAF39F3B9D3290A158D671683075A73,MD,01,No,,,,,01,Dry,,,,,,,,
Property Damage Crashes,DA4431000Y,Prince George's County Police,"Sideswipe, Same Direction",Prince George's,Local,No,Yes,No,No,No,FAIRVIEW AVE,763,COUNTY ROAD,No,True,No,3/24/2025,No,Point,38.974921848,-76.988279873,PGCOPD,07,16,03,No,9,,09:00,2025,Monday,12,Motor Vehicle In Transport,05,On Roadway,7,,,,,,06,Non-Junction,01,Daylight,3/24/2025,2025-03-24,S,12.33,F,N,,,2B53B81CE027388B18C79449BA9B88C75142756F28FF40FF75F0DCE21423A811,CO,02,"Yes, School Bus Directly Involved",,,,,09,Wet,,,,,,,,
Injury Crashes,DA4372001H,Prince George's County Police,Other,Prince George's,,Yes,No,No,No,No,NO NAME,1156,LOCAL ROAD,No,True,No,6/1/2025,No,Point,38.835735230,-76.943745162,PGCOPD,98,16,02,No,23,,23:38,2025,Sunday,12,Motor Vehicle In Transport,05,On Roadway,,,,,BRANCH AVE (SB/L),,06,Non-Junction,03,Dark - Lighted,6/1/2025,2025-06-01,W,20.25,F,N,,,ABB0EF2434D2488F30846D3C9A07924DF214ECF1A8A8A79387A2A99B39EE35AB,LL,01,No,,,,,01,Dry,,,,,,,,
Injury Crashes,DA44080019,Prince George's County Police,Front to Rear,Prince George's,Principal Arterial – Other,No,No,No,No,No,BRANCH AVE (SB/L),5,MARYLAND ROUTE,No,True,No,3/29/2025,No,Point,38.839666431,-76.946793114,PGCOPD,03,16,02,No,16,,16:00,2025,Saturday,12,Motor Vehicle In Transport,05,On Roadway,3,,,,,,99,Unknown,01,Daylight,3/29/2025,2025-03-29,S,20.27,F,N,,,CB03DF96AE266F86050061C279BFD06C18F0F793A7B314A6B44F9AF89EC9A27A,MD,01,No,,,,,01,Dry,,,,,,,,
Property Damage Crashes,MSP743900N3,Maryland State Police,Front to Rear,Prince George's,Interstate,No,No,No,No,No,NO NAME,95,INTERSTATE ROUTE,No,True,No,4/17/2025,No,Point,39.078131667,-76.901841667,MSP,03,16,03,No,0,,00:26,2025,Thursday,12,Motor Vehicle In Transport,05,On Roadway,1,,,,,,09,Through Roadway,04,Dark - Not Lighted,4/17/2025,2025-04-17,N,38.18,F,N,,,226AF47B8BA89967D711EDDAC793DB5F7269E303C251C081D68A4E45C1F64469,IS,01,No,,,,,01,Dry,,,,,,,,