Crash Severity Description,Reportnumber,Agencyname,CollisionImpact Description,Crash County Description,FunctionalClass Description,ImpairedCrash,Large Vehicle Involved,Motorcycle Crash,Non-Motorist Crash,OffRoad,RoadName,Route Number,RouteType Description,Unrestrained Occupants,WithinDateRange,Work Zone Related,Crashdate,Work Zone Crash,CrashPoint,Latitude,Longitude,AgencyCode,CollisionImpact,Crash County,Crash Severity,Crash Within Interchange,Crashhour,CrashInterchangeApproaches,Crashtime,CrashYear,Dayofweek,FirstHarmEvent,FirstHarmEvent Description,FirstHarmLocation,FirstHarmLocation Description,FunctionalClass,Geometry Description,GovPropertyDamage,GovPropertyDamage Description,IntersectingRoadName,Intersection Geometry,JunctionRelated,JunctionRelated Description,Light,Light Description,LOD Crash Date,LOD Date Level,MilepointDirection,MilepointDistance,MilepointUnits,NonTrafficFatal,OffroadLocation,OffroadLocation Description,RoadID,RouteType,SchoolBusRelated,SchoolBusRelated Description,SecondHarmEvent,SecondHarmEvent Description,SecondHarmLocation,SecondHarmLocation Description,Surface,Surface Description,TrafficControl,Trafficcontrol Description,WZLawEnforcementPresent,WZLocation,WZLocation Description,WZType,WZType Description,WZWorkersPresent
Property Damage Crashes,MSP78720022,Maryland State Police,"Sideswipe, Same Direction",Prince George's,Principal Arterial – Other,No,No,No,No,No,STEPHANIE ROPER HWY (SB/L),4,MARYLAND ROUTE,No,True,No,2/7/2025,No,Point,38.812483166,-76.721704791,MSP,07,16,03,No,23,,23:46,2025,Friday,12,Motor Vehicle In Transport,05,On Roadway,3,,,,,,09,Through Roadway,04,Dark - Not Lighted,2/7/2025,2025-02-07,E,47.13,F,N,,,5CE557C5E93755405B4CFD9120096B8EB2C43B80F820C688A9A739F8E10F6CF7,MD,01,No,,,,,01,Dry,,,,,,,,
Property Damage Crashes,GA0018002B,Colmar Manor Police Department,Front to Front,Prince George's,,No,No,No,No,Yes,,,,Yes,True,No,4/10/2025,No,Point,38.936992483,-76.945937596,COLMAR,02,16,03,,15,,15:40,2025,Thursday,15,Parked Vehicle,04,"Off-Roadway, Location Unknown",,,,,,,,,01,Daylight,4/10/2025,2025-04-10,,,F,N,101,Parking Aisle,,,01,No,,,,,,,,,,,,,,
Property Damage Crashes,DA364800CP,Prince George's County Police,"Sideswipe, Same Direction",Prince George's,Local,No,No,No,No,No,WINTERBOURNE DR,7270,COUNTY ROAD,No,True,No,5/31/2025,No,Point,38.846662848,-76.743301206,PGCOPD,07,16,03,No,19,,19:55,2025,Saturday,12,Motor Vehicle In Transport,05,On Roadway,7,,,,,,09,Through Roadway,01,Daylight,5/31/2025,2025-05-31,S,23.92,F,N,,,86B5669B402F263CC84B0C8468EF00ECAD6351CE86E7BF584216438BC22A663B,CO,01,No,,,,,01,Dry,,,,,,,,
Property Damage Crashes,DA4283003C,Prince George's County Police,Other,Prince George's,Principal Arterial – Other,No,No,No,No,No,PENNSYLVANIA AVE,4,MARYLAND ROUTE,No,True,No,1/4/2025,No,Point,38.840654046,-76.871959900,PGCOPD,98,16,03,No,16,,16:00,2025,Saturday,12,Motor Vehicle In Transport,05,On Roadway,3,,,,,,09,Through Roadway,01,Daylight,1/4/2025,2025-01-04,N,65.82,F,N,,,6A084507E327F36E811B403C6F0F447BE9AE93197C4C876F14BDEFCB8DDAFDAB,MD,01,No,,,,,01,Dry,,,,,,,,
Fatal Crashes,MSP3901000L,Maryland State Police,Angle,Prince George's,Major Collector,No,No,No,No,No,BELLE HAVEN DR,3191,COUNTY ROAD,No,True,No,3/21/2025,No,Point,38.916335260,-76.882736751,MSP,01,16,01,Yes,19,04,19:37,2025,Friday,12,Motor Vehicle In Transport,05,On Roadway,5,Perpendicular,,,MARTIN LUTHER KING JR HWY,03,05,Intersection or Related,03,Dark - Lighted,3/21/2025,2025-03-21,S,0,F,N,,,C932359C266B34B507F550E043E8441E4E24960097001DFC9CB78B81BD84D997,CO,01,No,37,Other Traffic Barrier,09,Roadside,01,Dry,01,Signalized,,,,,,
Property Damage Crashes,MSP718600K3,Maryland State Police,Front to Rear,Prince George's,Principal Arterial – Other,No,No,No,No,No,CRAIN HWY (SB/L),301,UNITED STATE ROUTE,No,True,No,3/26/2025,No,Point,38.807530070,-76.742913968,MSP,03,16,03,No,15,,15:27,2025,Wednesday,15,Parked Vehicle,99,Unknown,3,,101,State,,,10,"Other Location Not Listed Above Within an Interchange Area (median,
shoulder and roadside)",01,Daylight,3/26/2025,2025-03-26,S,25.45,F,N,,,9DA74F5074AD9368A9BA1C32E60672228D9BC275372C3C829E61B929595A1A83,US,01,No,,,,,01,Dry,,,,,,,,
Injury Crashes,DA4375002Q,Prince George's County Police,Front to Rear,Prince George's,Principal Arterial – Other,No,No,No,No,No,WALKER MILL RD (EB/L),367,COUNTY ROAD,No,True,No,2/23/2025,No,Point,38.867186693,-76.892242689,PGCOPD,03,16,02,No,11,,11:41,2025,Sunday,12,Motor Vehicle In Transport,05,On Roadway,3,,,,,,06,Non-Junction,01,Daylight,2/23/2025,2025-02-23,S,54.16,F,N,,,8EC56256B6072C3A844254D4FE343C8ADCC5F5C3ABF6E75DA120BC58C63712FD,CO,01,No,,,,,01,Dry,,,,,,,,
Property Damage Crashes,DA4074007M,Prince George's County Police,Single Vehicle,Prince George's,Local,No,No,No,No,No,LANHAM LA,1163,COUNTY ROAD,Yes,True,No,2/11/2025,No,Point,38.787484211,-76.932704710,PGCOPD,101,16,03,No,3,,03:00,2025,Tuesday,27,Curb,09,Roadside,7,,,,,,06,Non-Junction,03,Dark - Lighted,2/11/2025,2025-02-11,W,20.53,F,N,,,CF38BAF77F025E4292C4DC0A26C2CFDABDF9DD242B03FCDB2E649A5A97D511DC,CO,01,No,30,Fence,04,"Off-Roadway, Location Unknown",01,Dry,,,,,,,,
Property Damage Crashes,DA384400FF,Prince George's County Police,"Sideswipe, Opposite Direction",Prince George's,Local,No,No,No,No,No,NO NAME,395,OTHER PUBLIC ROAD,No,True,No,1/11/2025,No,Point,38.989237578,-76.981431356,PGCOPD,06,16,03,No,21,,21:15,2025,Saturday,12,Motor Vehicle In Transport,05,On Roadway,7,,,,,,06,Non-Junction,04,Dark - Not Lighted,1/11/2025,2025-01-11,S,162.69,F,N,,,45C28754AE1A1318305517F4EEE4EDCC19B2436DAEE9881ABC7DCE3872494059,OP,01,No,,,,,07,Snow,,,,,,,,
Injury Crashes,CE4914008Z,Laurel Police Department,Front to Rear,Prince George's,Principal Arterial – Other,Yes,No,No,No,No,FORT MEADE RD (WB/L),198,MARYLAND ROUTE,No,True,No,1/26/2025,No,Point,39.095424462,-76.842120742,LAUREL,03,16,02,No,6,,06:59,2025,Sunday,12,Motor Vehicle In Transport,05,On Roadway,3,,,,IRVING ST LAUREL BOWIE RD LAUREL BOWIE RD (SB/L),,06,Non-Junction,100,Dawn,1/26/2025,2025-01-26,W,8.34,F,N,,,DCCF5FCB6698750716EDF2940995588BEA2DBC76A3C4BB84732C80ACE2CC7A01,MD,01,No,,,,,01,Dry,,,,,,,,
Property Damage Crashes,MSP647600J8,Maryland State Police,Front to Rear,Prince George's,Interstate,No,No,No,No,No,CAPITAL BELTWAY,95,INTERSTATE ROUTE,No,True,No,5/1/2025,No,Point,38.817700630,-76.938280479,MSP,03,16,03,No,19,,19:14,2025,Thursday,12,Motor Vehicle In Transport,05,On Roadway,1,,,,,,09,Through Roadway,01,Daylight,5/1/2025,2025-05-01,W,20.8,F,N,,,0834E6C064E6486981E2AA746517664D24122BA02BA97C003F84C6CDDA7C967A,IS,01,No,,,,,01,Dry,,,,,,,,
Property Damage Crashes,MSP77730023,Maryland State Police,Front to Rear,Prince George's,Principal Arterial – Other Freeways and Expressways,No,No,No,No,No,JOHN HANSON HWY,50,UNITED STATE ROUTE,No,True,No,4/9/2025,No,Point,38.943801028,-76.877652939,MSP,03,16,03,No,7,,07:10,2025,Wednesday,12,Motor Vehicle In Transport,05,On Roadway,2,,,,,,04,Entrance/Exit Ramp or Related,01,Daylight,4/9/2025,2025-04-09,W,9.69,F,N,,,4E93E91E049F95EDF0EFC2D3EA5EF82FA655D2C534EDB5166EE557EFC5DF6C02,US,01,No,,,,,01,Dry,,,,,,,,
Property Damage Crashes,MSP766400B5,Maryland State Police,Rear To Rear,Prince George's,Interstate,No,No,No,No,No,CAPITAL BELTWAY (SB/L),95,INTERSTATE ROUTE,No,True,No,4/18/2025,No,Point,38.833027237,-76.871804684,MSP,04,16,03,No,16,,16:59,2025,Friday,12,Motor Vehicle In Transport,05,On Roadway,1,,,,,,09,Through Roadway,01,Daylight,4/18/2025,2025-04-18,N,29.18,F,N,,,1C8056ECE8AA571632041BA07ED9DCE12E68F04469E216F1A33F01AA6DB05841,IS,01,No,,,,,01,Dry,,,,,,,,
Property Damage Crashes,CNC3164007R,New Carrollton Police Department,"Sideswipe, Same Direction",Prince George's,,No,No,No,No,Yes,,,,No,True,No,3/2/2025,No,Point,38.955982298,-76.871625924,NCPD,07,16,03,,12,,12:09,2025,Sunday,12,Motor Vehicle In Transport,04,"Off-Roadway, Location Unknown",,,,,,,,,01,Daylight,3/2/2025,2025-03-02,,,F,N,100,Parking Stall,,,01,No,,,,,,,,,,,,,,
Property Damage Crashes,DA3380009Z,Prince George's County Police,Other,Prince George's,Local,No,No,No,No,No,MATAPEAKE BUSINESS DR,6293,COUNTY ROAD,No,True,No,5/3/2025,No,Point,38.674929854,-76.871659108,PGCOPD,98,16,03,No,19,,19:09,2025,Saturday,12,Motor Vehicle In Transport,05,On Roadway,7,,,,,,01,Acceleration/Deceleration Lane,01,Daylight,5/3/2025,2025-05-03,E,40.19,F,N,,,7DD18A112FC0C19A994A6DBD5C192CAAA34EC7E4638FEE8DD960EAD712303F77,CO,01,No,12,Motor Vehicle In Transport,05,On Roadway,01,Dry,,,,,,,,
Property Damage Crashes,RD01190041,Riverdale Park Police Department,Front to Rear,Prince George's,Principal Arterial – Other,No,No,No,No,No,KENILWORTH AVE (SB/L),201,MARYLAND ROUTE,No,True,No,2/12/2025,No,Point,38.953066045,-76.923947977,RIVERDALE,03,16,03,No,12,,12:40,2025,Wednesday,12,Motor Vehicle In Transport,05,On Roadway,3,,,,,,99,Unknown,01,Daylight,2/12/2025,2025-02-12,S,31.83,F,N,,,DAD408552C827D4A22E101611C170B3AB55A7C0CE63314653096B0535C9D2DFC,MD,01,No,,,,,07,Snow,,,,,,,,
Property Damage Crashes,DA3774008D,Prince George's County Police,Unknown,Prince George's,,No,No,No,No,Yes,,,,No,True,No,1/13/2025,No,Point,38.9771564,-76.9374655,PGCOPD,99,16,03,,17,,17:03,2025,Monday,12,Motor Vehicle In Transport,02,In Parking Lane Or Zone,,,,,,,,,03,Dark - Lighted,1/13/2025,2025-01-13,,,F,N,100,Parking Stall,,,01,No,,,,,,,,,,,,,,
Property Damage Crashes,DA34650088,Prince George's County Police,Single Vehicle,Prince George's,Major Collector,No,No,No,No,No,HEATHERMORE BLVD,3923,COUNTY ROAD,No,True,No,5/30/2025,No,Point,38.772951611,-76.794027016,PGCOPD,101,16,03,No,3,,03:32,2025,Friday,07,Overturn/Rollover,05,On Roadway,5,,,,,,06,Non-Junction,03,Dark - Lighted,5/30/2025,2025-05-30,N,264.96,F,N,,,F4B53D9F154853E41BDB0A9DE1D11D00CA1D1EC107B3A3283F367B81897DF522,CO,01,No,97,Not Applicable,,,09,Wet,,,,,,,,
Injury Crashes,DA4343003D,Prince George's County Police,Angle,Prince George's,Minor Arterial,No,No,No,No,No,RITZ WAY (SB/L),212,MARYLAND ROUTE,No,True,No,5/16/2025,No,Point,39.059301488,-76.892704031,PGCOPD,01,16,02,Yes,6,05,06:00,2025,Friday,12,Motor Vehicle In Transport,05,On Roadway,4,Perpendicular,,,VIRGINIA MANOR RD,03,05,Intersection or Related,01,Daylight,5/16/2025,2025-05-16,W,0,F,N,,,DDA8C62FF2452D8D8C4061A4A772DBD2EFE606F62C6E22BFE7294A72CA48000A,MD,01,No,,,,,01,Dry,05,No Controls,,,,,,
Property Damage Crashes,BW0214001B,Greenbelt Police Department,"Sideswipe, Same Direction",Prince George's,Principal Arterial – Other,No,No,No,No,No,GREENBELT RD (WB/L),193,MARYLAND ROUTE,No,True,No,5/28/2025,No,Point,38.994258172,-76.878114474,GREENBELT,07,16,03,Yes,7,03,07:43,2025,Wednesday,12,Motor Vehicle In Transport,05,On Roadway,3,Perpendicular,,,,03,05,Intersection or Related,98,Other,5/28/2025,2025-05-28,N,0,F,N,,,A913A0BDBFB86A507E82100B244D053A5A178EA754BE7AFD25295AFF40718231,MD,01,No,,,,,09,Wet,01,Signalized,,,,,,
Property Damage Crashes,ZP05110005,Prince George's County Sheriff's Office,Front to Rear,Prince George's,Principal Arterial – Other,No,No,No,No,No,MARLBORO PIKE,725,MARYLAND ROUTE,No,True,No,5/16/2025,No,Point,38.823685498,-76.739660496,PGCOSHERIFF,03,16,03,No,7,,07:47,2025,Friday,12,Motor Vehicle In Transport,05,On Roadway,3,,,,,,06,Non-Junction,01,Daylight,5/16/2025,2025-05-16,S,51.89,F,N,,,3B2E35FA92F43FBEDE4FCA49E32991E7D6939186337107B4304CDDE21BEF03C4,MD,01,No,,,,,01,Dry,,,,,,,,
Injury Crashes,DA4309002G,Prince George's County Police,Unknown,Prince George's,,No,No,No,Yes,Yes,,,,No,True,No,1/5/2025,No,Point,38.895444756,-76.824679655,PGCOPD,99,16,02,,7,,07:20,2025,Sunday,17,Pedestrian,04,"Off-Roadway, Location Unknown",,,,,,,,,03,Dark - Lighted,1/5/2025,2025-01-05,,,F,N,102,Parking Lot Way,,,01,No,,,,,,,,,,,,,,
Injury Crashes,DA4421001T,Prince George's County Police,Single Vehicle,Prince George's,Minor Arterial,No,No,No,No,No,BRANDYWINE RD,599,COUNTY ROAD,No,True,No,4/17/2025,No,Point,38.741011096,-76.896165309,PGCOPD,101,16,02,No,17,,17:30,2025,Thursday,41,Utility Pole/Light Support,09,Roadside,4,,,,,,09,Through Roadway,01,Daylight,4/17/2025,2025-04-17,E,24.91,F,N,,,3FF2BE8ECC0A84D1F6EC2975E39C0B968D1331630114846AE97DC4DFD71C6F79,CO,01,No,,,,,01,Dry,,,,,,,,
Property Damage Crashes,DA4424000T,Prince George's County Police,Front to Rear,Prince George's,Principal Arterial – Other,No,No,No,No,No,PENNSYLVANIA AVE (SB/L),4,MARYLAND ROUTE,No,True,No,4/1/2025,No,Point,38.841338554,-76.876052525,PGCOPD,03,16,03,No,20,,20:00,2025,Tuesday,12,Motor Vehicle In Transport,05,On Roadway,3,,,,,,09,Through Roadway,03,Dark - Lighted,4/1/2025,2025-04-01,N,29.16,F,N,,,42835EE2A3CA34CF967BF166EEA3658E37BBBB5815A823376C606381DAC4C3CA,MD,01,No,,,,,01,Dry,,,,,,,,
Property Damage Crashes,CBPD0131000F,Bowie Police Department,Front to Rear,Prince George's,,No,No,No,No,No,,1959,MUNICIPAL ROAD,No,True,No,4/14/2025,No,Point,38.939236238,-76.741894099,BOWIE,03,16,03,No,20,,20:36,2025,Monday,12,Motor Vehicle In Transport,05,On Roadway,,,,,ENFIELD DR,,09,Through Roadway,03,Dark - Lighted,4/14/2025,2025-04-14,S,9.46,F,N,,,EDF2F8345B1D508823594D5A5FB846F3E9DE49DC0B9150E3ED9FA429E86B3223,MU,01,No,,,,,01,Dry,,,,,,,,
Property Damage Crashes,CE4115003C,Laurel Police Department,Angle,Prince George's,,No,No,No,No,Yes,,,,No,True,No,3/14/2025,No,Point,39.077406102,-76.868067764,LAUREL,01,16,03,,17,,17:04,2025,Friday,15,Parked Vehicle,02,In Parking Lane Or Zone,,,,,,,,,01,Daylight,3/14/2025,2025-03-14,,,F,N,100,Parking Stall,,,01,No,,,,,,,,,,,,,,
Property Damage Crashes,MSP617100NS,Maryland State Police,"Sideswipe, Same Direction",Prince George's,Interstate,No,No,No,No,No,NO NAME,95,INTERSTATE ROUTE,No,True,No,4/8/2025,No,Point,39.081211667,-76.899483333,MSP,07,16,03,No,9,,09:40,2025,Tuesday,12,Motor Vehicle In Transport,05,On Roadway,1,,,,,,06,Non-Junction,01,Daylight,4/8/2025,2025-04-08,W,55.02,F,N,,,B3C8C9E1B7066C36F3F39804F31ABF4FB52EBA4DBDB543320A935282716F4C9C,IS,01,No,,,,,01,Dry,,,,,,,,
Property Damage Crashes,DA37070048,Prince George's County Police,Front to Rear,Prince George's,,No,No,No,No,No,,74,COUNTY ROAD,No,True,No,1/18/2025,No,Point,38.962750520,-76.857419134,PGCOPD,03,16,03,No,17,,17:22,2025,Saturday,12,Motor Vehicle In Transport,05,On Roadway,,,,,,,02,Crossover-Related,03,Dark - Lighted,1/18/2025,2025-01-18,N,24.38,F,N,,,EDBD67AACDE952F6BFF5630E0DB0F17B739CCBE9E52775C7EA8BCEFEF4413835,CO,01,No,,,,,01,Dry,,,,,,,,
Property Damage Crashes,DA4343002Y,Prince George's County Police,Angle,Prince George's,Major Collector,No,No,No,No,No,MUIRKIRK RD,21,COUNTY ROAD,No,True,No,3/21/2025,No,Point,39.064011654,-76.890509188,PGCOPD,01,16,03,Yes,15,04,15:30,2025,Friday,12,Motor Vehicle In Transport,05,On Roadway,5,Perpendicular,,,VIRGINIA MANOR RD,03,05,Intersection or Related,01,Daylight,3/21/2025,2025-03-21,N,0,F,N,,,EB97A1304AFE203B0CE7111A6790E7CF2A13953FAD25B2FCF2CE8C9CEF325785,CO,01,No,,,,,01,Dry,01,Signalized,,,,,,
Property Damage Crashes,DA4233007L,Prince George's County Police,Single Vehicle,Prince George's,Minor Arterial,No,No,No,No,No,,223,MARYLAND ROUTE,No,True,No,2/11/2025,No,Point,38.799623704,-76.826755962,PGCOPD,101,16,03,No,18,,18:11,2025,Tuesday,28,Ditch,09,Roadside,4,,,,,,06,Non-Junction,03,Dark - Lighted,2/11/2025,2025-02-11,N,77.67,F,N,,,4BB2A997705215E3551F51E21979CF36BEEBB3BC12BB4C88D319750BEE7A0D9E,MD,01,No,,,,,07,Snow,,,,,,,,
Property Damage Crashes,DA387800CV,Prince George's County Police,Front to Rear,Prince George's,Minor Arterial,No,No,No,No,No,ENTERPRISE RD (WB/L),193,MARYLAND ROUTE,No,True,No,4/14/2025,No,Point,38.946211377,-76.798282022,PGCOPD,03,16,03,No,15,,15:06,2025,Monday,12,Motor Vehicle In Transport,05,On Roadway,4,,,,,,06,Non-Junction,01,Daylight,4/14/2025,2025-04-14,N,26.79,F,N,,,CF4C13D64BE0C35F3F5EA961680334AFBA1CE14B67E6D9526B57735C36D4C450,MD,01,No,,,,,01,Dry,,,,,,,,
Injury Crashes,MSP766500B0,Maryland State Police,Front to Rear,Prince George's,Interstate,No,No,No,No,No,NO NAME (SB/L),95,INTERSTATE ROUTE,No,True,No,2/13/2025,No,Point,39.021693333,-76.940006667,MSP,03,16,02,No,19,,19:50,2025,Thursday,12,Motor Vehicle In Transport,05,On Roadway,1,,,,,,06,Non-Junction,04,Dark - Not Lighted,2/13/2025,2025-02-13,S,27.59,F,N,,,8597DE7C84B39F6311CCF585FE1BC91D9BC629C66757FDD7AAB44F8484125765,IS,01,No,12,Motor Vehicle In Transport,05,On Roadway,01,Dry,,,,,,,,
Property Damage Crashes,DA3911001V,Prince George's County Police,"Sideswipe, Same Direction",Prince George's,Principal Arterial – Other,No,No,No,No,No,WALKER MILL RD (EB/L),367,COUNTY ROAD,No,True,No,5/30/2025,No,Point,38.866384528,-76.892321512,PGCOPD,07,16,03,Yes,18,,18:35,2025,Friday,12,Motor Vehicle In Transport,05,On Roadway,3,,,,,,04,Entrance/Exit Ramp or Related,01,Daylight,5/30/2025,2025-05-30,N,37.52,F,N,,,942B0EEBCC0578141ED908A5AD6CA497364E9202417CC7C7238CA136B5B326F1,CO,01,No,,,,,09,Wet,,,,,,,,
Property Damage Crashes,DA3475001G,Prince George's County Police,"Sideswipe, Same Direction",Prince George's,Major Collector,No,Yes,No,No,No,BRIGHTSEAT RD,76,COUNTY ROAD,No,True,No,3/6/2025,No,Point,38.918478858,-76.860102525,PGCOPD,07,16,03,Yes,13,,13:45,2025,Thursday,12,Motor Vehicle In Transport,05,On Roadway,5,,,,,,09,Through Roadway,01,Daylight,3/6/2025,2025-03-06,S,44.04,F,N,,,B0220A27B17FE89B83C70B1424F6B1C4A3D5C24A30FF23BA6D241517D782AB1F,CO,01,No,,,,,01,Dry,,,,,,,,
Property Damage Crashes,AT1038000M,Capitol Heights Police Department,Rear To Side,Prince George's,Local,No,No,No,No,No,NO NAME,332,MARYLAND ROUTE,No,True,No,4/27/2025,No,Point,38.886766331,-76.901671738,CAPITOLHEIGHTS,05,16,03,Yes,14,,14:30,2025,Sunday,12,Motor Vehicle In Transport,05,On Roadway,7,,,,,,99,Unknown,01,Daylight,4/27/2025,2025-04-27,S,13.83,F,N,,,39B74D5D83D53F30D117BFA8937CA95B2B2617B92E3EE88AFE5EAE823B9A6591,MD,01,No,,,,,01,Dry,,,,,,,,
Injury Crashes,MSP745800Q0,Maryland State Police,Front to Rear,Prince George's,Principal Arterial – Other,No,No,No,No,No,BRANCH AVE (SB/L),5,MARYLAND ROUTE,No,True,No,2/26/2025,No,Point,38.813885,-76.913353333,MSP,03,16,02,No,11,,11:50,2025,Wednesday,12,Motor Vehicle In Transport,05,On Roadway,3,,,,,,01,Acceleration/Deceleration Lane,01,Daylight,2/26/2025,2025-02-26,N,33.43,F,N,,,29CBA6FD701EAF1420EAD6241185F91ED9E3BCD227149BAD095D1FA8FF004B24,MD,01,No,,,,,01,Dry,,,,,,,,
Injury Crashes,DA38100069,Prince George's County Police,Other,Prince George's,Interstate,No,No,No,No,No,RAMP 9 FR IS 295 SB TO NATL HARBOR BLVD,95,RAMP,No,True,No,1/2/2025,No,Point,38.786414775,-77.014669032,PGCOPD,98,16,02,No,18,,18:44,2025,Thursday,12,Motor Vehicle In Transport,05,On Roadway,1,,,,,,06,Non-Junction,03,Dark - Lighted,1/2/2025,2025-01-02,S,35.7,F,N,,,16754EF3A797ECE0A3EB6E8935F31668A47DD072C2670BEBAF34752E456EE057,RP,01,No,,,,,01,Dry,,,,,,,,
Property Damage Crashes,DA3728009V,Prince George's County Police,Front to Rear,Prince George's,Local,No,No,No,No,No,CINDY LA,2802,COUNTY ROAD,No,True,No,5/26/2025,No,Point,38.888469598,-76.889865021,PGCOPD,03,16,03,No,1,,01:39,2025,Monday,12,Motor Vehicle In Transport,04,"Off-Roadway, Location Unknown",7,,,,,,09,Through Roadway,03,Dark - Lighted,5/26/2025,2025-05-26,N,23.99,F,N,,,87A5449998D537A2A59DF431886262CBFF252E79AC098AF8CCE78402845C3642,CO,01,No,,,,,01,Dry,,,,,,,,
Property Damage Crashes,DA4203006X,Prince George's County Police,Front to Rear,Prince George's,Minor Arterial,No,No,No,No,No,QUEENS CHAPEL RD (WB/L),500,MARYLAND ROUTE,Yes,True,No,3/25/2025,No,Point,38.951387042,-76.967117866,PGCOPD,03,16,03,No,22,04,22:35,2025,Tuesday,12,Motor Vehicle In Transport,05,On Roadway,4,Perpendicular,,,CHILLUM RD (WB/L),03,05,Intersection or Related,03,Dark - Lighted,3/25/2025,2025-03-25,E,0,F,N,,,FD256D27835E376DC6F5E2AD061B20245E8C3FFAD3ECC4243FF02616DB331283,MD,01,No,,,,,01,Dry,01,Signalized,,,,,,
Property Damage Crashes,DA4038007R,Prince George's County Police,Other,Prince George's,,No,No,No,No,No,,558,COUNTY ROAD,No,True,No,3/26/2025,No,Point,38.783519419,-76.890714993,PGCOPD,98,16,03,No,17,,17:00,2025,Wednesday,12,Motor Vehicle In Transport,05,On Roadway,,,,,,,09,Through Roadway,01,Daylight,3/26/2025,2025-03-26,N,55.66,F,N,,,F3FE10569A039DD74D7EFFD6E04F67187B9FD60FFDE73EA86B6132CF44A4BE16,CO,01,No,,,,,01,Dry,,,,,,,,
Property Damage Crashes,MSP745800T1,Maryland State Police,Single Vehicle,Prince George's,Interstate,No,No,No,No,No,CAPITAL BELTWAY,95,INTERSTATE ROUTE,No,True,No,5/13/2025,No,Point,38.817766667,-76.94524,MSP,101,16,03,No,11,,11:52,2025,Tuesday,32,Guardrail Face,07,"On Shoulder, Right Side",1,,101,State,,,01,Acceleration/Deceleration Lane,01,Daylight,5/13/2025,2025-05-13,N,25.93,F,N,,,FF7FF7B3706E758F18AA1B5EB5A3330CDD5A412EDF8866482E88F89FD2F49019,IS,01,No,,,,,09,Wet,,,,,,,,
Property Damage Crashes,MSP647600H1,Maryland State Police,"Sideswipe, Same Direction",Prince George's,Interstate,Yes,No,No,No,No,CAPITAL BELTWAY (SB LOCAL),95,INTERSTATE ROUTE,No,True,No,2/16/2025,No,Point,38.798611588,-77.008602755,MSP,07,16,03,No,21,,21:01,2025,Sunday,12,Motor Vehicle In Transport,05,On Roadway,1,,,,,,09,Through Roadway,03,Dark - Lighted,2/16/2025,2025-02-16,N,61.13,F,N,,,6B07EE4B52AF8EAECF97748323D1FB1675643F1EFE3503B94FBAD9F014D47762,IS,01,No,,,,,01,Dry,,,,,,,,
Property Damage Crashes,DA4407000Q,Prince George's County Police,Front to Rear,Prince George's,Principal Arterial – Other,No,No,No,No,No,WALKER MILL RD,367,COUNTY ROAD,No,True,No,2/15/2025,No,Point,38.864339218,-76.894428777,PGCOPD,03,16,03,Yes,19,04,19:30,2025,Saturday,12,Motor Vehicle In Transport,05,On Roadway,3,Perpendicular,,,ROCHELLE AVE,03,05,Intersection or Related,03,Dark - Lighted,2/15/2025,2025-02-15,N,0,F,N,,,AC36B7FEB8562509662016DA41FBF63D2392D0BF99F61AEB534D4B9FEA1CB7C9,CO,01,No,,,,,09,Wet,01,Signalized,,,,,,
Property Damage Crashes,DA421200FL,Prince George's County Police,Front to Rear,Prince George's,Local,No,No,No,No,No,FAIRWOOD RD,212,COUNTY ROAD,No,True,No,2/21/2025,No,Point,38.936293081,-76.892501552,PGCOPD,03,16,03,No,8,,08:30,2025,Friday,12,Motor Vehicle In Transport,05,On Roadway,7,,,,,,09,Through Roadway,99,Unknown,2/21/2025,2025-02-21,S,8.67,F,N,,,773C33448DB87AD01DEA55EC5777B3F78B1A66B394455BE0D095CEDEF98BD970,CO,01,No,,,,,01,Dry,,,,,,,,
Injury Crashes,DA3641009W,Prince George's County Police,Front to Rear,Prince George's,Principal Arterial – Other,No,No,No,No,No,EAST WEST HWY,410,MARYLAND ROUTE,No,True,Yes,5/14/2025,Yes,Point,38.975629698,-76.991228397,PGCOPD,03,16,02,No,13,,13:00,2025,Wednesday,12,Motor Vehicle In Transport,05,On Roadway,3,,,,,,06,Non-Junction,01,Daylight,5/14/2025,2025-05-14,E,50.84,F,N,,,EB54165B96C713F26C6185D050F92F23EB9B41B773BAEF554452A79D5F08672E,MD,01,No,,,,,09,Wet,,,N,04,Activity Area,01,Lane Closure,Yes
Injury Crashes,DA3808009Z,Prince George's County Police,Single Vehicle,Prince George's,,No,No,No,Yes,Yes,,,,No,True,No,4/20/2025,No,Point,38.794678400,-77.011227503,PGCOPD,101,16,02,,0,,00:26,2025,Sunday,13,Other Non-Fixed Object,04,"Off-Roadway, Location Unknown",,,,,,,,,03,Dark - Lighted,4/20/2025,2025-04-20,,,F,N,106,Driveway,,,01,No,,,,,,,,,,,,,,
Property Damage Crashes,HB05290001,Maryland-National Capital Park Police Prince George's County,"Sideswipe, Same Direction",Prince George's,,No,Yes,No,No,No,ALLENTOWN RD (SB/L),126,COUNTY ROAD,No,True,No,2/20/2025,No,Point,38.781251262,-76.945376893,PGPARK,07,16,03,No,12,,12:50,2025,Thursday,12,Motor Vehicle In Transport,05,On Roadway,,,100,Local,,,99,Unknown,01,Daylight,2/20/2025,2025-02-20,N,24.01,F,N,,,0898B73D0E149249869D9988FDD299DFDAB11DAABC5007C4E5C414BBAE08608C,CO,01,No,,,,,01,Dry,,,,,,,,