Crash Severity Description,Reportnumber,Agencyname,CollisionImpact Description,Crash County Description,FunctionalClass Description,ImpairedCrash,Large Vehicle Involved,Motorcycle Crash,Non-Motorist Crash,OffRoad,RoadName,Route Number,RouteType Description,Unrestrained Occupants,WithinDateRange,Work Zone Related,Crashdate,Work Zone Crash,CrashPoint,Latitude,Longitude,AgencyCode,CollisionImpact,Crash County,Crash Severity,Crash Within Interchange,Crashhour,CrashInterchangeApproaches,Crashtime,CrashYear,Dayofweek,FirstHarmEvent,FirstHarmEvent Description,FirstHarmLocation,FirstHarmLocation Description,FunctionalClass,Geometry Description,GovPropertyDamage,GovPropertyDamage Description,IntersectingRoadName,Intersection Geometry,JunctionRelated,JunctionRelated Description,Light,Light Description,LOD Crash Date,LOD Date Level,MilepointDirection,MilepointDistance,MilepointUnits,NonTrafficFatal,OffroadLocation,OffroadLocation Description,RoadID,RouteType,SchoolBusRelated,SchoolBusRelated Description,SecondHarmEvent,SecondHarmEvent Description,SecondHarmLocation,SecondHarmLocation Description,Surface,Surface Description,TrafficControl,Trafficcontrol Description,WZLawEnforcementPresent,WZLocation,WZLocation Description,WZType,WZType Description,WZWorkersPresent
Property Damage Crashes,DA409900F9,Prince George's County Police,Angle,Prince George's,Principal Arterial – Other,No,No,No,No,No,NEW HAMPSHIRE AVE,650,MARYLAND ROUTE,No,True,No,3/16/2025,No,Point,38.974250936,-76.995392443,PGCOPD,01,16,03,No,11,,11:39,2025,Sunday,12,Motor Vehicle In Transport,05,On Roadway,3,,,,,,09,Through Roadway,01,Daylight,3/16/2025,2025-03-16,S,27.38,F,N,,,74BE9E63EBA0CB45722A0EE5CB4AD9B08241B1622820DB023F8E7930BD1953ED,MD,01,No,,,,,01,Dry,,,,,,,,
Injury Crashes,CC02800038,Hyattsville Police Department,Front to Rear,Prince George's,Local,No,No,No,No,No,NICHOLSON ST,320,MUNICIPAL ROAD,No,True,No,5/3/2025,No,Point,38.961586496,-76.969390616,HYATTSVILLE,03,16,02,No,18,04,18:00,2025,Saturday,12,Motor Vehicle In Transport,99,Unknown,7,Angled/Skewed,,,AGER RD (NB/L),01,05,Intersection or Related,01,Daylight,5/3/2025,2025-05-03,E,0,F,N,,,09EC2161081A4553059C73FDA0346EF21C67A7F14CC0C5599265C5D73BB9F9BF,MU,01,No,,,,,01,Dry,05,No Controls,,,,,,
Property Damage Crashes,MSP744200R1,Maryland State Police,Front to Rear,Prince George's,Interstate,No,No,No,No,No,RAMP 10 FR IS 495 EB TO IS 95 SB,95,RAMP,No,True,No,2/10/2025,No,Point,39.020904267,-76.936677454,MSP,03,16,03,No,7,,07:50,2025,Monday,12,Motor Vehicle In Transport,05,On Roadway,1,,,,,,09,Through Roadway,01,Daylight,2/10/2025,2025-02-10,E,21.7,F,N,,,84AD7A63FD51F016E045CF65ADF60E5B8462D60F15A2BA638D8E629243AB3175,RP,01,No,,,,,01,Dry,,,,,,,,
Property Damage Crashes,DA4089008Y,Prince George's County Police,"Sideswipe, Same Direction",Prince George's,,No,No,No,No,Yes,,,,No,True,No,2/14/2025,No,Point,38.909121130,-76.892127914,PGCOPD,07,16,03,,18,,18:07,2025,Friday,12,Motor Vehicle In Transport,99,Unknown,,,,,,,,,101,Dusk,2/14/2025,2025-02-14,,,F,N,102,Parking Lot Way,,,01,No,,,,,,,,,,,,,,
Property Damage Crashes,MSP7875003S,Maryland State Police,Front to Rear,Prince George's,Principal Arterial – Other,No,No,No,No,No,CRAIN HWY (SB/L),301,UNITED STATE ROUTE,No,True,No,5/4/2025,No,Point,38.666438333,-76.875726667,MSP,03,16,03,No,14,,14:27,2025,Sunday,12,Motor Vehicle In Transport,05,On Roadway,3,,,,,,06,Non-Junction,01,Daylight,5/4/2025,2025-05-04,S,68.9,F,N,,,577ECAECF2DB83F44703F4DD35AA7C14B887E8A2C016CAB5A2EA5E8914C1AC5A,US,01,No,,,,,01,Dry,,,,,,,,
Injury Crashes,CC03120003,Hyattsville Police Department,Angle,Prince George's,Major Collector,No,No,No,No,No,BELCREST RD (SB/L),5678,COUNTY ROAD,No,True,No,4/7/2025,No,Point,38.965512463,-76.954034273,HYATTSVILLE,01,16,02,No,14,,14:33,2025,Monday,12,Motor Vehicle In Transport,05,On Roadway,5,,,,,,06,Non-Junction,01,Daylight,4/7/2025,2025-04-07,N,23.14,F,N,,,6DE9964E0B35A7B653C69E0D225E0ECF416AF396988FFF46C7942A918F053063,CO,01,No,,,,,01,Dry,,,,,,,,
Property Damage Crashes,DA3895003Q,Prince George's County Police,Front to Rear,Prince George's,Principal Arterial – Other,No,No,No,No,No,PENNSYLVANIA AVE,4,MARYLAND ROUTE,No,True,No,1/16/2025,No,Point,38.843760902,-76.884980593,PGCOPD,03,16,03,Yes,8,,08:14,2025,Thursday,12,Motor Vehicle In Transport,05,On Roadway,3,,,,DONNELL DR DONNELL DR (NB/L),,01,Acceleration/Deceleration Lane,01,Daylight,1/16/2025,2025-01-16,N,17.69,F,N,,,8DFE11F91774FAB09ACBE9F1E3C95E6CA4DCB8B52D38AD28FB9B773BC3110641,MD,01,No,97,Not Applicable,,,02,Ice/Frost,,,,,,,,
Property Damage Crashes,DA34330053,Prince George's County Police,"Sideswipe, Same Direction",Prince George's,Minor Arterial,No,No,No,No,No,,193,MARYLAND ROUTE,No,True,No,2/1/2025,No,Point,38.902216178,-76.793952755,PGCOPD,07,16,03,No,11,,11:47,2025,Saturday,12,Motor Vehicle In Transport,05,On Roadway,4,,,,,,09,Through Roadway,01,Daylight,2/1/2025,2025-02-01,E,12.28,F,N,,,2D12576BC45F4A79AC89999B4B002BC6A1BEBCEC0F13B830EF453533F8061D25,MD,01,No,,,,,01,Dry,,,,,,,,
Property Damage Crashes,CE11330051,Laurel Police Department,Single Vehicle,Prince George's,,No,No,No,No,Yes,,,,No,True,No,3/7/2025,No,Point,39.094096875,-76.855591493,LAUREL,101,16,03,,13,,13:58,2025,Friday,27,Curb,10,Separator/Traffic Island,,,,,,,,,01,Daylight,3/7/2025,2025-03-07,,,F,N,101,Parking Aisle,,,01,No,40,Tree (standing),02,In Parking Lane Or Zone,,,,,,,,,,
Property Damage Crashes,CE4909007J,Laurel Police Department,"Sideswipe, Same Direction",Prince George's,Principal Arterial – Other,No,No,No,No,No,BALTIMORE AVE,1,UNITED STATE ROUTE,No,True,No,3/29/2025,No,Point,39.092923004,-76.855733481,LAUREL,07,16,03,No,13,,13:16,2025,Saturday,12,Motor Vehicle In Transport,05,On Roadway,3,,,,,,09,Through Roadway,01,Daylight,3/29/2025,2025-03-29,S,3.97,F,N,,,788F698037A281C16BF65BD34D97EBED554879FAFB844073D69B15A129A2AA61,US,01,No,,,,,01,Dry,,,,,,,,
Injury Crashes,DA42700028,Prince George's County Police,"Sideswipe, Opposite Direction",Prince George's,Minor Arterial,No,No,No,No,No,ARENA DR (EB/L),5342,COUNTY ROAD,No,True,No,3/8/2025,No,Point,38.904292986,-76.843862663,PGCOPD,06,16,02,No,9,,09:34,2025,Saturday,12,Motor Vehicle In Transport,05,On Roadway,4,,,,NO NAME,,09,Through Roadway,01,Daylight,3/8/2025,2025-03-08,W,13.51,F,N,,,B875951A09F6703CA0998CDEB768FB34D39FA4322253713A4A0193ABB9BE3071,CO,01,No,12,Motor Vehicle In Transport,05,On Roadway,01,Dry,,,,,,,,
Property Damage Crashes,MSP585801FW,Maryland State Police,Single Vehicle,Prince George's,Principal Arterial – Other,No,No,No,No,No,PENNSYLVANIA AVE (SB/L),4,MARYLAND ROUTE,No,True,No,2/15/2025,No,Point,38.821853954,-76.850273179,MSP,101,16,03,No,2,,02:29,2025,Saturday,13,Other Non-Fixed Object,09,Roadside,3,,,,,,09,Through Roadway,04,Dark - Not Lighted,2/15/2025,2025-02-15,E,21.35,F,N,,,092FA7FA7700A827D6CADAA668B6E9DA20921458BD6038D3C0E5DEF5E01638AD,MD,01,No,,,,,01,Dry,,,,,,,,
Property Damage Crashes,MSP78390058,Maryland State Police,Single Vehicle,Prince George's,Interstate,No,No,No,No,No,CAPITAL BELTWAY (SB/L),95,INTERSTATE ROUTE,No,True,Yes,5/9/2025,Yes,Point,38.818746667,-76.931173333,MSP,101,16,03,No,8,,08:21,2025,Friday,32,Guardrail Face,06,"On Shoulder, Left Side",1,,101,State,,,06,Non-Junction,01,Daylight,5/9/2025,2025-05-09,N,63.91,F,N,,,294B9C9087219706D5E6283B4E4B3338D98AF14CF29FC6579E5B60AAD6702637,IS,01,No,,,,,01,Dry,,,N,04,Activity Area,03,Work on Shoulder or Median,No
Injury Crashes,DS0516000N,University of Maryland Police College Park,Unknown,Prince George's,,No,No,No,Yes,Yes,,,,No,True,No,5/22/2025,No,Point,38.979955858,-76.938057448,UMCP,99,16,02,,19,,19:20,2025,Thursday,17,Pedestrian,02,In Parking Lane Or Zone,,,,,,,,,01,Daylight,5/22/2025,2025-05-22,,,F,N,102,Parking Lot Way,,,01,No,,,,,,,,,,,,,,
Property Damage Crashes,MSP74160022,Maryland State Police,Single Vehicle,Prince George's,Interstate,No,Yes,No,No,No,NO NAME,95,INTERSTATE ROUTE,No,True,No,5/14/2025,No,Point,39.029400250,-76.947788613,MSP,101,16,03,No,1,,01:00,2025,Wednesday,05,Jackknife,04,"Off-Roadway, Location Unknown",1,,,,,,09,Through Roadway,04,Dark - Not Lighted,5/14/2025,2025-05-14,N,31.96,F,N,,,1CBD11216C33DACAE78CA3A37ACFACB430EF0814A94358D353C2D52C0B4D5F02,IS,01,No,,,,,09,Wet,,,,,,,,
Property Damage Crashes,MSP744700PX,Maryland State Police,Single Vehicle,Prince George's,Principal Arterial – Other Freeways and Expressways,No,No,No,No,No,RAMP 2 FR MD 4 WB TO MD 980D NB,4,RAMP,No,True,No,6/3/2025,No,Point,38.813225,-76.774988333,MSP,101,16,03,No,22,,22:18,2025,Tuesday,40,Tree (standing),09,Roadside,2,,,,,,06,Non-Junction,04,Dark - Not Lighted,6/3/2025,2025-06-03,N,27.77,F,N,,,32DA662CE62EA91997EA98FBF7B63EC5A9F6C421B41AE2567F92C0E04AA46EEE,RP,01,No,,,,,01,Dry,,,,,,,,
Property Damage Crashes,MSP743900MN,Maryland State Police,Single Vehicle,Prince George's,,No,No,No,No,No,,50,UNITED STATE ROUTE,No,True,No,2/21/2025,No,Point,38.950997673,-76.748762397,MSP,101,16,03,No,18,,18:56,2025,Friday,32,Guardrail Face,09,Roadside,,,101,State,,,09,Through Roadway,03,Dark - Lighted,2/21/2025,2025-02-21,W,120.4,F,N,,,1B3B7114E9D089551F0D6D7AAE472F23F55EABE9ADB23FE2189E2BDF50CE2AE1,US,01,No,,,,,01,Dry,,,,,,,,
Injury Crashes,MSP77700066,Maryland State Police,Front to Rear,Prince George's,Interstate,No,No,No,No,No,CAPITAL BELTWAY,95,INTERSTATE ROUTE,No,True,No,1/26/2025,No,Point,38.819405895,-76.927209624,MSP,03,16,02,No,3,,03:46,2025,Sunday,12,Motor Vehicle In Transport,05,On Roadway,1,,,,,,06,Non-Junction,03,Dark - Lighted,1/26/2025,2025-01-26,W,50.03,F,N,,,B933D5F279AC9196A6468DAC0AB6B49137DE7444C46125F00AF6FE8083991CD8,IS,01,No,,,,,01,Dry,,,,,,,,
Property Damage Crashes,DA4405000T,Prince George's County Police,"Sideswipe, Opposite Direction",Prince George's,Local,No,No,No,No,No,GLEN WILLOW DR,2949,COUNTY ROAD,No,True,No,1/13/2025,No,Point,38.907153314,-76.903355573,PGCOPD,06,16,03,No,7,,07:00,2025,Monday,12,Motor Vehicle In Transport,05,On Roadway,7,,,,SHERIFF RD,,06,Non-Junction,01,Daylight,1/13/2025,2025-01-13,W,10.53,F,N,,,755BB512A563A51BDD24469E05A8454A51DE694B0F3651D487230F20D0C67B74,CO,01,No,,,,,06,Slush,,,,,,,,
Property Damage Crashes,CNC31820017,New Carrollton Police Department,Rear To Side,Prince George's,Local,No,No,No,No,No,QUENTIN ST,520,MUNICIPAL ROAD,Yes,True,No,5/25/2025,No,Point,38.972064404,-76.879728765,NCPD,05,16,03,No,4,,04:15,2025,Sunday,12,Motor Vehicle In Transport,05,On Roadway,7,,,,,,09,Through Roadway,04,Dark - Not Lighted,5/25/2025,2025-05-25,W,15.55,F,N,,,BD2E16F6D720A90DCFE627804CE87BEECE309621AA536EAE9C60B7EFF60D6FC2,MU,01,No,,,,,01,Dry,,,,,,,,
Property Damage Crashes,MSP745800PD,Maryland State Police,Front to Rear,Prince George's,Interstate,No,No,No,No,No,RAMP 8 FR IS 95 SB TO MD 214 WB,95,RAMP,No,True,No,2/10/2025,No,Point,38.894422514,-76.848607516,MSP,03,16,03,No,19,,19:30,2025,Monday,12,Motor Vehicle In Transport,05,On Roadway,1,,,,,,01,Acceleration/Deceleration Lane,03,Dark - Lighted,2/10/2025,2025-02-10,N,47.45,F,N,,,6CFAC30BC850F4DD13B0BF95E291ACE21435918E6D2B47C3914C561A22EB0CBF,RP,01,No,,,,,01,Dry,,,,,,,,
Property Damage Crashes,DA4423000L,Prince George's County Police,"Sideswipe, Same Direction",Prince George's,Local,No,No,No,No,No,VINE ST,1299,COUNTY ROAD,No,True,No,1/27/2025,No,Point,38.868231040,-76.934621550,PGCOPD,07,16,03,No,0,,00:11,2025,Monday,15,Parked Vehicle,07,"On Shoulder, Right Side",7,,,,,,09,Through Roadway,03,Dark - Lighted,1/27/2025,2025-01-27,S,7.09,F,N,,,34E46C2D720650042063A8949017DC04A37CD2D3B07C9BFD164316155B368DC1,CO,01,No,,,,,01,Dry,,,,,,,,
Injury Crashes,DA42810066,Prince George's County Police,Angle,Prince George's,Minor Arterial,No,No,No,No,No,SHERIFF RD,75,COUNTY ROAD,No,True,No,3/5/2025,No,Point,38.907121004,-76.903470706,PGCOPD,01,16,02,No,17,,17:07,2025,Wednesday,12,Motor Vehicle In Transport,05,On Roadway,4,,,,GLEN WILLOW DR,,10,"Other Location Not Listed Above Within an Interchange Area (median,
shoulder and roadside)",01,Daylight,3/5/2025,2025-03-05,E,24.31,F,N,,,DBFFF33DAC1133AA21CF4E93ACA91643BF50E913493DC43865D04DFB72BF5E29,CO,01,No,,,,,09,Wet,,,,,,,,
Property Damage Crashes,DJ0183001F,Seat Pleasant Police Department,Other,Prince George's,Local,No,No,No,No,No,GEORGE ALLEY,7010,MUNICIPAL ROAD,Yes,True,No,2/20/2025,No,Point,38.896050098,-76.906602751,SEATPLEASANT,98,16,03,No,19,02,19:00,2025,Thursday,12,Motor Vehicle In Transport,05,On Roadway,7,Angled/Skewed,,,ADDISON RD SEAT PLEASANT DR,01,05,Intersection or Related,03,Dark - Lighted,2/20/2025,2025-02-20,E,0,F,N,,,B73CF748D654D3F8A10CC3CD1B457F3C9595D9B9980CB94934D62F5EADEFDA54,MU,01,No,,,,,01,Dry,01,Signalized,,,,,,
Injury Crashes,MSP7664009Y,Maryland State Police,Front to Rear,Prince George's,Interstate,No,No,No,No,No,CAPITAL BELTWAY,95,INTERSTATE ROUTE,No,True,No,4/10/2025,No,Point,38.842063526,-76.864912245,MSP,03,16,02,No,7,,07:57,2025,Thursday,12,Motor Vehicle In Transport,05,On Roadway,1,,101,State,,,09,Through Roadway,01,Daylight,4/10/2025,2025-04-10,S,13.64,F,N,,,BFCE651C0F83FD956750D24285DDB0F8DE354D342829386E9E68C6FF50C4A24F,IS,01,No,,,,,01,Dry,,,,,,,,
Property Damage Crashes,MSP6859008C,Maryland State Police,Front to Rear,Prince George's,Interstate,No,No,No,No,No,CAPITAL BELTWAY (NB LOCAL),95,INTERSTATE ROUTE,No,True,No,2/6/2025,No,Point,38.792991573,-77.025853490,MSP,03,16,03,No,19,,19:07,2025,Thursday,12,Motor Vehicle In Transport,05,On Roadway,1,,,,,,09,Through Roadway,03,Dark - Lighted,2/6/2025,2025-02-06,E,285.38,F,N,,,24DB118F89E8758C1B31985B5FE17B67E926CE823ED72266DA28C5F97E1A0F46,IS,01,No,,,,,01,Dry,,,,,,,,
Property Damage Crashes,DA4293004Z,Prince George's County Police,Other,Prince George's,Minor Arterial,No,No,No,No,No,ANNAPOLIS RD (WB/L),450,MARYLAND ROUTE,No,True,No,3/26/2025,No,Point,38.938751889,-76.913163832,PGCOPD,98,16,03,No,23,,23:34,2025,Wednesday,12,Motor Vehicle In Transport,05,On Roadway,4,,,,,,06,Non-Junction,03,Dark - Lighted,3/26/2025,2025-03-26,E,408.94,F,N,,,7C4CDA1BD38B8D9DEB4A0330EA2AA22B9D83B26C84ABAFE7F796B3022298C0BA,MD,01,No,,,,,01,Dry,,,,,,,,
Property Damage Crashes,DA4301003R,Prince George's County Police,Front to Rear,Prince George's,Principal Arterial – Other Freeways and Expressways,No,No,Yes,No,No,INDIAN HEAD HWY (SB/L),210,MARYLAND ROUTE,No,True,No,3/4/2025,No,Point,38.642777597,-77.040824615,PGCOPD,03,16,03,No,21,,21:20,2025,Tuesday,12,Motor Vehicle In Transport,05,On Roadway,2,,,,,,06,Non-Junction,05,Dark - Unknown Lighting,3/4/2025,2025-03-04,N,1299.45,F,N,,,D7E8CC00BF95AD5A647792A4C4AC5A7216D832CCF8A0157689149D9763F80468,MD,01,No,,,,,01,Dry,,,,,,,,
Property Damage Crashes,MSP78750053,Maryland State Police,"Sideswipe, Same Direction",Prince George's,Principal Arterial – Other,No,No,Yes,No,No,CRAIN HWY (SB/L),301,UNITED STATE ROUTE,No,True,No,5/29/2025,No,Point,38.756773222,-76.810305875,MSP,07,16,03,No,18,,18:41,2025,Thursday,12,Motor Vehicle In Transport,05,On Roadway,3,,,,,,06,Non-Junction,01,Daylight,5/29/2025,2025-05-29,N,11.62,F,N,,,CE0F3AAC33B2144E8F48F6888154D2110A9881B7A6483C6781102AF5BDC7AF9A,US,01,No,,,,,01,Dry,,,,,,,,
Property Damage Crashes,DA40740086,Prince George's County Police,Single Vehicle,Prince George's,Principal Arterial – Other Freeways and Expressways,No,No,No,No,No,INDIAN HEAD HWY,210,MARYLAND ROUTE,No,True,No,5/14/2025,No,Point,38.803183195,-76.998796533,PGCOPD,101,16,03,Yes,7,,07:00,2025,Wednesday,25,Concrete Traffic Barrier,09,Roadside,2,,,,,,04,Entrance/Exit Ramp or Related,01,Daylight,5/14/2025,2025-05-14,N,22.83,F,N,,,D078BB5272CD42E42BB77121A2675DD2ABF718BB17AFB37D054A9507A41F37E9,MD,01,No,,,,,09,Wet,,,,,,,,
Property Damage Crashes,DA4303001K,Prince George's County Police,"Sideswipe, Same Direction",Prince George's,,No,No,No,No,No,,421,SPUR,No,True,No,3/26/2025,No,Point,38.840607145,-76.942309215,PGCOPD,07,16,03,No,10,02,10:37,2025,Wednesday,12,Motor Vehicle In Transport,05,On Roadway,,Angled/Skewed,,,ST BARNABAS RD (WB/L),01,05,Intersection or Related,01,Daylight,3/26/2025,2025-03-26,S,0,F,N,,,E8ABBB4343A1CB291C4911BE721CC087ECDAFA7CDDF7D878E9C0A27D1662D791,SP,01,No,,,,,01,Dry,01,Signalized,,,,,,
Property Damage Crashes,AM03640023,Bladensburg Police Department,"Sideswipe, Same Direction",Prince George's,Principal Arterial – Other,No,No,No,No,No,,450,MARYLAND ROUTE,No,True,No,1/2/2025,No,Point,38.939461204,-76.928234567,BLADENSBURG,07,16,03,No,22,,22:20,2025,Thursday,12,Motor Vehicle In Transport,05,On Roadway,3,,,,,,06,Non-Junction,03,Dark - Lighted,1/2/2025,2025-01-02,S,12.89,F,N,,,BA9191F2058EABC7126F6D2209BB051C259661B4EDFE78D14F84B5E58C4804EB,MD,01,No,,,,,01,Dry,,,,,,,,
Property Damage Crashes,DA4327003J,Prince George's County Police,Angle,Prince George's,Major Collector,No,No,No,No,No,WESTPHALIA RD,91,COUNTY ROAD,No,True,No,1/19/2025,No,Point,38.844400242,-76.845933535,PGCOPD,01,16,03,Yes,1,04,01:30,2025,Sunday,12,Motor Vehicle In Transport,05,On Roadway,5,Angled/Skewed,,,D ARCY RD,01,05,Intersection or Related,03,Dark - Lighted,1/19/2025,2025-01-19,N,0,F,N,,,ED8B75D24E1ABECCFE83F4CDF57603EB6768F689A2F13229CF3ECDBE21A6ECF5,CO,01,No,,,,,01,Dry,02,Stop - All Way,,,,,,
Property Damage Crashes,MSP7776004Y,Maryland State Police,Front to Rear,Prince George's,Interstate,No,No,No,No,No,RAMP 3 FR IS 595/US 50 TO IS 95 NB,95,RAMP,No,True,No,3/4/2025,No,Point,38.950266667,-76.860668333,MSP,03,16,03,Yes,17,,17:48,2025,Tuesday,12,Motor Vehicle In Transport,05,On Roadway,1,,,,,,01,Acceleration/Deceleration Lane,01,Daylight,3/4/2025,2025-03-04,N,34.45,F,N,,,B2DE633B31FC269FAE0A3F4BF53F3C90A575C7EFDD1FB905B86C6BAB4E8911BF,RP,01,No,,,,,01,Dry,,,,,,,,
Injury Crashes,DA43350043,Prince George's County Police,"Sideswipe, Opposite Direction",Prince George's,,No,No,No,No,No,,949,PRIVATE ROAD,No,True,No,3/28/2025,No,Point,38.842809845,-76.901200075,PGCOPD,06,16,02,No,13,,13:25,2025,Friday,12,Motor Vehicle In Transport,05,On Roadway,,,,,,,06,Non-Junction,01,Daylight,3/28/2025,2025-03-28,S,41.92,F,N,,,6D51D25329B7ABB80D9066AE81AD6116E43C16B77E598216D60E6E535CFB6FA9,PV,01,No,,,,,01,Dry,,,,,,,,
Property Damage Crashes,MSP744200QP,Maryland State Police,"Sideswipe, Same Direction",Prince George's,Interstate,No,Yes,No,No,No,NO NAME (SB/L),95,INTERSTATE ROUTE,No,True,No,1/23/2025,No,Point,39.052543458,-76.930094097,MSP,07,16,03,No,15,,15:13,2025,Thursday,12,Motor Vehicle In Transport,05,On Roadway,1,,,,,,09,Through Roadway,01,Daylight,1/23/2025,2025-01-23,E,13.15,F,N,,,B7C96FE14845BFCDBC3050C34D700332B91C5D69B529D69CECA250167395588E,IS,01,No,12,Motor Vehicle In Transport,05,On Roadway,01,Dry,,,,,,,,
Property Damage Crashes,CE4850008W,Laurel Police Department,Single Vehicle,Prince George's,Local,No,No,No,No,No,OLD SANDY SPRING RD,371,MUNICIPAL ROAD,No,True,No,6/6/2025,No,Point,39.103726027,-76.874705372,LAUREL,101,16,03,No,15,,15:35,2025,Friday,27,Curb,09,Roadside,7,,,,,,01,Acceleration/Deceleration Lane,01,Daylight,6/6/2025,2025-06-06,W,4.4,F,N,,,B3757CFEE590F7F38C6ED8F84A86BE1CBDC12CFD84892D91A06B11EEB8CC2451,MU,01,No,35,"Other Fixed Object (wall, building, tunnel, etc.)",09,Roadside,01,Dry,,,,,,,,
Property Damage Crashes,AZ1749000H,Cheverly Police Department,Angle,Prince George's,Local,No,Yes,No,No,No,NO NAME,202,MARYLAND ROUTE,No,True,No,2/7/2025,No,Point,38.934693516,-76.916126086,CHEVERLY,01,16,03,No,8,03,08:15,2025,Friday,12,Motor Vehicle In Transport,05,On Roadway,7,Perpendicular,,,LANDOVER RD (SB/L),03,05,Intersection or Related,01,Daylight,2/7/2025,2025-02-07,N,0,F,N,,,C7CEF4890518F9ABE51668B0B097778FF3ED9CF81ECF19A8323FD706918FD19B,MD,01,No,,,,,01,Dry,01,Signalized,,,,,,
Property Damage Crashes,DA3442004C,Prince George's County Police,Rear To Side,Prince George's,Local,No,Yes,No,No,No,JEFFERSON ST,444,COUNTY ROAD,No,True,No,1/19/2025,No,Point,38.953557139,-76.983433171,PGCOPD,05,16,03,No,20,,20:40,2025,Sunday,15,Parked Vehicle,05,On Roadway,7,,,,,,06,Non-Junction,03,Dark - Lighted,1/19/2025,2025-01-19,S,25.18,F,N,,,975CC6F9B463638A3690F6CA0DA2347942CC8CBEACBB1EC96F030E032159528D,CO,01,No,,,,,09,Wet,,,,,,,,
Property Damage Crashes,MSP585801J5,Maryland State Police,Front to Rear,Prince George's,Principal Arterial – Other,No,No,No,No,No,CENTRAL AVE,214,MARYLAND ROUTE,No,True,No,5/22/2025,No,Point,38.900688593,-76.789432976,MSP,03,16,03,No,22,,22:03,2025,Thursday,12,Motor Vehicle In Transport,05,On Roadway,3,,,,,,09,Through Roadway,04,Dark - Not Lighted,5/22/2025,2025-05-22,N,36.66,F,N,,,726B4078527790A5B747FCD57979C663EF4D623A8F8621B2540B2099D1F7AEC0,MD,01,No,,,,,01,Dry,,,,,,,,
Property Damage Crashes,CP0171000J,Mount Rainier Police Department,Unknown,Prince George's,Local,No,No,No,No,No,35TH ST #2,9352,MUNICIPAL ROAD,No,True,No,1/10/2025,No,Point,38.937708587,-76.959826139,MTRAINIER,99,16,03,No,19,,19:14,2025,Friday,97,Not Applicable,05,On Roadway,7,,,,,,06,Non-Junction,03,Dark - Lighted,1/10/2025,2025-01-10,E,53.08,F,N,,,EA567879A12156BE028F8993B110C89EDEA957A8170FE4732334BF55951432CB,MU,01,No,97,Not Applicable,,,07,Snow,,,,,,,,
Property Damage Crashes,DS0502000Q,University of Maryland Police College Park,Front to Rear,Prince George's,,No,No,No,No,Yes,,,,No,True,No,2/5/2025,No,Point,38.995044494,-76.943603907,UMCP,03,16,03,,10,,10:48,2025,Wednesday,12,Motor Vehicle In Transport,04,"Off-Roadway, Location Unknown",,,,,,,,,01,Daylight,2/5/2025,2025-02-05,,,F,N,100,Parking Stall,,,01,No,,,,,,,,,,,,,,
Property Damage Crashes,MSP7416001S,Maryland State Police,"Sideswipe, Same Direction",Prince George's,Principal Arterial – Other,No,Yes,No,No,No,BALTIMORE AVE,1,UNITED STATE ROUTE,No,True,No,4/25/2025,No,Point,39.034452618,-76.907934534,MSP,07,16,03,No,12,,12:52,2025,Friday,12,Motor Vehicle In Transport,05,On Roadway,3,,,,,,09,Through Roadway,01,Daylight,4/25/2025,2025-04-25,N,9.63,F,N,,,27F7A66BB207F7426701A3CA4BC4B7F28E1461BF29CBCAA1C2E6A890E9C27625,US,01,No,,,,,01,Dry,,,,,,,,
Injury Crashes,DA372600B1,Prince George's County Police,"Sideswipe, Same Direction",Prince George's,Local,No,No,No,No,No,MONROE ST,346,COUNTY ROAD,No,True,No,3/21/2025,No,Point,38.933599601,-76.934054653,PGCOPD,07,16,02,Yes,17,02,17:30,2025,Friday,12,Motor Vehicle In Transport,05,On Roadway,7,Perpendicular,,,KENILWORTH AVE,03,05,Intersection or Related,01,Daylight,3/21/2025,2025-03-21,S,0,F,N,,,426F889B4F676E1C9870E59DD8DE4B5EF27BA1BF984704C289DAAE9E12329FED,CO,01,No,,,,,01,Dry,05,No Controls,,,,,,
Injury Crashes,MSP757700J7,Maryland State Police,Single Vehicle,Prince George's,,No,No,No,No,No,,50,UNITED STATE ROUTE,No,True,No,3/5/2025,No,Point,38.953364879,-76.726855276,MSP,101,16,02,No,14,,14:00,2025,Wednesday,32,Guardrail Face,03,Median,,,,,,,09,Through Roadway,01,Daylight,3/5/2025,2025-03-05,W,14.94,F,N,,,A2E627903E62FC0F5E9B3D355EF4AC265BEDBAB6BF86D1675FCC913429920577,US,01,No,12,Motor Vehicle In Transport,05,On Roadway,09,Wet,,,,,,,,
Property Damage Crashes,MSP69310132,Maryland State Police,Front to Rear,Prince George's,Principal Arterial – Other,No,No,No,No,No,CRAIN HWY,301,UNITED STATE ROUTE,No,True,No,2/8/2025,No,Point,38.714781667,-76.849508333,MSP,03,16,03,No,18,,18:16,2025,Saturday,12,Motor Vehicle In Transport,05,On Roadway,3,,,,,,06,Non-Junction,04,Dark - Not Lighted,2/8/2025,2025-02-08,E,36.56,F,N,,,960BA95B8CC35101A45AB381CFF2051D20C641E4CBA620B4583EA696EF799038,US,01,No,,,,,09,Wet,,,,,,,,