Crash Severity Description,Reportnumber,Agencyname,CollisionImpact Description,Crash County Description,FunctionalClass Description,ImpairedCrash,Large Vehicle Involved,Motorcycle Crash,Non-Motorist Crash,OffRoad,RoadName,Route Number,RouteType Description,Unrestrained Occupants,WithinDateRange,Work Zone Related,Crashdate,Work Zone Crash,CrashPoint,Latitude,Longitude,AgencyCode,CollisionImpact,Crash County,Crash Severity,Crash Within Interchange,Crashhour,CrashInterchangeApproaches,Crashtime,CrashYear,Dayofweek,FirstHarmEvent,FirstHarmEvent Description,FirstHarmLocation,FirstHarmLocation Description,FunctionalClass,Geometry Description,GovPropertyDamage,GovPropertyDamage Description,IntersectingRoadName,Intersection Geometry,JunctionRelated,JunctionRelated Description,Light,Light Description,LOD Crash Date,LOD Date Level,MilepointDirection,MilepointDistance,MilepointUnits,NonTrafficFatal,OffroadLocation,OffroadLocation Description,RoadID,RouteType,SchoolBusRelated,SchoolBusRelated Description,SecondHarmEvent,SecondHarmEvent Description,SecondHarmLocation,SecondHarmLocation Description,Surface,Surface Description,TrafficControl,Trafficcontrol Description,WZLawEnforcementPresent,WZLocation,WZLocation Description,WZType,WZType Description,WZWorkersPresent
Property Damage Crashes,MSP7453009Y,Maryland State Police,Front to Rear,Prince George's,Interstate,No,No,No,No,No,RAMP 3 FR IS 495 EB TO IS 95X NB,95,RAMP,No,True,No,4/8/2025,No,Point,39.019623850,-76.950488090,MSP,03,16,03,No,18,,18:20,2025,Tuesday,12,Motor Vehicle In Transport,05,On Roadway,1,,,,,,06,Non-Junction,01,Daylight,4/8/2025,2025-04-08,S,43.94,F,N,,,DE081017D7F21C492394AC9A4166ADFFA95D12CB91DB477CA404FF9F538B3C28,RP,01,No,,,,,01,Dry,,,,,,,,
Property Damage Crashes,MSP746700GB,Maryland State Police,"Sideswipe, Same Direction",Prince George's,Interstate,No,No,No,No,No,CAPITAL BELTWAY,95,INTERSTATE ROUTE,No,True,No,5/30/2025,No,Point,38.809465,-76.966165,MSP,07,16,03,No,23,,23:01,2025,Friday,12,Motor Vehicle In Transport,05,On Roadway,1,,,,RAMP 4 FR MD 414 NB TO IS 95 EB,,09,Through Roadway,04,Dark - Not Lighted,5/30/2025,2025-05-30,S,55.35,F,N,,,894E4112D95C9B2E35CE0AD34969BCF3DA3ACD0D3525D14195F5E8BA4C919B23,IS,01,No,,,,,09,Wet,,,,,,,,
Injury Crashes,DA373600D2,Prince George's County Police,Rear To Side,Prince George's,Principal Arterial – Other,No,No,No,No,No,ST BARNABAS RD (WB/L),414,MARYLAND ROUTE,No,True,No,3/30/2025,No,Point,38.805916994,-76.973373375,PGCOPD,05,16,02,Yes,17,03,17:31,2025,Sunday,12,Motor Vehicle In Transport,05,On Roadway,3,Perpendicular,,,RAMP 6 FR IS 95 EB TO MD 414 SB,03,05,Intersection or Related,01,Daylight,3/30/2025,2025-03-30,N,0,F,N,,,DCDD4055919341805F9132BAB6CF96B343CBCCD73A695DC816E781C4D7FEB45E,MD,01,No,,,,,01,Dry,01,Signalized,,,,,,
Property Damage Crashes,DA43200030,Prince George's County Police,"Sideswipe, Same Direction",Prince George's,Local,Yes,No,No,No,No,AUDREY LA,660,COUNTY ROAD,Yes,True,No,4/4/2025,No,Point,38.820321086,-76.996038604,PGCOPD,07,16,03,No,21,,21:14,2025,Friday,15,Parked Vehicle,05,On Roadway,7,,,,,,09,Through Roadway,03,Dark - Lighted,4/4/2025,2025-04-04,N,21.23,F,N,,,667A4C05286D0BF06058F90950E396E0E17AD5C51B3BBA1704DEA3E7E8BF8E79,CO,01,No,,,,,01,Dry,,,,,,,,
Property Damage Crashes,DS05230003,University of Maryland Police College Park,Single Vehicle,Prince George's,Local,No,No,No,No,No,MOWATT LA,94,STATE ROAD,No,True,No,1/31/2025,No,Point,38.981452307,-76.945277692,UMCP,101,16,03,No,23,,23:31,2025,Friday,13,Other Non-Fixed Object,02,In Parking Lane Or Zone,7,,101,State,,,99,Unknown,03,Dark - Lighted,1/31/2025,2025-01-31,S,39.76,F,N,,,F63FE1948B5582A97E8734E674773D23069B0DAE2A469191FBA5A4099B4505E8,SR,01,No,,,,,09,Wet,,,,,,,,
Property Damage Crashes,DA4401000W,Prince George's County Police,Angle,Prince George's,Minor Arterial,No,No,No,No,No,MARLBORO PIKE,3074,COUNTY ROAD,No,True,No,1/31/2025,No,Point,38.858949455,-76.908114871,PGCOPD,01,16,03,No,11,,11:40,2025,Friday,12,Motor Vehicle In Transport,05,On Roadway,4,,,,,,06,Non-Junction,01,Daylight,1/31/2025,2025-01-31,S,12.99,F,N,,,C92737488EEB792DCB51348411F71190E72E77A7490EDB1C41EBEF2543DF4B51,CO,01,No,,,,,09,Wet,,,,,,,,
Injury Crashes,MSP7552009G,Maryland State Police,Single Vehicle,Prince George's,Interstate,No,No,No,No,No,NO NAME (SB/L),95,INTERSTATE ROUTE,No,True,No,1/20/2025,No,Point,39.052868733,-76.9298586,MSP,101,16,02,No,6,,06:01,2025,Monday,32,Guardrail Face,09,Roadside,1,,101,State,,,06,Non-Junction,03,Dark - Lighted,1/20/2025,2025-01-20,W,14.2,F,N,,,2B5B760DA1EC4058710243418203F5085F9E9113366B1D56DAF42665D442CB58,IS,01,No,,,,,09,Wet,,,,,,,,
Injury Crashes,DA309400BR,Prince George's County Police,Single Vehicle,Prince George's,Minor Arterial,No,No,No,No,No,,564,MARYLAND ROUTE,No,True,No,2/20/2025,No,Point,39.008040650,-76.783495533,PGCOPD,101,16,02,No,9,,09:30,2025,Thursday,41,Utility Pole/Light Support,09,Roadside,4,,,,,,06,Non-Junction,01,Daylight,2/20/2025,2025-02-20,N,38.73,F,N,,,8C8CF43EF8A81C2C7E18A36DF80FF8E37DA3229685855E66FD85ED41B90F732D,MD,01,No,,,,,01,Dry,,,,,,,,
Injury Crashes,DA345600F4,Prince George's County Police,Angle,Prince George's,Local,No,No,No,No,No,RED TOP RD,438,COUNTY ROAD,No,True,No,3/8/2025,No,Point,38.968826110,-76.985508538,PGCOPD,01,16,02,No,10,,10:12,2025,Saturday,12,Motor Vehicle In Transport,05,On Roadway,7,,,,,,06,Non-Junction,01,Daylight,3/8/2025,2025-03-08,W,5.86,F,N,,,71AC694FA10C20978CF50CA5FFC610F48A5A44B63FDCADCBC3C6BA70AA6740BC,CO,01,No,,,,,01,Dry,,,,,,,,
Property Damage Crashes,MSP617100ML,Maryland State Police,"Sideswipe, Same Direction",Prince George's,Interstate,No,No,No,No,No,IS 95 SB CD LANE FR MD 198 TO MD 200,95,INTERSTATE ROUTE,No,True,No,2/1/2025,No,Point,39.086089683,-76.896810646,MSP,07,16,03,No,19,,19:56,2025,Saturday,12,Motor Vehicle In Transport,05,On Roadway,1,,,,,,06,Non-Junction,03,Dark - Lighted,2/1/2025,2025-02-01,N,39.25,F,N,,,06E6DE01842A146C1A1AE99A48AA9A413D5E47F972CDA227276755444CBFDE35,IS,01,No,,,,,01,Dry,,,,,,,,
Injury Crashes,CE49600078,Laurel Police Department,Front to Rear,Prince George's,Principal Arterial – Other,No,No,Yes,No,No,BALTIMORE AVE,1,UNITED STATE ROUTE,No,True,No,4/25/2025,No,Point,39.092920662,-76.855660468,LAUREL,03,16,02,Yes,23,,23:11,2025,Friday,12,Motor Vehicle In Transport,05,On Roadway,3,,,,,,01,Acceleration/Deceleration Lane,03,Dark - Lighted,4/25/2025,2025-04-25,W,23.52,F,N,,,788F698037A281C16BF65BD34D97EBED554879FAFB844073D69B15A129A2AA61,US,01,No,,,,,01,Dry,,,,,,,,
Property Damage Crashes,MSP563100JY,Maryland State Police,"Sideswipe, Same Direction",Prince George's,Principal Arterial – Other,No,No,No,No,No,PENNSYLVANIA AVE (SB/L),4,MARYLAND ROUTE,No,True,No,5/30/2025,No,Point,38.824911417,-76.853027456,MSP,07,16,03,No,16,,16:50,2025,Friday,12,Motor Vehicle In Transport,05,On Roadway,3,,,,,,06,Non-Junction,01,Daylight,5/30/2025,2025-05-30,S,26.39,F,N,,,1A0B4176F08C31B1728660F7D433A6DE42640E83D7CEF14AB52ABF8FAF6892C0,MD,01,No,97,Not Applicable,,,01,Dry,,,,,,,,
Property Damage Crashes,MSP76570088,Maryland State Police,Single Vehicle,Prince George's,Interstate,No,No,No,No,No,CAPITAL BELTWAY (SB/L),95,INTERSTATE ROUTE,No,True,No,5/4/2025,No,Point,38.8061815,-76.9910919,MSP,101,16,03,No,8,,08:02,2025,Sunday,25,Concrete Traffic Barrier,09,Roadside,1,,101,State,,,06,Non-Junction,01,Daylight,5/4/2025,2025-05-04,N,36.34,F,N,,,9C056E2A645FDCD29338B06CD77EE8F2D4BAD48077E5D429EB9D40DA55718541,IS,01,No,,,,,09,Wet,,,,,,,,
Property Damage Crashes,ZP05430003,Prince George's County Sheriff's Office,Other,Prince George's,Minor Arterial,No,No,No,No,No,MAIN ST,725,MARYLAND ROUTE,No,True,No,3/14/2025,No,Point,38.816931936,-76.749499011,PGCOSHERIFF,98,16,03,Yes,12,,12:00,2025,Friday,12,Motor Vehicle In Transport,05,On Roadway,4,,,,,,09,Through Roadway,01,Daylight,3/14/2025,2025-03-14,N,37.12,F,N,,,71EE5A4D793FDD8E1693CFE002873184B8DFD3B89990495B0EFFD646C01A0B05,MD,01,No,97,Not Applicable,,,01,Dry,,,,,,,,
Property Damage Crashes,CE45180054,Laurel Police Department,"Sideswipe, Same Direction",Prince George's,,No,No,No,No,Yes,,,,No,True,No,2/1/2025,No,Point,39.094326676,-76.838020599,LAUREL,07,16,03,,10,,10:00,2025,Saturday,15,Parked Vehicle,04,"Off-Roadway, Location Unknown",,,,,,,,,01,Daylight,2/1/2025,2025-02-01,,,F,N,102,Parking Lot Way,,,01,No,,,,,,,,,,,,,,
Property Damage Crashes,MSP744200SY,Maryland State Police,"Sideswipe, Same Direction",Prince George's,Interstate,No,No,Yes,No,No,CAPITAL BELTWAY (SB/L),95,INTERSTATE ROUTE,No,True,No,5/21/2025,No,Point,39.017526958,-76.913129315,MSP,07,16,03,No,9,,09:55,2025,Wednesday,12,Motor Vehicle In Transport,05,On Roadway,1,,,,,,09,Through Roadway,01,Daylight,5/21/2025,2025-05-21,W,17.28,F,N,,,73ADA82221DA7DF2973E30CD43BFDB40549054BAA71CC2EA86C900FE56CF9941,IS,01,No,,,,,09,Wet,,,,,,,,
Property Damage Crashes,MSP7395008N,Maryland State Police,Single Vehicle,Prince George's,Principal Arterial – Other Freeways and Expressways,No,No,No,No,No,RAMP 5 FR RAMP 8 (FR MD 202) TO US 50 EB,50,RAMP,No,True,No,1/1/2025,No,Point,38.927316667,-76.899735,MSP,101,16,03,No,6,,06:30,2025,Wednesday,32,Guardrail Face,01,Gore,2,,101,State,,,06,Non-Junction,01,Daylight,1/1/2025,2025-01-01,W,39.78,F,N,,,693C0F5410E3C7BF49210FDB64AA185D8B10D5D804B1FC583851CE0C4502A717,RP,01,No,28,Ditch,01,Gore,01,Dry,,,,,,,,
Property Damage Crashes,DA3173005G,Prince George's County Police,Front to Rear,Prince George's,,Yes,No,No,No,Yes,,,,No,True,No,2/24/2025,No,Point,39.054100270,-76.931153121,PGCOPD,03,16,03,,22,,22:25,2025,Monday,15,Parked Vehicle,02,In Parking Lane Or Zone,,,,,,,,,03,Dark - Lighted,2/24/2025,2025-02-24,,,F,N,101,Parking Aisle,,,01,No,97,Not Applicable,,,,,,,,,,,,
Property Damage Crashes,DA3351001Y,Prince George's County Police,"Sideswipe, Same Direction",Prince George's,,No,No,No,No,Yes,,,,No,True,No,4/5/2025,No,Point,39.095536198,-76.869060775,PGCOPD,07,16,03,,13,,13:20,2025,Saturday,15,Parked Vehicle,02,In Parking Lane Or Zone,,,,,,,,,01,Daylight,4/5/2025,2025-04-05,,,F,N,101,Parking Aisle,,,01,No,,,,,,,,,,,,,,
Property Damage Crashes,DA43440039,Prince George's County Police,Front to Front,Prince George's,Local,No,No,No,No,No,KAREN BLVD,3196,COUNTY ROAD,No,True,No,1/7/2025,No,Point,38.870608134,-76.888165474,PGCOPD,02,16,03,No,22,,22:13,2025,Tuesday,12,Motor Vehicle In Transport,05,On Roadway,7,,,,,,06,Non-Junction,03,Dark - Lighted,1/7/2025,2025-01-07,S,11.32,F,N,,,6BEA00BC7880F6C3524E749428B574AC408F22A391528F6E7CB1EC28F741F02D,CO,01,No,,,,,02,Ice/Frost,,,,,,,,
Property Damage Crashes,MSP7839004P,Maryland State Police,Front to Rear,Prince George's,Interstate,No,No,No,No,No,CAPITAL BELTWAY,95,INTERSTATE ROUTE,No,True,No,4/22/2025,No,Point,38.935526667,-76.854945651,MSP,03,16,03,No,16,,16:43,2025,Tuesday,12,Motor Vehicle In Transport,05,On Roadway,1,,,,,,06,Non-Junction,01,Daylight,4/22/2025,2025-04-22,W,30.9,F,N,,,FFE1FB92F0310D8A2145D32FFA1A051F577CDFD92B511BCD37E65351341724A4,IS,01,No,,,,,01,Dry,,,,,,,,
Injury Crashes,DA44000011,Prince George's County Police,"Sideswipe, Same Direction",Prince George's,,No,No,No,No,No,,127,COUNTY ROAD,Yes,True,No,3/7/2025,No,Point,38.819517830,-76.904223835,PGCOPD,07,16,02,Unknown,11,,11:10,2025,Friday,12,Motor Vehicle In Transport,05,On Roadway,,,,,,,09,Through Roadway,01,Daylight,3/7/2025,2025-03-07,W,26.44,F,N,,,99428DBC84095FD6EBF78208C610383A7BDC6D9DD81F367717E1D5A07BE2843D,CO,01,No,,,,,01,Dry,,,,,,,,
Injury Crashes,DA38450099,Prince George's County Police,Front to Front,Prince George's,Major Collector,No,No,No,No,No,BROWN STATION RD,99,COUNTY ROAD,No,True,No,3/20/2025,No,Point,38.829046780,-76.770831022,PGCOPD,02,16,02,Yes,18,04,18:32,2025,Thursday,12,Motor Vehicle In Transport,05,On Roadway,5,Perpendicular,,,FENWAY LA LORDS LANDING RD,03,05,Intersection or Related,99,Unknown,3/20/2025,2025-03-20,N,0,F,N,,,7C343C41CA154270375237F4D78B07574211BB2B3ECCA7D056441CA8C6D83795,CO,01,No,,,,,09,Wet,03,Stop - Partial,,,,,,
Property Damage Crashes,DA43520025,Prince George's County Police,Single Vehicle,Prince George's,,No,No,No,No,No,,416,COUNTY ROAD,No,True,No,1/11/2025,No,Point,38.74224,-76.998634,PGCOPD,101,16,03,No,13,,13:20,2025,Saturday,35,"Other Fixed Object (wall, building, tunnel, etc.)",05,On Roadway,,,,,,,06,Non-Junction,01,Daylight,1/11/2025,2025-01-11,N,41.1,F,N,,,FFF41F71421E2D435EEB7F75A4BB3074EB366A4CAA44AE4C20C8F79CD3B8FAF3,CO,01,No,,,,,06,Slush,,,,,,,,
Injury Crashes,DA3777003N,Prince George's County Police,"Sideswipe, Same Direction",Prince George's,Major Collector,No,No,No,No,No,HARBOUR WAY,1015,MUNICIPAL ROAD,No,True,No,2/21/2025,No,Point,38.948655523,-76.717986386,PGCOPD,07,16,02,Yes,23,04,23:40,2025,Friday,12,Motor Vehicle In Transport,05,On Roadway,5,Perpendicular,,,CRAIN HWY (SB/L),03,05,Intersection or Related,03,Dark - Lighted,2/21/2025,2025-02-21,W,0,F,N,,,4227B85978A3DE39E1461A5CFA0190F9C493B88C4C3ED1AF8CB7F6F15E2C2538,MU,01,No,,,,,01,Dry,01,Signalized,,,,,,
Property Damage Crashes,DA43930010,Prince George's County Police,Angle,Prince George's,Principal Arterial – Other Freeways and Expressways,No,Yes,No,No,No,RAMP 5 FR MD 201 SB TO MD 965A EB,201,RAMP,No,True,No,1/29/2025,No,Point,38.913679079,-76.933280178,PGCOPD,01,16,03,Yes,9,,09:19,2025,Wednesday,12,Motor Vehicle In Transport,05,On Roadway,2,,,,,,99,Unknown,01,Daylight,1/29/2025,2025-01-29,W,6.31,F,N,,,BB40F9DE3CC33F6388DBF5760623DB08D8B895D24A075E446F53AEDC86DDB30D,RP,01,No,,,,,01,Dry,,,,,,,,
Property Damage Crashes,MSP7839001Q,Maryland State Police,Single Vehicle,Prince George's,Interstate,No,No,No,No,No,CAPITAL BELTWAY (SB/L),95,INTERSTATE ROUTE,No,True,No,1/27/2025,No,Point,38.90456,-76.850641667,MSP,101,16,03,No,7,,07:32,2025,Monday,32,Guardrail Face,07,"On Shoulder, Right Side",1,,101,State,,,04,Entrance/Exit Ramp or Related,01,Daylight,1/27/2025,2025-01-27,E,57.38,F,N,,,7F430C040D664FB4605FFC7504BCA3867387695DA79D7A7240D489E6A4A80F19,IS,01,No,,,,,01,Dry,,,,,,,,
Property Damage Crashes,CNC3184001Q,New Carrollton Police Department,Angle,Prince George's,Local,No,No,No,No,No,FINNS LA,362,COUNTY ROAD,No,True,No,1/27/2025,No,Point,38.952899169,-76.878651961,NCPD,01,16,03,No,5,02,05:36,2025,Monday,12,Motor Vehicle In Transport,05,On Roadway,7,Angled/Skewed,,,ANNAPOLIS RD (WB/L),01,05,Intersection or Related,03,Dark - Lighted,1/27/2025,2025-01-27,S,0,F,N,,,734914927E023548038AF440888C9E444803255D02BD61C340682E64775F5CAA,CO,01,No,,,,,01,Dry,01,Signalized,,,,,,
Property Damage Crashes,MSP546601SX,Maryland State Police,Front to Rear,Prince George's,Principal Arterial – Other,No,No,No,No,No,CRAIN HWY (SB/L),301,UNITED STATE ROUTE,No,True,No,4/8/2025,No,Point,38.687866546,-76.872396783,MSP,03,16,03,Yes,17,,17:55,2025,Tuesday,12,Motor Vehicle In Transport,05,On Roadway,3,,,,,,09,Through Roadway,01,Daylight,4/8/2025,2025-04-08,S,40.63,F,N,,,DFF73F89F792D978718B0EE99DAAD6B6F4809E39A14F19EB0EE7C8039D4CBC22,US,01,No,,,,,01,Dry,,,,,,,,
Property Damage Crashes,DA43570035,Prince George's County Police,Single Vehicle,Prince George's,Local,No,No,No,No,No,CROOM AIRPORT RD,1208,COUNTY ROAD,No,True,No,5/1/2025,No,Point,38.759477734,-76.740868571,PGCOPD,101,16,03,No,16,,16:03,2025,Thursday,40,Tree (standing),04,"Off-Roadway, Location Unknown",7,,,,,,06,Non-Junction,01,Daylight,5/1/2025,2025-05-01,E,6.07,F,N,,,6F0DC7753EB61BAD3A8D898909D9400E95249DB51AAC1F0979EB7D812D0A92A6,CO,01,No,,,,,01,Dry,,,,,,,,
Property Damage Crashes,DA384000J8,Prince George's County Police,Front to Rear,Prince George's,Major Collector,No,No,No,No,No,OXON HILL RD,114,COUNTY ROAD,No,True,No,3/12/2025,No,Point,38.780307836,-77.006657183,PGCOPD,03,16,03,No,17,,17:49,2025,Wednesday,12,Motor Vehicle In Transport,05,On Roadway,5,,,,,,06,Non-Junction,01,Daylight,3/12/2025,2025-03-12,E,14.02,F,N,,,6E7592D1F3A5946F1752A1B556BBF442D07D4E23A4AB1EEADA78387CA6125D59,CO,01,No,,,,,01,Dry,,,,,,,,
Property Damage Crashes,MSP7875002Q,Maryland State Police,Front to Rear,Prince George's,Interstate,Yes,No,No,No,No,CAPITAL BELTWAY (SB LOCAL),95,INTERSTATE ROUTE,No,True,No,3/18/2025,No,Point,38.793403718,-77.024825984,MSP,03,16,03,No,21,,21:38,2025,Tuesday,12,Motor Vehicle In Transport,05,On Roadway,1,,,,,,06,Non-Junction,04,Dark - Not Lighted,3/18/2025,2025-03-18,W,33.4,F,N,,,45377D4FC38E6749F19065D9AE612F31130BC344B2E5866F1DD203B64A0BFF7A,IS,01,No,,,,,01,Dry,,,,,,,,
Property Damage Crashes,DA3464007Z,Prince George's County Police,Rear To Side,Prince George's,Local,No,No,No,No,No,OLD BRANCH AVE,967,MARYLAND ROUTE,No,True,No,4/26/2025,No,Point,38.831781585,-76.936442554,PGCOPD,05,16,03,No,7,,07:42,2025,Saturday,12,Motor Vehicle In Transport,05,On Roadway,7,,,,,,06,Non-Junction,01,Daylight,4/26/2025,2025-04-26,W,21.57,F,N,,,EEC14AD215A2AA43D4FD7DFFEEDBFA9AE844DAD72E39063267A66D94ED0D32F1,MD,01,No,,,,,09,Wet,,,,,,,,
Property Damage Crashes,DA41930080,Prince George's County Police,Front to Rear,Prince George's,Principal Arterial – Other,No,No,No,No,No,BALTIMORE AVE (SB/L),1,UNITED STATE ROUTE,No,True,No,5/21/2025,No,Point,38.983077590,-76.937915537,PGCOPD,03,16,03,No,19,,19:00,2025,Wednesday,12,Motor Vehicle In Transport,05,On Roadway,3,,,,,,06,Non-Junction,01,Daylight,5/21/2025,2025-05-21,N,23.83,F,N,,,9DFB787E49B943A00FC0703193749BCC3245A8441A6ABB10906652154E6AA8D9,US,01,No,12,Motor Vehicle In Transport,05,On Roadway,09,Wet,,,,,,,,
Property Damage Crashes,MSP77640075,Maryland State Police,Front to Rear,Prince George's,Interstate,No,No,No,No,No,RAMP 9 FR IS 595 WB TO MD 950 SB,95,RAMP,No,True,No,1/23/2025,No,Point,38.946361416,-76.850509830,MSP,03,16,03,No,14,,14:41,2025,Thursday,12,Motor Vehicle In Transport,05,On Roadway,1,,,,,,04,Entrance/Exit Ramp or Related,01,Daylight,1/23/2025,2025-01-23,W,51.28,F,N,,,F609C8DC4E4D1B669806BF9DF29B0A33ADF174DF7505DEEBF9BDADC997A8995F,RP,01,No,,,,,01,Dry,,,,,,,,
Property Damage Crashes,DA44120009,Prince George's County Police,Single Vehicle,Prince George's,Local,No,No,No,No,No,AUDREY LA (NB/L),660,COUNTY ROAD,No,True,No,2/1/2025,No,Point,38.818752062,-76.999559826,PGCOPD,101,16,03,Yes,17,02,17:30,2025,Saturday,06,Other Non-Collision,05,On Roadway,7,Perpendicular,,,INDIAN HEAD HWY,03,05,Intersection or Related,03,Dark - Lighted,2/1/2025,2025-02-01,W,0,F,N,,,E05EAFED6AD5002795B5BB140DC4EA74AA1418386630AA5238B6D49BDAFDB830,CO,01,No,,,,,01,Dry,01,Signalized,,,,,,
Injury Crashes,CE46360065,Laurel Police Department,"Sideswipe, Opposite Direction",Prince George's,Principal Arterial – Other,No,No,No,No,No,FORT MEADE RD (WB/L),198,MARYLAND ROUTE,No,True,No,4/19/2025,No,Point,39.095569071,-76.838795853,LAUREL,06,16,02,Yes,10,02,10:53,2025,Saturday,12,Motor Vehicle In Transport,05,On Roadway,3,Angled/Skewed,,,,01,05,Intersection or Related,01,Daylight,4/19/2025,2025-04-19,S,0,F,N,,,DB4A0AA64C125EEC2AF79F0E172A3CB0F511064A99BA75C449AD7B91F3405D91,MD,01,No,,,,,01,Dry,01,Signalized,,,,,,
Property Damage Crashes,DA345600FV,Prince George's County Police,"Sideswipe, Same Direction",Prince George's,Principal Arterial – Other,No,Yes,No,No,No,NEW HAMPSHIRE AVE,650,MARYLAND ROUTE,Yes,True,No,5/16/2025,No,Point,38.992831611,-76.986765824,PGCOPD,07,16,03,No,6,,06:37,2025,Friday,12,Motor Vehicle In Transport,05,On Roadway,3,,,,,,06,Non-Junction,01,Daylight,5/16/2025,2025-05-16,N,90.97,F,N,,,8136EC8F6242DB6320E249AC10F5BC16B18802A135417360D9321DF1EF898F18,MD,01,No,,,,,01,Dry,,,,,,,,
Property Damage Crashes,DA34330058,Prince George's County Police,Front to Rear,Prince George's,,No,No,No,No,No,CHURCH RD (NB/L),59,COUNTY ROAD,No,True,No,2/14/2025,No,Point,38.909575001,-76.756853662,PGCOPD,03,16,03,No,15,,15:15,2025,Friday,12,Motor Vehicle In Transport,05,On Roadway,,,,,,,09,Through Roadway,01,Daylight,2/14/2025,2025-02-14,N,306.61,F,N,,,A09E88568AE1DC6500EB3FCFF3250C49164D913E93240C4B87A161FA4DB21C46,CO,01,No,,,,,01,Dry,,,,,,,,
Property Damage Crashes,GC9372001T,Glenarden Police Department,Front to Rear,Prince George's,Local,No,No,No,No,No,GLENARDEN PKWY,140,MUNICIPAL ROAD,No,True,No,5/25/2025,No,Point,38.932646515,-76.866933042,GLENARDEN,03,16,03,Yes,23,04,23:51,2025,Sunday,12,Motor Vehicle In Transport,05,On Roadway,7,Perpendicular,,,MARTIN LUTHER KING JR HWY (WB/L),03,05,Intersection or Related,03,Dark - Lighted,5/25/2025,2025-05-25,S,0,F,N,,,50745E4FB639746D3760F7303B631B1ACF3625042EDE0B2057D1E68BBF2F0E4A,MU,01,No,12,Motor Vehicle In Transport,05,On Roadway,01,Dry,01,Signalized,,,,,,
Injury Crashes,DA4327003W,Prince George's County Police,Front to Rear,Prince George's,Local,No,No,No,No,No,OPUS AVE,1179,COUNTY ROAD,Yes,True,No,3/30/2025,No,Point,38.869575965,-76.921484286,PGCOPD,03,16,02,No,13,,13:50,2025,Sunday,12,Motor Vehicle In Transport,05,On Roadway,7,,,,,,06,Non-Junction,01,Daylight,3/30/2025,2025-03-30,E,15.98,F,N,,,A2FBB07D142258E1CA0185A16093321E7402D066DA086B3E767B1DA310ADE2E1,CO,01,No,,,,,01,Dry,,,,,,,,
Property Damage Crashes,CC026200D0,Hyattsville Police Department,Single Vehicle,Prince George's,Principal Arterial – Other,Yes,No,No,No,No,,1,UNITED STATE ROUTE,No,True,No,3/15/2025,No,Point,38.961682484,-76.939525388,HYATTSVILLE,101,16,03,No,2,,02:21,2025,Saturday,36,"Other Post, Pole, Or Support",05,On Roadway,3,,,,,,09,Through Roadway,03,Dark - Lighted,3/15/2025,2025-03-15,S,12.85,F,N,,,67A1E9F5CFA28F0FBF7F27156A6CEE5D8ACE73170C18FBB887DA0FA3EC723F62,US,01,No,19,Strikes Object at Rest from Motor Vehicle In Transport,05,On Roadway,01,Dry,,,,,,,,
Property Damage Crashes,MSP697200FN,Maryland State Police,Other,Prince George's,Principal Arterial – Other Freeways and Expressways,Yes,No,No,No,No,JOHN HANSON HWY,50,UNITED STATE ROUTE,No,True,No,1/25/2025,No,Point,38.943880987,-76.876364798,MSP,98,16,03,No,3,,03:31,2025,Saturday,12,Motor Vehicle In Transport,05,On Roadway,2,,,,,,06,Non-Junction,03,Dark - Lighted,1/25/2025,2025-01-25,N,14.04,F,N,,,EACB472E683077EB157EFEEBA893495AA074D968FE3A68387E2CECE59A67B35A,US,01,No,,,,,01,Dry,,,,,,,,
Property Damage Crashes,MSP7764009S,Maryland State Police,Front to Rear,Prince George's,Interstate,No,No,No,No,No,NO NAME,95,INTERSTATE ROUTE,No,True,No,6/4/2025,No,Point,39.109507850,-76.879490226,MSP,03,16,03,No,15,,15:03,2025,Wednesday,12,Motor Vehicle In Transport,05,On Roadway,1,,,,,,06,Non-Junction,01,Daylight,6/4/2025,2025-06-04,N,30.61,F,N,,,AC41B56467899CCD125A9261091D4D48F26E2E103253C212C0D50B2DB465DBA6,IS,01,No,,,,,01,Dry,,,,,,,,
Injury Crashes,AZ1710001Z,Cheverly Police Department,Single Vehicle,Prince George's,Local,No,No,No,No,No,LOCKWOOD RD,250,MUNICIPAL ROAD,No,True,No,5/8/2025,No,Point,38.930429604,-76.914701565,CHEVERLY,101,16,02,No,4,,04:05,2025,Thursday,40,Tree (standing),09,Roadside,7,,,,,,06,Non-Junction,03,Dark - Lighted,5/8/2025,2025-05-08,W,16.29,F,N,,,85345082C86CEE534AAC6608B33C6287E4C58C125E5C0ECA503249DD08FB8768,MU,01,No,,,,,01,Dry,,,,,,,,
Property Damage Crashes,MSP7865002N,Maryland State Police,"Sideswipe, Same Direction",Prince George's,Interstate,No,Yes,No,No,No,NO NAME (SB/L),95,INTERSTATE ROUTE,No,True,No,5/5/2025,No,Point,39.035297517,-76.940868267,MSP,07,16,03,No,8,,08:13,2025,Monday,12,Motor Vehicle In Transport,05,On Roadway,1,,,,,,06,Non-Junction,01,Daylight,5/5/2025,2025-05-05,N,46.8,F,N,,,1E283AB9CCE7EA96AD1D8600CCC72E0BFE91415CEAB09ABCB44F5A0622CA2733,IS,01,No,,,,,01,Dry,,,,,,,,