Crash Severity Description,Reportnumber,Agencyname,CollisionImpact Description,Crash County Description,FunctionalClass Description,ImpairedCrash,Large Vehicle Involved,Motorcycle Crash,Non-Motorist Crash,OffRoad,RoadName,Route Number,RouteType Description,Unrestrained Occupants,WithinDateRange,Work Zone Related,Crashdate,Work Zone Crash,CrashPoint,Latitude,Longitude,AgencyCode,CollisionImpact,Crash County,Crash Severity,Crash Within Interchange,Crashhour,CrashInterchangeApproaches,Crashtime,CrashYear,Dayofweek,FirstHarmEvent,FirstHarmEvent Description,FirstHarmLocation,FirstHarmLocation Description,FunctionalClass,Geometry Description,GovPropertyDamage,GovPropertyDamage Description,IntersectingRoadName,Intersection Geometry,JunctionRelated,JunctionRelated Description,Light,Light Description,LOD Crash Date,LOD Date Level,MilepointDirection,MilepointDistance,MilepointUnits,NonTrafficFatal,OffroadLocation,OffroadLocation Description,RoadID,RouteType,SchoolBusRelated,SchoolBusRelated Description,SecondHarmEvent,SecondHarmEvent Description,SecondHarmLocation,SecondHarmLocation Description,Surface,Surface Description,TrafficControl,Trafficcontrol Description,WZLawEnforcementPresent,WZLocation,WZLocation Description,WZType,WZType Description,WZWorkersPresent
Property Damage Crashes,DA41920085,Prince George's County Police,Front to Rear,Prince George's,Local,No,No,No,No,No,ROBERT LEWIS AVE,5225,COUNTY ROAD,No,True,No,3/22/2025,No,Point,38.869034737,-76.784299728,PGCOPD,03,16,03,No,11,,11:57,2025,Saturday,12,Motor Vehicle In Transport,05,On Roadway,7,,,,,,09,Through Roadway,01,Daylight,3/22/2025,2025-03-22,S,14.51,F,N,,,D662E5CECBB39EB92D0D48F5D0FBB55624A1E1D4361A95F930234A9CEBE2B8E9,CO,01,No,,,,,01,Dry,,,,,,,,
Property Damage Crashes,MSP697200FP,Maryland State Police,"Sideswipe, Same Direction",Prince George's,Interstate,No,Yes,No,No,No,NO NAME (SB/L),95,INTERSTATE ROUTE,No,True,No,1/30/2025,No,Point,39.098956613,-76.890096154,MSP,07,16,03,No,9,,09:22,2025,Thursday,12,Motor Vehicle In Transport,05,On Roadway,1,,,,,,06,Non-Junction,01,Daylight,1/30/2025,2025-01-30,W,40.14,F,N,,,620A8875C0861F7755887B7E09DFB74EA76767C2EFC09ABAFEB18B161B0E3174,IS,01,No,32,Guardrail Face,06,"On Shoulder, Left Side",01,Dry,,,,,,,,
Injury Crashes,DJ0182002B,Seat Pleasant Police Department,Front to Rear,Prince George's,Principal Arterial – Other,No,Yes,No,No,No,CENTRAL AVE (WB/L),214,MARYLAND ROUTE,Yes,True,No,1/15/2025,No,Point,38.888937950,-76.874127814,SEATPLEASANT,03,16,02,No,15,,15:50,2025,Wednesday,12,Motor Vehicle In Transport,05,On Roadway,3,,,,,,06,Non-Junction,01,Daylight,1/15/2025,2025-01-15,S,21.11,F,N,,,3A667F61FD14C3BB07B86672AE42F6DE7F8DA575B25AB87781267E9BFF50E2C3,MD,01,No,,,,,01,Dry,,,,,,,,
Injury Crashes,MSP7790006F,Maryland State Police,Front to Rear,Prince George's,Interstate,No,No,No,No,No,CAPITAL BELTWAY (WB/L),495,INTERSTATE ROUTE,No,True,No,1/31/2025,No,Point,39.018556750,-76.970707629,MSP,03,16,02,No,20,,20:00,2025,Friday,12,Motor Vehicle In Transport,05,On Roadway,1,,,,,,06,Non-Junction,03,Dark - Lighted,1/31/2025,2025-01-31,S,19.97,F,N,,,6AAB351B39E4E172562F13EFB55819050BF7EBB044DB98E6EB6E661BD5E5DCD5,IS,01,No,,,,,09,Wet,,,,,,,,
Property Damage Crashes,CE4644002Q,Laurel Police Department,Front to Rear,Prince George's,,No,No,No,No,No,,419,SPUR,No,True,No,2/12/2025,No,Point,39.095064546,-76.841917216,LAUREL,03,16,03,No,16,,16:59,2025,Wednesday,12,Motor Vehicle In Transport,05,On Roadway,,,,,,,09,Through Roadway,101,Dusk,2/12/2025,2025-02-12,W,19.5,F,N,,,3EB41E01AEE036EDCD053C21B6E99AB51ABE1A238FB66764D5FE6B5B1966A707,SP,01,No,12,Motor Vehicle In Transport,05,On Roadway,09,Wet,,,,,,,,
Property Damage Crashes,CE51500025,Laurel Police Department,"Sideswipe, Same Direction",Prince George's,Principal Arterial – Other,No,No,No,No,No,WASHINGTON BLVD (SB/L),1,UNITED STATE ROUTE,No,True,No,6/6/2025,No,Point,39.099242732,-76.848616954,LAUREL,07,16,03,Yes,4,,04:56,2025,Friday,12,Motor Vehicle In Transport,05,On Roadway,3,,,,,,04,Entrance/Exit Ramp or Related,100,Dawn,6/6/2025,2025-06-06,N,10.6,F,N,,,A3A288DFD92D09667EC76D0415EC08BB4DEEC93FF1C45C81E6F8FBB1BC3A33D1,US,01,No,,,,,01,Dry,,,,,,,,
Property Damage Crashes,MSP7872001B,Maryland State Police,Front to Rear,Prince George's,Principal Arterial – Other,No,No,No,No,No,CRAIN HWY,301,UNITED STATE ROUTE,No,True,No,1/12/2025,No,Point,38.948291654,-76.717686030,MSP,03,16,03,No,9,,09:15,2025,Sunday,12,Motor Vehicle In Transport,05,On Roadway,3,,,,,,09,Through Roadway,01,Daylight,1/12/2025,2025-01-12,W,14.67,F,N,,,E4FF1F0C1541E80E07272C7A52D080259807DFA2DCB93430E374252E78933BFD,US,01,No,12,Motor Vehicle In Transport,05,On Roadway,01,Dry,,,,,,,,
Property Damage Crashes,DA389000S7,Prince George's County Police,Other,Prince George's,,No,No,No,No,Yes,,,,No,True,No,5/24/2025,No,Point,39.088805668,-76.848138107,PGCOPD,98,16,03,,14,,14:00,2025,Saturday,12,Motor Vehicle In Transport,02,In Parking Lane Or Zone,,,,,,,,,01,Daylight,5/24/2025,2025-05-24,,,F,N,100,Parking Stall,,,01,No,,,,,,,,,,,,,,
Property Damage Crashes,MSP743900MC,Maryland State Police,"Sideswipe, Same Direction",Prince George's,Interstate,No,Yes,No,No,No,CAPITAL BELTWAY (SB/L),95,INTERSTATE ROUTE,No,True,No,2/10/2025,No,Point,38.947315375,-76.860071854,MSP,07,16,03,No,11,,11:47,2025,Monday,12,Motor Vehicle In Transport,05,On Roadway,1,,100,Local,,,09,Through Roadway,01,Daylight,2/10/2025,2025-02-10,E,154.78,F,N,,,71AC39CE87E6BEC0D91844FB8DC59A9701E734156D8841A8AB7CB9962427B4BD,IS,01,No,,,,,01,Dry,,,,,,,,
Property Damage Crashes,DA38260099,Prince George's County Police,"Sideswipe, Same Direction",Prince George's,Principal Arterial – Other,No,No,No,No,No,SILVER HILL RD (SB/L),458,MARYLAND ROUTE,No,True,No,1/25/2025,No,Point,38.841766877,-76.938518817,PGCOPD,07,16,03,No,19,,19:45,2025,Saturday,12,Motor Vehicle In Transport,05,On Roadway,3,,,,,,06,Non-Junction,03,Dark - Lighted,1/25/2025,2025-01-25,E,17.66,F,N,,,D5BE97775C572C192CC06D9B2C7AC19D4D3D64E01A01455D9D9698C51BCCA89F,MD,01,No,,,,,01,Dry,,,,,,,,
Injury Crashes,DA4146006P,Prince George's County Police,Front to Front,Prince George's,Local,No,No,No,No,No,DUNWOODY AVE,1443,COUNTY ROAD,No,True,No,5/23/2025,No,Point,38.810223753,-76.984947450,PGCOPD,02,16,02,No,14,,14:59,2025,Friday,12,Motor Vehicle In Transport,05,On Roadway,7,,,,,,09,Through Roadway,01,Daylight,5/23/2025,2025-05-23,W,19,F,N,,,F7702AB9BE06C5CDE99579AFFC4EDB9C3082D62DE60C6754F4D7233F4EB8223E,CO,01,No,,,,,01,Dry,,,,,,,,
Property Damage Crashes,DA4420000F,Prince George's County Police,"Sideswipe, Same Direction",Prince George's,Principal Arterial – Other,No,Yes,No,No,No,EAST WEST HWY (WB/L),410,MARYLAND ROUTE,No,True,No,1/21/2025,No,Point,38.964579902,-76.938879788,PGCOPD,07,16,03,No,14,,14:54,2025,Tuesday,12,Motor Vehicle In Transport,05,On Roadway,3,,,,,,09,Through Roadway,01,Daylight,1/21/2025,2025-01-21,N,15.25,F,N,,,73BFC5D7AFC6E2F5C272AC6538158FCD4EE4EDA69587D1E8D9942DC200918FAC,MD,02,"Yes, School Bus Directly Involved",,,,,01,Dry,,,,,,,,
Injury Crashes,DA410400BS,Prince George's County Police,Angle,Prince George's,Principal Arterial – Other,No,No,No,No,No,PENNSYLVANIA AVE (SB/L),4,MARYLAND ROUTE,No,True,No,4/26/2025,No,Point,38.845344926,-76.891832623,PGCOPD,01,16,02,Unknown,10,04,10:55,2025,Saturday,12,Motor Vehicle In Transport,05,On Roadway,3,Angled/Skewed,,,WALTERS LA,01,05,Intersection or Related,01,Daylight,4/26/2025,2025-04-26,E,0,F,N,,,D84CEF1924701FE664C2A4F657B81B446FBA4678D4FEC7A2F71A2BF368BED3DD,MD,01,No,12,Motor Vehicle In Transport,05,On Roadway,01,Dry,01,Signalized,,,,,,
Property Damage Crashes,DA302000FH,Prince George's County Police,"Sideswipe, Same Direction",Prince George's,Major Collector,No,No,No,No,No,GUILFORD DR (WB/L),550,MUNICIPAL ROAD,No,True,No,3/23/2025,No,Point,38.979783979,-76.942234973,PGCOPD,07,16,03,No,12,,12:00,2025,Sunday,15,Parked Vehicle,02,In Parking Lane Or Zone,5,,,,,,06,Non-Junction,01,Daylight,3/23/2025,2025-03-23,S,15.06,F,N,,,51D6B637A76F580150208E03A1A8C533F84EBF5D8C9592509C2698ADFE0A7368,MU,01,No,,,,,01,Dry,,,,,,,,
Property Damage Crashes,DA27200078,Prince George's County Police,Other,Prince George's,Principal Arterial – Other,No,No,No,No,No,ST BARNABAS RD (WB/L),414,MARYLAND ROUTE,No,True,No,3/30/2025,No,Point,38.814141022,-76.964465740,PGCOPD,98,16,03,No,12,,12:00,2025,Sunday,12,Motor Vehicle In Transport,05,On Roadway,3,,,,,,03,Driveway Access or Related,01,Daylight,3/30/2025,2025-03-30,N,4.64,F,N,,,632B01B6403E555CB538988EE51B78456A912528C68AEB58AC0D169932B53D32,MD,01,No,,,,,01,Dry,,,,,,,,
Property Damage Crashes,MSP744700NS,Maryland State Police,Angle,Prince George's,Local,No,No,No,No,No,LENOX DR,4597,COUNTY ROAD,No,True,No,4/13/2025,No,Point,38.877268409,-76.808115374,MSP,01,16,03,No,21,04,21:22,2025,Sunday,12,Motor Vehicle In Transport,05,On Roadway,7,Perpendicular,,,LARGO RD (SB/L),03,05,Intersection or Related,03,Dark - Lighted,4/13/2025,2025-04-13,N,0,F,N,,,51185007B9E80601A9FA2C3BF2CFA2DE26FF308B8620BCE0B9EFCEBE42E3F65E,CO,01,No,,,,,01,Dry,04,Yield,,,,,,
Property Damage Crashes,DA393200H7,Prince George's County Police,"Sideswipe, Opposite Direction",Prince George's,Local,No,No,No,No,No,ROANOKE AVE,324,COUNTY ROAD,Yes,True,No,3/1/2025,No,Point,38.963359585,-76.914250674,PGCOPD,06,16,03,No,17,,17:31,2025,Saturday,12,Motor Vehicle In Transport,05,On Roadway,7,,,,,,09,Through Roadway,01,Daylight,3/1/2025,2025-03-01,E,26.92,F,N,,,E59E338C15A1AFF5D0C7BE43E0DBA5C6F68B74DC4F1814B7351C0A41B305ED02,CO,01,No,,,,,01,Dry,,,,,,,,
Injury Crashes,MSP7872004C,Maryland State Police,Front to Rear,Prince George's,Principal Arterial – Other,No,No,No,No,No,CRAIN HWY,301,UNITED STATE ROUTE,No,True,No,5/19/2025,No,Point,38.932800966,-76.717065109,MSP,03,16,02,No,23,,23:38,2025,Monday,12,Motor Vehicle In Transport,05,On Roadway,3,,,,,,09,Through Roadway,04,Dark - Not Lighted,5/19/2025,2025-05-19,S,132.1,F,N,,,DE1710AC0957FBC2AD7D8CCC460D76EDA28EB62EA3B4ACC80A175FCF9DF99245,US,01,No,40,Tree (standing),03,Median,01,Dry,,,,,,,,
Property Damage Crashes,MSP7787005T,Maryland State Police,Single Vehicle,Prince George's,Principal Arterial – Other,No,No,No,No,No,MARTIN LUTHER KING JR HWY (WB/L),704,MARYLAND ROUTE,No,True,No,3/16/2025,No,Point,38.9468068,-76.844469667,MSP,101,16,03,No,23,,23:39,2025,Sunday,25,Concrete Traffic Barrier,09,Roadside,3,,,,,,06,Non-Junction,04,Dark - Not Lighted,3/16/2025,2025-03-16,E,22.67,F,N,,,961DDA76A11406877ED9423310652FEB1233D79EB5B202AC9FCFB3AB6F87701C,MD,01,No,,,,,09,Wet,,,,,,,,
Property Damage Crashes,DA33730027,Prince George's County Police,Front to Rear,Prince George's,Principal Arterial – Other Freeways and Expressways,No,No,No,No,No,BALTIMORE WASHINGTON PKWY (SB/L),295,MARYLAND ROUTE,No,True,No,4/21/2025,No,Point,39.033573998,-76.852329445,PGCOPD,03,16,03,No,13,,13:57,2025,Monday,12,Motor Vehicle In Transport,05,On Roadway,2,,,,,,06,Non-Junction,01,Daylight,4/21/2025,2025-04-21,N,435.28,F,N,,,962CCE74BFDE7321E254B4EB6E0939A4057DE3DE71258B243C8A165563E96E08,MD,01,No,,,,,01,Dry,,,,,,,,
Property Damage Crashes,RD0124005C,Riverdale Park Police Department,Rear To Side,Prince George's,Local,No,No,No,No,No,58TH AVE,317,COUNTY ROAD,No,True,No,3/27/2025,No,Point,38.960184443,-76.917645808,RIVERDALE,05,16,03,Yes,17,04,17:29,2025,Thursday,12,Motor Vehicle In Transport,05,On Roadway,7,Perpendicular,,,RIVERDALE RD (WB/L),03,05,Intersection or Related,01,Daylight,3/27/2025,2025-03-27,S,0,F,N,,,937F181CFD2861DACC944CCF5181D48B809869BA597E18E0ED96EA6EFC5AE8E4,CO,01,No,12,Motor Vehicle In Transport,05,On Roadway,01,Dry,01,Signalized,,,,,,
Injury Crashes,MSP585801GP,Maryland State Police,Angle,Prince George's,Principal Arterial – Other,No,Yes,No,No,No,CRAIN HWY,301,UNITED STATE ROUTE,No,True,No,3/31/2025,No,Point,38.933621667,-76.71732,MSP,01,16,02,No,22,,22:21,2025,Monday,12,Motor Vehicle In Transport,05,On Roadway,3,,,,,,09,Through Roadway,04,Dark - Not Lighted,3/31/2025,2025-03-31,S,30.43,F,N,,,35A1CFCDD2FDE3A7602BF79A8AD82DC6463B379AD043F06AC32CF07FB7D66CA3,US,01,No,,,,,09,Wet,,,,,,,,
Injury Crashes,MSP77640070,Maryland State Police,"Sideswipe, Same Direction",Prince George's,Interstate,No,No,No,No,No,IS 95 SB CD LANE FR MD 198 TO MD 200,95,INTERSTATE ROUTE,Yes,True,No,1/22/2025,No,Point,39.065159817,-76.9125111,MSP,07,16,02,No,6,,06:15,2025,Wednesday,12,Motor Vehicle In Transport,05,On Roadway,1,,101,State,,,06,Non-Junction,03,Dark - Lighted,1/22/2025,2025-01-22,E,41.61,F,N,,,DF4B7B42D3C50A4B1AF781577A8D1450FB472E3BF2DBCF2A6F8945B7C16AAB9E,IS,01,No,,,,,01,Dry,,,,,,,,
Injury Crashes,MSP585801HS,Maryland State Police,Single Vehicle,Prince George's,Interstate,No,No,No,No,No,CAPITAL BELTWAY (SB/L),95,INTERSTATE ROUTE,No,True,No,5/13/2025,No,Point,38.819203333,-76.9301,MSP,101,16,02,No,12,,12:22,2025,Tuesday,32,Guardrail Face,09,Roadside,1,,101,State,,,09,Through Roadway,01,Daylight,5/13/2025,2025-05-13,S,48.6,F,N,,,4FDBBA98930C43530BCFD7FFED7EE57A3EB1ED2CD97D4A19781C8EAE6DF2BCF4,IS,01,No,,,,,09,Wet,,,,,,,,
Property Damage Crashes,CE4909007P,Laurel Police Department,Single Vehicle,Prince George's,Principal Arterial – Other,No,No,No,No,No,TALBOTT AVE (WB/L),198,MARYLAND ROUTE,No,True,No,4/26/2025,No,Point,39.102730614,-76.853627180,LAUREL,101,16,03,No,18,,18:48,2025,Saturday,27,Curb,09,Roadside,3,,,,,,02,Crossover-Related,01,Daylight,4/26/2025,2025-04-26,E,33.22,F,N,,,ADABF62E0FBE21D81024F4BA30023FCDEE78750A214A8F860779F61496BD90B6,MD,01,No,,,,,01,Dry,,,,,,,,
Property Damage Crashes,MSP7875002T,Maryland State Police,Front to Rear,Prince George's,,Yes,No,No,No,No,,116,SPUR,No,True,No,3/23/2025,No,Point,38.901967639,-76.758962513,MSP,03,16,03,No,22,,22:50,2025,Sunday,12,Motor Vehicle In Transport,05,On Roadway,,,,,,,06,Non-Junction,04,Dark - Not Lighted,3/23/2025,2025-03-23,W,13.32,F,N,,,8CB2BADEB44ECA9F05B482F035AAD36864F4195399900CA50A0CA1C179CD2820,SP,01,No,,,,,01,Dry,,,,,,,,
Injury Crashes,CE49140093,Laurel Police Department,Single Vehicle,Prince George's,,No,No,No,Yes,No,,270,MUNICIPAL ROAD,No,True,No,2/8/2025,No,Point,39.097560858,-76.856103254,LAUREL,101,16,02,No,17,,17:48,2025,Saturday,17,Pedestrian,05,On Roadway,,,,,FOURTH ST,,06,Non-Junction,04,Dark - Not Lighted,2/8/2025,2025-02-08,E,5.09,F,N,,,FF9D39F17C7E7BE1EA723FEE6D9023C5D37C2475E2C3A34B1A37E7D9118A5732,MU,01,No,,,,,09,Wet,,,,,,,,
Injury Crashes,DA398800B1,Prince George's County Police,Front to Front,Prince George's,Minor Arterial,No,No,No,No,No,,564,MARYLAND ROUTE,No,True,No,3/27/2025,No,Point,39.000921011,-76.794423784,PGCOPD,02,16,02,No,6,,06:15,2025,Thursday,12,Motor Vehicle In Transport,05,On Roadway,4,,,,,,06,Non-Junction,03,Dark - Lighted,3/27/2025,2025-03-27,S,5.95,F,N,,,E575E13BCA429DA8A46DFCB06E881D8F2E334F90C6EF4ECFAB141C9D24CFCCFC,MD,01,No,97,Not Applicable,,,01,Dry,,,,,,,,
Property Damage Crashes,DA43750038,Prince George's County Police,Front to Rear,Prince George's,Local,No,No,No,No,No,ROCHELLE AVE,2822,COUNTY ROAD,No,True,No,5/31/2025,No,Point,38.863310563,-76.893744726,PGCOPD,03,16,03,No,3,,03:00,2025,Saturday,15,Parked Vehicle,05,On Roadway,7,,,,,,06,Non-Junction,03,Dark - Lighted,5/31/2025,2025-05-31,N,16.9,F,N,,,3AD73B200160ACDFF97024C8F92E8461FF0CB9E9F4D3BE47DFA7F36CC7D3A9EE,CO,01,No,,,,,01,Dry,,,,,,,,
Property Damage Crashes,CC02710082,Hyattsville Police Department,Single Vehicle,Prince George's,,No,No,No,No,Yes,,,,No,True,No,3/4/2025,No,Point,38.952923671,-76.941894284,HYATTSVILLE,101,16,03,,7,,07:00,2025,Tuesday,36,"Other Post, Pole, Or Support",02,In Parking Lane Or Zone,,,,,,,,,01,Daylight,3/4/2025,2025-03-04,,,F,N,100,Parking Stall,,,01,No,,,,,,,,,,,,,,
Property Damage Crashes,CE4943006S,Laurel Police Department,Front to Rear,Prince George's,,No,No,No,No,Yes,,,,No,True,No,2/7/2025,No,Point,39.096358058,-76.853310134,LAUREL,03,16,03,,16,,16:01,2025,Friday,12,Motor Vehicle In Transport,04,"Off-Roadway, Location Unknown",,,,,,,,,01,Daylight,2/7/2025,2025-02-07,,,F,N,102,Parking Lot Way,,,01,No,,,,,,,,,,,,,,
Property Damage Crashes,MSP77640083,Maryland State Police,Front to Rear,Prince George's,Interstate,Yes,No,No,No,No,CAPITAL BELTWAY,95,INTERSTATE ROUTE,No,True,No,3/20/2025,No,Point,38.995804365,-76.889481352,MSP,03,16,03,No,18,,18:02,2025,Thursday,12,Motor Vehicle In Transport,05,On Roadway,1,,,,,,06,Non-Junction,01,Daylight,3/20/2025,2025-03-20,N,45.2,F,N,,,FB7824D59D94ACA4BEE03C8226267AEA7F082406242C51F9FC3541D1D533196D,IS,01,No,,,,,09,Wet,,,,,,,,
Property Damage Crashes,DA345600FG,Prince George's County Police,Single Vehicle,Prince George's,,No,Yes,No,No,Yes,,,,No,True,No,4/15/2025,No,Point,38.967655156,-76.987045444,PGCOPD,101,16,03,,21,,21:32,2025,Tuesday,35,"Other Fixed Object (wall, building, tunnel, etc.)",08,Outside Road/Right-Of-Way,,,100,Local,,,,,04,Dark - Not Lighted,4/15/2025,2025-04-15,,,F,N,106,Driveway,,,01,No,,,,,,,,,,,,,,
Property Damage Crashes,MSP738100BN,Maryland State Police,"Sideswipe, Same Direction",Prince George's,Interstate,No,No,No,No,No,RAMP 2 FR IS 95 SB TO AUTH RD,95,RAMP,No,True,No,2/10/2025,No,Point,38.819079224,-76.914457010,MSP,07,16,03,No,8,,08:52,2025,Monday,12,Motor Vehicle In Transport,05,On Roadway,1,,,,,,01,Acceleration/Deceleration Lane,01,Daylight,2/10/2025,2025-02-10,W,54.25,F,N,,,FD1A9769CD9E5589178A03DC86EA88648EB1B3E6051370AA64F609AE1D14E831,RP,01,No,,,,,01,Dry,,,,,,,,
Property Damage Crashes,MSP732800LG,Maryland State Police,"Sideswipe, Same Direction",Prince George's,Interstate,No,No,No,No,No,CAPITAL BELTWAY,95,INTERSTATE ROUTE,No,True,No,5/21/2025,No,Point,38.945793333,-76.858405,MSP,07,16,03,No,5,,05:13,2025,Wednesday,12,Motor Vehicle In Transport,05,On Roadway,1,,,,,,06,Non-Junction,04,Dark - Not Lighted,5/21/2025,2025-05-21,E,11.44,F,N,,,1AB778720E5BE9000AB118253EF0D8827486477F2C6517A68F139A40AC3241B3,IS,01,No,25,Concrete Traffic Barrier,03,Median,01,Dry,,,,,,,,
Injury Crashes,CBPD0115003L,Bowie Police Department,Single Vehicle,Prince George's,,No,No,No,Yes,Yes,,,,No,True,No,3/29/2025,No,Point,38.936061720,-76.720078903,BOWIE,101,16,02,,15,,15:35,2025,Saturday,17,Pedestrian,01,Gore,,,,,,,,,01,Daylight,3/29/2025,2025-03-29,,,F,N,102,Parking Lot Way,,,01,No,,,,,,,,,,,,,,
Property Damage Crashes,DA418600CB,Prince George's County Police,"Sideswipe, Same Direction",Prince George's,Local,No,No,No,No,No,KNOX RD,670,MUNICIPAL ROAD,No,True,No,3/21/2025,No,Point,38.980950091,-76.939002398,PGCOPD,07,16,03,No,12,,12:50,2025,Friday,12,Motor Vehicle In Transport,05,On Roadway,7,,,,,,06,Non-Junction,01,Daylight,3/21/2025,2025-03-21,W,37.98,F,N,,,678475AEC36F94D11BFA907BB662AA4D4E1E06E8D8E8F4D5C30E07888BCD6442,MU,01,No,,,,,01,Dry,,,,,,,,
Property Damage Crashes,DA4426000M,Prince George's County Police,"Sideswipe, Same Direction",Prince George's,Local,No,No,No,No,No,R ST,349,COUNTY ROAD,No,True,No,2/27/2025,No,Point,38.912917246,-76.933220245,PGCOPD,07,16,03,Yes,8,02,08:17,2025,Thursday,12,Motor Vehicle In Transport,05,On Roadway,7,Perpendicular,,,KENILWORTH AVE,03,05,Intersection or Related,01,Daylight,2/27/2025,2025-02-27,N,0,F,N,,,F1A362570EAD763F81E642D0627EDEE24D6DCD5162A2B68EF4F2F4FC9F23427F,CO,01,No,,,,,09,Wet,03,Stop - Partial,,,,,,
Property Damage Crashes,MSP647600HT,Maryland State Police,Front to Rear,Prince George's,Principal Arterial – Other,No,No,No,No,No,CRAIN HWY (SB/L),301,UNITED STATE ROUTE,No,True,No,4/5/2025,No,Point,38.810484586,-76.740119683,MSP,03,16,03,No,16,,16:25,2025,Saturday,12,Motor Vehicle In Transport,05,On Roadway,3,,,,,,09,Through Roadway,01,Daylight,4/5/2025,2025-04-05,E,52.81,F,N,,,D6802FD4CEB2C28FC2249959CD3B0062952222BBC72911415D3ACCD328BCAC84,US,01,No,,,,,01,Dry,,,,,,,,
Property Damage Crashes,DA402200K4,Prince George's County Police,Front to Rear,Prince George's,Local,No,No,No,No,No,PRESIDENTIAL GOLF DR,7117,COUNTY ROAD,No,True,No,4/13/2025,No,Point,38.850196665,-76.729303214,PGCOPD,03,16,03,No,21,,21:22,2025,Sunday,15,Parked Vehicle,07,"On Shoulder, Right Side",7,,,,,,06,Non-Junction,03,Dark - Lighted,4/13/2025,2025-04-13,W,31.13,F,N,,,DE0D346EC61C933FB5F6CD321E1DED4C580154C334FDA254F5CCD3911549EB75,CO,01,No,,,,,01,Dry,,,,,,,,
Property Damage Crashes,DA4265001F,Prince George's County Police,Front to Rear,Prince George's,Principal Arterial – Other,No,No,No,No,No,ST BARNABAS RD (WB/L),414,MARYLAND ROUTE,No,True,No,4/19/2025,No,Point,38.810767300,-76.968210031,PGCOPD,03,16,03,No,6,,06:50,2025,Saturday,12,Motor Vehicle In Transport,05,On Roadway,3,,,,,,09,Through Roadway,01,Daylight,4/19/2025,2025-04-19,N,53.28,F,N,,,17EECFDC9F9E0094649655746F270E399547EE283CC5F0F68E296574B634E4F9,MD,01,No,,,,,01,Dry,,,,,,,,
Property Damage Crashes,DA4333004K,Prince George's County Police,Angle,Prince George's,Major Collector,No,No,No,No,No,CHILLUM RD,449,COUNTY ROAD,No,True,No,6/5/2025,No,Point,38.965023774,-77.000765732,PGCOPD,01,16,03,No,14,,14:20,2025,Thursday,12,Motor Vehicle In Transport,05,On Roadway,5,,,,,,06,Non-Junction,01,Daylight,6/5/2025,2025-06-05,W,39.79,F,N,,,1EE0440DB6242FB712F2BF622A781BC44A57D0CA49864363EB06B9A80FBB6DBA,CO,01,No,,,,,01,Dry,,,,,,,,
Property Damage Crashes,DA4304006F,Prince George's County Police,Front to Rear,Prince George's,Minor Arterial,No,No,No,No,No,LAUREL BOWIE RD,197,MARYLAND ROUTE,No,True,No,4/2/2025,No,Point,39.055297759,-76.837915858,PGCOPD,03,16,03,No,20,,20:51,2025,Wednesday,12,Motor Vehicle In Transport,05,On Roadway,4,,,,,,99,Unknown,04,Dark - Not Lighted,4/2/2025,2025-04-02,N,19.36,F,N,,,4FE3DD8B3149C01086EFC3C193201950C1EBFE1D968CF6462CC61D666EE1FEE4,MD,01,No,,,,,01,Dry,,,,,,,,
Property Damage Crashes,DA4376001P,Prince George's County Police,"Sideswipe, Same Direction",Prince George's,,No,No,No,No,No,,366,COUNTY ROAD,No,True,No,2/23/2025,No,Point,38.883026894,-76.897200590,PGCOPD,07,16,03,No,11,,11:00,2025,Sunday,12,Motor Vehicle In Transport,05,On Roadway,,,,,,,06,Non-Junction,01,Daylight,2/23/2025,2025-02-23,N,18.77,F,N,,,F6FB3C130906D14B1EF7A0D81F86A97F97AEB7A91A7176779387F15E62FD4301,CO,01,No,,,,,01,Dry,,,,,,,,
Property Damage Crashes,DA4328003F,Prince George's County Police,Front to Front,Prince George's,Principal Arterial – Other,No,No,No,No,No,OXON HILL RD (WB/L),414,MARYLAND ROUTE,No,True,No,5/26/2025,No,Point,38.804305227,-76.982116672,PGCOPD,02,16,03,No,15,,15:04,2025,Monday,12,Motor Vehicle In Transport,05,On Roadway,3,,,,,,06,Non-Junction,01,Daylight,5/26/2025,2025-05-26,S,27.54,F,N,,,A354CAF071730EC7F6E10F19E3E9ED0D1E0F629719532CFF43106A585844CC0B,MD,01,No,,,,,01,Dry,,,,,,,,
Property Damage Crashes,MSP78710039,Maryland State Police,"Sideswipe, Same Direction",Prince George's,Interstate,No,No,No,No,No,CAPITAL BELTWAY (SB/L),95,INTERSTATE ROUTE,No,True,No,4/3/2025,No,Point,38.957689577,-76.865358098,MSP,07,16,03,No,14,,14:07,2025,Thursday,12,Motor Vehicle In Transport,05,On Roadway,1,,,,,,09,Through Roadway,01,Daylight,4/3/2025,2025-04-03,S,7.06,F,N,,,2D6EA8E2131345CE93A93727AD11267DE4F3BFC638E3E69731EFDF1C199A3793,IS,01,No,,,,,01,Dry,,,,,,,,
Injury Crashes,DA4268007G,Prince George's County Police,Unknown,Prince George's,,No,No,No,Yes,Yes,,,,No,True,No,4/28/2025,No,Point,38.989496387,-76.929898320,PGCOPD,99,16,02,,17,,17:50,2025,Monday,15,Parked Vehicle,05,On Roadway,,,,,,,,,01,Daylight,4/28/2025,2025-04-28,,,F,N,102,Parking Lot Way,,,01,No,,,,,,,,,,,,,,