Crash Severity Description,Reportnumber,Agencyname,CollisionImpact Description,Crash County Description,FunctionalClass Description,ImpairedCrash,Large Vehicle Involved,Motorcycle Crash,Non-Motorist Crash,OffRoad,RoadName,Route Number,RouteType Description,Unrestrained Occupants,WithinDateRange,Work Zone Related,Crashdate,Work Zone Crash,CrashPoint,Latitude,Longitude,AgencyCode,CollisionImpact,Crash County,Crash Severity,Crash Within Interchange,Crashhour,CrashInterchangeApproaches,Crashtime,CrashYear,Dayofweek,FirstHarmEvent,FirstHarmEvent Description,FirstHarmLocation,FirstHarmLocation Description,FunctionalClass,Geometry Description,GovPropertyDamage,GovPropertyDamage Description,IntersectingRoadName,Intersection Geometry,JunctionRelated,JunctionRelated Description,Light,Light Description,LOD Crash Date,LOD Date Level,MilepointDirection,MilepointDistance,MilepointUnits,NonTrafficFatal,OffroadLocation,OffroadLocation Description,RoadID,RouteType,SchoolBusRelated,SchoolBusRelated Description,SecondHarmEvent,SecondHarmEvent Description,SecondHarmLocation,SecondHarmLocation Description,Surface,Surface Description,TrafficControl,Trafficcontrol Description,WZLawEnforcementPresent,WZLocation,WZLocation Description,WZType,WZType Description,WZWorkersPresent
Property Damage Crashes,DA402100CZ,Prince George's County Police,Front to Front,Prince George's,Local,No,No,No,No,No,ROLLING VIEW DR,2097,COUNTY ROAD,No,True,No,4/6/2025,No,Point,38.954774995,-76.857328224,PGCOPD,02,16,03,No,4,,04:34,2025,Sunday,15,Parked Vehicle,05,On Roadway,7,,,,,,01,Acceleration/Deceleration Lane,03,Dark - Lighted,4/6/2025,2025-04-06,S,9.85,F,N,,,4217E2A4357BED11C36BFB05686EB2A58408AE4121447A1473FD8C90C6273E66,CO,01,No,15,Parked Vehicle,05,On Roadway,01,Dry,,,,,,,,
Property Damage Crashes,DA41250074,Prince George's County Police,Front to Rear,Prince George's,Local,No,No,No,No,No,LYDELL RD,270,MUNICIPAL ROAD,No,True,No,1/19/2025,No,Point,38.926005262,-76.927945093,PGCOPD,03,16,03,Unknown,5,,05:38,2025,Sunday,12,Motor Vehicle In Transport,05,On Roadway,7,,,,,,99,Unknown,04,Dark - Not Lighted,1/19/2025,2025-01-19,N,37.03,F,N,,,9067324EEED813D9339DCFB09515E7BB9C4C803289DE036BEE25389E171DF35B,MU,01,No,12,Motor Vehicle In Transport,05,On Roadway,09,Wet,,,,,,,,
Property Damage Crashes,DA4396001T,Prince George's County Police,"Sideswipe, Same Direction",Prince George's,Major Collector,No,No,No,No,No,MERRIMAC DR,668,COUNTY ROAD,No,True,No,5/24/2025,No,Point,38.992387431,-76.981468024,PGCOPD,07,16,03,No,20,,20:15,2025,Saturday,15,Parked Vehicle,05,On Roadway,5,,,,,,06,Non-Junction,01,Daylight,5/24/2025,2025-05-24,N,35.73,F,N,,,B042361F8683A89A549DAA68160A3CB3D9C4A9A9E5B481ADA6ABF5F176C0C9AF,CO,01,No,,,,,01,Dry,,,,,,,,
Property Damage Crashes,DA4357002Q,Prince George's County Police,Front to Front,Prince George's,Major Collector,No,No,No,No,No,FAIRHAVEN AVE,3348,COUNTY ROAD,No,True,No,1/28/2025,No,Point,38.760932907,-76.804314941,PGCOPD,02,16,03,No,19,,19:53,2025,Tuesday,12,Motor Vehicle In Transport,05,On Roadway,5,,,,,,06,Non-Junction,04,Dark - Not Lighted,1/28/2025,2025-01-28,W,19.63,F,N,,,61E704F6001944B672C279AD25781ADF3FF31BE3059A320987A57FD6D262B6B9,CO,01,No,,,,,01,Dry,,,,,,,,
Property Damage Crashes,MSP617100P0,Maryland State Police,Front to Rear,Prince George's,Interstate,No,No,No,No,No,CAPITAL BELTWAY,95,INTERSTATE ROUTE,No,True,No,5/3/2025,No,Point,38.98093,-76.875718333,MSP,03,16,03,No,11,,11:39,2025,Saturday,12,Motor Vehicle In Transport,05,On Roadway,1,,,,,,06,Non-Junction,01,Daylight,5/3/2025,2025-05-03,W,42.29,F,N,,,522D56AF95A86DF8F122BD06F50E1284C4308F505F998F3E0DE1FA330204E474,IS,01,No,,,,,01,Dry,,,,,,,,
Property Damage Crashes,DA4369002C,Prince George's County Police,"Sideswipe, Same Direction",Prince George's,Minor Arterial,No,Yes,No,No,No,BISHOP PEEBLES DR (EB/L),5922,COUNTY ROAD,Yes,True,No,5/7/2025,No,Point,38.906582782,-76.862070628,PGCOPD,07,16,03,No,9,,09:50,2025,Wednesday,12,Motor Vehicle In Transport,05,On Roadway,4,,,,,,02,Crossover-Related,01,Daylight,5/7/2025,2025-05-07,W,38.69,F,N,,,1F5CE88C03A3A12338B33FFFB0FF673EFAFE9223227621E212E5BDBA74B8E403,CO,01,No,,,,,01,Dry,,,,,,,,
Property Damage Crashes,DA3372003N,Prince George's County Police,Front to Rear,Prince George's,Minor Arterial,No,No,No,No,No,PALMER RD,3645,COUNTY ROAD,No,True,No,2/25/2025,No,Point,38.766949336,-76.989674680,PGCOPD,03,16,03,No,7,,07:20,2025,Tuesday,12,Motor Vehicle In Transport,05,On Roadway,4,,,,,,06,Non-Junction,01,Daylight,2/25/2025,2025-02-25,W,13.79,F,N,,,25265AD8095612FC52C8C948D12EE0385910094EE83BB9DE0F3B518B12CAA115,CO,01,No,12,Motor Vehicle In Transport,05,On Roadway,01,Dry,,,,,,,,
Property Damage Crashes,DA4389002G,Prince George's County Police,Angle,Prince George's,Local,No,Yes,No,No,No,MERRIMACK DR,1669,COUNTY ROAD,Yes,True,No,1/19/2025,No,Point,38.990010083,-76.973869715,PGCOPD,01,16,03,No,16,,16:40,2025,Sunday,12,Motor Vehicle In Transport,05,On Roadway,7,,,,RIGGS RD RIGGS RD (SB/L),,09,Through Roadway,01,Daylight,1/19/2025,2025-01-19,N,18.12,F,N,,,819D80C13895C6CD107BF85C10F332A6D779F68A22B82EE690C90ACAF6B0778C,CO,01,No,,,,,07,Snow,,,,,,,,
Property Damage Crashes,MSP77760050,Maryland State Police,Single Vehicle,Prince George's,Interstate,No,No,No,No,No,CAPITAL BELTWAY,95,INTERSTATE ROUTE,No,True,No,3/5/2025,No,Point,38.961108752,-76.866346278,MSP,101,16,03,No,14,,14:49,2025,Wednesday,36,"Other Post, Pole, Or Support",09,Roadside,1,,101,State,,,06,Non-Junction,01,Daylight,3/5/2025,2025-03-05,W,52.48,F,N,,,2C4B0562D5E58FDBACFF174DD66B949F6277BBE86772ACF83AF8A6033D8F7430,IS,01,No,,,,,09,Wet,,,,,,,,
Injury Crashes,MSP745000J1,Maryland State Police,Front to Rear,Prince George's,Principal Arterial – Other,No,No,No,No,No,CRAIN HWY (SB/L),3,MARYLAND ROUTE,No,True,No,2/4/2025,No,Point,38.962506667,-76.71736,MSP,03,16,02,No,6,,06:29,2025,Tuesday,12,Motor Vehicle In Transport,05,On Roadway,3,,,,,,09,Through Roadway,100,Dawn,2/4/2025,2025-02-04,E,41.66,F,N,,,55974A99325EF5BDE547A77EA715CB4BC7AD55E0993EC821C1C0131FF240D8DD,MD,01,No,97,Not Applicable,,,01,Dry,,,,,,,,
Property Damage Crashes,CE52400030,Laurel Police Department,Single Vehicle,Prince George's,,No,No,No,No,Yes,,,,No,True,No,4/13/2025,No,Point,39.0947359,-76.8528477,LAUREL,101,16,03,,8,,08:48,2025,Sunday,35,"Other Fixed Object (wall, building, tunnel, etc.)",02,In Parking Lane Or Zone,,,,,,,,,01,Daylight,4/13/2025,2025-04-13,,,F,N,102,Parking Lot Way,,,01,No,,,,,,,,,,,,,,
Property Damage Crashes,DA3057009Q,Prince George's County Police,Angle,Prince George's,Major Collector,No,No,No,No,No,LIVINGSTON RD,1203,COUNTY ROAD,No,True,No,3/9/2025,No,Point,38.786659,-76.9904101,PGCOPD,01,16,03,No,1,,01:00,2025,Sunday,12,Motor Vehicle In Transport,05,On Roadway,5,,,,,,02,Crossover-Related,03,Dark - Lighted,3/9/2025,2025-03-09,S,28.13,F,N,,,1E46E3C70314FD6E2EA2A91B805A2BD3396632404AA332F749BC71CAC4E78A94,CO,01,No,,,,,01,Dry,,,,,,,,
Injury Crashes,MSP7875004Z,Maryland State Police,Single Vehicle,Prince George's,Interstate,No,No,No,No,No,CAPITAL BELTWAY (SB LOCAL),95,INTERSTATE ROUTE,No,True,Yes,5/28/2025,Yes,Point,38.806783333,-76.987191667,MSP,101,16,02,No,17,,17:12,2025,Wednesday,25,Concrete Traffic Barrier,01,Gore,1,,,,,,06,Non-Junction,01,Daylight,5/28/2025,2025-05-28,E,46.71,F,N,,,1F474922C3DD3ECAAD11F9E28DAAB86E9C4F47AD3DDB7D3B2B4770DEE066BB97,IS,01,No,,,,,09,Wet,,,N,02,Advance Warning Area,03,Work on Shoulder or Median,No
Property Damage Crashes,CNC31840021,New Carrollton Police Department,"Sideswipe, Opposite Direction",Prince George's,,No,No,No,No,Yes,,,,No,True,No,3/31/2025,No,Point,38.955095610,-76.867026251,NCPD,06,16,03,,13,,13:35,2025,Monday,12,Motor Vehicle In Transport,02,In Parking Lane Or Zone,,,,,,,,,01,Daylight,3/31/2025,2025-03-31,,,F,N,102,Parking Lot Way,,,01,No,,,,,,,,,,,,,,
Injury Crashes,DA4373002L,Prince George's County Police,Front to Rear,Prince George's,,No,No,No,No,No,ALLENTOWN RD (SB/L),126,COUNTY ROAD,No,True,No,5/3/2025,No,Point,38.793480162,-76.928178056,PGCOPD,03,16,02,No,22,,22:10,2025,Saturday,12,Motor Vehicle In Transport,05,On Roadway,,,,,,,06,Non-Junction,03,Dark - Lighted,5/3/2025,2025-05-03,W,23.65,F,N,,,68C9F43D64E2AD34849E57E11743149DE1FA2E95262C933D620A4BF9361FA76F,CO,01,No,,,,,01,Dry,,,,,,,,
Property Damage Crashes,DA4296003R,Prince George's County Police,Rear To Side,Prince George's,Major Collector,No,No,No,No,No,DONNELL DR,1679,COUNTY ROAD,No,True,No,2/2/2025,No,Point,38.846973707,-76.885181779,PGCOPD,05,16,03,Yes,15,,15:32,2025,Sunday,12,Motor Vehicle In Transport,05,On Roadway,5,,,,,,09,Through Roadway,01,Daylight,2/2/2025,2025-02-02,S,99.51,F,N,,,E8B957437EAD6C31813F0A7B1E79B03352A8209117743D9B4CCF6D18F596E326,CO,01,No,,,,,01,Dry,,,,,,,,
Property Damage Crashes,AT10310018,Capitol Heights Police Department,Front to Rear,Prince George's,Principal Arterial – Other,No,No,No,No,No,CENTRAL AVE,214,MARYLAND ROUTE,No,True,No,1/16/2025,No,Point,38.889595147,-76.863658200,CAPITOLHEIGHTS,03,16,03,Unknown,18,,18:30,2025,Thursday,12,Motor Vehicle In Transport,99,Unknown,3,,,,,,99,Unknown,03,Dark - Lighted,1/16/2025,2025-01-16,E,33.37,F,N,,,3B40C63B664745B39AD285CA725021A97F11094390735962BE0B070814B799B9,MD,01,No,,,,,02,Ice/Frost,,,,,,,,
Property Damage Crashes,MSP757700H9,Maryland State Police,Front to Rear,Prince George's,Interstate,Yes,No,No,No,No,CAPITAL BELTWAY (SB/L),95,INTERSTATE ROUTE,No,True,No,1/25/2025,No,Point,38.969403333,-76.868896667,MSP,03,16,03,No,1,,01:07,2025,Saturday,15,Parked Vehicle,07,"On Shoulder, Right Side",1,,,,,,09,Through Roadway,03,Dark - Lighted,1/25/2025,2025-01-25,E,16.29,F,N,,,64C6CBB50A865A9A3043B16A90E24B2B87F9852AFA1ECBCD582A21DFDD46929B,IS,01,No,97,Not Applicable,,,01,Dry,,,,,,,,
Property Damage Crashes,DA4249006Z,Prince George's County Police,Angle,Prince George's,Major Collector,No,No,No,No,No,ADDISON RD,351,COUNTY ROAD,No,True,No,4/29/2025,No,Point,38.905118387,-76.916332430,PGCOPD,01,16,03,No,23,04,23:27,2025,Tuesday,12,Motor Vehicle In Transport,05,On Roadway,5,Angled/Skewed,,,SHERIFF RD,01,05,Intersection or Related,03,Dark - Lighted,4/29/2025,2025-04-29,S,0,F,N,,,A698C91CAC9A871A92D923DB70C6365F7A2766A2ED76C0A154C725D6B43EE557,CO,01,No,,,,,01,Dry,01,Signalized,,,,,,
Injury Crashes,DA37140055,Prince George's County Police,Single Vehicle,Prince George's,Principal Arterial – Other,No,No,No,No,No,ST BARNABAS RD (WB/L),414,MARYLAND ROUTE,No,True,No,3/18/2025,No,Point,38.819260930,-76.958750020,PGCOPD,101,16,02,No,19,,19:24,2025,Tuesday,40,Tree (standing),04,"Off-Roadway, Location Unknown",3,,,,,,06,Non-Junction,101,Dusk,3/18/2025,2025-03-18,S,36.08,F,N,,,52744B6336940DB2C90CDE9AF8F6D7DC60C45B6438D44F42BEA5C1A318B7B428,MD,01,No,,,,,01,Dry,,,,,,,,
Property Damage Crashes,MSP78430027,Maryland State Police,Front to Rear,Prince George's,Interstate,No,No,No,No,No,CAPITAL BELTWAY (SB/L),95,INTERSTATE ROUTE,No,True,No,3/28/2025,No,Point,38.963184909,-76.867265719,MSP,03,16,03,No,15,,15:42,2025,Friday,12,Motor Vehicle In Transport,05,On Roadway,1,,,,,,06,Non-Junction,01,Daylight,3/28/2025,2025-03-28,N,23.08,F,N,,,7BEC8343F98B7AEAA93ECA4B533E500368E7000D9C66BC0924A0C5CC524BBCCE,IS,01,No,,,,,01,Dry,,,,,,,,
Property Damage Crashes,MSP7770006S,Maryland State Police,Single Vehicle,Prince George's,Principal Arterial – Other,No,No,No,No,No,CRAIN HWY,301,UNITED STATE ROUTE,No,True,No,3/9/2025,No,Point,38.694596667,-76.871901667,MSP,101,16,03,Yes,17,,17:50,2025,Sunday,31,Guardrail End Terminal,09,Roadside,3,,101,State,,,04,Entrance/Exit Ramp or Related,01,Daylight,3/9/2025,2025-03-09,S,29.38,F,N,,,E04E9E16CD95DB642DC5E3B9E0D61F90CBF58283F89C8D9F599A517C9DDDD788,US,01,No,,,,,01,Dry,,,,,,,,
Property Damage Crashes,DA3008001G,Prince George's County Police,Single Vehicle,Prince George's,Minor Arterial,No,No,No,No,No,ENTERPRISE RD,193,MARYLAND ROUTE,No,True,No,6/3/2025,No,Point,38.903109094,-76.794801115,PGCOPD,101,16,03,No,13,,13:49,2025,Tuesday,32,Guardrail Face,07,"On Shoulder, Right Side",4,,,,,,06,Non-Junction,01,Daylight,6/3/2025,2025-06-03,W,24.57,F,N,,,B388E66A768DE144C6AB37A1DFACABF8A8CABEDBB9D8F3422A31F4202A6DF060,MD,01,No,,,,,01,Dry,,,,,,,,
Property Damage Crashes,DA43690024,Prince George's County Police,Front to Front,Prince George's,Local,No,No,No,No,No,E RIDGE DR,2034,COUNTY ROAD,No,True,No,3/8/2025,No,Point,38.919240269,-76.885236140,PGCOPD,02,16,03,No,5,,05:00,2025,Saturday,15,Parked Vehicle,02,In Parking Lane Or Zone,7,,,,,,09,Through Roadway,05,Dark - Unknown Lighting,3/8/2025,2025-03-08,E,27.34,F,N,,,E1729F278B54ACD79E8083D288CD850814ACACC6ED98CE1B85BD4904EC6256B8,CO,01,No,,,,,01,Dry,,,,,,,,
Property Damage Crashes,DA387800CJ,Prince George's County Police,Other,Prince George's,Local,No,No,No,No,No,OAKLEYS RD,6742,COUNTY ROAD,No,True,No,2/21/2025,No,Point,38.990853992,-76.806557109,PGCOPD,98,16,03,No,6,,06:35,2025,Friday,15,Parked Vehicle,05,On Roadway,7,,,,,,06,Non-Junction,03,Dark - Lighted,2/21/2025,2025-02-21,S,5.39,F,N,,,834FE34081F19ABAA7A337568CE70C40355A7CFE1E43E190A8FBDCA82BBF97E4,CO,01,No,,,,,01,Dry,,,,,,,,
Property Damage Crashes,DA3413008Z,Prince George's County Police,Angle,Prince George's,Minor Arterial,No,No,No,No,No,,223,MARYLAND ROUTE,No,True,No,4/29/2025,No,Point,38.764957449,-76.898622071,PGCOPD,01,16,03,No,18,,18:36,2025,Tuesday,12,Motor Vehicle In Transport,99,Unknown,4,,,,,,06,Non-Junction,01,Daylight,4/29/2025,2025-04-29,N,59.63,F,N,,,1AFDF56592CDAC0DD7F614A28E8405887A774E8C12FC63D2D1ACFA148AC5352F,MD,01,No,,,,,01,Dry,,,,,,,,
Property Damage Crashes,DA44180015,Prince George's County Police,Rear To Side,Prince George's,Minor Arterial,No,No,No,No,No,ANNAPOLIS RD,450,MARYLAND ROUTE,No,True,No,4/10/2025,No,Point,38.938771483,-76.913206939,PGCOPD,05,16,03,No,16,,16:26,2025,Thursday,12,Motor Vehicle In Transport,05,On Roadway,4,,,,RAMP 1 FR RAMP 4 (FR MD 295) TO MD 450 RAMP 3 FR MD 450 TO RAMP 2 (TO MD 295),,09,Through Roadway,01,Daylight,4/10/2025,2025-04-10,N,9.64,F,N,,,A432512B257B7AA62A6CF4D7A50DEACA8764081B83E6A74398ED246AC8B6ED1A,MD,01,No,,,,,01,Dry,,,,,,,,
Property Damage Crashes,DA4206007D,Prince George's County Police,Front to Rear,Prince George's,Major Collector,No,No,No,No,No,WESTPHALIA RD,91,COUNTY ROAD,No,True,No,1/23/2025,No,Point,38.845152916,-76.824125977,PGCOPD,03,16,03,Yes,11,,11:37,2025,Thursday,12,Motor Vehicle In Transport,05,On Roadway,5,,,,,,03,Driveway Access or Related,01,Daylight,1/23/2025,2025-01-23,W,8.83,F,N,,,E88AE82BF07B9C7C88E643B88E87AD4FBF56B9F02FE320F19E361841A889F60D,CO,01,No,,,,,01,Dry,,,,,,,,
Property Damage Crashes,CBPD0119002F,Bowie Police Department,Front to Rear,Prince George's,Local,No,No,No,No,No,BEAVERDALE LA,90,MUNICIPAL ROAD,No,True,No,2/15/2025,No,Point,38.965733877,-76.727288850,BOWIE,03,16,03,No,18,,18:55,2025,Saturday,15,Parked Vehicle,09,Roadside,7,,,,,,06,Non-Junction,05,Dark - Unknown Lighting,2/15/2025,2025-02-15,S,23.1,F,N,,,874F751448DE30E3C45274CCDBAA7D5D9856621D04FA85CC69DFA0FE6586E4F3,MU,01,No,,,,,09,Wet,,,,,,,,
Property Damage Crashes,DA4233007P,Prince George's County Police,"Sideswipe, Same Direction",Prince George's,Minor Arterial,No,No,No,No,No,BRANDYWINE RD,599,COUNTY ROAD,No,True,No,2/15/2025,No,Point,38.755550902,-76.895167252,PGCOPD,07,16,03,No,23,,23:44,2025,Saturday,15,Parked Vehicle,05,On Roadway,4,,,,,,06,Non-Junction,03,Dark - Lighted,2/15/2025,2025-02-15,E,41.26,F,N,,,F99003C1E524C997555BE33FC5FFCC32F867A6AB6C9E98BCCBE2881640AC805A,CO,01,No,,,,,09,Wet,,,,,,,,
Property Damage Crashes,DA4407000M,Prince George's County Police,"Sideswipe, Same Direction",Prince George's,Local,No,No,No,No,No,ATWOOD ST,30,MUNICIPAL ROAD,No,True,No,1/14/2025,No,Point,38.861342739,-76.893234523,PGCOPD,07,16,03,Yes,11,,11:29,2025,Tuesday,15,Parked Vehicle,05,On Roadway,7,,,,,,99,Unknown,01,Daylight,1/14/2025,2025-01-14,N,6.45,F,N,,,91C3C13BA8D2B3029DD3402BB39B10648133D826D9471DEFBC16FA1CA47AA38B,MU,01,No,,,,,01,Dry,,,,,,,,
Property Damage Crashes,DA40520029,Prince George's County Police,Front to Front,Prince George's,,No,Yes,No,No,Yes,,,,No,True,No,5/8/2025,No,Point,38.860240322,-76.914559965,PGCOPD,02,16,03,,6,,06:13,2025,Thursday,12,Motor Vehicle In Transport,04,"Off-Roadway, Location Unknown",,,,,,,,,99,Unknown,5/8/2025,2025-05-08,,,F,N,101,Parking Aisle,,,01,No,15,Parked Vehicle,04,"Off-Roadway, Location Unknown",,,,,,,,,,
Property Damage Crashes,DA43080043,Prince George's County Police,Angle,Prince George's,Minor Arterial,No,No,No,No,No,IVERSON ST,5466,COUNTY ROAD,No,True,No,1/24/2025,No,Point,38.837782811,-76.950096036,PGCOPD,01,16,03,Yes,23,03,23:19,2025,Friday,12,Motor Vehicle In Transport,05,On Roadway,4,Angled/Skewed,,,28TH AVE,01,05,Intersection or Related,03,Dark - Lighted,1/24/2025,2025-01-24,N,0,F,N,,,788692AD536A0A7E30994D30317B41AEE3F40892F61A1140D24E5F9EE815053B,CO,01,No,,,,,01,Dry,01,Signalized,,,,,,
Property Damage Crashes,DA281000G3,Prince George's County Police,Rear To Side,Prince George's,,No,No,No,No,Yes,,,,No,True,No,4/4/2025,No,Point,38.955027963,-76.824217905,PGCOPD,05,16,03,,17,,17:47,2025,Friday,12,Motor Vehicle In Transport,02,In Parking Lane Or Zone,,,,,,,,,01,Daylight,4/4/2025,2025-04-04,,,F,N,101,Parking Aisle,,,01,No,12,Motor Vehicle In Transport,02,In Parking Lane Or Zone,,,,,,,,,,
Property Damage Crashes,DA3938008H,Prince George's County Police,Front to Rear,Prince George's,Principal Arterial – Other Freeways and Expressways,No,No,No,No,No,RAMP 3 FR MD 193 TO RAMP 2 (TO MD 201),201,RAMP,No,True,No,4/25/2025,No,Point,38.996326781,-76.898088786,PGCOPD,03,16,03,Yes,8,04,08:41,2025,Friday,12,Motor Vehicle In Transport,05,On Roadway,2,Perpendicular,,,GREENBELT RD (WB/L),03,05,Intersection or Related,01,Daylight,4/25/2025,2025-04-25,W,0,F,N,,,6826C6653335121C66DCEE72E187E0421BDA02CA88B8EBCC8D426C7AADCBE489,RP,01,No,,,,,01,Dry,01,Signalized,,,,,,
Property Damage Crashes,DA43980018,Prince George's County Police,Angle,Prince George's,,No,No,No,No,No,,628,SPUR,No,True,No,5/30/2025,No,Point,38.843493347,-76.874062417,PGCOPD,01,16,03,Yes,7,,07:46,2025,Friday,12,Motor Vehicle In Transport,05,On Roadway,,,,,,,09,Through Roadway,01,Daylight,5/30/2025,2025-05-30,N,31.54,F,N,,,2A45CB67D0A51BCC44210AAC39606B11A209A7D721E2C76BF89F41E877B66410,SP,01,No,,,,,09,Wet,,,,,,,,
Property Damage Crashes,DA2969000S,Prince George's County Police,Front to Front,Prince George's,Local,No,No,No,No,No,TIMOTHY BRANCH DR,6881,COUNTY ROAD,No,True,No,1/18/2025,No,Point,38.674819626,-76.874722240,PGCOPD,02,16,03,No,16,,16:45,2025,Saturday,12,Motor Vehicle In Transport,05,On Roadway,7,,,,,,06,Non-Junction,101,Dusk,1/18/2025,2025-01-18,N,2.84,F,N,,,6FE2518A65A4B15A59BD35991A5E48C09FF8D9D8E1353CD2D071008F680CC411,CO,01,No,,,,,01,Dry,,,,,,,,
Property Damage Crashes,DA3877008Q,Prince George's County Police,"Sideswipe, Same Direction",Prince George's,Local,No,No,No,No,No,BORK DR,5307,COUNTY ROAD,No,True,No,1/14/2025,No,Point,38.724742886,-76.951027972,PGCOPD,07,16,03,No,18,,18:26,2025,Tuesday,15,Parked Vehicle,05,On Roadway,7,,,,,,06,Non-Junction,03,Dark - Lighted,1/14/2025,2025-01-14,N,132.34,F,N,,,255E9AB71E777F537AA343FC2D03A922182C2881F5422C6668716E09F6E777B8,CO,01,No,,,,,01,Dry,,,,,,,,
Property Damage Crashes,MSP77850047,Maryland State Police,"Sideswipe, Same Direction",Prince George's,Principal Arterial – Other,No,No,No,No,No,BRANCH AVE (SB/L),5,MARYLAND ROUTE,No,True,No,1/10/2025,No,Point,38.73541,-76.881833333,MSP,07,16,03,No,17,,17:05,2025,Friday,12,Motor Vehicle In Transport,05,On Roadway,3,,,,,,06,Non-Junction,04,Dark - Not Lighted,1/10/2025,2025-01-10,S,33.59,F,N,,,0F73FB61CA119E50F16513EC98450CB1CB439821E9CC2715ADF58F9E75F0AEA1,MD,01,No,,,,,01,Dry,,,,,,,,
Property Damage Crashes,MSP6931015C,Maryland State Police,Single Vehicle,Prince George's,Principal Arterial – Other,No,No,No,No,No,CRAIN HWY (SB/L),3,MARYLAND ROUTE,No,True,No,6/5/2025,No,Point,38.959430636,-76.717426128,MSP,101,16,03,No,7,,07:11,2025,Thursday,31,Guardrail End Terminal,09,Roadside,3,,101,State,,,06,Non-Junction,01,Daylight,6/5/2025,2025-06-05,S,33.49,F,N,,,68D912DB40EB1125949E85877B65B7DFCCD0D67288923F532BE84CA4842B49E7,MD,01,No,,,,,01,Dry,,,,,,,,
Injury Crashes,DA4363000M,Prince George's County Police,Single Vehicle,Prince George's,Local,No,No,No,No,No,WILLOWDALE RD,4537,COUNTY ROAD,No,True,No,1/15/2025,No,Point,38.953367614,-76.835315148,PGCOPD,101,16,02,Yes,17,,17:19,2025,Wednesday,30,Fence,05,On Roadway,7,,,,,,01,Acceleration/Deceleration Lane,03,Dark - Lighted,1/15/2025,2025-01-15,S,11.58,F,N,,,1FDCF92996328445C9B846B93C054644B5AF561AD1B8F33763A115262501564A,CO,01,No,,,,,01,Dry,,,,,,,,
Injury Crashes,DA416800BR,Prince George's County Police,Front to Rear,Prince George's,Principal Arterial – Other Freeways and Expressways,No,No,No,No,No,INDIAN HEAD HWY,210,MARYLAND ROUTE,No,True,No,1/23/2025,No,Point,38.776749133,-76.996484197,PGCOPD,03,16,02,No,20,,20:38,2025,Thursday,12,Motor Vehicle In Transport,07,"On Shoulder, Right Side",2,,,,,,09,Through Roadway,03,Dark - Lighted,1/23/2025,2025-01-23,W,20.44,F,N,,,D5B24E99840FE43A98543803CEE6933FF683FCC64C2517EB9D58B519ABBC63C0,MD,01,No,,,,,01,Dry,,,,,,,,
Injury Crashes,DA3001006R,Prince George's County Police,Front to Front,Prince George's,Local,No,No,No,No,No,ODELL RD,22,COUNTY ROAD,No,True,No,5/29/2025,No,Point,39.050846843,-76.860329189,PGCOPD,02,16,02,No,9,,09:00,2025,Thursday,12,Motor Vehicle In Transport,05,On Roadway,7,,,,,,06,Non-Junction,01,Daylight,5/29/2025,2025-05-29,S,33.24,F,N,,,419673B2F4A6BC1FB46C67016B5B570C75D4D6712D141A5E3EF2A8D4B7429100,CO,01,No,12,Motor Vehicle In Transport,05,On Roadway,09,Wet,,,,,,,,
Property Damage Crashes,DA42960043,Prince George's County Police,Angle,Prince George's,Principal Arterial – Other,No,No,No,No,No,PENNSYLVANIA AVE (SB/L),4,MARYLAND ROUTE,No,True,No,3/16/2025,No,Point,38.845360131,-76.891849008,PGCOPD,01,16,03,No,2,,02:55,2025,Sunday,12,Motor Vehicle In Transport,05,On Roadway,3,,,,,,09,Through Roadway,03,Dark - Lighted,3/16/2025,2025-03-16,W,37.01,F,N,,,C80F07D37B3F01A2ED70C760B42D8BE5EF138F5F3C7E871F5442386FC481A6B9,MD,01,No,,,,,01,Dry,,,,,,,,
Property Damage Crashes,DA4403000D,Prince George's County Police,"Sideswipe, Same Direction",Prince George's,Minor Arterial,No,No,No,No,No,NAYLOR RD,637,MARYLAND ROUTE,No,True,No,3/12/2025,No,Point,38.848700213,-76.954801925,PGCOPD,07,16,03,No,0,,00:34,2025,Wednesday,12,Motor Vehicle In Transport,05,On Roadway,4,,,,,,06,Non-Junction,03,Dark - Lighted,3/12/2025,2025-03-12,E,35.07,F,N,,,3B595D34E8D34C55B7CBB197FF0BD6CCA256141A7E4EAD41E3305A9527ECF606,MD,01,No,,,,,01,Dry,,,,,,,,
Injury Crashes,DA4057008G,Prince George's County Police,Single Vehicle,Prince George's,Major Collector,No,No,No,No,No,CIPRIANO RD,28,COUNTY ROAD,No,True,No,1/24/2025,No,Point,38.975202675,-76.855341652,PGCOPD,101,16,02,No,12,,12:15,2025,Friday,41,Utility Pole/Light Support,09,Roadside,5,,,,,,06,Non-Junction,01,Daylight,1/24/2025,2025-01-24,S,11.98,F,N,,,B2B09DEC6361CF24388B2F35F2D14E925E98F4C9FCD923C98881C88C1D75E791,CO,01,No,,,,,01,Dry,,,,,,,,
Property Damage Crashes,DA4406001D,Prince George's County Police,Front to Rear,Prince George's,Principal Arterial – Other Freeways and Expressways,No,Yes,No,No,No,EDMONSTON AVE (SB/L),201,MARYLAND ROUTE,No,True,No,5/28/2025,No,Point,39.031482973,-76.899615833,PGCOPD,03,16,03,No,15,,15:52,2025,Wednesday,12,Motor Vehicle In Transport,05,On Roadway,2,,,,EDMONSTON RD POWDER MILL RD,,06,Non-Junction,01,Daylight,5/28/2025,2025-05-28,S,32.12,F,N,,,D258B4E43DD26EC62BC5E6A9004333EA637C15C6C957BE90CD1B8E450B23C254,MD,02,"Yes, School Bus Directly Involved",12,Motor Vehicle In Transport,99,Unknown,09,Wet,,,,,,,,