Crash Severity Description,Reportnumber,Agencyname,CollisionImpact Description,Crash County Description,FunctionalClass Description,ImpairedCrash,Large Vehicle Involved,Motorcycle Crash,Non-Motorist Crash,OffRoad,RoadName,Route Number,RouteType Description,Unrestrained Occupants,WithinDateRange,Work Zone Related,Crashdate,Work Zone Crash,CrashPoint,Latitude,Longitude,AgencyCode,CollisionImpact,Crash County,Crash Severity,Crash Within Interchange,Crashhour,CrashInterchangeApproaches,Crashtime,CrashYear,Dayofweek,FirstHarmEvent,FirstHarmEvent Description,FirstHarmLocation,FirstHarmLocation Description,FunctionalClass,Geometry Description,GovPropertyDamage,GovPropertyDamage Description,IntersectingRoadName,Intersection Geometry,JunctionRelated,JunctionRelated Description,Light,Light Description,LOD Crash Date,LOD Date Level,MilepointDirection,MilepointDistance,MilepointUnits,NonTrafficFatal,OffroadLocation,OffroadLocation Description,RoadID,RouteType,SchoolBusRelated,SchoolBusRelated Description,SecondHarmEvent,SecondHarmEvent Description,SecondHarmLocation,SecondHarmLocation Description,Surface,Surface Description,TrafficControl,Trafficcontrol Description,WZLawEnforcementPresent,WZLocation,WZLocation Description,WZType,WZType Description,WZWorkersPresent
Property Damage Crashes,DA27410018,Prince George's County Police,Rear To Rear,Prince George's,Minor Arterial,No,Yes,No,No,No,SHERIFF RD,75,COUNTY ROAD,No,True,No,1/24/2025,No,Point,38.912730012,-76.885047704,PGCOPD,04,16,03,No,8,,08:40,2025,Friday,12,Motor Vehicle In Transport,05,On Roadway,4,,,,,,06,Non-Junction,01,Daylight,1/24/2025,2025-01-24,S,10.04,F,N,,,FA1CB3FED07EF13D0C8F22E17C61D1F5F93D1672CD25C863D967848568C4D4EF,CO,02,"Yes, School Bus Directly Involved",97,Not Applicable,,,01,Dry,,,,,,,,
Property Damage Crashes,DA4381002P,Prince George's County Police,Front to Rear,Prince George's,Local,No,Yes,No,No,No,67TH AVE,408,COUNTY ROAD,Yes,True,No,4/8/2025,No,Point,38.961600172,-76.902355120,PGCOPD,03,16,03,No,14,,14:25,2025,Tuesday,12,Motor Vehicle In Transport,05,On Roadway,7,,,,,,06,Non-Junction,01,Daylight,4/8/2025,2025-04-08,N,34.85,F,N,,,72312F2B865AAEFE0AC29072B416AD41DC143D1ADCC5F3E8C22803AF0623A812,CO,02,"Yes, School Bus Directly Involved",,,,,01,Dry,,,,,,,,
Injury Crashes,DA34640080,Prince George's County Police,Rear To Side,Prince George's,Principal Arterial – Other Freeways and Expressways,No,No,No,No,No,RAMP 5 FR MD 414 SB TO RAMP 4 (TO MD 5),5,RAMP,No,True,No,4/30/2025,No,Point,38.831174964,-76.941108862,PGCOPD,05,16,02,Yes,12,04,12:30,2025,Wednesday,12,Motor Vehicle In Transport,05,On Roadway,2,Perpendicular,,,28TH AVE ST BARNABAS RD (WB/L),03,05,Intersection or Related,01,Daylight,4/30/2025,2025-04-30,W,0,F,N,,,F2434992453AF7C16367FB400477D55830EF6465C95C2A1E1D3384A90ED6EB7F,RP,01,No,41,Utility Pole/Light Support,09,Roadside,01,Dry,01,Signalized,,,,,,
Injury Crashes,DA381700LC,Prince George's County Police,Front to Front,Prince George's,,No,No,No,No,No,,123,COUNTY ROAD,No,True,No,2/9/2025,No,Point,38.772227569,-76.926324233,PGCOPD,02,16,02,No,12,,12:32,2025,Sunday,15,Parked Vehicle,08,Outside Road/Right-Of-Way,,,,,,,06,Non-Junction,01,Daylight,2/9/2025,2025-02-09,E,11.89,F,N,,,425543D25A13601AE510126E6D466B8D071438DE679244EF6C0981698EB375BE,CO,01,No,15,Parked Vehicle,08,Outside Road/Right-Of-Way,01,Dry,,,,,,,,
Property Damage Crashes,DA4193007Z,Prince George's County Police,Front to Rear,Prince George's,Principal Arterial – Other,No,No,No,No,No,BALTIMORE AVE,1,UNITED STATE ROUTE,No,True,No,4/4/2025,No,Point,38.978651104,-76.937853959,PGCOPD,03,16,03,No,11,,11:50,2025,Friday,12,Motor Vehicle In Transport,05,On Roadway,3,,,,,,06,Non-Junction,01,Daylight,4/4/2025,2025-04-04,S,25.18,F,N,,,21C3AE2D52633B1B62F28735F1FEE5F33DB5FD7D136C4D216CB9F9A812A467AE,US,01,No,,,,,01,Dry,,,,,,,,
Property Damage Crashes,DA32960023,Prince George's County Police,Front to Rear,Prince George's,,No,No,No,No,Yes,,,,No,True,No,4/14/2025,No,Point,39.021313009,-76.926635414,PGCOPD,03,16,03,,8,,08:40,2025,Monday,15,Parked Vehicle,02,In Parking Lane Or Zone,,,,,,,,,01,Daylight,4/14/2025,2025-04-14,,,F,N,102,Parking Lot Way,,,01,No,97,Not Applicable,,,,,,,,,,,,
Property Damage Crashes,CNC31830026,New Carrollton Police Department,Other,Prince George's,Minor Arterial,No,No,No,No,No,ANNAPOLIS RD (WB/L),450,MARYLAND ROUTE,No,True,No,1/26/2025,No,Point,38.958865554,-76.867511643,NCPD,98,16,03,No,15,,15:06,2025,Sunday,12,Motor Vehicle In Transport,05,On Roadway,4,,,,,,09,Through Roadway,01,Daylight,1/26/2025,2025-01-26,E,17.08,F,N,,,AD8D01674B496D1732F4B322AFAF8DAF696D4E2F6A4C635A2BD89DD6F3ADD9A4,MD,01,No,,,,,01,Dry,,,,,,,,
Property Damage Crashes,DA4306004T,Prince George's County Police,"Sideswipe, Same Direction",Prince George's,Principal Arterial – Other Freeways and Expressways,No,No,No,No,No,KENILWORTH AVE,201,MARYLAND ROUTE,No,True,No,1/23/2025,No,Point,38.914635125,-76.932560425,PGCOPD,07,16,03,No,16,,16:11,2025,Thursday,12,Motor Vehicle In Transport,05,On Roadway,2,,,,,,06,Non-Junction,01,Daylight,1/23/2025,2025-01-23,N,29.97,F,N,,,B701C7DDFE9AAF0C11746FBBD7DA7A4BE15A34C268BDA92C9C82C8690CDA2436,MD,01,No,,,,,01,Dry,,,,,,,,
Property Damage Crashes,DA2884008D,Prince George's County Police,Other,Prince George's,,No,No,No,No,Yes,,,,No,True,No,4/16/2025,No,Point,39.026717577,-76.917337080,PGCOPD,98,16,03,,18,,18:01,2025,Wednesday,12,Motor Vehicle In Transport,02,In Parking Lane Or Zone,,,,,,,,,01,Daylight,4/16/2025,2025-04-16,,,F,N,100,Parking Stall,,,01,No,15,Parked Vehicle,02,In Parking Lane Or Zone,,,,,,,,,,
Property Damage Crashes,MSP743600C8,Maryland State Police,Front to Front,Prince George's,,No,No,No,No,No,,5,MARYLAND ROUTE,No,True,No,5/28/2025,No,Point,38.658177211,-76.874272619,MSP,02,16,03,No,22,,22:03,2025,Wednesday,12,Motor Vehicle In Transport,05,On Roadway,,,,,CRAIN HWY,,04,Entrance/Exit Ramp or Related,03,Dark - Lighted,5/28/2025,2025-05-28,N,20.11,F,N,,,D4586EB40980E8B021DD85646D35F0D65D0F1133450FAB9863421076E5A68E1D,MD,01,No,27,Curb,03,Median,09,Wet,,,,,,,,
Property Damage Crashes,DA4066006R,Prince George's County Police,"Sideswipe, Same Direction",Prince George's,Local,No,Yes,No,No,No,66TH PL,2273,COUNTY ROAD,No,True,No,5/22/2025,No,Point,38.953184216,-76.906175030,PGCOPD,07,16,03,No,8,,08:34,2025,Thursday,15,Parked Vehicle,05,On Roadway,7,,,,,,99,Unknown,01,Daylight,5/22/2025,2025-05-22,S,7.28,F,N,,,2A5CEABA59BEB287BAB378F7413649F8DCC4B5E053B07FF8114A0C31197EF685,CO,01,No,,,,,09,Wet,,,,,,,,
Property Damage Crashes,DA2722001M,Prince George's County Police,"Sideswipe, Same Direction",Prince George's,Minor Arterial,No,No,No,No,No,NAYLOR RD (WB/L),637,MARYLAND ROUTE,No,True,No,5/6/2025,No,Point,38.851485192,-76.958792063,PGCOPD,07,16,03,No,14,,14:25,2025,Tuesday,12,Motor Vehicle In Transport,05,On Roadway,4,,,,,,06,Non-Junction,01,Daylight,5/6/2025,2025-05-06,N,11.24,F,N,,,A005D4D952241EEC157B752D8B9567A41E652F110934CC502BC64C5B0196D66B,MD,01,No,97,Not Applicable,,,01,Dry,,,,,,,,
Property Damage Crashes,MSP744700PK,Maryland State Police,"Sideswipe, Same Direction",Prince George's,Interstate,No,No,No,No,No,CAPITAL BELTWAY (SB/L),95,INTERSTATE ROUTE,No,True,No,5/20/2025,No,Point,38.810263793,-76.964620375,MSP,07,16,03,No,16,,16:01,2025,Tuesday,12,Motor Vehicle In Transport,09,Roadside,1,,101,State,,,06,Non-Junction,01,Daylight,5/20/2025,2025-05-20,W,100,F,N,,,BD1ECED1959DA8E487AF7AAECE48C4238E4C87F5DC3E91644B10AF8C47CFD563,IS,01,No,12,Motor Vehicle In Transport,05,On Roadway,01,Dry,,,,,,,,
Property Damage Crashes,DA4413000R,Prince George's County Police,Angle,Prince George's,Local,No,No,No,No,No,EDMONSTON RD,3168,COUNTY ROAD,No,True,No,4/6/2025,No,Point,38.950370425,-76.925643861,PGCOPD,01,16,03,No,22,,22:05,2025,Sunday,12,Motor Vehicle In Transport,05,On Roadway,7,,,,,,06,Non-Junction,04,Dark - Not Lighted,4/6/2025,2025-04-06,E,42.97,F,N,,,A83F733015E8864C4BD0DB6BAF8B288BEAE5EC68AE9092D44EDFE328069B0B34,CO,01,No,,,,,09,Wet,,,,,,,,
Property Damage Crashes,MSP744700NM,Maryland State Police,Single Vehicle,Prince George's,Principal Arterial – Other,Yes,No,No,No,No,CENTRAL AVE,214,MARYLAND ROUTE,No,True,No,3/28/2025,No,Point,38.897671667,-76.812978333,MSP,101,16,03,No,22,,22:57,2025,Friday,27,Curb,09,Roadside,3,,,,,,06,Non-Junction,04,Dark - Not Lighted,3/28/2025,2025-03-28,E,45.67,F,N,,,217EA6C0CF580B540606ABE381A1367A088F364894B69A279962EB0B2CA7F65A,MD,01,No,,,,,01,Dry,,,,,,,,
Property Damage Crashes,DA373600CN,Prince George's County Police,"Sideswipe, Same Direction",Prince George's,Minor Collector,No,No,No,No,No,FORT FOOTE RD,88,COUNTY ROAD,No,True,No,1/5/2025,No,Point,38.778312470,-77.010774793,PGCOPD,07,16,03,No,14,,14:48,2025,Sunday,12,Motor Vehicle In Transport,05,On Roadway,6,,,,,,09,Through Roadway,01,Daylight,1/5/2025,2025-01-05,W,35.53,F,N,,,3B652959FD091C1F9D91713829DF677A8022F629BDDA08A7E5C1663D60852EF8,CO,01,No,,,,,01,Dry,,,,,,,,
Property Damage Crashes,MSP7787005J,Maryland State Police,Front to Rear,Prince George's,Principal Arterial – Other,Yes,No,No,No,No,CRAIN HWY (SB/L),3,MARYLAND ROUTE,No,True,No,3/10/2025,No,Point,38.986112928,-76.708642980,MSP,03,16,03,No,21,,21:50,2025,Monday,12,Motor Vehicle In Transport,05,On Roadway,3,,,,,,06,Non-Junction,03,Dark - Lighted,3/10/2025,2025-03-10,W,30.42,F,N,,,9B0F9C59DE5C68D0833B595BFD3707024DB780228F5E297B26D1423154E7FFBF,MD,01,No,,,,,01,Dry,,,,,,,,
Property Damage Crashes,DA4304006M,Prince George's County Police,Unknown,Prince George's,,No,No,No,No,No,BRICKYARD BLVD,2190,LOCAL ROAD,No,True,No,4/26/2025,No,Point,39.065133906,-76.879265798,PGCOPD,99,16,03,No,4,,04:00,2025,Saturday,27,Curb,03,Median,,,,,,,99,Unknown,99,Unknown,4/26/2025,2025-04-26,N,64.56,F,N,,,92DE0563F5C9C12E33BAF18145B82631C1442FA45325875CE2D32290E317B786,LL,01,No,40,Tree (standing),03,Median,99,Unknown,,,,,,,,
Injury Crashes,MSP745800NQ,Maryland State Police,Front to Rear,Prince George's,Interstate,No,No,No,No,No,CAPITAL BELTWAY (SB/L),95,INTERSTATE ROUTE,No,True,No,1/15/2025,No,Point,38.850645,-76.860033333,MSP,03,16,02,No,8,,08:07,2025,Wednesday,12,Motor Vehicle In Transport,05,On Roadway,1,,,,,,01,Acceleration/Deceleration Lane,01,Daylight,1/15/2025,2025-01-15,S,31.49,F,N,,,9DAE7D243929789EFBACA73C18F06F7E386349B5844248F76925869F4B77AD93,IS,01,No,,,,,01,Dry,,,,,,,,
Property Damage Crashes,MSP745800PW,Maryland State Police,"Sideswipe, Same Direction",Prince George's,Interstate,No,No,No,No,No,CAPITAL BELTWAY (SB/L),95,INTERSTATE ROUTE,No,True,No,2/25/2025,No,Point,38.828226667,-76.877381667,MSP,07,16,03,No,8,,08:40,2025,Tuesday,12,Motor Vehicle In Transport,05,On Roadway,1,,,,,,01,Acceleration/Deceleration Lane,01,Daylight,2/25/2025,2025-02-25,E,37.58,F,N,,,A7E4141815FF9C8076E8C8476069192FF54B1420C6577EF18702BEB3A42145D5,IS,01,No,,,,,01,Dry,,,,,,,,
Injury Crashes,DA4426000F,Prince George's County Police,Front to Rear,Prince George's,Minor Arterial,No,No,No,No,No,SUITLAND RD,218,MARYLAND ROUTE,No,True,No,2/3/2025,No,Point,38.854907471,-76.939227533,PGCOPD,03,16,02,No,20,,20:21,2025,Monday,12,Motor Vehicle In Transport,05,On Roadway,4,,,,,,06,Non-Junction,03,Dark - Lighted,2/3/2025,2025-02-03,W,17.3,F,N,,,B63CCF770D43CB7FD5E85B65B02D16737671B26FA5A246B6B51A6B6243419EC8,MD,01,No,,,,,01,Dry,,,,,,,,
Injury Crashes,CE4587008J,Laurel Police Department,Front to Front,Prince George's,Principal Arterial – Other,Yes,No,No,No,No,FORT MEADE RD,198,MARYLAND ROUTE,Yes,True,No,4/15/2025,No,Point,39.095312575,-76.838698580,LAUREL,02,16,02,Yes,8,02,08:29,2025,Tuesday,12,Motor Vehicle In Transport,05,On Roadway,3,Perpendicular,,,SC ENT,03,05,Intersection or Related,01,Daylight,4/15/2025,2025-04-15,N,0,F,N,,,3451B3A7B507E851AF303A1FD67B9C0684CDC13822EE09A9BE7523B42B5A6540,MD,01,No,,,,,01,Dry,01,Signalized,,,,,,
Property Damage Crashes,MSP6931014K,Maryland State Police,Front to Rear,Prince George's,Principal Arterial – Other,No,No,No,No,No,BRANCH AVE (SB/L),5,MARYLAND ROUTE,No,True,No,4/27/2025,No,Point,38.760169575,-76.880753333,MSP,03,16,03,No,20,,20:56,2025,Sunday,12,Motor Vehicle In Transport,05,On Roadway,3,,,,,,06,Non-Junction,04,Dark - Not Lighted,4/27/2025,2025-04-27,N,20.88,F,N,,,42CB8CE6653A9441B3FAAEA32C16BCFDE1BED160ED45F17B20A9581371E0A7A2,MD,01,No,,,,,01,Dry,,,,,,,,
Property Damage Crashes,MCP30950061,Montgomery County Police Department,Angle,Prince George's,,No,No,No,No,No,CHERRY HILL RD (EB/L),14,COUNTY ROAD,No,True,No,5/14/2025,No,Point,39.043983615,-76.951093470,MONTGOMERY,01,16,03,No,16,,16:58,2025,Wednesday,12,Motor Vehicle In Transport,05,On Roadway,,,,,,,09,Through Roadway,01,Daylight,5/14/2025,2025-05-14,E,2.74,F,N,,,E06435A666F087971AA2A40F0060C0DC44B656CFDF65A7BFE4B5EF9A52F3AC63,CO,01,No,,,,,01,Dry,,,,,,,,
Property Damage Crashes,DA409900F3,Prince George's County Police,Front to Rear,Prince George's,Minor Arterial,No,No,No,No,No,RIGGS RD,212,MARYLAND ROUTE,No,True,No,1/4/2025,No,Point,38.973661336,-76.979429947,PGCOPD,03,16,03,No,14,,14:40,2025,Saturday,12,Motor Vehicle In Transport,05,On Roadway,4,,,,,,09,Through Roadway,01,Daylight,1/4/2025,2025-01-04,E,42.5,F,N,,,DF3A02F3685AE167649E4FECD935D1E02A93AB8198ED28CA2B0948F9C5F5392C,MD,01,No,,,,,01,Dry,,,,,,,,
Property Damage Crashes,DA4233007F,Prince George's County Police,Front to Front,Prince George's,Local,No,No,No,No,No,ABILENE PL,3506,COUNTY ROAD,No,True,No,1/17/2025,No,Point,38.765707149,-76.918402524,PGCOPD,02,16,03,No,6,,06:00,2025,Friday,12,Motor Vehicle In Transport,05,On Roadway,7,,,,,,06,Non-Junction,03,Dark - Lighted,1/17/2025,2025-01-17,S,13.27,F,N,,,63048E047F911907A01E0513D5B9876C49151C16263C02A76954E21183BB92BF,CO,01,No,,,,,02,Ice/Frost,,,,,,,,
Injury Crashes,AM0391001T,Bladensburg Police Department,Front to Rear,Prince George's,,Yes,No,No,No,No,,502,SPUR,No,True,No,2/13/2025,No,Point,38.940296139,-76.940834155,BLADENSBURG,03,16,02,No,19,,19:38,2025,Thursday,12,Motor Vehicle In Transport,05,On Roadway,,,,,BALTIMORE AVE,,06,Non-Junction,03,Dark - Lighted,2/13/2025,2025-02-13,S,2.08,F,N,,,345D857F702811BB2CCB39AC2707C6F37004F655C290377AFF41F2A5172C697C,SP,01,No,,,,,01,Dry,,,,,,,,
Property Damage Crashes,DA4414000W,Prince George's County Police,Front to Rear,Prince George's,Principal Arterial – Other,No,No,No,No,No,BERRY RD,228,MARYLAND ROUTE,No,True,No,5/21/2025,No,Point,38.655183765,-76.999289448,PGCOPD,03,16,03,No,1,,01:27,2025,Wednesday,12,Motor Vehicle In Transport,05,On Roadway,3,,,,BEALLE HILL RD,,06,Non-Junction,04,Dark - Not Lighted,5/21/2025,2025-05-21,S,22.41,F,N,,,BD324C7910BDE8E5C959609AB1741F264EF1981F244693530FFAF6B69E3E7FD8,MD,01,No,,,,,09,Wet,,,,,,,,
Property Damage Crashes,MSP745800Q2,Maryland State Police,Single Vehicle,Prince George's,Principal Arterial – Other Freeways and Expressways,No,Yes,No,No,No,PENNSYLVANIA AVE,4,MARYLAND ROUTE,No,True,No,2/27/2025,No,Point,38.821323333,-76.848668333,MSP,101,16,03,No,7,,07:41,2025,Thursday,32,Guardrail Face,07,"On Shoulder, Right Side",2,,101,State,,,01,Acceleration/Deceleration Lane,01,Daylight,2/27/2025,2025-02-27,S,22.12,F,N,,,EB8812DC436EDE8301495854074A8A2579910CF029CB90A6B723FCB0044D2D52,MD,01,No,,,,,01,Dry,,,,,,,,
Property Damage Crashes,CE39470025,Laurel Police Department,Other,Prince George's,Local,No,No,No,No,No,MAIN ST EXT,231,MUNICIPAL ROAD,No,True,No,1/15/2025,No,Point,39.102789924,-76.841863440,LAUREL,98,16,03,No,14,03,14:45,2025,Wednesday,12,Motor Vehicle In Transport,05,On Roadway,7,Perpendicular,,,FIRST ST MAIN ST,03,05,Intersection or Related,01,Daylight,1/15/2025,2025-01-15,S,0,F,N,,,8104A7AC298560C2AD17D0A205B00892759EDA6664B47F7EEFDA6A9190009F81,MU,01,No,97,Not Applicable,,,01,Dry,03,Stop - Partial,,,,,,
Injury Crashes,DA4382001V,Prince George's County Police,Rear To Side,Prince George's,Minor Arterial,No,No,Yes,No,No,MARLBORO PIKE,3074,COUNTY ROAD,No,True,No,5/4/2025,No,Point,38.856982720,-76.904200598,PGCOPD,05,16,02,No,18,,18:18,2025,Sunday,12,Motor Vehicle In Transport,05,On Roadway,4,,,,,,06,Non-Junction,01,Daylight,5/4/2025,2025-05-04,N,14.73,F,N,,,0A25183016A0512C3920634315E08400978E35D3391789959BAB28092CAB52A6,CO,01,No,,,,,01,Dry,,,,,,,,
Property Damage Crashes,DA41030099,Prince George's County Police,Single Vehicle,Prince George's,Principal Arterial – Other,No,No,No,No,No,,202,MARYLAND ROUTE,No,True,No,2/10/2025,No,Point,38.846931988,-76.764604115,PGCOPD,101,16,03,No,15,,15:10,2025,Monday,09,Animal (live),05,On Roadway,3,,,,,,06,Non-Junction,01,Daylight,2/10/2025,2025-02-10,W,49.75,F,N,,,F3B618C4EFF1F92C74611B742845A3F00EEB41DF49533E7FA39861BDE07B8979,MD,01,No,,,,,01,Dry,,,,,,,,
Property Damage Crashes,BW0174002S,Greenbelt Police Department,Single Vehicle,Prince George's,Principal Arterial – Other,No,No,No,No,No,GREENBELT RD (WB/L),193,MARYLAND ROUTE,No,True,No,2/28/2025,No,Point,38.991788983,-76.864475953,GREENBELT,101,16,03,No,10,,10:07,2025,Friday,36,"Other Post, Pole, Or Support",05,On Roadway,3,,101,State,,,06,Non-Junction,01,Daylight,2/28/2025,2025-02-28,S,15.52,F,N,,,2D7A41186FDF2B37885A757ADDDB36A4061DC5DCA4EFF6B14EA396B96614B764,MD,01,No,,,,,01,Dry,,,,,,,,
Property Damage Crashes,MSP617100NQ,Maryland State Police,Front to Rear,Prince George's,Interstate,No,No,No,No,No,NO NAME,95,INTERSTATE ROUTE,No,True,No,4/7/2025,No,Point,39.109502751,-76.879632225,MSP,03,16,03,No,9,,09:25,2025,Monday,12,Motor Vehicle In Transport,05,On Roadway,1,,101,State,,,06,Non-Junction,01,Daylight,4/7/2025,2025-04-07,S,8.75,F,N,,,EE2D7AE9DF9DFAD8E83B4A88C220FF6B9A59D8DF59740F32F7CE6D19415AB9AF,IS,01,No,,,,,09,Wet,,,,,,,,
Property Damage Crashes,MSP766500B2,Maryland State Police,Front to Rear,Prince George's,Interstate,No,No,No,No,No,CAPITAL BELTWAY (WB/L),495,INTERSTATE ROUTE,No,True,No,2/15/2025,No,Point,39.019782681,-76.959870592,MSP,03,16,03,No,18,,18:13,2025,Saturday,12,Motor Vehicle In Transport,05,On Roadway,1,,,,,,06,Non-Junction,04,Dark - Not Lighted,2/15/2025,2025-02-15,W,29.06,F,N,,,BE936136C6AC383F196ED77BC02F029A3ABCE8ACFEE263AAA11B1E17EF748E6B,IS,01,No,,,,,09,Wet,,,,,,,,
Property Damage Crashes,MSP718600L9,Maryland State Police,Single Vehicle,Prince George's,Interstate,No,No,No,No,No,CAPITAL BELTWAY,95,INTERSTATE ROUTE,No,True,No,5/31/2025,No,Point,38.818713538,-76.930140215,MSP,101,16,03,No,13,,13:46,2025,Saturday,13,Other Non-Fixed Object,09,Roadside,1,,,,,,01,Acceleration/Deceleration Lane,01,Daylight,5/31/2025,2025-05-31,W,32.38,F,N,,,89D6C96C2A9C02293F61208CC0C9B7683B29CA42C92CC2041DF8CE7C93ACD39D,IS,01,No,,,,,09,Wet,,,,,,,,
Property Damage Crashes,DA4421000C,Prince George's County Police,Front to Front,Prince George's,Principal Arterial – Other,No,No,No,No,No,OXON HILL RD,414,MARYLAND ROUTE,No,True,No,1/14/2025,No,Point,38.805024284,-76.976079275,PGCOPD,02,16,03,No,19,,19:13,2025,Tuesday,12,Motor Vehicle In Transport,05,On Roadway,3,,,,,,09,Through Roadway,03,Dark - Lighted,1/14/2025,2025-01-14,W,34.58,F,N,,,20C0B31AD9FF09FD0798C6F35AAE2176EC3F1815A1FA4B4DAD94BC5FFEBA561A,MD,01,No,,,,,01,Dry,,,,,,,,
Property Damage Crashes,MSP745800T3,Maryland State Police,Single Vehicle,Prince George's,Interstate,No,Yes,No,No,No,CAPITAL BELTWAY (SB/L),95,INTERSTATE ROUTE,No,True,No,5/14/2025,No,Point,38.818038333,-76.935371667,MSP,101,16,03,No,5,,05:52,2025,Wednesday,32,Guardrail Face,06,"On Shoulder, Left Side",1,,101,State,,,01,Acceleration/Deceleration Lane,01,Daylight,5/14/2025,2025-05-14,E,48.59,F,N,,,AB89C5A3117B073FF51FE1555A446F15EC49D602B6A80A65EC01ABDAAF4CC374,IS,01,No,,,,,09,Wet,,,,,,,,
Property Damage Crashes,MSP77010056,Maryland State Police,Single Vehicle,Prince George's,Interstate,No,No,No,No,No,CAPITAL BELTWAY,95,INTERSTATE ROUTE,No,True,No,1/1/2025,No,Point,38.887341667,-76.845178333,MSP,101,16,03,No,6,,06:32,2025,Wednesday,32,Guardrail Face,09,Roadside,1,,101,State,,,09,Through Roadway,04,Dark - Not Lighted,1/1/2025,2025-01-01,E,29.42,F,N,,,05D05176A765BD2B5FFFCAE1623052208B99BBD400299C827D1ED22518D69896,IS,01,No,,,,,09,Wet,,,,,,,,
Property Damage Crashes,DJ0178001L,Seat Pleasant Police Department,Front to Rear,Prince George's,Principal Arterial – Other,No,No,No,No,No,CENTRAL AVE,214,MARYLAND ROUTE,No,True,No,1/21/2025,No,Point,38.890947504,-76.850392210,SEATPLEASANT,03,16,03,No,14,,14:43,2025,Tuesday,12,Motor Vehicle In Transport,05,On Roadway,3,,,,,,06,Non-Junction,01,Daylight,1/21/2025,2025-01-21,N,77.8,F,N,,,F18537A944D51C7125686A9A450D1F86AE4ADB224EA582F09BE75A3B25D6FB7F,MD,01,No,,,,,01,Dry,,,,,,,,
Property Damage Crashes,MSP647600H3,Maryland State Police,Single Vehicle,Prince George's,Interstate,Yes,No,No,No,No,CAPITAL BELTWAY,95,INTERSTATE ROUTE,No,True,No,2/21/2025,No,Point,38.862030798,-76.848782541,MSP,101,16,03,No,23,,23:19,2025,Friday,32,Guardrail Face,06,"On Shoulder, Left Side",1,,101,State,,,09,Through Roadway,03,Dark - Lighted,2/21/2025,2025-02-21,E,52.67,F,N,,,9F9B90C2FD513B81F5461A77C8E2B274FC247C7A38A97091173BA0044BECF4C7,IS,01,No,32,Guardrail Face,06,"On Shoulder, Left Side",01,Dry,,,,,,,,
Property Damage Crashes,DA4428000Q,Prince George's County Police,Front to Rear,Prince George's,,No,No,No,No,No,GOOD LUCK RD (WB/L),42,COUNTY ROAD,No,True,No,3/21/2025,No,Point,38.982024848,-76.844695648,PGCOPD,03,16,03,No,14,,14:06,2025,Friday,12,Motor Vehicle In Transport,05,On Roadway,,,,,,,09,Through Roadway,01,Daylight,3/21/2025,2025-03-21,N,10.64,F,N,,,FFB83F8286FD59EC15B6417C69F802DCBD59CB1D0616796A9C198891163A22A7,CO,01,No,,,,,01,Dry,,,,,,,,
Property Damage Crashes,MSP78650017,Maryland State Police,Front to Rear,Prince George's,Interstate,No,No,No,No,No,CAPITAL BELTWAY (SB/L),95,INTERSTATE ROUTE,No,True,No,2/3/2025,No,Point,38.96303425,-76.8674144,MSP,03,16,03,No,16,,16:35,2025,Monday,12,Motor Vehicle In Transport,05,On Roadway,1,,,,,,06,Non-Junction,01,Daylight,2/3/2025,2025-02-03,N,42.63,F,N,,,037BE9773C892FA9918F136BF4EB529FB1425764CBCD945A0D4F80A25752D9A0,IS,01,No,,,,,01,Dry,,,,,,,,
Property Damage Crashes,DA43090036,Prince George's County Police,"Sideswipe, Same Direction",Prince George's,Minor Arterial,No,No,No,No,No,HARRY S TRUMAN DR,202,MARYLAND ROUTE,No,True,No,5/10/2025,No,Point,38.893160760,-76.838450369,PGCOPD,07,16,03,No,11,,11:10,2025,Saturday,12,Motor Vehicle In Transport,05,On Roadway,4,,,,RAMP 7 FR RAMP 6 (FR MD 214) TO MD 202C,,09,Through Roadway,99,Unknown,5/10/2025,2025-05-10,S,5.54,F,N,,,B1650B3BE5A3501E510293C133B68B09BB6A3CE49BD3EC29E286BE97BA02922E,MD,01,No,,,,,01,Dry,,,,,,,,
Injury Crashes,DA4308004C,Prince George's County Police,"Sideswipe, Same Direction",Prince George's,Major Collector,No,Yes,No,No,No,TEMPLE HILL RD,123,COUNTY ROAD,Yes,True,No,2/22/2025,No,Point,38.821352716,-76.949935042,PGCOPD,07,16,02,Yes,13,03,13:22,2025,Saturday,12,Motor Vehicle In Transport,05,On Roadway,5,Angled/Skewed,,,RICKEY AVE,01,05,Intersection or Related,01,Daylight,2/22/2025,2025-02-22,N,0,F,N,,,19BB1BCCDF7992FE14882423F5503DB5FDC35D98F26E99A7924111AFDA6295BF,CO,01,No,,,,,01,Dry,05,No Controls,,,,,,
Property Damage Crashes,DA43550039,Prince George's County Police,Front to Front,Prince George's,Local,No,No,No,No,No,BIRDIE LA,6195,COUNTY ROAD,No,True,No,5/27/2025,No,Point,38.869778681,-76.830404643,PGCOPD,02,16,03,No,2,,02:22,2025,Tuesday,15,Parked Vehicle,02,In Parking Lane Or Zone,7,,,,,,09,Through Roadway,03,Dark - Lighted,5/27/2025,2025-05-27,N,28.24,F,N,,,B1DC961E1BD1A3A73FA0D207C09E4563C713D00E1351E0ABE4E49DFCBEEB74E2,CO,01,No,,,,,01,Dry,,,,,,,,