Crash Severity Description,Reportnumber,Agencyname,CollisionImpact Description,Crash County Description,FunctionalClass Description,ImpairedCrash,Large Vehicle Involved,Motorcycle Crash,Non-Motorist Crash,OffRoad,RoadName,Route Number,RouteType Description,Unrestrained Occupants,WithinDateRange,Work Zone Related,Crashdate,Work Zone Crash,CrashPoint,Latitude,Longitude,AgencyCode,CollisionImpact,Crash County,Crash Severity,Crash Within Interchange,Crashhour,CrashInterchangeApproaches,Crashtime,CrashYear,Dayofweek,FirstHarmEvent,FirstHarmEvent Description,FirstHarmLocation,FirstHarmLocation Description,FunctionalClass,Geometry Description,GovPropertyDamage,GovPropertyDamage Description,IntersectingRoadName,Intersection Geometry,JunctionRelated,JunctionRelated Description,Light,Light Description,LOD Crash Date,LOD Date Level,MilepointDirection,MilepointDistance,MilepointUnits,NonTrafficFatal,OffroadLocation,OffroadLocation Description,RoadID,RouteType,SchoolBusRelated,SchoolBusRelated Description,SecondHarmEvent,SecondHarmEvent Description,SecondHarmLocation,SecondHarmLocation Description,Surface,Surface Description,TrafficControl,Trafficcontrol Description,WZLawEnforcementPresent,WZLocation,WZLocation Description,WZType,WZType Description,WZWorkersPresent
Injury Crashes,DA3707004T,Prince George's County Police,Front to Rear,Prince George's,Principal Arterial – Other,No,No,No,No,No,ANNAPOLIS RD,450,MARYLAND ROUTE,Yes,True,No,3/11/2025,No,Point,38.952526868,-76.815916980,PGCOPD,03,16,02,No,22,,22:16,2025,Tuesday,12,Motor Vehicle In Transport,05,On Roadway,3,,,,LAKEVIEW LA,,09,Through Roadway,04,Dark - Not Lighted,3/11/2025,2025-03-11,N,1480.42,F,N,,,F0E5B1D24D8B090AA37FE89C3B4AFE509FE652FDBC96DCF426389C1B53FF9D0D,MD,01,No,,,,,01,Dry,,,,,,,,
Property Damage Crashes,DA4313003N,Prince George's County Police,Rear To Rear,Prince George's,Principal Arterial – Other,No,No,No,No,No,SILVER HILL RD (SB/L),458,MARYLAND ROUTE,No,True,No,6/6/2025,No,Point,38.842573074,-76.934665931,PGCOPD,04,16,03,No,13,,13:50,2025,Friday,12,Motor Vehicle In Transport,05,On Roadway,3,,,,,,09,Through Roadway,01,Daylight,6/6/2025,2025-06-06,W,46.93,F,N,,,BCC065A9A6136CCD082C9418D0637F0B8DF9898E90606DA9C55AF8E183026959,MD,01,No,,,,,01,Dry,,,,,,,,
Property Damage Crashes,CNC3160008W,New Carrollton Police Department,"Sideswipe, Same Direction",Prince George's,Local,No,No,No,No,No,KASLO ST,250,MUNICIPAL ROAD,No,True,No,2/25/2025,No,Point,38.971334903,-76.883370483,NCPD,07,16,03,No,3,,03:29,2025,Tuesday,15,Parked Vehicle,05,On Roadway,7,,,,,,06,Non-Junction,03,Dark - Lighted,2/25/2025,2025-02-25,E,6.5,F,N,,,C29B937F25FEE561BE2BD7EABA711A959ECDFC6248C57B072BD3AEC50FA981BC,MU,01,No,,,,,01,Dry,,,,,,,,
Property Damage Crashes,DA3605006W,Prince George's County Police,Front to Front,Prince George's,Major Collector,No,No,No,No,No,HILL RD,360,COUNTY ROAD,No,True,No,1/15/2025,No,Point,38.902335731,-76.887704184,PGCOPD,02,16,03,No,16,,16:52,2025,Wednesday,12,Motor Vehicle In Transport,05,On Roadway,5,,,,,,06,Non-Junction,01,Daylight,1/15/2025,2025-01-15,N,82.06,F,N,,,DAB6B2A28F9AFDAF2277532DFA8F4275D604C6EB77969BC9FE4975173E107460,CO,01,No,,,,,01,Dry,,,,,,,,
Property Damage Crashes,DA4335003V,Prince George's County Police,Single Vehicle,Prince George's,Major Collector,No,No,No,No,No,OLD MARLBORO PIKE,4461,COUNTY ROAD,No,True,No,1/17/2025,No,Point,38.835843894,-76.861649859,PGCOPD,101,16,03,No,21,,21:00,2025,Friday,07,Overturn/Rollover,05,On Roadway,5,,,,,,06,Non-Junction,03,Dark - Lighted,1/17/2025,2025-01-17,N,31.93,F,N,,,B7269EFE7CBAA0933E4173B82E0489464FE0F4E0224C04A5461896AD9BB1D58A,CO,01,No,,,,,01,Dry,,,,,,,,
Injury Crashes,BW01710035,Greenbelt Police Department,Rear To Side,Prince George's,,No,No,No,No,Yes,,,,No,True,No,5/7/2025,No,Point,39.011353449,-76.907183320,GREENBELT,05,16,02,,10,,10:12,2025,Wednesday,12,Motor Vehicle In Transport,04,"Off-Roadway, Location Unknown",,,,,,,,,01,Daylight,5/7/2025,2025-05-07,,,F,N,102,Parking Lot Way,,,01,No,19,Strikes Object at Rest from Motor Vehicle In Transport,04,"Off-Roadway, Location Unknown",,,,,,,,,,
Injury Crashes,DA281000GC,Prince George's County Police,Front to Rear,Prince George's,Minor Arterial,No,No,No,No,No,ANNAPOLIS RD,450,MARYLAND ROUTE,No,True,No,5/8/2025,No,Point,38.963954069,-76.853242759,PGCOPD,03,16,02,Yes,11,03,11:35,2025,Thursday,12,Motor Vehicle In Transport,05,On Roadway,4,Perpendicular,,,MORLEY RD,03,05,Intersection or Related,01,Daylight,5/8/2025,2025-05-08,S,0,F,N,,,C9F8919B34703A80BBABF6E739522FCFF45AE5C7702CF3D5A16DE1D5F467A2D5,MD,01,No,12,Motor Vehicle In Transport,05,On Roadway,01,Dry,05,No Controls,,,,,,
Property Damage Crashes,DS0499000H,University of Maryland Police College Park,"Sideswipe, Opposite Direction",Prince George's,Local,No,Yes,No,No,No,UNION LA,90,STATE ROAD,No,True,No,2/28/2025,No,Point,38.988706340,-76.945317070,UMCP,06,16,03,Unknown,16,03,16:16,2025,Friday,12,Motor Vehicle In Transport,05,On Roadway,7,Perpendicular,,,FIELD HOUSE DR,03,05,Intersection or Related,01,Daylight,2/28/2025,2025-02-28,N,0,F,N,,,38296D7259078FAEBBF4B217FFF5560EF71BA8FF95EF0D599C493E87D3746A33,SR,01,No,,,,,01,Dry,03,Stop - Partial,,,,,,
Injury Crashes,BW02110013,Greenbelt Police Department,Front to Front,Prince George's,Principal Arterial – Other Freeways and Expressways,No,Yes,No,No,No,RAMP 3 FR MD 193 EB TO MD 295 NB,295,RAMP,No,True,No,1/25/2025,No,Point,38.994160647,-76.876380805,GREENBELT,02,16,02,No,7,,07:11,2025,Saturday,12,Motor Vehicle In Transport,05,On Roadway,2,,,,GREENBELT RD (WB/L),,06,Non-Junction,01,Daylight,1/25/2025,2025-01-25,N,27.34,F,N,,,68BE72DBA3346FCCB33B3FBECB8C4797E930E553139D5982696B48EE37BA355B,RP,01,No,12,Motor Vehicle In Transport,05,On Roadway,01,Dry,,,,,,,,
Property Damage Crashes,AZ1730002V,Cheverly Police Department,Front to Rear,Prince George's,Principal Arterial – Other,No,No,No,No,No,LANDOVER RD,202,MARYLAND ROUTE,No,True,No,5/14/2025,No,Point,38.933721700,-76.910297466,CHEVERLY,03,16,03,No,21,04,21:33,2025,Wednesday,12,Motor Vehicle In Transport,05,On Roadway,3,Perpendicular,,,NEIGHBOR LA,03,05,Intersection or Related,03,Dark - Lighted,5/14/2025,2025-05-14,S,0,F,N,,,B4CF4797CB00D0DDD7223048D9D802B6E4F7D027FF6DF91BE302A5B8034FE9CA,MD,01,No,,,,,01,Dry,01,Signalized,,,,,,
Property Damage Crashes,DA44260015,Prince George's County Police,Front to Rear,Prince George's,Principal Arterial – Other,No,Yes,No,No,No,CENTRAL AVE (WB/L),214,MARYLAND ROUTE,No,True,No,5/7/2025,No,Point,38.888975878,-76.872679028,PGCOPD,03,16,03,No,10,,10:47,2025,Wednesday,12,Motor Vehicle In Transport,05,On Roadway,3,,,,,,06,Non-Junction,01,Daylight,5/7/2025,2025-05-07,N,7.53,F,N,,,B9854101C5452254C5C28911237CB3787EFBDCF1D8E021A35A37AC154A875D6C,MD,01,No,,,,,01,Dry,,,,,,,,
Property Damage Crashes,DA44300009,Prince George's County Police,Single Vehicle,Prince George's,Local,No,No,No,No,No,BOUNDRY AVE,311,COUNTY ROAD,No,True,No,2/7/2025,No,Point,38.868306507,-76.923816927,PGCOPD,101,16,03,No,20,,20:12,2025,Friday,41,Utility Pole/Light Support,09,Roadside,7,,,,,,09,Through Roadway,03,Dark - Lighted,2/7/2025,2025-02-07,S,185.32,F,N,,,1C21C5D58AFF63FDF1E2C3C5EF99BAA85BAB5884482265E07EC96EC39C7CCEE2,CO,01,No,,,,,01,Dry,,,,,,,,
Property Damage Crashes,DA40380085,Prince George's County Police,"Sideswipe, Same Direction",Prince George's,Major Collector,No,No,No,No,No,THRIFT RD,145,COUNTY ROAD,No,True,No,5/27/2025,No,Point,38.748381493,-76.899448660,PGCOPD,07,16,03,No,15,,15:00,2025,Tuesday,12,Motor Vehicle In Transport,05,On Roadway,5,,,,,,01,Acceleration/Deceleration Lane,01,Daylight,5/27/2025,2025-05-27,W,37.62,F,N,,,688CF1324F6CA4209F16D47C90A23093BB105CE79FD3478F3CD058BAF5799AB5,CO,01,No,,,,,09,Wet,,,,,,,,
Injury Crashes,MSP7776004V,Maryland State Police,Front to Rear,Prince George's,Interstate,No,No,No,No,No,JOHN HANSON HWY,595,INTERSTATE ROUTE,No,True,No,2/24/2025,No,Point,38.944708888,-76.802580532,MSP,03,16,02,No,7,,07:09,2025,Monday,12,Motor Vehicle In Transport,05,On Roadway,1,,,,,,06,Non-Junction,01,Daylight,2/24/2025,2025-02-24,N,49.04,F,N,,,9B34EBCF05A395EAA95C053DBD94524A348ABE3C421232E255174DEB90947084,IS,01,No,,,,,01,Dry,,,,,,,,
Property Damage Crashes,MSP6859008L,Maryland State Police,"Sideswipe, Same Direction",Prince George's,,No,No,No,No,No,,5,MARYLAND ROUTE,No,True,No,3/1/2025,No,Point,38.658487117,-76.874058680,MSP,07,16,03,Yes,16,,16:34,2025,Saturday,12,Motor Vehicle In Transport,05,On Roadway,,,,,,,99,Unknown,01,Daylight,3/1/2025,2025-03-01,W,18.09,F,N,,,6DE1CAC27C8C87C87FC8CCD42CB4220264E1AC42B470ABA90155A6351C041113,MD,01,No,,,,,01,Dry,,,,,,,,
Property Damage Crashes,CBPD0078009H,Bowie Police Department,Other,Prince George's,Local,No,Yes,No,No,No,ALLEY #3,7003,MUNICIPAL ROAD,No,True,No,5/17/2025,No,Point,38.981272915,-76.739911694,BOWIE,98,16,03,No,12,,12:50,2025,Saturday,15,Parked Vehicle,05,On Roadway,7,,,,,,06,Non-Junction,01,Daylight,5/17/2025,2025-05-17,W,20.07,F,N,,,E6EE55D49B7DEC4582642FC43E7A06423166FD97E0157540EEF07A2BA8DBDAB9,MU,01,No,,,,,01,Dry,,,,,,,,
Fatal Crashes,MSP6582016Q,Maryland State Police,Single Vehicle,Prince George's,Interstate,No,No,Yes,No,No,CAPITAL BELTWAY (SB/L),95,INTERSTATE ROUTE,No,True,Yes,5/10/2025,Yes,Point,38.81927,-76.929248333,MSP,101,16,01,No,19,,19:04,2025,Saturday,32,Guardrail Face,09,Roadside,1,,101,State,,,09,Through Roadway,01,Daylight,5/10/2025,2025-05-10,W,27.66,F,N,,,CAA0897031ABA73D92A77CE8C81171D15734EA92B81FEEDEF17EBDB3B5D28D39,IS,01,No,,,,,01,Dry,,,N,02,Advance Warning Area,03,Work on Shoulder or Median,No
Property Damage Crashes,MSP7865001G,Maryland State Police,Front to Rear,Prince George's,Interstate,No,No,No,No,No,NO NAME,95,INTERSTATE ROUTE,No,True,No,2/20/2025,No,Point,39.090878867,-76.892312883,MSP,03,16,03,No,6,,06:12,2025,Thursday,12,Motor Vehicle In Transport,05,On Roadway,1,,,,,,06,Non-Junction,100,Dawn,2/20/2025,2025-02-20,W,39.31,F,N,,,46EE1DE74391A87AC2CBEA1B2AB921C0DD6EEAD385F6025EE9BE77325591A969,IS,01,No,,,,,01,Dry,,,,,,,,
Property Damage Crashes,DA4122008W,Prince George's County Police,Front to Rear,Prince George's,Principal Arterial – Other Freeways and Expressways,No,No,No,No,No,INDIAN HEAD HWY,210,MARYLAND ROUTE,No,True,No,3/19/2025,No,Point,38.767400256,-76.994466750,PGCOPD,03,16,03,No,12,,12:25,2025,Wednesday,12,Motor Vehicle In Transport,05,On Roadway,2,,,,,,99,Unknown,01,Daylight,3/19/2025,2025-03-19,S,46.79,F,N,,,BF107236EC0BD6089839C208777FBE85CC92D7E5648DAB08298995D497CA8508,MD,01,No,,,,,01,Dry,,,,,,,,
Property Damage Crashes,DA401800CB,Prince George's County Police,"Sideswipe, Same Direction",Prince George's,,No,No,No,No,Yes,,,,No,True,No,3/26/2025,No,Point,38.929900410,-76.931098462,PGCOPD,07,16,03,,9,,09:10,2025,Wednesday,12,Motor Vehicle In Transport,02,In Parking Lane Or Zone,,,,,,,,,01,Daylight,3/26/2025,2025-03-26,,,F,N,102,Parking Lot Way,,,01,No,12,Motor Vehicle In Transport,02,In Parking Lane Or Zone,,,,,,,,,,
Property Damage Crashes,CC0294002H,Hyattsville Police Department,Front to Front,Prince George's,Minor Arterial,Yes,No,No,No,No,HAMILTON ST #1,151,MUNICIPAL ROAD,Yes,True,No,3/31/2025,No,Point,38.952895746,-76.950783758,HYATTSVILLE,02,16,03,No,20,,20:31,2025,Monday,12,Motor Vehicle In Transport,99,Unknown,4,,,,,,06,Non-Junction,04,Dark - Not Lighted,3/31/2025,2025-03-31,W,16.88,F,N,,,B85254AFC31FE48E77DFE37FD8E9F570A05290165A5218438C4DA4891C304F3F,MU,01,No,12,Motor Vehicle In Transport,99,Unknown,09,Wet,,,,,,,,
Property Damage Crashes,MSP745300B2,Maryland State Police,Front to Rear,Prince George's,Interstate,No,No,No,No,No,CAPITAL BELTWAY (SB/L),95,INTERSTATE ROUTE,No,True,No,4/12/2025,No,Point,39.010513083,-76.9025414,MSP,03,16,03,No,18,,18:35,2025,Saturday,12,Motor Vehicle In Transport,05,On Roadway,1,,,,,,06,Non-Junction,01,Daylight,4/12/2025,2025-04-12,E,35.21,F,N,,,D94214173A30920D0A51BA0681AD2B70626B8C5A37E519680631B55D8E760248,IS,01,No,,,,,01,Dry,,,,,,,,
Injury Crashes,MSP745000KW,Maryland State Police,Front to Rear,Prince George's,Interstate,No,No,No,No,No,NO NAME,95,INTERSTATE ROUTE,No,True,No,5/27/2025,No,Point,39.029136058,-76.948020251,MSP,03,16,02,No,15,,15:35,2025,Tuesday,12,Motor Vehicle In Transport,05,On Roadway,1,,101,State,,,09,Through Roadway,01,Daylight,5/27/2025,2025-05-27,N,23.92,F,N,,,4ED6AFF86CBFE70193C95BB46EF9974FA25EEC33762BD020D96E0C2B3064BADE,IS,01,No,41,Utility Pole/Light Support,03,Median,09,Wet,,,,,,,,
Property Damage Crashes,MSP7839003W,Maryland State Police,Angle,Prince George's,Principal Arterial – Other,No,No,No,No,No,CRAIN HWY (SB/L),301,UNITED STATE ROUTE,No,True,No,4/3/2025,No,Point,38.855398146,-76.726003333,MSP,01,16,03,No,2,,02:11,2025,Thursday,12,Motor Vehicle In Transport,05,On Roadway,3,,,,,,06,Non-Junction,04,Dark - Not Lighted,4/3/2025,2025-04-03,N,54.6,F,N,,,108AE04B8A9D2F891061D8ECF19CCE4941F558A98949CD2E0DD48E0E93D44CC2,US,01,No,,,,,01,Dry,,,,,,,,
Injury Crashes,MSP7765006K,Maryland State Police,Front to Front,Prince George's,Local,No,No,No,No,No,BALL PARK RD,6232,COUNTY ROAD,No,True,No,3/3/2025,No,Point,38.945761421,-76.717813579,MSP,02,16,02,No,8,04,08:46,2025,Monday,12,Motor Vehicle In Transport,05,On Roadway,7,Perpendicular,,,CRAIN HWY,03,05,Intersection or Related,01,Daylight,3/3/2025,2025-03-03,S,0,F,N,,,F0669221B549EB67302F2A2FCC91C938966C376B76AC218BF1FF730B3285D834,CO,01,No,,,,,01,Dry,01,Signalized,,,,,,
Property Damage Crashes,MSP7664009V,Maryland State Police,Front to Rear,Prince George's,Interstate,No,No,No,No,No,CAPITAL BELTWAY (SB/L),95,INTERSTATE ROUTE,No,True,No,3/27/2025,No,Point,38.822390781,-76.886946896,MSP,03,16,03,No,22,,22:23,2025,Thursday,12,Motor Vehicle In Transport,05,On Roadway,1,,,,,,09,Through Roadway,04,Dark - Not Lighted,3/27/2025,2025-03-27,N,15.02,F,N,,,DCAE01B6C4AE7711D297845F2963ABD0DE2255BD4256495F59B666A2A60E3B08,IS,01,No,,,,,01,Dry,,,,,,,,
Property Damage Crashes,DA3777003R,Prince George's County Police,Angle,Prince George's,,No,Yes,No,No,No,,111,COUNTY ROAD,No,True,No,4/28/2025,No,Point,38.925038799,-76.770713103,PGCOPD,01,16,03,Yes,13,,13:47,2025,Monday,12,Motor Vehicle In Transport,05,On Roadway,,,,,,,03,Driveway Access or Related,01,Daylight,4/28/2025,2025-04-28,N,13.57,F,N,,,DCEDBC2C1D167638B2271DDDA86179E90A1FC39AE91EDDC93BC93977F58A2C03,CO,01,No,,,,,01,Dry,,,,,,,,
Property Damage Crashes,DA3949008K,Prince George's County Police,"Sideswipe, Same Direction",Prince George's,Principal Arterial – Other Freeways and Expressways,No,No,No,No,No,RAMP 8 FR MD 201 SB TO MD 295 WB,295,RAMP,No,True,No,5/1/2025,No,Point,38.924814661,-76.930212375,PGCOPD,07,16,03,No,9,,09:00,2025,Thursday,12,Motor Vehicle In Transport,05,On Roadway,2,,,,,,09,Through Roadway,01,Daylight,5/1/2025,2025-05-01,N,15.4,F,N,,,C827EB1082C1C88D2BA325F3723C76F6754F3D682BC8A3E17A3D1095DA81A57E,RP,01,No,,,,,01,Dry,,,,,,,,
Property Damage Crashes,MSP745800SQ,Maryland State Police,"Sideswipe, Same Direction",Prince George's,Principal Arterial – Other Freeways and Expressways,No,No,No,No,No,BRANCH AVE,5,MARYLAND ROUTE,No,True,No,5/3/2025,No,Point,38.779618333,-76.890656667,MSP,07,16,03,No,23,,23:16,2025,Saturday,12,Motor Vehicle In Transport,05,On Roadway,2,,,,,,01,Acceleration/Deceleration Lane,03,Dark - Lighted,5/3/2025,2025-05-03,N,51.8,F,N,,,33826319F80C41D6B1E47AF418561BA4DEB55E9D34B421B49AEB22CFEC9C1613,MD,01,No,,,,,09,Wet,,,,,,,,
Property Damage Crashes,CBPD0086007S,Bowie Police Department,Single Vehicle,Prince George's,Local,No,No,No,No,No,RAMBLING LA,2220,MUNICIPAL ROAD,No,True,No,2/15/2025,No,Point,38.997906464,-76.749252413,BOWIE,101,16,03,No,15,,15:30,2025,Saturday,40,Tree (standing),08,Outside Road/Right-Of-Way,7,,,,,,06,Non-Junction,01,Daylight,2/15/2025,2025-02-15,E,41.74,F,N,,,0E7829788E630DBE103E877729E0321A76700F9CB10FCF38795BB974867F7127,MU,01,No,,,,,09,Wet,,,,,,,,
Property Damage Crashes,MSP744700MK,Maryland State Police,Single Vehicle,Prince George's,Interstate,No,No,No,No,No,RAMP 2 FR MD 202 WB TO IS 95 NB,95,RAMP,No,True,No,2/17/2025,No,Point,38.920378536,-76.852295,MSP,101,16,03,No,7,,07:09,2025,Monday,41,Utility Pole/Light Support,09,Roadside,1,,101,State,,,04,Entrance/Exit Ramp or Related,01,Daylight,2/17/2025,2025-02-17,E,31.48,F,N,,,614FFEC56BA64863D1B9F1F1BD6F18B423DD34D6F7C82E6C14281795F794FE90,RP,01,No,07,Overturn/Rollover,04,"Off-Roadway, Location Unknown",02,Ice/Frost,,,,,,,,
Injury Crashes,DA4268007Q,Prince George's County Police,Unknown,Prince George's,Principal Arterial – Other,No,No,No,No,No,BALTIMORE AVE,1,UNITED STATE ROUTE,No,True,No,5/31/2025,No,Point,39.014658578,-76.927565390,PGCOPD,99,16,02,No,11,,11:49,2025,Saturday,12,Motor Vehicle In Transport,09,Roadside,3,,,,,,09,Through Roadway,01,Daylight,5/31/2025,2025-05-31,N,49.77,F,N,,,CC9E6B4A114B032F57A988DEF5C097F23DA0B2A378062F8AB52F35A2CA6444E0,US,01,No,,,,,01,Dry,,,,,,,,
Property Damage Crashes,DA4405001C,Prince George's County Police,"Sideswipe, Same Direction",Prince George's,Minor Arterial,No,Yes,No,No,No,ARENA DR,202,MARYLAND ROUTE,Yes,True,No,5/14/2025,No,Point,38.907001909,-76.851250415,PGCOPD,07,16,03,No,9,,09:18,2025,Wednesday,12,Motor Vehicle In Transport,05,On Roadway,4,,,,,,06,Non-Junction,01,Daylight,5/14/2025,2025-05-14,E,114.43,F,N,,,F4CF8D5B5ABC37B90643F3CEF592C3F6FE9AFBB37647CD247AE2466A0B42FFFE,MD,02,"Yes, School Bus Directly Involved",,,,,09,Wet,,,,,,,,
Property Damage Crashes,DA4396001B,Prince George's County Police,Front to Front,Prince George's,Local,No,No,No,No,No,FOX ST,1547,COUNTY ROAD,No,True,No,2/28/2025,No,Point,39.008812696,-76.974541476,PGCOPD,02,16,03,No,8,,08:00,2025,Friday,12,Motor Vehicle In Transport,05,On Roadway,7,,,,,,06,Non-Junction,01,Daylight,2/28/2025,2025-02-28,E,125.69,F,N,,,9AB846066DD9D92D501FBAFFB2CAF07FB79405E530AFD659491AB591D6CA22C4,CO,01,No,,,,,01,Dry,,,,,,,,
Property Damage Crashes,DA32700030,Prince George's County Police,Single Vehicle,Prince George's,Major Collector,No,No,No,No,No,WOODMORE RD,111,COUNTY ROAD,No,True,No,2/12/2025,No,Point,38.926007956,-76.783748649,PGCOPD,101,16,03,No,7,,07:45,2025,Wednesday,41,Utility Pole/Light Support,01,Gore,5,,,,,,06,Non-Junction,01,Daylight,2/12/2025,2025-02-12,W,27.22,F,N,,,7C0D567B35E4042816C7D55B4D73602133B7C257237E57B3FC8F5B718DBBA5E1,CO,01,No,,,,,06,Slush,,,,,,,,
Property Damage Crashes,DA373600CS,Prince George's County Police,Single Vehicle,Prince George's,Local,No,Yes,No,Yes,No,BIRCHWOOD DR,1439,COUNTY ROAD,No,True,No,2/2/2025,No,Point,38.808758809,-76.988113286,PGCOPD,101,16,03,No,18,,18:56,2025,Sunday,17,Pedestrian,05,On Roadway,7,,,,,,09,Through Roadway,03,Dark - Lighted,2/2/2025,2025-02-02,W,35.12,F,N,,,B619950ED3BD40AA91A14740B755E5F1F7D7F85F50C4E7727E130CDAB79E0702,CO,01,No,,,,,01,Dry,,,,,,,,
Injury Crashes,MSP7872002Z,Maryland State Police,Other,Prince George's,Local,No,No,No,No,No,,978,MARYLAND ROUTE,No,True,No,3/11/2025,No,Point,38.896890422,-76.721678022,MSP,98,16,02,No,13,03,13:02,2025,Tuesday,12,Motor Vehicle In Transport,05,On Roadway,7,Perpendicular,,,CRAIN HWY (SB/L),03,05,Intersection or Related,01,Daylight,3/11/2025,2025-03-11,S,0,F,N,,,16B2A8EE2BA46D4EBF1C76B01A3CCA98051008BA2440F11DCF913FFF6A695A32,MD,01,No,28,Ditch,09,Roadside,01,Dry,05,No Controls,,,,,,
Injury Crashes,MSP647600JP,Maryland State Police,"Sideswipe, Opposite Direction",Prince George's,Principal Arterial – Other,No,No,No,No,No,CENTRAL AVE (WB/L),214,MARYLAND ROUTE,No,True,No,5/18/2025,No,Point,38.893193535,-76.844031667,MSP,06,16,02,No,6,,06:45,2025,Sunday,12,Motor Vehicle In Transport,05,On Roadway,3,,,,,,09,Through Roadway,01,Daylight,5/18/2025,2025-05-18,S,31.2,F,N,,,C48B83608728CF165EEFD738E9896CD0879A5ED2F53B04F71E37B3CA345EC0EE,MD,01,No,,,,,01,Dry,,,,,,,,
Property Damage Crashes,DA409400C3,Prince George's County Police,Angle,Prince George's,Principal Arterial – Other,No,No,No,No,No,KENILWORTH AVE,201,MARYLAND ROUTE,Yes,True,No,4/26/2025,No,Point,38.921481279,-76.931370712,PGCOPD,01,16,03,No,21,02,21:29,2025,Saturday,12,Motor Vehicle In Transport,05,On Roadway,3,Perpendicular,,,RAMP 8 FR MD 201 SB TO MD 459 WB,03,05,Intersection or Related,04,Dark - Not Lighted,4/26/2025,2025-04-26,S,0,F,N,,,D159E03F3128886E4E8187155DBD746AFF64C11D9BFE4FD2BBA63D95DDC1BBE2,MD,01,No,,,,,01,Dry,03,Stop - Partial,,,,,,
Property Damage Crashes,DA4241003Q,Prince George's County Police,"Sideswipe, Same Direction",Prince George's,Local,No,No,No,No,No,STAMP RD,2655,COUNTY ROAD,No,True,No,4/25/2025,No,Point,38.823398101,-76.941099374,PGCOPD,07,16,03,No,10,,10:28,2025,Friday,15,Parked Vehicle,99,Unknown,7,,,,,,06,Non-Junction,99,Unknown,4/25/2025,2025-04-25,W,16.52,F,N,,,B2646590DA4CC9AFFD67000B13E739360A4D91FB5790C00B025FF1E6DCDF3DBF,CO,01,No,,,,,01,Dry,,,,,,,,
Injury Crashes,MSP766400CC,Maryland State Police,Angle,Prince George's,Principal Arterial – Other,No,No,No,No,No,CENTRAL AVE,214,MARYLAND ROUTE,No,True,No,5/17/2025,No,Point,38.901908333,-76.758403333,MSP,01,16,02,No,21,,21:44,2025,Saturday,12,Motor Vehicle In Transport,05,On Roadway,3,,,,,,09,Through Roadway,04,Dark - Not Lighted,5/17/2025,2025-05-17,S,45.98,F,N,,,449254942CBD4423976EBC3CFB776F7052F761B6C36B0DFF84D2CBF97E781AD1,MD,01,No,,,,,01,Dry,,,,,,,,
Injury Crashes,MSP7787006L,Maryland State Police,"Sideswipe, Same Direction",Prince George's,Principal Arterial – Other,No,No,No,No,No,,1,UNITED STATE ROUTE,No,True,No,4/30/2025,No,Point,39.034246985,-76.908221425,MSP,07,16,02,No,18,,18:25,2025,Wednesday,12,Motor Vehicle In Transport,05,On Roadway,3,,,,,,06,Non-Junction,01,Daylight,4/30/2025,2025-04-30,N,42,F,N,,,BC1DE7057296A50679FA2EA4F7E67C1F317F11B9AA0038545FA73E995FA6C3ED,US,01,No,,,,,01,Dry,,,,,,,,
Property Damage Crashes,MSP6582015K,Maryland State Police,Front to Rear,Prince George's,Principal Arterial – Other Freeways and Expressways,No,No,No,No,No,BRANCH AVE,5,MARYLAND ROUTE,No,True,No,2/22/2025,No,Point,38.713578333,-76.8779,MSP,03,16,03,No,15,,15:07,2025,Saturday,12,Motor Vehicle In Transport,05,On Roadway,2,,,,,,09,Through Roadway,01,Daylight,2/22/2025,2025-02-22,N,56.85,F,N,,,E3F1AD43EF217D9B2E10272F19A4A19DBD77723611C76BFC01F5FF0E51FFD973,MD,01,No,,,,,01,Dry,,,,,,,,
Injury Crashes,DA3696000B,Prince George's County Police,Single Vehicle,Prince George's,Minor Arterial,No,No,No,No,No,CALVERTON BLVD,2382,COUNTY ROAD,No,True,No,4/28/2025,No,Point,39.054633494,-76.941990981,PGCOPD,101,16,02,No,14,,14:58,2025,Monday,40,Tree (standing),05,On Roadway,4,,,,,,06,Non-Junction,01,Daylight,4/28/2025,2025-04-28,N,4.14,F,N,,,26AD641D9658B70A93C42EA826F0F01C04B80B3831D356AB4143B641EB3E7D16,CO,01,No,,,,,01,Dry,,,,,,,,
Injury Crashes,DA3706005S,Prince George's County Police,Front to Front,Prince George's,Local,No,No,No,No,No,HICKORY HILL AVE,1370,COUNTY ROAD,No,True,No,4/30/2025,No,Point,38.970768625,-76.858786919,PGCOPD,02,16,02,No,12,,12:25,2025,Wednesday,12,Motor Vehicle In Transport,05,On Roadway,7,,,,CIPRIANO RD CIPRIANO RD (NB/L),,09,Through Roadway,01,Daylight,4/30/2025,2025-04-30,S,14.39,F,N,,,2C859F46DBE79B2CE5D9CED9304A0AEF5408233AEA09FC88BDA39336DFC47137,CO,01,No,,,,,01,Dry,,,,,,,,