Crash Severity Description,Reportnumber,Agencyname,CollisionImpact Description,Crash County Description,FunctionalClass Description,ImpairedCrash,Large Vehicle Involved,Motorcycle Crash,Non-Motorist Crash,OffRoad,RoadName,Route Number,RouteType Description,Unrestrained Occupants,WithinDateRange,Work Zone Related,Crashdate,Work Zone Crash,CrashPoint,Latitude,Longitude,AgencyCode,CollisionImpact,Crash County,Crash Severity,Crash Within Interchange,Crashhour,CrashInterchangeApproaches,Crashtime,CrashYear,Dayofweek,FirstHarmEvent,FirstHarmEvent Description,FirstHarmLocation,FirstHarmLocation Description,FunctionalClass,Geometry Description,GovPropertyDamage,GovPropertyDamage Description,IntersectingRoadName,Intersection Geometry,JunctionRelated,JunctionRelated Description,Light,Light Description,LOD Crash Date,LOD Date Level,MilepointDirection,MilepointDistance,MilepointUnits,NonTrafficFatal,OffroadLocation,OffroadLocation Description,RoadID,RouteType,SchoolBusRelated,SchoolBusRelated Description,SecondHarmEvent,SecondHarmEvent Description,SecondHarmLocation,SecondHarmLocation Description,Surface,Surface Description,TrafficControl,Trafficcontrol Description,WZLawEnforcementPresent,WZLocation,WZLocation Description,WZType,WZType Description,WZWorkersPresent
Property Damage Crashes,DA389000RS,Prince George's County Police,"Sideswipe, Same Direction",Prince George's,Local,No,No,No,No,No,POWDER MILL RD,6,GOVERNMENT ROAD,No,True,No,2/11/2025,No,Point,39.048106658,-76.816360371,PGCOPD,07,16,03,Yes,7,04,07:09,2025,Tuesday,12,Motor Vehicle In Transport,05,On Roadway,7,Perpendicular,,,AMERICAN HOLLY DR LAUREL BOWIE RD,03,05,Intersection or Related,01,Daylight,2/11/2025,2025-02-11,W,0,F,N,,,81F277067C0495A021E308CA1D67DBB37B3715B5F982953418CEF91C81033A27,GV,01,No,,,,,07,Snow,01,Signalized,,,,,,
Property Damage Crashes,MSP546601RD,Maryland State Police,Single Vehicle,Prince George's,Interstate,No,No,No,No,No,CAPITAL BELTWAY (SB/L),95,INTERSTATE ROUTE,No,True,No,2/2/2025,No,Point,38.813789924,-76.959486896,MSP,101,16,03,Yes,1,,01:43,2025,Sunday,06,Other Non-Collision,07,"On Shoulder, Right Side",1,,,,,,09,Through Roadway,04,Dark - Not Lighted,2/2/2025,2025-02-02,S,39.35,F,N,,,73CC6B3B09089CCA41006D533E1E12403FF9B35338397825CFC09A3CE7656D75,IS,01,No,,,,,01,Dry,,,,,,,,
Property Damage Crashes,RD01380003,Riverdale Park Police Department,Front to Rear,Prince George's,Principal Arterial – Other,No,No,No,No,No,,1,UNITED STATE ROUTE,No,True,No,5/22/2025,No,Point,38.964804621,-76.938958625,RIVERDALE,03,16,03,No,21,,21:00,2025,Thursday,12,Motor Vehicle In Transport,05,On Roadway,3,,,,,,99,Unknown,01,Daylight,5/22/2025,2025-05-22,S,49.51,F,N,,,7614D71EA13C0EA5349C842B14FE69A935D0843B1F4DE1E98DFC0A98508FC552,US,01,No,,,,,01,Dry,,,,,,,,
Property Damage Crashes,DA34960021,Prince George's County Police,Front to Rear,Prince George's,Local,No,No,No,No,No,COLLEGE AVE (EB/L),270,MUNICIPAL ROAD,No,True,No,5/23/2025,No,Point,38.981960145,-76.937279183,PGCOPD,03,16,03,No,10,,10:47,2025,Friday,12,Motor Vehicle In Transport,05,On Roadway,7,,,,,,09,Through Roadway,01,Daylight,5/23/2025,2025-05-23,N,16.4,F,N,,,CB7F0A5FD958221C8B654FF1608636A2851806B38CE2E82553DC9F5A3EB2CC87,MU,01,No,,,,,01,Dry,,,,,,,,
Property Damage Crashes,CBPD00680072,Bowie Police Department,Single Vehicle,Prince George's,Minor Collector,No,No,No,No,No,CHESTNUT AVE,564,MARYLAND ROUTE,No,True,No,3/3/2025,No,Point,39.008537632,-76.778923288,BOWIE,101,16,03,No,16,,16:47,2025,Monday,27,Curb,01,Gore,6,,,,,,06,Non-Junction,01,Daylight,3/3/2025,2025-03-03,N,28.99,F,N,,,DF3208D7876A20208E6858FC535BFD0C35F9D5E546B596D2A392927BC3ACAA70,MD,01,No,30,Fence,99,Unknown,01,Dry,,,,,,,,
Property Damage Crashes,CBPD0122001L,Bowie Police Department,Single Vehicle,Prince George's,,No,No,No,No,Yes,,,,No,True,No,6/4/2025,No,Point,38.936285464,-76.720756556,BOWIE,101,16,03,,10,,10:50,2025,Wednesday,36,"Other Post, Pole, Or Support",02,In Parking Lane Or Zone,,,,,,,,,01,Daylight,6/4/2025,2025-06-04,,,F,N,102,Parking Lot Way,,,01,No,,,,,,,,,,,,,,
Property Damage Crashes,CBPD01000046,Bowie Police Department,Front to Rear,Prince George's,,No,No,No,No,Yes,,,,Yes,True,No,4/20/2025,No,Point,38.907874098,-76.719572071,BOWIE,03,16,03,,17,,17:45,2025,Sunday,12,Motor Vehicle In Transport,04,"Off-Roadway, Location Unknown",,,,,,,,,01,Daylight,4/20/2025,2025-04-20,,,F,N,102,Parking Lot Way,,,01,No,,,,,,,,,,,,,,
Property Damage Crashes,DA4268006V,Prince George's County Police,Front to Rear,Prince George's,Minor Arterial,No,No,No,No,No,RIGGS RD,212,MARYLAND ROUTE,No,True,No,1/2/2025,No,Point,39.014595454,-76.964779717,PGCOPD,03,16,03,No,20,,20:11,2025,Thursday,12,Motor Vehicle In Transport,05,On Roadway,4,,,,,,09,Through Roadway,03,Dark - Lighted,1/2/2025,2025-01-02,N,19.69,F,N,,,CB72D8DF0F077DE273E05352017822F1D65D447EE7A5A0A83DB444311C0C6CB8,MD,01,No,,,,,01,Dry,,,,,,,,
Property Damage Crashes,DA384000JM,Prince George's County Police,Front to Front,Prince George's,Principal Arterial – Other Freeways and Expressways,No,No,No,No,No,ALLENTOWN RD (SB/L),337,MARYLAND ROUTE,No,True,No,5/19/2025,No,Point,38.8150669,-76.8944379,PGCOPD,02,16,03,No,0,,00:13,2025,Monday,12,Motor Vehicle In Transport,05,On Roadway,2,,,,,,06,Non-Junction,03,Dark - Lighted,5/19/2025,2025-05-19,S,61.15,F,N,,,1A4F3BDD07C2A2A6CC3DF68EA609079ED71B5B930A8B90F3AC1A0331E4163FFF,MD,01,No,,,,,01,Dry,,,,,,,,
Property Damage Crashes,AM0393001K,Bladensburg Police Department,Unknown,Prince George's,,No,No,No,No,Yes,,,,No,True,No,4/30/2025,No,Point,38.941109746,-76.916211014,BLADENSBURG,99,16,03,,11,,11:27,2025,Wednesday,12,Motor Vehicle In Transport,02,In Parking Lane Or Zone,,,,,,,,,99,Unknown,4/30/2025,2025-04-30,,,F,N,100,Parking Stall,,,01,No,,,,,,,,,,,,,,
Property Damage Crashes,CC03090011,Hyattsville Police Department,"Sideswipe, Same Direction",Prince George's,Local,No,No,No,No,No,MADISON ST,100,MUNICIPAL ROAD,No,True,Yes,4/9/2025,Yes,Point,38.958403182,-76.939899193,HYATTSVILLE,07,16,03,No,15,,15:20,2025,Wednesday,12,Motor Vehicle In Transport,05,On Roadway,7,,,,BALTIMORE AVE MADISON ST #2,,06,Non-Junction,01,Daylight,4/9/2025,2025-04-09,N,15.02,F,N,,,E21D424024BC6770BC98EAF353D88C28088AD7FF324CEA698CD9E9C912287839,MU,01,No,,,,,01,Dry,,,N,03,Transition Area,01,Lane Closure,Yes
Property Damage Crashes,DA3875008X,Prince George's County Police,Single Vehicle,Prince George's,Major Collector,Yes,No,No,No,No,DOWER HOUSE RD,92,COUNTY ROAD,No,True,No,4/18/2025,No,Point,38.798391275,-76.839122438,PGCOPD,101,16,03,No,17,,17:04,2025,Friday,28,Ditch,09,Roadside,5,,,,,,01,Acceleration/Deceleration Lane,01,Daylight,4/18/2025,2025-04-18,W,27.27,F,N,,,FDBCBD676D477B9C456C3E778D541C0787EBDF65E8B116B6AF206218672FF79D,CO,01,No,,,,,01,Dry,,,,,,,,
Injury Crashes,DA4083006L,Prince George's County Police,Other,Prince George's,,No,No,No,No,No,,105,COUNTY ROAD,No,True,No,2/2/2025,No,Point,39.007527687,-76.971935968,PGCOPD,98,16,02,No,10,,10:55,2025,Sunday,12,Motor Vehicle In Transport,05,On Roadway,,,,,ERIE ST,,06,Non-Junction,01,Daylight,2/2/2025,2025-02-02,N,14.73,F,N,,,FAEC1229E1DC128F8BD3E9B80D88D20C42D928E2D7752AF6239EF90FDA01857E,CO,01,No,,,,,01,Dry,,,,,,,,
Property Damage Crashes,DA4164005K,Prince George's County Police,Angle,Prince George's,Major Collector,No,No,No,No,No,OLD FORT RD,118,COUNTY ROAD,No,True,No,5/16/2025,No,Point,38.755833248,-76.992891230,PGCOPD,01,16,03,Yes,17,,17:38,2025,Friday,12,Motor Vehicle In Transport,05,On Roadway,5,,,,,,09,Through Roadway,01,Daylight,5/16/2025,2025-05-16,W,37.93,F,N,,,54594F2EEF4343F28B496FDA899B84268B4EA14B3565703EBE4E934CAEF4E5A6,CO,01,No,,,,,01,Dry,,,,,,,,
Property Damage Crashes,DA418100FN,Prince George's County Police,Other,Prince George's,Local,No,No,No,No,No,BARTON RD,213,COUNTY ROAD,No,True,No,4/6/2025,No,Point,38.937412140,-76.888581644,PGCOPD,98,16,03,No,4,,04:34,2025,Sunday,15,Parked Vehicle,05,On Roadway,7,,,,,,09,Through Roadway,04,Dark - Not Lighted,4/6/2025,2025-04-06,W,32.96,F,N,,,0FF3B10CEB4B3B7F9A3068F9706B4C5937E0406BEC5892A814AE91C464B72959,CO,01,No,,,,,01,Dry,,,,,,,,
Property Damage Crashes,BW0200001F,Greenbelt Police Department,Angle,Prince George's,,No,No,No,No,No,,205,MUNICIPAL ROAD,No,True,No,4/9/2025,No,Point,38.989519621,-76.878277292,GREENBELT,01,16,03,No,10,,10:09,2025,Wednesday,12,Motor Vehicle In Transport,05,On Roadway,,,,,,,06,Non-Junction,01,Daylight,4/9/2025,2025-04-09,N,45.01,F,N,,,734C85679535DC883ADA90E190C2F4D0B341105EC3E088574C469528B5CBAC4A,MU,01,No,,,,,01,Dry,,,,,,,,
Property Damage Crashes,DA4183006V,Prince George's County Police,Front to Front,Prince George's,,No,No,No,No,No,ALLENTOWN RD (SB/L),126,COUNTY ROAD,No,True,No,5/13/2025,No,Point,38.762517294,-76.955158357,PGCOPD,02,16,03,Yes,10,03,10:17,2025,Tuesday,12,Motor Vehicle In Transport,05,On Roadway,,Perpendicular,,,STEED RD,03,05,Intersection or Related,01,Daylight,5/13/2025,2025-05-13,W,0,F,N,,,E2284D4E8BAA739C36B702170C787C7365A467D381D506BE4D32FDF93E7A9CFE,CO,01,No,,,,,09,Wet,01,Signalized,,,,,,
Property Damage Crashes,DA4344003L,Prince George's County Police,Unknown,Prince George's,Local,No,No,No,No,No,WALBRIDGE ST,7223,COUNTY ROAD,No,True,No,4/18/2025,No,Point,38.879200176,-76.896884067,PGCOPD,99,16,03,No,4,,04:31,2025,Friday,12,Motor Vehicle In Transport,05,On Roadway,7,,,,,,06,Non-Junction,03,Dark - Lighted,4/18/2025,2025-04-18,N,8.26,F,N,,,79C51132A02CCD50D3CEBD3D71CC3FDDC7AEF3ED53AD3B1ABF41ADD415664635,CO,01,No,,,,,01,Dry,,,,,,,,
Property Damage Crashes,DA4282003J,Prince George's County Police,Rear To Rear,Prince George's,,No,No,No,No,Yes,,,,No,True,No,4/1/2025,No,Point,38.817582828,-77.002708488,PGCOPD,04,16,03,,13,,13:41,2025,Tuesday,12,Motor Vehicle In Transport,99,Unknown,,,,,,,,,01,Daylight,4/1/2025,2025-04-01,,,F,N,102,Parking Lot Way,,,01,No,,,,,,,,,,,,,,
Property Damage Crashes,DA43480028,Prince George's County Police,"Sideswipe, Same Direction",Prince George's,Principal Arterial – Other,No,No,No,No,No,EAST WEST HWY (WB/L),410,MARYLAND ROUTE,No,True,No,4/21/2025,No,Point,38.971150909,-76.978536739,PGCOPD,07,16,03,No,11,,11:05,2025,Monday,12,Motor Vehicle In Transport,05,On Roadway,3,,,,,,06,Non-Junction,01,Daylight,4/21/2025,2025-04-21,N,42.68,F,N,,,185317E5DA5573C989F56FA710591FF125312507B8A0F0E1E48B3899C6F3BB56,MD,01,No,,,,,01,Dry,,,,,,,,
Property Damage Crashes,MSP647600GC,Maryland State Police,Front to Rear,Prince George's,Interstate,No,No,No,No,No,CAPITAL BELTWAY (SB/L),95,INTERSTATE ROUTE,No,True,No,1/10/2025,No,Point,38.843638333,-76.864325,MSP,03,16,03,No,11,,11:53,2025,Friday,12,Motor Vehicle In Transport,05,On Roadway,1,,,,,,09,Through Roadway,01,Daylight,1/10/2025,2025-01-10,E,54.87,F,N,,,79683C99CBDBA84816C0C0167DC21846C3F6158C0604C8932D5551D8443D8A46,IS,01,No,,,,,01,Dry,,,,,,,,
Property Damage Crashes,MSP77700073,Maryland State Police,Front to Rear,Prince George's,Interstate,No,No,No,No,No,CAPITAL BELTWAY (SB/L),95,INTERSTATE ROUTE,No,True,No,3/26/2025,No,Point,38.818609822,-76.914440726,MSP,03,16,03,No,9,,09:14,2025,Wednesday,12,Motor Vehicle In Transport,05,On Roadway,1,,,,,,06,Non-Junction,01,Daylight,3/26/2025,2025-03-26,E,255.3,F,N,,,0779455FD10FFA774217023595064DCA4A5AA4EF1D3ACA9D90174EE17EB910E2,IS,01,No,,,,,01,Dry,,,,,,,,
Injury Crashes,MSP745000JD,Maryland State Police,"Sideswipe, Same Direction",Prince George's,Interstate,No,Yes,No,No,No,NO NAME (SB/L),95,INTERSTATE ROUTE,No,True,No,3/27/2025,No,Point,39.050307278,-76.931081966,MSP,07,16,02,No,11,,11:19,2025,Thursday,12,Motor Vehicle In Transport,05,On Roadway,1,,,,,,09,Through Roadway,01,Daylight,3/27/2025,2025-03-27,E,15.04,F,N,,,D6869C792BDC21E0CAB94301AE2E066A9C3E764F8A953768837C9D18BA9A56DE,IS,01,No,32,Guardrail Face,07,"On Shoulder, Right Side",01,Dry,,,,,,,,
Property Damage Crashes,MSP738100D5,Maryland State Police,Single Vehicle,Prince George's,Interstate,Yes,No,No,No,No,RAMP 2 FR MD 221A WB TO IS 95 NB,95,RAMP,No,True,No,5/28/2025,No,Point,38.869711667,-76.841613333,MSP,101,16,03,No,22,,22:39,2025,Wednesday,40,Tree (standing),06,"On Shoulder, Left Side",1,,101,State,,,01,Acceleration/Deceleration Lane,04,Dark - Not Lighted,5/28/2025,2025-05-28,E,6.12,F,N,,,818CC32724F6A851A143D79324786CFD43A1520BF461F8C249890F7D7EA37322,RP,01,No,,,,,09,Wet,,,,,,,,
Property Damage Crashes,DA4409000R,Prince George's County Police,Rear To Side,Prince George's,Local,No,Yes,No,No,No,NICHOLSON ST,1586,COUNTY ROAD,No,True,No,5/9/2025,No,Point,38.957920243,-76.920405582,PGCOPD,05,16,03,No,14,,14:02,2025,Friday,12,Motor Vehicle In Transport,05,On Roadway,7,,,,,,06,Non-Junction,01,Daylight,5/9/2025,2025-05-09,S,25.8,F,N,,,591865FD0E42ECD72F2C6620E864BDF650788CFDF1913791F0F4A67A0FFABF0F,CO,02,"Yes, School Bus Directly Involved",,,,,01,Dry,,,,,,,,
Property Damage Crashes,BP11340022,Forest Heights Police Department,Front to Front,Prince George's,Local,No,No,No,No,No,COMANCHE DR,80,MUNICIPAL ROAD,No,True,No,2/24/2025,No,Point,38.807223894,-76.992680997,FORESTHEIGHTS,02,16,03,No,8,,08:15,2025,Monday,12,Motor Vehicle In Transport,05,On Roadway,7,,100,Local,OTTAWA ST,,06,Non-Junction,01,Daylight,2/24/2025,2025-02-24,S,12.82,F,N,,,7A7F0A646D1C951DE816CDEE67D8351F1C90A36BFFA3FEA1CA442A4776128C83,MU,01,No,,,,,01,Dry,,,,,,,,
Property Damage Crashes,DA44350002,Prince George's County Police,Front to Rear,Prince George's,Principal Arterial – Other,No,No,No,No,No,LAUREL BOWIE RD (SB/L),197,MARYLAND ROUTE,No,True,No,4/7/2025,No,Point,39.088888828,-76.846454686,PGCOPD,03,16,03,No,18,,18:52,2025,Monday,12,Motor Vehicle In Transport,05,On Roadway,3,,,,BOWIE RD,,01,Acceleration/Deceleration Lane,01,Daylight,4/7/2025,2025-04-07,N,8.54,F,N,,,FDC5A94F2C40E9E7D7AF5E3CAF4046C400B76AFD875E7EF7CE8999E3D3B78BB4,MD,01,No,06,Other Non-Collision,10,Separator/Traffic Island,09,Wet,,,,,,,,
Property Damage Crashes,CE45870082,Laurel Police Department,"Sideswipe, Same Direction",Prince George's,Principal Arterial – Other,No,Yes,No,No,No,WASHINGTON BLVD (SB/L),1,UNITED STATE ROUTE,No,True,No,2/6/2025,No,Point,39.099237640,-76.848637418,LAUREL,07,16,03,No,9,,09:40,2025,Thursday,12,Motor Vehicle In Transport,05,On Roadway,3,,,,,,04,Entrance/Exit Ramp or Related,01,Daylight,2/6/2025,2025-02-06,N,11.49,F,N,,,A3A288DFD92D09667EC76D0415EC08BB4DEEC93FF1C45C81E6F8FBB1BC3A33D1,US,01,No,,,,,09,Wet,,,,,,,,
Property Damage Crashes,MSP77780071,Maryland State Police,Single Vehicle,Prince George's,Interstate,No,No,No,No,No,RAMP 8 FR IS 95 SB TO MD 214 WB,95,RAMP,No,True,No,1/8/2025,No,Point,38.894820258,-76.848496952,MSP,101,16,03,No,20,,20:57,2025,Wednesday,07,Overturn/Rollover,07,"On Shoulder, Right Side",1,,,,,,04,Entrance/Exit Ramp or Related,04,Dark - Not Lighted,1/8/2025,2025-01-08,S,37.74,F,N,,,275792B2F35B39B01306DB64C6C533431469FC7F7AA902055EA2EF920DC50C49,RP,01,No,,,,,09,Wet,,,,,,,,
Injury Crashes,HB05270002,Maryland-National Capital Park Police Prince George's County,Front to Rear,Prince George's,Local,No,No,No,No,No,BUSINESS PKWY,4897,COUNTY ROAD,No,True,No,2/4/2025,No,Point,38.955074540,-76.832499271,PGPARK,03,16,02,No,6,,06:34,2025,Tuesday,12,Motor Vehicle In Transport,05,On Roadway,7,,,,,,06,Non-Junction,100,Dawn,2/4/2025,2025-02-04,E,875.95,F,N,,,0168A73052890554741CB98DAEA29A1C67CC9701D199AF7E453B49448D5914D9,CO,01,No,97,Not Applicable,,,01,Dry,,,,,,,,
Property Damage Crashes,CE450600P1,Laurel Police Department,Single Vehicle,Prince George's,,Yes,No,No,No,Yes,,,,No,True,No,3/10/2025,No,Point,39.076761058,-76.869227933,LAUREL,101,16,03,,16,,16:58,2025,Monday,36,"Other Post, Pole, Or Support",02,In Parking Lane Or Zone,,,,,,,,,01,Daylight,3/10/2025,2025-03-10,,,F,N,102,Parking Lot Way,,,01,No,,,,,,,,,,,,,,
Property Damage Crashes,DA4302002Y,Prince George's County Police,Single Vehicle,Prince George's,,No,No,No,No,Yes,,,,No,True,No,5/9/2025,No,Point,38.817175900,-76.747774511,PGCOPD,101,16,03,,13,,13:57,2025,Friday,35,"Other Fixed Object (wall, building, tunnel, etc.)",99,Unknown,,,,,,,,,01,Daylight,5/9/2025,2025-05-09,,,F,N,102,Parking Lot Way,,,01,No,,,,,,,,,,,,,,
Property Damage Crashes,CNC3184002D,New Carrollton Police Department,"Sideswipe, Same Direction",Prince George's,Major Collector,No,No,No,No,No,RIVERDALE RD,302,COUNTY ROAD,No,True,No,5/30/2025,No,Point,38.960366427,-76.880240813,NCPD,07,16,03,Yes,7,,07:44,2025,Friday,12,Motor Vehicle In Transport,05,On Roadway,5,,,,,,03,Driveway Access or Related,01,Daylight,5/30/2025,2025-05-30,W,41.3,F,N,,,D8BA44D982F54D98A306E659488A6C97BFDC2BF24DF56787F2B20979D1B66545,CO,01,No,,,,,01,Dry,,,,,,,,
Property Damage Crashes,DA44300012,Prince George's County Police,Angle,Prince George's,Principal Arterial – Other,No,Yes,No,No,No,MARTIN LUTHER KING JR HWY (WB/L),704,MARYLAND ROUTE,No,True,No,5/11/2025,No,Point,38.911352130,-76.890214361,PGCOPD,01,16,03,No,23,,23:30,2025,Sunday,12,Motor Vehicle In Transport,05,On Roadway,3,,,,,,09,Through Roadway,03,Dark - Lighted,5/11/2025,2025-05-11,N,29.16,F,N,,,DCBAC2951F4790EDD735FE5CB58A228DDCDCB11082801196D293A10DE5133C3E,MD,01,No,,,,,01,Dry,,,,,,,,
Injury Crashes,MSP726800GX,Maryland State Police,Angle,Prince George's,Principal Arterial – Other,No,No,No,No,No,PENNSYLVANIA AVE (SB/L),4,MARYLAND ROUTE,No,True,No,1/14/2025,No,Point,38.820441777,-76.847827720,MSP,01,16,02,No,8,,08:45,2025,Tuesday,12,Motor Vehicle In Transport,05,On Roadway,3,,,,,,06,Non-Junction,01,Daylight,1/14/2025,2025-01-14,S,53.12,F,N,,,5B7BCCC750D4457CB2F2C3B53867225751006F36094ADF9AC1186DDE116D16E2,MD,01,No,12,Motor Vehicle In Transport,05,On Roadway,01,Dry,,,,,,,,
Property Damage Crashes,DA43280035,Prince George's County Police,"Sideswipe, Same Direction",Prince George's,Minor Arterial,No,No,No,No,No,PALMER RD,3645,COUNTY ROAD,No,True,No,2/3/2025,No,Point,38.766241738,-76.993697802,PGCOPD,07,16,03,No,7,,07:13,2025,Monday,12,Motor Vehicle In Transport,05,On Roadway,4,,,,,,06,Non-Junction,01,Daylight,2/3/2025,2025-02-03,E,12.66,F,N,,,C2481421C2093EA85712E575837C4BDDB2094CB4F114DC3F0305E985E63E4496,CO,01,No,,,,,01,Dry,,,,,,,,
Injury Crashes,MSP7765007X,Maryland State Police,Front to Rear,Prince George's,Principal Arterial – Other Freeways and Expressways,No,No,No,No,No,RAMP 5 FR MD 5 SB TO MD 5L EB,5,RAMP,No,True,No,4/29/2025,No,Point,38.783051569,-76.894980933,MSP,03,16,02,No,21,,21:12,2025,Tuesday,12,Motor Vehicle In Transport,05,On Roadway,2,,,,,,04,Entrance/Exit Ramp or Related,03,Dark - Lighted,4/29/2025,2025-04-29,S,23.27,F,N,,,C98FE13802BE0A5050D4E1511D5C286A59532EA5D3617DC947CB81653FE60432,RP,01,No,,,,,01,Dry,,,,,,,,
Property Damage Crashes,MSP77650072,Maryland State Police,Front to Rear,Prince George's,Interstate,Yes,Yes,No,No,No,CAPITAL BELTWAY (NB LOCAL),95,INTERSTATE ROUTE,No,True,No,3/20/2025,No,Point,38.793337517,-77.020782418,MSP,03,16,03,No,1,,01:44,2025,Thursday,12,Motor Vehicle In Transport,03,Median,1,,,,,,09,Through Roadway,03,Dark - Lighted,3/20/2025,2025-03-20,S,24.94,F,N,,,DCEBF5DB1F7C63C30D3DB8412F56ACC7AD4025B7E51F5CFE99D00497FFB0D73E,IS,01,No,,,,,01,Dry,,,,,,,,
Property Damage Crashes,DA333600GH,Prince George's County Police,Single Vehicle,Prince George's,Minor Arterial,No,No,No,No,No,BRANDYWINE RD,599,COUNTY ROAD,No,True,No,4/7/2025,No,Point,38.712104976,-76.884991628,PGCOPD,101,16,03,No,10,,10:57,2025,Monday,30,Fence,08,Outside Road/Right-Of-Way,4,,,,,,06,Non-Junction,01,Daylight,4/7/2025,2025-04-07,S,49.14,F,N,,,643A79A6D0355B887C1D7466A8ACB6C2347FF4ABF1EEB40C85A10075BED09517,CO,01,No,40,Tree (standing),08,Outside Road/Right-Of-Way,09,Wet,,,,,,,,
Property Damage Crashes,DA4318004P,Prince George's County Police,Front to Rear,Prince George's,,No,No,No,No,No,,67,SPUR,No,True,No,5/15/2025,No,Point,38.825814820,-76.924402646,PGCOPD,03,16,03,No,18,,18:36,2025,Thursday,12,Motor Vehicle In Transport,05,On Roadway,,,,,,,09,Through Roadway,01,Daylight,5/15/2025,2025-05-15,W,30.32,F,N,,,9078D8277483A4E944A2F560B19B14ABEA37AF552EE920E117719BF506E41B88,SP,01,No,,,,,01,Dry,,,,,,,,
Property Damage Crashes,CE4862004N,Laurel Police Department,Front to Rear,Prince George's,Principal Arterial – Other,No,No,No,No,No,WASHINGTON BLVD (SB/L),1,UNITED STATE ROUTE,No,True,No,3/4/2025,No,Point,39.094817983,-76.853657610,LAUREL,03,16,03,No,20,,20:03,2025,Tuesday,12,Motor Vehicle In Transport,05,On Roadway,3,,,,,,06,Non-Junction,03,Dark - Lighted,3/4/2025,2025-03-04,S,26.31,F,N,,,417F6F704EF28A74B7BDA6F40B1CE503E28962507CCB768D07DCA6F4FB64075D,US,01,No,,,,,01,Dry,,,,,,,,
Property Damage Crashes,CE5155001P,Laurel Police Department,Other,Prince George's,Minor Arterial,No,No,No,No,No,SEVENTH ST,216,MARYLAND ROUTE,No,True,No,5/1/2025,No,Point,39.102291015,-76.855927747,LAUREL,98,16,03,No,6,,06:30,2025,Thursday,12,Motor Vehicle In Transport,05,On Roadway,4,,,,,,09,Through Roadway,01,Daylight,5/1/2025,2025-05-01,N,47.58,F,N,,,78B0A03870B95CF31912586A9BD441024B62CB477BE55C5E707FC10DBD24AAB7,MD,01,No,,,,,01,Dry,,,,,,,,
Injury Crashes,CBPD0048008M,Bowie Police Department,Single Vehicle,Prince George's,,Yes,No,No,No,No,RACE TRACK RD (WB/L),49,COUNTY ROAD,No,True,No,3/13/2025,No,Point,39.006978597,-76.764921434,BOWIE,101,16,02,No,2,,02:42,2025,Thursday,29,Embankment,01,Gore,,,,,,,99,Unknown,03,Dark - Lighted,3/13/2025,2025-03-13,W,44.63,F,N,,,6C2CB3DFA0A326447AA3015B367E7268987B132F01DE4535A7CDF56B44DF7015,CO,01,No,13,Other Non-Fixed Object,04,"Off-Roadway, Location Unknown",01,Dry,,,,,,,,
Property Damage Crashes,MSP77650081,Maryland State Police,Angle,Prince George's,Local,No,No,No,No,No,ST MICHAELS DR,4719,COUNTY ROAD,No,True,No,5/2/2025,No,Point,38.899118,-76.79955,MSP,01,16,03,No,17,03,17:56,2025,Friday,12,Motor Vehicle In Transport,05,On Roadway,7,Perpendicular,,,CENTRAL AVE (WB/L),03,05,Intersection or Related,01,Daylight,5/2/2025,2025-05-02,S,0,F,N,,,FF19FA13E7FD5A8907C4709459FADD10E5838A70835B05B776571525FBB391D9,CO,01,No,,,,,01,Dry,04,Yield,,,,,,
Property Damage Crashes,DA3835006R,Prince George's County Police,Angle,Prince George's,Local,No,No,No,No,No,COMET DR,3117,COUNTY ROAD,No,True,No,2/9/2025,No,Point,38.7791181,-76.9478808,PGCOPD,01,16,03,No,20,,20:44,2025,Sunday,12,Motor Vehicle In Transport,09,Roadside,7,,,,,,06,Non-Junction,03,Dark - Lighted,2/9/2025,2025-02-09,S,68.84,F,N,,,280E736A2B7B3FC297BD7120BA718FAED84A9CEB00322F42E4172AC5F8C386AE,CO,01,No,15,Parked Vehicle,09,Roadside,01,Dry,,,,,,,,
Property Damage Crashes,MSP732800JV,Maryland State Police,"Sideswipe, Same Direction",Prince George's,Interstate,No,No,No,No,No,JOHN HANSON HWY (WB/L),595,INTERSTATE ROUTE,No,True,No,1/10/2025,No,Point,38.947332276,-76.834946745,MSP,07,16,03,No,15,,15:34,2025,Friday,12,Motor Vehicle In Transport,05,On Roadway,1,,101,State,,,06,Non-Junction,01,Daylight,1/10/2025,2025-01-10,W,19.87,F,N,,,4763FF33ECF2AF4C478097AEB2295B9B1445A43F118CB92655182574821B6FAB,IS,01,No,25,Concrete Traffic Barrier,03,Median,01,Dry,,,,,,,,
Property Damage Crashes,DJ0129002W,Seat Pleasant Police Department,Single Vehicle,Prince George's,,No,No,No,No,Yes,,,,No,True,No,5/10/2025,No,Point,38.900206359,-76.901770836,SEATPLEASANT,101,16,03,,7,,07:31,2025,Saturday,30,Fence,99,Unknown,,,,,,,,,01,Daylight,5/10/2025,2025-05-10,,,F,N,106,Driveway,,,01,No,97,Not Applicable,,,,,,,,,,,,
Property Damage Crashes,CE4906002N,Laurel Police Department,Single Vehicle,Prince George's,Major Collector,No,No,No,No,No,VAN DUSEN RD,415,MUNICIPAL ROAD,No,True,No,1/6/2025,No,Point,39.090078413,-76.876270967,LAUREL,101,16,03,No,2,,02:18,2025,Monday,32,Guardrail Face,06,"On Shoulder, Left Side",5,,,,,,06,Non-Junction,03,Dark - Lighted,1/6/2025,2025-01-06,S,5.5,F,N,,,42E4C11C8E8C8DB9D807F87B5ECD05CC3CD2F7FB636F6FC888BEAB0E1F5D806C,MU,01,No,,,,,07,Snow,,,,,,,,