Crash Severity Description,Reportnumber,Agencyname,CollisionImpact Description,Crash County Description,FunctionalClass Description,ImpairedCrash,Large Vehicle Involved,Motorcycle Crash,Non-Motorist Crash,OffRoad,RoadName,Route Number,RouteType Description,Unrestrained Occupants,WithinDateRange,Work Zone Related,Crashdate,Work Zone Crash,CrashPoint,Latitude,Longitude,AgencyCode,CollisionImpact,Crash County,Crash Severity,Crash Within Interchange,Crashhour,CrashInterchangeApproaches,Crashtime,CrashYear,Dayofweek,FirstHarmEvent,FirstHarmEvent Description,FirstHarmLocation,FirstHarmLocation Description,FunctionalClass,Geometry Description,GovPropertyDamage,GovPropertyDamage Description,IntersectingRoadName,Intersection Geometry,JunctionRelated,JunctionRelated Description,Light,Light Description,LOD Crash Date,LOD Date Level,MilepointDirection,MilepointDistance,MilepointUnits,NonTrafficFatal,OffroadLocation,OffroadLocation Description,RoadID,RouteType,SchoolBusRelated,SchoolBusRelated Description,SecondHarmEvent,SecondHarmEvent Description,SecondHarmLocation,SecondHarmLocation Description,Surface,Surface Description,TrafficControl,Trafficcontrol Description,WZLawEnforcementPresent,WZLocation,WZLocation Description,WZType,WZType Description,WZWorkersPresent
Property Damage Crashes,DA4276007H,Prince George's County Police,"Sideswipe, Same Direction",Prince George's,Local,No,No,No,No,No,PINEBROOK AVE (NB/L),687,COUNTY ROAD,No,True,No,3/24/2025,No,Point,38.925595530,-76.891385962,PGCOPD,07,16,03,No,0,,00:01,2025,Monday,12,Motor Vehicle In Transport,05,On Roadway,7,,,,,,06,Non-Junction,03,Dark - Lighted,3/24/2025,2025-03-24,N,32.18,F,N,,,F3ED55BBB89799E51B87EAB1C4FB407D50BBBD347B4B3270E32E637BAEC8D424,CO,01,No,,,,,01,Dry,,,,,,,,
Injury Crashes,MSP78390030,Maryland State Police,Single Vehicle,Prince George's,Interstate,Yes,No,No,No,No,RAMP 7 FR IS 95 WB TO FORESTVILLE RD SB,95,RAMP,No,True,No,3/9/2025,No,Point,38.826911667,-76.879818333,MSP,101,16,02,No,3,,03:55,2025,Sunday,40,Tree (standing),09,Roadside,1,,,,,,06,Non-Junction,04,Dark - Not Lighted,3/9/2025,2025-03-09,N,10.28,F,N,,,4D98CC5EE28D4C466F4E626528D5D721CEA893562C996052D9EEBD702648AFC6,RP,01,No,,,,,01,Dry,,,,,,,,
Property Damage Crashes,BP9424003N,Forest Heights Police Department,Front to Rear,Prince George's,Local,No,No,No,No,No,AUDREY LA (NB/L),660,COUNTY ROAD,No,True,No,2/16/2025,No,Point,38.818704127,-76.999578310,FORESTHEIGHTS,03,16,03,Yes,20,03,20:52,2025,Sunday,12,Motor Vehicle In Transport,05,On Roadway,7,Perpendicular,,,INDIAN HEAD HWY,03,05,Intersection or Related,03,Dark - Lighted,2/16/2025,2025-02-16,N,0,F,N,,,E05EAFED6AD5002795B5BB140DC4EA74AA1418386630AA5238B6D49BDAFDB830,CO,01,No,12,Motor Vehicle In Transport,05,On Roadway,01,Dry,03,Stop - Partial,,,,,,
Property Damage Crashes,MSP78390061,Maryland State Police,Front to Rear,Prince George's,Interstate,No,No,No,No,No,CAPITAL BELTWAY,95,INTERSTATE ROUTE,No,True,No,5/29/2025,No,Point,38.927236667,-76.854098333,MSP,03,16,03,No,0,,00:23,2025,Thursday,12,Motor Vehicle In Transport,05,On Roadway,1,,,,,,06,Non-Junction,04,Dark - Not Lighted,5/29/2025,2025-05-29,E,25.89,F,N,,,F0DFA1EC335AA4C9CBD01C79D6C0A047884095201B468BE8B6CA83660CEC9987,IS,01,No,,,,,09,Wet,,,,,,,,
Injury Crashes,MSP76640091,Maryland State Police,Front to Rear,Prince George's,Principal Arterial – Other,No,No,No,No,No,BRANCH AVE,5,MARYLAND ROUTE,No,True,No,2/21/2025,No,Point,38.700001328,-76.874835972,MSP,03,16,02,No,10,,10:35,2025,Friday,12,Motor Vehicle In Transport,05,On Roadway,3,,,,,,09,Through Roadway,01,Daylight,2/21/2025,2025-02-21,W,12.06,F,N,,,EBBF3A7C11E6E2B04EE5133A0173BD3F512FA245780843D1CACA682A15642506,MD,01,No,,,,,01,Dry,,,,,,,,
Property Damage Crashes,CE52400034,Laurel Police Department,"Sideswipe, Same Direction",Prince George's,,No,No,No,No,Yes,,,,No,True,No,5/20/2025,No,Point,39.107684,-76.8569134,LAUREL,07,16,03,,14,,14:53,2025,Tuesday,15,Parked Vehicle,01,Gore,,,,,,,,,01,Daylight,5/20/2025,2025-05-20,,,F,N,102,Parking Lot Way,,,01,No,,,,,,,,,,,,,,
Property Damage Crashes,DA3918000P,Prince George's County Police,Front to Rear,Prince George's,Local,No,No,No,No,No,CROOM STATION RD,108,COUNTY ROAD,No,True,No,4/1/2025,No,Point,38.797278191,-76.761399841,PGCOPD,03,16,03,No,14,,14:50,2025,Tuesday,12,Motor Vehicle In Transport,05,On Roadway,7,,,,,,06,Non-Junction,01,Daylight,4/1/2025,2025-04-01,N,53.58,F,N,,,5479C13E03C99D0528C1BDD53E7474502EA98F426B2FB1FB4EB461F565123EE5,CO,01,No,,,,,01,Dry,,,,,,,,
Property Damage Crashes,BW02240009,Greenbelt Police Department,Unknown,Prince George's,,No,No,No,No,Yes,,,,No,True,No,4/25/2025,No,Point,38.993097243,-76.879680628,GREENBELT,99,16,03,,15,,15:25,2025,Friday,15,Parked Vehicle,02,In Parking Lane Or Zone,,,,,,,,,01,Daylight,4/25/2025,2025-04-25,,,F,N,100,Parking Stall,,,01,No,,,,,,,,,,,,,,
Injury Crashes,DA44370007,Prince George's County Police,Angle,Prince George's,Principal Arterial – Other,No,No,Yes,No,No,ST BARNABAS RD,414,MARYLAND ROUTE,No,True,No,5/21/2025,No,Point,38.821954257,-76.955052929,PGCOPD,01,16,02,No,21,,21:53,2025,Wednesday,12,Motor Vehicle In Transport,05,On Roadway,3,,,,,,09,Through Roadway,03,Dark - Lighted,5/21/2025,2025-05-21,S,10.15,F,N,,,CC7E0EADC31DA4A15DED5D83507D833E87437CB336ED3AA572F2D14AEBFB3CEF,MD,01,No,,,,,09,Wet,,,,,,,,
Property Damage Crashes,DA3372003J,Prince George's County Police,"Sideswipe, Same Direction",Prince George's,Minor Arterial,No,Yes,No,No,No,LIVINGSTON RD,1203,COUNTY ROAD,No,True,No,1/18/2025,No,Point,38.801599400,-76.987022123,PGCOPD,07,16,03,No,13,,13:28,2025,Saturday,12,Motor Vehicle In Transport,05,On Roadway,4,,,,BOCK RD,,06,Non-Junction,01,Daylight,1/18/2025,2025-01-18,S,11.44,F,N,,,290018B67C2CC6809FDDC597AA5D56A8BF803D825E98366FD817798E89C286F5,CO,01,No,,,,,01,Dry,,,,,,,,
Property Damage Crashes,MSP744200Q8,Maryland State Police,Front to Rear,Prince George's,Interstate,No,No,No,No,No,CAPITAL BELTWAY,95,INTERSTATE ROUTE,No,True,No,1/13/2025,No,Point,38.956401407,-76.864291791,MSP,03,16,03,No,7,,07:23,2025,Monday,12,Motor Vehicle In Transport,05,On Roadway,1,,,,,,09,Through Roadway,01,Daylight,1/13/2025,2025-01-13,N,19.15,F,N,,,4D85928315326E34193CFF6B44CC9E796AEC458F47926462134CA311B9FC6E59,IS,01,No,12,Motor Vehicle In Transport,05,On Roadway,01,Dry,,,,,,,,
Property Damage Crashes,MSP732800KH,Maryland State Police,Front to Rear,Prince George's,Interstate,No,No,No,No,No,CAPITAL BELTWAY,95,INTERSTATE ROUTE,No,True,No,2/4/2025,No,Point,39.011332657,-76.902952458,MSP,03,16,03,No,17,,17:25,2025,Tuesday,12,Motor Vehicle In Transport,05,On Roadway,1,,,,,,06,Non-Junction,01,Daylight,2/4/2025,2025-02-04,S,17.5,F,N,,,57212F7C638F251794742CBA0B7C43A6178CDA66A04C987BEAC25053884AD807,IS,01,No,,,,,01,Dry,,,,,,,,
Property Damage Crashes,DA399100BN,Prince George's County Police,Front to Rear,Prince George's,Major Collector,No,No,No,No,No,D ARCY RD,89,COUNTY ROAD,No,True,No,5/16/2025,No,Point,38.851265735,-76.845975861,PGCOPD,03,16,03,Yes,10,,10:02,2025,Friday,12,Motor Vehicle In Transport,05,On Roadway,5,,,,,,09,Through Roadway,01,Daylight,5/16/2025,2025-05-16,S,40.71,F,N,,,E736F267F1334215D45C772A525F5B52EEF2587FBCEC7C86D10D24CF6B29BF55,CO,01,No,,,,,01,Dry,,,,,,,,
Injury Crashes,DA3594003N,Prince George's County Police,Front to Rear,Prince George's,Principal Arterial – Other,No,No,No,No,No,CRAIN HWY (SB/L),301,UNITED STATE ROUTE,No,True,No,3/13/2025,No,Point,38.810365329,-76.739991464,PGCOPD,03,16,02,No,9,,09:26,2025,Thursday,12,Motor Vehicle In Transport,02,In Parking Lane Or Zone,3,,,,,,03,Driveway Access or Related,01,Daylight,3/13/2025,2025-03-13,N,0,F,N,,,356649DC5D4ABE2B82F1ADC9AFE77C4ABC8F49772B99EE0D48E6F4ECAD402056,US,01,No,,,,,09,Wet,,,,,,,,
Property Damage Crashes,DA338900BR,Prince George's County Police,Front to Rear,Prince George's,Principal Arterial – Other,No,No,No,No,No,BRANCH AVE (SB/L),5,MARYLAND ROUTE,No,True,No,2/9/2025,No,Point,38.840078889,-76.947119289,PGCOPD,03,16,03,No,18,,18:23,2025,Sunday,12,Motor Vehicle In Transport,05,On Roadway,3,,,,,,09,Through Roadway,03,Dark - Lighted,2/9/2025,2025-02-09,E,4.15,F,N,,,0ACB89E2F24A1CBB93549FA354F0F5ED1D00ACA6077DFC6ADB58A58AFFB4F954,MD,01,No,12,Motor Vehicle In Transport,05,On Roadway,01,Dry,,,,,,,,
Fatal Crashes,MSP7770006N,Maryland State Police,Single Vehicle,Prince George's,Principal Arterial – Other,No,No,No,No,No,CRAIN HWY (SB/L),301,UNITED STATE ROUTE,No,True,No,2/20/2025,No,Point,38.761521667,-76.807545,MSP,101,16,01,No,23,,23:04,2025,Thursday,28,Ditch,09,Roadside,3,,101,State,,,06,Non-Junction,03,Dark - Lighted,2/20/2025,2025-02-20,S,25.75,F,N,,,5D27EE3B99D6BE73CBD2AADD6E15E507531EB7307230FBC2A1E98204B4465FEA,US,01,No,07,Overturn/Rollover,03,Median,01,Dry,,,,,,,,
Property Damage Crashes,MSP78720046,Maryland State Police,"Sideswipe, Same Direction",Prince George's,Interstate,No,No,No,No,No,CAPITAL BELTWAY,95,INTERSTATE ROUTE,No,True,No,5/11/2025,No,Point,38.819750317,-76.925874254,MSP,07,16,03,Yes,18,,18:44,2025,Sunday,12,Motor Vehicle In Transport,05,On Roadway,1,,,,,,09,Through Roadway,01,Daylight,5/11/2025,2025-05-11,W,46.05,F,N,,,BCC40CD06FC9612C8F1B87C2C3EF06F495A6AA6FC23FDC451700436089499E13,IS,01,No,,,,,01,Dry,,,,,,,,
Property Damage Crashes,DA42570044,Prince George's County Police,Angle,Prince George's,Local,Yes,No,No,No,No,LEXINGTON AVE,1526,COUNTY ROAD,No,True,No,1/2/2025,No,Point,39.043832079,-76.908839394,PGCOPD,01,16,03,No,0,,00:48,2025,Thursday,15,Parked Vehicle,05,On Roadway,7,,,,,,06,Non-Junction,03,Dark - Lighted,1/2/2025,2025-01-02,W,3.75,F,N,,,BCA634985231BA7B572725EE986183A10DA8E3AD38A0A4D64E57536BE55160FE,CO,01,No,,,,,01,Dry,,,,,,,,
Property Damage Crashes,DA4347001N,Prince George's County Police,"Sideswipe, Same Direction",Prince George's,Principal Arterial – Other Freeways and Expressways,No,No,Yes,No,No,INDIAN HEAD HWY,210,MARYLAND ROUTE,No,True,No,5/20/2025,No,Point,38.794121119,-76.998510924,PGCOPD,07,16,03,No,7,,07:16,2025,Tuesday,12,Motor Vehicle In Transport,09,Roadside,2,,,,,,99,Unknown,01,Daylight,5/20/2025,2025-05-20,W,12.41,F,N,,,407704873F49E6C31CB5F9304CFD5B3FC03EFCD49DEEE11B7D5F49E96F3A8F56,MD,01,No,,,,,01,Dry,,,,,,,,
Property Damage Crashes,DA4417000S,Prince George's County Police,Rear To Side,Prince George's,,No,Yes,No,No,No,,809,CROSSOVER,Yes,True,No,4/1/2025,No,Point,38.823836172,-76.911775844,PGCOPD,05,16,03,Yes,7,,07:36,2025,Tuesday,12,Motor Vehicle In Transport,05,On Roadway,,,,,AUTH RD (EB/L),,10,"Other Location Not Listed Above Within an Interchange Area (median,
shoulder and roadside)",01,Daylight,4/1/2025,2025-04-01,W,27.3,F,N,,,B3BE1FC5BF33A29697CD3FAB37B54D830E31CAF4205060FB812CCB488880D209,XO,02,"Yes, School Bus Directly Involved",,,,,01,Dry,,,,,,,,
Injury Crashes,MSP7871002P,Maryland State Police,"Sideswipe, Same Direction",Prince George's,Interstate,No,No,No,No,No,CAPITAL BELTWAY,495,INTERSTATE ROUTE,No,True,No,3/10/2025,No,Point,39.021129602,-76.946432454,MSP,07,16,02,No,14,,14:42,2025,Monday,12,Motor Vehicle In Transport,05,On Roadway,1,,,,,,09,Through Roadway,01,Daylight,3/10/2025,2025-03-10,S,17.59,F,N,,,CBE159FD10F9120E41D50C52FCF1CE06A5F9990EEC4409ABB4C33084FE631688,IS,01,No,40,Tree (standing),04,"Off-Roadway, Location Unknown",01,Dry,,,,,,,,
Property Damage Crashes,DA3539001P,Prince George's County Police,Single Vehicle,Prince George's,Minor Arterial,No,No,No,No,No,BRANDYWINE RD,599,COUNTY ROAD,No,True,No,4/4/2025,No,Point,38.740227405,-76.895190133,PGCOPD,101,16,03,No,1,,01:39,2025,Friday,41,Utility Pole/Light Support,09,Roadside,4,,100,Local,,,09,Through Roadway,03,Dark - Lighted,4/4/2025,2025-04-04,E,12.6,F,N,,,53F506A8282B2DF19FAC8283EFFE1D4DE88E3ADDB52A94B219E2D450248CDEAE,CO,01,No,,,,,01,Dry,,,,,,,,
Property Damage Crashes,RD0130004N,Riverdale Park Police Department,Rear To Side,Prince George's,,No,No,No,No,Yes,,,,No,True,No,2/23/2025,No,Point,38.958191933,-76.921345421,RIVERDALE,05,16,03,,16,,16:09,2025,Sunday,12,Motor Vehicle In Transport,02,In Parking Lane Or Zone,,,,,,,,,01,Daylight,2/23/2025,2025-02-23,,,F,N,101,Parking Aisle,,,01,No,12,Motor Vehicle In Transport,02,In Parking Lane Or Zone,,,,,,,,,,
Property Damage Crashes,DA4361001V,Prince George's County Police,Front to Front,Prince George's,Local,No,No,No,No,No,ALICE AVE,3047,COUNTY ROAD,No,True,No,3/28/2025,No,Point,38.811135072,-76.968627620,PGCOPD,02,16,03,Yes,4,04,04:05,2025,Friday,12,Motor Vehicle In Transport,05,On Roadway,7,Perpendicular,,,VIRGINIA LA,03,05,Intersection or Related,03,Dark - Lighted,3/28/2025,2025-03-28,N,0,F,N,,,5DDC774AB55D508AF5AD62DB7D9786EA28F5D87406D823E8D5C6C5FD916C42FD,CO,01,No,,,,,01,Dry,03,Stop - Partial,,,,,,
Property Damage Crashes,DA4422000G,Prince George's County Police,Front to Rear,Prince George's,Local,No,No,No,No,No,COOL SPRING RD,252,COUNTY ROAD,No,True,No,2/13/2025,No,Point,38.990151675,-76.962820033,PGCOPD,03,16,03,No,9,,09:03,2025,Thursday,12,Motor Vehicle In Transport,05,On Roadway,7,,,,,,09,Through Roadway,01,Daylight,2/13/2025,2025-02-13,N,58.5,F,N,,,05C91A0594E2DDE67C400DAAB7BD7DCD67790B21C22A6A84AAC139EE4F08EEA0,CO,01,No,,,,,09,Wet,,,,,,,,
Property Damage Crashes,DA42760075,Prince George's County Police,"Sideswipe, Same Direction",Prince George's,Minor Arterial,No,Yes,No,No,No,RITCHIE RD,87,COUNTY ROAD,No,True,No,2/4/2025,No,Point,38.884344924,-76.860369793,PGCOPD,07,16,03,No,10,,10:15,2025,Tuesday,12,Motor Vehicle In Transport,05,On Roadway,4,,,,,,06,Non-Junction,01,Daylight,2/4/2025,2025-02-04,S,47.8,F,N,,,0CDC8DC0EE25EADA38B945F07F6E2036DE121EA930ABE3B3EC9F3174EEF667D1,CO,01,No,,,,,01,Dry,,,,,,,,
Injury Crashes,DA364800CB,Prince George's County Police,Angle,Prince George's,Local,No,No,No,No,No,FALLS LAKE DR,5822,COUNTY ROAD,No,True,No,2/26/2025,No,Point,38.904653691,-76.830906606,PGCOPD,01,16,02,Yes,12,,12:00,2025,Wednesday,12,Motor Vehicle In Transport,05,On Roadway,7,,,,,,02,Crossover-Related,01,Daylight,2/26/2025,2025-02-26,N,11.24,F,N,,,A1E3F7FF3BAFA07DB5776A42665DEAD4063C5B4A9BADB18103F4CC608FFD2A09,CO,01,No,,,,,01,Dry,,,,,,,,
Property Damage Crashes,MSP743900M6,Maryland State Police,Front to Rear,Prince George's,Interstate,No,No,No,No,No,IS 95 NB CD LANE FR MD 200 TO MD 198,95,INTERSTATE ROUTE,No,True,No,1/26/2025,No,Point,39.091390729,-76.891886947,MSP,03,16,03,No,20,,20:05,2025,Sunday,12,Motor Vehicle In Transport,05,On Roadway,1,,101,State,,,09,Through Roadway,03,Dark - Lighted,1/26/2025,2025-01-26,N,27.54,F,N,,,6CD55CCA0375962CCEF2804EA04EA5F3A8D6113A974C5A1BC7AD170274F4CB47,IS,01,No,,,,,01,Dry,,,,,,,,
Property Damage Crashes,DA4431000K,Prince George's County Police,"Sideswipe, Opposite Direction",Prince George's,Minor Arterial,No,Yes,No,No,No,RIGGS RD,212,MARYLAND ROUTE,No,True,No,2/19/2025,No,Point,38.990054542,-76.973865585,PGCOPD,06,16,03,No,7,,07:00,2025,Wednesday,12,Motor Vehicle In Transport,05,On Roadway,4,,,,MERRIMACK DR,,06,Non-Junction,01,Daylight,2/19/2025,2025-02-19,W,13.13,F,N,,,4DE0016E07C1F462DE841FBCA0EF51BC530690CE272F7D4C0BCA3EF89CE4662C,MD,02,"Yes, School Bus Directly Involved",,,,,01,Dry,,,,,,,,
Property Damage Crashes,DS0524000D,University of Maryland Police College Park,Angle,Prince George's,Local,No,Yes,No,No,No,STADIUM DR,165,STATE ROAD,No,True,No,2/24/2025,No,Point,38.991517602,-76.949724732,UMCP,01,16,03,Yes,9,02,09:10,2025,Monday,12,Motor Vehicle In Transport,05,On Roadway,7,Roundabout/Traffic Circle,,,STADIUM DR,02,05,Intersection or Related,01,Daylight,2/24/2025,2025-02-24,N,0,F,N,,,4C89CCCDD86A7FCA345FE59C418A96E8D548EF9CE14D4F6E4D938225E03C846B,SR,01,No,,,,,01,Dry,05,No Controls,,,,,,
Property Damage Crashes,MSP744200SS,Maryland State Police,Front to Rear,Prince George's,Interstate,Yes,No,No,No,No,CAPITAL BELTWAY,95,INTERSTATE ROUTE,No,True,No,5/11/2025,No,Point,38.960612186,-76.866364213,MSP,03,16,03,No,1,,01:36,2025,Sunday,12,Motor Vehicle In Transport,05,On Roadway,1,,,,,,09,Through Roadway,04,Dark - Not Lighted,5/11/2025,2025-05-11,N,15.09,F,N,,,B2CDD39C1905E1CC499B5C3FCE064017C409CA9C098397E377D7969A071DDE02,IS,01,No,12,Motor Vehicle In Transport,05,On Roadway,01,Dry,,,,,,,,
Property Damage Crashes,AM03380021,Bladensburg Police Department,Front to Rear,Prince George's,Principal Arterial – Other,No,No,No,No,No,,450,MARYLAND ROUTE,Yes,True,No,3/24/2025,No,Point,38.939283,-76.933589,BLADENSBURG,03,16,03,No,14,,14:00,2025,Monday,12,Motor Vehicle In Transport,05,On Roadway,3,,,,,,99,Unknown,01,Daylight,3/24/2025,2025-03-24,N,70.8,F,N,,,9296AC29046A773A588DB4C9A096494E21BC0FB7FB7CAF17046F3B86C94D5B59,MD,01,No,,,,,01,Dry,,,,,,,,
Injury Crashes,MSP78750021,Maryland State Police,Single Vehicle,Prince George's,Interstate,No,No,No,No,No,CAPITAL BELTWAY (SB/L),95,INTERSTATE ROUTE,No,True,No,2/17/2025,No,Point,38.81914,-76.915795,MSP,101,16,02,No,18,,18:58,2025,Monday,05,Jackknife,05,On Roadway,1,,,,,,06,Non-Junction,04,Dark - Not Lighted,2/17/2025,2025-02-17,N,42.23,F,N,,,D6525E6D5E9871A5C4C3EED88FB0776F99A953F0E111850EDB8BC27ACFD68FB6,IS,01,No,,,,,01,Dry,,,,,,,,
Property Damage Crashes,DA4429000L,Prince George's County Police,Front to Front,Prince George's,Local,No,No,No,No,No,HEATH ST,374,COUNTY ROAD,Yes,True,No,4/9/2025,No,Point,38.875496806,-76.928166329,PGCOPD,02,16,03,No,20,,20:18,2025,Wednesday,12,Motor Vehicle In Transport,05,On Roadway,7,,,,CLOVIS AVE,,09,Through Roadway,03,Dark - Lighted,4/9/2025,2025-04-09,S,14.25,F,N,,,BA0ACAA2DE627A4876249FD5D7EE1407F777382CD8ADA6CACF0468E3943D390E,CO,01,No,,,,,01,Dry,,,,,,,,
Property Damage Crashes,DJ0183001K,Seat Pleasant Police Department,Rear To Side,Prince George's,Local,No,No,No,No,No,NORAIR AVE,4138,COUNTY ROAD,No,True,No,3/8/2025,No,Point,38.890052936,-76.859522551,SEATPLEASANT,05,16,03,No,17,04,17:40,2025,Saturday,12,Motor Vehicle In Transport,05,On Roadway,7,Angled/Skewed,,,CENTRAL AVE,01,05,Intersection or Related,01,Daylight,3/8/2025,2025-03-08,S,0,F,N,,,A2E4759A35804349FD7FF570B76DB9CA8445002E06AB0A80F6C1DDB71F555623,CO,01,No,,,,,01,Dry,01,Signalized,,,,,,
Property Damage Crashes,DA351500D7,Prince George's County Police,Front to Front,Prince George's,Local,No,No,No,No,No,CHADDS FORD DR,6554,COUNTY ROAD,No,True,No,4/9/2025,No,Point,38.676264560,-76.885887959,PGCOPD,02,16,03,No,7,,07:35,2025,Wednesday,12,Motor Vehicle In Transport,05,On Roadway,7,,,,,,06,Non-Junction,01,Daylight,4/9/2025,2025-04-09,W,46.55,F,N,,,D98BB89EDC023FA494C104EC59881CF0D892493C79B17F76D3394E07A4FBCA1A,CO,01,No,12,Motor Vehicle In Transport,05,On Roadway,01,Dry,,,,,,,,
Property Damage Crashes,MSP585801G5,Maryland State Police,"Sideswipe, Same Direction",Prince George's,Interstate,No,No,No,No,No,CAPITAL BELTWAY,95,INTERSTATE ROUTE,No,True,No,2/28/2025,No,Point,38.844797714,-76.862949270,MSP,07,16,03,No,12,,12:52,2025,Friday,12,Motor Vehicle In Transport,05,On Roadway,1,,,,,,09,Through Roadway,01,Daylight,2/28/2025,2025-02-28,N,13.23,F,N,,,FD296336D882395FD5085C2C925F2A23244706674BA131BE0CECDDC2972E82BC,IS,01,No,,,,,01,Dry,,,,,,,,
Property Damage Crashes,MSP76570082,Maryland State Police,Single Vehicle,Prince George's,Principal Arterial – Other,No,No,No,No,No,CENTRAL AVE,214,MARYLAND ROUTE,No,True,No,4/30/2025,No,Point,38.899304483,-76.795571133,MSP,101,16,03,No,6,,06:53,2025,Wednesday,40,Tree (standing),07,"On Shoulder, Right Side",3,,101,State,,,06,Non-Junction,01,Daylight,4/30/2025,2025-04-30,N,22.4,F,N,,,C44852FCF100AAB806593805DA913E9195F7465F5A87BD29B734C5B2675E79CC,MD,01,No,,,,,01,Dry,,,,,,,,
Property Damage Crashes,MSP585801H6,Maryland State Police,"Sideswipe, Same Direction",Prince George's,Interstate,No,No,No,No,No,CAPITAL BELTWAY,95,INTERSTATE ROUTE,No,True,No,4/24/2025,No,Point,38.927955884,-76.853893115,MSP,07,16,03,No,20,,20:13,2025,Thursday,12,Motor Vehicle In Transport,05,On Roadway,1,,,,,,09,Through Roadway,04,Dark - Not Lighted,4/24/2025,2025-04-24,W,59.73,F,N,,,B477F456E21A03F687A7F92B9B6F90B403BFC159D47CC4A3B4A68240850188EC,IS,01,No,32,Guardrail Face,09,Roadside,01,Dry,,,,,,,,
Property Damage Crashes,DA44200008,Prince George's County Police,Front to Rear,Prince George's,Local,No,No,No,No,No,CLOCKTOWER LA,4998,OTHER PUBLIC ROAD,No,True,No,1/10/2025,No,Point,39.050594541,-76.852516291,PGCOPD,03,16,03,No,9,,09:50,2025,Friday,12,Motor Vehicle In Transport,05,On Roadway,7,,,,,,06,Non-Junction,01,Daylight,1/10/2025,2025-01-10,W,23.21,F,N,,,A86F7C374ECABD1BC18216F20C6B45985001E1EF07CA57DAA5DB0FC5DC1BE202,OP,01,No,,,,,02,Ice/Frost,,,,,,,,
Property Damage Crashes,DA2720007F,Prince George's County Police,Front to Front,Prince George's,Local,No,No,No,No,No,FAIRLAWN ST,611,COUNTY ROAD,No,True,No,5/6/2025,No,Point,38.839119192,-76.955372625,PGCOPD,02,16,03,No,17,04,17:30,2025,Tuesday,12,Motor Vehicle In Transport,05,On Roadway,7,Perpendicular,,,26TH AVE,03,05,Intersection or Related,01,Daylight,5/6/2025,2025-05-06,S,0,F,N,,,4611A8A5204C9625596926D2F27EA522E464085CBD3A6B3C398E6D8AC415AF63,CO,01,No,,,,,01,Dry,02,Stop - All Way,,,,,,
Property Damage Crashes,MSP76570071,Maryland State Police,Front to Rear,Prince George's,Principal Arterial – Other,No,No,No,No,No,CRAIN HWY,301,UNITED STATE ROUTE,No,True,No,1/5/2025,No,Point,38.698918406,-76.868668620,MSP,03,16,03,No,14,,14:23,2025,Sunday,12,Motor Vehicle In Transport,05,On Roadway,3,,,,,,06,Non-Junction,01,Daylight,1/5/2025,2025-01-05,S,30.66,F,N,,,597B855CD342DBC2663D68ED6FA5225262EDCED7AA3A518412B97FA6D944032A,US,01,No,12,Motor Vehicle In Transport,05,On Roadway,01,Dry,,,,,,,,
Property Damage Crashes,DA4293004W,Prince George's County Police,Front to Rear,Prince George's,Principal Arterial – Other Freeways and Expressways,No,No,No,No,No,BALTIMORE WASHINGTON PKWY,295,MARYLAND ROUTE,No,True,No,3/4/2025,No,Point,38.926511085,-76.928314335,PGCOPD,03,16,03,No,5,,05:52,2025,Tuesday,12,Motor Vehicle In Transport,05,On Roadway,2,,,,,,06,Non-Junction,03,Dark - Lighted,3/4/2025,2025-03-04,N,48.77,F,N,,,60EA8F07C4532D35AD5D57B4BC4D97CB2BC20961FEAE2FAA37FD496EF269929D,MD,01,No,,,,,01,Dry,,,,,,,,
Property Damage Crashes,MSP7776006Z,Maryland State Police,"Sideswipe, Same Direction",Prince George's,Interstate,No,No,No,No,No,CAPITAL BELTWAY (WB/L),495,INTERSTATE ROUTE,No,True,No,5/27/2025,No,Point,39.018613428,-76.969496312,MSP,07,16,03,No,4,,04:46,2025,Tuesday,12,Motor Vehicle In Transport,05,On Roadway,1,,101,State,,,06,Non-Junction,03,Dark - Lighted,5/27/2025,2025-05-27,S,18.04,F,N,,,C4CB961CF2056AE3B85E35778D18C01022D5F168F69AD3259182B2675F8D3388,IS,01,No,,,,,01,Dry,,,,,,,,
Property Damage Crashes,DA4274007J,Prince George's County Police,Single Vehicle,Prince George's,Minor Arterial,No,No,No,No,No,LIVINGSTON RD,1202,COUNTY ROAD,No,True,No,4/24/2025,No,Point,38.724222307,-76.988701135,PGCOPD,101,16,03,No,21,,21:51,2025,Thursday,09,Animal (live),05,On Roadway,4,,,,,,06,Non-Junction,03,Dark - Lighted,4/24/2025,2025-04-24,E,90.5,F,N,,,2F0674D8B2F1B6621D8F52AA6515AB5C7881C9E060AAADB61961AE6F8AEA7512,CO,01,No,,,,,01,Dry,,,,,,,,
Injury Crashes,DA4135006M,Prince George's County Police,Other,Prince George's,Principal Arterial – Other Freeways and Expressways,No,No,No,No,No,EDMONSTON AVE (SB/L),201,MARYLAND ROUTE,No,True,No,6/1/2025,No,Point,39.031377069,-76.899745949,PGCOPD,98,16,02,No,0,04,00:12,2025,Sunday,12,Motor Vehicle In Transport,05,On Roadway,2,Angled/Skewed,,,EDMONSTON RD POWDER MILL RD,01,05,Intersection or Related,03,Dark - Lighted,6/1/2025,2025-06-01,E,0,F,N,,,D258B4E43DD26EC62BC5E6A9004333EA637C15C6C957BE90CD1B8E450B23C254,MD,01,No,,,,,01,Dry,01,Signalized,,,,,,