Crash Severity Description,Reportnumber,Agencyname,CollisionImpact Description,Crash County Description,FunctionalClass Description,ImpairedCrash,Large Vehicle Involved,Motorcycle Crash,Non-Motorist Crash,OffRoad,RoadName,Route Number,RouteType Description,Unrestrained Occupants,WithinDateRange,Work Zone Related,Crashdate,Work Zone Crash,CrashPoint,Latitude,Longitude,AgencyCode,CollisionImpact,Crash County,Crash Severity,Crash Within Interchange,Crashhour,CrashInterchangeApproaches,Crashtime,CrashYear,Dayofweek,FirstHarmEvent,FirstHarmEvent Description,FirstHarmLocation,FirstHarmLocation Description,FunctionalClass,Geometry Description,GovPropertyDamage,GovPropertyDamage Description,IntersectingRoadName,Intersection Geometry,JunctionRelated,JunctionRelated Description,Light,Light Description,LOD Crash Date,LOD Date Level,MilepointDirection,MilepointDistance,MilepointUnits,NonTrafficFatal,OffroadLocation,OffroadLocation Description,RoadID,RouteType,SchoolBusRelated,SchoolBusRelated Description,SecondHarmEvent,SecondHarmEvent Description,SecondHarmLocation,SecondHarmLocation Description,Surface,Surface Description,TrafficControl,Trafficcontrol Description,WZLawEnforcementPresent,WZLocation,WZLocation Description,WZType,WZType Description,WZWorkersPresent
Injury Crashes,DJ0105005L,Seat Pleasant Police Department,Single Vehicle,Prince George's,,No,No,No,Yes,Yes,,,,No,True,No,1/31/2025,No,Point,38.887595701,-76.902178864,SEATPLEASANT,101,16,02,,18,,18:25,2025,Friday,17,Pedestrian,09,Roadside,,,,,,,,,04,Dark - Not Lighted,1/31/2025,2025-01-31,,,F,N,102,Parking Lot Way,,,01,No,,,,,,,,,,,,,,
Injury Crashes,DA3597004D,Prince George's County Police,Single Vehicle,Prince George's,Local,No,No,No,No,No,CHELTENHAM RD,134,COUNTY ROAD,No,True,No,3/2/2025,No,Point,38.745648271,-76.809060611,PGCOPD,101,16,02,No,1,,01:51,2025,Sunday,36,"Other Post, Pole, Or Support",07,"On Shoulder, Right Side",7,,,,,,06,Non-Junction,04,Dark - Not Lighted,3/2/2025,2025-03-02,W,8.75,F,N,,,22090CB2E7BDC9B7040991710810B8AAF7F7CCAD10FA911C24B77EE9CECB94BE,CO,01,No,,,,,01,Dry,,,,,,,,
Injury Crashes,DA4358002P,Prince George's County Police,Angle,Prince George's,Minor Arterial,No,No,No,No,No,WHEELER RD,110,COUNTY ROAD,No,True,No,3/4/2025,No,Point,38.831757006,-76.986444965,PGCOPD,01,16,02,No,6,,06:12,2025,Tuesday,12,Motor Vehicle In Transport,05,On Roadway,4,,,,,,06,Non-Junction,100,Dawn,3/4/2025,2025-03-04,N,41.27,F,N,,,C9054689F366FB42DBC3C3778AD9CAAFC1091345C9954C375E7D10C582F9AAF4,CO,01,No,,,,,01,Dry,,,,,,,,
Property Damage Crashes,DA416800C6,Prince George's County Police,Front to Rear,Prince George's,Principal Arterial – Other Freeways and Expressways,No,No,No,No,No,INDIAN HEAD HWY,210,MARYLAND ROUTE,No,True,No,4/12/2025,No,Point,38.758451608,-76.993236538,PGCOPD,03,16,03,No,11,,11:14,2025,Saturday,12,Motor Vehicle In Transport,05,On Roadway,2,,,,,,09,Through Roadway,01,Daylight,4/12/2025,2025-04-12,N,54.18,F,N,,,4854CB9F9D9A71F80FD2C40F73298546379522516456A259C2125449292EED6F,MD,01,No,,,,,01,Dry,,,,,,,,
Property Damage Crashes,DA44330004,Prince George's County Police,Angle,Prince George's,Local,No,No,No,No,No,NIGHTINGALE DR,4092,COUNTY ROAD,No,True,No,6/4/2025,No,Point,38.982104875,-76.855047234,PGCOPD,01,16,03,No,17,,17:05,2025,Wednesday,12,Motor Vehicle In Transport,05,On Roadway,7,,,,CIPRIANO RD CIPRIANO RD (NB/L),,06,Non-Junction,01,Daylight,6/4/2025,2025-06-04,E,17.02,F,N,,,FFB38A0C5D2DD5654A312BDD0E26308BA0B242834488C1180749453EED7F33E0,CO,01,No,,,,,01,Dry,,,,,,,,
Property Damage Crashes,DA401400C6,Prince George's County Police,Front to Rear,Prince George's,Principal Arterial – Other,No,No,No,No,No,MARTIN LUTHER KING JR HWY,704,MARYLAND ROUTE,No,True,No,1/9/2025,No,Point,38.956082245,-76.826899677,PGCOPD,03,16,03,No,22,,22:00,2025,Thursday,12,Motor Vehicle In Transport,05,On Roadway,3,,,,,,06,Non-Junction,03,Dark - Lighted,1/9/2025,2025-01-09,S,52.55,F,N,,,E5CC05650FB0853083D46AADAF270406F7787A03B11D1342F82A43E93DAD5EC7,MD,01,No,,,,,01,Dry,,,,,,,,
Property Damage Crashes,DA44230015,Prince George's County Police,Front to Rear,Prince George's,Principal Arterial – Other,No,No,No,No,No,LANDOVER RD,202,MARYLAND ROUTE,No,True,No,4/10/2025,No,Point,38.927564984,-76.890748549,PGCOPD,03,16,03,No,15,,15:37,2025,Thursday,12,Motor Vehicle In Transport,05,On Roadway,3,,,,,,09,Through Roadway,01,Daylight,4/10/2025,2025-04-10,W,38.66,F,N,,,E75F74D666C104730DFD61A2D10D7F15078558BF0E6EA22FF0EE5002B001E00D,MD,01,No,,,,,01,Dry,,,,,,,,
Property Damage Crashes,MSP7865001V,Maryland State Police,Front to Rear,Prince George's,Interstate,No,No,No,No,No,NO NAME (SB/L),95,INTERSTATE ROUTE,No,True,No,3/19/2025,No,Point,39.05255575,-76.929935317,MSP,03,16,03,No,10,,10:23,2025,Wednesday,12,Motor Vehicle In Transport,05,On Roadway,1,,,,,,06,Non-Junction,01,Daylight,3/19/2025,2025-03-19,N,53.86,F,N,,,38A69C1C41A1196901AB8753D86464132BDFDC910721FC7F30C38E24A6E347B6,IS,01,No,,,,,01,Dry,,,,,,,,
Property Damage Crashes,MSP7839003F,Maryland State Police,Front to Rear,Prince George's,Interstate,No,No,No,No,No,RAMP 1 FR MD 210 NB TO IS 95 LS,95,RAMP,No,True,No,3/19/2025,No,Point,38.805398173,-76.996706949,MSP,03,16,03,No,6,,06:51,2025,Wednesday,12,Motor Vehicle In Transport,05,On Roadway,1,,,,,,04,Entrance/Exit Ramp or Related,01,Daylight,3/19/2025,2025-03-19,W,40.49,F,N,,,E3DCC674CEE42458B148467F29295343B133D390BCD67846456C629AB55822BF,RP,01,No,,,,,01,Dry,,,,,,,,
Injury Crashes,CBPD0073004N,Bowie Police Department,Other,Prince George's,Principal Arterial – Other,No,No,No,No,No,COLLINGTON RD,197,MARYLAND ROUTE,No,True,No,4/19/2025,No,Point,38.947495125,-76.737241977,BOWIE,98,16,02,Yes,1,04,01:10,2025,Saturday,12,Motor Vehicle In Transport,05,On Roadway,3,Perpendicular,,,NORTHVIEW DR (NB/L),03,05,Intersection or Related,03,Dark - Lighted,4/19/2025,2025-04-19,W,0,F,N,,,DADAC0D099990E86A7FA5789134C5EBC9A9C1B93814D6612766CAA7062823C5B,MD,01,No,27,Curb,03,Median,01,Dry,01,Signalized,,,,,,
Injury Crashes,DA4359001D,Prince George's County Police,Single Vehicle,Prince George's,,No,No,No,Yes,No,BRICK CLAY LN,2187,LOCAL ROAD,No,True,No,2/25/2025,No,Point,39.066201662,-76.877295995,PGCOPD,101,16,02,No,16,,16:37,2025,Tuesday,17,Pedestrian,02,In Parking Lane Or Zone,,,,,,,06,Non-Junction,01,Daylight,2/25/2025,2025-02-25,S,11.26,F,N,,,A2D589952F894E00FAFD57CE2A5D6B43B342CBC6F771B4181207BFD60DF2EBE9,LL,01,No,,,,,01,Dry,,,,,,,,
Property Damage Crashes,CE45870089,Laurel Police Department,Front to Rear,Prince George's,Local,No,No,No,No,No,GREEN HILL AVE,170,MUNICIPAL ROAD,No,True,No,3/2/2025,No,Point,39.096414595,-76.857714141,LAUREL,03,16,03,No,2,,02:07,2025,Sunday,15,Parked Vehicle,05,On Roadway,7,,,,,,06,Non-Junction,03,Dark - Lighted,3/2/2025,2025-03-02,S,21.44,F,N,,,7C8DD476C5FB5E539CB77E5C3228A87A5B7C62C3644DCFE8E2771653BAD5B793,MU,01,No,,,,,01,Dry,,,,,,,,
Property Damage Crashes,CC0309000X,Hyattsville Police Department,Front to Rear,Prince George's,Major Collector,No,No,No,No,No,JEFFERSON ST,180,MUNICIPAL ROAD,No,True,No,3/5/2025,No,Point,38.953430579,-76.954426266,HYATTSVILLE,03,16,03,No,4,,04:00,2025,Wednesday,15,Parked Vehicle,02,In Parking Lane Or Zone,5,,,,,,06,Non-Junction,04,Dark - Not Lighted,3/5/2025,2025-03-05,W,62.1,F,N,,,20B5F8123D2FFAB9CEC94ACEC7E93673CFBE203C9105503A97E6A6CB7FFFDB90,MU,01,No,36,"Other Post, Pole, Or Support",04,"Off-Roadway, Location Unknown",01,Dry,,,,,,,,
Property Damage Crashes,MSP7664009G,Maryland State Police,Single Vehicle,Prince George's,Interstate,No,No,No,No,No,CAPITAL BELTWAY (NB LOCAL),95,INTERSTATE ROUTE,No,True,No,3/8/2025,No,Point,38.792826587,-77.025290890,MSP,101,16,03,No,2,,02:30,2025,Saturday,25,Concrete Traffic Barrier,09,Roadside,1,,,,,,09,Through Roadway,04,Dark - Not Lighted,3/8/2025,2025-03-08,E,15.76,F,N,,,44998BDD65B1B13CC1BC0C1BEF0E17E74E2EC537B30D25FC2F09E2215A32494E,IS,01,No,,,,,01,Dry,,,,,,,,
Property Damage Crashes,DA4263005R,Prince George's County Police,Other,Prince George's,Local,No,No,No,No,No,14TH AVE,982,COUNTY ROAD,No,True,No,2/21/2025,No,Point,38.987817,-76.9801636,PGCOPD,98,16,03,No,21,,21:10,2025,Friday,12,Motor Vehicle In Transport,04,"Off-Roadway, Location Unknown",7,,,,,,99,Unknown,03,Dark - Lighted,2/21/2025,2025-02-21,S,35.36,F,N,,,71FE8145271ECC67F54043B953807DA2DB941994BFEE019024CAE17A8A584515,CO,01,No,,,,,01,Dry,,,,,,,,
Property Damage Crashes,MSP7416001M,Maryland State Police,Front to Rear,Prince George's,Interstate,No,Yes,No,No,No,JOHN HANSON HWY (WB/L),595,INTERSTATE ROUTE,No,True,No,4/10/2025,No,Point,38.946689821,-76.844986835,MSP,03,16,03,No,17,,17:55,2025,Thursday,12,Motor Vehicle In Transport,05,On Roadway,1,,,,,,09,Through Roadway,01,Daylight,4/10/2025,2025-04-10,E,48.87,F,N,,,E7DCEE168C7AEC5A006D92ED942388C8B23EDDC087BCEB0B5DA6B3458956B442,IS,01,No,,,,,01,Dry,,,,,,,,
Property Damage Crashes,DA43330043,Prince George's County Police,Unknown,Prince George's,Principal Arterial – Other,No,No,No,No,No,UNIVERSITY BLVD,193,MARYLAND ROUTE,No,True,No,3/22/2025,No,Point,38.986149734,-76.983401778,PGCOPD,99,16,03,No,20,,20:30,2025,Saturday,12,Motor Vehicle In Transport,99,Unknown,3,,,,,,06,Non-Junction,03,Dark - Lighted,3/22/2025,2025-03-22,E,45.62,F,N,,,26D79EC05A4B59B13E18400BC235EFC997598CD922FDDC5D2EE8C042BF40497D,MD,01,No,,,,,01,Dry,,,,,,,,
Property Damage Crashes,DA3888007V,Prince George's County Police,Front to Rear,Prince George's,Principal Arterial – Other,No,No,No,No,No,BRANCH AVE (SB/L),5,MARYLAND ROUTE,No,True,No,2/11/2025,No,Point,38.839529527,-76.946683421,PGCOPD,03,16,03,No,13,,13:55,2025,Tuesday,12,Motor Vehicle In Transport,05,On Roadway,3,,,,,,06,Non-Junction,01,Daylight,2/11/2025,2025-02-11,W,4.73,F,N,,,0CEE445A4C4C63CBDFE4E231C37C70BD75B4210B41DBC22B6CDDE66BF4E4219E,MD,01,No,,,,,09,Wet,,,,,,,,
Property Damage Crashes,DA4332003F,Prince George's County Police,Front to Rear,Prince George's,Principal Arterial – Other,No,No,No,No,No,UNIVERSITY BLVD (WB/L),193,MARYLAND ROUTE,No,True,No,4/8/2025,No,Point,39.001411019,-76.935907673,PGCOPD,03,16,03,No,18,,18:00,2025,Tuesday,12,Motor Vehicle In Transport,05,On Roadway,3,,,,,,06,Non-Junction,01,Daylight,4/8/2025,2025-04-08,S,22.53,F,N,,,887E1CC87782E580CB37BE0825CB4C555B6494B406366F9E86E7DEA5781B550D,MD,01,No,,,,,01,Dry,,,,,,,,
Property Damage Crashes,DA4302002R,Prince George's County Police,"Sideswipe, Same Direction",Prince George's,Local,No,No,No,No,No,ETNA DR,4738,COUNTY ROAD,No,True,No,3/20/2025,No,Point,38.882639383,-76.820085525,PGCOPD,07,16,03,No,14,,14:17,2025,Thursday,15,Parked Vehicle,05,On Roadway,7,,,,,,01,Acceleration/Deceleration Lane,01,Daylight,3/20/2025,2025-03-20,E,177.35,F,N,,,F7A9AD5135F5715F2DD5C809B8EA080AE2E59B0A27954A0B4DE6046A4336F4BE,CO,01,No,,,,,01,Dry,,,,,,,,
Property Damage Crashes,CNC3185000T,New Carrollton Police Department,Other,Prince George's,Local,No,No,No,No,No,CATHEDRAL AVE,70,MUNICIPAL ROAD,No,True,No,1/17/2025,No,Point,38.974947407,-76.875326211,NCPD,98,16,03,No,23,,23:04,2025,Friday,12,Motor Vehicle In Transport,05,On Roadway,7,,,,85TH AVE,,03,Driveway Access or Related,03,Dark - Lighted,1/17/2025,2025-01-17,W,15.69,F,N,,,65BBF579344AEAC4D605BFF6527C062C121269FD637EB24F71C3D6E06409A7FD,MU,01,No,,,,,01,Dry,,,,,,,,
Property Damage Crashes,BW0204002Y,Greenbelt Police Department,Single Vehicle,Prince George's,Interstate,No,No,No,No,No,RAMP 2 FR IS 95 WB TO MD 201 NB,95,RAMP,No,True,No,4/28/2025,No,Point,39.004616553,-76.893830867,GREENBELT,101,16,03,No,6,02,06:55,2025,Monday,27,Curb,09,Roadside,1,Perpendicular,,,KENILWORTH AVE,03,05,Intersection or Related,100,Dawn,4/28/2025,2025-04-28,S,0,F,N,,,F9725E24FA3B19F1699C6EEB3749ED9B78F10683F7163F4E56CB994F17F731B9,RP,01,No,,,,,09,Wet,01,Signalized,,,,,,
Property Damage Crashes,DA4146006L,Prince George's County Police,Front to Rear,Prince George's,Minor Arterial,No,No,No,No,No,PALMER RD,3645,COUNTY ROAD,No,True,No,3/16/2025,No,Point,38.766168662,-76.994174249,PGCOPD,03,16,03,No,21,,21:55,2025,Sunday,12,Motor Vehicle In Transport,05,On Roadway,4,,,,,,09,Through Roadway,04,Dark - Not Lighted,3/16/2025,2025-03-16,S,7.28,F,N,,,5F2899395853C729A754B1E49CD32C1EA876665F9041783B20CB052D19BC4ABE,CO,01,No,,,,,01,Dry,,,,,,,,
Property Damage Crashes,MSP7872003D,Maryland State Police,Single Vehicle,Prince George's,Principal Arterial – Other Freeways and Expressways,No,No,No,No,No,RAMP 6 FR MD 4 EB TO OLD CRAIN HWY SB,4,RAMP,No,True,No,4/16/2025,No,Point,38.810967837,-76.767842218,MSP,101,16,03,Yes,14,,14:36,2025,Wednesday,27,Curb,09,Roadside,2,,,,,,01,Acceleration/Deceleration Lane,01,Daylight,4/16/2025,2025-04-16,E,28.3,F,N,,,B9A60C20D252FC20E47F2F5E1AE609C1420374413697AE19180BC70ED18746CD,RP,01,No,,,,,01,Dry,,,,,,,,
Property Damage Crashes,DA374600B1,Prince George's County Police,Other,Prince George's,Major Collector,No,No,No,No,No,S OSBORNE RD,137,COUNTY ROAD,No,True,No,5/21/2025,No,Point,38.784459753,-76.795943176,PGCOPD,98,16,03,No,9,,09:49,2025,Wednesday,12,Motor Vehicle In Transport,05,On Roadway,5,,,,,,06,Non-Junction,01,Daylight,5/21/2025,2025-05-21,W,28.98,F,N,,,FA7A3405B7DD0C08F25FCE0232E0D41BB598381A01883053654DA6953D5483D8,CO,01,No,,,,,09,Wet,,,,,,,,
Injury Crashes,DA3491000P,Prince George's County Police,Front to Front,Prince George's,Local,No,No,No,No,No,BOONES HILL RD,1515,COUNTY ROAD,Yes,True,No,1/10/2025,No,Point,38.874226705,-76.931511715,PGCOPD,02,16,02,No,20,,20:15,2025,Friday,12,Motor Vehicle In Transport,05,On Roadway,7,,,,,,06,Non-Junction,03,Dark - Lighted,1/10/2025,2025-01-10,S,22.86,F,N,,,BCB632732CA65927718F14265A88C6B5A067A3F84BDB5F23B6426C45FBCCB8D6,CO,01,No,,,,,02,Ice/Frost,,,,,,,,
Property Damage Crashes,MSP6931013R,Maryland State Police,Single Vehicle,Prince George's,Interstate,No,No,No,No,No,CAPITAL BELTWAY,95,INTERSTATE ROUTE,No,True,No,3/16/2025,No,Point,38.820018333,-76.893228008,MSP,101,16,03,No,4,,04:23,2025,Sunday,32,Guardrail Face,09,Roadside,1,,101,State,,,06,Non-Junction,04,Dark - Not Lighted,3/16/2025,2025-03-16,S,51.82,F,N,,,344F60B618833B1029EF50DA5B0404E01618A8619EF01EE6801DEAFE67F8F53D,IS,01,No,,,,,01,Dry,,,,,,,,
Property Damage Crashes,DA4316005D,Prince George's County Police,Front to Rear,Prince George's,,No,No,No,No,No,,21,COUNTY ROAD,No,True,No,5/29/2025,No,Point,39.064779178,-76.839630022,PGCOPD,03,16,03,No,8,04,08:49,2025,Thursday,12,Motor Vehicle In Transport,05,On Roadway,,Perpendicular,,,LAUREL BOWIE RD (SB/L),03,05,Intersection or Related,01,Daylight,5/29/2025,2025-05-29,S,0,F,N,,,C32A4ACD2D3E542D734B599CFA878C67E4333E7A7691286F14D36113B38E6F24,CO,01,No,,,,,01,Dry,01,Signalized,,,,,,
Property Damage Crashes,DA39140070,Prince George's County Police,Unknown,Prince George's,Minor Arterial,No,No,No,No,No,,223,MARYLAND ROUTE,No,True,No,4/1/2025,No,Point,38.766696584,-76.890998893,PGCOPD,99,16,03,No,18,,18:51,2025,Tuesday,12,Motor Vehicle In Transport,05,On Roadway,4,,,,,,06,Non-Junction,01,Daylight,4/1/2025,2025-04-01,S,21.22,F,N,,,ECA9901DE41D2E43D53B465812BAE4309045BFE9F9B34B9923A3C0EE322DEC40,MD,01,No,,,,,01,Dry,,,,,,,,
Property Damage Crashes,DA4370001G,Prince George's County Police,Front to Front,Prince George's,Local,No,No,No,No,No,OLD YORK RD,6405,COUNTY ROAD,Yes,True,No,2/1/2025,No,Point,38.919914727,-76.811619457,PGCOPD,02,16,03,No,22,04,22:30,2025,Saturday,12,Motor Vehicle In Transport,05,On Roadway,7,Perpendicular,,,LOTTSFORD RD,03,05,Intersection or Related,03,Dark - Lighted,2/1/2025,2025-02-01,W,0,F,N,,,DDCF75FF0C9C56ACDFE440CBB96EF9E1B48B2C0AD75A87CF272CC5BB8F85219A,CO,01,No,,,,,01,Dry,01,Signalized,,,,,,
Property Damage Crashes,DA4420000Z,Prince George's County Police,Front to Rear,Prince George's,Principal Arterial – Other,No,No,No,No,No,LAUREL BOWIE RD,197,MARYLAND ROUTE,No,True,No,4/9/2025,No,Point,39.064611836,-76.839361568,PGCOPD,03,16,03,No,21,,21:30,2025,Wednesday,12,Motor Vehicle In Transport,05,On Roadway,3,,,,MUIRKIRK RD,,06,Non-Junction,03,Dark - Lighted,4/9/2025,2025-04-09,N,21.94,F,N,,,0ED015E322B205EFF9D550A9AB00802238CA4E6FC12C00ED8732FAE99EA0BD5E,MD,01,No,,,,,01,Dry,,,,,,,,
Injury Crashes,DA4415000N,Prince George's County Police,Front to Rear,Prince George's,Principal Arterial – Other,No,No,No,No,No,UNIVERSITY BLVD,193,MARYLAND ROUTE,No,True,No,5/9/2025,No,Point,38.999967657,-76.943528447,PGCOPD,03,16,02,No,9,,09:59,2025,Friday,12,Motor Vehicle In Transport,05,On Roadway,3,,,,,,09,Through Roadway,01,Daylight,5/9/2025,2025-05-09,E,52.57,F,N,,,789C84B237559FBC68C3848C933BA14E17B33A35E688B8DF2A65C05F84A77A37,MD,01,No,12,Motor Vehicle In Transport,05,On Roadway,09,Wet,,,,,,,,
Property Damage Crashes,DA3088007K,Prince George's County Police,Front to Rear,Prince George's,Local,No,No,No,No,No,LINDA LA (NB/L),5,MARYLAND ROUTE,No,True,No,4/13/2025,No,Point,38.811668141,-76.913964856,PGCOPD,03,16,03,Yes,18,03,18:21,2025,Sunday,12,Motor Vehicle In Transport,05,On Roadway,7,Angled/Skewed,,,LINDA LA OLD BRANCH AVE,01,05,Intersection or Related,01,Daylight,4/13/2025,2025-04-13,W,0,F,N,,,A6F1E7B2E6CEEACDA1E93C93154A14B3F087968E1E5A638A6D25C581CC942AA8,MD,01,No,,,,,01,Dry,05,No Controls,,,,,,
Property Damage Crashes,CC0299001J,Hyattsville Police Department,Front to Rear,Prince George's,Principal Arterial – Other,Yes,No,No,No,No,,1,UNITED STATE ROUTE,No,True,No,4/15/2025,No,Point,38.955288956,-76.940287766,HYATTSVILLE,03,16,03,No,17,04,17:49,2025,Tuesday,12,Motor Vehicle In Transport,05,On Roadway,3,Perpendicular,,,JEFFERSON ST,03,05,Intersection or Related,01,Daylight,4/15/2025,2025-04-15,N,0,F,N,,,6EAC2DED85781B58B39F62FAE268E20424FFC1AE341AF84BAA542A32DD92642D,US,01,No,,,,,01,Dry,01,Signalized,,,,,,
Property Damage Crashes,CBPD0117007B,Bowie Police Department,Single Vehicle,Prince George's,Local,No,No,No,No,No,QUILL POINT DR,2201,MUNICIPAL ROAD,No,True,No,2/11/2025,No,Point,38.992945570,-76.787391539,BOWIE,101,16,03,No,22,,22:14,2025,Tuesday,34,Mailbox,07,"On Shoulder, Right Side",7,,102,Federal,,,06,Non-Junction,05,Dark - Unknown Lighting,2/11/2025,2025-02-11,N,9.57,F,N,,,4A43E12074EE9CDCE059434CC857CF1F6F3C57DA46791C1F22B750AA9EAA7021,MU,01,No,,,,,07,Snow,,,,,,,,
Property Damage Crashes,MSP757700JW,Maryland State Police,Front to Rear,Prince George's,Interstate,No,No,No,No,No,IS 95 NB CD LANE FR MD 200 TO MD 198,95,INTERSTATE ROUTE,No,True,No,4/2/2025,No,Point,39.067904905,-76.907842330,MSP,03,16,03,No,18,,18:32,2025,Wednesday,12,Motor Vehicle In Transport,05,On Roadway,1,,,,,,09,Through Roadway,01,Daylight,4/2/2025,2025-04-02,W,17.97,F,N,,,C692601D6DEF862CD6E85252ED73C462C09348ACDBEF9EC38B75602043216BD6,IS,01,No,97,Not Applicable,,,01,Dry,,,,,,,,
Property Damage Crashes,DA4354003F,Prince George's County Police,Front to Rear,Prince George's,Principal Arterial – Other Freeways and Expressways,No,No,No,No,No,RAMP 2 FR MD 450 WB TO MD 295 NB,295,RAMP,No,True,No,3/3/2025,No,Point,38.938849523,-76.912279535,PGCOPD,03,16,03,No,9,,09:40,2025,Monday,12,Motor Vehicle In Transport,05,On Roadway,2,,,,,,09,Through Roadway,01,Daylight,3/3/2025,2025-03-03,W,45.38,F,N,,,C94ACF00E2DBB6CF1FEA9281777D262ADBAB53934ED3E7124589D9CBB3C34F9F,RP,01,No,12,Motor Vehicle In Transport,05,On Roadway,01,Dry,,,,,,,,
Property Damage Crashes,DA4390001C,Prince George's County Police,"Sideswipe, Same Direction",Prince George's,Local,No,Yes,No,No,No,ASHVILLE RD,2321,COUNTY ROAD,No,True,No,3/23/2025,No,Point,38.869886657,-76.859748006,PGCOPD,07,16,03,No,14,,14:58,2025,Sunday,12,Motor Vehicle In Transport,09,Roadside,7,,,,,,01,Acceleration/Deceleration Lane,01,Daylight,3/23/2025,2025-03-23,S,27.31,F,N,,,FC02AAED341BC36449A0BEE8ED835F0169DB0401F7020CE7E6EC1920CD31C1B0,CO,02,"Yes, School Bus Directly Involved",,,,,01,Dry,,,,,,,,
Property Damage Crashes,DA43990017,Prince George's County Police,"Sideswipe, Opposite Direction",Prince George's,Local,No,No,No,No,No,CALVERT ST,677,COUNTY ROAD,No,True,No,4/5/2025,No,Point,38.976259372,-76.970691889,PGCOPD,06,16,03,No,1,,01:37,2025,Saturday,12,Motor Vehicle In Transport,05,On Roadway,7,,,,,,06,Non-Junction,04,Dark - Not Lighted,4/5/2025,2025-04-05,W,29.45,F,N,,,7BBED870D1E89461F9D80D1B6EFFC62B50D308400B87CB087FD45C9E3C4A3948,CO,01,No,,,,,01,Dry,,,,,,,,
Property Damage Crashes,CE4644002M,Laurel Police Department,Other,Prince George's,Principal Arterial – Other,No,No,No,No,No,WASHINGTON BLVD (SB/L),1,UNITED STATE ROUTE,No,True,No,1/24/2025,No,Point,39.096945304,-76.851166814,LAUREL,98,16,03,No,11,,11:58,2025,Friday,12,Motor Vehicle In Transport,05,On Roadway,3,,,,,,09,Through Roadway,01,Daylight,1/24/2025,2025-01-24,S,25.79,F,N,,,86F22BE2625CD204774B0C898E6ACAD7490E78AEAC581B977D895D4215773182,US,01,No,,,,,01,Dry,,,,,,,,
Injury Crashes,DA44120004,Prince George's County Police,Angle,Prince George's,Minor Arterial,No,No,No,No,No,TEMPLE HILL RD,123,COUNTY ROAD,No,True,No,1/3/2025,No,Point,38.808303354,-76.936875261,PGCOPD,01,16,02,Yes,13,,13:00,2025,Friday,12,Motor Vehicle In Transport,05,On Roadway,4,,,,HENDERSON RD,,09,Through Roadway,01,Daylight,1/3/2025,2025-01-03,N,21.2,F,N,,,EEA7635F1F8E5A77657A7F331CEED03C0E0C64669619A7D3383A442F3AE6C040,CO,01,No,,,,,01,Dry,,,,,,,,
Property Damage Crashes,CC03010009,Hyattsville Police Department,"Sideswipe, Opposite Direction",Prince George's,Local,No,Yes,No,No,No,40TH AVE,9400,MUNICIPAL ROAD,No,True,No,1/14/2025,No,Point,38.959268368,-76.949952565,HYATTSVILLE,06,16,03,No,13,,13:00,2025,Tuesday,12,Motor Vehicle In Transport,05,On Roadway,7,,,,,,06,Non-Junction,01,Daylight,1/14/2025,2025-01-14,S,22.43,F,N,,,91819C341C824D953BF55991EC1CB859A61F1A114D30D34F3C27D6B7B1FE28E3,MU,01,No,,,,,01,Dry,,,,,,,,
Property Damage Crashes,MSP744200T1,Maryland State Police,"Sideswipe, Same Direction",Prince George's,Interstate,No,No,No,No,No,CAPITAL BELTWAY (SB/L),95,INTERSTATE ROUTE,No,True,No,5/30/2025,No,Point,38.950656505,-76.861275949,MSP,07,16,03,No,17,,17:20,2025,Friday,12,Motor Vehicle In Transport,05,On Roadway,1,,,,,,09,Through Roadway,01,Daylight,5/30/2025,2025-05-30,N,21.32,F,N,,,A6F4FE078E5E985C5AEDAD3FBBC383825639F260EDBC2A50ADAE5515E140F5B7,IS,01,No,12,Motor Vehicle In Transport,05,On Roadway,01,Dry,,,,,,,,
Property Damage Crashes,MSP76640099,Maryland State Police,Single Vehicle,Prince George's,Local,No,No,No,No,No,EXCALIBUR RD,611,MUNICIPAL ROAD,No,True,No,3/1/2025,No,Point,38.935336684,-76.717902643,MSP,101,16,03,No,17,04,17:46,2025,Saturday,27,Curb,09,Roadside,7,Angled/Skewed,,,CRAIN HWY (SB/L),01,05,Intersection or Related,04,Dark - Not Lighted,3/1/2025,2025-03-01,N,0,F,N,,,4A633BD761FAB5AA7691554B547AF3E8942C727326386FE19C7C2802483A8F6D,MU,01,No,,,,,01,Dry,01,Signalized,,,,,,
Injury Crashes,CE4909007L,Laurel Police Department,"Sideswipe, Same Direction",Prince George's,Principal Arterial – Other,No,Yes,No,No,No,SECOND ST,1,UNITED STATE ROUTE,No,True,No,4/11/2025,No,Point,39.097752135,-76.848551277,LAUREL,07,16,02,No,11,,11:30,2025,Friday,12,Motor Vehicle In Transport,05,On Roadway,3,,,,,,09,Through Roadway,01,Daylight,4/11/2025,2025-04-11,W,20.07,F,N,,,13C2E7662A4F672459E07606C324C6EBD891D0890FB8DF6D03D14764597D45D0,US,02,"Yes, School Bus Directly Involved",,,,,09,Wet,,,,,,,,