Crash Severity Description,Reportnumber,Agencyname,CollisionImpact Description,Crash County Description,FunctionalClass Description,ImpairedCrash,Large Vehicle Involved,Motorcycle Crash,Non-Motorist Crash,OffRoad,RoadName,Route Number,RouteType Description,Unrestrained Occupants,WithinDateRange,Work Zone Related,Crashdate,Work Zone Crash,CrashPoint,Latitude,Longitude,AgencyCode,CollisionImpact,Crash County,Crash Severity,Crash Within Interchange,Crashhour,CrashInterchangeApproaches,Crashtime,CrashYear,Dayofweek,FirstHarmEvent,FirstHarmEvent Description,FirstHarmLocation,FirstHarmLocation Description,FunctionalClass,Geometry Description,GovPropertyDamage,GovPropertyDamage Description,IntersectingRoadName,Intersection Geometry,JunctionRelated,JunctionRelated Description,Light,Light Description,LOD Crash Date,LOD Date Level,MilepointDirection,MilepointDistance,MilepointUnits,NonTrafficFatal,OffroadLocation,OffroadLocation Description,RoadID,RouteType,SchoolBusRelated,SchoolBusRelated Description,SecondHarmEvent,SecondHarmEvent Description,SecondHarmLocation,SecondHarmLocation Description,Surface,Surface Description,TrafficControl,Trafficcontrol Description,WZLawEnforcementPresent,WZLocation,WZLocation Description,WZType,WZType Description,WZWorkersPresent
Property Damage Crashes,DA4333003S,Prince George's County Police,Unknown,Prince George's,Local,No,No,No,No,No,SHERIDAN ST,788,COUNTY ROAD,No,True,No,1/26/2025,No,Point,38.965949857,-76.996584217,PGCOPD,99,16,03,No,1,,01:10,2025,Sunday,12,Motor Vehicle In Transport,09,Roadside,7,,,,,,06,Non-Junction,03,Dark - Lighted,1/26/2025,2025-01-26,E,30.17,F,N,,,23FD64F38F7D5BA40A7E1E9FC185143C28AE70CC774A43E6D6325E011CDC8454,CO,01,No,,,,,01,Dry,,,,,,,,
Property Damage Crashes,CC03120005,Hyattsville Police Department,Single Vehicle,Prince George's,,Yes,No,No,No,Yes,,,,No,True,No,5/29/2025,No,Point,38.961826648,-76.969242711,HYATTSVILLE,101,16,03,,3,,03:04,2025,Thursday,36,"Other Post, Pole, Or Support",04,"Off-Roadway, Location Unknown",,,,,,,,,03,Dark - Lighted,5/29/2025,2025-05-29,,,F,N,105,Dirt Road/Trail,,,01,No,,,,,,,,,,,,,,
Property Damage Crashes,MSP78390038,Maryland State Police,"Sideswipe, Same Direction",Prince George's,Interstate,No,No,No,No,No,RAMP 2 FR MD 214 WB TO IS 95 NB,95,RAMP,No,True,No,3/17/2025,No,Point,38.895500265,-76.848127906,MSP,07,16,03,No,9,,09:56,2025,Monday,12,Motor Vehicle In Transport,05,On Roadway,1,,,,,,06,Non-Junction,01,Daylight,3/17/2025,2025-03-17,N,24.9,F,N,,,E2E8CEE56FC686B5B041464FB138827C598D3538714EF1EC995B9F5AD6A68D7D,RP,01,No,,,,,01,Dry,,,,,,,,
Property Damage Crashes,CC0278005X,Hyattsville Police Department,Other,Prince George's,,No,No,No,No,No,,903,CROSSOVER,No,True,No,4/11/2025,No,Point,38.966872901,-76.957618170,HYATTSVILLE,98,16,03,No,9,04,09:01,2025,Friday,12,Motor Vehicle In Transport,05,On Roadway,,Perpendicular,,,EAST WEST HWY (WB/L),03,05,Intersection or Related,01,Daylight,4/11/2025,2025-04-11,E,0,F,N,,,8E7AB4068E2C5FE0BE10CC863CB65167DA42C42F54798693D3547D71DC274C8E,XO,01,No,,,,,09,Wet,01,Signalized,,,,,,
Injury Crashes,MSP546601T0,Maryland State Police,Front to Rear,Prince George's,Principal Arterial – Other,No,No,No,No,No,CENTRAL AVE (WB/L),214,MARYLAND ROUTE,No,True,No,4/9/2025,No,Point,38.899070934,-76.822170393,MSP,03,16,02,Yes,20,,20:39,2025,Wednesday,12,Motor Vehicle In Transport,05,On Roadway,3,,,,,,09,Through Roadway,03,Dark - Lighted,4/9/2025,2025-04-09,E,22.31,F,N,,,EAD4096097340B1EB9B8407CCCBB2F0A724FFB6FA5D98BEE620AF32CE51D5B64,MD,01,No,27,Curb,03,Median,01,Dry,,,,,,,,
Property Damage Crashes,DA30670004,Prince George's County Police,Front to Rear,Prince George's,Minor Arterial,No,No,No,No,No,WOODYARD RD,223,MARYLAND ROUTE,No,True,No,2/7/2025,No,Point,38.794291472,-76.836145496,PGCOPD,03,16,03,No,7,04,07:30,2025,Friday,12,Motor Vehicle In Transport,05,On Roadway,4,Perpendicular,,,DOWER HOUSE RD,03,05,Intersection or Related,01,Daylight,2/7/2025,2025-02-07,S,0,F,N,,,9BC7C2ADFC02459D2AE10B2115F8E8B324A0CF95D90E42D825174BF59CA5961E,MD,01,No,,,,,01,Dry,01,Signalized,,,,,,
Injury Crashes,DA402100DB,Prince George's County Police,Angle,Prince George's,,No,No,No,No,No,,904,CROSSOVER,No,True,No,5/12/2025,No,Point,38.966650454,-76.796683170,PGCOPD,01,16,02,Yes,16,,16:36,2025,Monday,12,Motor Vehicle In Transport,05,On Roadway,,,,,,,01,Acceleration/Deceleration Lane,01,Daylight,5/12/2025,2025-05-12,N,66.45,F,N,,,DF63EF9E0F15D1CECC3B2D70A1E7AEDF164779890E3B54C948D9BDED1AA90C9C,XO,01,No,,,,,01,Dry,,,,,,,,
Property Damage Crashes,DA34330055,Prince George's County Police,Front to Rear,Prince George's,Principal Arterial – Other,No,Yes,No,No,No,CRAIN HWY (SB/L),301,UNITED STATE ROUTE,No,True,No,2/6/2025,No,Point,38.826255395,-76.734810086,PGCOPD,03,16,03,No,15,,15:50,2025,Thursday,12,Motor Vehicle In Transport,05,On Roadway,3,,,,PEERLESS AVE,,09,Through Roadway,01,Daylight,2/6/2025,2025-02-06,S,25.69,F,N,,,303D68F4FCDDA822AD62876F9F33602BBF6D3C88B15A4F217503B95CC09DC0C7,US,02,"Yes, School Bus Directly Involved",,,,,01,Dry,,,,,,,,
Property Damage Crashes,DA3464007W,Prince George's County Police,"Sideswipe, Opposite Direction",Prince George's,,No,Yes,No,No,No,,123,COUNTY ROAD,No,True,No,3/15/2025,No,Point,38.817379882,-76.948926895,PGCOPD,06,16,03,No,13,,13:47,2025,Saturday,12,Motor Vehicle In Transport,05,On Roadway,,,,,,,06,Non-Junction,01,Daylight,3/15/2025,2025-03-15,N,17.42,F,N,,,7B004622158C8052DDF110412A6F7B63CC27954ADC63F591C1F331ACC8C99C3D,CO,01,No,,,,,01,Dry,,,,,,,,
Property Damage Crashes,MSP744200Q0,Maryland State Police,"Sideswipe, Same Direction",Prince George's,Interstate,No,No,No,No,No,CAPITAL BELTWAY (SB/L),95,INTERSTATE ROUTE,No,True,No,1/1/2025,No,Point,39.013748570,-76.906898450,MSP,07,16,03,No,1,,01:50,2025,Wednesday,12,Motor Vehicle In Transport,05,On Roadway,1,,,,,,09,Through Roadway,04,Dark - Not Lighted,1/1/2025,2025-01-01,N,9.28,F,N,,,85D3E0F4225E94A75F864AC46C849F439A6F9EA12CC8261338B7134B2461753D,IS,01,No,12,Motor Vehicle In Transport,05,On Roadway,01,Dry,,,,,,,,
Property Damage Crashes,DA43450020,Prince George's County Police,"Sideswipe, Same Direction",Prince George's,Local,No,No,No,No,No,BARNABY LA,1185,COUNTY ROAD,No,True,No,1/8/2025,No,Point,38.821316436,-76.967912440,PGCOPD,07,16,03,No,18,,18:00,2025,Wednesday,12,Motor Vehicle In Transport,07,"On Shoulder, Right Side",7,,,,WHEELER RD,,01,Acceleration/Deceleration Lane,03,Dark - Lighted,1/8/2025,2025-01-08,E,26.75,F,N,,,A066455A7D3A855BB0F4EF4024D521D8158046BBC0411AA3A057F6A4D9E10602,CO,01,No,,,,,01,Dry,,,,,,,,
Property Damage Crashes,DA2864002Q,Prince George's County Police,Front to Rear,Prince George's,Minor Arterial,No,No,No,No,No,MARLBORO PIKE (NB/L),3074,COUNTY ROAD,No,True,No,1/19/2025,No,Point,38.848555524,-76.879730930,PGCOPD,03,16,03,No,13,,13:05,2025,Sunday,12,Motor Vehicle In Transport,05,On Roadway,4,,,,,,06,Non-Junction,01,Daylight,1/19/2025,2025-01-19,E,44.22,F,N,,,8D895E6CA324AA09A29C5D2717E4104F87BF00B5F2917421D5C71A4321DE3241,CO,01,No,97,Not Applicable,,,09,Wet,,,,,,,,
Injury Crashes,DA43630016,Prince George's County Police,Single Vehicle,Prince George's,Major Collector,No,No,No,No,No,DUCKETTOWN RD,47,COUNTY ROAD,No,True,No,5/18/2025,No,Point,39.010550453,-76.786923988,PGCOPD,101,16,02,No,21,,21:33,2025,Sunday,08,Thrown Or Falling Object,05,On Roadway,5,,,,,,09,Through Roadway,04,Dark - Not Lighted,5/18/2025,2025-05-18,W,60.19,F,N,,,7179144EDA0F43EB9784043949486CDD08C54933AAFD7A38223B4454947D34C1,CO,01,No,,,,,01,Dry,,,,,,,,
Property Damage Crashes,MSP7865002M,Maryland State Police,Front to Rear,Prince George's,Interstate,No,No,No,No,No,RAMP 9 FR IS 595 WB TO MD 950 SB,95,RAMP,No,True,No,5/5/2025,No,Point,38.94633905,-76.849943883,MSP,03,16,03,No,7,,07:13,2025,Monday,12,Motor Vehicle In Transport,05,On Roadway,1,,,,,,06,Non-Junction,01,Daylight,5/5/2025,2025-05-05,W,19.09,F,N,,,2FFEE7A9EC8C9E0932CF0159596FE9FEF383D549073B3B3193E37AC5F26A9B04,RP,01,No,,,,,01,Dry,,,,,,,,
Property Damage Crashes,MSP7665009N,Maryland State Police,Single Vehicle,Prince George's,Interstate,No,No,No,No,No,CAPITAL BELTWAY,95,INTERSTATE ROUTE,No,True,No,1/21/2025,No,Point,38.957813481,-76.865200043,MSP,101,16,03,No,21,,21:52,2025,Tuesday,25,Concrete Traffic Barrier,09,Roadside,1,,,,,,06,Non-Junction,04,Dark - Not Lighted,1/21/2025,2025-01-21,S,33.5,F,N,,,E0463DEABADCBB2E6BE36FFDA552F65A9A40E3BBF3249D9FFDF609727625E865,IS,01,No,,,,,01,Dry,,,,,,,,
Property Damage Crashes,GE02530019,Morningside Police Department,Front to Rear,Prince George's,Principal Arterial – Other Freeways and Expressways,No,No,No,No,No,ALLENTOWN RD (SB/L),337,MARYLAND ROUTE,No,True,No,3/25/2025,No,Point,38.822582820,-76.884402987,MORNINGSIDE,03,16,03,No,17,,17:08,2025,Tuesday,12,Motor Vehicle In Transport,05,On Roadway,2,,,,,,06,Non-Junction,01,Daylight,3/25/2025,2025-03-25,E,33.85,F,N,,,FBAFD5C89130C4FCD36EA912056D4D5EDF848C2C18C0B9927134E35EBDC3D02A,MD,01,No,,,,,01,Dry,,,,,,,,
Property Damage Crashes,DA34180002,Prince George's County Police,Other,Prince George's,Local,No,No,No,No,No,OLD CENTRAL AVE,978,MARYLAND ROUTE,No,True,No,5/14/2025,No,Point,38.897839744,-76.723662937,PGCOPD,98,16,03,No,22,,22:00,2025,Wednesday,12,Motor Vehicle In Transport,05,On Roadway,7,,,,,,01,Acceleration/Deceleration Lane,04,Dark - Not Lighted,5/14/2025,2025-05-14,N,10.73,F,N,,,C47A3BB8AAA5E6854ADCAB716502A47375D94C8BBF57B641194A6DFF14A3FD94,MD,01,No,,,,,01,Dry,,,,,,,,
Property Damage Crashes,DA393900G9,Prince George's County Police,Front to Front,Prince George's,Major Collector,No,No,No,No,No,SURREY SERVICE DR,2832,COUNTY ROAD,No,True,No,1/16/2025,No,Point,38.849167968,-76.905053002,PGCOPD,02,16,03,No,0,,00:23,2025,Thursday,12,Motor Vehicle In Transport,05,On Roadway,5,,,,,,06,Non-Junction,03,Dark - Lighted,1/16/2025,2025-01-16,E,24.1,F,N,,,9AC1FB91BBE0B45F6799B162B898FA5BDD068CD1E3827458701B32B1811B223C,CO,01,No,,,,,01,Dry,,,,,,,,
Property Damage Crashes,DA22590007,Prince George's County Police,"Sideswipe, Same Direction",Prince George's,Principal Arterial – Other,No,Yes,No,No,No,ST BARNABAS RD (WB/L),414,MARYLAND ROUTE,No,True,No,3/6/2025,No,Point,38.805475572,-76.974873853,PGCOPD,07,16,03,No,9,,09:30,2025,Thursday,12,Motor Vehicle In Transport,05,On Roadway,3,,,,,,06,Non-Junction,01,Daylight,3/6/2025,2025-03-06,E,8.84,F,N,,,74F757740B23407C36E415E92EF6C177890058A3050D6D5B3D0F2DC0F2035BD3,MD,01,No,,,,,01,Dry,,,,,,,,
Property Damage Crashes,CC02990017,Hyattsville Police Department,Front to Rear,Prince George's,Local,No,No,No,No,No,TOLEDO TERR,1819,COUNTY ROAD,No,True,No,2/27/2025,No,Point,38.967909247,-76.962226356,HYATTSVILLE,03,16,03,No,21,,21:56,2025,Thursday,12,Motor Vehicle In Transport,05,On Roadway,7,,,,,,06,Non-Junction,03,Dark - Lighted,2/27/2025,2025-02-27,S,27.48,F,N,,,620BE4CA2D7AAC411DF60FFC07BEDD89425CCB210E3F25F71924E6F01253B3A9,CO,01,No,,,,,01,Dry,,,,,,,,
Property Damage Crashes,MSP546601RT,Maryland State Police,Front to Rear,Prince George's,Interstate,No,No,No,No,No,CAPITAL BELTWAY,95,INTERSTATE ROUTE,No,True,No,2/20/2025,No,Point,38.819036726,-76.929026978,MSP,03,16,03,No,15,,15:05,2025,Thursday,12,Motor Vehicle In Transport,05,On Roadway,1,,,,,,09,Through Roadway,01,Daylight,2/20/2025,2025-02-20,E,37.79,F,N,,,07E637D8AD2F93431A7F4A67E5BF50976B78F43A87DB365BA799992B8C2BE657,IS,01,No,,,,,01,Dry,,,,,,,,
Property Damage Crashes,MSP7764009P,Maryland State Police,"Sideswipe, Same Direction",Prince George's,Interstate,No,No,No,No,No,CAPITAL BELTWAY (SB/L),95,INTERSTATE ROUTE,No,True,No,6/3/2025,No,Point,39.018531667,-76.919258333,MSP,07,16,03,No,15,,15:24,2025,Tuesday,12,Motor Vehicle In Transport,05,On Roadway,1,,,,,,06,Non-Junction,01,Daylight,6/3/2025,2025-06-03,S,37.68,F,N,,,8A67B526FD9422C6C101DE56438E2C76C3B01254C7F3F8BD326178B06D489F5D,IS,01,No,,,,,01,Dry,,,,,,,,
Property Damage Crashes,DA4379001N,Prince George's County Police,"Sideswipe, Opposite Direction",Prince George's,Local,No,No,No,No,No,DEAN DR,2202,COUNTY ROAD,No,True,No,4/14/2025,No,Point,38.972521638,-76.962168246,PGCOPD,06,16,03,No,11,,11:13,2025,Monday,12,Motor Vehicle In Transport,05,On Roadway,7,,,,,,01,Acceleration/Deceleration Lane,01,Daylight,4/14/2025,2025-04-14,N,262.94,F,N,,,89F5FFD62219CB57D8EA1E88261FFE02D1A7447D9827B62322D8E3FE65014655,CO,01,No,12,Motor Vehicle In Transport,05,On Roadway,01,Dry,,,,,,,,
Injury Crashes,DA44100013,Prince George's County Police,Angle,Prince George's,Principal Arterial – Other,No,No,No,No,No,NEW HAMPSHIRE AVE,650,MARYLAND ROUTE,No,True,No,5/16/2025,No,Point,38.996345791,-76.984723769,PGCOPD,01,16,02,No,6,04,06:14,2025,Friday,12,Motor Vehicle In Transport,05,On Roadway,3,Perpendicular,,,QUEBEC ST,03,05,Intersection or Related,01,Daylight,5/16/2025,2025-05-16,N,0,F,N,,,C6E7A83859BEBAE5B8595877178B4599B77C35AD507E373CD5BBCB3BD77FFF35,MD,01,No,,,,,01,Dry,01,Signalized,,,,,,
Injury Crashes,DA37290098,Prince George's County Police,Single Vehicle,Prince George's,Minor Collector,No,No,No,No,No,FLORAL PARK RD,225,COUNTY ROAD,Yes,True,No,1/24/2025,No,Point,38.703365466,-76.910050284,PGCOPD,101,16,02,No,14,,14:58,2025,Friday,41,Utility Pole/Light Support,09,Roadside,6,,,,,,06,Non-Junction,01,Daylight,1/24/2025,2025-01-24,W,28.25,F,N,,,E67DB4541077432D16CE206BA1DAA142EF4E3547988A3CD26F61FB74BECCA8DA,CO,01,No,,,,,01,Dry,,,,,,,,
Injury Crashes,DA3667003B,Prince George's County Police,Front to Front,Prince George's,Local,No,No,No,No,No,HARRY S TRUMAN DR,3465,COUNTY ROAD,No,True,No,3/18/2025,No,Point,38.899322589,-76.846752287,PGCOPD,02,16,02,No,20,,20:44,2025,Tuesday,12,Motor Vehicle In Transport,05,On Roadway,7,,,,,,06,Non-Junction,03,Dark - Lighted,3/18/2025,2025-03-18,N,31.74,F,N,,,C232D3AEA7142D01771652B6FDD58F188048A4849A4CE7A948F259D24214E172,CO,01,No,,,,,01,Dry,,,,,,,,
Injury Crashes,MSP7665009J,Maryland State Police,Single Vehicle,Prince George's,Interstate,No,No,No,No,No,RAMP 2 FR IS 95 WB TO MD 201 NB,95,RAMP,No,True,No,1/19/2025,No,Point,39.002649292,-76.893044950,MSP,101,16,02,Yes,20,,20:30,2025,Sunday,29,Embankment,09,Roadside,1,,,,,,04,Entrance/Exit Ramp or Related,04,Dark - Not Lighted,1/19/2025,2025-01-19,N,16.56,F,N,,,AA8F0733C6769565317E8762FEF045DAA8162560DC01BE06D5169E48508475B7,RP,01,No,32,Guardrail Face,09,Roadside,02,Ice/Frost,,,,,,,,
Injury Crashes,DA4327003L,Prince George's County Police,Angle,Prince George's,Local,No,No,No,No,No,BOONES LA,728,COUNTY ROAD,No,True,No,2/14/2025,No,Point,38.852546115,-76.880601393,PGCOPD,01,16,02,No,13,,13:53,2025,Friday,12,Motor Vehicle In Transport,05,On Roadway,7,,,,,,04,Entrance/Exit Ramp or Related,01,Daylight,2/14/2025,2025-02-14,E,16.17,F,N,,,51EE186C8344EEBA78095E20EF245620BB4AE4990BD09E6489345A7266E82D95,CO,01,No,,,,,01,Dry,,,,,,,,
Property Damage Crashes,DA4429000G,Prince George's County Police,"Sideswipe, Same Direction",Prince George's,,No,Yes,No,No,No,FOX STREAM WAY,2602,LOCAL ROAD,Yes,True,No,3/4/2025,No,Point,38.834927871,-76.844490567,PGCOPD,07,16,03,No,15,,15:44,2025,Tuesday,12,Motor Vehicle In Transport,05,On Roadway,,,,,,,09,Through Roadway,01,Daylight,3/4/2025,2025-03-04,W,47.26,F,N,,,2CE8ACBD675EB1DC61DBFBC4E2CD7F81406D9AD44F87E1AA6005FB5950A12904,LL,02,"Yes, School Bus Directly Involved",,,,,01,Dry,,,,,,,,
Property Damage Crashes,AM03640025,Bladensburg Police Department,"Sideswipe, Opposite Direction",Prince George's,,No,No,No,No,Yes,,,,No,True,No,1/16/2025,No,Point,38.939928001,-76.932816450,BLADENSBURG,06,16,03,,13,,13:30,2025,Thursday,12,Motor Vehicle In Transport,02,In Parking Lane Or Zone,,,,,,,,,01,Daylight,1/16/2025,2025-01-16,,,F,N,100,Parking Stall,,,01,No,,,,,,,,,,,,,,
Property Damage Crashes,DA4301003T,Prince George's County Police,"Sideswipe, Same Direction",Prince George's,Local,No,No,No,No,No,SERVICE RD E,210,MARYLAND ROUTE,No,True,No,3/23/2025,No,Point,38.740787948,-76.992808780,PGCOPD,07,16,03,No,20,,20:25,2025,Sunday,12,Motor Vehicle In Transport,05,On Roadway,7,,,,,,06,Non-Junction,05,Dark - Unknown Lighting,3/23/2025,2025-03-23,N,1055.82,F,N,,,0E6E9DF3EC14687615A5A82E96F2EC76F90E01B457971CF8453E92EC8DD35EBF,MD,01,No,,,,,01,Dry,,,,,,,,
Property Damage Crashes,DA404800GS,Prince George's County Police,Front to Front,Prince George's,Principal Arterial – Other,No,No,No,No,No,OXON HILL RD (WB/L),414,MARYLAND ROUTE,No,True,No,1/18/2025,No,Point,38.803266941,-76.989588881,PGCOPD,02,16,03,No,21,04,21:20,2025,Saturday,12,Motor Vehicle In Transport,05,On Roadway,3,Perpendicular,,,LIVINGSTON RD,03,05,Intersection or Related,03,Dark - Lighted,1/18/2025,2025-01-18,N,0,F,N,,,F1D515710844E7732D5D48E56A56D1C2CE14CDA3A9D66E801E8A362DAFE6D6F7,MD,01,No,,,,,01,Dry,01,Signalized,,,,,,
Property Damage Crashes,RD01240056,Riverdale Park Police Department,Unknown,Prince George's,,No,No,No,No,Yes,,,,No,True,No,1/5/2025,No,Point,38.959345428,-76.917882993,RIVERDALE,99,16,03,,17,,17:01,2025,Sunday,15,Parked Vehicle,02,In Parking Lane Or Zone,,,,,,,,,03,Dark - Lighted,1/5/2025,2025-01-05,,,F,N,102,Parking Lot Way,,,01,No,,,,,,,,,,,,,,
Property Damage Crashes,AZ1749000N,Cheverly Police Department,Angle,Prince George's,Major Collector,No,No,No,No,No,KILMER ST,205,MUNICIPAL ROAD,No,True,No,5/22/2025,No,Point,38.932557020,-76.901964023,CHEVERLY,01,16,03,No,19,,19:00,2025,Thursday,12,Motor Vehicle In Transport,05,On Roadway,5,,,,,,06,Non-Junction,01,Daylight,5/22/2025,2025-05-22,N,45.44,F,N,,,4161D1548CF086AE20E703839F95B08359073AB4B0A64A0607AB1DEF6A7F050F,MU,01,No,27,Curb,09,Roadside,01,Dry,,,,,,,,
Property Damage Crashes,DA3304004T,Prince George's County Police,Front to Rear,Prince George's,Principal Arterial – Other Freeways and Expressways,No,No,No,No,No,INDIAN HEAD HWY,210,MARYLAND ROUTE,No,True,No,5/14/2025,No,Point,38.658819748,-77.024948601,PGCOPD,03,16,03,No,5,,05:14,2025,Wednesday,12,Motor Vehicle In Transport,05,On Roadway,2,,,,,,06,Non-Junction,100,Dawn,5/14/2025,2025-05-14,N,8.83,F,N,,,C8DFF64A35822646068A2B2F9A56CA91E007AC462285CFD414FE21BBAF190C23,MD,01,No,,,,,09,Wet,,,,,,,,
Property Damage Crashes,MSP78750033,Maryland State Police,Single Vehicle,Prince George's,Interstate,No,No,No,No,No,CAPITAL BELTWAY,95,INTERSTATE ROUTE,No,True,No,4/10/2025,No,Point,38.817658333,-76.907106667,MSP,101,16,03,No,17,,17:48,2025,Thursday,05,Jackknife,05,On Roadway,1,,,,,,06,Non-Junction,01,Daylight,4/10/2025,2025-04-10,N,41.6,F,N,,,6DA2955FC94546765CE139E1FEC625E8C40DCD194B3015C04243E465F2A535C2,IS,01,No,,,,,01,Dry,,,,,,,,
Property Damage Crashes,DA4379001Z,Prince George's County Police,"Sideswipe, Same Direction",Prince George's,Major Collector,Yes,No,No,No,No,23RD AVE,680,COUNTY ROAD,No,True,No,6/4/2025,No,Point,38.981043882,-76.971054508,PGCOPD,07,16,03,No,3,,03:25,2025,Wednesday,12,Motor Vehicle In Transport,05,On Roadway,5,,,,,,01,Acceleration/Deceleration Lane,03,Dark - Lighted,6/4/2025,2025-06-04,N,16.07,F,N,,,8AB28F51F6309308BE8B69378B127E015988504264F49FC8CF206D3ADFFE42E2,CO,01,No,,,,,01,Dry,,,,,,,,
Property Damage Crashes,DA4135006F,Prince George's County Police,Rear To Side,Prince George's,,No,No,No,No,No,,1446,PRIVATE ROAD,No,True,No,1/15/2025,No,Point,39.055317594,-76.937360108,PGCOPD,05,16,03,No,14,,14:33,2025,Wednesday,12,Motor Vehicle In Transport,02,In Parking Lane Or Zone,,,,,,,06,Non-Junction,01,Daylight,1/15/2025,2025-01-15,W,3.71,F,N,,,7B028007A330819EBA1D111F08A6C3D8A4BB7A3753856C51A075E4E81E6E963A,PV,01,No,,,,,07,Snow,,,,,,,,
Property Damage Crashes,MSP744700MF,Maryland State Police,Single Vehicle,Prince George's,Principal Arterial – Other,Yes,No,No,No,No,BRANCH AVE (SB/L),5,MARYLAND ROUTE,No,True,No,2/5/2025,No,Point,38.740173333,-76.879091667,MSP,101,16,03,No,1,,01:17,2025,Wednesday,32,Guardrail Face,09,Roadside,3,,101,State,,,06,Non-Junction,04,Dark - Not Lighted,2/5/2025,2025-02-05,N,45.55,F,N,,,C64E54ABFF31745936E25E559AA308DFD0A693C3043098CEF74AF60B6C0159BA,MD,01,No,,,,,01,Dry,,,,,,,,
Property Damage Crashes,DA419600DV,Prince George's County Police,Front to Rear,Prince George's,Principal Arterial – Other,No,No,No,No,No,BRANCH AVE (SB/L),5,MARYLAND ROUTE,No,True,No,6/3/2025,No,Point,38.849052321,-76.953775004,PGCOPD,03,16,03,Unknown,15,,15:28,2025,Tuesday,12,Motor Vehicle In Transport,05,On Roadway,3,,,,,,99,Unknown,01,Daylight,6/3/2025,2025-06-03,S,27.15,F,N,,,1DB97C2C5F9267BA19DF8B804456D2F0D152D3148052C4B748A26170EEB74609,MD,01,No,,,,,01,Dry,,,,,,,,
Property Damage Crashes,DA3375007L,Prince George's County Police,Front to Front,Prince George's,Local,No,No,No,No,No,MILLVALE AVE,735,COUNTY ROAD,No,True,No,4/4/2025,No,Point,38.849932118,-76.877593188,PGCOPD,02,16,03,No,4,,04:00,2025,Friday,15,Parked Vehicle,05,On Roadway,7,,,,,,06,Non-Junction,05,Dark - Unknown Lighting,4/4/2025,2025-04-04,N,8.62,F,N,,,95816E47EEC747CFFEF5927EDEC41204EFDB8AB13889CB09EF6033043D9C125E,CO,01,No,,,,,01,Dry,,,,,,,,
Property Damage Crashes,DA4193007W,Prince George's County Police,Front to Rear,Prince George's,Principal Arterial – Other,No,No,No,No,No,BALTIMORE AVE,1,UNITED STATE ROUTE,No,True,No,2/17/2025,No,Point,39.014443981,-76.927642003,PGCOPD,03,16,03,No,16,,16:06,2025,Monday,12,Motor Vehicle In Transport,05,On Roadway,3,,,,,,06,Non-Junction,01,Daylight,2/17/2025,2025-02-17,N,26.37,F,N,,,199AE137D71D380BD6DB0BF3B98ACD45587F068ADD92D6C8AB511ED8B759D9F8,US,01,No,,,,,01,Dry,,,,,,,,
Injury Crashes,DA4395001H,Prince George's County Police,Single Vehicle,Prince George's,,No,No,No,Yes,Yes,,,,No,True,No,1/24/2025,No,Point,38.990378317,-76.988819110,PGCOPD,101,16,02,,23,,23:07,2025,Friday,17,Pedestrian,04,"Off-Roadway, Location Unknown",,,,,,,,,03,Dark - Lighted,1/24/2025,2025-01-24,,,F,N,102,Parking Lot Way,,,01,No,,,,,,,,,,,,,,
Injury Crashes,MSP78710041,Maryland State Police,"Sideswipe, Opposite Direction",Prince George's,Interstate,Yes,No,No,No,No,NO NAME,95,INTERSTATE ROUTE,No,True,No,5/15/2025,No,Point,39.068999736,-76.908446421,MSP,06,16,02,No,7,,07:14,2025,Thursday,12,Motor Vehicle In Transport,03,Median,1,,,,,,09,Through Roadway,01,Daylight,5/15/2025,2025-05-15,S,32.13,F,N,,,BCB1FD3BB49ED36E7CF659438CCD24BE667426C411F6F855ABAE66B46D8FF70B,IS,01,No,12,Motor Vehicle In Transport,05,On Roadway,09,Wet,,,,,,,,
Injury Crashes,DA4057008J,Prince George's County Police,Other,Prince George's,Minor Arterial,No,No,No,No,No,ANNAPOLIS RD (WB/L),450,MARYLAND ROUTE,No,True,No,1/26/2025,No,Point,38.964939340,-76.842463781,PGCOPD,98,16,02,Yes,11,,11:00,2025,Sunday,12,Motor Vehicle In Transport,05,On Roadway,4,,,,,,99,Unknown,01,Daylight,1/26/2025,2025-01-26,E,12.53,F,N,,,547105A87B9814026D7C8729CBB62C28C9A59347E3A9BEE5CECF2E907BEA99E5,MD,01,No,35,"Other Fixed Object (wall, building, tunnel, etc.)",04,"Off-Roadway, Location Unknown",01,Dry,,,,,,,,
Property Damage Crashes,DA3120005D,Prince George's County Police,Single Vehicle,Prince George's,Major Collector,No,No,No,No,No,ACCOKEEK RD,373,MARYLAND ROUTE,No,True,No,1/31/2025,No,Point,38.675099643,-76.945808328,PGCOPD,101,16,03,No,21,,21:16,2025,Friday,41,Utility Pole/Light Support,01,Gore,5,,,,,,09,Through Roadway,04,Dark - Not Lighted,1/31/2025,2025-01-31,S,24.44,F,N,,,1141A23F170D1FC87A77AC3B02AD88FFD0BCAFD8FA39937D527BBFD13EFFF07C,MD,01,No,,,,,09,Wet,,,,,,,,
Property Damage Crashes,MSP757700KD,Maryland State Police,Single Vehicle,Prince George's,Interstate,No,No,No,No,No,RAMP 5 FR US 1 SB TO RAMP 10 (TO IS 95),95,RAMP,No,True,No,5/1/2025,No,Point,39.017400894,-76.928117413,MSP,101,16,03,No,2,,02:33,2025,Thursday,27,Curb,03,Median,1,,,,,,04,Entrance/Exit Ramp or Related,03,Dark - Lighted,5/1/2025,2025-05-01,N,22.23,F,N,,,CD29F316C0DEEFF0471DC0C17FFABDED718BAFB31418DAF7964D5A61361E7DA4,RP,01,No,97,Not Applicable,,,01,Dry,,,,,,,,