Crash Severity Description,Reportnumber,Agencyname,CollisionImpact Description,Crash County Description,FunctionalClass Description,ImpairedCrash,Large Vehicle Involved,Motorcycle Crash,Non-Motorist Crash,OffRoad,RoadName,Route Number,RouteType Description,Unrestrained Occupants,WithinDateRange,Work Zone Related,Crashdate,Work Zone Crash,CrashPoint,Latitude,Longitude,AgencyCode,CollisionImpact,Crash County,Crash Severity,Crash Within Interchange,Crashhour,CrashInterchangeApproaches,Crashtime,CrashYear,Dayofweek,FirstHarmEvent,FirstHarmEvent Description,FirstHarmLocation,FirstHarmLocation Description,FunctionalClass,Geometry Description,GovPropertyDamage,GovPropertyDamage Description,IntersectingRoadName,Intersection Geometry,JunctionRelated,JunctionRelated Description,Light,Light Description,LOD Crash Date,LOD Date Level,MilepointDirection,MilepointDistance,MilepointUnits,NonTrafficFatal,OffroadLocation,OffroadLocation Description,RoadID,RouteType,SchoolBusRelated,SchoolBusRelated Description,SecondHarmEvent,SecondHarmEvent Description,SecondHarmLocation,SecondHarmLocation Description,Surface,Surface Description,TrafficControl,Trafficcontrol Description,WZLawEnforcementPresent,WZLocation,WZLocation Description,WZType,WZType Description,WZWorkersPresent
Injury Crashes,DA4176006S,Prince George's County Police,Unknown,Prince George's,,No,No,No,Yes,Yes,,,,No,True,No,3/27/2025,No,Point,38.8876691,-76.8513862,PGCOPD,99,16,02,,12,,12:10,2025,Thursday,17,Pedestrian,99,Unknown,,,,,,,,,01,Daylight,3/27/2025,2025-03-27,,,F,N,102,Parking Lot Way,,,01,No,,,,,,,,,,,,,,
Property Damage Crashes,DA381700LN,Prince George's County Police,"Sideswipe, Same Direction",Prince George's,Minor Arterial,No,No,No,No,No,PISCATAWAY RD,223,MARYLAND ROUTE,No,True,No,3/4/2025,No,Point,38.763905782,-76.906178712,PGCOPD,07,16,03,No,20,,20:55,2025,Tuesday,12,Motor Vehicle In Transport,05,On Roadway,4,,,,,,06,Non-Junction,05,Dark - Unknown Lighting,3/4/2025,2025-03-04,W,42.25,F,N,,,7812815FB71210F90AB7F8DFE583D0824F49238DD22E60DF79BF05945337E6CC,MD,01,No,,,,,01,Dry,,,,,,,,
Property Damage Crashes,MSP7872002W,Maryland State Police,"Sideswipe, Same Direction",Prince George's,Principal Arterial – Other,No,No,No,No,No,CRAIN HWY,301,UNITED STATE ROUTE,No,True,No,3/6/2025,No,Point,38.691731147,-76.872045299,MSP,07,16,03,No,1,,01:48,2025,Thursday,12,Motor Vehicle In Transport,05,On Roadway,3,,101,State,,,09,Through Roadway,04,Dark - Not Lighted,3/6/2025,2025-03-06,S,4.62,F,N,,,E8F82FA2F2E986B75C85A8F54BF90FC531E0984568C29B9C4B52FE8778C11F41,US,01,No,32,Guardrail Face,03,Median,09,Wet,,,,,,,,
Property Damage Crashes,MSP7843001J,Maryland State Police,Front to Rear,Prince George's,Interstate,No,No,No,No,No,CAPITAL BELTWAY,95,INTERSTATE ROUTE,No,True,No,3/7/2025,No,Point,38.952003333,-76.861866667,MSP,03,16,03,No,23,,23:04,2025,Friday,12,Motor Vehicle In Transport,05,On Roadway,1,,,,RAMP 3 FR IS 595/US 50 TO IS 95 NB,,06,Non-Junction,03,Dark - Lighted,3/7/2025,2025-03-07,E,40.01,F,N,,,AB151D38978898265ACB6DD0AE459C463CBACC84830BBCD25471339BEE806DE3,IS,01,No,,,,,01,Dry,,,,,,,,
Property Damage Crashes,MSP718600KV,Maryland State Police,Front to Front,Prince George's,Interstate,No,No,No,No,No,CAPITAL BELTWAY (SB/L),95,INTERSTATE ROUTE,No,True,No,5/14/2025,No,Point,38.819736622,-76.927338426,MSP,02,16,03,No,21,,21:30,2025,Wednesday,12,Motor Vehicle In Transport,05,On Roadway,1,,,,,,09,Through Roadway,05,Dark - Unknown Lighting,5/14/2025,2025-05-14,S,6.58,F,N,,,A8963E738398A51F355F95E5BDB008125CE1752CA85E7876FE06159AA23B1DC4,IS,01,No,,,,,01,Dry,,,,,,,,
Property Damage Crashes,MSP7765007L,Maryland State Police,Angle,Prince George's,Major Collector,No,No,No,No,No,SURRATTS RD,130,COUNTY ROAD,No,True,No,4/14/2025,No,Point,38.750417488,-76.879427265,MSP,01,16,03,No,0,04,00:13,2025,Monday,12,Motor Vehicle In Transport,05,On Roadway,5,Perpendicular,,,BRANCH AVE,03,05,Intersection or Related,03,Dark - Lighted,4/14/2025,2025-04-14,W,0,F,N,,,2C3F93D7DA6B921750687AF2CE6A5454115C8D6FC1DAC30116E25AA1AB9430A6,CO,01,No,,,,,01,Dry,01,Signalized,,,,,,
Injury Crashes,DA44000017,Prince George's County Police,Single Vehicle,Prince George's,Major Collector,Yes,No,No,No,No,MYRTLE AVE,570,COUNTY ROAD,Yes,True,No,4/5/2025,No,Point,38.808187544,-76.955140974,PGCOPD,101,16,02,No,21,,21:25,2025,Saturday,41,Utility Pole/Light Support,09,Roadside,5,,,,,,09,Through Roadway,03,Dark - Lighted,4/5/2025,2025-04-05,E,62.71,F,N,,,6F0CA6EB076EF9388C7112421BAA530D06C88EFF0BED5C3A851157D47FF11BB6,CO,01,No,,,,,01,Dry,,,,,,,,
Injury Crashes,AM03930018,Bladensburg Police Department,Angle,Prince George's,Local,No,No,No,No,No,EDMONSTON RD,769,MARYLAND ROUTE,No,True,No,2/25/2025,No,Point,38.942222726,-76.933489804,BLADENSBURG,01,16,02,Yes,18,04,18:50,2025,Tuesday,12,Motor Vehicle In Transport,05,On Roadway,7,Perpendicular,,,TILDEN RD,03,05,Intersection or Related,03,Dark - Lighted,2/25/2025,2025-02-25,N,0,F,N,,,CF803F4C83D6D6F32BDD4C6650376C5B360B15A0A49E8F201498E9EF0C22A13B,MD,01,No,,,,,01,Dry,01,Signalized,,,,,,
Injury Crashes,DA415600D4,Prince George's County Police,Rear To Side,Prince George's,Minor Arterial,No,No,No,No,No,RITCHIE RD,87,COUNTY ROAD,No,True,No,2/17/2025,No,Point,38.868775192,-76.857137118,PGCOPD,05,16,02,Yes,7,03,07:00,2025,Monday,12,Motor Vehicle In Transport,05,On Roadway,4,Angled/Skewed,,,FOREST PARK DR,01,05,Intersection or Related,01,Daylight,2/17/2025,2025-02-17,W,0,F,N,,,6BD06267F7145AD79C9505D4713CE8202240DD444772BAF8FF53C9A2DB500C9D,CO,01,No,,,,,01,Dry,01,Signalized,,,,,,
Property Damage Crashes,BW02160009,Greenbelt Police Department,Front to Rear,Prince George's,Local,No,No,No,No,No,HANOVER PKWY (NB/L),205,MUNICIPAL ROAD,Yes,True,No,1/27/2025,No,Point,38.993265907,-76.874629177,GREENBELT,03,16,03,No,21,,21:40,2025,Monday,12,Motor Vehicle In Transport,05,On Roadway,7,,,,,,06,Non-Junction,05,Dark - Unknown Lighting,1/27/2025,2025-01-27,S,15.1,F,N,,,B5F093ADEC72124A09A2FC14D20AB1C44E750965E8E683A7C40B297EFD8714B0,MU,01,No,,,,,01,Dry,,,,,,,,
Property Damage Crashes,MSP7839002P,Maryland State Police,Front to Rear,Prince George's,Interstate,No,No,No,No,No,NO NAME (SB/L),95,INTERSTATE ROUTE,No,True,No,3/1/2025,No,Point,39.040325,-76.936885,MSP,03,16,03,No,18,,18:50,2025,Saturday,12,Motor Vehicle In Transport,05,On Roadway,1,,,,,,06,Non-Junction,04,Dark - Not Lighted,3/1/2025,2025-03-01,W,23.86,F,N,,,95C889050F6DB5799C7384B4DE8E041310BED3B8B9D8F13F3C3C619E3FA14C4E,IS,01,No,,,,,01,Dry,,,,,,,,
Property Damage Crashes,MSP7664008Q,Maryland State Police,"Sideswipe, Opposite Direction",Prince George's,Major Collector,No,Yes,No,No,No,ACCOKEEK RD,373,MARYLAND ROUTE,No,True,No,2/4/2025,No,Point,38.677919899,-76.939544406,MSP,06,16,03,No,15,,15:02,2025,Tuesday,12,Motor Vehicle In Transport,05,On Roadway,5,,,,,,09,Through Roadway,01,Daylight,2/4/2025,2025-02-04,S,41.05,F,N,,,A9F03DA3C4F59A589561D798A1EC12BBCBA603CEC00B7DCE8625536BAC73E0C9,MD,02,"Yes, School Bus Directly Involved",,,,,01,Dry,,,,,,,,
Property Damage Crashes,DA43570033,Prince George's County Police,Other,Prince George's,Local,No,Yes,No,No,No,OAK LEAF CT,3881,COUNTY ROAD,No,True,No,5/1/2025,No,Point,38.758786694,-76.892046199,PGCOPD,98,16,03,No,7,,07:04,2025,Thursday,12,Motor Vehicle In Transport,05,On Roadway,7,,,,,,06,Non-Junction,01,Daylight,5/1/2025,2025-05-01,E,4.94,F,N,,,1AB6F9E7C751EEEE67B4D0A9CBADE5C015859DE41A7535BABF9294BA50035363,CO,02,"Yes, School Bus Directly Involved",,,,,01,Dry,,,,,,,,
Injury Crashes,DA3777003H,Prince George's County Police,Front to Rear,Prince George's,,No,No,No,No,No,,356,SPUR,No,True,No,1/10/2025,No,Point,38.897459723,-76.807730213,PGCOPD,03,16,02,No,12,,12:25,2025,Friday,12,Motor Vehicle In Transport,05,On Roadway,,,,,,,04,Entrance/Exit Ramp or Related,01,Daylight,1/10/2025,2025-01-10,S,20.37,F,N,,,5B771E8AE628FDF8E002395F415C81CDEDD81724ABF1F30CA54F3262BC4AEA53,SP,01,No,,,,,06,Slush,,,,,,,,
Injury Crashes,MSP745000JP,Maryland State Police,Front to Front,Prince George's,Principal Arterial – Other,No,No,No,No,No,RAMP 6 FR MD 3E EB TO MD 3 SB,3,RAMP,No,True,No,4/11/2025,No,Point,38.963360437,-76.717169729,MSP,02,16,02,No,23,,23:58,2025,Friday,12,Motor Vehicle In Transport,05,On Roadway,3,,,,CRAIN HWY (SB/L),,09,Through Roadway,04,Dark - Not Lighted,4/11/2025,2025-04-11,N,50.84,F,N,,,026E8E5515E6D8FDBC8ADC12EF4029707497740E7206D25B86500DEFFCD2215E,RP,01,No,,,,,09,Wet,,,,,,,,
Property Damage Crashes,DA42870029,Prince George's County Police,"Sideswipe, Same Direction",Prince George's,,No,No,No,No,No,,21,COUNTY ROAD,No,True,No,3/27/2025,No,Point,39.060567750,-76.841923754,PGCOPD,07,16,03,No,4,,04:00,2025,Thursday,12,Motor Vehicle In Transport,05,On Roadway,,,,,,,06,Non-Junction,04,Dark - Not Lighted,3/27/2025,2025-03-27,N,27.36,F,N,,,B68AB8ED862E3C50106BC3DD8215FD74D1D757640DE0F452F8DE2287F3552E46,CO,01,No,,,,,01,Dry,,,,,,,,
Property Damage Crashes,MSP7776005Q,Maryland State Police,Single Vehicle,Prince George's,Principal Arterial – Other Freeways and Expressways,No,No,No,No,No,JOHN HANSON HWY,50,UNITED STATE ROUTE,No,True,No,3/31/2025,No,Point,38.919141579,-76.935753210,MSP,101,16,03,No,16,,16:21,2025,Monday,13,Other Non-Fixed Object,09,Roadside,2,,,,,,06,Non-Junction,01,Daylight,3/31/2025,2025-03-31,W,56.28,F,N,,,A34D39C91D4BA4FA31322DDC26B7F0B8DA82C11ECBBB03D425EF8CD88AD94224,US,01,No,,,,,01,Dry,,,,,,,,
Property Damage Crashes,DA4278007F,Prince George's County Police,Front to Rear,Prince George's,Minor Arterial,Yes,No,No,No,No,ANNAPOLIS RD,450,MARYLAND ROUTE,No,True,No,5/5/2025,No,Point,38.961292415,-76.862955413,PGCOPD,03,16,03,No,21,,21:45,2025,Monday,12,Motor Vehicle In Transport,05,On Roadway,4,,,,,,09,Through Roadway,03,Dark - Lighted,5/5/2025,2025-05-05,S,16.22,F,N,,,312CC37E00A1D2BE2C25F772A747B67E0E0976184B8062FC572619661D3A849D,MD,01,No,,,,,09,Wet,,,,,,,,
Property Damage Crashes,DA4363000Q,Prince George's County Police,"Sideswipe, Same Direction",Prince George's,Principal Arterial – Other,No,No,No,No,No,ANNAPOLIS RD,450,MARYLAND ROUTE,No,True,No,2/18/2025,No,Point,38.957033993,-76.807052871,PGCOPD,07,16,03,No,15,,15:10,2025,Tuesday,12,Motor Vehicle In Transport,05,On Roadway,3,,,,,,09,Through Roadway,01,Daylight,2/18/2025,2025-02-18,S,15.49,F,N,,,B4C3436EC3FB65680645D0E10FFA5A4040515E23B56CECD505D07D585E692BAE,MD,01,No,,,,,01,Dry,,,,,,,,
Injury Crashes,DA3985004T,Prince George's County Police,Angle,Prince George's,Major Collector,No,No,No,No,No,OLD CRAIN HWY,1212,COUNTY ROAD,No,True,No,5/6/2025,No,Point,38.809276252,-76.766033406,PGCOPD,01,16,02,Yes,20,03,20:25,2025,Tuesday,12,Motor Vehicle In Transport,05,On Roadway,5,Perpendicular,,,WILLIAM BEANES RD,03,05,Intersection or Related,04,Dark - Not Lighted,5/6/2025,2025-05-06,E,0,F,N,,,62E879937A3B1784E0648CFCCBCFF796695EBD255459888A19CAF2397DF3E0CC,CO,01,No,28,Ditch,09,Roadside,01,Dry,05,No Controls,,,,,,
Property Damage Crashes,DA3001006N,Prince George's County Police,"Sideswipe, Same Direction",Prince George's,Minor Arterial,No,Yes,No,No,No,OLD BALTIMORE PIKE,23,COUNTY ROAD,No,True,No,5/20/2025,No,Point,39.045790339,-76.893260879,PGCOPD,07,16,03,No,8,,08:00,2025,Tuesday,12,Motor Vehicle In Transport,05,On Roadway,4,,,,,,06,Non-Junction,01,Daylight,5/20/2025,2025-05-20,W,13.58,F,N,,,76BF72A9F33D35D1E8019DC5ECDF83C3E4ADB8796909804BA1EF2A5DA748AB8A,CO,01,No,12,Motor Vehicle In Transport,05,On Roadway,01,Dry,,,,,,,,
Property Damage Crashes,MSP7787006D,Maryland State Police,"Sideswipe, Same Direction",Prince George's,Minor Arterial,No,No,No,No,No,OLD BALTIMORE PIKE,23,COUNTY ROAD,Yes,True,No,4/28/2025,No,Point,39.058171183,-76.882880067,MSP,07,16,03,No,15,,15:09,2025,Monday,12,Motor Vehicle In Transport,05,On Roadway,4,,101,State,,,06,Non-Junction,01,Daylight,4/28/2025,2025-04-28,E,48.83,F,N,,,C9583ADBBEEB2CF908F3F321A4EEF2090620074DFB4E5D42CBDA97F397EE27D0,CO,01,No,,,,,01,Dry,,,,,,,,
Property Damage Crashes,MSP78710044,Maryland State Police,Single Vehicle,Prince George's,Interstate,No,No,No,No,No,IS 95 NB CD LANE FR MD 200 TO MD 198,95,INTERSTATE ROUTE,No,True,No,5/16/2025,No,Point,39.065679217,-76.910151983,MSP,101,16,03,No,7,,07:31,2025,Friday,32,Guardrail Face,01,Gore,1,,101,State,,,09,Through Roadway,01,Daylight,5/16/2025,2025-05-16,W,23.27,F,N,,,C6C58FCBEE4EC10FDFB60BE2E511AB802064ED144D88C83AC51D913B4B82E581,IS,01,No,,,,,01,Dry,,,,,,,,
Property Damage Crashes,DA33760021,Prince George's County Police,Front to Front,Prince George's,Minor Arterial,No,No,No,No,No,RIGGS RD,212,MARYLAND ROUTE,No,True,No,1/13/2025,No,Point,38.984154395,-76.979110072,PGCOPD,02,16,03,Yes,17,,17:50,2025,Monday,12,Motor Vehicle In Transport,05,On Roadway,4,,,,,,09,Through Roadway,03,Dark - Lighted,1/13/2025,2025-01-13,S,62.55,F,N,,,D6C82312E9CA71F4A3568D2669A26702BB5000A0DCA51FC384259BD0F7CCECFF,MD,01,No,,,,,01,Dry,,,,,,,,
Injury Crashes,DA4410000T,Prince George's County Police,"Sideswipe, Same Direction",Prince George's,Major Collector,No,No,Yes,No,No,,501,MARYLAND ROUTE,No,True,No,2/21/2025,No,Point,38.959051718,-76.987941778,PGCOPD,07,16,02,No,18,,18:24,2025,Friday,12,Motor Vehicle In Transport,02,In Parking Lane Or Zone,5,,,,,,06,Non-Junction,03,Dark - Lighted,2/21/2025,2025-02-21,W,50.68,F,N,,,E2C24FF33C89319DBBCEEBCEA8C1D01A4FEE0E9224A730D0A33C78518AE15823,MD,01,No,,,,,01,Dry,,,,,,,,
Property Damage Crashes,MSP745800SY,Maryland State Police,Front to Rear,Prince George's,Interstate,No,No,No,No,No,CAPITAL BELTWAY,95,INTERSTATE ROUTE,No,True,No,5/13/2025,No,Point,38.864215,-76.847008333,MSP,03,16,03,No,8,,08:39,2025,Tuesday,12,Motor Vehicle In Transport,05,On Roadway,1,,,,,,01,Acceleration/Deceleration Lane,01,Daylight,5/13/2025,2025-05-13,W,47.7,F,N,,,2F26A8B2AEFCA855466326C500EB757A7D20227C1587F63D2D23D54F5B73A99F,IS,01,No,,,,,09,Wet,,,,,,,,
Property Damage Crashes,DA4395001Y,Prince George's County Police,"Sideswipe, Same Direction",Prince George's,,No,Yes,No,No,No,,921,CROSSOVER,No,True,No,3/26/2025,No,Point,38.990251691,-76.987544994,PGCOPD,07,16,03,Yes,8,,08:39,2025,Wednesday,12,Motor Vehicle In Transport,05,On Roadway,,,,,NEW HAMPSHIRE AVE (SB/L),,02,Crossover-Related,01,Daylight,3/26/2025,2025-03-26,W,23,F,N,,,7334B684466B8D072982730843AE292D35F66CEEBDCE5E7814F3EF901D8D4A83,XO,02,"Yes, School Bus Directly Involved",,,,,01,Dry,,,,,,,,
Property Damage Crashes,DA4297003Z,Prince George's County Police,Other,Prince George's,,No,No,No,No,Yes,,,,No,True,No,4/18/2025,No,Point,39.076360050,-76.849963850,PGCOPD,98,16,03,,15,,15:11,2025,Friday,15,Parked Vehicle,02,In Parking Lane Or Zone,,,,,,,,,01,Daylight,4/18/2025,2025-04-18,,,F,N,101,Parking Aisle,,,01,No,,,,,,,,,,,,,,
Property Damage Crashes,MSP744700MC,Maryland State Police,Front to Rear,Prince George's,Principal Arterial – Other,Yes,No,No,No,No,CRAIN HWY (SB/L),301,UNITED STATE ROUTE,No,True,No,1/30/2025,No,Point,38.795916793,-76.765859857,MSP,03,16,03,No,21,,21:49,2025,Thursday,12,Motor Vehicle In Transport,05,On Roadway,3,,,,,,06,Non-Junction,04,Dark - Not Lighted,1/30/2025,2025-01-30,N,44.64,F,N,,,D8F76D5C63993BD5F8E439878E5C59004428A274BE1C7C2DEA818C18D78EE45D,US,01,No,,,,,01,Dry,,,,,,,,
Property Damage Crashes,DA3372004D,Prince George's County Police,Angle,Prince George's,Principal Arterial – Other,No,No,No,No,No,OXON HILL RD,414,MARYLAND ROUTE,No,True,No,4/30/2025,No,Point,38.803283278,-76.990773180,PGCOPD,01,16,03,No,8,,08:35,2025,Wednesday,12,Motor Vehicle In Transport,05,On Roadway,3,,,,,,06,Non-Junction,01,Daylight,4/30/2025,2025-04-30,E,19.64,F,N,,,D76938C2A060F2AA09D7AEDA199DBBB40D3283B830482E4F1176F20C3CFACCBB,MD,01,No,,,,,01,Dry,,,,,,,,
Property Damage Crashes,DA416800BN,Prince George's County Police,Unknown,Prince George's,,No,No,No,No,Yes,,,,No,True,No,1/1/2025,No,Point,38.766573600,-76.995092784,PGCOPD,99,16,03,,1,,01:17,2025,Wednesday,12,Motor Vehicle In Transport,02,In Parking Lane Or Zone,,,,,,,,,03,Dark - Lighted,1/1/2025,2025-01-01,,,F,N,102,Parking Lot Way,,,01,No,,,,,,,,,,,,,,
Property Damage Crashes,MSP647600JX,Maryland State Police,"Sideswipe, Opposite Direction",Prince George's,Principal Arterial – Other,No,No,No,No,No,CENTRAL AVE,214,MARYLAND ROUTE,No,True,No,5/25/2025,No,Point,38.900739127,-76.735974904,MSP,06,16,03,No,20,,20:29,2025,Sunday,12,Motor Vehicle In Transport,05,On Roadway,3,,,,,,09,Through Roadway,04,Dark - Not Lighted,5/25/2025,2025-05-25,N,22.33,F,N,,,7CBDC2E46C7182C17F015712AE2B8B458DB344E4D6B0DBD535355BF10A7F5A53,MD,01,No,,,,,01,Dry,,,,,,,,
Property Damage Crashes,DA419600DG,Prince George's County Police,Angle,Prince George's,Major Collector,No,No,No,No,No,OLSON ST,3705,COUNTY ROAD,No,True,No,3/25/2025,No,Point,38.828392600,-76.950866586,PGCOPD,01,16,03,No,7,,07:49,2025,Tuesday,12,Motor Vehicle In Transport,05,On Roadway,5,,,,RALEIGH RD,,99,Unknown,01,Daylight,3/25/2025,2025-03-25,W,57.18,F,N,,,E3BA9B21799AC7EB916AACA7AB535518EA0192738A3F284E299D38423B6620C7,CO,01,No,,,,,01,Dry,,,,,,,,
Property Damage Crashes,DA3377005D,Prince George's County Police,Front to Rear,Prince George's,Major Collector,No,No,No,No,No,OLD FORT RD,118,COUNTY ROAD,No,True,No,4/9/2025,No,Point,38.734496035,-76.975935734,PGCOPD,03,16,03,No,20,,20:21,2025,Wednesday,15,Parked Vehicle,05,On Roadway,5,,,,,,06,Non-Junction,03,Dark - Lighted,4/9/2025,2025-04-09,S,18.81,F,N,,,D9199E67F460112BDAB51D77F421D180BC66631D500A6C6871FC59E7F053F215,CO,01,No,,,,,01,Dry,,,,,,,,
Injury Crashes,MSP746700F4,Maryland State Police,Front to Rear,Prince George's,Principal Arterial – Other,No,No,No,No,No,BRANCH AVE (SB/L),5,MARYLAND ROUTE,No,True,No,1/8/2025,No,Point,38.801915033,-76.903951963,MSP,03,16,02,No,21,,21:12,2025,Wednesday,12,Motor Vehicle In Transport,05,On Roadway,3,,,,,,06,Non-Junction,04,Dark - Not Lighted,1/8/2025,2025-01-08,N,39.3,F,N,,,01307CCA4B4BCBEAD6C75925E2975DD9499F3ACD7CDCBD6F07775D80938D30C0,MD,01,No,,,,,01,Dry,,,,,,,,
Property Damage Crashes,DA392000CJ,Prince George's County Police,Other,Prince George's,Minor Arterial,No,No,No,No,No,ANNAPOLIS RD (WB/L),450,MARYLAND ROUTE,No,True,No,4/16/2025,No,Point,38.938777022,-76.910851690,PGCOPD,98,16,03,No,16,,16:23,2025,Wednesday,12,Motor Vehicle In Transport,05,On Roadway,4,,,,,,06,Non-Junction,01,Daylight,4/16/2025,2025-04-16,E,55.01,F,N,,,A5D61445D687DB97825E3976C3B6B6A17B1D8F18201EC993BA2636A24B44509D,MD,01,No,,,,,01,Dry,,,,,,,,
Injury Crashes,MSP718600KS,Maryland State Police,"Sideswipe, Same Direction",Prince George's,Principal Arterial – Other,No,No,No,No,No,CENTRAL AVE (WB/L),214,MARYLAND ROUTE,Yes,True,No,5/14/2025,No,Point,38.902907827,-76.742667278,MSP,07,16,02,No,16,04,16:43,2025,Wednesday,12,Motor Vehicle In Transport,05,On Roadway,3,Angled/Skewed,,,DEVONWOOD DR,01,05,Intersection or Related,01,Daylight,5/14/2025,2025-05-14,N,0,F,N,,,E78DC11B725B5A6248C493B00EA86499FC0BA93C4803F3FAEB355FF3C0FF4DC7,MD,01,No,12,Motor Vehicle In Transport,05,On Roadway,01,Dry,01,Signalized,,,,,,
Property Damage Crashes,MSP7875002N,Maryland State Police,Single Vehicle,Prince George's,Principal Arterial – Other,No,No,No,No,No,PENNSYLVANIA AVE (SB/L),4,MARYLAND ROUTE,No,True,No,3/17/2025,No,Point,38.812635,-76.79419,MSP,101,16,03,No,21,,21:05,2025,Monday,05,Jackknife,05,On Roadway,3,,,,,,06,Non-Junction,04,Dark - Not Lighted,3/17/2025,2025-03-17,N,12.85,F,N,,,0B3FFD6AB7652578F7288CDABE61AB03F31969D9EE25E7DCD7A08D2C0E7E460D,MD,01,No,,,,,01,Dry,,,,,,,,
Injury Crashes,RD01270074,Riverdale Park Police Department,Single Vehicle,Prince George's,Principal Arterial – Other,No,No,No,Yes,No,,1,UNITED STATE ROUTE,No,True,No,5/5/2025,No,Point,38.964543277,-76.939030877,RIVERDALE,101,16,02,Yes,15,04,15:08,2025,Monday,17,Pedestrian,05,On Roadway,3,Perpendicular,,,EAST WEST HWY,03,05,Intersection or Related,01,Daylight,5/5/2025,2025-05-05,W,0,F,N,,,CCB9D28FEE704EC295E1C2814CDFFA051F24309BD470A459DD2DE1F092281EFA,US,01,No,,,,,09,Wet,01,Signalized,,,,,,
Property Damage Crashes,DA423700CY,Prince George's County Police,Angle,Prince George's,Local,No,No,No,No,No,15TH AVE,2760,COUNTY ROAD,No,True,No,5/12/2025,No,Point,38.988091417,-76.981119161,PGCOPD,01,16,03,No,17,,17:31,2025,Monday,12,Motor Vehicle In Transport,09,Roadside,7,,,,,,09,Through Roadway,01,Daylight,5/12/2025,2025-05-12,N,76.34,F,N,,,88EF4604EF78077E6EBE7293C3C59F481630012605835706AC087F13C391F289,CO,01,No,,,,,01,Dry,,,,,,,,
Property Damage Crashes,DA43910011,Prince George's County Police,Other,Prince George's,Principal Arterial – Other,No,No,No,No,No,SILVER HILL RD (SB/L),458,MARYLAND ROUTE,No,True,No,3/27/2025,No,Point,38.851687491,-76.920018558,PGCOPD,98,16,03,Yes,18,03,18:45,2025,Thursday,12,Motor Vehicle In Transport,05,On Roadway,3,Perpendicular,,,BROOKS DR,03,05,Intersection or Related,01,Daylight,3/27/2025,2025-03-27,E,0,F,N,,,72BBF2481786F2A4DDCBF5CFBD3AAE4F21D854E9B2321C9D47B9CD460B9FC3D8,MD,01,No,,,,,01,Dry,01,Signalized,,,,,,
Property Damage Crashes,DA4313003C,Prince George's County Police,Unknown,Prince George's,,No,No,No,No,Yes,,,,No,True,No,3/11/2025,No,Point,38.818874525,-76.891046186,PGCOPD,99,16,03,,21,,21:41,2025,Tuesday,15,Parked Vehicle,04,"Off-Roadway, Location Unknown",,,,,,,,,03,Dark - Lighted,3/11/2025,2025-03-11,,,F,N,102,Parking Lot Way,,,01,No,,,,,,,,,,,,,,
Injury Crashes,MSP7657007N,Maryland State Police,"Sideswipe, Same Direction",Prince George's,Interstate,Yes,No,No,No,No,CAPITAL BELTWAY (SB/L),95,INTERSTATE ROUTE,No,True,No,3/21/2025,No,Point,38.834497480,-76.870748286,MSP,07,16,02,No,21,,21:40,2025,Friday,12,Motor Vehicle In Transport,05,On Roadway,1,,,,,,06,Non-Junction,03,Dark - Lighted,3/21/2025,2025-03-21,S,5.57,F,N,,,03B2A14B99A2F8540C48F87BCE1308F39C74F4C657FE0D61331748A402347E0F,IS,01,No,12,Motor Vehicle In Transport,05,On Roadway,01,Dry,,,,,,,,
Property Damage Crashes,DA4308004N,Prince George's County Police,"Sideswipe, Same Direction",Prince George's,,No,No,No,No,No,,122,COUNTY ROAD,No,True,No,4/19/2025,No,Point,38.803873415,-76.955666228,PGCOPD,07,16,03,No,8,,08:00,2025,Saturday,12,Motor Vehicle In Transport,05,On Roadway,,,,,,,06,Non-Junction,99,Unknown,4/19/2025,2025-04-19,E,19.88,F,N,,,C6EF1EA15BF47A110C51A6590AAC745E025204F51D3B0C5E518DC28DF2FF21E4,CO,01,No,,,,,01,Dry,,,,,,,,
Fatal Crashes,MSP738100BT,Maryland State Police,Single Vehicle,Prince George's,Principal Arterial – Other Freeways and Expressways,No,No,No,No,No,BRANCH AVE,5,MARYLAND ROUTE,Yes,True,No,2/20/2025,No,Point,38.799899892,-76.902229413,MSP,101,16,01,No,20,,20:21,2025,Thursday,31,Guardrail End Terminal,10,Separator/Traffic Island,2,,101,State,,,01,Acceleration/Deceleration Lane,03,Dark - Lighted,2/20/2025,2025-02-20,W,20.24,F,N,,,FE42EF7F32BB020F5BB6D15B897122313403D349C8ECBF62CDB97B89DE6265BB,MD,01,No,,,,,01,Dry,,,,,,,,
Injury Crashes,DA3223004M,Prince George's County Police,Front to Rear,Prince George's,Principal Arterial – Other Freeways and Expressways,No,No,No,No,No,INDIAN HEAD HWY (SB/L),210,MARYLAND ROUTE,No,True,No,5/1/2025,No,Point,38.677888084,-77.003534736,PGCOPD,03,16,02,No,17,,17:24,2025,Thursday,12,Motor Vehicle In Transport,05,On Roadway,2,,,,,,09,Through Roadway,01,Daylight,5/1/2025,2025-05-01,N,24.5,F,N,,,9FF273C7E7C06CF3FD7C3DF2F6F5D95D082B573270CE389C1AFECCADBC2747E9,MD,01,No,,,,,01,Dry,,,,,,,,