Crash Severity Description,Reportnumber,Agencyname,CollisionImpact Description,Crash County Description,FunctionalClass Description,ImpairedCrash,Large Vehicle Involved,Motorcycle Crash,Non-Motorist Crash,OffRoad,RoadName,Route Number,RouteType Description,Unrestrained Occupants,WithinDateRange,Work Zone Related,Crashdate,Work Zone Crash,CrashPoint,Latitude,Longitude,AgencyCode,CollisionImpact,Crash County,Crash Severity,Crash Within Interchange,Crashhour,CrashInterchangeApproaches,Crashtime,CrashYear,Dayofweek,FirstHarmEvent,FirstHarmEvent Description,FirstHarmLocation,FirstHarmLocation Description,FunctionalClass,Geometry Description,GovPropertyDamage,GovPropertyDamage Description,IntersectingRoadName,Intersection Geometry,JunctionRelated,JunctionRelated Description,Light,Light Description,LOD Crash Date,LOD Date Level,MilepointDirection,MilepointDistance,MilepointUnits,NonTrafficFatal,OffroadLocation,OffroadLocation Description,RoadID,RouteType,SchoolBusRelated,SchoolBusRelated Description,SecondHarmEvent,SecondHarmEvent Description,SecondHarmLocation,SecondHarmLocation Description,Surface,Surface Description,TrafficControl,Trafficcontrol Description,WZLawEnforcementPresent,WZLocation,WZLocation Description,WZType,WZType Description,WZWorkersPresent
Property Damage Crashes,DA3476004J,Prince George's County Police,Single Vehicle,Prince George's,Local,No,No,No,Yes,No,NIAGARA RD #1,910,MUNICIPAL ROAD,No,True,No,1/3/2025,No,Point,39.017437571,-76.920306656,PGCOPD,101,16,03,No,21,02,21:28,2025,Friday,17,Pedestrian,05,On Roadway,7,Perpendicular,,,RHODE ISLAND AVE #2,03,05,Intersection or Related,03,Dark - Lighted,1/3/2025,2025-01-03,N,0,F,N,,,A9FAE2E07A21EF1CE07E31EAE62A7529FC0E8D1AC1FE8D52FF0D578F141F446A,MU,01,No,14,Other Non-Motorist,05,On Roadway,02,Ice/Frost,02,Stop - All Way,,,,,,
Property Damage Crashes,MSP78650034,Maryland State Police,Single Vehicle,Prince George's,Principal Arterial – Other Freeways and Expressways,No,No,No,No,No,JOHN HANSON HWY,50,UNITED STATE ROUTE,No,True,No,5/25/2025,No,Point,38.919126990,-76.934426091,MSP,101,16,03,No,4,,04:19,2025,Sunday,28,Ditch,09,Roadside,2,,,,,,06,Non-Junction,04,Dark - Not Lighted,5/25/2025,2025-05-25,E,37.51,F,N,,,B70F0D79E37F5D0C5402E945B2A9E4F03753F2AA02C4827DDC1FE0B54992D6CD,US,01,No,,,,,01,Dry,,,,,,,,
Property Damage Crashes,DA43550034,Prince George's County Police,Angle,Prince George's,,No,No,No,No,Yes,,,,No,True,No,5/16/2025,No,Point,38.895779510,-76.824656669,PGCOPD,01,16,03,,20,,20:00,2025,Friday,12,Motor Vehicle In Transport,05,On Roadway,,,,,,,,,03,Dark - Lighted,5/16/2025,2025-05-16,,,F,N,102,Parking Lot Way,,,01,No,,,,,,,,,,,,,,
Property Damage Crashes,DA4052002D,Prince George's County Police,Front to Rear,Prince George's,Local,No,No,No,No,No,IMPERIAL OAKS LN,7314,COUNTY ROAD,No,True,No,5/27/2025,No,Point,38.8279814,-76.8475197,PGCOPD,03,16,03,No,22,,22:22,2025,Tuesday,12,Motor Vehicle In Transport,05,On Roadway,7,,,,,,06,Non-Junction,03,Dark - Lighted,5/27/2025,2025-05-27,E,31.84,F,N,,,BC1E7926016EBFEF7E890012B41E40264228DF867E5A34FE8D5DD87C96DD2FAE,CO,01,No,,,,,01,Dry,,,,,,,,
Injury Crashes,MSP585801GJ,Maryland State Police,Front to Rear,Prince George's,Interstate,No,No,No,No,No,CAPITAL BELTWAY (SB/L),95,INTERSTATE ROUTE,No,True,No,3/25/2025,No,Point,38.811692134,-76.962683321,MSP,03,16,02,No,11,,11:46,2025,Tuesday,12,Motor Vehicle In Transport,05,On Roadway,1,,,,,,09,Through Roadway,01,Daylight,3/25/2025,2025-03-25,S,23.61,F,N,,,9A5EF4C7C14AECD774DCCDD238181A3EAFFF4CF69CD39D07E05F32596B1E6EE3,IS,01,No,,,,,01,Dry,,,,,,,,
Property Damage Crashes,DA351500CR,Prince George's County Police,Angle,Prince George's,Minor Arterial,No,No,No,No,No,ANNAPOLIS RD,450,MARYLAND ROUTE,No,True,No,1/31/2025,No,Point,38.965112204,-76.844084630,PGCOPD,01,16,03,No,19,,19:25,2025,Friday,12,Motor Vehicle In Transport,05,On Roadway,4,,,,,,06,Non-Junction,03,Dark - Lighted,1/31/2025,2025-01-31,E,14.24,F,N,,,8757D6854C12E772EB50298BE944B66BE8E30D5EBB7F6534985A0FB03E90959E,MD,01,No,12,Motor Vehicle In Transport,05,On Roadway,09,Wet,,,,,,,,
Property Damage Crashes,CE5240002P,Laurel Police Department,Angle,Prince George's,,No,No,No,No,No,,415,MUNICIPAL ROAD,No,True,No,1/30/2025,No,Point,39.094227333,-76.875622278,LAUREL,01,16,03,No,17,,17:05,2025,Thursday,12,Motor Vehicle In Transport,05,On Roadway,,,,,CHERRY LA CHERRY LA (WB/L),,06,Non-Junction,101,Dusk,1/30/2025,2025-01-30,N,26.21,F,N,,,8591139B1AC08AEE1EF3E92476B5136440AD7537DDED989E01505FDD6DD51B1D,MU,01,No,,,,,01,Dry,,,,,,,,
Property Damage Crashes,DA42190066,Prince George's County Police,Other,Prince George's,Local,No,No,No,No,No,STAMP RD,2655,COUNTY ROAD,No,True,No,5/3/2025,No,Point,38.823839944,-76.942052159,PGCOPD,98,16,03,No,17,,17:30,2025,Saturday,12,Motor Vehicle In Transport,05,On Roadway,7,,,,,,06,Non-Junction,01,Daylight,5/3/2025,2025-05-03,E,49.68,F,N,,,AE64EE476B3E8F03E0C974331993810DC63DFCEB2811F9D1B9B79E48C0ABB012,CO,01,No,,,,,01,Dry,,,,,,,,
Property Damage Crashes,DA281000G9,Prince George's County Police,Rear To Side,Prince George's,Local,No,No,No,No,No,FORBES BLVD,4224,COUNTY ROAD,No,True,No,5/4/2025,No,Point,38.962811711,-76.833133567,PGCOPD,05,16,03,No,16,04,16:49,2025,Sunday,12,Motor Vehicle In Transport,05,On Roadway,7,Angled/Skewed,,,ANNAPOLIS RD (WB/L),01,05,Intersection or Related,01,Daylight,5/4/2025,2025-05-04,S,0,F,N,,,243AC0B28BD1AA6E4D32BDC9685EAE464F68D194F206007D335A6884CC2F8BDD,CO,01,No,12,Motor Vehicle In Transport,05,On Roadway,01,Dry,01,Signalized,,,,,,
Injury Crashes,MDTA14500003,Maryland Transportation Authority Police,Front to Rear,Prince George's,Principal Arterial – Other Freeways and Expressways,No,No,No,No,No,INTERCOUNTY CONNECTOR,200,MARYLAND ROUTE,Yes,True,No,3/31/2025,No,Point,39.073878207,-76.919319363,MDTA,03,16,02,Yes,15,,15:19,2025,Monday,12,Motor Vehicle In Transport,05,On Roadway,2,,,,,,01,Acceleration/Deceleration Lane,01,Daylight,3/31/2025,2025-03-31,W,9.93,F,N,,,B584E4C4F7A640DE747EB075802F70CBB5B1917BA302E4B91998A9AEE6F3512F,MD,01,No,,,,,01,Dry,,,,,,,,
Property Damage Crashes,DA43080049,Prince George's County Police,"Sideswipe, Same Direction",Prince George's,,No,No,No,No,No,ALLENTOWN RD (SB/L),126,COUNTY ROAD,No,True,No,2/3/2025,No,Point,38.793485440,-76.928092991,PGCOPD,07,16,03,No,15,,15:15,2025,Monday,12,Motor Vehicle In Transport,05,On Roadway,,,,,,,06,Non-Junction,01,Daylight,2/3/2025,2025-02-03,N,5.54,F,N,,,06C3C8A72DD797510CF1958B1B21D3D83D75819CE37C3EF84E8DD9366F0B360B,CO,01,No,,,,,01,Dry,,,,,,,,
Property Damage Crashes,DA43980012,Prince George's County Police,"Sideswipe, Same Direction",Prince George's,,No,No,No,No,Yes,,,,No,True,No,4/29/2025,No,Point,38.842239893,-76.927213071,PGCOPD,07,16,03,,17,,17:26,2025,Tuesday,12,Motor Vehicle In Transport,02,In Parking Lane Or Zone,,,,,,,,,01,Daylight,4/29/2025,2025-04-29,,,F,N,102,Parking Lot Way,,,01,No,,,,,,,,,,,,,,
Property Damage Crashes,DA2969000Y,Prince George's County Police,"Sideswipe, Opposite Direction",Prince George's,Local,No,No,No,No,No,MOORES RD,823,COUNTY ROAD,No,True,No,2/19/2025,No,Point,38.714012088,-76.879118136,PGCOPD,06,16,03,No,8,,08:50,2025,Wednesday,12,Motor Vehicle In Transport,05,On Roadway,7,,,,,,06,Non-Junction,01,Daylight,2/19/2025,2025-02-19,N,49.45,F,N,,,2F22190F700DB3096A3A8D73B8C2B460CEBC488F1C0A01A885E57D79CAA3A4B6,CO,01,No,,,,,01,Dry,,,,,,,,
Property Damage Crashes,DA4414000K,Prince George's County Police,Front to Rear,Prince George's,Local,No,No,No,No,No,28TH PKWY,1661,COUNTY ROAD,No,True,No,4/5/2025,No,Point,38.8454589,-76.9594957,PGCOPD,03,16,03,No,22,,22:24,2025,Saturday,12,Motor Vehicle In Transport,09,Roadside,7,,,,,,06,Non-Junction,04,Dark - Not Lighted,4/5/2025,2025-04-05,W,39.57,F,N,,,0FAB5DBB5CFC39FAC7164205F2A576C679D63442A336CEE3CC1298F4ECE81992,CO,01,No,,,,,01,Dry,,,,,,,,
Injury Crashes,MSP745800S4,Maryland State Police,Front to Rear,Prince George's,Principal Arterial – Other Freeways and Expressways,No,No,No,No,No,BRANCH AVE,5,MARYLAND ROUTE,No,True,No,4/19/2025,No,Point,38.820096667,-76.919645,MSP,03,16,02,No,8,,08:21,2025,Saturday,12,Motor Vehicle In Transport,05,On Roadway,2,,,,,,01,Acceleration/Deceleration Lane,01,Daylight,4/19/2025,2025-04-19,S,39.86,F,N,,,97557B014629EA690D4436BE5DE26654EBFE2D2F5F675F518DF8CD24D62274F8,MD,01,No,,,,,01,Dry,,,,,,,,
Property Damage Crashes,DA4339002X,Prince George's County Police,"Sideswipe, Same Direction",Prince George's,Principal Arterial – Other Freeways and Expressways,No,No,No,No,No,INDIAN HEAD HWY (SB/L),210,MARYLAND ROUTE,No,True,No,2/18/2025,No,Point,38.768391879,-76.994963636,PGCOPD,07,16,03,No,19,,19:34,2025,Tuesday,12,Motor Vehicle In Transport,99,Unknown,2,,,,,,99,Unknown,03,Dark - Lighted,2/18/2025,2025-02-18,S,7.07,F,N,,,5F8A658C614FE1003DEE1395E6B39FC24BED11202EE8461D5C48F360532A20A2,MD,01,No,,,,,01,Dry,,,,,,,,
Injury Crashes,MSP746700FY,Maryland State Police,Front to Rear,Prince George's,Interstate,No,No,No,No,No,CAPITAL BELTWAY (SB LOCAL),95,INTERSTATE ROUTE,No,True,No,4/19/2025,No,Point,38.800936667,-77.004358333,MSP,03,16,02,No,5,,05:00,2025,Saturday,12,Motor Vehicle In Transport,05,On Roadway,1,,,,,,09,Through Roadway,04,Dark - Not Lighted,4/19/2025,2025-04-19,S,33.13,F,N,,,2990A7DB7130CDD3A95725338B6D518795272909D7B0AF6B4EA9693ED57118D4,IS,01,No,,,,,01,Dry,,,,,,,,
Property Damage Crashes,DA421200FZ,Prince George's County Police,Angle,Prince George's,Principal Arterial – Other,No,No,No,No,No,KENILWORTH AVE,201,MARYLAND ROUTE,No,True,No,4/29/2025,No,Point,38.921399561,-76.931369024,PGCOPD,01,16,03,Yes,23,02,23:45,2025,Tuesday,12,Motor Vehicle In Transport,05,On Roadway,3,Angled/Skewed,,,RAMP 8 FR MD 201 SB TO MD 459 WB,01,05,Intersection or Related,04,Dark - Not Lighted,4/29/2025,2025-04-29,N,0,F,N,,,D159E03F3128886E4E8187155DBD746AFF64C11D9BFE4FD2BBA63D95DDC1BBE2,MD,01,No,,,,,01,Dry,03,Stop - Partial,,,,,,
Injury Crashes,DA411200D3,Prince George's County Police,Angle,Prince George's,Principal Arterial – Other,No,No,No,No,No,PENNSYLVANIA AVE,4,MARYLAND ROUTE,No,True,No,5/25/2025,No,Point,38.860312809,-76.918577488,PGCOPD,01,16,02,No,16,02,16:56,2025,Sunday,12,Motor Vehicle In Transport,05,On Roadway,3,Perpendicular,,,BROOKS DR,03,05,Intersection or Related,01,Daylight,5/25/2025,2025-05-25,E,0,F,N,,,D6A25166205EA5A71BC6511ACD88A7032CA0994B0A2055CB47109D597FE3D34C,MD,01,No,,,,,01,Dry,01,Signalized,,,,,,
Property Damage Crashes,DA4038007D,Prince George's County Police,"Sideswipe, Same Direction",Prince George's,Local,No,No,No,No,No,WEIMAR CT,3875,COUNTY ROAD,No,True,No,1/16/2025,No,Point,38.772501095,-76.895455913,PGCOPD,07,16,03,No,9,,09:00,2025,Thursday,15,Parked Vehicle,05,On Roadway,7,,,,,,09,Through Roadway,01,Daylight,1/16/2025,2025-01-16,W,34.81,F,N,,,CEA8F622C96F2FA87CE4CC14CAC7D046819FA8526A2E9432EA1D3F0AF454E8D9,CO,01,No,,,,,02,Ice/Frost,,,,,,,,
Property Damage Crashes,CE5294001H,Laurel Police Department,"Sideswipe, Opposite Direction",Prince George's,,No,Yes,No,No,Yes,,,,No,True,No,1/30/2025,No,Point,39.083071871,-76.889209198,LAUREL,06,16,03,,13,,13:49,2025,Thursday,12,Motor Vehicle In Transport,02,In Parking Lane Or Zone,,,,,,,,,01,Daylight,1/30/2025,2025-01-30,,,F,N,100,Parking Stall,,,01,No,,,,,,,,,,,,,,
Property Damage Crashes,DA345600F5,Prince George's County Police,"Sideswipe, Same Direction",Prince George's,Major Collector,No,No,No,No,No,CAMPUS DR (WB/L),193,MARYLAND ROUTE,No,True,No,3/12/2025,No,Point,38.985551537,-76.955351792,PGCOPD,07,16,03,No,15,,15:59,2025,Wednesday,12,Motor Vehicle In Transport,05,On Roadway,5,,,,,,06,Non-Junction,01,Daylight,3/12/2025,2025-03-12,E,31.12,F,N,,,77646EA051A9D3B3F72254361B89BBDF5B41266F92D4BDFAE37B47E0CCDB06C7,MD,01,No,,,,,01,Dry,,,,,,,,
Property Damage Crashes,MSP744700M5,Maryland State Police,Front to Rear,Prince George's,Principal Arterial – Other,No,No,No,No,No,CRAIN HWY (SB/L),301,UNITED STATE ROUTE,No,True,No,1/29/2025,No,Point,38.691990948,-76.872990825,MSP,03,16,03,No,18,,18:20,2025,Wednesday,12,Motor Vehicle In Transport,05,On Roadway,3,,,,,,04,Entrance/Exit Ramp or Related,04,Dark - Not Lighted,1/29/2025,2025-01-29,S,16.44,F,N,,,A9715FB5661CC4C10C14EC9FF78F5B65454B5C5309582CC23CB3D99FEF396D2F,US,01,No,,,,,01,Dry,,,,,,,,
Property Damage Crashes,DA3661009H,Prince George's County Police,Front to Rear,Prince George's,Major Collector,No,No,No,No,No,WALKER MILL RD,367,COUNTY ROAD,Yes,True,No,6/6/2025,No,Point,38.864054297,-76.903444064,PGCOPD,03,16,03,No,21,,21:04,2025,Friday,12,Motor Vehicle In Transport,05,On Roadway,5,,,,,,09,Through Roadway,03,Dark - Lighted,6/6/2025,2025-06-06,E,19.51,F,N,,,0400367384DB45BFE091962B3B94310D2A69E01C7975A7E80885004DDC577356,CO,01,No,,,,,01,Dry,,,,,,,,
Injury Crashes,DA43200031,Prince George's County Police,Rear To Side,Prince George's,Principal Arterial – Other,No,No,No,No,No,MARTIN LUTHER KING JR HWY (WB/L),704,MARYLAND ROUTE,No,True,No,4/17/2025,No,Point,38.956089225,-76.826839861,PGCOPD,05,16,02,Yes,19,,19:21,2025,Thursday,12,Motor Vehicle In Transport,05,On Roadway,3,,,,,,03,Driveway Access or Related,101,Dusk,4/17/2025,2025-04-17,W,24.55,F,N,,,161D8E0EA6A81BEE07A59D9D9A9CCC2CFB1BB97EF264E467F2712FAC65D6CD73,MD,01,No,,,,,01,Dry,,,,,,,,
Property Damage Crashes,DA309400BS,Prince George's County Police,Single Vehicle,Prince George's,Local,No,No,No,No,No,POWDER MILL RD,6,GOVERNMENT ROAD,No,True,No,3/5/2025,No,Point,39.047847840,-76.816408889,PGCOPD,101,16,03,No,17,,17:00,2025,Wednesday,08,Thrown Or Falling Object,05,On Roadway,7,,,,,,06,Non-Junction,01,Daylight,3/5/2025,2025-03-05,N,46.41,F,N,,,AABDCA3808FF0AB865E076A05AD422CE6FAD5A213BF7E5C7D1A14F036C7561D7,GV,01,No,,,,,09,Wet,,,,,,,,
Property Damage Crashes,MSP77870062,Maryland State Police,"Sideswipe, Same Direction",Prince George's,Interstate,Yes,No,No,No,No,NO NAME (SB/L),95,INTERSTATE ROUTE,No,True,No,4/3/2025,No,Point,39.113271126,-76.876343828,MSP,07,16,03,No,20,,20:49,2025,Thursday,12,Motor Vehicle In Transport,05,On Roadway,1,,,,,,06,Non-Junction,04,Dark - Not Lighted,4/3/2025,2025-04-03,N,28.27,F,N,,,8D7B8695AB07DD8110D1F073485E41D76F73473D5B527964425A59388891767A,IS,01,No,,,,,01,Dry,,,,,,,,
Property Damage Crashes,CE5357000N,Laurel Police Department,Other,Prince George's,Major Collector,No,No,No,No,No,FOURTH ST,9040,MUNICIPAL ROAD,No,True,No,3/8/2025,No,Point,39.105945911,-76.847933453,LAUREL,98,16,03,No,19,,19:30,2025,Saturday,12,Motor Vehicle In Transport,05,On Roadway,5,,,,MAIN ST,,01,Acceleration/Deceleration Lane,03,Dark - Lighted,3/8/2025,2025-03-08,S,10.87,F,N,,,41A0FDE2EA9D272685F4FFBA96099610382B41C83A82544EEB45459E70DCF81D,MU,01,No,,,,,01,Dry,,,,,,,,
Property Damage Crashes,AZ1747000G,Cheverly Police Department,"Sideswipe, Same Direction",Prince George's,Principal Arterial – Other,No,No,No,No,No,LANDOVER RD (SB/L),202,MARYLAND ROUTE,No,True,No,1/22/2025,No,Point,38.935732784,-76.918663531,CHEVERLY,07,16,03,No,18,,18:27,2025,Wednesday,12,Motor Vehicle In Transport,05,On Roadway,3,,,,,,06,Non-Junction,03,Dark - Lighted,1/22/2025,2025-01-22,N,21.38,F,N,,,99FC2FFF9938B0B9091FC42524FD240E0A7DE685AA1FC56AC851E3EC256E8C29,MD,01,No,,,,,01,Dry,,,,,,,,
Property Damage Crashes,MSP746700FB,Maryland State Police,"Sideswipe, Same Direction",Prince George's,Interstate,No,No,No,No,No,CAPITAL BELTWAY,95,INTERSTATE ROUTE,No,True,No,2/21/2025,No,Point,38.849521667,-76.860317318,MSP,07,16,03,No,16,,16:19,2025,Friday,12,Motor Vehicle In Transport,05,On Roadway,1,,,,,,09,Through Roadway,01,Daylight,2/21/2025,2025-02-21,S,34.66,F,N,,,7286246C760088CAFBC45F3E3772E23E38CB9BB047D0A407B6945FF8B9DB5ECD,IS,01,No,,,,,01,Dry,,,,,,,,
Property Damage Crashes,MSP757700K7,Maryland State Police,Front to Rear,Prince George's,Interstate,No,No,No,No,No,CAPITAL BELTWAY (SB/L),95,INTERSTATE ROUTE,No,True,No,4/24/2025,No,Point,38.971446058,-76.869513333,MSP,03,16,03,No,15,,15:16,2025,Thursday,12,Motor Vehicle In Transport,05,On Roadway,1,,,,,,09,Through Roadway,01,Daylight,4/24/2025,2025-04-24,E,37.34,F,N,,,1EFE04B555B7369B722F01F1FF12096490AD366A1872D18B66E9B77DF3C6EF6C,IS,01,No,97,Not Applicable,,,01,Dry,,,,,,,,
Property Damage Crashes,DA4427000N,Prince George's County Police,Front to Rear,Prince George's,Local,No,No,No,No,No,LIVINGSTON RD,1202,COUNTY ROAD,No,True,No,3/30/2025,No,Point,38.669730268,-76.994985746,PGCOPD,03,16,03,No,18,,18:50,2025,Sunday,12,Motor Vehicle In Transport,05,On Roadway,7,,,,ACCOKEEK RD,,06,Non-Junction,01,Daylight,3/30/2025,2025-03-30,W,394.33,F,N,,,DF50EC72711933D9E613D0D7B7536C50618CCD9AFC7E1041D71F62B60098DD61,CO,01,No,,,,,01,Dry,,,,,,,,
Property Damage Crashes,CBPD0054003T,Bowie Police Department,Front to Rear,Prince George's,Minor Arterial,No,No,No,No,No,LAUREL BOWIE RD,197,MARYLAND ROUTE,Yes,True,No,3/2/2025,No,Point,38.985380765,-76.757287092,BOWIE,03,16,03,No,15,,15:00,2025,Sunday,12,Motor Vehicle In Transport,05,On Roadway,4,,100,Local,,,09,Through Roadway,01,Daylight,3/2/2025,2025-03-02,W,32.79,F,N,,,40F10C3DE76FBE9FAD714D290A478811BBBEA9E9BBE7D4C433113EE04CB95DD9,MD,01,No,27,Curb,03,Median,01,Dry,,,,,,,,
Injury Crashes,DA4434000B,Prince George's County Police,Unknown,Prince George's,Minor Arterial,Yes,No,No,No,No,WALKER MILL RD,367,COUNTY ROAD,No,True,No,4/19/2025,No,Point,38.869775714,-76.851188102,PGCOPD,99,16,02,No,18,,18:16,2025,Saturday,12,Motor Vehicle In Transport,05,On Roadway,4,,,,,,06,Non-Junction,01,Daylight,4/19/2025,2025-04-19,N,15.42,F,N,,,4E25AFD7DEEE311E14781C5ABD0AA4A593A506E41A35A2F74E9F22A771626F94,CO,01,No,,,,,01,Dry,,,,,,,,
Property Damage Crashes,DA35970047,Prince George's County Police,"Sideswipe, Same Direction",Prince George's,,No,Yes,No,No,No,ALLENTOWN RD (SB/L),126,COUNTY ROAD,No,True,No,1/17/2025,No,Point,38.793064723,-76.919949716,PGCOPD,07,16,03,No,18,,18:34,2025,Friday,12,Motor Vehicle In Transport,05,On Roadway,,,,,,,06,Non-Junction,03,Dark - Lighted,1/17/2025,2025-01-17,W,34.35,F,N,,,45586DBD008A8D2AA4C2029F68A3862FE355B5781C32A52286BB2BC2E4AA70C8,CO,01,No,,,,,01,Dry,,,,,,,,
Property Damage Crashes,MSP657700DV,Maryland State Police,Single Vehicle,Prince George's,Interstate,No,No,No,No,No,NO NAME,95,INTERSTATE ROUTE,No,True,No,2/16/2025,No,Point,39.08075,-76.900133333,MSP,101,16,03,No,10,,10:00,2025,Sunday,29,Embankment,09,Roadside,1,,,,,,06,Non-Junction,01,Daylight,2/16/2025,2025-02-16,S,38.58,F,N,,,027CC37A67E053766A0C5C8DC5DADEF7D1D37E3B033D54A040954AA398E27AE2,IS,01,No,40,Tree (standing),03,Median,09,Wet,,,,,,,,
Property Damage Crashes,DA37150094,Prince George's County Police,Other,Prince George's,Minor Arterial,No,No,No,No,No,SHERIFF RD,75,COUNTY ROAD,Yes,True,No,5/12/2025,No,Point,38.910490009,-76.887885438,PGCOPD,98,16,03,No,12,,12:18,2025,Monday,12,Motor Vehicle In Transport,05,On Roadway,4,,,,,,06,Non-Junction,01,Daylight,5/12/2025,2025-05-12,N,270.27,F,N,,,610A86904B96A738937D193599C7DF2F71021C87A89CB9305CD6C823EADA9DD8,CO,01,No,,,,,01,Dry,,,,,,,,
Injury Crashes,BE0109001M,District Heights Police Department,Rear To Side,Prince George's,,No,No,No,No,No,MARLBORO PIKE (NB/L),3074,COUNTY ROAD,No,True,No,2/16/2025,No,Point,38.854427912,-76.899144166,DISTHEIGHTS,05,16,02,Yes,13,04,13:57,2025,Sunday,12,Motor Vehicle In Transport,05,On Roadway,,Perpendicular,,,COUNTY RD GATEWAY BLVD REGENCY PKWY,03,05,Intersection or Related,01,Daylight,2/16/2025,2025-02-16,N,0,F,N,,,B0BC101B1D53075EA66EF27088DF4714D335286EFA286BCCC3B05645818689BB,CO,01,No,12,Motor Vehicle In Transport,05,On Roadway,09,Wet,01,Signalized,,,,,,
Injury Crashes,DA3965008Y,Prince George's County Police,Other,Prince George's,,No,No,No,No,No,RHODE ISLAND AVE (NB/L),171,MUNICIPAL ROAD,No,True,No,6/2/2025,No,Point,39.015003230,-76.920977843,PGCOPD,98,16,02,Yes,17,,17:38,2025,Monday,12,Motor Vehicle In Transport,05,On Roadway,,,,,,,02,Crossover-Related,01,Daylight,6/2/2025,2025-06-02,N,53.7,F,N,,,B47A7C3AA9814AB8B0D679670F77FF21A2A31AF739A92CBADB0077559BC90C50,MU,01,No,,,,,01,Dry,,,,,,,,
Property Damage Crashes,DA42740079,Prince George's County Police,Single Vehicle,Prince George's,Local,No,No,No,No,No,WARBURTON LA,1055,COUNTY ROAD,No,True,No,1/24/2025,No,Point,38.711841953,-76.993614461,PGCOPD,101,16,03,No,17,,17:00,2025,Friday,41,Utility Pole/Light Support,01,Gore,7,,,,,,06,Non-Junction,01,Daylight,1/24/2025,2025-01-24,S,26.61,F,N,,,C4F59B13CCEF1182A8D5FC80F499040B9F691C32FAB81E3286A6BA92542E0982,CO,01,No,,,,,01,Dry,,,,,,,,
Property Damage Crashes,DA351500DD,Prince George's County Police,Front to Front,Prince George's,Major Collector,No,No,No,No,No,ACCOKEEK RD,373,MARYLAND ROUTE,No,True,No,5/13/2025,No,Point,38.674220154,-76.967915317,PGCOPD,02,16,03,No,17,,17:40,2025,Tuesday,12,Motor Vehicle In Transport,05,On Roadway,5,,,,,,06,Non-Junction,01,Daylight,5/13/2025,2025-05-13,S,20.13,F,N,,,53B93CE99EE7C2663338314E4FE8C768582552D732E88EE4A449BB00DF9F85B6,MD,01,No,12,Motor Vehicle In Transport,05,On Roadway,09,Wet,,,,,,,,
Property Damage Crashes,DA4370001V,Prince George's County Police,Other,Prince George's,,No,No,No,No,Yes,,,,Yes,True,No,5/11/2025,No,Point,38.823775485,-76.759549027,PGCOPD,98,16,03,,5,,05:00,2025,Sunday,12,Motor Vehicle In Transport,04,"Off-Roadway, Location Unknown",,,,,,,,,03,Dark - Lighted,5/11/2025,2025-05-11,,,F,N,102,Parking Lot Way,,,01,No,,,,,,,,,,,,,,
Property Damage Crashes,DA27200075,Prince George's County Police,Front to Rear,Prince George's,Major Collector,Yes,No,No,No,No,23RD PKWY (SB/L),1084,COUNTY ROAD,Yes,True,No,2/28/2025,No,Point,38.834257459,-76.960187861,PGCOPD,03,16,03,No,17,,17:37,2025,Friday,15,Parked Vehicle,07,"On Shoulder, Right Side",5,,,,,,09,Through Roadway,01,Daylight,2/28/2025,2025-02-28,W,408.85,F,N,,,E2BF249A56CB02CAC717C2D99B8676327017A3DD65D41C1E8BC6106A3A896F13,CO,01,No,,,,,01,Dry,,,,,,,,
Property Damage Crashes,DA4278006M,Prince George's County Police,Rear To Rear,Prince George's,,No,No,No,No,No,GOOD LUCK RD (WB/L),42,COUNTY ROAD,No,True,No,1/19/2025,No,Point,38.979520410,-76.849785715,PGCOPD,04,16,03,No,0,,00:45,2025,Sunday,15,Parked Vehicle,07,"On Shoulder, Right Side",,,,,,,01,Acceleration/Deceleration Lane,03,Dark - Lighted,1/19/2025,2025-01-19,S,20.39,F,N,,,57A7A95F0F22B855D320F9A30BC9EC0E11A24B4CD24C7FFF181F7E890ECDA08A,CO,01,No,,,,,01,Dry,,,,,,,,
Property Damage Crashes,MSP757700JR,Maryland State Police,Single Vehicle,Prince George's,Interstate,Yes,No,No,No,No,RAMP 5 FR MD 704 SB TO IS 595 EB,595,RAMP,No,True,No,3/31/2025,No,Point,38.945692281,-76.841839382,MSP,101,16,03,No,21,,21:38,2025,Monday,32,Guardrail Face,03,Median,1,,,,,,09,Through Roadway,03,Dark - Lighted,3/31/2025,2025-03-31,W,8.72,F,N,,,AF6BB46B7B1A17C81EEA6525290B1D195B6E90DBA637AE0ADEB58CF1258DBD75,RP,01,No,97,Not Applicable,,,09,Wet,,,,,,,,
Property Damage Crashes,GE02420066,Morningside Police Department,Angle,Prince George's,Local,No,No,No,No,No,RANDOLPH RD,170,MUNICIPAL ROAD,No,True,No,2/14/2025,No,Point,38.828878333,-76.894673662,MORNINGSIDE,01,16,03,Yes,18,02,18:13,2025,Friday,12,Motor Vehicle In Transport,05,On Roadway,7,Perpendicular,,,SUITLAND RD,03,05,Intersection or Related,03,Dark - Lighted,2/14/2025,2025-02-14,W,0,F,N,,,E52F99ACE92471FC27FC5D4E8DF7DE017A54C72C91BAB383104A6FDD3CE1E7C9,MU,01,No,,,,,01,Dry,03,Stop - Partial,,,,,,