Crash Severity Description,Reportnumber,Agencyname,CollisionImpact Description,Crash County Description,FunctionalClass Description,ImpairedCrash,Large Vehicle Involved,Motorcycle Crash,Non-Motorist Crash,OffRoad,RoadName,Route Number,RouteType Description,Unrestrained Occupants,WithinDateRange,Work Zone Related,Crashdate,Work Zone Crash,CrashPoint,Latitude,Longitude,AgencyCode,CollisionImpact,Crash County,Crash Severity,Crash Within Interchange,Crashhour,CrashInterchangeApproaches,Crashtime,CrashYear,Dayofweek,FirstHarmEvent,FirstHarmEvent Description,FirstHarmLocation,FirstHarmLocation Description,FunctionalClass,Geometry Description,GovPropertyDamage,GovPropertyDamage Description,IntersectingRoadName,Intersection Geometry,JunctionRelated,JunctionRelated Description,Light,Light Description,LOD Crash Date,LOD Date Level,MilepointDirection,MilepointDistance,MilepointUnits,NonTrafficFatal,OffroadLocation,OffroadLocation Description,RoadID,RouteType,SchoolBusRelated,SchoolBusRelated Description,SecondHarmEvent,SecondHarmEvent Description,SecondHarmLocation,SecondHarmLocation Description,Surface,Surface Description,TrafficControl,Trafficcontrol Description,WZLawEnforcementPresent,WZLocation,WZLocation Description,WZType,WZType Description,WZWorkersPresent
Property Damage Crashes,DA4352002M,Prince George's County Police,"Sideswipe, Same Direction",Prince George's,Major Collector,No,No,No,No,No,OLD FORT RD,118,COUNTY ROAD,No,True,No,3/21/2025,No,Point,38.710191109,-76.991339634,PGCOPD,07,16,03,No,8,,08:10,2025,Friday,12,Motor Vehicle In Transport,05,On Roadway,5,,,,,,09,Through Roadway,01,Daylight,3/21/2025,2025-03-21,N,925.89,F,N,,,FB43744637903D74543ACE4ABE5FBBE977A9E063D0D246B8BF132E7DF91034C0,CO,01,No,,,,,01,Dry,,,,,,,,
Injury Crashes,MSP7843001T,Maryland State Police,"Sideswipe, Same Direction",Prince George's,Principal Arterial – Other,No,No,No,No,No,SANDY SPRING RD,198,MARYLAND ROUTE,No,True,No,3/19/2025,No,Point,39.100672705,-76.884786037,MSP,07,16,02,No,10,,10:15,2025,Wednesday,12,Motor Vehicle In Transport,05,On Roadway,3,,,,,,06,Non-Junction,01,Daylight,3/19/2025,2025-03-19,S,48.05,F,N,,,0B5EDA9578BC6DDA78FE7C3A6785CAB858E078E78D30D2D964773917D0C6A163,MD,01,No,,,,,01,Dry,,,,,,,,
Injury Crashes,AM0367002W,Bladensburg Police Department,Other,Prince George's,Major Collector,No,No,No,No,No,TANGLEWOOD DR,100,MUNICIPAL ROAD,No,True,No,1/17/2025,No,Point,38.943893189,-76.941076302,BLADENSBURG,98,16,02,Yes,16,02,16:15,2025,Friday,12,Motor Vehicle In Transport,05,On Roadway,5,Perpendicular,,,BALTIMORE AVE,03,05,Intersection or Related,01,Daylight,1/17/2025,2025-01-17,S,0,F,N,,,0344DF02E4C05B50390EDC9AFD7982118FE1E3A9F03822CAE5A2CFD23CBC5AC0,MU,01,No,,,,,01,Dry,03,Stop - Partial,,,,,,
Property Damage Crashes,CC0298003X,Hyattsville Police Department,Front to Rear,Prince George's,Local,No,No,No,No,No,CHARLES L ARMENTROUT DR,5562,COUNTY ROAD,No,True,No,5/30/2025,No,Point,38.945617943,-76.942118062,HYATTSVILLE,03,16,03,No,9,,09:00,2025,Friday,12,Motor Vehicle In Transport,05,On Roadway,7,,,,42ND PL #4,,06,Non-Junction,01,Daylight,5/30/2025,2025-05-30,N,15.02,F,N,,,5B4D8A9DEC9EBD0A246C2623DF81055E2815BF199D2AE8B69D78104986C3E749,CO,01,No,,,,,01,Dry,,,,,,,,
Property Damage Crashes,MSP744700MX,Maryland State Police,Front to Rear,Prince George's,Principal Arterial – Other,Yes,No,No,No,No,PENNSYLVANIA AVE (SB/L),4,MARYLAND ROUTE,No,True,No,2/23/2025,No,Point,38.830035016,-76.857005371,MSP,03,16,03,No,17,,17:17,2025,Sunday,12,Motor Vehicle In Transport,05,On Roadway,3,,,,,,06,Non-Junction,01,Daylight,2/23/2025,2025-02-23,N,16.1,F,N,,,3B7FF610BD7CC0AA68EF44AFFF14034C61C380636A1435E201B64DC7187EECDA,MD,01,No,,,,,01,Dry,,,,,,,,
Injury Crashes,DA43480025,Prince George's County Police,Single Vehicle,Prince George's,,No,No,No,Yes,Yes,,,,No,True,No,4/3/2025,No,Point,38.971735526,-76.979218803,PGCOPD,101,16,02,,23,,23:40,2025,Thursday,14,Other Non-Motorist,99,Unknown,,,,,,,,,03,Dark - Lighted,4/3/2025,2025-04-03,,,F,N,102,Parking Lot Way,,,01,No,12,Motor Vehicle In Transport,99,Unknown,,,,,,,,,,
Property Damage Crashes,DA26640007,Prince George's County Police,Front to Rear,Prince George's,Major Collector,No,No,No,No,No,CAMPUS WAY SOUTH,4638,COUNTY ROAD,No,True,No,5/22/2025,No,Point,38.897918803,-76.822809757,PGCOPD,03,16,03,No,17,,17:44,2025,Thursday,12,Motor Vehicle In Transport,05,On Roadway,5,,,,,,06,Non-Junction,01,Daylight,5/22/2025,2025-05-22,S,25.11,F,N,,,A55F70BD0672D218D8563C4ACC0AB9131449DC5ECF559040EC1FAF7FC1BD874C,CO,01,No,,,,,01,Dry,,,,,,,,
Property Damage Crashes,DA4164005F,Prince George's County Police,Front to Rear,Prince George's,Local,No,No,No,No,No,HURON DR N&S,140,MUNICIPAL ROAD,No,True,No,2/23/2025,No,Point,38.812334894,-77.005877813,PGCOPD,03,16,03,No,5,,05:10,2025,Sunday,15,Parked Vehicle,02,In Parking Lane Or Zone,7,,,,,,09,Through Roadway,04,Dark - Not Lighted,2/23/2025,2025-02-23,E,5.08,F,N,,,36432BC62FA4000B943B80A0A7E2EF867D7196239154FF32D775048A9C28B8BC,MU,01,No,15,Parked Vehicle,02,In Parking Lane Or Zone,01,Dry,,,,,,,,
Injury Crashes,DA4306005C,Prince George's County Police,Front to Rear,Prince George's,Local,No,No,No,No,No,KENILWORTH AVE,965,MARYLAND ROUTE,No,True,No,4/13/2025,No,Point,38.912942455,-76.933808318,PGCOPD,03,16,02,No,18,,18:40,2025,Sunday,12,Motor Vehicle In Transport,05,On Roadway,7,,,,,,06,Non-Junction,01,Daylight,4/13/2025,2025-04-13,S,11.47,F,N,,,B4B360AC2BA47A8740E9F7BAFE40285497B5F417E07DDD2F881DB50407C663B1,MD,01,No,,,,,01,Dry,,,,,,,,
Property Damage Crashes,DA4346001X,Prince George's County Police,Front to Rear,Prince George's,Principal Arterial – Other,No,No,No,No,No,PENNSYLVANIA AVE (SB/L),4,MARYLAND ROUTE,No,True,No,2/19/2025,No,Point,38.855282265,-76.920056686,PGCOPD,03,16,03,No,20,,20:00,2025,Wednesday,12,Motor Vehicle In Transport,05,On Roadway,3,,,,,,06,Non-Junction,04,Dark - Not Lighted,2/19/2025,2025-02-19,N,2183.99,F,N,,,E8FD88EEBF44B6097246C885B1B9E6DC39AEA4196F2EC2DFA26B5E4E1BFC92AC,MD,01,No,,,,,01,Dry,,,,,,,,
Property Damage Crashes,MSP647600JC,Maryland State Police,Single Vehicle,Prince George's,Interstate,Yes,No,No,No,No,CAPITAL BELTWAY (SB/L),95,INTERSTATE ROUTE,No,True,No,5/5/2025,No,Point,38.817987090,-76.936224391,MSP,101,16,03,No,23,,23:27,2025,Monday,32,Guardrail Face,06,"On Shoulder, Left Side",1,,101,State,,,09,Through Roadway,03,Dark - Lighted,5/5/2025,2025-05-05,W,105.62,F,N,,,5C9A3CAF0B4ED648B958AF2A50CA665D717E4DC680DD70BCE9FF10835F5A9F42,IS,01,No,,,,,09,Wet,,,,,,,,
Property Damage Crashes,DA4282003G,Prince George's County Police,Front to Rear,Prince George's,Local,No,Yes,No,No,No,DANIA DR,3215,COUNTY ROAD,No,True,No,1/29/2025,No,Point,38.760794115,-76.981532448,PGCOPD,03,16,03,No,14,,14:58,2025,Wednesday,12,Motor Vehicle In Transport,99,Unknown,7,,,,,,06,Non-Junction,01,Daylight,1/29/2025,2025-01-29,W,39.81,F,N,,,5E37EF57EDDC3D14DB6D742E22B22709B368532046444E3E4F422EE4E2148E74,CO,02,"Yes, School Bus Directly Involved",,,,,01,Dry,,,,,,,,
Injury Crashes,DA4116002P,Prince George's County Police,"Sideswipe, Same Direction",Prince George's,Principal Arterial – Other,No,No,Yes,No,No,MARTIN LUTHER KING JR HWY,704,MARYLAND ROUTE,No,True,No,4/24/2025,No,Point,38.920701553,-76.877951988,PGCOPD,07,16,02,No,16,,16:24,2025,Thursday,12,Motor Vehicle In Transport,05,On Roadway,3,,,,,,06,Non-Junction,01,Daylight,4/24/2025,2025-04-24,S,13.46,F,N,,,E3E06D7B33C78968FDEFAE4BC3EC41398AB04B293D1513704A4B33B9EA599729,MD,01,No,,,,,01,Dry,,,,,,,,
Property Damage Crashes,MSP718600KH,Maryland State Police,Front to Rear,Prince George's,Principal Arterial – Other,No,No,No,No,No,CRAIN HWY (SB/L),301,UNITED STATE ROUTE,No,True,No,4/21/2025,No,Point,38.670977246,-76.876310056,MSP,03,16,03,No,17,,17:45,2025,Monday,12,Motor Vehicle In Transport,05,On Roadway,3,,,,,,09,Through Roadway,01,Daylight,4/21/2025,2025-04-21,E,9.58,F,N,,,2C59FF327CEE66A5300EA21BBAF4E97F3B4A7CDA88FEFB7011756BB6A33974E2,US,01,No,12,Motor Vehicle In Transport,05,On Roadway,01,Dry,,,,,,,,
Property Damage Crashes,MSP766400CP,Maryland State Police,Single Vehicle,Prince George's,Principal Arterial – Other,No,No,No,No,No,CRAIN HWY,301,UNITED STATE ROUTE,No,True,No,5/31/2025,No,Point,38.930726667,-76.716933333,MSP,101,16,03,No,9,,09:41,2025,Saturday,40,Tree (standing),05,On Roadway,3,,,,,,09,Through Roadway,01,Daylight,5/31/2025,2025-05-31,N,31.59,F,N,,,44B86A25B79DBAEB8CE22AAD0C9336D139F295EDDE1C319E019C95800CC82C6E,US,01,No,,,,,01,Dry,,,,,,,,
Property Damage Crashes,DA418100FC,Prince George's County Police,Other,Prince George's,Major Collector,No,No,No,No,No,RHODE ISLAND AVE,171,MUNICIPAL ROAD,No,True,No,1/24/2025,No,Point,39.015961823,-76.920827192,PGCOPD,98,16,03,No,19,04,19:07,2025,Friday,12,Motor Vehicle In Transport,05,On Roadway,5,Perpendicular,,,EDGEWOOD RD (WB/L),03,05,Intersection or Related,03,Dark - Lighted,1/24/2025,2025-01-24,N,0,F,N,,,F96A475C176E82DB2E5614D555EEC0A19D3DC99404479ED25A0C3615260AFE14,MU,01,No,,,,,01,Dry,01,Signalized,,,,,,
Property Damage Crashes,DA3040001D,Prince George's County Police,Other,Prince George's,Major Collector,No,No,No,No,No,LARCHMONT AVE,828,COUNTY ROAD,No,True,No,3/22/2025,No,Point,38.874387206,-76.921693919,PGCOPD,98,16,03,No,16,04,16:45,2025,Saturday,12,Motor Vehicle In Transport,05,On Roadway,5,Perpendicular,,,GUNTHER ST,03,05,Intersection or Related,01,Daylight,3/22/2025,2025-03-22,E,0,F,N,,,FD32699F26D50E648AD7BFAE484FA45D8C8A89E6244F828852D032BEA81F7D92,CO,01,No,,,,,01,Dry,03,Stop - Partial,,,,,,
Property Damage Crashes,DA4352002T,Prince George's County Police,Other,Prince George's,Local,No,No,No,No,No,ROSE VALLEY DR,2687,COUNTY ROAD,No,True,No,4/9/2025,No,Point,38.755564497,-76.956794729,PGCOPD,98,16,03,No,20,,20:55,2025,Wednesday,15,Parked Vehicle,05,On Roadway,7,,,,,,09,Through Roadway,04,Dark - Not Lighted,4/9/2025,2025-04-09,N,50.1,F,N,,,52C33FDD5EB0C3766B8631289CDCCF14C274965F5A9B84C72FF700E04EA78678,CO,01,No,,,,,01,Dry,,,,,,,,
Injury Crashes,MSP647600HD,Maryland State Police,Single Vehicle,Prince George's,Interstate,No,No,No,No,No,RAMP 12 FR IS 295 SB TO MD 210 SB,95,RAMP,No,True,No,3/11/2025,No,Point,38.799652491,-77.004290540,MSP,101,16,02,No,15,,15:49,2025,Tuesday,07,Overturn/Rollover,05,On Roadway,1,,,,,,09,Through Roadway,01,Daylight,3/11/2025,2025-03-11,N,59.17,F,N,,,D158C7A6CB750FD49EFEBA7C16BDAC631C6B1DEDFF6F3DEC4EB0D5DDD9DCC7B0,RP,01,No,,,,,01,Dry,,,,,,,,
Property Damage Crashes,MSP77700077,Maryland State Police,"Sideswipe, Same Direction",Prince George's,Interstate,No,No,No,No,No,CAPITAL BELTWAY,95,INTERSTATE ROUTE,No,True,No,3/30/2025,No,Point,38.843908819,-76.863493216,MSP,07,16,03,No,10,,10:30,2025,Sunday,12,Motor Vehicle In Transport,05,On Roadway,1,,101,State,,,06,Non-Junction,01,Daylight,3/30/2025,2025-03-30,W,24.21,F,N,,,257AA29B3F4AFFA67E443134DB3FEAAFCF8D832210059EEB2294D83413E2D193,IS,01,No,,,,,01,Dry,,,,,,,,
Property Damage Crashes,MSP745800TD,Maryland State Police,"Sideswipe, Opposite Direction",Prince George's,Principal Arterial – Other Freeways and Expressways,No,No,No,No,No,BRANCH AVE,5,MARYLAND ROUTE,No,True,No,5/27/2025,No,Point,38.818536667,-76.91797,MSP,06,16,03,No,5,,05:11,2025,Tuesday,12,Motor Vehicle In Transport,05,On Roadway,2,,101,State,,,01,Acceleration/Deceleration Lane,01,Daylight,5/27/2025,2025-05-27,S,36.07,F,N,,,29E821587D098B7D220396BE9923C5316EF0234760D228DD6C7E97E63B6F4539,MD,01,No,,,,,01,Dry,,,,,,,,
Property Damage Crashes,CP01720007,Mount Rainier Police Department,Single Vehicle,Prince George's,,No,No,No,No,No,,155,MUNICIPAL ROAD,No,True,No,2/1/2025,No,Point,38.936562070,-76.964459281,MTRAINIER,101,16,03,No,2,,02:00,2025,Saturday,35,"Other Fixed Object (wall, building, tunnel, etc.)",05,On Roadway,,,,,31ST ST PERRY ST,,06,Non-Junction,03,Dark - Lighted,2/1/2025,2025-02-01,S,18.52,F,N,,,999A3AA049675FDF72CCEA861438258B7A707FCB9684B0AFD0D75D64EDCDC2AE,MU,01,No,,,,,09,Wet,,,,,,,,
Property Damage Crashes,DA42810062,Prince George's County Police,"Sideswipe, Same Direction",Prince George's,Principal Arterial – Other,No,No,No,No,No,LANDOVER RD (SB/L),202,MARYLAND ROUTE,No,True,No,1/1/2025,No,Point,38.917733866,-76.859255230,PGCOPD,07,16,03,No,2,,02:14,2025,Wednesday,12,Motor Vehicle In Transport,05,On Roadway,3,,,,,,10,"Other Location Not Listed Above Within an Interchange Area (median,
shoulder and roadside)",03,Dark - Lighted,1/1/2025,2025-01-01,W,9.67,F,N,,,574AB4DB3685ECE9AF627EBAB775A9AB7BFB86CC154C61A141EB9B1D2C6F25AD,MD,01,No,,,,,01,Dry,,,,,,,,
Property Damage Crashes,DA4151005K,Prince George's County Police,Front to Rear,Prince George's,Local,No,No,No,No,No,KILMER ST,265,COUNTY ROAD,No,True,No,1/20/2025,No,Point,38.930957556,-76.903571550,PGCOPD,03,16,03,No,13,,13:30,2025,Monday,12,Motor Vehicle In Transport,05,On Roadway,7,,,,,,09,Through Roadway,01,Daylight,1/20/2025,2025-01-20,W,36.3,F,N,,,6C76AA20CA5D76B8FB21F485ED4F1D00C651A891C57C833E4F385DC00A477D55,CO,01,No,,,,,01,Dry,,,,,,,,
Property Damage Crashes,AT1031001B,Capitol Heights Police Department,Rear To Side,Prince George's,Minor Arterial,No,No,No,No,No,CENTRAL AVE,332,MARYLAND ROUTE,No,True,No,3/6/2025,No,Point,38.885661971,-76.918488850,CAPITOLHEIGHTS,05,16,03,Unknown,14,,14:50,2025,Thursday,12,Motor Vehicle In Transport,99,Unknown,4,,,,,,99,Unknown,01,Daylight,3/6/2025,2025-03-06,E,17.24,F,N,,,DC82144E675343F51517F7EFB6A4846AACA7A24816D08D5FEC981575B7BAB546,MD,01,No,,,,,01,Dry,,,,,,,,
Property Damage Crashes,MSP74160029,Maryland State Police,Single Vehicle,Prince George's,Interstate,No,No,No,No,No,RAMP 5 FR IS 95 SB TO IS 595 EB,95,RAMP,No,True,No,5/28/2025,No,Point,38.9449215,-76.85884255,MSP,101,16,03,Yes,21,,21:05,2025,Wednesday,25,Concrete Traffic Barrier,09,Roadside,1,,,,,,04,Entrance/Exit Ramp or Related,04,Dark - Not Lighted,5/28/2025,2025-05-28,N,19.43,F,N,,,126D4CF4C9EABCDC04B096B4EC33288C0033C8D53FBA2D91B517735B8E48C904,RP,01,No,,,,,09,Wet,,,,,,,,
Property Damage Crashes,DA44210012,Prince George's County Police,Front to Rear,Prince George's,Major Collector,No,No,No,No,No,FAIRHAVEN AVE,3348,COUNTY ROAD,No,True,No,2/16/2025,No,Point,38.7660485,-76.788208,PGCOPD,03,16,03,No,18,,18:21,2025,Sunday,12,Motor Vehicle In Transport,05,On Roadway,5,,,,,,09,Through Roadway,03,Dark - Lighted,2/16/2025,2025-02-16,N,98.34,F,N,,,389C4C09B78C1620240B03E7FB33F8CE912BEC45B5D8E0A6E9C63E54D8E6DEFF,CO,01,No,,,,,01,Dry,,,,,,,,
Property Damage Crashes,DA41380063,Prince George's County Police,"Sideswipe, Same Direction",Prince George's,,No,No,No,No,No,,114,COUNTY ROAD,No,True,No,5/28/2025,No,Point,38.766452161,-77.005349382,PGCOPD,07,16,03,No,9,,09:23,2025,Wednesday,12,Motor Vehicle In Transport,05,On Roadway,,,,,TOR BRYAN RD,,06,Non-Junction,01,Daylight,5/28/2025,2025-05-28,N,10.21,F,N,,,D01C8F95A5BB20B4E618312B432F02401F38AED2869765F7FECF5B2208CEEBF2,CO,01,No,,,,,09,Wet,,,,,,,,
Injury Crashes,MSP78390053,Maryland State Police,Single Vehicle,Prince George's,Interstate,No,No,No,No,No,CAPITAL BELTWAY (SB/L),95,INTERSTATE ROUTE,No,True,No,5/7/2025,No,Point,38.818443333,-76.932725,MSP,101,16,02,No,8,,08:08,2025,Wednesday,32,Guardrail Face,06,"On Shoulder, Left Side",1,,101,State,,,06,Non-Junction,01,Daylight,5/7/2025,2025-05-07,N,21.47,F,N,,,F9EDEC7FA36631BBE4BDD2DDF0B31FA536E617B9BD267AE3EA1DD1D0FB1403A3,IS,01,No,,,,,01,Dry,,,,,,,,
Property Damage Crashes,DA29690014,Prince George's County Police,Front to Rear,Prince George's,,No,Yes,Yes,No,No,,185,COUNTY ROAD,No,True,No,3/29/2025,No,Point,38.664223502,-76.874013131,PGCOPD,03,16,03,No,13,,13:30,2025,Saturday,12,Motor Vehicle In Transport,05,On Roadway,,,,,,,06,Non-Junction,01,Daylight,3/29/2025,2025-03-29,S,13.7,F,N,,,F05664D577D6115A2FA1C0786A1682BD39E8A102072649F647B98DA3213F6C62,CO,01,No,,,,,01,Dry,,,,,,,,
Property Damage Crashes,DA43730026,Prince George's County Police,"Sideswipe, Same Direction",Prince George's,Local,No,No,No,No,No,24TH AVE,1086,COUNTY ROAD,Yes,True,No,2/9/2025,No,Point,38.842324038,-76.962659136,PGCOPD,07,16,03,No,13,,13:30,2025,Sunday,12,Motor Vehicle In Transport,05,On Roadway,7,,,,,,09,Through Roadway,01,Daylight,2/9/2025,2025-02-09,W,17.69,F,N,,,790D365D7F5FE6310FADECA23C251C38995AE7E796033EFBF10E589648232BB1,CO,01,No,,,,,01,Dry,,,,,,,,
Fatal Crashes,DA31190032,Prince George's County Police,Single Vehicle,Prince George's,Minor Arterial,No,No,No,No,No,MUIRKIRK RD,21,COUNTY ROAD,Yes,True,No,1/26/2025,No,Point,39.056316421,-76.868039641,PGCOPD,101,16,01,No,9,,09:45,2025,Sunday,06,Other Non-Collision,07,"On Shoulder, Right Side",4,,,,,,06,Non-Junction,99,Unknown,1/26/2025,2025-01-26,N,38.53,F,N,,,0DCA6E1D020121410609AF7DC6D8B33E5F2179BB51DAAFA0A4C802BBD10C3799,CO,01,No,40,Tree (standing),09,Roadside,99,Unknown,,,,,,,,
Property Damage Crashes,DA3707005C,Prince George's County Police,Unknown,Prince George's,,No,No,No,No,Yes,,,,No,True,No,5/28/2025,No,Point,38.964267478,-76.845342773,PGCOPD,99,16,03,,9,,09:50,2025,Wednesday,12,Motor Vehicle In Transport,02,In Parking Lane Or Zone,,,,,,,,,01,Daylight,5/28/2025,2025-05-28,,,F,N,101,Parking Aisle,,,01,No,,,,,,,,,,,,,,
Property Damage Crashes,DA38770096,Prince George's County Police,Front to Rear,Prince George's,Principal Arterial – Other Freeways and Expressways,No,No,No,No,No,INDIAN HEAD HWY,210,MARYLAND ROUTE,No,True,No,5/13/2025,No,Point,38.725343026,-76.989921786,PGCOPD,03,16,03,No,7,,07:11,2025,Tuesday,12,Motor Vehicle In Transport,05,On Roadway,2,,,,,,06,Non-Junction,01,Daylight,5/13/2025,2025-05-13,E,2.07,F,N,,,455259D0AEF58F504211CEFADBA77CED6D8ABE1C1FE4D7D2D5F5756309EC4DF8,MD,01,No,,,,,09,Wet,,,,,,,,
Property Damage Crashes,CBPD0117007W,Bowie Police Department,Single Vehicle,Prince George's,,No,No,No,No,Yes,,,,No,True,No,3/11/2025,No,Point,38.980413535,-76.733921181,BOWIE,101,16,03,,14,,14:47,2025,Tuesday,35,"Other Fixed Object (wall, building, tunnel, etc.)",02,In Parking Lane Or Zone,,,,,,,,,01,Daylight,3/11/2025,2025-03-11,,,F,N,102,Parking Lot Way,,,01,No,,,,,,,,,,,,,,
Property Damage Crashes,DA4389002J,Prince George's County Police,Other,Prince George's,Local,No,No,No,No,No,NAVAHOE DR,672,COUNTY ROAD,No,True,No,2/20/2025,No,Point,38.995443967,-76.987845704,PGCOPD,98,16,03,No,19,,19:50,2025,Thursday,12,Motor Vehicle In Transport,05,On Roadway,7,,,,,,09,Through Roadway,03,Dark - Lighted,2/20/2025,2025-02-20,E,23.05,F,N,,,4A1BC155CDBC901189CA0767120A1C7A5B52660B3AECD411757471C4004D1E66,CO,01,No,,,,,01,Dry,,,,,,,,
Injury Crashes,CE45730044,Laurel Police Department,Other,Prince George's,Principal Arterial – Other,No,No,No,No,No,WASHINGTON BLVD (SB/L),1,UNITED STATE ROUTE,No,True,No,4/26/2025,No,Point,39.098204975,-76.849820016,LAUREL,98,16,02,No,17,02,17:03,2025,Saturday,12,Motor Vehicle In Transport,05,On Roadway,3,Perpendicular,,,GORMAN AVE,03,05,Intersection or Related,01,Daylight,4/26/2025,2025-04-26,S,0,F,N,,,7E2BD6EFF07FDF18DBC5AE45AE02C0CF0CD3ADDBA5AF5FDE477645914BB02F6A,US,01,No,,,,,01,Dry,01,Signalized,,,,,,
Fatal Crashes,DA418000BL,Prince George's County Police,Angle,Prince George's,Major Collector,No,No,No,No,No,BRANDYWINE RD,381,MARYLAND ROUTE,No,True,No,1/3/2025,No,Point,38.560589487,-76.736378645,PGCOPD,01,16,01,No,20,,20:02,2025,Friday,12,Motor Vehicle In Transport,05,On Roadway,5,,,,,,06,Non-Junction,05,Dark - Unknown Lighting,1/3/2025,2025-01-03,E,12.95,F,N,,,3362588DE7471C3C44356D9AC956AA418EF43A9A96344CD4F56FAFD662F85D95,MD,01,No,,,,,02,Ice/Frost,,,,,,,,
Injury Crashes,DA4340004G,Prince George's County Police,Unknown,Prince George's,Principal Arterial – Other,Yes,No,No,No,No,MARTIN LUTHER KING JR HWY,704,MARYLAND ROUTE,No,True,No,4/12/2025,No,Point,38.940798073,-76.853699753,PGCOPD,99,16,02,Unknown,20,,20:00,2025,Saturday,12,Motor Vehicle In Transport,99,Unknown,3,,,,WHITFIELD CHAPEL RD (NB/L),,99,Unknown,03,Dark - Lighted,4/12/2025,2025-04-12,E,9.1,F,N,,,6EF233F8D2FEF6A2E057FA7BAAB5CAB3ABFD5A4CCEDB2B6EF3AF13DD01F9D995,MD,01,No,,,,,01,Dry,,,,,,,,
Injury Crashes,DA378000F9,Prince George's County Police,"Sideswipe, Opposite Direction",Prince George's,Minor Arterial,No,No,No,No,No,LAUREL BOWIE RD,197,MARYLAND ROUTE,No,True,No,5/14/2025,No,Point,39.040016235,-76.795157098,PGCOPD,06,16,02,No,23,,23:10,2025,Wednesday,12,Motor Vehicle In Transport,05,On Roadway,4,,,,,,06,Non-Junction,04,Dark - Not Lighted,5/14/2025,2025-05-14,N,10.58,F,N,,,FDA977E9DA09C71C2EA4345069A64F01274102DBD399E7FC3A36F085DFC9FD21,MD,01,No,12,Motor Vehicle In Transport,05,On Roadway,09,Wet,,,,,,,,
Property Damage Crashes,DA35770006,Prince George's County Police,Front to Rear,Prince George's,,No,No,No,No,No,,2091,PRIVATE ROAD,No,True,No,5/29/2025,No,Point,38.816381214,-76.996838602,PGCOPD,03,16,03,No,23,,23:34,2025,Thursday,12,Motor Vehicle In Transport,05,On Roadway,,,,,INDIAN HEAD HWY (SB/L) LIVINGSTON RD,,06,Non-Junction,03,Dark - Lighted,5/29/2025,2025-05-29,W,636.38,F,N,,,FAC1DD4E7E0D96FA8E96004C0BDDA0BFF650AB00A2B226C98748CEAE6BCD03E0,PV,01,No,,,,,01,Dry,,,,,,,,
Injury Crashes,DA42940038,Prince George's County Police,Front to Front,Prince George's,Principal Arterial – Other,No,No,No,No,No,OXON HILL RD (WB/L),414,MARYLAND ROUTE,No,True,No,1/11/2025,No,Point,38.803422520,-76.989522052,PGCOPD,02,16,02,No,12,,12:50,2025,Saturday,12,Motor Vehicle In Transport,05,On Roadway,3,,,,,,06,Non-Junction,01,Daylight,1/11/2025,2025-01-11,E,78.92,F,N,,,B0E5FD22A3D62E3EB60A212EB2E8A191C83EA763BFE2B1A2105F61D4ADEB546C,MD,01,No,,,,,09,Wet,,,,,,,,
Property Damage Crashes,BW01390031,Greenbelt Police Department,Front to Rear,Prince George's,Local,No,No,No,No,No,BRADEN DR,10,MUNICIPAL ROAD,No,True,No,5/23/2025,No,Point,39.000692511,-76.876800209,GREENBELT,03,16,03,No,10,,10:05,2025,Friday,12,Motor Vehicle In Transport,05,On Roadway,7,,,,CENTER WAY,,06,Non-Junction,01,Daylight,5/23/2025,2025-05-23,W,0,F,N,,,F7F53D595479FBF134C37C7380B8DFCD61217D1B9AA456B7739EF412BF106FED,MU,01,No,12,Motor Vehicle In Transport,05,On Roadway,01,Dry,,,,,,,,
Property Damage Crashes,MSP7839005C,Maryland State Police,Single Vehicle,Prince George's,Interstate,No,No,No,No,No,CAPITAL BELTWAY (SB/L),95,INTERSTATE ROUTE,No,True,No,5/13/2025,No,Point,38.819073333,-76.93,MSP,101,16,03,No,14,,14:17,2025,Tuesday,32,Guardrail Face,09,Roadside,1,,101,State,,,06,Non-Junction,01,Daylight,5/13/2025,2025-05-13,N,7.01,F,N,,,4FDBBA98930C43530BCFD7FFED7EE57A3EB1ED2CD97D4A19781C8EAE6DF2BCF4,IS,01,No,,,,,09,Wet,,,,,,,,
Property Damage Crashes,DA4409000N,Prince George's County Police,Angle,Prince George's,Principal Arterial – Other,No,Yes,No,No,No,,410,MARYLAND ROUTE,No,True,Yes,4/22/2025,Yes,Point,38.961068291,-76.908398464,PGCOPD,01,16,03,No,13,,13:30,2025,Tuesday,12,Motor Vehicle In Transport,05,On Roadway,3,,,,,,06,Non-Junction,01,Daylight,4/22/2025,2025-04-22,E,32.03,F,N,,,3048A778D4FDAC76597EF2D4E382B4C2F0AFF28CCEAF456B22F3930F95479409,MD,01,No,,,,,01,Dry,,,N,04,Activity Area,01,Lane Closure,Yes
Property Damage Crashes,DA4256005Q,Prince George's County Police,"Sideswipe, Same Direction",Prince George's,Local,No,Yes,No,No,No,LAUGHTON ST,3780,COUNTY ROAD,No,True,No,1/21/2025,No,Point,38.896358060,-76.785649781,PGCOPD,07,16,03,No,8,,08:40,2025,Tuesday,12,Motor Vehicle In Transport,05,On Roadway,7,,,,,,09,Through Roadway,01,Daylight,1/21/2025,2025-01-21,N,34.87,F,N,,,A03525D818837260765C8FEFDB5AEBC78A811CCCA1F97B16B6E762DEEB624577,CO,01,No,,,,,01,Dry,,,,,,,,