Crash Severity Description,Reportnumber,Agencyname,CollisionImpact Description,Crash County Description,FunctionalClass Description,ImpairedCrash,Large Vehicle Involved,Motorcycle Crash,Non-Motorist Crash,OffRoad,RoadName,Route Number,RouteType Description,Unrestrained Occupants,WithinDateRange,Work Zone Related,Crashdate,Work Zone Crash,CrashPoint,Latitude,Longitude,AgencyCode,CollisionImpact,Crash County,Crash Severity,Crash Within Interchange,Crashhour,CrashInterchangeApproaches,Crashtime,CrashYear,Dayofweek,FirstHarmEvent,FirstHarmEvent Description,FirstHarmLocation,FirstHarmLocation Description,FunctionalClass,Geometry Description,GovPropertyDamage,GovPropertyDamage Description,IntersectingRoadName,Intersection Geometry,JunctionRelated,JunctionRelated Description,Light,Light Description,LOD Crash Date,LOD Date Level,MilepointDirection,MilepointDistance,MilepointUnits,NonTrafficFatal,OffroadLocation,OffroadLocation Description,RoadID,RouteType,SchoolBusRelated,SchoolBusRelated Description,SecondHarmEvent,SecondHarmEvent Description,SecondHarmLocation,SecondHarmLocation Description,Surface,Surface Description,TrafficControl,Trafficcontrol Description,WZLawEnforcementPresent,WZLocation,WZLocation Description,WZType,WZType Description,WZWorkersPresent
Property Damage Crashes,CBPD0117007X,Bowie Police Department,Rear To Side,Prince George's,Major Collector,No,No,No,No,No,BELAIR DR,120,MUNICIPAL ROAD,No,True,No,3/11/2025,No,Point,38.976927387,-76.741195793,BOWIE,05,16,03,No,15,,15:40,2025,Tuesday,12,Motor Vehicle In Transport,05,On Roadway,5,,,,SUSSEX LA,,06,Non-Junction,01,Daylight,3/11/2025,2025-03-11,W,12.95,F,N,,,971E36A7E861D7A500AB40210146DC8D0B026262536164E6DB064CDF4C48EE4D,MU,01,No,,,,,01,Dry,,,,,,,,
Injury Crashes,DA3406002V,Prince George's County Police,Single Vehicle,Prince George's,Minor Arterial,No,No,No,No,No,POWDER MILL RD,6612,COUNTY ROAD,No,True,No,2/4/2025,No,Point,39.050790516,-76.922650373,PGCOPD,101,16,02,No,22,03,22:22,2025,Tuesday,27,Curb,03,Median,4,Angled/Skewed,,,POWDER MILL RD POWDER MILL RD (WB/L),01,05,Intersection or Related,03,Dark - Lighted,2/4/2025,2025-02-04,N,0,F,N,,,DCDDB55DC96EA660E41AD7E8B172614C9366F498DE56600D3B66FDB0E483F3A8,CO,01,No,,,,,01,Dry,01,Signalized,,,,,,
Property Damage Crashes,DA4251006H,Prince George's County Police,Other,Prince George's,Principal Arterial – Other,No,No,No,No,No,ANNAPOLIS RD,450,MARYLAND ROUTE,No,True,No,2/27/2025,No,Point,38.956731628,-76.809426395,PGCOPD,98,16,03,Yes,8,,08:00,2025,Thursday,12,Motor Vehicle In Transport,05,On Roadway,3,,,,,,09,Through Roadway,01,Daylight,2/27/2025,2025-02-27,S,23.59,F,N,,,8786D24727A2AF206A2B1BC101E97C76B37C21D081888B11D78A9ECB1A361C8F,MD,01,No,,,,,01,Dry,,,,,,,,
Injury Crashes,DA3242000D,Prince George's County Police,Front to Rear,Prince George's,Minor Arterial,No,No,No,No,No,,223,MARYLAND ROUTE,No,True,No,1/21/2025,No,Point,38.770530225,-76.878455465,PGCOPD,03,16,02,No,10,,10:13,2025,Tuesday,12,Motor Vehicle In Transport,05,On Roadway,4,,,,,,06,Non-Junction,01,Daylight,1/21/2025,2025-01-21,N,13.8,F,N,,,B02F7FA20AF7F8CE48B3E8D03C33750B56734D534E5AF902DE2619B2F1061D30,MD,01,No,12,Motor Vehicle In Transport,05,On Roadway,01,Dry,,,,,,,,
Injury Crashes,MSP6582015D,Maryland State Police,Front to Rear,Prince George's,Principal Arterial – Other,No,No,No,No,No,BRANCH AVE (SB/L),5,MARYLAND ROUTE,No,True,No,2/1/2025,No,Point,38.743537105,-76.879252629,MSP,03,16,02,No,18,,18:27,2025,Saturday,12,Motor Vehicle In Transport,05,On Roadway,3,,,,,,09,Through Roadway,04,Dark - Not Lighted,2/1/2025,2025-02-01,N,11.3,F,N,,,1A98B74B58BA7391BE9B0D3634A29386F71D2E4CE4E432C3F1C44E0066B4F1D3,MD,01,No,,,,,01,Dry,,,,,,,,
Injury Crashes,DA44130006,Prince George's County Police,Single Vehicle,Prince George's,Local,No,No,No,No,No,COOL SPRING RD,252,COUNTY ROAD,Yes,True,No,1/11/2025,No,Point,38.990633861,-76.964444080,PGCOPD,101,16,02,No,11,,11:22,2025,Saturday,40,Tree (standing),09,Roadside,7,,,,,,06,Non-Junction,01,Daylight,1/11/2025,2025-01-11,N,9.88,F,N,,,1DA75687C180FB226D885C76CCB23851767E3F574AD5547F3EC0F728FCA9FB10,CO,01,No,,,,,09,Wet,,,,,,,,
Injury Crashes,DA36500052,Prince George's County Police,Front to Rear,Prince George's,,No,No,No,No,No,,302,COUNTY ROAD,No,True,No,4/28/2025,No,Point,38.964243983,-76.893413671,PGCOPD,03,16,02,No,18,,18:36,2025,Monday,12,Motor Vehicle In Transport,05,On Roadway,,,,,,,10,"Other Location Not Listed Above Within an Interchange Area (median,
shoulder and roadside)",01,Daylight,4/28/2025,2025-04-28,E,9.09,F,N,,,22EF8B822BE3E11BBAF0EEA066E1F647AE06550F9406BEF2C251BDDE689CA507,CO,01,No,,,,,01,Dry,,,,,,,,
Injury Crashes,MSP546601RK,Maryland State Police,Front to Rear,Prince George's,Principal Arterial – Other,No,No,No,No,No,CRAIN HWY,301,UNITED STATE ROUTE,No,True,No,2/10/2025,No,Point,38.735220279,-76.825665928,MSP,03,16,02,Yes,8,,08:23,2025,Monday,12,Motor Vehicle In Transport,05,On Roadway,3,,,,,,09,Through Roadway,01,Daylight,2/10/2025,2025-02-10,S,28.81,F,N,,,CBC617E63337FB43BD5F61688921DCE47481037AC1575E96E0D998A0CA984C4C,US,01,No,07,Overturn/Rollover,03,Median,01,Dry,,,,,,,,
Property Damage Crashes,DA418800GD,Prince George's County Police,Single Vehicle,Prince George's,Minor Arterial,No,No,No,No,No,ANNAPOLIS RD (WB/L),450,MARYLAND ROUTE,No,True,No,5/13/2025,No,Point,38.953672305,-76.876937668,PGCOPD,101,16,03,No,9,,09:34,2025,Tuesday,13,Other Non-Fixed Object,05,On Roadway,4,,,,,,03,Driveway Access or Related,01,Daylight,5/13/2025,2025-05-13,S,8.74,F,N,,,2522B28CA36BAFDD4F419D9C3600A2F1A64A3A9212ECF69DDBC4F1D8781EFA3A,MD,01,No,,,,,09,Wet,,,,,,,,
Injury Crashes,MSP738100C2,Maryland State Police,Front to Rear,Prince George's,Interstate,No,No,No,No,No,CAPITAL BELTWAY,95,INTERSTATE ROUTE,No,True,No,3/18/2025,No,Point,38.878195,-76.843506667,MSP,03,16,02,No,14,,14:43,2025,Tuesday,12,Motor Vehicle In Transport,05,On Roadway,1,,,,,,01,Acceleration/Deceleration Lane,01,Daylight,3/18/2025,2025-03-18,W,43.19,F,N,,,09AED253CD1284FA9745E597BF0399DCC0A71E4C76D1EEDB18FE2979D6BE79EB,IS,01,No,,,,,01,Dry,,,,,,,,
Property Damage Crashes,MSP743900NB,Maryland State Police,Single Vehicle,Prince George's,Interstate,Yes,No,No,No,No,CAPITAL BELTWAY (SB/L),95,INTERSTATE ROUTE,No,True,No,5/11/2025,No,Point,39.017111676,-76.912118937,MSP,101,16,03,No,4,,04:27,2025,Sunday,25,Concrete Traffic Barrier,09,Roadside,1,,,,,,09,Through Roadway,04,Dark - Not Lighted,5/11/2025,2025-05-11,W,47.44,F,N,,,9F5F7483D15D11CA134555C797BA15925938D9C987D2BAA3A3FB0C1DEB208D92,IS,01,No,,,,,01,Dry,,,,,,,,
Injury Crashes,CBPD0091005T,Bowie Police Department,Rear To Side,Prince George's,Principal Arterial – Other,No,No,No,No,No,ANNAPOLIS RD (WB/L),450,MARYLAND ROUTE,No,True,No,4/8/2025,No,Point,38.978600163,-76.737572703,BOWIE,05,16,02,No,17,,17:03,2025,Tuesday,12,Motor Vehicle In Transport,05,On Roadway,3,,,,MILLSTREAM DR,,06,Non-Junction,01,Daylight,4/8/2025,2025-04-08,N,49.37,F,N,,,ACB0A3870A1F7F87670B6241136E49755BDFEE254C74973C567FADDE0C8BD5F1,MD,01,No,,,,,01,Dry,,,,,,,,
Property Damage Crashes,BW0215000V,Greenbelt Police Department,Front to Rear,Prince George's,Local,Yes,No,No,No,No,SPRINGHILL DR,480,MUNICIPAL ROAD,No,True,No,4/11/2025,No,Point,39.006565386,-76.904777757,GREENBELT,03,16,03,No,23,,23:30,2025,Friday,15,Parked Vehicle,05,On Roadway,7,,,,,,06,Non-Junction,03,Dark - Lighted,4/11/2025,2025-04-11,E,8.09,F,N,,,AB0C3C1C8520C59B8D968BEB51A36835037EA7A7BBE54C5E7DD00E077D45BD77,MU,01,No,,,,,01,Dry,,,,,,,,
Injury Crashes,CC0306000Y,Hyattsville Police Department,Single Vehicle,Prince George's,Minor Arterial,No,No,No,No,No,QUEENS CHAPEL RD (WB/L),500,MARYLAND ROUTE,No,True,No,1/21/2025,No,Point,38.954895409,-76.964236625,HYATTSVILLE,101,16,02,No,2,,02:43,2025,Tuesday,41,Utility Pole/Light Support,09,Roadside,4,,,,,,06,Non-Junction,03,Dark - Lighted,1/21/2025,2025-01-21,E,25.95,F,N,,,31F72C315FBB02F21AF44A7E9971619904A308ACB6BD9092AD75BD4147E0B2F2,MD,01,No,,,,,01,Dry,,,,,,,,
Property Damage Crashes,DA389000S1,Prince George's County Police,Front to Rear,Prince George's,Major Collector,No,No,No,No,No,CONTEE RD,6,COUNTY ROAD,No,True,No,4/3/2025,No,Point,39.073744441,-76.848901892,PGCOPD,03,16,03,No,8,,08:00,2025,Thursday,12,Motor Vehicle In Transport,05,On Roadway,5,,,,,,06,Non-Junction,01,Daylight,4/3/2025,2025-04-03,E,229.92,F,N,,,68DDAF5EF8B1AF5425526AAF8C7C42CA5D2AAC073D44BB0A4CA605EE00859595,CO,01,No,,,,,01,Dry,,,,,,,,
Property Damage Crashes,MSP7872002C,Maryland State Police,"Sideswipe, Same Direction",Prince George's,Interstate,No,Yes,No,No,No,RAMP 4 FR IS 95 NB TO MD 221A EB,95,RAMP,No,True,No,2/17/2025,No,Point,38.865542977,-76.845809241,MSP,07,16,03,Yes,13,,13:36,2025,Monday,12,Motor Vehicle In Transport,05,On Roadway,1,,,,,,09,Through Roadway,01,Daylight,2/17/2025,2025-02-17,W,115.77,F,N,,,1FBB4FB2DB138701026EB6FF1DD7AEAB56E3249F452187E7A1E3D0FB4145C6B6,RP,01,No,,,,,01,Dry,,,,,,,,
Property Damage Crashes,MSP744700MR,Maryland State Police,Front to Rear,Prince George's,Interstate,No,No,No,No,No,CAPITAL BELTWAY (SB/L),95,INTERSTATE ROUTE,No,True,No,2/22/2025,No,Point,38.897178042,-76.849600779,MSP,03,16,03,No,17,,17:11,2025,Saturday,12,Motor Vehicle In Transport,05,On Roadway,1,,,,,,06,Non-Junction,01,Daylight,2/22/2025,2025-02-22,E,108.28,F,N,,,32F23232AF354C3401FA4CA88D077B7930E40A2C8AC133E234378C4F57D75C04,IS,01,No,,,,,01,Dry,,,,,,,,
Property Damage Crashes,DA3684006Y,Prince George's County Police,Other,Prince George's,Minor Arterial,No,No,No,No,No,LIVINGSTON RD,1202,COUNTY ROAD,No,True,No,1/12/2025,No,Point,38.696421020,-76.975267377,PGCOPD,98,16,03,Yes,20,04,20:57,2025,Sunday,12,Motor Vehicle In Transport,05,On Roadway,4,Perpendicular,,,MEDINAH RIDGE RD MEDINAH RIDGE RD (WB/L) PISCATAWAY RD,03,05,Intersection or Related,03,Dark - Lighted,1/12/2025,2025-01-12,E,0,F,N,,,AEBE827930C2DE19369B98EA668321CFD9710C0A407B6BD96E8FFC3C24713157,CO,01,No,,,,,02,Ice/Frost,01,Signalized,,,,,,
Injury Crashes,CBPD01220018,Bowie Police Department,Unknown,Prince George's,Local,No,No,No,No,No,ATLANTIS DR,53,MUNICIPAL ROAD,No,True,No,1/29/2025,No,Point,38.935759825,-76.731139948,BOWIE,99,16,02,No,15,,15:55,2025,Wednesday,27,Curb,03,Median,7,,,,MITCHELLVILLE RD,,06,Non-Junction,01,Daylight,1/29/2025,2025-01-29,S,7.67,F,N,,,85DC700242B65EEBB890EAC1974B28072C2257A0E9AD2FAC973B43C92623E2E6,MU,01,No,,,,,01,Dry,,,,,,,,
Injury Crashes,DA411200CY,Prince George's County Police,Front to Rear,Prince George's,,No,No,No,No,No,,627,SPUR,No,True,No,5/11/2025,No,Point,38.840761041,-76.873602208,PGCOPD,03,16,02,No,10,,10:51,2025,Sunday,12,Motor Vehicle In Transport,05,On Roadway,,,,,,,06,Non-Junction,01,Daylight,5/11/2025,2025-05-11,N,34.72,F,N,,,3D75E9C4B5CD33E34C9CB86F77D353AE8828F6F3D8C78404E844BB485493E91B,SP,01,No,,,,,01,Dry,,,,,,,,
Injury Crashes,DA4278006F,Prince George's County Police,Single Vehicle,Prince George's,,No,No,No,Yes,Yes,,,,No,True,No,1/10/2025,No,Point,38.964081844,-76.787345363,PGCOPD,101,16,02,,1,,01:15,2025,Friday,17,Pedestrian,02,In Parking Lane Or Zone,,,,,,,,,03,Dark - Lighted,1/10/2025,2025-01-10,,,F,N,102,Parking Lot Way,,,01,No,,,,,,,,,,,,,,
Injury Crashes,DA3965008R,Prince George's County Police,Unknown,Prince George's,,No,No,No,Yes,No,,1216,PRIVATE ROAD,No,True,No,3/14/2025,No,Point,38.987539956,-76.926819956,PGCOPD,99,16,02,Yes,8,,08:21,2025,Friday,17,Pedestrian,05,On Roadway,,,,,51ST AVE #3 PIERCE AVE,,02,Crossover-Related,01,Daylight,3/14/2025,2025-03-14,S,13.86,F,N,,,6FD970C74024D825D0405AF187414AEF3E721190E4C078764B4D9BB89A3D8E5F,PV,01,No,,,,,01,Dry,,,,,,,,
Property Damage Crashes,MSP745800SH,Maryland State Police,Single Vehicle,Prince George's,Principal Arterial – Other,No,No,No,No,No,BRANCH AVE (SB/L),5,MARYLAND ROUTE,No,True,No,4/26/2025,No,Point,38.693408333,-76.87237,MSP,101,16,03,No,1,,01:38,2025,Saturday,13,Other Non-Fixed Object,09,Roadside,3,,,,,,01,Acceleration/Deceleration Lane,03,Dark - Lighted,4/26/2025,2025-04-26,N,48.84,F,N,,,06B0E569B6D6D2412B19BD8D3EEE1BB3C78793B73B35A9BD0D2FDA65323CD5B5,MD,01,No,,,,,09,Wet,,,,,,,,
Property Damage Crashes,DA4384002L,Prince George's County Police,"Sideswipe, Opposite Direction",Prince George's,Local,No,No,No,No,No,LIVINGSTON RD,4524,COUNTY ROAD,No,True,No,1/1/2025,No,Point,38.749410666,-77.000533575,PGCOPD,06,16,03,No,1,,01:52,2025,Wednesday,12,Motor Vehicle In Transport,05,On Roadway,7,,,,,,09,Through Roadway,04,Dark - Not Lighted,1/1/2025,2025-01-01,W,38.18,F,N,,,F7B3106DA042BCEC8B7496D9948B1AA9B9BAF6E2496749B0FC3196505A988BDD,CO,01,No,,,,,01,Dry,,,,,,,,
Property Damage Crashes,MSP68590088,Maryland State Police,Angle,Prince George's,Major Collector,No,No,No,No,No,CAMPUS WAY SOUTH,4638,COUNTY ROAD,No,True,No,1/28/2025,No,Point,38.891141667,-76.825218333,MSP,01,16,03,No,10,04,10:21,2025,Tuesday,12,Motor Vehicle In Transport,05,On Roadway,5,Perpendicular,,,LARGO RD,03,05,Intersection or Related,01,Daylight,1/28/2025,2025-01-28,E,0,F,N,,,FBFCF7012D40698E9EE24E6C15C8A434AD6AE171CAC6BAE8E641F4A17FA0E902,CO,01,No,,,,,01,Dry,01,Signalized,,,,,,
Property Damage Crashes,DA3476004S,Prince George's County Police,Front to Rear,Prince George's,Interstate,No,No,No,No,No,RAMP 7 FR IS 95 WB TO US 1 SB,95,RAMP,No,True,No,3/20/2025,No,Point,39.019620288,-76.925797250,PGCOPD,03,16,03,No,19,,19:46,2025,Thursday,12,Motor Vehicle In Transport,05,On Roadway,1,,,,,,09,Through Roadway,03,Dark - Lighted,3/20/2025,2025-03-20,W,36.03,F,N,,,B0ED112781F29B0CDA9F4772FA68708A4C1F00F96DE6553E0C249C8073E49AEE,RP,01,No,,,,,09,Wet,,,,,,,,
Injury Crashes,DA3223004T,Prince George's County Police,Front to Front,Prince George's,Major Collector,No,No,No,No,No,OLD FORT RD,118,COUNTY ROAD,No,True,No,6/3/2025,No,Point,38.740719045,-76.973295512,PGCOPD,02,16,02,No,6,,06:03,2025,Tuesday,12,Motor Vehicle In Transport,05,On Roadway,5,,,,,,09,Through Roadway,01,Daylight,6/3/2025,2025-06-03,S,17.24,F,N,,,0D5E1F85C27624EF34DA809266646D755A8193BB8F9AE02AF4F210351A901598,CO,01,No,,,,,01,Dry,,,,,,,,
Property Damage Crashes,AZ17410008,Cheverly Police Department,Front to Front,Prince George's,Major Collector,No,No,No,No,No,COLUMBIA PARK RD,3668,COUNTY ROAD,No,True,No,1/7/2025,No,Point,38.915917855,-76.912775763,CHEVERLY,02,16,03,No,7,,07:41,2025,Tuesday,12,Motor Vehicle In Transport,05,On Roadway,5,,,,,,06,Non-Junction,01,Daylight,1/7/2025,2025-01-07,S,10.1,F,N,,,CF59391A5B7FB9F73DDF90B25CF9F7B278276FAC10E6E73C1AFC5B9CA3918751,CO,01,No,,,,,07,Snow,,,,,,,,
Property Damage Crashes,CBPD0061005L,Bowie Police Department,Unknown,Prince George's,,No,No,No,No,No,TOWN CENTER BLVD,2090,LOCAL ROAD,No,True,No,4/22/2025,No,Point,38.944914977,-76.734106069,BOWIE,99,16,03,No,16,,16:12,2025,Tuesday,15,Parked Vehicle,02,In Parking Lane Or Zone,,,,,,,06,Non-Junction,01,Daylight,4/22/2025,2025-04-22,W,22.11,F,N,,,B889E4BD7F374CB4A56AF240566650A7170118404FE8EA43D9BE72B2D05D7F6F,LL,01,No,,,,,01,Dry,,,,,,,,
Property Damage Crashes,AZ17520004,Cheverly Police Department,Angle,Prince George's,Principal Arterial – Other Freeways and Expressways,No,Yes,No,No,No,RAMP 2 FR COLUMBIA PK RD NB TO US 50 EB,50,RAMP,No,True,No,5/7/2025,No,Point,38.917428585,-76.915324126,CHEVERLY,01,16,03,No,7,,07:57,2025,Wednesday,12,Motor Vehicle In Transport,05,On Roadway,2,,,,COLUMBIA PARK RD,,04,Entrance/Exit Ramp or Related,01,Daylight,5/7/2025,2025-05-07,N,24.08,F,N,,,D47C03573A20776CE54A3E93CAB9ACE64DEE59B6A48EF3B09E1BD1003CAAF838,RP,01,No,,,,,01,Dry,,,,,,,,
Property Damage Crashes,AM0354004V,Bladensburg Police Department,Front to Front,Prince George's,Local,No,No,No,No,No,54TH ST,542,MUNICIPAL ROAD,No,True,No,3/2/2025,No,Point,38.940267627,-76.926912956,BLADENSBURG,02,16,03,No,1,,01:15,2025,Sunday,12,Motor Vehicle In Transport,05,On Roadway,7,,,,,,06,Non-Junction,04,Dark - Not Lighted,3/2/2025,2025-03-02,N,2.79,F,N,,,CDC819489BE9A1D463226FF5E5C591D6288E2D6FB032E485D967F4BCE6E56122,MU,01,No,,,,,01,Dry,,,,,,,,
Property Damage Crashes,DA379700CJ,Prince George's County Police,Front to Rear,Prince George's,Principal Arterial – Other,No,No,No,No,No,LANDOVER RD (SB/L),202,MARYLAND ROUTE,No,True,No,4/15/2025,No,Point,38.931803207,-76.901018725,PGCOPD,03,16,03,No,16,,16:00,2025,Tuesday,12,Motor Vehicle In Transport,05,On Roadway,3,,,,,,06,Non-Junction,01,Daylight,4/15/2025,2025-04-15,E,10.16,F,N,,,C3F5AEB7FEDEF321E3A96DE7598E95EC9CDBA38EB077824D87468B6F985024A8,MD,01,No,,,,,01,Dry,,,,,,,,
Property Damage Crashes,DA4324001W,Prince George's County Police,Rear To Side,Prince George's,Local,No,No,No,No,No,OLD SILVER HILL RD,972,MARYLAND ROUTE,Yes,True,No,2/4/2025,No,Point,38.853032489,-76.906274471,PGCOPD,05,16,03,Yes,17,,17:30,2025,Tuesday,12,Motor Vehicle In Transport,05,On Roadway,7,,,,OLD SILVER HILL RD,,99,Unknown,101,Dusk,2/4/2025,2025-02-04,N,268.31,F,N,,,C6AA29CE6EAC2EA99486F9D77D35D0D6840C006291F649659761B206E1BE7D66,MD,01,No,,,,,01,Dry,,,,,,,,
Property Damage Crashes,MSP7778006V,Maryland State Police,Single Vehicle,Prince George's,Interstate,No,Yes,No,No,No,NO NAME,95,INTERSTATE ROUTE,No,True,No,1/2/2025,No,Point,39.08286915,-76.898161333,MSP,101,16,03,No,10,,10:30,2025,Thursday,01,Cargo/Equipment Loss Or Shift,05,On Roadway,1,,,,,,09,Through Roadway,01,Daylight,1/2/2025,2025-01-02,N,46.53,F,N,,,080681CC561866F46A4B00B435B10ABEA5D10A6B8067C1A981815F7AF3CA70DB,IS,01,No,,,,,01,Dry,,,,,,,,
Property Damage Crashes,CE4587008G,Laurel Police Department,Front to Rear,Prince George's,Principal Arterial – Other,No,No,No,No,No,SECOND ST,1,UNITED STATE ROUTE,No,True,No,4/9/2025,No,Point,39.097344677,-76.849002884,LAUREL,03,16,03,No,13,,13:40,2025,Wednesday,12,Motor Vehicle In Transport,05,On Roadway,3,,,,,,06,Non-Junction,01,Daylight,4/9/2025,2025-04-09,N,37.25,F,N,,,1B04A8A49E2D5BF5D5EA579C82807D6792B697FB9D43321DD3F4770426F0DFA5,US,01,No,,,,,01,Dry,,,,,,,,
Property Damage Crashes,RD0131005B,Riverdale Park Police Department,"Sideswipe, Same Direction",Prince George's,Principal Arterial – Other,No,No,No,No,No,,1,UNITED STATE ROUTE,No,True,No,5/7/2025,No,Point,38.964527850,-76.939083506,RIVERDALE,07,16,03,No,19,04,19:29,2025,Wednesday,12,Motor Vehicle In Transport,05,On Roadway,3,Perpendicular,,,EAST WEST HWY,03,05,Intersection or Related,01,Daylight,5/7/2025,2025-05-07,N,0,F,N,,,CCB9D28FEE704EC295E1C2814CDFFA051F24309BD470A459DD2DE1F092281EFA,US,01,No,,,,,01,Dry,01,Signalized,,,,,,
Property Damage Crashes,DA4306004Y,Prince George's County Police,Front to Rear,Prince George's,Principal Arterial – Other,No,No,No,No,No,LANDOVER RD (SB/L),202,MARYLAND ROUTE,No,True,No,2/28/2025,No,Point,38.927016864,-76.883105175,PGCOPD,03,16,03,No,14,,14:09,2025,Friday,12,Motor Vehicle In Transport,05,On Roadway,3,,,,,,06,Non-Junction,01,Daylight,2/28/2025,2025-02-28,W,7.1,F,N,,,1B1BCE54C5396B5722D584824046048F2594DB85D8895CB579A385DEE253D251,MD,01,No,,,,,01,Dry,,,,,,,,
Property Damage Crashes,DA4426000K,Prince George's County Police,Front to Rear,Prince George's,Principal Arterial – Other Freeways and Expressways,No,No,No,No,No,KENILWORTH AVE,201,MARYLAND ROUTE,No,True,No,2/13/2025,No,Point,38.915109690,-76.932395251,PGCOPD,03,16,03,No,23,,23:57,2025,Thursday,12,Motor Vehicle In Transport,05,On Roadway,2,,,,,,06,Non-Junction,03,Dark - Lighted,2/13/2025,2025-02-13,W,13.73,F,N,,,C3098F90B4287CACCA0B7F40446C57CF9DE3F7A9B3B59A0113C5C0B91BE42AEC,MD,01,No,,,,,01,Dry,,,,,,,,
Property Damage Crashes,MSP757700JL,Maryland State Police,Front to Rear,Prince George's,Principal Arterial – Other,No,No,Yes,No,No,,1,UNITED STATE ROUTE,No,True,No,3/29/2025,No,Point,39.087766843,-76.860113425,MSP,03,16,03,No,17,,17:03,2025,Saturday,12,Motor Vehicle In Transport,05,On Roadway,3,,,,,,09,Through Roadway,01,Daylight,3/29/2025,2025-03-29,S,11.13,F,N,,,8FF7795A6E22DF595C2CC269086D683A2FBFEC718F60557B47021FFDCF640777,US,01,No,97,Not Applicable,,,01,Dry,,,,,,,,
Injury Crashes,CBPD00920044,Bowie Police Department,Other,Prince George's,Principal Arterial – Other,No,No,No,No,No,ANNAPOLIS RD,450,MARYLAND ROUTE,No,True,No,2/3/2025,No,Point,38.978598433,-76.737447276,BOWIE,98,16,02,No,18,,18:30,2025,Monday,12,Motor Vehicle In Transport,05,On Roadway,3,,,,,,06,Non-Junction,03,Dark - Lighted,2/3/2025,2025-02-03,W,24.21,F,N,,,857AAB85AF26696C50E60BD862C0B1B3F65EA8BDAEC6B36F23E5C97C4AE1B3BB,MD,01,No,,,,,01,Dry,,,,,,,,
Property Damage Crashes,DA4294003Q,Prince George's County Police,Angle,Prince George's,Principal Arterial – Other,No,No,No,No,No,ST BARNABAS RD,414,MARYLAND ROUTE,No,True,No,5/17/2025,No,Point,38.805276639,-76.974485979,PGCOPD,01,16,03,No,14,,14:15,2025,Saturday,12,Motor Vehicle In Transport,05,On Roadway,3,,,,,,06,Non-Junction,01,Daylight,5/17/2025,2025-05-17,N,81.57,F,N,,,90253B20C95B9FBFC2D16E4B67C6BEC891CFE2FFD5B06FD61905BA6CF747A478,MD,01,No,,,,,01,Dry,,,,,,,,
Property Damage Crashes,DA4376001V,Prince George's County Police,Front to Front,Prince George's,Major Collector,No,No,No,No,No,KENT VILLAGE DR,3361,COUNTY ROAD,No,True,No,5/12/2025,No,Point,38.923017212,-76.885100734,PGCOPD,02,16,03,No,16,,16:57,2025,Monday,12,Motor Vehicle In Transport,05,On Roadway,5,,,,KENT TOWN DR,,06,Non-Junction,01,Daylight,5/12/2025,2025-05-12,S,10.45,F,N,,,AD2C134894350F913E84721023EBFAE06BCC6DC4902EFD3083403E14885CF072,CO,01,No,,,,,01,Dry,,,,,,,,
Property Damage Crashes,DA3382004G,Prince George's County Police,"Sideswipe, Same Direction",Prince George's,Minor Arterial,No,No,No,No,No,WHEELER RD,110,COUNTY ROAD,No,True,No,3/13/2025,No,Point,38.817152492,-76.964037177,PGCOPD,07,16,03,No,22,03,22:00,2025,Thursday,12,Motor Vehicle In Transport,05,On Roadway,4,Angled/Skewed,,,OWENS RD,01,05,Intersection or Related,03,Dark - Lighted,3/13/2025,2025-03-13,E,0,F,N,,,9A4718679DB248BE1FC5FE133E64B1A04045127B1A807B7A6156B4F3B49351F1,CO,01,No,,,,,01,Dry,01,Signalized,,,,,,
Property Damage Crashes,MSP766400BF,Maryland State Police,Single Vehicle,Prince George's,Interstate,Yes,No,No,No,No,CAPITAL BELTWAY,95,INTERSTATE ROUTE,No,True,No,4/26/2025,No,Point,38.889603092,-76.845844577,MSP,101,16,03,No,2,,02:36,2025,Saturday,31,Guardrail End Terminal,09,Roadside,1,,101,State,,,09,Through Roadway,04,Dark - Not Lighted,4/26/2025,2025-04-26,S,38.55,F,N,,,45973CD7F9160A680E134C84B6A22F6F8F86AC1B11380EF79343E402CCC73EF6,IS,01,No,,,,,09,Wet,,,,,,,,
Property Damage Crashes,MSP745800RT,Maryland State Police,"Sideswipe, Same Direction",Prince George's,Interstate,No,Yes,No,No,No,CAPITAL BELTWAY,95,INTERSTATE ROUTE,No,True,No,4/9/2025,No,Point,38.80072,-77.003338333,MSP,07,16,03,No,1,,01:02,2025,Wednesday,12,Motor Vehicle In Transport,05,On Roadway,1,,,,,,01,Acceleration/Deceleration Lane,03,Dark - Lighted,4/9/2025,2025-04-09,W,15.34,F,N,,,F5AD6E8E310202BE1333A96858A7E629B6BC51B0EAFB0289EEC1C7AFC0FD0897,IS,01,No,,,,,01,Dry,,,,,,,,
Fatal Crashes,DA402200K2,Prince George's County Police,Front to Front,Prince George's,Major Collector,Yes,No,No,No,No,TUXEDO RD (SB/L),459,MARYLAND ROUTE,Yes,True,No,2/28/2025,No,Point,38.917968574,-76.926266529,PGCOPD,02,16,01,No,18,,18:46,2025,Friday,12,Motor Vehicle In Transport,05,On Roadway,5,,,,,,06,Non-Junction,03,Dark - Lighted,2/28/2025,2025-02-28,N,19.33,F,N,,,21724CF7BB9BF0A6E4E7406EF012CB81DA9D6D353BF3BB5AA3F29B29F8B9498A,MD,01,No,,,,,01,Dry,,,,,,,,
Injury Crashes,DA4396001R,Prince George's County Police,Front to Rear,Prince George's,Principal Arterial – Other,No,No,No,No,No,NEW HAMPSHIRE AVE (SB/L),650,MARYLAND ROUTE,No,True,No,5/15/2025,No,Point,39.005874410,-76.980641247,PGCOPD,03,16,02,No,7,,07:50,2025,Thursday,12,Motor Vehicle In Transport,05,On Roadway,3,,,,,,06,Non-Junction,01,Daylight,5/15/2025,2025-05-15,S,15.92,F,N,,,1EF2A87B8BF8732734D82D1DC2B1A90DDBC29AAABB770F330DC9084C7CF1E47F,MD,01,No,,,,,01,Dry,,,,,,,,