Crash Severity Description,Reportnumber,Agencyname,CollisionImpact Description,Crash County Description,FunctionalClass Description,ImpairedCrash,Large Vehicle Involved,Motorcycle Crash,Non-Motorist Crash,OffRoad,RoadName,Route Number,RouteType Description,Unrestrained Occupants,WithinDateRange,Work Zone Related,Crashdate,Work Zone Crash,CrashPoint,Latitude,Longitude,AgencyCode,CollisionImpact,Crash County,Crash Severity,Crash Within Interchange,Crashhour,CrashInterchangeApproaches,Crashtime,CrashYear,Dayofweek,FirstHarmEvent,FirstHarmEvent Description,FirstHarmLocation,FirstHarmLocation Description,FunctionalClass,Geometry Description,GovPropertyDamage,GovPropertyDamage Description,IntersectingRoadName,Intersection Geometry,JunctionRelated,JunctionRelated Description,Light,Light Description,LOD Crash Date,LOD Date Level,MilepointDirection,MilepointDistance,MilepointUnits,NonTrafficFatal,OffroadLocation,OffroadLocation Description,RoadID,RouteType,SchoolBusRelated,SchoolBusRelated Description,SecondHarmEvent,SecondHarmEvent Description,SecondHarmLocation,SecondHarmLocation Description,Surface,Surface Description,TrafficControl,Trafficcontrol Description,WZLawEnforcementPresent,WZLocation,WZLocation Description,WZType,WZType Description,WZWorkersPresent
Property Damage Crashes,ZP05350002,Prince George's County Sheriff's Office,Single Vehicle,Prince George's,Principal Arterial – Other,No,No,No,No,No,STEPHANIE ROPER HWY (SB/L),4,MARYLAND ROUTE,Yes,True,No,1/28/2025,No,Point,38.811011727,-76.713298278,PGCOSHERIFF,101,16,03,No,20,,20:30,2025,Tuesday,09,Animal (live),05,On Roadway,3,,,,,,06,Non-Junction,03,Dark - Lighted,1/28/2025,2025-01-28,E,31.18,F,N,,,9B10FCB8FFC57EDA2624EC718170B3BB73075F129CDA544B0814ED187F899222,MD,01,No,97,Not Applicable,,,01,Dry,,,,,,,,
Injury Crashes,DA43320038,Prince George's County Police,Front to Front,Prince George's,Local,No,No,No,No,No,CRITTENDEN ST,343,COUNTY ROAD,No,True,No,2/15/2025,No,Point,38.945934690,-76.928933377,PGCOPD,02,16,02,Yes,17,03,17:27,2025,Saturday,12,Motor Vehicle In Transport,05,On Roadway,7,Perpendicular,,,EDMONSTON RD,03,05,Intersection or Related,101,Dusk,2/15/2025,2025-02-15,S,0,F,N,,,2CA3869CA7FA5C2EBFF17C05508B0EA19A90D92EF0328ADA58681D9CBD692F6A,CO,01,No,,,,,09,Wet,05,No Controls,,,,,,
Property Damage Crashes,DA3437004G,Prince George's County Police,Front to Rear,Prince George's,Minor Arterial,No,No,No,No,No,OLD BRANCH AVE,3675,COUNTY ROAD,No,True,No,3/22/2025,No,Point,38.790992990,-76.898448731,PGCOPD,03,16,03,No,16,,16:18,2025,Saturday,12,Motor Vehicle In Transport,05,On Roadway,4,,,,,,06,Non-Junction,01,Daylight,3/22/2025,2025-03-22,W,0.36,F,N,,,DBC60F984DD380C327CBAD52230FC931A3DD617FACA321EB1D800EA28FDC28FA,CO,01,No,,,,,01,Dry,,,,,,,,
Property Damage Crashes,MSP7872001X,Maryland State Police,Single Vehicle,Prince George's,Principal Arterial – Other,Yes,No,No,No,No,CENTRAL AVE,214,MARYLAND ROUTE,No,True,No,2/1/2025,No,Point,38.899011205,-76.823683294,MSP,101,16,03,No,15,,15:51,2025,Saturday,27,Curb,03,Median,3,,,,,,09,Through Roadway,01,Daylight,2/1/2025,2025-02-01,W,49.78,F,N,,,C7C6D507CBEAC41405B62D00C6760FF0ECA877FB34D47E4B279972B50E38FF6E,MD,01,No,,,,,01,Dry,,,,,,,,
Injury Crashes,BW0202002Q,Greenbelt Police Department,Other,Prince George's,Principal Arterial – Other Freeways and Expressways,No,No,No,No,No,KENILWORTH AVE (SB/L),201,MARYLAND ROUTE,No,True,No,1/24/2025,No,Point,39.008508102,-76.891560297,GREENBELT,98,16,02,No,9,03,09:22,2025,Friday,12,Motor Vehicle In Transport,05,On Roadway,2,Perpendicular,,,IVY LA,03,05,Intersection or Related,01,Daylight,1/24/2025,2025-01-24,N,0,F,N,,,7DDAD3728B30429FE39ED91F1AD5C9B1DA2ECE88BF710025A0AD4C68386BF1D3,MD,01,No,,,,,01,Dry,01,Signalized,,,,,,
Property Damage Crashes,CBPD0048008X,Bowie Police Department,Single Vehicle,Prince George's,Local,No,No,No,No,No,QUIET OWL LA,2205,MUNICIPAL ROAD,Yes,True,No,5/13/2025,No,Point,38.995590806,-76.789378618,BOWIE,101,16,03,No,15,,15:10,2025,Tuesday,34,Mailbox,04,"Off-Roadway, Location Unknown",7,,,,,,06,Non-Junction,01,Daylight,5/13/2025,2025-05-13,W,31.09,F,N,,,EDB137BE85F0AA31D3AE849430CE800FF160E61C4D34B09AAA5E3749CC180765,MU,01,No,97,Not Applicable,,,09,Wet,,,,,,,,
Property Damage Crashes,MSP0568005P,Maryland State Police,Single Vehicle,Prince George's,Interstate,No,No,No,No,No,CAPITAL BELTWAY,95,INTERSTATE ROUTE,No,True,No,5/2/2025,No,Point,38.819224381,-76.927743638,MSP,101,16,03,No,8,,08:40,2025,Friday,32,Guardrail Face,03,Median,1,,101,State,,,09,Through Roadway,01,Daylight,5/2/2025,2025-05-02,N,43.68,F,N,,,A9D48AF839BEC3F1C0290E13F3A84B3EDB8A1D80E179467589005D6829171DD8,IS,01,No,97,Not Applicable,,,01,Dry,,,,,,,,
Injury Crashes,MSP743900MY,Maryland State Police,Single Vehicle,Prince George's,Interstate,No,No,No,No,No,RAMP 10 FR IS 495 EB TO IS 95 SB,95,RAMP,No,True,No,3/21/2025,No,Point,39.021339958,-76.943036249,MSP,101,16,02,No,23,,23:52,2025,Friday,25,Concrete Traffic Barrier,09,Roadside,1,,,,,,09,Through Roadway,03,Dark - Lighted,3/21/2025,2025-03-21,N,20.74,F,N,,,A50B2E0A034D7D097F0B9836A11499CD65DFF4F297892468D9CFC64A0E90F0F2,RP,01,No,,,,,01,Dry,,,,,,,,
Property Damage Crashes,DA4374003V,Prince George's County Police,Angle,Prince George's,Principal Arterial – Other,No,No,No,No,No,ANNAPOLIS RD,450,MARYLAND ROUTE,No,True,No,4/23/2025,No,Point,38.961204775,-76.797456290,PGCOPD,01,16,03,Yes,23,04,23:29,2025,Wednesday,12,Motor Vehicle In Transport,05,On Roadway,3,Perpendicular,,,ENTERPRISE RD (WB/L),03,05,Intersection or Related,03,Dark - Lighted,4/23/2025,2025-04-23,S,0,F,N,,,FD5C3902DEEB3266AF93EE3D8207A9A5DA80A98A5DBC3DB90F047C126DFF4172,MD,01,No,,,,,01,Dry,01,Signalized,,,,,,
Property Damage Crashes,DA373600CZ,Prince George's County Police,Front to Rear,Prince George's,Major Collector,No,No,No,No,No,OXON HILL RD,114,COUNTY ROAD,No,True,No,3/25/2025,No,Point,38.786552463,-77.005622018,PGCOPD,03,16,03,No,18,,18:17,2025,Tuesday,12,Motor Vehicle In Transport,05,On Roadway,5,,,,,,09,Through Roadway,01,Daylight,3/25/2025,2025-03-25,S,40.71,F,N,,,BE1B53C72D96B2B206011905164D8AC358B20C70E0579FBE5AD635D7D8DDAB47,CO,01,No,,,,,01,Dry,,,,,,,,
Property Damage Crashes,MSP718600HY,Maryland State Police,Single Vehicle,Prince George's,Interstate,Yes,No,No,No,No,RAMP 7 FR IS 95 LS TO RP 9 (TO NATL HBR),95,RAMP,No,True,No,1/11/2025,No,Point,38.795943866,-77.017692490,MSP,101,16,03,No,20,,20:03,2025,Saturday,27,Curb,09,Roadside,1,,,,,,01,Acceleration/Deceleration Lane,05,Dark - Unknown Lighting,1/11/2025,2025-01-11,W,197.65,F,N,,,C431DE9002D748FE3267A3463B8DCDAFA37B5379997EDF35BA414C01B938EE72,RP,01,No,,,,,06,Slush,,,,,,,,
Injury Crashes,DA4426000R,Prince George's County Police,Angle,Prince George's,Minor Arterial,No,No,No,No,No,SHERIFF RD,75,COUNTY ROAD,No,True,No,3/13/2025,No,Point,38.909586108,-76.892071852,PGCOPD,01,16,02,Yes,6,04,06:19,2025,Thursday,12,Motor Vehicle In Transport,05,On Roadway,4,Perpendicular,,,MARTIN LUTHER KING JR HWY (WB/L),03,05,Intersection or Related,03,Dark - Lighted,3/13/2025,2025-03-13,W,0,F,N,,,CE1B12343B2B33837F71733A93776B555BC164EA36A2A98EC5B0CB094A7FCBFD,CO,01,No,,,,,09,Wet,01,Signalized,,,,,,
Injury Crashes,DA4294003H,Prince George's County Police,Single Vehicle,Prince George's,,No,No,No,Yes,Yes,,,,No,True,No,2/27/2025,No,Point,38.804708196,-76.985118212,PGCOPD,101,16,02,,10,,10:20,2025,Thursday,17,Pedestrian,02,In Parking Lane Or Zone,,,,,,,,,01,Daylight,2/27/2025,2025-02-27,,,F,N,101,Parking Aisle,,,01,No,,,,,,,,,,,,,,
Property Damage Crashes,CNC31830022,New Carrollton Police Department,"Sideswipe, Same Direction",Prince George's,Minor Arterial,No,No,No,No,No,ANNAPOLIS RD (WB/L),450,MARYLAND ROUTE,No,True,No,1/15/2025,No,Point,38.958239848,-76.868595256,NCPD,07,16,03,No,14,,14:48,2025,Wednesday,12,Motor Vehicle In Transport,05,On Roadway,4,,,,,,09,Through Roadway,01,Daylight,1/15/2025,2025-01-15,S,19.96,F,N,,,6DBB4218C3E1A3D431547178EC325D9A2E4F8F093FC31B2D3213C70893BF947C,MD,01,No,,,,,01,Dry,,,,,,,,
Injury Crashes,DA3746009V,Prince George's County Police,Single Vehicle,Prince George's,Minor Arterial,No,No,No,Yes,No,,223,MARYLAND ROUTE,No,True,No,3/21/2025,No,Point,38.762175125,-76.912356656,PGCOPD,101,16,02,No,8,,08:10,2025,Friday,13,Other Non-Fixed Object,99,Unknown,4,,,,,,99,Unknown,01,Daylight,3/21/2025,2025-03-21,W,29.01,F,N,,,F5AC12397BF75AB790B235BB652C3FBAD90EEFE2FD656129369F7EDA0BB5FA36,MD,01,No,12,Motor Vehicle In Transport,99,Unknown,01,Dry,,,,,,,,
Property Damage Crashes,DA393600G8,Prince George's County Police,"Sideswipe, Same Direction",Prince George's,Minor Collector,No,No,No,No,No,COUNTY RD,458,MARYLAND ROUTE,No,True,No,5/20/2025,No,Point,38.863294864,-76.897683490,PGCOPD,07,16,03,No,14,,14:25,2025,Tuesday,12,Motor Vehicle In Transport,05,On Roadway,6,,,,WALKER MILL RD (EB/L),,06,Non-Junction,01,Daylight,5/20/2025,2025-05-20,W,15.43,F,N,,,BDECCF536C1B4BA116DC708A8E32DD7CD724170223ABBA726F08620F1A06BEF1,MD,01,No,,,,,01,Dry,,,,,,,,
Property Damage Crashes,MSP757700HK,Maryland State Police,Front to Rear,Prince George's,Principal Arterial – Other Freeways and Expressways,No,No,No,No,No,RAMP 3 FR US 50 EB TO MD 459 NB,50,RAMP,No,True,No,2/9/2025,No,Point,38.917325417,-76.916314861,MSP,03,16,03,No,16,,16:12,2025,Sunday,12,Motor Vehicle In Transport,05,On Roadway,2,,,,,,04,Entrance/Exit Ramp or Related,01,Daylight,2/9/2025,2025-02-09,W,10.41,F,N,,,B3C1D493A88098728B33173F369FB68C9EEB562786FA925158AF7CA43157F26C,RP,01,No,97,Not Applicable,,,01,Dry,,,,,,,,
Property Damage Crashes,DA3352005N,Prince George's County Police,Single Vehicle,Prince George's,Minor Arterial,No,Yes,No,No,No,BRIGHTSEAT RD,202,MARYLAND ROUTE,No,True,No,3/6/2025,No,Point,38.918103312,-76.860229298,PGCOPD,101,16,03,Yes,11,,11:30,2025,Thursday,05,Jackknife,05,On Roadway,4,,,,,,01,Acceleration/Deceleration Lane,01,Daylight,3/6/2025,2025-03-06,E,33.56,F,N,,,61CD267CFC3D7448F1976412BBB243D1CC738EC59A77657477915160356E67ED,MD,01,No,,,,,01,Dry,,,,,,,,
Property Damage Crashes,MSP745800PS,Maryland State Police,"Sideswipe, Opposite Direction",Prince George's,Principal Arterial – Other,No,No,No,No,No,CRAIN HWY,301,UNITED STATE ROUTE,No,True,No,2/24/2025,No,Point,38.699573333,-76.86776,MSP,06,16,03,No,13,,13:30,2025,Monday,12,Motor Vehicle In Transport,05,On Roadway,3,,,,,,01,Acceleration/Deceleration Lane,01,Daylight,2/24/2025,2025-02-24,N,40.07,F,N,,,CB265D48F8592CE106DCD83996CB4CD635018DB7B2FA909A1A328DE13AA8CA71,US,01,No,,,,,01,Dry,,,,,,,,
Property Damage Crashes,DA4337002Z,Prince George's County Police,Front to Rear,Prince George's,Principal Arterial – Other,No,Yes,No,No,No,,1,UNITED STATE ROUTE,No,True,No,2/21/2025,No,Point,38.957097582,-76.940049140,PGCOPD,03,16,03,No,8,,08:24,2025,Friday,12,Motor Vehicle In Transport,05,On Roadway,3,,,,,,06,Non-Junction,01,Daylight,2/21/2025,2025-02-21,N,15.57,F,N,,,3B0994F2A1EC1DE4B5E4C00925BAAA48E9E163AD06CD2DCE3138FDAFE1AF1607,US,02,"Yes, School Bus Directly Involved",,,,,01,Dry,,,,,,,,
Property Damage Crashes,DA43520035,Prince George's County Police,"Sideswipe, Opposite Direction",Prince George's,Local,No,No,No,No,No,SCHALL RD,1257,COUNTY ROAD,No,True,No,6/4/2025,No,Point,38.684613455,-76.982066398,PGCOPD,06,16,03,No,20,,20:22,2025,Wednesday,12,Motor Vehicle In Transport,05,On Roadway,7,,,,,,99,Unknown,01,Daylight,6/4/2025,2025-06-04,E,27.69,F,N,,,4727B26E4982CEB7D764736531E8371B7CD731B3303786139AD902CAE0211348,CO,01,No,,,,,01,Dry,,,,,,,,
Property Damage Crashes,DA4251006C,Prince George's County Police,Front to Rear,Prince George's,Principal Arterial – Other,No,No,No,No,No,ANNAPOLIS RD (WB/L),450,MARYLAND ROUTE,No,True,No,2/22/2025,No,Point,38.956848430,-76.815305798,PGCOPD,03,16,03,No,20,,20:00,2025,Saturday,12,Motor Vehicle In Transport,05,On Roadway,3,,,,,,09,Through Roadway,03,Dark - Lighted,2/22/2025,2025-02-22,W,16.2,F,N,,,50C9A803E6D2814E6CDADC04E55BB29B830081E0FB0EDD169595CB5C20560DFC,MD,01,No,,,,,01,Dry,,,,,,,,
Property Damage Crashes,MSP7764008M,Maryland State Police,Front to Rear,Prince George's,Interstate,No,No,No,No,No,CAPITAL BELTWAY,95,INTERSTATE ROUTE,No,True,No,4/13/2025,No,Point,38.987181667,-76.881644674,MSP,03,16,03,No,20,,20:20,2025,Sunday,12,Motor Vehicle In Transport,05,On Roadway,1,,,,,,06,Non-Junction,03,Dark - Lighted,4/13/2025,2025-04-13,W,26.21,F,N,,,FE1280FC04805FD8634915C90FB6776180760B2A2410D3CBE2309589A3D7CFE5,IS,01,No,,,,,01,Dry,,,,,,,,
Property Damage Crashes,MSP7764007N,Maryland State Police,Single Vehicle,Prince George's,Interstate,No,No,No,No,No,NO NAME (SB/L),95,INTERSTATE ROUTE,No,True,No,2/16/2025,No,Point,39.058853169,-76.925720330,MSP,101,16,03,No,10,,10:17,2025,Sunday,28,Ditch,03,Median,1,,,,,,06,Non-Junction,01,Daylight,2/16/2025,2025-02-16,N,22.54,F,N,,,01D45A16667B3EAE80348E6A7258D23DD688CB7A3F9377F22FB195168E478185,IS,01,No,,,,,09,Wet,,,,,,,,
Property Damage Crashes,DA4256005Z,Prince George's County Police,Single Vehicle,Prince George's,Minor Arterial,No,No,No,No,No,HARRY S TRUMAN DR,3465,COUNTY ROAD,No,True,No,4/10/2025,No,Point,38.889172959,-76.836514311,PGCOPD,101,16,03,No,0,,00:59,2025,Thursday,36,"Other Post, Pole, Or Support",05,On Roadway,4,,,,,,99,Unknown,03,Dark - Lighted,4/10/2025,2025-04-10,S,52.07,F,N,,,38085662D40625E22DF743C97B398C851038B8F1C5A022A4D2CD0D60DBE98DB4,CO,01,No,,,,,01,Dry,,,,,,,,
Injury Crashes,MSP697200GP,Maryland State Police,Angle,Prince George's,Principal Arterial – Other,No,No,No,No,No,BALTIMORE AVE,1,UNITED STATE ROUTE,No,True,No,4/26/2025,No,Point,39.036214082,-76.906084945,MSP,01,16,02,No,15,,15:30,2025,Saturday,12,Motor Vehicle In Transport,05,On Roadway,3,,,,,,06,Non-Junction,01,Daylight,4/26/2025,2025-04-26,S,40.88,F,N,,,F4007F20097A0FF61D687F630389C86E1542C4DB6F30D73870286551162DE40B,US,01,No,,,,,09,Wet,,,,,,,,
Property Damage Crashes,MSP732800L9,Maryland State Police,Single Vehicle,Prince George's,Interstate,No,No,No,No,No,JOHN HANSON HWY,595,INTERSTATE ROUTE,No,True,No,5/16/2025,No,Point,38.953342968,-76.727588414,MSP,101,16,03,No,17,,17:42,2025,Friday,32,Guardrail Face,06,"On Shoulder, Left Side",1,,101,State,,,06,Non-Junction,01,Daylight,5/16/2025,2025-05-16,W,13.56,F,N,,,DB13F57CCCA9CAAE9F5778D478DD0864BEAA1BAD3DEC0F9B7857E669D9A091FE,IS,01,No,,,,,09,Wet,,,,,,,,
Property Damage Crashes,DA2068000G,Prince George's County Police,Angle,Prince George's,Local,No,No,No,No,No,HIL MAR DR,2668,COUNTY ROAD,No,True,No,3/19/2025,No,Point,38.843074154,-76.896470611,PGCOPD,01,16,03,No,23,,23:53,2025,Wednesday,12,Motor Vehicle In Transport,05,On Roadway,7,,,,,,06,Non-Junction,03,Dark - Lighted,3/19/2025,2025-03-19,W,44.81,F,N,,,C7A667BDCEEA7A2CB8A929FF92F59EAEA9F63772AD8ED967172047C8442F027E,CO,01,No,,,,,01,Dry,,,,,,,,
Property Damage Crashes,DA4340004L,Prince George's County Police,Front to Front,Prince George's,,No,No,No,No,No,CHURCH RD (NB/L),59,COUNTY ROAD,No,True,No,4/25/2025,No,Point,38.960947697,-76.766105918,PGCOPD,02,16,03,No,16,,16:20,2025,Friday,12,Motor Vehicle In Transport,99,Unknown,,,,,,,06,Non-Junction,01,Daylight,4/25/2025,2025-04-25,S,25.56,F,N,,,458981F8F742244D8D39E7C3FEFC23BC93E214D835FA13D15E0E7B3BBB568F7E,CO,01,No,12,Motor Vehicle In Transport,99,Unknown,01,Dry,,,,,,,,
Injury Crashes,DA41920084,Prince George's County Police,Single Vehicle,Prince George's,,No,Yes,No,No,Yes,,,,No,True,No,3/18/2025,No,Point,38.871416877,-76.800904418,PGCOPD,101,16,02,,13,,13:05,2025,Tuesday,07,Overturn/Rollover,07,"On Shoulder, Right Side",,,,,,,,,01,Daylight,3/18/2025,2025-03-18,,,F,N,103,Private Road,,,01,No,97,Not Applicable,,,,,,,,,,,,
Property Damage Crashes,GC9376000P,Glenarden Police Department,Angle,Prince George's,,No,No,No,No,No,,76,COUNTY ROAD,Yes,True,No,3/22/2025,No,Point,38.925663182,-76.858669168,GLENARDEN,01,16,03,No,8,,08:12,2025,Saturday,12,Motor Vehicle In Transport,05,On Roadway,,,,,,,06,Non-Junction,01,Daylight,3/22/2025,2025-03-22,S,27.48,F,N,,,DD16F53A46622D3D055B35D7C39DF3C27C85A8DB49CA3D18A49993DF5AC2AE09,CO,01,No,,,,,01,Dry,,,,,,,,
Property Damage Crashes,DA44050011,Prince George's County Police,"Sideswipe, Opposite Direction",Prince George's,Major Collector,No,No,No,No,No,COLUMBIA PARK RD,3668,COUNTY ROAD,No,True,No,3/5/2025,No,Point,38.916950336,-76.906420551,PGCOPD,06,16,03,No,9,,09:01,2025,Wednesday,12,Motor Vehicle In Transport,05,On Roadway,5,,,,,,06,Non-Junction,01,Daylight,3/5/2025,2025-03-05,S,6.36,F,N,,,B25DC34D3C4CB31B3169D134C19A08F236780377A48BF834E313C0119807BCED,CO,01,No,,,,,01,Dry,,,,,,,,
Injury Crashes,DA4378002Y,Prince George's County Police,Front to Front,Prince George's,Major Collector,No,No,No,No,No,KONTERRA DR,206,MARYLAND ROUTE,No,True,No,4/3/2025,No,Point,39.064088916,-76.890585378,PGCOPD,02,16,02,No,15,04,15:46,2025,Thursday,12,Motor Vehicle In Transport,05,On Roadway,5,Perpendicular,,,MUIRKIRK RD MUIRKIRK RD (NB/L),03,05,Intersection or Related,01,Daylight,4/3/2025,2025-04-03,S,0,F,N,,,7A5115395A0EA8E5447E87318DAEEA15AD4AE0DA89425B5C5268AEA44907C84B,MD,01,No,,,,,01,Dry,01,Signalized,,,,,,
Property Damage Crashes,DJ0182002C,Seat Pleasant Police Department,"Sideswipe, Same Direction",Prince George's,Principal Arterial – Other,No,No,No,No,No,E CAPITOL ST (WB/L),214,MARYLAND ROUTE,No,True,No,1/25/2025,No,Point,38.887907123,-76.905809396,SEATPLEASANT,07,16,03,No,21,,21:00,2025,Saturday,12,Motor Vehicle In Transport,05,On Roadway,3,,,,,,06,Non-Junction,04,Dark - Not Lighted,1/25/2025,2025-01-25,W,15.55,F,N,,,92B9FC736C289B53B04188AC872C9927AEA8551A98A8CEA1854AB69AE6AFC361,MD,01,No,,,,,01,Dry,,,,,,,,
Property Damage Crashes,DA4302002N,Prince George's County Police,Front to Rear,Prince George's,Principal Arterial – Other,No,No,No,No,No,LARGO RD (SB/L),202,MARYLAND ROUTE,No,True,No,1/31/2025,No,Point,38.908800391,-76.839451074,PGCOPD,03,16,03,Yes,18,,18:23,2025,Friday,15,Parked Vehicle,99,Unknown,3,,,,,,99,Unknown,04,Dark - Not Lighted,1/31/2025,2025-01-31,N,1487.35,F,N,,,F5E9A4F1A44D2F033459FD4BD6F4E0B75F886B6124364E78621D7EC7F24C7314,MD,01,No,,,,,09,Wet,,,,,,,,
Injury Crashes,MSP744200SH,Maryland State Police,Single Vehicle,Prince George's,Principal Arterial – Other Freeways and Expressways,No,No,No,No,No,RAMP 3 FR US 50 EB TO MD 202 NB,50,RAMP,No,True,No,4/18/2025,No,Point,38.931308015,-76.895935112,MSP,101,16,02,Yes,23,,23:29,2025,Friday,32,Guardrail Face,09,Roadside,2,,101,State,,,04,Entrance/Exit Ramp or Related,04,Dark - Not Lighted,4/18/2025,2025-04-18,E,19.58,F,N,,,605680D595250C39FA18C5ABDE1716770E584B40E62294F1C45B8464382BF469,RP,01,No,07,Overturn/Rollover,09,Roadside,01,Dry,,,,,,,,
Injury Crashes,DA44140008,Prince George's County Police,Front to Rear,Prince George's,Major Collector,No,No,No,No,No,AUTH WAY (SB/L),3584,COUNTY ROAD,No,True,No,2/9/2025,No,Point,38.830981052,-76.910257308,PGCOPD,03,16,02,No,20,,20:04,2025,Sunday,12,Motor Vehicle In Transport,07,"On Shoulder, Right Side",5,,,,,,06,Non-Junction,04,Dark - Not Lighted,2/9/2025,2025-02-09,E,67.6,F,N,,,25E41560ABC89C6E42F9CC42F14041A00E315A8715011E3719636395DAFEAABC,CO,01,No,,,,,01,Dry,,,,,,,,
Property Damage Crashes,DA43550030,Prince George's County Police,Rear To Rear,Prince George's,Local,No,No,No,No,No,MERCANTILE LA,4801,COUNTY ROAD,No,True,No,4/15/2025,No,Point,38.907913431,-76.836907252,PGCOPD,04,16,03,Yes,12,,12:30,2025,Tuesday,12,Motor Vehicle In Transport,05,On Roadway,7,,101,State,,,09,Through Roadway,01,Daylight,4/15/2025,2025-04-15,N,224.8,F,N,,,7B4D086244D82361599874EEE3C5A50196511CB2C27D953653159E38DBE97FEF,CO,01,No,,,,,01,Dry,,,,,,,,
Property Damage Crashes,DA44020014,Prince George's County Police,Front to Front,Prince George's,Minor Arterial,No,No,No,No,No,SUITLAND RD (WB/L),218,MARYLAND ROUTE,No,True,No,5/3/2025,No,Point,38.849417206,-76.925898011,PGCOPD,02,16,03,Unknown,17,,17:43,2025,Saturday,12,Motor Vehicle In Transport,05,On Roadway,4,,,,,,09,Through Roadway,01,Daylight,5/3/2025,2025-05-03,S,45.47,F,N,,,58D92A01E92EEF1313E849A1ACCDCC5C92984F63E4984A4EC14952A64F34895C,MD,01,No,,,,,01,Dry,,,,,,,,
Property Damage Crashes,DA3804008K,Prince George's County Police,Single Vehicle,Prince George's,Minor Arterial,No,No,No,No,No,EDMONSTON RD,38,COUNTY ROAD,No,True,No,1/2/2025,No,Point,39.032092430,-76.899100114,PGCOPD,101,16,03,No,12,,12:58,2025,Thursday,38,Traffic Sign Support,09,Roadside,4,,,,,,06,Non-Junction,01,Daylight,1/2/2025,2025-01-02,S,40.17,F,N,,,861CE776CC6D7BCF018A5B63AE9FE85C6F55D63AA7DBAF131A0D9AF3078B517B,CO,01,No,,,,,01,Dry,,,,,,,,
Property Damage Crashes,DA3428006X,Prince George's County Police,Front to Front,Prince George's,Minor Arterial,No,No,No,No,No,PISCATAWAY RD,223,MARYLAND ROUTE,No,True,No,4/29/2025,No,Point,38.762256246,-76.911923117,PGCOPD,02,16,03,No,14,,14:37,2025,Tuesday,12,Motor Vehicle In Transport,05,On Roadway,4,,,,,,06,Non-Junction,01,Daylight,4/29/2025,2025-04-29,N,8.83,F,N,,,4833261EE4A5CE6C4145D55C359EDD6B40505FD0D0EAA180FB9FE12C65282A73,MD,01,No,,,,,01,Dry,,,,,,,,
Property Damage Crashes,RD01270070,Riverdale Park Police Department,Rear To Rear,Prince George's,Principal Arterial – Other,No,No,No,No,No,EAST WEST HWY (WB/L),410,MARYLAND ROUTE,No,True,No,2/24/2025,No,Point,38.963327384,-76.932806141,RIVERDALE,04,16,03,No,7,,07:32,2025,Monday,12,Motor Vehicle In Transport,05,On Roadway,3,,,,,,06,Non-Junction,01,Daylight,2/24/2025,2025-02-24,W,14.07,F,N,,,BC0F875D93BF971DFF8B42C7D235D631BAD5E4A15E784036406343856B6CA71A,MD,01,No,,,,,01,Dry,,,,,,,,
Property Damage Crashes,MSP585801FK,Maryland State Police,"Sideswipe, Same Direction",Prince George's,Interstate,No,No,No,No,No,CAPITAL BELTWAY (SB/L),95,INTERSTATE ROUTE,No,True,No,2/9/2025,No,Point,38.913314153,-76.850731929,MSP,07,16,03,No,17,,17:17,2025,Sunday,12,Motor Vehicle In Transport,05,On Roadway,1,,,,,,09,Through Roadway,101,Dusk,2/9/2025,2025-02-09,E,15.51,F,N,,,273BE23C88AB4F742899B5ADD9E1217F603DC583F3E37B2B10E7A72D798D01CF,IS,01,No,,,,,01,Dry,,,,,,,,
Property Damage Crashes,DA3476004N,Prince George's County Police,"Sideswipe, Same Direction",Prince George's,Interstate,No,No,No,No,No,CAPITAL BELTWAY (SB/L),95,INTERSTATE ROUTE,No,True,No,2/5/2025,No,Point,39.017287335,-76.912687953,PGCOPD,07,16,03,No,9,,09:06,2025,Wednesday,12,Motor Vehicle In Transport,05,On Roadway,1,,,,,,09,Through Roadway,01,Daylight,2/5/2025,2025-02-05,N,24.85,F,N,,,253468D3F3AC519DE2502F69464E0E72AD8D5235A7C08D5AD1AEC48C10A84384,IS,01,No,,,,,01,Dry,,,,,,,,
Property Damage Crashes,MSP78650025,Maryland State Police,Front to Rear,Prince George's,Interstate,No,No,No,No,No,CAPITAL BELTWAY,95,INTERSTATE ROUTE,No,True,No,3/28/2025,No,Point,38.958130183,-76.865426417,MSP,03,16,03,No,19,,19:00,2025,Friday,12,Motor Vehicle In Transport,05,On Roadway,1,,,,,,06,Non-Junction,01,Daylight,3/28/2025,2025-03-28,E,25.29,F,N,,,645EFCF8D61B6CAC6C695B0C3F35B70D754C7E618488DF1C490F1C45EBFA8059,IS,01,No,,,,,01,Dry,,,,,,,,
Injury Crashes,DS0270000M,University of Maryland Police College Park,"Sideswipe, Same Direction",Prince George's,Major Collector,No,No,No,No,No,METZEROTT RD,230,COUNTY ROAD,No,True,No,5/29/2025,No,Point,39.002596957,-76.954348192,UMCP,07,16,02,No,22,,22:51,2025,Thursday,12,Motor Vehicle In Transport,05,On Roadway,5,,,,GOLF COURSE RD,,03,Driveway Access or Related,04,Dark - Not Lighted,5/29/2025,2025-05-29,W,11.23,F,N,,,ABF67B69FC947602D401FBECB42ABB56797A08F43B594849C30401ABE4472D5D,CO,01,No,,,,,01,Dry,,,,,,,,