Crash Severity Description,Reportnumber,Agencyname,CollisionImpact Description,Crash County Description,FunctionalClass Description,ImpairedCrash,Large Vehicle Involved,Motorcycle Crash,Non-Motorist Crash,OffRoad,RoadName,Route Number,RouteType Description,Unrestrained Occupants,WithinDateRange,Work Zone Related,Crashdate,Work Zone Crash,CrashPoint,Latitude,Longitude,AgencyCode,CollisionImpact,Crash County,Crash Severity,Crash Within Interchange,Crashhour,CrashInterchangeApproaches,Crashtime,CrashYear,Dayofweek,FirstHarmEvent,FirstHarmEvent Description,FirstHarmLocation,FirstHarmLocation Description,FunctionalClass,Geometry Description,GovPropertyDamage,GovPropertyDamage Description,IntersectingRoadName,Intersection Geometry,JunctionRelated,JunctionRelated Description,Light,Light Description,LOD Crash Date,LOD Date Level,MilepointDirection,MilepointDistance,MilepointUnits,NonTrafficFatal,OffroadLocation,OffroadLocation Description,RoadID,RouteType,SchoolBusRelated,SchoolBusRelated Description,SecondHarmEvent,SecondHarmEvent Description,SecondHarmLocation,SecondHarmLocation Description,Surface,Surface Description,TrafficControl,Trafficcontrol Description,WZLawEnforcementPresent,WZLocation,WZLocation Description,WZType,WZType Description,WZWorkersPresent
Property Damage Crashes,DA24510004,Prince George's County Police,Front to Rear,Prince George's,Principal Arterial – Other,No,No,No,No,No,MARTIN LUTHER KING JR HWY (WB/L),704,MARYLAND ROUTE,No,True,No,2/17/2025,No,Point,38.946686035,-76.844596519,PGCOPD,03,16,03,No,2,,02:00,2025,Monday,15,Parked Vehicle,05,On Roadway,3,,,,JOHN HANSON HWY (WB/L),,06,Non-Junction,04,Dark - Not Lighted,2/17/2025,2025-02-17,S,18.63,F,N,,,7250AB251C5DE5F18278A7B7DB8DC9443838C26810736475B4E11000112FB45C,MD,01,No,97,Not Applicable,,,01,Dry,,,,,,,,
Property Damage Crashes,DA4428000X,Prince George's County Police,"Sideswipe, Same Direction",Prince George's,,No,No,No,No,No,GOOD LUCK RD (WB/L),42,COUNTY ROAD,No,True,No,4/5/2025,No,Point,38.980453257,-76.847602489,PGCOPD,07,16,03,No,18,,18:14,2025,Saturday,12,Motor Vehicle In Transport,09,Roadside,,,,,,,09,Through Roadway,01,Daylight,4/5/2025,2025-04-05,E,16.23,F,N,,,BF8E2ABA779E5F3E479AE94DEB8E9D6C49650473CCDB809FE96DE039174109D1,CO,01,No,,,,,01,Dry,,,,,,,,
Property Damage Crashes,DA43420049,Prince George's County Police,Front to Front,Prince George's,Major Collector,No,No,No,No,No,HILL RD,360,COUNTY ROAD,No,True,No,5/24/2025,No,Point,38.902736409,-76.887964458,PGCOPD,02,16,03,No,2,,02:00,2025,Saturday,12,Motor Vehicle In Transport,05,On Roadway,5,,,,,,09,Through Roadway,03,Dark - Lighted,5/24/2025,2025-05-24,S,26.73,F,N,,,B51BD6D322E5B809572FFF86F278B05D091370BD91B34369665716AF3C4F79E8,CO,01,No,,,,,01,Dry,,,,,,,,
Property Damage Crashes,MSP77870058,Maryland State Police,Front to Rear,Prince George's,Principal Arterial – Other Freeways and Expressways,No,Yes,No,No,No,JOHN HANSON HWY (WB/L),50,UNITED STATE ROUTE,No,True,No,3/4/2025,No,Point,38.925084660,-76.902708924,MSP,03,16,03,No,11,,11:00,2025,Tuesday,12,Motor Vehicle In Transport,05,On Roadway,2,,,,,,06,Non-Junction,01,Daylight,3/4/2025,2025-03-04,N,37.75,F,N,,,34DCBECAA33C5DFB6FF299359B7D733FD27BCFB4E4D32F5879629B7133A0A45B,US,01,No,12,Motor Vehicle In Transport,05,On Roadway,01,Dry,,,,,,,,
Property Damage Crashes,DA4365003T,Prince George's County Police,"Sideswipe, Same Direction",Prince George's,,No,No,No,No,No,GOOD LUCK RD (WB/L),42,COUNTY ROAD,No,True,No,3/15/2025,No,Point,38.984780374,-76.840139953,PGCOPD,07,16,03,No,19,,19:10,2025,Saturday,12,Motor Vehicle In Transport,05,On Roadway,,,,,,,06,Non-Junction,101,Dusk,3/15/2025,2025-03-15,N,23.44,F,N,,,96F44DA72815F7F4CA48A1D1B2C935D82168C1C8879A82363B06795637F16B12,CO,01,No,,,,,01,Dry,,,,,,,,
Injury Crashes,DA34650080,Prince George's County Police,Other,Prince George's,Local,No,No,No,No,No,ABSHER LA,3356,COUNTY ROAD,No,True,No,3/20/2025,No,Point,38.7654352,-76.9022614,PGCOPD,98,16,02,No,11,,11:10,2025,Thursday,12,Motor Vehicle In Transport,05,On Roadway,7,,,,,,06,Non-Junction,01,Daylight,3/20/2025,2025-03-20,S,35.81,F,N,,,1DEA1CE077CB1958B3525C2C81BF0321CA3309265DED99EAA0BD69F6C0F3040A,CO,01,No,,,,,01,Dry,,,,,,,,
Property Damage Crashes,DA3095002Y,Prince George's County Police,"Sideswipe, Same Direction",Prince George's,Local,No,Yes,No,No,No,JASMINE TERR,2076,COUNTY ROAD,No,True,No,3/17/2025,No,Point,38.986001581,-76.978309756,PGCOPD,07,16,03,Unknown,18,,18:20,2025,Monday,12,Motor Vehicle In Transport,05,On Roadway,7,,,,18TH AVE,,99,Unknown,01,Daylight,3/17/2025,2025-03-17,S,15.69,F,N,,,695A08BDDB2E92383FFB848A3E67FAC6CDB2C5D3B18C59BDD9A7591C7AD4DD4D,CO,01,No,15,Parked Vehicle,05,On Roadway,01,Dry,,,,,,,,
Property Damage Crashes,DA4411000H,Prince George's County Police,Front to Rear,Prince George's,Local,No,Yes,No,No,No,FALLS LAKE DR,5822,COUNTY ROAD,Yes,True,No,3/10/2025,No,Point,38.903928226,-76.830555375,PGCOPD,03,16,03,No,15,,15:00,2025,Monday,12,Motor Vehicle In Transport,02,In Parking Lane Or Zone,7,,,,,,99,Unknown,01,Daylight,3/10/2025,2025-03-10,N,11.96,F,N,,,B6AA0508C4D9E58DBBB4FF509790AB95669D65B1AD89EEB0AF96D7BCBC077986,CO,02,"Yes, School Bus Directly Involved",,,,,01,Dry,,,,,,,,
Property Damage Crashes,MSP657700F9,Maryland State Police,"Sideswipe, Same Direction",Prince George's,,No,No,No,No,No,,50,UNITED STATE ROUTE,No,True,No,5/11/2025,No,Point,38.944578635,-76.777105606,MSP,07,16,03,No,18,,18:28,2025,Sunday,12,Motor Vehicle In Transport,09,Roadside,,,,,,,09,Through Roadway,01,Daylight,5/11/2025,2025-05-11,E,44.72,F,N,,,1E4E4A15017FBB4E746FB96C6C02D6ACB36227DF0117075F0174BC0461DAFD8A,US,01,No,25,Concrete Traffic Barrier,01,Gore,01,Dry,,,,,,,,
Property Damage Crashes,MSP78430023,Maryland State Police,"Sideswipe, Same Direction",Prince George's,Principal Arterial – Other,No,No,No,No,No,BALTIMORE AVE,1,UNITED STATE ROUTE,No,True,No,3/27/2025,No,Point,39.084230451,-76.862360054,MSP,07,16,03,No,21,,21:33,2025,Thursday,12,Motor Vehicle In Transport,05,On Roadway,3,,,,,,06,Non-Junction,03,Dark - Lighted,3/27/2025,2025-03-27,N,25.32,F,N,,,2630BE082EA1910621E2FDF928FAE8C7327786536FB3CB06930F8C109D4A698A,US,01,No,,,,,01,Dry,,,,,,,,
Property Damage Crashes,DA4380002P,Prince George's County Police,Single Vehicle,Prince George's,Local,No,No,No,No,No,DANVILLE RD,222,COUNTY ROAD,No,True,No,1/14/2025,No,Point,38.687480027,-76.932053388,PGCOPD,101,16,03,No,8,,08:39,2025,Tuesday,09,Animal (live),05,On Roadway,7,,,,,,01,Acceleration/Deceleration Lane,01,Daylight,1/14/2025,2025-01-14,S,47.45,F,N,,,71EA4B00C819099622AE49D868A7EB4DCE78131AA92A6155B8D2DA8F8151DE74,CO,01,No,,,,,01,Dry,,,,,,,,
Property Damage Crashes,DA4192007Z,Prince George's County Police,"Sideswipe, Opposite Direction",Prince George's,Minor Arterial,No,No,No,No,No,RITCHIE MARLBORO RD,974,COUNTY ROAD,No,True,No,1/30/2025,No,Point,38.817352404,-76.779554035,PGCOPD,06,16,03,No,18,,18:58,2025,Thursday,12,Motor Vehicle In Transport,05,On Roadway,4,,,,,,09,Through Roadway,03,Dark - Lighted,1/30/2025,2025-01-30,W,31.23,F,N,,,B713CF6A0D778250074C9C5E0D0156109A4489989FFB667B21A2AEC0100CB87A,CO,01,No,,,,,01,Dry,,,,,,,,
Property Damage Crashes,DA3380009R,Prince George's County Police,Front to Front,Prince George's,Minor Arterial,No,No,No,No,No,BRANDYWINE RD,599,COUNTY ROAD,No,True,No,4/5/2025,No,Point,38.717537957,-76.890227395,PGCOPD,02,16,03,No,16,,16:45,2025,Saturday,12,Motor Vehicle In Transport,05,On Roadway,4,,,,,,01,Acceleration/Deceleration Lane,01,Daylight,4/5/2025,2025-04-05,W,10.73,F,N,,,AA11F28356A83E5D66845872302446A7F68A758E2FDEECFF491E86193E15E584,CO,01,No,12,Motor Vehicle In Transport,05,On Roadway,01,Dry,,,,,,,,
Property Damage Crashes,MSP7770006W,Maryland State Police,Front to Rear,Prince George's,Principal Arterial – Other,No,No,No,No,No,CRAIN HWY,301,UNITED STATE ROUTE,No,True,No,3/11/2025,No,Point,38.909584554,-76.717461797,MSP,03,16,03,No,17,,17:39,2025,Tuesday,12,Motor Vehicle In Transport,05,On Roadway,3,,,,,,06,Non-Junction,01,Daylight,3/11/2025,2025-03-11,E,66.72,F,N,,,6118D5359704A05E9E50F7AC1E05239E3B9C5A1A4C0F1A58C9F723A22DF9D57F,US,01,No,,,,,01,Dry,,,,,,,,
Property Damage Crashes,DA4151006F,Prince George's County Police,Front to Rear,Prince George's,Major Collector,No,No,No,No,No,COOPER LA,332,COUNTY ROAD,No,True,No,5/26/2025,No,Point,38.933970985,-76.899200177,PGCOPD,03,16,03,No,19,,19:00,2025,Monday,12,Motor Vehicle In Transport,05,On Roadway,5,,,,,,09,Through Roadway,01,Daylight,5/26/2025,2025-05-26,E,28.9,F,N,,,762B37F0B6476468888B753FA7E46FD7CD1A0244A0EA0780AC4801A550CA310F,CO,01,No,,,,,01,Dry,,,,,,,,
Property Damage Crashes,DA4249006N,Prince George's County Police,Rear To Rear,Prince George's,,No,No,No,No,Yes,,,,No,True,No,2/4/2025,No,Point,38.913082079,-76.881923938,PGCOPD,04,16,03,,14,,14:25,2025,Tuesday,15,Parked Vehicle,02,In Parking Lane Or Zone,,,,,,,,,01,Daylight,2/4/2025,2025-02-04,,,F,N,102,Parking Lot Way,,,01,No,,,,,,,,,,,,,,
Property Damage Crashes,DA35460092,Prince George's County Police,Front to Rear,Prince George's,Minor Arterial,No,No,No,No,No,PISCATAWAY RD,223,MARYLAND ROUTE,No,True,No,2/5/2025,No,Point,38.764484079,-76.902933100,PGCOPD,03,16,03,No,17,,17:28,2025,Wednesday,12,Motor Vehicle In Transport,05,On Roadway,4,,,,,,06,Non-Junction,01,Daylight,2/5/2025,2025-02-05,W,10.01,F,N,,,E177A7AB663E00DB933ADD15788980C31B65F7508AB76733E0C887940E2E5C55,MD,01,No,,,,,01,Dry,,,,,,,,
Property Damage Crashes,DA4049004J,Prince George's County Police,Single Vehicle,Prince George's,,No,No,No,Yes,Yes,,,,No,True,No,4/17/2025,No,Point,38.849820913,-76.923461804,PGCOPD,101,16,03,,12,,12:15,2025,Thursday,17,Pedestrian,09,Roadside,,,,,,,,,01,Daylight,4/17/2025,2025-04-17,,,F,N,102,Parking Lot Way,,,01,No,,,,,,,,,,,,,,
Property Damage Crashes,DA43500037,Prince George's County Police,Front to Rear,Prince George's,Local,No,No,No,No,No,CARYHURST DR,4241,COUNTY ROAD,No,True,No,6/1/2025,No,Point,38.801336333,-76.976539333,PGCOPD,03,16,03,No,19,,19:50,2025,Sunday,12,Motor Vehicle In Transport,05,On Roadway,7,,,,,,09,Through Roadway,03,Dark - Lighted,6/1/2025,2025-06-01,W,21.76,F,N,,,CF0BF800E705BB4A919A307EC97F6D8C172F4EB4B49A374E1A53F95A1226BE7C,CO,01,No,,,,,01,Dry,,,,,,,,
Injury Crashes,DA405300K1,Prince George's County Police,Front to Rear,Prince George's,Major Collector,No,No,No,No,No,CHILLUM RD,449,COUNTY ROAD,No,True,No,1/23/2025,No,Point,38.964735629,-76.997867897,PGCOPD,03,16,02,No,0,,00:10,2025,Thursday,15,Parked Vehicle,05,On Roadway,5,,,,,,09,Through Roadway,03,Dark - Lighted,1/23/2025,2025-01-23,S,18.31,F,N,,,2697E1C1CE72E5BA469F424B8DDF3764D25F5841574051EF13B48023EC870E17,CO,01,No,,,,,98,Other,,,,,,,,
Injury Crashes,DA43940012,Prince George's County Police,Angle,Prince George's,Major Collector,No,No,No,No,No,SUNNYSIDE AVE,20,COUNTY ROAD,No,True,No,3/20/2025,No,Point,39.025833794,-76.918632259,PGCOPD,01,16,02,No,12,,12:00,2025,Thursday,12,Motor Vehicle In Transport,05,On Roadway,5,,,,,,06,Non-Junction,01,Daylight,3/20/2025,2025-03-20,S,17.17,F,N,,,726399618ED5E90CEF3C4796E441670FB92CA4A173F7E962876382E5FB868237,CO,01,No,,,,,01,Dry,,,,,,,,
Property Damage Crashes,DA3372003Z,Prince George's County Police,Angle,Prince George's,Minor Arterial,No,No,No,No,No,IVERSON ST,5466,COUNTY ROAD,No,True,No,3/20/2025,No,Point,38.839095496,-76.947353660,PGCOPD,01,16,03,No,15,,15:50,2025,Thursday,12,Motor Vehicle In Transport,05,On Roadway,4,,,,,,06,Non-Junction,01,Daylight,3/20/2025,2025-03-20,E,21.55,F,N,,,1BD191DA6FDE9FBFB847DA5AC32A73E38BB6F873EE5B979C756AB6224B0EC05A,CO,01,No,,,,,01,Dry,,,,,,,,
Property Damage Crashes,DA3381003R,Prince George's County Police,Single Vehicle,Prince George's,,No,No,No,No,Yes,,,,No,True,No,4/13/2025,No,Point,38.891242132,-76.870131736,PGCOPD,101,16,03,,16,,16:42,2025,Sunday,30,Fence,04,"Off-Roadway, Location Unknown",,,100,Local,,,,,01,Daylight,4/13/2025,2025-04-13,,,F,N,102,Parking Lot Way,,,01,No,97,Not Applicable,,,,,,,,,,,,
Property Damage Crashes,MSP78390025,Maryland State Police,"Sideswipe, Same Direction",Prince George's,Interstate,No,No,No,No,No,CAPITAL BELTWAY,95,INTERSTATE ROUTE,No,True,No,2/10/2025,No,Point,38.849230822,-76.860393333,MSP,07,16,03,No,4,,04:12,2025,Monday,12,Motor Vehicle In Transport,05,On Roadway,1,,,,,,06,Non-Junction,04,Dark - Not Lighted,2/10/2025,2025-02-10,N,29.49,F,N,,,AFF684918B85F782CDB7F3A98F2A06C17FE1E2B81ADE410E452B48DB02FF8B9D,IS,01,No,,,,,01,Dry,,,,,,,,
Injury Crashes,DA41510061,Prince George's County Police,Front to Rear,Prince George's,Principal Arterial – Other,No,No,No,No,No,BRANCH AVE (SB/L),5,MARYLAND ROUTE,No,True,No,4/3/2025,No,Point,38.726970367,-76.881582161,PGCOPD,03,16,02,No,17,,17:33,2025,Thursday,12,Motor Vehicle In Transport,05,On Roadway,3,,,,,,06,Non-Junction,01,Daylight,4/3/2025,2025-04-03,N,23.58,F,N,,,E54CE27AAE1003B6A48CE166F02C8F3C004649F1FBD8D95FB2C55EF90CB16DEF,MD,01,No,,,,,01,Dry,,,,,,,,
Property Damage Crashes,MSP77760054,Maryland State Police,"Sideswipe, Same Direction",Prince George's,Principal Arterial – Other Freeways and Expressways,No,No,No,No,No,JOHN HANSON HWY,50,UNITED STATE ROUTE,No,True,No,3/5/2025,No,Point,38.917823333,-76.928243333,MSP,07,16,03,No,17,,17:50,2025,Wednesday,12,Motor Vehicle In Transport,05,On Roadway,2,,,,,,06,Non-Junction,01,Daylight,3/5/2025,2025-03-05,S,35.75,F,N,,,787380449177E9E0B89652E7E58F827EF81DCF69B81311ED4C0137C4CE275964,US,01,No,,,,,09,Wet,,,,,,,,
Property Damage Crashes,DA398700CR,Prince George's County Police,Single Vehicle,Prince George's,,No,Yes,No,No,Yes,,,,Yes,True,No,5/21/2025,No,Point,38.947742159,-76.827922490,PGCOPD,101,16,03,,8,,08:34,2025,Wednesday,35,"Other Fixed Object (wall, building, tunnel, etc.)",04,"Off-Roadway, Location Unknown",,,,,,,,,01,Daylight,5/21/2025,2025-05-21,,,F,N,102,Parking Lot Way,,,01,No,,,,,,,,,,,,,,
Property Damage Crashes,DA281000FM,Prince George's County Police,Other,Prince George's,Local,No,No,No,No,No,KINMOUNT RD,567,COUNTY ROAD,No,True,No,2/2/2025,No,Point,38.952097131,-76.853248461,PGCOPD,98,16,03,No,20,,20:00,2025,Sunday,15,Parked Vehicle,05,On Roadway,7,,,,,,06,Non-Junction,03,Dark - Lighted,2/2/2025,2025-02-02,E,5.81,F,N,,,AB12743ACBED646CC014AF2D2E6B09837D8ADA0E3FB53C8FBCE21200E5D96315,CO,01,No,,,,,01,Dry,,,,,,,,
Property Damage Crashes,DA4389002S,Prince George's County Police,Angle,Prince George's,Principal Arterial – Other,No,Yes,No,No,No,NEW HAMPSHIRE AVE (SB/L),650,MARYLAND ROUTE,No,True,No,5/5/2025,No,Point,39.001549430,-76.982191091,PGCOPD,01,16,03,No,5,,05:10,2025,Monday,12,Motor Vehicle In Transport,05,On Roadway,3,,,,,,09,Through Roadway,01,Daylight,5/5/2025,2025-05-05,E,10.1,F,N,,,2DA98745A564D1EEC41845C961C8BA2B5E51F9D5173B3F0F76F8F021D9151F40,MD,01,No,,,,,01,Dry,,,,,,,,
Property Damage Crashes,DA4418000K,Prince George's County Police,Front to Rear,Prince George's,Major Collector,No,No,No,No,No,38TH AVE,208,MARYLAND ROUTE,No,True,No,1/28/2025,No,Point,38.934888636,-76.950930004,PGCOPD,03,16,03,No,8,,08:53,2025,Tuesday,12,Motor Vehicle In Transport,05,On Roadway,5,,,,,,01,Acceleration/Deceleration Lane,01,Daylight,1/28/2025,2025-01-28,N,47.48,F,N,,,095E3BC6728CAEC3FB39E85C11BF7E0B0F9688A3CD75212DEDE3E1287AB813CF,MD,01,No,,,,,01,Dry,,,,,,,,
Property Damage Crashes,DA3635006M,Prince George's County Police,Front to Rear,Prince George's,Local,No,Yes,No,No,No,ARAGONA BLVD,5635,COUNTY ROAD,Yes,True,No,5/5/2025,No,Point,38.735095073,-76.975897432,PGCOPD,03,16,03,No,7,,07:30,2025,Monday,12,Motor Vehicle In Transport,05,On Roadway,7,,100,Local,,,06,Non-Junction,01,Daylight,5/5/2025,2025-05-05,W,33.46,F,N,,,BCF9659178BCB52486F73879D7D21E38EDCA41E29E7E25653372490C09C05839,CO,02,"Yes, School Bus Directly Involved",,,,,01,Dry,,,,,,,,
Injury Crashes,MSP745000J5,Maryland State Police,Front to Rear,Prince George's,Principal Arterial – Other Freeways and Expressways,No,No,No,No,No,JOHN HANSON HWY (WB/L),50,UNITED STATE ROUTE,No,True,No,2/23/2025,No,Point,38.926221667,-76.902001667,MSP,03,16,02,No,3,,03:51,2025,Sunday,12,Motor Vehicle In Transport,05,On Roadway,2,,101,State,,,09,Through Roadway,04,Dark - Not Lighted,2/23/2025,2025-02-23,S,17.46,F,N,,,858457404B076CAA5A7D1FA9542E046E54D90FD836D2ACF5BBF50A020C5FE8D5,US,01,No,32,Guardrail Face,07,"On Shoulder, Right Side",01,Dry,,,,,,,,
Property Damage Crashes,GC9374000R,Glenarden Police Department,Single Vehicle,Prince George's,,Yes,No,No,No,No,TAJ LN,2313,LOCAL ROAD,Yes,True,No,4/11/2025,No,Point,38.920545259,-76.845368655,GLENARDEN,101,16,03,No,7,,07:44,2025,Friday,13,Other Non-Fixed Object,05,On Roadway,,,,,,,01,Acceleration/Deceleration Lane,98,Other,4/11/2025,2025-04-11,N,18.73,F,N,,,4D601447BCE81568443179AA8863CC80C06675149796B05C3B22EF901AEBAA09,LL,01,No,19,Strikes Object at Rest from Motor Vehicle In Transport,05,On Roadway,09,Wet,,,,,,,,
Property Damage Crashes,DA325700D5,Prince George's County Police,Rear To Rear,Prince George's,,No,No,No,No,Yes,,,,Yes,True,No,1/12/2025,No,Point,39.099864076,-76.902501951,PGCOPD,04,16,03,,13,,13:45,2025,Sunday,15,Parked Vehicle,08,Outside Road/Right-Of-Way,,,,,,,,,01,Daylight,1/12/2025,2025-01-12,,,F,N,102,Parking Lot Way,,,01,No,,,,,,,,,,,,,,
Property Damage Crashes,CC0280002Z,Hyattsville Police Department,"Sideswipe, Same Direction",Prince George's,Local,No,No,No,No,No,OGLETHORPE ST,330,MUNICIPAL ROAD,No,True,No,1/10/2025,No,Point,38.959569693,-76.947385103,HYATTSVILLE,07,16,03,No,16,,16:33,2025,Friday,12,Motor Vehicle In Transport,05,On Roadway,7,,,,,,01,Acceleration/Deceleration Lane,01,Daylight,1/10/2025,2025-01-10,S,2.1,F,N,,,3BE1743CEF721D94B3EA19F939517812EA3AE3AB423C0A88FA40CEA91FA80909,MU,01,No,,,,,06,Slush,,,,,,,,
Property Damage Crashes,CNC31840025,New Carrollton Police Department,"Sideswipe, Opposite Direction",Prince George's,,No,No,No,No,Yes,,,,No,True,No,5/4/2025,No,Point,38.9534045,-76.8690222,NCPD,06,16,03,,7,,07:14,2025,Sunday,12,Motor Vehicle In Transport,02,In Parking Lane Or Zone,,,,,,,,,01,Daylight,5/4/2025,2025-05-04,,,F,N,102,Parking Lot Way,,,01,No,,,,,,,,,,,,,,
Property Damage Crashes,CBPD00310028,Bowie Police Department,"Sideswipe, Opposite Direction",Prince George's,,No,No,No,No,No,,125,BIKE ROUTE,No,True,No,1/27/2025,No,Point,38.972589818,-76.768318320,BOWIE,06,16,03,No,13,,13:15,2025,Monday,12,Motor Vehicle In Transport,05,On Roadway,,,,,GRENVILLE LA,,01,Acceleration/Deceleration Lane,01,Daylight,1/27/2025,2025-01-27,E,154.75,F,N,,,551B550FFE3FDAD4FE26952271042741BAF3CD8CD44DA9711E3926F741F0DF07,BK,01,No,,,,,01,Dry,,,,,,,,
Injury Crashes,DA42870024,Prince George's County Police,Other,Prince George's,Major Collector,No,No,No,No,No,KONTERRA DR,206,MARYLAND ROUTE,No,True,No,2/7/2025,No,Point,39.078826347,-76.887435476,PGCOPD,98,16,02,No,22,03,22:00,2025,Friday,12,Motor Vehicle In Transport,05,On Roadway,5,Perpendicular,,,CONTEE RD,03,05,Intersection or Related,03,Dark - Lighted,2/7/2025,2025-02-07,W,0,F,N,,,49DD6384BAA1B6CB4B9561E13DE5870B29579D5F2A0A98A971101406F069278F,MD,01,No,,,,,01,Dry,01,Signalized,,,,,,
Injury Crashes,DA43410022,Prince George's County Police,Angle,Prince George's,Major Collector,Yes,No,No,No,No,TEMPLE HILL RD,123,COUNTY ROAD,No,True,No,5/9/2025,No,Point,38.815833315,-76.946740426,PGCOPD,01,16,02,No,7,03,07:46,2025,Friday,12,Motor Vehicle In Transport,05,On Roadway,5,Perpendicular,,,FLORIST WAY SPRING TERR,03,05,Intersection or Related,01,Daylight,5/9/2025,2025-05-09,S,0,F,N,,,D8CDAE279A03B863B8CECDF7D409E38A9A739831048246FE42293E07F800C397,CO,01,No,,,,,09,Wet,03,Stop - Partial,,,,,,
Property Damage Crashes,DA4348002F,Prince George's County Police,Other,Prince George's,Local,No,No,No,No,No,BERWYN RD,100,MUNICIPAL ROAD,No,True,No,5/28/2025,No,Point,38.994636561,-76.925591373,PGCOPD,98,16,03,No,15,,15:50,2025,Wednesday,12,Motor Vehicle In Transport,05,On Roadway,7,,,,,,03,Driveway Access or Related,01,Daylight,5/28/2025,2025-05-28,N,12.79,F,N,,,159428A49B225FA1B60DBDCD0C9579E31F99C2614E58827F7531639210EACA31,MU,01,No,35,"Other Fixed Object (wall, building, tunnel, etc.)",04,"Off-Roadway, Location Unknown",09,Wet,,,,,,,,
Injury Crashes,DA3173005L,Prince George's County Police,Single Vehicle,Prince George's,Minor Arterial,No,No,No,No,No,RIGGS RD (SB/L),212,MARYLAND ROUTE,No,True,No,6/4/2025,No,Point,39.017855230,-76.964163067,PGCOPD,101,16,02,No,21,,21:35,2025,Wednesday,31,Guardrail End Terminal,09,Roadside,4,,101,State,,,06,Non-Junction,04,Dark - Not Lighted,6/4/2025,2025-06-04,N,41.85,F,N,,,DDA3619DE7ACB505EE17D058E0A60113B4F497C25283D6FF1861DEC572C099F1,MD,01,No,97,Not Applicable,,,01,Dry,,,,,,,,
Property Damage Crashes,MSP7839005R,Maryland State Police,"Sideswipe, Same Direction",Prince George's,Principal Arterial – Other,No,No,No,No,No,PENNSYLVANIA AVE (SB/L),4,MARYLAND ROUTE,No,True,No,5/17/2025,No,Point,38.824635,-76.85295,MSP,07,16,03,No,16,,16:46,2025,Saturday,12,Motor Vehicle In Transport,05,On Roadway,3,,,,,,06,Non-Junction,01,Daylight,5/17/2025,2025-05-17,N,35.78,F,N,,,FC5C37D325C068F4387C687805E9B5828561B0762D9A05247255CF3B4A5191F7,MD,01,No,,,,,01,Dry,,,,,,,,
Injury Crashes,MSP546601RZ,Maryland State Police,Single Vehicle,Prince George's,Principal Arterial – Other,No,No,No,No,No,CRAIN HWY,301,UNITED STATE ROUTE,No,True,No,3/9/2025,No,Point,38.773791921,-76.801113755,MSP,101,16,02,Yes,8,,08:00,2025,Sunday,41,Utility Pole/Light Support,03,Median,3,,,,,,09,Through Roadway,01,Daylight,3/9/2025,2025-03-09,E,8.8,F,N,,,7CD70A14FFFA518A311870E5A40CF849CB3C7D497193436F654C5AEA18E6126F,US,01,No,40,Tree (standing),03,Median,01,Dry,,,,,,,,
Property Damage Crashes,MSP7865002C,Maryland State Police,Single Vehicle,Prince George's,Interstate,No,No,No,No,No,NO NAME,95,INTERSTATE ROUTE,No,True,No,4/13/2025,No,Point,39.047593917,-76.931617833,MSP,101,16,03,No,11,,11:56,2025,Sunday,32,Guardrail Face,09,Roadside,1,,,,,,06,Non-Junction,01,Daylight,4/13/2025,2025-04-13,S,37.43,F,N,,,C67935FE0010A346D6C568081EACE20C8BAA738432D3693C31912C8D16035937,IS,01,No,,,,,01,Dry,,,,,,,,
Injury Crashes,DA44160006,Prince George's County Police,Front to Rear,Prince George's,Local,Yes,No,No,No,No,PRESIDENTIAL PKWY (SB/L),5529,COUNTY ROAD,No,True,No,1/24/2025,No,Point,38.828963580,-76.851656316,PGCOPD,03,16,02,No,20,,20:10,2025,Friday,12,Motor Vehicle In Transport,05,On Roadway,7,,,,CENTRAL PARK DR,,06,Non-Junction,05,Dark - Unknown Lighting,1/24/2025,2025-01-24,N,3.92,F,N,,,A1BCFBAF37FF57BDFD09BD1E0E94D922BC2E1B4E957568007E39B0ABD9C7EC72,CO,01,No,,,,,02,Ice/Frost,,,,,,,,
Property Damage Crashes,AM03930015,Bladensburg Police Department,Front to Rear,Prince George's,Major Collector,No,No,No,No,No,57TH AVE,570,MUNICIPAL ROAD,No,True,No,2/14/2025,No,Point,38.939483533,-76.918108677,BLADENSBURG,03,16,03,Yes,6,04,06:57,2025,Friday,12,Motor Vehicle In Transport,05,On Roadway,5,Perpendicular,,,ANNAPOLIS RD (WB/L),03,05,Intersection or Related,01,Daylight,2/14/2025,2025-02-14,W,0,F,N,,,CAD56E3A8173E33E770FA258F7B369AEAAD47644248E5C380B931DEE2CC1AFFE,MU,01,No,,,,,01,Dry,01,Signalized,,,,,,
Property Damage Crashes,DA43060050,Prince George's County Police,"Sideswipe, Opposite Direction",Prince George's,Local,No,No,No,No,No,INWOOD ST,854,COUNTY ROAD,No,True,No,3/1/2025,No,Point,38.925072819,-76.883251623,PGCOPD,06,16,03,No,15,,15:36,2025,Saturday,12,Motor Vehicle In Transport,05,On Roadway,7,,,,,,06,Non-Junction,01,Daylight,3/1/2025,2025-03-01,W,24.1,F,N,,,A51FE43BFFAFF4E739030AAE0FCDFE8C4F8F83915AE9A6FCCFCC48CE798972A6,CO,01,No,,,,,01,Dry,,,,,,,,