Crash Severity Description,Reportnumber,Agencyname,CollisionImpact Description,Crash County Description,FunctionalClass Description,ImpairedCrash,Large Vehicle Involved,Motorcycle Crash,Non-Motorist Crash,OffRoad,RoadName,Route Number,RouteType Description,Unrestrained Occupants,WithinDateRange,Work Zone Related,Crashdate,Work Zone Crash,CrashPoint,Latitude,Longitude,AgencyCode,CollisionImpact,Crash County,Crash Severity,Crash Within Interchange,Crashhour,CrashInterchangeApproaches,Crashtime,CrashYear,Dayofweek,FirstHarmEvent,FirstHarmEvent Description,FirstHarmLocation,FirstHarmLocation Description,FunctionalClass,Geometry Description,GovPropertyDamage,GovPropertyDamage Description,IntersectingRoadName,Intersection Geometry,JunctionRelated,JunctionRelated Description,Light,Light Description,LOD Crash Date,LOD Date Level,MilepointDirection,MilepointDistance,MilepointUnits,NonTrafficFatal,OffroadLocation,OffroadLocation Description,RoadID,RouteType,SchoolBusRelated,SchoolBusRelated Description,SecondHarmEvent,SecondHarmEvent Description,SecondHarmLocation,SecondHarmLocation Description,Surface,Surface Description,TrafficControl,Trafficcontrol Description,WZLawEnforcementPresent,WZLocation,WZLocation Description,WZType,WZType Description,WZWorkersPresent
Injury Crashes,DA384000J3,Prince George's County Police,"Sideswipe, Opposite Direction",Prince George's,,No,No,No,No,Yes,,,,No,True,No,2/4/2025,No,Point,38.718488613,-76.984543041,PGCOPD,06,16,02,,11,,11:22,2025,Tuesday,12,Motor Vehicle In Transport,05,On Roadway,,,,,,,,,01,Daylight,2/4/2025,2025-02-04,,,F,N,101,Parking Aisle,,,01,No,,,,,,,,,,,,,,
Property Damage Crashes,DA415600D9,Prince George's County Police,Rear To Side,Prince George's,,Yes,No,No,No,Yes,,,,No,True,No,4/5/2025,No,Point,38.869429131,-76.855375626,PGCOPD,05,16,03,,6,,06:58,2025,Saturday,15,Parked Vehicle,04,"Off-Roadway, Location Unknown",,,,,,,,,01,Daylight,4/5/2025,2025-04-05,,,F,N,102,Parking Lot Way,,,01,No,,,,,,,,,,,,,,
Property Damage Crashes,DA4297003W,Prince George's County Police,Front to Rear,Prince George's,Principal Arterial – Other,No,Yes,No,No,No,SANDY SPRING RD,198,MARYLAND ROUTE,No,True,No,4/1/2025,No,Point,39.098726503,-76.899473402,PGCOPD,03,16,03,Yes,8,,08:20,2025,Tuesday,12,Motor Vehicle In Transport,05,On Roadway,3,,,,SWEITZER LA,,99,Unknown,01,Daylight,4/1/2025,2025-04-01,N,32.39,F,N,,,917D583D0C810F95B3B4DA703D5AA8C31B0F29D5AD6E7E19A4D6FD0010B4E32B,MD,01,No,,,,,01,Dry,,,,,,,,
Property Damage Crashes,DA43650040,Prince George's County Police,Angle,Prince George's,Minor Arterial,No,No,No,No,No,LANHAM SEVERN RD,564,MARYLAND ROUTE,No,True,No,4/11/2025,No,Point,38.970240952,-76.850809313,PGCOPD,01,16,03,No,16,03,16:19,2025,Friday,12,Motor Vehicle In Transport,05,On Roadway,4,Angled/Skewed,,,93RD PL,01,05,Intersection or Related,01,Daylight,4/11/2025,2025-04-11,S,0,F,N,,,307B2586A6A91C0C44968E19070DC19584AC25A271605B13A60F037C408114B3,MD,01,No,,,,,09,Wet,03,Stop - Partial,,,,,,
Property Damage Crashes,MSP647600GX,Maryland State Police,Single Vehicle,Prince George's,Interstate,No,No,No,No,No,CAPITAL BELTWAY (SB/L),95,INTERSTATE ROUTE,No,True,No,2/6/2025,No,Point,38.843443745,-76.863969187,MSP,101,16,03,No,8,,08:12,2025,Thursday,32,Guardrail Face,06,"On Shoulder, Left Side",1,,101,State,,,09,Through Roadway,01,Daylight,2/6/2025,2025-02-06,N,107.69,F,N,,,79683C99CBDBA84816C0C0167DC21846C3F6158C0604C8932D5551D8443D8A46,IS,01,No,32,Guardrail Face,06,"On Shoulder, Left Side",09,Wet,,,,,,,,
Property Damage Crashes,CC0271007X,Hyattsville Police Department,Angle,Prince George's,,No,No,No,No,Yes,,,,No,True,No,1/20/2025,No,Point,38.961108922,-76.968694872,HYATTSVILLE,01,16,03,,20,,20:44,2025,Monday,12,Motor Vehicle In Transport,02,In Parking Lane Or Zone,,,,,,,,,03,Dark - Lighted,1/20/2025,2025-01-20,,,F,N,102,Parking Lot Way,,,01,No,,,,,,,,,,,,,,
Property Damage Crashes,MSP745800QZ,Maryland State Police,Front to Rear,Prince George's,Principal Arterial – Other,No,No,No,No,No,LARGO RD (SB/L),202,MARYLAND ROUTE,No,True,No,3/24/2025,No,Point,38.890843333,-76.825108333,MSP,03,16,03,No,12,,12:05,2025,Monday,12,Motor Vehicle In Transport,05,On Roadway,3,,,,,,01,Acceleration/Deceleration Lane,01,Daylight,3/24/2025,2025-03-24,S,5.32,F,N,,,7EBE6E8FF61F8569E95B49A6CFC285021A0593F1678EF5B783315E0A2E5953C0,MD,01,No,,,,,09,Wet,,,,,,,,
Property Damage Crashes,DA419600DJ,Prince George's County Police,Front to Rear,Prince George's,Major Collector,No,Yes,No,No,No,OWENS RD,112,COUNTY ROAD,Yes,True,No,4/19/2025,No,Point,38.817851891,-76.981073913,PGCOPD,03,16,03,No,18,,18:18,2025,Saturday,12,Motor Vehicle In Transport,05,On Roadway,5,,,,,,99,Unknown,01,Daylight,4/19/2025,2025-04-19,N,6.75,F,N,,,D64BFF02785D9B03CB41BE77A32D568E7E9BFCA1DF60B1BD51A65196F7EAB51D,CO,01,No,,,,,01,Dry,,,,,,,,
Injury Crashes,DA38890085,Prince George's County Police,Front to Rear,Prince George's,Interstate,No,No,No,No,No,JOHN HANSON HWY (WB/L),595,INTERSTATE ROUTE,No,True,No,5/9/2025,No,Point,38.946768927,-76.843264491,PGCOPD,03,16,02,No,15,,15:58,2025,Friday,12,Motor Vehicle In Transport,05,On Roadway,1,,,,,,06,Non-Junction,01,Daylight,5/9/2025,2025-05-09,E,31.76,F,N,,,55B7C1831CF7253268A0DF07512712BCD630D134ED895309159157DBCA4DD55D,IS,01,No,12,Motor Vehicle In Transport,05,On Roadway,01,Dry,,,,,,,,
Injury Crashes,MSP766500BZ,Maryland State Police,Front to Rear,Prince George's,Interstate,No,No,No,No,No,CAPITAL BELTWAY,495,INTERSTATE ROUTE,No,True,No,5/2/2025,No,Point,39.018303968,-76.970825115,MSP,03,16,02,No,17,,17:49,2025,Friday,12,Motor Vehicle In Transport,05,On Roadway,1,,,,,,06,Non-Junction,01,Daylight,5/2/2025,2025-05-02,E,19.51,F,N,,,F6A2048F865F1ED851AA3F3D315CA62723087A25BCCF1DB9DDB6ED40ACD348D1,IS,01,No,,,,,01,Dry,,,,,,,,
Injury Crashes,BE01130003,District Heights Police Department,Angle,Prince George's,Local,No,No,No,No,No,WINTERGREEN AVE,340,MUNICIPAL ROAD,No,True,No,3/20/2025,No,Point,38.861812344,-76.876079999,DISTHEIGHTS,01,16,02,No,13,02,13:53,2025,Thursday,12,Motor Vehicle In Transport,05,On Roadway,7,Angled/Skewed,,,KIPLING PKWY,01,05,Intersection or Related,01,Daylight,3/20/2025,2025-03-20,S,0,F,N,,,268DA5F8EEDC1308DEBD63222C90A1503F3A3BE72E3976B7C71A5D36BDDCE952,MU,01,No,97,Not Applicable,,,01,Dry,01,Signalized,,,,,,
Property Damage Crashes,DA4395001T,Prince George's County Police,Front to Rear,Prince George's,,No,No,No,No,No,NO NAME,657,LOCAL ROAD,No,True,No,3/3/2025,No,Point,38.988124167,-76.984160046,PGCOPD,03,16,03,No,21,,21:56,2025,Monday,15,Parked Vehicle,05,On Roadway,,,,,,,09,Through Roadway,03,Dark - Lighted,3/3/2025,2025-03-03,N,17.89,F,N,,,67EA4E2E6862464F9722FA2C2D35D4854F80AA8A97F3BA585116C8EEB64BBF0C,LL,01,No,,,,,01,Dry,,,,,,,,
Property Damage Crashes,DA4316004S,Prince George's County Police,Front to Rear,Prince George's,Major Collector,No,No,No,No,No,CONTEE RD,6,COUNTY ROAD,No,True,No,2/1/2025,No,Point,39.074758261,-76.863576216,PGCOPD,03,16,03,No,12,,12:00,2025,Saturday,15,Parked Vehicle,05,On Roadway,5,,,,,,06,Non-Junction,01,Daylight,2/1/2025,2025-02-01,S,2.46,F,N,,,48006F628CE311417D574FBAD52583465F6D65B3FF8120EB41ECA5268CAF1BAD,CO,01,No,,,,,01,Dry,,,,,,,,
Injury Crashes,DA4278007K,Prince George's County Police,Other,Prince George's,Minor Arterial,No,No,No,No,No,GOOD LUCK RD,42,COUNTY ROAD,No,True,No,5/28/2025,No,Point,38.980815251,-76.846851563,PGCOPD,98,16,02,No,9,04,09:25,2025,Wednesday,12,Motor Vehicle In Transport,05,On Roadway,4,Perpendicular,,,96TH AVE,03,05,Intersection or Related,01,Daylight,5/28/2025,2025-05-28,S,0,F,N,,,CD096F78C6468DB41828494827405C93AA7030C8C61FE7125204803BF4C41799,CO,01,No,,,,,09,Wet,03,Stop - Partial,,,,,,
Property Damage Crashes,DA4420001M,Prince George's County Police,Angle,Prince George's,Major Collector,No,No,No,No,No,GREEN CASTLE RD,18,COUNTY ROAD,No,True,No,5/13/2025,No,Point,39.075553093,-76.921234303,PGCOPD,01,16,03,No,13,,13:15,2025,Tuesday,12,Motor Vehicle In Transport,05,On Roadway,5,,,,,,06,Non-Junction,01,Daylight,5/13/2025,2025-05-13,E,18.69,F,N,,,811102F51F11073C63133D4C775220104DBE3151A249A8517BC9788B31100804,CO,01,No,,,,,09,Wet,,,,,,,,
Property Damage Crashes,DA3375007P,Prince George's County Police,Rear To Side,Prince George's,Principal Arterial – Other,No,No,No,No,No,BRANCH AVE (SB/L),5,MARYLAND ROUTE,No,True,No,4/14/2025,No,Point,38.851973755,-76.955779808,PGCOPD,05,16,03,Yes,20,03,20:00,2025,Monday,12,Motor Vehicle In Transport,05,On Roadway,3,Angled/Skewed,,,RAMP 4 FR MD 5 TO RAMP 5 TO SUITLAND PKY,01,05,Intersection or Related,04,Dark - Not Lighted,4/14/2025,2025-04-14,S,0,F,N,,,921CC54BA29710363318CDAF2AD96DA71AF4D2B676CAD47706294AC9719DB58C,MD,01,No,,,,,01,Dry,01,Signalized,,,,,,
Property Damage Crashes,MSP7773001N,Maryland State Police,Front to Rear,Prince George's,Interstate,No,Yes,No,No,No,CAPITAL BELTWAY,95,INTERSTATE ROUTE,No,True,No,3/21/2025,No,Point,38.959132764,-76.865832066,MSP,03,16,03,No,16,,16:50,2025,Friday,12,Motor Vehicle In Transport,05,On Roadway,1,,,,,,06,Non-Junction,01,Daylight,3/21/2025,2025-03-21,N,48.12,F,N,,,5468C1B2995C30AA8E9A305AD4F4A5CBBCB52681E5CB12132FACAAA0548776A5,IS,01,No,,,,,01,Dry,,,,,,,,
Injury Crashes,MSP7843003L,Maryland State Police,Front to Rear,Prince George's,Principal Arterial – Other,No,No,No,No,No,SANDY SPRING RD (WB/L),198,MARYLAND ROUTE,Yes,True,No,5/17/2025,No,Point,39.101283333,-76.88201,MSP,03,16,02,No,21,,21:18,2025,Saturday,12,Motor Vehicle In Transport,05,On Roadway,3,,,,,,06,Non-Junction,04,Dark - Not Lighted,5/17/2025,2025-05-17,S,24.4,F,N,,,22EF6550AD9FEB56A895C37C939DFFBF6DD5151F976713FAE488E34041B72E19,MD,01,No,,,,,01,Dry,,,,,,,,
Property Damage Crashes,DA41020087,Prince George's County Police,Front to Rear,Prince George's,Local,No,No,No,No,No,56TH AVE,482,COUNTY ROAD,No,True,No,3/30/2025,No,Point,38.952533226,-76.920018162,PGCOPD,03,16,03,No,10,,10:25,2025,Sunday,12,Motor Vehicle In Transport,05,On Roadway,7,,,,,,09,Through Roadway,99,Unknown,3/30/2025,2025-03-30,N,13.02,F,N,,,8E7397CA779FEA070BD996F3CED66DBBA76984311F95933BDB51DD4D8A85F7E0,CO,01,No,15,Parked Vehicle,05,On Roadway,01,Dry,,,,,,,,
Injury Crashes,DA40380083,Prince George's County Police,Front to Rear,Prince George's,Minor Arterial,No,No,No,No,No,,223,MARYLAND ROUTE,No,True,No,5/22/2025,No,Point,38.764582699,-76.902630880,PGCOPD,03,16,02,Yes,16,,16:01,2025,Thursday,12,Motor Vehicle In Transport,05,On Roadway,4,,,,,,09,Through Roadway,01,Daylight,5/22/2025,2025-05-22,W,53.34,F,N,,,6FDEDCCFD7087B3E2BF40CEBA1F9FE928B5BCA28B64A1D5F557CE84A990D5317,MD,01,No,,,,,09,Wet,,,,,,,,
Property Damage Crashes,DA394600CV,Prince George's County Police,Front to Rear,Prince George's,Major Collector,No,No,No,No,No,AGER RD (NB/L),1599,COUNTY ROAD,No,True,No,2/16/2025,No,Point,38.968549490,-76.977049401,PGCOPD,03,16,03,No,13,,13:00,2025,Sunday,12,Motor Vehicle In Transport,05,On Roadway,5,,,,,,06,Non-Junction,01,Daylight,2/16/2025,2025-02-16,N,296.06,F,N,,,F806E8B98E511FC126E0A4CDC532B399588B01BA2303A04015102DE518198713,CO,01,No,,,,,01,Dry,,,,,,,,
Injury Crashes,DA34070042,Prince George's County Police,Front to Rear,Prince George's,Local,No,No,No,No,No,CHAVEZ LA,2065,COUNTY ROAD,No,True,No,3/28/2025,No,Point,38.844255243,-76.891071350,PGCOPD,03,16,02,No,13,,13:17,2025,Friday,12,Motor Vehicle In Transport,05,On Roadway,7,,,,,,06,Non-Junction,01,Daylight,3/28/2025,2025-03-28,E,11.97,F,N,,,875F623B3DDAA88DF45A8A500B52B8825FC3F14237C506294F8EC3084C5F02F3,CO,01,No,,,,,01,Dry,,,,,,,,
Property Damage Crashes,DA44260013,Prince George's County Police,Single Vehicle,Prince George's,,No,No,No,No,Yes,,,,No,True,No,4/22/2025,No,Point,38.905335750,-76.871180110,PGCOPD,101,16,03,,19,,19:21,2025,Tuesday,35,"Other Fixed Object (wall, building, tunnel, etc.)",04,"Off-Roadway, Location Unknown",,,,,,,,,01,Daylight,4/22/2025,2025-04-22,,,F,N,102,Parking Lot Way,,,01,No,,,,,,,,,,,,,,
Property Damage Crashes,MSP7839005W,Maryland State Police,Front to Rear,Prince George's,Interstate,No,No,No,No,No,CAPITAL BELTWAY,95,INTERSTATE ROUTE,No,True,No,5/23/2025,No,Point,38.81817,-76.909715,MSP,03,16,03,No,23,,23:24,2025,Friday,12,Motor Vehicle In Transport,05,On Roadway,1,,,,,,06,Non-Junction,04,Dark - Not Lighted,5/23/2025,2025-05-23,S,16.57,F,N,,,F3EDBA28ABF97D26F242CA75FAB35C843E8FB7D6D6DD84D0BF1F4733E92296EC,IS,01,No,,,,,01,Dry,,,,,,,,
Injury Crashes,MSP7765005J,Maryland State Police,Front to Rear,Prince George's,Interstate,No,Yes,No,No,No,CAPITAL BELTWAY,95,INTERSTATE ROUTE,No,True,No,1/15/2025,No,Point,38.819783833,-76.921167,MSP,03,16,02,No,17,,17:46,2025,Wednesday,12,Motor Vehicle In Transport,05,On Roadway,1,,,,,,09,Through Roadway,04,Dark - Not Lighted,1/15/2025,2025-01-15,S,48.62,F,N,,,D251CA2D672511C4FC7DFC5437E995B0AF593CFB4BA0097EF9030D0A4956710B,IS,01,No,,,,,01,Dry,,,,,,,,
Injury Crashes,CC0294002N,Hyattsville Police Department,Front to Rear,Prince George's,Major Collector,No,No,Yes,No,No,AGER RD (NB/L),1599,COUNTY ROAD,No,True,No,5/27/2025,No,Point,38.955682382,-76.966015121,HYATTSVILLE,03,16,02,No,22,,22:30,2025,Tuesday,12,Motor Vehicle In Transport,05,On Roadway,5,,,,HAMILTON ST HAMILTON ST (WB/L),,99,Unknown,03,Dark - Lighted,5/27/2025,2025-05-27,W,18.53,F,N,,,C38DF2FAD8FFB776E29609928A6309EE0983051A1A57F26AFACA8C7B181395FF,CO,01,No,12,Motor Vehicle In Transport,05,On Roadway,01,Dry,,,,,,,,
Property Damage Crashes,MSP7764006X,Maryland State Police,Single Vehicle,Prince George's,Interstate,No,No,No,No,No,RAMP 6 FR IS 595 EB TO MD 704 SB,595,RAMP,No,True,No,1/12/2025,No,Point,38.94607375,-76.843156883,MSP,101,16,03,No,23,,23:09,2025,Sunday,28,Ditch,01,Gore,1,,,,,,04,Entrance/Exit Ramp or Related,04,Dark - Not Lighted,1/12/2025,2025-01-12,N,22.33,F,N,,,7B493A057FA689879D0B7AA607919BA3E683B19637B4C9025702AED64693EB85,RP,01,No,,,,,02,Ice/Frost,,,,,,,,
Property Damage Crashes,BW02020030,Greenbelt Police Department,"Sideswipe, Same Direction",Prince George's,Local,No,No,No,No,No,HANOVER PKWY,205,MUNICIPAL ROAD,No,True,No,3/25/2025,No,Point,38.995456074,-76.873206774,GREENBELT,07,16,03,No,13,,13:50,2025,Tuesday,15,Parked Vehicle,05,On Roadway,7,,,,,,06,Non-Junction,01,Daylight,3/25/2025,2025-03-25,N,39.43,F,N,,,4457139799C74CBC60754CADB939B3DB55E8C0DA851362CF7A8A2A77B753E26D,MU,01,No,,,,,01,Dry,,,,,,,,
Property Damage Crashes,DM85050028,Takoma Park Police Department,Front to Front,Prince George's,,No,No,No,No,No,,923,CROSSOVER,No,True,Yes,4/22/2025,Yes,Point,38.990555492,-76.989643574,TAKOMA,02,16,03,No,9,04,09:45,2025,Tuesday,12,Motor Vehicle In Transport,05,On Roadway,,Perpendicular,,,UNIVERSITY BLVD,03,05,Intersection or Related,01,Daylight,4/22/2025,2025-04-22,N,0,F,N,,,FEAC7003F149E5434F917AA2F6FF7B754FEF4FAC4D58A444D27E05A720AF9222,XO,01,No,,,,,01,Dry,01,Signalized,N,04,Activity Area,05,Other Type of Work Zone,Yes
Property Damage Crashes,MSP6582015P,Maryland State Police,"Sideswipe, Same Direction",Prince George's,Principal Arterial – Other,No,No,No,No,No,LANDOVER RD,202,MARYLAND ROUTE,No,True,No,2/25/2025,No,Point,38.916726791,-76.846116236,MSP,07,16,03,No,20,,20:23,2025,Tuesday,12,Motor Vehicle In Transport,05,On Roadway,3,,,,,,09,Through Roadway,04,Dark - Not Lighted,2/25/2025,2025-02-25,N,4.06,F,N,,,C40E113DA0CC9B930427ECC4E1D68D33391A80E89286E6EFF2B1225F42672C7B,MD,01,No,,,,,01,Dry,,,,,,,,
Property Damage Crashes,DA3270002X,Prince George's County Police,"Sideswipe, Opposite Direction",Prince George's,Minor Arterial,No,No,No,No,No,,193,MARYLAND ROUTE,No,True,No,1/6/2025,No,Point,38.915440394,-76.801837466,PGCOPD,06,16,03,No,23,,23:30,2025,Monday,12,Motor Vehicle In Transport,05,On Roadway,4,,,,,,06,Non-Junction,03,Dark - Lighted,1/6/2025,2025-01-06,N,30.29,F,N,,,BE2B578AB49B175DA7887A828E5DDB15ED8B0EEB0927C251F023BF0E3904953D,MD,01,No,,,,,07,Snow,,,,,,,,
Property Damage Crashes,DA3719000V,Prince George's County Police,Angle,Prince George's,Local,No,No,No,No,No,HARVEY DR,1482,COUNTY ROAD,No,True,No,4/9/2025,No,Point,38.913520252,-76.867944665,PGCOPD,01,16,03,No,19,04,19:38,2025,Wednesday,12,Motor Vehicle In Transport,05,On Roadway,7,Perpendicular,,,SHERIFF RD,03,05,Intersection or Related,101,Dusk,4/9/2025,2025-04-09,N,0,F,N,,,0A6573703A21E960885B1B669E06E58969821238CD7E4F9C54304486D8EE8A55,CO,01,No,,,,,01,Dry,01,Signalized,,,,,,
Property Damage Crashes,MSP585801F8,Maryland State Police,Front to Rear,Prince George's,Principal Arterial – Other,Yes,No,No,No,No,CENTRAL AVE (WB/L),214,MARYLAND ROUTE,No,True,No,1/14/2025,No,Point,38.897755003,-76.807406493,MSP,03,16,03,No,19,,19:39,2025,Tuesday,12,Motor Vehicle In Transport,05,On Roadway,3,,,,,,09,Through Roadway,03,Dark - Lighted,1/14/2025,2025-01-14,N,60.07,F,N,,,30231E6B62B80343C9DED357CEB7FBCA5A80717A9473F09490B80CDCD68347D6,MD,01,No,,,,,01,Dry,,,,,,,,
Property Damage Crashes,DA401800CD,Prince George's County Police,Single Vehicle,Prince George's,Principal Arterial – Other Freeways and Expressways,No,No,No,No,No,RAMP 5 FR MD 295 SB TO MD 201 EB,295,RAMP,No,True,No,4/4/2025,No,Point,38.921764048,-76.932990363,PGCOPD,101,16,03,No,9,,09:00,2025,Friday,25,Concrete Traffic Barrier,01,Gore,2,,,,,,06,Non-Junction,01,Daylight,4/4/2025,2025-04-04,S,9.15,F,N,,,B7FDE23E3CF708689DE5C9A057C5A15F56EC260B145C79956964B50643BC3C4E,RP,01,No,,,,,09,Wet,,,,,,,,
Injury Crashes,MSP745000HV,Maryland State Police,Front to Rear,Prince George's,Interstate,No,No,No,No,No,NO NAME (SB/L),95,INTERSTATE ROUTE,No,True,No,1/18/2025,No,Point,39.031791624,-76.946425582,MSP,03,16,02,No,18,,18:25,2025,Saturday,12,Motor Vehicle In Transport,05,On Roadway,1,,,,,,09,Through Roadway,03,Dark - Lighted,1/18/2025,2025-01-18,N,35.7,F,N,,,97555CF6BADC81DD65949ECD0EC10F396E53AD58FA12A7CE36DE3A822109456C,IS,01,No,97,Not Applicable,,,01,Dry,,,,,,,,
Property Damage Crashes,DA393600FY,Prince George's County Police,Single Vehicle,Prince George's,Local,No,No,No,No,No,SELKIRK CT,5833,COUNTY ROAD,No,True,No,2/14/2025,No,Point,38.852482992,-76.865017404,PGCOPD,101,16,03,No,7,,07:59,2025,Friday,09,Animal (live),05,On Roadway,7,,,,,,06,Non-Junction,01,Daylight,2/14/2025,2025-02-14,E,35.25,F,N,,,01BF29D22281EF4700C412617D46EEF835EA8041C2AEE26308C60DBD5BBEC5EF,CO,01,No,,,,,01,Dry,,,,,,,,
Property Damage Crashes,DA3949008M,Prince George's County Police,Other,Prince George's,Major Collector,No,No,No,No,No,HILL RD,360,COUNTY ROAD,No,True,No,5/11/2025,No,Point,38.891726054,-76.878013517,PGCOPD,98,16,03,Yes,13,03,13:04,2025,Sunday,12,Motor Vehicle In Transport,03,Median,5,Perpendicular,,,MOUNTAIN VIEW WAY,03,05,Intersection or Related,01,Daylight,5/11/2025,2025-05-11,S,0,F,N,,,BBE5206B89E533F30A4AD0EB20A96758AEBFAFB88BA243F01E521E078E34CB7B,CO,01,No,,,,,01,Dry,05,No Controls,,,,,,
Property Damage Crashes,DA3914006Z,Prince George's County Police,Front to Rear,Prince George's,Local,No,No,No,No,No,ROLLINGWOOD DR,3823,COUNTY ROAD,No,True,No,4/5/2025,No,Point,38.767442986,-76.946603009,PGCOPD,03,16,03,No,18,,18:10,2025,Saturday,12,Motor Vehicle In Transport,05,On Roadway,7,,,,,,06,Non-Junction,01,Daylight,4/5/2025,2025-04-05,N,50,F,N,,,BF066A734243F0359B053AE30622C99B0F1C3308A5C449A810AD3591BA4B84D0,CO,01,No,15,Parked Vehicle,02,In Parking Lane Or Zone,01,Dry,,,,,,,,
Property Damage Crashes,DA4331003C,Prince George's County Police,"Sideswipe, Same Direction",Prince George's,Local,No,No,No,No,No,FIRST ST,3241,COUNTY ROAD,No,True,No,5/29/2025,No,Point,38.966126924,-76.896099301,PGCOPD,07,16,03,No,21,04,21:15,2025,Thursday,15,Parked Vehicle,07,"On Shoulder, Right Side",7,Perpendicular,,,AUBURN AVE,03,05,Intersection or Related,03,Dark - Lighted,5/29/2025,2025-05-29,N,0,F,N,,,BC5E13F9B9DC959C94753054C52B37FB037384440D794D7832DE1FE3CB2621C3,CO,01,No,,,,,01,Dry,05,No Controls,,,,,,
Property Damage Crashes,DA419600D7,Prince George's County Police,"Sideswipe, Same Direction",Prince George's,Interstate,No,Yes,No,No,No,CAPITAL BELTWAY,95,INTERSTATE ROUTE,No,True,No,2/24/2025,No,Point,38.819318353,-76.927754715,PGCOPD,07,16,03,No,16,,16:29,2025,Monday,12,Motor Vehicle In Transport,05,On Roadway,1,,,,,,99,Unknown,01,Daylight,2/24/2025,2025-02-24,W,38.67,F,N,,,A8A62ED593A3BEFACA750CFAC408CC169CABBB77FA1981CB4655C746C4CB09B2,IS,02,"Yes, School Bus Directly Involved",,,,,01,Dry,,,,,,,,
Property Damage Crashes,BW02040033,Greenbelt Police Department,"Sideswipe, Same Direction",Prince George's,Principal Arterial – Other Freeways and Expressways,No,No,No,No,No,RAMP 4 FR MD 295 NB TO 193 EB,295,RAMP,No,True,No,5/28/2025,No,Point,38.994019064,-76.876510482,GREENBELT,07,16,03,No,22,,22:03,2025,Wednesday,12,Motor Vehicle In Transport,05,On Roadway,2,,,,GREENBELT RD,,06,Non-Junction,03,Dark - Lighted,5/28/2025,2025-05-28,E,25.71,F,N,,,E51D022D23F8812442C6A767BBB29288CF7D2F5025846C850ED0145544D032C7,RP,01,No,,,,,01,Dry,,,,,,,,
Injury Crashes,MSP732800K0,Maryland State Police,"Sideswipe, Same Direction",Prince George's,,No,No,No,No,No,IKEA CENTER BLVD,1787,PRIVATE ROAD,No,True,No,1/18/2025,No,Point,39.021572379,-76.925145822,MSP,07,16,02,Yes,5,04,05:19,2025,Saturday,12,Motor Vehicle In Transport,05,On Roadway,,Perpendicular,,,BALTIMORE AVE (SB/L),03,05,Intersection or Related,03,Dark - Lighted,1/18/2025,2025-01-18,N,0,F,N,,,E21A6EC1BDC3C7539EC00B04458680746DCD56EB8DC8C369D984CB927D86C2C0,PV,01,No,,,,,01,Dry,01,Signalized,,,,,,
Property Damage Crashes,MSP6859008S,Maryland State Police,Single Vehicle,Prince George's,Interstate,No,No,No,No,No,CAPITAL BELTWAY (SB/L),95,INTERSTATE ROUTE,No,True,No,4/27/2025,No,Point,38.818991667,-76.930206667,MSP,101,16,03,No,23,,23:10,2025,Sunday,32,Guardrail Face,06,"On Shoulder, Left Side",1,,101,State,,,06,Non-Junction,04,Dark - Not Lighted,4/27/2025,2025-04-27,W,38.02,F,N,,,51D1F90AAA1155DC7C1197D2D29F8488453F42511CA9A4FCC999361084AB6EA9,IS,01,No,,,,,01,Dry,,,,,,,,
Property Damage Crashes,MSP7765006T,Maryland State Police,Front to Rear,Prince George's,Principal Arterial – Other Freeways and Expressways,No,No,No,No,No,BRANCH AVE,5,MARYLAND ROUTE,No,True,No,3/11/2025,No,Point,38.750205543,-76.879513145,MSP,03,16,03,No,20,,20:11,2025,Tuesday,12,Motor Vehicle In Transport,05,On Roadway,2,,,,,,09,Through Roadway,01,Daylight,3/11/2025,2025-03-11,E,14.6,F,N,,,F75A990E5B0D4E9FA4118AF6F910D851AF2371F5A36A3FE915690B3727421E60,MD,01,No,,,,,01,Dry,,,,,,,,
Property Damage Crashes,MSP7839003H,Maryland State Police,"Sideswipe, Same Direction",Prince George's,Interstate,No,No,No,No,No,RAMP 7 FR IS 595 WB TO IS 95 SB,95,RAMP,No,True,No,3/19/2025,No,Point,38.942282736,-76.857192542,MSP,07,16,03,No,12,,12:29,2025,Wednesday,12,Motor Vehicle In Transport,09,Roadside,1,,,,,,06,Non-Junction,01,Daylight,3/19/2025,2025-03-19,S,32.22,F,N,,,197DC7A848135B6DB234B1442D894EF4DA9E1679F754217162BAD6CCE0CE9AE0,RP,01,No,,,,,01,Dry,,,,,,,,
Property Damage Crashes,MSP6582016N,Maryland State Police,Single Vehicle,Prince George's,Interstate,No,No,No,No,No,RAMP 8 FR IS 95 SB TO MD 202F WB,95,RAMP,No,True,No,5/9/2025,No,Point,38.906799678,-76.851174152,MSP,101,16,03,No,18,,18:54,2025,Friday,32,Guardrail Face,09,Roadside,1,,101,State,,,09,Through Roadway,01,Daylight,5/9/2025,2025-05-09,N,839.8,F,N,,,EC2126CE0E3C57CCEEF0C8CA78DE19CD3F8E10A6F217A26F7DF9C62C5CCA0E9C,RP,01,No,,,,,01,Dry,,,,,,,,