Crash Severity Description,Reportnumber,Agencyname,CollisionImpact Description,Crash County Description,FunctionalClass Description,ImpairedCrash,Large Vehicle Involved,Motorcycle Crash,Non-Motorist Crash,OffRoad,RoadName,Route Number,RouteType Description,Unrestrained Occupants,WithinDateRange,Work Zone Related,Crashdate,Work Zone Crash,CrashPoint,Latitude,Longitude,AgencyCode,CollisionImpact,Crash County,Crash Severity,Crash Within Interchange,Crashhour,CrashInterchangeApproaches,Crashtime,CrashYear,Dayofweek,FirstHarmEvent,FirstHarmEvent Description,FirstHarmLocation,FirstHarmLocation Description,FunctionalClass,Geometry Description,GovPropertyDamage,GovPropertyDamage Description,IntersectingRoadName,Intersection Geometry,JunctionRelated,JunctionRelated Description,Light,Light Description,LOD Crash Date,LOD Date Level,MilepointDirection,MilepointDistance,MilepointUnits,NonTrafficFatal,OffroadLocation,OffroadLocation Description,RoadID,RouteType,SchoolBusRelated,SchoolBusRelated Description,SecondHarmEvent,SecondHarmEvent Description,SecondHarmLocation,SecondHarmLocation Description,Surface,Surface Description,TrafficControl,Trafficcontrol Description,WZLawEnforcementPresent,WZLocation,WZLocation Description,WZType,WZType Description,WZWorkersPresent
Property Damage Crashes,BW0219000R,Greenbelt Police Department,Front to Rear,Prince George's,Local,No,No,No,No,No,BREEZEWOOD DR,20,MUNICIPAL ROAD,Yes,True,No,1/19/2025,No,Point,39.000283899,-76.901979769,GREENBELT,03,16,03,Yes,16,,16:40,2025,Sunday,12,Motor Vehicle In Transport,05,On Roadway,7,,,,EDMONSTON TERR,,09,Through Roadway,101,Dusk,1/19/2025,2025-01-19,S,46.02,F,N,,,D5CEC496ACDC19C6BA2EC6ED10709FFDDCE9F232EE474046D55DCADFF22BC75D,MU,01,No,,,,,07,Snow,,,,,,,,
Property Damage Crashes,MSP7865001X,Maryland State Police,"Sideswipe, Same Direction",Prince George's,Interstate,No,No,No,No,No,CAPITAL BELTWAY,95,INTERSTATE ROUTE,No,True,No,3/20/2025,No,Point,38.992269352,-76.886396401,MSP,07,16,03,Yes,5,,05:49,2025,Thursday,12,Motor Vehicle In Transport,05,On Roadway,1,,,,RAMP 1 FR IS 95 NB TO MD 295 WB,,04,Entrance/Exit Ramp or Related,03,Dark - Lighted,3/20/2025,2025-03-20,S,14.31,F,N,,,8A15B38D6BA08B4304CB8CE8C3921E3642F2F7EDD275380F08727F6DA621613C,IS,01,No,,,,,01,Dry,,,,,,,,
Injury Crashes,DA4419000P,Prince George's County Police,Single Vehicle,Prince George's,Major Collector,No,No,No,Yes,No,CAMPUS WAY SOUTH,4638,COUNTY ROAD,No,True,No,2/25/2025,No,Point,38.889634171,-76.826806772,PGCOPD,101,16,02,No,18,,18:25,2025,Tuesday,17,Pedestrian,05,On Roadway,5,,,,,,06,Non-Junction,03,Dark - Lighted,2/25/2025,2025-02-25,N,22.92,F,N,,,AD5A055A3B51E7BC9549A45761B7557D15DFD161B55E8655D1C8671DF668F6C9,CO,01,No,,,,,01,Dry,,,,,,,,
Property Damage Crashes,ZP0383000J,Prince George's County Sheriff's Office,Front to Rear,Prince George's,Interstate,No,No,No,No,No,CAPITAL BELTWAY,95,INTERSTATE ROUTE,No,True,No,4/11/2025,No,Point,38.821150089,-76.889722798,PGCOSHERIFF,03,16,03,No,15,,15:57,2025,Friday,12,Motor Vehicle In Transport,05,On Roadway,1,,,,,,06,Non-Junction,01,Daylight,4/11/2025,2025-04-11,N,19.25,F,N,,,B44215890C6481940F4C4E83935EAE6953C01EE42A10DDC7748E46A630A35058,IS,01,No,97,Not Applicable,,,09,Wet,,,,,,,,
Property Damage Crashes,DA4243009M,Prince George's County Police,Front to Front,Prince George's,Local,No,No,No,No,No,ROCKDALE LA,6410,COUNTY ROAD,No,True,No,1/6/2025,No,Point,38.827945011,-76.790866661,PGCOPD,02,16,03,No,3,,03:00,2025,Monday,15,Parked Vehicle,07,"On Shoulder, Right Side",7,,102,Federal,,,09,Through Roadway,03,Dark - Lighted,1/6/2025,2025-01-06,N,13.44,F,N,,,F7D24AF61C1E449223C365A750A8F3CBFBC6C5675B6AA36E9FABA72127C361D5,CO,01,No,,,,,07,Snow,,,,,,,,
Property Damage Crashes,DS04820011,University of Maryland Police College Park,Single Vehicle,Prince George's,,No,No,No,No,Yes,,,,No,True,No,5/14/2025,No,Point,38.989420913,-76.941216589,UMCP,101,16,03,,20,,20:27,2025,Wednesday,19,Strikes Object at Rest from Motor Vehicle In Transport,05,On Roadway,,,101,State,,,,,03,Dark - Lighted,5/14/2025,2025-05-14,,,F,N,102,Parking Lot Way,,,01,No,15,Parked Vehicle,05,On Roadway,,,,,,,,,,
Property Damage Crashes,DA3561004P,Prince George's County Police,Angle,Prince George's,Major Collector,No,No,No,No,No,EDMONSTON RD,3168,COUNTY ROAD,No,True,No,3/17/2025,No,Point,38.948947299,-76.926406979,PGCOPD,01,16,03,Yes,14,04,14:30,2025,Monday,12,Motor Vehicle In Transport,05,On Roadway,5,Angled/Skewed,,,EMERSON ST,01,05,Intersection or Related,01,Daylight,3/17/2025,2025-03-17,W,0,F,N,,,9C073CA4AC079041BFBA150BB17A373C88251D3F95B42ABF98E712944E1BFC3E,CO,01,No,,,,,01,Dry,03,Stop - Partial,,,,,,
Property Damage Crashes,MSP6582016J,Maryland State Police,Single Vehicle,Prince George's,Interstate,No,No,No,No,No,CAPITAL BELTWAY (SB/L),95,INTERSTATE ROUTE,No,True,No,5/8/2025,No,Point,38.818841667,-76.931018333,MSP,101,16,03,No,15,,15:14,2025,Thursday,32,Guardrail Face,09,Roadside,1,,101,State,,,09,Through Roadway,01,Daylight,5/8/2025,2025-05-08,E,55.99,F,N,,,C6BD0E8E415CA9C39EA835A269B075FB69728FD34EAC198BD50A687CBD8B45DC,IS,01,No,,,,,01,Dry,,,,,,,,
Property Damage Crashes,DA3696000D,Prince George's County Police,Front to Rear,Prince George's,Local,No,No,No,No,No,CHERRY MILL DR,5158,COUNTY ROAD,No,True,No,5/4/2025,No,Point,39.036574201,-76.949818138,PGCOPD,03,16,03,No,10,,10:30,2025,Sunday,12,Motor Vehicle In Transport,05,On Roadway,7,,,,,,06,Non-Junction,01,Daylight,5/4/2025,2025-05-04,N,525.47,F,N,,,EBA2B6C426AB0552A090C9AD6B2E63EBCBDB709258CC75230AFE646FBCA6D186,CO,01,No,,,,,01,Dry,,,,,,,,
Property Damage Crashes,MSP7839003L,Maryland State Police,Front to Rear,Prince George's,Interstate,No,No,No,No,No,CAPITAL BELTWAY (SB/L),95,INTERSTATE ROUTE,No,True,No,3/25/2025,No,Point,38.881278333,-76.843943333,MSP,03,16,03,No,15,,15:29,2025,Tuesday,12,Motor Vehicle In Transport,05,On Roadway,1,,,,,,06,Non-Junction,01,Daylight,3/25/2025,2025-03-25,W,33.86,F,N,,,5CEBCD08C0CC25210D76B9F45C724798E4AEDFD0772FFB3E377202981CDA6E19,IS,01,No,,,,,01,Dry,,,,,,,,
Property Damage Crashes,MSP745000KL,Maryland State Police,Single Vehicle,Prince George's,Interstate,No,No,No,No,No,CAPITAL BELTWAY,95,INTERSTATE ROUTE,No,True,No,5/18/2025,No,Point,38.987858024,-76.882311280,MSP,101,16,03,No,4,,04:22,2025,Sunday,28,Ditch,09,Roadside,1,,,,,,09,Through Roadway,04,Dark - Not Lighted,5/18/2025,2025-05-18,W,36.72,F,N,,,250022753F102AF8CE80D01D9135392C1A6AECC9CAF18DE5EFF051FB3D8C303A,IS,01,No,97,Not Applicable,,,01,Dry,,,,,,,,
Property Damage Crashes,MSP6859008W,Maryland State Police,Single Vehicle,Prince George's,Interstate,No,No,No,No,No,CAPITAL BELTWAY,95,INTERSTATE ROUTE,No,True,No,5/9/2025,No,Point,38.807271667,-76.97894,MSP,101,16,03,No,6,,06:08,2025,Friday,32,Guardrail Face,07,"On Shoulder, Right Side",1,,101,State,,,06,Non-Junction,100,Dawn,5/9/2025,2025-05-09,E,39.04,F,N,,,A41556C3E7ECB9C4B9719F7D6AA679CD13B91FE5F23FBE5CF72837566C5165F6,IS,01,No,12,Motor Vehicle In Transport,05,On Roadway,09,Wet,,,,,,,,
Property Damage Crashes,CE4573003W,Laurel Police Department,Front to Rear,Prince George's,Principal Arterial – Other,No,Yes,No,No,No,WASHINGTON BLVD (SB/L),1,UNITED STATE ROUTE,Yes,True,No,3/12/2025,No,Point,39.103365982,-76.844340310,LAUREL,03,16,03,No,15,,15:17,2025,Wednesday,12,Motor Vehicle In Transport,05,On Roadway,3,,,,,,06,Non-Junction,01,Daylight,3/12/2025,2025-03-12,S,10.79,F,N,,,5EDCD6BF670733987573D03275D6DE9D7FBAEC60B6B14325A9552BFBF3FD5D78,US,01,No,,,,,01,Dry,,,,,,,,
Property Damage Crashes,MSP546601TD,Maryland State Police,Front to Rear,Prince George's,Principal Arterial – Other,No,No,No,No,No,STEPHANIE ROPER HWY,4,MARYLAND ROUTE,No,True,No,5/5/2025,No,Point,38.811860190,-76.718212607,MSP,03,16,03,Yes,19,,19:30,2025,Monday,12,Motor Vehicle In Transport,05,On Roadway,3,,,,,,09,Through Roadway,101,Dusk,5/5/2025,2025-05-05,E,230.13,F,N,,,8F7766A5F70803E91DF00D35715E1428DBD0664D8B86125FB3263FFC42345997,MD,01,No,,,,,01,Dry,,,,,,,,
Property Damage Crashes,MSP7765006P,Maryland State Police,Front to Rear,Prince George's,Principal Arterial – Other,No,No,No,No,No,BRANCH AVE (SB/L),5,MARYLAND ROUTE,No,True,No,3/9/2025,No,Point,38.788286,-76.897452167,MSP,03,16,03,No,19,,19:50,2025,Sunday,12,Motor Vehicle In Transport,05,On Roadway,3,,,,,,09,Through Roadway,03,Dark - Lighted,3/9/2025,2025-03-09,E,21.31,F,N,,,FD46845B0232555A14359F81901739D76C4512C01AA5F796B0B2ECB97E3A50EB,MD,01,No,,,,,01,Dry,,,,,,,,
Property Damage Crashes,DA368800DH,Prince George's County Police,Other,Prince George's,,No,No,No,No,Yes,,,,No,True,No,4/27/2025,No,Point,39.081684891,-76.863585983,PGCOPD,98,16,03,,14,,14:00,2025,Sunday,12,Motor Vehicle In Transport,02,In Parking Lane Or Zone,,,,,,,,,01,Daylight,4/27/2025,2025-04-27,,,F,N,102,Parking Lot Way,,,01,No,,,,,,,,,,,,,,
Property Damage Crashes,MSP7776004M,Maryland State Police,Front to Rear,Prince George's,Interstate,No,No,No,No,No,CAPITAL BELTWAY,495,INTERSTATE ROUTE,No,True,No,2/10/2025,No,Point,39.019512076,-76.955739073,MSP,03,16,03,No,18,,18:42,2025,Monday,12,Motor Vehicle In Transport,05,On Roadway,1,,,,,,06,Non-Junction,04,Dark - Not Lighted,2/10/2025,2025-02-10,N,49.66,F,N,,,7EC1FB16FF30ADCAAE6FDC475194CA655A935E01C0919706D59FFFC170147560,IS,01,No,,,,,01,Dry,,,,,,,,
Property Damage Crashes,AM0388002R,Bladensburg Police Department,Unknown,Prince George's,,No,No,No,No,Yes,,,,No,True,No,3/24/2025,No,Point,38.940000784,-76.933287798,BLADENSBURG,99,16,03,,15,,15:35,2025,Monday,12,Motor Vehicle In Transport,04,"Off-Roadway, Location Unknown",,,,,,,,,01,Daylight,3/24/2025,2025-03-24,,,F,N,100,Parking Stall,,,01,No,,,,,,,,,,,,,,
Injury Crashes,DA4304005P,Prince George's County Police,Other,Prince George's,Minor Arterial,No,No,No,No,No,POWDER MILL RD,212,MARYLAND ROUTE,No,True,No,1/19/2025,No,Point,39.052109681,-76.924406181,PGCOPD,98,16,02,No,6,,06:52,2025,Sunday,12,Motor Vehicle In Transport,05,On Roadway,4,,,,,,06,Non-Junction,05,Dark - Unknown Lighting,1/19/2025,2025-01-19,N,16.48,F,N,,,C36087DB092C7EA53CCAF974705883BBA63E33B2248099832E2723C4E1981A23,MD,01,No,,,,,09,Wet,,,,,,,,
Property Damage Crashes,DA4421000B,Prince George's County Police,Front to Rear,Prince George's,Minor Arterial,No,No,No,No,No,WOODYARD RD,223,MARYLAND ROUTE,No,True,No,1/5/2025,No,Point,38.779099685,-76.858763152,PGCOPD,03,16,03,No,15,,15:57,2025,Sunday,12,Motor Vehicle In Transport,05,On Roadway,4,,,,,,09,Through Roadway,01,Daylight,1/5/2025,2025-01-05,S,97.62,F,N,,,48DE1E65E315C663B12D8C1CDC30E9C391D3B0B5D721EB06830256FFC100664D,MD,01,No,,,,,01,Dry,,,,,,,,
Property Damage Crashes,DA4038007Y,Prince George's County Police,Other,Prince George's,Local,No,No,No,No,No,GROVETON DR,2545,COUNTY ROAD,No,True,No,4/23/2025,No,Point,38.735830506,-76.886683136,PGCOPD,98,16,03,No,22,,22:30,2025,Wednesday,15,Parked Vehicle,99,Unknown,7,,,,,,99,Unknown,04,Dark - Not Lighted,4/23/2025,2025-04-23,S,11.39,F,N,,,DCA8A9B9F0441AC1B4577E4D09263228BFA3B9A3929AE6A5DF3A8A8D81AFA953,CO,01,No,,,,,01,Dry,,,,,,,,
Property Damage Crashes,MSP745800P2,Maryland State Police,Front to Rear,Prince George's,Principal Arterial – Other Freeways and Expressways,No,No,No,No,No,PENNSYLVANIA AVE,4,MARYLAND ROUTE,No,True,No,1/31/2025,No,Point,38.824095,-76.852038333,MSP,03,16,03,No,6,,06:35,2025,Friday,12,Motor Vehicle In Transport,05,On Roadway,2,,,,,,01,Acceleration/Deceleration Lane,03,Dark - Lighted,1/31/2025,2025-01-31,N,29.89,F,N,,,BBC82EE365D2A85FDA27773AEC0BD935CAA47AC2B3AED7EE9BE54BA6130655D5,MD,01,No,,,,,01,Dry,,,,,,,,
Property Damage Crashes,CE4115003H,Laurel Police Department,Front to Rear,Prince George's,,No,No,No,No,Yes,,,,Yes,True,No,4/22/2025,No,Point,39.076925518,-76.869033880,LAUREL,03,16,03,,15,,15:36,2025,Tuesday,15,Parked Vehicle,02,In Parking Lane Or Zone,,,,,,,,,01,Daylight,4/22/2025,2025-04-22,,,F,N,100,Parking Stall,,,01,No,,,,,,,,,,,,,,
Property Damage Crashes,GB10340002,Edmonston Police Department,Unknown,Prince George's,Principal Arterial – Other,No,No,No,No,No,KENILWORTH AVE (SB/L),201,MARYLAND ROUTE,No,True,No,1/6/2025,No,Point,38.948370891,-76.929010383,EDMONSTON,99,16,03,No,3,,03:40,2025,Monday,97,Not Applicable,05,On Roadway,3,,,,,,01,Acceleration/Deceleration Lane,03,Dark - Lighted,1/6/2025,2025-01-06,N,6.33,F,N,,,51D623066474028356D5953F506D48CF869C7EE0009FA947C60596C89B8BAF5E,MD,01,No,13,Other Non-Fixed Object,09,Roadside,07,Snow,,,,,,,,
Property Damage Crashes,CE5240002M,Laurel Police Department,"Sideswipe, Opposite Direction",Prince George's,,No,No,No,No,Yes,,,,No,True,No,1/17/2025,No,Point,39.094943430,-76.838049894,LAUREL,06,16,03,,12,,12:09,2025,Friday,15,Parked Vehicle,02,In Parking Lane Or Zone,,,,,,,,,01,Daylight,1/17/2025,2025-01-17,,,F,N,102,Parking Lot Way,,,01,No,,,,,,,,,,,,,,
Property Damage Crashes,DA4343002R,Prince George's County Police,Angle,Prince George's,Local,No,No,No,No,No,CLAXTON ST (NB/L),3154,COUNTY ROAD,No,True,No,3/12/2025,No,Point,39.073499775,-76.855186894,PGCOPD,01,16,03,Yes,8,03,08:38,2025,Wednesday,12,Motor Vehicle In Transport,05,On Roadway,7,Perpendicular,,,CONTEE RD,03,05,Intersection or Related,01,Daylight,3/12/2025,2025-03-12,W,0,F,N,,,495FB24903C6A3549AED799D60EEF9B5F60AA305487B44E806EDA471652D825D,CO,01,No,,,,,01,Dry,01,Signalized,,,,,,
Injury Crashes,DA44280006,Prince George's County Police,Front to Rear,Prince George's,Principal Arterial – Other Freeways and Expressways,No,No,No,No,No,KENILWORTH AVE,201,MARYLAND ROUTE,No,True,No,1/14/2025,No,Point,38.913915875,-76.932826590,PGCOPD,03,16,02,No,5,,05:24,2025,Tuesday,12,Motor Vehicle In Transport,05,On Roadway,2,,,,,,03,Driveway Access or Related,04,Dark - Not Lighted,1/14/2025,2025-01-14,N,3.66,F,N,,,C89FE4C8624414BDC4A9A7C041EF187D118FF4EF300EE422F11E7C0AA4A9893D,MD,01,No,,,,,01,Dry,,,,,,,,
Property Damage Crashes,AM0376002H,Bladensburg Police Department,Other,Prince George's,Local,No,No,No,No,No,51ST ST #1,511,MUNICIPAL ROAD,No,True,No,1/15/2025,No,Point,38.942588542,-76.931384799,BLADENSBURG,98,16,03,No,17,04,17:52,2025,Wednesday,12,Motor Vehicle In Transport,05,On Roadway,7,Perpendicular,,,UPSHUR ST #2,03,05,Intersection or Related,04,Dark - Not Lighted,1/15/2025,2025-01-15,E,0,F,N,,,E830CDD3C997ACCD90334D749B14ECEA4E52408E4D6CF3885353C0424D6BD3FB,MU,01,No,,,,,01,Dry,03,Stop - Partial,,,,,,
Property Damage Crashes,DA4382001W,Prince George's County Police,Front to Rear,Prince George's,Major Collector,No,No,No,No,No,WALKER MILL RD,367,COUNTY ROAD,No,True,No,5/12/2025,No,Point,38.864112819,-76.903553395,PGCOPD,03,16,03,No,17,,17:31,2025,Monday,15,Parked Vehicle,09,Roadside,5,,,,,,06,Non-Junction,01,Daylight,5/12/2025,2025-05-12,E,13.16,F,N,,,B07AFB4ED63EF62F625D43A85DCFA5419E91C7F96AE5139D17BB36C5EC4F7589,CO,01,No,,,,,01,Dry,,,,,,,,
Property Damage Crashes,MSP766500C2,Maryland State Police,Single Vehicle,Prince George's,Interstate,No,No,No,No,No,RAMP 8 FR IS 95X SB TO IS 495 WB,95,RAMP,No,True,No,5/10/2025,No,Point,39.023528748,-76.953017658,MSP,101,16,03,Yes,3,,03:38,2025,Saturday,29,Embankment,09,Roadside,1,,,,,,04,Entrance/Exit Ramp or Related,04,Dark - Not Lighted,5/10/2025,2025-05-10,N,18.45,F,N,,,3263C8BB9560CB9E56F61D112A1E75818D23A0E8B231CEA435C28657B934D60D,RP,01,No,28,Ditch,09,Roadside,01,Dry,,,,,,,,
Property Damage Crashes,CNC31800014,New Carrollton Police Department,Front to Rear,Prince George's,,No,No,No,No,No,,302,COUNTY ROAD,No,True,No,1/11/2025,No,Point,38.959571640,-76.877267868,NCPD,03,16,03,No,14,,14:48,2025,Saturday,12,Motor Vehicle In Transport,05,On Roadway,,,,,,,09,Through Roadway,01,Daylight,1/11/2025,2025-01-11,E,24.58,F,N,,,B4C58AE53089A30FE321C21CAA1B60AEF78F194CEFD339EF94E7188B4A3353AE,CO,01,No,,,,,01,Dry,,,,,,,,
Injury Crashes,MSP78720048,Maryland State Police,Front to Rear,Prince George's,Principal Arterial – Other,No,No,No,No,No,CRAIN HWY,301,UNITED STATE ROUTE,No,True,No,5/12/2025,No,Point,38.755594608,-76.810629091,MSP,03,16,02,No,15,,15:33,2025,Monday,12,Motor Vehicle In Transport,05,On Roadway,3,,,,,,09,Through Roadway,01,Daylight,5/12/2025,2025-05-12,N,32.2,F,N,,,A572B5AD7541EB4726EDF14570094CE1ED997A7B24EC18F417C7FA39757A36F8,US,01,No,12,Motor Vehicle In Transport,05,On Roadway,01,Dry,,,,,,,,
Property Damage Crashes,DA41030098,Prince George's County Police,"Sideswipe, Opposite Direction",Prince George's,,No,No,No,No,Yes,,,,No,True,No,1/15/2025,No,Point,38.881241574,-76.721569216,PGCOPD,06,16,03,,2,,02:51,2025,Wednesday,12,Motor Vehicle In Transport,02,In Parking Lane Or Zone,,,,,,,,,03,Dark - Lighted,1/15/2025,2025-01-15,,,F,N,100,Parking Stall,,,01,No,,,,,,,,,,,,,,
Property Damage Crashes,DA38930035,Prince George's County Police,Single Vehicle,Prince George's,Local,No,No,No,No,No,N LINCOLN AVE,1881,COUNTY ROAD,No,True,No,5/31/2025,No,Point,39.052478,-76.9168532,PGCOPD,101,16,03,No,18,,18:08,2025,Saturday,34,Mailbox,07,"On Shoulder, Right Side",7,,,,,,06,Non-Junction,01,Daylight,5/31/2025,2025-05-31,S,3.65,F,N,,,A7A7478BEA092B730BF2412752CCCF1A0BDB73418902712C9427E3204E09C4B7,CO,01,No,,,,,01,Dry,,,,,,,,
Property Damage Crashes,DJ0178001M,Seat Pleasant Police Department,Front to Rear,Prince George's,,No,No,No,No,Yes,,,,No,True,No,3/20/2025,No,Point,38.894714877,-76.910645696,SEATPLEASANT,03,16,03,,18,,18:30,2025,Thursday,12,Motor Vehicle In Transport,04,"Off-Roadway, Location Unknown",,,,,,,,,01,Daylight,3/20/2025,2025-03-20,,,F,N,102,Parking Lot Way,,,01,No,15,Parked Vehicle,04,"Off-Roadway, Location Unknown",,,,,,,,,,
Property Damage Crashes,CBPD01170086,Bowie Police Department,"Sideswipe, Same Direction",Prince George's,,No,No,No,No,Yes,,,,No,True,No,4/22/2025,No,Point,38.989005897,-76.751645683,BOWIE,07,16,03,,9,,09:15,2025,Tuesday,12,Motor Vehicle In Transport,02,In Parking Lane Or Zone,,,,,,,,,01,Daylight,4/22/2025,2025-04-22,,,F,N,102,Parking Lot Way,,,01,No,,,,,,,,,,,,,,
Injury Crashes,DA3726009S,Prince George's County Police,Front to Front,Prince George's,,No,No,No,No,No,GOOD LUCK RD (WB/L),42,COUNTY ROAD,No,True,No,1/24/2025,No,Point,38.972427202,-76.895778860,PGCOPD,02,16,02,No,17,,17:34,2025,Friday,12,Motor Vehicle In Transport,05,On Roadway,,,,,,,06,Non-Junction,03,Dark - Lighted,1/24/2025,2025-01-24,W,34.89,F,N,,,1C95C5662463121550D63AAC811D5AEEDD283A2DB901DF876296D39F6312A02F,CO,01,No,,,,,01,Dry,,,,,,,,
Property Damage Crashes,DA4251006R,Prince George's County Police,Single Vehicle,Prince George's,Major Collector,No,No,No,No,No,CIPRIANO RD,28,COUNTY ROAD,No,True,No,3/22/2025,No,Point,38.984945056,-76.854553221,PGCOPD,101,16,03,Yes,5,,05:40,2025,Saturday,13,Other Non-Fixed Object,09,Roadside,5,,,,,,09,Through Roadway,03,Dark - Lighted,3/22/2025,2025-03-22,N,33.48,F,N,,,BF98B099F8824A8A6104D940A316E40A089E317E653D2D3212BCFAF0DA40BD20,CO,01,No,,,,,01,Dry,,,,,,,,
Injury Crashes,DJ0182002R,Seat Pleasant Police Department,Front to Rear,Prince George's,Principal Arterial – Other,No,Yes,No,No,No,CENTRAL AVE (WB/L),214,MARYLAND ROUTE,No,True,No,5/15/2025,No,Point,38.886959968,-76.897924147,SEATPLEASANT,03,16,02,No,11,,11:55,2025,Thursday,12,Motor Vehicle In Transport,05,On Roadway,3,,,,,,06,Non-Junction,01,Daylight,5/15/2025,2025-05-15,S,16.14,F,N,,,957A79253318A101B8FF4006700DD244ED625DF46EB3745184E9FED2DD385707,MD,01,No,,,,,01,Dry,,,,,,,,
Property Damage Crashes,MSP7764007K,Maryland State Police,Single Vehicle,Prince George's,Principal Arterial – Other Freeways and Expressways,No,No,No,No,No,RAMP 7 FR US 50 WB TO MD 201 SB,50,RAMP,No,True,No,2/15/2025,No,Point,38.91945185,-76.934260017,MSP,101,16,03,No,5,,05:57,2025,Saturday,32,Guardrail Face,06,"On Shoulder, Left Side",2,,101,State,,,04,Entrance/Exit Ramp or Related,03,Dark - Lighted,2/15/2025,2025-02-15,E,48.36,F,N,,,E1154776301D8EE866CA60934BC4A67D9D0D82BB01E85C7AAB0E8F89FE3009C6,RP,01,No,,,,,01,Dry,,,,,,,,
Injury Crashes,DA43280033,Prince George's County Police,Angle,Prince George's,,No,No,No,No,No,ALLENTOWN RD (SB/L),126,COUNTY ROAD,No,True,No,1/15/2025,No,Point,38.751587279,-76.971824388,PGCOPD,01,16,02,No,17,,17:59,2025,Wednesday,12,Motor Vehicle In Transport,05,On Roadway,,,,,,,06,Non-Junction,04,Dark - Not Lighted,1/15/2025,2025-01-15,E,46.6,F,N,,,4E0A92657843E0339855337B9F383897BDEB71400C6C4F701ABA5C7D3A99828B,CO,01,No,,,,,01,Dry,,,,,,,,
Property Damage Crashes,DA4409000T,Prince George's County Police,"Sideswipe, Same Direction",Prince George's,Local,No,No,No,No,No,MACBETH ST,898,COUNTY ROAD,No,True,No,5/11/2025,No,Point,38.934361740,-76.924482090,PGCOPD,07,16,03,No,12,,12:55,2025,Sunday,12,Motor Vehicle In Transport,05,On Roadway,7,,,,,,06,Non-Junction,01,Daylight,5/11/2025,2025-05-11,E,0.92,F,N,,,1162E21351AAD4D119699FD68824F2679802291CEB0118CF8ED93BDFE4242A08,CO,01,No,,,,,01,Dry,,,,,,,,
Property Damage Crashes,CE45870084,Laurel Police Department,"Sideswipe, Same Direction",Prince George's,Principal Arterial – Other,No,No,No,No,No,SECOND ST,1,UNITED STATE ROUTE,No,True,No,2/14/2025,No,Point,39.097699861,-76.848526971,LAUREL,07,16,03,Yes,20,02,20:00,2025,Friday,12,Motor Vehicle In Transport,05,On Roadway,3,Perpendicular,,,FORT MEADE RD,03,05,Intersection or Related,03,Dark - Lighted,2/14/2025,2025-02-14,W,0,F,N,,,F04ACAB06680D6B94EB2303676014B35878CBD1C03296AF97D71B8AD249D6BB5,US,01,No,,,,,01,Dry,01,Signalized,,,,,,
Property Damage Crashes,MSP7776006D,Maryland State Police,Angle,Prince George's,Principal Arterial – Other,No,No,No,No,No,BALTIMORE AVE,1,UNITED STATE ROUTE,No,True,No,5/11/2025,No,Point,39.086845284,-76.860687274,MSP,01,16,03,No,12,,12:36,2025,Sunday,12,Motor Vehicle In Transport,05,On Roadway,3,,,,,,06,Non-Junction,01,Daylight,5/11/2025,2025-05-11,S,15.5,F,N,,,9A603B92FF47A6450C64A23C45B63A2D037ABF0A68BA856633C07967354A07E1,US,01,No,,,,,01,Dry,,,,,,,,
Property Damage Crashes,AM03910026,Bladensburg Police Department,Front to Rear,Prince George's,Local,No,No,No,No,No,UPSHUR ST,150,MUNICIPAL ROAD,No,True,No,5/7/2025,No,Point,38.940884958,-76.940873386,BLADENSBURG,03,16,03,No,22,,22:00,2025,Wednesday,12,Motor Vehicle In Transport,05,On Roadway,7,,,,,,09,Through Roadway,04,Dark - Not Lighted,5/7/2025,2025-05-07,N,74.84,F,N,,,675CA2BEBF3871CEAC280D48278A9A96EE45DA21B6F5ADEC4A205268977C1ED5,MU,01,No,,,,,01,Dry,,,,,,,,
Injury Crashes,MSP7764008H,Maryland State Police,Front to Rear,Prince George's,Interstate,No,No,No,No,No,NO NAME,95,INTERSTATE ROUTE,No,True,No,4/7/2025,No,Point,39.044398224,-76.933534259,MSP,03,16,02,No,11,,11:40,2025,Monday,12,Motor Vehicle In Transport,05,On Roadway,1,,101,State,,,06,Non-Junction,01,Daylight,4/7/2025,2025-04-07,W,12.91,F,N,,,D840F5CDCA2500C0B34A3A7309A402963E67294BE5361A85DCBFF400609CDC05,IS,01,No,,,,,09,Wet,,,,,,,,
Property Damage Crashes,MSP7839004D,Maryland State Police,Single Vehicle,Prince George's,Principal Arterial – Other,No,No,No,No,No,CRAIN HWY (SB/L),301,UNITED STATE ROUTE,No,True,No,4/19/2025,No,Point,38.851636667,-76.726351667,MSP,101,16,03,No,16,,16:54,2025,Saturday,13,Other Non-Fixed Object,05,On Roadway,3,,,,,,06,Non-Junction,01,Daylight,4/19/2025,2025-04-19,N,48.36,F,N,,,3503C5BFBEC765B6B5FB6CED3FFC9FB1028ECBA9AE1575E36C49BD98C69A4B1D,US,01,No,,,,,01,Dry,,,,,,,,
Property Damage Crashes,DA44350004,Prince George's County Police,"Sideswipe, Same Direction",Prince George's,Major Collector,No,No,No,No,No,COOPER LA,332,COUNTY ROAD,No,True,No,4/27/2025,No,Point,38.938950713,-76.900972384,PGCOPD,07,16,03,No,6,,06:30,2025,Sunday,15,Parked Vehicle,07,"On Shoulder, Right Side",5,,,,,,06,Non-Junction,01,Daylight,4/27/2025,2025-04-27,S,11.96,F,N,,,0CCC9CBCA5E6C676BA680A3A9A4C7EA65EA20C5591E3AE8E3AA06BC85F9725D5,CO,01,No,,,,,01,Dry,,,,,,,,