Crash Severity Description,Reportnumber,Agencyname,CollisionImpact Description,Crash County Description,FunctionalClass Description,ImpairedCrash,Large Vehicle Involved,Motorcycle Crash,Non-Motorist Crash,OffRoad,RoadName,Route Number,RouteType Description,Unrestrained Occupants,WithinDateRange,Work Zone Related,Crashdate,Work Zone Crash,CrashPoint,Latitude,Longitude,AgencyCode,CollisionImpact,Crash County,Crash Severity,Crash Within Interchange,Crashhour,CrashInterchangeApproaches,Crashtime,CrashYear,Dayofweek,FirstHarmEvent,FirstHarmEvent Description,FirstHarmLocation,FirstHarmLocation Description,FunctionalClass,Geometry Description,GovPropertyDamage,GovPropertyDamage Description,IntersectingRoadName,Intersection Geometry,JunctionRelated,JunctionRelated Description,Light,Light Description,LOD Crash Date,LOD Date Level,MilepointDirection,MilepointDistance,MilepointUnits,NonTrafficFatal,OffroadLocation,OffroadLocation Description,RoadID,RouteType,SchoolBusRelated,SchoolBusRelated Description,SecondHarmEvent,SecondHarmEvent Description,SecondHarmLocation,SecondHarmLocation Description,Surface,Surface Description,TrafficControl,Trafficcontrol Description,WZLawEnforcementPresent,WZLocation,WZLocation Description,WZType,WZType Description,WZWorkersPresent
Injury Crashes,MSP744700PP,Maryland State Police,Front to Rear,Prince George's,Interstate,No,Yes,No,No,No,CAPITAL BELTWAY (SB/L),95,INTERSTATE ROUTE,No,True,No,5/28/2025,No,Point,38.818725622,-76.932032721,MSP,03,16,02,No,6,,06:10,2025,Wednesday,12,Motor Vehicle In Transport,05,On Roadway,1,,,,,,06,Non-Junction,01,Daylight,5/28/2025,2025-05-28,S,37.26,F,N,,,A7EC2952DFC46DDD457E0431365AA6443FC3CCA59926B2BB8960BD03B7D7B277,IS,01,No,,,,,09,Wet,,,,,,,,
Property Damage Crashes,DA3522009V,Prince George's County Police,"Sideswipe, Same Direction",Prince George's,,No,No,No,No,Yes,,,,No,True,No,2/14/2025,No,Point,38.968709609,-76.999494381,PGCOPD,07,16,03,,10,,10:30,2025,Friday,15,Parked Vehicle,02,In Parking Lane Or Zone,,,,,,,,,01,Daylight,2/14/2025,2025-02-14,,,F,N,100,Parking Stall,,,01,No,,,,,,,,,,,,,,
Property Damage Crashes,DA3088007F,Prince George's County Police,"Sideswipe, Same Direction",Prince George's,Minor Collector,No,No,No,No,No,OLD BRANCH AVE,3675,COUNTY ROAD,No,True,No,3/6/2025,No,Point,38.803882973,-76.907131150,PGCOPD,07,16,03,No,12,,12:08,2025,Thursday,12,Motor Vehicle In Transport,05,On Roadway,6,,,,ALLENTOWN RD (SB/L),,06,Non-Junction,01,Daylight,3/6/2025,2025-03-06,E,16.7,F,N,,,3565E0BEE50DC114347AE127ABEBB5B05AC4AC480AA05B2F16DBFF475261D260,CO,01,No,,,,,01,Dry,,,,,,,,
Property Damage Crashes,DA4370001J,Prince George's County Police,Front to Rear,Prince George's,Minor Arterial,No,No,No,No,No,HARRY S TRUMAN DR (SB/L),3465,COUNTY ROAD,Yes,True,No,2/19/2025,No,Point,38.892018124,-76.838055036,PGCOPD,03,16,03,No,17,,17:20,2025,Wednesday,12,Motor Vehicle In Transport,05,On Roadway,4,,,,HARRY S TRUMAN DR (SB/L),,06,Non-Junction,01,Daylight,2/19/2025,2025-02-19,W,26.26,F,N,,,F6BE1232ED745B86250BEAB9CD607CDE4C9923C11C84260D8E303B7F7FF77A3F,CO,01,No,,,,,01,Dry,,,,,,,,
Injury Crashes,MSP7773000X,Maryland State Police,Single Vehicle,Prince George's,Interstate,No,No,No,No,No,JOHN HANSON HWY (WB/L),595,INTERSTATE ROUTE,No,True,No,1/29/2025,No,Point,38.946943715,-76.820524846,MSP,101,16,02,No,18,,18:55,2025,Wednesday,32,Guardrail Face,03,Median,1,,,,,,06,Non-Junction,04,Dark - Not Lighted,1/29/2025,2025-01-29,E,33.52,F,N,,,85CFE9664AB249F3D3320EEA1EC6FFFCDE38E9D920AD0582EA6984588A9B3A83,IS,01,No,,,,,01,Dry,,,,,,,,
Property Damage Crashes,DA4415000C,Prince George's County Police,Front to Rear,Prince George's,Local,No,No,No,No,No,52ND AVE,769,MARYLAND ROUTE,No,True,No,2/16/2025,No,Point,38.929470399,-76.931082004,PGCOPD,03,16,03,No,18,04,18:29,2025,Sunday,12,Motor Vehicle In Transport,05,On Roadway,7,Perpendicular,,,KENILWORTH AVE,03,05,Intersection or Related,04,Dark - Not Lighted,2/16/2025,2025-02-16,N,0,F,N,,,4DCFBD5AE932C1CFE418A3FD6625CCC54AD941B20EA5348B56215D6E6543F22C,MD,01,No,12,Motor Vehicle In Transport,05,On Roadway,01,Dry,01,Signalized,,,,,,
Property Damage Crashes,CC0299001G,Hyattsville Police Department,Single Vehicle,Prince George's,Major Collector,No,No,No,No,No,AGER RD,1599,COUNTY ROAD,No,True,No,4/6/2025,No,Point,38.956315948,-76.966491860,HYATTSVILLE,101,16,03,No,5,,05:21,2025,Sunday,27,Curb,03,Median,5,,,,,,06,Non-Junction,03,Dark - Lighted,4/6/2025,2025-04-06,S,22.89,F,N,,,FEED62B90F9627B3B9A3D0C839557953FDA584C210F2BF804B395C6A48035591,CO,01,No,,,,,01,Dry,,,,,,,,
Property Damage Crashes,MSP7843002Z,Maryland State Police,Single Vehicle,Prince George's,Principal Arterial – Other,No,No,No,No,No,BALTIMORE AVE (SB/L),1,UNITED STATE ROUTE,No,True,No,4/27/2025,No,Point,39.020074693,-76.926040635,MSP,101,16,03,No,3,,03:54,2025,Sunday,32,Guardrail Face,07,"On Shoulder, Right Side",3,,101,State,,,06,Non-Junction,03,Dark - Lighted,4/27/2025,2025-04-27,N,19.8,F,N,,,7DAA72A91F793C0060E7812FEEE5A93C37095E4B6CF8E3B1A8395F46DAF43EEB,US,01,No,,,,,01,Dry,,,,,,,,
Property Damage Crashes,DA411200CN,Prince George's County Police,Front to Rear,Prince George's,,No,Yes,No,No,No,MARLBORO PIKE (NB/L),3074,COUNTY ROAD,Yes,True,No,2/24/2025,No,Point,38.864288799,-76.914827129,PGCOPD,03,16,03,No,9,,09:15,2025,Monday,12,Motor Vehicle In Transport,05,On Roadway,,,,,,,06,Non-Junction,01,Daylight,2/24/2025,2025-02-24,W,43.98,F,N,,,110B603648D5E1B13EEA603814314E4592CF79234C6725D8E75A49FFD857F2DB,CO,02,"Yes, School Bus Directly Involved",,,,,01,Dry,,,,,,,,
Property Damage Crashes,DA3397004W,Prince George's County Police,Single Vehicle,Prince George's,Local,No,No,No,No,No,SHERWOOD DR,2157,COUNTY ROAD,No,True,No,4/14/2025,No,Point,38.793434002,-76.843939737,PGCOPD,101,16,03,No,19,,19:51,2025,Monday,34,Mailbox,05,On Roadway,7,,100,Local,,,09,Through Roadway,101,Dusk,4/14/2025,2025-04-14,W,25.57,F,N,,,FB16F32C59A466B89D5156BF2B0E22E74A740DFE2889B26723577173A1AC9736,CO,01,No,,,,,01,Dry,,,,,,,,
Property Damage Crashes,MSP745800PL,Maryland State Police,"Sideswipe, Opposite Direction",Prince George's,,No,No,No,No,No,,5,MARYLAND ROUTE,No,True,No,2/15/2025,No,Point,38.662693241,-76.873939660,MSP,06,16,03,No,5,,05:05,2025,Saturday,12,Motor Vehicle In Transport,05,On Roadway,,,,,,,01,Acceleration/Deceleration Lane,03,Dark - Lighted,2/15/2025,2025-02-15,W,35.1,F,N,,,D878773ABAFFD5D326C53C7841F8BF0B33916049DFF3D07748587478E4A842A4,MD,01,No,,,,,01,Dry,,,,,,,,
Property Damage Crashes,MSP757700HT,Maryland State Police,Front to Rear,Prince George's,Interstate,No,No,No,No,No,JOHN HANSON HWY,595,INTERSTATE ROUTE,No,True,No,2/24/2025,No,Point,38.944826043,-76.802871667,MSP,03,16,03,No,7,,07:30,2025,Monday,12,Motor Vehicle In Transport,05,On Roadway,1,,,,,,09,Through Roadway,01,Daylight,2/24/2025,2025-02-24,N,23.47,F,N,,,18FE20BF948D4712797DCBFC35AF9910C8B7CF4D80956AFF94649B6E835BC682,IS,01,No,97,Not Applicable,,,01,Dry,,,,,,,,
Property Damage Crashes,DA3729009H,Prince George's County Police,"Sideswipe, Opposite Direction",Prince George's,Major Collector,No,No,No,No,No,CROOM RD,382,MARYLAND ROUTE,No,True,No,5/12/2025,No,Point,38.6203639,-76.7473182,PGCOPD,06,16,03,No,12,,12:07,2025,Monday,12,Motor Vehicle In Transport,05,On Roadway,5,,,,,,06,Non-Junction,01,Daylight,5/12/2025,2025-05-12,S,31.94,F,N,,,58936A5275D1EF7269D6F723F6F52BFB200A40B099610C3EF1BC7B7CBA3FCC08,MD,01,No,,,,,01,Dry,,,,,,,,
Injury Crashes,CE464300CX,Laurel Police Department,Angle,Prince George's,Principal Arterial – Other,No,No,No,No,No,TALBOTT AVE (WB/L),198,MARYLAND ROUTE,No,True,No,1/31/2025,No,Point,39.099565742,-76.848568248,LAUREL,01,16,02,No,22,02,22:59,2025,Friday,12,Motor Vehicle In Transport,05,On Roadway,3,Perpendicular,,,WASHINGTON BLVD (SB/L),03,05,Intersection or Related,03,Dark - Lighted,1/31/2025,2025-01-31,E,0,F,N,,,C18DE184DC3258618AD18D530E7FCD6394261A3B4A7F4EC6DA8185A48B9292D2,MD,01,No,12,Motor Vehicle In Transport,05,On Roadway,09,Wet,01,Signalized,,,,,,
Property Damage Crashes,DA4055006W,Prince George's County Police,Front to Rear,Prince George's,Interstate,No,No,No,No,No,CAPITAL BELTWAY (SB/L),95,INTERSTATE ROUTE,No,True,No,3/28/2025,No,Point,38.896705479,-76.849048787,PGCOPD,03,16,03,No,14,,14:49,2025,Friday,12,Motor Vehicle In Transport,05,On Roadway,1,,,,,,06,Non-Junction,01,Daylight,3/28/2025,2025-03-28,S,3.97,F,N,,,0EDE98D9D3C8F7F5758FF2E13513BC8682E0FD3FF60FC465D12DBA2A9984EE21,IS,01,No,12,Motor Vehicle In Transport,05,On Roadway,01,Dry,,,,,,,,
Property Damage Crashes,BE0109001Q,District Heights Police Department,Rear To Side,Prince George's,Major Collector,No,No,No,No,No,REGENCY PKWY,5791,COUNTY ROAD,No,True,No,4/2/2025,No,Point,38.854570991,-76.899253467,DISTHEIGHTS,05,16,03,Yes,11,02,11:52,2025,Wednesday,12,Motor Vehicle In Transport,05,On Roadway,5,Perpendicular,,,COUNTY RD GATEWAY BLVD MARLBORO PIKE MARLBORO PIKE (NB/L),03,05,Intersection or Related,01,Daylight,4/2/2025,2025-04-02,S,0,F,N,,,E5D62225F3A00D5DFC35A6289802DD7CAB19D103E534405B09DBD56C6E34E0E4,CO,01,No,12,Motor Vehicle In Transport,05,On Roadway,01,Dry,01,Signalized,,,,,,
Injury Crashes,MSP6931014P,Maryland State Police,"Sideswipe, Same Direction",Prince George's,Principal Arterial – Other,No,No,No,Yes,No,BRANCH AVE (SB/L),5,MARYLAND ROUTE,Yes,True,No,5/3/2025,No,Point,38.741815816,-76.879010127,MSP,07,16,02,No,4,,04:29,2025,Saturday,12,Motor Vehicle In Transport,05,On Roadway,3,,101,State,,,06,Non-Junction,04,Dark - Not Lighted,5/3/2025,2025-05-03,N,14.71,F,N,,,EECCC2C92946D894D81EBB6783922A9116851E8F00AF2C02C7464D483A23C1BD,MD,01,No,17,Pedestrian,05,On Roadway,01,Dry,,,,,,,,
Property Damage Crashes,MSP7408006N,Maryland State Police,Single Vehicle,Prince George's,,Yes,No,No,No,No,,5,MARYLAND ROUTE,No,True,No,1/2/2025,No,Point,38.690722115,-76.871382542,MSP,101,16,03,No,1,,01:34,2025,Thursday,28,Ditch,09,Roadside,,,,,,,09,Through Roadway,04,Dark - Not Lighted,1/2/2025,2025-01-02,S,239.72,F,N,,,49BD5B3E666A2805CE0077E0A003CAD19FB9DA29E96540AB492880BCE4D3877D,MD,01,No,,,,,01,Dry,,,,,,,,
Property Damage Crashes,MSP7664008K,Maryland State Police,Front to Rear,Prince George's,,No,No,No,No,No,,103,SPUR,No,True,No,1/28/2025,No,Point,38.903072155,-76.742796998,MSP,03,16,03,No,15,,15:50,2025,Tuesday,12,Motor Vehicle In Transport,05,On Roadway,,,,,,,09,Through Roadway,01,Daylight,1/28/2025,2025-01-28,E,10.32,F,N,,,C597AED6FF2A830536903504583F048129EC9B551139CC2BA795D743D880E30A,SP,01,No,,,,,01,Dry,,,,,,,,
Property Damage Crashes,MSP7776005K,Maryland State Police,Front to Rear,Prince George's,Principal Arterial – Other Freeways and Expressways,No,No,No,No,No,JOHN HANSON HWY,50,UNITED STATE ROUTE,No,True,No,3/24/2025,No,Point,38.917615,-76.927955,MSP,03,16,03,Yes,12,,12:59,2025,Monday,12,Motor Vehicle In Transport,05,On Roadway,2,,,,,,04,Entrance/Exit Ramp or Related,01,Daylight,3/24/2025,2025-03-24,N,32.75,F,N,,,94B7A09771289F6B3A9F205426D5CD81C2576B0617EF7ABC38F5D5CEE11B2F07,US,01,No,,,,,09,Wet,,,,,,,,
Property Damage Crashes,DA4399000V,Prince George's County Police,Front to Rear,Prince George's,Minor Arterial,No,No,No,No,No,RIGGS RD (SB/L),212,MARYLAND ROUTE,No,True,No,1/30/2025,No,Point,38.990287481,-76.973649671,PGCOPD,03,16,03,No,18,,18:54,2025,Thursday,12,Motor Vehicle In Transport,05,On Roadway,4,,,,,,06,Non-Junction,03,Dark - Lighted,1/30/2025,2025-01-30,N,16.24,F,N,,,F9335C749F9A374420B0E23B83F240C94E753E191A8F3F94B56AD0335D7D6DFD,MD,01,No,,,,,01,Dry,,,,,,,,
Property Damage Crashes,DA345600DY,Prince George's County Police,"Sideswipe, Same Direction",Prince George's,Local,No,No,No,No,No,15TH AVE,2760,COUNTY ROAD,No,True,No,2/18/2025,No,Point,38.985653000,-76.981071394,PGCOPD,07,16,03,No,0,,00:23,2025,Tuesday,12,Motor Vehicle In Transport,05,On Roadway,7,,,,,,06,Non-Junction,03,Dark - Lighted,2/18/2025,2025-02-18,N,74.77,F,N,,,CB11CA54953285905186062B5AEBC8B7EDB3EF27FC83245FBD5F6E7A63DF3544,CO,01,No,,,,,01,Dry,,,,,,,,
Property Damage Crashes,CBPD01170074,Bowie Police Department,Front to Rear,Prince George's,,No,No,No,No,No,,154,BIKE ROUTE,No,True,No,1/23/2025,No,Point,38.943016176,-76.724446544,BOWIE,03,16,03,No,7,,07:01,2025,Thursday,12,Motor Vehicle In Transport,05,On Roadway,,,,,ELDER OAKS BLVD (WB/L),,06,Non-Junction,01,Daylight,1/23/2025,2025-01-23,W,74.38,F,N,,,D6DD2F1C71F539D9485D5A7760D1E8A9CE6F4D638E2583865EB05BFD32CEE688,BK,01,No,,,,,01,Dry,,,,,,,,
Injury Crashes,MSP745000JJ,Maryland State Police,"Sideswipe, Same Direction",Prince George's,Interstate,No,Yes,No,No,No,CAPITAL BELTWAY,95,INTERSTATE ROUTE,No,True,No,4/4/2025,No,Point,39.018643020,-76.919899539,MSP,07,16,02,No,20,,20:16,2025,Friday,12,Motor Vehicle In Transport,05,On Roadway,1,,,,,,09,Through Roadway,101,Dusk,4/4/2025,2025-04-04,W,15.4,F,N,,,7900B2DC9069F9DBB41B34716EB8691461CFDBC68C746BC5C1624EC51BDB9FB2,IS,01,No,97,Not Applicable,,,01,Dry,,,,,,,,
Property Damage Crashes,DA4243009F,Prince George's County Police,Single Vehicle,Prince George's,Minor Collector,No,No,No,No,No,VILLAGE DR W (WB/L),3199,COUNTY ROAD,No,True,No,1/10/2025,No,Point,38.840944312,-76.727119702,PGCOPD,101,16,03,No,22,,22:02,2025,Friday,36,"Other Post, Pole, Or Support",04,"Off-Roadway, Location Unknown",6,,,,,,09,Through Roadway,04,Dark - Not Lighted,1/10/2025,2025-01-10,S,23.68,F,N,,,034F3C3AA4C77D6E7CC148A4BF13682C98F7585894840ED0F95FC5F7C3D7BD7F,CO,01,No,,,,,02,Ice/Frost,,,,,,,,
Property Damage Crashes,MSP7839002J,Maryland State Police,Front to Rear,Prince George's,Principal Arterial – Other,No,No,No,No,No,BRANCH AVE (SB/L),5,MARYLAND ROUTE,No,True,No,2/21/2025,No,Point,38.708188114,-76.878038181,MSP,03,16,03,No,11,,11:01,2025,Friday,12,Motor Vehicle In Transport,05,On Roadway,3,,101,State,,,06,Non-Junction,01,Daylight,2/21/2025,2025-02-21,N,15.06,F,N,,,76243EE5C29386AC32C7E27855E1238C567FF81FF18390977835AA78717525EE,MD,01,No,,,,,01,Dry,,,,,,,,
Property Damage Crashes,CP0167000H,Mount Rainier Police Department,"Sideswipe, Same Direction",Prince George's,,No,Yes,No,No,No,,894,CROSSOVER,No,True,No,3/17/2025,No,Point,38.936593780,-76.960663770,MTRAINIER,07,16,03,No,10,,10:46,2025,Monday,12,Motor Vehicle In Transport,05,On Roadway,,,,,RHODE ISLAND AVE (SB/L),,09,Through Roadway,01,Daylight,3/17/2025,2025-03-17,E,5.95,F,N,,,11F29D66ED99597C738EC7F52E27A5A5974EFB598E39014E8688A9064DF2242E,XO,01,No,12,Motor Vehicle In Transport,05,On Roadway,01,Dry,,,,,,,,
Property Damage Crashes,AM0388002M,Bladensburg Police Department,Other,Prince George's,Principal Arterial – Other,No,No,No,No,No,,450,MARYLAND ROUTE,No,True,No,1/31/2025,No,Point,38.939354527,-76.936126864,BLADENSBURG,98,16,03,Yes,21,04,21:44,2025,Friday,12,Motor Vehicle In Transport,01,Gore,3,Perpendicular,,,48TH ST,03,05,Intersection or Related,03,Dark - Lighted,1/31/2025,2025-01-31,S,0,F,N,,,A0ACD4928713C0DE69E2A11008217D3424013CA9EFB22AF5FA035320C3B0F050,MD,01,No,,,,,09,Wet,01,Signalized,,,,,,
Property Damage Crashes,AZ1717003P,Cheverly Police Department,Single Vehicle,Prince George's,Major Collector,No,No,No,No,No,COLUMBIA PARK RD,3668,COUNTY ROAD,No,True,No,3/28/2025,No,Point,38.917518206,-76.915383585,CHEVERLY,101,16,03,Yes,17,,17:25,2025,Friday,38,Traffic Sign Support,10,Separator/Traffic Island,5,,101,State,RAMP 2 FR COLUMBIA PK RD NB TO US 50 EB,,09,Through Roadway,01,Daylight,3/28/2025,2025-03-28,S,13.38,F,N,,,8BECCDC0C57437EE333676C3E03A37DCB9CB584FFC05BB9BB3F288346F485661,CO,01,No,,,,,01,Dry,,,,,,,,
Property Damage Crashes,MSP7782005C,Maryland State Police,"Sideswipe, Same Direction",Prince George's,Interstate,No,No,No,No,No,RAMP 9 FR MD 414 TO RAMP 4 (TO IS 95 NB),95,RAMP,No,True,No,1/4/2025,No,Point,38.804066565,-76.995543548,MSP,07,16,03,No,16,,16:16,2025,Saturday,12,Motor Vehicle In Transport,05,On Roadway,1,,,,,,04,Entrance/Exit Ramp or Related,01,Daylight,1/4/2025,2025-01-04,W,108.33,F,N,,,4DD35853CACED90CAEEB7DE87DEECD9F5FBEEF05A37D45273924AEFF68B70914,RP,01,No,,,,,01,Dry,,,,,,,,
Property Damage Crashes,BW0219000Y,Greenbelt Police Department,Front to Rear,Prince George's,Principal Arterial – Other,No,No,No,No,No,GREENBELT RD,193,MARYLAND ROUTE,Yes,True,No,3/11/2025,No,Point,38.994039550,-76.876351687,GREENBELT,03,16,03,Yes,8,,08:40,2025,Tuesday,12,Motor Vehicle In Transport,05,On Roadway,3,,,,,,01,Acceleration/Deceleration Lane,01,Daylight,3/11/2025,2025-03-11,W,5.84,F,N,,,D6F97CC13274DEBF735586482C1DDFFE35B31CDF43E63E75F14B5923AA22A16D,MD,01,No,,,,,01,Dry,,,,,,,,
Property Damage Crashes,DA29630016,Prince George's County Police,Front to Rear,Prince George's,Local,No,No,No,No,No,FRONTIER CT,4557,COUNTY ROAD,No,True,No,1/1/2025,No,Point,38.743964651,-76.971744353,PGCOPD,03,16,03,No,1,,01:30,2025,Wednesday,12,Motor Vehicle In Transport,09,Roadside,7,,100,Local,,,06,Non-Junction,03,Dark - Lighted,1/1/2025,2025-01-01,W,35.96,F,N,,,21225EBBF3204EA1EC555D7E33BC63B9404851A9F64910C89CE61C6D1969A330,CO,01,No,97,Not Applicable,,,09,Wet,,,,,,,,
Property Damage Crashes,DJ01840017,Seat Pleasant Police Department,Front to Front,Prince George's,Major Collector,No,No,No,No,No,SEAT PLEASANT DR,200,MUNICIPAL ROAD,No,True,No,5/1/2025,No,Point,38.896486688,-76.903358386,SEATPLEASANT,02,16,03,No,16,,16:36,2025,Thursday,12,Motor Vehicle In Transport,05,On Roadway,5,,,,,,06,Non-Junction,01,Daylight,5/1/2025,2025-05-01,N,107.2,F,N,,,B561870A5DA092AE337CCE07009B3D1F546E2B86A296368D4B4754E89F17EE4B,MU,01,No,,,,,01,Dry,,,,,,,,
Property Damage Crashes,DA1913003G,Prince George's County Police,"Sideswipe, Same Direction",Prince George's,Major Collector,No,No,No,No,No,THRIFT RD,145,COUNTY ROAD,No,True,No,5/29/2025,No,Point,38.739658,-76.9071024,PGCOPD,07,16,03,No,18,,18:49,2025,Thursday,12,Motor Vehicle In Transport,05,On Roadway,5,,,,,,06,Non-Junction,01,Daylight,5/29/2025,2025-05-29,N,34.1,F,N,,,C97B1AE217ECD6E13824DBEA04B7E58DA0849D4776CB148479281249A8C17AD0,CO,01,No,,,,,01,Dry,,,,,,,,
Property Damage Crashes,DA32150055,Prince George's County Police,Front to Rear,Prince George's,Minor Arterial,No,No,No,No,No,SHERIFF RD,75,COUNTY ROAD,No,True,No,3/13/2025,No,Point,38.909938051,-76.890607696,PGCOPD,03,16,03,No,7,,07:30,2025,Thursday,12,Motor Vehicle In Transport,05,On Roadway,4,,,,,,06,Non-Junction,100,Dawn,3/13/2025,2025-03-13,S,32.65,F,N,,,282B8E7F01AD5AB532B891C746480FDD3021C4A4A9B5CF47FD913DE3B5A50530,CO,01,No,,,,,01,Dry,,,,,,,,
Property Damage Crashes,CE4914009K,Laurel Police Department,Angle,Prince George's,,No,No,No,No,Yes,,,,No,True,No,4/17/2025,No,Point,39.096893705,-76.848720474,LAUREL,01,16,03,,16,,16:11,2025,Thursday,12,Motor Vehicle In Transport,02,In Parking Lane Or Zone,,,,,,,,,01,Daylight,4/17/2025,2025-04-17,,,F,N,102,Parking Lot Way,,,01,No,,,,,,,,,,,,,,
Property Damage Crashes,DA309400BY,Prince George's County Police,Single Vehicle,Prince George's,Major Collector,No,Yes,No,No,No,WOODYARD RD (SB/L),223,MARYLAND ROUTE,No,True,No,3/28/2025,No,Point,38.815219562,-76.825033980,PGCOPD,101,16,03,Yes,14,,14:30,2025,Friday,05,Jackknife,05,On Roadway,5,,,,,,09,Through Roadway,01,Daylight,3/28/2025,2025-03-28,N,41.71,F,N,,,93EFAAAD93865606C2A80BBCE5ACF7B9112076F590FF0AC1AD8EE146054BD6B4,MD,01,No,,,,,01,Dry,,,,,,,,
Property Damage Crashes,DA4356002X,Prince George's County Police,Front to Rear,Prince George's,Principal Arterial – Other,No,No,No,No,No,PENNSYLVANIA AVE,4,MARYLAND ROUTE,No,True,No,2/5/2025,No,Point,38.843054332,-76.881870644,PGCOPD,03,16,03,No,5,,05:40,2025,Wednesday,12,Motor Vehicle In Transport,05,On Roadway,3,,,,,,06,Non-Junction,04,Dark - Not Lighted,2/5/2025,2025-02-05,W,14.49,F,N,,,ABE000FD2BC555EA756ECDDE19A957072F9F78BC3F3957B3D237E78C7DC16D96,MD,01,No,,,,,01,Dry,,,,,,,,
Injury Crashes,DA4427000D,Prince George's County Police,Single Vehicle,Prince George's,Principal Arterial – Other Freeways and Expressways,No,No,No,No,No,INDIAN HEAD HWY,210,MARYLAND ROUTE,No,True,No,2/20/2025,No,Point,38.657843827,-77.026109420,PGCOPD,101,16,02,No,10,,10:40,2025,Thursday,06,Other Non-Collision,05,On Roadway,2,,,,,,06,Non-Junction,01,Daylight,2/20/2025,2025-02-20,N,63.3,F,N,,,7FFE68011078DAFEF9698771338E0DD9E877BBA39B6352261458ED8105AED36F,MD,01,No,09,Animal (live),05,On Roadway,01,Dry,,,,,,,,
Property Damage Crashes,DA373600D9,Prince George's County Police,Rear To Side,Prince George's,Local,No,No,No,No,No,LIVINGSTON RD,4524,COUNTY ROAD,No,True,No,5/6/2025,No,Point,38.765685132,-76.994945353,PGCOPD,05,16,03,No,6,,06:11,2025,Tuesday,12,Motor Vehicle In Transport,05,On Roadway,7,,,,,,09,Through Roadway,01,Daylight,5/6/2025,2025-05-06,W,9.76,F,N,,,DF9283FD64BA01402BEFFA00D277E7CC3CB3287521C9BEDB632630C71E76C1C4,CO,01,No,,,,,09,Wet,,,,,,,,
Injury Crashes,CC0204001G,Hyattsville Police Department,Single Vehicle,Prince George's,,No,No,No,Yes,Yes,,,,No,True,No,4/27/2025,No,Point,38.948290824,-76.943460853,HYATTSVILLE,101,16,02,,15,,15:41,2025,Sunday,13,Other Non-Fixed Object,04,"Off-Roadway, Location Unknown",,,,,,,,,01,Daylight,4/27/2025,2025-04-27,,,F,N,105,Dirt Road/Trail,,,01,No,97,Not Applicable,,,,,,,,,,,,
Property Damage Crashes,DA4043009S,Prince George's County Police,"Sideswipe, Opposite Direction",Prince George's,Minor Arterial,No,No,No,No,No,ALLENTOWN RD,126,COUNTY ROAD,No,True,No,4/18/2025,No,Point,38.793537426,-76.927941530,PGCOPD,06,16,03,No,5,,05:50,2025,Friday,12,Motor Vehicle In Transport,05,On Roadway,4,,,,,,09,Through Roadway,100,Dawn,4/18/2025,2025-04-18,E,11.44,F,N,,,84F329235472516A0E0F5863F2AE715F4D7FF6713AE390635A3D3A8008A819BB,CO,01,No,,,,,01,Dry,,,,,,,,
Property Damage Crashes,AZ1747000M,Cheverly Police Department,"Sideswipe, Same Direction",Prince George's,,No,Yes,No,No,No,,385,SPUR,No,True,No,2/18/2025,No,Point,38.916339068,-76.914783755,CHEVERLY,07,16,03,No,7,,07:00,2025,Tuesday,12,Motor Vehicle In Transport,05,On Roadway,,,,,,,01,Acceleration/Deceleration Lane,01,Daylight,2/18/2025,2025-02-18,E,44.48,F,N,,,A72EC97C55A35C2975472ACEEE9C670A225414A404BDD15B4587BA6F948D93BA,SP,01,No,,,,,01,Dry,,,,,,,,
Injury Crashes,CC0271008J,Hyattsville Police Department,"Sideswipe, Same Direction",Prince George's,Local,Yes,No,No,No,No,41ST AVE,9410,MUNICIPAL ROAD,Yes,True,No,5/7/2025,No,Point,38.957436806,-76.947785086,HYATTSVILLE,07,16,02,No,20,,20:45,2025,Wednesday,15,Parked Vehicle,05,On Roadway,7,,,,,,06,Non-Junction,03,Dark - Lighted,5/7/2025,2025-05-07,N,7,F,N,,,6830ABB105B21D30C814188F506A23C59A515C7FFF4B869211637DE2CE7E0F06,MU,01,No,,,,,01,Dry,,,,,,,,
Property Damage Crashes,DA338900BL,Prince George's County Police,Other,Prince George's,Minor Arterial,No,No,No,No,No,LOTTSFORD RD (EB/L),64,COUNTY ROAD,No,True,No,1/28/2025,No,Point,38.897330752,-76.842614196,PGCOPD,98,16,03,No,13,,13:13,2025,Tuesday,12,Motor Vehicle In Transport,09,Roadside,4,,,,HARRY S TRUMAN DR,,09,Through Roadway,01,Daylight,1/28/2025,2025-01-28,N,37.46,F,N,,,12756B0FE6F5B86BB308D60629ED7508CADBD2B4CFCADFE6D88558DCB8AC40EB,CO,01,No,,,,,01,Dry,,,,,,,,
Property Damage Crashes,DA4372001D,Prince George's County Police,Other,Prince George's,Principal Arterial – Other,No,No,No,No,No,BRANCH AVE (SB/L),5,MARYLAND ROUTE,No,True,No,5/13/2025,No,Point,38.854718717,-76.957925526,PGCOPD,98,16,03,No,11,,11:01,2025,Tuesday,12,Motor Vehicle In Transport,05,On Roadway,3,,,,,,06,Non-Junction,01,Daylight,5/13/2025,2025-05-13,N,33.57,F,N,,,C3A7C00CEF73737149A560D451B265227D3DE37024A63413CE11DA70190A74A3,MD,01,No,,,,,09,Wet,,,,,,,,