Crash Severity Description,Reportnumber,Agencyname,CollisionImpact Description,Crash County Description,FunctionalClass Description,ImpairedCrash,Large Vehicle Involved,Motorcycle Crash,Non-Motorist Crash,OffRoad,RoadName,Route Number,RouteType Description,Unrestrained Occupants,WithinDateRange,Work Zone Related,Crashdate,Work Zone Crash,CrashPoint,Latitude,Longitude,AgencyCode,CollisionImpact,Crash County,Crash Severity,Crash Within Interchange,Crashhour,CrashInterchangeApproaches,Crashtime,CrashYear,Dayofweek,FirstHarmEvent,FirstHarmEvent Description,FirstHarmLocation,FirstHarmLocation Description,FunctionalClass,Geometry Description,GovPropertyDamage,GovPropertyDamage Description,IntersectingRoadName,Intersection Geometry,JunctionRelated,JunctionRelated Description,Light,Light Description,LOD Crash Date,LOD Date Level,MilepointDirection,MilepointDistance,MilepointUnits,NonTrafficFatal,OffroadLocation,OffroadLocation Description,RoadID,RouteType,SchoolBusRelated,SchoolBusRelated Description,SecondHarmEvent,SecondHarmEvent Description,SecondHarmLocation,SecondHarmLocation Description,Surface,Surface Description,TrafficControl,Trafficcontrol Description,WZLawEnforcementPresent,WZLocation,WZLocation Description,WZType,WZType Description,WZWorkersPresent
Property Damage Crashes,DA44080015,Prince George's County Police,Rear To Rear,Prince George's,,No,No,No,No,No,,373,SPUR,Yes,True,No,2/11/2025,No,Point,38.853075074,-76.956427073,PGCOPD,04,16,03,No,10,,10:32,2025,Tuesday,12,Motor Vehicle In Transport,99,Unknown,,,,,BRANCH AVE BRANCH AVE (SB/L),,99,Unknown,01,Daylight,2/11/2025,2025-02-11,W,15.64,F,N,,,E24FA195E0B597AF3D1534787C420B6D82621E755208BCF8F6EB6B95AAECE4DA,SP,01,No,,,,,01,Dry,,,,,,,,
Property Damage Crashes,DA4417000M,Prince George's County Police,Front to Rear,Prince George's,Local,No,No,No,No,No,LINDA LA (NB/L),5,MARYLAND ROUTE,No,True,No,3/7/2025,No,Point,38.809625150,-76.914540559,PGCOPD,03,16,03,No,22,,22:00,2025,Friday,12,Motor Vehicle In Transport,05,On Roadway,7,,,,,,09,Through Roadway,03,Dark - Lighted,3/7/2025,2025-03-07,N,805,F,N,,,D6E734325281FCACA1DDCD5C42991FA69D450A6576BE5F2A5BD4535199D952C7,MD,01,No,,,,,01,Dry,,,,,,,,
Property Damage Crashes,DA41300087,Prince George's County Police,"Sideswipe, Opposite Direction",Prince George's,Major Collector,No,No,No,No,No,SURRATTS RD,130,COUNTY ROAD,No,True,No,5/13/2025,No,Point,38.742195232,-76.868611654,PGCOPD,06,16,03,No,18,,18:38,2025,Tuesday,12,Motor Vehicle In Transport,05,On Roadway,5,,,,,,01,Acceleration/Deceleration Lane,01,Daylight,5/13/2025,2025-05-13,E,5.95,F,N,,,A025F23DDB7ED529B5D551DF3D9C91A7A285E64E233D6C3F75CA65B0FFD7417F,CO,01,No,,,,,09,Wet,,,,,,,,
Property Damage Crashes,DA3539001N,Prince George's County Police,Angle,Prince George's,Local,No,No,No,No,No,PARKVIEW LA,2964,COUNTY ROAD,No,True,No,3/28/2025,No,Point,38.744884396,-76.897345281,PGCOPD,01,16,03,No,20,02,20:25,2025,Friday,12,Motor Vehicle In Transport,05,On Roadway,7,Angled/Skewed,,,BRANDYWINE RD,01,05,Intersection or Related,03,Dark - Lighted,3/28/2025,2025-03-28,N,0,F,N,,,9D0057018799AE5E18FB8327E2F61535B166CA892BC7AD3973A6BD3226980E55,CO,01,No,,,,,01,Dry,03,Stop - Partial,,,,,,
Property Damage Crashes,DA43880018,Prince George's County Police,"Sideswipe, Same Direction",Prince George's,Local,No,No,No,No,No,HAMPTON MALL DR NORTH,4495,COUNTY ROAD,No,True,No,2/14/2025,No,Point,38.889162851,-76.853271544,PGCOPD,07,16,03,No,18,,18:30,2025,Friday,12,Motor Vehicle In Transport,05,On Roadway,7,,,,HAMPTON PARK BLVD,,06,Non-Junction,04,Dark - Not Lighted,2/14/2025,2025-02-14,N,62,F,N,,,8A65DE6942CACBFF522D5EB776C49C2114CFF19F9F66E1F81A0AF5E213B44B8B,CO,01,No,,,,,01,Dry,,,,,,,,
Injury Crashes,MSP78720040,Maryland State Police,Front to Rear,Prince George's,Interstate,No,No,No,No,No,CAPITAL BELTWAY (SB/L),95,INTERSTATE ROUTE,No,True,No,5/9/2025,No,Point,38.892715755,-76.847729262,MSP,03,16,02,No,15,,15:22,2025,Friday,12,Motor Vehicle In Transport,05,On Roadway,1,,,,,,09,Through Roadway,01,Daylight,5/9/2025,2025-05-09,E,62.37,F,N,,,E5AEF8BA9212CF46CF7AAEBB2086D685665572F2F50D52A981A5DFBF2D8DEA65,IS,01,No,12,Motor Vehicle In Transport,05,On Roadway,09,Wet,,,,,,,,
Property Damage Crashes,AL1454001M,Berwyn Heights Police Department,Unknown,Prince George's,Local,No,No,No,No,No,BERWYN RD,10,MUNICIPAL ROAD,Yes,True,No,5/28/2025,No,Point,38.988447157,-76.912582001,BERWYNHEIGHTS,99,16,03,No,10,,10:30,2025,Wednesday,06,Other Non-Collision,99,Unknown,7,,,,,,06,Non-Junction,98,Other,5/28/2025,2025-05-28,W,16.6,F,N,,,4131FB50FC4A5D39B57A27D206592747DB6C4B788826DBA9B5F2472CF11AD6EB,MU,01,No,,,,,09,Wet,,,,,,,,
Property Damage Crashes,DA3876007F,Prince George's County Police,Rear To Side,Prince George's,Local,No,No,No,No,No,E MARSHALL PL,3961,COUNTY ROAD,No,True,No,2/16/2025,No,Point,38.917200933,-76.886486828,PGCOPD,05,16,03,No,19,03,19:00,2025,Sunday,12,Motor Vehicle In Transport,05,On Roadway,7,Perpendicular,,,COLUMBIA PARK RD,03,05,Intersection or Related,03,Dark - Lighted,2/16/2025,2025-02-16,S,0,F,N,,,8A4D733EA566576DC6BCDDD8F9A01542F38494478D50D7475F8712307B35FF9D,CO,01,No,,,,,01,Dry,05,No Controls,,,,,,
Property Damage Crashes,DA4347001P,Prince George's County Police,Front to Front,Prince George's,Local,No,No,No,No,No,LIVINGSTON TERR,2481,COUNTY ROAD,No,True,No,5/28/2025,No,Point,38.815033748,-76.996091617,PGCOPD,02,16,03,Yes,8,,08:47,2025,Wednesday,12,Motor Vehicle In Transport,05,On Roadway,7,,,,,,99,Unknown,01,Daylight,5/28/2025,2025-05-28,N,20.18,F,N,,,2727CC366144F08B53440FC539F034B19180149503D67286E96F90D22FF15AB7,CO,01,No,,,,,09,Wet,,,,,,,,
Injury Crashes,MSP7871002V,Maryland State Police,Single Vehicle,Prince George's,Interstate,No,No,No,No,No,RAMP 3 FR IS 495 EB TO IS 95X NB,95,RAMP,Yes,True,No,3/11/2025,No,Point,39.018856000,-76.956333680,MSP,101,16,02,No,22,,22:05,2025,Tuesday,32,Guardrail Face,06,"On Shoulder, Left Side",1,,,,,,04,Entrance/Exit Ramp or Related,04,Dark - Not Lighted,3/11/2025,2025-03-11,W,21,F,N,,,1F5C49984CBD056BCF5E8B218041CCCE4F8475CDD146FC5D1B18CB683C0AC22A,RP,01,No,,,,,01,Dry,,,,,,,,
Property Damage Crashes,DA34080075,Prince George's County Police,Single Vehicle,Prince George's,Minor Arterial,No,No,No,No,No,LIVINGSTON RD,1202,COUNTY ROAD,No,True,No,5/4/2025,No,Point,38.696068827,-76.975697684,PGCOPD,101,16,03,No,17,,17:52,2025,Sunday,41,Utility Pole/Light Support,09,Roadside,4,,,,,,06,Non-Junction,01,Daylight,5/4/2025,2025-05-04,E,20.2,F,N,,,812A570A77470EAEB5D82A47BC4764A57E90D32F605017E6925461B6D071D482,CO,01,No,,,,,01,Dry,,,,,,,,
Injury Crashes,RD0130004P,Riverdale Park Police Department,Front to Rear,Prince George's,Principal Arterial – Other,No,No,No,No,No,EAST WEST HWY (WB/L),410,MARYLAND ROUTE,No,True,No,3/6/2025,No,Point,38.962520669,-76.929127851,RIVERDALE,03,16,02,No,8,,08:03,2025,Thursday,12,Motor Vehicle In Transport,05,On Roadway,3,,,,,,09,Through Roadway,01,Daylight,3/6/2025,2025-03-06,E,12.79,F,N,,,7633B2D684E0D6030F12DF6102D1F78EACB0F25B7D01C99DEEDEEF4BC588EE66,MD,01,No,12,Motor Vehicle In Transport,05,On Roadway,01,Dry,,,,,,,,
Property Damage Crashes,DA37060061,Prince George's County Police,Front to Rear,Prince George's,Principal Arterial – Other,No,No,No,No,No,GLENN DALE BLVD,193,MARYLAND ROUTE,No,True,No,5/9/2025,No,Point,38.983708243,-76.810458425,PGCOPD,03,16,03,No,9,,09:45,2025,Friday,12,Motor Vehicle In Transport,05,On Roadway,3,,,,,,09,Through Roadway,01,Daylight,5/9/2025,2025-05-09,S,13.16,F,N,,,71642805DC951871807F90D499407D8CBFA1476885D8737EFA186041A9292AC8,MD,01,No,,,,,09,Wet,,,,,,,,
Property Damage Crashes,DA4421001X,Prince George's County Police,Single Vehicle,Prince George's,Local,No,Yes,No,No,No,MOLLY BERRY RD,140,COUNTY ROAD,No,True,No,4/22/2025,No,Point,38.729936684,-76.761080860,PGCOPD,101,16,03,No,6,,06:45,2025,Tuesday,13,Other Non-Fixed Object,05,On Roadway,7,,,,,,09,Through Roadway,01,Daylight,4/22/2025,2025-04-22,E,40.12,F,N,,,0F0A4BAA7C6BCB9157ECE7279E9E9A1578E41BC347BB3F2C52D70131CE404343,CO,02,"Yes, School Bus Directly Involved",,,,,01,Dry,,,,,,,,
Property Damage Crashes,MSP701100LR,Maryland State Police,Single Vehicle,Prince George's,Minor Arterial,No,No,No,No,No,AMMENDALE RD (SB/L),212,MARYLAND ROUTE,No,True,No,6/2/2025,No,Point,39.056603664,-76.906917124,MSP,101,16,03,No,1,,01:06,2025,Monday,27,Curb,09,Roadside,4,,,,,,06,Non-Junction,03,Dark - Lighted,6/2/2025,2025-06-02,W,20.29,F,N,,,ECEF85613AFE7855B85BF9022502BA12682C6DF305E13067723489D2F147A017,MD,01,No,97,Not Applicable,,,01,Dry,,,,,,,,
Property Damage Crashes,DA33510021,Prince George's County Police,"Sideswipe, Same Direction",Prince George's,Major Collector,No,No,No,No,No,CONTEE RD,6,COUNTY ROAD,No,True,No,5/26/2025,No,Point,39.073540539,-76.849316554,PGCOPD,07,16,03,No,15,,15:00,2025,Monday,12,Motor Vehicle In Transport,05,On Roadway,5,,,,,,06,Non-Junction,01,Daylight,5/26/2025,2025-05-26,N,3.57,F,N,,,DBD2A5D05AD99B97A45A5927AC86110FDD5BBC050D9D88F11FC74DE631813DBD,CO,01,No,,,,,01,Dry,,,,,,,,
Property Damage Crashes,MSP7770007V,Maryland State Police,Front to Rear,Prince George's,Interstate,No,No,No,No,No,CAPITAL BELTWAY,95,INTERSTATE ROUTE,No,True,No,4/29/2025,No,Point,38.819290723,-76.926489436,MSP,03,16,03,No,14,,14:04,2025,Tuesday,12,Motor Vehicle In Transport,05,On Roadway,1,,,,,,06,Non-Junction,01,Daylight,4/29/2025,2025-04-29,W,544.06,F,N,,,614DE4B636F76C113B1206262FAE84BB6649B694187AB84EF901A122A97B374A,IS,01,No,,,,,01,Dry,,,,,,,,
Injury Crashes,DA4411000L,Prince George's County Police,Front to Rear,Prince George's,,No,No,No,No,No,,974,COUNTY ROAD,Yes,True,No,3/14/2025,No,Point,38.8551391,-76.8189772,PGCOPD,03,16,02,No,15,,15:00,2025,Friday,12,Motor Vehicle In Transport,05,On Roadway,,,,,,,01,Acceleration/Deceleration Lane,01,Daylight,3/14/2025,2025-03-14,W,60.93,F,N,,,9668374603A11024C6E763752AB49029EBA27362DAEBC78F2D057A4EE70BA44F,CO,01,No,,,,,01,Dry,,,,,,,,
Property Damage Crashes,DA3019003B,Prince George's County Police,Single Vehicle,Prince George's,,No,No,No,No,No,MARLBORO PIKE (NB/L),3074,COUNTY ROAD,No,True,No,4/23/2025,No,Point,38.868788445,-76.917948568,PGCOPD,101,16,03,No,2,,02:41,2025,Wednesday,27,Curb,09,Roadside,,,,,,,06,Non-Junction,03,Dark - Lighted,4/23/2025,2025-04-23,N,38.66,F,N,,,AF31578AA585F545210E622446AA254F5AA7F6CDA9BC06D43100464C1FBE6D5A,CO,01,No,,,,,01,Dry,,,,,,,,
Injury Crashes,DA4380002T,Prince George's County Police,Front to Front,Prince George's,Local,No,Yes,No,No,No,LIVINGSTON RD,4524,COUNTY ROAD,No,True,No,2/20/2025,No,Point,38.745708212,-77.000759518,PGCOPD,02,16,02,No,18,,18:52,2025,Thursday,12,Motor Vehicle In Transport,05,On Roadway,7,,,,,,01,Acceleration/Deceleration Lane,03,Dark - Lighted,2/20/2025,2025-02-20,N,49.7,F,N,,,88924B626B412056B8A41BF6459EC60CE179ACD98D56F2B45E243230F5828ABF,CO,01,No,,,,,01,Dry,,,,,,,,
Property Damage Crashes,MSP78430032,Maryland State Police,Angle,Prince George's,Interstate,No,No,No,No,No,NO NAME (SB/L),95,INTERSTATE ROUTE,No,True,No,2/28/2025,No,Point,39.051702943,-76.930372402,MSP,01,16,03,No,22,,22:32,2025,Friday,12,Motor Vehicle In Transport,05,On Roadway,1,,,,,,06,Non-Junction,04,Dark - Not Lighted,2/28/2025,2025-02-28,N,16.52,F,N,,,27A4DDB8329D98B6704AD440344E86D4AD1914E15179A89049584456CB7AD982,IS,01,No,,,,,01,Dry,,,,,,,,
Property Damage Crashes,DA405300KB,Prince George's County Police,Other,Prince George's,,No,No,No,No,Yes,,,,No,True,No,1/18/2025,No,Point,38.962646846,-76.993311771,PGCOPD,98,16,03,,21,,21:40,2025,Saturday,15,Parked Vehicle,99,Unknown,,,,,,,,,03,Dark - Lighted,1/18/2025,2025-01-18,,,F,N,102,Parking Lot Way,,,01,No,,,,,,,,,,,,,,
Property Damage Crashes,MSP77730010,Maryland State Police,Single Vehicle,Prince George's,Principal Arterial – Other Freeways and Expressways,No,No,No,No,No,RAMP 3 FR US 50 EB TO MD 202 NB,50,RAMP,No,True,No,1/31/2025,No,Point,38.931388836,-76.895840133,MSP,101,16,03,No,19,,19:10,2025,Friday,32,Guardrail Face,07,"On Shoulder, Right Side",2,,,,,,04,Entrance/Exit Ramp or Related,04,Dark - Not Lighted,1/31/2025,2025-01-31,S,26.29,F,N,,,605680D595250C39FA18C5ABDE1716770E584B40E62294F1C45B8464382BF469,RP,01,No,,,,,09,Wet,,,,,,,,
Property Damage Crashes,DA4225007Q,Prince George's County Police,Front to Rear,Prince George's,Principal Arterial – Other,No,No,No,No,No,LANDOVER RD (SB/L),202,MARYLAND ROUTE,No,True,No,2/7/2025,No,Point,38.919031886,-76.862359071,PGCOPD,03,16,03,No,9,,09:54,2025,Friday,15,Parked Vehicle,05,On Roadway,3,,,,,,06,Non-Junction,01,Daylight,2/7/2025,2025-02-07,N,85.76,F,N,,,9A31A7F994BE8EE810DAB8893744F8F9E03C6C5D116B5A1F5E86F73085AE9178,MD,01,No,,,,,01,Dry,,,,,,,,
Injury Crashes,DA34650084,Prince George's County Police,Single Vehicle,Prince George's,,No,No,No,No,No,,185,COUNTY ROAD,No,True,No,4/8/2025,No,Point,38.660073375,-76.836707419,PGCOPD,101,16,02,No,21,,21:00,2025,Tuesday,06,Other Non-Collision,07,"On Shoulder, Right Side",,,,,,,06,Non-Junction,04,Dark - Not Lighted,4/8/2025,2025-04-08,E,11.14,F,N,,,B6A50E5C577CEF339C06689E87F0FE7EFE33250C9EFF09BC7A2598A3E7AEBB0D,CO,01,No,40,Tree (standing),04,"Off-Roadway, Location Unknown",01,Dry,,,,,,,,
Injury Crashes,DA4424000X,Prince George's County Police,Front to Front,Prince George's,,No,No,No,No,No,,216,PRIVATE ROAD,No,True,No,4/23/2025,No,Point,38.854059272,-76.931726331,PGCOPD,02,16,02,No,7,,07:10,2025,Wednesday,12,Motor Vehicle In Transport,05,On Roadway,,,,,,,06,Non-Junction,01,Daylight,4/23/2025,2025-04-23,E,104.53,F,N,,,926EF07C6E68922051FC045C8ECA9B32A8BE43E8BB5F8137864BBE0D075DC1E5,PV,01,No,,,,,01,Dry,,,,,,,,
Property Damage Crashes,DA35460096,Prince George's County Police,"Sideswipe, Same Direction",Prince George's,Principal Arterial – Other,No,No,No,No,No,CRAIN HWY,301,UNITED STATE ROUTE,No,True,No,4/12/2025,No,Point,38.761164968,-76.807419637,PGCOPD,07,16,03,Yes,20,04,20:00,2025,Saturday,12,Motor Vehicle In Transport,05,On Roadway,3,Angled/Skewed,,,FAIRHAVEN AVE,01,05,Intersection or Related,03,Dark - Lighted,4/12/2025,2025-04-12,N,0,F,N,,,B9C894031FF641A857CD1BA736CBEEE399CB2FF89756580C2AC5FA83B524B6B3,US,01,No,12,Motor Vehicle In Transport,07,"On Shoulder, Right Side",09,Wet,01,Signalized,,,,,,
Property Damage Crashes,DA4309002K,Prince George's County Police,Front to Rear,Prince George's,Minor Arterial,No,No,No,No,No,HARRY S TRUMAN DR (SB/L),3465,COUNTY ROAD,No,True,No,1/31/2025,No,Point,38.875492181,-76.826954932,PGCOPD,03,16,03,No,4,04,04:00,2025,Friday,12,Motor Vehicle In Transport,05,On Roadway,4,Angled/Skewed,,,NEW ORCHARD DR,01,05,Intersection or Related,99,Unknown,1/31/2025,2025-01-31,E,0,F,N,,,F2397C43DFDE3E11B6B0F7FB3AF3DA5444E9B1238B9D2EF70865BEB3CF2636F0,CO,01,No,,,,,09,Wet,02,Stop - All Way,,,,,,
Property Damage Crashes,DA3774008H,Prince George's County Police,Front to Rear,Prince George's,Local,No,No,No,No,No,70TH PL,629,COUNTY ROAD,No,True,No,3/5/2025,No,Point,38.951269372,-76.892434680,PGCOPD,03,16,03,No,20,,20:49,2025,Wednesday,15,Parked Vehicle,02,In Parking Lane Or Zone,7,,,,,,09,Through Roadway,03,Dark - Lighted,3/5/2025,2025-03-05,N,16.1,F,N,,,3C66CF2ABEC26613B3184A784B61D494F8FA862B67DA7AC5389AEE50677F4414,CO,01,No,,,,,01,Dry,,,,,,,,
Property Damage Crashes,MSP69310158,Maryland State Police,Single Vehicle,Prince George's,Principal Arterial – Other Freeways and Expressways,No,No,No,No,No,STEPHANIE ROPER HWY,4,MARYLAND ROUTE,No,True,No,5/28/2025,No,Point,38.814057977,-76.739442780,MSP,101,16,03,No,4,,04:56,2025,Wednesday,40,Tree (standing),09,Roadside,2,,,,,,06,Non-Junction,03,Dark - Lighted,5/28/2025,2025-05-28,W,42.36,F,N,,,4E00021AB68A0CAC5634EF459BB8F3793C1D62F01710BEF1BC2D3C0A14CD69B2,MD,01,No,,,,,09,Wet,,,,,,,,
Injury Crashes,DA3088007M,Prince George's County Police,Front to Front,Prince George's,Minor Arterial,No,No,No,No,No,ALLENTOWN RD,337,MARYLAND ROUTE,No,True,No,4/26/2025,No,Point,38.810732984,-76.896247713,PGCOPD,02,16,02,No,14,,14:09,2025,Saturday,12,Motor Vehicle In Transport,05,On Roadway,4,,,,,,06,Non-Junction,01,Daylight,4/26/2025,2025-04-26,S,17.44,F,N,,,BD6AD730F56DD73F78F1C4C65D69D995997EA30EB12C49BE9D9102BAFC520EB1,MD,01,No,,,,,01,Dry,,,,,,,,
Property Damage Crashes,MSP7773001Z,Maryland State Police,Front to Rear,Prince George's,Interstate,No,No,No,No,No,NO NAME,95,INTERSTATE ROUTE,No,True,No,4/5/2025,No,Point,39.064199655,-76.912564760,MSP,03,16,03,No,9,,09:45,2025,Saturday,12,Motor Vehicle In Transport,05,On Roadway,1,,,,,,04,Entrance/Exit Ramp or Related,01,Daylight,4/5/2025,2025-04-05,W,25.57,F,N,,,D8845413A3C9DB09FDA568373F29340B0C42E0B6EAA59B733AB714DEC6A86586,IS,01,No,,,,,01,Dry,,,,,,,,
Injury Crashes,DA4278006Z,Prince George's County Police,Other,Prince George's,Major Collector,No,No,No,No,No,HIGH BRIDGE RD,5068,COUNTY ROAD,No,True,No,4/12/2025,No,Point,38.982190886,-76.771908681,PGCOPD,98,16,02,No,16,04,16:20,2025,Saturday,12,Motor Vehicle In Transport,05,On Roadway,5,Perpendicular,,,OLD CHAPEL RD,03,05,Intersection or Related,01,Daylight,4/12/2025,2025-04-12,W,0,F,N,,,415D7826FEBC679AD8CE83888E77075668C0C073CFCC942074079E029B6F52E5,CO,01,No,,,,,01,Dry,02,Stop - All Way,,,,,,
Property Damage Crashes,MSP745800QN,Maryland State Police,Other,Prince George's,Principal Arterial – Other Freeways and Expressways,No,No,No,No,No,PENNSYLVANIA AVE,4,MARYLAND ROUTE,No,True,No,3/15/2025,No,Point,38.821115235,-76.848426714,MSP,98,16,03,No,1,,01:48,2025,Saturday,12,Motor Vehicle In Transport,05,On Roadway,2,,,,DOWER HOUSE RD,,01,Acceleration/Deceleration Lane,03,Dark - Lighted,3/15/2025,2025-03-15,S,6.4,F,N,,,8BBAAFD1DE882891B9541605C8CB822E96922404DDED8FD7EC0E826D568740D1,MD,01,No,,,,,01,Dry,,,,,,,,
Property Damage Crashes,MSP766500BN,Maryland State Police,Single Vehicle,Prince George's,Interstate,Yes,No,No,No,No,CAPITAL BELTWAY,495,INTERSTATE ROUTE,No,True,No,4/10/2025,No,Point,39.019413333,-76.956699674,MSP,101,16,03,Yes,23,,23:04,2025,Thursday,29,Embankment,09,Roadside,1,,,,,,04,Entrance/Exit Ramp or Related,04,Dark - Not Lighted,4/10/2025,2025-04-10,N,56.48,F,N,,,CD7C1245E469577B13199F53FDB1D78DD03C604D5C1FC82929E5FE73AD1A4138,IS,01,No,40,Tree (standing),09,Roadside,01,Dry,,,,,,,,
Injury Crashes,DA3965008N,Prince George's County Police,Other,Prince George's,,No,No,No,No,No,,534,SPUR,No,True,No,1/13/2025,No,Point,38.990612416,-76.905918411,PGCOPD,98,16,02,Yes,15,,15:08,2025,Monday,12,Motor Vehicle In Transport,05,On Roadway,,,,,,,09,Through Roadway,01,Daylight,1/13/2025,2025-01-13,S,30.15,F,N,,,63429B62CCC201FF8898A1CA02BFCA3861C8E14FC410E8E4C94F710D617E354A,SP,01,No,,,,,01,Dry,,,,,,,,
Property Damage Crashes,CC0299001L,Hyattsville Police Department,Single Vehicle,Prince George's,Principal Arterial – Other,No,No,No,No,No,,1,UNITED STATE ROUTE,No,True,No,4/18/2025,No,Point,38.953891609,-76.940404547,HYATTSVILLE,101,16,03,No,17,,17:23,2025,Friday,27,Curb,09,Roadside,3,,,,,,06,Non-Junction,01,Daylight,4/18/2025,2025-04-18,N,9.28,F,N,,,E20144D54ACAF5C3C40DC51EF003EF4E70B52EF421A9557F6CC0C0AA5A5649DB,US,01,No,,,,,01,Dry,,,,,,,,
Injury Crashes,DA4415000H,Prince George's County Police,Front to Rear,Prince George's,Principal Arterial – Other,No,Yes,No,No,No,KENILWORTH AVE,201,MARYLAND ROUTE,Yes,True,No,3/11/2025,No,Point,38.942794636,-76.933920293,PGCOPD,03,16,02,No,9,,09:15,2025,Tuesday,12,Motor Vehicle In Transport,05,On Roadway,3,,,,,,09,Through Roadway,01,Daylight,3/11/2025,2025-03-11,N,119.21,F,N,,,D077F1292A94F3302707CCE9D9B9E2E2537C5CEE570611D4212293DAAC51E9BA,MD,02,"Yes, School Bus Directly Involved",12,Motor Vehicle In Transport,05,On Roadway,01,Dry,,,,,,,,
Property Damage Crashes,DA4384002P,Prince George's County Police,Single Vehicle,Prince George's,Major Collector,No,No,No,No,No,OLD FORT RD,118,COUNTY ROAD,No,True,No,1/18/2025,No,Point,38.722485825,-76.982534611,PGCOPD,101,16,03,No,17,,17:15,2025,Saturday,35,"Other Fixed Object (wall, building, tunnel, etc.)",02,In Parking Lane Or Zone,5,,,,,,03,Driveway Access or Related,01,Daylight,1/18/2025,2025-01-18,N,10.87,F,N,,,1B39DD18C65B99DEF8F7671EDF8EB38DAD386EF2681EC56EB939F79733E5B6D8,CO,01,No,,,,,02,Ice/Frost,,,,,,,,
Property Damage Crashes,MSP7701005J,Maryland State Police,"Sideswipe, Same Direction",Prince George's,Interstate,No,No,No,No,No,CAPITAL BELTWAY (NB LOCAL),95,INTERSTATE ROUTE,No,True,No,1/12/2025,No,Point,38.796740217,-77.010729017,MSP,07,16,03,No,20,,20:03,2025,Sunday,12,Motor Vehicle In Transport,05,On Roadway,1,,,,,,09,Through Roadway,03,Dark - Lighted,1/12/2025,2025-01-12,W,25.79,F,N,,,8B850CB6090432A00915FFF511E5DE812F6D4661A7C3084F650F47CFA63D686A,IS,01,No,,,,,01,Dry,,,,,,,,
Property Damage Crashes,DA3452001J,Prince George's County Police,Angle,Prince George's,,No,Yes,No,No,Yes,,,,No,True,No,3/8/2025,No,Point,39.094066277,-76.868224268,PGCOPD,01,16,03,,20,,20:00,2025,Saturday,15,Parked Vehicle,04,"Off-Roadway, Location Unknown",,,,,,,,,03,Dark - Lighted,3/8/2025,2025-03-08,,,F,N,102,Parking Lot Way,,,01,No,,,,,,,,,,,,,,
Property Damage Crashes,DA3616001W,Prince George's County Police,"Sideswipe, Opposite Direction",Prince George's,Local,No,No,No,No,No,WALNUT ST,1571,COUNTY ROAD,No,True,No,1/5/2025,No,Point,38.808351047,-76.942446386,PGCOPD,06,16,03,Yes,14,04,14:40,2025,Sunday,12,Motor Vehicle In Transport,05,On Roadway,7,Perpendicular,,,HEMLOCK PL,03,05,Intersection or Related,01,Daylight,1/5/2025,2025-01-05,E,0,F,N,,,46AAF1945D8DEAA3FB0B9C9DB8CEE4EB39C414E452F5C1CD6E43BA7BAAC11A25,CO,01,No,15,Parked Vehicle,05,On Roadway,01,Dry,03,Stop - Partial,,,,,,
Property Damage Crashes,CE4644002K,Laurel Police Department,Other,Prince George's,Principal Arterial – Other,No,No,No,No,No,TALBOTT AVE (WB/L),198,MARYLAND ROUTE,No,True,No,1/18/2025,No,Point,39.102534203,-76.853089958,LAUREL,98,16,03,No,17,,17:13,2025,Saturday,12,Motor Vehicle In Transport,05,On Roadway,3,,,,,,09,Through Roadway,03,Dark - Lighted,1/18/2025,2025-01-18,N,22.89,F,N,,,847CB8BF2468765842F35E881756231ED2E3FBFF00B0ECF6640E67D6ACDA0A60,MD,01,No,12,Motor Vehicle In Transport,05,On Roadway,09,Wet,,,,,,,,
Property Damage Crashes,DA3729009C,Prince George's County Police,Single Vehicle,Prince George's,Major Collector,No,No,No,No,No,DOWER HOUSE RD,92,COUNTY ROAD,No,True,No,2/17/2025,No,Point,38.798724557,-76.840032077,PGCOPD,101,16,03,Yes,17,03,17:41,2025,Monday,36,"Other Post, Pole, Or Support",05,On Roadway,5,Perpendicular,,,ROSEMONT ST,03,05,Intersection or Related,03,Dark - Lighted,2/17/2025,2025-02-17,W,0,F,N,,,C6CFF5E70BD24F0E97E0CA98256C1523274B0EB62E66CAC5CA15516685ABD690,CO,01,No,,,,,01,Dry,05,No Controls,,,,,,
Property Damage Crashes,DA2910002T,Prince George's County Police,Front to Rear,Prince George's,,No,No,No,No,Yes,,,,No,True,No,2/21/2025,No,Point,38.958405960,-76.830814961,PGCOPD,03,16,03,,16,,16:40,2025,Friday,15,Parked Vehicle,02,In Parking Lane Or Zone,,,,,,,,,01,Daylight,2/21/2025,2025-02-21,,,F,N,102,Parking Lot Way,,,01,No,14,Other Non-Motorist,02,In Parking Lane Or Zone,,,,,,,,,,
Property Damage Crashes,MSP7787004S,Maryland State Police,Single Vehicle,Prince George's,,No,No,No,No,No,,50,UNITED STATE ROUTE,No,True,No,1/25/2025,No,Point,38.953369093,-76.726827444,MSP,101,16,03,Yes,23,,23:27,2025,Saturday,28,Ditch,09,Roadside,,,101,State,,,04,Entrance/Exit Ramp or Related,03,Dark - Lighted,1/25/2025,2025-01-25,E,29.85,F,N,,,C96774D418686B09CAE61E100C4A2FD6296FD5AAE1601FAF7F727A086FDE83EC,US,01,No,32,Guardrail Face,09,Roadside,01,Dry,,,,,,,,