Crash Severity Description,Reportnumber,Agencyname,CollisionImpact Description,Crash County Description,FunctionalClass Description,ImpairedCrash,Large Vehicle Involved,Motorcycle Crash,Non-Motorist Crash,OffRoad,RoadName,Route Number,RouteType Description,Unrestrained Occupants,WithinDateRange,Work Zone Related,Crashdate,Work Zone Crash,CrashPoint,Latitude,Longitude,AgencyCode,CollisionImpact,Crash County,Crash Severity,Crash Within Interchange,Crashhour,CrashInterchangeApproaches,Crashtime,CrashYear,Dayofweek,FirstHarmEvent,FirstHarmEvent Description,FirstHarmLocation,FirstHarmLocation Description,FunctionalClass,Geometry Description,GovPropertyDamage,GovPropertyDamage Description,IntersectingRoadName,Intersection Geometry,JunctionRelated,JunctionRelated Description,Light,Light Description,LOD Crash Date,LOD Date Level,MilepointDirection,MilepointDistance,MilepointUnits,NonTrafficFatal,OffroadLocation,OffroadLocation Description,RoadID,RouteType,SchoolBusRelated,SchoolBusRelated Description,SecondHarmEvent,SecondHarmEvent Description,SecondHarmLocation,SecondHarmLocation Description,Surface,Surface Description,TrafficControl,Trafficcontrol Description,WZLawEnforcementPresent,WZLocation,WZLocation Description,WZType,WZType Description,WZWorkersPresent
Property Damage Crashes,GE0253001B,Morningside Police Department,Angle,Prince George's,Local,No,No,No,No,No,MAXWELL DR,2176,COUNTY ROAD,No,True,No,4/26/2025,No,Point,38.814292559,-76.894588680,MORNINGSIDE,01,16,03,Yes,14,,14:17,2025,Saturday,12,Motor Vehicle In Transport,05,On Roadway,7,,,,ALLENTOWN RD (SB/L),,02,Crossover-Related,01,Daylight,4/26/2025,2025-04-26,S,4.62,F,N,,,11A4A670BB61D44F6771E0106A5C3E7091C5546FF82EE448D588E79D5912A4EC,CO,01,No,,,,,09,Wet,,,,,,,,
Injury Crashes,DA43990011,Prince George's County Police,Front to Rear,Prince George's,Principal Arterial – Other,No,No,No,No,No,UNIVERSITY BLVD,193,MARYLAND ROUTE,No,True,Yes,3/23/2025,Yes,Point,38.983845298,-76.973338517,PGCOPD,03,16,02,No,9,,09:22,2025,Sunday,12,Motor Vehicle In Transport,05,On Roadway,3,,,,,,06,Non-Junction,01,Daylight,3/23/2025,2025-03-23,N,14.16,F,N,,,A8AA2B87B46410836284C77E051EE9C9ACDA90E7CCDDD10D3A8F33DF5593AEBB,MD,01,No,12,Motor Vehicle In Transport,05,On Roadway,01,Dry,,,N,02,Advance Warning Area,01,Lane Closure,No
Injury Crashes,CBPD0086007V,Bowie Police Department,Single Vehicle,Prince George's,,No,No,No,Yes,Yes,,,,No,True,No,3/24/2025,No,Point,38.935889081,-76.719910937,BOWIE,101,16,02,,7,,07:00,2025,Monday,17,Pedestrian,02,In Parking Lane Or Zone,,,,,,,,,01,Daylight,3/24/2025,2025-03-24,,,F,N,102,Parking Lot Way,,,01,No,,,,,,,,,,,,,,
Property Damage Crashes,CC0219008J,Hyattsville Police Department,"Sideswipe, Same Direction",Prince George's,Local,No,No,No,No,No,NICHOLSON ST,320,MUNICIPAL ROAD,No,True,No,1/22/2025,No,Point,38.962518341,-76.966321105,HYATTSVILLE,07,16,03,No,3,,03:23,2025,Wednesday,15,Parked Vehicle,05,On Roadway,7,,,,,,06,Non-Junction,03,Dark - Lighted,1/22/2025,2025-01-22,S,14.91,F,N,,,37C1AD18615521099DA203DE161D878F26AB4636E14EFD2CD2B27D0A7AE1ACF8,MU,01,No,,,,,98,Other,,,,,,,,
Property Damage Crashes,DA3437004J,Prince George's County Police,"Sideswipe, Opposite Direction",Prince George's,Minor Arterial,No,No,No,No,No,BRANDYWINE RD,599,COUNTY ROAD,No,True,No,4/18/2025,No,Point,38.765281674,-76.898069869,PGCOPD,06,16,03,No,21,04,21:05,2025,Friday,12,Motor Vehicle In Transport,05,On Roadway,4,Angled/Skewed,,,OLD BRANCH AVE PISCATAWAY RD,01,05,Intersection or Related,03,Dark - Lighted,4/18/2025,2025-04-18,S,0,F,N,,,EEC45271E9BBDD13FC936F7D99808A57CA7A7F9B6680A2BCF404780FD64C72B7,CO,01,No,,,,,01,Dry,02,Stop - All Way,,,,,,
Property Damage Crashes,DA4413000K,Prince George's County Police,"Sideswipe, Same Direction",Prince George's,Principal Arterial – Other Freeways and Expressways,No,No,No,No,No,KENILWORTH AVE,201,MARYLAND ROUTE,No,True,No,2/27/2025,No,Point,38.989803431,-76.906158910,PGCOPD,07,16,03,No,15,,15:52,2025,Thursday,12,Motor Vehicle In Transport,05,On Roadway,2,,,,,,06,Non-Junction,01,Daylight,2/27/2025,2025-02-27,S,14.88,F,N,,,F72C9811A0879AD9C2E450CBAC39F9ABB3E80333CAB94BBE9069F3E2F14EB62C,MD,01,No,,,,,01,Dry,,,,,,,,
Property Damage Crashes,MSP745800RP,Maryland State Police,"Sideswipe, Same Direction",Prince George's,Interstate,No,No,No,No,No,CAPITAL BELTWAY (SB/L),95,INTERSTATE ROUTE,No,True,No,4/6/2025,No,Point,38.819571667,-76.895695,MSP,07,16,03,No,2,,02:38,2025,Sunday,12,Motor Vehicle In Transport,05,On Roadway,1,,,,,,01,Acceleration/Deceleration Lane,03,Dark - Lighted,4/6/2025,2025-04-06,S,56.31,F,N,,,68AA92AA2A44B644C7F90B324E97F89E4BDB082B2CE93438FA7E13F1C35437A8,IS,01,No,,,,,01,Dry,,,,,,,,
Injury Crashes,BP9418001S,Forest Heights Police Department,Unknown,Prince George's,Minor Arterial,No,No,No,No,No,INDIAN HEAD HWY (SB/L),210,MARYLAND ROUTE,No,True,No,2/10/2025,No,Point,38.806186517,-76.998804053,FORESTHEIGHTS,99,16,02,No,11,04,11:01,2025,Monday,12,Motor Vehicle In Transport,99,Unknown,4,Angled/Skewed,,,BALD EAGLE RD BALD EAGLE RD (SB/L) RAMP 10 FR RAMP 2 TO BALD EAGLE RD,01,05,Intersection or Related,01,Daylight,2/10/2025,2025-02-10,S,0,F,N,,,7A55EF9CA9DEF35FB9405BF0C9C215425813DA81953DB434D5EDEDEFA35805D3,MD,01,No,,,,,01,Dry,01,Signalized,,,,,,
Property Damage Crashes,DA3615000T,Prince George's County Police,Front to Rear,Prince George's,Local,No,No,No,No,No,ST JOSEPHS DR (SB/L),3132,COUNTY ROAD,No,True,No,5/7/2025,No,Point,38.924178854,-76.838521141,PGCOPD,03,16,03,Unknown,13,,13:46,2025,Wednesday,12,Motor Vehicle In Transport,99,Unknown,7,,,,,,99,Unknown,01,Daylight,5/7/2025,2025-05-07,S,14.61,F,N,,,00626AE2EC21BBCA48B8DB215B6510397FC667EADE09BD0A6391AB29719D083B,CO,01,No,,,,,01,Dry,,,,,,,,
Property Damage Crashes,DA4405001G,Prince George's County Police,"Sideswipe, Opposite Direction",Prince George's,Principal Arterial – Other,No,No,No,No,No,CENTRAL AVE (WB/L),214,MARYLAND ROUTE,Yes,True,No,5/19/2025,No,Point,38.890681343,-76.854260182,PGCOPD,06,16,03,No,18,,18:46,2025,Monday,12,Motor Vehicle In Transport,09,Roadside,3,,,,,,06,Non-Junction,01,Daylight,5/19/2025,2025-05-19,W,33.72,F,N,,,0CBC3FB0AA7F95619FA1DB4F45715CAB3DF565A4A5669C8970B0A20FCA64AC2B,MD,01,No,,,,,01,Dry,,,,,,,,
Property Damage Crashes,DA4396001F,Prince George's County Police,"Sideswipe, Same Direction",Prince George's,Local,No,No,No,No,No,FOX ST,1547,COUNTY ROAD,No,True,No,3/16/2025,No,Point,39.008125001,-76.979201352,PGCOPD,07,16,03,No,6,,06:00,2025,Sunday,12,Motor Vehicle In Transport,07,"On Shoulder, Right Side",7,,,,,,06,Non-Junction,03,Dark - Lighted,3/16/2025,2025-03-16,S,9.67,F,N,,,C23E1031EB896482EEC117BC8877C081956C9F8D979BF9E4F3FFB1BA1D1C68A7,CO,01,No,,,,,01,Dry,,,,,,,,
Property Damage Crashes,DA42510065,Prince George's County Police,Front to Rear,Prince George's,,No,No,No,No,No,,307,SPUR,No,True,No,2/8/2025,No,Point,38.951958740,-76.835061225,PGCOPD,03,16,03,Yes,18,,18:20,2025,Saturday,12,Motor Vehicle In Transport,05,On Roadway,,,,,MARTIN LUTHER KING JR HWY,,09,Through Roadway,03,Dark - Lighted,2/8/2025,2025-02-08,N,31.23,F,N,,,BDB6CE2E27A7EDBE7AB4D58C56513751C0F1C504D713ADC5E3D662CEF6F93301,SP,01,No,,,,,09,Wet,,,,,,,,
Property Damage Crashes,MSP6931013M,Maryland State Police,Single Vehicle,Prince George's,Principal Arterial – Other,No,No,No,No,No,CRAIN HWY (SB/L),301,UNITED STATE ROUTE,No,True,No,3/12/2025,No,Point,38.909927764,-76.717928412,MSP,101,16,03,No,4,,04:41,2025,Wednesday,09,Animal (live),05,On Roadway,3,,,,,,06,Non-Junction,04,Dark - Not Lighted,3/12/2025,2025-03-12,S,46.98,F,N,,,880E04ED0381D06E1C7844FFFB4E8BA04B3D71F340F7FD2F8CD2B09DA83A2F4F,US,01,No,,,,,01,Dry,,,,,,,,
Injury Crashes,MSP718600JZ,Maryland State Police,Front to Rear,Prince George's,Principal Arterial – Other,No,No,No,No,No,CRAIN HWY (SB/L),301,UNITED STATE ROUTE,No,True,No,3/24/2025,No,Point,38.696413504,-76.871328344,MSP,03,16,02,No,15,,15:59,2025,Monday,12,Motor Vehicle In Transport,05,On Roadway,3,,,,,,09,Through Roadway,01,Daylight,3/24/2025,2025-03-24,W,111.91,F,N,,,D3F9B853128EDDB9E1B4E8B58BCE5C347762EFC7703D111735F77BD08E1A5B0B,US,01,No,,,,,09,Wet,,,,,,,,
Property Damage Crashes,DA373600CW,Prince George's County Police,Front to Front,Prince George's,Local,No,No,No,No,No,SOUTHVIEW DR,2251,COUNTY ROAD,No,True,No,2/11/2025,No,Point,38.827444095,-76.990886213,PGCOPD,02,16,03,No,19,,19:22,2025,Tuesday,12,Motor Vehicle In Transport,05,On Roadway,7,,,,,,09,Through Roadway,03,Dark - Lighted,2/11/2025,2025-02-11,W,27.76,F,N,,,32C70858C2FC966937DCF10E55B19C65C16ACEDBA5BF7DC8DB19D5058732B7A6,CO,01,No,,,,,07,Snow,,,,,,,,
Property Damage Crashes,DA418800G9,Prince George's County Police,"Sideswipe, Same Direction",Prince George's,,No,No,No,No,Yes,,,,No,True,No,5/3/2025,No,Point,39.017425625,-76.940070039,PGCOPD,07,16,03,,16,,16:24,2025,Saturday,12,Motor Vehicle In Transport,02,In Parking Lane Or Zone,,,,,,,,,01,Daylight,5/3/2025,2025-05-03,,,F,N,101,Parking Aisle,,,01,No,,,,,,,,,,,,,,
Property Damage Crashes,DA4304006T,Prince George's County Police,Front to Rear,Prince George's,Principal Arterial – Other,No,No,No,No,No,LAUREL BOWIE RD,197,MARYLAND ROUTE,No,True,No,6/7/2025,No,Point,39.075733075,-76.848422148,PGCOPD,03,16,03,Unknown,4,,04:23,2025,Saturday,12,Motor Vehicle In Transport,05,On Roadway,3,,,,,,99,Unknown,03,Dark - Lighted,6/7/2025,2025-06-07,N,16.35,F,N,,,5CEB06325931E995ABE301E26C18520E1F07DE1326DCB53961903664C01F6C6A,MD,01,No,,,,,01,Dry,,,,,,,,
Property Damage Crashes,MSP7773002D,Maryland State Police,Single Vehicle,Prince George's,Principal Arterial – Other Freeways and Expressways,No,No,No,No,No,RAMP 7 FR US 50 WB TO MD 201 SB,50,RAMP,No,True,No,5/4/2025,No,Point,38.919451017,-76.934217567,MSP,101,16,03,No,7,,07:45,2025,Sunday,32,Guardrail Face,09,Roadside,2,,,,,,04,Entrance/Exit Ramp or Related,01,Daylight,5/4/2025,2025-05-04,N,45.73,F,N,,,526CF7CF13D79D4081B21837F3780C4A44D17D87919851346FE441E0DDC82548,RP,01,No,,,,,09,Wet,,,,,,,,
Property Damage Crashes,DA4195006Y,Prince George's County Police,Unknown,Prince George's,Minor Arterial,No,No,No,No,No,,223,MARYLAND ROUTE,No,True,No,5/15/2025,No,Point,38.770840986,-76.877250727,PGCOPD,99,16,03,No,17,,17:47,2025,Thursday,12,Motor Vehicle In Transport,05,On Roadway,4,,,,,,06,Non-Junction,01,Daylight,5/15/2025,2025-05-15,N,18.22,F,N,,,373F0990451ECFAAFE7260E7C6CF8B4F956A1C05B0879153A6B260516D024949,MD,01,No,,,,,01,Dry,,,,,,,,
Property Damage Crashes,DA393600G5,Prince George's County Police,"Sideswipe, Same Direction",Prince George's,,No,No,No,No,No,,366,COUNTY ROAD,No,True,No,5/14/2025,No,Point,38.879334982,-76.896378852,PGCOPD,07,16,03,No,16,,16:20,2025,Wednesday,12,Motor Vehicle In Transport,05,On Roadway,,,,,,,06,Non-Junction,01,Daylight,5/14/2025,2025-05-14,N,9.32,F,N,,,DF27942CE4F1EC050F0AF51A1AF1F56F624870505F6567E665813DC3499D4903,CO,01,No,,,,,01,Dry,,,,,,,,
Property Damage Crashes,MSP766400BB,Maryland State Police,Front to Rear,Prince George's,Interstate,No,No,No,No,No,CAPITAL BELTWAY (SB/L),95,INTERSTATE ROUTE,No,True,No,4/20/2025,No,Point,38.818158333,-76.942915,MSP,03,16,03,No,21,,21:38,2025,Sunday,12,Motor Vehicle In Transport,05,On Roadway,1,,101,State,,,09,Through Roadway,04,Dark - Not Lighted,4/20/2025,2025-04-20,N,13.71,F,N,,,C553AEB00F123DB1B7E8F74FA58E28F63587A8B1710D4E10755B490A0815523C,IS,01,No,,,,,01,Dry,,,,,,,,
Injury Crashes,MSP7416001W,Maryland State Police,Front to Rear,Prince George's,Interstate,No,No,No,No,No,CAPITAL BELTWAY (SB/L),95,INTERSTATE ROUTE,No,True,No,5/3/2025,No,Point,39.016959813,-76.911828515,MSP,03,16,02,No,14,,14:51,2025,Saturday,12,Motor Vehicle In Transport,05,On Roadway,1,,,,,,09,Through Roadway,01,Daylight,5/3/2025,2025-05-03,S,1.11,F,N,,,59A88A0D258B182CFB9338E00F0A86D7ED4E3AEFFFB4B165A7D451FC9F3548F1,IS,01,No,,,,,01,Dry,,,,,,,,
Property Damage Crashes,MSP6859008G,Maryland State Police,"Sideswipe, Same Direction",Prince George's,Principal Arterial – Other,No,No,No,No,No,CRAIN HWY (SB/L),301,UNITED STATE ROUTE,No,True,No,2/6/2025,No,Point,38.674579823,-76.876125271,MSP,07,16,03,No,21,,21:03,2025,Thursday,12,Motor Vehicle In Transport,05,On Roadway,3,,,,,,06,Non-Junction,04,Dark - Not Lighted,2/6/2025,2025-02-06,S,11.5,F,N,,,0617E21FEB0F2848AB36B78618C9C411CC7998675BDD95D82084315D1441BBAF,US,01,No,,,,,01,Dry,,,,,,,,
Injury Crashes,DA3135000T,Prince George's County Police,Front to Rear,Prince George's,Principal Arterial – Other,No,No,No,No,No,NEW HAMPSHIRE AVE,650,MARYLAND ROUTE,No,True,No,2/5/2025,No,Point,38.970461427,-76.998717749,PGCOPD,03,16,02,No,18,,18:44,2025,Wednesday,12,Motor Vehicle In Transport,05,On Roadway,3,,,,,,06,Non-Junction,03,Dark - Lighted,2/5/2025,2025-02-05,W,0,F,N,,,7A308B02DA4EACC81C9B37A8376D3472B41A95ED2E19B08B29C6C3659A586B5F,MD,01,No,12,Motor Vehicle In Transport,05,On Roadway,01,Dry,,,,,,,,
Injury Crashes,MSP744200QT,Maryland State Police,Angle,Prince George's,Principal Arterial – Other,No,No,No,No,No,SANDY SPRING RD (WB/L),198,MARYLAND ROUTE,No,True,No,1/23/2025,No,Point,39.101088207,-76.906784432,MSP,01,16,02,Yes,22,04,22:13,2025,Thursday,12,Motor Vehicle In Transport,05,On Roadway,3,Perpendicular,,,BOND MILL RD,03,05,Intersection or Related,03,Dark - Lighted,1/23/2025,2025-01-23,S,0,F,N,,,E11DED6CF7C0546DDEF8E1976C016CE79A49567A4224B860810ECD648C1E741B,MD,01,No,,,,,01,Dry,01,Signalized,,,,,,
Property Damage Crashes,DA43900018,Prince George's County Police,Rear To Side,Prince George's,Local,No,No,No,No,No,GUNTHER ST,372,COUNTY ROAD,No,True,No,2/27/2025,No,Point,38.876920635,-76.926308349,PGCOPD,05,16,03,Yes,7,,07:39,2025,Thursday,12,Motor Vehicle In Transport,09,Roadside,7,,,,CLOVIS AVE,,09,Through Roadway,01,Daylight,2/27/2025,2025-02-27,S,4.93,F,N,,,31F4CFC08B4C1E032DB365BA5F39997F970556945629B4929E0DCDF2C598101D,CO,01,No,,,,,01,Dry,,,,,,,,
Property Damage Crashes,DA40600065,Prince George's County Police,"Sideswipe, Same Direction",Prince George's,,No,No,No,No,Yes,,,,No,True,No,1/20/2025,No,Point,38.908683764,-76.842332918,PGCOPD,07,16,03,,9,,09:46,2025,Monday,15,Parked Vehicle,04,"Off-Roadway, Location Unknown",,,,,,,,,01,Daylight,1/20/2025,2025-01-20,,,F,N,101,Parking Aisle,,,01,No,,,,,,,,,,,,,,
Property Damage Crashes,DJ0183001R,Seat Pleasant Police Department,Rear To Side,Prince George's,Principal Arterial – Other,No,No,No,No,No,CENTRAL AVE (WB/L),214,MARYLAND ROUTE,No,True,No,5/3/2025,No,Point,38.890679594,-76.854402184,SEATPLEASANT,05,16,03,No,5,,05:00,2025,Saturday,12,Motor Vehicle In Transport,05,On Roadway,3,,,,,,01,Acceleration/Deceleration Lane,03,Dark - Lighted,5/3/2025,2025-05-03,S,16.5,F,N,,,0CBC3FB0AA7F95619FA1DB4F45715CAB3DF565A4A5669C8970B0A20FCA64AC2B,MD,01,No,,,,,01,Dry,,,,,,,,
Property Damage Crashes,MSP7865001L,Maryland State Police,Front to Rear,Prince George's,Interstate,No,No,No,No,No,CAPITAL BELTWAY (SB/L),95,INTERSTATE ROUTE,No,True,No,2/21/2025,No,Point,38.987040059,-76.882130319,MSP,03,16,03,No,13,,13:42,2025,Friday,12,Motor Vehicle In Transport,05,On Roadway,1,,,,,,06,Non-Junction,01,Daylight,2/21/2025,2025-02-21,E,30.82,F,N,,,0CAFD3A93C8AAF2385B736ED429A86427069D390DF31CE3EB98FAEF0D99448D6,IS,01,No,,,,,01,Dry,,,,,,,,
Injury Crashes,DA43630010,Prince George's County Police,Front to Front,Prince George's,Minor Arterial,No,No,No,No,No,LAUREL BOWIE RD,197,MARYLAND ROUTE,No,True,No,4/15/2025,No,Point,39.033994974,-76.789419518,PGCOPD,02,16,02,No,6,,06:40,2025,Tuesday,12,Motor Vehicle In Transport,05,On Roadway,4,,,,,,09,Through Roadway,100,Dawn,4/15/2025,2025-04-15,N,42.99,F,N,,,6C15D72DD5594AEFB194FE66B4D6386D5C4EDBCFD856587355BAB188B1F722E9,MD,01,No,,,,,09,Wet,,,,,,,,
Property Damage Crashes,AM03950006,Bladensburg Police Department,Unknown,Prince George's,,No,No,No,No,Yes,,,,No,True,No,4/1/2025,No,Point,38.938886915,-76.934467511,BLADENSBURG,99,16,03,,21,,21:17,2025,Tuesday,12,Motor Vehicle In Transport,99,Unknown,,,,,,,,,03,Dark - Lighted,4/1/2025,2025-04-01,,,F,N,102,Parking Lot Way,,,01,No,,,,,,,,,,,,,,
Property Damage Crashes,MSP7865002K,Maryland State Police,Single Vehicle,Prince George's,Interstate,No,No,No,No,No,RAMP 4 FR IS 95 NB TO MD 295 EB,95,RAMP,No,True,No,4/28/2025,No,Point,38.98988325,-76.883830133,MSP,101,16,03,No,1,,01:59,2025,Monday,07,Overturn/Rollover,07,"On Shoulder, Right Side",1,,,,,,04,Entrance/Exit Ramp or Related,04,Dark - Not Lighted,4/28/2025,2025-04-28,S,21.41,F,N,,,C0A001FD74560B1F68CF4FD93AE6B78EC562E62B0FD26527EF67750B08DE2252,RP,01,No,,,,,01,Dry,,,,,,,,
Property Damage Crashes,DA4429000M,Prince George's County Police,Front to Front,Prince George's,Principal Arterial – Other,No,No,No,No,No,PENNSYLVANIA AVE (SB/L),4,MARYLAND ROUTE,Yes,True,No,4/20/2025,No,Point,38.845361265,-76.891827494,PGCOPD,02,16,03,No,22,,22:00,2025,Sunday,12,Motor Vehicle In Transport,05,On Roadway,3,,,,WALTERS LA,,09,Through Roadway,03,Dark - Lighted,4/20/2025,2025-04-20,S,14.21,F,N,,,D84CEF1924701FE664C2A4F657B81B446FBA4678D4FEC7A2F71A2BF368BED3DD,MD,01,No,,,,,01,Dry,,,,,,,,
Property Damage Crashes,DA351500D6,Prince George's County Police,Front to Rear,Prince George's,Principal Arterial – Other Freeways and Expressways,No,Yes,No,No,No,INDIAN HEAD HWY (SB/L),210,MARYLAND ROUTE,No,True,No,4/1/2025,No,Point,38.665962944,-77.016882343,PGCOPD,03,16,03,No,11,,11:57,2025,Tuesday,12,Motor Vehicle In Transport,05,On Roadway,2,,,,,,06,Non-Junction,01,Daylight,4/1/2025,2025-04-01,S,51.12,F,N,,,DA383D663C9BECF998421234C74E048CB7929F790E0D42C5FDC87E1924E0EB82,MD,02,"Yes, School Bus Directly Involved",12,Motor Vehicle In Transport,05,On Roadway,01,Dry,,,,,,,,
Property Damage Crashes,ZP04530005,Prince George's County Sheriff's Office,Single Vehicle,Prince George's,,No,No,No,No,No,,974,COUNTY ROAD,Yes,True,No,1/2/2025,No,Point,38.817037127,-76.779631319,PGCOSHERIFF,101,16,03,No,7,,07:50,2025,Thursday,09,Animal (live),07,"On Shoulder, Right Side",,,,,,,09,Through Roadway,01,Daylight,1/2/2025,2025-01-02,E,49.81,F,N,,,E386FFE267644F6FCB40491B1A1DA71DBA0C3010750A2791EEE791D1BA1422A6,CO,01,No,,,,,01,Dry,,,,,,,,
Property Damage Crashes,AM03380020,Bladensburg Police Department,Front to Front,Prince George's,,No,Yes,No,No,No,,2548,PRIVATE ROAD,No,True,No,1/30/2025,No,Point,38.939568450,-76.930425068,BLADENSBURG,02,16,03,No,8,,08:30,2025,Thursday,12,Motor Vehicle In Transport,05,On Roadway,,,,,52ND ST #1 ANNAPOLIS RD,,99,Unknown,01,Daylight,1/30/2025,2025-01-30,W,2.05,F,N,,,F5D9C6A1ACDEB969CDFDEFDB91EA452DDD6A8E87DC1B74E4776401DFC2B31794,PV,01,No,12,Motor Vehicle In Transport,05,On Roadway,01,Dry,,,,,,,,
Injury Crashes,MSP744200RS,Maryland State Police,Front to Rear,Prince George's,Interstate,No,No,No,No,No,NO NAME,95,INTERSTATE ROUTE,No,True,No,3/18/2025,No,Point,39.111049039,-76.877935695,MSP,03,16,02,No,16,,16:39,2025,Tuesday,12,Motor Vehicle In Transport,05,On Roadway,1,,,,,,09,Through Roadway,01,Daylight,3/18/2025,2025-03-18,S,14.84,F,N,,,F7DFC08F5730D9A25395F19D446628C78122A9DD3B93EB8A9F9D95E5BACB240E,IS,01,No,,,,,01,Dry,,,,,,,,
Property Damage Crashes,DA4135006L,Prince George's County Police,Angle,Prince George's,Minor Arterial,No,No,No,No,No,,212,MARYLAND ROUTE,No,True,No,5/30/2025,No,Point,39.045049640,-76.913640717,PGCOPD,01,16,03,No,22,,22:07,2025,Friday,12,Motor Vehicle In Transport,05,On Roadway,4,,,,,,02,Crossover-Related,03,Dark - Lighted,5/30/2025,2025-05-30,S,9.44,F,N,,,5947AA487B60DFDB2ACDED1BCF80AC1DE33C87D7901A54096D86243C523EA8BB,MD,01,No,12,Motor Vehicle In Transport,05,On Roadway,09,Wet,,,,,,,,
Property Damage Crashes,DA393200HH,Prince George's County Police,Front to Rear,Prince George's,Principal Arterial – Other,No,No,No,No,No,UNIVERSITY BLVD,193,MARYLAND ROUTE,No,True,No,4/17/2025,No,Point,39.000139080,-76.943175616,PGCOPD,03,16,03,No,7,,07:18,2025,Thursday,12,Motor Vehicle In Transport,09,Roadside,3,,,,,,09,Through Roadway,01,Daylight,4/17/2025,2025-04-17,S,18.9,F,N,,,224F6D910776C6201867443ACCD9669D4E5D95A59F11E7685245F0357602171F,MD,01,No,,,,,01,Dry,,,,,,,,
Property Damage Crashes,MSP7839005Z,Maryland State Police,Front to Rear,Prince George's,Principal Arterial – Other,No,No,No,No,No,LANDOVER RD (SB/L),202,MARYLAND ROUTE,No,True,No,5/24/2025,No,Point,38.91717,-76.848589368,MSP,03,16,03,No,4,,04:28,2025,Saturday,12,Motor Vehicle In Transport,05,On Roadway,3,,,,,,06,Non-Junction,04,Dark - Not Lighted,5/24/2025,2025-05-24,E,73.13,F,N,,,D045B9144F27D98D743AFE55022698ADF9CF648DA93250287FFB0EBA6DBB7AE2,MD,01,No,,,,,01,Dry,,,,,,,,
Property Damage Crashes,DJ0105005M,Seat Pleasant Police Department,Single Vehicle,Prince George's,Principal Arterial – Other,Yes,No,No,No,No,CENTRAL AVE,214,MARYLAND ROUTE,No,True,No,2/6/2025,No,Point,38.886861844,-76.898276250,SEATPLEASANT,101,16,03,Yes,22,04,22:50,2025,Thursday,27,Curb,03,Median,3,Perpendicular,101,State,ADDISON RD,03,05,Intersection or Related,03,Dark - Lighted,2/6/2025,2025-02-06,S,0,F,N,,,C231BFB37B065493B4840A5C2E141A585AFB2E62DFE7F4CD13C6F05481101AA5,MD,01,No,30,Fence,03,Median,01,Dry,01,Signalized,,,,,,
Property Damage Crashes,DA404800GY,Prince George's County Police,Front to Rear,Prince George's,Minor Arterial,No,No,No,No,No,LIVINGSTON RD,1203,COUNTY ROAD,No,True,No,4/2/2025,No,Point,38.805346710,-76.990419024,PGCOPD,03,16,03,Yes,15,,15:45,2025,Wednesday,12,Motor Vehicle In Transport,05,On Roadway,4,,,,,,03,Driveway Access or Related,01,Daylight,4/2/2025,2025-04-02,E,6.95,F,N,,,D84F93A709630C9124AEC18C1B67777A530AE4D24FCBCD286C2CD8E3FC21A10A,CO,01,No,,,,,01,Dry,,,,,,,,
Property Damage Crashes,DA2720007G,Prince George's County Police,Angle,Prince George's,,No,No,No,No,No,,386,SPUR,No,True,No,5/9/2025,No,Point,38.816008897,-76.963144325,PGCOPD,01,16,03,No,17,03,17:32,2025,Friday,12,Motor Vehicle In Transport,05,On Roadway,,Angled/Skewed,,,WHEELER RD,01,05,Intersection or Related,01,Daylight,5/9/2025,2025-05-09,S,0,F,N,,,814A1F9ED95101CABC32486F87388719F7B659DD55CF23C9DFD34F1E2D6F1F54,SP,01,No,,,,,01,Dry,05,No Controls,,,,,,
Property Damage Crashes,DA416800C7,Prince George's County Police,Front to Front,Prince George's,Local,No,No,No,No,No,SOUTHVIEW DR,2251,COUNTY ROAD,No,True,No,4/12/2025,No,Point,38.827929847,-76.992610840,PGCOPD,02,16,03,Yes,13,02,13:19,2025,Saturday,12,Motor Vehicle In Transport,05,On Roadway,7,Perpendicular,,,SOUTHERN AVE,03,05,Intersection or Related,01,Daylight,4/12/2025,2025-04-12,W,0,F,N,,,03A51980C099AF5FCCF612D77BDC22A3ACBBF0ADF8F76A7CA8961AF78D16332F,CO,01,No,,,,,01,Dry,01,Signalized,,,,,,
Property Damage Crashes,MSP744700NG,Maryland State Police,Front to Rear,Prince George's,Interstate,No,No,No,No,No,CAPITAL BELTWAY (SB/L),95,INTERSTATE ROUTE,No,True,No,3/21/2025,No,Point,38.890776197,-76.846787230,MSP,03,16,03,No,19,,19:09,2025,Friday,12,Motor Vehicle In Transport,05,On Roadway,1,,,,,,06,Non-Junction,01,Daylight,3/21/2025,2025-03-21,S,59.65,F,N,,,07B672C28852C0FF53422C8173A3D82CD98BCBB7A00D2D50A3D05C88FFBA651C,IS,01,No,,,,,01,Dry,,,,,,,,
Property Damage Crashes,DA42960048,Prince George's County Police,Rear To Side,Prince George's,Local,No,No,No,No,No,HIL MAR DR,2668,COUNTY ROAD,No,True,No,3/30/2025,No,Point,38.845092259,-76.905212843,PGCOPD,05,16,03,Yes,13,,13:45,2025,Sunday,12,Motor Vehicle In Transport,05,On Roadway,7,,,,,,09,Through Roadway,01,Daylight,3/30/2025,2025-03-30,E,36.72,F,N,,,644C28E6FBE84EADEAB19182D32B80E5D3339D4E2AEEDE02B29F5199C9140D9E,CO,01,No,,,,,01,Dry,,,,,,,,