Crash Severity Description,Reportnumber,Agencyname,CollisionImpact Description,Crash County Description,FunctionalClass Description,ImpairedCrash,Large Vehicle Involved,Motorcycle Crash,Non-Motorist Crash,OffRoad,RoadName,Route Number,RouteType Description,Unrestrained Occupants,WithinDateRange,Work Zone Related,Crashdate,Work Zone Crash,CrashPoint,Latitude,Longitude,AgencyCode,CollisionImpact,Crash County,Crash Severity,Crash Within Interchange,Crashhour,CrashInterchangeApproaches,Crashtime,CrashYear,Dayofweek,FirstHarmEvent,FirstHarmEvent Description,FirstHarmLocation,FirstHarmLocation Description,FunctionalClass,Geometry Description,GovPropertyDamage,GovPropertyDamage Description,IntersectingRoadName,Intersection Geometry,JunctionRelated,JunctionRelated Description,Light,Light Description,LOD Crash Date,LOD Date Level,MilepointDirection,MilepointDistance,MilepointUnits,NonTrafficFatal,OffroadLocation,OffroadLocation Description,RoadID,RouteType,SchoolBusRelated,SchoolBusRelated Description,SecondHarmEvent,SecondHarmEvent Description,SecondHarmLocation,SecondHarmLocation Description,Surface,Surface Description,TrafficControl,Trafficcontrol Description,WZLawEnforcementPresent,WZLocation,WZLocation Description,WZType,WZType Description,WZWorkersPresent
Property Damage Crashes,DA29750020,Prince George's County Police,Front to Front,Prince George's,,No,No,No,No,No,ARDWICK ARDMORE RD (EB/L),65,COUNTY ROAD,No,True,No,3/4/2025,No,Point,38.936536358,-76.846652735,PGCOPD,02,16,03,No,7,,07:30,2025,Tuesday,12,Motor Vehicle In Transport,05,On Roadway,,,,,,,03,Driveway Access or Related,01,Daylight,3/4/2025,2025-03-04,W,7.37,F,N,,,A3E50993A9003BF3CB492287F25A1EB29734E29AA261A0FCC94307A921456C68,CO,01,No,,,,,01,Dry,,,,,,,,
Injury Crashes,MSP78710021,Maryland State Police,Front to Rear,Prince George's,Interstate,No,No,No,No,No,CAPITAL BELTWAY,95,INTERSTATE ROUTE,No,True,No,2/14/2025,No,Point,38.988032425,-76.882608371,MSP,03,16,02,No,13,,13:56,2025,Friday,12,Motor Vehicle In Transport,05,On Roadway,1,,,,,,09,Through Roadway,01,Daylight,2/14/2025,2025-02-14,N,23.35,F,N,,,B433DE00D1044A5BB08C1D6881AF44DD769CC8E2A9B10B4127C4A4D495FEFBDF,IS,01,No,,,,,01,Dry,,,,,,,,
Property Damage Crashes,MSP718600HW,Maryland State Police,Single Vehicle,Prince George's,Interstate,No,No,No,No,No,CAPITAL BELTWAY (SB/L),95,INTERSTATE ROUTE,Yes,True,No,1/8/2025,No,Point,38.920633547,-76.853807011,MSP,101,16,03,No,21,,21:31,2025,Wednesday,35,"Other Fixed Object (wall, building, tunnel, etc.)",09,Roadside,1,,,,,,09,Through Roadway,05,Dark - Unknown Lighting,1/8/2025,2025-01-08,N,489.31,F,N,,,AE73BD89B1522E84548902616605EDCEE34A586B30894BEC904D914B59B76DFC,IS,01,No,,,,,01,Dry,,,,,,,,
Property Damage Crashes,DA4050006W,Prince George's County Police,"Sideswipe, Same Direction",Prince George's,Local,No,No,No,No,No,KNOX RD,670,MUNICIPAL ROAD,No,True,No,5/21/2025,No,Point,38.981108993,-76.940496862,PGCOPD,07,16,03,No,2,,02:10,2025,Wednesday,15,Parked Vehicle,05,On Roadway,7,,100,Local,,,09,Through Roadway,03,Dark - Lighted,5/21/2025,2025-05-21,W,20.8,F,N,,,37B003B18787943971F877B9FFA25CBFF9872A45F44E6D8E8B0B0BBBB2DDC4CE,MU,01,No,,,,,01,Dry,,,,,,,,
Property Damage Crashes,DA381700LH,Prince George's County Police,Angle,Prince George's,Local,No,No,No,No,No,ABSHER LA,3356,COUNTY ROAD,No,True,No,2/13/2025,No,Point,38.764646953,-76.902127860,PGCOPD,01,16,03,Yes,15,02,15:14,2025,Thursday,12,Motor Vehicle In Transport,05,On Roadway,7,Perpendicular,,,PISCATAWAY RD,03,05,Intersection or Related,01,Daylight,2/13/2025,2025-02-13,S,0,F,N,,,7E6C38DA818E30BC0E7FCF433E2D9413BBB2F8D97CA6811791A55A117E15F16E,CO,01,No,,,,,01,Dry,02,Stop - All Way,,,,,,
Property Damage Crashes,DA4395001N,Prince George's County Police,"Sideswipe, Same Direction",Prince George's,,No,No,No,No,Yes,,,,No,True,No,2/8/2025,No,Point,38.991164469,-76.988759666,PGCOPD,07,16,03,,9,,09:50,2025,Saturday,12,Motor Vehicle In Transport,02,In Parking Lane Or Zone,,,,,,,,,01,Daylight,2/8/2025,2025-02-08,,,F,N,102,Parking Lot Way,,,01,No,,,,,,,,,,,,,,
Injury Crashes,MSP7872001V,Maryland State Police,Front to Rear,Prince George's,Principal Arterial – Other,No,No,No,No,No,CRAIN HWY,301,UNITED STATE ROUTE,No,True,No,1/31/2025,No,Point,38.797297628,-76.762486104,MSP,03,16,02,No,15,,15:06,2025,Friday,12,Motor Vehicle In Transport,05,On Roadway,3,,101,State,,,09,Through Roadway,01,Daylight,1/31/2025,2025-01-31,W,69.69,F,N,,,DABB043CA1A00308164E63A39157C93D5BC4D7780157EBCBA97FA1F0F90644AA,US,01,No,12,Motor Vehicle In Transport,05,On Roadway,09,Wet,,,,,,,,
Property Damage Crashes,DA4193007Q,Prince George's County Police,"Sideswipe, Same Direction",Prince George's,Principal Arterial – Other,No,No,No,No,No,KENILWORTH AVE (SB/L),201,MARYLAND ROUTE,No,True,No,1/3/2025,No,Point,38.972353117,-76.915300802,PGCOPD,07,16,03,No,16,,16:57,2025,Friday,12,Motor Vehicle In Transport,05,On Roadway,3,,,,,,06,Non-Junction,03,Dark - Lighted,1/3/2025,2025-01-03,S,17.05,F,N,,,D3968862C74675675282EC3BEFD21E8E844A338736FF654015D0D74259ACB5C8,MD,01,No,,,,,09,Wet,,,,,,,,
Property Damage Crashes,MSP7872004W,Maryland State Police,Front to Rear,Prince George's,Interstate,No,No,No,No,No,CAPITAL BELTWAY,95,INTERSTATE ROUTE,No,True,No,6/6/2025,No,Point,38.808511400,-76.970310247,MSP,03,16,03,Yes,15,,15:30,2025,Friday,12,Motor Vehicle In Transport,05,On Roadway,1,,,,RAMP 3 FR IS 95 EB TO MD 414 NB,,09,Through Roadway,01,Daylight,6/6/2025,2025-06-06,S,5.98,F,N,,,AD0D2E9C8AF7D24AECE4A6AA1DB9554F54A512EF2E94EDBFA8EAECDF15293B74,IS,01,No,,,,,01,Dry,,,,,,,,
Property Damage Crashes,DA4297003M,Prince George's County Police,Front to Rear,Prince George's,,No,No,No,No,No,OLD GUNPOWDER RD (NB/L),2,COUNTY ROAD,No,True,No,1/26/2025,No,Point,39.099511910,-76.907649695,PGCOPD,03,16,03,No,17,,17:43,2025,Sunday,12,Motor Vehicle In Transport,05,On Roadway,,,,,,,99,Unknown,04,Dark - Not Lighted,1/26/2025,2025-01-26,N,11.59,F,N,,,F0192976F0B72ACBB64A31E3E9B7F54670D2D435631FC3E3E78CFB17FFB8CBB4,CO,01,No,,,,,01,Dry,,,,,,,,
Property Damage Crashes,MSP743900MW,Maryland State Police,Front to Rear,Prince George's,Interstate,No,No,No,No,No,NO NAME (SB/L),95,INTERSTATE ROUTE,No,True,No,3/18/2025,No,Point,39.024323553,-76.949634009,MSP,03,16,03,No,17,,17:20,2025,Tuesday,12,Motor Vehicle In Transport,05,On Roadway,1,,,,,,04,Entrance/Exit Ramp or Related,01,Daylight,3/18/2025,2025-03-18,S,62.2,F,N,,,1D780496BF69B93488A3F750E3BA43B938792EF55D0D791D0AD0AF34AE583401,IS,01,No,,,,,01,Dry,,,,,,,,
Property Damage Crashes,DA44190007,Prince George's County Police,Single Vehicle,Prince George's,Minor Arterial,No,No,No,No,No,HARRY S TRUMAN DR (SB/L),3465,COUNTY ROAD,No,True,No,1/3/2025,No,Point,38.876045943,-76.827025593,PGCOPD,101,16,03,No,20,,20:15,2025,Friday,40,Tree (standing),04,"Off-Roadway, Location Unknown",4,,,,,,06,Non-Junction,03,Dark - Lighted,1/3/2025,2025-01-03,E,35.59,F,N,,,59A2627A9A16BBD71ACD7CCFEA22D3993FD02F2D319B9758D8D6EAFF776CC4D1,CO,01,No,,,,,09,Wet,,,,,,,,
Property Damage Crashes,DA419600DP,Prince George's County Police,Single Vehicle,Prince George's,Major Collector,No,No,No,No,No,OLD SILVER HILL RD,414,MARYLAND ROUTE,No,True,No,5/11/2025,No,Point,38.8415247,-76.9457194,PGCOPD,101,16,03,Unknown,1,,01:09,2025,Sunday,36,"Other Post, Pole, Or Support",05,On Roadway,5,,,,,,99,Unknown,03,Dark - Lighted,5/11/2025,2025-05-11,N,29.22,F,N,,,3B3CED1DA258BF37AC1B004BEFE3A497433E70E5C845C716DB1C93F5E9F5D31E,MD,01,No,,,,,01,Dry,,,,,,,,
Property Damage Crashes,DA4141004X,Prince George's County Police,Angle,Prince George's,,Yes,No,No,No,No,,680,COUNTY ROAD,No,True,No,6/1/2025,No,Point,38.983139995,-76.971186575,PGCOPD,01,16,03,No,0,,00:15,2025,Sunday,15,Parked Vehicle,09,Roadside,,,,,LEWISDALE DR,,06,Non-Junction,03,Dark - Lighted,6/1/2025,2025-06-01,W,37.35,F,N,,,79A6C6837860EDB2957BB55A9CCD7FB28A63F35612958605767A6A0908150C76,CO,01,No,97,Not Applicable,,,01,Dry,,,,,,,,
Property Damage Crashes,DA4057008L,Prince George's County Police,Front to Rear,Prince George's,Local,No,No,No,No,No,LANHAM STATION RD,386,COUNTY ROAD,No,True,No,2/22/2025,No,Point,38.953635842,-76.857153134,PGCOPD,03,16,03,Yes,21,04,21:51,2025,Saturday,12,Motor Vehicle In Transport,09,Roadside,7,Perpendicular,,,CRANDALL RD WHITFIELD CHAPEL RD,03,05,Intersection or Related,03,Dark - Lighted,2/22/2025,2025-02-22,S,0,F,N,,,CFFB78F63066B4ECF7A83585D753A1C5D9DE67520E78A4F9F0D291D75EEE435B,CO,01,No,,,,,01,Dry,01,Signalized,,,,,,
Property Damage Crashes,DA357800C6,Prince George's County Police,Front to Rear,Prince George's,Major Collector,No,No,No,No,No,SHADYSIDE AVE (NB/L),3640,COUNTY ROAD,No,True,No,4/11/2025,No,Point,38.865103359,-76.932957319,PGCOPD,03,16,03,No,19,04,19:35,2025,Friday,12,Motor Vehicle In Transport,05,On Roadway,5,Perpendicular,,,ATLON ST (NB/L),03,05,Intersection or Related,03,Dark - Lighted,4/11/2025,2025-04-11,S,0,F,N,,,B9DD4A03AA6DCC333319FD1D4B3FA09F61C9A55E92F4A20106D52F95671D024F,CO,01,No,12,Motor Vehicle In Transport,05,On Roadway,09,Wet,01,Signalized,,,,,,
Property Damage Crashes,DA3375007J,Prince George's County Police,Angle,Prince George's,,No,No,No,No,No,,81,COUNTY ROAD,No,True,No,3/21/2025,No,Point,38.848463619,-76.923960535,PGCOPD,01,16,03,No,7,,07:30,2025,Friday,12,Motor Vehicle In Transport,05,On Roadway,,,,,,,06,Non-Junction,01,Daylight,3/21/2025,2025-03-21,S,19.35,F,N,,,83A25DC840766103024670C3EF6ACF6A71806918F8A3D412CB48C7A175009697,CO,01,No,27,Curb,09,Roadside,01,Dry,,,,,,,,
Property Damage Crashes,BW01910022,Greenbelt Police Department,Rear To Side,Prince George's,Principal Arterial – Other,No,No,No,No,No,GREENBELT RD,193,MARYLAND ROUTE,No,True,No,3/6/2025,No,Point,38.996015689,-76.893007524,GREENBELT,05,16,03,No,8,03,08:26,2025,Thursday,12,Motor Vehicle In Transport,03,Median,3,Perpendicular,,,CAPITOL DR,03,05,Intersection or Related,01,Daylight,3/6/2025,2025-03-06,S,0,F,N,,,5800947F3B1CFC0C6BF83E32CAEDEC3C71CB31B8289C68CC5D6C3BC5A8C8A5C3,MD,01,No,,,,,01,Dry,03,Stop - Partial,,,,,,
Property Damage Crashes,DA3057009H,Prince George's County Police,"Sideswipe, Opposite Direction",Prince George's,,No,No,No,No,No,ALLENTOWN RD (SB/L),126,COUNTY ROAD,No,True,No,2/3/2025,No,Point,38.762469536,-76.955219848,PGCOPD,06,16,03,Yes,16,02,16:00,2025,Monday,12,Motor Vehicle In Transport,05,On Roadway,,Perpendicular,,,STEED RD,03,05,Intersection or Related,01,Daylight,2/3/2025,2025-02-03,N,0,F,N,,,E2284D4E8BAA739C36B702170C787C7365A467D381D506BE4D32FDF93E7A9CFE,CO,01,No,,,,,01,Dry,01,Signalized,,,,,,
Injury Crashes,DA4418000F,Prince George's County Police,Angle,Prince George's,Minor Arterial,No,No,No,No,No,RIGGS RD,212,MARYLAND ROUTE,No,True,No,1/4/2025,No,Point,38.961895274,-76.994677917,PGCOPD,01,16,02,No,18,,18:15,2025,Saturday,12,Motor Vehicle In Transport,05,On Roadway,4,,,,,,01,Acceleration/Deceleration Lane,03,Dark - Lighted,1/4/2025,2025-01-04,N,52.46,F,N,,,CEF57BBAE87F521C2BE16D208ED66D2EE5A70166C3AEEC30D8DA59C7170D555A,MD,01,No,,,,,01,Dry,,,,,,,,
Property Damage Crashes,MSP78390057,Maryland State Police,Single Vehicle,Prince George's,Interstate,No,No,No,No,No,CAPITAL BELTWAY (SB/L),95,INTERSTATE ROUTE,No,True,No,5/9/2025,No,Point,38.81863,-76.93173,MSP,101,16,03,No,6,,06:50,2025,Friday,32,Guardrail Face,09,Roadside,1,,,,,,06,Non-Junction,01,Daylight,5/9/2025,2025-05-09,W,31.74,F,N,,,0D915C9002B547D7EDBBAA44127B1742EC53729D690DA28029B2EA753E6C7641,IS,01,No,,,,,09,Wet,,,,,,,,
Property Damage Crashes,DA3372003W,Prince George's County Police,Front to Rear,Prince George's,Principal Arterial – Other Freeways and Expressways,No,No,No,No,No,INDIAN HEAD HWY (SB/L),210,MARYLAND ROUTE,No,True,No,3/10/2025,No,Point,38.779183893,-76.997322585,PGCOPD,03,16,03,No,16,,16:10,2025,Monday,12,Motor Vehicle In Transport,05,On Roadway,2,,,,,,06,Non-Junction,01,Daylight,3/10/2025,2025-03-10,S,38.12,F,N,,,40D266376C3EBA291198A081099B21B264A67CC161C0437226D3546D2ED74BC4,MD,01,No,,,,,01,Dry,,,,,,,,
Property Damage Crashes,DA406900B2,Prince George's County Police,Single Vehicle,Prince George's,Local,No,No,No,No,No,NO NAME,193,MARYLAND ROUTE,No,True,No,4/18/2025,No,Point,39.000745865,-76.928699264,PGCOPD,101,16,03,No,22,,22:24,2025,Friday,32,Guardrail Face,09,Roadside,7,,,,UNIVERSITY BLVD,,09,Through Roadway,04,Dark - Not Lighted,4/18/2025,2025-04-18,S,16.3,F,N,,,57F320CEDC2AF59FC1E25BD046B398AB1DB5C96BB0B29F9674F737F2ACBA9836,MD,01,No,,,,,01,Dry,,,,,,,,
Property Damage Crashes,BE0104001T,District Heights Police Department,Single Vehicle,Prince George's,Local,No,Yes,No,Yes,No,GATEWAY BLVD,150,MUNICIPAL ROAD,No,True,No,5/7/2025,No,Point,38.857688856,-76.888897104,DISTHEIGHTS,101,16,03,No,18,,18:44,2025,Wednesday,16,Pedalcycle,05,On Roadway,7,,,,,,06,Non-Junction,01,Daylight,5/7/2025,2025-05-07,S,7.01,F,N,,,440D2E407652F9CE1BBE16449897FEBDD1225619F47802733E567F24A06CAD1D,MU,01,No,12,Motor Vehicle In Transport,05,On Roadway,01,Dry,,,,,,,,
Property Damage Crashes,DA325700D8,Prince George's County Police,Angle,Prince George's,,No,No,No,No,No,,6701,COUNTY ROAD,No,True,No,2/8/2025,No,Point,39.034842227,-76.921205321,PGCOPD,01,16,03,Yes,18,04,18:37,2025,Saturday,12,Motor Vehicle In Transport,05,On Roadway,,Perpendicular,,,MONTGOMERY RD,03,05,Intersection or Related,03,Dark - Lighted,2/8/2025,2025-02-08,E,0,F,N,,,5BB98B8C33DA5A03DDB6DFF1D7BF8A8D7610C40322400E20660253D568EDE93A,CO,01,No,,,,,09,Wet,02,Stop - All Way,,,,,,
Property Damage Crashes,DA4342004C,Prince George's County Police,Other,Prince George's,Minor Arterial,No,No,No,No,No,WALKER MILL RD,367,COUNTY ROAD,No,True,No,5/28/2025,No,Point,38.872765284,-76.856255459,PGCOPD,98,16,03,No,8,,08:30,2025,Wednesday,12,Motor Vehicle In Transport,05,On Roadway,4,,,,,,09,Through Roadway,01,Daylight,5/28/2025,2025-05-28,N,32.62,F,N,,,944CB00527486042394903F7E0FE46290424ED2FD2E5C8BB1F4956895C7CEB98,CO,01,No,,,,,01,Dry,,,,,,,,
Property Damage Crashes,DA43430036,Prince George's County Police,"Sideswipe, Opposite Direction",Prince George's,,No,No,No,No,No,,1408,PRIVATE ROAD,No,True,No,4/11/2025,No,Point,39.047530789,-76.837937221,PGCOPD,06,16,03,No,0,,00:30,2025,Friday,12,Motor Vehicle In Transport,05,On Roadway,,,,,,,06,Non-Junction,03,Dark - Lighted,4/11/2025,2025-04-11,N,21.42,F,N,,,9FE81A78ACDA87E72A0E1A3CDFC92610E62D2688DBD6DD4D65F86C5D8B105634,PV,01,No,,,,,01,Dry,,,,,,,,
Property Damage Crashes,DA3546009H,Prince George's County Police,Single Vehicle,Prince George's,Principal Arterial – Other,No,No,No,No,No,CRAIN HWY,301,UNITED STATE ROUTE,No,True,No,5/19/2025,No,Point,38.795833738,-76.765986030,PGCOPD,101,16,03,No,17,,17:43,2025,Monday,31,Guardrail End Terminal,01,Gore,3,,,,NO NAME,,06,Non-Junction,01,Daylight,5/19/2025,2025-05-19,S,29.64,F,N,,,EA82AB75BA31A50B41C66B17512F0F394E4F3A1F7ECA4CF5762B82ECFDA1F106,US,01,No,,,,,01,Dry,,,,,,,,
Property Damage Crashes,MSP738100CF,Maryland State Police,Single Vehicle,Prince George's,Principal Arterial – Other,No,No,No,No,No,CRAIN HWY (SB/L),301,UNITED STATE ROUTE,No,True,No,4/17/2025,No,Point,38.860569393,-76.724852597,MSP,101,16,03,No,23,,23:39,2025,Thursday,09,Animal (live),05,On Roadway,3,,,,,,01,Acceleration/Deceleration Lane,04,Dark - Not Lighted,4/17/2025,2025-04-17,W,7.29,F,N,,,E3F74F7934FDA0FFB57DF6621B6F4E31E6735C1653D746432CA64890CF95EDCE,US,01,No,,,,,01,Dry,,,,,,,,
Property Damage Crashes,MSP766400B1,Maryland State Police,Front to Rear,Prince George's,Interstate,No,No,No,No,No,CAPITAL BELTWAY,95,INTERSTATE ROUTE,No,True,No,4/11/2025,No,Point,38.985266559,-76.879817685,MSP,03,16,03,No,12,,12:50,2025,Friday,12,Motor Vehicle In Transport,05,On Roadway,1,,,,,,09,Through Roadway,01,Daylight,4/11/2025,2025-04-11,N,28.98,F,N,,,506EAEF0B4F89306B7FB7524E08FB12872FE8469C36A83B2E85DC463556BC148,IS,01,No,,,,,09,Wet,,,,,,,,
Injury Crashes,DA4249006R,Prince George's County Police,Angle,Prince George's,Major Collector,No,No,No,No,No,BRIGHTSEAT RD,76,COUNTY ROAD,No,True,No,4/1/2025,No,Point,38.914073409,-76.853425467,PGCOPD,01,16,02,No,6,,06:46,2025,Tuesday,12,Motor Vehicle In Transport,05,On Roadway,5,,,,,,06,Non-Junction,01,Daylight,4/1/2025,2025-04-01,S,32.5,F,N,,,1DB71C1A3185D4E10767BDFFE89BC8BE4363BC3E8D3F2142CEE8B760250D5D81,CO,01,No,36,"Other Post, Pole, Or Support",09,Roadside,01,Dry,,,,,,,,
Property Damage Crashes,DA3380009N,Prince George's County Police,Single Vehicle,Prince George's,Major Collector,No,No,No,No,No,BRANDYWINE RD,381,MARYLAND ROUTE,No,True,No,3/31/2025,No,Point,38.696071250,-76.865304620,PGCOPD,101,16,03,No,6,,06:00,2025,Monday,32,Guardrail Face,01,Gore,5,,,,,,01,Acceleration/Deceleration Lane,03,Dark - Lighted,3/31/2025,2025-03-31,N,30.93,F,N,,,DF6731E9550227A1F4580AA2B6C83F8003A3E55DA640A7A0BE4E5B2D937BBA97,MD,01,No,32,Guardrail Face,01,Gore,01,Dry,,,,,,,,
Property Damage Crashes,DA4365003H,Prince George's County Police,Front to Rear,Prince George's,Local,No,No,No,No,No,4TH ST,44,COUNTY ROAD,No,True,No,1/27/2025,No,Point,38.972246032,-76.852285577,PGCOPD,03,16,03,No,15,04,15:54,2025,Monday,12,Motor Vehicle In Transport,05,On Roadway,7,Perpendicular,,,93RD AVE,03,05,Intersection or Related,01,Daylight,1/27/2025,2025-01-27,S,0,F,N,,,BF73BFB99EFC92ED6D0794C529BA9765939B32A49AABBB7A75AB47CC8ABA626B,CO,01,No,,,,,01,Dry,03,Stop - Partial,,,,,,
Property Damage Crashes,DA4296003Z,Prince George's County Police,"Sideswipe, Same Direction",Prince George's,,No,No,No,No,No,MARLBORO PIKE (NB/L),3074,COUNTY ROAD,No,True,No,2/24/2025,No,Point,38.852395173,-76.894337174,PGCOPD,07,16,03,No,19,,19:00,2025,Monday,12,Motor Vehicle In Transport,05,On Roadway,,,100,Local,,,09,Through Roadway,03,Dark - Lighted,2/24/2025,2025-02-24,E,27.45,F,N,,,81C64806DCD982BF3719A85217596E257143350B74F1FE06D263938FDA62EF4A,CO,01,No,36,"Other Post, Pole, Or Support",05,On Roadway,01,Dry,,,,,,,,
Property Damage Crashes,DA36050072,Prince George's County Police,Front to Rear,Prince George's,Minor Arterial,No,No,No,No,No,SHERIFF RD,75,COUNTY ROAD,No,True,No,4/18/2025,No,Point,38.905188027,-76.915587088,PGCOPD,03,16,03,No,14,,14:25,2025,Friday,12,Motor Vehicle In Transport,05,On Roadway,4,,,,,,06,Non-Junction,01,Daylight,4/18/2025,2025-04-18,E,12.28,F,N,,,B96DED30E64E067D4DCC3A682C55FB4486F6134851913B5BE9F72D8452D09C2B,CO,01,No,,,,,01,Dry,,,,,,,,
Injury Crashes,DS0529000H,University of Maryland Police College Park,Angle,Prince George's,Local,No,No,No,No,No,FIELD HOUSE DR,168,STATE ROAD,Yes,True,No,4/8/2025,No,Point,38.989042991,-76.940662470,UMCP,01,16,02,No,20,,20:16,2025,Tuesday,12,Motor Vehicle In Transport,05,On Roadway,7,,,,REGENTS DR,,06,Non-Junction,03,Dark - Lighted,4/8/2025,2025-04-08,N,6.57,F,N,,,FB8304CB9E238C233CDA7968C5EA4969C82D72BB4A69A160D63534BBD222A0A2,SR,01,No,,,,,01,Dry,,,,,,,,
Injury Crashes,DA4309002S,Prince George's County Police,Unknown,Prince George's,,No,No,No,Yes,Yes,,,,No,True,No,3/6/2025,No,Point,38.894477642,-76.824779101,PGCOPD,99,16,02,,5,,05:49,2025,Thursday,17,Pedestrian,02,In Parking Lane Or Zone,,,,,,,,,01,Daylight,3/6/2025,2025-03-06,,,F,N,102,Parking Lot Way,,,01,No,17,Pedestrian,02,In Parking Lane Or Zone,,,,,,,,,,
Property Damage Crashes,DA44280014,Prince George's County Police,Rear To Side,Prince George's,Minor Arterial,No,No,No,No,No,LANHAM SEVERN RD (WB/L),564,MARYLAND ROUTE,No,True,No,5/3/2025,No,Point,38.987339821,-76.819747749,PGCOPD,05,16,03,No,16,,16:47,2025,Saturday,12,Motor Vehicle In Transport,05,On Roadway,4,,,,GLENN DALE RD,,09,Through Roadway,01,Daylight,5/3/2025,2025-05-03,W,11.18,F,N,,,4B806AF1E44758A6D90D03DB5D2B7E894AEB08D3C864392CD76898EC33E62351,MD,01,No,,,,,01,Dry,,,,,,,,
Property Damage Crashes,DA4391000Y,Prince George's County Police,Front to Front,Prince George's,Local,No,No,No,No,No,ATWOOD ST,30,MUNICIPAL ROAD,No,True,No,2/26/2025,No,Point,38.861361373,-76.893104189,PGCOPD,02,16,03,No,6,,06:56,2025,Wednesday,12,Motor Vehicle In Transport,05,On Roadway,7,,,,,,06,Non-Junction,01,Daylight,2/26/2025,2025-02-26,E,14.37,F,N,,,AD2DD75946457E47083B2308BBDCA8779736DA8C8F61BB6AACC6D3C25A65985C,MU,01,No,,,,,01,Dry,,,,,,,,
Property Damage Crashes,DA36080013,Prince George's County Police,Front to Rear,Prince George's,,No,No,No,No,No,,60,SPUR,No,True,No,5/5/2025,No,Point,38.837571539,-76.861667470,PGCOPD,03,16,03,No,22,,22:00,2025,Monday,12,Motor Vehicle In Transport,09,Roadside,,,,,,,06,Non-Junction,03,Dark - Lighted,5/5/2025,2025-05-05,N,14.87,F,N,,,B0E0FB37C7A774EE62160373DA5B75681B63D515CB6A63B82969E3DE8A3399EC,SP,01,No,,,,,09,Wet,,,,,,,,
Injury Crashes,MSP77730027,Maryland State Police,Single Vehicle,Prince George's,Interstate,Yes,No,No,No,No,NO NAME,95,INTERSTATE ROUTE,Yes,True,No,4/20/2025,No,Point,39.077343344,-76.902644515,MSP,101,16,02,No,23,,23:40,2025,Sunday,40,Tree (standing),03,Median,1,,,,,,06,Non-Junction,03,Dark - Lighted,4/20/2025,2025-04-20,N,43.52,F,N,,,EB3446B15CCCFAE087F1BFE6C8ED1BE19927B62E1EA56AA9C327A431899E5797,IS,01,No,,,,,01,Dry,,,,,,,,
Injury Crashes,BW0224000B,Greenbelt Police Department,Single Vehicle,Prince George's,Principal Arterial – Other,No,No,No,No,No,GREENBELT RD,193,MARYLAND ROUTE,No,True,No,6/2/2025,No,Point,38.994021073,-76.876134526,GREENBELT,101,16,02,Yes,12,,12:40,2025,Monday,27,Curb,01,Gore,3,,,,,,10,"Other Location Not Listed Above Within an Interchange Area (median,
shoulder and roadside)",01,Daylight,6/2/2025,2025-06-02,N,18.35,F,N,,,0B8784BF6D8A1BC90E6E96B38F31A70114744C0D57F4DCB19CC9EEBC6DD6D808,MD,01,No,,,,,01,Dry,,,,,,,,
Property Damage Crashes,CBPD0114004K,Bowie Police Department,Front to Rear,Prince George's,,No,No,No,No,No,,125,BIKE ROUTE,No,True,No,1/8/2025,No,Point,38.974199415,-76.755975645,BOWIE,03,16,03,No,19,,19:38,2025,Wednesday,12,Motor Vehicle In Transport,05,On Roadway,,,,,,,06,Non-Junction,03,Dark - Lighted,1/8/2025,2025-01-08,S,39.94,F,N,,,2D30F6C586E26BA085A2D1DF5F56AB2CC7DAF0B5A0B4C17E6462FAAC86E9A147,BK,01,No,,,,,02,Ice/Frost,,,,,,,,
Injury Crashes,DA34060031,Prince George's County Police,Front to Rear,Prince George's,Principal Arterial – Other,No,No,No,No,No,BALTIMORE AVE,1,UNITED STATE ROUTE,No,True,No,4/4/2025,No,Point,39.051884588,-76.896109244,PGCOPD,03,16,02,No,19,,19:08,2025,Friday,12,Motor Vehicle In Transport,05,On Roadway,3,,101,State,,,06,Non-Junction,101,Dusk,4/4/2025,2025-04-04,E,23.08,F,N,,,50300B3B0011AD7FCE89C04DADF9A5655D8F7FAEED48EBBD0E0AE3DFD7448DB9,US,01,No,32,Guardrail Face,07,"On Shoulder, Right Side",01,Dry,,,,,,,,
Property Damage Crashes,DA384000JT,Prince George's County Police,"Sideswipe, Opposite Direction",Prince George's,Local,No,No,No,No,No,AUDREY LA (NB/L),660,COUNTY ROAD,No,True,No,6/1/2025,No,Point,38.818832681,-76.999060344,PGCOPD,06,16,03,No,13,,13:45,2025,Sunday,12,Motor Vehicle In Transport,05,On Roadway,7,,,,,,06,Non-Junction,01,Daylight,6/1/2025,2025-06-01,N,17.66,F,N,,,B02D73835935923600E1ADC76E8648E2FF16024B63F74CC541B1D7A172D88F0E,CO,01,No,,,,,01,Dry,,,,,,,,
Property Damage Crashes,DA3829005L,Prince George's County Police,Front to Rear,Prince George's,Principal Arterial – Other,No,No,No,No,No,GREENBELT RD (WB/L),193,MARYLAND ROUTE,No,True,No,3/7/2025,No,Point,38.994229219,-76.876172069,PGCOPD,03,16,03,No,10,,10:15,2025,Friday,12,Motor Vehicle In Transport,05,On Roadway,3,,,,,,06,Non-Junction,01,Daylight,3/7/2025,2025-03-07,N,5.86,F,N,,,10F01DEE0F708CB66E2E03A69BBDD260B1257114C2A6995C12D4B22EEF98372E,MD,01,No,,,,,01,Dry,,,,,,,,