Crash Severity Description,Reportnumber,Agencyname,CollisionImpact Description,Crash County Description,FunctionalClass Description,ImpairedCrash,Large Vehicle Involved,Motorcycle Crash,Non-Motorist Crash,OffRoad,RoadName,Route Number,RouteType Description,Unrestrained Occupants,WithinDateRange,Work Zone Related,Crashdate,Work Zone Crash,CrashPoint,Latitude,Longitude,AgencyCode,CollisionImpact,Crash County,Crash Severity,Crash Within Interchange,Crashhour,CrashInterchangeApproaches,Crashtime,CrashYear,Dayofweek,FirstHarmEvent,FirstHarmEvent Description,FirstHarmLocation,FirstHarmLocation Description,FunctionalClass,Geometry Description,GovPropertyDamage,GovPropertyDamage Description,IntersectingRoadName,Intersection Geometry,JunctionRelated,JunctionRelated Description,Light,Light Description,LOD Crash Date,LOD Date Level,MilepointDirection,MilepointDistance,MilepointUnits,NonTrafficFatal,OffroadLocation,OffroadLocation Description,RoadID,RouteType,SchoolBusRelated,SchoolBusRelated Description,SecondHarmEvent,SecondHarmEvent Description,SecondHarmLocation,SecondHarmLocation Description,Surface,Surface Description,TrafficControl,Trafficcontrol Description,WZLawEnforcementPresent,WZLocation,WZLocation Description,WZType,WZType Description,WZWorkersPresent
Injury Crashes,DA4416000Q,Prince George's County Police,Front to Rear,Prince George's,Minor Arterial,No,No,No,No,No,WALKER MILL RD,367,COUNTY ROAD,No,True,No,6/1/2025,No,Point,38.875297877,-76.862000470,PGCOPD,03,16,02,No,14,,14:32,2025,Sunday,12,Motor Vehicle In Transport,05,On Roadway,4,,,,,,06,Non-Junction,01,Daylight,6/1/2025,2025-06-01,E,30.77,F,N,,,918A4073CFF0A8F99012815857901071827D1F8A7B541A336649B405B99A46E3,CO,01,No,,,,,01,Dry,,,,,,,,
Property Damage Crashes,DA3190000C,Prince George's County Police,Front to Rear,Prince George's,Principal Arterial – Other,No,No,No,No,No,LANDOVER RD (SB/L),202,MARYLAND ROUTE,No,True,No,2/5/2025,No,Point,38.933269299,-76.907653595,PGCOPD,03,16,03,No,11,,11:00,2025,Wednesday,12,Motor Vehicle In Transport,05,On Roadway,3,,,,,,06,Non-Junction,01,Daylight,2/5/2025,2025-02-05,W,26.12,F,N,,,F4CF82A0AF01EC5BBE6E85BCEA1548285094AB7CE8A1F31E7480FA3CA7BC8F4C,MD,01,No,,,,,01,Dry,,,,,,,,
Injury Crashes,AM0393001R,Bladensburg Police Department,Angle,Prince George's,Principal Arterial – Other,No,No,No,No,No,ANNAPOLIS RD,450,MARYLAND ROUTE,No,True,No,5/20/2025,No,Point,38.939454325,-76.933378493,BLADENSBURG,01,16,02,No,7,,07:55,2025,Tuesday,12,Motor Vehicle In Transport,05,On Roadway,3,,,,,,06,Non-Junction,01,Daylight,5/20/2025,2025-05-20,S,7.83,F,N,,,D75148F521B9E4980D11519A9C09832468589F6DE0FD37352E794C1ECF55598E,MD,01,No,,,,,01,Dry,,,,,,,,
Property Damage Crashes,MSP7872002M,Maryland State Police,Single Vehicle,Prince George's,Principal Arterial – Other Freeways and Expressways,No,No,No,No,No,BRANCH AVE,5,MARYLAND ROUTE,No,True,No,2/25/2025,No,Point,38.798491667,-76.901361341,MSP,101,16,03,No,16,,16:00,2025,Tuesday,32,Guardrail Face,03,Median,2,,101,State,,,09,Through Roadway,01,Daylight,2/25/2025,2025-02-25,E,17.08,F,N,,,ECD2A39368F56A1353B9E8DC0434D96E7B9E778E021C57FE6DE5C0582FA182AF,MD,01,No,,,,,01,Dry,,,,,,,,
Property Damage Crashes,DA4352002Y,Prince George's County Police,Front to Rear,Prince George's,Principal Arterial – Other Freeways and Expressways,No,No,No,No,No,INDIAN HEAD HWY,210,MARYLAND ROUTE,No,True,No,4/29/2025,No,Point,38.669996517,-77.011781392,PGCOPD,03,16,03,No,7,,07:33,2025,Tuesday,12,Motor Vehicle In Transport,05,On Roadway,2,,,,,,09,Through Roadway,01,Daylight,4/29/2025,2025-04-29,N,20.94,F,N,,,A1BCA9C2B5BD859DE87F79303992E0DB49A2EB67C7D4F31FF16CE198B074191F,MD,01,No,,,,,01,Dry,,,,,,,,
Property Damage Crashes,CNC3114002V,New Carrollton Police Department,Angle,Prince George's,,No,No,No,No,Yes,,,,No,True,No,2/9/2025,No,Point,38.957488738,-76.869397126,NCPD,01,16,03,,5,,05:50,2025,Sunday,15,Parked Vehicle,02,In Parking Lane Or Zone,,,,,,,,,03,Dark - Lighted,2/9/2025,2025-02-09,,,F,N,102,Parking Lot Way,,,01,No,97,Not Applicable,,,,,,,,,,,,
Property Damage Crashes,CBPD0053002M,Bowie Police Department,"Sideswipe, Same Direction",Prince George's,,No,No,No,No,Yes,,,,No,True,No,3/16/2025,No,Point,38.949646033,-76.720998921,BOWIE,07,16,03,,13,,13:11,2025,Sunday,15,Parked Vehicle,04,"Off-Roadway, Location Unknown",,,,,,,,,01,Daylight,3/16/2025,2025-03-16,,,F,N,102,Parking Lot Way,,,01,No,,,,,,,,,,,,,,
Injury Crashes,MSP718600KL,Maryland State Police,Front to Rear,Prince George's,Interstate,Yes,No,No,No,No,CAPITAL BELTWAY (SB/L),95,INTERSTATE ROUTE,Yes,True,No,4/26/2025,No,Point,38.818670874,-76.911775967,MSP,03,16,02,No,0,,00:46,2025,Saturday,12,Motor Vehicle In Transport,05,On Roadway,1,,101,State,,,09,Through Roadway,05,Dark - Unknown Lighting,4/26/2025,2025-04-26,E,8.83,F,N,,,168860CC2F278F2D2DEC4A889DB592B684253DAEBF7BFBBAEE4EBDF3A1EAF2A3,IS,01,No,,,,,09,Wet,,,,,,,,
Property Damage Crashes,DA4373001X,Prince George's County Police,Front to Rear,Prince George's,,No,No,No,No,No,,127,COUNTY ROAD,No,True,No,1/7/2025,No,Point,38.812703598,-76.896762835,PGCOPD,03,16,03,No,19,,19:00,2025,Tuesday,12,Motor Vehicle In Transport,05,On Roadway,,,,,,,09,Through Roadway,03,Dark - Lighted,1/7/2025,2025-01-07,E,36.14,F,N,,,44C47500726F6AFBCF06E42C8A92136E205FACBB8FD98F2828291F1AFD2DE52A,CO,01,No,101,Units Separated,05,On Roadway,02,Ice/Frost,,,,,,,,
Property Damage Crashes,DA43370036,Prince George's County Police,Front to Rear,Prince George's,Minor Arterial,No,No,No,No,No,QUEENS CHAPEL RD (WB/L),500,MARYLAND ROUTE,No,True,No,4/28/2025,No,Point,38.947368024,-76.973727036,PGCOPD,03,16,03,No,20,,20:58,2025,Monday,15,Parked Vehicle,05,On Roadway,4,,,,,,06,Non-Junction,03,Dark - Lighted,4/28/2025,2025-04-28,W,173.33,F,N,,,149726FFFA4E1CBDE677EB5A71A5CB76A5B1D11FD42254B7B0759C2DAAA3390C,MD,01,No,,,,,01,Dry,,,,,,,,
Property Damage Crashes,MSP647600JG,Maryland State Police,Single Vehicle,Prince George's,Interstate,No,No,No,No,No,CAPITAL BELTWAY (SB/L),95,INTERSTATE ROUTE,No,True,No,5/7/2025,No,Point,38.818087354,-76.936889218,MSP,101,16,03,No,23,,23:36,2025,Wednesday,32,Guardrail Face,06,"On Shoulder, Left Side",1,,101,State,,,09,Through Roadway,04,Dark - Not Lighted,5/7/2025,2025-05-07,S,41.21,F,N,,,E1378F3CBD82B516EFABDB9B01F74349FD69ED200DCB3EDC089E88FCD3F0E16A,IS,01,No,,,,,01,Dry,,,,,,,,
Injury Crashes,DA27350067,Prince George's County Police,Angle,Prince George's,Minor Arterial,No,No,No,No,No,LOTTSFORD RD,64,COUNTY ROAD,No,True,No,3/29/2025,No,Point,38.917153946,-76.824407893,PGCOPD,01,16,02,No,20,,20:01,2025,Saturday,12,Motor Vehicle In Transport,05,On Roadway,4,,,,,,06,Non-Junction,03,Dark - Lighted,3/29/2025,2025-03-29,W,9.37,F,N,,,D979D8E11AFD8BE2D24735D7E675509B7E2EBEC0867A6BD94F1ABCDD57FB0607,CO,01,No,,,,,01,Dry,,,,,,,,
Property Damage Crashes,MSP766400CT,Maryland State Police,Front to Rear,Prince George's,Interstate,No,No,No,No,No,CAPITAL BELTWAY,95,INTERSTATE ROUTE,No,True,No,6/5/2025,No,Point,38.937904140,-76.855398805,MSP,03,16,03,No,17,,17:16,2025,Thursday,12,Motor Vehicle In Transport,05,On Roadway,1,,,,,,09,Through Roadway,01,Daylight,6/5/2025,2025-06-05,N,17,F,N,,,F784FA79D1D1635E08BAD0073F70E82E475D2EE62D4EEE2B4804C30616048485,IS,01,No,,,,,01,Dry,,,,,,,,
Property Damage Crashes,CC0279004F,Hyattsville Police Department,Front to Rear,Prince George's,Minor Arterial,No,No,No,No,No,QUEENS CHAPEL RD,500,MARYLAND ROUTE,No,True,No,5/13/2025,No,Point,38.963952393,-76.951461530,HYATTSVILLE,03,16,03,No,0,04,00:29,2025,Tuesday,12,Motor Vehicle In Transport,05,On Roadway,4,Perpendicular,,,QUEENSBURY RD,03,05,Intersection or Related,03,Dark - Lighted,5/13/2025,2025-05-13,N,0,F,N,,,4DC40ECF7E519A1D8DFEC7A3605CF3141F64F1210A38F0AA03EB033866702001,MD,01,No,,,,,09,Wet,01,Signalized,,,,,,
Injury Crashes,DA393600FT,Prince George's County Police,Front to Front,Prince George's,Minor Arterial,No,No,No,No,No,FORESTVILLE RD,483,COUNTY ROAD,No,True,No,1/8/2025,No,Point,38.845183797,-76.873890704,PGCOPD,02,16,02,No,20,,20:50,2025,Wednesday,12,Motor Vehicle In Transport,05,On Roadway,4,,,,,,06,Non-Junction,03,Dark - Lighted,1/8/2025,2025-01-08,S,22.91,F,N,,,ABD68BB3CD89F455708B7125FA1DC65F28A6743FBB76061FC497A7187201F572,CO,01,No,,,,,02,Ice/Frost,,,,,,,,
Property Damage Crashes,MSP7664008T,Maryland State Police,Front to Rear,Prince George's,Principal Arterial – Other,No,No,No,No,No,BRANCH AVE (SB/L),5,MARYLAND ROUTE,No,True,No,2/5/2025,No,Point,38.819181601,-76.919129025,MSP,03,16,03,No,17,,17:55,2025,Wednesday,12,Motor Vehicle In Transport,05,On Roadway,3,,,,,,09,Through Roadway,04,Dark - Not Lighted,2/5/2025,2025-02-05,E,13.13,F,N,,,B71D0BC0C94AB8B6C39CCB376BD77A9F01709949E7C34C32A0FB25EEB1B497E8,MD,01,No,12,Motor Vehicle In Transport,05,On Roadway,01,Dry,,,,,,,,
Injury Crashes,DA4326001X,Prince George's County Police,Front to Front,Prince George's,Local,No,No,No,No,No,HARVEY DR,1482,COUNTY ROAD,No,True,No,1/27/2025,No,Point,38.913504931,-76.867954992,PGCOPD,02,16,02,No,8,04,08:34,2025,Monday,12,Motor Vehicle In Transport,05,On Roadway,7,Perpendicular,,,SHERIFF RD,03,05,Intersection or Related,01,Daylight,1/27/2025,2025-01-27,N,0,F,N,,,0A6573703A21E960885B1B669E06E58969821238CD7E4F9C54304486D8EE8A55,CO,01,No,27,Curb,09,Roadside,01,Dry,01,Signalized,,,,,,
Injury Crashes,DA3272000L,Prince George's County Police,Single Vehicle,Prince George's,Principal Arterial – Other,No,No,No,Yes,No,LANDOVER RD,202,MARYLAND ROUTE,No,True,No,4/1/2025,No,Point,38.932309965,-76.902047187,PGCOPD,101,16,02,No,4,04,04:09,2025,Tuesday,17,Pedestrian,05,On Roadway,3,Perpendicular,,,KILMER ST,03,05,Intersection or Related,03,Dark - Lighted,4/1/2025,2025-04-01,W,0,F,N,,,5B50F275285AA5F9DD4EA9A5CEF33CC7E5C969404856523B5E10170D35DF4CF2,MD,01,No,97,Not Applicable,,,09,Wet,01,Signalized,,,,,,
Injury Crashes,MSP726800HJ,Maryland State Police,Front to Rear,Prince George's,Interstate,No,No,No,No,No,CAPITAL BELTWAY,95,INTERSTATE ROUTE,No,True,No,5/1/2025,No,Point,38.926937720,-76.853869275,MSP,03,16,02,No,14,,14:43,2025,Thursday,12,Motor Vehicle In Transport,05,On Roadway,1,,,,,,06,Non-Junction,01,Daylight,5/1/2025,2025-05-01,N,59.42,F,N,,,832B5F6975516584B549B80744F79D1C19689A26D75A1A29D944A5E5CDDAC342,IS,01,No,,,,,01,Dry,,,,,,,,
Property Damage Crashes,DA3520003H,Prince George's County Police,Angle,Prince George's,Principal Arterial – Other,No,Yes,No,No,No,PENNSYLVANIA AVE (SB/L),4,MARYLAND ROUTE,No,True,No,1/13/2025,No,Point,38.853198166,-76.910253273,PGCOPD,01,16,03,No,14,04,14:04,2025,Monday,12,Motor Vehicle In Transport,05,On Roadway,3,Perpendicular,,,SILVER HILL RD (SB/L),03,05,Intersection or Related,01,Daylight,1/13/2025,2025-01-13,S,0,F,N,,,E0BC0CC40BC5A4E60DCA1A9C50DDE88C81076088DAE76592F9B4F6FF7CE7AB91,MD,01,No,,,,,01,Dry,01,Signalized,,,,,,
Property Damage Crashes,MSP745300C0,Maryland State Police,Other,Prince George's,,No,No,No,No,No,IKEA CENTER BLVD,1787,PRIVATE ROAD,No,True,No,5/23/2025,No,Point,39.021714113,-76.925166509,MSP,98,16,03,No,11,,11:47,2025,Friday,12,Motor Vehicle In Transport,05,On Roadway,,,,,,,06,Non-Junction,01,Daylight,5/23/2025,2025-05-23,S,21.58,F,N,,,71091821E1CE622ABFFD063E4403CD7B2161AED39FB4038AECC21307B70E850B,PV,01,No,,,,,01,Dry,,,,,,,,
Property Damage Crashes,DA4349003S,Prince George's County Police,Single Vehicle,Prince George's,Major Collector,No,Yes,No,No,No,23RD PKWY (SB/L),1084,COUNTY ROAD,No,True,No,3/2/2025,No,Point,38.829082049,-76.956525760,PGCOPD,101,16,03,No,8,,08:00,2025,Sunday,27,Curb,09,Roadside,5,,,,,,06,Non-Junction,01,Daylight,3/2/2025,2025-03-02,E,46.76,F,N,,,DF3F3091173FE953BEC3B29BE241A79CCCA01320ACFD9199B1074CA3CE6708AF,CO,01,No,,,,,01,Dry,,,,,,,,
Property Damage Crashes,DA373600DJ,Prince George's County Police,Front to Rear,Prince George's,Principal Arterial – Other,No,No,No,No,No,OXON HILL RD (WB/L),414,MARYLAND ROUTE,No,True,No,5/24/2025,No,Point,38.804881526,-76.976877586,PGCOPD,03,16,03,No,19,,19:07,2025,Saturday,12,Motor Vehicle In Transport,05,On Roadway,3,,,,,,09,Through Roadway,01,Daylight,5/24/2025,2025-05-24,E,42.16,F,N,,,9C6CFF02EC8340B74BFC17577FAE158CEC19CEDE19DBF9AC3B493B921DE6DDAF,MD,01,No,,,,,01,Dry,,,,,,,,
Injury Crashes,RD01260042,Riverdale Park Police Department,Other,Prince George's,Local,No,No,No,No,No,58TH AVE,317,COUNTY ROAD,No,True,No,2/22/2025,No,Point,38.960138962,-76.917646743,RIVERDALE,98,16,02,Yes,8,,08:09,2025,Saturday,12,Motor Vehicle In Transport,05,On Roadway,7,,,,RIVERDALE RD (WB/L),,02,Crossover-Related,01,Daylight,2/22/2025,2025-02-22,W,3.2,F,N,,,937F181CFD2861DACC944CCF5181D48B809869BA597E18E0ED96EA6EFC5AE8E4,CO,01,No,,,,,01,Dry,,,,,,,,
Property Damage Crashes,MSP744200R4,Maryland State Police,Single Vehicle,Prince George's,Interstate,Yes,No,No,No,No,CAPITAL BELTWAY (SB/L),95,INTERSTATE ROUTE,No,True,No,2/2/2025,No,Point,38.946456537,-76.858987895,MSP,101,16,03,No,3,,03:09,2025,Sunday,32,Guardrail Face,09,Roadside,1,,101,State,,,09,Through Roadway,04,Dark - Not Lighted,2/2/2025,2025-02-02,N,21.39,F,N,,,E096E686B00C6D7DF8D55BAC8B4C51FA09B80203467118B6E0241EDE2070F4D8,IS,01,No,,,,,01,Dry,,,,,,,,
Property Damage Crashes,CC02710089,Hyattsville Police Department,Other,Prince George's,,No,No,No,No,Yes,,,,No,True,No,3/28/2025,No,Point,38.952285587,-76.948608622,HYATTSVILLE,98,16,03,,16,,16:55,2025,Friday,12,Motor Vehicle In Transport,02,In Parking Lane Or Zone,,,,,,,,,01,Daylight,3/28/2025,2025-03-28,,,F,N,102,Parking Lot Way,,,01,No,,,,,,,,,,,,,,
Injury Crashes,DA44270007,Prince George's County Police,Single Vehicle,Prince George's,,No,No,No,No,No,,952,CROSSOVER,No,True,No,1/23/2025,No,Point,38.833049874,-76.843325364,PGCOPD,101,16,02,No,20,,20:00,2025,Thursday,27,Curb,03,Median,,,,,,,06,Non-Junction,03,Dark - Lighted,1/23/2025,2025-01-23,N,54.5,F,N,,,5E34BBF62E4BA400C55BC57505263D74A70DFB54300F54FA2721E53055E78EFD,XO,01,No,,,,,01,Dry,,,,,,,,
Property Damage Crashes,MSP7875003V,Maryland State Police,Front to Rear,Prince George's,Interstate,No,No,No,No,No,CAPITAL BELTWAY (NB LOCAL),95,INTERSTATE ROUTE,No,True,No,5/6/2025,No,Point,38.803271667,-76.998256667,MSP,03,16,03,No,14,,14:08,2025,Tuesday,12,Motor Vehicle In Transport,05,On Roadway,1,,,,,,06,Non-Junction,01,Daylight,5/6/2025,2025-05-06,S,30.95,F,N,,,800B3BE61D01A583EE3CC9BFE871F89C5056F7E537D88A36CB303C050AD37440,IS,01,No,,,,,01,Dry,,,,,,,,
Property Damage Crashes,DA371200FK,Prince George's County Police,Front to Front,Prince George's,,No,No,No,No,No,,366,COUNTY ROAD,No,True,No,4/10/2025,No,Point,38.886778634,-76.898092938,PGCOPD,02,16,03,Yes,19,03,19:13,2025,Thursday,12,Motor Vehicle In Transport,05,On Roadway,,Perpendicular,,,E CAPITOL ST,03,05,Intersection or Related,01,Daylight,4/10/2025,2025-04-10,W,0,F,N,,,968BA38A256BF39340FBF89643FDFDDACA446DC4CB7396D1C9F1F403FD46CA30,CO,01,No,,,,,01,Dry,01,Signalized,,,,,,
Property Damage Crashes,DS0426001Q,University of Maryland Police College Park,Front to Rear,Prince George's,Local,No,No,No,No,No,VALLEY DR,176,STATE ROAD,No,True,No,3/25/2025,No,Point,38.990738704,-76.949364556,UMCP,03,16,03,No,15,,15:33,2025,Tuesday,12,Motor Vehicle In Transport,05,On Roadway,7,,,,,,01,Acceleration/Deceleration Lane,01,Daylight,3/25/2025,2025-03-25,N,17.21,F,N,,,D6A834D14E3ABD6B5ECF77A6D20C8CCC60B03F20C3A5C5F0FB98A671AA540F68,SR,01,No,97,Not Applicable,,,01,Dry,,,,,,,,
Property Damage Crashes,DA43750033,Prince George's County Police,Front to Rear,Prince George's,Local,No,No,No,No,No,WILBURN DR,2437,COUNTY ROAD,No,True,No,4/19/2025,No,Point,38.878845028,-76.889611415,PGCOPD,03,16,03,No,7,,07:00,2025,Saturday,12,Motor Vehicle In Transport,05,On Roadway,7,,,,,,06,Non-Junction,01,Daylight,4/19/2025,2025-04-19,S,10.23,F,N,,,47CB777706AACF21D2313242F56CA1363AB27908FD37D7942D6844351A334138,CO,01,No,,,,,01,Dry,,,,,,,,
Property Damage Crashes,DA44220017,Prince George's County Police,Angle,Prince George's,Major Collector,No,No,No,No,No,DECATUR ST,40,MUNICIPAL ROAD,No,True,No,6/5/2025,No,Point,38.948078370,-76.929419433,PGCOPD,01,16,03,No,15,,15:48,2025,Thursday,12,Motor Vehicle In Transport,05,On Roadway,5,,,,,,09,Through Roadway,01,Daylight,6/5/2025,2025-06-05,S,15.08,F,N,,,797546B291296D6F38EB345ADB7379F015C9DD9239D585E559A05105AB029506,MU,01,No,,,,,01,Dry,,,,,,,,
Property Damage Crashes,MSP546601R5,Maryland State Police,Front to Rear,Prince George's,Principal Arterial – Other Freeways and Expressways,No,No,No,No,No,BRANCH AVE,5,MARYLAND ROUTE,No,True,No,1/25/2025,No,Point,38.819569129,-76.919214343,MSP,03,16,03,Yes,14,,14:55,2025,Saturday,12,Motor Vehicle In Transport,05,On Roadway,2,,,,,,09,Through Roadway,01,Daylight,1/25/2025,2025-01-25,N,45.85,F,N,,,A6D1584EEB3717506A6F58CABEB7C9D0DCF15FD9924BB71E0D30B6F2769EBCF4,MD,01,No,,,,,01,Dry,,,,,,,,
Property Damage Crashes,DJ0184001D,Seat Pleasant Police Department,Front to Front,Prince George's,Principal Arterial – Other,No,No,No,No,No,CENTRAL AVE,214,MARYLAND ROUTE,No,True,No,5/19/2025,No,Point,38.890733180,-76.851847075,SEATPLEASANT,02,16,03,No,15,,15:50,2025,Monday,12,Motor Vehicle In Transport,05,On Roadway,3,,,,,,06,Non-Junction,01,Daylight,5/19/2025,2025-05-19,N,20.14,F,N,,,EB50C9726E7F309943A8DE013ADDF96DF364BE140159D6835BF370C7BF500EC3,MD,01,No,,,,,01,Dry,,,,,,,,
Fatal Crashes,MSP738100CL,Maryland State Police,Front to Rear,Prince George's,Interstate,Yes,No,No,No,No,CAPITAL BELTWAY (SB/L),95,INTERSTATE ROUTE,Yes,True,No,4/27/2025,No,Point,38.815133412,-76.955359699,MSP,03,16,01,Yes,10,,10:51,2025,Sunday,12,Motor Vehicle In Transport,05,On Roadway,1,,101,State,,,01,Acceleration/Deceleration Lane,01,Daylight,4/27/2025,2025-04-27,N,8.37,F,N,,,C03A99B44CC329E5906405A5079FAB203E0A2B092CAA85FB2CA04E353709F600,IS,01,No,12,Motor Vehicle In Transport,05,On Roadway,01,Dry,,,,,,,,
Property Damage Crashes,DA345600FL,Prince George's County Police,Single Vehicle,Prince George's,,Yes,No,No,No,Yes,,,,No,True,No,4/19/2025,No,Point,38.992889461,-76.985409297,PGCOPD,101,16,03,,23,,23:58,2025,Saturday,35,"Other Fixed Object (wall, building, tunnel, etc.)",99,Unknown,,,,,,,,,03,Dark - Lighted,4/19/2025,2025-04-19,,,F,N,106,Driveway,,,01,No,,,,,,,,,,,,,,
Injury Crashes,DA3911001T,Prince George's County Police,Angle,Prince George's,Minor Collector,No,No,No,No,No,LAKEHURST AVE,729,COUNTY ROAD,No,True,No,5/27/2025,No,Point,38.848077400,-76.878827302,PGCOPD,01,16,02,Yes,17,02,17:08,2025,Tuesday,12,Motor Vehicle In Transport,05,On Roadway,6,Perpendicular,,,MARLBORO PIKE (NB/L),03,05,Intersection or Related,01,Daylight,5/27/2025,2025-05-27,N,0,F,N,,,D4AB65722F72162B99FAB4D41E6167EB00E502D25DC06E60B2906313EF03EF6B,CO,01,No,,,,,09,Wet,03,Stop - Partial,,,,,,
Property Damage Crashes,DA4394000R,Prince George's County Police,Angle,Prince George's,Minor Arterial,No,No,No,No,No,POWDER MILL RD (SB/L),212,MARYLAND ROUTE,No,True,No,1/18/2025,No,Point,39.044535504,-76.941874497,PGCOPD,01,16,03,No,10,,10:15,2025,Saturday,12,Motor Vehicle In Transport,05,On Roadway,4,,,,POWDER MILL VILLAGE LA,,02,Crossover-Related,99,Unknown,1/18/2025,2025-01-18,N,13.62,F,N,,,DA504980076F7168E8DEA68A9C220FCB5E8CA63038B195B5A9FB4BD96966C84D,MD,01,No,40,Tree (standing),04,"Off-Roadway, Location Unknown",09,Wet,,,,,,,,
Property Damage Crashes,DA4304005Y,Prince George's County Police,Front to Rear,Prince George's,Minor Arterial,No,No,No,No,No,POWDER MILL RD (SB/L),212,MARYLAND ROUTE,No,True,No,2/11/2025,No,Point,39.029948846,-76.956487336,PGCOPD,03,16,03,No,18,,18:42,2025,Tuesday,12,Motor Vehicle In Transport,05,On Roadway,4,,,,,,06,Non-Junction,04,Dark - Not Lighted,2/11/2025,2025-02-11,W,20.27,F,N,,,6CC69EF9BCFF8C50EE165AA0D7F2AFD356554FA76B2474E755AF8DBB144E9FA0,MD,01,No,,,,,07,Snow,,,,,,,,
Property Damage Crashes,MSP647600J1,Maryland State Police,Front to Rear,Prince George's,Interstate,No,No,No,No,No,CAPITAL BELTWAY (SB/L),95,INTERSTATE ROUTE,No,True,No,4/29/2025,No,Point,38.887672758,-76.845478076,MSP,03,16,03,No,14,,14:29,2025,Tuesday,12,Motor Vehicle In Transport,05,On Roadway,1,,,,,,09,Through Roadway,01,Daylight,4/29/2025,2025-04-29,N,55.22,F,N,,,95652796CCB223D5F393F65854F1B349F4DC1DB4286A51F752B3746A91A508EC,IS,01,No,,,,,01,Dry,,,,,,,,
Injury Crashes,DA3779002X,Prince George's County Police,"Sideswipe, Opposite Direction",Prince George's,Local,No,No,No,No,No,HILLMEADE RD,6520,COUNTY ROAD,No,True,No,4/25/2025,No,Point,38.971629051,-76.785227134,PGCOPD,06,16,02,Yes,12,04,12:48,2025,Friday,12,Motor Vehicle In Transport,05,On Roadway,7,Perpendicular,,,ANNAPOLIS RD (WB/L) HILLMEADE RD,03,05,Intersection or Related,01,Daylight,4/25/2025,2025-04-25,W,0,F,N,,,FA37C9A2A3001210D93EC6F09A74741232F72E6FC661CA75EF996E91AFA19AEB,CO,01,No,97,Not Applicable,,,01,Dry,01,Signalized,,,,,,
Property Damage Crashes,HB05290003,Maryland-National Capital Park Police Prince George's County,"Sideswipe, Opposite Direction",Prince George's,,No,No,No,No,Yes,,,,No,True,No,3/28/2025,No,Point,38.829478417,-76.772093476,PGPARK,06,16,03,,14,,14:40,2025,Friday,15,Parked Vehicle,04,"Off-Roadway, Location Unknown",,,100,Local,,,,,01,Daylight,3/28/2025,2025-03-28,,,F,N,102,Parking Lot Way,,,01,No,,,,,,,,,,,,,,
Property Damage Crashes,DA4260003Y,Prince George's County Police,Angle,Prince George's,Local,No,No,No,No,No,DONNELL PL,4476,COUNTY ROAD,No,True,No,4/13/2025,No,Point,38.841195371,-76.885186185,PGCOPD,01,16,03,No,23,,23:10,2025,Sunday,12,Motor Vehicle In Transport,99,Unknown,7,,,,,,09,Through Roadway,04,Dark - Not Lighted,4/13/2025,2025-04-13,S,14.72,F,N,,,D622BCFE92D71D7705A3FABBCBF7D3A7123B872188D513AB54D76A433B305DFC,CO,01,No,15,Parked Vehicle,02,In Parking Lane Or Zone,01,Dry,,,,,,,,
Injury Crashes,DA4350002W,Prince George's County Police,Angle,Prince George's,,No,Yes,Yes,No,No,OLD BARNABY RD,1506,LOCAL ROAD,No,True,No,2/26/2025,No,Point,38.819688,-76.958182667,PGCOPD,01,16,02,No,14,,14:06,2025,Wednesday,12,Motor Vehicle In Transport,10,Separator/Traffic Island,,,,,,,08,Shared-Use Path or Trail,01,Daylight,2/26/2025,2025-02-26,N,61.49,F,N,,,FC34AAE750B53CF1674301C58AAB518E72FE4ACF59A998F24CB0A8770E8779AC,LL,01,No,,,,,01,Dry,,,,,,,,
Property Damage Crashes,DA421200FN,Prince George's County Police,Single Vehicle,Prince George's,Major Collector,No,No,No,No,No,TUXEDO RD,459,MARYLAND ROUTE,No,True,No,2/27/2025,No,Point,38.917423692,-76.920123401,PGCOPD,101,16,03,No,1,,01:00,2025,Thursday,30,Fence,06,"On Shoulder, Left Side",5,,,,,,09,Through Roadway,04,Dark - Not Lighted,2/27/2025,2025-02-27,W,49.56,F,N,,,E170DD9BE53F977B875D1D712AA4E7D845A1F499C86B84FB45A193CD496F587A,MD,01,No,,,,,01,Dry,,,,,,,,
Injury Crashes,DJ01870008,Seat Pleasant Police Department,Front to Rear,Prince George's,Principal Arterial – Other,No,No,No,No,No,CENTRAL AVE,214,MARYLAND ROUTE,No,True,No,1/7/2025,No,Point,38.890709526,-76.851088785,SEATPLEASANT,03,16,02,No,17,,17:42,2025,Tuesday,12,Motor Vehicle In Transport,05,On Roadway,3,,,,,,06,Non-Junction,03,Dark - Lighted,1/7/2025,2025-01-07,N,93.84,F,N,,,B871AD719E7F508005AEB8FE82D9B913BBA7E3EC3F720690930EB27F5026FA02,MD,01,No,,,,,02,Ice/Frost,,,,,,,,
Property Damage Crashes,DA4371001V,Prince George's County Police,Front to Rear,Prince George's,,No,No,No,No,No,,131,COUNTY ROAD,No,True,No,1/1/2025,No,Point,38.772587269,-76.829362832,PGCOPD,03,16,03,No,17,,17:35,2025,Wednesday,12,Motor Vehicle In Transport,05,On Roadway,,,,,,,06,Non-Junction,03,Dark - Lighted,1/1/2025,2025-01-01,W,33.2,F,N,,,65DC38ADE2DDDAD5DAC5BF09314C5C96D256ABA134534A39534443BF9E55BA6A,CO,01,No,,,,,01,Dry,,,,,,,,