Crash Severity Description,Reportnumber,Agencyname,CollisionImpact Description,Crash County Description,FunctionalClass Description,ImpairedCrash,Large Vehicle Involved,Motorcycle Crash,Non-Motorist Crash,OffRoad,RoadName,Route Number,RouteType Description,Unrestrained Occupants,WithinDateRange,Work Zone Related,Crashdate,Work Zone Crash,CrashPoint,Latitude,Longitude,AgencyCode,CollisionImpact,Crash County,Crash Severity,Crash Within Interchange,Crashhour,CrashInterchangeApproaches,Crashtime,CrashYear,Dayofweek,FirstHarmEvent,FirstHarmEvent Description,FirstHarmLocation,FirstHarmLocation Description,FunctionalClass,Geometry Description,GovPropertyDamage,GovPropertyDamage Description,IntersectingRoadName,Intersection Geometry,JunctionRelated,JunctionRelated Description,Light,Light Description,LOD Crash Date,LOD Date Level,MilepointDirection,MilepointDistance,MilepointUnits,NonTrafficFatal,OffroadLocation,OffroadLocation Description,RoadID,RouteType,SchoolBusRelated,SchoolBusRelated Description,SecondHarmEvent,SecondHarmEvent Description,SecondHarmLocation,SecondHarmLocation Description,Surface,Surface Description,TrafficControl,Trafficcontrol Description,WZLawEnforcementPresent,WZLocation,WZLocation Description,WZType,WZType Description,WZWorkersPresent
Property Damage Crashes,DA3728009T,Prince George's County Police,Front to Rear,Prince George's,Local,No,No,No,No,No,DYSON RD,159,COUNTY ROAD,No,True,No,5/12/2025,No,Point,38.715453771,-76.848967777,PGCOPD,03,16,03,No,17,03,17:00,2025,Monday,12,Motor Vehicle In Transport,05,On Roadway,7,Perpendicular,,,CRAIN HWY,03,05,Intersection or Related,01,Daylight,5/12/2025,2025-05-12,N,0,F,N,,,DB7FA72753AD54797883B88BC57DCB17796118B9B605E7C21FD173E3E1082069,CO,01,No,,,,,01,Dry,01,Signalized,,,,,,
Property Damage Crashes,DA379700CG,Prince George's County Police,Other,Prince George's,Major Collector,No,No,No,No,No,HAMPTON PARK BLVD,4475,COUNTY ROAD,No,True,No,3/27/2025,No,Point,38.874792146,-76.851114898,PGCOPD,98,16,03,No,17,,17:45,2025,Thursday,12,Motor Vehicle In Transport,05,On Roadway,5,,,,,,09,Through Roadway,01,Daylight,3/27/2025,2025-03-27,W,8.07,F,N,,,8377473677A78B916AD9896F22DB365025A1F692A979AE55AB104C9DA371B86B,CO,01,No,,,,,01,Dry,,,,,,,,
Property Damage Crashes,MSP697200G0,Maryland State Police,"Sideswipe, Same Direction",Prince George's,Interstate,No,No,No,No,No,JOHN HANSON HWY (WB/L),595,INTERSTATE ROUTE,No,True,No,3/11/2025,No,Point,38.947117945,-76.824408784,MSP,07,16,03,No,22,,22:51,2025,Tuesday,12,Motor Vehicle In Transport,05,On Roadway,1,,,,,,06,Non-Junction,04,Dark - Not Lighted,3/11/2025,2025-03-11,S,19.11,F,N,,,21781156F723776544D367987C8245D51FD00914F104D9256A936B17E67F5811,IS,01,No,,,,,01,Dry,,,,,,,,
Property Damage Crashes,DA3707004M,Prince George's County Police,Single Vehicle,Prince George's,Local,No,Yes,No,No,No,PINE RD,242,OTHER PUBLIC ROAD,Yes,True,No,2/10/2025,No,Point,38.9862805,-76.7771789,PGCOPD,101,16,03,No,16,,16:01,2025,Monday,34,Mailbox,05,On Roadway,7,,,,,,06,Non-Junction,01,Daylight,2/10/2025,2025-02-10,S,162.38,F,N,,,89EF63FC29E25BB1B7DBF69CE98CAF1696C4643DDB101EFD41592B078B18A2D5,OP,02,"Yes, School Bus Directly Involved",,,,,01,Dry,,,,,,,,
Property Damage Crashes,MSP7657007J,Maryland State Police,Front to Rear,Prince George's,Principal Arterial – Other,No,No,No,No,No,CENTRAL AVE (WB/L),214,MARYLAND ROUTE,No,True,No,3/13/2025,No,Point,38.893776183,-76.842552233,MSP,03,16,03,No,10,,10:52,2025,Thursday,12,Motor Vehicle In Transport,05,On Roadway,3,,,,,,06,Non-Junction,01,Daylight,3/13/2025,2025-03-13,S,54.93,F,N,,,50AE1B0A36261C64D2EBCF328E6D647442C9A43E656566644BD5BDE22A4BC175,MD,01,No,12,Motor Vehicle In Transport,05,On Roadway,01,Dry,,,,,,,,
Property Damage Crashes,MSP585801HM,Maryland State Police,Front to Rear,Prince George's,Interstate,No,No,No,No,No,CAPITAL BELTWAY (SB/L),95,INTERSTATE ROUTE,No,True,No,5/12/2025,No,Point,38.884731160,-76.844596389,MSP,03,16,03,No,13,,13:24,2025,Monday,12,Motor Vehicle In Transport,05,On Roadway,1,,,,,,09,Through Roadway,01,Daylight,5/12/2025,2025-05-12,N,44.2,F,N,,,B489700CAD2518463A9BA73B9C68CADAB512C76A27D55423F90C39C78B87E969,IS,01,No,12,Motor Vehicle In Transport,05,On Roadway,01,Dry,,,,,,,,
Property Damage Crashes,GC93780001,Glenarden Police Department,Angle,Prince George's,Local,No,No,No,No,No,EVARTS ST,6840,COUNTY ROAD,No,True,No,1/28/2025,No,Point,38.925079529,-76.849778175,GLENARDEN,01,16,03,Yes,6,,06:50,2025,Tuesday,12,Motor Vehicle In Transport,05,On Roadway,7,,,,RUBY LOCKHART BLVD (EB/L),,02,Crossover-Related,03,Dark - Lighted,1/28/2025,2025-01-28,N,20.37,F,N,,,3C575B3DBC67B3A2A4C949DF1CDD8D990F82460A7AD8114E9669368A4A828C0D,CO,01,No,12,Motor Vehicle In Transport,05,On Roadway,01,Dry,,,,,,,,
Property Damage Crashes,DS0503000X,University of Maryland Police College Park,Rear To Side,Prince George's,,No,No,No,No,Yes,,,,No,True,No,4/14/2025,No,Point,38.982666380,-76.943453102,UMCP,05,16,03,,7,,07:34,2025,Monday,12,Motor Vehicle In Transport,02,In Parking Lane Or Zone,,,100,Local,,,,,01,Daylight,4/14/2025,2025-04-14,,,F,N,102,Parking Lot Way,,,01,No,15,Parked Vehicle,02,In Parking Lane Or Zone,,,,,,,,,,
Injury Crashes,DA4324001Z,Prince George's County Police,"Sideswipe, Opposite Direction",Prince George's,Local,No,No,No,No,No,PORTER AVE,50,COUNTY ROAD,No,True,No,3/4/2025,No,Point,38.850968616,-76.921945370,PGCOPD,06,16,02,Yes,22,04,22:19,2025,Tuesday,12,Motor Vehicle In Transport,05,On Roadway,7,Perpendicular,,,SILVER HILL RD (SB/L),03,05,Intersection or Related,03,Dark - Lighted,3/4/2025,2025-03-04,N,0,F,N,,,4C43658BB9AE2CC60DD5106BE338671544163A783833A9646236CB168582992B,CO,01,No,13,Other Non-Fixed Object,04,"Off-Roadway, Location Unknown",01,Dry,02,Stop - All Way,,,,,,
Property Damage Crashes,MSP585801GN,Maryland State Police,"Sideswipe, Same Direction",Prince George's,Interstate,No,No,No,No,No,RAMP 1 FR NATL HARBOR BLVD TO IS 95 LS,95,RAMP,No,True,No,3/31/2025,No,Point,38.795991383,-77.014429155,MSP,07,16,03,No,18,,18:55,2025,Monday,12,Motor Vehicle In Transport,05,On Roadway,1,,101,State,,,09,Through Roadway,101,Dusk,3/31/2025,2025-03-31,E,13.74,F,N,,,4398A7F062B23B58780D404175DDCE5657EDCABD2EDBE7E4CE28CAD8F5EDC5A5,RP,01,No,25,Concrete Traffic Barrier,09,Roadside,01,Dry,,,,,,,,
Property Damage Crashes,MSP6931013Y,Maryland State Police,Front to Rear,Prince George's,Principal Arterial – Other,Yes,No,No,No,No,CRAIN HWY,301,UNITED STATE ROUTE,No,True,No,3/30/2025,No,Point,38.674468700,-76.875860192,MSP,03,16,03,No,21,,21:23,2025,Sunday,12,Motor Vehicle In Transport,05,On Roadway,3,,,,,,06,Non-Junction,03,Dark - Lighted,3/30/2025,2025-03-30,N,32.35,F,N,,,8BB55CAAE0D7D57888F1F19DC012C51E28BA9CF828FCC69A894CC655639ECCE8,US,01,No,,,,,01,Dry,,,,,,,,
Property Damage Crashes,DA3875008J,Prince George's County Police,Front to Rear,Prince George's,Local,No,Yes,No,No,No,WADE AVE,2997,COUNTY ROAD,Yes,True,No,1/21/2025,No,Point,38.763486335,-76.883957239,PGCOPD,03,16,03,No,10,02,10:49,2025,Tuesday,12,Motor Vehicle In Transport,05,On Roadway,7,Angled/Skewed,,,STUART LA,01,05,Intersection or Related,01,Daylight,1/21/2025,2025-01-21,S,0,F,N,,,A9AD116EB0ED10AD09113E9533AD27A4DA54D8539E3CAC1BEFCFD047F758FDB6,CO,02,"Yes, School Bus Directly Involved",,,,,01,Dry,05,No Controls,,,,,,
Property Damage Crashes,DA2824000Q,Prince George's County Police,Front to Rear,Prince George's,Local,No,No,No,No,No,41ST ST,9415,MUNICIPAL ROAD,No,True,No,5/3/2025,No,Point,38.946428322,-76.945683306,PGCOPD,03,16,03,No,21,02,21:38,2025,Saturday,12,Motor Vehicle In Transport,05,On Roadway,7,Angled/Skewed,,,RHODE ISLAND AVE (SB/L),01,05,Intersection or Related,03,Dark - Lighted,5/3/2025,2025-05-03,S,0,F,N,,,604ECBDAFD766C1DA82C2325BF677CD65F94C998620FB95153983C1BBBAD8856,MU,01,No,,,,,01,Dry,01,Signalized,,,,,,
Property Damage Crashes,DA3040001B,Prince George's County Police,Front to Rear,Prince George's,Minor Arterial,No,No,No,No,No,SUITLAND RD,81,COUNTY ROAD,No,True,No,3/4/2025,No,Point,38.837454548,-76.905168436,PGCOPD,03,16,03,No,17,,17:30,2025,Tuesday,12,Motor Vehicle In Transport,05,On Roadway,4,,,,,,06,Non-Junction,01,Daylight,3/4/2025,2025-03-04,N,18.62,F,N,,,2987EA46D3D2DB8907846CB8D05792E599C9D6EC27510D430032C60545E0CE01,CO,01,No,,,,,01,Dry,,,,,,,,
Property Damage Crashes,MSP653400WQ,Maryland State Police,Front to Rear,Prince George's,Principal Arterial – Other Freeways and Expressways,No,No,No,No,No,BRANCH AVE,5,MARYLAND ROUTE,No,True,No,3/11/2025,No,Point,38.725163333,-76.880885,MSP,03,16,03,No,22,,22:37,2025,Tuesday,12,Motor Vehicle In Transport,05,On Roadway,2,,,,,,09,Through Roadway,04,Dark - Not Lighted,3/11/2025,2025-03-11,S,12.66,F,N,,,F9363CB9A91EB1E5F1A50E93A35AE9052834A09FD16D5D21EAC6D19898FB924A,MD,01,No,12,Motor Vehicle In Transport,05,On Roadway,01,Dry,,,,,,,,
Property Damage Crashes,MSP745800RD,Maryland State Police,Front to Rear,Prince George's,Principal Arterial – Other,No,No,No,No,No,CENTRAL AVE (WB/L),214,MARYLAND ROUTE,No,True,No,3/30/2025,No,Point,38.901348333,-76.769158333,MSP,03,16,03,No,16,,16:19,2025,Sunday,12,Motor Vehicle In Transport,05,On Roadway,3,,,,,,01,Acceleration/Deceleration Lane,01,Daylight,3/30/2025,2025-03-30,S,50.12,F,N,,,12A5B711FF5E224036EA12B6D5C258D0325B08DA89316B4EC7136FE132860C47,MD,01,No,,,,,01,Dry,,,,,,,,
Property Damage Crashes,MSP718600JN,Maryland State Police,Front to Rear,Prince George's,Major Collector,No,No,No,No,No,HEATHERMORE BLVD (NB/L),3923,COUNTY ROAD,No,True,No,3/3/2025,No,Point,38.776450503,-76.800127042,MSP,03,16,03,No,15,02,15:33,2025,Monday,12,Motor Vehicle In Transport,05,On Roadway,5,Angled/Skewed,,,CRAIN HWY (SB/L),01,05,Intersection or Related,01,Daylight,3/3/2025,2025-03-03,S,0,F,N,,,E5471B3C696D193ECE6E64DC80AFCC398CA15EF87686357A63EE421CE63ACFF9,CO,01,No,,,,,01,Dry,01,Signalized,,,,,,
Property Damage Crashes,MSP766400BV,Maryland State Police,Single Vehicle,Prince George's,Interstate,No,No,No,No,No,CAPITAL BELTWAY (SB/L),95,INTERSTATE ROUTE,No,True,No,5/9/2025,No,Point,38.818811086,-76.931227822,MSP,101,16,03,No,5,,05:49,2025,Friday,32,Guardrail Face,09,Roadside,1,,101,State,,,09,Through Roadway,04,Dark - Not Lighted,5/9/2025,2025-05-09,W,32.18,F,N,,,5B85094C21E31F49A05D0E53ACC6AADD512E9F2D8FB99BE2C7EDFB76FA92A25C,IS,01,No,,,,,09,Wet,,,,,,,,
Injury Crashes,MSP7843000R,Maryland State Police,Single Vehicle,Prince George's,Interstate,No,No,No,No,No,RAMP 3 FR RAMP 6 (FR IS 595 EB) TO MD 3,595,RAMP,No,True,No,2/21/2025,No,Point,38.954408247,-76.715715989,MSP,101,16,02,No,6,,06:58,2025,Friday,31,Guardrail End Terminal,10,Separator/Traffic Island,1,,,,,,04,Entrance/Exit Ramp or Related,01,Daylight,2/21/2025,2025-02-21,E,57.49,F,N,,,DF7BB7B2EBBE56C41D09C790FBD31820B56638C8ADDAFA4A987EF972848A9604,RP,01,No,,,,,01,Dry,,,,,,,,
Property Damage Crashes,DA4430000B,Prince George's County Police,Front to Front,Prince George's,Major Collector,No,No,No,No,No,HILL RD,360,COUNTY ROAD,No,True,No,2/14/2025,No,Point,38.888978520,-76.877344698,PGCOPD,02,16,03,No,13,,13:20,2025,Friday,12,Motor Vehicle In Transport,05,On Roadway,5,,,,,,09,Through Roadway,01,Daylight,2/14/2025,2025-02-14,S,30.43,F,N,,,580552ACFFC92639101B3A43A2469E60A98A7680A86F6AC49ABC2C3AE7043B81,CO,01,No,,,,,01,Dry,,,,,,,,
Property Damage Crashes,DA4405000V,Prince George's County Police,"Sideswipe, Same Direction",Prince George's,Local,No,No,No,No,No,GABES PL,427,COUNTY ROAD,No,True,No,2/15/2025,No,Point,38.907204339,-76.895347274,PGCOPD,07,16,03,No,17,,17:15,2025,Saturday,12,Motor Vehicle In Transport,05,On Roadway,7,,,,,,06,Non-Junction,01,Daylight,2/15/2025,2025-02-15,N,23.68,F,N,,,BF9E83CF57784ADBD719D01DF992DA091F8DD72E037EB027949FEB917296B13E,CO,01,No,,,,,09,Wet,,,,,,,,
Property Damage Crashes,CC02790046,Hyattsville Police Department,"Sideswipe, Same Direction",Prince George's,Minor Collector,No,No,No,No,No,42ND AVE,9420,MUNICIPAL ROAD,No,True,No,3/23/2025,No,Point,38.950556336,-76.944931975,HYATTSVILLE,07,16,03,No,22,,22:38,2025,Sunday,12,Motor Vehicle In Transport,05,On Roadway,6,,,,EMERSON ST,,06,Non-Junction,05,Dark - Unknown Lighting,3/23/2025,2025-03-23,N,11.93,F,N,,,B22780FDFDC6928C7EA5EA154ED82F03378860144E41DD7FFD107C650250955F,MU,01,No,,,,,01,Dry,,,,,,,,
Property Damage Crashes,DA4138005V,Prince George's County Police,Rear To Rear,Prince George's,,No,No,No,No,Yes,,,,No,True,No,2/28/2025,No,Point,38.818836377,-77.002135289,PGCOPD,04,16,03,,20,,20:00,2025,Friday,12,Motor Vehicle In Transport,02,In Parking Lane Or Zone,,,,,,,,,03,Dark - Lighted,2/28/2025,2025-02-28,,,F,N,102,Parking Lot Way,,,01,No,,,,,,,,,,,,,,
Property Damage Crashes,DA401800C9,Prince George's County Police,Single Vehicle,Prince George's,,No,No,No,No,Yes,,,,No,True,No,3/7/2025,No,Point,38.960723737,-76.994158144,PGCOPD,101,16,03,,18,,18:02,2025,Friday,36,"Other Post, Pole, Or Support",02,In Parking Lane Or Zone,,,,,,,,,03,Dark - Lighted,3/7/2025,2025-03-07,,,F,N,102,Parking Lot Way,,,01,No,,,,,,,,,,,,,,
Injury Crashes,MSP657700DX,Maryland State Police,"Sideswipe, Same Direction",Prince George's,Interstate,No,No,No,No,No,NO NAME,95,INTERSTATE ROUTE,No,True,No,3/13/2025,No,Point,39.0614148,-76.919460267,MSP,07,16,02,No,6,,06:37,2025,Thursday,12,Motor Vehicle In Transport,09,Roadside,1,,,,,,06,Non-Junction,03,Dark - Lighted,3/13/2025,2025-03-13,E,40.58,F,N,,,493A64BB8F83EF27A69D26A13C8CADC56D1F8D51B91926737309A63D649026C0,IS,01,No,12,Motor Vehicle In Transport,09,Roadside,09,Wet,,,,,,,,
Property Damage Crashes,DA4352002R,Prince George's County Police,Front to Rear,Prince George's,Minor Arterial,No,No,No,No,No,BEALLE HILL RD,157,COUNTY ROAD,No,True,No,4/9/2025,No,Point,38.668980263,-76.993257041,PGCOPD,03,16,03,No,19,,19:00,2025,Wednesday,12,Motor Vehicle In Transport,05,On Roadway,4,,,,ACCOKEEK RD,,09,Through Roadway,01,Daylight,4/9/2025,2025-04-09,E,62.57,F,N,,,394C0AFB37CFEF210DAFD6B24F2F485EA9A98F46F42AA6B8A43AFF277CE4FA98,CO,01,No,,,,,01,Dry,,,,,,,,
Property Damage Crashes,DA4151005M,Prince George's County Police,"Sideswipe, Same Direction",Prince George's,Minor Arterial,No,No,No,No,No,ANNAPOLIS RD,450,MARYLAND ROUTE,No,True,No,1/25/2025,No,Point,38.947135,-76.892007,PGCOPD,07,16,03,No,12,,12:03,2025,Saturday,12,Motor Vehicle In Transport,05,On Roadway,4,,,,,,04,Entrance/Exit Ramp or Related,01,Daylight,1/25/2025,2025-01-25,E,148.12,F,N,,,FC135E1222AD0062B42A288F509F4649EC4CB26C0DE7A95DB6F137E3AFF33590,MD,01,No,,,,,01,Dry,,,,,,,,
Property Damage Crashes,CC0298003G,Hyattsville Police Department,Front to Rear,Prince George's,Principal Arterial – Other,No,No,No,No,No,EAST WEST HWY (WB/L),410,MARYLAND ROUTE,No,True,No,2/8/2025,No,Point,38.966651337,-76.952638462,HYATTSVILLE,03,16,03,No,18,,18:10,2025,Saturday,12,Motor Vehicle In Transport,05,On Roadway,3,,,,,,06,Non-Junction,03,Dark - Lighted,2/8/2025,2025-02-08,E,49.29,F,N,,,1F5A10086B757DD3EA14DD5FDB527C182712F6ADDF508F3717098BE01E36FC47,MD,01,No,,,,,09,Wet,,,,,,,,
Property Damage Crashes,DA3451001X,Prince George's County Police,Front to Rear,Prince George's,Interstate,No,Yes,No,No,No,CAPITAL BELTWAY (SB/L),95,INTERSTATE ROUTE,No,True,No,5/28/2025,No,Point,38.806782759,-76.985095164,PGCOPD,03,16,03,No,13,,13:23,2025,Wednesday,12,Motor Vehicle In Transport,05,On Roadway,1,,,,,,06,Non-Junction,98,Other,5/28/2025,2025-05-28,N,13.05,F,N,,,EF1DA95E48AD99072401699F48F6695A610EA215C0E3919957061A63E5DF2FDD,IS,01,No,,,,,09,Wet,,,,,,,,
Property Damage Crashes,DA31040036,Prince George's County Police,Single Vehicle,Prince George's,Principal Arterial – Other,Yes,No,No,No,No,PENNSYLVANIA AVE,4,MARYLAND ROUTE,No,True,No,4/18/2025,No,Point,38.845102366,-76.890867330,PGCOPD,101,16,03,No,22,,22:15,2025,Friday,24,Cable Barrier,03,Median,3,,,,,,06,Non-Junction,03,Dark - Lighted,4/18/2025,2025-04-18,N,69.6,F,N,,,D1A3F233E7FF39962E442ADB99C756B89E0FB76D2A6EC4254702C73724935D94,MD,01,No,,,,,01,Dry,,,,,,,,
Property Damage Crashes,DA4382001K,Prince George's County Police,Angle,Prince George's,Local,No,No,No,No,No,NOVA AVE,272,COUNTY ROAD,No,True,No,1/1/2025,No,Point,38.869730426,-76.928320342,PGCOPD,01,16,03,No,4,,04:16,2025,Wednesday,12,Motor Vehicle In Transport,07,"On Shoulder, Right Side",7,,,,GLACIER AVE,,06,Non-Junction,03,Dark - Lighted,1/1/2025,2025-01-01,W,8.59,F,N,,,6008F92BBF0BDBA917B5A38CAA2646130677875D3B85FBC401B427CC48A7307A,CO,01,No,,,,,01,Dry,,,,,,,,
Property Damage Crashes,DA2969000X,Prince George's County Police,Single Vehicle,Prince George's,Major Collector,No,No,No,No,No,BRANDYWINE RD,381,MARYLAND ROUTE,No,True,No,2/16/2025,No,Point,38.646817151,-76.768442812,PGCOPD,101,16,03,No,11,,11:05,2025,Sunday,41,Utility Pole/Light Support,09,Roadside,5,,,,,,06,Non-Junction,01,Daylight,2/16/2025,2025-02-16,W,38.73,F,N,,,5617DCB04CA7C43C732AFD1B8DEC254EE047790A9C530AC6E0D7A668451B884C,MD,01,No,,,,,09,Wet,,,,,,,,
Property Damage Crashes,DA4304005L,Prince George's County Police,Front to Rear,Prince George's,Minor Arterial,No,No,No,No,No,CHERRY HILL RD,14,COUNTY ROAD,No,True,No,1/13/2025,No,Point,39.042346281,-76.949743515,PGCOPD,03,16,03,No,7,,07:30,2025,Monday,12,Motor Vehicle In Transport,05,On Roadway,4,,,,CHERRY HILL CT NO NAME,,06,Non-Junction,01,Daylight,1/13/2025,2025-01-13,S,35.28,F,N,,,0F418986D93640C34ADA1AABA73DA7BE708F8AD14927F9EA40235E041E5DA21A,CO,01,No,,,,,99,Unknown,,,,,,,,
Injury Crashes,DA3877008Z,Prince George's County Police,Front to Front,Prince George's,Minor Arterial,No,No,No,No,No,LIVINGSTON RD,373,MARYLAND ROUTE,No,True,No,3/17/2025,No,Point,38.669415796,-77.003003175,PGCOPD,02,16,02,Yes,5,03,05:50,2025,Monday,12,Motor Vehicle In Transport,05,On Roadway,4,Perpendicular,,,MENK RD,03,05,Intersection or Related,03,Dark - Lighted,3/17/2025,2025-03-17,N,0,F,N,,,FC021710E8D47908D8EE9A2532300D930FB04E36D911FC61FAAB246CE0AB99BC,MD,01,No,,,,,09,Wet,03,Stop - Partial,,,,,,
Property Damage Crashes,DA281000G8,Prince George's County Police,Front to Rear,Prince George's,Local,No,No,No,No,No,COUSINS DR,50,MUNICIPAL ROAD,No,True,No,4/24/2025,No,Point,38.936528744,-76.847445834,PGCOPD,03,16,03,No,8,03,08:40,2025,Thursday,12,Motor Vehicle In Transport,05,On Roadway,7,Angled/Skewed,,,ARDWICK ARDMORE RD ARDWICK ARDMORE RD (EB/L),01,05,Intersection or Related,01,Daylight,4/24/2025,2025-04-24,N,0,F,N,,,3EA9C9CB4B3393D106B4E7A29F247AE368FEA4CC0A762F6C8A50C193E8251EA7,MU,01,No,12,Motor Vehicle In Transport,05,On Roadway,01,Dry,03,Stop - Partial,,,,,,
Property Damage Crashes,DA4414000J,Prince George's County Police,"Sideswipe, Same Direction",Prince George's,Major Collector,No,No,No,No,No,BROOKS DR (SB/L),2828,COUNTY ROAD,Yes,True,No,4/1/2025,No,Point,38.861010598,-76.918212105,PGCOPD,07,16,03,Unknown,19,,19:29,2025,Tuesday,12,Motor Vehicle In Transport,05,On Roadway,5,,,,,,09,Through Roadway,03,Dark - Lighted,4/1/2025,2025-04-01,S,67.49,F,N,,,EB972CE8FDB0871662C18F12F443DDEB9C8FD02B9510C674452CDB0AA2C446FC,CO,01,No,,,,,01,Dry,,,,,,,,
Property Damage Crashes,DA3072000F,Prince George's County Police,Front to Rear,Prince George's,Minor Arterial,No,No,No,No,No,BRANDYWINE RD,599,COUNTY ROAD,No,True,No,1/4/2025,No,Point,38.756600034,-76.894845825,PGCOPD,03,16,03,No,14,,14:43,2025,Saturday,12,Motor Vehicle In Transport,05,On Roadway,4,,,,,,06,Non-Junction,01,Daylight,1/4/2025,2025-01-04,W,42.24,F,N,,,3F0B37D5F97FC4EA8E2CE85068ED82963684663B1E27817665D496501C2FD58A,CO,01,No,,,,,01,Dry,,,,,,,,
Property Damage Crashes,CBPD0067005P,Bowie Police Department,Single Vehicle,Prince George's,Local,No,No,No,No,No,PEACHWALKER DR,2112,MUNICIPAL ROAD,No,True,No,4/8/2025,No,Point,38.916530716,-76.734864513,BOWIE,101,16,03,No,16,,16:07,2025,Tuesday,41,Utility Pole/Light Support,09,Roadside,7,,100,Local,,,06,Non-Junction,01,Daylight,4/8/2025,2025-04-08,S,24.05,F,N,,,B0052CD7BFCA713B69E68C42A6852B40333E0F9BA6B23653B3B5E8215BC48907,MU,01,No,,,,,01,Dry,,,,,,,,
Property Damage Crashes,DA4343002N,Prince George's County Police,Front to Rear,Prince George's,Minor Arterial,No,No,No,No,No,POWDER MILL RD,212,MARYLAND ROUTE,No,True,No,2/18/2025,No,Point,39.027906095,-76.961667107,PGCOPD,03,16,03,Yes,22,,22:02,2025,Tuesday,12,Motor Vehicle In Transport,05,On Roadway,4,,,,,,03,Driveway Access or Related,03,Dark - Lighted,2/18/2025,2025-02-18,N,101.57,F,N,,,87DE7B84E2143F42CA40831FE09DE45106A16C19FCE25E69E1F162F83C9650AA,MD,01,No,15,Parked Vehicle,02,In Parking Lane Or Zone,01,Dry,,,,,,,,
Injury Crashes,DA4339002Y,Prince George's County Police,Front to Rear,Prince George's,,No,No,No,No,No,,56,SPUR,No,True,No,4/1/2025,No,Point,38.766486214,-76.994513867,PGCOPD,03,16,02,No,20,,20:52,2025,Tuesday,12,Motor Vehicle In Transport,05,On Roadway,,,,,INDIAN HEAD HWY (SB/L),,09,Through Roadway,03,Dark - Lighted,4/1/2025,2025-04-01,S,25.85,F,N,,,880337CEB1CCD36E1FC03854BDB61A3C50F821C6C5A8EB1049C88B924721896C,SP,01,No,,,,,01,Dry,,,,,,,,
Property Damage Crashes,DA4355003B,Prince George's County Police,Rear To Rear,Prince George's,Local,No,Yes,No,No,No,CARAWAY CT,4700,COUNTY ROAD,No,True,No,5/27/2025,No,Point,38.906948516,-76.844647051,PGCOPD,04,16,03,Yes,8,,08:30,2025,Tuesday,12,Motor Vehicle In Transport,05,On Roadway,7,,,,,,09,Through Roadway,01,Daylight,5/27/2025,2025-05-27,S,148.06,F,N,,,0F0767A7677AA4A535E1B7E9FBA01ED90551E931091B570CBF188D3F2E70752F,CO,02,"Yes, School Bus Directly Involved",,,,,01,Dry,,,,,,,,
Property Damage Crashes,MSP617100MW,Maryland State Police,Front to Rear,Prince George's,Interstate,No,No,No,No,No,CAPITAL BELTWAY (SB/L),95,INTERSTATE ROUTE,No,True,No,2/18/2025,No,Point,39.021626415,-76.939187582,MSP,03,16,03,No,9,,09:03,2025,Tuesday,12,Motor Vehicle In Transport,05,On Roadway,1,,,,,,06,Non-Junction,01,Daylight,2/18/2025,2025-02-18,S,33.61,F,N,,,6ED16AFE3AC0D6E6B5850F8D94738C2AC296D81BA5B1105AACBF6638C72D0FB4,IS,01,No,,,,,01,Dry,,,,,,,,
Injury Crashes,DA411200D2,Prince George's County Police,Front to Rear,Prince George's,Principal Arterial – Other,No,No,No,No,No,PENNSYLVANIA AVE,4,MARYLAND ROUTE,No,True,No,5/24/2025,No,Point,38.850353776,-76.905187901,PGCOPD,03,16,02,No,23,,23:49,2025,Saturday,12,Motor Vehicle In Transport,05,On Roadway,3,,,,PARKLAND DR (NB/L),,06,Non-Junction,03,Dark - Lighted,5/24/2025,2025-05-24,N,25.86,F,N,,,C8194F80E23363BD89F47F1544BC0A5F58D7702B6B8E34DA1EC63C1B99CE027B,MD,01,No,,,,,01,Dry,,,,,,,,
Fatal Crashes,DA36550096,Prince George's County Police,Single Vehicle,Prince George's,Major Collector,Yes,No,No,No,No,OLD FORT RD,118,COUNTY ROAD,Yes,True,No,4/1/2025,No,Point,38.729272206,-76.977850042,PGCOPD,101,16,01,No,23,,23:39,2025,Tuesday,06,Other Non-Collision,06,"On Shoulder, Left Side",5,,,,,,06,Non-Junction,03,Dark - Lighted,4/1/2025,2025-04-01,S,30.14,F,N,,,91829AC051861DFB0E55B31AFF53BF329F8A744687E2639076A85AFF14E03C6C,CO,01,No,41,Utility Pole/Light Support,09,Roadside,01,Dry,,,,,,,,
Property Damage Crashes,DJ0182002N,Seat Pleasant Police Department,Front to Rear,Prince George's,Principal Arterial – Other,No,No,No,No,No,CENTRAL AVE,214,MARYLAND ROUTE,No,True,No,4/25/2025,No,Point,38.889006324,-76.869906687,SEATPLEASANT,03,16,03,No,10,,10:55,2025,Friday,12,Motor Vehicle In Transport,05,On Roadway,3,,,,,,06,Non-Junction,01,Daylight,4/25/2025,2025-04-25,W,31.03,F,N,,,FCFBAA3F3290F00FEF6CD08A161A981E45FA40CC49165411D335E67DDE5CEABE,MD,01,No,,,,,01,Dry,,,,,,,,