Crash Severity Description,Reportnumber,Agencyname,CollisionImpact Description,Crash County Description,FunctionalClass Description,ImpairedCrash,Large Vehicle Involved,Motorcycle Crash,Non-Motorist Crash,OffRoad,RoadName,Route Number,RouteType Description,Unrestrained Occupants,WithinDateRange,Work Zone Related,Crashdate,Work Zone Crash,CrashPoint,Latitude,Longitude,AgencyCode,CollisionImpact,Crash County,Crash Severity,Crash Within Interchange,Crashhour,CrashInterchangeApproaches,Crashtime,CrashYear,Dayofweek,FirstHarmEvent,FirstHarmEvent Description,FirstHarmLocation,FirstHarmLocation Description,FunctionalClass,Geometry Description,GovPropertyDamage,GovPropertyDamage Description,IntersectingRoadName,Intersection Geometry,JunctionRelated,JunctionRelated Description,Light,Light Description,LOD Crash Date,LOD Date Level,MilepointDirection,MilepointDistance,MilepointUnits,NonTrafficFatal,OffroadLocation,OffroadLocation Description,RoadID,RouteType,SchoolBusRelated,SchoolBusRelated Description,SecondHarmEvent,SecondHarmEvent Description,SecondHarmLocation,SecondHarmLocation Description,Surface,Surface Description,TrafficControl,Trafficcontrol Description,WZLawEnforcementPresent,WZLocation,WZLocation Description,WZType,WZType Description,WZWorkersPresent
Injury Crashes,MSP7416001H,Maryland State Police,Front to Rear,Prince George's,,No,No,No,No,No,,50,UNITED STATE ROUTE,No,True,No,4/2/2025,No,Point,38.946467145,-76.844452379,MSP,03,16,02,No,13,,13:47,2025,Wednesday,12,Motor Vehicle In Transport,05,On Roadway,,,,,,,09,Through Roadway,01,Daylight,4/2/2025,2025-04-02,W,14.76,F,N,,,33648BC1C4FFB90844807F27860AB63D09C1A7F9BF613EA8270EA2187EEF0662,US,01,No,,,,,01,Dry,,,,,,,,
Injury Crashes,MSP7839006B,Maryland State Police,Front to Front,Prince George's,Major Collector,No,No,No,No,No,LAKE ARBOR WAY (SB/L),3460,COUNTY ROAD,No,True,No,6/3/2025,No,Point,38.89792,-76.80754,MSP,02,16,02,No,8,,08:50,2025,Tuesday,12,Motor Vehicle In Transport,05,On Roadway,5,,,,CENTRAL AVE (WB/L),,09,Through Roadway,01,Daylight,6/3/2025,2025-06-03,S,47.1,F,N,,,F90E026102048C3D222BBBC0A7E1F998FFF97667407ED13301982338B634A1E8,CO,01,No,,,,,01,Dry,,,,,,,,
Property Damage Crashes,DA41920089,Prince George's County Police,Rear To Side,Prince George's,Minor Arterial,No,No,No,No,No,HARRY S TRUMAN DR (SB/L),3465,COUNTY ROAD,No,True,No,4/24/2025,No,Point,38.875464181,-76.826893170,PGCOPD,05,16,03,No,8,,08:16,2025,Thursday,12,Motor Vehicle In Transport,05,On Roadway,4,,,,NEW ORCHARD DR,,09,Through Roadway,01,Daylight,4/24/2025,2025-04-24,N,4.7,F,N,,,F2397C43DFDE3E11B6B0F7FB3AF3DA5444E9B1238B9D2EF70865BEB3CF2636F0,CO,01,No,12,Motor Vehicle In Transport,05,On Roadway,01,Dry,,,,,,,,
Property Damage Crashes,DA3860000B,Prince George's County Police,Front to Rear,Prince George's,Local,No,No,No,No,No,SOUTHVIEW DR,2251,COUNTY ROAD,Yes,True,No,1/2/2025,No,Point,38.826723170,-76.987597696,PGCOPD,03,16,03,No,22,,22:31,2025,Thursday,12,Motor Vehicle In Transport,05,On Roadway,7,,,,,,06,Non-Junction,03,Dark - Lighted,1/2/2025,2025-01-02,E,11.94,F,N,,,7D9C0842E8FA8501EE8F180C716987C974D2E13E3FB1830051506AF37D76921E,CO,01,No,97,Not Applicable,,,01,Dry,,,,,,,,
Property Damage Crashes,DA418800GB,Prince George's County Police,Front to Rear,Prince George's,Minor Arterial,No,No,No,No,No,ANNAPOLIS RD,450,MARYLAND ROUTE,Yes,True,Yes,5/8/2025,Yes,Point,38.951289531,-76.885574299,PGCOPD,03,16,03,No,8,04,08:01,2025,Thursday,12,Motor Vehicle In Transport,05,On Roadway,4,Perpendicular,,,,03,05,Intersection or Related,01,Daylight,5/8/2025,2025-05-08,S,0,F,N,,,C17D8D188A9E64A999F7AF1633C4351D1AD7206EDF4BE41D925A21582535F4AC,MD,01,No,,,,,01,Dry,01,Signalized,N,04,Activity Area,02,Lane Shift/Crossover,No
Property Damage Crashes,DA36500054,Prince George's County Police,Rear To Rear,Prince George's,Principal Arterial – Other,No,Yes,No,No,No,RIVERDALE RD,410,MARYLAND ROUTE,No,True,No,5/16/2025,No,Point,38.961711530,-76.902455305,PGCOPD,04,16,03,No,22,,22:29,2025,Friday,12,Motor Vehicle In Transport,05,On Roadway,3,,,,,,06,Non-Junction,03,Dark - Lighted,5/16/2025,2025-05-16,S,13.32,F,N,,,D0572BF31F9E33B00E2D66240BB7BF6E4D484FAF6C367B913C2B6BC30245D0F4,MD,01,No,,,,,01,Dry,,,,,,,,
Property Damage Crashes,DA4378002T,Prince George's County Police,Front to Front,Prince George's,Minor Arterial,No,No,No,No,No,,197,MARYLAND ROUTE,No,True,No,3/29/2025,No,Point,39.046528514,-76.828185127,PGCOPD,02,16,03,No,13,,13:50,2025,Saturday,12,Motor Vehicle In Transport,05,On Roadway,4,,,,,,06,Non-Junction,01,Daylight,3/29/2025,2025-03-29,N,42.47,F,N,,,226A9B5341CEEC3F2D21CDA4AA346B103F829B5223233A7E2D4E767767867F1B,MD,01,No,,,,,01,Dry,,,,,,,,
Property Damage Crashes,MDTA1813001W,Maryland Transportation Authority Police,"Sideswipe, Same Direction",Prince George's,Principal Arterial – Other Freeways and Expressways,No,No,No,No,No,INTERCOUNTY CONNECTOR,200,MARYLAND ROUTE,No,True,No,2/27/2025,No,Point,39.074302930,-76.915597785,MDTA,07,16,03,No,11,,11:19,2025,Thursday,12,Motor Vehicle In Transport,05,On Roadway,2,,,,,,06,Non-Junction,98,Other,2/27/2025,2025-02-27,E,26.78,F,N,,,ABC501A22127B2805EFBD557E4E6C35881290D54249015E5D09436BD374F090E,MD,01,No,97,Not Applicable,,,09,Wet,,,,,,,,
Property Damage Crashes,DA4409000H,Prince George's County Police,Rear To Side,Prince George's,Local,No,No,No,No,No,55TH AVE,488,COUNTY ROAD,No,True,No,2/6/2025,No,Point,38.948390404,-76.922289606,PGCOPD,05,16,03,No,20,04,20:22,2025,Thursday,12,Motor Vehicle In Transport,05,On Roadway,7,Perpendicular,,,FARRAGUT ST,03,05,Intersection or Related,03,Dark - Lighted,2/6/2025,2025-02-06,S,0,F,N,,,35F63E80F86FED4D1D3003A0727B12A6F717FAD0FED4AD2BD9B6B0CF660D7C37,CO,01,No,,,,,09,Wet,03,Stop - Partial,,,,,,
Property Damage Crashes,CNC3185000Q,New Carrollton Police Department,Front to Rear,Prince George's,Local,No,No,No,No,No,FOUNTAINEBLEAU DR,1198,OTHER PUBLIC ROAD,No,True,No,1/7/2025,No,Point,38.957452021,-76.881874044,NCPD,03,16,03,No,19,,19:01,2025,Tuesday,12,Motor Vehicle In Transport,05,On Roadway,7,,,,,,06,Non-Junction,99,Unknown,1/7/2025,2025-01-07,W,72.74,F,N,,,E16F4E7DAA8EDBA019AEE9D74674313BF3D5275BF43E14756FE95BCD827567C1,OP,01,No,,,,,07,Snow,,,,,,,,
Property Damage Crashes,DA4256005W,Prince George's County Police,"Sideswipe, Same Direction",Prince George's,,No,No,No,No,Yes,,,,No,True,No,3/3/2025,No,Point,38.866783283,-76.837401025,PGCOPD,07,16,03,,12,,12:30,2025,Monday,12,Motor Vehicle In Transport,99,Unknown,,,,,,,,,01,Daylight,3/3/2025,2025-03-03,,,F,N,102,Parking Lot Way,,,01,No,,,,,,,,,,,,,,
Property Damage Crashes,MSP7664009B,Maryland State Police,Front to Rear,Prince George's,Principal Arterial – Other,No,No,No,No,No,CRAIN HWY (SB/L),301,UNITED STATE ROUTE,No,True,No,3/1/2025,No,Point,38.664446089,-76.874896746,MSP,03,16,03,No,20,,20:44,2025,Saturday,12,Motor Vehicle In Transport,05,On Roadway,3,,,,,,09,Through Roadway,04,Dark - Not Lighted,3/1/2025,2025-03-01,S,23.71,F,N,,,3709609CAD4DA36D06D6588C216A97D4F08663183DF4C66B05C350E8B562C0C9,US,01,No,,,,,01,Dry,,,,,,,,
Property Damage Crashes,MSP7865001S,Maryland State Police,"Sideswipe, Same Direction",Prince George's,Interstate,No,Yes,No,No,No,NO NAME,95,INTERSTATE ROUTE,No,True,No,3/18/2025,No,Point,39.0391932,-76.9369367,MSP,07,16,03,No,9,,09:13,2025,Tuesday,12,Motor Vehicle In Transport,05,On Roadway,1,,,,,,06,Non-Junction,01,Daylight,3/18/2025,2025-03-18,N,40.45,F,N,,,E5BA98D4262E672BBFDD1FD61A04BA98D3BEF1358120C045CD1E0E4ED0E6F296,IS,01,No,,,,,01,Dry,,,,,,,,
Property Damage Crashes,MSP744200QK,Maryland State Police,Front to Rear,Prince George's,Interstate,No,No,No,No,No,NO NAME,95,INTERSTATE ROUTE,No,True,No,1/19/2025,No,Point,39.112357751,-76.876584960,MSP,03,16,03,No,20,,20:29,2025,Sunday,12,Motor Vehicle In Transport,05,On Roadway,1,,,,,,09,Through Roadway,04,Dark - Not Lighted,1/19/2025,2025-01-19,N,17.72,F,N,,,B6D129E1678B19F4BD298D73E830BDADAE951F963A29AF231B13E9643401F95A,IS,01,No,,,,,06,Slush,,,,,,,,
Property Damage Crashes,MSP6859008X,Maryland State Police,Single Vehicle,Prince George's,Interstate,No,No,No,No,No,CAPITAL BELTWAY,95,INTERSTATE ROUTE,No,True,No,5/9/2025,No,Point,38.808596667,-76.969988333,MSP,101,16,03,No,8,,08:00,2025,Friday,32,Guardrail Face,06,"On Shoulder, Left Side",1,,100,Local,,,09,Through Roadway,01,Daylight,5/9/2025,2025-05-09,S,29.33,F,N,,,2C6FD7CC5DBE1EF254B7823F4F257BF9B419736E350CB1F26C1B3D55DCD928C7,IS,01,No,,,,,09,Wet,,,,,,,,
Injury Crashes,MSP546601TK,Maryland State Police,Unknown,Prince George's,Interstate,No,No,No,No,No,CAPITAL BELTWAY (SB/L),95,INTERSTATE ROUTE,No,True,Yes,5/21/2025,Yes,Point,38.818251667,-76.942393333,MSP,99,16,02,Yes,7,,07:52,2025,Wednesday,32,Guardrail Face,03,Median,1,,101,State,,,09,Through Roadway,01,Daylight,5/21/2025,2025-05-21,S,34.77,F,N,,,479CA218E6B7A5803397CBDFA588A635B6851002DCA2094C367452C1104B185D,IS,01,No,12,Motor Vehicle In Transport,05,On Roadway,09,Wet,,,N,04,Activity Area,03,Work on Shoulder or Median,No
Injury Crashes,DA43060059,Prince George's County Police,"Sideswipe, Opposite Direction",Prince George's,Local,Yes,No,No,No,No,NYE ST,235,COUNTY ROAD,No,True,No,4/11/2025,No,Point,38.907769115,-76.918465929,PGCOPD,06,16,02,No,19,,19:54,2025,Friday,12,Motor Vehicle In Transport,05,On Roadway,7,,,,,,06,Non-Junction,03,Dark - Lighted,4/11/2025,2025-04-11,E,12.3,F,N,,,3BF41EAD4209CCD5690AE98184259D32D1A2169B460C83B69D23DBF8640760C0,CO,01,No,,,,,09,Wet,,,,,,,,
Injury Crashes,MSP546601QX,Maryland State Police,Single Vehicle,Prince George's,Interstate,No,No,No,No,No,RAMP 4 FR IS 95 NB TO MD 202F EB,95,RAMP,No,True,No,1/6/2025,No,Point,38.905596667,-76.849145,MSP,101,16,02,Yes,3,,03:49,2025,Monday,32,Guardrail Face,03,Median,1,,101,State,,,04,Entrance/Exit Ramp or Related,04,Dark - Not Lighted,1/6/2025,2025-01-06,W,11.92,F,N,,,B23828DCF8FF8A90C73F3E8F00464A4E9E5156212D00A78C93974077BC1EC0EF,RP,01,No,28,Ditch,03,Median,07,Snow,,,,,,,,
Property Damage Crashes,DA43570037,Prince George's County Police,Unknown,Prince George's,Local,No,No,No,No,No,WOODLAND LA,945,COUNTY ROAD,No,True,No,5/10/2025,No,Point,38.783313220,-76.904224535,PGCOPD,99,16,03,No,5,,05:47,2025,Saturday,97,Not Applicable,05,On Roadway,7,,,,,,06,Non-Junction,01,Daylight,5/10/2025,2025-05-10,W,27.04,F,N,,,781EFDBBA7A0823829AA8245D737A5D84BF2C778D244B7A1515BEC12B8658EEE,CO,01,No,,,,,01,Dry,,,,,,,,
Property Damage Crashes,MSP744200QY,Maryland State Police,Angle,Prince George's,Principal Arterial – Other,No,No,No,No,No,,1,UNITED STATE ROUTE,No,True,No,2/3/2025,No,Point,39.087981462,-76.859860632,MSP,01,16,03,Yes,23,,23:55,2025,Monday,12,Motor Vehicle In Transport,05,On Roadway,3,,,,,,09,Through Roadway,03,Dark - Lighted,2/3/2025,2025-02-03,W,18.75,F,N,,,18E518EC16489E924516EB71BEAA3E4DFD8B9BC6B37C15581FD861586402693E,US,01,No,12,Motor Vehicle In Transport,05,On Roadway,01,Dry,,,,,,,,
Property Damage Crashes,MSP6859008J,Maryland State Police,Front to Rear,Prince George's,Principal Arterial – Other,No,No,No,No,No,LARGO RD (SB/L),202,MARYLAND ROUTE,No,True,No,2/27/2025,No,Point,38.876535,-76.804791667,MSP,03,16,03,No,17,,17:06,2025,Thursday,12,Motor Vehicle In Transport,05,On Roadway,3,,,,,,09,Through Roadway,01,Daylight,2/27/2025,2025-02-27,S,38.46,F,N,,,CE5E1007D70BADBB903B3FBE80F351A80E18B13B6DA244DA0A0B520BAD3F19D3,MD,01,No,,,,,09,Wet,,,,,,,,
Property Damage Crashes,CBPD0115003F,Bowie Police Department,Single Vehicle,Prince George's,Local,No,No,No,No,No,JENNINGS MILL DR,999,MUNICIPAL ROAD,No,True,No,2/11/2025,No,Point,38.894937229,-76.755644324,BOWIE,101,16,03,No,17,,17:30,2025,Tuesday,34,Mailbox,07,"On Shoulder, Right Side",7,,,,,,06,Non-Junction,03,Dark - Lighted,2/11/2025,2025-02-11,W,26.32,F,N,,,446CBB1DC5011EF21A3353348D0DFF089D936BB263A0A6D4D427A3ED6CFDC674,MU,01,No,,,,,07,Snow,,,,,,,,
Property Damage Crashes,DA418100F9,Prince George's County Police,Other,Prince George's,Principal Arterial – Other,Yes,No,No,No,No,BALTIMORE AVE (SB/L),1,UNITED STATE ROUTE,No,True,No,1/10/2025,No,Point,39.014263873,-76.927710409,PGCOPD,98,16,03,No,18,03,18:52,2025,Friday,12,Motor Vehicle In Transport,05,On Roadway,3,Perpendicular,,,CHERRY HILL RD CHERRY HILL RD (EB/L),03,05,Intersection or Related,03,Dark - Lighted,1/10/2025,2025-01-10,N,0,F,N,,,740209C82426394A90C21DF33B4FCFDC2FEF2DF4FF707024659C302141233FA7,US,01,No,12,Motor Vehicle In Transport,05,On Roadway,01,Dry,01,Signalized,,,,,,
Property Damage Crashes,DA44210022,Prince George's County Police,"Sideswipe, Opposite Direction",Prince George's,Minor Arterial,No,No,No,No,No,BRANDYWINE RD,599,COUNTY ROAD,No,True,No,5/5/2025,No,Point,38.765102211,-76.898086850,PGCOPD,06,16,03,No,7,04,07:00,2025,Monday,12,Motor Vehicle In Transport,05,On Roadway,4,Perpendicular,,,OLD BRANCH AVE PISCATAWAY RD,03,05,Intersection or Related,01,Daylight,5/5/2025,2025-05-05,N,0,F,N,,,EEC45271E9BBDD13FC936F7D99808A57CA7A7F9B6680A2BCF404780FD64C72B7,CO,01,No,,,,,01,Dry,01,Signalized,,,,,,
Property Damage Crashes,MSP745300B4,Maryland State Police,"Sideswipe, Same Direction",Prince George's,Interstate,No,Yes,No,No,No,NO NAME,95,INTERSTATE ROUTE,No,True,No,4/16/2025,No,Point,39.106597367,-76.8837378,MSP,07,16,03,No,3,,03:12,2025,Wednesday,12,Motor Vehicle In Transport,05,On Roadway,1,,,,,,06,Non-Junction,04,Dark - Not Lighted,4/16/2025,2025-04-16,W,46.03,F,N,,,DDD070A16297ED34796C4D541B672B9A152B9C56A3734A24CD64CC8FBA099F94,IS,01,No,12,Motor Vehicle In Transport,05,On Roadway,01,Dry,,,,,,,,
Property Damage Crashes,DA43520027,Prince George's County Police,Front to Rear,Prince George's,Principal Arterial – Other Freeways and Expressways,No,No,No,No,No,INDIAN HEAD HWY,210,MARYLAND ROUTE,No,True,No,1/12/2025,No,Point,38.685045919,-76.999037603,PGCOPD,03,16,03,No,10,,10:50,2025,Sunday,12,Motor Vehicle In Transport,05,On Roadway,2,,,,FARMINGTON RD,,01,Acceleration/Deceleration Lane,01,Daylight,1/12/2025,2025-01-12,E,1185.97,F,N,,,7D0FA0C8AAD087D221B7D11EEF4A1E3C05B69F83514CEC51644C6274B774EEE9,MD,01,No,,,,,01,Dry,,,,,,,,
Injury Crashes,MSP7664009P,Maryland State Police,Single Vehicle,Prince George's,Principal Arterial – Other,No,No,No,No,No,CRAIN HWY (SB/L),301,UNITED STATE ROUTE,No,True,No,3/25/2025,No,Point,38.782608742,-76.796620762,MSP,101,16,02,No,18,,18:00,2025,Tuesday,31,Guardrail End Terminal,09,Roadside,3,,101,State,,,09,Through Roadway,01,Daylight,3/25/2025,2025-03-25,N,8.87,F,N,,,E69F6BBB6BEEEB761FD9592916F19C476F95499C54732404D9D80230DBF298D6,US,01,No,,,,,01,Dry,,,,,,,,
Injury Crashes,MSP6582016W,Maryland State Police,Single Vehicle,Prince George's,Interstate,No,No,Yes,No,No,CAPITAL BELTWAY (SB LOCAL),95,INTERSTATE ROUTE,No,True,No,5/18/2025,No,Point,38.806090931,-76.989643663,MSP,101,16,02,No,0,,00:11,2025,Sunday,25,Concrete Traffic Barrier,09,Roadside,1,,101,State,,,09,Through Roadway,04,Dark - Not Lighted,5/18/2025,2025-05-18,E,573.54,F,N,,,BA095B9FE1DEC6FCDCBE878AB6996751E3E2C293AAF5985EC2C4EE14BCADC1D6,IS,01,No,,,,,01,Dry,,,,,,,,
Property Damage Crashes,DA43930012,Prince George's County Police,Front to Rear,Prince George's,Local,No,No,No,No,No,COLUMBIA TERR,2432,COUNTY ROAD,No,True,No,2/13/2025,No,Point,38.919204317,-76.893097369,PGCOPD,03,16,03,No,8,,08:00,2025,Thursday,12,Motor Vehicle In Transport,05,On Roadway,7,,,,COLUMBIA PL,,99,Unknown,01,Daylight,2/13/2025,2025-02-13,N,32.11,F,N,,,582D775A40213EA70BC098E2D32F4FAAAE81DADCF495C2C22C3920C640FAF664,CO,01,No,,,,,09,Wet,,,,,,,,
Injury Crashes,DA3777003L,Prince George's County Police,Single Vehicle,Prince George's,Local,No,No,No,Yes,No,OLD CHAPEL RD,52,COUNTY ROAD,No,True,No,2/7/2025,No,Point,38.983091358,-76.769876674,PGCOPD,101,16,02,No,18,,18:19,2025,Friday,16,Pedalcycle,05,On Roadway,7,,,,,,06,Non-Junction,04,Dark - Not Lighted,2/7/2025,2025-02-07,W,29.04,F,N,,,1BC872D4E4FB9E1CCE5E826AF2FAA11FEB1BDBAA7779488C98F8DCFB47ACCE6D,CO,01,No,16,Pedalcycle,05,On Roadway,01,Dry,,,,,,,,
Property Damage Crashes,MSP7765006M,Maryland State Police,Front to Rear,Prince George's,Interstate,No,No,No,No,No,CAPITAL BELTWAY,95,INTERSTATE ROUTE,No,True,No,3/4/2025,No,Point,38.867827367,-76.8450215,MSP,03,16,03,No,8,,08:28,2025,Tuesday,12,Motor Vehicle In Transport,05,On Roadway,1,,,,,,09,Through Roadway,01,Daylight,3/4/2025,2025-03-04,E,28.81,F,N,,,008FB734FF70B5F43A553E15E73F2E1B5778BC211E5A483C18A14573EF06C248,IS,01,No,,,,,01,Dry,,,,,,,,
Property Damage Crashes,DA40900067,Prince George's County Police,Front to Rear,Prince George's,Principal Arterial – Other Freeways and Expressways,No,No,No,No,No,INDIAN HEAD HWY,210,MARYLAND ROUTE,No,True,No,4/26/2025,No,Point,38.766558228,-76.994353809,PGCOPD,03,16,03,No,18,,18:27,2025,Saturday,12,Motor Vehicle In Transport,05,On Roadway,2,,,,,,06,Non-Junction,01,Daylight,4/26/2025,2025-04-26,N,12.95,F,N,,,EE1E214295A5CC852344E121E808AF76E35856A55A7C547C6CB5AA0DA91F3B49,MD,01,No,,,,,01,Dry,,,,,,,,
Property Damage Crashes,AZ1730002D,Cheverly Police Department,Front to Front,Prince George's,Local,No,No,No,No,No,56TH PL,245,COUNTY ROAD,No,True,No,3/14/2025,No,Point,38.937241323,-76.921493648,CHEVERLY,02,16,03,No,18,02,18:27,2025,Friday,12,Motor Vehicle In Transport,99,Unknown,7,Angled/Skewed,,,LANDOVER RD,01,05,Intersection or Related,01,Daylight,3/14/2025,2025-03-14,S,0,F,N,,,57F5DA28F861F8DEF5E4CCFD64C9F3809ECBC0F5291AA1919B5CCEDB0384147A,CO,01,No,,,,,01,Dry,03,Stop - Partial,,,,,,
Injury Crashes,DA3810006G,Prince George's County Police,Unknown,Prince George's,Major Collector,No,No,No,No,No,OXON HILL RD (WB/L),414,MARYLAND ROUTE,No,True,No,5/16/2025,No,Point,38.797068238,-77.003186985,PGCOPD,99,16,02,Yes,22,04,22:53,2025,Friday,12,Motor Vehicle In Transport,03,Median,5,Angled/Skewed,,,MGM NATIONAL AVE,01,05,Intersection or Related,04,Dark - Not Lighted,5/16/2025,2025-05-16,S,0,F,N,,,EBC901C84A8F3F29BEB7D4144DC584420B2504340026E6A067F533C70D500017,MD,01,No,,,,,01,Dry,01,Signalized,,,,,,
Property Damage Crashes,DA4428000C,Prince George's County Police,Front to Rear,Prince George's,Minor Arterial,No,No,No,No,No,LANHAM SEVERN RD,564,MARYLAND ROUTE,No,True,No,2/17/2025,No,Point,38.971035547,-76.849192657,PGCOPD,03,16,03,No,18,,18:32,2025,Monday,12,Motor Vehicle In Transport,05,On Roadway,4,,,,CARTER AVE,,09,Through Roadway,101,Dusk,2/17/2025,2025-02-17,E,19.5,F,N,,,069A913826D6E4021F05824BE4D002A110AC776CE6ADC1F7BEF6747E17B84E00,MD,01,No,,,,,01,Dry,,,,,,,,
Property Damage Crashes,AZ17520002,Cheverly Police Department,Front to Rear,Prince George's,Major Collector,No,No,No,No,No,KILMER ST,205,MUNICIPAL ROAD,Yes,True,No,4/10/2025,No,Point,38.932635227,-76.901874859,CHEVERLY,03,16,03,No,19,,19:24,2025,Thursday,12,Motor Vehicle In Transport,05,On Roadway,5,,,,,,09,Through Roadway,101,Dusk,4/10/2025,2025-04-10,N,8.7,F,N,,,4161D1548CF086AE20E703839F95B08359073AB4B0A64A0607AB1DEF6A7F050F,MU,01,No,97,Not Applicable,,,01,Dry,,,,,,,,
Property Damage Crashes,DS0449001J,University of Maryland Police College Park,Other,Prince George's,,No,No,No,No,Yes,,,,No,True,No,1/24/2025,No,Point,38.988369021,-76.945697265,UMCP,98,16,03,,13,,13:27,2025,Friday,12,Motor Vehicle In Transport,02,In Parking Lane Or Zone,,,101,State,,,,,01,Daylight,1/24/2025,2025-01-24,,,F,N,102,Parking Lot Way,,,01,No,15,Parked Vehicle,02,In Parking Lane Or Zone,,,,,,,,,,
Property Damage Crashes,DA379700CL,Prince George's County Police,Front to Front,Prince George's,,No,No,No,No,Yes,,,,No,True,No,5/7/2025,No,Point,38.916780757,-76.858813697,PGCOPD,02,16,03,,15,,15:45,2025,Wednesday,12,Motor Vehicle In Transport,04,"Off-Roadway, Location Unknown",,,,,,,,,01,Daylight,5/7/2025,2025-05-07,,,F,N,101,Parking Aisle,,,01,No,,,,,,,,,,,,,,
Property Damage Crashes,DJ0187000D,Seat Pleasant Police Department,Front to Rear,Prince George's,Principal Arterial – Other,No,No,No,Yes,No,E CAPITOL ST (WB/L),214,MARYLAND ROUTE,No,True,No,4/23/2025,No,Point,38.889808470,-76.913306029,SEATPLEASANT,03,16,03,Unknown,16,,16:34,2025,Wednesday,12,Motor Vehicle In Transport,05,On Roadway,3,,,,SOUTHERN AVE,,09,Through Roadway,01,Daylight,4/23/2025,2025-04-23,W,5.43,F,N,,,D2EDC69F5A823039B4A97BF13022FB39C1E6FE644D246969D079FEFEEAB476F6,MD,01,No,,,,,01,Dry,,,,,,,,
Property Damage Crashes,CBPD0032008Z,Bowie Police Department,"Sideswipe, Same Direction",Prince George's,Local,No,No,No,No,No,YOUNGWOOD TURN,3420,MUNICIPAL ROAD,No,True,No,2/26/2025,No,Point,38.993040534,-76.724675798,BOWIE,07,16,03,No,16,,16:21,2025,Wednesday,12,Motor Vehicle In Transport,09,Roadside,7,,,,,,09,Through Roadway,01,Daylight,2/26/2025,2025-02-26,E,19.84,F,N,,,A145C998D15BB0BC6A42CCEC9A82692D7E6AAB3D73A5E102E018DCE0F450F0D6,MU,01,No,15,Parked Vehicle,02,In Parking Lane Or Zone,01,Dry,,,,,,,,
Property Damage Crashes,DA3804008P,Prince George's County Police,Single Vehicle,Prince George's,Major Collector,No,No,No,No,No,VIRGINIA MANOR RD,206,MARYLAND ROUTE,No,True,No,2/9/2025,No,Point,39.061057976,-76.891884772,PGCOPD,101,16,03,No,1,,01:17,2025,Sunday,36,"Other Post, Pole, Or Support",09,Roadside,5,,,,,,09,Through Roadway,03,Dark - Lighted,2/9/2025,2025-02-09,W,39.18,F,N,,,183D0F2E8F37BBD03ED02679FAA3CC4A0FE9E075C43AEB319472707F4C1BC62A,MD,01,No,,,,,09,Wet,,,,,,,,
Property Damage Crashes,DA3223004R,Prince George's County Police,Front to Rear,Prince George's,Principal Arterial – Other Freeways and Expressways,No,No,No,No,No,INDIAN HEAD HWY (SB/L),210,MARYLAND ROUTE,No,True,No,5/11/2025,No,Point,38.732786986,-76.990860628,PGCOPD,03,16,03,No,3,,03:25,2025,Sunday,12,Motor Vehicle In Transport,05,On Roadway,2,,,,,,09,Through Roadway,04,Dark - Not Lighted,5/11/2025,2025-05-11,S,12.81,F,N,,,4897955DCDE902F461F21E5E142A7B36865705B0860B9020BBEFF8BB725D0712,MD,01,No,,,,,01,Dry,,,,,,,,
Property Damage Crashes,CC026200CZ,Hyattsville Police Department,Front to Rear,Prince George's,Local,No,No,No,No,No,JEFFERSON ST,5539,OTHER PUBLIC ROAD,No,True,No,2/25/2025,No,Point,38.955347168,-76.940258889,HYATTSVILLE,03,16,03,Yes,15,,15:58,2025,Tuesday,12,Motor Vehicle In Transport,05,On Roadway,7,,,,BALTIMORE AVE JEFFERSON ST,,09,Through Roadway,01,Daylight,2/25/2025,2025-02-25,S,4.96,F,N,,,E02E234F040E1B0175069721E09F24E0CDB716E2535C50F9F4B76552BC80B289,OP,01,No,12,Motor Vehicle In Transport,05,On Roadway,01,Dry,,,,,,,,
Injury Crashes,DA27170021,Prince George's County Police,Angle,Prince George's,Local,No,No,No,No,No,MARION ST,732,COUNTY ROAD,No,True,No,2/12/2025,No,Point,38.850943753,-76.879222948,PGCOPD,01,16,02,Yes,13,04,13:51,2025,Wednesday,12,Motor Vehicle In Transport,05,On Roadway,7,Perpendicular,,,KIRTLAND AVE,03,05,Intersection or Related,01,Daylight,2/12/2025,2025-02-12,N,0,F,N,,,299C2755A478A962470C28C6FCBEE119C48D51C23C5915684CB495F27C4C010A,CO,01,No,97,Not Applicable,,,09,Wet,03,Stop - Partial,,,,,,
Property Damage Crashes,HV0142000H,University Park Police,Front to Rear,Prince George's,Local,No,No,No,No,No,BEECHWOOD RD,20,MUNICIPAL ROAD,No,True,No,4/11/2025,No,Point,38.971287069,-76.948764733,UNIVERSITYPARK,03,16,03,No,9,,09:03,2025,Friday,12,Motor Vehicle In Transport,05,On Roadway,7,,,,,,09,Through Roadway,01,Daylight,4/11/2025,2025-04-11,E,7.63,F,N,,,A3840322657CEC007E7EF525B879669FD615718C31CA3D5477E2804995131587,MU,01,No,15,Parked Vehicle,09,Roadside,09,Wet,,,,,,,,
Property Damage Crashes,MSP7875003H,Maryland State Police,Single Vehicle,Prince George's,Principal Arterial – Other,No,No,No,No,No,PENNSYLVANIA AVE (SB/L),4,MARYLAND ROUTE,No,True,No,4/26/2025,No,Point,38.828419289,-76.855878360,MSP,101,16,03,No,9,,09:54,2025,Saturday,05,Jackknife,01,Gore,3,,,,,,06,Non-Junction,01,Daylight,4/26/2025,2025-04-26,E,62.46,F,N,,,564EB79EB3D09CCF73B625224BFCDF3EFFBEFD02CC44675AFA2D43CC5B598584,MD,01,No,,,,,09,Wet,,,,,,,,