Crash Severity Description,Reportnumber,Agencyname,CollisionImpact Description,Crash County Description,FunctionalClass Description,ImpairedCrash,Large Vehicle Involved,Motorcycle Crash,Non-Motorist Crash,OffRoad,RoadName,Route Number,RouteType Description,Unrestrained Occupants,WithinDateRange,Work Zone Related,Crashdate,Work Zone Crash,CrashPoint,Latitude,Longitude,AgencyCode,CollisionImpact,Crash County,Crash Severity,Crash Within Interchange,Crashhour,CrashInterchangeApproaches,Crashtime,CrashYear,Dayofweek,FirstHarmEvent,FirstHarmEvent Description,FirstHarmLocation,FirstHarmLocation Description,FunctionalClass,Geometry Description,GovPropertyDamage,GovPropertyDamage Description,IntersectingRoadName,Intersection Geometry,JunctionRelated,JunctionRelated Description,Light,Light Description,LOD Crash Date,LOD Date Level,MilepointDirection,MilepointDistance,MilepointUnits,NonTrafficFatal,OffroadLocation,OffroadLocation Description,RoadID,RouteType,SchoolBusRelated,SchoolBusRelated Description,SecondHarmEvent,SecondHarmEvent Description,SecondHarmLocation,SecondHarmLocation Description,Surface,Surface Description,TrafficControl,Trafficcontrol Description,WZLawEnforcementPresent,WZLocation,WZLocation Description,WZType,WZType Description,WZWorkersPresent
Property Damage Crashes,DA409900FG,Prince George's County Police,"Sideswipe, Same Direction",Prince George's,Local,No,No,No,No,No,SHERIDAN ST,788,COUNTY ROAD,No,True,No,5/14/2025,No,Point,38.968790039,-77.000282781,PGCOPD,07,16,03,No,10,,10:00,2025,Wednesday,12,Motor Vehicle In Transport,05,On Roadway,7,,,,NEW HAMPSHIRE AVE (SB/L) SHERIDAN ST,,09,Through Roadway,01,Daylight,5/14/2025,2025-05-14,N,9.94,F,N,,,C2E1D954908AEF7A00AA724F0607459BA0561A6D5349ECBDC115F5ADAC2B5B9F,CO,01,No,,,,,09,Wet,,,,,,,,
Property Damage Crashes,DA4394001L,Prince George's County Police,Single Vehicle,Prince George's,Local,No,No,No,No,No,SIMPSON LA,923,COUNTY ROAD,No,True,No,5/18/2025,No,Point,38.768012910,-76.883505308,PGCOPD,101,16,03,No,19,,19:00,2025,Sunday,27,Curb,09,Roadside,7,,,,,,06,Non-Junction,01,Daylight,5/18/2025,2025-05-18,S,17.6,F,N,,,85461351B8C9AAE883C5C02799A9DF14EB199FD13D997A8B50CD85CCAB19BE97,CO,01,No,,,,,01,Dry,,,,,,,,
Property Damage Crashes,MSP77730033,Maryland State Police,Front to Rear,Prince George's,Interstate,No,No,No,No,No,JOHN HANSON HWY (WB/L),595,INTERSTATE ROUTE,No,True,No,6/5/2025,No,Point,38.946682565,-76.844921276,MSP,03,16,03,No,16,,16:25,2025,Thursday,12,Motor Vehicle In Transport,05,On Roadway,1,,,,,,06,Non-Junction,01,Daylight,6/5/2025,2025-06-05,S,31.21,F,N,,,E7DCEE168C7AEC5A006D92ED942388C8B23EDDC087BCEB0B5DA6B3458956B442,IS,01,No,,,,,01,Dry,,,,,,,,
Property Damage Crashes,DA33080033,Prince George's County Police,"Sideswipe, Same Direction",Prince George's,Major Collector,No,No,No,No,No,OLD FORT RD,118,COUNTY ROAD,No,True,No,5/25/2025,No,Point,38.756237129,-76.993917685,PGCOPD,07,16,03,No,13,,13:36,2025,Sunday,12,Motor Vehicle In Transport,05,On Roadway,5,,,,,,09,Through Roadway,01,Daylight,5/25/2025,2025-05-25,S,32.68,F,N,,,340279C8A6D3C62E752EDECAFC4CD58D9BF221F36ED5002E779AA725E6AF4DC0,CO,01,No,,,,,01,Dry,,,,,,,,
Property Damage Crashes,DA4380002Y,Prince George's County Police,Front to Rear,Prince George's,Principal Arterial – Other Freeways and Expressways,No,No,No,No,No,INDIAN HEAD HWY,210,MARYLAND ROUTE,No,True,No,3/1/2025,No,Point,38.676349721,-77.004820286,PGCOPD,03,16,03,No,19,,19:34,2025,Saturday,12,Motor Vehicle In Transport,05,On Roadway,2,,,,,,01,Acceleration/Deceleration Lane,03,Dark - Lighted,3/1/2025,2025-03-01,S,39.87,F,N,,,E42E845CC2F99B55D878856916EDE9131F41D2B28DF753C4F8E6038D47BDAE9B,MD,01,No,,,,,01,Dry,,,,,,,,
Property Damage Crashes,MSP766400C5,Maryland State Police,Front to Rear,Prince George's,Interstate,No,No,No,No,No,CAPITAL BELTWAY,95,INTERSTATE ROUTE,No,True,No,5/16/2025,No,Point,38.809788333,-76.965335,MSP,03,16,03,No,15,,15:06,2025,Friday,12,Motor Vehicle In Transport,05,On Roadway,1,,,,,,09,Through Roadway,01,Daylight,5/16/2025,2025-05-16,S,28.35,F,N,,,C0AE9C2909A4F8F3CAE0BC604F25DC69B450A9C13DEAF30943E6EF884D6B3580,IS,01,No,,,,,01,Dry,,,,,,,,
Property Damage Crashes,DA3426004L,Prince George's County Police,Other,Prince George's,,No,No,No,No,Yes,,,,No,True,No,4/4/2025,No,Point,38.9032232,-76.8702834,PGCOPD,98,16,03,,11,,11:45,2025,Friday,12,Motor Vehicle In Transport,02,In Parking Lane Or Zone,,,,,,,,,01,Daylight,4/4/2025,2025-04-04,,,F,N,102,Parking Lot Way,,,01,No,,,,,,,,,,,,,,
Injury Crashes,DA4373002Q,Prince George's County Police,Other,Prince George's,Minor Arterial,No,No,No,No,No,ALLENTOWN RD,337,MARYLAND ROUTE,No,True,No,5/22/2025,No,Point,38.814060955,-76.894450219,PGCOPD,98,16,02,No,7,,07:10,2025,Thursday,12,Motor Vehicle In Transport,05,On Roadway,4,,,,,,09,Through Roadway,01,Daylight,5/22/2025,2025-05-22,N,18.43,F,N,,,39DDC3B0C03230E3574DD38D933774685A68C447174A4AB248D879F7F2A6CD72,MD,01,No,,,,,09,Wet,,,,,,,,
Property Damage Crashes,DA3142000C,Prince George's County Police,Front to Rear,Prince George's,Local,No,No,No,No,No,ALLENTOWN WAY,3873,COUNTY ROAD,No,True,No,2/4/2025,No,Point,38.801174249,-76.905065966,PGCOPD,03,16,03,No,10,,10:15,2025,Tuesday,12,Motor Vehicle In Transport,05,On Roadway,7,,100,Local,,,06,Non-Junction,01,Daylight,2/4/2025,2025-02-04,N,24.9,F,N,,,2BC19D5D8A9AE33A4597C35108847C3DD6B48905943408F6ED318551CD13A7DE,CO,01,No,97,Not Applicable,,,01,Dry,,,,,,,,
Property Damage Crashes,DA3707005B,Prince George's County Police,Other,Prince George's,Local,No,No,No,No,No,97TH PL,2313,COUNTY ROAD,No,True,No,5/28/2025,No,Point,38.981162347,-76.842998522,PGCOPD,98,16,03,No,4,,04:50,2025,Wednesday,12,Motor Vehicle In Transport,05,On Roadway,7,,,,,,06,Non-Junction,100,Dawn,5/28/2025,2025-05-28,S,32.69,F,N,,,29DC099F9A233912C400700F5B9D26436AD65E89C9B9A61C291BF3CF018F061C,CO,01,No,,,,,09,Wet,,,,,,,,
Property Damage Crashes,DA42040099,Prince George's County Police,Front to Rear,Prince George's,Principal Arterial – Other,No,No,No,No,No,NEW HAMPSHIRE AVE,650,MARYLAND ROUTE,No,True,No,4/11/2025,No,Point,38.974420444,-76.994976177,PGCOPD,03,16,03,No,0,,00:25,2025,Friday,12,Motor Vehicle In Transport,05,On Roadway,3,,,,,,06,Non-Junction,03,Dark - Lighted,4/11/2025,2025-04-11,N,29.89,F,N,,,FA44DC56E3FBB46D20E14B2F8A9C96C90C962AE721845B99AA57DC5AC1106965,MD,01,No,,,,,01,Dry,,,,,,,,
Property Damage Crashes,MSP7657007X,Maryland State Police,Single Vehicle,Prince George's,Principal Arterial – Other,No,No,No,No,No,CRAIN HWY,301,UNITED STATE ROUTE,No,True,No,4/8/2025,No,Point,38.789280217,-76.785881883,MSP,101,16,03,No,8,,08:08,2025,Tuesday,32,Guardrail Face,09,Roadside,3,,101,State,,,06,Non-Junction,01,Daylight,4/8/2025,2025-04-08,S,11.6,F,N,,,53F09BAF5E949C120D9017D013C5FF67B5AAA044517E6D46921FCB67D32A91EF,US,01,No,,,,,09,Wet,,,,,,,,
Injury Crashes,DA29690015,Prince George's County Police,Single Vehicle,Prince George's,Major Collector,No,No,No,No,No,BRANDYWINE RD,381,MARYLAND ROUTE,No,True,No,5/10/2025,No,Point,38.689448057,-76.819787760,PGCOPD,101,16,02,No,23,,23:56,2025,Saturday,41,Utility Pole/Light Support,09,Roadside,5,,,,,,06,Non-Junction,04,Dark - Not Lighted,5/10/2025,2025-05-10,N,6.18,F,N,,,C3F036B49266A2FEBB23A845D004E4E88BE15E4886D2453FF9A88CB11842A1F1,MD,01,No,,,,,01,Dry,,,,,,,,
Property Damage Crashes,DA43730027,Prince George's County Police,"Sideswipe, Same Direction",Prince George's,,No,No,No,No,No,ALLENTOWN RD (SB/L),126,COUNTY ROAD,No,True,No,2/13/2025,No,Point,38.792527931,-76.930118560,PGCOPD,07,16,03,No,6,,06:50,2025,Thursday,12,Motor Vehicle In Transport,05,On Roadway,,,,,,,06,Non-Junction,01,Daylight,2/13/2025,2025-02-13,S,6.9,F,N,,,A9BC2455F6152ADF2030AD621D946EC01FA107AF5584FF7C70D268D77BF550F8,CO,01,No,,,,,09,Wet,,,,,,,,
Injury Crashes,DA398700CJ,Prince George's County Police,Front to Rear,Prince George's,Minor Arterial,No,No,No,No,No,,564,MARYLAND ROUTE,No,True,No,5/2/2025,No,Point,38.968348908,-76.853897002,PGCOPD,03,16,02,No,19,,19:02,2025,Friday,12,Motor Vehicle In Transport,05,On Roadway,4,,,,,,09,Through Roadway,01,Daylight,5/2/2025,2025-05-02,N,8.76,F,N,,,0BDB969E385589BDA88DFD9643B944281D09ACA48E6E9F1305BE0C1ACF8665D9,MD,01,No,,,,,01,Dry,,,,,,,,
Property Damage Crashes,DA44210013,Prince George's County Police,"Sideswipe, Same Direction",Prince George's,Local,No,No,No,No,No,BERWICK RD,3205,COUNTY ROAD,No,True,Yes,2/24/2025,Yes,Point,38.776233498,-76.783295518,PGCOPD,07,16,03,No,9,,09:51,2025,Monday,12,Motor Vehicle In Transport,05,On Roadway,7,,,,,,09,Through Roadway,01,Daylight,2/24/2025,2025-02-24,S,9.89,F,N,,,666A962369CAEF6C1BD83167A6E8BC268C017533912E86B4C13EE5CDF29F3FDB,CO,01,No,,,,,01,Dry,,,N,03,Transition Area,03,Work on Shoulder or Median,Yes
Property Damage Crashes,DA2735005X,Prince George's County Police,"Sideswipe, Same Direction",Prince George's,Minor Arterial,Yes,No,No,No,No,ENTERPRISE RD,193,MARYLAND ROUTE,No,True,No,1/22/2025,No,Point,38.902349975,-76.793925258,PGCOPD,07,16,03,No,12,,12:31,2025,Wednesday,12,Motor Vehicle In Transport,05,On Roadway,4,,,,,,06,Non-Junction,01,Daylight,1/22/2025,2025-01-22,S,28.67,F,N,,,03A8357091D5A363462FE8C1280DB474FF0FC51E8B70DCEC185597D70EB1F6D2,MD,01,No,,,,,01,Dry,,,,,,,,
Property Damage Crashes,DA38770097,Prince George's County Police,Front to Rear,Prince George's,Principal Arterial – Other Freeways and Expressways,No,No,No,No,No,INDIAN HEAD HWY,210,MARYLAND ROUTE,No,True,No,5/17/2025,No,Point,38.742379479,-76.991723646,PGCOPD,03,16,03,No,4,,04:55,2025,Saturday,12,Motor Vehicle In Transport,05,On Roadway,2,,,,,,06,Non-Junction,05,Dark - Unknown Lighting,5/17/2025,2025-05-17,E,17.08,F,N,,,4552CA1264E68CEC0ABCA35E101F458D98BFDEB6D832629EDF6DB9DEF49172E8,MD,01,No,,,,,01,Dry,,,,,,,,
Property Damage Crashes,DA421200G6,Prince George's County Police,Angle,Prince George's,Minor Arterial,No,No,No,No,No,ANNAPOLIS RD,450,MARYLAND ROUTE,No,True,No,5/16/2025,No,Point,38.938859600,-76.913179475,PGCOPD,01,16,03,Yes,20,03,20:19,2025,Friday,12,Motor Vehicle In Transport,05,On Roadway,4,Angled/Skewed,,,RAMP 1 FR RAMP 4 (FR MD 295) TO MD 450 RAMP 3 FR MD 450 TO RAMP 2 (TO MD 295),01,05,Intersection or Related,101,Dusk,5/16/2025,2025-05-16,S,0,F,N,,,A432512B257B7AA62A6CF4D7A50DEACA8764081B83E6A74398ED246AC8B6ED1A,MD,01,No,,,,,09,Wet,01,Signalized,,,,,,
Property Damage Crashes,AT1031001C,Capitol Heights Police Department,"Sideswipe, Same Direction",Prince George's,Major Collector,No,No,No,No,No,DAVEY ST,291,MUNICIPAL ROAD,Yes,True,No,3/13/2025,No,Point,38.889081649,-76.914219331,CAPITOLHEIGHTS,07,16,03,Unknown,9,03,09:42,2025,Thursday,12,Motor Vehicle In Transport,99,Unknown,5,Perpendicular,,,SOUTHERN AVE,03,05,Intersection or Related,01,Daylight,3/13/2025,2025-03-13,S,0,F,N,,,6104697A24E4FF0CA6577984B62C8630947219CF6E1A55A22A934CC0A3F77444,MU,01,No,,,,,01,Dry,02,Stop - All Way,,,,,,
Property Damage Crashes,DA41380062,Prince George's County Police,Front to Rear,Prince George's,Principal Arterial – Other Freeways and Expressways,No,No,No,No,No,INDIAN HEAD HWY,210,MARYLAND ROUTE,No,True,No,5/25/2025,No,Point,38.765814106,-76.994223166,PGCOPD,03,16,03,No,16,,16:03,2025,Sunday,12,Motor Vehicle In Transport,05,On Roadway,2,,,,,,06,Non-Junction,01,Daylight,5/25/2025,2025-05-25,N,18.17,F,N,,,C679E619B906B3C74A395E0C9239C8F34FE2462E2F7F3A125305EC34F5057B42,MD,01,No,,,,,01,Dry,,,,,,,,
Property Damage Crashes,DA4389002K,Prince George's County Police,Front to Front,Prince George's,Principal Arterial – Other,No,No,No,No,No,EAST WEST HWY (WB/L),410,MARYLAND ROUTE,No,True,No,3/5/2025,No,Point,38.972253709,-76.979737187,PGCOPD,02,16,03,Yes,14,04,14:10,2025,Wednesday,12,Motor Vehicle In Transport,05,On Roadway,3,Perpendicular,,,RIGGS RD (SB/L),03,05,Intersection or Related,01,Daylight,3/5/2025,2025-03-05,E,0,F,N,,,B552FA86BD62CA591E4B73263D4299893A410DB3101BF122184F74B06D7F2595,MD,01,No,,,,,09,Wet,01,Signalized,,,,,,
Fatal Crashes,DA31190033,Prince George's County Police,Single Vehicle,Prince George's,Principal Arterial – Other,No,Yes,No,Yes,No,ST BARNABAS RD,414,MARYLAND ROUTE,No,True,No,3/5/2025,No,Point,38.824332023,-76.947753914,PGCOPD,101,16,01,No,21,,21:27,2025,Wednesday,17,Pedestrian,05,On Roadway,3,,,,,,06,Non-Junction,04,Dark - Not Lighted,3/5/2025,2025-03-05,W,5.49,F,N,,,8AE088495A0865535CCABCC76E716AEFBCB48725C467CB73CF07ECF8E5446DA6,MD,01,No,,,,,09,Wet,,,,,,,,
Property Damage Crashes,DA3380009J,Prince George's County Police,Other,Prince George's,,No,No,No,No,Yes,,,,No,True,No,2/26/2025,No,Point,38.767581440,-76.888785586,PGCOPD,98,16,03,,19,,19:00,2025,Wednesday,12,Motor Vehicle In Transport,04,"Off-Roadway, Location Unknown",,,,,,,,,03,Dark - Lighted,2/26/2025,2025-02-26,,,F,N,103,Private Road,,,01,No,,,,,,,,,,,,,,
Property Damage Crashes,DA36050076,Prince George's County Police,"Sideswipe, Same Direction",Prince George's,Local,No,No,No,No,No,CALMOS ST,3110,COUNTY ROAD,No,True,No,5/2/2025,No,Point,38.890687407,-76.891791870,PGCOPD,07,16,03,No,22,,22:27,2025,Friday,15,Parked Vehicle,05,On Roadway,7,,,,,,06,Non-Junction,04,Dark - Not Lighted,5/2/2025,2025-05-02,W,14.01,F,N,,,31F6CAD0682E4E4229662D4BBD98DEC22FD0AD614E71434B56F57B3B59A44C5F,CO,01,No,,,,,01,Dry,,,,,,,,
Property Damage Crashes,DA362200BZ,Prince George's County Police,"Sideswipe, Same Direction",Prince George's,Minor Arterial,No,No,No,No,No,,223,MARYLAND ROUTE,No,True,No,1/1/2025,No,Point,38.764506313,-76.902872049,PGCOPD,07,16,03,No,0,,00:15,2025,Wednesday,12,Motor Vehicle In Transport,05,On Roadway,4,,,,,,09,Through Roadway,03,Dark - Lighted,1/1/2025,2025-01-01,E,22.32,F,N,,,6FDEDCCFD7087B3E2BF40CEBA1F9FE928B5BCA28B64A1D5F557CE84A990D5317,MD,01,No,,,,,09,Wet,,,,,,,,
Property Damage Crashes,DA4387001Q,Prince George's County Police,Front to Rear,Prince George's,,No,No,No,No,No,,1829,PRIVATE ROAD,No,True,No,4/19/2025,No,Point,39.022973674,-76.924338138,PGCOPD,03,16,03,No,17,,17:18,2025,Saturday,12,Motor Vehicle In Transport,05,On Roadway,,,,,,,06,Non-Junction,01,Daylight,4/19/2025,2025-04-19,S,14.45,F,N,,,A597971CF7C1C8686AC1C8DC503D14CD91607E43A750B8CE0C75BE335CB607E1,PV,01,No,,,,,01,Dry,,,,,,,,
Property Damage Crashes,DA4424000D,Prince George's County Police,Single Vehicle,Prince George's,Minor Arterial,No,No,No,No,No,SHERIFF RD,75,COUNTY ROAD,Yes,True,No,2/9/2025,No,Point,38.912825328,-76.879823609,PGCOPD,101,16,03,No,0,,00:50,2025,Sunday,27,Curb,01,Gore,4,,,,,,06,Non-Junction,03,Dark - Lighted,2/9/2025,2025-02-09,W,46.8,F,N,,,1149ED5B9B650176D1AB93F69BAF37F1A5A65B55A9F348FB6F39987E0E04293A,CO,01,No,,,,,01,Dry,,,,,,,,
Property Damage Crashes,DA4309002W,Prince George's County Police,"Sideswipe, Same Direction",Prince George's,,No,No,No,No,No,,879,CROSSOVER,No,True,No,3/15/2025,No,Point,38.868236177,-76.841237135,PGCOPD,07,16,03,No,7,,07:55,2025,Saturday,12,Motor Vehicle In Transport,03,Median,,,,,,,04,Entrance/Exit Ramp or Related,03,Dark - Lighted,3/15/2025,2025-03-15,E,5.65,F,N,,,78877D3EB02DE805502A48929D2983E3326F7CFEF62AEEC001A72E1763C47643,XO,01,No,12,Motor Vehicle In Transport,03,Median,01,Dry,,,,,,,,
Property Damage Crashes,DA4365003L,Prince George's County Police,Angle,Prince George's,,No,No,No,No,No,CIPRIANO RD (NB/L),28,COUNTY ROAD,No,True,No,2/11/2025,No,Point,38.987248933,-76.854147806,PGCOPD,01,16,03,No,8,,08:44,2025,Tuesday,12,Motor Vehicle In Transport,05,On Roadway,,,,,,,06,Non-Junction,01,Daylight,2/11/2025,2025-02-11,N,11.2,F,N,,,9FDB875196BF34F459A516E4C64A030C14EC230CB626F112F9EF8489A5FD3668,CO,01,No,,,,,01,Dry,,,,,,,,
Property Damage Crashes,DA37070055,Prince George's County Police,Front to Rear,Prince George's,Minor Arterial,No,No,No,No,No,COLLINGTON RD (SB/L),197,MARYLAND ROUTE,No,True,No,5/23/2025,No,Point,38.959014582,-76.748669948,PGCOPD,03,16,03,No,12,,12:23,2025,Friday,12,Motor Vehicle In Transport,05,On Roadway,4,,,,,,06,Non-Junction,01,Daylight,5/23/2025,2025-05-23,N,203.34,F,N,,,F87DF2B85FB8C72337243B1B5BFDBE433C558C1FE9FC42CE57E52FA5DFFDEA12,MD,01,No,,,,,01,Dry,,,,,,,,
Property Damage Crashes,RD0127006X,Riverdale Park Police Department,Angle,Prince George's,Principal Arterial – Other,No,No,No,No,No,KENILWORTH AVE,201,MARYLAND ROUTE,No,True,No,2/10/2025,No,Point,38.960515517,-76.919861800,RIVERDALE,01,16,03,Yes,17,04,17:27,2025,Monday,12,Motor Vehicle In Transport,03,Median,3,Perpendicular,,,EAST WEST HWY (WB/L),03,05,Intersection or Related,01,Daylight,2/10/2025,2025-02-10,S,0,F,N,,,14D4359C14D781FA8DE101F62B2979A39B93F87713B40A6A69FCCCDDA4831421,MD,01,No,,,,,01,Dry,01,Signalized,,,,,,
Injury Crashes,CE4152008N,Laurel Police Department,Front to Front,Prince George's,Principal Arterial – Other,No,No,No,No,No,,1,UNITED STATE ROUTE,No,True,No,4/14/2025,No,Point,39.094667628,-76.853778105,LAUREL,02,16,02,Yes,12,03,12:06,2025,Monday,12,Motor Vehicle In Transport,05,On Roadway,3,Perpendicular,,,DOMER AVE,03,05,Intersection or Related,01,Daylight,4/14/2025,2025-04-14,E,0,F,N,,,CEAD4A28D4DA756DDC2F43964905E77E78F8B2766011638B9AD8EF5309240D08,US,01,No,,,,,01,Dry,01,Signalized,,,,,,
Property Damage Crashes,DA4355002X,Prince George's County Police,Front to Rear,Prince George's,Major Collector,No,Yes,No,No,No,CAMPUS WAY SOUTH,4638,COUNTY ROAD,No,True,No,1/30/2025,No,Point,38.889377891,-76.828284487,PGCOPD,03,16,03,Yes,9,,09:00,2025,Thursday,12,Motor Vehicle In Transport,05,On Roadway,5,,,,,,09,Through Roadway,01,Daylight,1/30/2025,2025-01-30,W,28.9,F,N,,,C160FFA53ED22E57F73E81E4CC9CB275AAAD8D39AD1398D4175B95B3FC0FC85F,CO,02,"Yes, School Bus Directly Involved",,,,,01,Dry,,,,,,,,
Property Damage Crashes,DA44280010,Prince George's County Police,Single Vehicle,Prince George's,Principal Arterial – Other,No,No,No,No,No,ANNAPOLIS RD,450,MARYLAND ROUTE,No,True,No,4/28/2025,No,Point,38.955945197,-76.822021040,PGCOPD,101,16,03,No,9,,09:33,2025,Monday,27,Curb,09,Roadside,3,,,,,,09,Through Roadway,01,Daylight,4/28/2025,2025-04-28,W,9.78,F,N,,,734C86BE120E9C08C7F7F0A5A9D3833BB671257982427BD29203C51D97476A2C,MD,01,No,,,,,01,Dry,,,,,,,,
Property Damage Crashes,DA43690028,Prince George's County Police,"Sideswipe, Same Direction",Prince George's,Principal Arterial – Other,No,Yes,No,No,No,ADDISON RD,366,COUNTY ROAD,Yes,True,Yes,3/17/2025,Yes,Point,38.867281667,-76.892499211,PGCOPD,07,16,03,No,14,,14:10,2025,Monday,12,Motor Vehicle In Transport,05,On Roadway,3,,,,WALKER MILL RD,,09,Through Roadway,01,Daylight,3/17/2025,2025-03-17,S,37.03,F,N,,,476ABEBE84D5B1024712988D51EDF113E728AAEC6332D020FFFF304A4351E5A9,CO,01,No,,,,,01,Dry,,,N,01,Before the First Work Zone Warning Sign,01,Lane Closure,Yes
Injury Crashes,DA3774008T,Prince George's County Police,Front to Front,Prince George's,,No,No,No,No,Yes,,,,No,True,No,5/23/2025,No,Point,38.964821950,-76.897064661,PGCOPD,02,16,02,,13,,13:47,2025,Friday,15,Parked Vehicle,02,In Parking Lane Or Zone,,,,,,,,,01,Daylight,5/23/2025,2025-05-23,,,F,N,100,Parking Stall,,,01,No,35,"Other Fixed Object (wall, building, tunnel, etc.)",02,In Parking Lane Or Zone,,,,,,,,,,
Injury Crashes,DA4411000P,Prince George's County Police,Angle,Prince George's,,No,No,No,No,No,,64,COUNTY ROAD,Yes,True,No,4/3/2025,No,Point,38.919819990,-76.815261672,PGCOPD,01,16,02,No,11,,11:30,2025,Thursday,12,Motor Vehicle In Transport,05,On Roadway,,,,,,,01,Acceleration/Deceleration Lane,99,Unknown,4/3/2025,2025-04-03,E,34.11,F,N,,,8AD001227441C4CEBF5EFDA9B80B30FBA0FD580EE3F84C0172C18867FBE12A94,CO,01,No,,,,,01,Dry,,,,,,,,
Property Damage Crashes,MSP76570075,Maryland State Police,Front to Rear,Prince George's,Interstate,No,No,No,No,No,CAPITAL BELTWAY,95,INTERSTATE ROUTE,No,True,No,1/23/2025,No,Point,38.893198333,-76.84744,MSP,03,16,03,No,8,,08:14,2025,Thursday,12,Motor Vehicle In Transport,05,On Roadway,1,,,,,,06,Non-Junction,01,Daylight,1/23/2025,2025-01-23,E,26.76,F,N,,,F999F494DC5C3B2F22240D7D21870F609C1AACF5073277C1E6B25BC0E5F520EF,IS,01,No,,,,,01,Dry,,,,,,,,
Property Damage Crashes,DA3304004K,Prince George's County Police,Rear To Side,Prince George's,,No,No,No,No,No,,416,COUNTY ROAD,No,True,No,2/14/2025,No,Point,38.742639970,-76.991751315,PGCOPD,05,16,03,No,19,03,19:26,2025,Friday,12,Motor Vehicle In Transport,05,On Roadway,,Perpendicular,,,INDIAN HEAD HWY (SB/L),03,05,Intersection or Related,03,Dark - Lighted,2/14/2025,2025-02-14,W,0,F,N,,,783B15D9F60D424D7D18E06311621E7ECD62C8DCD3263D7A5C0A995100C22EE8,CO,01,No,,,,,01,Dry,01,Signalized,,,,,,
Injury Crashes,AM0339005P,Bladensburg Police Department,Front to Front,Prince George's,Principal Arterial – Other,No,No,No,No,No,ANNAPOLIS RD,450,MARYLAND ROUTE,No,True,No,1/25/2025,No,Point,38.939589227,-76.933760301,BLADENSBURG,02,16,02,No,15,,15:55,2025,Saturday,12,Motor Vehicle In Transport,05,On Roadway,3,,,,,,03,Driveway Access or Related,01,Daylight,1/25/2025,2025-01-25,S,80.74,F,N,,,3C2B4AF900D43286763F48C2E25DCB8AAB4766C529DEEC7E12F91C297CFD4BAA,MD,01,No,,,,,01,Dry,,,,,,,,
Property Damage Crashes,MSP7764007Q,Maryland State Police,Front to Rear,Prince George's,Interstate,No,No,No,No,No,CAPITAL BELTWAY,95,INTERSTATE ROUTE,No,True,No,2/26/2025,No,Point,38.994082085,-76.888135,MSP,03,16,03,No,16,,16:05,2025,Wednesday,12,Motor Vehicle In Transport,05,On Roadway,1,,,,,,06,Non-Junction,01,Daylight,2/26/2025,2025-02-26,N,42.2,F,N,,,5CF13A1BD960AFB7ACF0670A2A9B6CED9916C1D5F36535E2D551B5D67C936200,IS,01,No,,,,,01,Dry,,,,,,,,
Injury Crashes,CE52940023,Laurel Police Department,Front to Rear,Prince George's,Principal Arterial – Other,No,No,No,No,No,SECOND ST,1,UNITED STATE ROUTE,No,True,No,5/3/2025,No,Point,39.101017838,-76.845223728,LAUREL,03,16,02,No,19,,19:47,2025,Saturday,12,Motor Vehicle In Transport,05,On Roadway,3,,,,,,06,Non-Junction,01,Daylight,5/3/2025,2025-05-03,S,18.54,F,N,,,AA64D7F6ED0D5F2ABDE519E18EAB6C3A2FD74E94F1C671349B552943D7E27421,US,01,No,,,,,09,Wet,,,,,,,,
Property Damage Crashes,DA44150008,Prince George's County Police,Rear To Side,Prince George's,Minor Arterial,No,No,No,No,No,RIGGS RD,212,MARYLAND ROUTE,No,True,No,1/17/2025,No,Point,39.004938047,-76.968943107,PGCOPD,05,16,03,No,5,,05:49,2025,Friday,12,Motor Vehicle In Transport,05,On Roadway,4,,,,,,09,Through Roadway,03,Dark - Lighted,1/17/2025,2025-01-17,W,19.32,F,N,,,A4A7CD4CDFFE37BD5AF871EAF7910436D5C30C3D8ED46AF633CB2D9557AFB83C,MD,01,No,12,Motor Vehicle In Transport,05,On Roadway,01,Dry,,,,,,,,
Injury Crashes,MSP585801G1,Maryland State Police,Front to Rear,Prince George's,Interstate,No,No,No,No,No,CAPITAL BELTWAY (SB/L),95,INTERSTATE ROUTE,Yes,True,No,2/26/2025,No,Point,38.8057997,-76.99344045,MSP,03,16,02,No,11,,11:45,2025,Wednesday,12,Motor Vehicle In Transport,05,On Roadway,1,,,,,,09,Through Roadway,01,Daylight,2/26/2025,2025-02-26,N,28.11,F,N,,,EE51613429226D29807AEC414ADD51B2DF5F34675E8D18686078DC41D533D758,IS,01,No,,,,,01,Dry,,,,,,,,
Property Damage Crashes,DA43160052,Prince George's County Police,Single Vehicle,Prince George's,Minor Arterial,No,Yes,No,No,No,POWDER MILL RD,212,MARYLAND ROUTE,No,True,No,4/11/2025,No,Point,39.046510074,-76.938439687,PGCOPD,101,16,03,No,12,,12:20,2025,Friday,28,Ditch,09,Roadside,4,,,,,,06,Non-Junction,01,Daylight,4/11/2025,2025-04-11,W,21.73,F,N,,,5483E733B168B87FE25148B84A64834392AA69BC378295F54FA04B1057E00963,MD,02,"Yes, School Bus Directly Involved",,,,,09,Wet,,,,,,,,