Crash Severity Description,Reportnumber,Agencyname,CollisionImpact Description,Crash County Description,FunctionalClass Description,ImpairedCrash,Large Vehicle Involved,Motorcycle Crash,Non-Motorist Crash,OffRoad,RoadName,Route Number,RouteType Description,Unrestrained Occupants,WithinDateRange,Work Zone Related,Crashdate,Work Zone Crash,CrashPoint,Latitude,Longitude,AgencyCode,CollisionImpact,Crash County,Crash Severity,Crash Within Interchange,Crashhour,CrashInterchangeApproaches,Crashtime,CrashYear,Dayofweek,FirstHarmEvent,FirstHarmEvent Description,FirstHarmLocation,FirstHarmLocation Description,FunctionalClass,Geometry Description,GovPropertyDamage,GovPropertyDamage Description,IntersectingRoadName,Intersection Geometry,JunctionRelated,JunctionRelated Description,Light,Light Description,LOD Crash Date,LOD Date Level,MilepointDirection,MilepointDistance,MilepointUnits,NonTrafficFatal,OffroadLocation,OffroadLocation Description,RoadID,RouteType,SchoolBusRelated,SchoolBusRelated Description,SecondHarmEvent,SecondHarmEvent Description,SecondHarmLocation,SecondHarmLocation Description,Surface,Surface Description,TrafficControl,Trafficcontrol Description,WZLawEnforcementPresent,WZLocation,WZLocation Description,WZType,WZType Description,WZWorkersPresent
Property Damage Crashes,DA4327003S,Prince George's County Police,Front to Rear,Prince George's,Principal Arterial – Other,No,No,No,No,No,SILVER HILL RD (SB/L),458,MARYLAND ROUTE,No,True,No,3/16/2025,No,Point,38.857173535,-76.904489838,PGCOPD,03,16,03,No,1,,01:05,2025,Sunday,12,Motor Vehicle In Transport,05,On Roadway,3,,,,,,02,Crossover-Related,03,Dark - Lighted,3/16/2025,2025-03-16,N,43.75,F,N,,,8DD87A67FF279AF24F2AED667C5643822F84E79B804E00E62C85A56352C5197F,MD,01,No,,,,,01,Dry,,,,,,,,
Property Damage Crashes,MSP7764008R,Maryland State Police,Front to Rear,Prince George's,Interstate,No,No,No,No,No,JOHN HANSON HWY (WB/L),595,INTERSTATE ROUTE,No,True,No,4/17/2025,No,Point,38.946956667,-76.842609674,MSP,03,16,03,No,15,,15:35,2025,Thursday,12,Motor Vehicle In Transport,05,On Roadway,1,,,,,,06,Non-Junction,01,Daylight,4/17/2025,2025-04-17,S,50.19,F,N,,,714EF0F5D8F98B64E1B078C4305F1CA9DAC460E8C046453891863953975A69C2,IS,01,No,,,,,01,Dry,,,,,,,,
Property Damage Crashes,MSP585801H2,Maryland State Police,Front to Rear,Prince George's,Interstate,No,No,No,No,No,CAPITAL BELTWAY,95,INTERSTATE ROUTE,No,True,No,4/23/2025,No,Point,38.818443769,-76.912097414,MSP,03,16,03,No,14,,14:16,2025,Wednesday,12,Motor Vehicle In Transport,05,On Roadway,1,,,,,,09,Through Roadway,01,Daylight,4/23/2025,2025-04-23,E,11.24,F,N,,,159CD9C5A72F0E9FB7F64ADB4809855476E8B6C8FED8A75FBB0450E7F84981D8,IS,01,No,,,,,01,Dry,,,,,,,,
Property Damage Crashes,DJ0177002N,Seat Pleasant Police Department,Front to Rear,Prince George's,Principal Arterial – Other,No,No,No,No,No,CENTRAL AVE (WB/L),214,MARYLAND ROUTE,No,True,No,1/11/2025,No,Point,38.887699999,-76.889642209,SEATPLEASANT,03,16,03,No,13,,13:34,2025,Saturday,12,Motor Vehicle In Transport,05,On Roadway,3,,,,,,06,Non-Junction,01,Daylight,1/11/2025,2025-01-11,S,8.6,F,N,,,37B64E56A95191C7AD02EDCAD4CD4FD49CA5D9DA5D12153BEDA5B21AC52BF1DD,MD,01,No,,,,,01,Dry,,,,,,,,
Property Damage Crashes,DA4303001R,Prince George's County Police,Angle,Prince George's,Minor Arterial,No,No,No,No,No,WHEELER RD,110,COUNTY ROAD,No,True,No,5/21/2025,No,Point,38.831878759,-76.986396623,PGCOPD,01,16,03,No,8,,08:45,2025,Wednesday,12,Motor Vehicle In Transport,05,On Roadway,4,,,,,,01,Acceleration/Deceleration Lane,01,Daylight,5/21/2025,2025-05-21,W,20.36,F,N,,,C9054689F366FB42DBC3C3778AD9CAAFC1091345C9954C375E7D10C582F9AAF4,CO,01,No,12,Motor Vehicle In Transport,05,On Roadway,09,Wet,,,,,,,,
Injury Crashes,DA43540030,Prince George's County Police,Angle,Prince George's,Local,No,No,No,No,No,AUBURN AVE,601,OTHER PUBLIC ROAD,No,True,No,1/12/2025,No,Point,38.964325064,-76.896859861,PGCOPD,01,16,02,No,7,,07:47,2025,Sunday,12,Motor Vehicle In Transport,05,On Roadway,7,,,,AUBURN AVE RIVERDALE RD,,09,Through Roadway,01,Daylight,1/12/2025,2025-01-12,N,8.16,F,N,,,B748CA3EB9AB39920AEDEB2FDC666BA4700188C4C63A333137106449BB6EB3CC,OP,01,No,12,Motor Vehicle In Transport,05,On Roadway,02,Ice/Frost,,,,,,,,
Injury Crashes,DA43900015,Prince George's County Police,Single Vehicle,Prince George's,Principal Arterial – Other,No,No,No,No,No,WALKER MILL RD,367,COUNTY ROAD,Yes,True,No,2/8/2025,No,Point,38.863977057,-76.895196744,PGCOPD,101,16,02,No,0,,00:08,2025,Saturday,27,Curb,09,Roadside,3,,,,,,09,Through Roadway,04,Dark - Not Lighted,2/8/2025,2025-02-08,N,37.6,F,N,,,1F8D03C9786BAF62BC4ADEF74E8AA704C4F6CC0827A92EF6988C31F1AB15C2AC,CO,01,No,,,,,01,Dry,,,,,,,,
Injury Crashes,DA3496001Y,Prince George's County Police,Front to Rear,Prince George's,Principal Arterial – Other,No,No,No,No,No,BALTIMORE AVE,1,UNITED STATE ROUTE,No,True,No,4/27/2025,No,Point,39.0130933,-76.9281804,PGCOPD,03,16,02,No,21,,21:30,2025,Sunday,12,Motor Vehicle In Transport,05,On Roadway,3,,,,,,09,Through Roadway,03,Dark - Lighted,4/27/2025,2025-04-27,E,50.6,F,N,,,2A4D92474B5B3BF61E7CF6498E579406CA91939319722D4DD02C16D16185760E,US,01,No,12,Motor Vehicle In Transport,05,On Roadway,01,Dry,,,,,,,,
Property Damage Crashes,GA0018002D,Colmar Manor Police Department,Front to Rear,Prince George's,,No,No,No,No,No,,1,UNITED STATE ROUTE,No,True,No,4/19/2025,No,Point,38.930886815,-76.957562533,COLMAR,03,16,03,No,13,,13:30,2025,Saturday,12,Motor Vehicle In Transport,05,On Roadway,,,,,,,06,Non-Junction,01,Daylight,4/19/2025,2025-04-19,E,9.03,F,N,,,31148A97DDEDB56AB01BDEEB7FC594A2D325976CFA314F8BFA7A589EC455F767,US,01,No,,,,,01,Dry,,,,,,,,
Property Damage Crashes,DA4074007K,Prince George's County Police,Single Vehicle,Prince George's,Major Collector,No,No,No,No,No,BRANDYWINE RD,381,MARYLAND ROUTE,No,True,No,1/12/2025,No,Point,38.622411329,-76.740699819,PGCOPD,101,16,03,No,20,,20:45,2025,Sunday,09,Animal (live),05,On Roadway,5,,,,,,06,Non-Junction,04,Dark - Not Lighted,1/12/2025,2025-01-12,N,22.8,F,N,,,07B22541106C59D3324CAD671435FE65A05741352CDBD13FC99B474390EA18D0,MD,01,No,09,Animal (live),05,On Roadway,01,Dry,,,,,,,,
Property Damage Crashes,DA43150028,Prince George's County Police,Single Vehicle,Prince George's,Local,No,No,No,No,No,ERSKINE ST,450,COUNTY ROAD,No,True,No,5/14/2025,No,Point,38.980736044,-76.984506887,PGCOPD,101,16,03,Yes,6,,06:30,2025,Wednesday,27,Curb,03,Median,7,,,,,,01,Acceleration/Deceleration Lane,03,Dark - Lighted,5/14/2025,2025-05-14,E,23.2,F,N,,,F9733D4F532B54C2A6DBCB121D61B61EA7B45E780052ACDCD075F61698F3BC9A,CO,01,No,97,Not Applicable,,,09,Wet,,,,,,,,
Property Damage Crashes,BW0222000Q,Greenbelt Police Department,Single Vehicle,Prince George's,Local,Yes,No,No,No,No,HANOVER DR,204,MUNICIPAL ROAD,No,True,No,3/6/2025,No,Point,38.989023973,-76.880126397,GREENBELT,101,16,03,No,3,,03:12,2025,Thursday,13,Other Non-Fixed Object,05,On Roadway,7,,100,Local,,,06,Non-Junction,03,Dark - Lighted,3/6/2025,2025-03-06,W,15.29,F,N,,,1483976E3AAEC1E88FD3800684DE49DDDBF308765C1362E8F6FC9C565B30FF78,MU,01,No,32,Guardrail Face,09,Roadside,01,Dry,,,,,,,,
Property Damage Crashes,RD0130004Z,Riverdale Park Police Department,"Sideswipe, Opposite Direction",Prince George's,,No,No,No,No,Yes,,,,No,True,No,5/29/2025,No,Point,38.959544856,-76.939527833,RIVERDALE,06,16,03,,13,,13:31,2025,Thursday,12,Motor Vehicle In Transport,02,In Parking Lane Or Zone,,,,,,,,,01,Daylight,5/29/2025,2025-05-29,,,F,N,102,Parking Lot Way,,,01,No,,,,,,,,,,,,,,
Property Damage Crashes,DA4375002W,Prince George's County Police,Single Vehicle,Prince George's,Principal Arterial – Other,No,No,No,No,No,PENNSYLVANIA AVE,4,MARYLAND ROUTE,No,True,No,3/31/2025,No,Point,38.842330164,-76.878616397,PGCOPD,101,16,03,No,13,,13:30,2025,Monday,13,Other Non-Fixed Object,05,On Roadway,3,,,,,,06,Non-Junction,01,Daylight,3/31/2025,2025-03-31,W,41.04,F,N,,,D5F0F5E74EB0F4D415120F7343A6942F988F1CE25CB4948313980149AF8F99A7,MD,01,No,,,,,01,Dry,,,,,,,,
Injury Crashes,BP1137001F,Forest Heights Police Department,Single Vehicle,Prince George's,Principal Arterial – Other,No,No,No,Yes,No,OXON HILL RD,414,MARYLAND ROUTE,No,True,No,1/26/2025,No,Point,38.803134926,-76.992805696,FORESTHEIGHTS,101,16,02,No,0,,00:00,2025,Sunday,13,Other Non-Fixed Object,05,On Roadway,3,,,,,,06,Non-Junction,04,Dark - Not Lighted,1/26/2025,2025-01-26,E,24.29,F,N,,,D97B3F9E055F031CE42049ECD68F5D86EB146A2641F2BE7EE2B895D29F7E8503,MD,01,No,,,,,01,Dry,,,,,,,,
Injury Crashes,MSP7871002T,Maryland State Police,Front to Rear,Prince George's,Interstate,No,No,No,No,No,CAPITAL BELTWAY,495,INTERSTATE ROUTE,No,True,No,3/11/2025,No,Point,39.018372932,-76.966663890,MSP,03,16,02,No,19,,19:30,2025,Tuesday,12,Motor Vehicle In Transport,05,On Roadway,1,,,,,,09,Through Roadway,01,Daylight,3/11/2025,2025-03-11,N,15.46,F,N,,,8F19B2F349AF7BD85F7ED98F54F93C2ABA96A511B02E6924DA4976B52B8D7F52,IS,01,No,,,,,01,Dry,,,,,,,,
Property Damage Crashes,CBPD0131000C,Bowie Police Department,Front to Rear,Prince George's,,No,No,No,No,No,,132,SPUR,No,True,No,3/13/2025,No,Point,38.973681243,-76.756115015,BOWIE,03,16,03,No,14,,14:25,2025,Thursday,12,Motor Vehicle In Transport,05,On Roadway,,,,,,,06,Non-Junction,01,Daylight,3/13/2025,2025-03-13,S,27.58,F,N,,,6195BA51EFEAA7ED95457F5C385650EE1A70FD9EFAA0926302A0C81145367CF2,SP,01,No,,,,,01,Dry,,,,,,,,
Property Damage Crashes,MSP7770006J,Maryland State Police,Front to Front,Prince George's,Local,No,No,No,No,No,MILL BRANCH RD,104,COUNTY ROAD,No,True,No,2/12/2025,No,Point,38.935298970,-76.717744335,MSP,02,16,03,Yes,18,04,18:27,2025,Wednesday,12,Motor Vehicle In Transport,05,On Roadway,7,Angled/Skewed,,,EXCALIBUR RD EXCALIBUR RD (EB/L),01,05,Intersection or Related,03,Dark - Lighted,2/12/2025,2025-02-12,N,0,F,N,,,E90492704FD365BAAC1A5A11D3DD4979A1A5512387D79B881FE1829DBA68AEAC,CO,01,No,,,,,09,Wet,01,Signalized,,,,,,
Property Damage Crashes,DA43180049,Prince George's County Police,Single Vehicle,Prince George's,Minor Arterial,No,No,No,No,No,SUITLAND RD,81,COUNTY ROAD,No,True,No,4/16/2025,No,Point,38.822102823,-76.887524282,PGCOPD,101,16,03,No,6,,06:13,2025,Wednesday,27,Curb,09,Roadside,4,,,,,,09,Through Roadway,01,Daylight,4/16/2025,2025-04-16,S,27.18,F,N,,,E8350A025B8F9EB951286F179E4A28709671AA878E5349DBFC6948FFDA5F2138,CO,01,No,,,,,01,Dry,,,,,,,,
Property Damage Crashes,DA3425008H,Prince George's County Police,Front to Front,Prince George's,Minor Arterial,No,No,No,No,No,RIGGS RD (SB/L),212,MARYLAND ROUTE,No,True,No,4/18/2025,No,Point,39.008319496,-76.966008844,PGCOPD,02,16,03,No,21,,21:12,2025,Friday,15,Parked Vehicle,07,"On Shoulder, Right Side",4,,,,,,06,Non-Junction,03,Dark - Lighted,4/18/2025,2025-04-18,N,25.94,F,N,,,B0F5F68AF26A21185A22FDDDB576B5AE5E985886DDE797AB29188C944BE21C71,MD,01,No,15,Parked Vehicle,04,"Off-Roadway, Location Unknown",01,Dry,,,,,,,,
Property Damage Crashes,DA42280057,Prince George's County Police,Front to Front,Prince George's,Local,No,No,No,No,No,GOLF COURSE TERR,5327,COUNTY ROAD,No,True,No,2/5/2025,No,Point,38.910824761,-76.815907139,PGCOPD,02,16,03,No,20,,20:00,2025,Wednesday,15,Parked Vehicle,09,Roadside,7,,,,,,03,Driveway Access or Related,04,Dark - Not Lighted,2/5/2025,2025-02-05,E,8.43,F,N,,,37B5FA14ED7269DB4EAC9DA867A534BA31186655F7D6AEDA9A9FD367B3CA097C,CO,01,No,,,,,01,Dry,,,,,,,,
Property Damage Crashes,DA4422000S,Prince George's County Police,Angle,Prince George's,Principal Arterial – Other Freeways and Expressways,No,Yes,No,No,No,RAMP 1 FR MD 410 NB TO RAMP 8 (TO US 50),50,RAMP,No,True,No,4/9/2025,No,Point,38.943991952,-76.880998599,PGCOPD,01,16,03,Yes,13,04,13:55,2025,Wednesday,12,Motor Vehicle In Transport,05,On Roadway,2,Perpendicular,,,RAMP 7 FR RAMP 2 (FR US 50) TO MD 410 SB,03,05,Intersection or Related,01,Daylight,4/9/2025,2025-04-09,N,0,F,N,,,2ED4B0B1C3EA6C72C99C08F775C506FE65FCE7EF12F01C6D956EB5DE414081F2,RP,01,No,,,,,01,Dry,01,Signalized,,,,,,
Property Damage Crashes,RD01330016,Riverdale Park Police Department,Other,Prince George's,Local,No,No,No,No,No,58TH AVE,317,COUNTY ROAD,No,True,No,3/2/2025,No,Point,38.959658730,-76.917730283,RIVERDALE,98,16,03,No,17,,17:49,2025,Sunday,12,Motor Vehicle In Transport,05,On Roadway,7,,,,,,09,Through Roadway,01,Daylight,3/2/2025,2025-03-02,W,6.32,F,N,,,60459FE4C597DC58BA95412D88EF8BF9D9D9AD38CA9C6411A1164B991A8B1F48,CO,01,No,,,,,01,Dry,,,,,,,,
Injury Crashes,DA30470081,Prince George's County Police,Front to Rear,Prince George's,Local,No,No,No,No,No,SERVICE RD E,210,MARYLAND ROUTE,No,True,No,1/28/2025,No,Point,38.742621699,-76.991475419,PGCOPD,03,16,02,Yes,6,03,06:20,2025,Tuesday,12,Motor Vehicle In Transport,05,On Roadway,7,Angled/Skewed,,,FORT WASHINGTON RD,01,05,Intersection or Related,03,Dark - Lighted,1/28/2025,2025-01-28,N,0,F,N,,,207321C7D5A2BBF31F97830A218BE718BD23261AF06F1D869368AC5CD1A42B5A,MD,01,No,,,,,01,Dry,03,Stop - Partial,,,,,,
Property Damage Crashes,MSP745800P8,Maryland State Police,Single Vehicle,Prince George's,Local,No,No,No,No,No,MARLBORO PIKE,4025,COUNTY ROAD,No,True,No,2/8/2025,No,Point,38.823810680,-76.735387895,MSP,101,16,03,No,21,,21:55,2025,Saturday,32,Guardrail Face,09,Roadside,7,,101,State,CRAIN HWY,,01,Acceleration/Deceleration Lane,03,Dark - Lighted,2/8/2025,2025-02-08,N,51.94,F,N,,,241A7B90A2E0862F253173A67B9F5361CE1232E42C5B52633E2E0421FEC564DD,CO,01,No,,,,,09,Wet,,,,,,,,
Fatal Crashes,DA3422006S,Prince George's County Police,Front to Front,Prince George's,Principal Arterial – Other,No,No,No,No,No,ST BARNABAS RD,414,MARYLAND ROUTE,No,True,No,5/9/2025,No,Point,38.825150197,-76.946862768,PGCOPD,02,16,01,Yes,18,02,18:22,2025,Friday,12,Motor Vehicle In Transport,05,On Roadway,3,Perpendicular,100,Local,POHANKA PL,03,05,Intersection or Related,01,Daylight,5/9/2025,2025-05-09,S,0,F,N,,,E182B5A42A9F9A3FAE59E48BC6AE0CC2F2121569DAEE75C834C1DACF018BA481,MD,01,No,12,Motor Vehicle In Transport,05,On Roadway,01,Dry,03,Stop - Partial,,,,,,
Property Damage Crashes,DA2108000Q,Prince George's County Police,Rear To Side,Prince George's,Local,No,No,No,No,No,YALE AVE,1260,MUNICIPAL ROAD,No,True,No,3/8/2025,No,Point,38.980748199,-76.936693536,PGCOPD,05,16,03,No,14,,14:45,2025,Saturday,15,Parked Vehicle,02,In Parking Lane Or Zone,7,,,,,,10,"Other Location Not Listed Above Within an Interchange Area (median,
shoulder and roadside)",01,Daylight,3/8/2025,2025-03-08,S,13.55,F,N,,,BC6BD19CAAC225D57BF52A9C5372DD3E7CC47ACC8C3578D7DBAE78F2C635A4F2,MU,01,No,,,,,01,Dry,,,,,,,,
Injury Crashes,CBPD0073004Q,Bowie Police Department,Angle,Prince George's,Principal Arterial – Other,No,No,No,No,No,ANNAPOLIS RD,450,MARYLAND ROUTE,No,True,No,4/27/2025,No,Point,38.972263462,-76.767820562,BOWIE,01,16,02,No,1,02,01:30,2025,Sunday,12,Motor Vehicle In Transport,05,On Roadway,3,Perpendicular,,,GRENVILLE LA,03,05,Intersection or Related,03,Dark - Lighted,4/27/2025,2025-04-27,S,0,F,N,,,BA3471774943501FA02F3CDEA77B7025C74292F4F752E330512DFC4F593431F6,MD,01,No,,,,,01,Dry,01,Signalized,,,,,,
Property Damage Crashes,DA43320039,Prince George's County Police,Front to Front,Prince George's,Minor Arterial,No,No,No,No,No,ANNAPOLIS RD (WB/L),450,MARYLAND ROUTE,No,True,No,3/10/2025,No,Point,38.939484821,-76.917962353,PGCOPD,02,16,03,No,10,,10:00,2025,Monday,12,Motor Vehicle In Transport,05,On Roadway,4,,,,,,06,Non-Junction,01,Daylight,3/10/2025,2025-03-10,N,4.27,F,N,,,72B661409F1D10BC2E05FB49CC6BC5009B82CBA0231CE4721D0BE97C63B01F79,MD,01,No,,,,,01,Dry,,,,,,,,
Property Damage Crashes,DA41250073,Prince George's County Police,Front to Rear,Prince George's,Major Collector,No,No,No,No,No,BUCHANAN ST,20,MUNICIPAL ROAD,No,True,No,1/18/2025,No,Point,38.945960095,-76.933070197,PGCOPD,03,16,03,No,6,,06:35,2025,Saturday,12,Motor Vehicle In Transport,05,On Roadway,5,,,,,,06,Non-Junction,100,Dawn,1/18/2025,2025-01-18,W,25.88,F,N,,,9B892AFD990E4C51D69819FE27C5CDA9B57BEEDD3D6E20213EF390A2C4823DE3,MU,01,No,12,Motor Vehicle In Transport,07,"On Shoulder, Right Side",01,Dry,,,,,,,,
Property Damage Crashes,DA4376001W,Prince George's County Police,Unknown,Prince George's,,No,No,No,No,Yes,,,,No,True,No,5/22/2025,No,Point,38.874725184,-76.845374672,PGCOPD,99,16,03,,10,,10:00,2025,Thursday,12,Motor Vehicle In Transport,02,In Parking Lane Or Zone,,,,,,,,,01,Daylight,5/22/2025,2025-05-22,,,F,N,100,Parking Stall,,,01,No,,,,,,,,,,,,,,
Property Damage Crashes,ZP05350003,Prince George's County Sheriff's Office,Front to Rear,Prince George's,Local,No,No,No,No,No,JUDGE E A LOVELESS DR,5381,COUNTY ROAD,Yes,True,No,3/26/2025,No,Point,38.816394381,-76.748682810,PGCOSHERIFF,03,16,03,No,17,02,17:00,2025,Wednesday,12,Motor Vehicle In Transport,05,On Roadway,7,Angled/Skewed,,,JUDGES DR,01,05,Intersection or Related,01,Daylight,3/26/2025,2025-03-26,N,0,F,N,,,4C862587C254EC5FE40E5914F0516BD2B8DC74F2964B08E9F848BC63FA96D20B,CO,01,No,97,Not Applicable,,,01,Dry,03,Stop - Partial,,,,,,
Property Damage Crashes,MSP78710049,Maryland State Police,Other,Prince George's,Principal Arterial – Other,Yes,No,No,No,No,BALTIMORE AVE,1,UNITED STATE ROUTE,No,True,No,5/23/2025,No,Point,39.060622099,-76.886820993,MSP,98,16,03,No,18,,18:26,2025,Friday,12,Motor Vehicle In Transport,03,Median,3,,101,State,,,09,Through Roadway,01,Daylight,5/23/2025,2025-05-23,N,4.77,F,N,,,32BB3004E28CE30F1030A1C39AB43CB5D0727EB3EBB01F9AF0F3275194D8C8F4,US,01,No,38,Traffic Sign Support,03,Median,01,Dry,,,,,,,,
Injury Crashes,RD0131005C,Riverdale Park Police Department,Other,Prince George's,Principal Arterial – Other,No,No,No,No,No,EAST WEST HWY (WB/L),410,MARYLAND ROUTE,No,True,No,5/16/2025,No,Point,38.964633107,-76.939043639,RIVERDALE,98,16,02,Yes,15,04,15:52,2025,Friday,12,Motor Vehicle In Transport,05,On Roadway,3,Perpendicular,,,BALTIMORE AVE,03,05,Intersection or Related,01,Daylight,5/16/2025,2025-05-16,N,0,F,N,,,ABC759249A3E1F317E466ECEEE90AB25ADFEFBE7F8A4B719BF4069E7558060B1,MD,01,No,,,,,01,Dry,01,Signalized,,,,,,
Injury Crashes,MSP7843001B,Maryland State Police,"Sideswipe, Same Direction",Prince George's,Interstate,No,No,No,No,No,CAPITAL BELTWAY,495,INTERSTATE ROUTE,No,True,No,3/1/2025,No,Point,39.018435288,-76.964416031,MSP,07,16,02,No,21,,21:48,2025,Saturday,12,Motor Vehicle In Transport,05,On Roadway,1,,,,,,06,Non-Junction,03,Dark - Lighted,3/1/2025,2025-03-01,W,46.33,F,N,,,5120A3FC5F2CBA9590B57B6DDC03E4007C17E04032DEA8490C849EEDDB8AF343,IS,01,No,25,Concrete Traffic Barrier,09,Roadside,01,Dry,,,,,,,,
Property Damage Crashes,DA4294003P,Prince George's County Police,Angle,Prince George's,,No,No,No,No,Yes,,,,No,True,No,4/1/2025,No,Point,38.819526438,-77.001989150,PGCOPD,01,16,03,,18,,18:20,2025,Tuesday,12,Motor Vehicle In Transport,02,In Parking Lane Or Zone,,,,,,,,,01,Daylight,4/1/2025,2025-04-01,,,F,N,101,Parking Aisle,,,01,No,,,,,,,,,,,,,,
Property Damage Crashes,MSP766400CF,Maryland State Police,Single Vehicle,Prince George's,Interstate,No,No,No,No,No,CAPITAL BELTWAY (SB/L),95,INTERSTATE ROUTE,No,True,No,5/21/2025,No,Point,38.818725,-76.931378333,MSP,101,16,03,No,23,,23:03,2025,Wednesday,32,Guardrail Face,09,Roadside,1,,101,State,,,09,Through Roadway,04,Dark - Not Lighted,5/21/2025,2025-05-21,W,35.22,F,N,,,54CC91F39AFFAFEACB316B3F011965FF4221867832F921E312A4E58961DFC6E0,IS,01,No,,,,,09,Wet,,,,,,,,
Property Damage Crashes,DA4374003N,Prince George's County Police,Unknown,Prince George's,Local,No,No,No,No,No,ELVIS LA,3949,COUNTY ROAD,No,True,No,4/5/2025,No,Point,38.985122710,-76.842944662,PGCOPD,99,16,03,No,8,,08:08,2025,Saturday,15,Parked Vehicle,05,On Roadway,7,,,,,,09,Through Roadway,01,Daylight,4/5/2025,2025-04-05,W,32.63,F,N,,,85DCF2F5C3A7F34FA35C329095BDA8113A0C18DE30D4DB436D1D980BD54D6DB0,CO,01,No,,,,,01,Dry,,,,,,,,
Property Damage Crashes,DA402200K3,Prince George's County Police,"Sideswipe, Same Direction",Prince George's,Interstate,No,No,No,No,No,RAMP 9 FR IS 595 WB TO MD 950 SB,95,RAMP,No,True,No,4/1/2025,No,Point,38.946230048,-76.854308108,PGCOPD,07,16,03,No,4,,04:50,2025,Tuesday,12,Motor Vehicle In Transport,05,On Roadway,1,,,,,,04,Entrance/Exit Ramp or Related,03,Dark - Lighted,4/1/2025,2025-04-01,E,30.25,F,N,,,128D095096550301E73049C94FE2AF632378D1637D9175C987D54887561B8658,RP,01,No,,,,,01,Dry,,,,,,,,
Property Damage Crashes,MSP757700KL,Maryland State Police,Front to Rear,Prince George's,Interstate,No,No,No,No,No,CAPITAL BELTWAY (SB/L),95,INTERSTATE ROUTE,No,True,No,5/11/2025,No,Point,39.011851667,-76.904046667,MSP,03,16,03,No,13,,13:26,2025,Sunday,12,Motor Vehicle In Transport,05,On Roadway,1,,,,,,09,Through Roadway,01,Daylight,5/11/2025,2025-05-11,S,27.76,F,N,,,522EC98ED4310E5914677E1EC8F4628C4C7CEBA0D469CF43558B6AD7EA738D37,IS,01,No,97,Not Applicable,,,01,Dry,,,,,,,,
Property Damage Crashes,MSP746700F9,Maryland State Police,Front to Front,Prince George's,Principal Arterial – Other,No,No,No,No,No,CRAIN HWY (SB/L),301,UNITED STATE ROUTE,No,True,No,2/19/2025,No,Point,38.811704117,-76.739395167,MSP,02,16,03,No,19,,19:22,2025,Wednesday,12,Motor Vehicle In Transport,05,On Roadway,3,,,,,,09,Through Roadway,04,Dark - Not Lighted,2/19/2025,2025-02-19,E,26.52,F,N,,,CE13D5EB750A414F683533A8FE0773F89DE3E29B239C610C2D6C3CB7D053C2B5,US,01,No,,,,,01,Dry,,,,,,,,
Property Damage Crashes,MSP745800ST,Maryland State Police,Other,Prince George's,Major Collector,No,Yes,No,No,No,DOWER HOUSE RD,92,COUNTY ROAD,No,True,No,5/12/2025,No,Point,38.820846667,-76.848863333,MSP,98,16,03,No,9,,09:31,2025,Monday,12,Motor Vehicle In Transport,05,On Roadway,5,,,,PENNSYLVANIA AVE (SB/L),,01,Acceleration/Deceleration Lane,01,Daylight,5/12/2025,2025-05-12,E,34.12,F,N,,,75FDA20E1C040881E4EEEB2FB27B795BCA9A2A0E9E2AD93F8E29E3B430CB81E7,CO,01,No,,,,,01,Dry,,,,,,,,
Property Damage Crashes,MSP745800R1,Maryland State Police,Single Vehicle,Prince George's,Principal Arterial – Other,No,No,No,No,No,CENTRAL AVE (WB/L),214,MARYLAND ROUTE,No,True,No,3/25/2025,No,Point,38.89989,-76.724623333,MSP,101,16,03,No,6,,06:40,2025,Tuesday,13,Other Non-Fixed Object,07,"On Shoulder, Right Side",3,,,,,,01,Acceleration/Deceleration Lane,100,Dawn,3/25/2025,2025-03-25,S,22.86,F,N,,,4A91ED8981660C5C5F083E5A1F7640F2E96F763D6CE95580C4674C2E178A8F12,MD,01,No,,,,,01,Dry,,,,,,,,
Property Damage Crashes,AT1038000K,Capitol Heights Police Department,Front to Rear,Prince George's,Principal Arterial – Other,No,No,No,No,No,ADDISON RD,366,COUNTY ROAD,No,True,No,4/18/2025,No,Point,38.869149057,-76.893464977,CAPITOLHEIGHTS,03,16,03,No,19,,19:36,2025,Friday,12,Motor Vehicle In Transport,05,On Roadway,3,,,,,,99,Unknown,01,Daylight,4/18/2025,2025-04-18,S,15.13,F,N,,,577113DDF89ED2FBF25ED0DE57C6B7315E1BD62636C63E1D4A7642B3D6C29077,CO,01,No,,,,,01,Dry,,,,,,,,
Property Damage Crashes,CE464300D5,Laurel Police Department,Front to Rear,Prince George's,,No,No,No,No,Yes,,,,No,True,No,5/7/2025,No,Point,39.078675138,-76.872029870,LAUREL,03,16,03,,8,,08:26,2025,Wednesday,12,Motor Vehicle In Transport,99,Unknown,,,,,,,,,01,Daylight,5/7/2025,2025-05-07,,,F,N,102,Parking Lot Way,,,01,No,15,Parked Vehicle,99,Unknown,,,,,,,,,,
Property Damage Crashes,DA4350002S,Prince George's County Police,Single Vehicle,Prince George's,Minor Arterial,No,No,No,No,No,ALLENTOWN RD,126,COUNTY ROAD,No,True,No,2/21/2025,No,Point,38.794053196,-76.916620900,PGCOPD,101,16,03,No,16,,16:33,2025,Friday,30,Fence,04,"Off-Roadway, Location Unknown",4,,,,,,09,Through Roadway,01,Daylight,2/21/2025,2025-02-21,S,13.12,F,N,,,64722C653259BB7B2F02A571BDC06DB1F98230AA39F15E032F0129B4E7264A84,CO,01,No,,,,,01,Dry,,,,,,,,