Crash Severity Description,Reportnumber,Agencyname,CollisionImpact Description,Crash County Description,FunctionalClass Description,ImpairedCrash,Large Vehicle Involved,Motorcycle Crash,Non-Motorist Crash,OffRoad,RoadName,Route Number,RouteType Description,Unrestrained Occupants,WithinDateRange,Work Zone Related,Crashdate,Work Zone Crash,CrashPoint,Latitude,Longitude,AgencyCode,CollisionImpact,Crash County,Crash Severity,Crash Within Interchange,Crashhour,CrashInterchangeApproaches,Crashtime,CrashYear,Dayofweek,FirstHarmEvent,FirstHarmEvent Description,FirstHarmLocation,FirstHarmLocation Description,FunctionalClass,Geometry Description,GovPropertyDamage,GovPropertyDamage Description,IntersectingRoadName,Intersection Geometry,JunctionRelated,JunctionRelated Description,Light,Light Description,LOD Crash Date,LOD Date Level,MilepointDirection,MilepointDistance,MilepointUnits,NonTrafficFatal,OffroadLocation,OffroadLocation Description,RoadID,RouteType,SchoolBusRelated,SchoolBusRelated Description,SecondHarmEvent,SecondHarmEvent Description,SecondHarmLocation,SecondHarmLocation Description,Surface,Surface Description,TrafficControl,Trafficcontrol Description,WZLawEnforcementPresent,WZLocation,WZLocation Description,WZType,WZType Description,WZWorkersPresent
Property Damage Crashes,BW0193001B,Greenbelt Police Department,Front to Rear,Prince George's,Principal Arterial – Other Freeways and Expressways,No,Yes,No,No,No,KENILWORTH AVE,201,MARYLAND ROUTE,Yes,True,No,2/25/2025,No,Point,38.990638254,-76.905270415,GREENBELT,03,16,03,Yes,17,,17:30,2025,Tuesday,12,Motor Vehicle In Transport,05,On Roadway,2,,,,,,09,Through Roadway,03,Dark - Lighted,2/25/2025,2025-02-25,S,29.85,F,N,,,D0E5540B6AC6950F0C66E2B0D2457C42C8322093F934EBEEFE3105C696035D67,MD,02,"Yes, School Bus Directly Involved",12,Motor Vehicle In Transport,05,On Roadway,01,Dry,,,,,,,,
Property Damage Crashes,DA4038007T,Prince George's County Police,Single Vehicle,Prince George's,Minor Arterial,No,No,No,No,No,BRANDYWINE RD,599,COUNTY ROAD,No,True,No,4/6/2025,No,Point,38.703788588,-76.880912231,PGCOPD,101,16,03,No,2,,02:00,2025,Sunday,13,Other Non-Fixed Object,05,On Roadway,4,,,,,,09,Through Roadway,03,Dark - Lighted,4/6/2025,2025-04-06,S,28.77,F,N,,,EADDE230EECBBCE41D33D77593B6B12A83A2CA1FC5538C59FBF020E86C558297,CO,01,No,,,,,01,Dry,,,,,,,,
Property Damage Crashes,DA4382001Z,Prince George's County Police,Front to Rear,Prince George's,Minor Arterial,No,No,No,No,No,MARLBORO PIKE,3074,COUNTY ROAD,No,True,No,5/26/2025,No,Point,38.864927028,-76.915724026,PGCOPD,03,16,03,Yes,16,,16:34,2025,Monday,12,Motor Vehicle In Transport,05,On Roadway,4,,,,,,02,Crossover-Related,01,Daylight,5/26/2025,2025-05-26,S,16.46,F,N,,,E7AAE62ED937EBDBEF2E92D9CA4FED5E95BF8FB56528077E2828E5D08711E05C,CO,01,No,,,,,01,Dry,,,,,,,,
Property Damage Crashes,AM0391001X,Bladensburg Police Department,Front to Rear,Prince George's,Minor Arterial,Yes,No,No,No,No,ANNAPOLIS RD,450,MARYLAND ROUTE,No,True,No,3/21/2025,No,Point,38.939219953,-76.938200942,BLADENSBURG,03,16,03,No,14,,14:50,2025,Friday,12,Motor Vehicle In Transport,05,On Roadway,4,,,,RAMP 5 FR MD 201 SB TO MD 450 EB RAMP 6 FR MD 450 EB TO MD 201 SB,,06,Non-Junction,01,Daylight,3/21/2025,2025-03-21,E,14.94,F,N,,,39BBDA53D9DBBEF09531485D100793A6F275C04A731AA7309EE636835DA138F4,MD,01,No,,,,,01,Dry,,,,,,,,
Property Damage Crashes,DA387800CP,Prince George's County Police,"Sideswipe, Opposite Direction",Prince George's,Minor Arterial,No,No,No,No,No,ANNAPOLIS RD,450,MARYLAND ROUTE,No,True,No,3/13/2025,No,Point,38.962576983,-76.833300641,PGCOPD,06,16,03,No,21,04,21:55,2025,Thursday,12,Motor Vehicle In Transport,05,On Roadway,4,Perpendicular,,,FORBES BLVD FORBES BLVD (SB/L),03,05,Intersection or Related,03,Dark - Lighted,3/13/2025,2025-03-13,E,0,F,N,,,162F91D06196557EF046FBFC773C31DE45039700E96D9F9DBAFFA663CD24026D,MD,01,No,,,,,01,Dry,01,Signalized,,,,,,
Property Damage Crashes,DA421200FJ,Prince George's County Police,Other,Prince George's,,No,No,No,No,Yes,,,,No,True,No,2/13/2025,No,Point,38.938348032,-76.905312761,PGCOPD,98,16,03,,13,,13:21,2025,Thursday,12,Motor Vehicle In Transport,02,In Parking Lane Or Zone,,,,,,,,,01,Daylight,2/13/2025,2025-02-13,,,F,N,100,Parking Stall,,,01,No,,,,,,,,,,,,,,
Property Damage Crashes,DA3641009Q,Prince George's County Police,Angle,Prince George's,,No,No,No,No,No,MD 193 N SC ENT,3417,LOCAL ROAD,No,True,No,3/1/2025,No,Point,38.990195816,-76.987485373,PGCOPD,01,16,03,No,10,04,10:45,2025,Saturday,12,Motor Vehicle In Transport,05,On Roadway,,Perpendicular,,,NEW HAMPSHIRE AVE,03,05,Intersection or Related,01,Daylight,3/1/2025,2025-03-01,N,0,F,N,,,8ABA19819DA9086FD44159B54ACEFD5B49443944FBC737B27E2B7098B9B09E0D,LL,01,No,,,,,01,Dry,01,Signalized,,,,,,
Property Damage Crashes,MSP611100HM,Maryland State Police,"Sideswipe, Same Direction",Prince George's,Interstate,No,No,No,No,No,CAPITAL BELTWAY,95,INTERSTATE ROUTE,No,True,No,5/10/2025,No,Point,38.953808633,-76.862860883,MSP,07,16,03,No,6,,06:30,2025,Saturday,12,Motor Vehicle In Transport,05,On Roadway,1,,,,,,06,Non-Junction,01,Daylight,5/10/2025,2025-05-10,E,35.38,F,N,,,917A0CC01CF58EAC89AD0ACC5D6F06D7DA1357F0FEA0D3A8BF21C6A92DBDEE4D,IS,01,No,97,Not Applicable,,,01,Dry,,,,,,,,
Property Damage Crashes,MSP7453009G,Maryland State Police,Front to Rear,Prince George's,Principal Arterial – Other Freeways and Expressways,No,No,No,No,No,JOHN HANSON HWY (WB/L),50,UNITED STATE ROUTE,No,True,No,3/6/2025,No,Point,38.916742317,-76.92125075,MSP,03,16,03,No,9,,09:12,2025,Thursday,12,Motor Vehicle In Transport,05,On Roadway,2,,,,,,06,Non-Junction,01,Daylight,3/6/2025,2025-03-06,N,10.5,F,N,,,DA608015CBBC6624DA28CF664F6531CCAAD26CBBC43089D15A4661822294D108,US,01,No,,,,,01,Dry,,,,,,,,
Property Damage Crashes,DA3728009P,Prince George's County Police,Front to Front,Prince George's,Minor Arterial,No,No,No,No,No,OLD BRANCH AVE,3675,COUNTY ROAD,No,True,No,3/21/2025,No,Point,38.776927032,-76.899774673,PGCOPD,02,16,03,Yes,23,02,23:25,2025,Friday,12,Motor Vehicle In Transport,05,On Roadway,4,Perpendicular,,,BARNWOOD DR PLATA ST,03,05,Intersection or Related,03,Dark - Lighted,3/21/2025,2025-03-21,E,0,F,N,,,49CD1C0BEB2DDED709C509D8D1509A6484DA3BA9648A103EADA873FC1883FF41,CO,01,No,,,,,01,Dry,03,Stop - Partial,,,,,,
Property Damage Crashes,MSP617100MR,Maryland State Police,"Sideswipe, Same Direction",Prince George's,Interstate,No,No,No,No,No,CAPITAL BELTWAY (SB/L),95,INTERSTATE ROUTE,No,True,No,2/14/2025,No,Point,38.999266952,-76.892315834,MSP,07,16,03,No,12,,12:55,2025,Friday,12,Motor Vehicle In Transport,05,On Roadway,1,,,,RAMP 4 FR MD 201 NB TO IS 95 EB,,06,Non-Junction,01,Daylight,2/14/2025,2025-02-14,N,6.55,F,N,,,9A723C0A1D2F530A50E1A3C61FDCC49102B281FC5B85165F284EE4A8A17034C3,IS,01,No,,,,,01,Dry,,,,,,,,
Property Damage Crashes,MSP647600K0,Maryland State Police,Front to Rear,Prince George's,Interstate,Yes,No,No,No,No,CAPITAL BELTWAY,95,INTERSTATE ROUTE,No,True,No,5/31/2025,No,Point,38.811804944,-76.961915471,MSP,03,16,03,No,0,,00:19,2025,Saturday,12,Motor Vehicle In Transport,05,On Roadway,1,,101,State,,,09,Through Roadway,03,Dark - Lighted,5/31/2025,2025-05-31,N,35.82,F,N,,,8E8D3581BFDAFE951D0D88113F293BE18F8A0B3DD9400EEF109451AE1835AD5A,IS,01,No,38,Traffic Sign Support,09,Roadside,01,Dry,,,,,,,,
Property Damage Crashes,DA4407000W,Prince George's County Police,"Sideswipe, Same Direction",Prince George's,,No,No,No,No,No,MARLBORO PIKE (NB/L),3074,COUNTY ROAD,No,True,No,5/1/2025,No,Point,38.873854122,-76.933672847,PGCOPD,07,16,03,Yes,8,04,08:19,2025,Thursday,12,Motor Vehicle In Transport,05,On Roadway,,Perpendicular,,,SOUTHERN AVE,03,05,Intersection or Related,01,Daylight,5/1/2025,2025-05-01,W,0,F,N,,,29B40892158BAC5D4B917BA1DE2C8C8205F79B030F107CD1AFC1560F03B9E1CC,CO,01,No,,,,,01,Dry,01,Signalized,,,,,,
Property Damage Crashes,MSP6931013F,Maryland State Police,Front to Rear,Prince George's,Principal Arterial – Other,No,No,No,No,No,,1,UNITED STATE ROUTE,No,True,No,3/5/2025,No,Point,39.027634942,-76.917929001,MSP,03,16,03,No,17,,17:02,2025,Wednesday,12,Motor Vehicle In Transport,05,On Roadway,3,,,,,,06,Non-Junction,01,Daylight,3/5/2025,2025-03-05,S,49.05,F,N,,,55D47EF64A4116B1075536E35D4191611CFC579A12F43AE5C1C722246CC12829,US,01,No,,,,,09,Wet,,,,,,,,
Property Damage Crashes,DA4057008P,Prince George's County Police,Front to Rear,Prince George's,Major Collector,No,No,No,No,No,PRINCESS GARDEN PKWY,300,COUNTY ROAD,No,True,No,3/7/2025,No,Point,38.972757893,-76.865915686,PGCOPD,03,16,03,Yes,15,03,15:17,2025,Friday,12,Motor Vehicle In Transport,05,On Roadway,5,Perpendicular,,,WOODBURN CT,03,05,Intersection or Related,01,Daylight,3/7/2025,2025-03-07,S,0,F,N,,,D9FEEDDEB0E3A5880E51B83024172F32D6E99AD8EB3330C0AA03622905DE20B6,CO,01,No,,,,,01,Dry,05,No Controls,,,,,,
Property Damage Crashes,MSP746700G6,Maryland State Police,Front to Rear,Prince George's,Interstate,No,No,No,No,No,CAPITAL BELTWAY (SB/L),95,INTERSTATE ROUTE,No,True,No,5/6/2025,No,Point,38.912885,-76.850768333,MSP,03,16,03,No,17,,17:20,2025,Tuesday,12,Motor Vehicle In Transport,05,On Roadway,1,,,,,,09,Through Roadway,01,Daylight,5/6/2025,2025-05-06,N,71.08,F,N,,,1CE238C4513593FD539F3F98E1D791EA8A42D4DFDE4C8E4D3E3E5A9FDC5A8AD0,IS,01,No,,,,,01,Dry,,,,,,,,
Property Damage Crashes,DA419600DL,Prince George's County Police,"Sideswipe, Opposite Direction",Prince George's,Major Collector,No,No,No,No,No,AUTH RD,127,COUNTY ROAD,No,True,No,4/22/2025,No,Point,38.814072867,-76.898128611,PGCOPD,06,16,03,No,22,,22:53,2025,Tuesday,12,Motor Vehicle In Transport,05,On Roadway,5,,,,MORRIS AVE,,99,Unknown,03,Dark - Lighted,4/22/2025,2025-04-22,S,30.85,F,N,,,9850BBE84FA03223AA0B23568D268AE31E11B62A223BDA979906F5FC02EE07AE,CO,01,No,,,,,01,Dry,,,,,,,,
Property Damage Crashes,DA41020081,Prince George's County Police,"Sideswipe, Same Direction",Prince George's,Principal Arterial – Other,No,No,No,No,No,UNIVERSITY BLVD (WB/L),193,MARYLAND ROUTE,No,True,No,1/8/2025,No,Point,39.000492780,-76.942968683,PGCOPD,07,16,03,Yes,20,,20:35,2025,Wednesday,12,Motor Vehicle In Transport,05,On Roadway,3,,,,,,09,Through Roadway,03,Dark - Lighted,1/8/2025,2025-01-08,S,0,F,N,,,275A476B6CF3869EFFEE1215EFA5018DD68E1147B8FAEC4DE18684040F818206,MD,01,No,12,Motor Vehicle In Transport,05,On Roadway,01,Dry,,,,,,,,
Injury Crashes,DA4278007M,Prince George's County Police,Front to Front,Prince George's,Local,No,No,No,No,No,BANDERA ST,2413,COUNTY ROAD,Yes,True,No,5/29/2025,No,Point,38.959118200,-76.845078610,PGCOPD,02,16,02,No,14,,14:45,2025,Thursday,15,Parked Vehicle,05,On Roadway,7,,,,,,09,Through Roadway,01,Daylight,5/29/2025,2025-05-29,E,39.42,F,N,,,35A455C7D4F3DC95FD00D75E39F6B13A2F9A160055862FB672A3CE4B88A88069,CO,01,No,,,,,01,Dry,,,,,,,,
Property Damage Crashes,DA4395001R,Prince George's County Police,Single Vehicle,Prince George's,,No,No,No,Yes,Yes,,,,No,True,No,2/17/2025,No,Point,38.951759425,-76.969402172,PGCOPD,101,16,03,,11,,11:20,2025,Monday,17,Pedestrian,02,In Parking Lane Or Zone,,,,,,,,,01,Daylight,2/17/2025,2025-02-17,,,F,N,101,Parking Aisle,,,01,No,,,,,,,,,,,,,,
Property Damage Crashes,DA4297003Q,Prince George's County Police,Front to Rear,Prince George's,,No,No,No,No,No,,21,COUNTY ROAD,No,True,No,2/9/2025,No,Point,39.064657395,-76.839408933,PGCOPD,03,16,03,Yes,13,,13:27,2025,Sunday,12,Motor Vehicle In Transport,05,On Roadway,,,,,LAUREL BOWIE RD,,99,Unknown,01,Daylight,2/9/2025,2025-02-09,W,3.03,F,N,,,E3652787CA226A4949D5D76882225DF1E1879B7EFB3CD0B405675B3412ACABEF,CO,01,No,,,,,01,Dry,,,,,,,,
Property Damage Crashes,DA43310038,Prince George's County Police,"Sideswipe, Same Direction",Prince George's,Local,No,Yes,No,No,No,VARNUM ST,90,MUNICIPAL ROAD,Yes,True,No,4/2/2025,No,Point,38.944058609,-76.892139180,PGCOPD,07,16,03,No,16,,16:53,2025,Wednesday,15,Parked Vehicle,07,"On Shoulder, Right Side",7,,,,,,09,Through Roadway,01,Daylight,4/2/2025,2025-04-02,W,15.5,F,N,,,FBB775A98965E106BCDDB8B1CEC23AB95354CA845F9165A0B0F65E2FD6BC8B56,MU,02,"Yes, School Bus Directly Involved",,,,,01,Dry,,,,,,,,
Property Damage Crashes,DJ01860018,Seat Pleasant Police Department,Front to Rear,Prince George's,Principal Arterial – Other,No,Yes,No,No,No,MARTIN LUTHER KING JR HWY (WB/L),704,MARYLAND ROUTE,Yes,True,No,3/2/2025,No,Point,38.896071906,-76.907253903,SEATPLEASANT,03,16,03,No,9,,09:46,2025,Sunday,12,Motor Vehicle In Transport,05,On Roadway,3,,,,,,09,Through Roadway,01,Daylight,3/2/2025,2025-03-02,W,23.58,F,N,,,A3741AEEE78E557C0108A8174A8F846D14FC9532280084FECF5CE2E9022A293D,MD,01,No,,,,,01,Dry,,,,,,,,
Property Damage Crashes,DA4363000Z,Prince George's County Police,Single Vehicle,Prince George's,Minor Arterial,No,No,No,No,No,,197,MARYLAND ROUTE,No,True,No,4/15/2025,No,Point,39.036213009,-76.792474716,PGCOPD,101,16,03,No,4,,04:55,2025,Tuesday,28,Ditch,09,Roadside,4,,,,,,09,Through Roadway,04,Dark - Not Lighted,4/15/2025,2025-04-15,N,51.67,F,N,,,7B95607B6F8505841067AF775E90183CE243A1D9C03F017DBD6818C1A0983D2F,MD,01,No,,,,,09,Wet,,,,,,,,
Injury Crashes,MSP718600JQ,Maryland State Police,"Sideswipe, Same Direction",Prince George's,Interstate,No,No,No,No,No,RAMP 4 FR IS 95 NB TO MD 4 EB,95,RAMP,Yes,True,No,3/9/2025,No,Point,38.834840179,-76.867614201,MSP,07,16,02,No,22,,22:55,2025,Sunday,12,Motor Vehicle In Transport,05,On Roadway,1,,,,,,09,Through Roadway,05,Dark - Unknown Lighting,3/9/2025,2025-03-09,N,678.69,F,N,,,00C3CC3CF73B437A6A1EBC7BE0206BD5E43E49500FCFB174F7F799892C3705E4,RP,01,No,,,,,01,Dry,,,,,,,,
Property Damage Crashes,MSP757700JC,Maryland State Police,Single Vehicle,Prince George's,Interstate,No,No,No,No,No,CAPITAL BELTWAY (SB/L),95,INTERSTATE ROUTE,No,True,No,3/7/2025,No,Point,39.000785,-76.893736667,MSP,101,16,03,No,20,,20:41,2025,Friday,03,Explosion Or Fire,05,On Roadway,1,,,,,,09,Through Roadway,03,Dark - Lighted,3/7/2025,2025-03-07,E,41.16,F,N,,,209B75D7E7EB6DF25350FEF92C0C1D96E5DA27DAE8DDA0EBACE17944ECA2BF12,IS,01,No,97,Not Applicable,,,01,Dry,,,,,,,,
Property Damage Crashes,DA38890083,Prince George's County Police,Front to Rear,Prince George's,Principal Arterial – Other,No,No,No,No,No,MARTIN LUTHER KING JR HWY,704,MARYLAND ROUTE,No,True,No,2/16/2025,No,Point,38.949130279,-76.840337531,PGCOPD,03,16,03,No,21,,21:54,2025,Sunday,12,Motor Vehicle In Transport,05,On Roadway,3,,,,RAMP 8 FR MD 704 SB TO IS 595 WB,,99,Unknown,03,Dark - Lighted,2/16/2025,2025-02-16,E,6.69,F,N,,,0CBB80DC03D4048E33AA6CCC937DDE14E2377B07741E8CD8BD92376DC7A0B65E,MD,01,No,,,,,01,Dry,,,,,,,,
Property Damage Crashes,DA4422000L,Prince George's County Police,"Sideswipe, Same Direction",Prince George's,Local,No,No,No,No,No,GALLATIN ST,882,COUNTY ROAD,No,True,No,2/22/2025,No,Point,38.951063541,-76.924640767,PGCOPD,07,16,03,No,6,,06:25,2025,Saturday,12,Motor Vehicle In Transport,05,On Roadway,7,,,,EDMONSTON RD,,09,Through Roadway,01,Daylight,2/22/2025,2025-02-22,W,62.26,F,N,,,0071CB9DCA382C6302F39FD1D36769E87CB0CA9DBFC4BC2F5223552A2098E00A,CO,01,No,,,,,01,Dry,,,,,,,,
Property Damage Crashes,DA4366002D,Prince George's County Police,Single Vehicle,Prince George's,Major Collector,Yes,No,No,No,No,HILL RD,360,COUNTY ROAD,Yes,True,No,3/16/2025,No,Point,38.894303385,-76.878667263,PGCOPD,101,16,03,No,16,,16:53,2025,Sunday,35,"Other Fixed Object (wall, building, tunnel, etc.)",05,On Roadway,5,,,,,,09,Through Roadway,01,Daylight,3/16/2025,2025-03-16,W,10.26,F,N,,,1EFD60D4C49151F23906265290847DD275EAB6D9F94DFB63DE5B459849480D1C,CO,01,No,,,,,01,Dry,,,,,,,,
Property Damage Crashes,CNC31740051,New Carrollton Police Department,Front to Front,Prince George's,,No,No,No,No,Yes,,,,No,True,No,4/30/2025,No,Point,38.956437887,-76.868011575,NCPD,02,16,03,,20,,20:59,2025,Wednesday,12,Motor Vehicle In Transport,05,On Roadway,,,,,,,,,03,Dark - Lighted,4/30/2025,2025-04-30,,,F,N,102,Parking Lot Way,,,01,No,,,,,,,,,,,,,,
Property Damage Crashes,DA3952008J,Prince George's County Police,Angle,Prince George's,Principal Arterial – Other,No,No,No,No,No,MARTIN LUTHER KING JR HWY (WB/L),704,MARYLAND ROUTE,No,True,No,4/8/2025,No,Point,38.955516268,-76.829461670,PGCOPD,01,16,03,Yes,6,04,06:15,2025,Tuesday,12,Motor Vehicle In Transport,05,On Roadway,3,Angled/Skewed,,,BUSINESS PKWY,01,05,Intersection or Related,03,Dark - Lighted,4/8/2025,2025-04-08,N,0,F,N,,,2D4EFF2C233346FBA1F5C9F97BED46683D5A2E9023821A49E0696BCD7E1B3E5A,MD,01,No,12,Motor Vehicle In Transport,05,On Roadway,01,Dry,01,Signalized,,,,,,
Property Damage Crashes,MSP7770007L,Maryland State Police,Single Vehicle,Prince George's,Principal Arterial – Other,No,No,No,No,No,BRANCH AVE (SB/L),5,MARYLAND ROUTE,No,True,No,4/21/2025,No,Point,38.713758333,-76.878116667,MSP,101,16,03,No,7,,07:10,2025,Monday,32,Guardrail Face,03,Median,3,,101,State,,,06,Non-Junction,01,Daylight,4/21/2025,2025-04-21,N,29.46,F,N,,,ADD2D63C060C436D4C89989883729683310D144F7F0B1681AEFD892ECEFBA241,MD,01,No,,,,,01,Dry,,,,,,,,
Property Damage Crashes,MSP718600L5,Maryland State Police,Front to Rear,Prince George's,Interstate,No,Yes,No,No,No,CAPITAL BELTWAY,95,INTERSTATE ROUTE,No,True,No,5/22/2025,No,Point,38.818876930,-76.929643842,MSP,03,16,03,No,4,,04:46,2025,Thursday,15,Parked Vehicle,05,On Roadway,1,,,,,,09,Through Roadway,05,Dark - Unknown Lighting,5/22/2025,2025-05-22,W,28.02,F,N,,,D15E7F3471B1607E0E6A174DA6F5A3CCA07266FDD8C4D69F81B7791A4D3AF874,IS,01,No,15,Parked Vehicle,05,On Roadway,09,Wet,,,,,,,,
Property Damage Crashes,DA4417000X,Prince George's County Police,"Sideswipe, Same Direction",Prince George's,Principal Arterial – Other,No,No,No,No,No,BRANCH AVE,5,MARYLAND ROUTE,No,True,No,4/29/2025,No,Point,38.849394422,-76.953934019,PGCOPD,07,16,03,No,2,,02:48,2025,Tuesday,12,Motor Vehicle In Transport,05,On Roadway,3,,,,,,06,Non-Junction,03,Dark - Lighted,4/29/2025,2025-04-29,E,3.74,F,N,,,50BC4CA9994521D499D0301D918BC60D1FF2441FB69191BD092589943A15ACE4,MD,01,No,,,,,01,Dry,,,,,,,,
Injury Crashes,GC9368000M,Glenarden Police Department,Single Vehicle,Prince George's,Principal Arterial – Other,No,No,No,No,No,MARTIN LUTHER KING JR HWY,704,MARYLAND ROUTE,No,True,No,2/23/2025,No,Point,38.932551514,-76.866830415,GLENARDEN,101,16,02,No,2,,02:42,2025,Sunday,36,"Other Post, Pole, Or Support",05,On Roadway,3,,,,GLENARDEN PKWY,,06,Non-Junction,03,Dark - Lighted,2/23/2025,2025-02-23,S,13.79,F,N,,,C58D9437C06767B26BDA66C244694B0841CEED96BBBE9F50593D880E85858213,MD,01,No,97,Not Applicable,,,01,Dry,,,,,,,,
Property Damage Crashes,DA338900BY,Prince George's County Police,Front to Front,Prince George's,Principal Arterial – Other,Yes,No,No,No,No,BRANCH AVE,5,MARYLAND ROUTE,No,True,No,4/19/2025,No,Point,38.837992616,-76.945217132,PGCOPD,02,16,03,No,22,,22:17,2025,Saturday,12,Motor Vehicle In Transport,05,On Roadway,3,,,,,,06,Non-Junction,03,Dark - Lighted,4/19/2025,2025-04-19,N,61.01,F,N,,,59D3E77DBD333F87CD7906B079162AFD0F942DE7F6D258D5402766815428440D,MD,01,No,,,,,01,Dry,,,,,,,,
Property Damage Crashes,CBPD0086007Y,Bowie Police Department,"Sideswipe, Same Direction",Prince George's,Principal Arterial – Other,No,No,No,No,No,ANNAPOLIS RD (WB/L),450,MARYLAND ROUTE,No,True,No,4/11/2025,No,Point,38.977424322,-76.742190221,BOWIE,07,16,03,No,14,,14:27,2025,Friday,15,Parked Vehicle,09,Roadside,3,,,,,,06,Non-Junction,01,Daylight,4/11/2025,2025-04-11,E,10.32,F,N,,,1971510620B63BC088F4FBDB31D3BA2EBFADCE053BFFB793045E70F35EADFFF8,MD,01,No,,,,,09,Wet,,,,,,,,
Property Damage Crashes,DA42780070,Prince George's County Police,Other,Prince George's,Principal Arterial – Other,No,No,No,No,No,MARTIN LUTHER KING JR HWY,704,MARYLAND ROUTE,No,True,No,4/13/2025,No,Point,38.955981571,-76.826858695,PGCOPD,98,16,03,No,7,,07:35,2025,Sunday,12,Motor Vehicle In Transport,05,On Roadway,3,,,,,,02,Crossover-Related,01,Daylight,4/13/2025,2025-04-13,W,27.97,F,N,,,E5CC05650FB0853083D46AADAF270406F7787A03B11D1342F82A43E93DAD5EC7,MD,01,No,,,,,01,Dry,,,,,,,,
Property Damage Crashes,MSP697200FY,Maryland State Police,"Sideswipe, Same Direction",Prince George's,Interstate,No,No,No,No,No,RAMP 3 FR IS 495 EB TO IS 95X NB,95,RAMP,No,True,No,3/6/2025,No,Point,39.019118591,-76.958176869,MSP,07,16,03,Yes,16,,16:35,2025,Thursday,12,Motor Vehicle In Transport,05,On Roadway,1,,,,,,04,Entrance/Exit Ramp or Related,01,Daylight,3/6/2025,2025-03-06,E,6.69,F,N,,,2F19C5B73E9E36EB5EFA822DE7190B4FE557D7ACF1356486CC9ABE7026E75DEA,RP,01,No,,,,,01,Dry,,,,,,,,
Property Damage Crashes,MSP7839005H,Maryland State Police,Single Vehicle,Prince George's,Principal Arterial – Other,No,No,No,No,No,MARLBORO PIKE,725,MARYLAND ROUTE,No,True,No,5/14/2025,No,Point,38.822789437,-76.741841443,MSP,101,16,03,No,15,,15:09,2025,Wednesday,40,Tree (standing),05,On Roadway,3,,,,,,06,Non-Junction,01,Daylight,5/14/2025,2025-05-14,W,11.27,F,N,,,139227B0EBEBF70F8D2200126BC78688069DFF34C70F18F71C769512C3E1BB51,MD,01,No,,,,,01,Dry,,,,,,,,
Injury Crashes,DA4243009K,Prince George's County Police,Single Vehicle,Prince George's,Local,No,No,No,Yes,No,WILLOUGHBY RD,1507,COUNTY ROAD,No,True,No,2/3/2025,No,Point,38.848297903,-76.755626214,PGCOPD,101,16,02,No,12,,12:10,2025,Monday,17,Pedestrian,05,On Roadway,7,,,,,,03,Driveway Access or Related,01,Daylight,2/3/2025,2025-02-03,W,28.43,F,N,,,4D64819D40AC71E060D55D9909E9188D038748116F4D1A63019172FCF6B3C200,CO,01,No,,,,,01,Dry,,,,,,,,
Injury Crashes,DA44250006,Prince George's County Police,Rear To Side,Prince George's,Local,No,No,No,No,No,BUSINESS PKWY,4897,COUNTY ROAD,Yes,True,No,2/10/2025,No,Point,38.9556022,-76.8292987,PGCOPD,05,16,02,No,17,02,17:00,2025,Monday,12,Motor Vehicle In Transport,05,On Roadway,7,Perpendicular,,,MARTIN LUTHER KING JR HWY (WB/L),03,05,Intersection or Related,01,Daylight,2/10/2025,2025-02-10,W,0,F,N,,,87EF7796459A3BE00E2FA619059B7E87EE0F70B1F265D465F0A1A2B948C736E9,CO,01,No,,,,,01,Dry,05,No Controls,,,,,,
Property Damage Crashes,DA345600DT,Prince George's County Police,Front to Rear,Prince George's,,No,No,No,No,No,,109,SPUR,No,True,No,1/26/2025,No,Point,38.972347021,-76.979310524,PGCOPD,03,16,03,No,13,,13:15,2025,Sunday,12,Motor Vehicle In Transport,05,On Roadway,,,,,,,06,Non-Junction,01,Daylight,1/26/2025,2025-01-26,S,10.65,F,N,,,3870C51430C9294E232E1D6ED1A33BF4B0ECF2B1CEE7A78189E9B84B57CFE0E4,SP,01,No,,,,,01,Dry,,,,,,,,
Property Damage Crashes,DA4419000V,Prince George's County Police,Single Vehicle,Prince George's,Local,No,No,No,No,No,CAMPUS WAY N (SB/L),6250,COUNTY ROAD,No,True,No,4/25/2025,No,Point,38.922977517,-76.836785965,PGCOPD,101,16,03,No,19,,19:32,2025,Friday,36,"Other Post, Pole, Or Support",09,Roadside,7,,,,,,06,Non-Junction,101,Dusk,4/25/2025,2025-04-25,N,7.2,F,N,,,0CBD4135478B0A9300EA94C34E61A48E56974A38C7CAF983771F48711563DA8A,CO,01,No,,,,,01,Dry,,,,,,,,
Property Damage Crashes,CE5039003D,Laurel Police Department,Front to Rear,Prince George's,Local,No,No,No,No,No,IRVING ST,190,MUNICIPAL ROAD,No,True,No,2/19/2025,No,Point,39.097326034,-76.844157113,LAUREL,03,16,03,No,23,,23:20,2025,Wednesday,12,Motor Vehicle In Transport,05,On Roadway,7,,,,,,06,Non-Junction,03,Dark - Lighted,2/19/2025,2025-02-19,S,13.22,F,N,,,FDE37555B52D87BEBF97B93A4C5F07AC8AD8FF3E7411A1B69A9FA163CAABE174,MU,01,No,,,,,01,Dry,,,,,,,,