Crash Severity Description,Reportnumber,Agencyname,CollisionImpact Description,Crash County Description,FunctionalClass Description,ImpairedCrash,Large Vehicle Involved,Motorcycle Crash,Non-Motorist Crash,OffRoad,RoadName,Route Number,RouteType Description,Unrestrained Occupants,WithinDateRange,Work Zone Related,Crashdate,Work Zone Crash,CrashPoint,Latitude,Longitude,AgencyCode,CollisionImpact,Crash County,Crash Severity,Crash Within Interchange,Crashhour,CrashInterchangeApproaches,Crashtime,CrashYear,Dayofweek,FirstHarmEvent,FirstHarmEvent Description,FirstHarmLocation,FirstHarmLocation Description,FunctionalClass,Geometry Description,GovPropertyDamage,GovPropertyDamage Description,IntersectingRoadName,Intersection Geometry,JunctionRelated,JunctionRelated Description,Light,Light Description,LOD Crash Date,LOD Date Level,MilepointDirection,MilepointDistance,MilepointUnits,NonTrafficFatal,OffroadLocation,OffroadLocation Description,RoadID,RouteType,SchoolBusRelated,SchoolBusRelated Description,SecondHarmEvent,SecondHarmEvent Description,SecondHarmLocation,SecondHarmLocation Description,Surface,Surface Description,TrafficControl,Trafficcontrol Description,WZLawEnforcementPresent,WZLocation,WZLocation Description,WZType,WZType Description,WZWorkersPresent
Injury Crashes,DA33720042,Prince George's County Police,Front to Rear,Prince George's,Principal Arterial – Other Freeways and Expressways,No,No,No,No,No,INDIAN HEAD HWY,210,MARYLAND ROUTE,No,True,No,4/13/2025,No,Point,38.791267957,-76.998537004,PGCOPD,03,16,02,No,0,,00:44,2025,Sunday,12,Motor Vehicle In Transport,05,On Roadway,2,,,,,,06,Non-Junction,04,Dark - Not Lighted,4/13/2025,2025-04-13,N,29.59,F,N,,,F50387A19F5B7C87327DF85B5B1F9378CDFD6633BF98DA2742623672AF12AF1B,MD,01,No,12,Motor Vehicle In Transport,05,On Roadway,09,Wet,,,,,,,,
Property Damage Crashes,MSP7665009Z,Maryland State Police,Front to Rear,Prince George's,Interstate,Yes,No,No,No,No,CAPITAL BELTWAY,495,INTERSTATE ROUTE,No,True,No,2/13/2025,No,Point,39.021693333,-76.940006667,MSP,03,16,03,No,16,,16:30,2025,Thursday,12,Motor Vehicle In Transport,05,On Roadway,1,,,,CAPITAL BELTWAY (SB/L),,06,Non-Junction,01,Daylight,2/13/2025,2025-02-13,S,48.39,F,N,,,88ACD4AE58A1F5271D6AD0A28E3328D6713930ADE21A1F93807C4B72E61AEFDB,IS,01,No,,,,,01,Dry,,,,,,,,
Property Damage Crashes,MSP7865002Y,Maryland State Police,Front to Rear,Prince George's,Principal Arterial – Other,No,No,No,No,No,SANDY SPRING RD (WB/L),198,MARYLAND ROUTE,No,True,No,5/15/2025,No,Point,39.099111667,-76.900635,MSP,03,16,03,No,17,,17:08,2025,Thursday,12,Motor Vehicle In Transport,05,On Roadway,3,,,,,,06,Non-Junction,01,Daylight,5/15/2025,2025-05-15,S,53.23,F,N,,,9545963806327863CD2122CA8312549B3C2BF46B1A4534DC2C0524F7DE07F2A7,MD,01,No,,,,,01,Dry,,,,,,,,
Property Damage Crashes,DA42160042,Prince George's County Police,Unknown,Prince George's,,No,Yes,No,No,Yes,,,,No,True,No,1/18/2025,No,Point,38.972002215,-76.996075437,PGCOPD,99,16,03,,11,,11:30,2025,Saturday,15,Parked Vehicle,02,In Parking Lane Or Zone,,,,,,,,,99,Unknown,1/18/2025,2025-01-18,,,F,N,102,Parking Lot Way,,,01,No,,,,,,,,,,,,,,
Property Damage Crashes,BW0219000T,Greenbelt Police Department,Angle,Prince George's,Local,No,No,No,No,No,MANDAN RD,334,MUNICIPAL ROAD,Yes,True,No,2/6/2025,No,Point,38.991751326,-76.864303122,GREENBELT,01,16,03,No,18,,18:10,2025,Thursday,12,Motor Vehicle In Transport,05,On Roadway,7,,,,GREENBELT RD (WB/L),,01,Acceleration/Deceleration Lane,03,Dark - Lighted,2/6/2025,2025-02-06,S,3.59,F,N,,,D0F1AFB30D9F49FAC4EC275089AB70EFB0187D8557014E859CBFCD929072A665,MU,01,No,,,,,01,Dry,,,,,,,,
Property Damage Crashes,DA345600DL,Prince George's County Police,"Sideswipe, Same Direction",Prince George's,Minor Arterial,No,No,No,No,No,ADELPHI RD,232,COUNTY ROAD,No,True,No,1/12/2025,No,Point,39.004134183,-76.967767637,PGCOPD,07,16,03,No,7,,07:52,2025,Sunday,15,Parked Vehicle,05,On Roadway,4,,,,,,06,Non-Junction,99,Unknown,1/12/2025,2025-01-12,E,4.24,F,N,,,3FF6AF0258E392C729818101CC1036CCC33B0ED48E7C83236B2C7079E89EAC32,CO,01,No,15,Parked Vehicle,05,On Roadway,09,Wet,,,,,,,,
Injury Crashes,MSP745000KN,Maryland State Police,Single Vehicle,Prince George's,Interstate,No,No,No,No,No,RAMP 1 FR IS 95 NB CD LANE TO MD 200 WB,95,RAMP,No,True,No,5/19/2025,No,Point,39.073933333,-76.90465,MSP,101,16,02,No,7,,07:28,2025,Monday,32,Guardrail Face,01,Gore,1,,101,State,IS 95 NB CD LANE FR MD 200 TO MD 198,,04,Entrance/Exit Ramp or Related,01,Daylight,5/19/2025,2025-05-19,S,54.16,F,N,,,A2E5FF2950C0BE2E7C29E7ABD39CEBC647DF24FFDD2459AD7DCEE57586D4C191,RP,01,No,97,Not Applicable,,,01,Dry,,,,,,,,
Property Damage Crashes,DA36840077,Prince George's County Police,Single Vehicle,Prince George's,Minor Collector,No,No,No,No,No,FLORAL PARK RD,225,COUNTY ROAD,No,True,No,5/2/2025,No,Point,38.706295360,-76.901423604,PGCOPD,101,16,03,No,19,,19:39,2025,Friday,40,Tree (standing),05,On Roadway,6,,,,,,06,Non-Junction,03,Dark - Lighted,5/2/2025,2025-05-02,E,44.43,F,N,,,D569D2A03B9EB7E2C5F68F1AA87C0A7C4E9678AA1492A1F0C3E1F50A9A90F265,CO,01,No,,,,,01,Dry,,,,,,,,
Property Damage Crashes,CC03060017,Hyattsville Police Department,Front to Rear,Prince George's,Minor Arterial,Yes,No,No,No,No,CRITTENDEN ST,91,MUNICIPAL ROAD,No,True,No,5/23/2025,No,Point,38.948196812,-76.945117739,HYATTSVILLE,03,16,03,No,23,,23:53,2025,Friday,12,Motor Vehicle In Transport,05,On Roadway,4,,,,,,06,Non-Junction,04,Dark - Not Lighted,5/23/2025,2025-05-23,S,18.63,F,N,,,95AAB5134C07E124CCB3CCC4D40F62DD8C5B122482EB59E13FE62DF11D1F32DE,MU,01,No,,,,,01,Dry,,,,,,,,
Injury Crashes,HV0139001F,University Park Police,Front to Rear,Prince George's,Principal Arterial – Other,No,No,No,No,No,EAST WEST HWY (WB/L),410,MARYLAND ROUTE,No,True,No,1/31/2025,No,Point,38.966409308,-76.946993681,UNIVERSITYPARK,03,16,02,No,16,,16:02,2025,Friday,12,Motor Vehicle In Transport,05,On Roadway,3,,,,,,06,Non-Junction,01,Daylight,1/31/2025,2025-01-31,S,49.07,F,N,,,80823CA89943B736F826CF82B307AC66EA8AA926DE0FA4FD9BE81F7C3DE14D45,MD,01,No,,,,,09,Wet,,,,,,,,
Property Damage Crashes,MSP744200QF,Maryland State Police,Single Vehicle,Prince George's,Interstate,No,No,No,No,No,RAMP 3 FR MD 198 EB TO IS 95 NB CD LANE,95,RAMP,No,True,No,1/19/2025,No,Point,39.098016655,-76.889048526,MSP,101,16,03,Yes,16,,16:11,2025,Sunday,28,Ditch,09,Roadside,1,,,,,,04,Entrance/Exit Ramp or Related,01,Daylight,1/19/2025,2025-01-19,N,24.15,F,N,,,84589ADC7C849E2FA34D989EAA0E1D7836076F0A246292A47BADB6A1223FEEF0,RP,01,No,,,,,07,Snow,,,,,,,,
Property Damage Crashes,DA4243009S,Prince George's County Police,Front to Rear,Prince George's,Major Collector,No,No,No,No,No,KETTERING DR,2578,COUNTY ROAD,No,True,No,3/22/2025,No,Point,38.887680359,-76.810089864,PGCOPD,03,16,03,No,22,,22:13,2025,Saturday,15,Parked Vehicle,05,On Roadway,5,,,,,,09,Through Roadway,03,Dark - Lighted,3/22/2025,2025-03-22,S,15.38,F,N,,,D79C61503761B43B61594931058AE873B1C5065F65A7E65C8BB8D8DA7741EF08,CO,01,No,,,,,01,Dry,,,,,,,,
Property Damage Crashes,MSP546601TF,Maryland State Police,Front to Rear,Prince George's,Principal Arterial – Other,No,No,No,No,No,CRAIN HWY (SB/L),301,UNITED STATE ROUTE,No,True,No,5/10/2025,No,Point,38.681075073,-76.873962383,MSP,03,16,03,Yes,21,,21:47,2025,Saturday,12,Motor Vehicle In Transport,05,On Roadway,3,,,,,,09,Through Roadway,03,Dark - Lighted,5/10/2025,2025-05-10,S,40.12,F,N,,,B0E8B1EBC5DA7E988139AD8E05BBBF348328CB7321217037F0037A8005E72550,US,01,No,,,,,01,Dry,,,,,,,,
Injury Crashes,AM0388002X,Bladensburg Police Department,Front to Rear,Prince George's,,No,No,Yes,No,Yes,,,,No,True,No,4/12/2025,No,Point,38.939593446,-76.932737275,BLADENSBURG,03,16,02,,13,,13:11,2025,Saturday,12,Motor Vehicle In Transport,02,In Parking Lane Or Zone,,,,,,,,,01,Daylight,4/12/2025,2025-04-12,,,F,N,102,Parking Lot Way,,,01,No,,,,,,,,,,,,,,
Property Damage Crashes,MSP7765006R,Maryland State Police,Front to Rear,Prince George's,Interstate,No,No,No,No,No,CAPITAL BELTWAY,95,INTERSTATE ROUTE,No,True,No,3/10/2025,No,Point,38.939843167,-76.855768667,MSP,03,16,03,No,16,,16:27,2025,Monday,12,Motor Vehicle In Transport,05,On Roadway,1,,,,,,09,Through Roadway,01,Daylight,3/10/2025,2025-03-10,S,28.81,F,N,,,418103B894CCDFAA57C9F9595CA91A32694684B4AB254DD3047902B422464439,IS,01,No,,,,,01,Dry,,,,,,,,
Property Damage Crashes,MSP7839003N,Maryland State Police,Front to Rear,Prince George's,Principal Arterial – Other Freeways and Expressways,No,No,No,No,No,BRANCH AVE,5,MARYLAND ROUTE,No,True,No,3/26/2025,No,Point,38.748879817,-76.879494987,MSP,03,16,03,No,15,,15:21,2025,Wednesday,12,Motor Vehicle In Transport,05,On Roadway,2,,,,,,06,Non-Junction,01,Daylight,3/26/2025,2025-03-26,S,4.4,F,N,,,2AC674DEAFBECC527B0CFBE841E65179C0709C8F34DD0E67280440148188B492,MD,01,No,,,,,01,Dry,,,,,,,,
Property Damage Crashes,DA4382001Q,Prince George's County Police,Front to Rear,Prince George's,Principal Arterial – Other,Yes,No,No,No,No,PENNSYLVANIA AVE (SB/L),4,MARYLAND ROUTE,No,True,No,3/22/2025,No,Point,38.860112530,-76.918632224,PGCOPD,03,16,03,Yes,21,05,21:34,2025,Saturday,12,Motor Vehicle In Transport,05,On Roadway,3,Perpendicular,,,BROOKS DR,03,05,Intersection or Related,03,Dark - Lighted,3/22/2025,2025-03-22,N,0,F,N,,,96A5064FFB86BD9750ED4C62058448304924E35361BBA990876D3A91A0F4F855,MD,01,No,,,,,01,Dry,01,Signalized,,,,,,
Property Damage Crashes,DA4371001Y,Prince George's County Police,Front to Front,Prince George's,Local,No,Yes,No,No,No,MARLBORO PIKE,3050,COUNTY ROAD,No,True,No,3/22/2025,No,Point,38.813680592,-76.832930201,PGCOPD,02,16,03,No,18,,18:32,2025,Saturday,12,Motor Vehicle In Transport,05,On Roadway,7,,,,,,06,Non-Junction,01,Daylight,3/22/2025,2025-03-22,W,13.42,F,N,,,5B569896CB46C8DAE88A35FF46656549F6F8E4B29DE1D323582E666C0FFBD65D,CO,01,No,,,,,01,Dry,,,,,,,,
Property Damage Crashes,DA4350002X,Prince George's County Police,"Sideswipe, Opposite Direction",Prince George's,,No,No,No,No,No,,123,COUNTY ROAD,No,True,No,3/3/2025,No,Point,38.801077619,-76.929308649,PGCOPD,06,16,03,No,13,,13:37,2025,Monday,12,Motor Vehicle In Transport,05,On Roadway,,,,,,,09,Through Roadway,01,Daylight,3/3/2025,2025-03-03,E,8.74,F,N,,,E9586E400DDD68B7F09048B893F0D457EE076479F4C6E0DF75BD18D2D8444237,CO,01,No,,,,,01,Dry,,,,,,,,
Property Damage Crashes,CE5240002K,Laurel Police Department,Other,Prince George's,Minor Arterial,No,No,No,No,No,SEVENTH ST,216,MARYLAND ROUTE,No,True,No,1/11/2025,No,Point,39.102953753,-76.855809667,LAUREL,98,16,03,No,7,,07:11,2025,Saturday,12,Motor Vehicle In Transport,05,On Roadway,4,,,,,,06,Non-Junction,100,Dawn,1/11/2025,2025-01-11,N,18.06,F,N,,,A9E08A3E666FF4A81A07DF06FCA43B91C497AC0CB725F34FFFD78F6854AED2E4,MD,01,No,,,,,06,Slush,,,,,,,,
Injury Crashes,MSP647600J2,Maryland State Police,Front to Rear,Prince George's,Interstate,No,No,No,No,No,CAPITAL BELTWAY (SB/L),95,INTERSTATE ROUTE,No,True,No,4/29/2025,No,Point,38.887672758,-76.845478076,MSP,03,16,02,No,15,,15:33,2025,Tuesday,12,Motor Vehicle In Transport,05,On Roadway,1,,,,,,09,Through Roadway,01,Daylight,4/29/2025,2025-04-29,W,31.27,F,N,,,BF1411695D5FB8CCDC6CF10952BF599B53D51CAAC91848CB5763B49FF50CCD68,IS,01,No,12,Motor Vehicle In Transport,05,On Roadway,01,Dry,,,,,,,,
Injury Crashes,DA4304005V,Prince George's County Police,Single Vehicle,Prince George's,Minor Arterial,No,No,No,No,No,LAUREL BOWIE RD,197,MARYLAND ROUTE,No,True,No,2/2/2025,No,Point,39.047800588,-76.830046121,PGCOPD,101,16,02,No,23,,23:11,2025,Sunday,32,Guardrail Face,07,"On Shoulder, Right Side",4,,,,,,06,Non-Junction,04,Dark - Not Lighted,2/2/2025,2025-02-02,S,42.09,F,N,,,B959C336B9BFD6C4366060FD735F2D08FF6ADF3A91BE837901077B2467F7D916,MD,01,No,,,,,09,Wet,,,,,,,,
Injury Crashes,DA4255003B,Prince George's County Police,Single Vehicle,Prince George's,Major Collector,No,No,No,Yes,No,CARTER AVE,1043,COUNTY ROAD,No,True,No,1/19/2025,No,Point,38.966653657,-76.846470904,PGCOPD,101,16,02,No,15,,15:30,2025,Sunday,17,Pedestrian,05,On Roadway,5,,,,,,06,Non-Junction,01,Daylight,1/19/2025,2025-01-19,N,35.63,F,N,,,A6B63A224E9D399A298927C28604E444896BED43EAD62C58C717A424A8BE5A2D,CO,01,No,,,,,06,Slush,,,,,,,,
Property Damage Crashes,DA3779002W,Prince George's County Police,Other,Prince George's,Local,No,No,No,No,No,HILLMEADE RD,6520,COUNTY ROAD,No,True,No,4/25/2025,No,Point,38.971645734,-76.785289495,PGCOPD,98,16,03,Yes,10,04,10:57,2025,Friday,12,Motor Vehicle In Transport,05,On Roadway,7,Perpendicular,,,ANNAPOLIS RD (WB/L) HILLMEADE RD,03,05,Intersection or Related,01,Daylight,4/25/2025,2025-04-25,W,0,F,N,,,FA37C9A2A3001210D93EC6F09A74741232F72E6FC661CA75EF996E91AFA19AEB,CO,01,No,97,Not Applicable,,,01,Dry,01,Signalized,,,,,,
Property Damage Crashes,AZ17300027,Cheverly Police Department,"Sideswipe, Same Direction",Prince George's,Principal Arterial – Other,No,No,No,No,No,LANDOVER RD,202,MARYLAND ROUTE,No,True,No,2/2/2025,No,Point,38.935746779,-76.918211686,CHEVERLY,07,16,03,No,10,,10:13,2025,Sunday,12,Motor Vehicle In Transport,05,On Roadway,3,,,,,,06,Non-Junction,01,Daylight,2/2/2025,2025-02-02,W,3.1,F,N,,,40AB2C384DEADB7450FFCC94372DE6D85FDA8014B6BF8480FF5994865F62AEF7,MD,01,No,,,,,01,Dry,,,,,,,,
Property Damage Crashes,DA4343002T,Prince George's County Police,Angle,Prince George's,Local,No,No,No,No,No,MALLARD DR,3438,COUNTY ROAD,No,True,No,3/18/2025,No,Point,39.055341858,-76.837903953,PGCOPD,01,16,03,No,14,,14:10,2025,Tuesday,12,Motor Vehicle In Transport,05,On Roadway,7,,,,LAUREL BOWIE RD,,02,Crossover-Related,01,Daylight,3/18/2025,2025-03-18,N,50.35,F,N,,,508001A509F68DC38E5A684793FCA4DA0098CC457970EBCC0DFEB95E0B88814A,CO,01,No,,,,,01,Dry,,,,,,,,
Property Damage Crashes,MSP745800S3,Maryland State Police,Other,Prince George's,Local,No,No,No,No,No,EXCALIBUR RD,611,MUNICIPAL ROAD,No,True,No,4/17/2025,No,Point,38.935298403,-76.718123800,MSP,98,16,03,No,12,,12:41,2025,Thursday,12,Motor Vehicle In Transport,05,On Roadway,7,,,,CRAIN HWY (SB/L),,01,Acceleration/Deceleration Lane,01,Daylight,4/17/2025,2025-04-17,E,60.71,F,N,,,4A633BD761FAB5AA7691554B547AF3E8942C727326386FE19C7C2802483A8F6D,MU,01,No,,,,,01,Dry,,,,,,,,
Property Damage Crashes,DA4421000D,Prince George's County Police,Front to Rear,Prince George's,Local,No,No,No,No,No,GLASSMANOR DR,661,COUNTY ROAD,Yes,True,No,1/18/2025,No,Point,38.822061905,-76.992285174,PGCOPD,03,16,03,No,1,,01:10,2025,Saturday,15,Parked Vehicle,05,On Roadway,7,,,,,,09,Through Roadway,03,Dark - Lighted,1/18/2025,2025-01-18,W,82.09,F,N,,,B4DD86E806D0A21ABD5D7A2A652EEE0C2343F2EE3563C048DE27B602DA6E6872,CO,01,No,,,,,01,Dry,,,,,,,,
Property Damage Crashes,MSP718600K9,Maryland State Police,Single Vehicle,Prince George's,Principal Arterial – Other,No,No,No,No,No,CENTRAL AVE (WB/L),214,MARYLAND ROUTE,No,True,No,4/11/2025,No,Point,38.895296041,-76.837930951,MSP,101,16,03,No,12,,12:04,2025,Friday,32,Guardrail Face,06,"On Shoulder, Left Side",3,,101,State,,,09,Through Roadway,01,Daylight,4/11/2025,2025-04-11,S,8.44,F,N,,,E68837C9570E9DF8805C4DA5E6E9519C18B2080F9DFC607ADA6FF83822BA0CAE,MD,01,No,,,,,09,Wet,,,,,,,,
Injury Crashes,AM0391001S,Bladensburg Police Department,Rear To Side,Prince George's,Major Collector,No,No,No,No,No,57TH AVE,570,MUNICIPAL ROAD,No,True,No,2/3/2025,No,Point,38.939456820,-76.918125437,BLADENSBURG,05,16,02,Yes,18,04,18:00,2025,Monday,12,Motor Vehicle In Transport,05,On Roadway,5,Perpendicular,,,ANNAPOLIS RD (WB/L),03,05,Intersection or Related,03,Dark - Lighted,2/3/2025,2025-02-03,N,0,F,N,,,CAD56E3A8173E33E770FA258F7B369AEAAD47644248E5C380B931DEE2CC1AFFE,MU,01,No,,,,,01,Dry,01,Signalized,,,,,,
Property Damage Crashes,AM0376002N,Bladensburg Police Department,Other,Prince George's,Principal Arterial – Other,No,No,No,No,No,ANNAPOLIS RD,450,MARYLAND ROUTE,No,True,No,4/15/2025,No,Point,38.939399585,-76.934138563,BLADENSBURG,98,16,03,No,18,,18:26,2025,Tuesday,12,Motor Vehicle In Transport,05,On Roadway,3,,,,,,03,Driveway Access or Related,01,Daylight,4/15/2025,2025-04-15,E,11.22,F,N,,,515701B3AF42E0A4094D014D6C7A7297D787279D2580E1EB05B317E201307751,MD,01,No,,,,,01,Dry,,,,,,,,
Injury Crashes,DA4414000P,Prince George's County Police,Single Vehicle,Prince George's,Principal Arterial – Other,No,No,No,Yes,No,ST BARNABAS RD (WB/L),414,MARYLAND ROUTE,No,True,No,5/12/2025,No,Point,38.827566039,-76.944056967,PGCOPD,101,16,02,No,6,,06:46,2025,Monday,17,Pedestrian,05,On Roadway,3,,,,STAMP RD,,06,Non-Junction,01,Daylight,5/12/2025,2025-05-12,N,77.09,F,N,,,D328A94E1370CD05B5C91D1E8BC3738E7D8D0811A27FBCBDBA6A7EEACD55E6EA,MD,01,No,,,,,01,Dry,,,,,,,,
Property Damage Crashes,CC02800035,Hyattsville Police Department,Single Vehicle,Prince George's,,No,No,No,No,No,,1171,PRIVATE ROAD,No,True,No,4/1/2025,No,Point,38.982383644,-76.954643161,HYATTSVILLE,101,16,03,No,7,,07:35,2025,Tuesday,40,Tree (standing),99,Unknown,,,,,,,01,Acceleration/Deceleration Lane,01,Daylight,4/1/2025,2025-04-01,N,48.82,F,N,,,08A74C9D36D1E6C980FA694C287A28548B633ADF0B9AAAE2F56B84EC447C2D02,PV,01,No,,,,,01,Dry,,,,,,,,
Injury Crashes,DA3808009W,Prince George's County Police,Single Vehicle,Prince George's,Interstate,No,No,No,No,No,RAMP 9 FR IS 295 SB TO NATL HARBOR BLVD,95,RAMP,Yes,True,No,2/14/2025,No,Point,38.789919432,-77.014508618,PGCOPD,101,16,02,No,4,,04:52,2025,Friday,27,Curb,03,Median,1,,,,,,06,Non-Junction,03,Dark - Lighted,2/14/2025,2025-02-14,W,22.15,F,N,,,95AB4BEF53CFC4D9DB2BAB6C0CD0AF5DA67C95B9A77F38B22127FB83706500D4,RP,01,No,,,,,02,Ice/Frost,,,,,,,,
Property Damage Crashes,DA4260003V,Prince George's County Police,Front to Rear,Prince George's,Local,No,No,No,No,No,ROCHELLE AVE,2822,COUNTY ROAD,No,True,No,2/11/2025,No,Point,38.863675236,-76.893798229,PGCOPD,03,16,03,No,19,,19:40,2025,Tuesday,12,Motor Vehicle In Transport,05,On Roadway,7,,,,,,09,Through Roadway,03,Dark - Lighted,2/11/2025,2025-02-11,S,12.89,F,N,,,0CE628ADC4454363825209152F622227374B7F718C2ADD73BDE5761B48E4DA40,CO,01,No,12,Motor Vehicle In Transport,05,On Roadway,07,Snow,,,,,,,,
Property Damage Crashes,CBPD0115003V,Bowie Police Department,Unknown,Prince George's,,No,No,No,No,Yes,,,,No,True,No,5/23/2025,No,Point,38.937705745,-76.718934271,BOWIE,99,16,03,,15,,15:52,2025,Friday,12,Motor Vehicle In Transport,02,In Parking Lane Or Zone,,,,,,,,,01,Daylight,5/23/2025,2025-05-23,,,F,N,100,Parking Stall,,,01,No,,,,,,,,,,,,,,
Property Damage Crashes,DA345600FP,Prince George's County Police,Front to Front,Prince George's,Major Collector,No,No,No,No,No,CHILLUM RD (WB/L),501,MARYLAND ROUTE,No,True,No,4/21/2025,No,Point,38.962236505,-76.994364522,PGCOPD,02,16,03,No,4,04,04:05,2025,Monday,12,Motor Vehicle In Transport,05,On Roadway,5,Perpendicular,,,CHILLUM RD RIGGS RD (SB/L),03,05,Intersection or Related,03,Dark - Lighted,4/21/2025,2025-04-21,E,0,F,N,,,FCB1BD2332C1B790A9060D1977CB4D1709A7AD811C3210573A2061BF5E127DC5,MD,01,No,,,,,01,Dry,01,Signalized,,,,,,
Injury Crashes,DA4333003X,Prince George's County Police,Unknown,Prince George's,Principal Arterial – Other,No,No,No,Yes,No,UNIVERSITY BLVD,193,MARYLAND ROUTE,No,True,No,2/21/2025,No,Point,38.985865945,-76.982928420,PGCOPD,99,16,02,No,16,,16:45,2025,Friday,17,Pedestrian,99,Unknown,3,,,,,,06,Non-Junction,01,Daylight,2/21/2025,2025-02-21,E,29.67,F,N,,,A1E63FF272D8DBDD520430A949719DCFD27DC175A501D43DFA7753F20D947D0A,MD,01,No,,,,,01,Dry,,,,,,,,
Property Damage Crashes,CBPD0107002P,Bowie Police Department,Angle,Prince George's,Principal Arterial – Other,No,No,No,No,No,CRAIN HWY (SB/L),301,UNITED STATE ROUTE,No,True,No,5/15/2025,No,Point,38.935388068,-76.717995382,BOWIE,01,16,03,Yes,21,05,21:55,2025,Thursday,12,Motor Vehicle In Transport,05,On Roadway,3,Perpendicular,,,EXCALIBUR RD,03,05,Intersection or Related,03,Dark - Lighted,5/15/2025,2025-05-15,E,0,F,N,,,B0DA7C42BD40E9CDDD984CD63B752E8DEEFC847BC573359F368DC5C46AB622A4,US,01,No,,,,,01,Dry,01,Signalized,,,,,,
Property Damage Crashes,MSP7875004Q,Maryland State Police,"Sideswipe, Same Direction",Prince George's,Interstate,No,No,No,No,No,RAMP 11 FR MD 210 NB TO IS 295 NB,95,RAMP,No,True,No,5/23/2025,No,Point,38.797932931,-76.997809208,MSP,07,16,03,No,7,,07:33,2025,Friday,12,Motor Vehicle In Transport,05,On Roadway,1,,,,,,06,Non-Junction,01,Daylight,5/23/2025,2025-05-23,S,16.55,F,N,,,57AAC13FEFC2345A2E4D9D50153D948D5A77D33FEAE628AAD8E46EF378EDA8B7,RP,01,No,,,,,01,Dry,,,,,,,,
Property Damage Crashes,CC0278005S,Hyattsville Police Department,Other,Prince George's,Major Collector,No,No,No,No,No,BELCREST RD (SB/L),5678,COUNTY ROAD,No,True,No,3/5/2025,No,Point,38.974029899,-76.951119130,HYATTSVILLE,98,16,03,No,19,,19:18,2025,Wednesday,12,Motor Vehicle In Transport,05,On Roadway,5,,,,,,06,Non-Junction,03,Dark - Lighted,3/5/2025,2025-03-05,W,3.61,F,N,,,1E2E12149A2F12A505C090AB5D5D98C6DAA26AFAE9D456EF569D4BFC53D937C3,CO,01,No,,,,,09,Wet,,,,,,,,
Property Damage Crashes,DA380500DV,Prince George's County Police,Other,Prince George's,,No,No,No,No,Yes,,,,No,True,No,4/19/2025,No,Point,38.990828928,-76.988607851,PGCOPD,98,16,03,,16,,16:36,2025,Saturday,15,Parked Vehicle,02,In Parking Lane Or Zone,,,,,,,,,01,Daylight,4/19/2025,2025-04-19,,,F,N,102,Parking Lot Way,,,01,No,,,,,,,,,,,,,,
Property Damage Crashes,DA4276006Y,Prince George's County Police,"Sideswipe, Same Direction",Prince George's,Local,No,No,No,No,No,BURNSIDE RD,1489,COUNTY ROAD,No,True,No,1/2/2025,No,Point,38.915499561,-76.871693234,PGCOPD,07,16,03,No,4,,04:15,2025,Thursday,12,Motor Vehicle In Transport,05,On Roadway,7,,,,,,06,Non-Junction,04,Dark - Not Lighted,1/2/2025,2025-01-02,S,7.15,F,N,,,56FD41A83ECB25C8D02698A14417AEB2110A063F335B4CFDDDA854876072F037,CO,01,No,,,,,01,Dry,,,,,,,,
Property Damage Crashes,DA43070049,Prince George's County Police,Front to Rear,Prince George's,Local,No,Yes,No,No,No,KENNEBEC ST,662,COUNTY ROAD,No,True,No,2/11/2025,No,Point,38.819606884,-76.991270205,PGCOPD,03,16,03,No,17,,17:33,2025,Tuesday,12,Motor Vehicle In Transport,05,On Roadway,7,,,,,,06,Non-Junction,101,Dusk,2/11/2025,2025-02-11,E,275.88,F,N,,,28735A2FF29202EF853E317AB0D52A5D5644CAA124C30373C2A37CEF118C6F78,CO,01,No,,,,,07,Snow,,,,,,,,
Property Damage Crashes,DA3728009H,Prince George's County Police,Front to Rear,Prince George's,Minor Arterial,No,No,No,No,No,OLD BRANCH AVE,3675,COUNTY ROAD,No,True,No,1/30/2025,No,Point,38.770192259,-76.900016112,PGCOPD,03,16,03,Yes,12,02,12:15,2025,Thursday,12,Motor Vehicle In Transport,05,On Roadway,4,Angled/Skewed,,,WOODLEY RD,01,05,Intersection or Related,01,Daylight,1/30/2025,2025-01-30,S,0,F,N,,,1F8B15F8DE9039C9E86F41B8F292DCFDDD94B5E8588A7041015C6080DE3A2B4E,CO,01,No,97,Not Applicable,,,01,Dry,03,Stop - Partial,,,,,,
Injury Crashes,MSP7871003Z,Maryland State Police,"Sideswipe, Same Direction",Prince George's,,No,No,No,No,No,,50,UNITED STATE ROUTE,No,True,No,5/2/2025,No,Point,38.950665909,-76.750118692,MSP,07,16,02,No,20,,20:19,2025,Friday,12,Motor Vehicle In Transport,05,On Roadway,,,,,,,09,Through Roadway,04,Dark - Not Lighted,5/2/2025,2025-05-02,N,4.95,F,N,,,BBAC8413E0118CCF68144D8C41D33F098E6EAB3953971B11E7CEBEEF8BAC45F1,US,01,No,,,,,01,Dry,,,,,,,,
Injury Crashes,DA43080041,Prince George's County Police,Single Vehicle,Prince George's,Major Collector,No,No,No,Yes,No,FISHER RD,125,COUNTY ROAD,No,True,No,1/21/2025,No,Point,38.805015779,-76.958623225,PGCOPD,101,16,02,Yes,17,03,17:26,2025,Tuesday,14,Other Non-Motorist,05,On Roadway,5,Angled/Skewed,,,BRINKLEY RD,01,05,Intersection or Related,03,Dark - Lighted,1/21/2025,2025-01-21,S,0,F,N,,,59C6AE59817747249B1A77FFDFE22D9F32FFB0181102EFFDE58521594B9A0454,CO,01,No,,,,,01,Dry,01,Signalized,,,,,,