Crash Severity Description,Reportnumber,Agencyname,CollisionImpact Description,Crash County Description,FunctionalClass Description,ImpairedCrash,Large Vehicle Involved,Motorcycle Crash,Non-Motorist Crash,OffRoad,RoadName,Route Number,RouteType Description,Unrestrained Occupants,WithinDateRange,Work Zone Related,Crashdate,Work Zone Crash,CrashPoint,Latitude,Longitude,AgencyCode,CollisionImpact,Crash County,Crash Severity,Crash Within Interchange,Crashhour,CrashInterchangeApproaches,Crashtime,CrashYear,Dayofweek,FirstHarmEvent,FirstHarmEvent Description,FirstHarmLocation,FirstHarmLocation Description,FunctionalClass,Geometry Description,GovPropertyDamage,GovPropertyDamage Description,IntersectingRoadName,Intersection Geometry,JunctionRelated,JunctionRelated Description,Light,Light Description,LOD Crash Date,LOD Date Level,MilepointDirection,MilepointDistance,MilepointUnits,NonTrafficFatal,OffroadLocation,OffroadLocation Description,RoadID,RouteType,SchoolBusRelated,SchoolBusRelated Description,SecondHarmEvent,SecondHarmEvent Description,SecondHarmLocation,SecondHarmLocation Description,Surface,Surface Description,TrafficControl,Trafficcontrol Description,WZLawEnforcementPresent,WZLocation,WZLocation Description,WZType,WZType Description,WZWorkersPresent
Property Damage Crashes,DA4414000C,Prince George's County Police,Front to Rear,Prince George's,Principal Arterial – Other,No,No,No,No,No,ST BARNABAS RD,414,MARYLAND ROUTE,No,True,No,2/26/2025,No,Point,38.815248627,-76.963203975,PGCOPD,03,16,03,No,7,,07:16,2025,Wednesday,12,Motor Vehicle In Transport,05,On Roadway,3,,,,,,06,Non-Junction,01,Daylight,2/26/2025,2025-02-26,S,17.76,F,N,,,BAE7DE0EFB94CF38B7F2C96BE9204B952F4E491FEBDDDA323A73BFD40E872692,MD,01,No,,,,,01,Dry,,,,,,,,
Property Damage Crashes,DA44180017,Prince George's County Police,"Sideswipe, Same Direction",Prince George's,Local,No,Yes,No,No,No,POWHATAN ST,1400,COUNTY ROAD,No,True,No,5/12/2025,No,Point,38.957912893,-76.886123158,PGCOPD,07,16,03,No,8,,08:00,2025,Monday,12,Motor Vehicle In Transport,05,On Roadway,7,,,,,,09,Through Roadway,01,Daylight,5/12/2025,2025-05-12,N,7.4,F,N,,,61F38F4CC21A85310CF388836BBA03E443F49DF6866AABFBFECBF997205420E7,CO,02,"Yes, School Bus Directly Involved",,,,,01,Dry,,,,,,,,
Injury Crashes,CE5240002X,Laurel Police Department,Front to Rear,Prince George's,Minor Arterial,No,No,No,No,No,VAN DUSEN RD (SB/L),415,MUNICIPAL ROAD,No,True,No,3/28/2025,No,Point,39.102988388,-76.871086754,LAUREL,03,16,02,No,9,,09:06,2025,Friday,12,Motor Vehicle In Transport,05,On Roadway,4,,,,SANDY SPRING RD (WB/L),,06,Non-Junction,01,Daylight,3/28/2025,2025-03-28,S,29.33,F,N,,,E7410958145439D306460C5DB04B18332F9F20AE61692D40DFBD9156E7AC13EA,MU,01,No,,,,,01,Dry,,,,,,,,
Injury Crashes,DA421200FR,Prince George's County Police,Angle,Prince George's,Minor Arterial,No,No,No,No,No,,450,MARYLAND ROUTE,No,True,No,3/22/2025,No,Point,38.938897288,-76.913035138,PGCOPD,01,16,02,Yes,19,03,19:50,2025,Saturday,12,Motor Vehicle In Transport,05,On Roadway,4,Angled/Skewed,,,RAMP 1 FR RAMP 4 (FR MD 295) TO MD 450 RAMP 3 FR MD 450 TO RAMP 2 (TO MD 295),01,05,Intersection or Related,04,Dark - Not Lighted,3/22/2025,2025-03-22,S,0,F,N,,,23D712DFE6571ED85F3C7D458D1E964A0AC05FC32A5037E6753D110CF2DAD7FC,MD,01,No,,,,,01,Dry,02,Stop - All Way,,,,,,
Injury Crashes,DA3938008J,Prince George's County Police,Angle,Prince George's,Principal Arterial – Other Freeways and Expressways,No,No,No,No,No,RAMP 8 FR MD 201 SB TO MD 459 WB,50,RAMP,No,True,No,5/20/2025,No,Point,38.921082098,-76.930832016,PGCOPD,01,16,02,No,4,,04:22,2025,Tuesday,12,Motor Vehicle In Transport,05,On Roadway,2,,,,CRESTON ST KENILWORTH AVE,,99,Unknown,04,Dark - Not Lighted,5/20/2025,2025-05-20,S,6.07,F,N,,,E0A85499F3936B5EC4655C47248239AC7D286893DE0F588113F9F2F73675BB57,RP,01,No,97,Not Applicable,,,01,Dry,,,,,,,,
Property Damage Crashes,DA4350002K,Prince George's County Police,Front to Rear,Prince George's,Principal Arterial – Other,No,No,No,No,No,BRANCH AVE (SB/L),5,MARYLAND ROUTE,Yes,True,No,1/12/2025,No,Point,38.847465823,-76.952653262,PGCOPD,03,16,03,No,15,,15:27,2025,Sunday,12,Motor Vehicle In Transport,05,On Roadway,3,,,,,,09,Through Roadway,01,Daylight,1/12/2025,2025-01-12,S,58.94,F,N,,,ECCE66A0FEFBD8B1572F8486FE9499F50A7F9A7B24B09CA4948ABC8F1255802D,MD,01,No,,,,,01,Dry,,,,,,,,
Property Damage Crashes,DA3877008S,Prince George's County Police,Front to Rear,Prince George's,Principal Arterial – Other Freeways and Expressways,No,No,No,No,No,INDIAN HEAD HWY (SB/L),210,MARYLAND ROUTE,No,True,No,1/29/2025,No,Point,38.670400830,-77.011684900,PGCOPD,03,16,03,No,19,,19:55,2025,Wednesday,12,Motor Vehicle In Transport,05,On Roadway,2,,,,,,06,Non-Junction,03,Dark - Lighted,1/29/2025,2025-01-29,N,13.95,F,N,,,24BBFFC9C34DBD72704FD099A07F15279F03D6F06C94490BEA7BF50838B3A947,MD,01,No,,,,,01,Dry,,,,,,,,
Fatal Crashes,MSP645901B7,Maryland State Police,Front to Rear,Prince George's,,Yes,No,No,No,No,,366,COUNTY ROAD,Yes,True,No,3/7/2025,No,Point,38.872155985,-76.894580614,MSP,03,16,01,No,18,,18:33,2025,Friday,12,Motor Vehicle In Transport,05,On Roadway,,,,,,,06,Non-Junction,101,Dusk,3/7/2025,2025-03-07,S,36.48,F,N,,,026C8137C9097CC487EB7D422AC5D5D4E62B85662F844B193DE30BC66487EC0E,CO,01,No,12,Motor Vehicle In Transport,05,On Roadway,01,Dry,,,,,,,,
Injury Crashes,DA4038007L,Prince George's County Police,Front to Rear,Prince George's,Local,No,No,No,No,No,STUART LA,920,COUNTY ROAD,Yes,True,No,3/13/2025,No,Point,38.759788607,-76.881841370,PGCOPD,03,16,02,No,8,,08:30,2025,Thursday,15,Parked Vehicle,05,On Roadway,7,,,,,,09,Through Roadway,01,Daylight,3/13/2025,2025-03-13,N,29.67,F,N,,,1DD5E06B3A3B313ACC00DF284ED669FA7F172A2A6E06D15D899D80CFDD0757E7,CO,01,No,,,,,01,Dry,,,,,,,,
Property Damage Crashes,MSP647600H7,Maryland State Police,"Sideswipe, Same Direction",Prince George's,,No,Yes,No,No,No,,484,SPUR,No,True,No,3/4/2025,No,Point,38.671048389,-76.876001439,MSP,07,16,03,No,9,,09:37,2025,Tuesday,12,Motor Vehicle In Transport,05,On Roadway,,,,,,,09,Through Roadway,01,Daylight,3/4/2025,2025-03-04,N,52.76,F,N,,,705980EF3E8D61C0D604530916BE2B69DA72FF9476F7E7E4C58D1DAA1A6F167F,SP,01,No,12,Motor Vehicle In Transport,05,On Roadway,01,Dry,,,,,,,,
Property Damage Crashes,MSP745800Q6,Maryland State Police,"Sideswipe, Opposite Direction",Prince George's,Interstate,No,No,No,No,No,RAMP 1 FR MD 210 NB TO IS 95 LS,95,RAMP,No,True,No,3/4/2025,No,Point,38.804754102,-76.997090217,MSP,06,16,03,No,18,,18:59,2025,Tuesday,12,Motor Vehicle In Transport,05,On Roadway,1,,,,,,01,Acceleration/Deceleration Lane,03,Dark - Lighted,3/4/2025,2025-03-04,N,48.4,F,N,,,0D60FC71133FFC79C85C0AC584597848D91880648E63C16D4D2B4B7B45B83EF2,RP,01,No,,,,,01,Dry,,,,,,,,
Injury Crashes,MSP745800T7,Maryland State Police,Front to Front,Prince George's,Principal Arterial – Other,No,No,No,No,No,LARGO RD,202,MARYLAND ROUTE,No,True,No,5/20/2025,No,Point,38.912951667,-76.838705,MSP,02,16,02,No,16,,16:25,2025,Tuesday,12,Motor Vehicle In Transport,05,On Roadway,3,,,,LOTTSFORD RD,,01,Acceleration/Deceleration Lane,01,Daylight,5/20/2025,2025-05-20,S,45.69,F,N,,,A205B417A33271813265D45DD52A398A6F604810DF097F4EF31CCAE344A5D504,MD,01,No,,,,,01,Dry,,,,,,,,
Injury Crashes,MSP7770008G,Maryland State Police,"Sideswipe, Same Direction",Prince George's,Principal Arterial – Other,No,No,No,No,No,CRAIN HWY (SB/L),301,UNITED STATE ROUTE,No,True,No,5/25/2025,No,Point,38.675963235,-76.875961195,MSP,07,16,02,No,18,,18:40,2025,Sunday,12,Motor Vehicle In Transport,05,On Roadway,3,,101,State,,,06,Non-Junction,01,Daylight,5/25/2025,2025-05-25,S,28.85,F,N,,,3447B431B6BB8B5269D80D1DDA300A0CB00373A5DE8038D1390C7CBB1D4BD9ED,US,01,No,27,Curb,03,Median,01,Dry,,,,,,,,
Injury Crashes,DA3413008X,Prince George's County Police,Angle,Prince George's,Major Collector,No,Yes,No,No,No,DOWER HOUSE RD,92,COUNTY ROAD,No,True,No,1/29/2025,No,Point,38.820404224,-76.848939189,PGCOPD,01,16,02,Yes,11,04,11:58,2025,Wednesday,12,Motor Vehicle In Transport,99,Unknown,5,Perpendicular,,,MARLBORO PIKE,03,05,Intersection or Related,01,Daylight,1/29/2025,2025-01-29,W,0,F,N,,,4B8301A1D3962924E167D678D17FAC79DBCEC6FF482B1AB7B1659AAD70DFDA4B,CO,01,No,,,,,01,Dry,01,Signalized,,,,,,
Property Damage Crashes,DA3596000F,Prince George's County Police,Single Vehicle,Prince George's,,No,No,No,No,Yes,,,,No,True,No,5/14/2025,No,Point,38.932368448,-76.890270616,PGCOPD,101,16,03,,1,,01:12,2025,Wednesday,38,Traffic Sign Support,01,Gore,,,,,,,,,03,Dark - Lighted,5/14/2025,2025-05-14,,,F,N,102,Parking Lot Way,,,01,No,,,,,,,,,,,,,,
Property Damage Crashes,CC026000HL,Hyattsville Police Department,Front to Rear,Prince George's,Major Collector,No,No,No,No,No,JEFFERSON ST,180,MUNICIPAL ROAD,No,True,No,5/3/2025,No,Point,38.954274316,-76.953786612,HYATTSVILLE,03,16,03,No,22,,22:07,2025,Saturday,12,Motor Vehicle In Transport,07,"On Shoulder, Right Side",5,,,,,,06,Non-Junction,03,Dark - Lighted,5/3/2025,2025-05-03,E,21.79,F,N,,,0BDF1D6C9DFE5CAAA326A427619841BEC4D3BCDC564C15A5197DD84E8A1D326F,MU,01,No,,,,,09,Wet,,,,,,,,
Injury Crashes,MSP69310144,Maryland State Police,Single Vehicle,Prince George's,Principal Arterial – Other,No,No,No,No,No,CENTRAL AVE,214,MARYLAND ROUTE,No,True,No,4/16/2025,No,Point,38.898928333,-76.828081667,MSP,101,16,02,No,10,,10:40,2025,Wednesday,40,Tree (standing),04,"Off-Roadway, Location Unknown",3,,,,,,06,Non-Junction,01,Daylight,4/16/2025,2025-04-16,N,59.06,F,N,,,05FBD8A7E9C01C70D3F7077755DC34D225D9E80B12A736B7BC7E437B429248B3,MD,01,No,,,,,01,Dry,,,,,,,,
Property Damage Crashes,BP9419001Z,Forest Heights Police Department,"Sideswipe, Same Direction",Prince George's,Principal Arterial – Other,No,No,No,No,No,OXON HILL RD,414,MARYLAND ROUTE,No,True,No,3/23/2025,No,Point,38.802372952,-76.996106087,FORESTHEIGHTS,07,16,03,No,15,,15:12,2025,Sunday,12,Motor Vehicle In Transport,05,On Roadway,3,,,,,,01,Acceleration/Deceleration Lane,01,Daylight,3/23/2025,2025-03-23,N,8.88,F,N,,,69B182513640355126FFBF08E2E798EE0E3477617D2F23757562CCBAB69C2112,MD,01,No,,,,,01,Dry,,,,,,,,
Property Damage Crashes,DA4427000V,Prince George's County Police,"Sideswipe, Same Direction",Prince George's,Principal Arterial – Other,No,No,No,No,No,ST BARNABAS RD,414,MARYLAND ROUTE,No,True,No,5/1/2025,No,Point,38.805286563,-76.974996384,PGCOPD,07,16,03,No,17,,17:30,2025,Thursday,12,Motor Vehicle In Transport,05,On Roadway,3,,,,,,06,Non-Junction,01,Daylight,5/1/2025,2025-05-01,N,26.22,F,N,,,9054C01E7A0A34FE1D758A55D5A06E3EBEA068DC3D73BF2200C9B79A1BD22CF9,MD,01,No,,,,,01,Dry,,,,,,,,
Property Damage Crashes,MSP657700F4,Maryland State Police,Single Vehicle,Prince George's,Interstate,No,No,No,No,No,CAPITAL BELTWAY,495,INTERSTATE ROUTE,No,True,No,4/22/2025,No,Point,39.020158333,-76.952696667,MSP,101,16,03,No,1,,01:30,2025,Tuesday,09,Animal (live),05,On Roadway,1,,,,,,09,Through Roadway,03,Dark - Lighted,4/22/2025,2025-04-22,S,23.55,F,N,,,018D2B6BF7C8D7A4626FF4FE019686FE0834EBFEEC5FC572F66C4B33EFE8DD30,IS,01,No,,,,,01,Dry,,,,,,,,
Injury Crashes,BP94120037,Forest Heights Police Department,Angle,Prince George's,Minor Arterial,No,No,No,No,No,LIVINGSTON RD,1203,COUNTY ROAD,No,True,No,5/21/2025,No,Point,38.815277094,-76.997674468,FORESTHEIGHTS,01,16,02,No,20,,20:58,2025,Wednesday,12,Motor Vehicle In Transport,05,On Roadway,4,,,,,,99,Unknown,03,Dark - Lighted,5/21/2025,2025-05-21,N,2.71,F,N,,,FC0F5F0CC182908C0D6397634894F4C1506A75DD5205DC46DC818302D8C6FAF1,CO,01,No,,,,,09,Wet,,,,,,,,
Property Damage Crashes,DA4412000B,Prince George's County Police,Single Vehicle,Prince George's,Principal Arterial – Other Freeways and Expressways,Yes,No,No,No,No,INDIAN HEAD HWY,210,MARYLAND ROUTE,No,True,No,2/1/2025,No,Point,38.756813346,-76.993148676,PGCOPD,101,16,03,No,4,,04:00,2025,Saturday,37,Other Traffic Barrier,09,Roadside,2,,,,,,99,Unknown,04,Dark - Not Lighted,2/1/2025,2025-02-01,N,13.93,F,N,,,CF67F5CB93ABD8DC1B2683357E1F0306C8833CFC8A6361A47DDD0E9CB30CB837,MD,01,No,,,,,01,Dry,,,,,,,,
Property Damage Crashes,DA4307004D,Prince George's County Police,Front to Rear,Prince George's,Principal Arterial – Other,No,No,No,No,No,ST BARNABAS RD,414,MARYLAND ROUTE,No,True,No,2/14/2025,No,Point,38.805263366,-76.974795775,PGCOPD,03,16,03,No,16,,16:57,2025,Friday,12,Motor Vehicle In Transport,05,On Roadway,3,,,,,,06,Non-Junction,01,Daylight,2/14/2025,2025-02-14,N,45.41,F,N,,,09E210E5124E3FEFD5E23B2E33D2E6247F2405D7525AA88290C53A9A7B52E375,MD,01,No,,,,,01,Dry,,,,,,,,
Property Damage Crashes,MSP77870055,Maryland State Police,Front to Rear,Prince George's,Interstate,No,No,No,No,No,CAPITAL BELTWAY (SB/L),95,INTERSTATE ROUTE,No,True,No,3/3/2025,No,Point,39.000049067,-76.8931281,MSP,03,16,03,No,8,,08:18,2025,Monday,12,Motor Vehicle In Transport,05,On Roadway,1,,,,,,06,Non-Junction,01,Daylight,3/3/2025,2025-03-03,E,38.89,F,N,,,5E288DE5EAF2737F07DCE34B1872DFB994F3BC5E1C5BB505C53AC4EC99F661AD,IS,01,No,12,Motor Vehicle In Transport,05,On Roadway,01,Dry,,,,,,,,
Injury Crashes,MSP744700N2,Maryland State Police,"Sideswipe, Same Direction",Prince George's,Principal Arterial – Other,No,No,No,No,No,CRAIN HWY (SB/L),301,UNITED STATE ROUTE,No,True,No,3/5/2025,No,Point,38.948598393,-76.718055442,MSP,07,16,02,No,23,04,23:09,2025,Wednesday,12,Motor Vehicle In Transport,05,On Roadway,3,Perpendicular,,,HARBOUR WAY,03,05,Intersection or Related,03,Dark - Lighted,3/5/2025,2025-03-05,N,0,F,N,,,BA7F845FF99697658EA6A5202EEB4B11491B3F0BAEEF30FA3D80284F691045F9,US,01,No,,,,,09,Wet,01,Signalized,,,,,,
Property Damage Crashes,MSP744700P4,Maryland State Police,Front to Rear,Prince George's,Interstate,No,No,No,No,No,CAPITAL BELTWAY (SB/L),95,INTERSTATE ROUTE,No,True,Yes,4/27/2025,Yes,Point,38.81865,-76.898538333,MSP,03,16,03,No,21,,21:26,2025,Sunday,12,Motor Vehicle In Transport,05,On Roadway,1,,,,,,06,Non-Junction,04,Dark - Not Lighted,4/27/2025,2025-04-27,E,42.28,F,N,,,FCB3BA0B52CEE63B15726F818334B6BE6D60997C3757B56A34F9F0BF86779352,IS,01,No,,,,,01,Dry,,,Y,03,Transition Area,01,Lane Closure,Yes
Injury Crashes,MSP7871002D,Maryland State Police,Single Vehicle,Prince George's,Interstate,No,No,No,No,No,JOHN HANSON HWY (WB/L),595,INTERSTATE ROUTE,No,True,No,2/23/2025,No,Point,38.946440922,-76.847930891,MSP,101,16,02,Yes,23,,23:22,2025,Sunday,07,Overturn/Rollover,01,Gore,1,,101,State,,,09,Through Roadway,04,Dark - Not Lighted,2/23/2025,2025-02-23,S,30.3,F,N,,,60DC9CB3FC08AC7B4ABA6944D74EBEEF4B4CBA1F28F18BC6E1EA0B38C74EF143,IS,01,No,,,,,01,Dry,,,,,,,,
Property Damage Crashes,DA3433005C,Prince George's County Police,Front to Rear,Prince George's,,No,No,No,No,Yes,,,,No,True,No,3/28/2025,No,Point,38.902547877,-76.720252477,PGCOPD,03,16,03,,12,,12:23,2025,Friday,12,Motor Vehicle In Transport,02,In Parking Lane Or Zone,,,,,,,,,01,Daylight,3/28/2025,2025-03-28,,,F,N,102,Parking Lot Way,,,01,No,,,,,,,,,,,,,,
Property Damage Crashes,CC0292002X,Hyattsville Police Department,Front to Rear,Prince George's,Major Collector,No,No,No,No,No,AGER RD (NB/L),1599,COUNTY ROAD,Yes,True,No,5/10/2025,No,Point,38.955597470,-76.965968445,HYATTSVILLE,03,16,03,Unknown,11,,11:21,2025,Saturday,12,Motor Vehicle In Transport,05,On Roadway,5,,,,HAMILTON ST HAMILTON ST (WB/L),,99,Unknown,01,Daylight,5/10/2025,2025-05-10,N,37.23,F,N,,,C38DF2FAD8FFB776E29609928A6309EE0983051A1A57F26AFACA8C7B181395FF,CO,01,No,,,,,01,Dry,,,,,,,,
Injury Crashes,AM0388002S,Bladensburg Police Department,Front to Rear,Prince George's,Local,No,No,No,No,No,EDMONSTON RD,769,MARYLAND ROUTE,No,True,No,3/30/2025,No,Point,38.943811199,-76.931544344,BLADENSBURG,03,16,02,No,16,,16:28,2025,Sunday,12,Motor Vehicle In Transport,05,On Roadway,7,,,,,,01,Acceleration/Deceleration Lane,01,Daylight,3/30/2025,2025-03-30,S,10.54,F,N,,,F3B68A82A4641E2082987F07B061A4126C5191583F71E5E8EE0266D597BB6A3D,MD,01,No,,,,,01,Dry,,,,,,,,
Property Damage Crashes,CE4573003V,Laurel Police Department,Front to Rear,Prince George's,,No,No,No,No,Yes,,,,No,True,No,3/4/2025,No,Point,39.096603128,-76.841194078,LAUREL,03,16,03,,12,,12:57,2025,Tuesday,15,Parked Vehicle,02,In Parking Lane Or Zone,,,,,,,,,01,Daylight,3/4/2025,2025-03-04,,,F,N,100,Parking Stall,,,01,No,,,,,,,,,,,,,,
Property Damage Crashes,DA389000RT,Prince George's County Police,Single Vehicle,Prince George's,Local,No,Yes,No,No,No,EDGEMONT DR,1401,COUNTY ROAD,No,True,No,2/26/2025,No,Point,39.023414650,-76.954713118,PGCOPD,101,16,03,No,17,,17:30,2025,Wednesday,09,Animal (live),05,On Roadway,7,,,,,,06,Non-Junction,01,Daylight,2/26/2025,2025-02-26,S,29.8,F,N,,,899037EC96EA512E8B38F71F3C483E06B04606CE69F7025319E62D4950C57FF7,CO,01,No,09,Animal (live),05,On Roadway,01,Dry,,,,,,,,
Property Damage Crashes,DA4243009X,Prince George's County Police,Angle,Prince George's,Major Collector,No,No,No,No,No,MOUNT OAK RD (WB/L),66,COUNTY ROAD,No,True,No,5/22/2025,No,Point,38.925257239,-76.760735394,PGCOPD,01,16,03,No,15,,15:38,2025,Thursday,12,Motor Vehicle In Transport,05,On Roadway,5,,,,CHURCH RD (NB/L),,09,Through Roadway,01,Daylight,5/22/2025,2025-05-22,S,10.31,F,N,,,7F577E1077975361C5B7CDD93C59D8CD2C40CCA2AA824A9B52FE09DB3E433F9B,CO,01,No,,,,,09,Wet,,,,,,,,
Property Damage Crashes,DA3198003N,Prince George's County Police,Front to Rear,Prince George's,Principal Arterial – Other Freeways and Expressways,No,No,No,No,No,INDIAN HEAD HWY (SB/L),210,MARYLAND ROUTE,No,True,No,3/13/2025,No,Point,38.711518343,-76.990038084,PGCOPD,03,16,03,No,23,,23:15,2025,Thursday,12,Motor Vehicle In Transport,05,On Roadway,2,,,,,,06,Non-Junction,04,Dark - Not Lighted,3/13/2025,2025-03-13,N,10.99,F,N,,,3C0E7ED488EEC97963B2BC1D15B86A5BA5D058DDCF85509CCFB01FC4B0D8A13B,MD,01,No,97,Not Applicable,,,01,Dry,,,,,,,,
Property Damage Crashes,AZ1717003N,Cheverly Police Department,"Sideswipe, Opposite Direction",Prince George's,Major Collector,No,No,No,No,No,COLUMBIA PARK RD (SB/L),459,MARYLAND ROUTE,No,True,No,3/24/2025,No,Point,38.917258789,-76.915233172,CHEVERLY,06,16,03,Yes,21,03,21:11,2025,Monday,12,Motor Vehicle In Transport,05,On Roadway,5,Perpendicular,,,COLUMBIA PARK RD RAMP 3 FR US 50 EB TO MD 459 NB,03,05,Intersection or Related,03,Dark - Lighted,3/24/2025,2025-03-24,N,0,F,N,,,FC5A0EB668D01403B80861D74216726F84D72C825B08BD56FD3D42FBD54AC696,MD,01,No,,,,,01,Dry,01,Signalized,,,,,,
Property Damage Crashes,DA382000C5,Prince George's County Police,Single Vehicle,Prince George's,Minor Arterial,No,No,No,No,No,,193,MARYLAND ROUTE,No,True,No,1/11/2025,No,Point,38.929703085,-76.806340968,PGCOPD,101,16,03,No,0,,00:50,2025,Saturday,40,Tree (standing),04,"Off-Roadway, Location Unknown",4,,,,,,06,Non-Junction,03,Dark - Lighted,1/11/2025,2025-01-11,E,8.55,F,N,,,65E13A4F3DAA392B99E5CD32E00502AD5D4E6EC29724CF916FD3561AE8AECD7D,MD,01,No,,,,,07,Snow,,,,,,,,
Property Damage Crashes,MSP7839002L,Maryland State Police,Angle,Prince George's,Principal Arterial – Other,No,No,No,No,No,CENTRAL AVE (WB/L),214,MARYLAND ROUTE,No,True,No,2/23/2025,No,Point,38.893001667,-76.844615,MSP,01,16,03,No,13,,13:00,2025,Sunday,12,Motor Vehicle In Transport,05,On Roadway,3,,,,,,06,Non-Junction,01,Daylight,2/23/2025,2025-02-23,S,45.49,F,N,,,9E3E2C130EC8D7C7B224BDE18611B069A6E2B7D0B11D1C29D558F9AEF5C4F07F,MD,01,No,,,,,01,Dry,,,,,,,,
Property Damage Crashes,DS04820010,University of Maryland Police College Park,Front to Rear,Prince George's,Local,No,No,No,No,No,PAINT BRANCH DR,95,STATE ROAD,No,True,No,3/24/2025,No,Point,38.995641101,-76.937907414,UMCP,03,16,03,No,20,,20:12,2025,Monday,12,Motor Vehicle In Transport,07,"On Shoulder, Right Side",7,,,,,,06,Non-Junction,03,Dark - Lighted,3/24/2025,2025-03-24,E,50.82,F,N,,,5A25E365544CC42DDEEA95027E9B981A19A7298FD902E5DF46F3B4A48333FD4A,SR,01,No,12,Motor Vehicle In Transport,07,"On Shoulder, Right Side",09,Wet,,,,,,,,
Property Damage Crashes,MSP726800HS,Maryland State Police,"Sideswipe, Same Direction",Prince George's,Interstate,No,Yes,No,No,No,CAPITAL BELTWAY (SB/L),95,INTERSTATE ROUTE,No,True,No,5/27/2025,No,Point,38.9343312,-76.855319933,MSP,07,16,03,No,16,,16:32,2025,Tuesday,12,Motor Vehicle In Transport,05,On Roadway,1,,,,,,06,Non-Junction,01,Daylight,5/27/2025,2025-05-27,E,40.1,F,N,,,6DE44AC8FF1D37C50BF6FA74401DCC91D2257DA94DC03BCA9CAC0E6959854F1A,IS,01,No,,,,,01,Dry,,,,,,,,
Property Damage Crashes,DA4296004J,Prince George's County Police,Rear To Rear,Prince George's,Principal Arterial – Other,No,No,No,No,No,PENNSYLVANIA AVE,4,MARYLAND ROUTE,No,True,No,5/24/2025,No,Point,38.845526319,-76.891515805,PGCOPD,04,16,03,Yes,10,,10:23,2025,Saturday,12,Motor Vehicle In Transport,05,On Roadway,3,,,,,,09,Through Roadway,01,Daylight,5/24/2025,2025-05-24,S,18.7,F,N,,,0F79F3C09813CC6E6056DA31E04C81421EDD8504FC0573B2F9CB328E8A965452,MD,01,No,,,,,01,Dry,,,,,,,,
Property Damage Crashes,MSP77780079,Maryland State Police,Front to Rear,Prince George's,Interstate,No,No,No,No,No,CAPITAL BELTWAY (WB/L),495,INTERSTATE ROUTE,No,True,No,1/17/2025,No,Point,39.018554199,-76.969410797,MSP,03,16,03,No,5,,05:41,2025,Friday,12,Motor Vehicle In Transport,05,On Roadway,1,,,,,,09,Through Roadway,03,Dark - Lighted,1/17/2025,2025-01-17,E,30.09,F,N,,,FAF4FCDC6978414C89CE4DE812135A992767AAFD0AAFD0BAEFDFBB5225E186FA,IS,01,No,,,,,01,Dry,,,,,,,,
Property Damage Crashes,DA3715008Z,Prince George's County Police,Front to Rear,Prince George's,,No,No,No,No,Yes,,,,Yes,True,No,4/29/2025,No,Point,38.886464304,-76.903242483,PGCOPD,03,16,03,,10,,10:41,2025,Tuesday,15,Parked Vehicle,09,Roadside,,,,,,,,,01,Daylight,4/29/2025,2025-04-29,,,F,N,104,Service Road,,,01,No,,,,,,,,,,,,,,
Property Damage Crashes,MSP7776005M,Maryland State Police,Single Vehicle,Prince George's,Interstate,Yes,No,No,No,No,NO NAME (SB/L),95,INTERSTATE ROUTE,No,True,No,3/29/2025,No,Point,39.050830857,-76.930836010,MSP,101,16,03,No,22,,22:43,2025,Saturday,07,Overturn/Rollover,05,On Roadway,1,,,,,,06,Non-Junction,04,Dark - Not Lighted,3/29/2025,2025-03-29,N,47.16,F,N,,,04EDC99758D34523310888043ACEF2995949B48C0B73CC8A5DBE74C3568C1A66,IS,01,No,,,,,01,Dry,,,,,,,,
Property Damage Crashes,DA3706005T,Prince George's County Police,Front to Rear,Prince George's,,No,No,No,No,No,ARDWICK ARDMORE RD (EB/L),65,COUNTY ROAD,No,True,No,4/30/2025,No,Point,38.937149613,-76.850836735,PGCOPD,03,16,03,No,15,,15:38,2025,Wednesday,12,Motor Vehicle In Transport,05,On Roadway,,,,,,,09,Through Roadway,01,Daylight,4/30/2025,2025-04-30,E,52.45,F,N,,,784DB2B3A4663B6EA864A157AF97F4A0E6516AD574D60F59B2379B0E37380A62,CO,01,No,,,,,01,Dry,,,,,,,,
Property Damage Crashes,MSP732800KQ,Maryland State Police,Single Vehicle,Prince George's,Interstate,No,No,No,No,No,NO NAME,95,INTERSTATE ROUTE,No,True,No,3/9/2025,No,Point,39.024588044,-76.946896910,MSP,101,16,03,No,3,,03:27,2025,Sunday,28,Ditch,01,Gore,1,,,,,,06,Non-Junction,04,Dark - Not Lighted,3/9/2025,2025-03-09,N,21.65,F,N,,,D1A6B06930C507EB190EAFF26D44B1257B6CC2B7028A2CD5969E90BC17C19974,IS,01,No,,,,,01,Dry,,,,,,,,
Property Damage Crashes,DA2977003G,Prince George's County Police,"Sideswipe, Same Direction",Prince George's,Minor Arterial,No,No,No,No,No,MARLBORO PIKE,3074,COUNTY ROAD,No,True,No,2/11/2025,No,Point,38.849305312,-76.881254636,PGCOPD,07,16,03,Unknown,17,,17:40,2025,Tuesday,12,Motor Vehicle In Transport,05,On Roadway,4,,,,,,99,Unknown,101,Dusk,2/11/2025,2025-02-11,W,52.21,F,N,,,4AEE0C737E87B2C305906ECB0D44907B2B21D4F7ECE6323E22821AB29E0D395B,CO,01,No,12,Motor Vehicle In Transport,05,On Roadway,07,Snow,,,,,,,,