Crash Severity Description,Reportnumber,Agencyname,CollisionImpact Description,Crash County Description,FunctionalClass Description,ImpairedCrash,Large Vehicle Involved,Motorcycle Crash,Non-Motorist Crash,OffRoad,RoadName,Route Number,RouteType Description,Unrestrained Occupants,WithinDateRange,Work Zone Related,Crashdate,Work Zone Crash,CrashPoint,Latitude,Longitude,AgencyCode,CollisionImpact,Crash County,Crash Severity,Crash Within Interchange,Crashhour,CrashInterchangeApproaches,Crashtime,CrashYear,Dayofweek,FirstHarmEvent,FirstHarmEvent Description,FirstHarmLocation,FirstHarmLocation Description,FunctionalClass,Geometry Description,GovPropertyDamage,GovPropertyDamage Description,IntersectingRoadName,Intersection Geometry,JunctionRelated,JunctionRelated Description,Light,Light Description,LOD Crash Date,LOD Date Level,MilepointDirection,MilepointDistance,MilepointUnits,NonTrafficFatal,OffroadLocation,OffroadLocation Description,RoadID,RouteType,SchoolBusRelated,SchoolBusRelated Description,SecondHarmEvent,SecondHarmEvent Description,SecondHarmLocation,SecondHarmLocation Description,Surface,Surface Description,TrafficControl,Trafficcontrol Description,WZLawEnforcementPresent,WZLocation,WZLocation Description,WZType,WZType Description,WZWorkersPresent
Injury Crashes,MSP745300BL,Maryland State Police,Front to Rear,Prince George's,Interstate,No,Yes,No,No,No,CAPITAL BELTWAY (SB/L),95,INTERSTATE ROUTE,No,True,No,5/5/2025,No,Point,38.819132,-76.92980895,MSP,03,16,02,No,20,,20:30,2025,Monday,12,Motor Vehicle In Transport,05,On Roadway,1,,,,,,99,Unknown,04,Dark - Not Lighted,5/5/2025,2025-05-05,W,8.85,F,N,,,29C0A8326E22413B8F7CD4E8C2FE77DC5AD7AEE11A34E3894AE12BF7EC86940E,IS,01,No,,,,,09,Wet,,,,,,,,
Injury Crashes,DA4228005D,Prince George's County Police,Front to Front,Prince George's,Major Collector,No,No,No,No,No,LOTTSFORD VISTA RD,67,COUNTY ROAD,No,True,No,4/21/2025,No,Point,38.919833618,-76.815235401,PGCOPD,02,16,02,No,6,,06:00,2025,Monday,12,Motor Vehicle In Transport,05,On Roadway,5,,,,LOTTSFORD RD ST GEORGES WAY,,09,Through Roadway,01,Daylight,4/21/2025,2025-04-21,S,34.91,F,N,,,D465F4552B823D180E69C48D5973211640546CA417DCF8E3B093362AA2160C08,CO,01,No,,,,,01,Dry,,,,,,,,
Property Damage Crashes,DA4318004J,Prince George's County Police,Front to Rear,Prince George's,Principal Arterial – Other Freeways and Expressways,No,Yes,No,No,No,ALLENTOWN RD (SB/L),337,MARYLAND ROUTE,No,True,No,5/1/2025,No,Point,38.806255579,-76.904390529,PGCOPD,03,16,03,No,16,,16:35,2025,Thursday,12,Motor Vehicle In Transport,05,On Roadway,2,,,,,,09,Through Roadway,01,Daylight,5/1/2025,2025-05-01,S,21.77,F,N,,,9D60C8C524B6280BBD3DFEB6E98588887D3227E2A39AA75C0223A0D27D9C0927,MD,01,No,,,,,01,Dry,,,,,,,,
Property Damage Crashes,CNC3160008Y,New Carrollton Police Department,"Sideswipe, Same Direction",Prince George's,Minor Arterial,No,No,No,No,No,ANNAPOLIS RD,450,MARYLAND ROUTE,No,True,No,4/8/2025,No,Point,38.956201741,-76.871952990,NCPD,07,16,03,No,18,,18:17,2025,Tuesday,12,Motor Vehicle In Transport,05,On Roadway,4,,,,,,06,Non-Junction,01,Daylight,4/8/2025,2025-04-08,E,51.18,F,N,,,515476C5BCDF29242C6FB4AD1D91B71A80D9F4C68D84C93B9BE69A298810766A,MD,01,No,,,,,01,Dry,,,,,,,,
Property Damage Crashes,DA4252005S,Prince George's County Police,Unknown,Prince George's,Principal Arterial – Other,No,No,No,No,No,MARTIN LUTHER KING JR HWY,704,MARYLAND ROUTE,No,True,No,2/23/2025,No,Point,38.902274931,-76.900161509,PGCOPD,99,16,03,No,1,,01:33,2025,Sunday,36,"Other Post, Pole, Or Support",04,"Off-Roadway, Location Unknown",3,,100,Local,GLEN WILLOW DR,,06,Non-Junction,05,Dark - Unknown Lighting,2/23/2025,2025-02-23,N,23.39,F,N,,,AF17BCB0CC4E5058540E6C53BA9EF56D47A57DC4E5C4A157E21CA67A4522D735,MD,01,No,,,,,01,Dry,,,,,,,,
Property Damage Crashes,CE4862004T,Laurel Police Department,"Sideswipe, Same Direction",Prince George's,,No,Yes,No,No,Yes,,,,No,True,No,3/18/2025,No,Point,39.098514437,-76.850106086,LAUREL,07,16,03,,12,,12:01,2025,Tuesday,12,Motor Vehicle In Transport,02,In Parking Lane Or Zone,,,,,,,,,01,Daylight,3/18/2025,2025-03-18,,,F,N,102,Parking Lot Way,,,01,No,,,,,,,,,,,,,,
Property Damage Crashes,DA4276007R,Prince George's County Police,Unknown,Prince George's,Interstate,No,No,No,No,No,CAPITAL BELTWAY,95,INTERSTATE ROUTE,No,True,No,5/14/2025,No,Point,38.869182792,-76.844053049,PGCOPD,99,16,03,No,0,,00:39,2025,Wednesday,12,Motor Vehicle In Transport,05,On Roadway,1,,,,,,06,Non-Junction,04,Dark - Not Lighted,5/14/2025,2025-05-14,N,19.57,F,N,,,38B3820EABA83587B79C87F4528925F6A8398D72FB1F0A88F75FAE78514DB48E,IS,01,No,,,,,09,Wet,,,,,,,,
Property Damage Crashes,GA00180027,Colmar Manor Police Department,Angle,Prince George's,Minor Arterial,No,No,No,No,No,BLADENSBURG RD,1,UNITED STATE ROUTE,No,True,No,1/24/2025,No,Point,38.936527412,-76.947233333,COLMAR,01,16,03,No,13,,13:45,2025,Friday,12,Motor Vehicle In Transport,05,On Roadway,4,,,,,,02,Crossover-Related,01,Daylight,1/24/2025,2025-01-24,W,6.51,F,N,,,F07B9B1340C4FDF4A2911F24452D5EB895ACA554B555BD5518A2B9655F3C1563,US,01,No,,,,,01,Dry,,,,,,,,
Property Damage Crashes,DA3315004K,Prince George's County Police,"Sideswipe, Same Direction",Prince George's,Major Collector,No,No,No,No,No,KONTERRA DR,206,MARYLAND ROUTE,No,True,No,2/14/2025,No,Point,39.069113975,-76.888245832,PGCOPD,07,16,03,No,15,,15:03,2025,Friday,12,Motor Vehicle In Transport,05,On Roadway,5,,,,,,06,Non-Junction,01,Daylight,2/14/2025,2025-02-14,N,110.02,F,N,,,CCB442759C26175F59B8709EF5E5636CBB06C33D8C13CE46DE45687DB3BB6364,MD,01,No,,,,,01,Dry,,,,,,,,
Property Damage Crashes,CP0165001S,Mount Rainier Police Department,Front to Rear,Prince George's,Principal Arterial – Other,No,No,No,No,No,RHODE ISLAND AVE (SB/L),1,UNITED STATE ROUTE,No,True,No,4/30/2025,No,Point,38.935191363,-76.962678910,MTRAINIER,03,16,03,Yes,5,,05:00,2025,Wednesday,12,Motor Vehicle In Transport,05,On Roadway,3,,,,,,01,Acceleration/Deceleration Lane,03,Dark - Lighted,4/30/2025,2025-04-30,W,209.19,F,N,,,EAC85E9DA0BC76C128B48D33FD946D7B931B57AB402CE9149307546A05880A1D,US,01,No,,,,,01,Dry,,,,,,,,
Property Damage Crashes,MSP744700PB,Maryland State Police,"Sideswipe, Same Direction",Prince George's,,No,No,No,No,No,,879,CROSSOVER,No,True,No,5/8/2025,No,Point,38.868268232,-76.841262065,MSP,07,16,03,Yes,21,,21:17,2025,Thursday,12,Motor Vehicle In Transport,05,On Roadway,,,,,,,04,Entrance/Exit Ramp or Related,04,Dark - Not Lighted,5/8/2025,2025-05-08,S,14.88,F,N,,,78877D3EB02DE805502A48929D2983E3326F7CFEF62AEEC001A72E1763C47643,XO,01,No,,,,,01,Dry,,,,,,,,
Property Damage Crashes,MSP7843002H,Maryland State Police,Other,Prince George's,Interstate,No,No,No,No,No,CAPITAL BELTWAY (SB/L),95,INTERSTATE ROUTE,Yes,True,No,4/11/2025,No,Point,38.950339480,-76.861055977,MSP,98,16,03,No,9,,09:53,2025,Friday,12,Motor Vehicle In Transport,05,On Roadway,1,,101,State,,,06,Non-Junction,01,Daylight,4/11/2025,2025-04-11,W,20.7,F,N,,,4D53D3435779B66FD963EDA991E94AE68EE37F8D0EF23A9D2BDF5E7F0559EE74,IS,01,No,,,,,09,Wet,,,,,,,,
Property Damage Crashes,DA3120005M,Prince George's County Police,Rear To Side,Prince George's,Major Collector,No,Yes,No,No,No,SWAN CREEK RD,600,COUNTY ROAD,No,True,No,4/30/2025,No,Point,38.723896545,-76.997007809,PGCOPD,05,16,03,No,15,,15:30,2025,Wednesday,12,Motor Vehicle In Transport,05,On Roadway,5,,,,,,09,Through Roadway,01,Daylight,4/30/2025,2025-04-30,N,4.25,F,N,,,33FB109726A2CCBEC4B6F0A65F8B774B07A57B1683362E56CCEC51E907B46961,CO,02,"Yes, School Bus Directly Involved",,,,,01,Dry,,,,,,,,
Property Damage Crashes,DA44190008,Prince George's County Police,Front to Rear,Prince George's,Minor Arterial,No,No,No,No,No,HARRY S TRUMAN DR (SB/L),3465,COUNTY ROAD,No,True,No,1/4/2025,No,Point,38.886884091,-76.835695760,PGCOPD,03,16,03,No,21,,21:25,2025,Saturday,12,Motor Vehicle In Transport,05,On Roadway,4,,,,,,06,Non-Junction,03,Dark - Lighted,1/4/2025,2025-01-04,S,46.83,F,N,,,8507AC7B9D29E8FDAF6C9A09501F4D19F1A77C2FFFC19D80EA60A41CCE96288C,CO,01,No,,,,,01,Dry,,,,,,,,
Property Damage Crashes,MSP744700ND,Maryland State Police,Front to Rear,Prince George's,Interstate,No,No,No,No,No,CAPITAL BELTWAY,95,INTERSTATE ROUTE,No,True,No,3/21/2025,No,Point,38.87108,-76.843553333,MSP,03,16,03,No,13,,13:43,2025,Friday,12,Motor Vehicle In Transport,05,On Roadway,1,,,,,,06,Non-Junction,01,Daylight,3/21/2025,2025-03-21,N,33.15,F,N,,,469A8986A11164598CAC8095535DCEBE7606F7F327FE8E84BDEB3F0FBED190B1,IS,01,No,,,,,01,Dry,,,,,,,,
Property Damage Crashes,DA3772006S,Prince George's County Police,Front to Rear,Prince George's,Principal Arterial – Other,No,No,No,No,No,ST BARNABAS RD,414,MARYLAND ROUTE,No,True,No,3/25/2025,No,Point,38.822666963,-76.953521742,PGCOPD,03,16,03,No,8,,08:16,2025,Tuesday,12,Motor Vehicle In Transport,05,On Roadway,3,,,,,,06,Non-Junction,01,Daylight,3/25/2025,2025-03-25,S,62.52,F,N,,,99A487AE5294FC441168BED195EDDA217741677FD6BE728371ED468F1A924143,MD,01,No,,,,,01,Dry,,,,,,,,
Property Damage Crashes,DA357800C9,Prince George's County Police,Angle,Prince George's,,No,No,No,No,No,,875,CROSSOVER,No,True,No,5/9/2025,No,Point,38.855031717,-76.906668357,PGCOPD,01,16,03,Yes,10,04,10:40,2025,Friday,12,Motor Vehicle In Transport,05,On Roadway,,Angled/Skewed,,,SILVER HILL RD (SB/L),01,05,Intersection or Related,01,Daylight,5/9/2025,2025-05-09,S,0,F,N,,,303E6B8E80411C0B7BDD0AD36C089F0A19DE985B961B0FF04067E003F42BC021,XO,01,No,,,,,09,Wet,01,Signalized,,,,,,
Injury Crashes,DA4272002F,Prince George's County Police,Front to Front,Prince George's,Major Collector,No,No,No,No,No,AUTH WAY (SB/L),3584,COUNTY ROAD,No,True,No,5/24/2025,No,Point,38.825640903,-76.924664280,PGCOPD,02,16,02,Yes,0,04,00:49,2025,Saturday,12,Motor Vehicle In Transport,05,On Roadway,5,Angled/Skewed,,,BRANCH AVE SIMPSON RD,01,05,Intersection or Related,03,Dark - Lighted,5/24/2025,2025-05-24,S,0,F,N,,,FDA49CFAE4CE49D4796CAE10FCC0EBAF48F5F729E84F10EA3CF0778F12C58A16,CO,01,No,,,,,01,Dry,01,Signalized,,,,,,
Property Damage Crashes,MSP718600HT,Maryland State Police,Front to Rear,Prince George's,Principal Arterial – Other,No,No,No,No,No,CENTRAL AVE,214,MARYLAND ROUTE,No,True,No,1/8/2025,No,Point,38.8973828,-76.808710083,MSP,03,16,03,No,18,,18:13,2025,Wednesday,12,Motor Vehicle In Transport,05,On Roadway,3,,,,,,09,Through Roadway,05,Dark - Unknown Lighting,1/8/2025,2025-01-08,W,38.14,F,N,,,F65C78126B50AF201A2CE8F8A70C0BAFA760E607846ADA7CB8947887E4699D8D,MD,01,No,,,,,06,Slush,,,,,,,,
Injury Crashes,DA36960008,Prince George's County Police,Front to Rear,Prince George's,Minor Arterial,No,No,No,No,No,LAUREL BOWIE RD,197,MARYLAND ROUTE,No,True,No,4/23/2025,No,Point,39.0486587,-76.8314036,PGCOPD,03,16,02,No,15,,15:55,2025,Wednesday,12,Motor Vehicle In Transport,05,On Roadway,4,,,,,,06,Non-Junction,01,Daylight,4/23/2025,2025-04-23,N,64.71,F,N,,,01C73ED7FA442BE49B8AAB6057C40067375C243AB28F172FAA44835DE30969D8,MD,01,No,97,Not Applicable,,,01,Dry,,,,,,,,
Injury Crashes,DA4242003R,Prince George's County Police,Other,Prince George's,Major Collector,No,No,No,Yes,No,OWENS RD,112,COUNTY ROAD,No,True,No,4/10/2025,No,Point,38.817274316,-76.965283347,PGCOPD,98,16,02,No,7,,07:39,2025,Thursday,15,Parked Vehicle,09,Roadside,5,,,,,,06,Non-Junction,01,Daylight,4/10/2025,2025-04-10,S,13.62,F,N,,,694F650C04C12B2020AF46BCFFC5BC8FA834E275BECE9F484C8D6D2E33A61CDB,CO,01,No,17,Pedestrian,09,Roadside,01,Dry,,,,,,,,
Property Damage Crashes,DA42520062,Prince George's County Police,"Sideswipe, Opposite Direction",Prince George's,Local,No,No,No,No,No,DODGE PARK RD,3290,COUNTY ROAD,No,True,No,5/3/2025,No,Point,38.931296454,-76.879644846,PGCOPD,06,16,03,No,10,,10:38,2025,Saturday,12,Motor Vehicle In Transport,05,On Roadway,7,,,,,,06,Non-Junction,01,Daylight,5/3/2025,2025-05-03,E,43.1,F,N,,,246064E78178D11F47ED0D6A980B64108D0706F356F09B1130DC391DE7EC3DB3,CO,01,No,,,,,01,Dry,,,,,,,,
Property Damage Crashes,MSP743600C1,Maryland State Police,Single Vehicle,Prince George's,Principal Arterial – Other,Yes,No,No,No,No,CRAIN HWY (SB/L),301,UNITED STATE ROUTE,No,True,No,5/18/2025,No,Point,38.941771363,-76.718146696,MSP,101,16,03,No,19,,19:50,2025,Sunday,29,Embankment,09,Roadside,3,,,,,,01,Acceleration/Deceleration Lane,01,Daylight,5/18/2025,2025-05-18,N,39.53,F,N,,,A01753089ABB301E9293E2D1F124FB53C54014C66F379F17FBD192180A9E7C54,US,01,No,,,,,01,Dry,,,,,,,,
Property Damage Crashes,MSP6931014B,Maryland State Police,Front to Rear,Prince George's,Principal Arterial – Other,No,No,No,No,No,CRAIN HWY (SB/L),301,UNITED STATE ROUTE,No,True,No,4/24/2025,No,Point,38.917597738,-76.717588436,MSP,03,16,03,No,17,,17:09,2025,Thursday,12,Motor Vehicle In Transport,05,On Roadway,3,,,,,,06,Non-Junction,01,Daylight,4/24/2025,2025-04-24,S,42.15,F,N,,,5CF2FEDA7596A1B600DB0D402BC6F765D4022CD9262678E81D1FE91025252191,US,01,No,,,,,01,Dry,,,,,,,,
Property Damage Crashes,DA3001006V,Prince George's County Police,Angle,Prince George's,Minor Arterial,No,No,No,No,No,POWDER MILL RD,212,MARYLAND ROUTE,No,True,No,6/7/2025,No,Point,39.041953440,-76.945858690,PGCOPD,01,16,03,No,12,,12:50,2025,Saturday,12,Motor Vehicle In Transport,05,On Roadway,4,,,,,,06,Non-Junction,01,Daylight,6/7/2025,2025-06-07,N,36.62,F,N,,,9A49C9FBCABE83CB8307CBDBE6F5A2A2A04F2FD3A86284F0E632038A648E88D6,MD,01,No,,,,,01,Dry,,,,,,,,
Property Damage Crashes,DA381700LG,Prince George's County Police,Single Vehicle,Prince George's,,No,No,No,No,Yes,,,,No,True,No,2/13/2025,No,Point,38.767486108,-76.888998667,PGCOPD,101,16,03,,13,,13:46,2025,Thursday,35,"Other Fixed Object (wall, building, tunnel, etc.)",07,"On Shoulder, Right Side",,,,,,,,,01,Daylight,2/13/2025,2025-02-13,,,F,N,102,Parking Lot Way,,,01,No,12,Motor Vehicle In Transport,05,On Roadway,,,,,,,,,,
Property Damage Crashes,CE41620072,Laurel Police Department,Single Vehicle,Prince George's,Principal Arterial – Other,No,No,No,No,No,SANDY SPRING RD,198,MARYLAND ROUTE,No,True,No,4/19/2025,No,Point,39.101593629,-76.862686453,LAUREL,101,16,03,No,8,02,08:10,2025,Saturday,32,Guardrail Face,07,"On Shoulder, Right Side",3,Perpendicular,,,TENTH ST,03,05,Intersection or Related,01,Daylight,4/19/2025,2025-04-19,S,0,F,N,,,5974103AB7B1A0BA46EFD27C957F8B63383C337926AD417103B1AC8590D50732,MD,01,No,,,,,01,Dry,03,Stop - Partial,,,,,,
Property Damage Crashes,MSP7764008Z,Maryland State Police,Single Vehicle,Prince George's,Principal Arterial – Other Freeways and Expressways,No,No,No,No,No,JOHN HANSON HWY (WB/L),50,UNITED STATE ROUTE,No,True,No,5/3/2025,No,Point,38.94491,-76.865905,MSP,101,16,03,No,12,,12:07,2025,Saturday,25,Concrete Traffic Barrier,10,Separator/Traffic Island,2,,,,,,06,Non-Junction,01,Daylight,5/3/2025,2025-05-03,W,33.92,F,N,,,F5922B77FDA846F434C82BEF888FD8299017ACE96146FB5C8D5A36FDE434CC8E,US,01,No,,,,,01,Dry,,,,,,,,
Property Damage Crashes,MSP7839001W,Maryland State Police,Front to Rear,Prince George's,Principal Arterial – Other,No,No,No,No,No,LARGO RD (SB/L),202,MARYLAND ROUTE,No,True,No,1/29/2025,No,Point,38.891937900,-76.826734440,MSP,03,16,03,No,9,,09:45,2025,Wednesday,12,Motor Vehicle In Transport,05,On Roadway,3,,,,,,06,Non-Junction,01,Daylight,1/29/2025,2025-01-29,N,52.29,F,N,,,EC388B76AA581D14575E72BFBF10C902A28922B9B475C31BE7ED109F93824A8D,MD,01,No,,,,,01,Dry,,,,,,,,
Property Damage Crashes,DA40380087,Prince George's County Police,Unknown,Prince George's,Local,No,No,No,No,No,CLINTON MANOR DR,1030,COUNTY ROAD,No,True,No,5/27/2025,No,Point,38.760446325,-76.895736482,PGCOPD,99,16,03,Yes,17,,17:00,2025,Tuesday,12,Motor Vehicle In Transport,05,On Roadway,7,,,,BRANDYWINE RD,,99,Unknown,01,Daylight,5/27/2025,2025-05-27,W,51.91,F,N,,,E0EC5ED0B794DEB10237273B17AB26352CE34D045213EC03EFE9C1008BA9DC59,CO,01,No,,,,,09,Wet,,,,,,,,
Property Damage Crashes,CNC3184001W,New Carrollton Police Department,Front to Front,Prince George's,Local,No,No,No,No,No,CARROLLTON PKWY,51,MUNICIPAL ROAD,No,True,No,3/9/2025,No,Point,38.9704028,-76.8763865,NCPD,02,16,03,No,18,,18:43,2025,Sunday,12,Motor Vehicle In Transport,05,On Roadway,7,,,,,,03,Driveway Access or Related,01,Daylight,3/9/2025,2025-03-09,S,23.08,F,N,,,F8A71DB1E84BC8B8EBA39E4B42D52EAC671052496351299F289D0D00B200C8E5,MU,01,No,,,,,01,Dry,,,,,,,,
Property Damage Crashes,MSP585801G9,Maryland State Police,"Sideswipe, Same Direction",Prince George's,Principal Arterial – Other,No,No,No,No,No,BRANCH AVE (SB/L),5,MARYLAND ROUTE,No,True,No,3/5/2025,No,Point,38.813788579,-76.913188379,MSP,07,16,03,No,19,,19:11,2025,Wednesday,12,Motor Vehicle In Transport,05,On Roadway,3,,,,,,09,Through Roadway,03,Dark - Lighted,3/5/2025,2025-03-05,N,23.47,F,N,,,F2869750C4F9ED8BFBAE9255A52D21D44F4158EC5AE8FF88A9194775ED5467AC,MD,01,No,,,,,09,Wet,,,,,,,,
Property Damage Crashes,CC0294002J,Hyattsville Police Department,"Sideswipe, Same Direction",Prince George's,Major Collector,No,No,No,No,No,HAMILTON ST (WB/L),1204,COUNTY ROAD,No,True,No,4/10/2025,No,Point,38.956057601,-76.964114139,HYATTSVILLE,07,16,03,No,13,,13:00,2025,Thursday,12,Motor Vehicle In Transport,02,In Parking Lane Or Zone,5,,,,,,99,Unknown,01,Daylight,4/10/2025,2025-04-10,E,23.93,F,N,,,218D50C9E3260035390E6097456060FAF252EBCDD7EA159B3EDB0A90F93AFF65,CO,01,No,15,Parked Vehicle,02,In Parking Lane Or Zone,01,Dry,,,,,,,,
Property Damage Crashes,DA4294003C,Prince George's County Police,Front to Rear,Prince George's,Major Collector,No,No,No,No,No,IVERSON ST,1478,COUNTY ROAD,No,True,No,2/17/2025,No,Point,38.825488551,-76.985167112,PGCOPD,03,16,03,No,17,,17:35,2025,Monday,12,Motor Vehicle In Transport,05,On Roadway,5,,,,,,06,Non-Junction,101,Dusk,2/17/2025,2025-02-17,W,1015.38,F,N,,,BE7EBFF9A386AF5E4C1C4404B4C9C8C21EE5558083D43EF6A2CEFA4CC3B53C12,CO,01,No,,,,,01,Dry,,,,,,,,
Injury Crashes,MSP7843003G,Maryland State Police,Other,Prince George's,Interstate,No,No,No,No,No,CAPITAL BELTWAY (SB/L),95,INTERSTATE ROUTE,No,True,No,5/16/2025,No,Point,39.018313333,-76.919736667,MSP,98,16,02,No,16,,16:19,2025,Friday,12,Motor Vehicle In Transport,05,On Roadway,1,,,,,,06,Non-Junction,01,Daylight,5/16/2025,2025-05-16,N,58.98,F,N,,,AD63BAB70DAD6CEFD7A26C5E3DF3580F42A326A03044A1E6111FDB1874E92D2D,IS,01,No,12,Motor Vehicle In Transport,05,On Roadway,01,Dry,,,,,,,,
Property Damage Crashes,MSP77850049,Maryland State Police,Front to Rear,Prince George's,Principal Arterial – Other,No,No,No,No,No,CRAIN HWY (SB/L),301,UNITED STATE ROUTE,No,True,No,1/11/2025,No,Point,38.667225,-76.87593,MSP,03,16,03,No,17,,17:56,2025,Saturday,12,Motor Vehicle In Transport,05,On Roadway,3,,,,,,06,Non-Junction,04,Dark - Not Lighted,1/11/2025,2025-01-11,S,43.47,F,N,,,ECE0BD4F5B302AC6BC70D0CF981BAAB8711E010C179698D4CF3318954B331DF3,US,01,No,,,,,01,Dry,,,,,,,,
Injury Crashes,MSP745800QQ,Maryland State Police,"Sideswipe, Opposite Direction",Prince George's,Major Collector,No,No,No,No,No,BRANDYWINE RD,381,MARYLAND ROUTE,No,True,No,3/21/2025,No,Point,38.699094556,-76.868784616,MSP,06,16,02,No,6,,06:15,2025,Friday,12,Motor Vehicle In Transport,05,On Roadway,5,,,,BRANDYWINE RD CRAIN HWY (SB/L),,01,Acceleration/Deceleration Lane,03,Dark - Lighted,3/21/2025,2025-03-21,W,1.37,F,N,,,AF0288D0558957903BB60FF88C5737C7427BFF81C198470B1196A5DB7FCB2D40,MD,01,No,,,,,01,Dry,,,,,,,,
Property Damage Crashes,DA409400C1,Prince George's County Police,Angle,Prince George's,Major Collector,No,No,No,No,No,COOPER LA,332,COUNTY ROAD,Yes,True,No,4/2/2025,No,Point,38.941411366,-76.902687149,PGCOPD,01,16,03,No,10,,10:45,2025,Wednesday,12,Motor Vehicle In Transport,09,Roadside,5,,,,,,06,Non-Junction,01,Daylight,4/2/2025,2025-04-02,S,7.67,F,N,,,F341A51FF250308A4A958A1DAD471AEB69121DFA40E0E473B64530BBCFB19229,CO,01,No,,,,,01,Dry,,,,,,,,
Property Damage Crashes,CBPD0075004P,Bowie Police Department,Single Vehicle,Prince George's,Local,No,No,No,No,No,ALDRIDGE CT,7020,MUNICIPAL ROAD,No,True,No,1/29/2025,No,Point,38.933137521,-76.724217775,BOWIE,101,16,03,No,14,,14:15,2025,Wednesday,41,Utility Pole/Light Support,03,Median,7,,100,Local,,,06,Non-Junction,01,Daylight,1/29/2025,2025-01-29,W,3.17,F,N,,,726260A9BBA2147A2BCFF9CFF2FDB23B53F8CA622B6214EBA1F7B3798FD13F74,MU,01,No,,,,,01,Dry,,,,,,,,
Property Damage Crashes,DA32700032,Prince George's County Police,"Sideswipe, Same Direction",Prince George's,Local,No,Yes,No,No,No,HEMMING LA,840,MUNICIPAL ROAD,Yes,True,No,4/1/2025,No,Point,38.951920100,-76.732991235,PGCOPD,07,16,03,No,14,,14:00,2025,Tuesday,15,Parked Vehicle,05,On Roadway,7,,,,,,06,Non-Junction,01,Daylight,4/1/2025,2025-04-01,N,20.23,F,N,,,E749A1478653B795B4931FE4BEBE852A66E4C6990732CF874269BE409044DD2B,MU,02,"Yes, School Bus Directly Involved",,,,,01,Dry,,,,,,,,
Property Damage Crashes,MSP647600HP,Maryland State Police,Front to Rear,Prince George's,,No,No,No,No,No,,430,SPUR,No,True,No,4/3/2025,No,Point,38.841021726,-76.727533270,MSP,03,16,03,No,15,,15:18,2025,Thursday,12,Motor Vehicle In Transport,05,On Roadway,,,,,,,09,Through Roadway,01,Daylight,4/3/2025,2025-04-03,N,54.23,F,N,,,DE1BAD75C4D8A48EAEE9E8437BD3778B3F9B72066EF9DC924317CDAEF7F55E6F,SP,01,No,12,Motor Vehicle In Transport,05,On Roadway,01,Dry,,,,,,,,
Property Damage Crashes,DA4426000Y,Prince George's County Police,Front to Rear,Prince George's,Major Collector,Yes,No,No,No,No,HILL RD,360,COUNTY ROAD,No,True,No,3/28/2025,No,Point,38.900460753,-76.883971847,PGCOPD,03,16,03,No,0,,00:35,2025,Friday,12,Motor Vehicle In Transport,05,On Roadway,5,,,,,,06,Non-Junction,03,Dark - Lighted,3/28/2025,2025-03-28,S,16.32,F,N,,,FD7896789EC50836D449CD49F9D2906931D6401647B87740291844B5766239D7,CO,01,No,,,,,01,Dry,,,,,,,,
Property Damage Crashes,DA4304006R,Prince George's County Police,Front to Rear,Prince George's,Local,No,No,No,No,No,KNOLLWOOD DR,1189,COUNTY ROAD,No,True,No,5/31/2025,No,Point,39.028733886,-76.960077145,PGCOPD,03,16,03,No,19,,19:03,2025,Saturday,12,Motor Vehicle In Transport,05,On Roadway,7,,,,,,99,Unknown,01,Daylight,5/31/2025,2025-05-31,S,28.75,F,N,,,DB0186CCA2612DCED64ABB28ED6CA5DF2B482E4B11D6BE11F47BCCBF65D9BDF8,CO,01,No,,,,,01,Dry,,,,,,,,
Property Damage Crashes,BW0202002Z,Greenbelt Police Department,Front to Rear,Prince George's,Principal Arterial – Other Freeways and Expressways,No,No,No,No,No,RAMP 1 FR RP 4 (FR MD295 NB) TO MD193 WB,295,RAMP,No,True,No,3/20/2025,No,Point,38.994511842,-76.878980301,GREENBELT,03,16,03,No,17,,17:20,2025,Thursday,12,Motor Vehicle In Transport,05,On Roadway,2,,,,,,06,Non-Junction,01,Daylight,3/20/2025,2025-03-20,W,20.75,F,N,,,E33D81783B0ECE5E0BB0FFEEF6DD9A0EF9356994971A10E0A93DE99D516CF0A5,RP,01,No,,,,,01,Dry,,,,,,,,
Injury Crashes,MSP617100P4,Maryland State Police,Front to Rear,Prince George's,Interstate,No,No,No,No,No,CAPITAL BELTWAY,95,INTERSTATE ROUTE,No,True,No,5/10/2025,No,Point,38.96387,-76.867298333,MSP,03,16,02,No,21,,21:53,2025,Saturday,12,Motor Vehicle In Transport,05,On Roadway,1,,,,,,06,Non-Junction,03,Dark - Lighted,5/10/2025,2025-05-10,S,61.52,F,N,,,C1E568E1F7D758DD5464C6C3AF4E9157AE7BD62044C8B080DF76F3A12185197E,IS,01,No,,,,,01,Dry,,,,,,,,
Property Damage Crashes,DA3002006W,Prince George's County Police,Single Vehicle,Prince George's,Minor Collector,No,No,No,No,No,BROOKE LA,95,COUNTY ROAD,No,True,No,4/10/2025,No,Point,38.828334237,-76.793465651,PGCOPD,101,16,03,No,14,,14:15,2025,Thursday,40,Tree (standing),04,"Off-Roadway, Location Unknown",6,,,,,,01,Acceleration/Deceleration Lane,01,Daylight,4/10/2025,2025-04-10,N,50.68,F,N,,,60CECBE396044F0B64C2220D9A3086B5420252DA21B909EC89C6BB8DA10ECC53,CO,01,No,,,,,01,Dry,,,,,,,,