Crash Severity Description,Reportnumber,Agencyname,CollisionImpact Description,Crash County Description,FunctionalClass Description,ImpairedCrash,Large Vehicle Involved,Motorcycle Crash,Non-Motorist Crash,OffRoad,RoadName,Route Number,RouteType Description,Unrestrained Occupants,WithinDateRange,Work Zone Related,Crashdate,Work Zone Crash,CrashPoint,Latitude,Longitude,AgencyCode,CollisionImpact,Crash County,Crash Severity,Crash Within Interchange,Crashhour,CrashInterchangeApproaches,Crashtime,CrashYear,Dayofweek,FirstHarmEvent,FirstHarmEvent Description,FirstHarmLocation,FirstHarmLocation Description,FunctionalClass,Geometry Description,GovPropertyDamage,GovPropertyDamage Description,IntersectingRoadName,Intersection Geometry,JunctionRelated,JunctionRelated Description,Light,Light Description,LOD Crash Date,LOD Date Level,MilepointDirection,MilepointDistance,MilepointUnits,NonTrafficFatal,OffroadLocation,OffroadLocation Description,RoadID,RouteType,SchoolBusRelated,SchoolBusRelated Description,SecondHarmEvent,SecondHarmEvent Description,SecondHarmLocation,SecondHarmLocation Description,Surface,Surface Description,TrafficControl,Trafficcontrol Description,WZLawEnforcementPresent,WZLocation,WZLocation Description,WZType,WZType Description,WZWorkersPresent
Property Damage Crashes,CBPD0122001G,Bowie Police Department,"Sideswipe, Same Direction",Prince George's,Major Collector,No,No,No,No,No,POINTER RIDGE DR,2170,MUNICIPAL ROAD,No,True,No,5/8/2025,No,Point,38.908975295,-76.718634921,BOWIE,07,16,03,No,19,,19:30,2025,Thursday,12,Motor Vehicle In Transport,05,On Roadway,5,,,,,,06,Non-Junction,101,Dusk,5/8/2025,2025-05-08,S,22.11,F,N,,,2C8BCD58A0979CB2920A89DF75535FE8F7A5DF8744CEF61D4FAD997AB16EB3F8,MU,01,No,,,,,01,Dry,,,,,,,,
Property Damage Crashes,DA393600G3,Prince George's County Police,Single Vehicle,Prince George's,Major Collector,No,No,No,No,No,WESTPHALIA RD,91,COUNTY ROAD,No,True,No,4/17/2025,No,Point,38.839301433,-76.862006507,PGCOPD,101,16,03,No,15,,15:08,2025,Thursday,27,Curb,09,Roadside,5,,,,,,01,Acceleration/Deceleration Lane,01,Daylight,4/17/2025,2025-04-17,S,25.67,F,N,,,089F31F2BB2639C176C6B5244BBBEE8FE5C157F5BDEA05C080C09F9BFDA900BC,CO,01,No,40,Tree (standing),09,Roadside,01,Dry,,,,,,,,
Property Damage Crashes,DA3426004P,Prince George's County Police,Front to Rear,Prince George's,Principal Arterial – Other,No,No,No,No,No,MARTIN LUTHER KING JR HWY (WB/L),704,MARYLAND ROUTE,No,True,No,5/16/2025,No,Point,38.905489467,-76.897664060,PGCOPD,03,16,03,No,12,,12:30,2025,Friday,12,Motor Vehicle In Transport,05,On Roadway,3,,,,,,06,Non-Junction,01,Daylight,5/16/2025,2025-05-16,S,94.9,F,N,,,DE9DD28652558E6211E281A1957131E6F95241565A66D6D3C0D96E0213665D3D,MD,01,No,,,,,01,Dry,,,,,,,,
Property Damage Crashes,DA4309002Z,Prince George's County Police,"Sideswipe, Same Direction",Prince George's,,No,No,No,No,No,CHURCH RD (NB/L),59,COUNTY ROAD,No,True,No,3/30/2025,No,Point,38.901499890,-76.758173145,PGCOPD,07,16,03,No,5,,05:35,2025,Sunday,12,Motor Vehicle In Transport,05,On Roadway,,,,,,,99,Unknown,03,Dark - Lighted,3/30/2025,2025-03-30,S,10.56,F,N,,,58A23008510E7AAB7C629FD46244159009AB03AA180E3616EA7497E7E0B60470,CO,01,No,12,Motor Vehicle In Transport,05,On Roadway,01,Dry,,,,,,,,
Property Damage Crashes,DA4373002M,Prince George's County Police,Other,Prince George's,Local,No,No,No,No,No,ARUNDEL DR,3644,COUNTY ROAD,No,True,No,5/7/2025,No,Point,38.776549293,-76.952106984,PGCOPD,98,16,03,No,22,,22:10,2025,Wednesday,12,Motor Vehicle In Transport,05,On Roadway,7,,,,ALLENTOWN RD ALLENTOWN RD (SB/L) TUCKER RD,,09,Through Roadway,03,Dark - Lighted,5/7/2025,2025-05-07,S,9.84,F,N,,,2D9278EE697621FBF505079C112A4A7FB66AE6979306DA2FCB755BF504074D3D,CO,01,No,,,,,01,Dry,,,,,,,,
Injury Crashes,DA3008001F,Prince George's County Police,Front to Rear,Prince George's,Minor Arterial,No,No,No,No,No,ENTERPRISE RD,193,MARYLAND ROUTE,No,True,No,5/24/2025,No,Point,38.901459571,-76.793557241,PGCOPD,03,16,02,No,15,,15:50,2025,Saturday,12,Motor Vehicle In Transport,05,On Roadway,4,,,,,,01,Acceleration/Deceleration Lane,01,Daylight,5/24/2025,2025-05-24,N,26.87,F,N,,,B5073BB172141D241929F129C8B6771E6845565759BE92F94321B740A5B4F6D5,MD,01,No,,,,,01,Dry,,,,,,,,
Property Damage Crashes,MSP757700L8,Maryland State Police,Front to Rear,Prince George's,Interstate,No,No,Yes,No,No,RAMP 7 FR IS 595 WB TO IS 95 SB,95,RAMP,No,True,No,5/26/2025,No,Point,38.947148576,-76.855012728,MSP,03,16,03,No,3,,03:23,2025,Monday,12,Motor Vehicle In Transport,05,On Roadway,1,,,,RAMP 6 FR RAMP 3 (FR IS 595) TO RAMP 7,,04,Entrance/Exit Ramp or Related,03,Dark - Lighted,5/26/2025,2025-05-26,W,1737.85,F,N,,,BBCA1CF7FE84B60C84FE821BCBCC6C11547B2242D2B4F9AAA326B0A90A1E6B62,RP,01,No,28,Ditch,03,Median,01,Dry,,,,,,,,
Property Damage Crashes,CE4152008C,Laurel Police Department,"Sideswipe, Same Direction",Prince George's,Local,No,No,No,No,No,LAUREL PL,219,MUNICIPAL ROAD,No,True,No,2/14/2025,No,Point,39.090393818,-76.859508644,LAUREL,07,16,03,No,15,,15:53,2025,Friday,12,Motor Vehicle In Transport,05,On Roadway,7,,,,,,06,Non-Junction,01,Daylight,2/14/2025,2025-02-14,W,37.94,F,N,,,3A98222103F195739EB4C881CF5E222C1F79C715A580F5EA6EE001BA0E1BF81D,MU,01,No,,,,,01,Dry,,,,,,,,
Property Damage Crashes,MSP77730015,Maryland State Police,Front to Rear,Prince George's,Interstate,No,No,No,No,No,NO NAME (SB/L),95,INTERSTATE ROUTE,No,True,No,2/22/2025,No,Point,39.049014378,-76.931619107,MSP,03,16,03,No,13,,13:50,2025,Saturday,12,Motor Vehicle In Transport,05,On Roadway,1,,,,,,06,Non-Junction,01,Daylight,2/22/2025,2025-02-22,S,20.6,F,N,,,49DFC75BFE41C9C716A9BBCE99F41DEE700CDD45498E146C30D8558AE80CE697,IS,01,No,,,,,01,Dry,,,,,,,,
Injury Crashes,DA405100DH,Prince George's County Police,Front to Rear,Prince George's,Minor Arterial,No,No,No,No,No,ANNAPOLIS RD,450,MARYLAND ROUTE,No,True,No,3/15/2025,No,Point,38.939908898,-76.905727293,PGCOPD,03,16,02,No,15,,15:58,2025,Saturday,12,Motor Vehicle In Transport,05,On Roadway,4,,,,,,01,Acceleration/Deceleration Lane,01,Daylight,3/15/2025,2025-03-15,N,16.04,F,N,,,4319BF99F70551A4A9AEF8848602B3F7D6723220640F805DC74D17408D047CE0,MD,01,No,,,,,01,Dry,,,,,,,,
Property Damage Crashes,BE01120007,District Heights Police Department,"Sideswipe, Same Direction",Prince George's,Major Collector,No,No,No,No,No,KIPLING PKWY,240,MUNICIPAL ROAD,No,True,No,5/24/2025,No,Point,38.858275046,-76.882300633,DISTHEIGHTS,07,16,03,No,11,,11:00,2025,Saturday,12,Motor Vehicle In Transport,02,In Parking Lane Or Zone,5,,,,,,09,Through Roadway,99,Unknown,5/24/2025,2025-05-24,N,14.24,F,N,,,DED9A412E4BB44B417B7DADF1A48088B2EBF351918CCC0C576405D0A11598B06,MU,01,No,,,,,01,Dry,,,,,,,,
Property Damage Crashes,MSP617100PD,Maryland State Police,"Sideswipe, Same Direction",Prince George's,Interstate,No,No,No,No,No,CAPITAL BELTWAY,95,INTERSTATE ROUTE,No,True,No,5/26/2025,No,Point,38.991669227,-76.885930075,MSP,07,16,03,No,11,,11:27,2025,Monday,12,Motor Vehicle In Transport,05,On Roadway,1,,,,,,06,Non-Junction,01,Daylight,5/26/2025,2025-05-26,N,33.97,F,N,,,4B3EFF35BBCD9371106962AAB17E50B4DD2058CD37CBE524E402DE47A02437B4,IS,01,No,,,,,01,Dry,,,,,,,,
Injury Crashes,DA4394001P,Prince George's County Police,Single Vehicle,Prince George's,Minor Arterial,No,No,No,Yes,No,POWDER MILL RD,212,MARYLAND ROUTE,No,True,No,5/23/2025,No,Point,39.045654653,-76.939986860,PGCOPD,101,16,02,No,21,,21:00,2025,Friday,17,Pedestrian,05,On Roadway,4,,,,,,06,Non-Junction,04,Dark - Not Lighted,5/23/2025,2025-05-23,W,39.55,F,N,,,DF303784B7AD43711204AC75AC557FE0059FAC054CBF78225A0B1F663BCE0F73,MD,01,No,,,,,01,Dry,,,,,,,,
Property Damage Crashes,DA4296003S,Prince George's County Police,Front to Rear,Prince George's,,No,No,No,No,No,MARLBORO PIKE (NB/L),3074,COUNTY ROAD,No,True,No,2/11/2025,No,Point,38.850428139,-76.887927024,PGCOPD,03,16,03,Yes,11,,11:54,2025,Tuesday,12,Motor Vehicle In Transport,05,On Roadway,,,,,,,09,Through Roadway,01,Daylight,2/11/2025,2025-02-11,N,45.23,F,N,,,2A1B6B72F8EB4AA5FD0DB80260DB9051525CFB64D8411EE0FC672680E31DCE31,CO,01,No,,,,,01,Dry,,,,,,,,
Property Damage Crashes,AT10310019,Capitol Heights Police Department,Unknown,Prince George's,Major Collector,No,No,No,No,No,LARCHMONT AVE,828,COUNTY ROAD,Yes,True,No,2/14/2025,No,Point,38.882756730,-76.917206761,CAPITOLHEIGHTS,99,16,03,No,15,,15:48,2025,Friday,97,Not Applicable,99,Unknown,5,,,,,,06,Non-Junction,01,Daylight,2/14/2025,2025-02-14,N,13.98,F,N,,,8BB8F23A2EE481377EACDCB9ED40174ED8342176BF62DC5E7FC365B88923A63F,CO,01,No,12,Motor Vehicle In Transport,99,Unknown,01,Dry,,,,,,,,
Property Damage Crashes,MSP585801J7,Maryland State Police,Single Vehicle,Prince George's,Interstate,No,No,No,No,No,CAPITAL BELTWAY (NB LOCAL),95,INTERSTATE ROUTE,No,True,No,5/28/2025,No,Point,38.792708543,-77.026844616,MSP,101,16,03,No,2,,02:17,2025,Wednesday,25,Concrete Traffic Barrier,09,Roadside,1,,101,State,,,09,Through Roadway,03,Dark - Lighted,5/28/2025,2025-05-28,W,18.3,F,N,,,B4E69C5F97F66BBFF88A13E1A9DD421FCC806868C238DDFC63FE309B85492ADE,IS,01,No,25,Concrete Traffic Barrier,09,Roadside,09,Wet,,,,,,,,
Injury Crashes,DJ0105005K,Seat Pleasant Police Department,Angle,Prince George's,Principal Arterial – Other,No,No,No,No,No,CENTRAL AVE,214,MARYLAND ROUTE,No,True,No,1/17/2025,No,Point,38.891015394,-76.850838701,SEATPLEASANT,01,16,02,Yes,8,,08:54,2025,Friday,12,Motor Vehicle In Transport,05,On Roadway,3,,,,,,02,Crossover-Related,01,Daylight,1/17/2025,2025-01-17,S,5.87,F,N,,,FF225AA396486FEC814849E7232735671D9CD1928D7D45D8AA528D99927E3938,MD,01,No,12,Motor Vehicle In Transport,05,On Roadway,09,Wet,,,,,,,,
Injury Crashes,AM03640029,Bladensburg Police Department,Angle,Prince George's,Local,No,No,No,No,No,48TH ST #2,482,MUNICIPAL ROAD,No,True,No,3/17/2025,No,Point,38.941798389,-76.936729204,BLADENSBURG,01,16,02,Yes,18,03,18:30,2025,Monday,12,Motor Vehicle In Transport,05,On Roadway,7,Angled/Skewed,,,UPSHUR ST,01,05,Intersection or Related,01,Daylight,3/17/2025,2025-03-17,N,0,F,N,,,A91FFF54A861ED564B91D9159DEF7A7008F55C8BB85A0592B408A177B3DAA453,MU,01,No,,,,,01,Dry,03,Stop - Partial,,,,,,
Property Damage Crashes,MSP7416001Q,Maryland State Police,Front to Rear,Prince George's,Interstate,No,No,No,No,No,NO NAME (SB/L),95,INTERSTATE ROUTE,No,True,No,4/25/2025,No,Point,39.021690729,-76.940158987,MSP,03,16,03,Yes,8,,08:30,2025,Friday,12,Motor Vehicle In Transport,05,On Roadway,1,,,,,,04,Entrance/Exit Ramp or Related,01,Daylight,4/25/2025,2025-04-25,W,33.18,F,N,,,74D0D508C5751B03CC5C3B8C8E5ABAFD7825BB962434F90DFBDEE57C8FA0F34A,IS,01,No,,,,,01,Dry,,,,,,,,
Property Damage Crashes,DA4135006J,Prince George's County Police,Single Vehicle,Prince George's,,Yes,No,No,No,No,OLD GUNPOWDER RD (NB/L),2,COUNTY ROAD,No,True,No,4/19/2025,No,Point,39.065655983,-76.921580456,PGCOPD,101,16,03,No,18,,18:47,2025,Saturday,07,Overturn/Rollover,09,Roadside,,,,,,,06,Non-Junction,01,Daylight,4/19/2025,2025-04-19,E,12.64,F,N,,,D4B066074CA4D097DCE6A49F9A2DB6FF181785C5B445800BD2C84F9B1B9B3F5C,CO,01,No,,,,,01,Dry,,,,,,,,
Injury Crashes,DA416800C1,Prince George's County Police,Single Vehicle,Prince George's,Minor Collector,No,No,No,No,No,KERBY HILL RD,582,COUNTY ROAD,No,True,No,3/16/2025,No,Point,38.779435895,-77.006114601,PGCOPD,101,16,02,No,2,,02:51,2025,Sunday,40,Tree (standing),05,On Roadway,6,,,,,,09,Through Roadway,03,Dark - Lighted,3/16/2025,2025-03-16,N,66.13,F,N,,,FEB627389D4270369CDC9538D2653B3E41ED59D4792A47BD5428466A38A499D7,CO,01,No,,,,,09,Wet,,,,,,,,
Property Damage Crashes,DA4429000K,Prince George's County Police,Front to Front,Prince George's,,No,No,No,No,No,,2142,PRIVATE ROAD,No,True,No,4/4/2025,No,Point,38.848748786,-76.888354461,PGCOPD,02,16,03,No,22,,22:55,2025,Friday,15,Parked Vehicle,05,On Roadway,,,,,,,09,Through Roadway,03,Dark - Lighted,4/4/2025,2025-04-04,S,11.86,F,N,,,AF23657B34CA5FF664F897EB755FA522467FAF77CF71A041A0CE5B6C8FD74298,PV,01,No,,,,,01,Dry,,,,,,,,
Property Damage Crashes,MSP78750051,Maryland State Police,Single Vehicle,Prince George's,Interstate,No,No,No,No,No,CAPITAL BELTWAY (SB/L),95,INTERSTATE ROUTE,No,True,Yes,5/28/2025,Yes,Point,38.818781667,-76.931243333,MSP,101,16,03,No,21,,21:59,2025,Wednesday,32,Guardrail Face,05,On Roadway,1,,,,,,06,Non-Junction,03,Dark - Lighted,5/28/2025,2025-05-28,E,25.61,F,N,,,1C3409594B37844E31185A34C5B8738BD5201764F8712DDF3038F963224533CB,IS,01,No,,,,,09,Wet,,,N,02,Advance Warning Area,03,Work on Shoulder or Median,No
Property Damage Crashes,DS0524000C,University of Maryland Police College Park,Single Vehicle,Prince George's,,No,No,No,No,Yes,,,,No,True,No,2/18/2025,No,Point,38.990225526,-76.941637024,UMCP,101,16,03,,10,,10:00,2025,Tuesday,36,"Other Post, Pole, Or Support",02,In Parking Lane Or Zone,,,101,State,,,,,98,Other,2/18/2025,2025-02-18,,,F,N,101,Parking Aisle,,,01,No,,,,,,,,,,,,,,
Property Damage Crashes,DA351500D0,Prince George's County Police,Angle,Prince George's,Local,No,No,No,No,No,MORLEY RD,2418,COUNTY ROAD,No,True,No,2/28/2025,No,Point,38.963951799,-76.853205884,PGCOPD,01,16,03,No,7,03,07:40,2025,Friday,12,Motor Vehicle In Transport,05,On Roadway,7,Angled/Skewed,,,ANNAPOLIS RD,01,05,Intersection or Related,01,Daylight,2/28/2025,2025-02-28,S,0,F,N,,,569D6963A4153B896273BA297E125768208AE868E84B392D1811865002E559C7,CO,01,No,12,Motor Vehicle In Transport,05,On Roadway,01,Dry,02,Stop - All Way,,,,,,
Property Damage Crashes,DA3597004C,Prince George's County Police,"Sideswipe, Opposite Direction",Prince George's,Local,No,No,No,No,No,SAND CHERRY WAY,6919,COUNTY ROAD,Yes,True,No,3/1/2025,No,Point,38.736179565,-76.883390457,PGCOPD,06,16,03,No,21,,21:51,2025,Saturday,15,Parked Vehicle,05,On Roadway,7,,,,,,06,Non-Junction,03,Dark - Lighted,3/1/2025,2025-03-01,N,2.03,F,N,,,DE3896EE985B3CE20466D42D361BCAC7EB06DFA719B542CE1008DBFD82386644,CO,01,No,,,,,01,Dry,,,,,,,,
Property Damage Crashes,DA43350049,Prince George's County Police,"Sideswipe, Same Direction",Prince George's,,No,No,No,No,No,KAREN BLVD,1957,LOCAL ROAD,No,True,No,3/29/2025,No,Point,38.875486166,-76.888338774,PGCOPD,07,16,03,No,8,,08:00,2025,Saturday,12,Motor Vehicle In Transport,05,On Roadway,,,,,,,06,Non-Junction,01,Daylight,3/29/2025,2025-03-29,N,13.48,F,N,,,BAA56C1E16BAA6A82FFDB834D861E16A073DE18815B8EE9E3B0D42F6B82D2160,LL,01,No,,,,,01,Dry,,,,,,,,
Property Damage Crashes,GC93790002,Glenarden Police Department,Front to Rear,Prince George's,Principal Arterial – Other,No,No,No,No,No,MARTIN LUTHER KING JR HWY,704,MARYLAND ROUTE,No,True,No,4/27/2025,No,Point,38.932510425,-76.866839045,GLENARDEN,03,16,03,Yes,23,04,23:57,2025,Sunday,12,Motor Vehicle In Transport,05,On Roadway,3,Perpendicular,,,GLENARDEN PKWY,03,05,Intersection or Related,03,Dark - Lighted,4/27/2025,2025-04-27,N,0,F,N,,,C58D9437C06767B26BDA66C244694B0841CEED96BBBE9F50593D880E85858213,MD,01,No,12,Motor Vehicle In Transport,05,On Roadway,01,Dry,01,Signalized,,,,,,
Property Damage Crashes,DA4301003X,Prince George's County Police,Angle,Prince George's,Minor Arterial,No,No,No,No,No,LIVINGSTON RD,1202,COUNTY ROAD,No,True,No,4/10/2025,No,Point,38.684050696,-76.982579225,PGCOPD,01,16,03,No,8,,08:03,2025,Thursday,12,Motor Vehicle In Transport,05,On Roadway,4,,,,,,06,Non-Junction,01,Daylight,4/10/2025,2025-04-10,S,1398.33,F,N,,,BD669396648BEEA7ED6988012690337FA494D956E2DF6278A980D0985C3CCEC3,CO,01,No,,,,,01,Dry,,,,,,,,
Property Damage Crashes,DA4293004P,Prince George's County Police,Other,Prince George's,Principal Arterial – Other,No,No,No,No,No,RIVERDALE RD,410,MARYLAND ROUTE,No,True,No,2/13/2025,No,Point,38.961155872,-76.906528932,PGCOPD,98,16,03,No,0,,00:18,2025,Thursday,12,Motor Vehicle In Transport,05,On Roadway,3,,,,EASTPINE DR,,06,Non-Junction,03,Dark - Lighted,2/13/2025,2025-02-13,S,13.66,F,N,,,33AF6D673A9B76FB4C561D669E5BECDD1D4180FE6B4CCECB626D5ED76A04E95B,MD,01,No,,,,,09,Wet,,,,,,,,
Property Damage Crashes,DA4379001V,Prince George's County Police,Front to Rear,Prince George's,Major Collector,No,No,No,No,No,METZEROTT RD,230,COUNTY ROAD,Yes,True,No,5/18/2025,No,Point,39.004161846,-76.980465997,PGCOPD,03,16,03,Yes,6,,06:20,2025,Sunday,12,Motor Vehicle In Transport,05,On Roadway,5,,,,,,01,Acceleration/Deceleration Lane,03,Dark - Lighted,5/18/2025,2025-05-18,N,17.67,F,N,,,5D4B43C59D46D3B8267B5CF9DE6D12EA9012BC330E83793EC612381A4EBAB3EA,CO,01,No,,,,,01,Dry,,,,,,,,
Property Damage Crashes,RD0134000Z,Riverdale Park Police Department,Front to Rear,Prince George's,,No,No,No,No,Yes,,,,No,True,No,2/8/2025,No,Point,38.963770428,-76.920102821,RIVERDALE,03,16,03,,14,,14:41,2025,Saturday,12,Motor Vehicle In Transport,04,"Off-Roadway, Location Unknown",,,,,,,,,01,Daylight,2/8/2025,2025-02-08,,,F,N,102,Parking Lot Way,,,01,No,,,,,,,,,,,,,,
Property Damage Crashes,MSP7765006F,Maryland State Police,"Sideswipe, Opposite Direction",Prince George's,Principal Arterial – Other,No,No,No,No,No,CRAIN HWY,301,UNITED STATE ROUTE,No,True,No,2/21/2025,No,Point,38.813650435,-76.738580757,MSP,06,16,03,No,1,,01:17,2025,Friday,12,Motor Vehicle In Transport,05,On Roadway,3,,,,,,09,Through Roadway,03,Dark - Lighted,2/21/2025,2025-02-21,E,109.35,F,N,,,57F21DAAD952D3E71B18271ED38F9B5A7C589DAAA4F060A5E20A898C0A7E6C8A,US,01,No,,,,,01,Dry,,,,,,,,
Property Damage Crashes,DA393200HN,Prince George's County Police,Front to Rear,Prince George's,Local,No,No,No,No,No,KNOX RD,670,MUNICIPAL ROAD,No,True,No,4/30/2025,No,Point,38.980942734,-76.938218893,PGCOPD,03,16,03,No,1,,01:00,2025,Wednesday,12,Motor Vehicle In Transport,05,On Roadway,7,,,,,,09,Through Roadway,03,Dark - Lighted,4/30/2025,2025-04-30,S,24.39,F,N,,,75EBA35F0DD350FD191D42D37304E98F2E01EC5D382C6D8FA97731AE40D0599F,MU,01,No,,,,,01,Dry,,,,,,,,
Property Damage Crashes,DA4358002W,Prince George's County Police,Front to Rear,Prince George's,,No,No,No,No,No,,122,COUNTY ROAD,No,True,No,4/28/2025,No,Point,38.805694213,-76.963515194,PGCOPD,03,16,03,No,14,,14:43,2025,Monday,12,Motor Vehicle In Transport,05,On Roadway,,,,,GLEN ROCK AVE,,06,Non-Junction,01,Daylight,4/28/2025,2025-04-28,E,17.73,F,N,,,DE261057B2EC748F95ED29BF8DFC8841F19F1AC7FDB34B07DDF5A3D3721FE1CA,CO,01,No,,,,,01,Dry,,,,,,,,
Property Damage Crashes,DA44300010,Prince George's County Police,Front to Rear,Prince George's,Principal Arterial – Other,No,No,No,No,No,MARTIN LUTHER KING JR HWY (WB/L),704,MARYLAND ROUTE,No,True,No,4/30/2025,No,Point,38.906759467,-76.895511833,PGCOPD,03,16,03,No,21,,21:15,2025,Wednesday,12,Motor Vehicle In Transport,05,On Roadway,3,,,,,,09,Through Roadway,03,Dark - Lighted,4/30/2025,2025-04-30,S,9.06,F,N,,,215B703BF03FB9ECF8A38DED9B2CE0CDBFBCC5948AFFBCC6D6843D4FC5FDCC58,MD,01,No,,,,,01,Dry,,,,,,,,
Property Damage Crashes,DA43740038,Prince George's County Police,Front to Front,Prince George's,Local,No,No,No,No,No,96TH AVE,1072,COUNTY ROAD,No,True,No,2/13/2025,No,Point,38.974973096,-76.841705525,PGCOPD,02,16,03,No,10,,10:36,2025,Thursday,12,Motor Vehicle In Transport,05,On Roadway,7,,,,,,09,Through Roadway,01,Daylight,2/13/2025,2025-02-13,N,27.78,F,N,,,E2588F7A1EA86917B856323820BC473CF3260B70413ACFA473927525C9AB5732,CO,01,No,,,,,09,Wet,,,,,,,,
Property Damage Crashes,DA43280037,Prince George's County Police,Front to Front,Prince George's,Principal Arterial – Other,No,No,No,No,No,OXON HILL RD (WB/L),414,MARYLAND ROUTE,No,True,No,3/27/2025,No,Point,38.803585299,-76.987619181,PGCOPD,02,16,03,No,8,,08:44,2025,Thursday,12,Motor Vehicle In Transport,05,On Roadway,3,,,,,,06,Non-Junction,01,Daylight,3/27/2025,2025-03-27,W,48.39,F,N,,,1CD11E9FE34CA7D6185CFA0DFD13BA125812D003C3628EC808C67031FB24CFA8,MD,01,No,,,,,01,Dry,,,,,,,,
Property Damage Crashes,DA3726009W,Prince George's County Police,Rear To Side,Prince George's,,No,No,No,No,Yes,,,,No,True,No,1/30/2025,No,Point,38.938863971,-76.922449405,PGCOPD,05,16,03,,8,,08:55,2025,Thursday,12,Motor Vehicle In Transport,04,"Off-Roadway, Location Unknown",,,,,,,,,01,Daylight,1/30/2025,2025-01-30,,,F,N,102,Parking Lot Way,,,01,No,,,,,,,,,,,,,,
Property Damage Crashes,DA38370028,Prince George's County Police,"Sideswipe, Opposite Direction",Prince George's,Local,No,No,No,No,No,CLOVIS AVE,1627,COUNTY ROAD,No,True,No,2/13/2025,No,Point,38.874378026,-76.929537394,PGCOPD,06,16,03,Yes,18,,18:00,2025,Thursday,12,Motor Vehicle In Transport,05,On Roadway,7,,,,,,09,Through Roadway,03,Dark - Lighted,2/13/2025,2025-02-13,N,4.73,F,N,,,AD3E2C21B32E2341A42DB77475DF9313517991B579501670A4CB8C3FB1BF9D3D,CO,01,No,,,,,01,Dry,,,,,,,,
Property Damage Crashes,CE45870080,Laurel Police Department,Other,Prince George's,,No,No,No,No,Yes,,,,No,True,No,1/10/2025,No,Point,39.094198048,-76.855899499,LAUREL,98,16,03,,13,,13:44,2025,Friday,15,Parked Vehicle,02,In Parking Lane Or Zone,,,,,,,,,01,Daylight,1/10/2025,2025-01-10,,,F,N,100,Parking Stall,,,02,"Yes, School Bus Directly Involved",,,,,,,,,,,,,,
Property Damage Crashes,CO0099000Q,Cottage City Police Department,"Sideswipe, Same Direction",Prince George's,Local,No,Yes,No,No,No,PARKWOOD ST,40,MUNICIPAL ROAD,No,True,No,1/7/2025,No,Point,38.9376254,-76.9501175,COTTAGECITY,07,16,03,No,15,,15:40,2025,Tuesday,15,Parked Vehicle,02,In Parking Lane Or Zone,7,,101,State,,,99,Unknown,01,Daylight,1/7/2025,2025-01-07,W,21.14,F,N,,,220B8C4DF6DBF4FBCA21FD10D705BFF739F7A7A386E28B833F4CBE963AB7E671,MU,01,No,97,Not Applicable,,,02,Ice/Frost,,,,,,,,
Property Damage Crashes,MSP7765005X,Maryland State Police,Front to Rear,Prince George's,Principal Arterial – Other,No,No,No,No,No,CRAIN HWY,301,UNITED STATE ROUTE,No,True,No,2/4/2025,No,Point,38.946055167,-76.717769167,MSP,03,16,03,No,12,,12:59,2025,Tuesday,12,Motor Vehicle In Transport,05,On Roadway,3,,,,,,09,Through Roadway,01,Daylight,2/4/2025,2025-02-04,S,32.87,F,N,,,7D44D86D9310281777C44D84A693CF0A15FA6F210B177C682B9A82083064B683,US,01,No,,,,,01,Dry,,,,,,,,
Injury Crashes,CC0309000Q,Hyattsville Police Department,Front to Front,Prince George's,Major Collector,No,Yes,No,No,No,DECATUR ST #2,102,MUNICIPAL ROAD,No,True,No,2/3/2025,No,Point,38.950950366,-76.940698989,HYATTSVILLE,02,16,02,Yes,15,03,15:30,2025,Monday,12,Motor Vehicle In Transport,05,On Roadway,5,Angled/Skewed,,,BALTIMORE AVE,01,05,Intersection or Related,01,Daylight,2/3/2025,2025-02-03,S,0,F,N,,,4B86D9294F8E33B64D16F931886BE429173AB75B83D680ED544EBB87FC263CF1,MU,02,"Yes, School Bus Directly Involved",,,,,01,Dry,01,Signalized,,,,,,
Property Damage Crashes,MSP744200RL,Maryland State Police,"Sideswipe, Same Direction",Prince George's,Interstate,No,No,No,No,No,CAPITAL BELTWAY (SB/L),95,INTERSTATE ROUTE,No,True,No,2/28/2025,No,Point,38.990604049,-76.885297463,MSP,07,16,03,No,22,,22:56,2025,Friday,12,Motor Vehicle In Transport,05,On Roadway,1,,,,,,09,Through Roadway,04,Dark - Not Lighted,2/28/2025,2025-02-28,N,39.5,F,N,,,CAB51373D8F7AB9AD81BE77593FF6B1C8F57BFF8D9D178AABE18907FC642AD54,IS,01,No,12,Motor Vehicle In Transport,05,On Roadway,01,Dry,,,,,,,,
Property Damage Crashes,MSP697200FT,Maryland State Police,Front to Rear,Prince George's,Interstate,No,No,No,No,No,CAPITAL BELTWAY,95,INTERSTATE ROUTE,No,True,No,2/10/2025,No,Point,38.974271667,-76.870515,MSP,03,16,03,No,15,,15:13,2025,Monday,12,Motor Vehicle In Transport,05,On Roadway,1,,,,,,06,Non-Junction,01,Daylight,2/10/2025,2025-02-10,N,30.17,F,N,,,8FE656952417E2793B7E3C5C7B0D1018C58DD956ED64A147F70C34E9C21605EE,IS,01,No,,,,,01,Dry,,,,,,,,