Crash Severity Description,Reportnumber,Agencyname,CollisionImpact Description,Crash County Description,FunctionalClass Description,ImpairedCrash,Large Vehicle Involved,Motorcycle Crash,Non-Motorist Crash,OffRoad,RoadName,Route Number,RouteType Description,Unrestrained Occupants,WithinDateRange,Work Zone Related,Crashdate,Work Zone Crash,CrashPoint,Latitude,Longitude,AgencyCode,CollisionImpact,Crash County,Crash Severity,Crash Within Interchange,Crashhour,CrashInterchangeApproaches,Crashtime,CrashYear,Dayofweek,FirstHarmEvent,FirstHarmEvent Description,FirstHarmLocation,FirstHarmLocation Description,FunctionalClass,Geometry Description,GovPropertyDamage,GovPropertyDamage Description,IntersectingRoadName,Intersection Geometry,JunctionRelated,JunctionRelated Description,Light,Light Description,LOD Crash Date,LOD Date Level,MilepointDirection,MilepointDistance,MilepointUnits,NonTrafficFatal,OffroadLocation,OffroadLocation Description,RoadID,RouteType,SchoolBusRelated,SchoolBusRelated Description,SecondHarmEvent,SecondHarmEvent Description,SecondHarmLocation,SecondHarmLocation Description,Surface,Surface Description,TrafficControl,Trafficcontrol Description,WZLawEnforcementPresent,WZLocation,WZLocation Description,WZType,WZType Description,WZWorkersPresent
Property Damage Crashes,DJ0182002V,Seat Pleasant Police Department,Single Vehicle,Prince George's,Minor Arterial,No,No,No,No,No,SHERIFF RD,75,COUNTY ROAD,No,True,No,6/2/2025,No,Point,38.913535570,-76.867852786,SEATPLEASANT,101,16,03,No,14,,14:48,2025,Monday,30,Fence,99,Unknown,4,,,,,,06,Non-Junction,01,Daylight,6/2/2025,2025-06-02,E,29.49,F,N,,,31CDC979FF23F26BF8F1429AE0084D3ED3768C3582FCB82DEF3F6422B9019BDC,CO,01,No,,,,,01,Dry,,,,,,,,
Property Damage Crashes,DA35160072,Prince George's County Police,Front to Front,Prince George's,Major Collector,No,No,No,No,No,SURRATTS RD,130,COUNTY ROAD,No,True,No,5/13/2025,No,Point,38.742159849,-76.868645468,PGCOPD,02,16,03,No,8,,08:12,2025,Tuesday,12,Motor Vehicle In Transport,99,Unknown,5,,,,,,99,Unknown,01,Daylight,5/13/2025,2025-05-13,N,19.68,F,N,,,A025F23DDB7ED529B5D551DF3D9C91A7A285E64E233D6C3F75CA65B0FFD7417F,CO,01,No,,,,,09,Wet,,,,,,,,
Property Damage Crashes,AM03910022,Bladensburg Police Department,Front to Rear,Prince George's,Principal Arterial – Other,No,No,No,No,No,ANNAPOLIS RD,450,MARYLAND ROUTE,No,True,No,4/9/2025,No,Point,38.939618655,-76.929905531,BLADENSBURG,03,16,03,No,7,,07:39,2025,Wednesday,12,Motor Vehicle In Transport,05,On Roadway,3,,,,,,09,Through Roadway,01,Daylight,4/9/2025,2025-04-09,S,12.08,F,N,,,2635CE6885B11A174CA760D3780245DBBA876590CB9F8DC3D7206DC74C0F0FB6,MD,01,No,,,,,01,Dry,,,,,,,,
Property Damage Crashes,DA4359001M,Prince George's County Police,Angle,Prince George's,Minor Arterial,No,No,No,No,No,POWDER MILL RD,212,MARYLAND ROUTE,No,True,No,4/17/2025,No,Point,39.036758354,-76.909725173,PGCOPD,01,16,03,No,17,,17:28,2025,Thursday,12,Motor Vehicle In Transport,05,On Roadway,4,,,,QUEEN ANNE AVE,,06,Non-Junction,01,Daylight,4/17/2025,2025-04-17,S,5.12,F,N,,,F155CA3421C08133DDCAFFAF863B6B020276AC585A721FCD37CE5A7FE98E7250,MD,01,No,,,,,01,Dry,,,,,,,,
Property Damage Crashes,CE450600P3,Laurel Police Department,Front to Rear,Prince George's,Principal Arterial – Other,No,No,No,No,No,SANDY SPRING RD (WB/L),198,MARYLAND ROUTE,No,True,No,4/3/2025,No,Point,39.101610887,-76.862783662,LAUREL,03,16,03,No,23,,23:08,2025,Thursday,12,Motor Vehicle In Transport,05,On Roadway,3,,,,TENTH ST,,06,Non-Junction,03,Dark - Lighted,4/3/2025,2025-04-03,N,4.16,F,N,,,78053F5ED15E9D51C9C2E94E95998D0367E8CE15FA20A8D21CECD96DFC4B3A94,MD,01,No,,,,,01,Dry,,,,,,,,
Injury Crashes,MSP738100C4,Maryland State Police,Front to Front,Prince George's,Local,No,No,No,No,No,BEECH TREE PKWY (EB/L),6872,COUNTY ROAD,Yes,True,No,4/4/2025,No,Point,38.852211972,-76.726109439,MSP,02,16,02,No,12,04,12:10,2025,Friday,12,Motor Vehicle In Transport,05,On Roadway,7,Perpendicular,,,CRAIN HWY (SB/L) SWANSON RD,03,05,Intersection or Related,01,Daylight,4/4/2025,2025-04-04,W,0,F,N,,,C7A34C7815171B4E6B18F8EE98E40039B304230625364B8A1AD9F33BB10EA8B5,CO,01,No,12,Motor Vehicle In Transport,05,On Roadway,01,Dry,02,Stop - All Way,,,,,,
Property Damage Crashes,DA4251006V,Prince George's County Police,Single Vehicle,Prince George's,,No,Yes,No,No,No,,204,SPUR,No,True,No,5/2/2025,No,Point,38.962310769,-76.833239047,PGCOPD,101,16,03,Yes,14,,14:50,2025,Friday,36,"Other Post, Pole, Or Support",09,Roadside,,,,,,,09,Through Roadway,01,Daylight,5/2/2025,2025-05-02,N,52.36,F,N,,,AF7DFA42E5E1C757B9F11A74D15F658EAE028B296AA1B1E10154E1EA1A2347CE,SP,01,No,,,,,01,Dry,,,,,,,,
Property Damage Crashes,DA43460020,Prince George's County Police,Angle,Prince George's,Local,No,No,No,No,No,DRUM AVE,1619,COUNTY ROAD,No,True,No,3/31/2025,No,Point,38.876470810,-76.925735310,PGCOPD,01,16,03,Yes,1,04,01:43,2025,Monday,12,Motor Vehicle In Transport,05,On Roadway,7,Perpendicular,,,GUNTHER ST,03,05,Intersection or Related,03,Dark - Lighted,3/31/2025,2025-03-31,E,0,F,N,,,605BEDDBCE5E23B17F2C8B672CD0E55829F12B3934DC924312A2A852BA2114D7,CO,01,No,,,,,01,Dry,03,Stop - Partial,,,,,,
Property Damage Crashes,MSP675100L6,Maryland State Police,Front to Rear,Prince George's,Interstate,No,No,No,No,No,RAMP 8 FR IS 95 SB TO MD 295 WB,95,RAMP,No,True,No,4/27/2025,No,Point,38.994754218,-76.888928530,MSP,03,16,03,No,23,,23:33,2025,Sunday,12,Motor Vehicle In Transport,05,On Roadway,1,,,,,,06,Non-Junction,04,Dark - Not Lighted,4/27/2025,2025-04-27,N,8.64,F,N,,,3F84B82277BA4B281E432540C238FDE8267DA4DF17BBDD247753021E76C5F59F,RP,01,No,,,,,01,Dry,,,,,,,,
Property Damage Crashes,MSP78390037,Maryland State Police,Front to Rear,Prince George's,Principal Arterial – Other,No,No,No,No,No,RAMP 1 FR MD 202 NB TO MD 214 WB,202,RAMP,No,True,No,3/17/2025,No,Point,38.899439519,-76.831962505,MSP,03,16,03,No,11,,11:01,2025,Monday,12,Motor Vehicle In Transport,05,On Roadway,3,,,,,,06,Non-Junction,01,Daylight,3/17/2025,2025-03-17,S,9.76,F,N,,,F6C4835C7D175A3AF4EC2AD7BFCA5444CE59961453D6C462F29BF549C08493FD,RP,01,No,,,,,01,Dry,,,,,,,,
Property Damage Crashes,DA4389002X,Prince George's County Police,"Sideswipe, Same Direction",Prince George's,Local,No,No,No,No,No,GUILFORD RD,694,COUNTY ROAD,No,True,No,5/29/2025,No,Point,38.981235618,-76.977972010,PGCOPD,07,16,03,No,0,,00:12,2025,Thursday,12,Motor Vehicle In Transport,05,On Roadway,7,,,,,,09,Through Roadway,03,Dark - Lighted,5/29/2025,2025-05-29,E,28.41,F,N,,,19FAA772A940414E2EFF6098E56657FBA27A8EC04AC4C36D9CE27BA3677DF14E,CO,01,No,,,,,09,Wet,,,,,,,,
Property Damage Crashes,MSP745300BR,Maryland State Police,Front to Rear,Prince George's,Interstate,No,No,No,No,No,CAPITAL BELTWAY,95,INTERSTATE ROUTE,No,True,No,5/7/2025,No,Point,38.988353177,-76.882953476,MSP,03,16,03,No,16,,16:13,2025,Wednesday,12,Motor Vehicle In Transport,05,On Roadway,1,,,,,,06,Non-Junction,01,Daylight,5/7/2025,2025-05-07,S,23.31,F,N,,,A6C8DC3284FE7E08B3FBF8D7F1B618E6F9CD50ABD48934B19432625DB7D3FC1B,IS,01,No,12,Motor Vehicle In Transport,05,On Roadway,01,Dry,,,,,,,,
Property Damage Crashes,BP1147000V,Forest Heights Police Department,Front to Rear,Prince George's,Minor Arterial,No,No,No,No,No,INDIAN HEAD HWY,210,MARYLAND ROUTE,No,True,No,3/5/2025,No,Point,38.821148995,-77.001152943,FORESTHEIGHTS,03,16,03,No,18,,18:46,2025,Wednesday,12,Motor Vehicle In Transport,05,On Roadway,4,,,,,,09,Through Roadway,03,Dark - Lighted,3/5/2025,2025-03-05,N,40.19,F,N,,,9BA6CD93A0E40B1E776F36D3F90A4CB66125FC6625F1B93912661FA7389B00D0,MD,01,No,,,,,09,Wet,,,,,,,,
Property Damage Crashes,DA3372003Q,Prince George's County Police,"Sideswipe, Same Direction",Prince George's,Minor Arterial,No,No,No,No,No,PALMER RD,3645,COUNTY ROAD,No,True,No,2/28/2025,No,Point,38.766267640,-76.993740970,PGCOPD,07,16,03,No,8,,08:20,2025,Friday,12,Motor Vehicle In Transport,05,On Roadway,4,,,,,,06,Non-Junction,01,Daylight,2/28/2025,2025-02-28,E,27.35,F,N,,,C2481421C2093EA85712E575837C4BDDB2094CB4F114DC3F0305E985E63E4496,CO,01,No,,,,,01,Dry,,,,,,,,
Injury Crashes,BW02140016,Greenbelt Police Department,Angle,Prince George's,,No,No,No,No,Yes,,,,No,True,No,2/4/2025,No,Point,39.000803930,-76.910285732,GREENBELT,01,16,02,,17,,17:45,2025,Tuesday,12,Motor Vehicle In Transport,02,In Parking Lane Or Zone,,,,,,,,,101,Dusk,2/4/2025,2025-02-04,,,F,N,102,Parking Lot Way,,,01,No,,,,,,,,,,,,,,
Property Damage Crashes,MSP76640096,Maryland State Police,Front to Rear,Prince George's,Principal Arterial – Other,No,No,No,No,No,BRANCH AVE (SB/L),5,MARYLAND ROUTE,No,True,No,2/27/2025,No,Point,38.762035994,-76.881690037,MSP,03,16,03,No,18,,18:31,2025,Thursday,12,Motor Vehicle In Transport,05,On Roadway,3,,,,,,09,Through Roadway,04,Dark - Not Lighted,2/27/2025,2025-02-27,S,30,F,N,,,B2B076D888990249C4BEA3724D54E4EE179FC378F287AEAB15650C396EE9A4C9,MD,01,No,,,,,09,Wet,,,,,,,,
Injury Crashes,DA398700CY,Prince George's County Police,Angle,Prince George's,Minor Arterial,No,No,No,No,No,LAUREL BOWIE RD,197,MARYLAND ROUTE,No,True,No,5/31/2025,No,Point,39.037009745,-76.793564009,PGCOPD,01,16,02,No,7,,07:48,2025,Saturday,12,Motor Vehicle In Transport,05,On Roadway,4,,,,,,09,Through Roadway,01,Daylight,5/31/2025,2025-05-31,N,49.35,F,N,,,B3896297F8648CE06F93444E3D8EBF21CD78EAD2F19DDE39EF10261D2569FB48,MD,01,No,,,,,09,Wet,,,,,,,,
Property Damage Crashes,MSP65820161,Maryland State Police,Front to Rear,Prince George's,Interstate,No,No,No,No,No,CAPITAL BELTWAY (SB/L),95,INTERSTATE ROUTE,No,True,No,3/21/2025,No,Point,38.888641667,-76.84613,MSP,03,16,03,No,18,,18:45,2025,Friday,12,Motor Vehicle In Transport,05,On Roadway,1,,,,RAMP 6 FR MD 214 EB TO IS 95 SB,,09,Through Roadway,01,Daylight,3/21/2025,2025-03-21,E,55.9,F,N,,,C603535F12F2F38741EF339FC8F8289528696BC989EFE3E72ACC4A8E756E21AF,IS,01,No,,,,,01,Dry,,,,,,,,
Property Damage Crashes,DA43430030,Prince George's County Police,Single Vehicle,Prince George's,Local,No,No,No,No,No,MALLARD DR,3438,COUNTY ROAD,No,True,No,3/27/2025,No,Point,39.055556361,-76.835379634,PGCOPD,101,16,03,No,18,,18:49,2025,Thursday,41,Utility Pole/Light Support,09,Roadside,7,,,,,,06,Non-Junction,01,Daylight,3/27/2025,2025-03-27,W,16.03,F,N,,,204FD5C7FBED4D2A14763BD6F3E1217F4FEC0168C2A17210F793A28BD2CE431E,CO,01,No,,,,,01,Dry,,,,,,,,
Property Damage Crashes,CBPD0124000V,Bowie Police Department,Angle,Prince George's,Minor Collector,No,No,No,No,No,TULIP GROVE DR,3010,MUNICIPAL ROAD,No,True,No,2/21/2025,No,Point,38.966743535,-76.749600068,BOWIE,01,16,03,No,8,,08:39,2025,Friday,15,Parked Vehicle,05,On Roadway,6,,,,,,06,Non-Junction,01,Daylight,2/21/2025,2025-02-21,N,11.48,F,N,,,86FDE4C7A83599401C73DACC33ADA6B8957416F960E9DCDA90BAEE7DB45924D7,MU,01,No,,,,,01,Dry,,,,,,,,
Property Damage Crashes,DA37790033,Prince George's County Police,Single Vehicle,Prince George's,Major Collector,No,No,No,No,No,CAMPUS WAY SOUTH (NB/L),4638,COUNTY ROAD,No,True,No,5/25/2025,No,Point,38.897640536,-76.822729761,PGCOPD,101,16,03,No,20,,20:00,2025,Sunday,27,Curb,03,Median,5,,,,NO NAME,,06,Non-Junction,101,Dusk,5/25/2025,2025-05-25,E,50.42,F,N,,,E8D88F8B604104CADDAF8DA97C61E4A0EFB5B0C42B0731DF558BA99D849C5E16,CO,01,No,,,,,01,Dry,,,,,,,,
Property Damage Crashes,DA406900B4,Prince George's County Police,Front to Rear,Prince George's,Principal Arterial – Other,No,No,No,No,No,BALTIMORE AVE (SB/L),1,UNITED STATE ROUTE,No,True,No,4/19/2025,No,Point,38.980876734,-76.938231818,PGCOPD,03,16,03,Yes,19,02,19:33,2025,Saturday,12,Motor Vehicle In Transport,05,On Roadway,3,Perpendicular,,,KNOX RD,03,05,Intersection or Related,03,Dark - Lighted,4/19/2025,2025-04-19,E,0,F,N,,,5EA2165981F445D22213C0D672FB146359212C4E268DBA37481058924E442F7F,US,01,No,,,,,01,Dry,01,Signalized,,,,,,
Property Damage Crashes,DA3057009N,Prince George's County Police,"Sideswipe, Same Direction",Prince George's,Local,No,Yes,No,No,No,WINSLOW RD,1392,COUNTY ROAD,No,True,No,2/21/2025,No,Point,38.782055376,-77.002344934,PGCOPD,07,16,03,No,15,,15:00,2025,Friday,15,Parked Vehicle,05,On Roadway,7,,,,,,06,Non-Junction,01,Daylight,2/21/2025,2025-02-21,S,3.81,F,N,,,6650019F86485575AD18B209BD478BD5D11981DF7548BDF0F319782391639C0B,CO,02,"Yes, School Bus Directly Involved",,,,,01,Dry,,,,,,,,
Property Damage Crashes,DA43940019,Prince George's County Police,Angle,Prince George's,Minor Arterial,No,No,No,No,No,LAUREL BOWIE RD,197,MARYLAND ROUTE,No,True,No,4/26/2025,No,Point,39.047496198,-76.819356511,PGCOPD,01,16,03,No,15,,15:15,2025,Saturday,12,Motor Vehicle In Transport,05,On Roadway,4,,,,,,06,Non-Junction,01,Daylight,4/26/2025,2025-04-26,W,146.26,F,N,,,8583EC9EDE7912880BDF40E8302E277B08E3E2F3123E357814B23AB0C540073E,MD,01,No,,,,,09,Wet,,,,,,,,
Property Damage Crashes,BW01910024,Greenbelt Police Department,Single Vehicle,Prince George's,Principal Arterial – Other,No,No,No,No,No,GREENBELT RD (WB/L),193,MARYLAND ROUTE,No,True,No,3/17/2025,No,Point,38.995142793,-76.882155752,GREENBELT,101,16,03,No,8,03,08:24,2025,Monday,38,Traffic Sign Support,03,Median,3,Perpendicular,,,SOUTHWAY,03,05,Intersection or Related,01,Daylight,3/17/2025,2025-03-17,E,0,F,N,,,D0D998B988E350172F1DB894A8EF1DAE18E817A887C4118FFE18D456BAC1CC25,MD,01,No,,,,,01,Dry,01,Signalized,,,,,,
Property Damage Crashes,DA44240009,Prince George's County Police,Angle,Prince George's,Principal Arterial – Other,No,Yes,No,No,No,MARTIN LUTHER KING JR HWY,704,MARYLAND ROUTE,Yes,True,No,1/21/2025,No,Point,38.918264932,-76.880215349,PGCOPD,01,16,03,No,15,,15:24,2025,Tuesday,12,Motor Vehicle In Transport,05,On Roadway,3,,,,,,06,Non-Junction,01,Daylight,1/21/2025,2025-01-21,N,28.13,F,N,,,9F36E6BBA90AEADB2C1DE6B6E47E92756603C5362D6C724F1D4BD9C5B35C7BBA,MD,01,No,12,Motor Vehicle In Transport,05,On Roadway,01,Dry,,,,,,,,
Property Damage Crashes,MSP7657007Z,Maryland State Police,Angle,Prince George's,Principal Arterial – Other Freeways and Expressways,No,No,No,No,No,SUITLAND PKWY (SB/L),337,MARYLAND ROUTE,Yes,True,Yes,4/17/2025,Yes,Point,38.829875999,-76.856840095,MSP,01,16,03,No,16,03,16:02,2025,Thursday,12,Motor Vehicle In Transport,05,On Roadway,2,Angled/Skewed,,,PENNSYLVANIA AVE (SB/L),01,05,Intersection or Related,01,Daylight,4/17/2025,2025-04-17,W,0,F,N,,,D89BD81B449FA73FA15526FD4EF8FA561F7536D20CC42D3E8B76D5CB0377A592,MD,01,No,,,,,01,Dry,01,Signalized,N,04,Activity Area,01,Lane Closure,No
Property Damage Crashes,MSP78390041,Maryland State Police,Angle,Prince George's,Interstate,No,No,No,No,No,CAPITAL BELTWAY,95,INTERSTATE ROUTE,No,True,No,4/12/2025,No,Point,38.813448333,-76.959065,MSP,01,16,03,No,11,,11:48,2025,Saturday,12,Motor Vehicle In Transport,05,On Roadway,1,,101,State,,,09,Through Roadway,01,Daylight,4/12/2025,2025-04-12,N,43.57,F,N,,,35CA87625A2D747CD8832643331F2D4EEB54159FDA741542BC5CE77103064B92,IS,01,No,,,,,01,Dry,,,,,,,,
Property Damage Crashes,DA42040093,Prince George's County Police,Front to Rear,Prince George's,,No,No,No,No,No,,105,COUNTY ROAD,No,True,No,3/13/2025,No,Point,39.008268004,-76.973014249,PGCOPD,03,16,03,No,11,,11:30,2025,Thursday,12,Motor Vehicle In Transport,05,On Roadway,,,,,,,06,Non-Junction,01,Daylight,3/13/2025,2025-03-13,S,7.9,F,N,,,5C99CE3D40094F15D45F1A728335538B3B05C85D30CCE6C6667559E80D5A15A0,CO,01,No,,,,,01,Dry,,,,,,,,
Property Damage Crashes,DA2777003P,Prince George's County Police,Single Vehicle,Prince George's,Local,No,Yes,No,No,No,CAMPUS DR (WB/L),193,MARYLAND ROUTE,No,True,Yes,2/6/2025,Yes,Point,38.985621345,-76.955501561,PGCOPD,101,16,03,Yes,9,02,09:49,2025,Thursday,33,Impact Attenuator/Crash Cushion,06,"On Shoulder, Left Side",7,Perpendicular,101,State,ADELPHI RD (NB/L),03,05,Intersection or Related,01,Daylight,2/6/2025,2025-02-06,W,0,F,N,,,AFE0DD058024138123F9789F905C3CC4090B37EA3E8FF550A8B22AE6DEF349AC,MD,01,No,25,Concrete Traffic Barrier,03,Median,01,Dry,01,Signalized,Y,03,Transition Area,01,Lane Closure,Yes
Property Damage Crashes,DA4335003W,Prince George's County Police,"Sideswipe, Same Direction",Prince George's,Local,No,No,No,No,No,BILLINGS AVE,260,COUNTY ROAD,No,True,No,1/18/2025,No,Point,38.869410956,-76.934804396,PGCOPD,07,16,03,No,0,,00:15,2025,Saturday,15,Parked Vehicle,05,On Roadway,7,,,,,,06,Non-Junction,03,Dark - Lighted,1/18/2025,2025-01-18,N,166.34,F,N,,,027880E4F3477039107B057217E92EF39BFDDF2C19F208E66E10A2AFDD66CE0F,CO,01,No,,,,,01,Dry,,,,,,,,
Injury Crashes,DA4428000P,Prince George's County Police,Single Vehicle,Prince George's,,No,No,No,Yes,No,,492,PRIVATE ROAD,No,True,No,3/17/2025,No,Point,38.992284947,-76.832586634,PGCOPD,101,16,02,No,16,,16:41,2025,Monday,17,Pedestrian,05,On Roadway,,,,,,,09,Through Roadway,01,Daylight,3/17/2025,2025-03-17,W,29.95,F,N,,,CF65D62FB78DCF2BA3DC4AF9CAD4CE33181B6BF7BC2512786A81FB41E0713508,PV,01,No,12,Motor Vehicle In Transport,05,On Roadway,01,Dry,,,,,,,,
Property Damage Crashes,DA4308004B,Prince George's County Police,Angle,Prince George's,Major Collector,No,No,No,No,No,BRINKLEY RD,122,COUNTY ROAD,No,True,No,2/7/2025,No,Point,38.797030482,-76.954738878,PGCOPD,01,16,03,No,12,,12:23,2025,Friday,12,Motor Vehicle In Transport,05,On Roadway,5,,,,,,06,Non-Junction,01,Daylight,2/7/2025,2025-02-07,N,2555.94,F,N,,,5DCD5A9D6F1BB6EAA222AE38E977F2B14BC50D42D8B938563BC65AC7B70BF604,CO,01,No,,,,,01,Dry,,,,,,,,
Property Damage Crashes,MSP726800H8,Maryland State Police,Front to Rear,Prince George's,Interstate,No,No,No,No,No,CAPITAL BELTWAY,95,INTERSTATE ROUTE,No,True,No,3/1/2025,No,Point,38.858456667,-76.850965,MSP,03,16,03,No,22,,22:10,2025,Saturday,12,Motor Vehicle In Transport,05,On Roadway,1,,,,,,06,Non-Junction,04,Dark - Not Lighted,3/1/2025,2025-03-01,W,28.66,F,N,,,8330155A236F8537B7698E134D161A5C384A5AC078B698D04C10C5CEA6E05E4C,IS,01,No,,,,,01,Dry,,,,,,,,
Property Damage Crashes,DA43010046,Prince George's County Police,Angle,Prince George's,Local,No,No,No,No,No,PISCATAWAY DR,2924,COUNTY ROAD,No,True,No,5/24/2025,No,Point,38.711938138,-76.993482871,PGCOPD,01,16,03,No,12,,12:53,2025,Saturday,12,Motor Vehicle In Transport,05,On Roadway,7,,,,OLD FORT RD WARBURTON LA,,06,Non-Junction,01,Daylight,5/24/2025,2025-05-24,S,92.29,F,N,,,CB83D41FEACCD456FB4E5B801324FF203FD6AAB6AFD885BF2B07A235B8ADBAD3,CO,01,No,,,,,01,Dry,,,,,,,,
Property Damage Crashes,DS0415001V,University of Maryland Police College Park,Rear To Side,Prince George's,Principal Arterial – Other,No,Yes,No,No,No,BALTIMORE AVE,1,UNITED STATE ROUTE,Yes,True,No,4/23/2025,No,Point,38.980463130,-76.937767035,UMCP,05,16,03,No,13,,13:30,2025,Wednesday,12,Motor Vehicle In Transport,05,On Roadway,3,,,,,,03,Driveway Access or Related,01,Daylight,4/23/2025,2025-04-23,W,24.24,F,N,,,3E163786C69CF9F1FA73649923A98D810B2DA51E51D30C154F5B8C5D33F168CF,US,01,No,,,,,01,Dry,,,,,,,,
Property Damage Crashes,MSP77650088,Maryland State Police,Front to Rear,Prince George's,Interstate,No,No,No,No,No,CAPITAL BELTWAY,95,INTERSTATE ROUTE,No,True,No,5/27/2025,No,Point,38.817913333,-76.941083333,MSP,03,16,03,No,15,,15:09,2025,Tuesday,12,Motor Vehicle In Transport,05,On Roadway,1,,,,,,09,Through Roadway,01,Daylight,5/27/2025,2025-05-27,S,44.72,F,N,,,6868CBB88C406AC53C3BA032A88A4B30BCF1357BAAFE06AEEF5FFE5E1558AAC9,IS,01,No,,,,,01,Dry,,,,,,,,
Injury Crashes,MSP7875001M,Maryland State Police,Front to Rear,Prince George's,Interstate,No,No,No,No,No,CAPITAL BELTWAY,95,INTERSTATE ROUTE,No,True,No,1/27/2025,No,Point,38.819478939,-76.927182467,MSP,03,16,02,No,18,,18:23,2025,Monday,12,Motor Vehicle In Transport,05,On Roadway,1,,,,,,06,Non-Junction,04,Dark - Not Lighted,1/27/2025,2025-01-27,E,39.43,F,N,,,28A6C9E51608B1E027B6FE425C2A129DEC07A988BA570B79DBBDD9FE654D6843,IS,01,No,,,,,01,Dry,,,,,,,,
Property Damage Crashes,DA43550038,Prince George's County Police,Front to Rear,Prince George's,Local,No,No,No,No,No,ZACHERY ST,5411,COUNTY ROAD,No,True,No,5/26/2025,No,Point,38.901516868,-76.837709639,PGCOPD,03,16,03,Yes,16,04,16:15,2025,Monday,12,Motor Vehicle In Transport,05,On Roadway,7,Perpendicular,,,LARGO CENTER DR (NB/L),03,05,Intersection or Related,01,Daylight,5/26/2025,2025-05-26,S,0,F,N,,,F874369CACBBDEF2B8FFC4B3143A1A4477A85F56040BB082A4476FEEA47C1C4B,CO,01,No,,,,,01,Dry,02,Stop - All Way,,,,,,
Property Damage Crashes,DA3288002D,Prince George's County Police,Front to Front,Prince George's,Interstate,No,No,No,No,No,RAMP 4 FR IS 95 NB TO MD 450 EB,95,RAMP,No,True,No,2/26/2025,No,Point,38.959378387,-76.865132036,PGCOPD,02,16,03,No,19,,19:25,2025,Wednesday,12,Motor Vehicle In Transport,05,On Roadway,1,,,,,,04,Entrance/Exit Ramp or Related,03,Dark - Lighted,2/26/2025,2025-02-26,S,351.71,F,N,,,9116EBDCA060D1216F6F35C63B043413384D1772F58C1BC70FD908BE71911BEC,RP,01,No,12,Motor Vehicle In Transport,05,On Roadway,01,Dry,,,,,,,,
Property Damage Crashes,CE450600NY,Laurel Police Department,Other,Prince George's,Local,No,No,No,No,No,HAYNES RD,181,MUNICIPAL ROAD,No,True,No,1/11/2025,No,Point,39.105989295,-76.871391939,LAUREL,98,16,03,No,6,,06:41,2025,Saturday,15,Parked Vehicle,05,On Roadway,7,,,,,,06,Non-Junction,100,Dawn,1/11/2025,2025-01-11,S,32.28,F,N,,,77EEEF08721E890909F46F0ADF263B5D62CE8731AD47F77D5B6E4FA1E19F77E8,MU,01,No,,,,,06,Slush,,,,,,,,
Property Damage Crashes,DA4233007V,Prince George's County Police,Front to Front,Prince George's,Local,No,No,No,No,No,COVENTRY WAY,2525,COUNTY ROAD,No,True,No,3/19/2025,No,Point,38.782261025,-76.898646440,PGCOPD,02,16,03,Yes,17,04,17:00,2025,Wednesday,12,Motor Vehicle In Transport,05,On Roadway,7,Angled/Skewed,,,OLD BRANCH AVE,01,05,Intersection or Related,01,Daylight,3/19/2025,2025-03-19,W,0,F,N,,,B43571BA420F5CDBA336A14835A0B4A3D62621E5C916ED1F6C8E46A67797ED08,CO,01,No,,,,,01,Dry,01,Signalized,,,,,,
Property Damage Crashes,DA387800CL,Prince George's County Police,Single Vehicle,Prince George's,,No,No,No,No,Yes,,,,No,True,No,3/8/2025,No,Point,38.952582315,-76.811753863,PGCOPD,101,16,03,,21,,21:06,2025,Saturday,35,"Other Fixed Object (wall, building, tunnel, etc.)",02,In Parking Lane Or Zone,,,,,,,,,03,Dark - Lighted,3/8/2025,2025-03-08,,,F,N,102,Parking Lot Way,,,01,No,,,,,,,,,,,,,,
Injury Crashes,DA43080045,Prince George's County Police,Angle,Prince George's,Local,No,No,No,No,No,AUTH PL,3585,COUNTY ROAD,Yes,True,No,1/29/2025,No,Point,38.822811798,-76.918415739,PGCOPD,01,16,02,No,8,,08:45,2025,Wednesday,12,Motor Vehicle In Transport,05,On Roadway,7,,,,,,06,Non-Junction,01,Daylight,1/29/2025,2025-01-29,N,119.96,F,N,,,14366664966F48A53D2C4D5FDB14E85286C6A49BE32004922919561FDE178B75,CO,01,No,,,,,01,Dry,,,,,,,,
Injury Crashes,MSP745800P7,Maryland State Police,Other,Prince George's,,No,No,No,No,No,WOOD BRANCH CT,2840,LOCAL ROAD,No,True,No,2/7/2025,No,Point,38.874884519,-76.795003800,MSP,98,16,02,No,14,,14:38,2025,Friday,12,Motor Vehicle In Transport,05,On Roadway,,,,,,,01,Acceleration/Deceleration Lane,01,Daylight,2/7/2025,2025-02-07,N,9.91,F,N,,,49B633E349FD62C25503A4532397423DBBB63C39C51E428C2B70DFBD1CD0FAF3,LL,01,No,,,,,01,Dry,,,,,,,,
Property Damage Crashes,DA4407000K,Prince George's County Police,"Sideswipe, Same Direction",Prince George's,,No,Yes,No,No,No,,87,COUNTY ROAD,No,True,No,1/8/2025,No,Point,38.869228654,-76.856327327,PGCOPD,07,16,03,No,11,,11:29,2025,Wednesday,12,Motor Vehicle In Transport,05,On Roadway,,,,,,,06,Non-Junction,01,Daylight,1/8/2025,2025-01-08,S,25.49,F,N,,,4B0228BB27F3FE7FCA341D1E29285A90680087AD6129FC4FED10AA98242FEFB4,CO,01,No,,,,,06,Slush,,,,,,,,