Crash Severity Description,Reportnumber,Agencyname,CollisionImpact Description,Crash County Description,FunctionalClass Description,ImpairedCrash,Large Vehicle Involved,Motorcycle Crash,Non-Motorist Crash,OffRoad,RoadName,Route Number,RouteType Description,Unrestrained Occupants,WithinDateRange,Work Zone Related,Crashdate,Work Zone Crash,CrashPoint,Latitude,Longitude,AgencyCode,CollisionImpact,Crash County,Crash Severity,Crash Within Interchange,Crashhour,CrashInterchangeApproaches,Crashtime,CrashYear,Dayofweek,FirstHarmEvent,FirstHarmEvent Description,FirstHarmLocation,FirstHarmLocation Description,FunctionalClass,Geometry Description,GovPropertyDamage,GovPropertyDamage Description,IntersectingRoadName,Intersection Geometry,JunctionRelated,JunctionRelated Description,Light,Light Description,LOD Crash Date,LOD Date Level,MilepointDirection,MilepointDistance,MilepointUnits,NonTrafficFatal,OffroadLocation,OffroadLocation Description,RoadID,RouteType,SchoolBusRelated,SchoolBusRelated Description,SecondHarmEvent,SecondHarmEvent Description,SecondHarmLocation,SecondHarmLocation Description,Surface,Surface Description,TrafficControl,Trafficcontrol Description,WZLawEnforcementPresent,WZLocation,WZLocation Description,WZType,WZType Description,WZWorkersPresent
Property Damage Crashes,DA44180013,Prince George's County Police,Front to Rear,Prince George's,Principal Arterial – Other Freeways and Expressways,No,No,No,No,No,RAMP 4 FR MD 201 NB TO US 50 EB,50,RAMP,Yes,True,No,4/9/2025,No,Point,38.916988043,-76.932277573,PGCOPD,03,16,03,No,13,,13:25,2025,Wednesday,12,Motor Vehicle In Transport,05,On Roadway,2,,,,,,01,Acceleration/Deceleration Lane,01,Daylight,4/9/2025,2025-04-09,E,20.17,F,N,,,A3CFCE5DF9CBC3DB114624393A34C29FA3C0A570F019CAA5546DBE3D35ABA5D9,RP,01,No,,,,,01,Dry,,,,,,,,
Injury Crashes,DA4414000G,Prince George's County Police,Single Vehicle,Prince George's,,No,No,No,No,No,,304,SPUR,No,True,No,3/31/2025,No,Point,38.831363688,-76.941379114,PGCOPD,101,16,02,No,18,,18:41,2025,Monday,07,Overturn/Rollover,05,On Roadway,,,,,,,06,Non-Junction,01,Daylight,3/31/2025,2025-03-31,E,40.23,F,N,,,35988CB2D89F87C6A2435D631ECEC65E88EFF741C343B945EFA9EB429C159EBF,SP,01,No,,,,,01,Dry,,,,,,,,
Property Damage Crashes,AM0394000D,Bladensburg Police Department,Front to Rear,Prince George's,Local,No,No,No,No,No,58TH AVE,580,MUNICIPAL ROAD,No,True,No,1/28/2025,No,Point,38.947024332,-76.913150778,BLADENSBURG,03,16,03,No,7,,07:30,2025,Tuesday,12,Motor Vehicle In Transport,05,On Roadway,7,,,,,,09,Through Roadway,01,Daylight,1/28/2025,2025-01-28,N,12.79,F,N,,,7AFE4B7DF5588E5C87B67969C42D30AECE7DFFECBDF895ED32A73D3E6F2EA2B2,MU,01,No,,,,,01,Dry,,,,,,,,
Property Damage Crashes,DA4038007H,Prince George's County Police,Single Vehicle,Prince George's,Minor Arterial,No,No,No,No,No,BRANDYWINE RD,599,COUNTY ROAD,No,True,No,2/22/2025,No,Point,38.731376953,-76.895639347,PGCOPD,101,16,03,No,3,,03:48,2025,Saturday,34,Mailbox,05,On Roadway,4,,,,,,09,Through Roadway,03,Dark - Lighted,2/22/2025,2025-02-22,S,39.83,F,N,,,7184F1A748C5A6367DCC99FC0C3EC08C2CBCAE64AFB4BF41B7B671A66742AB3B,CO,01,No,,,,,01,Dry,,,,,,,,
Property Damage Crashes,DA3728009L,Prince George's County Police,Angle,Prince George's,Minor Collector,No,No,No,No,No,THRIFT RD,145,COUNTY ROAD,No,True,No,3/9/2025,No,Point,38.7192823,-76.9324733,PGCOPD,01,16,03,No,18,,18:01,2025,Sunday,12,Motor Vehicle In Transport,05,On Roadway,6,,,,,,99,Unknown,01,Daylight,3/9/2025,2025-03-09,W,37.28,F,N,,,CB37314D10B1172F76F5878A587E17E8A99D310C62142EFB11E7C745002C6E3C,CO,01,No,,,,,01,Dry,,,,,,,,
Property Damage Crashes,DA3877008W,Prince George's County Police,"Sideswipe, Same Direction",Prince George's,Principal Arterial – Other Freeways and Expressways,No,No,No,No,No,INDIAN HEAD HWY (SB/L),210,MARYLAND ROUTE,No,True,No,2/9/2025,No,Point,38.691549136,-76.989238263,PGCOPD,07,16,03,No,19,,19:08,2025,Sunday,12,Motor Vehicle In Transport,05,On Roadway,2,,,,,,06,Non-Junction,03,Dark - Lighted,2/9/2025,2025-02-09,N,43.01,F,N,,,A2E9CA34B3EA521BCB31A4CC1E59C9E770F626C32697BDB86E3DFCA4C9BB9304,MD,01,No,,,,,01,Dry,,,,,,,,
Property Damage Crashes,RD01350006,Riverdale Park Police Department,Rear To Side,Prince George's,Principal Arterial – Other,No,No,No,No,No,KENILWORTH AVE,201,MARYLAND ROUTE,No,True,No,1/11/2025,No,Point,38.958883867,-76.919993540,RIVERDALE,05,16,03,No,18,,18:50,2025,Saturday,12,Motor Vehicle In Transport,05,On Roadway,3,,,,RIVERDALE RD,,09,Through Roadway,03,Dark - Lighted,1/11/2025,2025-01-11,N,7.42,F,N,,,DFD862D8B5BC1EC0F783538D9EFB1F78BBDAEC106E594A9E01D7A85529876F35,MD,01,No,97,Not Applicable,,,01,Dry,,,,,,,,
Property Damage Crashes,DA4339002T,Prince George's County Police,Single Vehicle,Prince George's,Major Collector,No,No,No,No,No,CAPITAL GATEWAY DR (NB/L),5611,COUNTY ROAD,No,True,No,1/12/2025,No,Point,38.826505190,-76.908592444,PGCOPD,101,16,03,No,7,,07:34,2025,Sunday,36,"Other Post, Pole, Or Support",99,Unknown,5,,,,,,99,Unknown,01,Daylight,1/12/2025,2025-01-12,N,19.25,F,N,,,2695DA626050CEC1A324A77D870B380495F51C96046EDBF68A5E75BBE098EF13,CO,01,No,,,,,99,Unknown,,,,,,,,
Property Damage Crashes,DA3641009M,Prince George's County Police,Front to Rear,Prince George's,Local,No,No,No,No,No,14TH AVE,982,COUNTY ROAD,No,True,No,2/11/2025,No,Point,38.9945398,-76.9836821,PGCOPD,03,16,03,No,19,,19:33,2025,Tuesday,12,Motor Vehicle In Transport,05,On Roadway,7,,,,,,06,Non-Junction,03,Dark - Lighted,2/11/2025,2025-02-11,S,36.1,F,N,,,3982394007C10835456E387902412E1FD19BCA5037FCBE483884776F6763795F,CO,01,No,,,,,07,Snow,,,,,,,,
Property Damage Crashes,DA4332003D,Prince George's County Police,Front to Rear,Prince George's,Principal Arterial – Other,No,No,No,No,No,UNIVERSITY BLVD,193,MARYLAND ROUTE,No,True,No,4/8/2025,No,Point,39.001327642,-76.934204470,PGCOPD,03,16,03,No,16,,16:30,2025,Tuesday,12,Motor Vehicle In Transport,05,On Roadway,3,,,,,,06,Non-Junction,01,Daylight,4/8/2025,2025-04-08,E,39.98,F,N,,,76E153DCC2A542FA2E7BBD01505B2BD161E06DA7ED41FE676D9B56E246920253,MD,01,No,,,,,01,Dry,,,,,,,,
Property Damage Crashes,DA4263005P,Prince George's County Police,Single Vehicle,Prince George's,Principal Arterial – Other,No,No,No,No,No,UNIVERSITY BLVD,193,MARYLAND ROUTE,No,True,No,2/18/2025,No,Point,38.985924200,-76.982909798,PGCOPD,101,16,03,No,1,,01:10,2025,Tuesday,25,Concrete Traffic Barrier,03,Median,3,,,,,,09,Through Roadway,03,Dark - Lighted,2/18/2025,2025-02-18,W,17.25,F,N,,,96E43FB7F8EB7F99F9E3389F9ACA0EFE559133D7BEE3764AA9C0BF81935F00D8,MD,01,No,,,,,01,Dry,,,,,,,,
Property Damage Crashes,DA3654003R,Prince George's County Police,Front to Rear,Prince George's,,No,No,No,Yes,Yes,,,,Yes,True,No,1/22/2025,No,Point,39.074025787,-76.848563756,PGCOPD,03,16,03,,16,,16:20,2025,Wednesday,12,Motor Vehicle In Transport,05,On Roadway,,,,,,,,,01,Daylight,1/22/2025,2025-01-22,,,F,N,100,Parking Stall,,,01,No,12,Motor Vehicle In Transport,99,Unknown,,,,,,,,,,
Property Damage Crashes,MSP7839004G,Maryland State Police,Single Vehicle,Prince George's,Interstate,No,No,No,No,No,CAPITAL BELTWAY (SB/L),95,INTERSTATE ROUTE,No,True,No,4/20/2025,No,Point,38.818603333,-76.910666667,MSP,101,16,03,No,15,,15:49,2025,Sunday,24,Cable Barrier,09,Roadside,1,,101,State,,,06,Non-Junction,01,Daylight,4/20/2025,2025-04-20,S,26.8,F,N,,,AB4FAEDFACA056C94D63C4FDA8EE4BC83730A85B126327A305655B04948087C0,IS,01,No,,,,,01,Dry,,,,,,,,
Property Damage Crashes,DA43740033,Prince George's County Police,"Sideswipe, Same Direction",Prince George's,Major Collector,No,No,No,No,No,CIPRIANO RD,28,COUNTY ROAD,No,True,No,1/20/2025,No,Point,38.977898066,-76.855091787,PGCOPD,07,16,03,Yes,19,04,19:37,2025,Monday,12,Motor Vehicle In Transport,05,On Roadway,5,Angled/Skewed,,,GOOD LUCK RD,01,05,Intersection or Related,03,Dark - Lighted,1/20/2025,2025-01-20,E,0,F,N,,,E19B55DD9F68913C9EFC1A5A80A5A64E4CAFDA6D9E573E47730ADC2314A2482C,CO,01,No,,,,,01,Dry,01,Signalized,,,,,,
Property Damage Crashes,MSP7764007H,Maryland State Police,Single Vehicle,Prince George's,Interstate,No,No,No,No,No,RAMP 5 FR IS 95 SB TO IS 595 EB,95,RAMP,No,True,No,2/9/2025,No,Point,38.945262583,-76.859297533,MSP,101,16,03,No,0,,00:48,2025,Sunday,25,Concrete Traffic Barrier,10,Separator/Traffic Island,1,,,,,,04,Entrance/Exit Ramp or Related,03,Dark - Lighted,2/9/2025,2025-02-09,W,3.92,F,N,,,4FA7834B6FCD07106CFD3532251F06F8D1EE451F34E092180AB0FE62A0DFA3D1,RP,01,No,,,,,09,Wet,,,,,,,,
Property Damage Crashes,MSP7839001F,Maryland State Police,Single Vehicle,Prince George's,Principal Arterial – Other Freeways and Expressways,No,No,No,No,No,PENNSYLVANIA AVE,4,MARYLAND ROUTE,No,True,No,1/13/2025,No,Point,38.820622883,-76.847959595,MSP,101,16,03,No,3,,03:21,2025,Monday,28,Ditch,01,Gore,2,,,,,,06,Non-Junction,04,Dark - Not Lighted,1/13/2025,2025-01-13,N,59.76,F,N,,,BC8C3D7F9C617D774D011F097083ABE9D4D0B9E1D15F04563BEEF7DDCC984949,MD,01,No,,,,,01,Dry,,,,,,,,
Property Damage Crashes,MSP744200SN,Maryland State Police,Angle,Prince George's,Principal Arterial – Other,No,No,No,No,No,,1,UNITED STATE ROUTE,No,True,No,5/3/2025,No,Point,39.035588919,-76.906415933,MSP,01,16,03,Yes,20,,20:23,2025,Saturday,12,Motor Vehicle In Transport,05,On Roadway,3,,,,,,09,Through Roadway,04,Dark - Not Lighted,5/3/2025,2025-05-03,E,19.19,F,N,,,CBE04DFF9211768B0334C29288810E90DC98373804062FC26014624C8887EEE8,US,01,No,12,Motor Vehicle In Transport,05,On Roadway,01,Dry,,,,,,,,
Injury Crashes,DA3536003M,Prince George's County Police,Front to Rear,Prince George's,Principal Arterial – Other,No,No,No,No,No,LANDOVER RD,202,MARYLAND ROUTE,No,True,No,4/27/2025,No,Point,38.917338641,-76.851775054,PGCOPD,03,16,02,No,22,,22:20,2025,Sunday,12,Motor Vehicle In Transport,05,On Roadway,3,,,,,,06,Non-Junction,04,Dark - Not Lighted,4/27/2025,2025-04-27,E,30.02,F,N,,,770591A57AFAF5DE0934053BF541B1104A425C79B2C62B0A25B349BB3928F6FE,MD,01,No,,,,,01,Dry,,,,,,,,
Property Damage Crashes,DA44230017,Prince George's County Police,"Sideswipe, Same Direction",Prince George's,Local,No,No,No,No,No,NALLEY RD,4883,COUNTY ROAD,No,True,No,4/20/2025,No,Point,38.902540322,-76.872868570,PGCOPD,07,16,03,No,8,,08:18,2025,Sunday,15,Parked Vehicle,05,On Roadway,7,,,,,,09,Through Roadway,01,Daylight,4/20/2025,2025-04-20,S,6.66,F,N,,,F73BE19E7263488BD317546913C3BAFF9F4D3421E750E83A6ECFF1C946FFB832,CO,01,No,,,,,01,Dry,,,,,,,,
Property Damage Crashes,DA364900B2,Prince George's County Police,Single Vehicle,Prince George's,Local,No,No,No,No,No,ST JOSEPHS DR (SB/L),5553,OTHER PUBLIC ROAD,No,True,No,3/31/2025,No,Point,38.919796150,-76.840905533,PGCOPD,101,16,03,No,23,,23:20,2025,Monday,27,Curb,09,Roadside,7,,,,,,09,Through Roadway,03,Dark - Lighted,3/31/2025,2025-03-31,E,26.13,F,N,,,38E8C0BA76A0062A6D66198AF050A32FC4823C1037EB0C460978EF74B926435F,OP,01,No,,,,,09,Wet,,,,,,,,
Property Damage Crashes,DA401400C4,Prince George's County Police,Front to Rear,Prince George's,Local,No,No,No,No,No,CRANDALL RD,3665,COUNTY ROAD,No,True,No,1/1/2025,No,Point,38.953875210,-76.855949214,PGCOPD,03,16,03,No,0,,00:50,2025,Wednesday,15,Parked Vehicle,09,Roadside,7,,,,,,06,Non-Junction,03,Dark - Lighted,1/1/2025,2025-01-01,E,71.9,F,N,,,95AFB85EF45F781E0A412D3195406848CA305B82696DAEF2590B4E804B6CA9AD,CO,01,No,,,,,09,Wet,,,,,,,,
Property Damage Crashes,DS0531000G,University of Maryland Police College Park,"Sideswipe, Same Direction",Prince George's,Principal Arterial – Other,No,Yes,No,No,No,BALTIMORE AVE,1,UNITED STATE ROUTE,No,True,No,4/25/2025,No,Point,38.996566321,-76.931669081,UMCP,07,16,03,No,12,,12:19,2025,Friday,12,Motor Vehicle In Transport,05,On Roadway,3,,,,,,09,Through Roadway,01,Daylight,4/25/2025,2025-04-25,N,50.13,F,N,,,3576A08152CA1F8B1BB319D2306CBD0092185C9A62A7A65C3FEA475717AF90B5,US,01,No,,,,,01,Dry,,,,,,,,
Injury Crashes,DA4340004R,Prince George's County Police,Front to Rear,Prince George's,,No,No,No,No,No,,27,SPUR,No,True,No,5/9/2025,No,Point,38.941337569,-76.852987362,PGCOPD,03,16,02,No,14,,14:00,2025,Friday,12,Motor Vehicle In Transport,99,Unknown,,,,,MARTIN LUTHER KING JR HWY (WB/L),,99,Unknown,01,Daylight,5/9/2025,2025-05-09,N,19.29,F,N,,,65AB134704D93E1FC9E910AF587DE18A8BCD2A093878E1CF272C99184C9BF2B4,SP,01,No,,,,,01,Dry,,,,,,,,
Property Damage Crashes,DA4302002P,Prince George's County Police,Front to Rear,Prince George's,Local,No,No,No,No,No,WATER FOWL WAY (WB/L),5848,COUNTY ROAD,No,True,No,3/6/2025,No,Point,38.883033477,-76.789635076,PGCOPD,03,16,03,No,7,,07:08,2025,Thursday,12,Motor Vehicle In Transport,99,Unknown,7,,,,,,99,Unknown,01,Daylight,3/6/2025,2025-03-06,S,3276.45,F,N,,,7C801644CC4FC4315F8A2CBB7665C731AD4BF592B1B3499CCBB61EB435BDB4C8,CO,01,No,,,,,09,Wet,,,,,,,,
Property Damage Crashes,DA43330041,Prince George's County Police,Unknown,Prince George's,Principal Arterial – Other,No,No,No,No,No,NEW HAMPSHIRE AVE,650,MARYLAND ROUTE,No,True,No,3/13/2025,No,Point,38.973839311,-76.995699758,PGCOPD,99,16,03,No,1,,01:00,2025,Thursday,41,Utility Pole/Light Support,01,Gore,3,,,,,,06,Non-Junction,03,Dark - Lighted,3/13/2025,2025-03-13,N,10.58,F,N,,,A5198426D948524949C053DC62BA3644AF071521C2F0A47BA3E4C0039069C94A,MD,01,No,,,,,01,Dry,,,,,,,,
Property Damage Crashes,DA4359001F,Prince George's County Police,Angle,Prince George's,Minor Arterial,No,No,No,No,No,MUIRKIRK RD,21,COUNTY ROAD,No,True,No,2/28/2025,No,Point,39.063512705,-76.841444244,PGCOPD,01,16,03,No,9,,09:26,2025,Friday,12,Motor Vehicle In Transport,05,On Roadway,4,,,,,,06,Non-Junction,01,Daylight,2/28/2025,2025-02-28,S,17.99,F,N,,,3C09BF40D4928617E08845814DA5D4B313E0909B9349678A212C4DC19C5A4F76,CO,01,No,,,,,01,Dry,,,,,,,,
Property Damage Crashes,MSP7764008K,Maryland State Police,Front to Rear,Prince George's,Interstate,No,No,No,No,No,NO NAME (SB/L),95,INTERSTATE ROUTE,No,True,No,4/13/2025,No,Point,39.048381667,-76.93199,MSP,03,16,03,No,13,,13:41,2025,Sunday,12,Motor Vehicle In Transport,05,On Roadway,1,,,,,,06,Non-Junction,01,Daylight,4/13/2025,2025-04-13,E,32.16,F,N,,,55936822E6DB4CFD1E2057D6C174A4C8E75683D3382E5FBC9C2CE8AAC146910E,IS,01,No,,,,,01,Dry,,,,,,,,
Property Damage Crashes,DA4304006K,Prince George's County Police,"Sideswipe, Same Direction",Prince George's,Major Collector,No,No,No,No,No,SUNNYSIDE AVE,20,COUNTY ROAD,No,True,No,4/11/2025,No,Point,39.022989543,-76.903018608,PGCOPD,07,16,03,Unknown,17,,17:26,2025,Friday,12,Motor Vehicle In Transport,05,On Roadway,5,,,,,,99,Unknown,01,Daylight,4/11/2025,2025-04-11,E,43.2,F,N,,,923555FE1168ADFD697CC48B4AE91F660AC84ADD878BD85CCA4380FB01544618,CO,01,No,,,,,09,Wet,,,,,,,,
Injury Crashes,CC0300000Y,Hyattsville Police Department,Single Vehicle,Prince George's,,No,No,No,Yes,Yes,,,,No,True,No,3/20/2025,No,Point,38.956272085,-76.962830768,HYATTSVILLE,101,16,02,,10,,10:31,2025,Thursday,17,Pedestrian,02,In Parking Lane Or Zone,,,,,,,,,01,Daylight,3/20/2025,2025-03-20,,,F,N,102,Parking Lot Way,,,01,No,,,,,,,,,,,,,,
Property Damage Crashes,MSP757700KN,Maryland State Police,"Sideswipe, Same Direction",Prince George's,Interstate,No,No,No,No,No,IS 95 NB CD LANE FR MD 200 TO MD 198,95,INTERSTATE ROUTE,No,True,No,5/12/2025,No,Point,39.065576667,-76.910365,MSP,07,16,03,No,13,,13:01,2025,Monday,12,Motor Vehicle In Transport,05,On Roadway,1,,,,,,04,Entrance/Exit Ramp or Related,01,Daylight,5/12/2025,2025-05-12,N,8.26,F,N,,,65BADCE62514E9CE9BE57295EE9972A544C19069BFF6CE81E3EE954F07C4B94F,IS,01,No,97,Not Applicable,,,01,Dry,,,,,,,,
Property Damage Crashes,MSP766400CD,Maryland State Police,Single Vehicle,Prince George's,Interstate,No,No,No,No,No,CAPITAL BELTWAY,95,INTERSTATE ROUTE,No,True,No,5/20/2025,No,Point,38.816598333,-76.950166667,MSP,101,16,03,No,22,,22:54,2025,Tuesday,32,Guardrail Face,09,Roadside,1,,101,State,,,09,Through Roadway,04,Dark - Not Lighted,5/20/2025,2025-05-20,S,35.58,F,N,,,EB0DC6335B5B4C16FCFE6C5B7EBDAE71EAEF1C6432F975B4CFA5A06B78928643,IS,01,No,,,,,01,Dry,,,,,,,,
Injury Crashes,AM0393000W,Bladensburg Police Department,Single Vehicle,Prince George's,Principal Arterial – Other,No,No,No,Yes,No,,450,MARYLAND ROUTE,No,True,No,1/22/2025,No,Point,38.939508568,-76.930951093,BLADENSBURG,101,16,02,No,9,,09:30,2025,Wednesday,17,Pedestrian,05,On Roadway,3,,,,,,06,Non-Junction,01,Daylight,1/22/2025,2025-01-22,W,46.99,F,N,,,B3CB37885B23C8A4E9AA1B66018B9191DF01DDEF35231478DD47FBEDAD7F8D31,MD,01,No,,,,,01,Dry,,,,,,,,
Injury Crashes,MSP647600JW,Maryland State Police,"Sideswipe, Same Direction",Prince George's,Interstate,No,No,No,No,No,CAPITAL BELTWAY,95,INTERSTATE ROUTE,No,True,No,5/25/2025,No,Point,38.817784378,-76.945199388,MSP,07,16,02,No,14,,14:34,2025,Sunday,12,Motor Vehicle In Transport,05,On Roadway,1,,101,State,,,09,Through Roadway,01,Daylight,5/25/2025,2025-05-25,N,16.28,F,N,,,FF7FF7B3706E758F18AA1B5EB5A3330CDD5A412EDF8866482E88F89FD2F49019,IS,01,No,32,Guardrail Face,07,"On Shoulder, Right Side",01,Dry,,,,,,,,
Property Damage Crashes,DA4333004F,Prince George's County Police,Front to Rear,Prince George's,Principal Arterial – Other,No,No,No,No,No,EAST WEST HWY,410,MARYLAND ROUTE,No,True,No,5/30/2025,No,Point,38.973982671,-76.982908867,PGCOPD,03,16,03,No,14,,14:40,2025,Friday,12,Motor Vehicle In Transport,05,On Roadway,3,,,,,,06,Non-Junction,01,Daylight,5/30/2025,2025-05-30,E,52.93,F,N,,,8FC60333A546FA80CBE97867F255F4E3694C8A51B22F192F99FCE6B422455AD1,MD,01,No,,,,,01,Dry,,,,,,,,
Injury Crashes,MSP7787006K,Maryland State Police,Front to Rear,Prince George's,Interstate,No,No,No,No,No,IS 95 NB CD LANE FR MD 200 TO MD 198,95,INTERSTATE ROUTE,No,True,No,4/30/2025,No,Point,39.103750332,-76.887237876,MSP,03,16,02,No,15,,15:58,2025,Wednesday,12,Motor Vehicle In Transport,05,On Roadway,1,,,,,,06,Non-Junction,01,Daylight,4/30/2025,2025-04-30,S,54.99,F,N,,,1D572726FAEE16314E703115BE00817B042F39473193F4B92E682F6356A7D9FD,IS,01,No,,,,,01,Dry,,,,,,,,
Property Damage Crashes,CNC3179003K,New Carrollton Police Department,Angle,Prince George's,Principal Arterial – Other,No,No,No,No,No,VETERANS PKWY (WB/L),410,MARYLAND ROUTE,No,True,Yes,1/29/2025,Yes,Point,38.950523243,-76.884082961,NCPD,01,16,03,No,15,,15:00,2025,Wednesday,12,Motor Vehicle In Transport,05,On Roadway,3,,,,,,99,Unknown,01,Daylight,1/29/2025,2025-01-29,N,50.71,F,N,,,E0B889131F6CF068EEBF4193BFC6C888D05622EB8771084F386DBF1AC89CF6D8,MD,01,No,,,,,01,Dry,,,N,04,Activity Area,02,Lane Shift/Crossover,Yes
Property Damage Crashes,DA401400CC,Prince George's County Police,Front to Rear,Prince George's,,No,No,No,No,No,,1421,PRIVATE ROAD,No,True,No,4/27/2025,No,Point,38.961482074,-76.862259237,PGCOPD,03,16,03,No,6,,06:00,2025,Sunday,12,Motor Vehicle In Transport,05,On Roadway,,,,,,,06,Non-Junction,01,Daylight,4/27/2025,2025-04-27,S,21.51,F,N,,,53F830F56AD64989FA4B114EE50C5F2A81B5E0DFFC4BD7D3130BBC1346685154,PV,01,No,,,,,01,Dry,,,,,,,,
Injury Crashes,CC0305001Y,Hyattsville Police Department,Front to Front,Prince George's,Local,Yes,No,Yes,No,No,LANCER DR,230,MUNICIPAL ROAD,No,True,No,1/5/2025,No,Point,38.959389782,-76.963995898,HYATTSVILLE,02,16,02,No,15,,15:10,2025,Sunday,12,Motor Vehicle In Transport,05,On Roadway,7,,,,,,09,Through Roadway,01,Daylight,1/5/2025,2025-01-05,N,16.68,F,N,,,BF2DEF8B555FBFCCACACA10FCCA721788C1E4C8695A550F25C29C8E456189E16,MU,01,No,,,,,01,Dry,,,,,,,,
Injury Crashes,DA4400000X,Prince George's County Police,Front to Rear,Prince George's,,No,No,No,No,No,,122,COUNTY ROAD,Yes,True,No,2/13/2025,No,Point,38.805031294,-76.958567265,PGCOPD,03,16,02,Unknown,20,,20:10,2025,Thursday,12,Motor Vehicle In Transport,05,On Roadway,,,,,FISHER RD,,09,Through Roadway,03,Dark - Lighted,2/13/2025,2025-02-13,S,24.15,F,N,,,9FEE65F8BD1233EE6A882CD2BFBCF3CA2E33810B0FFBF0E6AAB2D81B6AC9C5E4,CO,01,No,,,,,01,Dry,,,,,,,,
Injury Crashes,MSP745800SV,Maryland State Police,Front to Rear,Prince George's,Principal Arterial – Other,No,No,No,No,No,CRAIN HWY,301,UNITED STATE ROUTE,No,True,No,5/12/2025,No,Point,38.878995,-76.720178333,MSP,03,16,02,No,10,,10:43,2025,Monday,12,Motor Vehicle In Transport,05,On Roadway,3,,,,,,01,Acceleration/Deceleration Lane,01,Daylight,5/12/2025,2025-05-12,W,37.97,F,N,,,070674705DF82570D52A00427424833C0849DCE13FDDC5707C0CE28453FE24DB,US,01,No,,,,,01,Dry,,,,,,,,
Property Damage Crashes,DA2884008B,Prince George's County Police,Unknown,Prince George's,,No,No,No,No,Yes,,,,No,True,No,3/21/2025,No,Point,39.040403949,-76.939848860,PGCOPD,99,16,03,,10,,10:28,2025,Friday,12,Motor Vehicle In Transport,02,In Parking Lane Or Zone,,,,,,,,,01,Daylight,3/21/2025,2025-03-21,,,F,N,100,Parking Stall,,,01,No,,,,,,,,,,,,,,
Property Damage Crashes,DA402100CW,Prince George's County Police,Single Vehicle,Prince George's,Principal Arterial – Other,No,No,No,No,No,ANNAPOLIS RD (WB/L),450,MARYLAND ROUTE,No,True,No,3/9/2025,No,Point,38.956836720,-76.810239064,PGCOPD,101,16,03,No,16,,16:51,2025,Sunday,27,Curb,03,Median,3,,,,,,01,Acceleration/Deceleration Lane,01,Daylight,3/9/2025,2025-03-09,E,35.86,F,N,,,9905D6BB37BEFEDA720F0EBA39AD515FF08CD703E01281CE56E80AA932469526,MD,01,No,,,,,01,Dry,,,,,,,,
Property Damage Crashes,MSP7872001J,Maryland State Police,Single Vehicle,Prince George's,Principal Arterial – Other,No,No,No,No,No,CRAIN HWY,301,UNITED STATE ROUTE,No,True,No,1/19/2025,No,Point,38.792123333,-76.772371667,MSP,101,16,03,No,15,,15:31,2025,Sunday,07,Overturn/Rollover,03,Median,3,,,,,,09,Through Roadway,01,Daylight,1/19/2025,2025-01-19,S,38.16,F,N,,,3C41D69178D4F7E734C0E97B34C8B239CF45B72A8EAF5CE913EEECA6189B0230,US,01,No,,,,,06,Slush,,,,,,,,
Property Damage Crashes,CC0298003T,Hyattsville Police Department,Front to Rear,Prince George's,Major Collector,No,No,No,No,No,AGER RD,1599,COUNTY ROAD,No,True,No,5/12/2025,No,Point,38.954191780,-76.965402291,HYATTSVILLE,03,16,03,No,6,,06:15,2025,Monday,12,Motor Vehicle In Transport,05,On Roadway,5,,,,,,06,Non-Junction,01,Daylight,5/12/2025,2025-05-12,N,45.42,F,N,,,46F938A0A937999E6BDA5E2BDDC4468A8BE8DBBF5F5C98EF8542380AC7880310,CO,01,No,,,,,01,Dry,,,,,,,,
Injury Crashes,DA4083006M,Prince George's County Police,Other,Prince George's,Minor Arterial,No,No,No,No,No,RIGGS RD,212,MARYLAND ROUTE,No,True,No,2/5/2025,No,Point,38.984030164,-76.979424695,PGCOPD,98,16,02,No,16,,16:09,2025,Wednesday,12,Motor Vehicle In Transport,05,On Roadway,4,,,,,,06,Non-Junction,01,Daylight,2/5/2025,2025-02-05,E,44.85,F,N,,,D6C82312E9CA71F4A3568D2669A26702BB5000A0DCA51FC384259BD0F7CCECFF,MD,01,No,,,,,01,Dry,,,,,,,,
Property Damage Crashes,DA384000JL,Prince George's County Police,Front to Rear,Prince George's,Principal Arterial – Other Freeways and Expressways,No,No,No,No,No,INDIAN HEAD HWY (SB/L),210,MARYLAND ROUTE,No,True,No,5/18/2025,No,Point,38.755579140,-76.993352932,PGCOPD,03,16,03,Yes,18,,18:00,2025,Sunday,12,Motor Vehicle In Transport,05,On Roadway,2,,,,,,99,Unknown,01,Daylight,5/18/2025,2025-05-18,E,30.51,F,N,,,56F3115A0267560F99825771DF9379EF459015074BDEE5151FD3775E4B4342FD,MD,01,No,,,,,01,Dry,,,,,,,,
Injury Crashes,DA4421002D,Prince George's County Police,Front to Front,Prince George's,Major Collector,No,No,No,No,No,KIRBY RD,96,COUNTY ROAD,No,True,No,5/24/2025,No,Point,38.781090294,-76.917499778,PGCOPD,02,16,02,No,21,,21:10,2025,Saturday,12,Motor Vehicle In Transport,05,On Roadway,5,,,,,,09,Through Roadway,03,Dark - Lighted,5/24/2025,2025-05-24,S,7.27,F,N,,,21CAEDA8BE8BD1E27496684111AFF7AB2981C42206BE7A4112EFEC7FE5D6E8A2,CO,01,No,,,,,01,Dry,,,,,,,,
Property Damage Crashes,CBPD0032009J,Bowie Police Department,Unknown,Prince George's,,No,No,No,No,Yes,,,,No,True,No,5/10/2025,No,Point,38.945433634,-76.713879716,BOWIE,99,16,03,,17,,17:15,2025,Saturday,12,Motor Vehicle In Transport,02,In Parking Lane Or Zone,,,,,,,,,01,Daylight,5/10/2025,2025-05-10,,,F,N,102,Parking Lot Way,,,01,No,15,Parked Vehicle,02,In Parking Lane Or Zone,,,,,,,,,,