Crash Severity Description,Reportnumber,Agencyname,CollisionImpact Description,Crash County Description,FunctionalClass Description,ImpairedCrash,Large Vehicle Involved,Motorcycle Crash,Non-Motorist Crash,OffRoad,RoadName,Route Number,RouteType Description,Unrestrained Occupants,WithinDateRange,Work Zone Related,Crashdate,Work Zone Crash,CrashPoint,Latitude,Longitude,AgencyCode,CollisionImpact,Crash County,Crash Severity,Crash Within Interchange,Crashhour,CrashInterchangeApproaches,Crashtime,CrashYear,Dayofweek,FirstHarmEvent,FirstHarmEvent Description,FirstHarmLocation,FirstHarmLocation Description,FunctionalClass,Geometry Description,GovPropertyDamage,GovPropertyDamage Description,IntersectingRoadName,Intersection Geometry,JunctionRelated,JunctionRelated Description,Light,Light Description,LOD Crash Date,LOD Date Level,MilepointDirection,MilepointDistance,MilepointUnits,NonTrafficFatal,OffroadLocation,OffroadLocation Description,RoadID,RouteType,SchoolBusRelated,SchoolBusRelated Description,SecondHarmEvent,SecondHarmEvent Description,SecondHarmLocation,SecondHarmLocation Description,Surface,Surface Description,TrafficControl,Trafficcontrol Description,WZLawEnforcementPresent,WZLocation,WZLocation Description,WZType,WZType Description,WZWorkersPresent
Injury Crashes,DA4346001T,Prince George's County Police,Unknown,Prince George's,Local,No,No,No,No,No,ASHVILLE RD,2321,COUNTY ROAD,No,True,No,1/9/2025,No,Point,38.868323457,-76.859573747,PGCOPD,99,16,02,No,9,02,09:39,2025,Thursday,12,Motor Vehicle In Transport,05,On Roadway,7,Perpendicular,,,BONNY DR,03,05,Intersection or Related,01,Daylight,1/9/2025,2025-01-09,N,0,F,N,,,D98B4DF0E8FB9F91134596CEF8FCB4B94FFB61264915917BD63363E40541EAF7,CO,01,No,,,,,02,Ice/Frost,05,No Controls,,,,,,
Injury Crashes,MSP7843002W,Maryland State Police,"Sideswipe, Same Direction",Prince George's,Interstate,No,No,No,No,No,CAPITAL BELTWAY (SB/L),95,INTERSTATE ROUTE,No,True,No,4/22/2025,No,Point,38.950721473,-76.861289088,MSP,07,16,02,No,21,,21:38,2025,Tuesday,12,Motor Vehicle In Transport,05,On Roadway,1,,,,,,06,Non-Junction,04,Dark - Not Lighted,4/22/2025,2025-04-22,S,9.5,F,N,,,A6F4FE078E5E985C5AEDAD3FBBC383825639F260EDBC2A50ADAE5515E140F5B7,IS,01,No,,,,,01,Dry,,,,,,,,
Property Damage Crashes,DA4183006W,Prince George's County Police,Other,Prince George's,Major Collector,No,No,No,No,No,IVERSON ST,1478,COUNTY ROAD,No,True,No,5/27/2025,No,Point,38.825787765,-76.975501470,PGCOPD,98,16,03,Yes,17,02,17:51,2025,Tuesday,12,Motor Vehicle In Transport,05,On Roadway,5,Perpendicular,,,WHEELER RD,03,05,Intersection or Related,01,Daylight,5/27/2025,2025-05-27,E,0,F,N,,,881944E817DE96AA3F0D995EB076BB6DDA75A4E28D7024D4C7C7FE740DB66FFF,CO,01,No,,,,,01,Dry,03,Stop - Partial,,,,,,
Property Damage Crashes,DA4344003M,Prince George's County Police,Unknown,Prince George's,Local,No,No,No,No,No,QUINN ST,279,COUNTY ROAD,No,True,No,4/19/2025,No,Point,38.872293652,-76.933874747,PGCOPD,99,16,03,No,13,,13:33,2025,Saturday,12,Motor Vehicle In Transport,05,On Roadway,7,,,,,,06,Non-Junction,01,Daylight,4/19/2025,2025-04-19,N,55.48,F,N,,,D2EAC6ABB08878C8259F80115D392DC07FE1D8F284D2972215D17E23875B931B,CO,01,No,,,,,01,Dry,,,,,,,,
Property Damage Crashes,DA4164005J,Prince George's County Police,"Sideswipe, Opposite Direction",Prince George's,Local,No,Yes,No,No,No,LIVINGSTON RD,4524,COUNTY ROAD,No,True,No,5/7/2025,No,Point,38.766004194,-76.994755362,PGCOPD,06,16,03,No,20,,20:56,2025,Wednesday,12,Motor Vehicle In Transport,05,On Roadway,7,,,,,,09,Through Roadway,03,Dark - Lighted,5/7/2025,2025-05-07,N,68.08,F,N,,,E9B70508E121267138E67003E0FB043A8040A533704ECBBC1F09906C7767F5B3,CO,01,No,,,,,01,Dry,,,,,,,,
Property Damage Crashes,BW0200001G,Greenbelt Police Department,"Sideswipe, Same Direction",Prince George's,Principal Arterial – Other,No,No,No,No,No,GREENBELT RD (WB/L),193,MARYLAND ROUTE,No,True,No,5/9/2025,No,Point,38.994193867,-76.876765624,GREENBELT,07,16,03,No,17,,17:54,2025,Friday,12,Motor Vehicle In Transport,05,On Roadway,3,,,,,,06,Non-Junction,01,Daylight,5/9/2025,2025-05-09,E,38.55,F,N,,,21EB4598813DEB9225A6697ADD0604055FA986E1AA200C0C26F5B7D8B8EE1FE5,MD,01,No,,,,,01,Dry,,,,,,,,
Property Damage Crashes,MSP7872004K,Maryland State Police,Single Vehicle,Prince George's,Interstate,No,No,No,No,No,CAPITAL BELTWAY,95,INTERSTATE ROUTE,No,True,No,5/28/2025,No,Point,38.817885109,-76.942757654,MSP,101,16,03,No,13,,13:02,2025,Wednesday,32,Guardrail Face,03,Median,1,,101,State,,,09,Through Roadway,01,Daylight,5/28/2025,2025-05-28,N,7.48,F,N,,,ABBD663B0896D159FDE946414F47C978BCEC7295DFE05C7EBA80EF4FA5CAB726,IS,01,No,,,,,09,Wet,,,,,,,,
Property Damage Crashes,DA4282003K,Prince George's County Police,Single Vehicle,Prince George's,Local,No,No,No,No,No,LINDSAY RD,1071,COUNTY ROAD,No,True,No,4/23/2025,No,Point,38.792523021,-76.986691645,PGCOPD,101,16,03,No,18,,18:20,2025,Wednesday,27,Curb,09,Roadside,7,,,,,,06,Non-Junction,01,Daylight,4/23/2025,2025-04-23,S,26.82,F,N,,,D2EC66B9B93FC395E9BB6BCC3132BB9FB4C7D35265AC74FE741564FB275A6A10,CO,01,No,19,Strikes Object at Rest from Motor Vehicle In Transport,99,Unknown,01,Dry,,,,,,,,
Property Damage Crashes,DA4268006W,Prince George's County Police,Other,Prince George's,Major Collector,No,No,No,No,No,METZEROTT RD,230,COUNTY ROAD,No,True,No,1/16/2025,No,Point,39.003832854,-76.977497455,PGCOPD,98,16,03,No,2,,02:32,2025,Thursday,15,Parked Vehicle,05,On Roadway,5,,,,,,09,Through Roadway,04,Dark - Not Lighted,1/16/2025,2025-01-16,N,18.87,F,N,,,C3F12834EA0936E51536EDFC0869EB77E721C5532EE3A0559B590B4F043B8323,CO,01,No,,,,,01,Dry,,,,,,,,
Property Damage Crashes,MSP743900MK,Maryland State Police,Front to Rear,Prince George's,Principal Arterial – Other Freeways and Expressways,No,No,No,No,No,JOHN HANSON HWY,50,UNITED STATE ROUTE,No,True,No,2/18/2025,No,Point,38.924425570,-76.902795432,MSP,03,16,03,No,18,,18:56,2025,Tuesday,12,Motor Vehicle In Transport,05,On Roadway,2,,,,,,09,Through Roadway,04,Dark - Not Lighted,2/18/2025,2025-02-18,N,52.53,F,N,,,634C1C70B23BEE42D2D3EACFDDA7850FAAA0EFA2A21C57CD4976866DD9A7CBB1,US,01,No,,,,,01,Dry,,,,,,,,
Property Damage Crashes,DA3540003D,Prince George's County Police,Single Vehicle,Prince George's,Minor Arterial,No,No,No,No,No,BRANDYWINE RD,599,COUNTY ROAD,No,True,No,1/17/2025,No,Point,38.761691765,-76.896445766,PGCOPD,101,16,03,No,1,,01:45,2025,Friday,09,Animal (live),05,On Roadway,4,,100,Local,,,01,Acceleration/Deceleration Lane,03,Dark - Lighted,1/17/2025,2025-01-17,W,16.64,F,N,,,C80D04DE65581E621532C368DEE0DB9BB301DE9C003056BC6E129BF0CBA7A235,CO,01,No,97,Not Applicable,,,09,Wet,,,,,,,,
Property Damage Crashes,MSP757700HY,Maryland State Police,Front to Rear,Prince George's,Interstate,No,No,No,No,No,RAMP 9 FR IS 595 WB TO MD 950 SB,95,RAMP,No,True,No,2/26/2025,No,Point,38.946359694,-76.851278723,MSP,03,16,03,No,8,,08:01,2025,Wednesday,12,Motor Vehicle In Transport,05,On Roadway,1,,,,,,09,Through Roadway,01,Daylight,2/26/2025,2025-02-26,S,37.75,F,N,,,FF7C2FA16DB0C54BD7470A0536FBB1E19F5CF69779ACEF8794CB7ECC992F7A12,RP,01,No,97,Not Applicable,,,01,Dry,,,,,,,,
Property Damage Crashes,AM0393001J,Bladensburg Police Department,Front to Rear,Prince George's,Principal Arterial – Other,No,No,No,No,No,,450,MARYLAND ROUTE,No,True,No,4/22/2025,No,Point,38.939453804,-76.934089949,BLADENSBURG,03,16,03,No,9,,09:30,2025,Tuesday,12,Motor Vehicle In Transport,05,On Roadway,3,,,,,,06,Non-Junction,01,Daylight,4/22/2025,2025-04-22,E,44.98,F,N,,,74AF96DCFEE520ECEBF5B26A125972D2F57E6CA0EB4E9129E4B51E1818940601,MD,01,No,,,,,01,Dry,,,,,,,,
Property Damage Crashes,DA4416000P,Prince George's County Police,"Sideswipe, Same Direction",Prince George's,Local,No,No,No,No,No,KENT TOWN DR,858,COUNTY ROAD,No,True,No,4/29/2025,No,Point,38.923781415,-76.885911757,PGCOPD,07,16,03,No,20,,20:55,2025,Tuesday,15,Parked Vehicle,05,On Roadway,7,,,,,,06,Non-Junction,03,Dark - Lighted,4/29/2025,2025-04-29,W,14.84,F,N,,,0CDF50C6F4DBC4CEA017F13F0DE2B226E7F9C4D5EDCC051CA488286F9764FC54,CO,01,No,15,Parked Vehicle,05,On Roadway,01,Dry,,,,,,,,
Injury Crashes,CE457800J5,Laurel Police Department,"Sideswipe, Same Direction",Prince George's,Principal Arterial – Other,No,No,No,No,No,WASHINGTON BLVD (SB/L),1,UNITED STATE ROUTE,No,True,No,5/20/2025,No,Point,39.097335219,-76.850699589,LAUREL,07,16,02,Yes,8,,08:26,2025,Tuesday,12,Motor Vehicle In Transport,05,On Roadway,3,,,,,,09,Through Roadway,01,Daylight,5/20/2025,2025-05-20,N,14.64,F,N,,,462F86B4B93F1A4B651544558DE04949C8C867F827D5F2B3A02844B9C00C6FD0,US,01,No,97,Not Applicable,,,01,Dry,,,,,,,,
Property Damage Crashes,DA4183006N,Prince George's County Police,Other,Prince George's,Principal Arterial – Other Freeways and Expressways,No,No,No,No,No,INDIAN HEAD HWY,210,MARYLAND ROUTE,No,True,No,2/10/2025,No,Point,38.792870330,-76.998548781,PGCOPD,98,16,03,No,0,,00:17,2025,Monday,12,Motor Vehicle In Transport,05,On Roadway,2,,,,,,06,Non-Junction,03,Dark - Lighted,2/10/2025,2025-02-10,N,30.84,F,N,,,7F4528C90173570672D370F1D728B38CE2DD24FF95ADD7C645A5E6FBE1D23A11,MD,01,No,12,Motor Vehicle In Transport,05,On Roadway,01,Dry,,,,,,,,
Property Damage Crashes,DA4352002X,Prince George's County Police,Single Vehicle,Prince George's,Principal Arterial – Other Freeways and Expressways,No,No,No,No,No,INDIAN HEAD HWY (SB/L),210,MARYLAND ROUTE,No,True,No,4/21/2025,No,Point,38.710826651,-76.990028986,PGCOPD,101,16,03,No,3,,03:46,2025,Monday,40,Tree (standing),07,"On Shoulder, Right Side",2,,,,,,09,Through Roadway,04,Dark - Not Lighted,4/21/2025,2025-04-21,S,6.58,F,N,,,52A03133B418D6E3B7908B0C0BB1F4AABEA49031E23CCC93D97A684896A8B84B,MD,01,No,,,,,01,Dry,,,,,,,,
Property Damage Crashes,DA3040001H,Prince George's County Police,"Sideswipe, Same Direction",Prince George's,Major Collector,No,No,No,No,No,LARCHMONT AVE,828,COUNTY ROAD,No,True,No,4/10/2025,No,Point,38.871822373,-76.922952545,PGCOPD,07,16,03,No,20,,20:45,2025,Thursday,12,Motor Vehicle In Transport,05,On Roadway,5,,,,,,06,Non-Junction,03,Dark - Lighted,4/10/2025,2025-04-10,E,15.01,F,N,,,384FE2904D8D5ADE2C99BD59ADB05C083D34D6E880B23CA9DE2C7DF4B8FEB3E8,CO,01,No,,,,,01,Dry,,,,,,,,
Injury Crashes,DA4423000D,Prince George's County Police,Front to Rear,Prince George's,Minor Arterial,No,No,No,No,No,MARLBORO PIKE,3074,COUNTY ROAD,No,True,No,1/20/2025,No,Point,38.867375336,-76.917119466,PGCOPD,03,16,02,No,21,,21:37,2025,Monday,12,Motor Vehicle In Transport,05,On Roadway,4,,,,,,09,Through Roadway,03,Dark - Lighted,1/20/2025,2025-01-20,N,10.58,F,N,,,FE498153465CD2445F6005CA30053BB089F79560365345FA67A3C6BCA950D083,CO,01,No,,,,,01,Dry,,,,,,,,
Property Damage Crashes,DA401800C3,Prince George's County Police,Angle,Prince George's,Principal Arterial – Other,No,No,No,No,No,KENILWORTH AVE,201,MARYLAND ROUTE,No,True,No,1/10/2025,No,Point,38.921451507,-76.931380175,PGCOPD,01,16,03,No,23,02,23:00,2025,Friday,12,Motor Vehicle In Transport,05,On Roadway,3,Perpendicular,,,RAMP 8 FR MD 201 SB TO MD 459 WB,03,05,Intersection or Related,99,Unknown,1/10/2025,2025-01-10,S,0,F,N,,,D159E03F3128886E4E8187155DBD746AFF64C11D9BFE4FD2BBA63D95DDC1BBE2,MD,01,No,12,Motor Vehicle In Transport,05,On Roadway,01,Dry,01,Signalized,,,,,,
Injury Crashes,MSP7773002R,Maryland State Police,Front to Rear,Prince George's,Interstate,No,No,No,No,No,CAPITAL BELTWAY (SB/L),95,INTERSTATE ROUTE,No,True,No,5/27/2025,No,Point,38.963806532,-76.867485008,MSP,03,16,02,No,7,,07:45,2025,Tuesday,12,Motor Vehicle In Transport,05,On Roadway,1,,,,,,06,Non-Junction,01,Daylight,5/27/2025,2025-05-27,S,30.58,F,N,,,98A86FFC25E75207679F0007FEB18EACF2BD60251F84333C89FFD4115BB1741A,IS,01,No,,,,,01,Dry,,,,,,,,
Property Damage Crashes,DA3190000B,Prince George's County Police,Front to Rear,Prince George's,Principal Arterial – Other,No,No,No,No,No,MARTIN LUTHER KING JR HWY (WB/L),704,MARYLAND ROUTE,No,True,No,1/18/2025,No,Point,38.916422639,-76.882846260,PGCOPD,03,16,03,No,21,,21:50,2025,Saturday,12,Motor Vehicle In Transport,05,On Roadway,3,,,,,,06,Non-Junction,03,Dark - Lighted,1/18/2025,2025-01-18,W,59.61,F,N,,,0BF9DCD1E017842AF7C164E857C6212161CB6C0900D70FCE6CF53D2CF035FD9A,MD,01,No,,,,,01,Dry,,,,,,,,
Property Damage Crashes,MSP745800RF,Maryland State Police,Front to Rear,Prince George's,Interstate,No,No,No,No,No,RAMP 4 FR IS 95 NB TO IS 595 EB,95,RAMP,No,True,No,3/30/2025,No,Point,38.942056667,-76.856453333,MSP,03,16,03,No,16,,16:58,2025,Sunday,12,Motor Vehicle In Transport,05,On Roadway,1,,,,,,01,Acceleration/Deceleration Lane,01,Daylight,3/30/2025,2025-03-30,W,25.13,F,N,,,DBA141BB42566BC87B2245B8B488AF2CAB6C7BE9EA4BF8F4D07BFBD0AA7E7A70,RP,01,No,,,,,01,Dry,,,,,,,,
Property Damage Crashes,DA4430000H,Prince George's County Police,"Sideswipe, Same Direction",Prince George's,Local,No,No,No,No,No,PEACOCK DR,4239,COUNTY ROAD,No,True,No,3/17/2025,No,Point,38.898632302,-76.873540487,PGCOPD,07,16,03,No,0,,00:42,2025,Monday,12,Motor Vehicle In Transport,05,On Roadway,7,,,,,,09,Through Roadway,03,Dark - Lighted,3/17/2025,2025-03-17,N,8.88,F,N,,,30E3A23589F4967FEF8F992995D870075F59BD1198853AE58F77417E1158D827,CO,01,No,15,Parked Vehicle,07,"On Shoulder, Right Side",09,Wet,,,,,,,,
Injury Crashes,AM0393001S,Bladensburg Police Department,Front to Rear,Prince George's,Principal Arterial – Other,No,No,No,No,No,ANNAPOLIS RD,450,MARYLAND ROUTE,No,True,No,5/24/2025,No,Point,38.939599320,-76.930196052,BLADENSBURG,03,16,02,No,17,,17:12,2025,Saturday,12,Motor Vehicle In Transport,05,On Roadway,3,,,,,,06,Non-Junction,01,Daylight,5/24/2025,2025-05-24,E,28.59,F,N,,,38B470DCAC9BF3F2B409DB32AD7E615F20E7C0234CAC56D6116A344122B04F8E,MD,01,No,,,,,01,Dry,,,,,,,,
Property Damage Crashes,MSP718600JL,Maryland State Police,Front to Rear,Prince George's,Principal Arterial – Other,Yes,No,No,No,No,CRAIN HWY,301,UNITED STATE ROUTE,No,True,No,3/2/2025,No,Point,38.906880741,-76.717112866,MSP,03,16,03,No,20,,20:39,2025,Sunday,12,Motor Vehicle In Transport,05,On Roadway,3,,,,,,09,Through Roadway,05,Dark - Unknown Lighting,3/2/2025,2025-03-02,W,9.59,F,N,,,88C85B0CA75E5FD7529D0287AAC14AC4E9A63D151590D4B42CD184D4722491C7,US,01,No,,,,,01,Dry,,,,,,,,
Property Damage Crashes,DA3829005M,Prince George's County Police,Front to Rear,Prince George's,,No,No,No,No,Yes,,,,No,True,No,3/12/2025,No,Point,38.960492783,-76.837619338,PGCOPD,03,16,03,,12,,12:30,2025,Wednesday,12,Motor Vehicle In Transport,02,In Parking Lane Or Zone,,,,,,,,,01,Daylight,3/12/2025,2025-03-12,,,F,N,102,Parking Lot Way,,,01,No,,,,,,,,,,,,,,
Property Damage Crashes,AZ1743000M,Cheverly Police Department,Front to Rear,Prince George's,Major Collector,No,Yes,No,No,No,COLUMBIA PARK RD,3668,COUNTY ROAD,No,True,No,5/6/2025,No,Point,38.917180343,-76.915218312,CHEVERLY,03,16,03,No,10,,10:30,2025,Tuesday,12,Motor Vehicle In Transport,05,On Roadway,5,,,,,,09,Through Roadway,01,Daylight,5/6/2025,2025-05-06,N,28.65,F,N,,,BC1A8D8E810EA75F843402402C332EF780AF5577CC68583287083CEE17B261B0,CO,01,No,,,,,01,Dry,,,,,,,,
Property Damage Crashes,DA4373001Y,Prince George's County Police,Front to Rear,Prince George's,Interstate,No,Yes,No,No,No,CAPITAL BELTWAY (SB/L),95,INTERSTATE ROUTE,No,True,No,1/12/2025,No,Point,38.812502960,-76.907405840,PGCOPD,03,16,03,No,3,,03:15,2025,Sunday,12,Motor Vehicle In Transport,05,On Roadway,1,,,,,,09,Through Roadway,03,Dark - Lighted,1/12/2025,2025-01-12,N,2082.42,F,N,,,8B797A67B1377402C96DE8D8653D610E4C146FF56740BAF63FB0B0E1431F25A3,IS,01,No,,,,,01,Dry,,,,,,,,
Property Damage Crashes,MSP653400WS,Maryland State Police,Single Vehicle,Prince George's,Principal Arterial – Other Freeways and Expressways,No,No,No,No,No,RAMP 5 FR MD 980D SB TO MD 4 EB,4,RAMP,No,True,No,3/17/2025,No,Point,38.812513333,-76.775642682,MSP,101,16,03,No,3,,03:40,2025,Monday,27,Curb,10,Separator/Traffic Island,2,,,,RAMP 3 FR MD 4 EB TO MD 980D NB RITCHIE MARLBORO RD,,09,Through Roadway,04,Dark - Not Lighted,3/17/2025,2025-03-17,S,50,F,N,,,14C3A669DF1BE903CB660FCA1A7011BDAAEC1A56EAD65173F3352EDCBC9BF20A,RP,01,No,40,Tree (standing),05,On Roadway,09,Wet,,,,,,,,
Injury Crashes,DA27350066,Prince George's County Police,Front to Front,Prince George's,,No,No,No,No,Yes,,,,No,True,No,3/19/2025,No,Point,38.895482289,-76.825626286,PGCOPD,02,16,02,,16,,16:15,2025,Wednesday,12,Motor Vehicle In Transport,02,In Parking Lane Or Zone,,,,,,,,,01,Daylight,3/19/2025,2025-03-19,,,F,N,101,Parking Aisle,,,01,No,,,,,,,,,,,,,,
Property Damage Crashes,MSP766500B5,Maryland State Police,Single Vehicle,Prince George's,Interstate,No,No,No,No,No,CAPITAL BELTWAY,95,INTERSTATE ROUTE,No,True,No,3/16/2025,No,Point,39.018653333,-76.91918,MSP,101,16,03,No,23,,23:32,2025,Sunday,25,Concrete Traffic Barrier,09,Roadside,1,,,,,,06,Non-Junction,04,Dark - Not Lighted,3/16/2025,2025-03-16,W,18.47,F,N,,,A07DFF6D9D3A0E20A19ABA620B0976D6912A09E019263897FF3F48728DDB894D,IS,01,No,,,,,09,Wet,,,,,,,,
Property Damage Crashes,DA4343002H,Prince George's County Police,Angle,Prince George's,Local,No,No,No,No,No,POWDER MILL VILLAGE LA,379,OTHER PUBLIC ROAD,No,True,No,2/7/2025,No,Point,39.044413941,-76.941565337,PGCOPD,01,16,03,No,21,,21:00,2025,Friday,12,Motor Vehicle In Transport,05,On Roadway,7,,,,POWDER MILL RD POWDER MILL RD (SB/L),,03,Driveway Access or Related,03,Dark - Lighted,2/7/2025,2025-02-07,W,110.81,F,N,,,6FE9236FBB808235CC8B504947970F4FEFF0A6FFC7D218098538724144F7CF0C,OP,01,No,,,,,01,Dry,,,,,,,,
Property Damage Crashes,DA43980015,Prince George's County Police,Angle,Prince George's,Major Collector,No,Yes,No,No,No,LARCHMONT AVE,828,COUNTY ROAD,No,True,No,5/21/2025,No,Point,38.871758740,-76.922924190,PGCOPD,01,16,03,No,13,,13:34,2025,Wednesday,12,Motor Vehicle In Transport,05,On Roadway,5,,,,,,06,Non-Junction,01,Daylight,5/21/2025,2025-05-21,S,31.74,F,N,,,77A92753104EEEEFA8F5F869661DE7FF431119D0606C40F1E6033489FA6E95CA,CO,01,No,,,,,09,Wet,,,,,,,,
Property Damage Crashes,DA387800CG,Prince George's County Police,Other,Prince George's,Local,No,Yes,No,No,No,DUCHAINE DR,1900,COUNTY ROAD,Yes,True,No,2/18/2025,No,Point,38.960134018,-76.852341606,PGCOPD,98,16,03,No,14,,14:18,2025,Tuesday,12,Motor Vehicle In Transport,05,On Roadway,7,,,,,,06,Non-Junction,01,Daylight,2/18/2025,2025-02-18,S,11,F,N,,,7F59C8FDFA0CF542CAC26F4C522243DA3AF99444BF64DACC9475A7FE19434EE7,CO,02,"Yes, School Bus Directly Involved",,,,,01,Dry,,,,,,,,
Injury Crashes,AM0376002R,Bladensburg Police Department,Other,Prince George's,Principal Arterial – Other,No,No,No,No,No,,450,MARYLAND ROUTE,No,True,No,5/4/2025,No,Point,38.939470818,-76.932746077,BLADENSBURG,98,16,02,Yes,14,,14:20,2025,Sunday,12,Motor Vehicle In Transport,05,On Roadway,3,,,,,,03,Driveway Access or Related,01,Daylight,5/4/2025,2025-05-04,E,19.37,F,N,,,D6D1E19B8D591C38A3B4440E99D6B0852451060DFAB0371E4A30E977E24EDCBF,MD,01,No,,,,,01,Dry,,,,,,,,
Property Damage Crashes,MSP743600BZ,Maryland State Police,"Sideswipe, Same Direction",Prince George's,Principal Arterial – Other,No,No,No,No,No,CRAIN HWY (SB/L),301,UNITED STATE ROUTE,No,True,No,5/11/2025,No,Point,38.880841478,-76.720446114,MSP,07,16,03,No,10,,10:57,2025,Sunday,12,Motor Vehicle In Transport,05,On Roadway,3,,,,,,06,Non-Junction,01,Daylight,5/11/2025,2025-05-11,N,42.19,F,N,,,6A97D94A2EB2C0BC672340D925AA8666A951CB235438E3B42A7864836ADACAAA,US,01,No,12,Motor Vehicle In Transport,05,On Roadway,01,Dry,,,,,,,,
Property Damage Crashes,MSP7871003Y,Maryland State Police,Front to Rear,Prince George's,Interstate,No,Yes,No,No,No,NO NAME (SB/L),95,INTERSTATE ROUTE,No,True,No,5/2/2025,No,Point,39.022991618,-76.948462747,MSP,03,16,03,No,14,,14:11,2025,Friday,12,Motor Vehicle In Transport,05,On Roadway,1,,,,,,09,Through Roadway,01,Daylight,5/2/2025,2025-05-02,S,45.09,F,N,,,7B8DF169EC2CEA6ABFF4A1676EAEF100DAD23A0C07A57C7354A5917631B2E5DD,IS,02,"Yes, School Bus Directly Involved",,,,,01,Dry,,,,,,,,
Injury Crashes,DA4382001M,Prince George's County Police,Rear To Side,Prince George's,Local,No,No,No,No,No,SPAULDING AVE,4140,COUNTY ROAD,No,True,No,2/8/2025,No,Point,38.864737124,-76.924836153,PGCOPD,05,16,02,Yes,15,04,15:29,2025,Saturday,12,Motor Vehicle In Transport,05,On Roadway,7,Perpendicular,,,PENNSYLVANIA AVE (SB/L),03,05,Intersection or Related,01,Daylight,2/8/2025,2025-02-08,S,0,F,N,,,85743E8E69E2B50597A6F0EF875106773A4FE0A74FE2C3CF4F526E64FB904C96,CO,01,No,,,,,09,Wet,01,Signalized,,,,,,
Injury Crashes,DA4414000L,Prince George's County Police,Angle,Prince George's,Local,No,No,No,No,No,COLEBROOKE DR,607,COUNTY ROAD,No,True,No,4/20/2025,No,Point,38.842077802,-76.948453035,PGCOPD,01,16,02,No,23,,23:58,2025,Sunday,12,Motor Vehicle In Transport,05,On Roadway,7,,,,,,06,Non-Junction,03,Dark - Lighted,4/20/2025,2025-04-20,S,46.09,F,N,,,8EE2934353870B95810807AA5373BA80474A24C41E6BE4A5634134B99BD8A511,CO,01,No,,,,,01,Dry,,,,,,,,
Injury Crashes,MSP745800Q5,Maryland State Police,Single Vehicle,Prince George's,Major Collector,No,No,Yes,No,No,FAIRHAVEN AVE,3348,COUNTY ROAD,No,True,No,3/4/2025,No,Point,38.761161667,-76.807646667,MSP,101,16,02,No,15,,15:02,2025,Tuesday,02,Fell Jumped from Motor Vehicle,05,On Roadway,5,,,,,,01,Acceleration/Deceleration Lane,01,Daylight,3/4/2025,2025-03-04,N,39.93,F,N,,,EBF12D77B6F24A35D2F9D1561F7D82E6D6ACBF9730254D02E9CB308F43F8C07B,CO,01,No,,,,,01,Dry,,,,,,,,
Injury Crashes,MSP7770008D,Maryland State Police,Angle,Prince George's,Local,No,No,No,No,No,MISSOURI AVE,166,COUNTY ROAD,No,True,No,5/24/2025,No,Point,38.709572584,-76.852759009,MSP,01,16,02,Yes,17,,17:07,2025,Saturday,12,Motor Vehicle In Transport,05,On Roadway,7,,,,CRAIN HWY,,02,Crossover-Related,01,Daylight,5/24/2025,2025-05-24,E,2.19,F,N,,,87B6D6119E89ABD0FBCE76F6990B8C84A4A5BB08BD589DD367BD65B5FE2DD82B,CO,01,No,,,,,01,Dry,,,,,,,,
Property Damage Crashes,DA3728009G,Prince George's County Police,"Sideswipe, Opposite Direction",Prince George's,,No,No,No,No,Yes,,,,No,True,No,1/22/2025,No,Point,38.771880588,-76.888382793,PGCOPD,06,16,03,,15,,15:15,2025,Wednesday,12,Motor Vehicle In Transport,05,On Roadway,,,,,,,,,01,Daylight,1/22/2025,2025-01-22,,,F,N,102,Parking Lot Way,,,01,No,,,,,,,,,,,,,,
Property Damage Crashes,DA3413008W,Prince George's County Police,Angle,Prince George's,Minor Arterial,No,No,No,No,No,OLD BRANCH AVE,3675,COUNTY ROAD,No,True,No,1/24/2025,No,Point,38.776951893,-76.899640315,PGCOPD,01,16,03,Yes,20,02,20:50,2025,Friday,12,Motor Vehicle In Transport,99,Unknown,4,Perpendicular,,,BARNWOOD DR PLATA ST,03,05,Intersection or Related,03,Dark - Lighted,1/24/2025,2025-01-24,W,0,F,N,,,49CD1C0BEB2DDED709C509D8D1509A6484DA3BA9648A103EADA873FC1883FF41,CO,01,No,,,,,01,Dry,03,Stop - Partial,,,,,,
Property Damage Crashes,DA411200D4,Prince George's County Police,Angle,Prince George's,,No,No,No,No,Yes,,,,No,True,No,5/28/2025,No,Point,38.867700244,-76.852625322,PGCOPD,01,16,03,,19,,19:10,2025,Wednesday,12,Motor Vehicle In Transport,02,In Parking Lane Or Zone,,,,,,,,,01,Daylight,5/28/2025,2025-05-28,,,F,N,101,Parking Aisle,,,01,No,,,,,,,,,,,,,,
Property Damage Crashes,DA44180018,Prince George's County Police,"Sideswipe, Same Direction",Prince George's,Local,No,No,No,No,No,FURMAN PKWY,1777,COUNTY ROAD,No,True,No,5/16/2025,No,Point,38.956257430,-76.898960445,PGCOPD,07,16,03,No,22,,22:47,2025,Friday,15,Parked Vehicle,05,On Roadway,7,,,,,,09,Through Roadway,03,Dark - Lighted,5/16/2025,2025-05-16,N,12.06,F,N,,,642DF2074946BE7F2CF7A5CCC606DCC7DB619C7FB0BF0382B9F3A72104D33609,CO,01,No,,,,,01,Dry,,,,,,,,