Crash Severity Description,Reportnumber,Agencyname,CollisionImpact Description,Crash County Description,FunctionalClass Description,ImpairedCrash,Large Vehicle Involved,Motorcycle Crash,Non-Motorist Crash,OffRoad,RoadName,Route Number,RouteType Description,Unrestrained Occupants,WithinDateRange,Work Zone Related,Crashdate,Work Zone Crash,CrashPoint,Latitude,Longitude,AgencyCode,CollisionImpact,Crash County,Crash Severity,Crash Within Interchange,Crashhour,CrashInterchangeApproaches,Crashtime,CrashYear,Dayofweek,FirstHarmEvent,FirstHarmEvent Description,FirstHarmLocation,FirstHarmLocation Description,FunctionalClass,Geometry Description,GovPropertyDamage,GovPropertyDamage Description,IntersectingRoadName,Intersection Geometry,JunctionRelated,JunctionRelated Description,Light,Light Description,LOD Crash Date,LOD Date Level,MilepointDirection,MilepointDistance,MilepointUnits,NonTrafficFatal,OffroadLocation,OffroadLocation Description,RoadID,RouteType,SchoolBusRelated,SchoolBusRelated Description,SecondHarmEvent,SecondHarmEvent Description,SecondHarmLocation,SecondHarmLocation Description,Surface,Surface Description,TrafficControl,Trafficcontrol Description,WZLawEnforcementPresent,WZLocation,WZLocation Description,WZType,WZType Description,WZWorkersPresent
Property Damage Crashes,MSP745800T4,Maryland State Police,Other,Prince George's,Minor Collector,No,No,No,No,No,CEDARVILLE RD,185,COUNTY ROAD,No,True,No,5/19/2025,No,Point,38.66418,-76.874296667,MSP,98,16,03,No,15,,15:22,2025,Monday,12,Motor Vehicle In Transport,05,On Roadway,6,,,,,,01,Acceleration/Deceleration Lane,01,Daylight,5/19/2025,2025-05-19,S,4.52,F,N,,,422B3FDD39414D9C304B9181C1CA005D88847909F3021A3A3AAEA7847E405B9F,CO,01,No,,,,,01,Dry,,,,,,,,
Property Damage Crashes,DA43130033,Prince George's County Police,"Sideswipe, Same Direction",Prince George's,Local,No,Yes,No,No,No,FAIRLAWN ST,611,COUNTY ROAD,No,True,Yes,2/11/2025,Yes,Point,38.841639544,-76.950182205,PGCOPD,07,16,03,No,11,,11:44,2025,Tuesday,12,Motor Vehicle In Transport,05,On Roadway,7,,,,,,09,Through Roadway,01,Daylight,2/11/2025,2025-02-11,W,39.33,F,N,,,45A6447A7CAB322B55D6397CCC08DF5F7F7CD788BE0B5560D668364EE13DDB84,CO,01,No,,,,,01,Dry,,,N,04,Activity Area,05,Other Type of Work Zone,Yes
Injury Crashes,DA4234004D,Prince George's County Police,Unknown,Prince George's,Local,No,No,No,Yes,No,28TH AVE (NB/L),1263,COUNTY ROAD,No,True,No,3/25/2025,No,Point,38.832153026,-76.945812654,PGCOPD,99,16,02,Unknown,17,,17:00,2025,Tuesday,17,Pedestrian,04,"Off-Roadway, Location Unknown",7,,,,,,99,Unknown,01,Daylight,3/25/2025,2025-03-25,N,29.77,F,N,,,1A14C846B2643B784673C405193351A190311EA35DBB0EC0149F223CA270674C,CO,01,No,,,,,01,Dry,,,,,,,,
Injury Crashes,MSP757700J3,Maryland State Police,"Sideswipe, Same Direction",Prince George's,,No,No,No,No,No,,427,BIKE ROUTE,No,True,No,2/27/2025,No,Point,39.060761667,-76.921285,MSP,07,16,02,No,13,,13:18,2025,Thursday,12,Motor Vehicle In Transport,05,On Roadway,,,,,NO NAME,,09,Through Roadway,01,Daylight,2/27/2025,2025-02-27,S,38.57,F,N,,,DEFC2DE653B5FADB1437519870103F526191FC9D8F3B84974F57B3704121DAC2,BK,01,No,12,Motor Vehicle In Transport,05,On Roadway,01,Dry,,,,,,,,
Property Damage Crashes,MSP746700GF,Maryland State Police,Front to Rear,Prince George's,Interstate,No,No,No,No,No,CAPITAL BELTWAY (SB/L),95,INTERSTATE ROUTE,No,True,No,6/1/2025,No,Point,38.807791667,-76.977098333,MSP,03,16,03,No,15,,15:39,2025,Sunday,12,Motor Vehicle In Transport,05,On Roadway,1,,,,,,09,Through Roadway,01,Daylight,6/1/2025,2025-06-01,S,37.05,F,N,,,2247FD3B34599A8FFD077534231A7F08D5F99C7E2709E2646A0BD42F62BCACB1,IS,01,No,,,,,01,Dry,,,,,,,,
Property Damage Crashes,MSP69310136,Maryland State Police,Front to Rear,Prince George's,Interstate,No,No,No,No,No,CAPITAL BELTWAY,95,INTERSTATE ROUTE,No,True,No,2/24/2025,No,Point,38.818585,-76.93135,MSP,03,16,03,No,7,,07:50,2025,Monday,12,Motor Vehicle In Transport,05,On Roadway,1,,101,State,,,06,Non-Junction,01,Daylight,2/24/2025,2025-02-24,S,39.04,F,N,,,7DFCE95276AB1D5AD8215BB896C9A35D7DE5EFA24EC718C18A13BF639E6AB7C6,IS,01,No,32,Guardrail Face,09,Roadside,01,Dry,,,,,,,,
Property Damage Crashes,AZ1747000R,Cheverly Police Department,Front to Rear,Prince George's,Principal Arterial – Other,No,No,No,No,No,LANDOVER RD (SB/L),202,MARYLAND ROUTE,No,True,No,3/2/2025,No,Point,38.933929351,-76.913065618,CHEVERLY,03,16,03,No,4,,04:20,2025,Sunday,12,Motor Vehicle In Transport,05,On Roadway,3,,,,,,09,Through Roadway,03,Dark - Lighted,3/2/2025,2025-03-02,N,63.37,F,N,,,9C75CF41240209BD5A1B11F4677BD4589BED01023F171201F0E40303D2E0B99B,MD,01,No,,,,,01,Dry,,,,,,,,
Property Damage Crashes,DA4043009L,Prince George's County Police,Front to Front,Prince George's,Minor Collector,No,No,No,No,No,BADEN WESTWOOD RD,189,COUNTY ROAD,No,True,No,3/12/2025,No,Point,38.659589757,-76.777480052,PGCOPD,02,16,03,Yes,16,03,16:45,2025,Wednesday,12,Motor Vehicle In Transport,05,On Roadway,6,Angled/Skewed,,,BRANDYWINE RD,01,05,Intersection or Related,01,Daylight,3/12/2025,2025-03-12,S,0,F,N,,,136C8F889763E1AEA5B21D3B612D311E5920EA700D3466BE1D701CC899A5F1F9,CO,01,No,,,,,01,Dry,03,Stop - Partial,,,,,,
Property Damage Crashes,BP9419001W,Forest Heights Police Department,Front to Rear,Prince George's,Minor Arterial,No,No,No,No,No,INDIAN HEAD HWY,210,MARYLAND ROUTE,No,True,No,2/22/2025,No,Point,38.815913383,-76.998576941,FORESTHEIGHTS,03,16,03,Yes,23,,23:45,2025,Saturday,12,Motor Vehicle In Transport,05,On Roadway,4,,,,,,01,Acceleration/Deceleration Lane,03,Dark - Lighted,2/22/2025,2025-02-22,N,38.34,F,N,,,2B8B9D98C6AE1747DA261C5882B0C149EE921ABF79C16AB1FB075177BF2202EB,MD,01,No,,,,,01,Dry,,,,,,,,
Property Damage Crashes,DA3300001P,Prince George's County Police,Front to Rear,Prince George's,,No,No,No,No,No,,416,COUNTY ROAD,No,True,No,2/10/2025,No,Point,38.741930612,-76.999385715,PGCOPD,03,16,03,No,0,,00:16,2025,Monday,12,Motor Vehicle In Transport,05,On Roadway,,,,,,,06,Non-Junction,03,Dark - Lighted,2/10/2025,2025-02-10,E,15.5,F,N,,,A345E1D0A7656D7D2A5C78891E0D1624655CB7D9F62EF2BF740618C95E158FD5,CO,01,No,,,,,01,Dry,,,,,,,,
Property Damage Crashes,DA4383002W,Prince George's County Police,"Sideswipe, Same Direction",Prince George's,,No,No,No,No,Yes,,,,No,True,No,2/20/2025,No,Point,38.981701534,-76.865366927,PGCOPD,07,16,03,,22,,22:13,2025,Thursday,15,Parked Vehicle,02,In Parking Lane Or Zone,,,,,,,,,03,Dark - Lighted,2/20/2025,2025-02-20,,,F,N,102,Parking Lot Way,,,01,No,,,,,,,,,,,,,,
Injury Crashes,CC0301000B,Hyattsville Police Department,Front to Front,Prince George's,Minor Arterial,No,No,No,No,No,,500,MARYLAND ROUTE,No,True,No,2/6/2025,No,Point,38.955880969,-76.962297333,HYATTSVILLE,02,16,02,Yes,20,04,20:30,2025,Thursday,12,Motor Vehicle In Transport,05,On Roadway,4,Angled/Skewed,,,HAMILTON ST HAMILTON ST (SB/L),01,05,Intersection or Related,03,Dark - Lighted,2/6/2025,2025-02-06,S,0,F,N,,,A48B87A053B3D161AE3CCBDEA1F156D21E36B77B704FA5D940F96FFCF7F4E78B,MD,01,No,,,,,01,Dry,01,Signalized,,,,,,
Injury Crashes,DA38350073,Prince George's County Police,Front to Front,Prince George's,,No,No,No,No,No,,558,COUNTY ROAD,No,True,No,4/15/2025,No,Point,38.7835389,-76.8825476,PGCOPD,02,16,02,No,18,,18:29,2025,Tuesday,12,Motor Vehicle In Transport,05,On Roadway,,,,,,,06,Non-Junction,01,Daylight,4/15/2025,2025-04-15,N,33.02,F,N,,,6B896061671F4F0D283472317C538D5C47B983C795DDECD4F2745538F6F67892,CO,01,No,,,,,01,Dry,,,,,,,,
Property Damage Crashes,DA43100020,Prince George's County Police,"Sideswipe, Same Direction",Prince George's,Minor Arterial,No,No,No,No,No,,193,MARYLAND ROUTE,No,True,No,2/11/2025,No,Point,38.903005291,-76.794715143,PGCOPD,07,16,03,No,14,,14:00,2025,Tuesday,12,Motor Vehicle In Transport,99,Unknown,4,,,,,,06,Non-Junction,01,Daylight,2/11/2025,2025-02-11,N,63.39,F,N,,,A393EDE531BEF1E2CBC2A5D478116F1EC40AC13277A28BDC7D007DE53EE087F0,MD,01,No,,,,,09,Wet,,,,,,,,
Property Damage Crashes,BW0212000M,Greenbelt Police Department,"Sideswipe, Same Direction",Prince George's,Principal Arterial – Other Freeways and Expressways,No,No,No,No,No,RAMP 5 FR MD 201 SB TO MD 193 EB,201,RAMP,No,True,No,4/5/2025,No,Point,38.996373453,-76.900637344,GREENBELT,07,16,03,No,15,,15:31,2025,Saturday,12,Motor Vehicle In Transport,05,On Roadway,2,,,,,,99,Unknown,01,Daylight,4/5/2025,2025-04-05,N,13.41,F,N,,,B3DB39FFB4338DF14B0514D975D563D54911444C9751E011095FA9E7B710E40B,RP,01,No,,,,,01,Dry,,,,,,,,
Property Damage Crashes,CE49090077,Laurel Police Department,Front to Front,Prince George's,,No,No,No,No,No,,219,MUNICIPAL ROAD,No,True,No,1/3/2025,No,Point,39.093203231,-76.856231059,LAUREL,02,16,03,No,16,,16:15,2025,Friday,12,Motor Vehicle In Transport,04,"Off-Roadway, Location Unknown",,,,,CHERRY LA (WB/L),,01,Acceleration/Deceleration Lane,01,Daylight,1/3/2025,2025-01-03,W,900.71,F,N,,,047501C3E92586D7609E89CE5AC54FC1AF36E0FF2B06F8FDDC087B8342DC0D5C,MU,01,No,,,,,09,Wet,,,,,,,,
Injury Crashes,DA3433005N,Prince George's County Police,"Sideswipe, Same Direction",Prince George's,Minor Arterial,No,No,No,No,No,OLD MARLBORO PIKE,4024,COUNTY ROAD,No,True,No,6/6/2025,No,Point,38.815698785,-76.776851398,PGCOPD,07,16,02,No,14,,14:00,2025,Friday,12,Motor Vehicle In Transport,05,On Roadway,4,,,,,,01,Acceleration/Deceleration Lane,01,Daylight,6/6/2025,2025-06-06,E,32.29,F,N,,,E7A1AEA2D6FDC963940B944F4E88B84024822442526A94EAA314A05CE268BA94,CO,01,No,,,,,01,Dry,,,,,,,,
Property Damage Crashes,DA43570031,Prince George's County Police,Front to Rear,Prince George's,Local,No,No,No,No,No,PLATA ST,3293,COUNTY ROAD,No,True,No,4/27/2025,No,Point,38.777007025,-76.901129525,PGCOPD,03,16,03,No,8,,08:15,2025,Sunday,12,Motor Vehicle In Transport,09,Roadside,7,,,,,,06,Non-Junction,01,Daylight,4/27/2025,2025-04-27,W,19.23,F,N,,,3B4C46614E05720A58F2C762A5E74179C768202F0B8CC3BF2FB138AF5EEE9F05,CO,01,No,,,,,01,Dry,,,,,,,,
Property Damage Crashes,DA40900061,Prince George's County Police,Angle,Prince George's,Major Collector,No,No,No,No,No,ST BARNABAS RD,165,COUNTY ROAD,No,True,No,2/15/2025,No,Point,38.804052974,-76.975132991,PGCOPD,01,16,03,No,8,,08:15,2025,Saturday,12,Motor Vehicle In Transport,05,On Roadway,5,,,,,,09,Through Roadway,01,Daylight,2/15/2025,2025-02-15,E,8.51,F,N,,,F1CF44E7C542E0B92B78F4051BA6BD5E8CE38FB82CD8E3D08E68E1AC8DA5EF7B,CO,01,No,,,,,01,Dry,,,,,,,,
Property Damage Crashes,MSP7665009C,Maryland State Police,"Sideswipe, Same Direction",Prince George's,Interstate,No,No,No,No,No,RAMP 8 FR IS 95 SB TO MD 200 WB,95,RAMP,No,True,No,1/13/2025,No,Point,39.076218834,-76.904110688,MSP,07,16,03,No,7,,07:44,2025,Monday,12,Motor Vehicle In Transport,09,Roadside,1,,,,,,06,Non-Junction,01,Daylight,1/13/2025,2025-01-13,N,695.18,F,N,,,D22CD903A12AC05140C546772B575241AA706742ECF43C6EA81AA3EEB10441F7,RP,01,No,25,Concrete Traffic Barrier,09,Roadside,01,Dry,,,,,,,,
Property Damage Crashes,DA415600D6,Prince George's County Police,Single Vehicle,Prince George's,Local,No,No,No,No,No,POPLAR RD,160,MUNICIPAL ROAD,No,True,No,3/9/2025,No,Point,38.8271768,-76.8913891,PGCOPD,101,16,03,No,21,,21:30,2025,Sunday,36,"Other Post, Pole, Or Support",05,On Roadway,7,,100,Local,,,09,Through Roadway,03,Dark - Lighted,3/9/2025,2025-03-09,E,31.49,F,N,,,043E9EDF4FEBEB1DD2C94B686F0199882A99D3D30CE63D89BCD02F2FDF392F30,MU,01,No,,,,,01,Dry,,,,,,,,
Property Damage Crashes,DA3173005C,Prince George's County Police,"Sideswipe, Same Direction",Prince George's,,No,No,No,No,No,,3523,COUNTY ROAD,No,True,No,2/15/2025,No,Point,39.050448416,-76.937178557,PGCOPD,07,16,03,No,13,,13:29,2025,Saturday,12,Motor Vehicle In Transport,05,On Roadway,,,,,,,03,Driveway Access or Related,01,Daylight,2/15/2025,2025-02-15,N,15.74,F,N,,,69FE0CBE3D24C5ABB9E39412EFAFB98A61DE298F4F41B9B93AC8B821A9C83D9D,CO,01,No,,,,,09,Wet,,,,,,,,
Injury Crashes,CC0294002P,Hyattsville Police Department,Front to Rear,Prince George's,Minor Arterial,No,No,No,No,No,QUEENS CHAPEL RD (WB/L),500,MARYLAND ROUTE,No,True,No,5/31/2025,No,Point,38.960950770,-76.955392965,HYATTSVILLE,03,16,02,No,4,,04:10,2025,Saturday,12,Motor Vehicle In Transport,05,On Roadway,4,,,,NICHOLSON ST,,99,Unknown,03,Dark - Lighted,5/31/2025,2025-05-31,E,7.97,F,N,,,935377317051B85B919B7922EF8B58F7D68A95EE7A9FDB597BD5961DD9979A37,MD,01,No,12,Motor Vehicle In Transport,05,On Roadway,09,Wet,,,,,,,,
Property Damage Crashes,MSP546601RY,Maryland State Police,Front to Rear,Prince George's,Interstate,No,Yes,No,No,No,CAPITAL BELTWAY (SB/L),95,INTERSTATE ROUTE,No,True,No,3/6/2025,No,Point,38.899832241,-76.850277041,MSP,03,16,03,Yes,5,,05:56,2025,Thursday,12,Motor Vehicle In Transport,05,On Roadway,1,,,,,,09,Through Roadway,100,Dawn,3/6/2025,2025-03-06,S,18.85,F,N,,,71AB6A8F6ECA1C0899B799444052A0D5D19AB1B58EFE51521200E51AD5B1925A,IS,01,No,12,Motor Vehicle In Transport,05,On Roadway,01,Dry,,,,,,,,
Injury Crashes,DA44000015,Prince George's County Police,Angle,Prince George's,Principal Arterial – Other,No,No,No,No,No,ST BARNABAS RD (WB/L),414,MARYLAND ROUTE,Yes,True,No,4/4/2025,No,Point,38.811183264,-76.967905627,PGCOPD,01,16,02,No,23,,23:37,2025,Friday,12,Motor Vehicle In Transport,05,On Roadway,3,,,,,,09,Through Roadway,03,Dark - Lighted,4/4/2025,2025-04-04,E,30.87,F,N,,,95FFAD42E86BCCA88353B2966C8FECF2DC140C702AEC40B7B741B57574677E5B,MD,01,No,,,,,01,Dry,,,,,,,,
Property Damage Crashes,MSP7765005L,Maryland State Police,Angle,Prince George's,Local,No,No,No,No,No,OLD INDIAN HEAD RD,135,COUNTY ROAD,No,True,No,1/16/2025,No,Point,38.739407523,-76.820510026,MSP,01,16,03,No,16,03,16:17,2025,Thursday,12,Motor Vehicle In Transport,05,On Roadway,7,Perpendicular,,,CRAIN HWY,03,05,Intersection or Related,01,Daylight,1/16/2025,2025-01-16,S,0,F,N,,,0CB758560114425D82E66EAC9E86887542E2345B5E701F52A5AA33A86B518D4C,CO,01,No,,,,,01,Dry,02,Stop - All Way,,,,,,
Property Damage Crashes,CBPD0048008T,Bowie Police Department,"Sideswipe, Same Direction",Prince George's,,No,No,No,No,Yes,,,,No,True,No,4/14/2025,No,Point,38.977913666,-76.735024140,BOWIE,07,16,03,,18,,18:18,2025,Monday,15,Parked Vehicle,99,Unknown,,,,,,,,,01,Daylight,4/14/2025,2025-04-14,,,F,N,102,Parking Lot Way,,,01,No,12,Motor Vehicle In Transport,99,Unknown,,,,,,,,,,
Property Damage Crashes,MSP6582015V,Maryland State Police,Single Vehicle,Prince George's,Principal Arterial – Other Freeways and Expressways,No,No,No,No,No,BRANCH AVE,5,MARYLAND ROUTE,No,True,No,3/6/2025,No,Point,38.804030568,-76.905130132,MSP,101,16,03,No,0,,00:54,2025,Thursday,31,Guardrail End Terminal,01,Gore,2,,101,State,,,09,Through Roadway,04,Dark - Not Lighted,3/6/2025,2025-03-06,N,58.31,F,N,,,AF12485AAAEF298CD3BF74D656B9E788F5426FACAC1BEAEC8153EDC6BB85C7A0,MD,01,No,,,,,09,Wet,,,,,,,,
Property Damage Crashes,GD3162004G,Landover Police Department,"Sideswipe, Opposite Direction",Prince George's,Minor Arterial,No,No,No,No,No,ANNAPOLIS RD,450,MARYLAND ROUTE,No,True,No,1/26/2025,No,Point,38.943337232,-76.901612316,LANDOVER,06,16,03,No,17,,17:25,2025,Sunday,12,Motor Vehicle In Transport,02,In Parking Lane Or Zone,4,,,,,,06,Non-Junction,03,Dark - Lighted,1/26/2025,2025-01-26,W,43.22,F,N,,,EC7EF3F8321CD4FC481EA16FE385D8352F720D277952D5C07BA1A40228652D33,MD,01,No,,,,,01,Dry,,,,,,,,
Property Damage Crashes,DA3777003J,Prince George's County Police,Rear To Rear,Prince George's,Local,No,Yes,No,No,No,QUEEN MARIE CT,5292,COUNTY ROAD,No,True,No,1/12/2025,No,Point,38.888726384,-76.714027567,PGCOPD,04,16,03,No,10,,10:31,2025,Sunday,15,Parked Vehicle,05,On Roadway,7,,,,,,06,Non-Junction,01,Daylight,1/12/2025,2025-01-12,W,36.24,F,N,,,B41531B2CCA0E81941F1216CDCAE6128F7EE53756945F962CA388A7680811F41,CO,02,"Yes, School Bus Directly Involved",,,,,02,Ice/Frost,,,,,,,,
Property Damage Crashes,DA44210024,Prince George's County Police,Angle,Prince George's,Minor Arterial,No,No,No,No,No,,223,MARYLAND ROUTE,No,True,No,5/5/2025,No,Point,38.755065260,-76.920591334,PGCOPD,01,16,03,No,15,,15:00,2025,Monday,12,Motor Vehicle In Transport,05,On Roadway,4,,,,,,09,Through Roadway,01,Daylight,5/5/2025,2025-05-05,W,24.38,F,N,,,37C29D735910F63CFC7F32EAAD4AC92D91502907E66C48F4824F8A726E052BC0,MD,01,No,,,,,01,Dry,,,,,,,,
Property Damage Crashes,MSP738100CP,Maryland State Police,Single Vehicle,Prince George's,Interstate,No,No,No,No,No,CAPITAL BELTWAY (SB/L),95,INTERSTATE ROUTE,No,True,Yes,4/28/2025,Yes,Point,38.810229502,-76.965321425,MSP,101,16,03,No,10,,10:11,2025,Monday,32,Guardrail Face,06,"On Shoulder, Left Side",1,,101,State,,,01,Acceleration/Deceleration Lane,01,Daylight,4/28/2025,2025-04-28,S,60.38,F,N,,,F6878AE788E8EA0D3CE5FD69B5F956CEFADE2F3AEA11532FA9A948F726D76571,IS,01,No,,,,,01,Dry,,,N,03,Transition Area,03,Work on Shoulder or Median,No
Property Damage Crashes,DA43800031,Prince George's County Police,Front to Rear,Prince George's,Principal Arterial – Other Freeways and Expressways,No,No,No,No,No,INDIAN HEAD HWY (SB/L),210,MARYLAND ROUTE,No,True,No,3/24/2025,No,Point,38.766153179,-76.994724053,PGCOPD,03,16,03,No,13,,13:45,2025,Monday,12,Motor Vehicle In Transport,05,On Roadway,2,,,,,,01,Acceleration/Deceleration Lane,01,Daylight,3/24/2025,2025-03-24,N,75.92,F,N,,,64C999B007A4908A38959E9FD63B0EBB7EA27714AA0075B12C1862BC3415DAF8,MD,01,No,,,,,01,Dry,,,,,,,,
Property Damage Crashes,MSP7875003J,Maryland State Police,"Sideswipe, Same Direction",Prince George's,Interstate,Yes,No,No,No,No,CAPITAL BELTWAY (SB/L),95,INTERSTATE ROUTE,No,True,No,4/26/2025,No,Point,38.819320966,-76.916834242,MSP,07,16,03,No,10,,10:38,2025,Saturday,12,Motor Vehicle In Transport,05,On Roadway,1,,,,,,06,Non-Junction,01,Daylight,4/26/2025,2025-04-26,N,29.67,F,N,,,F656EE0D0D0BDCDF3275CC765642D643453727A55C3DF666CA753037271D5D1E,IS,01,No,,,,,09,Wet,,,,,,,,
Property Damage Crashes,DA3707004L,Prince George's County Police,"Sideswipe, Same Direction",Prince George's,,No,No,No,No,No,,74,SPUR,No,True,No,2/10/2025,No,Point,38.956008734,-76.823618936,PGCOPD,07,16,03,No,14,04,14:19,2025,Monday,12,Motor Vehicle In Transport,05,On Roadway,,Perpendicular,,,MARTIN LUTHER KING JR HWY (WB/L),03,05,Intersection or Related,01,Daylight,2/10/2025,2025-02-10,S,0,F,N,,,DB3FB8AC1BC65B46E19642C352B1B55151315F66FD15F3A6760B3EC1B09B5E72,SP,01,No,,,,,01,Dry,01,Signalized,,,,,,
Property Damage Crashes,DA379700CF,Prince George's County Police,Front to Rear,Prince George's,Principal Arterial – Other Freeways and Expressways,No,No,No,No,No,KENILWORTH AVE,201,MARYLAND ROUTE,No,True,No,3/21/2025,No,Point,38.913187055,-76.933190492,PGCOPD,03,16,03,No,14,,14:50,2025,Friday,12,Motor Vehicle In Transport,05,On Roadway,2,,,,,,06,Non-Junction,01,Daylight,3/21/2025,2025-03-21,S,35.79,F,N,,,DC1B3D2DCC3911BE54D8C6580EDA0F6EC7A8848C71F199A4A1209678DD0551F6,MD,01,No,,,,,01,Dry,,,,,,,,
Injury Crashes,MSP585801FN,Maryland State Police,Angle,Prince George's,Major Collector,No,No,No,No,No,WESTPHALIA RD,91,COUNTY ROAD,No,True,No,2/10/2025,No,Point,38.837411250,-76.861875303,MSP,01,16,02,Yes,19,04,19:44,2025,Monday,12,Motor Vehicle In Transport,05,On Roadway,5,Angled/Skewed,,,OLD MARLBORO PIKE,01,05,Intersection or Related,04,Dark - Not Lighted,2/10/2025,2025-02-10,N,0,F,N,,,1645DAC0F94276FC72BBF27C43C757FE0BF1AF4D3454011C2E0C47FB3D63EE60,CO,01,No,,,,,01,Dry,01,Signalized,,,,,,
Property Damage Crashes,DA3330004N,Prince George's County Police,Single Vehicle,Prince George's,Principal Arterial – Other,No,No,No,No,No,RHODE ISLAND AVE (SB/L),1,UNITED STATE ROUTE,No,True,No,3/30/2025,No,Point,38.943686947,-76.949328288,PGCOPD,101,16,03,No,1,,01:53,2025,Sunday,09,Animal (live),05,On Roadway,3,,,,,,06,Non-Junction,03,Dark - Lighted,3/30/2025,2025-03-30,N,22.72,F,N,,,95354CFDE3F19A22C857D63C8575E80B40B98CFB8A48A544020BF9106B66C699,US,01,No,,,,,01,Dry,,,,,,,,
Property Damage Crashes,DA43420046,Prince George's County Police,Front to Front,Prince George's,Local,No,No,No,No,No,HAWTHORNE ST,691,COUNTY ROAD,No,True,No,5/14/2025,No,Point,38.924288069,-76.883027371,PGCOPD,02,16,03,No,9,,09:03,2025,Wednesday,15,Parked Vehicle,05,On Roadway,7,,,,,,09,Through Roadway,01,Daylight,5/14/2025,2025-05-14,N,4.79,F,N,,,C6A131550AB6B85D66859D4A0AD6DB75B577A7951017933D87446ED34383932D,CO,01,No,15,Parked Vehicle,09,Roadside,09,Wet,,,,,,,,
Property Damage Crashes,DS0483001F,University of Maryland Police College Park,"Sideswipe, Same Direction",Prince George's,,No,No,No,No,Yes,,,,No,True,No,3/25/2025,No,Point,38.982158087,-76.946789700,UMCP,07,16,03,,7,,07:30,2025,Tuesday,12,Motor Vehicle In Transport,02,In Parking Lane Or Zone,,,,,,,,,01,Daylight,3/25/2025,2025-03-25,,,F,N,102,Parking Lot Way,,,01,No,12,Motor Vehicle In Transport,02,In Parking Lane Or Zone,,,,,,,,,,
Property Damage Crashes,DA4421001S,Prince George's County Police,Unknown,Prince George's,Local,No,No,No,No,No,SHANNON DR,4270,COUNTY ROAD,No,True,No,4/13/2025,No,Point,38.767612619,-76.926213723,PGCOPD,99,16,03,No,21,,21:21,2025,Sunday,12,Motor Vehicle In Transport,09,Roadside,7,,,,,,99,Unknown,03,Dark - Lighted,4/13/2025,2025-04-13,E,18.5,F,N,,,8A742DDB65FC14D8FBABF89EE9E24F43FE9F42EFF6843DB75F37F80EC7639458,CO,01,No,,,,,01,Dry,,,,,,,,
Property Damage Crashes,DA4341001Z,Prince George's County Police,Angle,Prince George's,Principal Arterial – Other,No,No,No,No,No,SILVER HILL RD,458,MARYLAND ROUTE,No,True,No,4/8/2025,No,Point,38.842731452,-76.932360892,PGCOPD,01,16,03,No,2,,02:11,2025,Tuesday,12,Motor Vehicle In Transport,05,On Roadway,3,,,,,,04,Entrance/Exit Ramp or Related,04,Dark - Not Lighted,4/8/2025,2025-04-08,E,20.35,F,N,,,0CD05F384983C944F753BA94327DB816BEBF4FA502FE9D0E6C4B906E4F1605D4,MD,01,No,,,,,01,Dry,,,,,,,,
Property Damage Crashes,DA3774008C,Prince George's County Police,Unknown,Prince George's,Major Collector,No,No,No,No,No,VETERANS PKWY,410,MARYLAND ROUTE,No,True,No,1/4/2025,No,Point,38.942454241,-76.880446329,PGCOPD,99,16,03,Yes,19,03,19:17,2025,Saturday,12,Motor Vehicle In Transport,05,On Roadway,5,Perpendicular,,,RAMP 3 FR RAMP 6 (FR US 50) TO MD 410 NB,03,05,Intersection or Related,03,Dark - Lighted,1/4/2025,2025-01-04,N,0,F,N,,,7683F3ED39E5C84AAFA4475FB1AB1BD9CF7D902FCD5D391272FEA9D5EF548AC1,MD,01,No,,,,,01,Dry,01,Signalized,,,,,,
Property Damage Crashes,DA4394001J,Prince George's County Police,Angle,Prince George's,Minor Arterial,No,No,No,No,No,BELTSVILLE DR,3523,COUNTY ROAD,No,True,No,5/14/2025,No,Point,39.049613667,-76.937877316,PGCOPD,01,16,03,No,6,,06:25,2025,Wednesday,12,Motor Vehicle In Transport,05,On Roadway,4,,,,,,06,Non-Junction,01,Daylight,5/14/2025,2025-05-14,N,19.17,F,N,,,511619B98E7DE313666DD7E61513B5856208195183CB2D642735C86C0C44300D,CO,01,No,,,,,01,Dry,,,,,,,,
Property Damage Crashes,DA3426004J,Prince George's County Police,Front to Rear,Prince George's,Major Collector,No,No,No,No,No,SHADY GLEN DR,2451,COUNTY ROAD,No,True,No,1/24/2025,No,Point,38.886080444,-76.876931242,PGCOPD,03,16,03,No,16,,16:25,2025,Friday,12,Motor Vehicle In Transport,05,On Roadway,5,,,,,,06,Non-Junction,01,Daylight,1/24/2025,2025-01-24,N,43.38,F,N,,,A6FBFD98471F9971E0797247358B72AB497C2D491EC4BBD3D7F632A5B5D01DF3,CO,01,No,12,Motor Vehicle In Transport,05,On Roadway,01,Dry,,,,,,,,
Property Damage Crashes,DA4424000S,Prince George's County Police,"Sideswipe, Same Direction",Prince George's,Minor Arterial,Yes,No,No,No,No,CENTRAL AVE,332,MARYLAND ROUTE,No,True,No,3/26/2025,No,Point,38.885006851,-76.915810909,PGCOPD,07,16,03,No,21,,21:20,2025,Wednesday,12,Motor Vehicle In Transport,05,On Roadway,4,,,,,,09,Through Roadway,03,Dark - Lighted,3/26/2025,2025-03-26,E,24.61,F,N,,,47D7667388C1C4578F7C0FDF6417AD146A465ADDC40D7031D7F0F4A8644C2F78,MD,01,No,,,,,01,Dry,,,,,,,,