Crash Severity Description,Reportnumber,Agencyname,CollisionImpact Description,Crash County Description,FunctionalClass Description,ImpairedCrash,Large Vehicle Involved,Motorcycle Crash,Non-Motorist Crash,OffRoad,RoadName,Route Number,RouteType Description,Unrestrained Occupants,WithinDateRange,Work Zone Related,Crashdate,Work Zone Crash,CrashPoint,Latitude,Longitude,AgencyCode,CollisionImpact,Crash County,Crash Severity,Crash Within Interchange,Crashhour,CrashInterchangeApproaches,Crashtime,CrashYear,Dayofweek,FirstHarmEvent,FirstHarmEvent Description,FirstHarmLocation,FirstHarmLocation Description,FunctionalClass,Geometry Description,GovPropertyDamage,GovPropertyDamage Description,IntersectingRoadName,Intersection Geometry,JunctionRelated,JunctionRelated Description,Light,Light Description,LOD Crash Date,LOD Date Level,MilepointDirection,MilepointDistance,MilepointUnits,NonTrafficFatal,OffroadLocation,OffroadLocation Description,RoadID,RouteType,SchoolBusRelated,SchoolBusRelated Description,SecondHarmEvent,SecondHarmEvent Description,SecondHarmLocation,SecondHarmLocation Description,Surface,Surface Description,TrafficControl,Trafficcontrol Description,WZLawEnforcementPresent,WZLocation,WZLocation Description,WZType,WZType Description,WZWorkersPresent
Property Damage Crashes,CBPD0116003Z,Bowie Police Department,"Sideswipe, Same Direction",Prince George's,,No,No,No,No,Yes,,,,No,True,No,2/14/2025,No,Point,38.943342806,-76.719416053,BOWIE,07,16,03,,13,,13:45,2025,Friday,15,Parked Vehicle,02,In Parking Lane Or Zone,,,,,,,,,01,Daylight,2/14/2025,2025-02-14,,,F,N,100,Parking Stall,,,01,No,,,,,,,,,,,,,,
Property Damage Crashes,CE4152008Y,Laurel Police Department,"Sideswipe, Same Direction",Prince George's,Major Collector,No,No,No,No,No,MONTGOMERY ST,260,MUNICIPAL ROAD,No,True,No,6/1/2025,No,Point,39.107191440,-76.858676489,LAUREL,07,16,03,No,9,,09:34,2025,Sunday,15,Parked Vehicle,05,On Roadway,5,,,,,,06,Non-Junction,01,Daylight,6/1/2025,2025-06-01,S,35.04,F,N,,,09D65D244E3A6A3E2E4B3461A7065F28C734785CCE71A7129C9EDCA5BA6C756E,MU,01,No,,,,,01,Dry,,,,,,,,
Property Damage Crashes,DA4411000G,Prince George's County Police,Front to Rear,Prince George's,,No,No,No,No,No,,588,SPUR,No,True,No,3/10/2025,No,Point,38.900531408,-76.792285142,PGCOPD,03,16,03,No,7,,07:10,2025,Monday,12,Motor Vehicle In Transport,05,On Roadway,,,,,,,09,Through Roadway,01,Daylight,3/10/2025,2025-03-10,W,43.14,F,N,,,6BDF282CD47790248A901E76FB4EC53EC507D58B65012F0FD2AFB007649E5FB7,SP,01,No,,,,,01,Dry,,,,,,,,
Property Damage Crashes,MSP7770006T,Maryland State Police,Angle,Prince George's,Local,No,No,No,No,No,HERITAGE BLVD (WB/L),855,MUNICIPAL ROAD,No,True,No,3/11/2025,No,Point,38.944921545,-76.718198165,MSP,01,16,03,No,14,,14:31,2025,Tuesday,12,Motor Vehicle In Transport,05,On Roadway,7,,,,,,06,Non-Junction,01,Daylight,3/11/2025,2025-03-11,N,417.83,F,N,,,D12E27141ED72F6BE934D01B1FC340663BD9AAE3EEFD51480F601E73087CB435,MU,01,No,,,,,01,Dry,,,,,,,,
Property Damage Crashes,DA35990054,Prince George's County Police,Front to Front,Prince George's,Local,No,No,No,No,No,EWING RD,2362,COUNTY ROAD,No,True,No,1/10/2025,No,Point,39.028550393,-76.913917364,PGCOPD,02,16,03,No,18,,18:31,2025,Friday,12,Motor Vehicle In Transport,05,On Roadway,7,,,,BACON DR,,06,Non-Junction,03,Dark - Lighted,1/10/2025,2025-01-10,S,0,F,N,,,2FC947AC27340CC500EC1CE066A2205DB75E30637A68DAF97B12BBEF8786638C,CO,01,No,,,,,09,Wet,,,,,,,,
Property Damage Crashes,DA39730069,Prince George's County Police,"Sideswipe, Opposite Direction",Prince George's,Local,No,No,No,No,No,JUDSON ST,1146,COUNTY ROAD,No,True,No,1/19/2025,No,Point,38.985165986,-76.968719664,PGCOPD,06,16,03,No,18,,18:00,2025,Sunday,15,Parked Vehicle,05,On Roadway,7,,,,,,06,Non-Junction,99,Unknown,1/19/2025,2025-01-19,W,38.37,F,N,,,15DEB3F149DAF8CE8B080EE27F65BCBC25A79DC895677A8EAA09E2EA268F9523,CO,01,No,,,,,02,Ice/Frost,,,,,,,,
Injury Crashes,CE4862004H,Laurel Police Department,Angle,Prince George's,Principal Arterial – Other,No,No,No,No,No,TALBOTT AVE (WB/L),198,MARYLAND ROUTE,No,True,No,1/23/2025,No,Point,39.099515214,-76.848368551,LAUREL,01,16,02,Yes,10,02,10:00,2025,Thursday,12,Motor Vehicle In Transport,05,On Roadway,3,Perpendicular,,,WASHINGTON BLVD (SB/L),03,05,Intersection or Related,01,Daylight,1/23/2025,2025-01-23,S,0,F,N,,,C18DE184DC3258618AD18D530E7FCD6394261A3B4A7F4EC6DA8185A48B9292D2,MD,01,No,,,,,01,Dry,01,Signalized,,,,,,
Property Damage Crashes,CE4515009W,Laurel Police Department,"Sideswipe, Same Direction",Prince George's,Local,Yes,No,No,No,No,EIGHTH ST,9080,MUNICIPAL ROAD,No,True,No,4/13/2025,No,Point,39.100058364,-76.857969747,LAUREL,07,16,03,No,6,,06:30,2025,Sunday,15,Parked Vehicle,07,"On Shoulder, Right Side",7,,,,,,06,Non-Junction,01,Daylight,4/13/2025,2025-04-13,S,21.75,F,N,,,6910B2355B92E4EF4979459716E437D4F495CAD3EF5F7DF50FDCC55286A1E506,MU,01,No,15,Parked Vehicle,07,"On Shoulder, Right Side",01,Dry,,,,,,,,
Property Damage Crashes,DA4276007N,Prince George's County Police,Front to Rear,Prince George's,Major Collector,No,No,No,No,No,HAMPTON PARK BLVD (NB/L),4475,COUNTY ROAD,No,True,No,5/7/2025,No,Point,38.890180280,-76.853384424,PGCOPD,03,16,03,No,17,,17:30,2025,Wednesday,12,Motor Vehicle In Transport,05,On Roadway,5,,,,,,06,Non-Junction,01,Daylight,5/7/2025,2025-05-07,N,58.27,F,N,,,87E4A80C42AD51D50721449DCB69E6DAF6732608F6B8CBBCDFEDCB4B0DB284CD,CO,01,No,,,,,01,Dry,,,,,,,,
Property Damage Crashes,MSP585801HB,Maryland State Police,Front to Rear,Prince George's,Interstate,No,No,No,No,No,CAPITAL BELTWAY,95,INTERSTATE ROUTE,No,True,No,4/27/2025,No,Point,38.915713545,-76.851090023,MSP,03,16,03,No,18,,18:08,2025,Sunday,12,Motor Vehicle In Transport,05,On Roadway,1,,101,State,,,09,Through Roadway,01,Daylight,4/27/2025,2025-04-27,E,25.11,F,N,,,E3612D8D65A40A5BA9D6044E77D6E11F1E222CAB966BF3615A88CCB3D85881CA,IS,01,No,12,Motor Vehicle In Transport,05,On Roadway,01,Dry,,,,,,,,
Property Damage Crashes,DA4291004S,Prince George's County Police,"Sideswipe, Same Direction",Prince George's,,No,No,No,No,Yes,,,,Yes,True,No,3/20/2025,No,Point,38.940134011,-76.916946118,PGCOPD,07,16,03,,14,,14:00,2025,Thursday,12,Motor Vehicle In Transport,04,"Off-Roadway, Location Unknown",,,,,,,,,01,Daylight,3/20/2025,2025-03-20,,,F,N,102,Parking Lot Way,,,02,"Yes, School Bus Directly Involved",,,,,,,,,,,,,,
Property Damage Crashes,DA2889005H,Prince George's County Police,Single Vehicle,Prince George's,Principal Arterial – Other,No,No,Yes,No,No,,410,MARYLAND ROUTE,No,True,No,2/7/2025,No,Point,38.975705839,-76.991630501,PGCOPD,101,16,03,No,10,,10:30,2025,Friday,13,Other Non-Fixed Object,05,On Roadway,3,,,,,,06,Non-Junction,01,Daylight,2/7/2025,2025-02-07,S,12.85,F,N,,,7A302BDC6F610C304382A9C9F7CE43D6A64754DED7DB0B6F51854707792F46B8,MD,01,No,,,,,01,Dry,,,,,,,,
Property Damage Crashes,DA3835006T,Prince George's County Police,Front to Rear,Prince George's,Local,No,No,No,No,No,BURCH HILL RD,1756,COUNTY ROAD,No,True,No,2/19/2025,No,Point,38.722207832,-76.893494185,PGCOPD,03,16,03,Yes,1,03,01:21,2025,Wednesday,12,Motor Vehicle In Transport,05,On Roadway,7,Perpendicular,,,BRANDYWINE RD,03,05,Intersection or Related,04,Dark - Not Lighted,2/19/2025,2025-02-19,S,0,F,N,,,A3245A0A4BABB5DF25A4127937DA26A19FCE157F5B2F43986DB796504DA51DA7,CO,01,No,,,,,01,Dry,03,Stop - Partial,,,,,,
Property Damage Crashes,DA43860020,Prince George's County Police,Angle,Prince George's,,Yes,No,No,No,Yes,,,,Yes,True,No,5/25/2025,No,Point,38.844704092,-76.892331996,PGCOPD,01,16,03,,2,,02:46,2025,Sunday,15,Parked Vehicle,02,In Parking Lane Or Zone,,,,,,,,,03,Dark - Lighted,5/25/2025,2025-05-25,,,F,N,102,Parking Lot Way,,,01,No,,,,,,,,,,,,,,
Property Damage Crashes,DA4368001Y,Prince George's County Police,Unknown,Prince George's,Local,No,No,No,No,No,LIVINGSTON RD,4524,COUNTY ROAD,No,True,No,5/7/2025,No,Point,38.741735020,-76.998408382,PGCOPD,99,16,03,No,11,,11:17,2025,Wednesday,12,Motor Vehicle In Transport,05,On Roadway,7,,,,,,99,Unknown,01,Daylight,5/7/2025,2025-05-07,N,13.94,F,N,,,7B6B24191AF40AF434A96002843A29FDC7AE598216D2A657F06C18EA1EFEC882,CO,01,No,,,,,01,Dry,,,,,,,,
Property Damage Crashes,DA393200GV,Prince George's County Police,Angle,Prince George's,Principal Arterial – Other,No,No,No,No,No,BALTIMORE AVE (SB/L),1,UNITED STATE ROUTE,No,True,No,1/3/2025,No,Point,38.978825339,-76.938008353,PGCOPD,01,16,03,No,17,,17:30,2025,Friday,12,Motor Vehicle In Transport,05,On Roadway,3,,,,,,09,Through Roadway,03,Dark - Lighted,1/3/2025,2025-01-03,S,10.14,F,N,,,8B7C64D502D37ECA27FB9F130CEDA415E4E2108EC2CBFC339F0F54A40736FBD3,US,01,No,,,,,07,Snow,,,,,,,,
Property Damage Crashes,DA333600GN,Prince George's County Police,Other,Prince George's,Local,No,No,No,No,No,MARLBORO PIKE,3050,COUNTY ROAD,No,True,No,4/11/2025,No,Point,38.820495686,-76.849080350,PGCOPD,98,16,03,Yes,8,04,08:05,2025,Friday,12,Motor Vehicle In Transport,05,On Roadway,7,Perpendicular,,,DOWER HOUSE RD,03,05,Intersection or Related,01,Daylight,4/11/2025,2025-04-11,S,0,F,N,,,C9277E04AD3C1536EFB78BFC234AFE5124D21B873A50AFC18D87BCBF6D6F0F0B,CO,01,No,,,,,09,Wet,01,Signalized,,,,,,
Property Damage Crashes,DA43830030,Prince George's County Police,Single Vehicle,Prince George's,,No,No,No,No,Yes,,,,No,True,No,3/10/2025,No,Point,38.9770119,-76.8371229,PGCOPD,101,16,03,,14,,14:02,2025,Monday,40,Tree (standing),05,On Roadway,,,,,,,,,01,Daylight,3/10/2025,2025-03-10,,,F,N,102,Parking Lot Way,,,01,No,,,,,,,,,,,,,,
Property Damage Crashes,DA364800C9,Prince George's County Police,Unknown,Prince George's,,No,No,No,No,Yes,,,,No,True,No,2/18/2025,No,Point,38.918962599,-76.842386461,PGCOPD,99,16,03,,20,,20:30,2025,Tuesday,08,Thrown Or Falling Object,02,In Parking Lane Or Zone,,,,,,,,,03,Dark - Lighted,2/18/2025,2025-02-18,,,F,N,102,Parking Lot Way,,,01,No,,,,,,,,,,,,,,
Injury Crashes,DA4239007M,Prince George's County Police,"Sideswipe, Opposite Direction",Prince George's,Minor Arterial,No,No,No,No,No,LANHAM SEVERN RD,564,MARYLAND ROUTE,No,True,No,3/9/2025,No,Point,38.972292461,-76.846779567,PGCOPD,06,16,02,No,6,,06:40,2025,Sunday,12,Motor Vehicle In Transport,05,On Roadway,4,,,,,,09,Through Roadway,03,Dark - Lighted,3/9/2025,2025-03-09,S,21.28,F,N,,,98191150344F07A64E29E8EC1CE5A10CBCC6D98485FB919197EA2EF75B466BB9,MD,01,No,12,Motor Vehicle In Transport,05,On Roadway,01,Dry,,,,,,,,
Property Damage Crashes,MSP766400BJ,Maryland State Police,Front to Rear,Prince George's,Interstate,Yes,No,No,No,No,CAPITAL BELTWAY,95,INTERSTATE ROUTE,No,True,No,4/29/2025,No,Point,38.912841984,-76.850096407,MSP,03,16,03,No,1,,01:49,2025,Tuesday,12,Motor Vehicle In Transport,05,On Roadway,1,,,,,,04,Entrance/Exit Ramp or Related,04,Dark - Not Lighted,4/29/2025,2025-04-29,W,25.93,F,N,,,155923501D996079164598391920DC3918A05FC9269D9F33E7F0BE00435D8E03,IS,01,No,,,,,01,Dry,,,,,,,,
Property Damage Crashes,DA4278007B,Prince George's County Police,Single Vehicle,Prince George's,Local,No,No,No,No,No,LOCUST ST,1829,COUNTY ROAD,No,True,No,4/27/2025,No,Point,38.974986763,-76.814555507,PGCOPD,101,16,03,No,16,,16:50,2025,Sunday,35,"Other Fixed Object (wall, building, tunnel, etc.)",05,On Roadway,7,,100,Local,,,09,Through Roadway,01,Daylight,4/27/2025,2025-04-27,N,12.54,F,N,,,B2B8C1742C88F9FC8CD3FD99B8147C11FFC0E21A770D1DCE981510E8D076E259,CO,01,No,,,,,01,Dry,,,,,,,,
Property Damage Crashes,DA4425000D,Prince George's County Police,"Sideswipe, Same Direction",Prince George's,Minor Arterial,No,No,No,No,No,CENTRAL AVE,332,MARYLAND ROUTE,Yes,True,No,4/7/2025,No,Point,38.885490197,-76.907392833,PGCOPD,07,16,03,No,18,,18:00,2025,Monday,12,Motor Vehicle In Transport,05,On Roadway,4,,,,VALE PL,,99,Unknown,01,Daylight,4/7/2025,2025-04-07,N,23.57,F,N,,,AFC1C28A16989E76B49970895B8F3654873F2F40F73746C55207B482A4035A2D,MD,01,No,,,,,01,Dry,,,,,,,,
Property Damage Crashes,MSP7843000N,Maryland State Police,Single Vehicle,Prince George's,Interstate,No,No,No,No,No,CAPITAL BELTWAY,495,INTERSTATE ROUTE,No,True,No,2/20/2025,No,Point,39.018889903,-76.960500531,MSP,101,16,03,No,8,,08:40,2025,Thursday,28,Ditch,01,Gore,1,,,,,,06,Non-Junction,01,Daylight,2/20/2025,2025-02-20,E,55.32,F,N,,,540F2EAFEE224BEE8666B81A13742B3334B936A50ECFFFAA5FF7E3AB7AA977F1,IS,01,No,,,,,01,Dry,,,,,,,,
Property Damage Crashes,ZH036100JH,Charles County Sheriff's Office,Single Vehicle,Prince George's,,No,No,No,No,Yes,,,,No,True,No,4/18/2025,No,Point,38.653659053,-76.831798445,CHARLES,101,16,03,,7,,07:30,2025,Friday,28,Ditch,09,Roadside,,,,,,,,,01,Daylight,4/18/2025,2025-04-18,,,F,N,104,Service Road,,,01,No,,,,,,,,,,,,,,
Property Damage Crashes,DA419600DC,Prince George's County Police,"Sideswipe, Same Direction",Prince George's,Principal Arterial – Other,No,No,No,No,No,BRANCH AVE (SB/L),5,MARYLAND ROUTE,No,True,No,3/20/2025,No,Point,38.847429708,-76.952518827,PGCOPD,07,16,03,No,0,,00:05,2025,Thursday,12,Motor Vehicle In Transport,05,On Roadway,3,,,,,,99,Unknown,03,Dark - Lighted,3/20/2025,2025-03-20,W,59.2,F,N,,,5B4955EFBF06B934547A26D6BC294094C3309AD5C11ED1C8155DF5A26DF73E80,MD,01,No,,,,,01,Dry,,,,,,,,
Property Damage Crashes,DA31110030,Prince George's County Police,"Sideswipe, Same Direction",Prince George's,Local,No,No,No,No,No,NEW HAMPSHIRE AVE (SERV LA),888,COUNTY ROAD,No,True,No,3/1/2025,No,Point,38.998555897,-76.983751175,PGCOPD,07,16,03,No,19,,19:15,2025,Saturday,12,Motor Vehicle In Transport,05,On Roadway,7,,,,,,06,Non-Junction,03,Dark - Lighted,3/1/2025,2025-03-01,W,47.63,F,N,,,8F3387396EA070D1CFE25B0FF4357454D36A727F7E2B18978BA4336EA893C5BE,CO,01,No,,,,,01,Dry,,,,,,,,
Injury Crashes,MSP745800RX,Maryland State Police,Other,Prince George's,Major Collector,No,No,No,No,No,DOWER HOUSE RD,92,COUNTY ROAD,No,True,No,4/15/2025,No,Point,38.820820413,-76.848749363,MSP,98,16,02,No,12,,12:24,2025,Tuesday,12,Motor Vehicle In Transport,05,On Roadway,5,,,,,,01,Acceleration/Deceleration Lane,01,Daylight,4/15/2025,2025-04-15,N,12.33,F,N,,,FA8F66E3C909B6DA89CC3312A3A519F50D42BC2AC85319910FA3D276F8979862,CO,01,No,,,,,01,Dry,,,,,,,,
Property Damage Crashes,MSP7773002L,Maryland State Police,"Sideswipe, Same Direction",Prince George's,Interstate,No,No,No,No,No,CAPITAL BELTWAY (SB/L),95,INTERSTATE ROUTE,No,True,No,5/17/2025,No,Point,38.989825017,-76.884633090,MSP,07,16,03,No,1,,01:50,2025,Saturday,12,Motor Vehicle In Transport,05,On Roadway,1,,,,,,06,Non-Junction,04,Dark - Not Lighted,5/17/2025,2025-05-17,N,2.13,F,N,,,80D5EA506FEB71F8002774B0E09FE9CB78C6DA9885967A80595F5DD0D95843B9,IS,01,No,,,,,01,Dry,,,,,,,,
Property Damage Crashes,DA3120005Q,Prince George's County Police,Front to Front,Prince George's,Major Collector,No,No,No,No,No,SWAN CREEK RD,600,COUNTY ROAD,No,True,No,5/24/2025,No,Point,38.724231356,-76.998896084,PGCOPD,02,16,03,No,18,,18:18,2025,Saturday,12,Motor Vehicle In Transport,05,On Roadway,5,,,,ASBURY DR,,09,Through Roadway,01,Daylight,5/24/2025,2025-05-24,S,9.61,F,N,,,50BA5A03DE661EBBC47A1D706738CD73AAF8A58CD1F2DB86598A36115DCB14EF,CO,01,No,,,,,01,Dry,,,,,,,,
Property Damage Crashes,DA4410000P,Prince George's County Police,Angle,Prince George's,Local,No,No,No,No,No,SHERIDAN ST,788,COUNTY ROAD,No,True,No,2/3/2025,No,Point,38.968749653,-77.000138620,PGCOPD,01,16,03,No,18,04,18:39,2025,Monday,12,Motor Vehicle In Transport,05,On Roadway,7,Perpendicular,,,NEW HAMPSHIRE AVE,03,05,Intersection or Related,03,Dark - Lighted,2/3/2025,2025-02-03,S,0,F,N,,,85BE6BAB756F29E4F6004596C4AE52BC81D28986058C8416CC643F47565A0C6F,CO,01,No,,,,,01,Dry,01,Signalized,,,,,,
Property Damage Crashes,DA43310037,Prince George's County Police,"Sideswipe, Same Direction",Prince George's,Major Collector,No,No,No,No,No,RIVERDALE RD,302,COUNTY ROAD,No,True,No,3/30/2025,No,Point,38.963241103,-76.900366025,PGCOPD,07,16,03,Yes,3,03,03:30,2025,Sunday,12,Motor Vehicle In Transport,05,On Roadway,5,Perpendicular,,,VETERANS PKWY (WB/L),03,05,Intersection or Related,03,Dark - Lighted,3/30/2025,2025-03-30,N,0,F,N,,,A848FDB7734310FBF517547DEFDA96DB5B6F1EADE647D6BA7B7E25E04322370C,CO,01,No,,,,,01,Dry,01,Signalized,,,,,,
Property Damage Crashes,DA4316004Z,Prince George's County Police,"Sideswipe, Opposite Direction",Prince George's,Local,No,Yes,No,No,No,COLLIER RD,2289,COUNTY ROAD,Yes,True,No,4/8/2025,No,Point,39.037109366,-76.945476832,PGCOPD,06,16,03,Yes,14,02,14:45,2025,Tuesday,12,Motor Vehicle In Transport,05,On Roadway,7,Perpendicular,,,CHERRY HILL RD CHERRY HILL RD (EB/L),03,05,Intersection or Related,01,Daylight,4/8/2025,2025-04-08,W,0,F,N,,,26AA2B2F81F0B30989BA9235A732409090A79F07554B3E06D336E307F2070B9F,CO,02,"Yes, School Bus Directly Involved",,,,,01,Dry,03,Stop - Partial,,,,,,
Property Damage Crashes,MSP653400WM,Maryland State Police,Single Vehicle,Prince George's,Interstate,No,No,No,No,No,RAMP 7 FR EB MD 214 TO NB RAMP 2,95,RAMP,No,True,No,2/21/2025,No,Point,38.893426667,-76.844583333,MSP,101,16,03,No,0,,00:13,2025,Friday,32,Guardrail Face,07,"On Shoulder, Right Side",1,,,,,,09,Through Roadway,03,Dark - Lighted,2/21/2025,2025-02-21,S,19.69,F,N,,,DECC987E5991A3451EF58F23AA2C8985C35185432F5E2A4ABA8E01EBB46EE35B,RP,01,No,32,Guardrail Face,07,"On Shoulder, Right Side",01,Dry,,,,,,,,
Property Damage Crashes,MSP7872003S,Maryland State Police,Front to Rear,Prince George's,Interstate,No,No,No,No,No,CAPITAL BELTWAY,95,INTERSTATE ROUTE,No,True,No,5/1/2025,No,Point,38.923887800,-76.853455797,MSP,03,16,03,No,9,,09:10,2025,Thursday,12,Motor Vehicle In Transport,05,On Roadway,1,,,,,,09,Through Roadway,01,Daylight,5/1/2025,2025-05-01,S,38.55,F,N,,,9915D6FB2F0E5A51B85DD77E36B7A80AF7375A37718C9FC960EB12B949FE2F57,IS,01,No,,,,,01,Dry,,,,,,,,
Property Damage Crashes,DA4354002X,Prince George's County Police,Angle,Prince George's,Local,No,No,No,No,No,66TH AVE,409,COUNTY ROAD,No,True,No,1/1/2025,No,Point,38.958398815,-76.904011971,PGCOPD,01,16,03,No,7,,07:24,2025,Wednesday,15,Parked Vehicle,09,Roadside,7,,,,,,08,Shared-Use Path or Trail,01,Daylight,1/1/2025,2025-01-01,W,8.53,F,N,,,92B8413DF586BA85456A451C58F8F90F6F3C972CE60F4237493C3E3936CD8D86,CO,01,No,12,Motor Vehicle In Transport,05,On Roadway,01,Dry,,,,,,,,
Property Damage Crashes,DA391000BZ,Prince George's County Police,Front to Rear,Prince George's,Principal Arterial – Other,No,No,No,No,No,EAST WEST HWY (WB/L),410,MARYLAND ROUTE,No,True,No,5/3/2025,No,Point,38.970147090,-76.977095896,PGCOPD,03,16,03,No,22,,22:55,2025,Saturday,12,Motor Vehicle In Transport,05,On Roadway,3,,,,,,09,Through Roadway,03,Dark - Lighted,5/3/2025,2025-05-03,N,49.19,F,N,,,F3BB375734040CDC412A5AA82AD4217BF894C7FE726676ED6D213200EF964B84,MD,01,No,,,,,01,Dry,,,,,,,,
Property Damage Crashes,DA37060055,Prince George's County Police,Rear To Side,Prince George's,,No,No,No,No,Yes,,,,No,True,No,2/28/2025,No,Point,38.956917783,-76.824341023,PGCOPD,05,16,03,,9,,09:00,2025,Friday,12,Motor Vehicle In Transport,02,In Parking Lane Or Zone,,,,,,,,,01,Daylight,2/28/2025,2025-02-28,,,F,N,102,Parking Lot Way,,,01,No,,,,,,,,,,,,,,
Injury Crashes,DA392000CN,Prince George's County Police,Single Vehicle,Prince George's,,No,No,No,No,No,,639,SPUR,No,True,No,5/19/2025,No,Point,38.919129073,-76.930837255,PGCOPD,101,16,02,No,14,,14:15,2025,Monday,37,Other Traffic Barrier,05,On Roadway,,,,,,,06,Non-Junction,01,Daylight,5/19/2025,2025-05-19,E,39.68,F,N,,,194A7B4170D0AB8121DCDE6FC420D9935B6F3132328EDA26F77C34C773CB9F5F,SP,01,No,,,,,01,Dry,,,,,,,,
Property Damage Crashes,DJ01860017,Seat Pleasant Police Department,Other,Prince George's,Principal Arterial – Other,No,No,No,No,No,CENTRAL AVE,214,MARYLAND ROUTE,No,True,No,3/1/2025,No,Point,38.888879307,-76.872441179,SEATPLEASANT,98,16,03,No,13,,13:30,2025,Saturday,12,Motor Vehicle In Transport,05,On Roadway,3,,,,,,09,Through Roadway,01,Daylight,3/1/2025,2025-03-01,W,20.95,F,N,,,C3A5FA59A0F3F0C7308CEC36CCD4C8AE330E76F08FF36821DB3A1D275B290C47,MD,01,No,,,,,01,Dry,,,,,,,,
Property Damage Crashes,DA3973006D,Prince George's County Police,"Sideswipe, Same Direction",Prince George's,Local,No,No,No,No,No,CHARLESTON PL,1152,COUNTY ROAD,No,True,No,2/25/2025,No,Point,38.980199568,-76.971664838,PGCOPD,07,16,03,No,21,,21:30,2025,Tuesday,15,Parked Vehicle,05,On Roadway,7,,,,,,06,Non-Junction,03,Dark - Lighted,2/25/2025,2025-02-25,W,44.21,F,N,,,A59050F0A1A1B2308835C5E93DC13E51751000A3A74153D06720A05529D7421A,CO,01,No,,,,,01,Dry,,,,,,,,
Property Damage Crashes,DA4397000X,Prince George's County Police,Single Vehicle,Prince George's,Local,Yes,No,No,No,No,LINDA LA (NB/L),5,MARYLAND ROUTE,No,True,No,6/6/2025,No,Point,38.812242914,-76.912509055,PGCOPD,101,16,03,No,21,,21:51,2025,Friday,41,Utility Pole/Light Support,10,Separator/Traffic Island,7,,,,,,04,Entrance/Exit Ramp or Related,03,Dark - Lighted,6/6/2025,2025-06-06,E,2.06,F,N,,,7613B06EA4B476690701BE322EF1FD0D2BAE66B8F503BE08F9D45173374E6436,MD,01,No,,,,,01,Dry,,,,,,,,
Property Damage Crashes,DA3594003H,Prince George's County Police,Front to Rear,Prince George's,Minor Arterial,No,Yes,No,No,No,TUCKER RD,193,COUNTY ROAD,No,True,No,1/9/2025,No,Point,38.776070783,-76.953017489,PGCOPD,03,16,03,No,7,,07:19,2025,Thursday,12,Motor Vehicle In Transport,05,On Roadway,4,,,,,,06,Non-Junction,01,Daylight,1/9/2025,2025-01-09,E,29.11,F,N,,,E0ED27C8442BDF5C64CCD112ACDC4BB398AAE2C0C1AD95F6792FC6233BED58A4,CO,01,No,,,,,01,Dry,,,,,,,,
Property Damage Crashes,BW0177002Q,Greenbelt Police Department,"Sideswipe, Same Direction",Prince George's,Principal Arterial – Other,No,No,No,No,No,GREENBELT RD,193,MARYLAND ROUTE,No,True,No,5/3/2025,No,Point,38.994535086,-76.879752239,GREENBELT,07,16,03,No,19,,19:34,2025,Saturday,12,Motor Vehicle In Transport,05,On Roadway,3,,,,,,09,Through Roadway,01,Daylight,5/3/2025,2025-05-03,W,15.71,F,N,,,5B6E0C3D8965C3437C58F8C3F766F0319527E76727C90CE3857342B8FDB01526,MD,01,No,97,Not Applicable,,,09,Wet,,,,,,,,
Property Damage Crashes,DA4347001H,Prince George's County Police,Front to Front,Prince George's,Major Collector,No,No,No,No,No,OWENS RD,112,COUNTY ROAD,No,True,No,1/14/2025,No,Point,38.817350569,-76.978899200,PGCOPD,02,16,03,No,21,,21:01,2025,Tuesday,12,Motor Vehicle In Transport,05,On Roadway,5,,,,,,99,Unknown,03,Dark - Lighted,1/14/2025,2025-01-14,S,29.36,F,N,,,599EF9CFC4E92578183B02DD056DD0E017F98FEA5F63F8D6C4383DB0D50429D9,CO,01,No,12,Motor Vehicle In Transport,05,On Roadway,01,Dry,,,,,,,,
Property Damage Crashes,RD0130004H,Riverdale Park Police Department,Front to Rear,Prince George's,,No,No,No,No,Yes,,,,No,True,No,1/26/2025,No,Point,38.958419796,-76.918000036,RIVERDALE,03,16,03,,12,,12:42,2025,Sunday,12,Motor Vehicle In Transport,02,In Parking Lane Or Zone,,,,,,,,,01,Daylight,1/26/2025,2025-01-26,,,F,N,102,Parking Lot Way,,,01,No,15,Parked Vehicle,02,In Parking Lane Or Zone,,,,,,,,,,
Property Damage Crashes,MSP78720026,Maryland State Police,Front to Rear,Prince George's,Principal Arterial – Other,No,No,No,No,No,CRAIN HWY,301,UNITED STATE ROUTE,No,True,No,2/14/2025,No,Point,38.912397099,-76.717374539,MSP,03,16,03,No,13,,13:40,2025,Friday,12,Motor Vehicle In Transport,05,On Roadway,3,,,,,,09,Through Roadway,01,Daylight,2/14/2025,2025-02-14,N,40.74,F,N,,,65029C1BF570E597FC8BA42D99E3E4F3E11AB56BB0797E78ADDEA77EB11C68A8,US,01,No,12,Motor Vehicle In Transport,05,On Roadway,01,Dry,,,,,,,,