Crash Severity Description,Reportnumber,Agencyname,CollisionImpact Description,Crash County Description,FunctionalClass Description,ImpairedCrash,Large Vehicle Involved,Motorcycle Crash,Non-Motorist Crash,OffRoad,RoadName,Route Number,RouteType Description,Unrestrained Occupants,WithinDateRange,Work Zone Related,Crashdate,Work Zone Crash,CrashPoint,Latitude,Longitude,AgencyCode,CollisionImpact,Crash County,Crash Severity,Crash Within Interchange,Crashhour,CrashInterchangeApproaches,Crashtime,CrashYear,Dayofweek,FirstHarmEvent,FirstHarmEvent Description,FirstHarmLocation,FirstHarmLocation Description,FunctionalClass,Geometry Description,GovPropertyDamage,GovPropertyDamage Description,IntersectingRoadName,Intersection Geometry,JunctionRelated,JunctionRelated Description,Light,Light Description,LOD Crash Date,LOD Date Level,MilepointDirection,MilepointDistance,MilepointUnits,NonTrafficFatal,OffroadLocation,OffroadLocation Description,RoadID,RouteType,SchoolBusRelated,SchoolBusRelated Description,SecondHarmEvent,SecondHarmEvent Description,SecondHarmLocation,SecondHarmLocation Description,Surface,Surface Description,TrafficControl,Trafficcontrol Description,WZLawEnforcementPresent,WZLocation,WZLocation Description,WZType,WZType Description,WZWorkersPresent
Property Damage Crashes,MSP7871001Q,Maryland State Police,"Sideswipe, Same Direction",Prince George's,Interstate,No,No,No,No,No,CAPITAL BELTWAY (SB/L),95,INTERSTATE ROUTE,No,True,No,1/12/2025,No,Point,39.008718489,-76.900514275,MSP,07,16,03,No,6,,06:30,2025,Sunday,12,Motor Vehicle In Transport,07,"On Shoulder, Right Side",1,,,,,,09,Through Roadway,05,Dark - Unknown Lighting,1/12/2025,2025-01-12,W,6.74,F,N,,,92C05438F79E699E06EED11728CCAAF2190CCB277C6A01C98DE067D350C19E05,IS,01,No,,,,,01,Dry,,,,,,,,
Injury Crashes,DA333600G3,Prince George's County Police,Unknown,Prince George's,Minor Arterial,No,No,No,Yes,No,,223,MARYLAND ROUTE,No,True,No,3/11/2025,No,Point,38.775262416,-76.870282650,PGCOPD,99,16,02,No,22,,22:39,2025,Tuesday,17,Pedestrian,05,On Roadway,4,,,,,,09,Through Roadway,03,Dark - Lighted,3/11/2025,2025-03-11,W,60.19,F,N,,,074E4F7FD643D9E052ADE5A460AFCB605081D65B0EF3B823AB693784B5575F64,MD,01,No,,,,,01,Dry,,,,,,,,
Injury Crashes,CNC3154006G,New Carrollton Police Department,Single Vehicle,Prince George's,,No,No,No,No,No,,302,COUNTY ROAD,Yes,True,No,4/15/2025,No,Point,38.957800955,-76.874488629,NCPD,101,16,02,Yes,9,,09:10,2025,Tuesday,36,"Other Post, Pole, Or Support",09,Roadside,,,100,Local,,,03,Driveway Access or Related,01,Daylight,4/15/2025,2025-04-15,E,6.04,F,N,,,48FF973C5F3759C880C835536B547DE5A223762819C2EC155CF0917F59E78569,CO,01,No,,,,,09,Wet,,,,,,,,
Property Damage Crashes,DA338900BT,Prince George's County Police,Other,Prince George's,Principal Arterial – Other,No,No,No,No,No,BRANCH AVE,5,MARYLAND ROUTE,No,True,No,2/13/2025,No,Point,38.854722398,-76.958038598,PGCOPD,98,16,03,No,19,,19:12,2025,Thursday,12,Motor Vehicle In Transport,05,On Roadway,3,,,,,,03,Driveway Access or Related,04,Dark - Not Lighted,2/13/2025,2025-02-13,N,33.76,F,N,,,EF7480213DCDDC4ACA1C172645BD5E33BACEF5BF9DF2AC9C7A662EBF553B0FAC,MD,01,No,,,,,01,Dry,,,,,,,,
Property Damage Crashes,DA3952008G,Prince George's County Police,"Sideswipe, Opposite Direction",Prince George's,Local,Yes,No,No,No,No,4TH ST,44,COUNTY ROAD,No,True,No,3/14/2025,No,Point,38.972425736,-76.849513865,PGCOPD,06,16,03,No,23,,23:52,2025,Friday,12,Motor Vehicle In Transport,05,On Roadway,7,,,,,,06,Non-Junction,04,Dark - Not Lighted,3/14/2025,2025-03-14,W,17.43,F,N,,,60C83DAE87AE41C65F265C575570E9E7986803DA479CB37A630BBF11734EC7A9,CO,01,No,,,,,01,Dry,,,,,,,,
Property Damage Crashes,DA4361001P,Prince George's County Police,Front to Rear,Prince George's,Principal Arterial – Other,No,Yes,No,No,No,ST BARNABAS RD (WB/L),414,MARYLAND ROUTE,No,True,No,3/17/2025,No,Point,38.805367579,-76.974927155,PGCOPD,03,16,03,No,9,,09:11,2025,Monday,12,Motor Vehicle In Transport,05,On Roadway,3,,,,,,06,Non-Junction,01,Daylight,3/17/2025,2025-03-17,N,34.15,F,N,,,33F763E990C80439FE56F90DEC20990FF978520F5921599FC62B2D08D696B975,MD,02,"Yes, School Bus Directly Involved",,,,,01,Dry,,,,,,,,
Injury Crashes,DA364800CD,Prince George's County Police,"Sideswipe, Opposite Direction",Prince George's,Minor Arterial,No,No,No,No,No,WATKINS PARK DR,193,MARYLAND ROUTE,No,True,No,3/21/2025,No,Point,38.896103702,-76.788806653,PGCOPD,06,16,02,Yes,16,,16:00,2025,Friday,12,Motor Vehicle In Transport,05,On Roadway,4,,,,CAMBLETON DR,,02,Crossover-Related,01,Daylight,3/21/2025,2025-03-21,S,40.77,F,N,,,888B359A3DF4E1068AFF758E4428651F2FAA255BEEE6930286B72465CBA7370C,MD,01,No,07,Overturn/Rollover,05,On Roadway,01,Dry,,,,,,,,
Property Damage Crashes,AM0386002C,Bladensburg Police Department,"Sideswipe, Same Direction",Prince George's,Local,No,No,No,No,No,EDMONSTON RD,769,MARYLAND ROUTE,No,True,No,5/7/2025,No,Point,38.941734245,-76.933818452,BLADENSBURG,07,16,03,No,15,,15:55,2025,Wednesday,12,Motor Vehicle In Transport,05,On Roadway,7,,,,,,06,Non-Junction,01,Daylight,5/7/2025,2025-05-07,W,13.22,F,N,,,B913D86F4A08C761B387F6A7E3ACB1932C141AFD3293B12CB9AEF3A69FBC18EE,MD,01,No,,,,,01,Dry,,,,,,,,
Injury Crashes,MSP718600K7,Maryland State Police,Front to Front,Prince George's,Principal Arterial – Other Freeways and Expressways,Yes,No,No,No,No,BRANCH AVE,5,MARYLAND ROUTE,Yes,True,No,4/3/2025,No,Point,38.820040047,-76.919601631,MSP,02,16,02,Yes,23,,23:26,2025,Thursday,12,Motor Vehicle In Transport,05,On Roadway,2,,,,,,01,Acceleration/Deceleration Lane,05,Dark - Unknown Lighting,4/3/2025,2025-04-03,S,26.93,F,N,,,97557B014629EA690D4436BE5DE26654EBFE2D2F5F675F518DF8CD24D62274F8,MD,01,No,,,,,01,Dry,,,,,,,,
Property Damage Crashes,DA4074007Y,Prince George's County Police,Angle,Prince George's,Principal Arterial – Other,No,No,No,No,No,OXON HILL RD (WB/L),414,MARYLAND ROUTE,No,True,No,3/24/2025,No,Point,38.803436110,-76.988886714,PGCOPD,01,16,03,No,18,,18:30,2025,Monday,12,Motor Vehicle In Transport,05,On Roadway,3,,,,,,03,Driveway Access or Related,01,Daylight,3/24/2025,2025-03-24,S,3,F,N,,,63D29EC44FF99D26CAA4302E5D29B3B3650961468360A09E1B4685D5D8051A50,MD,01,No,,,,,01,Dry,,,,,,,,
Injury Crashes,MSP743900N7,Maryland State Police,Front to Rear,Prince George's,Interstate,No,No,No,No,No,CAPITAL BELTWAY,95,INTERSTATE ROUTE,No,True,No,4/29/2025,No,Point,38.979531667,-76.874495,MSP,03,16,02,No,8,,08:20,2025,Tuesday,12,Motor Vehicle In Transport,05,On Roadway,1,,,,,,09,Through Roadway,01,Daylight,4/29/2025,2025-04-29,S,37.13,F,N,,,4F352A4BAA20B6F1AD81FB3DEF70DBF443AF96338BC8510D6C05FF5F0D7C3190,IS,01,No,,,,,01,Dry,,,,,,,,
Injury Crashes,DA42760073,Prince George's County Police,Other,Prince George's,Principal Arterial – Other,No,No,No,No,No,MARTIN LUTHER KING JR HWY,704,MARYLAND ROUTE,Yes,True,No,1/25/2025,No,Point,38.939316067,-76.856238295,PGCOPD,98,16,02,No,2,,02:15,2025,Saturday,12,Motor Vehicle In Transport,05,On Roadway,3,,,,,,06,Non-Junction,04,Dark - Not Lighted,1/25/2025,2025-01-25,S,35.98,F,N,,,392718B9879E710E4C60E0879ABCA18A2CF43FE220203EF1A4E7E4D2148276F6,MD,01,No,,,,,01,Dry,,,,,,,,
Property Damage Crashes,CNC3184001Y,New Carrollton Police Department,Front to Front,Prince George's,Minor Arterial,No,No,No,No,No,ANNAPOLIS RD,450,MARYLAND ROUTE,No,True,No,3/13/2025,No,Point,38.953399124,-76.876341376,NCPD,02,16,03,Yes,23,02,23:47,2025,Thursday,12,Motor Vehicle In Transport,05,On Roadway,4,Angled/Skewed,,,W LANHAM DR,01,05,Intersection or Related,03,Dark - Lighted,3/13/2025,2025-03-13,W,0,F,N,,,BBE54E49D5A43F78A6D4C54987F4385B150A09C9AD68269E649CE02FC9DE973B,MD,01,No,,,,,01,Dry,05,No Controls,,,,,,
Property Damage Crashes,MSP7764008T,Maryland State Police,Front to Front,Prince George's,Principal Arterial – Other,No,No,No,No,No,BALTIMORE AVE,1,UNITED STATE ROUTE,No,True,No,4/17/2025,No,Point,39.091812603,-76.857398351,MSP,02,16,03,Yes,22,04,22:43,2025,Thursday,12,Motor Vehicle In Transport,05,On Roadway,3,Perpendicular,,,CHERRY LA (WB/L),03,05,Intersection or Related,03,Dark - Lighted,4/17/2025,2025-04-17,E,0,F,N,,,DAF7458EEC5F9F03FE0ED42C88A83D929E7EFAEA223F85DB89326A6E1DF653C4,US,01,No,,,,,01,Dry,01,Signalized,,,,,,
Property Damage Crashes,RD01240057,Riverdale Park Police Department,Rear To Side,Prince George's,Principal Arterial – Other,No,Yes,No,No,No,,1,UNITED STATE ROUTE,No,True,No,1/18/2025,No,Point,38.968575987,-76.938464922,RIVERDALE,05,16,03,No,10,,10:24,2025,Saturday,12,Motor Vehicle In Transport,99,Unknown,3,,,,ENT TO US POSTAL MGMNT CTR,,03,Driveway Access or Related,01,Daylight,1/18/2025,2025-01-18,W,11.04,F,N,,,FEE30A0B2143E3D98EEFD303C20DBDC308BFD3C0382D83B22D70C84519FE21A7,US,01,No,,,,,09,Wet,,,,,,,,
Property Damage Crashes,MSP7776006X,Maryland State Police,"Sideswipe, Same Direction",Prince George's,Interstate,No,No,No,No,No,RAMP 10 FR IS 495 EB TO IS 95 SB,95,RAMP,No,True,No,5/22/2025,No,Point,39.019786435,-76.933329185,MSP,07,16,03,Yes,18,,18:29,2025,Thursday,12,Motor Vehicle In Transport,05,On Roadway,1,,,,,,04,Entrance/Exit Ramp or Related,01,Daylight,5/22/2025,2025-05-22,N,8.38,F,N,,,4E29B02110B9018BD6BE8BDCEA0AFC4E2B1702F489D8EAEFFC805CED409DADD5,RP,01,No,,,,,01,Dry,,,,,,,,
Property Damage Crashes,DA4327003M,Prince George's County Police,Angle,Prince George's,Major Collector,No,No,No,No,No,QUARTER AVE,309,COUNTY ROAD,No,True,No,2/15/2025,No,Point,38.865040879,-76.924616677,PGCOPD,01,16,03,Yes,15,,15:47,2025,Saturday,12,Motor Vehicle In Transport,05,On Roadway,5,,,,,,01,Acceleration/Deceleration Lane,01,Daylight,2/15/2025,2025-02-15,S,45.94,F,N,,,A1BF765375060EAC19411ED28187CB2C5217BDA06E0AFDB4A9D841F394C3E039,CO,01,No,,,,,09,Wet,,,,,,,,
Property Damage Crashes,RD0134000W,Riverdale Park Police Department,Front to Front,Prince George's,Principal Arterial – Other,No,No,No,No,No,EAST WEST HWY (WB/L),410,MARYLAND ROUTE,No,True,No,1/2/2025,No,Point,38.960168635,-76.917682754,RIVERDALE,02,16,03,No,17,04,17:59,2025,Thursday,12,Motor Vehicle In Transport,05,On Roadway,3,Angled/Skewed,,,58TH AVE,01,05,Intersection or Related,03,Dark - Lighted,1/2/2025,2025-01-02,S,0,F,N,,,238CB7E01105FA1355C276A2FE8C87C830C8F8868BA4191ED01C18A192CCD8C7,MD,01,No,,,,,01,Dry,01,Signalized,,,,,,
Property Damage Crashes,MSP675100KY,Maryland State Police,Front to Rear,Prince George's,Interstate,No,No,No,No,No,JOHN HANSON HWY,595,INTERSTATE ROUTE,No,True,No,2/14/2025,No,Point,38.944737763,-76.775337789,MSP,03,16,03,No,2,,02:56,2025,Friday,12,Motor Vehicle In Transport,05,On Roadway,1,,,,,,06,Non-Junction,04,Dark - Not Lighted,2/14/2025,2025-02-14,W,32.26,F,N,,,B84DD7FA330697CDE39C99823164F9E6F563368BFA30D02CD8394EB35D34CEF1,IS,01,No,,,,,01,Dry,,,,,,,,
Property Damage Crashes,DA4429000F,Prince George's County Police,Single Vehicle,Prince George's,,No,No,No,No,No,,87,COUNTY ROAD,Yes,True,No,2/13/2025,No,Point,38.854956601,-76.871590832,PGCOPD,101,16,03,Yes,2,,02:16,2025,Thursday,13,Other Non-Fixed Object,07,"On Shoulder, Right Side",,,,,SUNNY LA,,09,Through Roadway,03,Dark - Lighted,2/13/2025,2025-02-13,E,42.27,F,N,,,B6D0D49202559DF4A9B61D136A1A797DDA57B17D0DB33946C841E2C3A76ABA14,CO,01,No,,,,,09,Wet,,,,,,,,
Property Damage Crashes,MSP78750023,Maryland State Police,Front to Rear,Prince George's,Principal Arterial – Other,No,No,No,No,No,BRANCH AVE (SB/L),5,MARYLAND ROUTE,No,True,No,2/19/2025,No,Point,38.755613333,-76.87913,MSP,03,16,03,No,15,,15:47,2025,Wednesday,12,Motor Vehicle In Transport,05,On Roadway,3,,,,,,06,Non-Junction,01,Daylight,2/19/2025,2025-02-19,W,12.05,F,N,,,2B2AFD2DF8473BCDD525CD1A5B0132D6B8AD40A5C3EC0739D369FEF54D8B1905,MD,01,No,,,,,09,Wet,,,,,,,,
Property Damage Crashes,DA3667003C,Prince George's County Police,"Sideswipe, Opposite Direction",Prince George's,Major Collector,No,No,No,No,No,WOODMORE RD,111,COUNTY ROAD,No,True,No,4/10/2025,No,Point,38.924806065,-76.769404352,PGCOPD,06,16,03,No,13,,13:07,2025,Thursday,12,Motor Vehicle In Transport,05,On Roadway,5,,,,,,06,Non-Junction,01,Daylight,4/10/2025,2025-04-10,W,22.18,F,N,,,00F2230B0144E5A74D715607BF730DEB4D53FE6D5701FB326DEB34C61F56D92C,CO,01,No,,,,,01,Dry,,,,,,,,
Property Damage Crashes,DA393200HC,Prince George's County Police,Front to Rear,Prince George's,Local,No,No,No,No,No,LAKELAND RD,700,MUNICIPAL ROAD,No,True,No,4/2/2025,No,Point,38.989736841,-76.933900537,PGCOPD,03,16,03,No,7,,07:51,2025,Wednesday,12,Motor Vehicle In Transport,05,On Roadway,7,,,,,,09,Through Roadway,01,Daylight,4/2/2025,2025-04-02,W,9.93,F,N,,,B6BA0A6BA938FCC5DAACB4F8E3D64822FF9DB0AEDF193750209D92E2E523493C,MU,01,No,,,,,01,Dry,,,,,,,,
Injury Crashes,DA3442004D,Prince George's County Police,Angle,Prince George's,Principal Arterial – Other,No,No,No,No,No,,410,MARYLAND ROUTE,No,True,No,2/14/2025,No,Point,38.974364080,-76.984140350,PGCOPD,01,16,02,No,8,02,08:24,2025,Friday,12,Motor Vehicle In Transport,05,On Roadway,3,Angled/Skewed,,,CHILLUM MANOR RD,01,05,Intersection or Related,01,Daylight,2/14/2025,2025-02-14,E,0,F,N,,,203B5523FB1B67E67D804C25E7429DFA70514B6D4DC07D1FD71A5D6899BB6612,MD,01,No,,,,,01,Dry,03,Stop - Partial,,,,,,
Property Damage Crashes,MSP76570080,Maryland State Police,"Sideswipe, Same Direction",Prince George's,Interstate,No,No,No,No,No,CAPITAL BELTWAY,95,INTERSTATE ROUTE,No,True,No,4/17/2025,No,Point,38.9269982,-76.853921317,MSP,07,16,03,No,17,,17:00,2025,Thursday,12,Motor Vehicle In Transport,05,On Roadway,1,,101,State,,,06,Non-Junction,01,Daylight,4/17/2025,2025-04-17,S,30.87,F,N,,,A94EB56B8623F153AC7876374997054CE289AABFDBB08E0FE7B7D1C6BF0D96E4,IS,01,No,,,,,01,Dry,,,,,,,,
Property Damage Crashes,MSP585801G7,Maryland State Police,Front to Rear,Prince George's,Interstate,No,No,No,No,No,CAPITAL BELTWAY (SB/L),95,INTERSTATE ROUTE,No,True,No,3/5/2025,No,Point,38.818792818,-76.912500151,MSP,03,16,03,No,17,,17:59,2025,Wednesday,12,Motor Vehicle In Transport,05,On Roadway,1,,,,,,09,Through Roadway,101,Dusk,3/5/2025,2025-03-05,W,17.71,F,N,,,C7DF53931DB790D42643C03ABF5C83A91A230D739497C926B7BD6890CA9E01DD,IS,01,No,,,,,09,Wet,,,,,,,,
Property Damage Crashes,DA4135006G,Prince George's County Police,"Sideswipe, Same Direction",Prince George's,Major Collector,No,No,No,No,No,MONTGOMERY RD,19,COUNTY ROAD,No,True,No,3/13/2025,No,Point,39.034775620,-76.921140061,PGCOPD,07,16,03,No,8,04,08:48,2025,Thursday,12,Motor Vehicle In Transport,05,On Roadway,5,Angled/Skewed,,,SELLMAN RD,01,05,Intersection or Related,01,Daylight,3/13/2025,2025-03-13,N,0,F,N,,,673B5A81236B599A58EB33A7A6A3E4459689E046000F063020EB509741DDA01B,CO,01,No,,,,,01,Dry,02,Stop - All Way,,,,,,
Property Damage Crashes,DA404800GR,Prince George's County Police,"Sideswipe, Same Direction",Prince George's,Principal Arterial – Other Freeways and Expressways,No,Yes,No,No,No,INDIAN HEAD HWY,210,MARYLAND ROUTE,No,True,No,1/6/2025,No,Point,38.769985365,-76.995065027,PGCOPD,07,16,03,No,0,,00:40,2025,Monday,12,Motor Vehicle In Transport,05,On Roadway,2,,,,,,06,Non-Junction,03,Dark - Lighted,1/6/2025,2025-01-06,W,8.65,F,N,,,152933856C0421B4D9391C92403F496EF8E7FA062665CBFBD2ED9DFA54982EFF,MD,01,No,32,Guardrail Face,06,"On Shoulder, Left Side",07,Snow,,,,,,,,
Property Damage Crashes,MSP585801H4,Maryland State Police,"Sideswipe, Same Direction",Prince George's,Principal Arterial – Other,No,No,No,No,No,LARGO RD,202,MARYLAND ROUTE,No,True,No,4/23/2025,No,Point,38.876276652,-76.802636305,MSP,07,16,03,No,20,,20:52,2025,Wednesday,12,Motor Vehicle In Transport,05,On Roadway,3,,,,,,09,Through Roadway,04,Dark - Not Lighted,4/23/2025,2025-04-23,E,38.19,F,N,,,0A36F90B9BBDF160C3911690C5BAD5FA7E3786EE05E5CA567EA2D4A9E7C93A6B,MD,01,No,,,,,01,Dry,,,,,,,,
Property Damage Crashes,DA40740081,Prince George's County Police,Unknown,Prince George's,Local,No,No,No,No,No,CADY DR,5109,COUNTY ROAD,No,True,No,4/21/2025,No,Point,38.759902795,-76.997211377,PGCOPD,99,16,03,No,20,,20:00,2025,Monday,12,Motor Vehicle In Transport,05,On Roadway,7,,,,,,06,Non-Junction,99,Unknown,4/21/2025,2025-04-21,N,11.36,F,N,,,75620E4BE2D506A5E7887341AD36D868EC397BB621500B1247D0B61CB0DAB116,CO,01,No,,,,,01,Dry,,,,,,,,
Injury Crashes,CE4850008P,Laurel Police Department,Single Vehicle,Prince George's,Principal Arterial – Other,No,No,No,Yes,No,WASHINGTON BLVD (SB/L),1,UNITED STATE ROUTE,No,True,No,4/30/2025,No,Point,39.098101639,-76.849580653,LAUREL,101,16,02,No,13,,13:32,2025,Wednesday,17,Pedestrian,05,On Roadway,3,,,,,,01,Acceleration/Deceleration Lane,01,Daylight,4/30/2025,2025-04-30,N,60.46,F,N,,,433BEBBF92C3F645E617496C348DB16517CA3319A8C8AE7B1D7823834B7248A5,US,01,No,,,,,01,Dry,,,,,,,,
Property Damage Crashes,DA43350044,Prince George's County Police,Front to Rear,Prince George's,Minor Collector,No,No,No,No,No,COUNTY RD,84,COUNTY ROAD,No,True,No,4/2/2025,No,Point,38.861970496,-76.898155768,PGCOPD,03,16,03,No,7,,07:00,2025,Wednesday,12,Motor Vehicle In Transport,05,On Roadway,6,,,,,,06,Non-Junction,01,Daylight,4/2/2025,2025-04-02,N,37.28,F,N,,,C65726073FC9FE9971A0FEA870D56D4B85D7F247DDA3950F2046B9F2D6F6C3C6,CO,01,No,,,,,01,Dry,,,,,,,,
Property Damage Crashes,DA306200DS,Prince George's County Police,Other,Prince George's,Major Collector,No,No,No,No,No,METZEROTT RD,230,COUNTY ROAD,No,True,No,6/5/2025,No,Point,39.002272618,-76.952484423,PGCOPD,98,16,03,No,16,,16:22,2025,Thursday,15,Parked Vehicle,05,On Roadway,5,,,,,,06,Non-Junction,01,Daylight,6/5/2025,2025-06-05,W,39.78,F,N,,,CAFA870F767EAF1E850AB22985A2046836EC5B864E6E701DB200B43B3CDAE178,CO,01,No,,,,,01,Dry,,,,,,,,
Property Damage Crashes,DA4359001B,Prince George's County Police,"Sideswipe, Same Direction",Prince George's,,No,No,No,No,No,CHERRY HILL RD (EB/L),14,COUNTY ROAD,No,True,No,1/8/2025,No,Point,39.043287467,-76.950676601,PGCOPD,07,16,03,No,15,,15:22,2025,Wednesday,12,Motor Vehicle In Transport,05,On Roadway,,,,,,,06,Non-Junction,01,Daylight,1/8/2025,2025-01-08,N,67.24,F,N,,,7D085ED63DC71BA31DBF684AD6E76D122907624947A4AF3D1CD1AA5946D874B2,CO,01,No,,,,,02,Ice/Frost,,,,,,,,
Property Damage Crashes,DA3726009X,Prince George's County Police,Rear To Side,Prince George's,,No,No,No,No,Yes,,,,No,True,No,2/3/2025,No,Point,38.946648452,-76.884034807,PGCOPD,05,16,03,,14,,14:20,2025,Monday,12,Motor Vehicle In Transport,04,"Off-Roadway, Location Unknown",,,,,,,,,01,Daylight,2/3/2025,2025-02-03,,,F,N,102,Parking Lot Way,,,01,No,,,,,,,,,,,,,,
Property Damage Crashes,DA38370027,Prince George's County Police,Front to Rear,Prince George's,,No,Yes,No,No,No,,1679,COUNTY ROAD,Yes,True,No,3/3/2025,No,Point,38.841749793,-76.885753212,PGCOPD,03,16,03,No,8,,08:10,2025,Monday,15,Parked Vehicle,05,On Roadway,,,,,,,06,Non-Junction,01,Daylight,3/3/2025,2025-03-03,S,50.69,F,N,,,9D0CCD3FB243B40DFB56E851084AD7303E7F1F1587B8E338A9092595AD47E81E,CO,02,"Yes, School Bus Directly Involved",,,,,01,Dry,,,,,,,,
Property Damage Crashes,DA43330045,Prince George's County Police,Unknown,Prince George's,Principal Arterial – Other,No,No,No,No,No,NEW HAMPSHIRE AVE,650,MARYLAND ROUTE,No,True,No,3/27/2025,No,Point,38.967697496,-77.000901778,PGCOPD,99,16,03,No,11,,11:00,2025,Thursday,12,Motor Vehicle In Transport,05,On Roadway,3,,,,,,06,Non-Junction,01,Daylight,3/27/2025,2025-03-27,S,22.42,F,N,,,5E7BA59169868771D76B176A2A9DB9DE704F1E28ADF2D8492245744F545EA021,MD,01,No,,,,,01,Dry,,,,,,,,
Property Damage Crashes,DA43040068,Prince George's County Police,Front to Rear,Prince George's,Minor Arterial,No,No,No,No,No,BELTSVILLE DR,3523,COUNTY ROAD,No,True,No,3/10/2025,No,Point,39.048517607,-76.938376985,PGCOPD,03,16,03,No,7,,07:42,2025,Monday,12,Motor Vehicle In Transport,05,On Roadway,4,,,,,,06,Non-Junction,01,Daylight,3/10/2025,2025-03-10,W,7.5,F,N,,,6953215588FE6E416C0B9709F9B660270C2278CA25608B8290670FB35B32230A,CO,01,No,,,,,01,Dry,,,,,,,,
Property Damage Crashes,DA43280038,Prince George's County Police,Front to Front,Prince George's,Major Collector,No,No,No,No,No,LIVINGSTON RD,1203,COUNTY ROAD,Yes,True,No,4/24/2025,No,Point,38.780266245,-76.997388499,PGCOPD,02,16,03,No,19,,19:57,2025,Thursday,12,Motor Vehicle In Transport,05,On Roadway,5,,,,KERBY HILL RD,,06,Non-Junction,01,Daylight,4/24/2025,2025-04-24,N,11.88,F,N,,,001C8E272A2FB5EE5AA913E0A91CD8C5F196AF3781C29674705E3CFB979DF381,CO,01,No,,,,,01,Dry,,,,,,,,
Injury Crashes,MSP7665009T,Maryland State Police,Front to Rear,Prince George's,Interstate,No,Yes,No,No,No,JOHN HANSON HWY (WB/L),595,INTERSTATE ROUTE,No,True,No,2/4/2025,No,Point,38.945355,-76.803753333,MSP,03,16,02,No,10,,10:02,2025,Tuesday,12,Motor Vehicle In Transport,05,On Roadway,1,,,,,,06,Non-Junction,01,Daylight,2/4/2025,2025-02-04,W,51.39,F,N,,,F81AEA17DB7249A120204C5CCB9D54CE72CCFA75B141E322A06665097893404A,IS,01,No,29,Embankment,09,Roadside,01,Dry,,,,,,,,
Property Damage Crashes,DA4302002T,Prince George's County Police,Front to Rear,Prince George's,Principal Arterial – Other,No,No,No,No,No,CENTRAL AVE (WB/L),214,MARYLAND ROUTE,No,True,No,3/24/2025,No,Point,38.897818877,-76.823249302,PGCOPD,03,16,03,No,17,,17:22,2025,Monday,12,Motor Vehicle In Transport,01,Gore,3,,,,,,06,Non-Junction,01,Daylight,3/24/2025,2025-03-24,N,494.1,F,N,,,55D87B774613677E5627B5EB3921026C52BEB205104CAD42772594A2438B73D0,MD,01,No,,,,,09,Wet,,,,,,,,
Property Damage Crashes,MSP546601RN,Maryland State Police,Front to Rear,Prince George's,Interstate,No,No,No,No,No,CAPITAL BELTWAY,95,INTERSTATE ROUTE,No,True,No,2/13/2025,No,Point,38.849503843,-76.860506094,MSP,03,16,03,Yes,7,,07:15,2025,Thursday,12,Motor Vehicle In Transport,05,On Roadway,1,,,,,,09,Through Roadway,01,Daylight,2/13/2025,2025-02-13,E,90.99,F,N,,,A59AFF5D136DF4820FBC8826C690671A9EF0F8EDFFD77560DDF389076379A2EC,IS,01,No,,,,,09,Wet,,,,,,,,
Property Damage Crashes,DA44230013,Prince George's County Police,"Sideswipe, Same Direction",Prince George's,Interstate,No,No,No,No,No,RAMP 8 FR IS 95 SB TO MD 202F WB,95,RAMP,No,True,No,4/5/2025,No,Point,38.907192668,-76.851025034,PGCOPD,07,16,03,Yes,9,,09:12,2025,Saturday,12,Motor Vehicle In Transport,05,On Roadway,1,,,,,,09,Through Roadway,01,Daylight,4/5/2025,2025-04-05,W,5.93,F,N,,,A01215887180BB900D3459411045005BEE0440844B203ADB4349F25C536A906E,RP,01,No,,,,,01,Dry,,,,,,,,
Property Damage Crashes,DA4114006W,Prince George's County Police,Single Vehicle,Prince George's,Principal Arterial – Other Freeways and Expressways,No,No,No,No,No,RAMP 9 FR RAMP 5 TO OLD BRANCH AVE,5,RAMP,No,True,No,3/2/2025,No,Point,38.806057415,-76.907577472,PGCOPD,101,16,03,Yes,3,,03:54,2025,Sunday,41,Utility Pole/Light Support,01,Gore,2,,,,,,99,Unknown,99,Unknown,3/2/2025,2025-03-02,E,13.1,F,N,,,6A478FFFDE46BFE6D1AEA93EFA9E057A643880E4A5E49F82EFFBF3E958E2F48B,RP,01,No,,,,,01,Dry,,,,,,,,
Property Damage Crashes,DA44210009,Prince George's County Police,Front to Front,Prince George's,Local,No,No,No,No,No,GRANDHAVEN AVE,6029,COUNTY ROAD,No,True,No,1/5/2025,No,Point,38.753808758,-76.783110463,PGCOPD,02,16,03,No,7,,07:32,2025,Sunday,12,Motor Vehicle In Transport,05,On Roadway,7,,,,,,06,Non-Junction,99,Unknown,1/5/2025,2025-01-05,W,6.66,F,N,,,D7A92C8049B374168148ED244CE95DD1F3693440E7C03AD3BB90EB3C8C244027,CO,01,No,,,,,01,Dry,,,,,,,,
Property Damage Crashes,DA3774008F,Prince George's County Police,Front to Rear,Prince George's,Major Collector,No,No,No,No,No,AUBURN AVE,299,COUNTY ROAD,No,True,No,2/15/2025,No,Point,38.964570918,-76.896656049,PGCOPD,03,16,03,No,15,,15:00,2025,Saturday,15,Parked Vehicle,02,In Parking Lane Or Zone,5,,,,,,09,Through Roadway,01,Daylight,2/15/2025,2025-02-15,S,51.08,F,N,,,47E6F279F86B902C28150F4195DBDB8B37B264A52700ABC15A65890809AFEFB7,CO,01,No,,,,,09,Wet,,,,,,,,