Crash Severity Description,Reportnumber,Agencyname,CollisionImpact Description,Crash County Description,FunctionalClass Description,ImpairedCrash,Large Vehicle Involved,Motorcycle Crash,Non-Motorist Crash,OffRoad,RoadName,Route Number,RouteType Description,Unrestrained Occupants,WithinDateRange,Work Zone Related,Crashdate,Work Zone Crash,CrashPoint,Latitude,Longitude,AgencyCode,CollisionImpact,Crash County,Crash Severity,Crash Within Interchange,Crashhour,CrashInterchangeApproaches,Crashtime,CrashYear,Dayofweek,FirstHarmEvent,FirstHarmEvent Description,FirstHarmLocation,FirstHarmLocation Description,FunctionalClass,Geometry Description,GovPropertyDamage,GovPropertyDamage Description,IntersectingRoadName,Intersection Geometry,JunctionRelated,JunctionRelated Description,Light,Light Description,LOD Crash Date,LOD Date Level,MilepointDirection,MilepointDistance,MilepointUnits,NonTrafficFatal,OffroadLocation,OffroadLocation Description,RoadID,RouteType,SchoolBusRelated,SchoolBusRelated Description,SecondHarmEvent,SecondHarmEvent Description,SecondHarmLocation,SecondHarmLocation Description,Surface,Surface Description,TrafficControl,Trafficcontrol Description,WZLawEnforcementPresent,WZLocation,WZLocation Description,WZType,WZType Description,WZWorkersPresent
Property Damage Crashes,DA43610020,Prince George's County Police,Front to Front,Prince George's,Local,No,No,No,No,No,DUNWOODY AVE,1443,COUNTY ROAD,No,True,No,4/19/2025,No,Point,38.810270189,-76.985249155,PGCOPD,02,16,03,No,0,,00:31,2025,Saturday,15,Parked Vehicle,05,On Roadway,7,,,,,,06,Non-Junction,04,Dark - Not Lighted,4/19/2025,2025-04-19,E,18.1,F,N,,,A73512FCA75E32C008DF7AC99CDDC22F69B7430616D3ED984ED7AAFFA5CBD128,CO,01,No,,,,,01,Dry,,,,,,,,
Injury Crashes,DA4431000Z,Prince George's County Police,Single Vehicle,Prince George's,Local,No,No,No,Yes,No,ROSEDALE PL,1321,COUNTY ROAD,No,True,No,3/29/2025,No,Point,38.963483622,-76.990756994,PGCOPD,101,16,02,No,15,,15:15,2025,Saturday,14,Other Non-Motorist,05,On Roadway,7,,,,,,06,Non-Junction,01,Daylight,3/29/2025,2025-03-29,N,33.73,F,N,,,46DF0F55861DCC0C5A1A44EF0A504798E112BFBCA4948BC17C99FEB9129E3023,CO,01,No,,,,,01,Dry,,,,,,,,
Property Damage Crashes,CBPD00980078,Bowie Police Department,Angle,Prince George's,,No,No,No,No,Yes,,,,No,True,No,2/25/2025,No,Point,38.952115485,-76.719132161,BOWIE,01,16,03,,11,,11:43,2025,Tuesday,12,Motor Vehicle In Transport,02,In Parking Lane Or Zone,,,,,,,,,01,Daylight,2/25/2025,2025-02-25,,,F,N,102,Parking Lot Way,,,01,No,,,,,,,,,,,,,,
Property Damage Crashes,DA4357002C,Prince George's County Police,Single Vehicle,Prince George's,,No,No,No,No,No,,2385,PRIVATE ROAD,No,True,No,1/8/2025,No,Point,38.764843374,-76.905002858,PGCOPD,101,16,03,No,4,,04:42,2025,Wednesday,35,"Other Fixed Object (wall, building, tunnel, etc.)",02,In Parking Lane Or Zone,,,,,,,06,Non-Junction,03,Dark - Lighted,1/8/2025,2025-01-08,N,53.48,F,N,,,267991E3B8FFCA36BB4B605628525BA57255B148A4762759E76D1F0BB1DD071B,PV,01,No,,,,,02,Ice/Frost,,,,,,,,
Property Damage Crashes,BW02140018,Greenbelt Police Department,"Sideswipe, Same Direction",Prince George's,,No,No,No,No,Yes,,,,No,True,No,2/23/2025,No,Point,39.001625938,-76.899324042,GREENBELT,07,16,03,,12,,12:15,2025,Sunday,15,Parked Vehicle,02,In Parking Lane Or Zone,,,,,,,,,99,Unknown,2/23/2025,2025-02-23,,,F,N,100,Parking Stall,,,01,No,,,,,,,,,,,,,,
Property Damage Crashes,DA4256005P,Prince George's County Police,Single Vehicle,Prince George's,,No,No,No,No,No,,974,COUNTY ROAD,No,True,No,1/1/2025,No,Point,38.819639309,-76.781635178,PGCOPD,101,16,03,No,6,,06:36,2025,Wednesday,27,Curb,09,Roadside,,,,,,,09,Through Roadway,01,Daylight,1/1/2025,2025-01-01,N,30.95,F,N,,,32FA44FDCB0662566EA4D08488030DE7BFF3798EB464948C96EEC93E1CFE4B59,CO,01,No,,,,,01,Dry,,,,,,,,
Property Damage Crashes,DA4008008B,Prince George's County Police,Angle,Prince George's,Local,No,No,No,No,No,HOWARD RD,1921,COUNTY ROAD,No,True,No,4/9/2025,No,Point,39.038013304,-76.921253607,PGCOPD,01,16,03,No,11,,11:25,2025,Wednesday,12,Motor Vehicle In Transport,05,On Roadway,7,,,,,,06,Non-Junction,01,Daylight,4/9/2025,2025-04-09,N,151.13,F,N,,,1A0D6E5A5F40347F418DD37455D585E25AEB1F3F71E488EE489F49291F7631A2,CO,01,No,,,,,01,Dry,,,,,,,,
Property Damage Crashes,AZ17470011,Cheverly Police Department,Rear To Side,Prince George's,,No,No,No,No,Yes,,,,No,True,No,5/23/2025,No,Point,38.934070766,-76.915939486,CHEVERLY,05,16,03,,10,,10:22,2025,Friday,15,Parked Vehicle,02,In Parking Lane Or Zone,,,,,,,,,01,Daylight,5/23/2025,2025-05-23,,,F,N,100,Parking Stall,,,01,No,,,,,,,,,,,,,,
Property Damage Crashes,BW0178004K,Greenbelt Police Department,Single Vehicle,Prince George's,,No,No,No,No,Yes,,,,No,True,No,3/16/2025,No,Point,39.010621459,-76.891307907,GREENBELT,101,16,03,,2,,02:55,2025,Sunday,07,Overturn/Rollover,04,"Off-Roadway, Location Unknown",,,,,,,,,04,Dark - Not Lighted,3/16/2025,2025-03-16,,,F,N,105,Dirt Road/Trail,,,01,No,,,,,,,,,,,,,,
Property Damage Crashes,DA4256005T,Prince George's County Police,Single Vehicle,Prince George's,Minor Arterial,No,No,No,No,No,HARRY S TRUMAN DR (SB/L),3465,COUNTY ROAD,No,True,No,2/8/2025,No,Point,38.889929528,-76.837391925,PGCOPD,101,16,03,No,2,,02:08,2025,Saturday,36,"Other Post, Pole, Or Support",04,"Off-Roadway, Location Unknown",4,,,,,,06,Non-Junction,03,Dark - Lighted,2/8/2025,2025-02-08,N,57.96,F,N,,,2DDDCA495A94E54915454E1D774160B99DC55062153EF97F7ACEF0AA3CBCBEE0,CO,01,No,,,,,01,Dry,,,,,,,,
Property Damage Crashes,DA4083006N,Prince George's County Police,Other,Prince George's,Local,No,No,No,No,No,RED OAK DR,1529,COUNTY ROAD,No,True,No,1/19/2025,No,Point,38.998156296,-76.974382142,PGCOPD,98,16,03,No,23,,23:17,2025,Sunday,15,Parked Vehicle,05,On Roadway,7,,,,,,06,Non-Junction,03,Dark - Lighted,1/19/2025,2025-01-19,N,44.77,F,N,,,3668567F7954FB77F05C5E37D0A828D46875EF3138390D460B8AC3B4A89BA1F3,CO,01,No,,,,,07,Snow,,,,,,,,
Property Damage Crashes,BP94190020,Forest Heights Police Department,Single Vehicle,Prince George's,Local,No,No,No,No,No,BALD EAGLE RD,210,MARYLAND ROUTE,No,True,No,5/4/2025,No,Point,38.806190051,-76.998849532,FORESTHEIGHTS,101,16,03,Yes,22,,22:55,2025,Sunday,13,Other Non-Fixed Object,05,On Roadway,7,,,,,,09,Through Roadway,03,Dark - Lighted,5/4/2025,2025-05-04,S,12.4,F,N,,,E952B03121B2FFD5A9B17D2DA3CA20B9D3BA67E0C71D3D88A3D9D4B40E924AE3,MD,01,No,31,Guardrail End Terminal,01,Gore,01,Dry,,,,,,,,
Property Damage Crashes,CNC3160008V,New Carrollton Police Department,Front to Rear,Prince George's,,No,No,No,No,Yes,,,,No,True,No,1/17/2025,No,Point,38.953348889,-76.870013082,NCPD,03,16,03,,23,,23:45,2025,Friday,15,Parked Vehicle,02,In Parking Lane Or Zone,,,,,,,,,03,Dark - Lighted,1/17/2025,2025-01-17,,,F,N,102,Parking Lot Way,,,01,No,,,,,,,,,,,,,,
Property Damage Crashes,DA27140027,Prince George's County Police,Single Vehicle,Prince George's,,No,No,No,No,No,OLD GUNPOWDER RD (NB/L),2,COUNTY ROAD,No,True,No,4/26/2025,No,Point,39.062457194,-76.9216367,PGCOPD,101,16,03,No,3,03,03:00,2025,Saturday,25,Concrete Traffic Barrier,03,Median,,Angled/Skewed,,,BRIGGS CHANEY RD,01,05,Intersection or Related,03,Dark - Lighted,4/26/2025,2025-04-26,E,0,F,N,,,8EC7AB58B016E9472DEAE0D711E8184848AA9C5612FFCB3DB9869882DC618761,CO,01,No,25,Concrete Traffic Barrier,09,Roadside,09,Wet,01,Signalized,,,,,,
Property Damage Crashes,DA416800CH,Prince George's County Police,Single Vehicle,Prince George's,,No,No,No,No,Yes,,,,No,True,No,5/11/2025,No,Point,38.805229440,-76.974693248,PGCOPD,101,16,03,,18,,18:14,2025,Sunday,35,"Other Fixed Object (wall, building, tunnel, etc.)",02,In Parking Lane Or Zone,,,,,,,,,01,Daylight,5/11/2025,2025-05-11,,,F,N,102,Parking Lot Way,,,01,No,,,,,,,,,,,,,,
Property Damage Crashes,BW02020032,Greenbelt Police Department,Front to Front,Prince George's,,No,No,No,No,Yes,,,,No,True,No,3/2/2025,No,Point,38.988973406,-76.882296685,GREENBELT,02,16,03,,14,,14:20,2025,Sunday,15,Parked Vehicle,02,In Parking Lane Or Zone,,,,,,,,,99,Unknown,3/2/2025,2025-03-02,,,F,N,101,Parking Aisle,,,01,No,,,,,,,,,,,,,,
Property Damage Crashes,DA33760025,Prince George's County Police,Single Vehicle,Prince George's,Principal Arterial – Other,No,No,No,No,No,UNIVERSITY BLVD (WB/L),193,MARYLAND ROUTE,No,True,No,5/16/2025,No,Point,38.985686805,-76.957679222,PGCOPD,101,16,03,No,1,,01:50,2025,Friday,07,Overturn/Rollover,99,Unknown,3,,,,CAMPUS DR (WB/L),,06,Non-Junction,03,Dark - Lighted,5/16/2025,2025-05-16,S,21.79,F,N,,,97A8817C44CED592BD8FFC5CDF39034EEE732449E354F334C41C4CE0C8F63A08,MD,01,No,,,,,01,Dry,,,,,,,,
Injury Crashes,CE4447006T,Laurel Police Department,Single Vehicle,Prince George's,Local,No,No,No,Yes,No,GREENVIEW RD,175,MUNICIPAL ROAD,No,True,No,4/15/2025,No,Point,39.086551922,-76.844634896,LAUREL,101,16,02,No,17,,17:13,2025,Tuesday,16,Pedalcycle,02,In Parking Lane Or Zone,7,,,,,,06,Non-Junction,01,Daylight,4/15/2025,2025-04-15,N,51.98,F,N,,,BE95A053C01FCB61B8946A85BBB82DF98BA530F110FE8AA80EF300022E956E91,MU,01,No,,,,,01,Dry,,,,,,,,
Property Damage Crashes,MSP78750044,Maryland State Police,Single Vehicle,Prince George's,Interstate,No,No,No,No,No,CAPITAL BELTWAY (SB/L),95,INTERSTATE ROUTE,No,True,No,5/11/2025,No,Point,38.834101667,-76.871176667,MSP,101,16,03,No,3,,03:35,2025,Sunday,05,Jackknife,05,On Roadway,1,,,,,,06,Non-Junction,03,Dark - Lighted,5/11/2025,2025-05-11,E,45.77,F,N,,,FD4B3A86FBA6361849C678677CAE25D96AC0B7C6A46823E3315ABE3962012061,IS,01,No,,,,,01,Dry,,,,,,,,
Property Damage Crashes,DA4421001D,Prince George's County Police,Single Vehicle,Prince George's,Minor Collector,No,No,No,No,No,CEDARVILLE RD,185,COUNTY ROAD,No,True,No,3/16/2025,No,Point,38.660967887,-76.830910460,PGCOPD,101,16,03,No,7,,07:00,2025,Sunday,40,Tree (standing),05,On Roadway,6,,,,,,09,Through Roadway,01,Daylight,3/16/2025,2025-03-16,E,223.99,F,N,,,00E3C6EEDC88DD7647C68502BA89B6BF4BB5ADF6349A2646BCA5FA4EE1AA0839,CO,01,No,,,,,01,Dry,,,,,,,,
Property Damage Crashes,DA43730020,Prince George's County Police,Single Vehicle,Prince George's,Minor Arterial,No,No,No,No,No,ALLENTOWN RD,126,COUNTY ROAD,No,True,No,1/17/2025,No,Point,38.783044867,-76.942521321,PGCOPD,101,16,03,No,3,,03:00,2025,Friday,36,"Other Post, Pole, Or Support",05,On Roadway,4,,,,,,09,Through Roadway,03,Dark - Lighted,1/17/2025,2025-01-17,N,25.96,F,N,,,1515621E6F7A25D91A16A3E2F3A960EC105F47201FA773760CFB8F6AF074B27A,CO,01,No,,,,,02,Ice/Frost,,,,,,,,
Property Damage Crashes,RD0124005F,Riverdale Park Police Department,Single Vehicle,Prince George's,,No,Yes,No,No,No,GOOD LUCK RD (WB/L),42,COUNTY ROAD,No,True,No,5/13/2025,No,Point,38.971896377,-76.906981823,RIVERDALE,101,16,03,No,21,,21:43,2025,Tuesday,29,Embankment,09,Roadside,,,,,,,09,Through Roadway,03,Dark - Lighted,5/13/2025,2025-05-13,N,29.92,F,N,,,B74949310DF20D75C5B70E00283919F1D521F8B5C38CC718B523E3FF66059F39,CO,01,No,,,,,09,Wet,,,,,,,,
Property Damage Crashes,DA384000J9,Prince George's County Police,Single Vehicle,Prince George's,Local,No,No,No,No,No,LIVINGSTON RD,4524,COUNTY ROAD,No,True,No,3/13/2025,No,Point,38.756969297,-76.997323096,PGCOPD,101,16,03,No,3,,03:12,2025,Thursday,07,Overturn/Rollover,07,"On Shoulder, Right Side",7,,,,,,06,Non-Junction,03,Dark - Lighted,3/13/2025,2025-03-13,W,42.47,F,N,,,4D11D8578B31C281FC86D17A5CA8505F5F0CA318E8D2D8FB78FF6CB4D4283EA2,CO,01,No,,,,,01,Dry,,,,,,,,
Property Damage Crashes,DA4276007V,Prince George's County Police,Single Vehicle,Prince George's,Local,No,No,No,Yes,No,FARMINGDALE AVE,234,COUNTY ROAD,No,True,No,5/26/2025,No,Point,38.910802712,-76.916980941,PGCOPD,101,16,03,No,7,,07:30,2025,Monday,35,"Other Fixed Object (wall, building, tunnel, etc.)",99,Unknown,7,,,,EARLY OAKS LA,,06,Non-Junction,01,Daylight,5/26/2025,2025-05-26,W,47.16,F,N,,,459B3D60A56426585EEC1F0D3218B9928DEB198BBE11D1B9A990C565B5EAA4AD,CO,01,No,,,,,01,Dry,,,,,,,,
Property Damage Crashes,CBPD0115003T,Bowie Police Department,Unknown,Prince George's,,No,No,No,No,Yes,,,,No,True,No,5/23/2025,No,Point,38.936205678,-76.719408351,BOWIE,99,16,03,,13,,13:18,2025,Friday,12,Motor Vehicle In Transport,02,In Parking Lane Or Zone,,,,,,,,,01,Daylight,5/23/2025,2025-05-23,,,F,N,100,Parking Stall,,,01,No,,,,,,,,,,,,,,
Property Damage Crashes,DA44000013,Prince George's County Police,Front to Rear,Prince George's,Major Collector,No,No,No,No,No,23RD PKWY (SB/L),1084,COUNTY ROAD,No,True,No,3/22/2025,No,Point,38.830021459,-76.956953450,PGCOPD,03,16,03,No,6,,06:25,2025,Saturday,15,Parked Vehicle,07,"On Shoulder, Right Side",5,,,,,,09,Through Roadway,03,Dark - Lighted,3/22/2025,2025-03-22,N,84.63,F,N,,,EB753EEF9EB29DE9D5BD785189DF6691ED1AF89F436D3E52AD997A09720311F8,CO,01,No,,,,,01,Dry,,,,,,,,
Property Damage Crashes,DA43800038,Prince George's County Police,Single Vehicle,Prince George's,Major Collector,No,No,No,No,No,BERRY RD,724,COUNTY ROAD,No,True,No,4/18/2025,No,Point,38.688242957,-76.981188053,PGCOPD,101,16,03,No,1,,01:08,2025,Friday,03,Explosion Or Fire,05,On Roadway,5,,,,,,01,Acceleration/Deceleration Lane,03,Dark - Lighted,4/18/2025,2025-04-18,S,26.99,F,N,,,A770DF4E6B40F0D45C8AC2106A9D539D4D33678E283E113278D4B253BE3F854A,CO,01,No,,,,,01,Dry,,,,,,,,
Property Damage Crashes,DA43730029,Prince George's County Police,"Sideswipe, Opposite Direction",Prince George's,Local,No,Yes,No,No,No,BEECH PL,4120,COUNTY ROAD,No,True,No,3/9/2025,No,Point,38.820715779,-76.9380314,PGCOPD,06,16,03,No,0,,00:15,2025,Sunday,15,Parked Vehicle,05,On Roadway,7,,,,,,09,Through Roadway,03,Dark - Lighted,3/9/2025,2025-03-09,S,11.94,F,N,,,01C5414759CB97F33A8D0264CFECF2BC7688ED838DDDDC89E223EEB2083D3486,CO,01,No,,,,,01,Dry,,,,,,,,
Property Damage Crashes,DA44050012,Prince George's County Police,Unknown,Prince George's,Local,No,No,No,No,No,MARLBORO AVE,335,COUNTY ROAD,No,True,No,3/16/2025,No,Point,38.918372,-76.885067,PGCOPD,99,16,03,No,8,,08:40,2025,Sunday,15,Parked Vehicle,05,On Roadway,7,,,,,,06,Non-Junction,99,Unknown,3/16/2025,2025-03-16,S,35.34,F,N,,,9559C40B5CAAB2E81C3F2264A7C0B87B207FDEDF9AC7534C47123F1CFDC6954F,CO,01,No,,,,,99,Unknown,,,,,,,,
Property Damage Crashes,GB10350004,Edmonston Police Department,Single Vehicle,Prince George's,Local,No,No,No,No,No,QUINCY ST,769,MARYLAND ROUTE,No,True,No,3/21/2025,No,Point,38.936879515,-76.931069882,EDMONSTON,101,16,03,No,13,,13:23,2025,Friday,38,Traffic Sign Support,10,Separator/Traffic Island,7,,,,QUINCY ST,,01,Acceleration/Deceleration Lane,01,Daylight,3/21/2025,2025-03-21,W,54.96,F,N,,,1264BCFC18C7E5842DBDEA1B0A239C240E3F4561D6061E75ACB8F9BE3525153D,MD,01,No,,,,,01,Dry,,,,,,,,
Property Damage Crashes,DA43690022,Prince George's County Police,Single Vehicle,Prince George's,Local,No,No,No,No,No,VALLEYTRAIL LA,5734,COUNTY ROAD,No,True,No,2/18/2025,No,Point,38.901839973,-76.860050830,PGCOPD,101,16,03,No,22,,22:00,2025,Tuesday,40,Tree (standing),05,On Roadway,7,,,,,,06,Non-Junction,04,Dark - Not Lighted,2/18/2025,2025-02-18,N,49.08,F,N,,,74000771D816E872EF6BB2CAFD86A6E50B4DC0CC7E454134ED32DDB019AB843B,CO,01,No,,,,,01,Dry,,,,,,,,
Property Damage Crashes,DA4412000D,Prince George's County Police,"Sideswipe, Same Direction",Prince George's,,No,No,No,No,Yes,,,,No,True,No,2/24/2025,No,Point,38.832780279,-76.945172381,PGCOPD,07,16,03,,11,,11:55,2025,Monday,12,Motor Vehicle In Transport,02,In Parking Lane Or Zone,,,,,,,,,01,Daylight,2/24/2025,2025-02-24,,,F,N,102,Parking Lot Way,,,01,No,,,,,,,,,,,,,,
Property Damage Crashes,DA44330003,Prince George's County Police,Front to Rear,Prince George's,,No,No,No,No,No,,6980,COUNTY ROAD,No,True,No,5/18/2025,No,Point,38.953413703,-76.799402125,PGCOPD,03,16,03,No,9,,09:29,2025,Sunday,15,Parked Vehicle,02,In Parking Lane Or Zone,,,,,,,06,Non-Junction,01,Daylight,5/18/2025,2025-05-18,W,29.84,F,N,,,A6D4434C01E9073ACDCC1F29F722BFF3E28CB51423AF70A5EE080A54C1702F34,CO,01,No,,,,,01,Dry,,,,,,,,
Property Damage Crashes,DA4256005X,Prince George's County Police,Single Vehicle,Prince George's,Local,No,No,No,No,No,LENOX DR,4597,COUNTY ROAD,No,True,No,3/4/2025,No,Point,38.876736493,-76.808545157,PGCOPD,101,16,03,No,9,,09:16,2025,Tuesday,40,Tree (standing),04,"Off-Roadway, Location Unknown",7,,,,,,99,Unknown,01,Daylight,3/4/2025,2025-03-04,N,21.66,F,N,,,339F28186B203A47ED987360E2D784B273811361C89FFC9DFB30CA8E87280AB9,CO,01,No,,,,,01,Dry,,,,,,,,
Property Damage Crashes,CE49430070,Laurel Police Department,Angle,Prince George's,,No,No,No,No,Yes,,,,No,True,No,5/3/2025,No,Point,39.094188852,-76.877269524,LAUREL,01,16,03,,12,,12:36,2025,Saturday,15,Parked Vehicle,04,"Off-Roadway, Location Unknown",,,,,,,,,01,Daylight,5/3/2025,2025-05-03,,,F,N,100,Parking Stall,,,01,No,,,,,,,,,,,,,,
Property Damage Crashes,DA4394001Q,Prince George's County Police,Single Vehicle,Prince George's,Principal Arterial – Other,No,No,No,No,No,,1,UNITED STATE ROUTE,No,True,No,6/2/2025,No,Point,39.087781698,-76.860103324,PGCOPD,101,16,03,No,19,,19:00,2025,Monday,35,"Other Fixed Object (wall, building, tunnel, etc.)",02,In Parking Lane Or Zone,3,,,,,,06,Non-Junction,01,Daylight,6/2/2025,2025-06-02,S,14.24,F,N,,,8FF7795A6E22DF595C2CC269086D683A2FBFEC718F60557B47021FFDCF640777,US,01,No,,,,,01,Dry,,,,,,,,
Property Damage Crashes,DA4309002Q,Prince George's County Police,Single Vehicle,Prince George's,Major Collector,No,No,No,No,No,WOODMORE RD (WB/L),111,COUNTY ROAD,No,True,No,2/16/2025,No,Point,38.927336787,-76.778430529,PGCOPD,101,16,03,No,7,,07:00,2025,Sunday,27,Curb,03,Median,5,,,,,,04,Entrance/Exit Ramp or Related,01,Daylight,2/16/2025,2025-02-16,N,45.48,F,N,,,7F1BC28CA13D5CC3C0B52B73444C64016F29DDC22DD545B475CBDB242369E84C,CO,01,No,,,,,09,Wet,,,,,,,,
Property Damage Crashes,DA32960024,Prince George's County Police,Front to Front,Prince George's,Local,No,No,No,No,No,DECATUR PL,906,COUNTY ROAD,No,True,No,5/5/2025,No,Point,38.950695132,-76.899549494,PGCOPD,02,16,03,No,1,,01:50,2025,Monday,12,Motor Vehicle In Transport,05,On Roadway,7,,,,,,06,Non-Junction,04,Dark - Not Lighted,5/5/2025,2025-05-05,S,2.99,F,N,,,090D758B0ED7E7B4FB22F7F7F9A3551CB045DB2A3D970F29C402EEF1D8189FD8,CO,01,No,,,,,01,Dry,,,,,,,,
Property Damage Crashes,CE43380070,Laurel Police Department,Single Vehicle,Prince George's,,No,No,No,No,No,LITTLE MONTGOMERY ST,251,LOCAL ROAD,No,True,No,4/7/2025,No,Point,39.101683662,-76.844228316,LAUREL,101,16,03,No,20,,20:45,2025,Monday,30,Fence,09,Roadside,,,,,,,03,Driveway Access or Related,03,Dark - Lighted,4/7/2025,2025-04-07,S,38.53,F,N,,,92CAEBBFE0F14CB8EC8BB9B83826993EE3FE162450997FFF4CBFDA2EA0A2F7E6,LL,01,No,,,,,01,Dry,,,,,,,,
Property Damage Crashes,DA4138005X,Prince George's County Police,Single Vehicle,Prince George's,Local,No,No,No,No,No,GRENADA AVE,1060,COUNTY ROAD,No,True,No,3/24/2025,No,Point,38.793996600,-76.990879822,PGCOPD,101,16,03,No,15,,15:59,2025,Monday,30,Fence,99,Unknown,7,,,,,,06,Non-Junction,01,Daylight,3/24/2025,2025-03-24,N,41.16,F,N,,,BF63CD335346B5C0C924C7692C2C6E1872BD09E211B801973B5D07D9B75051F9,CO,01,No,,,,,01,Dry,,,,,,,,
Property Damage Crashes,DA42280058,Prince George's County Police,"Sideswipe, Opposite Direction",Prince George's,Local,No,No,No,No,No,EDWARDS ST,1327,COUNTY ROAD,No,True,No,2/15/2025,No,Point,38.935632314,-76.851889230,PGCOPD,06,16,03,No,0,,00:10,2025,Saturday,15,Parked Vehicle,04,"Off-Roadway, Location Unknown",7,,,,,,06,Non-Junction,03,Dark - Lighted,2/15/2025,2025-02-15,S,21.54,F,N,,,C032E8C8EAEC6DB47685EAD91209EFA0919A84EAAD074FFBE5C029FA32CFD707,CO,01,No,,,,,01,Dry,,,,,,,,
Property Damage Crashes,ZP0375000B,Prince George's County Sheriff's Office,Single Vehicle,Prince George's,,No,Yes,No,No,Yes,,,,No,True,No,1/21/2025,No,Point,38.815847295,-76.749938638,PGCOSHERIFF,101,16,03,,10,,10:30,2025,Tuesday,35,"Other Fixed Object (wall, building, tunnel, etc.)",02,In Parking Lane Or Zone,,,100,Local,,,,,99,Unknown,1/21/2025,2025-01-21,,,F,N,100,Parking Stall,,,01,No,,,,,,,,,,,,,,
Property Damage Crashes,DA42810064,Prince George's County Police,Front to Front,Prince George's,,No,No,No,No,Yes,,,,No,True,No,2/2/2025,No,Point,38.911186756,-76.922364186,PGCOPD,02,16,03,,13,,13:40,2025,Sunday,15,Parked Vehicle,04,"Off-Roadway, Location Unknown",,,,,,,,,01,Daylight,2/2/2025,2025-02-02,,,F,N,102,Parking Lot Way,,,01,No,,,,,,,,,,,,,,
Property Damage Crashes,DA4368001Z,Prince George's County Police,Single Vehicle,Prince George's,Minor Arterial,No,No,No,No,No,SUITLAND RD,81,COUNTY ROAD,No,True,No,5/10/2025,No,Point,38.821660228,-76.887048421,PGCOPD,101,16,03,No,0,,00:09,2025,Saturday,13,Other Non-Fixed Object,99,Unknown,4,,,,,,99,Unknown,04,Dark - Not Lighted,5/10/2025,2025-05-10,S,27.14,F,N,,,7AE03FF6F7EE1451CD256F42134625771E0E804370DBCE17088A34F8B8BD1334,CO,01,No,,,,,01,Dry,,,,,,,,
Property Damage Crashes,DA4257004B,Prince George's County Police,Single Vehicle,Prince George's,Major Collector,No,No,No,No,No,SELLMAN RD (EB/L),6701,COUNTY ROAD,No,True,No,1/11/2025,No,Point,39.034013910,-76.936831854,PGCOPD,101,16,03,No,23,,23:50,2025,Saturday,27,Curb,09,Roadside,5,,,,,,06,Non-Junction,03,Dark - Lighted,1/11/2025,2025-01-11,S,11.3,F,N,,,55F4ACB40936CAFD14F764ECB2A37FFB4DA4DC760ACD764E6D95E8FCCE23834D,CO,01,No,,,,,01,Dry,,,,,,,,
Property Damage Crashes,DA3315004Q,Prince George's County Police,Front to Front,Prince George's,,No,No,No,No,Yes,,,,No,True,No,4/8/2025,No,Point,39.064086168,-76.837630632,PGCOPD,02,16,03,,10,,10:31,2025,Tuesday,12,Motor Vehicle In Transport,02,In Parking Lane Or Zone,,,,,,,,,01,Daylight,4/8/2025,2025-04-08,,,F,N,102,Parking Lot Way,,,01,No,,,,,,,,,,,,,,
Property Damage Crashes,DA41300088,Prince George's County Police,Single Vehicle,Prince George's,Local,No,No,No,No,No,NEW ASCOT LA,6093,COUNTY ROAD,No,True,No,5/18/2025,No,Point,38.765128413,-76.871133470,PGCOPD,101,16,03,No,3,,03:11,2025,Sunday,27,Curb,01,Gore,7,,,,,,10,"Other Location Not Listed Above Within an Interchange Area (median,
shoulder and roadside)",03,Dark - Lighted,5/18/2025,2025-05-18,N,8.7,F,N,,,560A3787373C85D92F68058EAE681FA9C8FCE8BBF1C0F226BDACBC44391CB575,CO,01,No,36,"Other Post, Pole, Or Support",04,"Off-Roadway, Location Unknown",01,Dry,,,,,,,,
Property Damage Crashes,BW0217000J,Greenbelt Police Department,Front to Front,Prince George's,,No,No,No,No,Yes,,,,No,True,No,1/29/2025,No,Point,39.004293122,-76.901635627,GREENBELT,02,16,03,,7,,07:36,2025,Wednesday,12,Motor Vehicle In Transport,02,In Parking Lane Or Zone,,,,,,,,,99,Unknown,1/29/2025,2025-01-29,,,F,N,100,Parking Stall,,,01,No,,,,,,,,,,,,,,
Property Damage Crashes,DA4411000T,Prince George's County Police,Single Vehicle,Prince George's,Major Collector,No,No,No,No,No,LAKE ARBOR WAY,3460,COUNTY ROAD,No,True,No,4/26/2025,No,Point,38.906911964,-76.825414513,PGCOPD,101,16,03,No,6,,06:00,2025,Saturday,27,Curb,09,Roadside,5,,,,,,01,Acceleration/Deceleration Lane,03,Dark - Lighted,4/26/2025,2025-04-26,W,20.84,F,N,,,7A9A8C7D0282B25BCBE13CCE919ABB75ECDA5590B362BF8F9C1A51FF3656CC65,CO,01,No,,,,,01,Dry,,,,,,,,
Property Damage Crashes,DA4425000C,Prince George's County Police,Single Vehicle,Prince George's,,No,No,No,No,No,,1731,PRIVATE ROAD,No,True,No,4/4/2025,No,Point,38.903748758,-76.874187339,PGCOPD,101,16,03,No,1,,01:50,2025,Friday,36,"Other Post, Pole, Or Support",05,On Roadway,,,100,Local,,,99,Unknown,03,Dark - Lighted,4/4/2025,2025-04-04,N,24.75,F,N,,,E667C3979B5BA7DC989787458707190B0866F1BBB18D7025D30FB0A1C895F979,PV,01,No,,,,,01,Dry,,,,,,,,